word_node,verse_node,clause_node,book,chapter,verse,lexeme,part_of_speech,nametype,candidate_group,scope
176818,1423057,461291,1 Kings,1,34,ישראל,nmpr,"pers,gens,topo",F:unclassified-name,Other Tanakh
176828,1423057,461294,1 Kings,1,34,מלך,subs,,B:deity-candidate,Other Tanakh
176829,1423057,461294,1 Kings,1,34,שלמה,nmpr,pers,A:person-candidate,Other Tanakh
176841,1423058,461298,1 Kings,1,35,מלך,verb,,B:deity-candidate,Other Tanakh
176850,1423058,461300,1 Kings,1,35,ישראל,nmpr,"pers,gens,topo",F:unclassified-name,Other Tanakh
176853,1423058,461300,1 Kings,1,35,יהודה,nmpr,"pers,gens,topo",F:unclassified-name,Other Tanakh
176856,1423059,461301,1 Kings,1,36,בניהו,nmpr,pers,A:person-candidate,Other Tanakh
176858,1423059,461301,1 Kings,1,36,יהוידע,nmpr,pers,A:person-candidate,Other Tanakh
176861,1423059,461301,1 Kings,1,36,מלך,subs,,B:deity-candidate,Other Tanakh
176867,1423059,461304,1 Kings,1,36,יהוה,nmpr,pers,E:YHWH,Other Tanakh
176868,1423059,461304,1 Kings,1,36,אלהים,subs,,D:Elohim,Other Tanakh
176871,1423059,461304,1 Kings,1,36,מלך,subs,,B:deity-candidate,Other Tanakh
176875,1423060,461305,1 Kings,1,37,יהוה,nmpr,pers,E:YHWH,Other Tanakh
176879,1423060,461305,1 Kings,1,37,מלך,subs,,B:deity-candidate,Other Tanakh
176883,1423060,461306,1 Kings,1,37,שלמה,nmpr,pers,A:person-candidate,Other Tanakh
176892,1423060,461307,1 Kings,1,37,מלך,subs,,B:deity-candidate,Other Tanakh
176893,1423060,461307,1 Kings,1,37,דוד,nmpr,pers,A:person-candidate,Other Tanakh
176896,1423061,461308,1 Kings,1,38,צדוק,nmpr,pers,A:person-candidate,Other Tanakh
176900,1423061,461308,1 Kings,1,38,נתן,nmpr,pers,A:person-candidate,Other Tanakh
176904,1423061,461308,1 Kings,1,38,בניהו,nmpr,pers,A:person-candidate,Other Tanakh
176906,1423061,461308,1 Kings,1,38,יהוידע,nmpr,pers,A:person-candidate,Other Tanakh
176916,1423061,461309,1 Kings,1,38,שלמה,nmpr,pers,A:person-candidate,Other Tanakh
176920,1423061,461309,1 Kings,1,38,מלך,subs,,B:deity-candidate,Other Tanakh
176921,1423061,461309,1 Kings,1,38,דוד,nmpr,pers,A:person-candidate,Other Tanakh
176926,1423061,461310,1 Kings,1,38,גיחון,nmpr,topo,F:unclassified-name,Other Tanakh
176929,1423062,461311,1 Kings,1,39,צדוק,nmpr,pers,A:person-candidate,Other Tanakh
176942,1423062,461312,1 Kings,1,39,שלמה,nmpr,pers,A:person-candidate,Other Tanakh
176955,1423062,461315,1 Kings,1,39,מלך,subs,,B:deity-candidate,Other Tanakh
176956,1423062,461315,1 Kings,1,39,שלמה,nmpr,pers,A:person-candidate,Other Tanakh
176981,1423064,461320,1 Kings,1,41,אדניהו,nmpr,pers,A:person-candidate,Other Tanakh
176995,1423064,461324,1 Kings,1,41,יואב,nmpr,pers,A:person-candidate,Other Tanakh
177011,1423065,461328,1 Kings,1,42,יונתן,nmpr,pers,A:person-candidate,Other Tanakh
177013,1423065,461328,1 Kings,1,42,אביתר,nmpr,pers,A:person-candidate,Other Tanakh
177019,1423065,461329,1 Kings,1,42,אדניהו,nmpr,pers,A:person-candidate,Other Tanakh
177030,1423066,461333,1 Kings,1,43,יונתן,nmpr,pers,A:person-candidate,Other Tanakh
177034,1423066,461334,1 Kings,1,43,אדניהו,nmpr,pers,A:person-candidate,Other Tanakh
177038,1423066,461336,1 Kings,1,43,מלך,subs,,B:deity-candidate,Other Tanakh
177039,1423066,461336,1 Kings,1,43,דוד,nmpr,pers,A:person-candidate,Other Tanakh
177040,1423066,461336,1 Kings,1,43,מלך,verb,,B:deity-candidate,Other Tanakh
177042,1423066,461336,1 Kings,1,43,שלמה,nmpr,pers,A:person-candidate,Other Tanakh
177047,1423067,461337,1 Kings,1,44,מלך,subs,,B:deity-candidate,Other Tanakh
177049,1423067,461337,1 Kings,1,44,צדוק,nmpr,pers,A:person-candidate,Other Tanakh
177054,1423067,461337,1 Kings,1,44,נתן,nmpr,pers,A:person-candidate,Other Tanakh
177058,1423067,461337,1 Kings,1,44,בניהו,nmpr,pers,A:person-candidate,Other Tanakh
177060,1423067,461337,1 Kings,1,44,יהוידע,nmpr,pers,A:person-candidate,Other Tanakh
177073,1423067,461338,1 Kings,1,44,מלך,subs,,B:deity-candidate,Other Tanakh
177077,1423068,461339,1 Kings,1,45,צדוק,nmpr,pers,A:person-candidate,Other Tanakh
177081,1423068,461339,1 Kings,1,45,נתן,nmpr,pers,A:person-candidate,Other Tanakh
177085,1423068,461339,1 Kings,1,45,מלך,subs,,B:deity-candidate,Other Tanakh
177087,1423068,461339,1 Kings,1,45,גיחון,nmpr,topo,F:unclassified-name,Other Tanakh
177105,1423069,461344,1 Kings,1,46,שלמה,nmpr,pers,A:person-candidate,Other Tanakh
177115,1423070,461345,1 Kings,1,47,מלך,subs,,B:deity-candidate,Other Tanakh
177121,1423070,461346,1 Kings,1,47,מלך,subs,,B:deity-candidate,Other Tanakh
177122,1423070,461346,1 Kings,1,47,דוד,nmpr,pers,A:person-candidate,Other Tanakh
177126,1423070,461348,1 Kings,1,47,אלהים,subs,,D:Elohim,Other Tanakh
177129,1423070,461348,1 Kings,1,47,שלמה,nmpr,pers,A:person-candidate,Other Tanakh
177141,1423070,461350,1 Kings,1,47,מלך,subs,,B:deity-candidate,Other Tanakh
177150,1423071,461351,1 Kings,1,48,מלך,subs,,B:deity-candidate,Other Tanakh
177152,1423071,461352,1 Kings,1,48,יהוה,nmpr,pers,E:YHWH,Other Tanakh
177153,1423071,461352,1 Kings,1,48,אלהים,subs,,D:Elohim,Other Tanakh
177154,1423071,461352,1 Kings,1,48,ישראל,nmpr,"pers,gens,topo",F:unclassified-name,Other Tanakh
177174,1423072,461358,1 Kings,1,49,אדניהו,nmpr,pers,A:person-candidate,Other Tanakh
177181,1423073,461361,1 Kings,1,50,אדניהו,nmpr,pers,A:person-candidate,Other Tanakh
177185,1423073,461361,1 Kings,1,50,שלמה,nmpr,pers,A:person-candidate,Other Tanakh
177199,1423074,461365,1 Kings,1,51,שלמה,nmpr,pers,A:person-candidate,Other Tanakh
177203,1423074,461367,1 Kings,1,51,אדניהו,nmpr,pers,A:person-candidate,Other Tanakh
177207,1423074,461367,1 Kings,1,51,מלך,subs,,B:deity-candidate,Other Tanakh
177208,1423074,461367,1 Kings,1,51,שלמה,nmpr,pers,A:person-candidate,Other Tanakh
177224,1423074,461370,1 Kings,1,51,מלך,subs,,B:deity-candidate,Other Tanakh
177225,1423074,461370,1 Kings,1,51,שלמה,nmpr,pers,A:person-candidate,Other Tanakh
177235,1423075,461372,1 Kings,1,52,שלמה,nmpr,pers,A:person-candidate,Other Tanakh
177256,1423076,461377,1 Kings,1,53,מלך,subs,,B:deity-candidate,Other Tanakh
177257,1423076,461377,1 Kings,1,53,שלמה,nmpr,pers,A:person-candidate,Other Tanakh
177270,1423076,461380,1 Kings,1,53,מלך,subs,,B:deity-candidate,Other Tanakh
177271,1423076,461380,1 Kings,1,53,שלמה,nmpr,pers,A:person-candidate,Other Tanakh
177275,1423076,461381,1 Kings,1,53,שלמה,nmpr,pers,A:person-candidate,Other Tanakh
177282,1423077,461383,1 Kings,2,1,דוד,nmpr,pers,A:person-candidate,Other Tanakh
177288,1423077,461385,1 Kings,2,1,שלמה,nmpr,pers,A:person-candidate,Other Tanakh
177309,1423079,461390,1 Kings,2,3,יהוה,nmpr,pers,E:YHWH,Other Tanakh
177310,1423079,461390,1 Kings,2,3,אלהים,subs,,D:Elohim,Other Tanakh
177328,1423079,461393,1 Kings,2,3,משה,nmpr,pers,A:person-candidate,Other Tanakh
177343,1423080,461397,1 Kings,2,4,יהוה,nmpr,pers,E:YHWH,Other Tanakh
177378,1423080,461403,1 Kings,2,4,ישראל,nmpr,"pers,gens,topo",F:unclassified-name,Other Tanakh
177387,1423081,461405,1 Kings,2,5,יואב,nmpr,pers,A:person-candidate,Other Tanakh
177389,1423081,461405,1 Kings,2,5,צרויה,nmpr,pers,A:person-candidate,Other Tanakh
177396,1423081,461406,1 Kings,2,5,ישראל,nmpr,"pers,gens,topo",F:unclassified-name,Other Tanakh
177398,1423081,461406,1 Kings,2,5,אבנר,nmpr,pers,A:person-candidate,Other Tanakh
177400,1423081,461406,1 Kings,2,5,נר,nmpr,pers,A:person-candidate,Other Tanakh
177403,1423081,461406,1 Kings,2,5,עמשא,nmpr,pers,A:person-candidate,Other Tanakh
177405,1423081,461406,1 Kings,2,5,יתר,nmpr,pers,A:person-candidate,Other Tanakh
177439,1423082,461413,1 Kings,2,6,שאול,subs,,A:person-candidate,Other Tanakh
177443,1423083,461414,1 Kings,2,7,ברזלי,nmpr,pers,A:person-candidate,Other Tanakh
177456,1423083,461416,1 Kings,2,7,אל,prep,,C:divine-title-candidate,Other Tanakh
177461,1423083,461417,1 Kings,2,7,אבשלום,nmpr,pers,A:person-candidate,Other Tanakh
177466,1423084,461418,1 Kings,2,8,שמעי,nmpr,pers,A:person-candidate,Other Tanakh
177468,1423084,461418,1 Kings,2,8,גרא,nmpr,pers,A:person-candidate,Other Tanakh
177473,1423084,461418,1 Kings,2,8,בחרים,nmpr,topo,F:unclassified-name,Other Tanakh
177482,1423084,461420,1 Kings,2,8,מחנים,nmpr,topo,F:unclassified-name,Other Tanakh
177489,1423084,461421,1 Kings,2,8,ירדן,nmpr,topo,F:unclassified-name,Other Tanakh
177494,1423084,461423,1 Kings,2,8,יהוה,nmpr,pers,E:YHWH,Other Tanakh
177504,1423085,461427,1 Kings,2,9,אל,nega,,C:divine-title-candidate,Other Tanakh
177522,1423085,461431,1 Kings,2,9,שאול,subs,,A:person-candidate,Other Tanakh
177525,1423086,461432,1 Kings,2,10,דוד,nmpr,pers,A:person-candidate,Other Tanakh
177532,1423086,461433,1 Kings,2,10,דוד,nmpr,pers,A:person-candidate,Other Tanakh
177537,1423087,461435,1 Kings,2,11,מלך,verb,,B:deity-candidate,Other Tanakh
177538,1423087,461435,1 Kings,2,11,דוד,nmpr,pers,A:person-candidate,Other Tanakh
177540,1423087,461435,1 Kings,2,11,ישראל,nmpr,"pers,gens,topo",F:unclassified-name,Other Tanakh
177544,1423087,461436,1 Kings,2,11,חברון,nmpr,topo,F:unclassified-name,Other Tanakh
177545,1423087,461436,1 Kings,2,11,מלך,verb,,B:deity-candidate,Other Tanakh
177550,1423087,461437,1 Kings,2,11,ירושלם,nmpr,topo,F:unclassified-name,Other Tanakh
177551,1423087,461437,1 Kings,2,11,מלך,verb,,B:deity-candidate,Other Tanakh
177557,1423088,461438,1 Kings,2,12,שלמה,nmpr,pers,A:person-candidate,Other Tanakh
177561,1423088,461438,1 Kings,2,12,דוד,nmpr,pers,A:person-candidate,Other Tanakh
177569,1423089,461440,1 Kings,2,13,אדניהו,nmpr,pers,A:person-candidate,Other Tanakh
177571,1423089,461440,1 Kings,2,13,חגית,nmpr,pers,A:person-candidate,Other Tanakh
177572,1423089,461440,1 Kings,2,13,אל,prep,,C:divine-title-candidate,Other Tanakh
177573,1423089,461440,1 Kings,2,13,בת שבע,nmpr,pers,A:person-candidate,Other Tanakh
177575,1423089,461440,1 Kings,2,13,שלמה,nmpr,pers,A:person-candidate,Other Tanakh
177588,1423090,461447,1 Kings,2,14,אל,prep,,C:divine-title-candidate,Other Tanakh
177605,1423091,461453,1 Kings,2,15,ישראל,nmpr,"pers,gens,topo",F:unclassified-name,Other Tanakh
177608,1423091,461454,1 Kings,2,15,מלך,verb,,B:deity-candidate,Other Tanakh
177619,1423091,461457,1 Kings,2,15,יהוה,nmpr,pers,E:YHWH,Other Tanakh
177630,1423092,461460,1 Kings,2,16,אל,nega,,C:divine-title-candidate,Other Tanakh
177636,1423092,461461,1 Kings,2,16,אל,prep,,C:divine-title-candidate,Other Tanakh
177643,1423093,461464,1 Kings,2,17,שלמה,nmpr,pers,A:person-candidate,Other Tanakh
177645,1423093,461464,1 Kings,2,17,מלך,subs,,B:deity-candidate,Other Tanakh
177655,1423093,461466,1 Kings,2,17,אבישג,nmpr,pers,A:person-candidate,Other Tanakh
177662,1423094,461467,1 Kings,2,18,בת שבע,nmpr,pers,A:person-candidate,Other Tanakh
177667,1423094,461469,1 Kings,2,18,אל,prep,,C:divine-title-candidate,Other Tanakh
177669,1423094,461469,1 Kings,2,18,מלך,subs,,B:deity-candidate,Other Tanakh
177672,1423095,461470,1 Kings,2,19,בת שבע,nmpr,pers,A:person-candidate,Other Tanakh
177673,1423095,461470,1 Kings,2,19,אל,prep,,C:divine-title-candidate,Other Tanakh
177675,1423095,461470,1 Kings,2,19,מלך,subs,,B:deity-candidate,Other Tanakh
177676,1423095,461470,1 Kings,2,19,שלמה,nmpr,pers,A:person-candidate,Other Tanakh
177681,1423095,461471,1 Kings,2,19,אדניהו,nmpr,pers,A:person-candidate,Other Tanakh
177685,1423095,461472,1 Kings,2,19,מלך,subs,,B:deity-candidate,Other Tanakh
177701,1423095,461476,1 Kings,2,19,מלך,subs,,B:deity-candidate,Other Tanakh
177715,1423096,461480,1 Kings,2,20,אל,nega,,C:divine-title-candidate,Other Tanakh
177723,1423096,461481,1 Kings,2,20,מלך,subs,,B:deity-candidate,Other Tanakh
177735,1423097,461486,1 Kings,2,21,אבישג,nmpr,pers,A:person-candidate,Other Tanakh
177739,1423097,461486,1 Kings,2,21,אדניהו,nmpr,pers,A:person-candidate,Other Tanakh
177746,1423098,461487,1 Kings,2,22,מלך,subs,,B:deity-candidate,Other Tanakh
177747,1423098,461487,1 Kings,2,22,שלמה,nmpr,pers,A:person-candidate,Other Tanakh
177757,1423098,461489,1 Kings,2,22,אבישג,nmpr,pers,A:person-candidate,Other Tanakh
177761,1423098,461489,1 Kings,2,22,אדניהו,nmpr,pers,A:person-candidate,Other Tanakh
177778,1423098,461493,1 Kings,2,22,אביתר,nmpr,pers,A:person-candidate,Other Tanakh
177783,1423098,461493,1 Kings,2,22,יואב,nmpr,pers,A:person-candidate,Other Tanakh
177785,1423098,461493,1 Kings,2,22,צרויה,nmpr,pers,A:person-candidate,Other Tanakh
177789,1423099,461494,1 Kings,2,23,מלך,subs,,B:deity-candidate,Other Tanakh
177790,1423099,461494,1 Kings,2,23,שלמה,nmpr,pers,A:person-candidate,Other Tanakh
177792,1423099,461494,1 Kings,2,23,יהוה,nmpr,pers,E:YHWH,Other Tanakh
177798,1423099,461496,1 Kings,2,23,אלהים,subs,,D:Elohim,Other Tanakh
177806,1423099,461498,1 Kings,2,23,אדניהו,nmpr,pers,A:person-candidate,Other Tanakh
177815,1423100,461500,1 Kings,2,24,יהוה,nmpr,pers,E:YHWH,Other Tanakh
177822,1423100,461502,1 Kings,2,24,דוד,nmpr,pers,A:person-candidate,Other Tanakh
177836,1423100,461505,1 Kings,2,24,אדניהו,nmpr,pers,A:person-candidate,Other Tanakh
177840,1423101,461506,1 Kings,2,25,מלך,subs,,B:deity-candidate,Other Tanakh
177841,1423101,461506,1 Kings,2,25,שלמה,nmpr,pers,A:person-candidate,Other Tanakh
177844,1423101,461506,1 Kings,2,25,בניהו,nmpr,pers,A:person-candidate,Other Tanakh
177846,1423101,461506,1 Kings,2,25,יהוידע,nmpr,pers,A:person-candidate,Other Tanakh
177854,1423102,461509,1 Kings,2,26,אביתר,nmpr,pers,A:person-candidate,Other Tanakh
177859,1423102,461509,1 Kings,2,26,מלך,subs,,B:deity-candidate,Other Tanakh
177860,1423102,461510,1 Kings,2,26,ענתות,nmpr,topo,F:unclassified-name,Other Tanakh
177880,1423102,461513,1 Kings,2,26,אדני,nmpr,pers,C:divine-title-candidate,Other Tanakh
177881,1423102,461513,1 Kings,2,26,יהוה,nmpr,pers,E:YHWH,Other Tanakh
177884,1423102,461513,1 Kings,2,26,דוד,nmpr,pers,A:person-candidate,Other Tanakh
177896,1423103,461516,1 Kings,2,27,שלמה,nmpr,pers,A:person-candidate,Other Tanakh
177898,1423103,461516,1 Kings,2,27,אביתר,nmpr,pers,A:person-candidate,Other Tanakh
177903,1423103,461517,1 Kings,2,27,יהוה,nmpr,pers,E:YHWH,Other Tanakh
177908,1423103,461518,1 Kings,2,27,יהוה,nmpr,pers,E:YHWH,Other Tanakh
177913,1423103,461519,1 Kings,2,27,עלי,nmpr,pers,A:person-candidate,Other Tanakh
177915,1423103,461519,1 Kings,2,27,שלה,nmpr,topo,F:unclassified-name,Other Tanakh
177921,1423104,461520,1 Kings,2,28,יואב,nmpr,pers,A:person-candidate,Other Tanakh
177923,1423104,461521,1 Kings,2,28,יואב,nmpr,pers,A:person-candidate,Other Tanakh
177926,1423104,461521,1 Kings,2,28,אדניה,nmpr,pers,A:person-candidate,Other Tanakh
177929,1423104,461522,1 Kings,2,28,אבשלום,nmpr,pers,A:person-candidate,Other Tanakh
177934,1423104,461523,1 Kings,2,28,יואב,nmpr,pers,A:person-candidate,Other Tanakh
177935,1423104,461523,1 Kings,2,28,אל,prep,,C:divine-title-candidate,Other Tanakh
177937,1423104,461523,1 Kings,2,28,יהוה,nmpr,pers,E:YHWH,Other Tanakh
177948,1423105,461525,1 Kings,2,29,מלך,subs,,B:deity-candidate,Other Tanakh
177949,1423105,461525,1 Kings,2,29,שלמה,nmpr,pers,A:person-candidate,Other Tanakh
177952,1423105,461526,1 Kings,2,29,יואב,nmpr,pers,A:person-candidate,Other Tanakh
177953,1423105,461526,1 Kings,2,29,אל,prep,,C:divine-title-candidate,Other Tanakh
177955,1423105,461526,1 Kings,2,29,יהוה,nmpr,pers,E:YHWH,Other Tanakh
177963,1423105,461528,1 Kings,2,29,שלמה,nmpr,pers,A:person-candidate,Other Tanakh
177965,1423105,461528,1 Kings,2,29,בניהו,nmpr,pers,A:person-candidate,Other Tanakh
177967,1423105,461528,1 Kings,2,29,יהוידע,nmpr,pers,A:person-candidate,Other Tanakh
177975,1423106,461532,1 Kings,2,30,בניהו,nmpr,pers,A:person-candidate,Other Tanakh
177976,1423106,461532,1 Kings,2,30,אל,prep,,C:divine-title-candidate,Other Tanakh
177978,1423106,461532,1 Kings,2,30,יהוה,nmpr,pers,E:YHWH,Other Tanakh
177981,1423106,461533,1 Kings,2,30,אל,prep,,C:divine-title-candidate,Other Tanakh
177985,1423106,461534,1 Kings,2,30,מלך,subs,,B:deity-candidate,Other Tanakh
177995,1423106,461539,1 Kings,2,30,בניהו,nmpr,pers,A:person-candidate,Other Tanakh
177998,1423106,461539,1 Kings,2,30,מלך,subs,,B:deity-candidate,Other Tanakh
178004,1423106,461541,1 Kings,2,30,יואב,nmpr,pers,A:person-candidate,Other Tanakh
178012,1423107,461543,1 Kings,2,31,מלך,subs,,B:deity-candidate,Other Tanakh
178028,1423107,461549,1 Kings,2,31,יואב,nmpr,pers,A:person-candidate,Other Tanakh
178038,1423108,461550,1 Kings,2,32,יהוה,nmpr,pers,E:YHWH,Other Tanakh
178059,1423108,461554,1 Kings,2,32,דוד,nmpr,pers,A:person-candidate,Other Tanakh
178063,1423108,461555,1 Kings,2,32,אבנר,nmpr,pers,A:person-candidate,Other Tanakh
178065,1423108,461555,1 Kings,2,32,נר,nmpr,pers,A:person-candidate,Other Tanakh
178068,1423108,461555,1 Kings,2,32,ישראל,nmpr,"pers,gens,topo",F:unclassified-name,Other Tanakh
178071,1423108,461555,1 Kings,2,32,עמשא,nmpr,pers,A:person-candidate,Other Tanakh
178073,1423108,461555,1 Kings,2,32,יתר,nmpr,pers,A:person-candidate,Other Tanakh
178076,1423108,461555,1 Kings,2,32,יהודה,nmpr,"pers,gens,topo",F:unclassified-name,Other Tanakh
178082,1423109,461556,1 Kings,2,33,יואב,nmpr,pers,A:person-candidate,Other Tanakh
178091,1423109,461557,1 Kings,2,33,דוד,nmpr,pers,A:person-candidate,Other Tanakh
178107,1423109,461557,1 Kings,2,33,יהוה,nmpr,pers,E:YHWH,Other Tanakh
178110,1423110,461558,1 Kings,2,34,בניהו,nmpr,pers,A:person-candidate,Other Tanakh
178112,1423110,461558,1 Kings,2,34,יהוידע,nmpr,pers,A:person-candidate,Other Tanakh
178128,1423111,461562,1 Kings,2,35,מלך,subs,,B:deity-candidate,Other Tanakh
178130,1423111,461562,1 Kings,2,35,בניהו,nmpr,pers,A:person-candidate,Other Tanakh
178132,1423111,461562,1 Kings,2,35,יהוידע,nmpr,pers,A:person-candidate,Other Tanakh
178139,1423111,461563,1 Kings,2,35,צדוק,nmpr,pers,A:person-candidate,Other Tanakh
178144,1423111,461563,1 Kings,2,35,מלך,subs,,B:deity-candidate,Other Tanakh
178146,1423111,461563,1 Kings,2,35,אביתר,nmpr,pers,A:person-candidate,Other Tanakh
178150,1423112,461564,1 Kings,2,36,מלך,subs,,B:deity-candidate,Other Tanakh
178154,1423112,461565,1 Kings,2,36,שמעי,nmpr,pers,A:person-candidate,Other Tanakh
178162,1423112,461567,1 Kings,2,36,ירושלם,nmpr,topo,F:unclassified-name,Other Tanakh
178183,1423113,461573,1 Kings,2,37,קדרון,nmpr,topo,F:unclassified-name,Other Tanakh
178195,1423114,461576,1 Kings,2,38,שמעי,nmpr,pers,A:person-candidate,Other Tanakh
178198,1423114,461576,1 Kings,2,38,מלך,subs,,B:deity-candidate,Other Tanakh
178207,1423114,461578,1 Kings,2,38,מלך,subs,,B:deity-candidate,Other Tanakh
178213,1423114,461580,1 Kings,2,38,שמעי,nmpr,pers,A:person-candidate,Other Tanakh
178215,1423114,461580,1 Kings,2,38,ירושלם,nmpr,topo,F:unclassified-name,Other Tanakh
178229,1423115,461582,1 Kings,2,39,שמעי,nmpr,pers,A:person-candidate,Other Tanakh
178230,1423115,461582,1 Kings,2,39,אל,prep,,C:divine-title-candidate,Other Tanakh
178231,1423115,461582,1 Kings,2,39,אכיש,nmpr,pers,A:person-candidate,Other Tanakh
178233,1423115,461582,1 Kings,2,39,מעכה,nmpr,pers,A:person-candidate,Other Tanakh
178234,1423115,461582,1 Kings,2,39,מלך,subs,,B:deity-candidate,Other Tanakh
178235,1423115,461582,1 Kings,2,39,גת,nmpr,topo,F:unclassified-name,Other Tanakh
178239,1423115,461583,1 Kings,2,39,שמעי,nmpr,pers,A:person-candidate,Other Tanakh
178245,1423115,461585,1 Kings,2,39,גת,nmpr,topo,F:unclassified-name,Other Tanakh
178248,1423116,461586,1 Kings,2,40,שמעי,nmpr,pers,A:person-candidate,Other Tanakh
178255,1423116,461588,1 Kings,2,40,גת,nmpr,topo,F:unclassified-name,Other Tanakh
178256,1423116,461588,1 Kings,2,40,אל,prep,,C:divine-title-candidate,Other Tanakh
178257,1423116,461588,1 Kings,2,40,אכיש,nmpr,pers,A:person-candidate,Other Tanakh
178264,1423116,461590,1 Kings,2,40,שמעי,nmpr,pers,A:person-candidate,Other Tanakh
178270,1423116,461591,1 Kings,2,40,גת,nmpr,topo,F:unclassified-name,Other Tanakh
178274,1423117,461592,1 Kings,2,41,שלמה,nmpr,pers,A:person-candidate,Other Tanakh
178277,1423117,461593,1 Kings,2,41,שמעי,nmpr,pers,A:person-candidate,Other Tanakh
178279,1423117,461593,1 Kings,2,41,ירושלם,nmpr,topo,F:unclassified-name,Other Tanakh
178280,1423117,461593,1 Kings,2,41,גת,nmpr,topo,F:unclassified-name,Other Tanakh
178286,1423118,461595,1 Kings,2,42,מלך,subs,,B:deity-candidate,Other Tanakh
178290,1423118,461596,1 Kings,2,42,שמעי,nmpr,pers,A:person-candidate,Other Tanakh
178293,1423118,461597,1 Kings,2,42,אל,prep,,C:divine-title-candidate,Other Tanakh
178298,1423118,461598,1 Kings,2,42,יהוה,nmpr,pers,E:YHWH,Other Tanakh
178319,1423118,461605,1 Kings,2,42,אל,prep,,C:divine-title-candidate,Other Tanakh
178330,1423119,461608,1 Kings,2,43,יהוה,nmpr,pers,E:YHWH,Other Tanakh
178341,1423120,461610,1 Kings,2,44,מלך,subs,,B:deity-candidate,Other Tanakh
178342,1423120,461610,1 Kings,2,44,אל,prep,,C:divine-title-candidate,Other Tanakh
178343,1423120,461610,1 Kings,2,44,שמעי,nmpr,pers,A:person-candidate,Other Tanakh
178356,1423120,461613,1 Kings,2,44,דוד,nmpr,pers,A:person-candidate,Other Tanakh
178360,1423120,461614,1 Kings,2,44,יהוה,nmpr,pers,E:YHWH,Other Tanakh
178367,1423121,461615,1 Kings,2,45,מלך,subs,,B:deity-candidate,Other Tanakh
178368,1423121,461615,1 Kings,2,45,שלמה,nmpr,pers,A:person-candidate,Other Tanakh
178372,1423121,461616,1 Kings,2,45,דוד,nmpr,pers,A:person-candidate,Other Tanakh
178377,1423121,461616,1 Kings,2,45,יהוה,nmpr,pers,E:YHWH,Other Tanakh
178383,1423122,461617,1 Kings,2,46,מלך,subs,,B:deity-candidate,Other Tanakh
178385,1423122,461617,1 Kings,2,46,בניהו,nmpr,pers,A:person-candidate,Other Tanakh
178387,1423122,461617,1 Kings,2,46,יהוידע,nmpr,pers,A:person-candidate,Other Tanakh
178401,1423122,461621,1 Kings,2,46,שלמה,nmpr,pers,A:person-candidate,Other Tanakh
178404,1423123,461622,1 Kings,3,1,שלמה,nmpr,pers,A:person-candidate,Other Tanakh
178407,1423123,461622,1 Kings,3,1,מלך,subs,,B:deity-candidate,Other Tanakh
178408,1423123,461622,1 Kings,3,1,מצרים,nmpr,topo,F:unclassified-name,Other Tanakh
178416,1423123,461624,1 Kings,3,1,אל,prep,,C:divine-title-candidate,Other Tanakh
178418,1423123,461624,1 Kings,3,1,דוד,nmpr,pers,A:person-candidate,Other Tanakh
178428,1423123,461626,1 Kings,3,1,יהוה,nmpr,pers,E:YHWH,Other Tanakh
178432,1423123,461626,1 Kings,3,1,ירושלם,nmpr,topo,F:unclassified-name,Other Tanakh
178447,1423124,461628,1 Kings,3,2,יהוה,nmpr,pers,E:YHWH,Other Tanakh
178455,1423125,461629,1 Kings,3,3,שלמה,nmpr,pers,A:person-candidate,Other Tanakh
178457,1423125,461629,1 Kings,3,3,יהוה,nmpr,pers,E:YHWH,Other Tanakh
178462,1423125,461630,1 Kings,3,3,דוד,nmpr,pers,A:person-candidate,Other Tanakh
178475,1423126,461633,1 Kings,3,4,מלך,subs,,B:deity-candidate,Other Tanakh
178476,1423126,461633,1 Kings,3,4,גבעון,nmpr,topo,F:unclassified-name,Other Tanakh
178489,1423126,461636,1 Kings,3,4,שלמה,nmpr,pers,A:person-candidate,Other Tanakh
178496,1423127,461637,1 Kings,3,5,גבעון,nmpr,topo,F:unclassified-name,Other Tanakh
178498,1423127,461637,1 Kings,3,5,יהוה,nmpr,pers,E:YHWH,Other Tanakh
178499,1423127,461637,1 Kings,3,5,אל,prep,,C:divine-title-candidate,Other Tanakh
178500,1423127,461637,1 Kings,3,5,שלמה,nmpr,pers,A:person-candidate,Other Tanakh
178507,1423127,461638,1 Kings,3,5,אלהים,subs,,D:Elohim,Other Tanakh
178514,1423128,461641,1 Kings,3,6,שלמה,nmpr,pers,A:person-candidate,Other Tanakh
178519,1423128,461642,1 Kings,3,6,דוד,nmpr,pers,A:person-candidate,Other Tanakh
178562,1423129,461649,1 Kings,3,7,יהוה,nmpr,pers,E:YHWH,Other Tanakh
178563,1423129,461649,1 Kings,3,7,אלהים,subs,,D:Elohim,Other Tanakh
178565,1423129,461650,1 Kings,3,7,מלך,verb,,B:deity-candidate,Other Tanakh
178569,1423129,461650,1 Kings,3,7,דוד,nmpr,pers,A:person-candidate,Other Tanakh
178630,1423132,461664,1 Kings,3,10,אדני,nmpr,pers,C:divine-title-candidate,Other Tanakh
178633,1423132,461665,1 Kings,3,10,שלמה,nmpr,pers,A:person-candidate,Other Tanakh
178641,1423133,461666,1 Kings,3,11,אלהים,subs,,D:Elohim,Other Tanakh
178642,1423133,461666,1 Kings,3,11,אל,prep,,C:divine-title-candidate,Other Tanakh
178714,1423135,461681,1 Kings,3,13,מלך,subs,,B:deity-candidate,Other Tanakh
178730,1423136,461684,1 Kings,3,14,דוד,nmpr,pers,A:person-candidate,Other Tanakh
178738,1423137,461686,1 Kings,3,15,שלמה,nmpr,pers,A:person-candidate,Other Tanakh
178744,1423137,461688,1 Kings,3,15,ירושלם,nmpr,topo,F:unclassified-name,Other Tanakh
178751,1423137,461689,1 Kings,3,15,אדני,nmpr,pers,C:divine-title-candidate,Other Tanakh
178769,1423138,461693,1 Kings,3,16,אל,prep,,C:divine-title-candidate,Other Tanakh
178771,1423138,461693,1 Kings,3,16,מלך,subs,,B:deity-candidate,Other Tanakh
178883,1423143,461716,1 Kings,3,21,אל,prep,,C:divine-title-candidate,Other Tanakh
178926,1423144,461728,1 Kings,3,22,מלך,subs,,B:deity-candidate,Other Tanakh
178930,1423145,461729,1 Kings,3,23,מלך,subs,,B:deity-candidate,Other Tanakh
178956,1423146,461737,1 Kings,3,24,מלך,subs,,B:deity-candidate,Other Tanakh
178967,1423146,461739,1 Kings,3,24,מלך,subs,,B:deity-candidate,Other Tanakh
178971,1423147,461740,1 Kings,3,25,מלך,subs,,B:deity-candidate,Other Tanakh
179001,1423148,461744,1 Kings,3,26,אל,prep,,C:divine-title-candidate,Other Tanakh
179003,1423148,461744,1 Kings,3,26,מלך,subs,,B:deity-candidate,Other Tanakh
179022,1423148,461750,1 Kings,3,26,אל,nega,,C:divine-title-candidate,Other Tanakh
179037,1423149,461756,1 Kings,3,27,מלך,subs,,B:deity-candidate,Other Tanakh
179056,1423150,461761,1 Kings,3,28,ישראל,nmpr,"pers,gens,topo",F:unclassified-name,Other Tanakh
179063,1423150,461762,1 Kings,3,28,מלך,subs,,B:deity-candidate,Other Tanakh
179069,1423150,461763,1 Kings,3,28,מלך,subs,,B:deity-candidate,Other Tanakh
179074,1423150,461765,1 Kings,3,28,אלהים,subs,,D:Elohim,Other Tanakh
179083,1423151,461767,1 Kings,4,1,מלך,subs,,B:deity-candidate,Other Tanakh
179084,1423151,461767,1 Kings,4,1,שלמה,nmpr,pers,A:person-candidate,Other Tanakh
179085,1423151,461767,1 Kings,4,1,מלך,subs,,B:deity-candidate,Other Tanakh
179088,1423151,461767,1 Kings,4,1,ישראל,nmpr,"pers,gens,topo",F:unclassified-name,Other Tanakh
179095,1423152,461770,1 Kings,4,2,עזריהו,nmpr,pers,A:person-candidate,Other Tanakh
179097,1423152,461770,1 Kings,4,2,צדוק,nmpr,pers,A:person-candidate,Other Tanakh
179100,1423153,461771,1 Kings,4,3,אליחרף,nmpr,pers,A:person-candidate,Other Tanakh
179102,1423153,461771,1 Kings,4,3,אחיה,nmpr,pers,A:person-candidate,Other Tanakh
179104,1423153,461771,1 Kings,4,3,שישא,nmpr,pers,A:person-candidate,Other Tanakh
179106,1423153,461772,1 Kings,4,3,יהושפט,nmpr,pers,A:person-candidate,Other Tanakh
179108,1423153,461772,1 Kings,4,3,אחילוד,nmpr,pers,A:person-candidate,Other Tanakh
179112,1423154,461773,1 Kings,4,4,בניהו,nmpr,pers,A:person-candidate,Other Tanakh
179114,1423154,461773,1 Kings,4,4,יהוידע,nmpr,pers,A:person-candidate,Other Tanakh
179119,1423154,461774,1 Kings,4,4,צדוק,nmpr,pers,A:person-candidate,Other Tanakh
179121,1423154,461774,1 Kings,4,4,אביתר,nmpr,pers,A:person-candidate,Other Tanakh
179124,1423155,461775,1 Kings,4,5,עזריהו,nmpr,pers,A:person-candidate,Other Tanakh
179126,1423155,461775,1 Kings,4,5,נתן,nmpr,pers,A:person-candidate,Other Tanakh
179131,1423155,461776,1 Kings,4,5,זבוד,nmpr,pers,A:person-candidate,Other Tanakh
179133,1423155,461776,1 Kings,4,5,נתן,nmpr,pers,A:person-candidate,Other Tanakh
179137,1423155,461776,1 Kings,4,5,מלך,subs,,B:deity-candidate,Other Tanakh
179139,1423156,461777,1 Kings,4,6,אחישר,nmpr,pers,A:person-candidate,Other Tanakh
179144,1423156,461778,1 Kings,4,6,אדנירם,nmpr,pers,A:person-candidate,Other Tanakh
179146,1423156,461778,1 Kings,4,6,עבדא,nmpr,pers,A:person-candidate,Other Tanakh
179152,1423157,461779,1 Kings,4,7,שלמה,nmpr,pers,A:person-candidate,Other Tanakh
179158,1423157,461780,1 Kings,4,7,ישראל,nmpr,"pers,gens,topo",F:unclassified-name,Other Tanakh
179163,1423157,461781,1 Kings,4,7,מלך,subs,,B:deity-candidate,Other Tanakh
179181,1423158,461785,1 Kings,4,8,חור,nmpr,pers,A:person-candidate,Other Tanakh
179184,1423158,461785,1 Kings,4,8,אפרים,nmpr,"pers,gens,topo",F:unclassified-name,Other Tanakh
179186,1423159,461786,1 Kings,4,9,דקר,nmpr,pers,A:person-candidate,Other Tanakh
179188,1423159,461786,1 Kings,4,9,מקץ,nmpr,topo,F:unclassified-name,Other Tanakh
179191,1423159,461786,1 Kings,4,9,שעלבים,nmpr,topo,F:unclassified-name,Other Tanakh
179193,1423159,461786,1 Kings,4,9,בית שמש,nmpr,topo,F:unclassified-name,Other Tanakh
179195,1423159,461786,1 Kings,4,9,אילון,nmpr,topo,F:unclassified-name,Other Tanakh
179196,1423159,461786,1 Kings,4,9,בית חנן,nmpr,topo,F:unclassified-name,Other Tanakh
179198,1423160,461787,1 Kings,4,10,חסד,nmpr,pers,A:person-candidate,Other Tanakh
179201,1423160,461787,1 Kings,4,10,ארבות,nmpr,topo,F:unclassified-name,Other Tanakh
179203,1423160,461788,1 Kings,4,10,שוכה,nmpr,topo,F:unclassified-name,Other Tanakh
179207,1423160,461788,1 Kings,4,10,חפר,nmpr,topo,F:unclassified-name,Other Tanakh
179209,1423161,461789,1 Kings,4,11,אבינדב,nmpr,pers,A:person-candidate,Other Tanakh
179212,1423161,461789,1 Kings,4,11,דאר,nmpr,topo,F:unclassified-name,Other Tanakh
179213,1423161,461790,1 Kings,4,11,טפת,nmpr,pers,A:person-candidate,Other Tanakh
179215,1423161,461790,1 Kings,4,11,שלמה,nmpr,pers,A:person-candidate,Other Tanakh
179220,1423162,461791,1 Kings,4,12,בענא,nmpr,pers,A:person-candidate,Other Tanakh
179222,1423162,461791,1 Kings,4,12,אחילוד,nmpr,pers,A:person-candidate,Other Tanakh
179223,1423162,461791,1 Kings,4,12,תענך,nmpr,topo,F:unclassified-name,Other Tanakh
179225,1423162,461791,1 Kings,4,12,מגדו,nmpr,topo,F:unclassified-name,Other Tanakh
179228,1423162,461791,1 Kings,4,12,בית שאן,nmpr,topo,F:unclassified-name,Other Tanakh
179231,1423162,461792,1 Kings,4,12,צרתן,nmpr,topo,F:unclassified-name,Other Tanakh
179235,1423162,461791,1 Kings,4,12,יזרעאל,nmpr,topo,F:unclassified-name,Other Tanakh
179237,1423162,461791,1 Kings,4,12,בית שאן,nmpr,topo,F:unclassified-name,Other Tanakh
179239,1423162,461791,1 Kings,4,12,אבל מחולה,nmpr,topo,F:unclassified-name,Other Tanakh
179244,1423162,461791,1 Kings,4,12,יקמעם,nmpr,topo,F:unclassified-name,Other Tanakh
179246,1423163,461793,1 Kings,4,13,גבר,nmpr,pers,A:person-candidate,Other Tanakh
179248,1423163,461793,1 Kings,4,13,רמת,nmpr,topo,F:unclassified-name,Other Tanakh
179249,1423163,461793,1 Kings,4,13,גלעד,nmpr,topo,F:unclassified-name,Other Tanakh
179252,1423163,461794,1 Kings,4,13,יאיר,nmpr,pers,A:person-candidate,Other Tanakh
179254,1423163,461794,1 Kings,4,13,מנשה,nmpr,"pers,gens",F:unclassified-name,Other Tanakh
179258,1423163,461795,1 Kings,4,13,גלעד,nmpr,topo,F:unclassified-name,Other Tanakh
179261,1423163,461796,1 Kings,4,13,ארגב,nmpr,topo,F:unclassified-name,Other Tanakh
179265,1423163,461797,1 Kings,4,13,בשן,nmpr,topo,F:unclassified-name,Other Tanakh
179273,1423164,461798,1 Kings,4,14,אחינדב,nmpr,pers,A:person-candidate,Other Tanakh
179275,1423164,461798,1 Kings,4,14,עדוא,nmpr,pers,A:person-candidate,Other Tanakh
179276,1423164,461798,1 Kings,4,14,מחנים,nmpr,topo,F:unclassified-name,Other Tanakh
179277,1423165,461799,1 Kings,4,15,אחימעץ,nmpr,pers,A:person-candidate,Other Tanakh
179279,1423165,461799,1 Kings,4,15,נפתלי,nmpr,"pers,gens,topo",F:unclassified-name,Other Tanakh
179284,1423165,461800,1 Kings,4,15,בשמת,nmpr,pers,A:person-candidate,Other Tanakh
179286,1423165,461800,1 Kings,4,15,שלמה,nmpr,pers,A:person-candidate,Other Tanakh
179289,1423166,461801,1 Kings,4,16,בענא,nmpr,pers,A:person-candidate,Other Tanakh
179291,1423166,461801,1 Kings,4,16,חושי,nmpr,pers,A:person-candidate,Other Tanakh
179293,1423166,461801,1 Kings,4,16,אשר,nmpr,"pers,gens,topo",F:unclassified-name,Other Tanakh
179295,1423166,461801,1 Kings,4,16,בעלות,nmpr,topo,F:unclassified-name,Other Tanakh
179296,1423167,461802,1 Kings,4,17,יהושפט,nmpr,pers,A:person-candidate,Other Tanakh
179298,1423167,461802,1 Kings,4,17,פרוח,nmpr,pers,A:person-candidate,Other Tanakh
179300,1423167,461802,1 Kings,4,17,יששכר,nmpr,"pers,gens,topo",F:unclassified-name,Other Tanakh
179301,1423168,461803,1 Kings,4,18,שמעי,nmpr,pers,A:person-candidate,Other Tanakh
179303,1423168,461803,1 Kings,4,18,אלא,nmpr,pers,A:person-candidate,Other Tanakh
179305,1423168,461803,1 Kings,4,18,בנימן,nmpr,"pers,gens,topo",F:unclassified-name,Other Tanakh
179306,1423169,461804,1 Kings,4,19,גבר,nmpr,pers,A:person-candidate,Other Tanakh
179308,1423169,461804,1 Kings,4,19,ארי,nmpr,pers,A:person-candidate,Other Tanakh
179311,1423169,461804,1 Kings,4,19,גלעד,nmpr,topo,F:unclassified-name,Other Tanakh
179313,1423169,461804,1 Kings,4,19,סיחון,nmpr,pers,A:person-candidate,Other Tanakh
179314,1423169,461804,1 Kings,4,19,מלך,subs,,B:deity-candidate,Other Tanakh
179318,1423169,461804,1 Kings,4,19,עוג,nmpr,pers,A:person-candidate,Other Tanakh
179319,1423169,461804,1 Kings,4,19,מלך,subs,,B:deity-candidate,Other Tanakh
179321,1423169,461804,1 Kings,4,19,בשן,nmpr,topo,F:unclassified-name,Other Tanakh
179329,1423170,461807,1 Kings,4,20,יהודה,nmpr,"pers,gens,topo",F:unclassified-name,Other Tanakh
179331,1423170,461807,1 Kings,4,20,ישראל,nmpr,"pers,gens,topo",F:unclassified-name,Other Tanakh
179348,1423171,461812,1 Kings,5,1,שלמה,nmpr,pers,A:person-candidate,Other Tanakh
179363,1423171,461812,1 Kings,5,1,מצרים,nmpr,topo,F:unclassified-name,Other Tanakh
179369,1423171,461814,1 Kings,5,1,שלמה,nmpr,pers,A:person-candidate,Other Tanakh
179376,1423172,461815,1 Kings,5,2,שלמה,nmpr,pers,A:person-candidate,Other Tanakh
179417,1423174,461817,1 Kings,5,4,תפסח,nmpr,topo,F:unclassified-name,Other Tanakh
179420,1423174,461817,1 Kings,5,4,עזה,nmpr,topo,F:unclassified-name,Other Tanakh
179423,1423174,461817,1 Kings,5,4,מלך,subs,,B:deity-candidate,Other Tanakh
179438,1423175,461819,1 Kings,5,5,יהודה,nmpr,"pers,gens,topo",F:unclassified-name,Other Tanakh
179440,1423175,461819,1 Kings,5,5,ישראל,nmpr,"pers,gens,topo",F:unclassified-name,Other Tanakh
179450,1423175,461819,1 Kings,5,5,דן,nmpr,"pers,gens,topo",F:unclassified-name,Other Tanakh
179454,1423175,461819,1 Kings,5,5,שבע,nmpr,topo,F:unclassified-name,Other Tanakh
179457,1423175,461819,1 Kings,5,5,שלמה,nmpr,pers,A:person-candidate,Other Tanakh
179461,1423176,461821,1 Kings,5,6,שלמה,nmpr,pers,A:person-candidate,Other Tanakh
179481,1423177,461822,1 Kings,5,7,מלך,subs,,B:deity-candidate,Other Tanakh
179482,1423177,461822,1 Kings,5,7,שלמה,nmpr,pers,A:person-candidate,Other Tanakh
179488,1423177,461823,1 Kings,5,7,אל,prep,,C:divine-title-candidate,Other Tanakh
179491,1423177,461823,1 Kings,5,7,מלך,subs,,B:deity-candidate,Other Tanakh
179492,1423177,461823,1 Kings,5,7,שלמה,nmpr,pers,A:person-candidate,Other Tanakh
179512,1423178,461825,1 Kings,5,8,אל,prep,,C:divine-title-candidate,Other Tanakh
179523,1423179,461828,1 Kings,5,9,אלהים,subs,,D:Elohim,Other Tanakh
179526,1423179,461828,1 Kings,5,9,שלמה,nmpr,pers,A:person-candidate,Other Tanakh
179545,1423180,461831,1 Kings,5,10,שלמה,nmpr,pers,A:person-candidate,Other Tanakh
179555,1423180,461831,1 Kings,5,10,מצרים,nmpr,topo,F:unclassified-name,Other Tanakh
179563,1423181,461832,1 Kings,5,11,איתן,nmpr,pers,A:person-candidate,Other Tanakh
179567,1423181,461832,1 Kings,5,11,הימן,nmpr,pers,A:person-candidate,Other Tanakh
179569,1423181,461832,1 Kings,5,11,כלכל,nmpr,pers,A:person-candidate,Other Tanakh
179571,1423181,461832,1 Kings,5,11,דרדע,nmpr,pers,A:person-candidate,Other Tanakh
179573,1423181,461832,1 Kings,5,11,מחול,nmpr,pers,A:person-candidate,Other Tanakh
179604,1423183,461837,1 Kings,5,13,לבנון,nmpr,topo,F:unclassified-name,Other Tanakh
179641,1423184,461841,1 Kings,5,14,שלמה,nmpr,pers,A:person-candidate,Other Tanakh
179645,1423184,461840,1 Kings,5,14,מלך,subs,,B:deity-candidate,Other Tanakh
179654,1423185,461843,1 Kings,5,15,חירם,nmpr,pers,A:person-candidate,Other Tanakh
179655,1423185,461843,1 Kings,5,15,מלך,subs,,B:deity-candidate,Other Tanakh
179656,1423185,461843,1 Kings,5,15,צר,nmpr,topo,F:unclassified-name,Other Tanakh
179659,1423185,461843,1 Kings,5,15,אל,prep,,C:divine-title-candidate,Other Tanakh
179660,1423185,461843,1 Kings,5,15,שלמה,nmpr,pers,A:person-candidate,Other Tanakh
179667,1423185,461845,1 Kings,5,15,מלך,subs,,B:deity-candidate,Other Tanakh
179673,1423185,461846,1 Kings,5,15,חירם,nmpr,pers,A:person-candidate,Other Tanakh
179675,1423185,461846,1 Kings,5,15,דוד,nmpr,pers,A:person-candidate,Other Tanakh
179681,1423186,461847,1 Kings,5,16,שלמה,nmpr,pers,A:person-candidate,Other Tanakh
179682,1423186,461847,1 Kings,5,16,אל,prep,,C:divine-title-candidate,Other Tanakh
179683,1423186,461847,1 Kings,5,16,חירם,nmpr,pers,A:person-candidate,Other Tanakh
179689,1423187,461849,1 Kings,5,17,דוד,nmpr,pers,A:person-candidate,Other Tanakh
179699,1423187,461851,1 Kings,5,17,יהוה,nmpr,pers,E:YHWH,Other Tanakh
179700,1423187,461851,1 Kings,5,17,אלהים,subs,,D:Elohim,Other Tanakh
179709,1423187,461853,1 Kings,5,17,יהוה,nmpr,pers,E:YHWH,Other Tanakh
179717,1423188,461854,1 Kings,5,18,יהוה,nmpr,pers,E:YHWH,Other Tanakh
179718,1423188,461854,1 Kings,5,18,אלהים,subs,,D:Elohim,Other Tanakh
179736,1423189,461858,1 Kings,5,19,יהוה,nmpr,pers,E:YHWH,Other Tanakh
179737,1423189,461858,1 Kings,5,19,אלהים,subs,,D:Elohim,Other Tanakh
179741,1423189,461859,1 Kings,5,19,יהוה,nmpr,pers,E:YHWH,Other Tanakh
179742,1423189,461859,1 Kings,5,19,אל,prep,,C:divine-title-candidate,Other Tanakh
179743,1423189,461859,1 Kings,5,19,דוד,nmpr,pers,A:person-candidate,Other Tanakh
179768,1423190,461866,1 Kings,5,20,לבנון,nmpr,topo,F:unclassified-name,Other Tanakh
179801,1423191,461876,1 Kings,5,21,חירם,nmpr,pers,A:person-candidate,Other Tanakh
179804,1423191,461876,1 Kings,5,21,שלמה,nmpr,pers,A:person-candidate,Other Tanakh
179811,1423191,461879,1 Kings,5,21,יהוה,nmpr,pers,E:YHWH,Other Tanakh
179817,1423191,461880,1 Kings,5,21,דוד,nmpr,pers,A:person-candidate,Other Tanakh
179829,1423192,461881,1 Kings,5,22,חירם,nmpr,pers,A:person-candidate,Other Tanakh
179830,1423192,461881,1 Kings,5,22,אל,prep,,C:divine-title-candidate,Other Tanakh
179831,1423192,461881,1 Kings,5,22,שלמה,nmpr,pers,A:person-candidate,Other Tanakh
179838,1423192,461884,1 Kings,5,22,אל,prep,,C:divine-title-candidate,Other Tanakh
179855,1423193,461886,1 Kings,5,23,לבנון,nmpr,topo,F:unclassified-name,Other Tanakh
179869,1423193,461888,1 Kings,5,23,אל,prep,,C:divine-title-candidate,Other Tanakh
179887,1423194,461894,1 Kings,5,24,חירם,nmpr,pers,A:person-candidate,Other Tanakh
179890,1423194,461894,1 Kings,5,24,שלמה,nmpr,pers,A:person-candidate,Other Tanakh
179899,1423195,461895,1 Kings,5,25,שלמה,nmpr,pers,A:person-candidate,Other Tanakh
179902,1423195,461895,1 Kings,5,25,חירם,nmpr,pers,A:person-candidate,Other Tanakh
179917,1423195,461897,1 Kings,5,25,שלמה,nmpr,pers,A:person-candidate,Other Tanakh
179919,1423195,461897,1 Kings,5,25,חירם,nmpr,pers,A:person-candidate,Other Tanakh
179924,1423196,461898,1 Kings,5,26,יהוה,nmpr,pers,E:YHWH,Other Tanakh
179928,1423196,461898,1 Kings,5,26,שלמה,nmpr,pers,A:person-candidate,Other Tanakh
179937,1423196,461900,1 Kings,5,26,חירם,nmpr,pers,A:person-candidate,Other Tanakh
179940,1423196,461900,1 Kings,5,26,שלמה,nmpr,pers,A:person-candidate,Other Tanakh
179948,1423197,461902,1 Kings,5,27,מלך,subs,,B:deity-candidate,Other Tanakh
179949,1423197,461902,1 Kings,5,27,שלמה,nmpr,pers,A:person-candidate,Other Tanakh
179953,1423197,461902,1 Kings,5,27,ישראל,nmpr,"pers,gens,topo",F:unclassified-name,Other Tanakh
179963,1423198,461904,1 Kings,5,28,לבנון,nmpr,topo,F:unclassified-name,Other Tanakh
179974,1423198,461906,1 Kings,5,28,לבנון,nmpr,topo,F:unclassified-name,Other Tanakh
179980,1423198,461908,1 Kings,5,28,אדנירם,nmpr,pers,A:person-candidate,Other Tanakh
179987,1423199,461909,1 Kings,5,29,שלמה,nmpr,pers,A:person-candidate,Other Tanakh
180006,1423200,461912,1 Kings,5,30,שלמה,nmpr,pers,A:person-candidate,Other Tanakh
180029,1423201,461917,1 Kings,5,31,מלך,subs,,B:deity-candidate,Other Tanakh
180045,1423202,461920,1 Kings,5,32,שלמה,nmpr,pers,A:person-candidate,Other Tanakh
180048,1423202,461920,1 Kings,5,32,חירם,nmpr,pers,A:person-candidate,Other Tanakh
180075,1423203,461924,1 Kings,6,1,ישראל,nmpr,"pers,gens,topo",F:unclassified-name,Other Tanakh
180078,1423203,461924,1 Kings,6,1,מצרים,nmpr,topo,F:unclassified-name,Other Tanakh
180086,1423203,461923,1 Kings,6,1,זו,nmpr,mens,F:unclassified-name,Other Tanakh
180093,1423203,461926,1 Kings,6,1,מלך,verb,,B:deity-candidate,Other Tanakh
180094,1423203,461926,1 Kings,6,1,שלמה,nmpr,pers,A:person-candidate,Other Tanakh
180096,1423203,461926,1 Kings,6,1,ישראל,nmpr,"pers,gens,topo",F:unclassified-name,Other Tanakh
180102,1423203,461927,1 Kings,6,1,יהוה,nmpr,pers,E:YHWH,Other Tanakh
180109,1423204,461929,1 Kings,6,2,מלך,subs,,B:deity-candidate,Other Tanakh
180110,1423204,461929,1 Kings,6,2,שלמה,nmpr,pers,A:person-candidate,Other Tanakh
180112,1423204,461929,1 Kings,6,2,יהוה,nmpr,pers,E:YHWH,Other Tanakh
180249,1423210,461953,1 Kings,6,8,אל,prep,,C:divine-title-candidate,Other Tanakh
180266,1423210,461955,1 Kings,6,8,אל,prep,,C:divine-title-candidate,Other Tanakh
180310,1423213,461962,1 Kings,6,11,יהוה,nmpr,pers,E:YHWH,Other Tanakh
180311,1423213,461962,1 Kings,6,11,אל,prep,,C:divine-title-candidate,Other Tanakh
180312,1423213,461962,1 Kings,6,11,שלמה,nmpr,pers,A:person-candidate,Other Tanakh
180345,1423214,461971,1 Kings,6,12,אל,prep,,C:divine-title-candidate,Other Tanakh
180346,1423214,461971,1 Kings,6,12,דוד,nmpr,pers,A:person-candidate,Other Tanakh
180353,1423215,461972,1 Kings,6,13,ישראל,nmpr,"pers,gens,topo",F:unclassified-name,Other Tanakh
180359,1423215,461973,1 Kings,6,13,ישראל,nmpr,"pers,gens,topo",F:unclassified-name,Other Tanakh
180362,1423216,461974,1 Kings,6,14,שלמה,nmpr,pers,A:person-candidate,Other Tanakh
180444,1423220,461983,1 Kings,6,18,אל,prep,,C:divine-title-candidate,Other Tanakh
180474,1423221,461988,1 Kings,6,19,יהוה,nmpr,pers,E:YHWH,Other Tanakh
180501,1423223,461995,1 Kings,6,21,שלמה,nmpr,pers,A:person-candidate,Other Tanakh
180652,1423229,462015,1 Kings,6,27,אל,prep,,C:divine-title-candidate,Other Tanakh
180658,1423229,462015,1 Kings,6,27,אל,prep,,C:divine-title-candidate,Other Tanakh
180814,1423239,462033,1 Kings,6,37,יהוה,nmpr,pers,E:YHWH,Other Tanakh
180817,1423239,462033,1 Kings,6,37,זו,nmpr,mens,F:unclassified-name,Other Tanakh
180827,1423240,462034,1 Kings,6,38,בול,nmpr,mens,F:unclassified-name,Other Tanakh
180851,1423241,462037,1 Kings,7,1,שלמה,nmpr,pers,A:person-candidate,Other Tanakh
180866,1423242,462039,1 Kings,7,2,לבנון,nmpr,topo,F:unclassified-name,Other Tanakh
180916,1423244,462050,1 Kings,7,4,אל,prep,,C:divine-title-candidate,Other Tanakh
180932,1423245,462051,1 Kings,7,5,אל,prep,,C:divine-title-candidate,Other Tanakh
181008,1423248,462065,1 Kings,7,8,שלמה,nmpr,pers,A:person-candidate,Other Tanakh
181084,1423252,462072,1 Kings,7,12,יהוה,nmpr,pers,E:YHWH,Other Tanakh
181095,1423253,462073,1 Kings,7,13,מלך,subs,,B:deity-candidate,Other Tanakh
181096,1423253,462073,1 Kings,7,13,שלמה,nmpr,pers,A:person-candidate,Other Tanakh
181100,1423253,462074,1 Kings,7,13,חירם,nmpr,pers,A:person-candidate,Other Tanakh
181102,1423253,462074,1 Kings,7,13,צר,nmpr,topo,F:unclassified-name,Other Tanakh
181109,1423254,462075,1 Kings,7,14,נפתלי,nmpr,"pers,gens,topo",F:unclassified-name,Other Tanakh
181138,1423254,462080,1 Kings,7,14,אל,prep,,C:divine-title-candidate,Other Tanakh
181140,1423254,462080,1 Kings,7,14,מלך,subs,,B:deity-candidate,Other Tanakh
181141,1423254,462080,1 Kings,7,14,שלמה,nmpr,pers,A:person-candidate,Other Tanakh
181250,1423258,462096,1 Kings,7,18,רמון,subs,,B:deity-candidate,Other Tanakh
181294,1423260,462102,1 Kings,7,20,רמון,subs,,B:deity-candidate,Other Tanakh
181323,1423261,462105,1 Kings,7,21,יכין,nmpr,pers,A:person-candidate,Other Tanakh
181335,1423261,462107,1 Kings,7,21,בעז,nmpr,pers,A:person-candidate,Other Tanakh
181631,1423274,462158,1 Kings,7,34,אל,prep,,C:divine-title-candidate,Other Tanakh
181764,1423280,462175,1 Kings,7,40,חירם,nmpr,pers,A:person-candidate,Other Tanakh
181778,1423280,462176,1 Kings,7,40,חירם,nmpr,pers,A:person-candidate,Other Tanakh
181789,1423280,462178,1 Kings,7,40,מלך,subs,,B:deity-candidate,Other Tanakh
181790,1423280,462178,1 Kings,7,40,שלמה,nmpr,pers,A:person-candidate,Other Tanakh
181792,1423280,462178,1 Kings,7,40,יהוה,nmpr,pers,E:YHWH,Other Tanakh
181824,1423282,462183,1 Kings,7,42,רמון,subs,,B:deity-candidate,Other Tanakh
181833,1423282,462184,1 Kings,7,42,רמון,subs,,B:deity-candidate,Other Tanakh
181900,1423285,462191,1 Kings,7,45,חירם,nmpr,pers,A:person-candidate,Other Tanakh
181903,1423285,462191,1 Kings,7,45,מלך,subs,,B:deity-candidate,Other Tanakh
181904,1423285,462191,1 Kings,7,45,שלמה,nmpr,pers,A:person-candidate,Other Tanakh
181906,1423285,462191,1 Kings,7,45,יהוה,nmpr,pers,E:YHWH,Other Tanakh
181912,1423286,462192,1 Kings,7,46,ירדן,nmpr,topo,F:unclassified-name,Other Tanakh
181915,1423286,462192,1 Kings,7,46,מלך,subs,,B:deity-candidate,Other Tanakh
181919,1423286,462192,1 Kings,7,46,אדמה,nmpr,topo,F:unclassified-name,Other Tanakh
181921,1423286,462192,1 Kings,7,46,סכות,nmpr,topo,F:unclassified-name,Other Tanakh
181924,1423286,462192,1 Kings,7,46,צרתן,nmpr,topo,F:unclassified-name,Other Tanakh
181927,1423287,462193,1 Kings,7,47,שלמה,nmpr,pers,A:person-candidate,Other Tanakh
181943,1423288,462195,1 Kings,7,48,שלמה,nmpr,pers,A:person-candidate,Other Tanakh
181950,1423288,462196,1 Kings,7,48,יהוה,nmpr,pers,E:YHWH,Other Tanakh
182038,1423291,462205,1 Kings,7,51,מלך,subs,,B:deity-candidate,Other Tanakh
182039,1423291,462205,1 Kings,7,51,שלמה,nmpr,pers,A:person-candidate,Other Tanakh
182041,1423291,462205,1 Kings,7,51,יהוה,nmpr,pers,E:YHWH,Other Tanakh
182044,1423291,462206,1 Kings,7,51,שלמה,nmpr,pers,A:person-candidate,Other Tanakh
182047,1423291,462206,1 Kings,7,51,דוד,nmpr,pers,A:person-candidate,Other Tanakh
182064,1423291,462207,1 Kings,7,51,יהוה,nmpr,pers,E:YHWH,Other Tanakh
182067,1423292,462208,1 Kings,8,1,שלמה,nmpr,pers,A:person-candidate,Other Tanakh
182070,1423292,462208,1 Kings,8,1,ישראל,nmpr,"pers,gens,topo",F:unclassified-name,Other Tanakh
182081,1423292,462208,1 Kings,8,1,ישראל,nmpr,"pers,gens,topo",F:unclassified-name,Other Tanakh
182082,1423292,462208,1 Kings,8,1,אל,prep,,C:divine-title-candidate,Other Tanakh
182084,1423292,462208,1 Kings,8,1,מלך,subs,,B:deity-candidate,Other Tanakh
182085,1423292,462208,1 Kings,8,1,שלמה,nmpr,pers,A:person-candidate,Other Tanakh
182086,1423292,462208,1 Kings,8,1,ירושלם,nmpr,topo,F:unclassified-name,Other Tanakh
182092,1423292,462209,1 Kings,8,1,יהוה,nmpr,pers,E:YHWH,Other Tanakh
182095,1423292,462209,1 Kings,8,1,דוד,nmpr,pers,A:person-candidate,Other Tanakh
182097,1423292,462210,1 Kings,8,1,ציון,nmpr,topo,F:unclassified-name,Other Tanakh
182100,1423293,462211,1 Kings,8,2,אל,prep,,C:divine-title-candidate,Other Tanakh
182102,1423293,462211,1 Kings,8,2,מלך,subs,,B:deity-candidate,Other Tanakh
182103,1423293,462211,1 Kings,8,2,שלמה,nmpr,pers,A:person-candidate,Other Tanakh
182106,1423293,462211,1 Kings,8,2,ישראל,nmpr,"pers,gens,topo",F:unclassified-name,Other Tanakh
182123,1423294,462213,1 Kings,8,3,ישראל,nmpr,"pers,gens,topo",F:unclassified-name,Other Tanakh
182135,1423295,462215,1 Kings,8,4,יהוה,nmpr,pers,E:YHWH,Other Tanakh
182160,1423296,462218,1 Kings,8,5,מלך,subs,,B:deity-candidate,Other Tanakh
182161,1423296,462218,1 Kings,8,5,שלמה,nmpr,pers,A:person-candidate,Other Tanakh
182165,1423296,462218,1 Kings,8,5,ישראל,nmpr,"pers,gens,topo",F:unclassified-name,Other Tanakh
182193,1423297,462223,1 Kings,8,6,יהוה,nmpr,pers,E:YHWH,Other Tanakh
182194,1423297,462223,1 Kings,8,6,אל,prep,,C:divine-title-candidate,Other Tanakh
182196,1423297,462223,1 Kings,8,6,אל,prep,,C:divine-title-candidate,Other Tanakh
182200,1423297,462223,1 Kings,8,6,אל,prep,,C:divine-title-candidate,Other Tanakh
182204,1423297,462223,1 Kings,8,6,אל,prep,,C:divine-title-candidate,Other Tanakh
182214,1423298,462224,1 Kings,8,7,אל,prep,,C:divine-title-candidate,Other Tanakh
182272,1423300,462232,1 Kings,8,9,משה,nmpr,pers,A:person-candidate,Other Tanakh
182274,1423300,462232,1 Kings,8,9,חרב,nmpr,topo,F:unclassified-name,Other Tanakh
182277,1423300,462233,1 Kings,8,9,יהוה,nmpr,pers,E:YHWH,Other Tanakh
182280,1423300,462233,1 Kings,8,9,ישראל,nmpr,"pers,gens,topo",F:unclassified-name,Other Tanakh
182285,1423300,462234,1 Kings,8,9,מצרים,nmpr,topo,F:unclassified-name,Other Tanakh
182301,1423301,462237,1 Kings,8,10,יהוה,nmpr,pers,E:YHWH,Other Tanakh
182318,1423302,462241,1 Kings,8,11,יהוה,nmpr,pers,E:YHWH,Other Tanakh
182321,1423302,462241,1 Kings,8,11,יהוה,nmpr,pers,E:YHWH,Other Tanakh
182324,1423303,462242,1 Kings,8,12,שלמה,nmpr,pers,A:person-candidate,Other Tanakh
182325,1423303,462243,1 Kings,8,12,יהוה,nmpr,pers,E:YHWH,Other Tanakh
182344,1423305,462248,1 Kings,8,14,מלך,subs,,B:deity-candidate,Other Tanakh
182352,1423305,462249,1 Kings,8,14,ישראל,nmpr,"pers,gens,topo",F:unclassified-name,Other Tanakh
182356,1423305,462250,1 Kings,8,14,ישראל,nmpr,"pers,gens,topo",F:unclassified-name,Other Tanakh
182361,1423306,462252,1 Kings,8,15,יהוה,nmpr,pers,E:YHWH,Other Tanakh
182362,1423306,462252,1 Kings,8,15,אלהים,subs,,D:Elohim,Other Tanakh
182363,1423306,462252,1 Kings,8,15,ישראל,nmpr,"pers,gens,topo",F:unclassified-name,Other Tanakh
182369,1423306,462253,1 Kings,8,15,דוד,nmpr,pers,A:person-candidate,Other Tanakh
182385,1423307,462257,1 Kings,8,16,ישראל,nmpr,"pers,gens,topo",F:unclassified-name,Other Tanakh
182387,1423307,462257,1 Kings,8,16,מצרים,nmpr,topo,F:unclassified-name,Other Tanakh
182395,1423307,462256,1 Kings,8,16,ישראל,nmpr,"pers,gens,topo",F:unclassified-name,Other Tanakh
182406,1423307,462260,1 Kings,8,16,דוד,nmpr,pers,A:person-candidate,Other Tanakh
182411,1423307,462261,1 Kings,8,16,ישראל,nmpr,"pers,gens,topo",F:unclassified-name,Other Tanakh
182416,1423308,462262,1 Kings,8,17,דוד,nmpr,pers,A:person-candidate,Other Tanakh
182423,1423308,462263,1 Kings,8,17,יהוה,nmpr,pers,E:YHWH,Other Tanakh
182424,1423308,462263,1 Kings,8,17,אלהים,subs,,D:Elohim,Other Tanakh
182425,1423308,462263,1 Kings,8,17,ישראל,nmpr,"pers,gens,topo",F:unclassified-name,Other Tanakh
182428,1423309,462264,1 Kings,8,18,יהוה,nmpr,pers,E:YHWH,Other Tanakh
182429,1423309,462264,1 Kings,8,18,אל,prep,,C:divine-title-candidate,Other Tanakh
182430,1423309,462264,1 Kings,8,18,דוד,nmpr,pers,A:person-candidate,Other Tanakh
182468,1423311,462273,1 Kings,8,20,יהוה,nmpr,pers,E:YHWH,Other Tanakh
182476,1423311,462275,1 Kings,8,20,דוד,nmpr,pers,A:person-candidate,Other Tanakh
182482,1423311,462276,1 Kings,8,20,ישראל,nmpr,"pers,gens,topo",F:unclassified-name,Other Tanakh
182486,1423311,462277,1 Kings,8,20,יהוה,nmpr,pers,E:YHWH,Other Tanakh
182493,1423311,462278,1 Kings,8,20,יהוה,nmpr,pers,E:YHWH,Other Tanakh
182494,1423311,462278,1 Kings,8,20,אלהים,subs,,D:Elohim,Other Tanakh
182495,1423311,462278,1 Kings,8,20,ישראל,nmpr,"pers,gens,topo",F:unclassified-name,Other Tanakh
182506,1423312,462280,1 Kings,8,21,יהוה,nmpr,pers,E:YHWH,Other Tanakh
182516,1423312,462282,1 Kings,8,21,מצרים,nmpr,topo,F:unclassified-name,Other Tanakh
182519,1423313,462283,1 Kings,8,22,שלמה,nmpr,pers,A:person-candidate,Other Tanakh
182523,1423313,462283,1 Kings,8,22,יהוה,nmpr,pers,E:YHWH,Other Tanakh
182527,1423313,462283,1 Kings,8,22,ישראל,nmpr,"pers,gens,topo",F:unclassified-name,Other Tanakh
182535,1423314,462286,1 Kings,8,23,יהוה,nmpr,pers,E:YHWH,Other Tanakh
182536,1423314,462286,1 Kings,8,23,אלהים,subs,,D:Elohim,Other Tanakh
182537,1423314,462286,1 Kings,8,23,ישראל,nmpr,"pers,gens,topo",F:unclassified-name,Other Tanakh
182540,1423314,462287,1 Kings,8,23,אלהים,subs,,D:Elohim,Other Tanakh
182571,1423315,462290,1 Kings,8,24,דוד,nmpr,pers,A:person-candidate,Other Tanakh
182592,1423316,462296,1 Kings,8,25,יהוה,nmpr,pers,E:YHWH,Other Tanakh
182593,1423316,462296,1 Kings,8,25,אלהים,subs,,D:Elohim,Other Tanakh
182594,1423316,462296,1 Kings,8,25,ישראל,nmpr,"pers,gens,topo",F:unclassified-name,Other Tanakh
182598,1423316,462297,1 Kings,8,25,דוד,nmpr,pers,A:person-candidate,Other Tanakh
182616,1423316,462301,1 Kings,8,25,ישראל,nmpr,"pers,gens,topo",F:unclassified-name,Other Tanakh
182634,1423317,462306,1 Kings,8,26,אלהים,subs,,D:Elohim,Other Tanakh
182635,1423317,462306,1 Kings,8,26,ישראל,nmpr,"pers,gens,topo",F:unclassified-name,Other Tanakh
182643,1423317,462308,1 Kings,8,26,דוד,nmpr,pers,A:person-candidate,Other Tanakh
182649,1423318,462309,1 Kings,8,27,אלהים,subs,,D:Elohim,Other Tanakh
182672,1423319,462313,1 Kings,8,28,אל,prep,,C:divine-title-candidate,Other Tanakh
182676,1423319,462313,1 Kings,8,28,אל,prep,,C:divine-title-candidate,Other Tanakh
182678,1423319,462314,1 Kings,8,28,יהוה,nmpr,pers,E:YHWH,Other Tanakh
182679,1423319,462314,1 Kings,8,28,אלהים,subs,,D:Elohim,Other Tanakh
182682,1423319,462315,1 Kings,8,28,אל,prep,,C:divine-title-candidate,Other Tanakh
182686,1423319,462315,1 Kings,8,28,אל,prep,,C:divine-title-candidate,Other Tanakh
182700,1423320,462317,1 Kings,8,29,אל,prep,,C:divine-title-candidate,Other Tanakh
182708,1423320,462318,1 Kings,8,29,אל,prep,,C:divine-title-candidate,Other Tanakh
182718,1423320,462321,1 Kings,8,29,אל,prep,,C:divine-title-candidate,Other Tanakh
182724,1423320,462322,1 Kings,8,29,אל,prep,,C:divine-title-candidate,Other Tanakh
182731,1423321,462323,1 Kings,8,30,אל,prep,,C:divine-title-candidate,Other Tanakh
182736,1423321,462323,1 Kings,8,30,ישראל,nmpr,"pers,gens,topo",F:unclassified-name,Other Tanakh
182739,1423321,462324,1 Kings,8,30,אל,prep,,C:divine-title-candidate,Other Tanakh
182747,1423321,462325,1 Kings,8,30,אל,prep,,C:divine-title-candidate,Other Tanakh
182750,1423321,462325,1 Kings,8,30,אל,prep,,C:divine-title-candidate,Other Tanakh
182811,1423324,462339,1 Kings,8,33,ישראל,nmpr,"pers,gens,topo",F:unclassified-name,Other Tanakh
182820,1423324,462341,1 Kings,8,33,אל,prep,,C:divine-title-candidate,Other Tanakh
182829,1423324,462344,1 Kings,8,33,אל,prep,,C:divine-title-candidate,Other Tanakh
182845,1423325,462346,1 Kings,8,34,ישראל,nmpr,"pers,gens,topo",F:unclassified-name,Other Tanakh
182848,1423325,462347,1 Kings,8,34,אל,prep,,C:divine-title-candidate,Other Tanakh
182867,1423326,462352,1 Kings,8,35,אל,prep,,C:divine-title-candidate,Other Tanakh
182894,1423327,462357,1 Kings,8,36,ישראל,nmpr,"pers,gens,topo",F:unclassified-name,Other Tanakh
182955,1423329,462371,1 Kings,8,38,ישראל,nmpr,"pers,gens,topo",F:unclassified-name,Other Tanakh
182964,1423329,462374,1 Kings,8,38,אל,prep,,C:divine-title-candidate,Other Tanakh
183021,1423332,462384,1 Kings,8,41,אל,prep,,C:divine-title-candidate,Other Tanakh
183028,1423332,462385,1 Kings,8,41,ישראל,nmpr,"pers,gens,topo",F:unclassified-name,Other Tanakh
183056,1423333,462389,1 Kings,8,42,אל,prep,,C:divine-title-candidate,Other Tanakh
183073,1423334,462391,1 Kings,8,43,אל,prep,,C:divine-title-candidate,Other Tanakh
183089,1423334,462393,1 Kings,8,43,ישראל,nmpr,"pers,gens,topo",F:unclassified-name,Other Tanakh
183118,1423335,462399,1 Kings,8,44,אל,prep,,C:divine-title-candidate,Other Tanakh
183119,1423335,462399,1 Kings,8,44,יהוה,nmpr,pers,E:YHWH,Other Tanakh
183165,1423337,462409,1 Kings,8,46,אל,prep,,C:divine-title-candidate,Other Tanakh
183174,1423338,462410,1 Kings,8,47,אל,prep,,C:divine-title-candidate,Other Tanakh
183186,1423338,462413,1 Kings,8,47,אל,prep,,C:divine-title-candidate,Other Tanakh
183198,1423339,462418,1 Kings,8,48,אל,prep,,C:divine-title-candidate,Other Tanakh
183214,1423339,462420,1 Kings,8,48,אל,prep,,C:divine-title-candidate,Other Tanakh
183277,1423342,462433,1 Kings,8,51,מצרים,nmpr,topo,F:unclassified-name,Other Tanakh
183287,1423343,462434,1 Kings,8,52,אל,prep,,C:divine-title-candidate,Other Tanakh
183291,1423343,462434,1 Kings,8,52,אל,prep,,C:divine-title-candidate,Other Tanakh
183294,1423343,462434,1 Kings,8,52,ישראל,nmpr,"pers,gens,topo",F:unclassified-name,Other Tanakh
183297,1423343,462435,1 Kings,8,52,אל,prep,,C:divine-title-candidate,Other Tanakh
183301,1423343,462436,1 Kings,8,52,אל,prep,,C:divine-title-candidate,Other Tanakh
183318,1423344,462438,1 Kings,8,53,משה,nmpr,pers,A:person-candidate,Other Tanakh
183325,1423344,462439,1 Kings,8,53,מצרים,nmpr,topo,F:unclassified-name,Other Tanakh
183326,1423344,462440,1 Kings,8,53,אדני,nmpr,pers,C:divine-title-candidate,Other Tanakh
183327,1423344,462440,1 Kings,8,53,יהוה,nmpr,pers,E:YHWH,Other Tanakh
183332,1423345,462442,1 Kings,8,54,שלמה,nmpr,pers,A:person-candidate,Other Tanakh
183335,1423345,462443,1 Kings,8,54,אל,prep,,C:divine-title-candidate,Other Tanakh
183336,1423345,462443,1 Kings,8,54,יהוה,nmpr,pers,E:YHWH,Other Tanakh
183351,1423345,462444,1 Kings,8,54,יהוה,nmpr,pers,E:YHWH,Other Tanakh
183368,1423346,462448,1 Kings,8,55,ישראל,nmpr,"pers,gens,topo",F:unclassified-name,Other Tanakh
183374,1423347,462450,1 Kings,8,56,יהוה,nmpr,pers,E:YHWH,Other Tanakh
183380,1423347,462451,1 Kings,8,56,ישראל,nmpr,"pers,gens,topo",F:unclassified-name,Other Tanakh
183398,1423347,462454,1 Kings,8,56,משה,nmpr,pers,A:person-candidate,Other Tanakh
183401,1423348,462455,1 Kings,8,57,יהוה,nmpr,pers,E:YHWH,Other Tanakh
183402,1423348,462455,1 Kings,8,57,אלהים,subs,,D:Elohim,Other Tanakh
183409,1423348,462457,1 Kings,8,57,אל,nega,,C:divine-title-candidate,Other Tanakh
183412,1423348,462458,1 Kings,8,57,אל,nega,,C:divine-title-candidate,Other Tanakh
183417,1423349,462459,1 Kings,8,58,אל,prep,,C:divine-title-candidate,Other Tanakh
183443,1423350,462464,1 Kings,8,59,יהוה,nmpr,pers,E:YHWH,Other Tanakh
183445,1423350,462463,1 Kings,8,59,אל,prep,,C:divine-title-candidate,Other Tanakh
183446,1423350,462463,1 Kings,8,59,יהוה,nmpr,pers,E:YHWH,Other Tanakh
183447,1423350,462463,1 Kings,8,59,אלהים,subs,,D:Elohim,Other Tanakh
183458,1423350,462465,1 Kings,8,59,ישראל,nmpr,"pers,gens,topo",F:unclassified-name,Other Tanakh
183470,1423351,462467,1 Kings,8,60,יהוה,nmpr,pers,E:YHWH,Other Tanakh
183473,1423351,462468,1 Kings,8,60,אלהים,subs,,D:Elohim,Other Tanakh
183481,1423352,462470,1 Kings,8,61,יהוה,nmpr,pers,E:YHWH,Other Tanakh
183482,1423352,462470,1 Kings,8,61,אלהים,subs,,D:Elohim,Other Tanakh
183498,1423353,462474,1 Kings,8,62,מלך,subs,,B:deity-candidate,Other Tanakh
183501,1423353,462474,1 Kings,8,62,ישראל,nmpr,"pers,gens,topo",F:unclassified-name,Other Tanakh
183507,1423353,462474,1 Kings,8,62,יהוה,nmpr,pers,E:YHWH,Other Tanakh
183510,1423354,462475,1 Kings,8,63,שלמה,nmpr,pers,A:person-candidate,Other Tanakh
183518,1423354,462476,1 Kings,8,63,יהוה,nmpr,pers,E:YHWH,Other Tanakh
183534,1423354,462477,1 Kings,8,63,יהוה,nmpr,pers,E:YHWH,Other Tanakh
183536,1423354,462477,1 Kings,8,63,מלך,subs,,B:deity-candidate,Other Tanakh
183540,1423354,462477,1 Kings,8,63,ישראל,nmpr,"pers,gens,topo",F:unclassified-name,Other Tanakh
183548,1423355,462478,1 Kings,8,64,מלך,subs,,B:deity-candidate,Other Tanakh
183557,1423355,462479,1 Kings,8,64,יהוה,nmpr,pers,E:YHWH,Other Tanakh
183580,1423355,462482,1 Kings,8,64,יהוה,nmpr,pers,E:YHWH,Other Tanakh
183598,1423356,462484,1 Kings,8,65,שלמה,nmpr,pers,A:person-candidate,Other Tanakh
183609,1423356,462485,1 Kings,8,65,ישראל,nmpr,"pers,gens,topo",F:unclassified-name,Other Tanakh
183616,1423356,462487,1 Kings,8,65,חמת,nmpr,topo,F:unclassified-name,Other Tanakh
183619,1423356,462488,1 Kings,8,65,מצרים,nmpr,topo,F:unclassified-name,Other Tanakh
183622,1423356,462484,1 Kings,8,65,יהוה,nmpr,pers,E:YHWH,Other Tanakh
183623,1423356,462484,1 Kings,8,65,אלהים,subs,,D:Elohim,Other Tanakh
183645,1423357,462490,1 Kings,8,66,מלך,subs,,B:deity-candidate,Other Tanakh
183660,1423357,462493,1 Kings,8,66,יהוה,nmpr,pers,E:YHWH,Other Tanakh
183662,1423357,462493,1 Kings,8,66,דוד,nmpr,pers,A:person-candidate,Other Tanakh
183666,1423357,462493,1 Kings,8,66,ישראל,nmpr,"pers,gens,topo",F:unclassified-name,Other Tanakh
183672,1423358,462495,1 Kings,9,1,שלמה,nmpr,pers,A:person-candidate,Other Tanakh
183677,1423358,462496,1 Kings,9,1,יהוה,nmpr,pers,E:YHWH,Other Tanakh
183682,1423358,462496,1 Kings,9,1,מלך,subs,,B:deity-candidate,Other Tanakh
183687,1423358,462496,1 Kings,9,1,שלמה,nmpr,pers,A:person-candidate,Other Tanakh
183694,1423359,462499,1 Kings,9,2,יהוה,nmpr,pers,E:YHWH,Other Tanakh
183695,1423359,462499,1 Kings,9,2,אל,prep,,C:divine-title-candidate,Other Tanakh
183696,1423359,462499,1 Kings,9,2,שלמה,nmpr,pers,A:person-candidate,Other Tanakh
183701,1423359,462500,1 Kings,9,2,אל,prep,,C:divine-title-candidate,Other Tanakh
183703,1423359,462500,1 Kings,9,2,גבעון,nmpr,topo,F:unclassified-name,Other Tanakh
183706,1423360,462501,1 Kings,9,3,יהוה,nmpr,pers,E:YHWH,Other Tanakh
183707,1423360,462501,1 Kings,9,3,אל,prep,,C:divine-title-candidate,Other Tanakh
183750,1423361,462510,1 Kings,9,4,דוד,nmpr,pers,A:person-candidate,Other Tanakh
183774,1423362,462514,1 Kings,9,5,ישראל,nmpr,"pers,gens,topo",F:unclassified-name,Other Tanakh
183781,1423362,462515,1 Kings,9,5,דוד,nmpr,pers,A:person-candidate,Other Tanakh
183792,1423362,462517,1 Kings,9,5,ישראל,nmpr,"pers,gens,topo",F:unclassified-name,Other Tanakh
183814,1423363,462522,1 Kings,9,6,אלהים,subs,,D:Elohim,Other Tanakh
183822,1423364,462524,1 Kings,9,7,ישראל,nmpr,"pers,gens,topo",F:unclassified-name,Other Tanakh
183845,1423364,462528,1 Kings,9,7,ישראל,nmpr,"pers,gens,topo",F:unclassified-name,Other Tanakh
183861,1423365,462529,1 Kings,9,8,עליון,adjv,,C:divine-title-candidate,Other Tanakh
183873,1423365,462534,1 Kings,9,8,יהוה,nmpr,pers,E:YHWH,Other Tanakh
183892,1423366,462536,1 Kings,9,9,יהוה,nmpr,pers,E:YHWH,Other Tanakh
183893,1423366,462536,1 Kings,9,9,אלהים,subs,,D:Elohim,Other Tanakh
183900,1423366,462537,1 Kings,9,9,מצרים,nmpr,topo,F:unclassified-name,Other Tanakh
183904,1423366,462538,1 Kings,9,9,אלהים,subs,,D:Elohim,Other Tanakh
183914,1423366,462541,1 Kings,9,9,יהוה,nmpr,pers,E:YHWH,Other Tanakh
183930,1423367,462543,1 Kings,9,10,שלמה,nmpr,pers,A:person-candidate,Other Tanakh
183937,1423367,462543,1 Kings,9,10,יהוה,nmpr,pers,E:YHWH,Other Tanakh
183942,1423367,462543,1 Kings,9,10,מלך,subs,,B:deity-candidate,Other Tanakh
183943,1423368,462544,1 Kings,9,11,חירם,nmpr,pers,A:person-candidate,Other Tanakh
183944,1423368,462544,1 Kings,9,11,מלך,subs,,B:deity-candidate,Other Tanakh
183945,1423368,462544,1 Kings,9,11,צר,nmpr,topo,F:unclassified-name,Other Tanakh
183948,1423368,462544,1 Kings,9,11,שלמה,nmpr,pers,A:person-candidate,Other Tanakh
183966,1423368,462545,1 Kings,9,11,מלך,subs,,B:deity-candidate,Other Tanakh
183967,1423368,462545,1 Kings,9,11,שלמה,nmpr,pers,A:person-candidate,Other Tanakh
183969,1423368,462545,1 Kings,9,11,חירם,nmpr,pers,A:person-candidate,Other Tanakh
183975,1423368,462545,1 Kings,9,11,גליל,nmpr,topo,F:unclassified-name,Other Tanakh
183978,1423369,462546,1 Kings,9,12,חירם,nmpr,pers,A:person-candidate,Other Tanakh
183980,1423369,462546,1 Kings,9,12,צר,nmpr,topo,F:unclassified-name,Other Tanakh
183989,1423369,462548,1 Kings,9,12,שלמה,nmpr,pers,A:person-candidate,Other Tanakh
184010,1423370,462554,1 Kings,9,13,כבול,nmpr,topo,F:unclassified-name,Other Tanakh
184018,1423371,462555,1 Kings,9,14,חירם,nmpr,pers,A:person-candidate,Other Tanakh
184021,1423371,462555,1 Kings,9,14,מלך,subs,,B:deity-candidate,Other Tanakh
184035,1423372,462557,1 Kings,9,15,מלך,subs,,B:deity-candidate,Other Tanakh
184036,1423372,462557,1 Kings,9,15,שלמה,nmpr,pers,A:person-candidate,Other Tanakh
184041,1423372,462558,1 Kings,9,15,יהוה,nmpr,pers,E:YHWH,Other Tanakh
184052,1423372,462558,1 Kings,9,15,ירושלם,nmpr,topo,F:unclassified-name,Other Tanakh
184055,1423372,462558,1 Kings,9,15,חצור,nmpr,topo,F:unclassified-name,Other Tanakh
184058,1423372,462558,1 Kings,9,15,מגדו,nmpr,topo,F:unclassified-name,Other Tanakh
184061,1423372,462558,1 Kings,9,15,גזר,nmpr,topo,F:unclassified-name,Other Tanakh
184063,1423373,462559,1 Kings,9,16,מלך,subs,,B:deity-candidate,Other Tanakh
184064,1423373,462559,1 Kings,9,16,מצרים,nmpr,topo,F:unclassified-name,Other Tanakh
184069,1423373,462560,1 Kings,9,16,גזר,nmpr,topo,F:unclassified-name,Other Tanakh
184091,1423373,462564,1 Kings,9,16,שלמה,nmpr,pers,A:person-candidate,Other Tanakh
184094,1423374,462565,1 Kings,9,17,שלמה,nmpr,pers,A:person-candidate,Other Tanakh
184096,1423374,462565,1 Kings,9,17,גזר,nmpr,topo,F:unclassified-name,Other Tanakh
184099,1423374,462565,1 Kings,9,17,בית חורון,nmpr,topo,F:unclassified-name,Other Tanakh
184103,1423375,462566,1 Kings,9,18,בעלת,nmpr,topo,F:unclassified-name,Other Tanakh
184106,1423375,462566,1 Kings,9,18,תדמר,nmpr,topo,F:unclassified-name,Other Tanakh
184122,1423376,462568,1 Kings,9,19,שלמה,nmpr,pers,A:person-candidate,Other Tanakh
184136,1423376,462569,1 Kings,9,19,שלמה,nmpr,pers,A:person-candidate,Other Tanakh
184142,1423376,462571,1 Kings,9,19,ירושלם,nmpr,topo,F:unclassified-name,Other Tanakh
184146,1423376,462571,1 Kings,9,19,לבנון,nmpr,topo,F:unclassified-name,Other Tanakh
184173,1423377,462574,1 Kings,9,20,ישראל,nmpr,"pers,gens,topo",F:unclassified-name,Other Tanakh
184186,1423378,462577,1 Kings,9,21,ישראל,nmpr,"pers,gens,topo",F:unclassified-name,Other Tanakh
184191,1423378,462579,1 Kings,9,21,שלמה,nmpr,pers,A:person-candidate,Other Tanakh
184203,1423379,462580,1 Kings,9,22,ישראל,nmpr,"pers,gens,topo",F:unclassified-name,Other Tanakh
184206,1423379,462580,1 Kings,9,22,שלמה,nmpr,pers,A:person-candidate,Other Tanakh
184233,1423380,462583,1 Kings,9,23,שלמה,nmpr,pers,A:person-candidate,Other Tanakh
184254,1423381,462587,1 Kings,9,24,דוד,nmpr,pers,A:person-candidate,Other Tanakh
184255,1423381,462587,1 Kings,9,24,אל,prep,,C:divine-title-candidate,Other Tanakh
184267,1423382,462590,1 Kings,9,25,שלמה,nmpr,pers,A:person-candidate,Other Tanakh
184282,1423382,462591,1 Kings,9,25,יהוה,nmpr,pers,E:YHWH,Other Tanakh
184289,1423382,462593,1 Kings,9,25,יהוה,nmpr,pers,E:YHWH,Other Tanakh
184299,1423383,462595,1 Kings,9,26,מלך,subs,,B:deity-candidate,Other Tanakh
184300,1423383,462595,1 Kings,9,26,שלמה,nmpr,pers,A:person-candidate,Other Tanakh
184302,1423383,462595,1 Kings,9,26,עציון גבר,nmpr,topo,F:unclassified-name,Other Tanakh
184305,1423383,462596,1 Kings,9,26,אילת,nmpr,topo,F:unclassified-name,Other Tanakh
184312,1423383,462596,1 Kings,9,26,אדום,nmpr,topo,F:unclassified-name,Other Tanakh
184315,1423384,462597,1 Kings,9,27,חירם,nmpr,pers,A:person-candidate,Other Tanakh
184328,1423384,462597,1 Kings,9,27,שלמה,nmpr,pers,A:person-candidate,Other Tanakh
184331,1423385,462598,1 Kings,9,28,אופיר,nmpr,topo,F:unclassified-name,Other Tanakh
184344,1423385,462600,1 Kings,9,28,אל,prep,,C:divine-title-candidate,Other Tanakh
184346,1423385,462600,1 Kings,9,28,מלך,subs,,B:deity-candidate,Other Tanakh
184347,1423385,462600,1 Kings,9,28,שלמה,nmpr,pers,A:person-candidate,Other Tanakh
184350,1423386,462601,1 Kings,10,1,שבא,nmpr,topo,F:unclassified-name,Other Tanakh
184354,1423386,462601,1 Kings,10,1,שלמה,nmpr,pers,A:person-candidate,Other Tanakh
184357,1423386,462601,1 Kings,10,1,יהוה,nmpr,pers,E:YHWH,Other Tanakh
184366,1423387,462604,1 Kings,10,2,ירושלם,nmpr,topo,F:unclassified-name,Other Tanakh
184383,1423387,462606,1 Kings,10,2,אל,prep,,C:divine-title-candidate,Other Tanakh
184384,1423387,462606,1 Kings,10,2,שלמה,nmpr,pers,A:person-candidate,Other Tanakh
184387,1423387,462607,1 Kings,10,2,אל,prep,,C:divine-title-candidate,Other Tanakh
184397,1423388,462609,1 Kings,10,3,שלמה,nmpr,pers,A:person-candidate,Other Tanakh
184407,1423388,462610,1 Kings,10,3,מלך,subs,,B:deity-candidate,Other Tanakh
184415,1423389,462612,1 Kings,10,4,שבא,nmpr,topo,F:unclassified-name,Other Tanakh
184419,1423389,462612,1 Kings,10,4,שלמה,nmpr,pers,A:person-candidate,Other Tanakh
184443,1423390,462614,1 Kings,10,5,יהוה,nmpr,pers,E:YHWH,Other Tanakh
184452,1423391,462616,1 Kings,10,6,אל,prep,,C:divine-title-candidate,Other Tanakh
184454,1423391,462616,1 Kings,10,6,מלך,subs,,B:deity-candidate,Other Tanakh
184491,1423392,462624,1 Kings,10,7,אל,prep,,C:divine-title-candidate,Other Tanakh
184511,1423394,462630,1 Kings,10,9,יהוה,nmpr,pers,E:YHWH,Other Tanakh
184512,1423394,462630,1 Kings,10,9,אלהים,subs,,D:Elohim,Other Tanakh
184521,1423394,462632,1 Kings,10,9,ישראל,nmpr,"pers,gens,topo",F:unclassified-name,Other Tanakh
184524,1423394,462633,1 Kings,10,9,יהוה,nmpr,pers,E:YHWH,Other Tanakh
184526,1423394,462633,1 Kings,10,9,ישראל,nmpr,"pers,gens,topo",F:unclassified-name,Other Tanakh
184532,1423394,462634,1 Kings,10,9,מלך,subs,,B:deity-candidate,Other Tanakh
184542,1423395,462636,1 Kings,10,10,מלך,subs,,B:deity-candidate,Other Tanakh
184568,1423395,462638,1 Kings,10,10,שבא,nmpr,topo,F:unclassified-name,Other Tanakh
184571,1423395,462638,1 Kings,10,10,מלך,subs,,B:deity-candidate,Other Tanakh
184572,1423395,462638,1 Kings,10,10,שלמה,nmpr,pers,A:person-candidate,Other Tanakh
184576,1423396,462639,1 Kings,10,11,חירם,nmpr,pers,A:person-candidate,Other Tanakh
184581,1423396,462640,1 Kings,10,11,אופיר,nmpr,topo,F:unclassified-name,Other Tanakh
184584,1423396,462639,1 Kings,10,11,אופיר,nmpr,topo,F:unclassified-name,Other Tanakh
184595,1423397,462641,1 Kings,10,12,מלך,subs,,B:deity-candidate,Other Tanakh
184603,1423397,462641,1 Kings,10,12,יהוה,nmpr,pers,E:YHWH,Other Tanakh
184608,1423397,462641,1 Kings,10,12,מלך,subs,,B:deity-candidate,Other Tanakh
184631,1423398,462644,1 Kings,10,13,מלך,subs,,B:deity-candidate,Other Tanakh
184632,1423398,462644,1 Kings,10,13,שלמה,nmpr,pers,A:person-candidate,Other Tanakh
184636,1423398,462644,1 Kings,10,13,שבא,nmpr,topo,F:unclassified-name,Other Tanakh
184651,1423398,462646,1 Kings,10,13,מלך,subs,,B:deity-candidate,Other Tanakh
184652,1423398,462646,1 Kings,10,13,שלמה,nmpr,pers,A:person-candidate,Other Tanakh
184670,1423399,462650,1 Kings,10,14,שלמה,nmpr,pers,A:person-candidate,Other Tanakh
184693,1423400,462651,1 Kings,10,15,מלך,subs,,B:deity-candidate,Other Tanakh
184695,1423400,462651,1 Kings,10,15,ערב,nmpr,topo,F:unclassified-name,Other Tanakh
184703,1423401,462652,1 Kings,10,16,מלך,subs,,B:deity-candidate,Other Tanakh
184704,1423401,462652,1 Kings,10,16,שלמה,nmpr,pers,A:person-candidate,Other Tanakh
184736,1423402,462656,1 Kings,10,17,מלך,subs,,B:deity-candidate,Other Tanakh
184740,1423402,462656,1 Kings,10,17,לבנון,nmpr,topo,F:unclassified-name,Other Tanakh
184744,1423403,462657,1 Kings,10,18,מלך,subs,,B:deity-candidate,Other Tanakh
184772,1423404,462661,1 Kings,10,19,אל,prep,,C:divine-title-candidate,Other Tanakh
184809,1423406,462665,1 Kings,10,21,מלך,subs,,B:deity-candidate,Other Tanakh
184810,1423406,462665,1 Kings,10,21,שלמה,nmpr,pers,A:person-candidate,Other Tanakh
184818,1423406,462666,1 Kings,10,21,לבנון,nmpr,topo,F:unclassified-name,Other Tanakh
184827,1423406,462668,1 Kings,10,21,שלמה,nmpr,pers,A:person-candidate,Other Tanakh
184832,1423407,462669,1 Kings,10,22,תרשיש,nmpr,topo,F:unclassified-name,Other Tanakh
184835,1423407,462669,1 Kings,10,22,מלך,subs,,B:deity-candidate,Other Tanakh
184841,1423407,462669,1 Kings,10,22,חירם,nmpr,pers,A:person-candidate,Other Tanakh
184848,1423407,462670,1 Kings,10,22,תרשיש,nmpr,topo,F:unclassified-name,Other Tanakh
184861,1423408,462672,1 Kings,10,23,מלך,subs,,B:deity-candidate,Other Tanakh
184862,1423408,462672,1 Kings,10,23,שלמה,nmpr,pers,A:person-candidate,Other Tanakh
184865,1423408,462672,1 Kings,10,23,מלך,subs,,B:deity-candidate,Other Tanakh
184880,1423409,462673,1 Kings,10,24,שלמה,nmpr,pers,A:person-candidate,Other Tanakh
184887,1423409,462675,1 Kings,10,24,אלהים,subs,,D:Elohim,Other Tanakh
184915,1423411,462678,1 Kings,10,26,שלמה,nmpr,pers,A:person-candidate,Other Tanakh
184941,1423411,462680,1 Kings,10,26,מלך,subs,,B:deity-candidate,Other Tanakh
184943,1423411,462680,1 Kings,10,26,ירושלם,nmpr,topo,F:unclassified-name,Other Tanakh
184947,1423412,462681,1 Kings,10,27,מלך,subs,,B:deity-candidate,Other Tanakh
184952,1423412,462681,1 Kings,10,27,ירושלם,nmpr,topo,F:unclassified-name,Other Tanakh
184976,1423413,462685,1 Kings,10,28,שלמה,nmpr,pers,A:person-candidate,Other Tanakh
184978,1423413,462684,1 Kings,10,28,מצרים,nmpr,topo,F:unclassified-name,Other Tanakh
184983,1423413,462687,1 Kings,10,28,מלך,subs,,B:deity-candidate,Other Tanakh
184994,1423414,462689,1 Kings,10,29,מצרים,nmpr,topo,F:unclassified-name,Other Tanakh
185009,1423414,462691,1 Kings,10,29,מלך,subs,,B:deity-candidate,Other Tanakh
185014,1423414,462691,1 Kings,10,29,מלך,subs,,B:deity-candidate,Other Tanakh
185015,1423414,462691,1 Kings,10,29,ארם,nmpr,topo,F:unclassified-name,Other Tanakh
185021,1423415,462692,1 Kings,11,1,מלך,subs,,B:deity-candidate,Other Tanakh
185022,1423415,462692,1 Kings,11,1,שלמה,nmpr,pers,A:person-candidate,Other Tanakh
185041,1423416,462694,1 Kings,11,2,יהוה,nmpr,pers,E:YHWH,Other Tanakh
185042,1423416,462694,1 Kings,11,2,אל,prep,,C:divine-title-candidate,Other Tanakh
185044,1423416,462694,1 Kings,11,2,ישראל,nmpr,"pers,gens,topo",F:unclassified-name,Other Tanakh
185058,1423416,462697,1 Kings,11,2,אלהים,subs,,D:Elohim,Other Tanakh
185061,1423416,462698,1 Kings,11,2,שלמה,nmpr,pers,A:person-candidate,Other Tanakh
185085,1423418,462701,1 Kings,11,4,שלמה,nmpr,pers,A:person-candidate,Other Tanakh
185091,1423418,462702,1 Kings,11,4,אלהים,subs,,D:Elohim,Other Tanakh
185099,1423418,462703,1 Kings,11,4,יהוה,nmpr,pers,E:YHWH,Other Tanakh
185100,1423418,462703,1 Kings,11,4,אלהים,subs,,D:Elohim,Other Tanakh
185103,1423418,462703,1 Kings,11,4,דוד,nmpr,pers,A:person-candidate,Other Tanakh
185107,1423419,462704,1 Kings,11,5,שלמה,nmpr,pers,A:person-candidate,Other Tanakh
185109,1423419,462704,1 Kings,11,5,עשתרת,nmpr,pers,B:deity-candidate,Other Tanakh
185110,1423419,462704,1 Kings,11,5,אלהים,subs,,D:Elohim,Other Tanakh
185114,1423419,462704,1 Kings,11,5,מלכם,nmpr,pers,B:deity-candidate,Other Tanakh
185119,1423420,462705,1 Kings,11,6,שלמה,nmpr,pers,A:person-candidate,Other Tanakh
185124,1423420,462706,1 Kings,11,6,יהוה,nmpr,pers,E:YHWH,Other Tanakh
185129,1423420,462707,1 Kings,11,6,יהוה,nmpr,pers,E:YHWH,Other Tanakh
185131,1423420,462707,1 Kings,11,6,דוד,nmpr,pers,A:person-candidate,Other Tanakh
185135,1423421,462708,1 Kings,11,7,שלמה,nmpr,pers,A:person-candidate,Other Tanakh
185138,1423421,462708,1 Kings,11,7,כמוש,nmpr,pers,B:deity-candidate,Other Tanakh
185140,1423421,462708,1 Kings,11,7,מואב,nmpr,"pers,gens,topo",F:unclassified-name,Other Tanakh
185147,1423421,462709,1 Kings,11,7,ירושלם,nmpr,topo,F:unclassified-name,Other Tanakh
185150,1423421,462708,1 Kings,11,7,מלך,nmpr,pers,B:deity-candidate,Other Tanakh
185153,1423421,462708,1 Kings,11,7,עמון,nmpr,gens,F:unclassified-name,Other Tanakh
185166,1423422,462712,1 Kings,11,8,אלהים,subs,,D:Elohim,Other Tanakh
185169,1423423,462713,1 Kings,11,9,יהוה,nmpr,pers,E:YHWH,Other Tanakh
185171,1423423,462713,1 Kings,11,9,שלמה,nmpr,pers,A:person-candidate,Other Tanakh
185177,1423423,462714,1 Kings,11,9,יהוה,nmpr,pers,E:YHWH,Other Tanakh
185178,1423423,462714,1 Kings,11,9,אלהים,subs,,D:Elohim,Other Tanakh
185179,1423423,462714,1 Kings,11,9,ישראל,nmpr,"pers,gens,topo",F:unclassified-name,Other Tanakh
185182,1423423,462715,1 Kings,11,9,אל,prep,,C:divine-title-candidate,Other Tanakh
185186,1423424,462716,1 Kings,11,10,אל,prep,,C:divine-title-candidate,Other Tanakh
185196,1423424,462717,1 Kings,11,10,אלהים,subs,,D:Elohim,Other Tanakh
185204,1423424,462719,1 Kings,11,10,יהוה,nmpr,pers,E:YHWH,Other Tanakh
185207,1423425,462720,1 Kings,11,11,יהוה,nmpr,pers,E:YHWH,Other Tanakh
185209,1423425,462720,1 Kings,11,11,שלמה,nmpr,pers,A:person-candidate,Other Tanakh
185241,1423426,462726,1 Kings,11,12,דוד,nmpr,pers,A:person-candidate,Other Tanakh
185260,1423427,462729,1 Kings,11,13,דוד,nmpr,pers,A:person-candidate,Other Tanakh
185264,1423427,462729,1 Kings,11,13,ירושלם,nmpr,topo,F:unclassified-name,Other Tanakh
185269,1423428,462731,1 Kings,11,14,יהוה,nmpr,pers,E:YHWH,Other Tanakh
185272,1423428,462731,1 Kings,11,14,שלמה,nmpr,pers,A:person-candidate,Other Tanakh
185274,1423428,462731,1 Kings,11,14,הדד,nmpr,pers,A:person-candidate,Other Tanakh
185280,1423428,462732,1 Kings,11,14,מלך,subs,,B:deity-candidate,Other Tanakh
185283,1423428,462732,1 Kings,11,14,אדום,nmpr,topo,F:unclassified-name,Other Tanakh
185288,1423429,462734,1 Kings,11,15,דוד,nmpr,pers,A:person-candidate,Other Tanakh
185290,1423429,462734,1 Kings,11,15,אדום,nmpr,topo,F:unclassified-name,Other Tanakh
185293,1423429,462735,1 Kings,11,15,יואב,nmpr,pers,A:person-candidate,Other Tanakh
185307,1423429,462737,1 Kings,11,15,אדום,nmpr,topo,F:unclassified-name,Other Tanakh
185313,1423430,462738,1 Kings,11,16,יואב,nmpr,pers,A:person-candidate,Other Tanakh
185316,1423430,462738,1 Kings,11,16,ישראל,nmpr,"pers,gens,topo",F:unclassified-name,Other Tanakh
185322,1423430,462739,1 Kings,11,16,אדום,nmpr,topo,F:unclassified-name,Other Tanakh
185325,1423431,462740,1 Kings,11,17,אדד,nmpr,pers,A:person-candidate,Other Tanakh
185336,1423431,462742,1 Kings,11,17,מצרים,nmpr,topo,F:unclassified-name,Other Tanakh
185338,1423431,462743,1 Kings,11,17,הדד,nmpr,pers,A:person-candidate,Other Tanakh
185344,1423432,462744,1 Kings,11,18,מדין,nmpr,"pers,gens,topo",F:unclassified-name,Other Tanakh
185347,1423432,462745,1 Kings,11,18,פארן,nmpr,topo,F:unclassified-name,Other Tanakh
185353,1423432,462746,1 Kings,11,18,פארן,nmpr,topo,F:unclassified-name,Other Tanakh
185356,1423432,462747,1 Kings,11,18,מצרים,nmpr,topo,F:unclassified-name,Other Tanakh
185357,1423432,462747,1 Kings,11,18,אל,prep,,C:divine-title-candidate,Other Tanakh
185359,1423432,462747,1 Kings,11,18,מלך,subs,,B:deity-candidate,Other Tanakh
185360,1423432,462747,1 Kings,11,18,מצרים,nmpr,topo,F:unclassified-name,Other Tanakh
185375,1423433,462751,1 Kings,11,19,הדד,nmpr,pers,A:person-candidate,Other Tanakh
185389,1423433,462752,1 Kings,11,19,תחפניס,nmpr,pers,A:person-candidate,Other Tanakh
185396,1423434,462753,1 Kings,11,20,תחפניס,nmpr,pers,A:person-candidate,Other Tanakh
185398,1423434,462753,1 Kings,11,20,גנבת,nmpr,pers,A:person-candidate,Other Tanakh
185402,1423434,462754,1 Kings,11,20,תחפניס,nmpr,pers,A:person-candidate,Other Tanakh
185409,1423434,462755,1 Kings,11,20,גנבת,nmpr,pers,A:person-candidate,Other Tanakh
185417,1423435,462756,1 Kings,11,21,הדד,nmpr,pers,A:person-candidate,Other Tanakh
185420,1423435,462756,1 Kings,11,21,מצרים,nmpr,topo,F:unclassified-name,Other Tanakh
185423,1423435,462757,1 Kings,11,21,דוד,nmpr,pers,A:person-candidate,Other Tanakh
185429,1423435,462758,1 Kings,11,21,יואב,nmpr,pers,A:person-candidate,Other Tanakh
185435,1423435,462759,1 Kings,11,21,הדד,nmpr,pers,A:person-candidate,Other Tanakh
185436,1423435,462759,1 Kings,11,21,אל,prep,,C:divine-title-candidate,Other Tanakh
185441,1423435,462761,1 Kings,11,21,אל,prep,,C:divine-title-candidate,Other Tanakh
185457,1423436,462765,1 Kings,11,22,אל,prep,,C:divine-title-candidate,Other Tanakh
185467,1423437,462769,1 Kings,11,23,אלהים,subs,,D:Elohim,Other Tanakh
185471,1423437,462769,1 Kings,11,23,רזון,nmpr,pers,A:person-candidate,Other Tanakh
185473,1423437,462769,1 Kings,11,23,אלידע,nmpr,pers,A:person-candidate,Other Tanakh
185478,1423437,462770,1 Kings,11,23,הדדעזר,nmpr,pers,A:person-candidate,Other Tanakh
185479,1423437,462770,1 Kings,11,23,מלך,subs,,B:deity-candidate,Other Tanakh
185480,1423437,462770,1 Kings,11,23,צובא,nmpr,topo,F:unclassified-name,Other Tanakh
185492,1423438,462773,1 Kings,11,24,דוד,nmpr,pers,A:person-candidate,Other Tanakh
185496,1423438,462774,1 Kings,11,24,דמשק,nmpr,topo,F:unclassified-name,Other Tanakh
185501,1423438,462776,1 Kings,11,24,מלך,verb,,B:deity-candidate,Other Tanakh
185503,1423438,462776,1 Kings,11,24,דמשק,nmpr,topo,F:unclassified-name,Other Tanakh
185508,1423439,462777,1 Kings,11,25,ישראל,nmpr,"pers,gens,topo",F:unclassified-name,Other Tanakh
185511,1423439,462777,1 Kings,11,25,שלמה,nmpr,pers,A:person-candidate,Other Tanakh
185517,1423439,462779,1 Kings,11,25,הדד,nmpr,pers,A:person-candidate,Other Tanakh
185521,1423439,462780,1 Kings,11,25,ישראל,nmpr,"pers,gens,topo",F:unclassified-name,Other Tanakh
185523,1423439,462781,1 Kings,11,25,מלך,verb,,B:deity-candidate,Other Tanakh
185525,1423439,462781,1 Kings,11,25,ארם,nmpr,topo,F:unclassified-name,Other Tanakh
185527,1423440,462782,1 Kings,11,26,ירבעם,nmpr,pers,A:person-candidate,Other Tanakh
185529,1423440,462782,1 Kings,11,26,נבט,nmpr,pers,A:person-candidate,Other Tanakh
185533,1423440,462782,1 Kings,11,26,צרדה,nmpr,topo,F:unclassified-name,Other Tanakh
185537,1423440,462783,1 Kings,11,26,צרועה,nmpr,pers,A:person-candidate,Other Tanakh
185542,1423440,462782,1 Kings,11,26,שלמה,nmpr,pers,A:person-candidate,Other Tanakh
185548,1423440,462784,1 Kings,11,26,מלך,subs,,B:deity-candidate,Other Tanakh
185558,1423441,462786,1 Kings,11,27,מלך,subs,,B:deity-candidate,Other Tanakh
185559,1423441,462787,1 Kings,11,27,שלמה,nmpr,pers,A:person-candidate,Other Tanakh
185568,1423441,462788,1 Kings,11,27,דוד,nmpr,pers,A:person-candidate,Other Tanakh
185573,1423442,462789,1 Kings,11,28,ירבעם,nmpr,pers,A:person-candidate,Other Tanakh
185578,1423442,462790,1 Kings,11,28,שלמה,nmpr,pers,A:person-candidate,Other Tanakh
185593,1423442,462792,1 Kings,11,28,יוסף,nmpr,pers,A:person-candidate,Other Tanakh
185602,1423443,462794,1 Kings,11,29,ירבעם,nmpr,pers,A:person-candidate,Other Tanakh
185605,1423443,462794,1 Kings,11,29,ירושלם,nmpr,topo,F:unclassified-name,Other Tanakh
185609,1423443,462795,1 Kings,11,29,אחיה,nmpr,pers,A:person-candidate,Other Tanakh
185632,1423444,462798,1 Kings,11,30,אחיה,nmpr,pers,A:person-candidate,Other Tanakh
185648,1423445,462801,1 Kings,11,31,ירבעם,nmpr,pers,A:person-candidate,Other Tanakh
185656,1423445,462803,1 Kings,11,31,יהוה,nmpr,pers,E:YHWH,Other Tanakh
185657,1423445,462803,1 Kings,11,31,אלהים,subs,,D:Elohim,Other Tanakh
185658,1423445,462803,1 Kings,11,31,ישראל,nmpr,"pers,gens,topo",F:unclassified-name,Other Tanakh
185666,1423445,462804,1 Kings,11,31,שלמה,nmpr,pers,A:person-candidate,Other Tanakh
185683,1423446,462806,1 Kings,11,32,דוד,nmpr,pers,A:person-candidate,Other Tanakh
185686,1423446,462806,1 Kings,11,32,ירושלם,nmpr,topo,F:unclassified-name,Other Tanakh
185695,1423446,462807,1 Kings,11,32,ישראל,nmpr,"pers,gens,topo",F:unclassified-name,Other Tanakh
185702,1423447,462809,1 Kings,11,33,עשתרת,nmpr,pers,B:deity-candidate,Other Tanakh
185703,1423447,462809,1 Kings,11,33,אלהים,subs,,D:Elohim,Other Tanakh
185706,1423447,462809,1 Kings,11,33,כמוש,nmpr,pers,B:deity-candidate,Other Tanakh
185707,1423447,462809,1 Kings,11,33,אלהים,subs,,D:Elohim,Other Tanakh
185708,1423447,462809,1 Kings,11,33,מואב,nmpr,"pers,gens,topo",F:unclassified-name,Other Tanakh
185711,1423447,462809,1 Kings,11,33,מלכם,nmpr,pers,B:deity-candidate,Other Tanakh
185712,1423447,462809,1 Kings,11,33,אלהים,subs,,D:Elohim,Other Tanakh
185714,1423447,462809,1 Kings,11,33,עמון,nmpr,gens,F:unclassified-name,Other Tanakh
185731,1423447,462813,1 Kings,11,33,דוד,nmpr,pers,A:person-candidate,Other Tanakh
185749,1423448,462815,1 Kings,11,34,דוד,nmpr,pers,A:person-candidate,Other Tanakh
185783,1423450,462821,1 Kings,11,36,דוד,nmpr,pers,A:person-candidate,Other Tanakh
185791,1423450,462821,1 Kings,11,36,ירושלם,nmpr,topo,F:unclassified-name,Other Tanakh
185805,1423451,462825,1 Kings,11,37,מלך,verb,,B:deity-candidate,Other Tanakh
185813,1423451,462827,1 Kings,11,37,מלך,subs,,B:deity-candidate,Other Tanakh
185815,1423451,462827,1 Kings,11,37,ישראל,nmpr,"pers,gens,topo",F:unclassified-name,Other Tanakh
185842,1423452,462835,1 Kings,11,38,דוד,nmpr,pers,A:person-candidate,Other Tanakh
185856,1423452,462838,1 Kings,11,38,דוד,nmpr,pers,A:person-candidate,Other Tanakh
185861,1423452,462839,1 Kings,11,38,ישראל,nmpr,"pers,gens,topo",F:unclassified-name,Other Tanakh
185866,1423453,462840,1 Kings,11,39,דוד,nmpr,pers,A:person-candidate,Other Tanakh
185876,1423454,462842,1 Kings,11,40,שלמה,nmpr,pers,A:person-candidate,Other Tanakh
185880,1423454,462843,1 Kings,11,40,ירבעם,nmpr,pers,A:person-candidate,Other Tanakh
185883,1423454,462844,1 Kings,11,40,ירבעם,nmpr,pers,A:person-candidate,Other Tanakh
185886,1423454,462845,1 Kings,11,40,מצרים,nmpr,topo,F:unclassified-name,Other Tanakh
185887,1423454,462845,1 Kings,11,40,אל,prep,,C:divine-title-candidate,Other Tanakh
185888,1423454,462845,1 Kings,11,40,שישק,nmpr,pers,A:person-candidate,Other Tanakh
185889,1423454,462845,1 Kings,11,40,מלך,subs,,B:deity-candidate,Other Tanakh
185890,1423454,462845,1 Kings,11,40,מצרים,nmpr,topo,F:unclassified-name,Other Tanakh
185894,1423454,462846,1 Kings,11,40,מצרים,nmpr,topo,F:unclassified-name,Other Tanakh
185897,1423454,462846,1 Kings,11,40,שלמה,nmpr,pers,A:person-candidate,Other Tanakh
185901,1423455,462847,1 Kings,11,41,שלמה,nmpr,pers,A:person-candidate,Other Tanakh
185915,1423455,462849,1 Kings,11,41,שלמה,nmpr,pers,A:person-candidate,Other Tanakh
185920,1423456,462851,1 Kings,11,42,מלך,verb,,B:deity-candidate,Other Tanakh
185921,1423456,462851,1 Kings,11,42,שלמה,nmpr,pers,A:person-candidate,Other Tanakh
185923,1423456,462851,1 Kings,11,42,ירושלם,nmpr,topo,F:unclassified-name,Other Tanakh
185926,1423456,462851,1 Kings,11,42,ישראל,nmpr,"pers,gens,topo",F:unclassified-name,Other Tanakh
185931,1423457,462852,1 Kings,11,43,שלמה,nmpr,pers,A:person-candidate,Other Tanakh
185938,1423457,462853,1 Kings,11,43,דוד,nmpr,pers,A:person-candidate,Other Tanakh
185941,1423457,462854,1 Kings,11,43,מלך,verb,,B:deity-candidate,Other Tanakh
185942,1423457,462854,1 Kings,11,43,רחבעם,nmpr,pers,A:person-candidate,Other Tanakh
185947,1423458,462855,1 Kings,12,1,רחבעם,nmpr,pers,A:person-candidate,Other Tanakh
185948,1423458,462855,1 Kings,12,1,שכם,nmpr,topo,F:unclassified-name,Other Tanakh
185950,1423458,462856,1 Kings,12,1,שכם,nmpr,topo,F:unclassified-name,Other Tanakh
185953,1423458,462856,1 Kings,12,1,ישראל,nmpr,"pers,gens,topo",F:unclassified-name,Other Tanakh
185955,1423458,462857,1 Kings,12,1,מלך,verb,,B:deity-candidate,Other Tanakh
185961,1423459,462859,1 Kings,12,2,ירבעם,nmpr,pers,A:person-candidate,Other Tanakh
185963,1423459,462859,1 Kings,12,2,נבט,nmpr,pers,A:person-candidate,Other Tanakh
185968,1423459,462861,1 Kings,12,2,מצרים,nmpr,topo,F:unclassified-name,Other Tanakh
185974,1423459,462862,1 Kings,12,2,מלך,subs,,B:deity-candidate,Other Tanakh
185975,1423459,462862,1 Kings,12,2,שלמה,nmpr,pers,A:person-candidate,Other Tanakh
185978,1423459,462863,1 Kings,12,2,ירבעם,nmpr,pers,A:person-candidate,Other Tanakh
185980,1423459,462863,1 Kings,12,2,מצרים,nmpr,topo,F:unclassified-name,Other Tanakh
185988,1423460,462866,1 Kings,12,3,ירבעם,nmpr,pers,A:person-candidate,Other Tanakh
185992,1423460,462866,1 Kings,12,3,ישראל,nmpr,"pers,gens,topo",F:unclassified-name,Other Tanakh
185995,1423460,462867,1 Kings,12,3,אל,prep,,C:divine-title-candidate,Other Tanakh
185996,1423460,462867,1 Kings,12,3,רחבעם,nmpr,pers,A:person-candidate,Other Tanakh
186024,1423462,462874,1 Kings,12,5,אל,prep,,C:divine-title-candidate,Other Tanakh
186031,1423462,462876,1 Kings,12,5,אל,prep,,C:divine-title-candidate,Other Tanakh
186039,1423463,462878,1 Kings,12,6,מלך,subs,,B:deity-candidate,Other Tanakh
186040,1423463,462878,1 Kings,12,6,רחבעם,nmpr,pers,A:person-candidate,Other Tanakh
186049,1423463,462879,1 Kings,12,6,שלמה,nmpr,pers,A:person-candidate,Other Tanakh
186069,1423464,462884,1 Kings,12,7,אל,prep,,C:divine-title-candidate,Other Tanakh
186088,1423464,462889,1 Kings,12,7,אל,prep,,C:divine-title-candidate,Other Tanakh
186121,1423466,462896,1 Kings,12,9,אל,prep,,C:divine-title-candidate,Other Tanakh
186135,1423466,462899,1 Kings,12,9,אל,prep,,C:divine-title-candidate,Other Tanakh
186148,1423467,462903,1 Kings,12,10,אל,prep,,C:divine-title-candidate,Other Tanakh
186165,1423467,462907,1 Kings,12,10,אל,prep,,C:divine-title-candidate,Other Tanakh
186179,1423467,462911,1 Kings,12,10,אל,prep,,C:divine-title-candidate,Other Tanakh
186212,1423469,462918,1 Kings,12,12,ירבעם,nmpr,pers,A:person-candidate,Other Tanakh
186217,1423469,462918,1 Kings,12,12,אל,prep,,C:divine-title-candidate,Other Tanakh
186218,1423469,462918,1 Kings,12,12,רחבעם,nmpr,pers,A:person-candidate,Other Tanakh
186228,1423469,462919,1 Kings,12,12,מלך,subs,,B:deity-candidate,Other Tanakh
186232,1423469,462921,1 Kings,12,12,אל,prep,,C:divine-title-candidate,Other Tanakh
186241,1423470,462922,1 Kings,12,13,מלך,subs,,B:deity-candidate,Other Tanakh
186256,1423471,462925,1 Kings,12,14,אל,prep,,C:divine-title-candidate,Other Tanakh
186289,1423472,462931,1 Kings,12,15,מלך,subs,,B:deity-candidate,Other Tanakh
186290,1423472,462931,1 Kings,12,15,אל,prep,,C:divine-title-candidate,Other Tanakh
186298,1423472,462932,1 Kings,12,15,יהוה,nmpr,pers,E:YHWH,Other Tanakh
186305,1423472,462934,1 Kings,12,15,יהוה,nmpr,pers,E:YHWH,Other Tanakh
186308,1423472,462934,1 Kings,12,15,אחיה,nmpr,pers,A:person-candidate,Other Tanakh
186311,1423472,462934,1 Kings,12,15,אל,prep,,C:divine-title-candidate,Other Tanakh
186312,1423472,462934,1 Kings,12,15,ירבעם,nmpr,pers,A:person-candidate,Other Tanakh
186314,1423472,462934,1 Kings,12,15,נבט,nmpr,pers,A:person-candidate,Other Tanakh
186318,1423473,462935,1 Kings,12,16,ישראל,nmpr,"pers,gens,topo",F:unclassified-name,Other Tanakh
186323,1423473,462936,1 Kings,12,16,מלך,subs,,B:deity-candidate,Other Tanakh
186324,1423473,462936,1 Kings,12,16,אל,prep,,C:divine-title-candidate,Other Tanakh
186331,1423473,462937,1 Kings,12,16,מלך,subs,,B:deity-candidate,Other Tanakh
186339,1423473,462939,1 Kings,12,16,דוד,nmpr,pers,A:person-candidate,Other Tanakh
186345,1423473,462940,1 Kings,12,16,ישי,nmpr,pers,A:person-candidate,Other Tanakh
186348,1423473,462942,1 Kings,12,16,ישראל,nmpr,"pers,gens,topo",F:unclassified-name,Other Tanakh
186352,1423473,462944,1 Kings,12,16,דוד,nmpr,pers,A:person-candidate,Other Tanakh
186355,1423473,462945,1 Kings,12,16,ישראל,nmpr,"pers,gens,topo",F:unclassified-name,Other Tanakh
186360,1423474,462946,1 Kings,12,17,ישראל,nmpr,"pers,gens,topo",F:unclassified-name,Other Tanakh
186365,1423474,462947,1 Kings,12,17,יהודה,nmpr,"pers,gens,topo",F:unclassified-name,Other Tanakh
186367,1423474,462948,1 Kings,12,17,מלך,verb,,B:deity-candidate,Other Tanakh
186369,1423474,462948,1 Kings,12,17,רחבעם,nmpr,pers,A:person-candidate,Other Tanakh
186373,1423475,462949,1 Kings,12,18,מלך,subs,,B:deity-candidate,Other Tanakh
186374,1423475,462949,1 Kings,12,18,רחבעם,nmpr,pers,A:person-candidate,Other Tanakh
186376,1423475,462949,1 Kings,12,18,אדרם,nmpr,pers,A:person-candidate,Other Tanakh
186384,1423475,462951,1 Kings,12,18,ישראל,nmpr,"pers,gens,topo",F:unclassified-name,Other Tanakh
186391,1423475,462953,1 Kings,12,18,מלך,subs,,B:deity-candidate,Other Tanakh
186392,1423475,462953,1 Kings,12,18,רחבעם,nmpr,pers,A:person-candidate,Other Tanakh
186401,1423475,462955,1 Kings,12,18,ירושלם,nmpr,topo,F:unclassified-name,Other Tanakh
186404,1423476,462956,1 Kings,12,19,ישראל,nmpr,"pers,gens,topo",F:unclassified-name,Other Tanakh
186407,1423476,462956,1 Kings,12,19,דוד,nmpr,pers,A:person-candidate,Other Tanakh
186418,1423477,462958,1 Kings,12,20,ישראל,nmpr,"pers,gens,topo",F:unclassified-name,Other Tanakh
186421,1423477,462959,1 Kings,12,20,ירבעם,nmpr,pers,A:person-candidate,Other Tanakh
186427,1423477,462961,1 Kings,12,20,אל,prep,,C:divine-title-candidate,Other Tanakh
186431,1423477,462962,1 Kings,12,20,מלך,verb,,B:deity-candidate,Other Tanakh
186435,1423477,462962,1 Kings,12,20,ישראל,nmpr,"pers,gens,topo",F:unclassified-name,Other Tanakh
186440,1423477,462963,1 Kings,12,20,דוד,nmpr,pers,A:person-candidate,Other Tanakh
186443,1423477,462963,1 Kings,12,20,יהודה,nmpr,"pers,gens,topo",F:unclassified-name,Other Tanakh
186448,1423478,462964,1 Kings,12,21,רחבעם,nmpr,pers,A:person-candidate,Other Tanakh
186449,1423478,462964,1 Kings,12,21,ירושלם,nmpr,topo,F:unclassified-name,Other Tanakh
186455,1423478,462965,1 Kings,12,21,יהודה,nmpr,"pers,gens,topo",F:unclassified-name,Other Tanakh
186459,1423478,462965,1 Kings,12,21,בנימן,nmpr,"pers,gens,topo",F:unclassified-name,Other Tanakh
186471,1423478,462967,1 Kings,12,21,ישראל,nmpr,"pers,gens,topo",F:unclassified-name,Other Tanakh
186478,1423478,462968,1 Kings,12,21,רחבעם,nmpr,pers,A:person-candidate,Other Tanakh
186480,1423478,462968,1 Kings,12,21,שלמה,nmpr,pers,A:person-candidate,Other Tanakh
186485,1423479,462969,1 Kings,12,22,אלהים,subs,,D:Elohim,Other Tanakh
186486,1423479,462969,1 Kings,12,22,אל,prep,,C:divine-title-candidate,Other Tanakh
186487,1423479,462969,1 Kings,12,22,שמעיה,nmpr,pers,A:person-candidate,Other Tanakh
186490,1423479,462969,1 Kings,12,22,אלהים,subs,,D:Elohim,Other Tanakh
186494,1423480,462971,1 Kings,12,23,אל,prep,,C:divine-title-candidate,Other Tanakh
186495,1423480,462971,1 Kings,12,23,רחבעם,nmpr,pers,A:person-candidate,Other Tanakh
186497,1423480,462971,1 Kings,12,23,שלמה,nmpr,pers,A:person-candidate,Other Tanakh
186498,1423480,462971,1 Kings,12,23,מלך,subs,,B:deity-candidate,Other Tanakh
186499,1423480,462971,1 Kings,12,23,יהודה,nmpr,"pers,gens,topo",F:unclassified-name,Other Tanakh
186501,1423480,462971,1 Kings,12,23,אל,prep,,C:divine-title-candidate,Other Tanakh
186504,1423480,462971,1 Kings,12,23,יהודה,nmpr,"pers,gens,topo",F:unclassified-name,Other Tanakh
186506,1423480,462971,1 Kings,12,23,בנימן,nmpr,"pers,gens,topo",F:unclassified-name,Other Tanakh
186515,1423481,462973,1 Kings,12,24,יהוה,nmpr,pers,E:YHWH,Other Tanakh
186524,1423481,462975,1 Kings,12,24,ישראל,nmpr,"pers,gens,topo",F:unclassified-name,Other Tanakh
186541,1423481,462979,1 Kings,12,24,יהוה,nmpr,pers,E:YHWH,Other Tanakh
186548,1423481,462980,1 Kings,12,24,יהוה,nmpr,pers,E:YHWH,Other Tanakh
186551,1423482,462982,1 Kings,12,25,ירבעם,nmpr,pers,A:person-candidate,Other Tanakh
186553,1423482,462982,1 Kings,12,25,שכם,nmpr,topo,F:unclassified-name,Other Tanakh
186556,1423482,462982,1 Kings,12,25,אפרים,nmpr,"pers,gens,topo",F:unclassified-name,Other Tanakh
186567,1423482,462985,1 Kings,12,25,פנואל,nmpr,topo,F:unclassified-name,Other Tanakh
186570,1423483,462986,1 Kings,12,26,ירבעם,nmpr,pers,A:person-candidate,Other Tanakh
186579,1423483,462987,1 Kings,12,26,דוד,nmpr,pers,A:person-candidate,Other Tanakh
186591,1423484,462989,1 Kings,12,27,יהוה,nmpr,pers,E:YHWH,Other Tanakh
186593,1423484,462989,1 Kings,12,27,ירושלם,nmpr,topo,F:unclassified-name,Other Tanakh
186601,1423484,462990,1 Kings,12,27,אל,prep,,C:divine-title-candidate,Other Tanakh
186603,1423484,462990,1 Kings,12,27,אל,prep,,C:divine-title-candidate,Other Tanakh
186604,1423484,462990,1 Kings,12,27,רחבעם,nmpr,pers,A:person-candidate,Other Tanakh
186605,1423484,462990,1 Kings,12,27,מלך,subs,,B:deity-candidate,Other Tanakh
186606,1423484,462990,1 Kings,12,27,יהודה,nmpr,"pers,gens,topo",F:unclassified-name,Other Tanakh
186611,1423484,462992,1 Kings,12,27,אל,prep,,C:divine-title-candidate,Other Tanakh
186612,1423484,462992,1 Kings,12,27,רחבעם,nmpr,pers,A:person-candidate,Other Tanakh
186613,1423484,462992,1 Kings,12,27,מלך,subs,,B:deity-candidate,Other Tanakh
186614,1423484,462992,1 Kings,12,27,יהודה,nmpr,"pers,gens,topo",F:unclassified-name,Other Tanakh
186618,1423485,462993,1 Kings,12,28,מלך,subs,,B:deity-candidate,Other Tanakh
186626,1423485,462995,1 Kings,12,28,אל,prep,,C:divine-title-candidate,Other Tanakh
186631,1423485,462997,1 Kings,12,28,ירושלם,nmpr,topo,F:unclassified-name,Other Tanakh
186633,1423485,462998,1 Kings,12,28,אלהים,subs,,D:Elohim,Other Tanakh
186634,1423485,462999,1 Kings,12,28,ישראל,nmpr,"pers,gens,topo",F:unclassified-name,Other Tanakh
186639,1423485,463000,1 Kings,12,28,מצרים,nmpr,topo,F:unclassified-name,Other Tanakh
186646,1423486,463001,1 Kings,12,29,בית אל,nmpr,topo,F:unclassified-name,Other Tanakh
186653,1423486,463002,1 Kings,12,29,דן,nmpr,"pers,gens,topo",F:unclassified-name,Other Tanakh
186671,1423487,463004,1 Kings,12,30,דן,nmpr,"pers,gens,topo",F:unclassified-name,Other Tanakh
186689,1423488,463007,1 Kings,12,31,לוי,nmpr,"pers,gens",F:unclassified-name,Other Tanakh
186692,1423489,463008,1 Kings,12,32,ירבעם,nmpr,pers,A:person-candidate,Other Tanakh
186711,1423489,463009,1 Kings,12,32,יהודה,nmpr,"pers,gens,topo",F:unclassified-name,Other Tanakh
186720,1423489,463011,1 Kings,12,32,בית אל,nmpr,topo,F:unclassified-name,Other Tanakh
186731,1423489,463014,1 Kings,12,32,בית אל,nmpr,topo,F:unclassified-name,Other Tanakh
186746,1423490,463017,1 Kings,12,33,בית אל,nmpr,topo,F:unclassified-name,Other Tanakh
186768,1423490,463019,1 Kings,12,33,ישראל,nmpr,"pers,gens,topo",F:unclassified-name,Other Tanakh
186779,1423491,463023,1 Kings,13,1,אלהים,subs,,D:Elohim,Other Tanakh
186782,1423491,463023,1 Kings,13,1,יהודה,nmpr,"pers,gens,topo",F:unclassified-name,Other Tanakh
186785,1423491,463023,1 Kings,13,1,יהוה,nmpr,pers,E:YHWH,Other Tanakh
186786,1423491,463023,1 Kings,13,1,אל,prep,,C:divine-title-candidate,Other Tanakh
186787,1423491,463023,1 Kings,13,1,בית אל,nmpr,topo,F:unclassified-name,Other Tanakh
186789,1423491,463024,1 Kings,13,1,ירבעם,nmpr,pers,A:person-candidate,Other Tanakh
186803,1423492,463026,1 Kings,13,2,יהוה,nmpr,pers,E:YHWH,Other Tanakh
186810,1423492,463029,1 Kings,13,2,יהוה,nmpr,pers,E:YHWH,Other Tanakh
186816,1423492,463030,1 Kings,13,2,דוד,nmpr,pers,A:person-candidate,Other Tanakh
186817,1423492,463031,1 Kings,13,2,יאשיהו,nmpr,pers,A:person-candidate,Other Tanakh
186849,1423493,463038,1 Kings,13,3,יהוה,nmpr,pers,E:YHWH,Other Tanakh
186865,1423494,463043,1 Kings,13,4,מלך,subs,,B:deity-candidate,Other Tanakh
186870,1423494,463043,1 Kings,13,4,אלהים,subs,,D:Elohim,Other Tanakh
186877,1423494,463044,1 Kings,13,4,בית אל,nmpr,topo,F:unclassified-name,Other Tanakh
186880,1423494,463045,1 Kings,13,4,ירבעם,nmpr,pers,A:person-candidate,Other Tanakh
186901,1423494,463051,1 Kings,13,4,אל,prep,,C:divine-title-candidate,Other Tanakh
186920,1423495,463055,1 Kings,13,5,אלהים,subs,,D:Elohim,Other Tanakh
186923,1423495,463055,1 Kings,13,5,יהוה,nmpr,pers,E:YHWH,Other Tanakh
186927,1423496,463056,1 Kings,13,6,מלך,subs,,B:deity-candidate,Other Tanakh
186930,1423496,463057,1 Kings,13,6,אל,prep,,C:divine-title-candidate,Other Tanakh
186933,1423496,463057,1 Kings,13,6,אלהים,subs,,D:Elohim,Other Tanakh
186938,1423496,463058,1 Kings,13,6,יהוה,nmpr,pers,E:YHWH,Other Tanakh
186939,1423496,463058,1 Kings,13,6,אלהים,subs,,D:Elohim,Other Tanakh
186946,1423496,463060,1 Kings,13,6,אל,prep,,C:divine-title-candidate,Other Tanakh
186951,1423496,463061,1 Kings,13,6,אלהים,subs,,D:Elohim,Other Tanakh
186954,1423496,463061,1 Kings,13,6,יהוה,nmpr,pers,E:YHWH,Other Tanakh
186959,1423496,463062,1 Kings,13,6,מלך,subs,,B:deity-candidate,Other Tanakh
186960,1423496,463062,1 Kings,13,6,אל,prep,,C:divine-title-candidate,Other Tanakh
186970,1423497,463064,1 Kings,13,7,מלך,subs,,B:deity-candidate,Other Tanakh
186971,1423497,463064,1 Kings,13,7,אל,prep,,C:divine-title-candidate,Other Tanakh
186974,1423497,463064,1 Kings,13,7,אלהים,subs,,D:Elohim,Other Tanakh
186989,1423498,463068,1 Kings,13,8,אלהים,subs,,D:Elohim,Other Tanakh
186990,1423498,463068,1 Kings,13,8,אל,prep,,C:divine-title-candidate,Other Tanakh
186992,1423498,463068,1 Kings,13,8,מלך,subs,,B:deity-candidate,Other Tanakh
187021,1423499,463073,1 Kings,13,9,יהוה,nmpr,pers,E:YHWH,Other Tanakh
187053,1423500,463081,1 Kings,13,10,אל,prep,,C:divine-title-candidate,Other Tanakh
187054,1423500,463081,1 Kings,13,10,בית אל,nmpr,topo,F:unclassified-name,Other Tanakh
187061,1423501,463082,1 Kings,13,11,בית אל,nmpr,topo,F:unclassified-name,Other Tanakh
187076,1423501,463085,1 Kings,13,11,אלהים,subs,,D:Elohim,Other Tanakh
187080,1423501,463085,1 Kings,13,11,בית אל,nmpr,topo,F:unclassified-name,Other Tanakh
187086,1423501,463087,1 Kings,13,11,אל,prep,,C:divine-title-candidate,Other Tanakh
187088,1423501,463087,1 Kings,13,11,מלך,subs,,B:deity-candidate,Other Tanakh
187095,1423502,463089,1 Kings,13,12,אל,prep,,C:divine-title-candidate,Other Tanakh
187112,1423502,463093,1 Kings,13,12,אלהים,subs,,D:Elohim,Other Tanakh
187116,1423502,463094,1 Kings,13,12,יהודה,nmpr,"pers,gens,topo",F:unclassified-name,Other Tanakh
187119,1423503,463095,1 Kings,13,13,אל,prep,,C:divine-title-candidate,Other Tanakh
187138,1423504,463099,1 Kings,13,14,אלהים,subs,,D:Elohim,Other Tanakh
187147,1423504,463102,1 Kings,13,14,אל,prep,,C:divine-title-candidate,Other Tanakh
187152,1423504,463103,1 Kings,13,14,אלהים,subs,,D:Elohim,Other Tanakh
187156,1423504,463104,1 Kings,13,14,יהודה,nmpr,"pers,gens,topo",F:unclassified-name,Other Tanakh
187162,1423505,463107,1 Kings,13,15,אל,prep,,C:divine-title-candidate,Other Tanakh
187197,1423507,463116,1 Kings,13,17,אל,prep,,C:divine-title-candidate,Other Tanakh
187200,1423507,463116,1 Kings,13,17,יהוה,nmpr,pers,E:YHWH,Other Tanakh
187229,1423508,463124,1 Kings,13,18,אל,prep,,C:divine-title-candidate,Other Tanakh
187232,1423508,463124,1 Kings,13,18,יהוה,nmpr,pers,E:YHWH,Other Tanakh
187237,1423508,463126,1 Kings,13,18,אל,prep,,C:divine-title-candidate,Other Tanakh
187262,1423510,463134,1 Kings,13,20,אל,prep,,C:divine-title-candidate,Other Tanakh
187268,1423510,463135,1 Kings,13,20,יהוה,nmpr,pers,E:YHWH,Other Tanakh
187269,1423510,463135,1 Kings,13,20,אל,prep,,C:divine-title-candidate,Other Tanakh
187276,1423511,463137,1 Kings,13,21,אל,prep,,C:divine-title-candidate,Other Tanakh
187279,1423511,463137,1 Kings,13,21,אלהים,subs,,D:Elohim,Other Tanakh
187283,1423511,463138,1 Kings,13,21,יהודה,nmpr,"pers,gens,topo",F:unclassified-name,Other Tanakh
187288,1423511,463140,1 Kings,13,21,יהוה,nmpr,pers,E:YHWH,Other Tanakh
187293,1423511,463141,1 Kings,13,21,יהוה,nmpr,pers,E:YHWH,Other Tanakh
187302,1423511,463143,1 Kings,13,21,יהוה,nmpr,pers,E:YHWH,Other Tanakh
187303,1423511,463143,1 Kings,13,21,אלהים,subs,,D:Elohim,Other Tanakh
187317,1423512,463147,1 Kings,13,22,אל,prep,,C:divine-title-candidate,Other Tanakh
187318,1423512,463148,1 Kings,13,22,אל,nega,,C:divine-title-candidate,Other Tanakh
187322,1423512,463149,1 Kings,13,22,אל,nega,,C:divine-title-candidate,Other Tanakh
187328,1423512,463150,1 Kings,13,22,אל,prep,,C:divine-title-candidate,Other Tanakh
187426,1423516,463172,1 Kings,13,26,אלהים,subs,,D:Elohim,Other Tanakh
187432,1423516,463173,1 Kings,13,26,יהוה,nmpr,pers,E:YHWH,Other Tanakh
187435,1423516,463174,1 Kings,13,26,יהוה,nmpr,pers,E:YHWH,Other Tanakh
187445,1423516,463176,1 Kings,13,26,יהוה,nmpr,pers,E:YHWH,Other Tanakh
187451,1423517,463178,1 Kings,13,27,אל,prep,,C:divine-title-candidate,Other Tanakh
187502,1423519,463188,1 Kings,13,29,אלהים,subs,,D:Elohim,Other Tanakh
187505,1423519,463189,1 Kings,13,29,אל,prep,,C:divine-title-candidate,Other Tanakh
187512,1423519,463191,1 Kings,13,29,אל,prep,,C:divine-title-candidate,Other Tanakh
187541,1423521,463199,1 Kings,13,31,אל,prep,,C:divine-title-candidate,Other Tanakh
187556,1423521,463203,1 Kings,13,31,אלהים,subs,,D:Elohim,Other Tanakh
187573,1423522,463206,1 Kings,13,32,יהוה,nmpr,pers,E:YHWH,Other Tanakh
187579,1423522,463207,1 Kings,13,32,בית אל,nmpr,topo,F:unclassified-name,Other Tanakh
187589,1423522,463208,1 Kings,13,32,שמרון,nmpr,topo,F:unclassified-name,Other Tanakh
187597,1423523,463209,1 Kings,13,33,ירבעם,nmpr,pers,A:person-candidate,Other Tanakh
187631,1423524,463215,1 Kings,13,34,ירבעם,nmpr,pers,A:person-candidate,Other Tanakh
187649,1423525,463218,1 Kings,14,1,אביה,nmpr,pers,A:person-candidate,Other Tanakh
187651,1423525,463218,1 Kings,14,1,ירבעם,nmpr,pers,A:person-candidate,Other Tanakh
187654,1423526,463219,1 Kings,14,2,ירבעם,nmpr,pers,A:person-candidate,Other Tanakh
187667,1423526,463223,1 Kings,14,2,ירבעם,nmpr,pers,A:person-candidate,Other Tanakh
187670,1423526,463224,1 Kings,14,2,שלה,nmpr,topo,F:unclassified-name,Other Tanakh
187673,1423526,463225,1 Kings,14,2,אחיה,nmpr,pers,A:person-candidate,Other Tanakh
187680,1423526,463226,1 Kings,14,2,מלך,subs,,B:deity-candidate,Other Tanakh
187699,1423527,463228,1 Kings,14,3,אל,prep,,C:divine-title-candidate,Other Tanakh
187712,1423528,463231,1 Kings,14,4,ירבעם,nmpr,pers,A:person-candidate,Other Tanakh
187717,1423528,463233,1 Kings,14,4,שלה,nmpr,topo,F:unclassified-name,Other Tanakh
187721,1423528,463234,1 Kings,14,4,אחיה,nmpr,pers,A:person-candidate,Other Tanakh
187723,1423528,463235,1 Kings,14,4,אחיהו,nmpr,pers,A:person-candidate,Other Tanakh
187734,1423529,463238,1 Kings,14,5,יהוה,nmpr,pers,E:YHWH,Other Tanakh
187736,1423529,463238,1 Kings,14,5,אל,prep,,C:divine-title-candidate,Other Tanakh
187737,1423529,463238,1 Kings,14,5,אחיהו,nmpr,pers,A:person-candidate,Other Tanakh
187740,1423529,463239,1 Kings,14,5,ירבעם,nmpr,pers,A:person-candidate,Other Tanakh
187747,1423529,463240,1 Kings,14,5,אל,prep,,C:divine-title-candidate,Other Tanakh
187758,1423529,463242,1 Kings,14,5,אל,prep,,C:divine-title-candidate,Other Tanakh
187770,1423530,463247,1 Kings,14,6,אחיהו,nmpr,pers,A:person-candidate,Other Tanakh
187782,1423530,463251,1 Kings,14,6,ירבעם,nmpr,pers,A:person-candidate,Other Tanakh
187790,1423530,463253,1 Kings,14,6,אל,prep,,C:divine-title-candidate,Other Tanakh
187795,1423531,463255,1 Kings,14,7,ירבעם,nmpr,pers,A:person-candidate,Other Tanakh
187798,1423531,463256,1 Kings,14,7,יהוה,nmpr,pers,E:YHWH,Other Tanakh
187799,1423531,463256,1 Kings,14,7,אלהים,subs,,D:Elohim,Other Tanakh
187800,1423531,463256,1 Kings,14,7,ישראל,nmpr,"pers,gens,topo",F:unclassified-name,Other Tanakh
187813,1423531,463258,1 Kings,14,7,ישראל,nmpr,"pers,gens,topo",F:unclassified-name,Other Tanakh
187821,1423532,463259,1 Kings,14,8,דוד,nmpr,pers,A:person-candidate,Other Tanakh
187830,1423532,463261,1 Kings,14,8,דוד,nmpr,pers,A:person-candidate,Other Tanakh
187863,1423533,463270,1 Kings,14,9,אלהים,subs,,D:Elohim,Other Tanakh
187878,1423534,463274,1 Kings,14,10,אל,prep,,C:divine-title-candidate,Other Tanakh
187880,1423534,463274,1 Kings,14,10,ירבעם,nmpr,pers,A:person-candidate,Other Tanakh
187884,1423534,463275,1 Kings,14,10,ירבעם,nmpr,pers,A:person-candidate,Other Tanakh
187892,1423534,463278,1 Kings,14,10,ישראל,nmpr,"pers,gens,topo",F:unclassified-name,Other Tanakh
187897,1423534,463279,1 Kings,14,10,ירבעם,nmpr,pers,A:person-candidate,Other Tanakh
187908,1423535,463282,1 Kings,14,11,ירבעם,nmpr,pers,A:person-candidate,Other Tanakh
187926,1423535,463286,1 Kings,14,11,יהוה,nmpr,pers,E:YHWH,Other Tanakh
187947,1423537,463291,1 Kings,14,13,ישראל,nmpr,"pers,gens,topo",F:unclassified-name,Other Tanakh
187957,1423537,463293,1 Kings,14,13,ירבעם,nmpr,pers,A:person-candidate,Other Tanakh
187958,1423537,463293,1 Kings,14,13,אל,prep,,C:divine-title-candidate,Other Tanakh
187965,1423537,463294,1 Kings,14,13,אל,prep,,C:divine-title-candidate,Other Tanakh
187966,1423537,463294,1 Kings,14,13,יהוה,nmpr,pers,E:YHWH,Other Tanakh
187967,1423537,463294,1 Kings,14,13,אלהים,subs,,D:Elohim,Other Tanakh
187968,1423537,463294,1 Kings,14,13,ישראל,nmpr,"pers,gens,topo",F:unclassified-name,Other Tanakh
187971,1423537,463294,1 Kings,14,13,ירבעם,nmpr,pers,A:person-candidate,Other Tanakh
187974,1423538,463295,1 Kings,14,14,יהוה,nmpr,pers,E:YHWH,Other Tanakh
187976,1423538,463295,1 Kings,14,14,מלך,subs,,B:deity-candidate,Other Tanakh
187978,1423538,463295,1 Kings,14,14,ישראל,nmpr,"pers,gens,topo",F:unclassified-name,Other Tanakh
187983,1423538,463296,1 Kings,14,14,ירבעם,nmpr,pers,A:person-candidate,Other Tanakh
187993,1423539,463299,1 Kings,14,15,יהוה,nmpr,pers,E:YHWH,Other Tanakh
187995,1423539,463299,1 Kings,14,15,ישראל,nmpr,"pers,gens,topo",F:unclassified-name,Other Tanakh
188007,1423539,463301,1 Kings,14,15,ישראל,nmpr,"pers,gens,topo",F:unclassified-name,Other Tanakh
188034,1423539,463305,1 Kings,14,15,יהוה,nmpr,pers,E:YHWH,Other Tanakh
188038,1423540,463306,1 Kings,14,16,ישראל,nmpr,"pers,gens,topo",F:unclassified-name,Other Tanakh
188042,1423540,463306,1 Kings,14,16,ירבעם,nmpr,pers,A:person-candidate,Other Tanakh
188049,1423540,463308,1 Kings,14,16,ישראל,nmpr,"pers,gens,topo",F:unclassified-name,Other Tanakh
188053,1423541,463309,1 Kings,14,17,ירבעם,nmpr,pers,A:person-candidate,Other Tanakh
188058,1423541,463311,1 Kings,14,17,תרצה,nmpr,topo,F:unclassified-name,Other Tanakh
188076,1423542,463315,1 Kings,14,18,ישראל,nmpr,"pers,gens,topo",F:unclassified-name,Other Tanakh
188079,1423542,463315,1 Kings,14,18,יהוה,nmpr,pers,E:YHWH,Other Tanakh
188085,1423542,463316,1 Kings,14,18,אחיהו,nmpr,pers,A:person-candidate,Other Tanakh
188091,1423543,463317,1 Kings,14,19,ירבעם,nmpr,pers,A:person-candidate,Other Tanakh
188096,1423543,463319,1 Kings,14,19,מלך,verb,,B:deity-candidate,Other Tanakh
188105,1423543,463320,1 Kings,14,19,מלך,subs,,B:deity-candidate,Other Tanakh
188106,1423543,463320,1 Kings,14,19,ישראל,nmpr,"pers,gens,topo",F:unclassified-name,Other Tanakh
188111,1423544,463322,1 Kings,14,20,מלך,verb,,B:deity-candidate,Other Tanakh
188112,1423544,463322,1 Kings,14,20,ירבעם,nmpr,pers,A:person-candidate,Other Tanakh
188122,1423544,463324,1 Kings,14,20,מלך,verb,,B:deity-candidate,Other Tanakh
188123,1423544,463324,1 Kings,14,20,נדב,nmpr,pers,A:person-candidate,Other Tanakh
188127,1423545,463325,1 Kings,14,21,רחבעם,nmpr,pers,A:person-candidate,Other Tanakh
188129,1423545,463325,1 Kings,14,21,שלמה,nmpr,pers,A:person-candidate,Other Tanakh
188130,1423545,463325,1 Kings,14,21,מלך,verb,,B:deity-candidate,Other Tanakh
188132,1423545,463325,1 Kings,14,21,יהודה,nmpr,"pers,gens,topo",F:unclassified-name,Other Tanakh
188138,1423545,463326,1 Kings,14,21,רחבעם,nmpr,pers,A:person-candidate,Other Tanakh
188140,1423545,463327,1 Kings,14,21,מלך,verb,,B:deity-candidate,Other Tanakh
188145,1423545,463328,1 Kings,14,21,מלך,verb,,B:deity-candidate,Other Tanakh
188147,1423545,463328,1 Kings,14,21,ירושלם,nmpr,topo,F:unclassified-name,Other Tanakh
188152,1423545,463329,1 Kings,14,21,יהוה,nmpr,pers,E:YHWH,Other Tanakh
188161,1423545,463329,1 Kings,14,21,ישראל,nmpr,"pers,gens,topo",F:unclassified-name,Other Tanakh
188165,1423545,463331,1 Kings,14,21,נעמה,nmpr,pers,A:person-candidate,Other Tanakh
188170,1423546,463332,1 Kings,14,22,יהודה,nmpr,"pers,gens,topo",F:unclassified-name,Other Tanakh
188175,1423546,463333,1 Kings,14,22,יהוה,nmpr,pers,E:YHWH,Other Tanakh
188223,1423548,463340,1 Kings,14,24,יהוה,nmpr,pers,E:YHWH,Other Tanakh
188227,1423548,463340,1 Kings,14,24,ישראל,nmpr,"pers,gens,topo",F:unclassified-name,Other Tanakh
188237,1423549,463341,1 Kings,14,25,מלך,subs,,B:deity-candidate,Other Tanakh
188238,1423549,463341,1 Kings,14,25,רחבעם,nmpr,pers,A:person-candidate,Other Tanakh
188240,1423549,463342,1 Kings,14,25,שישק,nmpr,pers,A:person-candidate,Other Tanakh
188241,1423549,463342,1 Kings,14,25,מלך,subs,,B:deity-candidate,Other Tanakh
188242,1423549,463342,1 Kings,14,25,מצרים,nmpr,topo,F:unclassified-name,Other Tanakh
188244,1423549,463342,1 Kings,14,25,ירושלם,nmpr,topo,F:unclassified-name,Other Tanakh
188250,1423550,463343,1 Kings,14,26,יהוה,nmpr,pers,E:YHWH,Other Tanakh
188256,1423550,463343,1 Kings,14,26,מלך,subs,,B:deity-candidate,Other Tanakh
188271,1423550,463346,1 Kings,14,26,שלמה,nmpr,pers,A:person-candidate,Other Tanakh
188275,1423551,463347,1 Kings,14,27,מלך,subs,,B:deity-candidate,Other Tanakh
188276,1423551,463347,1 Kings,14,27,רחבעם,nmpr,pers,A:person-candidate,Other Tanakh
188292,1423551,463349,1 Kings,14,27,מלך,subs,,B:deity-candidate,Other Tanakh
188299,1423552,463351,1 Kings,14,28,מלך,subs,,B:deity-candidate,Other Tanakh
188301,1423552,463351,1 Kings,14,28,יהוה,nmpr,pers,E:YHWH,Other Tanakh
188307,1423552,463353,1 Kings,14,28,אל,prep,,C:divine-title-candidate,Other Tanakh
188314,1423553,463354,1 Kings,14,29,רחבעם,nmpr,pers,A:person-candidate,Other Tanakh
188329,1423553,463356,1 Kings,14,29,מלך,subs,,B:deity-candidate,Other Tanakh
188330,1423553,463356,1 Kings,14,29,יהודה,nmpr,"pers,gens,topo",F:unclassified-name,Other Tanakh
188335,1423554,463357,1 Kings,14,30,רחבעם,nmpr,pers,A:person-candidate,Other Tanakh
188338,1423554,463357,1 Kings,14,30,ירבעם,nmpr,pers,A:person-candidate,Other Tanakh
188344,1423555,463358,1 Kings,14,31,רחבעם,nmpr,pers,A:person-candidate,Other Tanakh
188353,1423555,463359,1 Kings,14,31,דוד,nmpr,pers,A:person-candidate,Other Tanakh
188357,1423555,463360,1 Kings,14,31,נעמה,nmpr,pers,A:person-candidate,Other Tanakh
188361,1423555,463361,1 Kings,14,31,מלך,verb,,B:deity-candidate,Other Tanakh
188362,1423555,463361,1 Kings,14,31,אבים,nmpr,pers,A:person-candidate,Other Tanakh
188372,1423556,463362,1 Kings,15,1,מלך,subs,,B:deity-candidate,Other Tanakh
188373,1423556,463362,1 Kings,15,1,ירבעם,nmpr,pers,A:person-candidate,Other Tanakh
188375,1423556,463362,1 Kings,15,1,נבט,nmpr,pers,A:person-candidate,Other Tanakh
188376,1423556,463362,1 Kings,15,1,מלך,verb,,B:deity-candidate,Other Tanakh
188377,1423556,463362,1 Kings,15,1,אבים,nmpr,pers,A:person-candidate,Other Tanakh
188379,1423556,463362,1 Kings,15,1,יהודה,nmpr,"pers,gens,topo",F:unclassified-name,Other Tanakh
188382,1423557,463363,1 Kings,15,2,מלך,verb,,B:deity-candidate,Other Tanakh
188384,1423557,463363,1 Kings,15,2,ירושלם,nmpr,topo,F:unclassified-name,Other Tanakh
188388,1423557,463364,1 Kings,15,2,מעכה,nmpr,pers,A:person-candidate,Other Tanakh
188390,1423557,463364,1 Kings,15,2,אבישלום,nmpr,pers,A:person-candidate,Other Tanakh
188407,1423558,463367,1 Kings,15,3,יהוה,nmpr,pers,E:YHWH,Other Tanakh
188408,1423558,463367,1 Kings,15,3,אלהים,subs,,D:Elohim,Other Tanakh
188411,1423558,463367,1 Kings,15,3,דוד,nmpr,pers,A:person-candidate,Other Tanakh
188415,1423559,463368,1 Kings,15,4,דוד,nmpr,pers,A:person-candidate,Other Tanakh
188417,1423559,463368,1 Kings,15,4,יהוה,nmpr,pers,E:YHWH,Other Tanakh
188418,1423559,463368,1 Kings,15,4,אלהים,subs,,D:Elohim,Other Tanakh
188422,1423559,463368,1 Kings,15,4,ירושלם,nmpr,topo,F:unclassified-name,Other Tanakh
188432,1423559,463370,1 Kings,15,4,ירושלם,nmpr,topo,F:unclassified-name,Other Tanakh
188435,1423560,463371,1 Kings,15,5,דוד,nmpr,pers,A:person-candidate,Other Tanakh
188441,1423560,463371,1 Kings,15,5,יהוה,nmpr,pers,E:YHWH,Other Tanakh
188455,1423560,463374,1 Kings,15,5,אוריה,nmpr,pers,A:person-candidate,Other Tanakh
188462,1423561,463375,1 Kings,15,6,רחבעם,nmpr,pers,A:person-candidate,Other Tanakh
188465,1423561,463375,1 Kings,15,6,ירבעם,nmpr,pers,A:person-candidate,Other Tanakh
188472,1423562,463376,1 Kings,15,7,אבים,nmpr,pers,A:person-candidate,Other Tanakh
188487,1423562,463378,1 Kings,15,7,מלך,subs,,B:deity-candidate,Other Tanakh
188488,1423562,463378,1 Kings,15,7,יהודה,nmpr,"pers,gens,topo",F:unclassified-name,Other Tanakh
188493,1423562,463379,1 Kings,15,7,אבים,nmpr,pers,A:person-candidate,Other Tanakh
188496,1423562,463379,1 Kings,15,7,ירבעם,nmpr,pers,A:person-candidate,Other Tanakh
188499,1423563,463380,1 Kings,15,8,אבים,nmpr,pers,A:person-candidate,Other Tanakh
188507,1423563,463381,1 Kings,15,8,דוד,nmpr,pers,A:person-candidate,Other Tanakh
188509,1423563,463382,1 Kings,15,8,מלך,verb,,B:deity-candidate,Other Tanakh
188510,1423563,463382,1 Kings,15,8,אסא,nmpr,pers,A:person-candidate,Other Tanakh
188518,1423564,463383,1 Kings,15,9,ירבעם,nmpr,pers,A:person-candidate,Other Tanakh
188519,1423564,463383,1 Kings,15,9,מלך,subs,,B:deity-candidate,Other Tanakh
188520,1423564,463383,1 Kings,15,9,ישראל,nmpr,"pers,gens,topo",F:unclassified-name,Other Tanakh
188521,1423564,463383,1 Kings,15,9,מלך,verb,,B:deity-candidate,Other Tanakh
188522,1423564,463383,1 Kings,15,9,אסא,nmpr,pers,A:person-candidate,Other Tanakh
188523,1423564,463383,1 Kings,15,9,מלך,subs,,B:deity-candidate,Other Tanakh
188524,1423564,463383,1 Kings,15,9,יהודה,nmpr,"pers,gens,topo",F:unclassified-name,Other Tanakh
188530,1423565,463384,1 Kings,15,10,מלך,verb,,B:deity-candidate,Other Tanakh
188532,1423565,463384,1 Kings,15,10,ירושלם,nmpr,topo,F:unclassified-name,Other Tanakh
188536,1423565,463385,1 Kings,15,10,מעכה,nmpr,pers,A:person-candidate,Other Tanakh
188538,1423565,463385,1 Kings,15,10,אבישלום,nmpr,pers,A:person-candidate,Other Tanakh
188541,1423566,463386,1 Kings,15,11,אסא,nmpr,pers,A:person-candidate,Other Tanakh
188546,1423566,463387,1 Kings,15,11,יהוה,nmpr,pers,E:YHWH,Other Tanakh
188548,1423566,463386,1 Kings,15,11,דוד,nmpr,pers,A:person-candidate,Other Tanakh
188569,1423568,463391,1 Kings,15,13,מעכה,nmpr,pers,A:person-candidate,Other Tanakh
188583,1423568,463394,1 Kings,15,13,אסא,nmpr,pers,A:person-candidate,Other Tanakh
188590,1423568,463395,1 Kings,15,13,קדרון,nmpr,topo,F:unclassified-name,Other Tanakh
188598,1423569,463397,1 Kings,15,14,אסא,nmpr,pers,A:person-candidate,Other Tanakh
188602,1423569,463397,1 Kings,15,14,יהוה,nmpr,pers,E:YHWH,Other Tanakh
188613,1423570,463398,1 Kings,15,15,יהוה,nmpr,pers,E:YHWH,Other Tanakh
188623,1423571,463399,1 Kings,15,16,אסא,nmpr,pers,A:person-candidate,Other Tanakh
188626,1423571,463399,1 Kings,15,16,בעשא,nmpr,pers,A:person-candidate,Other Tanakh
188627,1423571,463399,1 Kings,15,16,מלך,subs,,B:deity-candidate,Other Tanakh
188628,1423571,463399,1 Kings,15,16,ישראל,nmpr,"pers,gens,topo",F:unclassified-name,Other Tanakh
188633,1423572,463400,1 Kings,15,17,בעשא,nmpr,pers,A:person-candidate,Other Tanakh
188634,1423572,463400,1 Kings,15,17,מלך,subs,,B:deity-candidate,Other Tanakh
188635,1423572,463400,1 Kings,15,17,ישראל,nmpr,"pers,gens,topo",F:unclassified-name,Other Tanakh
188637,1423572,463400,1 Kings,15,17,יהודה,nmpr,"pers,gens,topo",F:unclassified-name,Other Tanakh
188642,1423572,463401,1 Kings,15,17,רמה,nmpr,topo,F:unclassified-name,Other Tanakh
188650,1423572,463402,1 Kings,15,17,אסא,nmpr,pers,A:person-candidate,Other Tanakh
188651,1423572,463402,1 Kings,15,17,מלך,subs,,B:deity-candidate,Other Tanakh
188652,1423572,463402,1 Kings,15,17,יהודה,nmpr,"pers,gens,topo",F:unclassified-name,Other Tanakh
188655,1423573,463403,1 Kings,15,18,אסא,nmpr,pers,A:person-candidate,Other Tanakh
188668,1423573,463404,1 Kings,15,18,יהוה,nmpr,pers,E:YHWH,Other Tanakh
188674,1423573,463403,1 Kings,15,18,מלך,subs,,B:deity-candidate,Other Tanakh
188683,1423573,463406,1 Kings,15,18,מלך,subs,,B:deity-candidate,Other Tanakh
188684,1423573,463406,1 Kings,15,18,אסא,nmpr,pers,A:person-candidate,Other Tanakh
188685,1423573,463406,1 Kings,15,18,אל,prep,,C:divine-title-candidate,Other Tanakh
188686,1423573,463406,1 Kings,15,18,בן הדד,nmpr,pers,A:person-candidate,Other Tanakh
188688,1423573,463406,1 Kings,15,18,טברמן,nmpr,pers,A:person-candidate,Other Tanakh
188690,1423573,463406,1 Kings,15,18,חזיון,nmpr,pers,A:person-candidate,Other Tanakh
188691,1423573,463406,1 Kings,15,18,מלך,subs,,B:deity-candidate,Other Tanakh
188692,1423573,463406,1 Kings,15,18,ארם,nmpr,topo,F:unclassified-name,Other Tanakh
188696,1423573,463407,1 Kings,15,18,דמשק,nmpr,topo,F:unclassified-name,Other Tanakh
188720,1423574,463413,1 Kings,15,19,בעשא,nmpr,pers,A:person-candidate,Other Tanakh
188721,1423574,463413,1 Kings,15,19,מלך,subs,,B:deity-candidate,Other Tanakh
188722,1423574,463413,1 Kings,15,19,ישראל,nmpr,"pers,gens,topo",F:unclassified-name,Other Tanakh
188729,1423575,463415,1 Kings,15,20,בן הדד,nmpr,pers,A:person-candidate,Other Tanakh
188730,1423575,463415,1 Kings,15,20,אל,prep,,C:divine-title-candidate,Other Tanakh
188732,1423575,463415,1 Kings,15,20,מלך,subs,,B:deity-candidate,Other Tanakh
188733,1423575,463415,1 Kings,15,20,אסא,nmpr,pers,A:person-candidate,Other Tanakh
188744,1423575,463416,1 Kings,15,20,ישראל,nmpr,"pers,gens,topo",F:unclassified-name,Other Tanakh
188748,1423575,463418,1 Kings,15,20,עיון,nmpr,topo,F:unclassified-name,Other Tanakh
188751,1423575,463418,1 Kings,15,20,דן,nmpr,"pers,gens,topo",F:unclassified-name,Other Tanakh
188754,1423575,463418,1 Kings,15,20,אבל בית מעכה,nmpr,topo,F:unclassified-name,Other Tanakh
188758,1423575,463418,1 Kings,15,20,כנרת,nmpr,topo,F:unclassified-name,Other Tanakh
188762,1423575,463418,1 Kings,15,20,נפתלי,nmpr,"pers,gens,topo",F:unclassified-name,Other Tanakh
188767,1423576,463420,1 Kings,15,21,בעשא,nmpr,pers,A:person-candidate,Other Tanakh
188774,1423576,463422,1 Kings,15,21,רמה,nmpr,topo,F:unclassified-name,Other Tanakh
188778,1423576,463423,1 Kings,15,21,תרצה,nmpr,topo,F:unclassified-name,Other Tanakh
188781,1423577,463424,1 Kings,15,22,מלך,subs,,B:deity-candidate,Other Tanakh
188782,1423577,463424,1 Kings,15,22,אסא,nmpr,pers,A:person-candidate,Other Tanakh
188786,1423577,463424,1 Kings,15,22,יהודה,nmpr,"pers,gens,topo",F:unclassified-name,Other Tanakh
188794,1423577,463426,1 Kings,15,22,רמה,nmpr,topo,F:unclassified-name,Other Tanakh
188800,1423577,463427,1 Kings,15,22,בעשא,nmpr,pers,A:person-candidate,Other Tanakh
188805,1423577,463428,1 Kings,15,22,מלך,subs,,B:deity-candidate,Other Tanakh
188806,1423577,463428,1 Kings,15,22,אסא,nmpr,pers,A:person-candidate,Other Tanakh
188808,1423577,463428,1 Kings,15,22,גבע,nmpr,topo,F:unclassified-name,Other Tanakh
188809,1423577,463428,1 Kings,15,22,בנימן,nmpr,"pers,gens,topo",F:unclassified-name,Other Tanakh
188813,1423577,463428,1 Kings,15,22,מצפה,nmpr,topo,F:unclassified-name,Other Tanakh
188818,1423578,463429,1 Kings,15,23,אסא,nmpr,pers,A:person-candidate,Other Tanakh
188841,1423578,463432,1 Kings,15,23,מלך,subs,,B:deity-candidate,Other Tanakh
188842,1423578,463432,1 Kings,15,23,יהודה,nmpr,"pers,gens,topo",F:unclassified-name,Other Tanakh
188852,1423579,463434,1 Kings,15,24,אסא,nmpr,pers,A:person-candidate,Other Tanakh
188861,1423579,463435,1 Kings,15,24,דוד,nmpr,pers,A:person-candidate,Other Tanakh
188864,1423579,463436,1 Kings,15,24,מלך,verb,,B:deity-candidate,Other Tanakh
188865,1423579,463436,1 Kings,15,24,יהושפט,nmpr,pers,A:person-candidate,Other Tanakh
188869,1423580,463437,1 Kings,15,25,נדב,nmpr,pers,A:person-candidate,Other Tanakh
188871,1423580,463437,1 Kings,15,25,ירבעם,nmpr,pers,A:person-candidate,Other Tanakh
188872,1423580,463437,1 Kings,15,25,מלך,verb,,B:deity-candidate,Other Tanakh
188874,1423580,463437,1 Kings,15,25,ישראל,nmpr,"pers,gens,topo",F:unclassified-name,Other Tanakh
188879,1423580,463437,1 Kings,15,25,אסא,nmpr,pers,A:person-candidate,Other Tanakh
188880,1423580,463437,1 Kings,15,25,מלך,subs,,B:deity-candidate,Other Tanakh
188881,1423580,463437,1 Kings,15,25,יהודה,nmpr,"pers,gens,topo",F:unclassified-name,Other Tanakh
188883,1423580,463438,1 Kings,15,25,מלך,verb,,B:deity-candidate,Other Tanakh
188885,1423580,463438,1 Kings,15,25,ישראל,nmpr,"pers,gens,topo",F:unclassified-name,Other Tanakh
188893,1423581,463440,1 Kings,15,26,יהוה,nmpr,pers,E:YHWH,Other Tanakh
188905,1423581,463442,1 Kings,15,26,ישראל,nmpr,"pers,gens,topo",F:unclassified-name,Other Tanakh
188909,1423582,463443,1 Kings,15,27,בעשא,nmpr,pers,A:person-candidate,Other Tanakh
188911,1423582,463443,1 Kings,15,27,אחיה,nmpr,pers,A:person-candidate,Other Tanakh
188914,1423582,463443,1 Kings,15,27,יששכר,nmpr,"pers,gens,topo",F:unclassified-name,Other Tanakh
188917,1423582,463444,1 Kings,15,27,בעשא,nmpr,pers,A:person-candidate,Other Tanakh
188919,1423582,463444,1 Kings,15,27,גבתון,nmpr,topo,F:unclassified-name,Other Tanakh
188925,1423582,463446,1 Kings,15,27,נדב,nmpr,pers,A:person-candidate,Other Tanakh
188928,1423582,463446,1 Kings,15,27,ישראל,nmpr,"pers,gens,topo",F:unclassified-name,Other Tanakh
188931,1423582,463446,1 Kings,15,27,גבתון,nmpr,topo,F:unclassified-name,Other Tanakh
188934,1423583,463447,1 Kings,15,28,בעשא,nmpr,pers,A:person-candidate,Other Tanakh
188939,1423583,463447,1 Kings,15,28,אסא,nmpr,pers,A:person-candidate,Other Tanakh
188940,1423583,463447,1 Kings,15,28,מלך,subs,,B:deity-candidate,Other Tanakh
188941,1423583,463447,1 Kings,15,28,יהודה,nmpr,"pers,gens,topo",F:unclassified-name,Other Tanakh
188943,1423583,463448,1 Kings,15,28,מלך,verb,,B:deity-candidate,Other Tanakh
188948,1423584,463450,1 Kings,15,29,מלך,verb,,B:deity-candidate,Other Tanakh
188953,1423584,463451,1 Kings,15,29,ירבעם,nmpr,pers,A:person-candidate,Other Tanakh
188959,1423584,463452,1 Kings,15,29,ירבעם,nmpr,pers,A:person-candidate,Other Tanakh
188964,1423584,463452,1 Kings,15,29,יהוה,nmpr,pers,E:YHWH,Other Tanakh
188970,1423584,463454,1 Kings,15,29,אחיה,nmpr,pers,A:person-candidate,Other Tanakh
188975,1423585,463452,1 Kings,15,30,ירבעם,nmpr,pers,A:person-candidate,Other Tanakh
188982,1423585,463456,1 Kings,15,30,ישראל,nmpr,"pers,gens,topo",F:unclassified-name,Other Tanakh
188988,1423585,463458,1 Kings,15,30,יהוה,nmpr,pers,E:YHWH,Other Tanakh
188989,1423585,463458,1 Kings,15,30,אלהים,subs,,D:Elohim,Other Tanakh
188990,1423585,463458,1 Kings,15,30,ישראל,nmpr,"pers,gens,topo",F:unclassified-name,Other Tanakh
188994,1423586,463459,1 Kings,15,31,נדב,nmpr,pers,A:person-candidate,Other Tanakh
189009,1423586,463461,1 Kings,15,31,מלך,subs,,B:deity-candidate,Other Tanakh
189010,1423586,463461,1 Kings,15,31,ישראל,nmpr,"pers,gens,topo",F:unclassified-name,Other Tanakh
189015,1423587,463462,1 Kings,15,32,אסא,nmpr,pers,A:person-candidate,Other Tanakh
189018,1423587,463462,1 Kings,15,32,בעשא,nmpr,pers,A:person-candidate,Other Tanakh
189019,1423587,463462,1 Kings,15,32,מלך,subs,,B:deity-candidate,Other Tanakh
189020,1423587,463462,1 Kings,15,32,ישראל,nmpr,"pers,gens,topo",F:unclassified-name,Other Tanakh
189027,1423588,463463,1 Kings,15,33,אסא,nmpr,pers,A:person-candidate,Other Tanakh
189028,1423588,463463,1 Kings,15,33,מלך,subs,,B:deity-candidate,Other Tanakh
189029,1423588,463463,1 Kings,15,33,יהודה,nmpr,"pers,gens,topo",F:unclassified-name,Other Tanakh
189030,1423588,463463,1 Kings,15,33,מלך,verb,,B:deity-candidate,Other Tanakh
189031,1423588,463463,1 Kings,15,33,בעשא,nmpr,pers,A:person-candidate,Other Tanakh
189033,1423588,463463,1 Kings,15,33,אחיה,nmpr,pers,A:person-candidate,Other Tanakh
189036,1423588,463463,1 Kings,15,33,ישראל,nmpr,"pers,gens,topo",F:unclassified-name,Other Tanakh
189038,1423588,463463,1 Kings,15,33,תרצה,nmpr,topo,F:unclassified-name,Other Tanakh
189049,1423589,463465,1 Kings,15,34,יהוה,nmpr,pers,E:YHWH,Other Tanakh
189054,1423589,463466,1 Kings,15,34,ירבעם,nmpr,pers,A:person-candidate,Other Tanakh
189061,1423589,463467,1 Kings,15,34,ישראל,nmpr,"pers,gens,topo",F:unclassified-name,Other Tanakh
189065,1423590,463468,1 Kings,16,1,יהוה,nmpr,pers,E:YHWH,Other Tanakh
189066,1423590,463468,1 Kings,16,1,אל,prep,,C:divine-title-candidate,Other Tanakh
189067,1423590,463468,1 Kings,16,1,יהוא,nmpr,pers,A:person-candidate,Other Tanakh
189069,1423590,463468,1 Kings,16,1,חנני,nmpr,pers,A:person-candidate,Other Tanakh
189071,1423590,463468,1 Kings,16,1,בעשא,nmpr,pers,A:person-candidate,Other Tanakh
189085,1423591,463471,1 Kings,16,2,ישראל,nmpr,"pers,gens,topo",F:unclassified-name,Other Tanakh
189090,1423591,463472,1 Kings,16,2,ירבעם,nmpr,pers,A:person-candidate,Other Tanakh
189095,1423591,463473,1 Kings,16,2,ישראל,nmpr,"pers,gens,topo",F:unclassified-name,Other Tanakh
189103,1423592,463475,1 Kings,16,3,בעשא,nmpr,pers,A:person-candidate,Other Tanakh
189113,1423592,463476,1 Kings,16,3,ירבעם,nmpr,pers,A:person-candidate,Other Tanakh
189115,1423592,463476,1 Kings,16,3,נבט,nmpr,pers,A:person-candidate,Other Tanakh
189119,1423593,463477,1 Kings,16,4,בעשא,nmpr,pers,A:person-candidate,Other Tanakh
189140,1423594,463481,1 Kings,16,5,בעשא,nmpr,pers,A:person-candidate,Other Tanakh
189156,1423594,463483,1 Kings,16,5,מלך,subs,,B:deity-candidate,Other Tanakh
189157,1423594,463483,1 Kings,16,5,ישראל,nmpr,"pers,gens,topo",F:unclassified-name,Other Tanakh
189160,1423595,463484,1 Kings,16,6,בעשא,nmpr,pers,A:person-candidate,Other Tanakh
189166,1423595,463485,1 Kings,16,6,תרצה,nmpr,topo,F:unclassified-name,Other Tanakh
189168,1423595,463486,1 Kings,16,6,מלך,verb,,B:deity-candidate,Other Tanakh
189169,1423595,463486,1 Kings,16,6,אלה,nmpr,pers,A:person-candidate,Other Tanakh
189176,1423596,463487,1 Kings,16,7,יהוא,nmpr,pers,A:person-candidate,Other Tanakh
189178,1423596,463487,1 Kings,16,7,חנני,nmpr,pers,A:person-candidate,Other Tanakh
189182,1423596,463487,1 Kings,16,7,יהוה,nmpr,pers,E:YHWH,Other Tanakh
189184,1423596,463487,1 Kings,16,7,אל,prep,,C:divine-title-candidate,Other Tanakh
189185,1423596,463487,1 Kings,16,7,בעשא,nmpr,pers,A:person-candidate,Other Tanakh
189187,1423596,463487,1 Kings,16,7,אל,prep,,C:divine-title-candidate,Other Tanakh
189198,1423596,463489,1 Kings,16,7,יהוה,nmpr,pers,E:YHWH,Other Tanakh
189208,1423596,463491,1 Kings,16,7,ירבעם,nmpr,pers,A:person-candidate,Other Tanakh
189221,1423597,463493,1 Kings,16,8,אסא,nmpr,pers,A:person-candidate,Other Tanakh
189222,1423597,463493,1 Kings,16,8,מלך,subs,,B:deity-candidate,Other Tanakh
189223,1423597,463493,1 Kings,16,8,יהודה,nmpr,"pers,gens,topo",F:unclassified-name,Other Tanakh
189224,1423597,463493,1 Kings,16,8,מלך,verb,,B:deity-candidate,Other Tanakh
189225,1423597,463493,1 Kings,16,8,אלה,nmpr,pers,A:person-candidate,Other Tanakh
189227,1423597,463493,1 Kings,16,8,בעשא,nmpr,pers,A:person-candidate,Other Tanakh
189229,1423597,463493,1 Kings,16,8,ישראל,nmpr,"pers,gens,topo",F:unclassified-name,Other Tanakh
189231,1423597,463493,1 Kings,16,8,תרצה,nmpr,topo,F:unclassified-name,Other Tanakh
189237,1423598,463494,1 Kings,16,9,זמרי,nmpr,pers,A:person-candidate,Other Tanakh
189245,1423598,463495,1 Kings,16,9,תרצה,nmpr,topo,F:unclassified-name,Other Tanakh
189249,1423598,463496,1 Kings,16,9,ארצא,nmpr,pers,A:person-candidate,Other Tanakh
189255,1423598,463497,1 Kings,16,9,תרצה,nmpr,topo,F:unclassified-name,Other Tanakh
189258,1423599,463498,1 Kings,16,10,זמרי,nmpr,pers,A:person-candidate,Other Tanakh
189269,1423599,463500,1 Kings,16,10,אסא,nmpr,pers,A:person-candidate,Other Tanakh
189270,1423599,463500,1 Kings,16,10,מלך,subs,,B:deity-candidate,Other Tanakh
189271,1423599,463500,1 Kings,16,10,יהודה,nmpr,"pers,gens,topo",F:unclassified-name,Other Tanakh
189273,1423599,463501,1 Kings,16,10,מלך,verb,,B:deity-candidate,Other Tanakh
189278,1423600,463503,1 Kings,16,11,מלך,verb,,B:deity-candidate,Other Tanakh
189287,1423600,463505,1 Kings,16,11,בעשא,nmpr,pers,A:person-candidate,Other Tanakh
189300,1423601,463509,1 Kings,16,12,זמרי,nmpr,pers,A:person-candidate,Other Tanakh
189304,1423601,463509,1 Kings,16,12,בעשא,nmpr,pers,A:person-candidate,Other Tanakh
189307,1423601,463509,1 Kings,16,12,יהוה,nmpr,pers,E:YHWH,Other Tanakh
189310,1423601,463510,1 Kings,16,12,אל,prep,,C:divine-title-candidate,Other Tanakh
189311,1423601,463510,1 Kings,16,12,בעשא,nmpr,pers,A:person-candidate,Other Tanakh
189314,1423601,463510,1 Kings,16,12,יהוא,nmpr,pers,A:person-candidate,Other Tanakh
189317,1423602,463511,1 Kings,16,13,אל,prep,,C:divine-title-candidate,Other Tanakh
189320,1423602,463511,1 Kings,16,13,בעשא,nmpr,pers,A:person-candidate,Other Tanakh
189323,1423602,463511,1 Kings,16,13,אלה,nmpr,pers,A:person-candidate,Other Tanakh
189331,1423602,463513,1 Kings,16,13,ישראל,nmpr,"pers,gens,topo",F:unclassified-name,Other Tanakh
189335,1423602,463514,1 Kings,16,13,יהוה,nmpr,pers,E:YHWH,Other Tanakh
189336,1423602,463514,1 Kings,16,13,אלהים,subs,,D:Elohim,Other Tanakh
189337,1423602,463514,1 Kings,16,13,ישראל,nmpr,"pers,gens,topo",F:unclassified-name,Other Tanakh
189343,1423603,463515,1 Kings,16,14,אלה,nmpr,pers,A:person-candidate,Other Tanakh
189358,1423603,463517,1 Kings,16,14,מלך,subs,,B:deity-candidate,Other Tanakh
189359,1423603,463517,1 Kings,16,14,ישראל,nmpr,"pers,gens,topo",F:unclassified-name,Other Tanakh
189367,1423604,463518,1 Kings,16,15,אסא,nmpr,pers,A:person-candidate,Other Tanakh
189368,1423604,463518,1 Kings,16,15,מלך,subs,,B:deity-candidate,Other Tanakh
189369,1423604,463518,1 Kings,16,15,יהודה,nmpr,"pers,gens,topo",F:unclassified-name,Other Tanakh
189370,1423604,463518,1 Kings,16,15,מלך,verb,,B:deity-candidate,Other Tanakh
189371,1423604,463518,1 Kings,16,15,זמרי,nmpr,pers,A:person-candidate,Other Tanakh
189375,1423604,463518,1 Kings,16,15,תרצה,nmpr,topo,F:unclassified-name,Other Tanakh
189381,1423604,463519,1 Kings,16,15,גבתון,nmpr,topo,F:unclassified-name,Other Tanakh
189395,1423605,463524,1 Kings,16,16,זמרי,nmpr,pers,A:person-candidate,Other Tanakh
189401,1423605,463525,1 Kings,16,16,מלך,subs,,B:deity-candidate,Other Tanakh
189403,1423605,463526,1 Kings,16,16,מלך,verb,,B:deity-candidate,Other Tanakh
189405,1423605,463526,1 Kings,16,16,ישראל,nmpr,"pers,gens,topo",F:unclassified-name,Other Tanakh
189407,1423605,463526,1 Kings,16,16,עמרי,nmpr,pers,A:person-candidate,Other Tanakh
189411,1423605,463526,1 Kings,16,16,ישראל,nmpr,"pers,gens,topo",F:unclassified-name,Other Tanakh
189422,1423606,463527,1 Kings,16,17,עמרי,nmpr,pers,A:person-candidate,Other Tanakh
189425,1423606,463528,1 Kings,16,17,ישראל,nmpr,"pers,gens,topo",F:unclassified-name,Other Tanakh
189428,1423606,463527,1 Kings,16,17,גבתון,nmpr,topo,F:unclassified-name,Other Tanakh
189432,1423606,463529,1 Kings,16,17,תרצה,nmpr,topo,F:unclassified-name,Other Tanakh
189437,1423607,463531,1 Kings,16,18,זמרי,nmpr,pers,A:person-candidate,Other Tanakh
189444,1423607,463533,1 Kings,16,18,אל,prep,,C:divine-title-candidate,Other Tanakh
189448,1423607,463533,1 Kings,16,18,מלך,subs,,B:deity-candidate,Other Tanakh
189454,1423607,463534,1 Kings,16,18,מלך,subs,,B:deity-candidate,Other Tanakh
189470,1423608,463539,1 Kings,16,19,יהוה,nmpr,pers,E:YHWH,Other Tanakh
189475,1423608,463540,1 Kings,16,19,ירבעם,nmpr,pers,A:person-candidate,Other Tanakh
189484,1423608,463542,1 Kings,16,19,ישראל,nmpr,"pers,gens,topo",F:unclassified-name,Other Tanakh
189488,1423609,463543,1 Kings,16,20,זמרי,nmpr,pers,A:person-candidate,Other Tanakh
189503,1423609,463545,1 Kings,16,20,מלך,subs,,B:deity-candidate,Other Tanakh
189504,1423609,463545,1 Kings,16,20,ישראל,nmpr,"pers,gens,topo",F:unclassified-name,Other Tanakh
189509,1423610,463546,1 Kings,16,21,ישראל,nmpr,"pers,gens,topo",F:unclassified-name,Other Tanakh
189518,1423610,463547,1 Kings,16,21,תבני,nmpr,pers,A:person-candidate,Other Tanakh
189520,1423610,463547,1 Kings,16,21,גינת,nmpr,pers,A:person-candidate,Other Tanakh
189522,1423610,463548,1 Kings,16,21,מלך,verb,,B:deity-candidate,Other Tanakh
189527,1423610,463549,1 Kings,16,21,עמרי,nmpr,pers,A:person-candidate,Other Tanakh
189534,1423611,463551,1 Kings,16,22,עמרי,nmpr,pers,A:person-candidate,Other Tanakh
189540,1423611,463552,1 Kings,16,22,תבני,nmpr,pers,A:person-candidate,Other Tanakh
189542,1423611,463552,1 Kings,16,22,גינת,nmpr,pers,A:person-candidate,Other Tanakh
189545,1423611,463553,1 Kings,16,22,תבני,nmpr,pers,A:person-candidate,Other Tanakh
189547,1423611,463554,1 Kings,16,22,מלך,verb,,B:deity-candidate,Other Tanakh
189548,1423611,463554,1 Kings,16,22,עמרי,nmpr,pers,A:person-candidate,Other Tanakh
189556,1423612,463555,1 Kings,16,23,אסא,nmpr,pers,A:person-candidate,Other Tanakh
189557,1423612,463555,1 Kings,16,23,מלך,subs,,B:deity-candidate,Other Tanakh
189558,1423612,463555,1 Kings,16,23,יהודה,nmpr,"pers,gens,topo",F:unclassified-name,Other Tanakh
189559,1423612,463555,1 Kings,16,23,מלך,verb,,B:deity-candidate,Other Tanakh
189560,1423612,463555,1 Kings,16,23,עמרי,nmpr,pers,A:person-candidate,Other Tanakh
189562,1423612,463555,1 Kings,16,23,ישראל,nmpr,"pers,gens,topo",F:unclassified-name,Other Tanakh
189567,1423612,463556,1 Kings,16,23,תרצה,nmpr,topo,F:unclassified-name,Other Tanakh
189568,1423612,463556,1 Kings,16,23,מלך,verb,,B:deity-candidate,Other Tanakh
189576,1423613,463557,1 Kings,16,24,שמרון,nmpr,topo,F:unclassified-name,Other Tanakh
189579,1423613,463557,1 Kings,16,24,שמר,nmpr,pers,A:person-candidate,Other Tanakh
189598,1423613,463559,1 Kings,16,24,שמר,nmpr,pers,A:person-candidate,Other Tanakh
189602,1423613,463559,1 Kings,16,24,שמרון,nmpr,topo,F:unclassified-name,Other Tanakh
189605,1423614,463561,1 Kings,16,25,עמרי,nmpr,pers,A:person-candidate,Other Tanakh
189610,1423614,463562,1 Kings,16,25,יהוה,nmpr,pers,E:YHWH,Other Tanakh
189623,1423615,463565,1 Kings,16,26,ירבעם,nmpr,pers,A:person-candidate,Other Tanakh
189625,1423615,463565,1 Kings,16,26,נבט,nmpr,pers,A:person-candidate,Other Tanakh
189632,1423615,463566,1 Kings,16,26,ישראל,nmpr,"pers,gens,topo",F:unclassified-name,Other Tanakh
189636,1423615,463567,1 Kings,16,26,יהוה,nmpr,pers,E:YHWH,Other Tanakh
189637,1423615,463567,1 Kings,16,26,אלהים,subs,,D:Elohim,Other Tanakh
189638,1423615,463567,1 Kings,16,26,ישראל,nmpr,"pers,gens,topo",F:unclassified-name,Other Tanakh
189644,1423616,463568,1 Kings,16,27,עמרי,nmpr,pers,A:person-candidate,Other Tanakh
189661,1423616,463571,1 Kings,16,27,מלך,subs,,B:deity-candidate,Other Tanakh
189662,1423616,463571,1 Kings,16,27,ישראל,nmpr,"pers,gens,topo",F:unclassified-name,Other Tanakh
189665,1423617,463572,1 Kings,16,28,עמרי,nmpr,pers,A:person-candidate,Other Tanakh
189671,1423617,463573,1 Kings,16,28,שמרון,nmpr,topo,F:unclassified-name,Other Tanakh
189673,1423617,463574,1 Kings,16,28,מלך,verb,,B:deity-candidate,Other Tanakh
189674,1423617,463574,1 Kings,16,28,אחאב,nmpr,pers,A:person-candidate,Other Tanakh
189678,1423618,463575,1 Kings,16,29,אחאב,nmpr,pers,A:person-candidate,Other Tanakh
189680,1423618,463575,1 Kings,16,29,עמרי,nmpr,pers,A:person-candidate,Other Tanakh
189681,1423618,463575,1 Kings,16,29,מלך,verb,,B:deity-candidate,Other Tanakh
189683,1423618,463575,1 Kings,16,29,ישראל,nmpr,"pers,gens,topo",F:unclassified-name,Other Tanakh
189691,1423618,463575,1 Kings,16,29,אסא,nmpr,pers,A:person-candidate,Other Tanakh
189692,1423618,463575,1 Kings,16,29,מלך,subs,,B:deity-candidate,Other Tanakh
189693,1423618,463575,1 Kings,16,29,יהודה,nmpr,"pers,gens,topo",F:unclassified-name,Other Tanakh
189695,1423618,463576,1 Kings,16,29,מלך,verb,,B:deity-candidate,Other Tanakh
189696,1423618,463576,1 Kings,16,29,אחאב,nmpr,pers,A:person-candidate,Other Tanakh
189698,1423618,463576,1 Kings,16,29,עמרי,nmpr,pers,A:person-candidate,Other Tanakh
189700,1423618,463576,1 Kings,16,29,ישראל,nmpr,"pers,gens,topo",F:unclassified-name,Other Tanakh
189702,1423618,463576,1 Kings,16,29,שמרון,nmpr,topo,F:unclassified-name,Other Tanakh
189709,1423619,463577,1 Kings,16,30,אחאב,nmpr,pers,A:person-candidate,Other Tanakh
189711,1423619,463577,1 Kings,16,30,עמרי,nmpr,pers,A:person-candidate,Other Tanakh
189716,1423619,463578,1 Kings,16,30,יהוה,nmpr,pers,E:YHWH,Other Tanakh
189729,1423620,463582,1 Kings,16,31,ירבעם,nmpr,pers,A:person-candidate,Other Tanakh
189731,1423620,463582,1 Kings,16,31,נבט,nmpr,pers,A:person-candidate,Other Tanakh
189736,1423620,463583,1 Kings,16,31,איזבל,nmpr,pers,A:person-candidate,Other Tanakh
189738,1423620,463583,1 Kings,16,31,אתבעל,nmpr,pers,A:person-candidate,Other Tanakh
189739,1423620,463583,1 Kings,16,31,מלך,subs,,B:deity-candidate,Other Tanakh
189747,1423620,463585,1 Kings,16,31,בעל,subs,,B:deity-candidate,Other Tanakh
189756,1423621,463587,1 Kings,16,32,בעל,subs,,B:deity-candidate,Other Tanakh
189759,1423621,463587,1 Kings,16,32,בעל,subs,,B:deity-candidate,Other Tanakh
189763,1423621,463588,1 Kings,16,32,שמרון,nmpr,topo,F:unclassified-name,Other Tanakh
189766,1423622,463589,1 Kings,16,33,אחאב,nmpr,pers,A:person-candidate,Other Tanakh
189772,1423622,463590,1 Kings,16,33,אחאב,nmpr,pers,A:person-candidate,Other Tanakh
189778,1423622,463592,1 Kings,16,33,יהוה,nmpr,pers,E:YHWH,Other Tanakh
189779,1423622,463592,1 Kings,16,33,אלהים,subs,,D:Elohim,Other Tanakh
189780,1423622,463592,1 Kings,16,33,ישראל,nmpr,"pers,gens,topo",F:unclassified-name,Other Tanakh
189783,1423622,463592,1 Kings,16,33,מלך,subs,,B:deity-candidate,Other Tanakh
189784,1423622,463592,1 Kings,16,33,ישראל,nmpr,"pers,gens,topo",F:unclassified-name,Other Tanakh
189792,1423623,463594,1 Kings,16,34,חיאל,nmpr,pers,A:person-candidate,Other Tanakh
189797,1423623,463594,1 Kings,16,34,יריחו,nmpr,topo,F:unclassified-name,Other Tanakh
189799,1423623,463595,1 Kings,16,34,אבירם,nmpr,pers,A:person-candidate,Other Tanakh
189804,1423623,463596,1 Kings,16,34,שגוב,nmpr,pers,A:person-candidate,Other Tanakh
189810,1423623,463597,1 Kings,16,34,יהוה,nmpr,pers,E:YHWH,Other Tanakh
189815,1423623,463598,1 Kings,16,34,יהושע,nmpr,pers,A:person-candidate,Other Tanakh
189817,1423623,463598,1 Kings,16,34,נון,nmpr,pers,A:person-candidate,Other Tanakh
189820,1423624,463599,1 Kings,17,1,אליהו,nmpr,pers,A:person-candidate,Other Tanakh
189825,1423624,463599,1 Kings,17,1,גלעד,nmpr,topo,F:unclassified-name,Other Tanakh
189826,1423624,463599,1 Kings,17,1,אל,prep,,C:divine-title-candidate,Other Tanakh
189827,1423624,463599,1 Kings,17,1,אחאב,nmpr,pers,A:person-candidate,Other Tanakh
189829,1423624,463600,1 Kings,17,1,יהוה,nmpr,pers,E:YHWH,Other Tanakh
189830,1423624,463600,1 Kings,17,1,אלהים,subs,,D:Elohim,Other Tanakh
189831,1423624,463600,1 Kings,17,1,ישראל,nmpr,"pers,gens,topo",F:unclassified-name,Other Tanakh
189853,1423625,463604,1 Kings,17,2,יהוה,nmpr,pers,E:YHWH,Other Tanakh
189854,1423625,463604,1 Kings,17,2,אל,prep,,C:divine-title-candidate,Other Tanakh
189868,1423626,463608,1 Kings,17,3,כרית,nmpr,topo,F:unclassified-name,Other Tanakh
189873,1423626,463609,1 Kings,17,3,ירדן,nmpr,topo,F:unclassified-name,Other Tanakh
189894,1423628,463615,1 Kings,17,5,יהוה,nmpr,pers,E:YHWH,Other Tanakh
189901,1423628,463617,1 Kings,17,5,כרית,nmpr,topo,F:unclassified-name,Other Tanakh
189906,1423628,463618,1 Kings,17,5,ירדן,nmpr,topo,F:unclassified-name,Other Tanakh
189949,1423631,463625,1 Kings,17,8,יהוה,nmpr,pers,E:YHWH,Other Tanakh
189950,1423631,463625,1 Kings,17,8,אל,prep,,C:divine-title-candidate,Other Tanakh
189955,1423632,463628,1 Kings,17,9,צרפת,nmpr,topo,F:unclassified-name,Other Tanakh
189958,1423632,463629,1 Kings,17,9,צידון,nmpr,topo,F:unclassified-name,Other Tanakh
189973,1423633,463634,1 Kings,17,10,צרפת,nmpr,topo,F:unclassified-name,Other Tanakh
189976,1423633,463635,1 Kings,17,10,אל,prep,,C:divine-title-candidate,Other Tanakh
189989,1423633,463638,1 Kings,17,10,אל,prep,,C:divine-title-candidate,Other Tanakh
190008,1423634,463644,1 Kings,17,11,אל,prep,,C:divine-title-candidate,Other Tanakh
190021,1423635,463648,1 Kings,17,12,יהוה,nmpr,pers,E:YHWH,Other Tanakh
190022,1423635,463648,1 Kings,17,12,אלהים,subs,,D:Elohim,Other Tanakh
190060,1423636,463656,1 Kings,17,13,אל,prep,,C:divine-title-candidate,Other Tanakh
190061,1423636,463656,1 Kings,17,13,אליהו,nmpr,pers,A:person-candidate,Other Tanakh
190062,1423636,463657,1 Kings,17,13,אל,nega,,C:divine-title-candidate,Other Tanakh
190093,1423637,463663,1 Kings,17,14,יהוה,nmpr,pers,E:YHWH,Other Tanakh
190094,1423637,463663,1 Kings,17,14,אלהים,subs,,D:Elohim,Other Tanakh
190095,1423637,463663,1 Kings,17,14,ישראל,nmpr,"pers,gens,topo",F:unclassified-name,Other Tanakh
190110,1423637,463666,1 Kings,17,14,יהוה,nmpr,pers,E:YHWH,Other Tanakh
190122,1423638,463668,1 Kings,17,15,אליהו,nmpr,pers,A:person-candidate,Other Tanakh
190144,1423639,463672,1 Kings,17,16,יהוה,nmpr,pers,E:YHWH,Other Tanakh
190149,1423639,463673,1 Kings,17,16,אליהו,nmpr,pers,A:person-candidate,Other Tanakh
190177,1423641,463678,1 Kings,17,18,אל,prep,,C:divine-title-candidate,Other Tanakh
190178,1423641,463678,1 Kings,17,18,אליהו,nmpr,pers,A:person-candidate,Other Tanakh
190185,1423641,463680,1 Kings,17,18,אלהים,subs,,D:Elohim,Other Tanakh
190187,1423641,463681,1 Kings,17,18,אל,prep,,C:divine-title-candidate,Other Tanakh
190199,1423642,463684,1 Kings,17,19,אל,prep,,C:divine-title-candidate,Other Tanakh
190210,1423642,463687,1 Kings,17,19,אל,prep,,C:divine-title-candidate,Other Tanakh
190223,1423643,463690,1 Kings,17,20,אל,prep,,C:divine-title-candidate,Other Tanakh
190224,1423643,463690,1 Kings,17,20,יהוה,nmpr,pers,E:YHWH,Other Tanakh
190227,1423643,463692,1 Kings,17,20,יהוה,nmpr,pers,E:YHWH,Other Tanakh
190228,1423643,463692,1 Kings,17,20,אלהים,subs,,D:Elohim,Other Tanakh
190252,1423644,463697,1 Kings,17,21,אל,prep,,C:divine-title-candidate,Other Tanakh
190253,1423644,463697,1 Kings,17,21,יהוה,nmpr,pers,E:YHWH,Other Tanakh
190256,1423644,463699,1 Kings,17,21,יהוה,nmpr,pers,E:YHWH,Other Tanakh
190257,1423644,463699,1 Kings,17,21,אלהים,subs,,D:Elohim,Other Tanakh
190269,1423645,463701,1 Kings,17,22,יהוה,nmpr,pers,E:YHWH,Other Tanakh
190272,1423645,463701,1 Kings,17,22,אליהו,nmpr,pers,A:person-candidate,Other Tanakh
190284,1423646,463704,1 Kings,17,23,אליהו,nmpr,pers,A:person-candidate,Other Tanakh
190301,1423646,463707,1 Kings,17,23,אליהו,nmpr,pers,A:person-candidate,Other Tanakh
190309,1423647,463710,1 Kings,17,24,אל,prep,,C:divine-title-candidate,Other Tanakh
190310,1423647,463710,1 Kings,17,24,אליהו,nmpr,pers,A:person-candidate,Other Tanakh
190316,1423647,463712,1 Kings,17,24,אלהים,subs,,D:Elohim,Other Tanakh
190320,1423647,463713,1 Kings,17,24,יהוה,nmpr,pers,E:YHWH,Other Tanakh
190330,1423648,463715,1 Kings,18,1,יהוה,nmpr,pers,E:YHWH,Other Tanakh
190332,1423648,463715,1 Kings,18,1,אל,prep,,C:divine-title-candidate,Other Tanakh
190333,1423648,463715,1 Kings,18,1,אליהו,nmpr,pers,A:person-candidate,Other Tanakh
190343,1423648,463718,1 Kings,18,1,אל,prep,,C:divine-title-candidate,Other Tanakh
190344,1423648,463718,1 Kings,18,1,אחאב,nmpr,pers,A:person-candidate,Other Tanakh
190354,1423649,463720,1 Kings,18,2,אליהו,nmpr,pers,A:person-candidate,Other Tanakh
190357,1423649,463721,1 Kings,18,2,אל,prep,,C:divine-title-candidate,Other Tanakh
190358,1423649,463721,1 Kings,18,2,אחאב,nmpr,pers,A:person-candidate,Other Tanakh
190364,1423649,463722,1 Kings,18,2,שמרון,nmpr,topo,F:unclassified-name,Other Tanakh
190367,1423650,463723,1 Kings,18,3,אחאב,nmpr,pers,A:person-candidate,Other Tanakh
190368,1423650,463723,1 Kings,18,3,אל,prep,,C:divine-title-candidate,Other Tanakh
190369,1423650,463723,1 Kings,18,3,עבדיהו,nmpr,pers,A:person-candidate,Other Tanakh
190375,1423650,463725,1 Kings,18,3,עבדיהו,nmpr,pers,A:person-candidate,Other Tanakh
190379,1423650,463725,1 Kings,18,3,יהוה,nmpr,pers,E:YHWH,Other Tanakh
190385,1423651,463727,1 Kings,18,4,איזבל,nmpr,pers,A:person-candidate,Other Tanakh
190388,1423651,463727,1 Kings,18,4,יהוה,nmpr,pers,E:YHWH,Other Tanakh
190391,1423651,463728,1 Kings,18,4,עבדיהו,nmpr,pers,A:person-candidate,Other Tanakh
190408,1423652,463732,1 Kings,18,5,אחאב,nmpr,pers,A:person-candidate,Other Tanakh
190409,1423652,463732,1 Kings,18,5,אל,prep,,C:divine-title-candidate,Other Tanakh
190410,1423652,463732,1 Kings,18,5,עבדיהו,nmpr,pers,A:person-candidate,Other Tanakh
190415,1423652,463733,1 Kings,18,5,אל,prep,,C:divine-title-candidate,Other Tanakh
190421,1423652,463733,1 Kings,18,5,אל,prep,,C:divine-title-candidate,Other Tanakh
190448,1423653,463739,1 Kings,18,6,אחאב,nmpr,pers,A:person-candidate,Other Tanakh
190456,1423653,463740,1 Kings,18,6,עבדיהו,nmpr,pers,A:person-candidate,Other Tanakh
190465,1423654,463741,1 Kings,18,7,עבדיהו,nmpr,pers,A:person-candidate,Other Tanakh
190471,1423654,463742,1 Kings,18,7,אליהו,nmpr,pers,A:person-candidate,Other Tanakh
190486,1423654,463748,1 Kings,18,7,אליהו,nmpr,pers,A:person-candidate,Other Tanakh
190496,1423655,463753,1 Kings,18,8,אליהו,nmpr,pers,A:person-candidate,Other Tanakh
190508,1423656,463756,1 Kings,18,9,אחאב,nmpr,pers,A:person-candidate,Other Tanakh
190512,1423657,463758,1 Kings,18,10,יהוה,nmpr,pers,E:YHWH,Other Tanakh
190513,1423657,463758,1 Kings,18,10,אלהים,subs,,D:Elohim,Other Tanakh
190550,1423658,463770,1 Kings,18,11,אליהו,nmpr,pers,A:person-candidate,Other Tanakh
190559,1423659,463773,1 Kings,18,12,יהוה,nmpr,pers,E:YHWH,Other Tanakh
190570,1423659,463776,1 Kings,18,12,אחאב,nmpr,pers,A:person-candidate,Other Tanakh
190580,1423659,463779,1 Kings,18,12,יהוה,nmpr,pers,E:YHWH,Other Tanakh
190593,1423660,463782,1 Kings,18,13,איזבל,nmpr,pers,A:person-candidate,Other Tanakh
190596,1423660,463782,1 Kings,18,13,יהוה,nmpr,pers,E:YHWH,Other Tanakh
190601,1423660,463783,1 Kings,18,13,יהוה,nmpr,pers,E:YHWH,Other Tanakh
190624,1423661,463790,1 Kings,18,14,אליהו,nmpr,pers,A:person-candidate,Other Tanakh
190629,1423662,463792,1 Kings,18,15,אליהו,nmpr,pers,A:person-candidate,Other Tanakh
190631,1423662,463793,1 Kings,18,15,יהוה,nmpr,pers,E:YHWH,Other Tanakh
190641,1423662,463795,1 Kings,18,15,אל,prep,,C:divine-title-candidate,Other Tanakh
190644,1423663,463796,1 Kings,18,16,עבדיהו,nmpr,pers,A:person-candidate,Other Tanakh
190647,1423663,463797,1 Kings,18,16,אחאב,nmpr,pers,A:person-candidate,Other Tanakh
190653,1423663,463799,1 Kings,18,16,אחאב,nmpr,pers,A:person-candidate,Other Tanakh
190656,1423663,463800,1 Kings,18,16,אליהו,nmpr,pers,A:person-candidate,Other Tanakh
190661,1423664,463802,1 Kings,18,17,אחאב,nmpr,pers,A:person-candidate,Other Tanakh
190663,1423664,463802,1 Kings,18,17,אליהו,nmpr,pers,A:person-candidate,Other Tanakh
190666,1423664,463803,1 Kings,18,17,אחאב,nmpr,pers,A:person-candidate,Other Tanakh
190667,1423664,463803,1 Kings,18,17,אל,prep,,C:divine-title-candidate,Other Tanakh
190672,1423664,463805,1 Kings,18,17,ישראל,nmpr,"pers,gens,topo",F:unclassified-name,Other Tanakh
190678,1423665,463807,1 Kings,18,18,ישראל,nmpr,"pers,gens,topo",F:unclassified-name,Other Tanakh
190689,1423665,463809,1 Kings,18,18,יהוה,nmpr,pers,E:YHWH,Other Tanakh
190694,1423665,463810,1 Kings,18,18,בעל,subs,,B:deity-candidate,Other Tanakh
190699,1423666,463813,1 Kings,18,19,אל,prep,,C:divine-title-candidate,Other Tanakh
190702,1423666,463813,1 Kings,18,19,ישראל,nmpr,"pers,gens,topo",F:unclassified-name,Other Tanakh
190703,1423666,463813,1 Kings,18,19,אל,prep,,C:divine-title-candidate,Other Tanakh
190706,1423666,463813,1 Kings,18,19,כרמל,nmpr,topo,F:unclassified-name,Other Tanakh
190711,1423666,463814,1 Kings,18,19,בעל,subs,,B:deity-candidate,Other Tanakh
190724,1423666,463816,1 Kings,18,19,איזבל,nmpr,pers,A:person-candidate,Other Tanakh
190727,1423667,463817,1 Kings,18,20,אחאב,nmpr,pers,A:person-candidate,Other Tanakh
190731,1423667,463817,1 Kings,18,20,ישראל,nmpr,"pers,gens,topo",F:unclassified-name,Other Tanakh
190737,1423667,463818,1 Kings,18,20,אל,prep,,C:divine-title-candidate,Other Tanakh
190740,1423667,463818,1 Kings,18,20,כרמל,nmpr,topo,F:unclassified-name,Other Tanakh
190743,1423668,463819,1 Kings,18,21,אליהו,nmpr,pers,A:person-candidate,Other Tanakh
190744,1423668,463819,1 Kings,18,21,אל,prep,,C:divine-title-candidate,Other Tanakh
190759,1423668,463822,1 Kings,18,21,יהוה,nmpr,pers,E:YHWH,Other Tanakh
190761,1423668,463822,1 Kings,18,21,אלהים,subs,,D:Elohim,Other Tanakh
190767,1423668,463824,1 Kings,18,21,בעל,subs,,B:deity-candidate,Other Tanakh
190779,1423669,463827,1 Kings,18,22,אליהו,nmpr,pers,A:person-candidate,Other Tanakh
190780,1423669,463827,1 Kings,18,22,אל,prep,,C:divine-title-candidate,Other Tanakh
190787,1423669,463828,1 Kings,18,22,יהוה,nmpr,pers,E:YHWH,Other Tanakh
190793,1423669,463829,1 Kings,18,22,בעל,subs,,B:deity-candidate,Other Tanakh
190843,1423671,463838,1 Kings,18,24,אלהים,subs,,D:Elohim,Other Tanakh
190849,1423671,463839,1 Kings,18,24,יהוה,nmpr,pers,E:YHWH,Other Tanakh
190853,1423671,463841,1 Kings,18,24,אלהים,subs,,D:Elohim,Other Tanakh
190861,1423671,463843,1 Kings,18,24,אלהים,subs,,D:Elohim,Other Tanakh
190874,1423672,463847,1 Kings,18,25,אליהו,nmpr,pers,A:person-candidate,Other Tanakh
190878,1423672,463847,1 Kings,18,25,בעל,subs,,B:deity-candidate,Other Tanakh
190896,1423672,463851,1 Kings,18,25,אלהים,subs,,D:Elohim,Other Tanakh
190916,1423673,463856,1 Kings,18,26,בעל,subs,,B:deity-candidate,Other Tanakh
190927,1423673,463858,1 Kings,18,26,בעל,subs,,B:deity-candidate,Other Tanakh
190950,1423674,463865,1 Kings,18,27,אליהו,nmpr,pers,A:person-candidate,Other Tanakh
190958,1423674,463868,1 Kings,18,27,אלהים,subs,,D:Elohim,Other Tanakh
191019,1423677,463884,1 Kings,18,30,אליהו,nmpr,pers,A:person-candidate,Other Tanakh
191025,1423677,463885,1 Kings,18,30,אל,prep,,C:divine-title-candidate,Other Tanakh
191031,1423677,463886,1 Kings,18,30,אל,prep,,C:divine-title-candidate,Other Tanakh
191036,1423677,463887,1 Kings,18,30,יהוה,nmpr,pers,E:YHWH,Other Tanakh
191041,1423678,463889,1 Kings,18,31,אליהו,nmpr,pers,A:person-candidate,Other Tanakh
191049,1423678,463889,1 Kings,18,31,יעקב,nmpr,pers,A:person-candidate,Other Tanakh
191053,1423678,463890,1 Kings,18,31,יהוה,nmpr,pers,E:YHWH,Other Tanakh
191054,1423678,463890,1 Kings,18,31,אל,prep,,C:divine-title-candidate,Other Tanakh
191057,1423678,463892,1 Kings,18,31,ישראל,nmpr,"pers,gens,topo",F:unclassified-name,Other Tanakh
191068,1423679,463893,1 Kings,18,32,יהוה,nmpr,pers,E:YHWH,Other Tanakh
191143,1423683,463911,1 Kings,18,36,אליהו,nmpr,pers,A:person-candidate,Other Tanakh
191148,1423683,463913,1 Kings,18,36,יהוה,nmpr,pers,E:YHWH,Other Tanakh
191149,1423683,463913,1 Kings,18,36,אלהים,subs,,D:Elohim,Other Tanakh
191150,1423683,463913,1 Kings,18,36,אברהם,nmpr,pers,A:person-candidate,Other Tanakh
191151,1423683,463913,1 Kings,18,36,יצחק,nmpr,pers,A:person-candidate,Other Tanakh
191153,1423683,463913,1 Kings,18,36,ישראל,nmpr,"pers,gens,topo",F:unclassified-name,Other Tanakh
191159,1423683,463915,1 Kings,18,36,אלהים,subs,,D:Elohim,Other Tanakh
191161,1423683,463915,1 Kings,18,36,ישראל,nmpr,"pers,gens,topo",F:unclassified-name,Other Tanakh
191176,1423684,463919,1 Kings,18,37,יהוה,nmpr,pers,E:YHWH,Other Tanakh
191186,1423684,463922,1 Kings,18,37,יהוה,nmpr,pers,E:YHWH,Other Tanakh
191188,1423684,463922,1 Kings,18,37,אלהים,subs,,D:Elohim,Other Tanakh
191198,1423685,463924,1 Kings,18,38,יהוה,nmpr,pers,E:YHWH,Other Tanakh
191236,1423686,463931,1 Kings,18,39,יהוה,nmpr,pers,E:YHWH,Other Tanakh
191239,1423686,463932,1 Kings,18,39,אלהים,subs,,D:Elohim,Other Tanakh
191240,1423686,463933,1 Kings,18,39,יהוה,nmpr,pers,E:YHWH,Other Tanakh
191243,1423686,463934,1 Kings,18,39,אלהים,subs,,D:Elohim,Other Tanakh
191246,1423687,463935,1 Kings,18,40,אליהו,nmpr,pers,A:person-candidate,Other Tanakh
191252,1423687,463936,1 Kings,18,40,בעל,subs,,B:deity-candidate,Other Tanakh
191254,1423687,463937,1 Kings,18,40,אל,nega,,C:divine-title-candidate,Other Tanakh
191261,1423687,463939,1 Kings,18,40,אליהו,nmpr,pers,A:person-candidate,Other Tanakh
191262,1423687,463939,1 Kings,18,40,אל,prep,,C:divine-title-candidate,Other Tanakh
191264,1423687,463939,1 Kings,18,40,קישון,nmpr,topo,F:unclassified-name,Other Tanakh
191270,1423688,463941,1 Kings,18,41,אליהו,nmpr,pers,A:person-candidate,Other Tanakh
191272,1423688,463941,1 Kings,18,41,אחאב,nmpr,pers,A:person-candidate,Other Tanakh
191284,1423689,463946,1 Kings,18,42,אחאב,nmpr,pers,A:person-candidate,Other Tanakh
191291,1423689,463949,1 Kings,18,42,אליהו,nmpr,pers,A:person-candidate,Other Tanakh
191293,1423689,463949,1 Kings,18,42,אל,prep,,C:divine-title-candidate,Other Tanakh
191296,1423689,463949,1 Kings,18,42,כרמל,nmpr,topo,F:unclassified-name,Other Tanakh
191307,1423690,463952,1 Kings,18,43,אל,prep,,C:divine-title-candidate,Other Tanakh
191347,1423691,463967,1 Kings,18,44,אל,prep,,C:divine-title-candidate,Other Tanakh
191348,1423691,463967,1 Kings,18,44,אחאב,nmpr,pers,A:person-candidate,Other Tanakh
191377,1423692,463974,1 Kings,18,45,אחאב,nmpr,pers,A:person-candidate,Other Tanakh
191380,1423692,463975,1 Kings,18,45,יזרעאל,nmpr,topo,F:unclassified-name,Other Tanakh
191383,1423693,463976,1 Kings,18,46,יהוה,nmpr,pers,E:YHWH,Other Tanakh
191385,1423693,463976,1 Kings,18,46,אל,prep,,C:divine-title-candidate,Other Tanakh
191386,1423693,463976,1 Kings,18,46,אליהו,nmpr,pers,A:person-candidate,Other Tanakh
191394,1423693,463978,1 Kings,18,46,אחאב,nmpr,pers,A:person-candidate,Other Tanakh
191397,1423693,463979,1 Kings,18,46,יזרעאל,nmpr,topo,F:unclassified-name,Other Tanakh
191400,1423694,463980,1 Kings,19,1,אחאב,nmpr,pers,A:person-candidate,Other Tanakh
191402,1423694,463980,1 Kings,19,1,איזבל,nmpr,pers,A:person-candidate,Other Tanakh
191407,1423694,463981,1 Kings,19,1,אליהו,nmpr,pers,A:person-candidate,Other Tanakh
191422,1423695,463983,1 Kings,19,2,איזבל,nmpr,pers,A:person-candidate,Other Tanakh
191424,1423695,463983,1 Kings,19,2,אל,prep,,C:divine-title-candidate,Other Tanakh
191425,1423695,463983,1 Kings,19,2,אליהו,nmpr,pers,A:person-candidate,Other Tanakh
191430,1423695,463985,1 Kings,19,2,אלהים,subs,,D:Elohim,Other Tanakh
191452,1423696,463990,1 Kings,19,3,אל,prep,,C:divine-title-candidate,Other Tanakh
191457,1423696,463991,1 Kings,19,3,שבע,nmpr,topo,F:unclassified-name,Other Tanakh
191460,1423696,463992,1 Kings,19,3,יהודה,nmpr,"pers,gens,topo",F:unclassified-name,Other Tanakh
191491,1423697,464001,1 Kings,19,4,יהוה,nmpr,pers,E:YHWH,Other Tanakh
191539,1423700,464017,1 Kings,19,7,יהוה,nmpr,pers,E:YHWH,Other Tanakh
191575,1423701,464026,1 Kings,19,8,אלהים,subs,,D:Elohim,Other Tanakh
191576,1423701,464026,1 Kings,19,8,חרב,nmpr,topo,F:unclassified-name,Other Tanakh
191580,1423702,464027,1 Kings,19,9,אל,prep,,C:divine-title-candidate,Other Tanakh
191589,1423702,464029,1 Kings,19,9,יהוה,nmpr,pers,E:YHWH,Other Tanakh
191590,1423702,464029,1 Kings,19,9,אל,prep,,C:divine-title-candidate,Other Tanakh
191597,1423702,464032,1 Kings,19,9,אליהו,nmpr,pers,A:person-candidate,Other Tanakh
191603,1423703,464034,1 Kings,19,10,יהוה,nmpr,pers,E:YHWH,Other Tanakh
191604,1423703,464034,1 Kings,19,10,אלהים,subs,,D:Elohim,Other Tanakh
191610,1423703,464035,1 Kings,19,10,ישראל,nmpr,"pers,gens,topo",F:unclassified-name,Other Tanakh
191642,1423704,464043,1 Kings,19,11,יהוה,nmpr,pers,E:YHWH,Other Tanakh
191645,1423704,464044,1 Kings,19,11,יהוה,nmpr,pers,E:YHWH,Other Tanakh
191659,1423704,464045,1 Kings,19,11,יהוה,nmpr,pers,E:YHWH,Other Tanakh
191664,1423704,464048,1 Kings,19,11,יהוה,nmpr,pers,E:YHWH,Other Tanakh
191674,1423704,464050,1 Kings,19,11,יהוה,nmpr,pers,E:YHWH,Other Tanakh
191684,1423705,464052,1 Kings,19,12,יהוה,nmpr,pers,E:YHWH,Other Tanakh
191696,1423706,464055,1 Kings,19,13,אליהו,nmpr,pers,A:person-candidate,Other Tanakh
191711,1423706,464059,1 Kings,19,13,אל,prep,,C:divine-title-candidate,Other Tanakh
191718,1423706,464062,1 Kings,19,13,אליהו,nmpr,pers,A:person-candidate,Other Tanakh
191724,1423707,464064,1 Kings,19,14,יהוה,nmpr,pers,E:YHWH,Other Tanakh
191725,1423707,464064,1 Kings,19,14,אלהים,subs,,D:Elohim,Other Tanakh
191731,1423707,464065,1 Kings,19,14,ישראל,nmpr,"pers,gens,topo",F:unclassified-name,Other Tanakh
191755,1423708,464071,1 Kings,19,15,יהוה,nmpr,pers,E:YHWH,Other Tanakh
191756,1423708,464071,1 Kings,19,15,אל,prep,,C:divine-title-candidate,Other Tanakh
191762,1423708,464073,1 Kings,19,15,דמשק,nmpr,topo,F:unclassified-name,Other Tanakh
191768,1423708,464075,1 Kings,19,15,חזאל,nmpr,pers,A:person-candidate,Other Tanakh
191770,1423708,464075,1 Kings,19,15,מלך,subs,,B:deity-candidate,Other Tanakh
191772,1423708,464075,1 Kings,19,15,ארם,nmpr,topo,F:unclassified-name,Other Tanakh
191775,1423709,464076,1 Kings,19,16,יהוא,nmpr,pers,A:person-candidate,Other Tanakh
191777,1423709,464076,1 Kings,19,16,נמשי,nmpr,pers,A:person-candidate,Other Tanakh
191780,1423709,464076,1 Kings,19,16,מלך,subs,,B:deity-candidate,Other Tanakh
191782,1423709,464076,1 Kings,19,16,ישראל,nmpr,"pers,gens,topo",F:unclassified-name,Other Tanakh
191785,1423709,464077,1 Kings,19,16,אלישע,nmpr,pers,A:person-candidate,Other Tanakh
191787,1423709,464077,1 Kings,19,16,שפט,nmpr,pers,A:person-candidate,Other Tanakh
191789,1423709,464077,1 Kings,19,16,אבל מחולה,nmpr,topo,F:unclassified-name,Other Tanakh
191800,1423710,464079,1 Kings,19,17,חזאל,nmpr,pers,A:person-candidate,Other Tanakh
191802,1423710,464080,1 Kings,19,17,יהוא,nmpr,pers,A:person-candidate,Other Tanakh
191808,1423710,464082,1 Kings,19,17,יהוא,nmpr,pers,A:person-candidate,Other Tanakh
191810,1423710,464081,1 Kings,19,17,אלישע,nmpr,pers,A:person-candidate,Other Tanakh
191814,1423711,464083,1 Kings,19,18,ישראל,nmpr,"pers,gens,topo",F:unclassified-name,Other Tanakh
191825,1423711,464085,1 Kings,19,18,בעל,subs,,B:deity-candidate,Other Tanakh
191841,1423712,464088,1 Kings,19,19,אלישע,nmpr,pers,A:person-candidate,Other Tanakh
191843,1423712,464088,1 Kings,19,19,שפט,nmpr,pers,A:person-candidate,Other Tanakh
191860,1423712,464092,1 Kings,19,19,אליהו,nmpr,pers,A:person-candidate,Other Tanakh
191861,1423712,464092,1 Kings,19,19,אל,prep,,C:divine-title-candidate,Other Tanakh
191865,1423712,464093,1 Kings,19,19,אל,prep,,C:divine-title-candidate,Other Tanakh
191874,1423713,464095,1 Kings,19,20,אליהו,nmpr,pers,A:person-candidate,Other Tanakh
191928,1423714,464110,1 Kings,19,21,אליהו,nmpr,pers,A:person-candidate,Other Tanakh
191932,1423715,464112,1 Kings,20,1,בן הדד,nmpr,pers,A:person-candidate,Other Tanakh
191933,1423715,464112,1 Kings,20,1,מלך,subs,,B:deity-candidate,Other Tanakh
191934,1423715,464112,1 Kings,20,1,ארם,nmpr,topo,F:unclassified-name,Other Tanakh
191943,1423715,464112,1 Kings,20,1,מלך,subs,,B:deity-candidate,Other Tanakh
191954,1423715,464114,1 Kings,20,1,שמרון,nmpr,topo,F:unclassified-name,Other Tanakh
191961,1423716,464116,1 Kings,20,2,אל,prep,,C:divine-title-candidate,Other Tanakh
191962,1423716,464116,1 Kings,20,2,אחאב,nmpr,pers,A:person-candidate,Other Tanakh
191963,1423716,464116,1 Kings,20,2,מלך,subs,,B:deity-candidate,Other Tanakh
191964,1423716,464116,1 Kings,20,2,ישראל,nmpr,"pers,gens,topo",F:unclassified-name,Other Tanakh
191972,1423717,464118,1 Kings,20,3,בן הדד,nmpr,pers,A:person-candidate,Other Tanakh
191988,1423718,464123,1 Kings,20,4,מלך,subs,,B:deity-candidate,Other Tanakh
191989,1423718,464123,1 Kings,20,4,ישראל,nmpr,"pers,gens,topo",F:unclassified-name,Other Tanakh
191996,1423718,464126,1 Kings,20,4,מלך,subs,,B:deity-candidate,Other Tanakh
192011,1423719,464131,1 Kings,20,5,בן הדד,nmpr,pers,A:person-candidate,Other Tanakh
192016,1423719,464133,1 Kings,20,5,אל,prep,,C:divine-title-candidate,Other Tanakh
192037,1423720,464136,1 Kings,20,6,אל,prep,,C:divine-title-candidate,Other Tanakh
192058,1423721,464141,1 Kings,20,7,מלך,subs,,B:deity-candidate,Other Tanakh
192059,1423721,464141,1 Kings,20,7,ישראל,nmpr,"pers,gens,topo",F:unclassified-name,Other Tanakh
192077,1423721,464146,1 Kings,20,7,אל,prep,,C:divine-title-candidate,Other Tanakh
192095,1423722,464148,1 Kings,20,8,אל,prep,,C:divine-title-candidate,Other Tanakh
192103,1423722,464149,1 Kings,20,8,אל,nega,,C:divine-title-candidate,Other Tanakh
192112,1423723,464151,1 Kings,20,9,בן הדד,nmpr,pers,A:person-candidate,Other Tanakh
192117,1423723,464152,1 Kings,20,9,מלך,subs,,B:deity-candidate,Other Tanakh
192121,1423723,464154,1 Kings,20,9,אל,prep,,C:divine-title-candidate,Other Tanakh
192145,1423724,464159,1 Kings,20,10,אל,prep,,C:divine-title-candidate,Other Tanakh
192146,1423724,464159,1 Kings,20,10,בן הדד,nmpr,pers,A:person-candidate,Other Tanakh
192152,1423724,464161,1 Kings,20,10,אלהים,subs,,D:Elohim,Other Tanakh
192159,1423724,464163,1 Kings,20,10,שמרון,nmpr,topo,F:unclassified-name,Other Tanakh
192171,1423725,464165,1 Kings,20,11,מלך,subs,,B:deity-candidate,Other Tanakh
192172,1423725,464165,1 Kings,20,11,ישראל,nmpr,"pers,gens,topo",F:unclassified-name,Other Tanakh
192176,1423725,464168,1 Kings,20,11,אל,nega,,C:divine-title-candidate,Other Tanakh
192196,1423726,464173,1 Kings,20,12,מלך,subs,,B:deity-candidate,Other Tanakh
192202,1423726,464174,1 Kings,20,12,אל,prep,,C:divine-title-candidate,Other Tanakh
192215,1423727,464178,1 Kings,20,13,אל,prep,,C:divine-title-candidate,Other Tanakh
192216,1423727,464178,1 Kings,20,13,אחאב,nmpr,pers,A:person-candidate,Other Tanakh
192217,1423727,464178,1 Kings,20,13,מלך,subs,,B:deity-candidate,Other Tanakh
192218,1423727,464178,1 Kings,20,13,ישראל,nmpr,"pers,gens,topo",F:unclassified-name,Other Tanakh
192223,1423727,464180,1 Kings,20,13,יהוה,nmpr,pers,E:YHWH,Other Tanakh
192244,1423727,464184,1 Kings,20,13,יהוה,nmpr,pers,E:YHWH,Other Tanakh
192247,1423728,464185,1 Kings,20,14,אחאב,nmpr,pers,A:person-candidate,Other Tanakh
192254,1423728,464188,1 Kings,20,14,יהוה,nmpr,pers,E:YHWH,Other Tanakh
192291,1423729,464196,1 Kings,20,15,ישראל,nmpr,"pers,gens,topo",F:unclassified-name,Other Tanakh
192300,1423730,464198,1 Kings,20,16,בן הדד,nmpr,pers,A:person-candidate,Other Tanakh
192309,1423730,464199,1 Kings,20,16,מלך,subs,,B:deity-candidate,Other Tanakh
192313,1423730,464199,1 Kings,20,16,מלך,subs,,B:deity-candidate,Other Tanakh
192327,1423731,464202,1 Kings,20,17,בן הדד,nmpr,pers,A:person-candidate,Other Tanakh
192336,1423731,464205,1 Kings,20,17,שמרון,nmpr,topo,F:unclassified-name,Other Tanakh
192373,1423734,464215,1 Kings,20,20,ארם,nmpr,topo,F:unclassified-name,Other Tanakh
192376,1423734,464216,1 Kings,20,20,ישראל,nmpr,"pers,gens,topo",F:unclassified-name,Other Tanakh
192379,1423734,464217,1 Kings,20,20,בן הדד,nmpr,pers,A:person-candidate,Other Tanakh
192380,1423734,464217,1 Kings,20,20,מלך,subs,,B:deity-candidate,Other Tanakh
192381,1423734,464217,1 Kings,20,20,ארם,nmpr,topo,F:unclassified-name,Other Tanakh
192388,1423735,464218,1 Kings,20,21,מלך,subs,,B:deity-candidate,Other Tanakh
192389,1423735,464218,1 Kings,20,21,ישראל,nmpr,"pers,gens,topo",F:unclassified-name,Other Tanakh
192402,1423735,464220,1 Kings,20,21,ארם,nmpr,topo,F:unclassified-name,Other Tanakh
192409,1423736,464221,1 Kings,20,22,אל,prep,,C:divine-title-candidate,Other Tanakh
192410,1423736,464221,1 Kings,20,22,מלך,subs,,B:deity-candidate,Other Tanakh
192411,1423736,464221,1 Kings,20,22,ישראל,nmpr,"pers,gens,topo",F:unclassified-name,Other Tanakh
192429,1423736,464228,1 Kings,20,22,מלך,subs,,B:deity-candidate,Other Tanakh
192430,1423736,464228,1 Kings,20,22,ארם,nmpr,topo,F:unclassified-name,Other Tanakh
192435,1423737,464229,1 Kings,20,23,מלך,subs,,B:deity-candidate,Other Tanakh
192436,1423737,464229,1 Kings,20,23,ארם,nmpr,topo,F:unclassified-name,Other Tanakh
192438,1423737,464229,1 Kings,20,23,אל,prep,,C:divine-title-candidate,Other Tanakh
192439,1423737,464230,1 Kings,20,23,אלהים,subs,,D:Elohim,Other Tanakh
192441,1423737,464230,1 Kings,20,23,אלהים,subs,,D:Elohim,Other Tanakh
192466,1423738,464235,1 Kings,20,24,מלך,subs,,B:deity-candidate,Other Tanakh
192521,1423740,464246,1 Kings,20,26,בן הדד,nmpr,pers,A:person-candidate,Other Tanakh
192523,1423740,464246,1 Kings,20,26,ארם,nmpr,topo,F:unclassified-name,Other Tanakh
192526,1423740,464247,1 Kings,20,26,אפק,nmpr,topo,F:unclassified-name,Other Tanakh
192531,1423740,464247,1 Kings,20,26,ישראל,nmpr,"pers,gens,topo",F:unclassified-name,Other Tanakh
192534,1423741,464248,1 Kings,20,27,ישראל,nmpr,"pers,gens,topo",F:unclassified-name,Other Tanakh
192545,1423741,464252,1 Kings,20,27,ישראל,nmpr,"pers,gens,topo",F:unclassified-name,Other Tanakh
192552,1423741,464253,1 Kings,20,27,ארם,nmpr,topo,F:unclassified-name,Other Tanakh
192561,1423742,464254,1 Kings,20,28,אלהים,subs,,D:Elohim,Other Tanakh
192564,1423742,464255,1 Kings,20,28,אל,prep,,C:divine-title-candidate,Other Tanakh
192565,1423742,464255,1 Kings,20,28,מלך,subs,,B:deity-candidate,Other Tanakh
192566,1423742,464255,1 Kings,20,28,ישראל,nmpr,"pers,gens,topo",F:unclassified-name,Other Tanakh
192571,1423742,464257,1 Kings,20,28,יהוה,nmpr,pers,E:YHWH,Other Tanakh
192575,1423742,464258,1 Kings,20,28,ארם,nmpr,topo,F:unclassified-name,Other Tanakh
192576,1423742,464259,1 Kings,20,28,אלהים,subs,,D:Elohim,Other Tanakh
192578,1423742,464259,1 Kings,20,28,יהוה,nmpr,pers,E:YHWH,Other Tanakh
192581,1423742,464260,1 Kings,20,28,אלהים,subs,,D:Elohim,Other Tanakh
192600,1423742,464263,1 Kings,20,28,יהוה,nmpr,pers,E:YHWH,Other Tanakh
192622,1423743,464267,1 Kings,20,29,ישראל,nmpr,"pers,gens,topo",F:unclassified-name,Other Tanakh
192624,1423743,464267,1 Kings,20,29,ארם,nmpr,topo,F:unclassified-name,Other Tanakh
192635,1423744,464268,1 Kings,20,30,אפק,nmpr,topo,F:unclassified-name,Other Tanakh
192636,1423744,464268,1 Kings,20,30,אל,prep,,C:divine-title-candidate,Other Tanakh
192652,1423744,464271,1 Kings,20,30,בן הדד,nmpr,pers,A:person-candidate,Other Tanakh
192656,1423744,464272,1 Kings,20,30,אל,prep,,C:divine-title-candidate,Other Tanakh
192664,1423745,464273,1 Kings,20,31,אל,prep,,C:divine-title-candidate,Other Tanakh
192670,1423745,464275,1 Kings,20,31,מלך,subs,,B:deity-candidate,Other Tanakh
192672,1423745,464275,1 Kings,20,31,ישראל,nmpr,"pers,gens,topo",F:unclassified-name,Other Tanakh
192674,1423745,464276,1 Kings,20,31,מלך,subs,,B:deity-candidate,Other Tanakh
192688,1423745,464279,1 Kings,20,31,אל,prep,,C:divine-title-candidate,Other Tanakh
192689,1423745,464279,1 Kings,20,31,מלך,subs,,B:deity-candidate,Other Tanakh
192690,1423745,464279,1 Kings,20,31,ישראל,nmpr,"pers,gens,topo",F:unclassified-name,Other Tanakh
192706,1423746,464283,1 Kings,20,32,אל,prep,,C:divine-title-candidate,Other Tanakh
192707,1423746,464283,1 Kings,20,32,מלך,subs,,B:deity-candidate,Other Tanakh
192708,1423746,464283,1 Kings,20,32,ישראל,nmpr,"pers,gens,topo",F:unclassified-name,Other Tanakh
192712,1423746,464285,1 Kings,20,32,בן הדד,nmpr,pers,A:person-candidate,Other Tanakh
192737,1423747,464295,1 Kings,20,33,בן הדד,nmpr,pers,A:person-candidate,Other Tanakh
192744,1423747,464299,1 Kings,20,33,אל,prep,,C:divine-title-candidate,Other Tanakh
192745,1423747,464299,1 Kings,20,33,בן הדד,nmpr,pers,A:person-candidate,Other Tanakh
192753,1423748,464301,1 Kings,20,34,אל,prep,,C:divine-title-candidate,Other Tanakh
192768,1423748,464304,1 Kings,20,34,דמשק,nmpr,topo,F:unclassified-name,Other Tanakh
192774,1423748,464305,1 Kings,20,34,שמרון,nmpr,topo,F:unclassified-name,Other Tanakh
192795,1423749,464309,1 Kings,20,35,אל,prep,,C:divine-title-candidate,Other Tanakh
192799,1423749,464309,1 Kings,20,35,יהוה,nmpr,pers,E:YHWH,Other Tanakh
192817,1423750,464314,1 Kings,20,36,יהוה,nmpr,pers,E:YHWH,Other Tanakh
192859,1423752,464325,1 Kings,20,38,מלך,subs,,B:deity-candidate,Other Tanakh
192873,1423753,464328,1 Kings,20,39,מלך,subs,,B:deity-candidate,Other Tanakh
192878,1423753,464329,1 Kings,20,39,אל,prep,,C:divine-title-candidate,Other Tanakh
192880,1423753,464329,1 Kings,20,39,מלך,subs,,B:deity-candidate,Other Tanakh
192895,1423753,464333,1 Kings,20,39,אל,prep,,C:divine-title-candidate,Other Tanakh
192929,1423754,464343,1 Kings,20,40,אל,prep,,C:divine-title-candidate,Other Tanakh
192930,1423754,464343,1 Kings,20,40,מלך,subs,,B:deity-candidate,Other Tanakh
192931,1423754,464343,1 Kings,20,40,ישראל,nmpr,"pers,gens,topo",F:unclassified-name,Other Tanakh
192949,1423755,464348,1 Kings,20,41,מלך,subs,,B:deity-candidate,Other Tanakh
192950,1423755,464348,1 Kings,20,41,ישראל,nmpr,"pers,gens,topo",F:unclassified-name,Other Tanakh
192958,1423756,464350,1 Kings,20,42,אל,prep,,C:divine-title-candidate,Other Tanakh
192961,1423756,464351,1 Kings,20,42,יהוה,nmpr,pers,E:YHWH,Other Tanakh
192980,1423757,464355,1 Kings,20,43,מלך,subs,,B:deity-candidate,Other Tanakh
192981,1423757,464355,1 Kings,20,43,ישראל,nmpr,"pers,gens,topo",F:unclassified-name,Other Tanakh
192989,1423757,464356,1 Kings,20,43,שמרון,nmpr,topo,F:unclassified-name,Other Tanakh
193000,1423758,464358,1 Kings,21,1,נבות,nmpr,pers,A:person-candidate,Other Tanakh
193005,1423758,464359,1 Kings,21,1,יזרעאל,nmpr,topo,F:unclassified-name,Other Tanakh
193008,1423758,464359,1 Kings,21,1,אחאב,nmpr,pers,A:person-candidate,Other Tanakh
193009,1423758,464359,1 Kings,21,1,מלך,subs,,B:deity-candidate,Other Tanakh
193010,1423758,464359,1 Kings,21,1,שמרון,nmpr,topo,F:unclassified-name,Other Tanakh
193013,1423759,464360,1 Kings,21,2,אחאב,nmpr,pers,A:person-candidate,Other Tanakh
193014,1423759,464360,1 Kings,21,2,אל,prep,,C:divine-title-candidate,Other Tanakh
193015,1423759,464360,1 Kings,21,2,נבות,nmpr,pers,A:person-candidate,Other Tanakh
193051,1423760,464369,1 Kings,21,3,נבות,nmpr,pers,A:person-candidate,Other Tanakh
193052,1423760,464369,1 Kings,21,3,אל,prep,,C:divine-title-candidate,Other Tanakh
193053,1423760,464369,1 Kings,21,3,אחאב,nmpr,pers,A:person-candidate,Other Tanakh
193057,1423760,464370,1 Kings,21,3,יהוה,nmpr,pers,E:YHWH,Other Tanakh
193066,1423761,464372,1 Kings,21,4,אחאב,nmpr,pers,A:person-candidate,Other Tanakh
193067,1423761,464372,1 Kings,21,4,אל,prep,,C:divine-title-candidate,Other Tanakh
193077,1423761,464374,1 Kings,21,4,אל,prep,,C:divine-title-candidate,Other Tanakh
193078,1423761,464374,1 Kings,21,4,נבות,nmpr,pers,A:person-candidate,Other Tanakh
193103,1423762,464380,1 Kings,21,5,אל,prep,,C:divine-title-candidate,Other Tanakh
193104,1423762,464380,1 Kings,21,5,איזבל,nmpr,pers,A:person-candidate,Other Tanakh
193108,1423762,464381,1 Kings,21,5,אל,prep,,C:divine-title-candidate,Other Tanakh
193119,1423763,464384,1 Kings,21,6,אל,prep,,C:divine-title-candidate,Other Tanakh
193122,1423763,464385,1 Kings,21,6,אל,prep,,C:divine-title-candidate,Other Tanakh
193123,1423763,464385,1 Kings,21,6,נבות,nmpr,pers,A:person-candidate,Other Tanakh
193152,1423764,464392,1 Kings,21,7,אל,prep,,C:divine-title-candidate,Other Tanakh
193153,1423764,464392,1 Kings,21,7,איזבל,nmpr,pers,A:person-candidate,Other Tanakh
193160,1423764,464393,1 Kings,21,7,ישראל,nmpr,"pers,gens,topo",F:unclassified-name,Other Tanakh
193172,1423764,464397,1 Kings,21,7,נבות,nmpr,pers,A:person-candidate,Other Tanakh
193180,1423765,464398,1 Kings,21,8,אחאב,nmpr,pers,A:person-candidate,Other Tanakh
193188,1423765,464400,1 Kings,21,8,אל,prep,,C:divine-title-candidate,Other Tanakh
193192,1423765,464400,1 Kings,21,8,אל,prep,,C:divine-title-candidate,Other Tanakh
193201,1423765,464402,1 Kings,21,8,נבות,nmpr,pers,A:person-candidate,Other Tanakh
193214,1423766,464406,1 Kings,21,9,נבות,nmpr,pers,A:person-candidate,Other Tanakh
193231,1423767,464410,1 Kings,21,10,אלהים,subs,,D:Elohim,Other Tanakh
193233,1423767,464410,1 Kings,21,10,מלך,subs,,B:deity-candidate,Other Tanakh
193257,1423768,464416,1 Kings,21,11,אל,prep,,C:divine-title-candidate,Other Tanakh
193258,1423768,464416,1 Kings,21,11,איזבל,nmpr,pers,A:person-candidate,Other Tanakh
193267,1423768,464418,1 Kings,21,11,אל,prep,,C:divine-title-candidate,Other Tanakh
193273,1423769,464420,1 Kings,21,12,נבות,nmpr,pers,A:person-candidate,Other Tanakh
193294,1423770,464423,1 Kings,21,13,נבות,nmpr,pers,A:person-candidate,Other Tanakh
193301,1423770,464425,1 Kings,21,13,נבות,nmpr,pers,A:person-candidate,Other Tanakh
193302,1423770,464425,1 Kings,21,13,אלהים,subs,,D:Elohim,Other Tanakh
193304,1423770,464425,1 Kings,21,13,מלך,subs,,B:deity-candidate,Other Tanakh
193321,1423771,464429,1 Kings,21,14,אל,prep,,C:divine-title-candidate,Other Tanakh
193322,1423771,464429,1 Kings,21,14,איזבל,nmpr,pers,A:person-candidate,Other Tanakh
193326,1423771,464431,1 Kings,21,14,נבות,nmpr,pers,A:person-candidate,Other Tanakh
193333,1423772,464434,1 Kings,21,15,איזבל,nmpr,pers,A:person-candidate,Other Tanakh
193336,1423772,464435,1 Kings,21,15,נבות,nmpr,pers,A:person-candidate,Other Tanakh
193341,1423772,464437,1 Kings,21,15,איזבל,nmpr,pers,A:person-candidate,Other Tanakh
193342,1423772,464437,1 Kings,21,15,אל,prep,,C:divine-title-candidate,Other Tanakh
193343,1423772,464437,1 Kings,21,15,אחאב,nmpr,pers,A:person-candidate,Other Tanakh
193348,1423772,464439,1 Kings,21,15,נבות,nmpr,pers,A:person-candidate,Other Tanakh
193360,1423772,464442,1 Kings,21,15,נבות,nmpr,pers,A:person-candidate,Other Tanakh
193368,1423773,464445,1 Kings,21,16,אחאב,nmpr,pers,A:person-candidate,Other Tanakh
193371,1423773,464446,1 Kings,21,16,נבות,nmpr,pers,A:person-candidate,Other Tanakh
193374,1423773,464447,1 Kings,21,16,אחאב,nmpr,pers,A:person-candidate,Other Tanakh
193377,1423773,464448,1 Kings,21,16,אל,prep,,C:divine-title-candidate,Other Tanakh
193379,1423773,464448,1 Kings,21,16,נבות,nmpr,pers,A:person-candidate,Other Tanakh
193387,1423774,464450,1 Kings,21,17,יהוה,nmpr,pers,E:YHWH,Other Tanakh
193388,1423774,464450,1 Kings,21,17,אל,prep,,C:divine-title-candidate,Other Tanakh
193389,1423774,464450,1 Kings,21,17,אליהו,nmpr,pers,A:person-candidate,Other Tanakh
193398,1423775,464454,1 Kings,21,18,אחאב,nmpr,pers,A:person-candidate,Other Tanakh
193399,1423775,464454,1 Kings,21,18,מלך,subs,,B:deity-candidate,Other Tanakh
193400,1423775,464454,1 Kings,21,18,ישראל,nmpr,"pers,gens,topo",F:unclassified-name,Other Tanakh
193403,1423775,464455,1 Kings,21,18,שמרון,nmpr,topo,F:unclassified-name,Other Tanakh
193407,1423775,464456,1 Kings,21,18,נבות,nmpr,pers,A:person-candidate,Other Tanakh
193415,1423776,464459,1 Kings,21,19,אל,prep,,C:divine-title-candidate,Other Tanakh
193420,1423776,464461,1 Kings,21,19,יהוה,nmpr,pers,E:YHWH,Other Tanakh
193428,1423776,464464,1 Kings,21,19,אל,prep,,C:divine-title-candidate,Other Tanakh
193433,1423776,464466,1 Kings,21,19,יהוה,nmpr,pers,E:YHWH,Other Tanakh
193442,1423776,464468,1 Kings,21,19,נבות,nmpr,pers,A:person-candidate,Other Tanakh
193452,1423777,464469,1 Kings,21,20,אחאב,nmpr,pers,A:person-candidate,Other Tanakh
193453,1423777,464469,1 Kings,21,20,אל,prep,,C:divine-title-candidate,Other Tanakh
193454,1423777,464469,1 Kings,21,20,אליהו,nmpr,pers,A:person-candidate,Other Tanakh
193469,1423777,464476,1 Kings,21,20,יהוה,nmpr,pers,E:YHWH,Other Tanakh
193472,1423778,464477,1 Kings,21,21,אל,prep,,C:divine-title-candidate,Other Tanakh
193480,1423778,464479,1 Kings,21,21,אחאב,nmpr,pers,A:person-candidate,Other Tanakh
193489,1423778,464481,1 Kings,21,21,ישראל,nmpr,"pers,gens,topo",F:unclassified-name,Other Tanakh
193496,1423779,464482,1 Kings,21,22,ירבעם,nmpr,pers,A:person-candidate,Other Tanakh
193498,1423779,464482,1 Kings,21,22,נבט,nmpr,pers,A:person-candidate,Other Tanakh
193502,1423779,464482,1 Kings,21,22,בעשא,nmpr,pers,A:person-candidate,Other Tanakh
193504,1423779,464482,1 Kings,21,22,אחיה,nmpr,pers,A:person-candidate,Other Tanakh
193505,1423779,464483,1 Kings,21,22,אל,prep,,C:divine-title-candidate,Other Tanakh
193513,1423779,464485,1 Kings,21,22,ישראל,nmpr,"pers,gens,topo",F:unclassified-name,Other Tanakh
193517,1423780,464486,1 Kings,21,23,איזבל,nmpr,pers,A:person-candidate,Other Tanakh
193519,1423780,464486,1 Kings,21,23,יהוה,nmpr,pers,E:YHWH,Other Tanakh
193526,1423780,464488,1 Kings,21,23,איזבל,nmpr,pers,A:person-candidate,Other Tanakh
193529,1423780,464488,1 Kings,21,23,יזרעאל,nmpr,topo,F:unclassified-name,Other Tanakh
193533,1423781,464489,1 Kings,21,24,אחאב,nmpr,pers,A:person-candidate,Other Tanakh
193554,1423782,464493,1 Kings,21,25,אחאב,nmpr,pers,A:person-candidate,Other Tanakh
193563,1423782,464496,1 Kings,21,25,יהוה,nmpr,pers,E:YHWH,Other Tanakh
193567,1423782,464497,1 Kings,21,25,איזבל,nmpr,pers,A:person-candidate,Other Tanakh
193585,1423783,464502,1 Kings,21,26,יהוה,nmpr,pers,E:YHWH,Other Tanakh
193589,1423783,464502,1 Kings,21,26,ישראל,nmpr,"pers,gens,topo",F:unclassified-name,Other Tanakh
193594,1423784,464504,1 Kings,21,27,אחאב,nmpr,pers,A:person-candidate,Other Tanakh
193621,1423785,464510,1 Kings,21,28,יהוה,nmpr,pers,E:YHWH,Other Tanakh
193622,1423785,464510,1 Kings,21,28,אל,prep,,C:divine-title-candidate,Other Tanakh
193623,1423785,464510,1 Kings,21,28,אליהו,nmpr,pers,A:person-candidate,Other Tanakh
193632,1423786,464513,1 Kings,21,29,אחאב,nmpr,pers,A:person-candidate,Other Tanakh
193662,1423787,464518,1 Kings,22,1,ארם,nmpr,topo,F:unclassified-name,Other Tanakh
193665,1423787,464518,1 Kings,22,1,ישראל,nmpr,"pers,gens,topo",F:unclassified-name,Other Tanakh
193675,1423788,464520,1 Kings,22,2,יהושפט,nmpr,pers,A:person-candidate,Other Tanakh
193676,1423788,464520,1 Kings,22,2,מלך,subs,,B:deity-candidate,Other Tanakh
193677,1423788,464520,1 Kings,22,2,יהודה,nmpr,"pers,gens,topo",F:unclassified-name,Other Tanakh
193678,1423788,464520,1 Kings,22,2,אל,prep,,C:divine-title-candidate,Other Tanakh
193679,1423788,464520,1 Kings,22,2,מלך,subs,,B:deity-candidate,Other Tanakh
193680,1423788,464520,1 Kings,22,2,ישראל,nmpr,"pers,gens,topo",F:unclassified-name,Other Tanakh
193683,1423789,464521,1 Kings,22,3,מלך,subs,,B:deity-candidate,Other Tanakh
193684,1423789,464521,1 Kings,22,3,ישראל,nmpr,"pers,gens,topo",F:unclassified-name,Other Tanakh
193685,1423789,464521,1 Kings,22,3,אל,prep,,C:divine-title-candidate,Other Tanakh
193691,1423789,464523,1 Kings,22,3,רמת,nmpr,topo,F:unclassified-name,Other Tanakh
193692,1423789,464523,1 Kings,22,3,גלעד,nmpr,topo,F:unclassified-name,Other Tanakh
193701,1423789,464525,1 Kings,22,3,מלך,subs,,B:deity-candidate,Other Tanakh
193702,1423789,464525,1 Kings,22,3,ארם,nmpr,topo,F:unclassified-name,Other Tanakh
193705,1423790,464526,1 Kings,22,4,אל,prep,,C:divine-title-candidate,Other Tanakh
193706,1423790,464526,1 Kings,22,4,יהושפט,nmpr,pers,A:person-candidate,Other Tanakh
193713,1423790,464527,1 Kings,22,4,רמת,nmpr,topo,F:unclassified-name,Other Tanakh
193714,1423790,464527,1 Kings,22,4,גלעד,nmpr,topo,F:unclassified-name,Other Tanakh
193717,1423790,464528,1 Kings,22,4,יהושפט,nmpr,pers,A:person-candidate,Other Tanakh
193718,1423790,464528,1 Kings,22,4,אל,prep,,C:divine-title-candidate,Other Tanakh
193719,1423790,464528,1 Kings,22,4,מלך,subs,,B:deity-candidate,Other Tanakh
193720,1423790,464528,1 Kings,22,4,ישראל,nmpr,"pers,gens,topo",F:unclassified-name,Other Tanakh
193733,1423791,464532,1 Kings,22,5,יהושפט,nmpr,pers,A:person-candidate,Other Tanakh
193734,1423791,464532,1 Kings,22,5,אל,prep,,C:divine-title-candidate,Other Tanakh
193735,1423791,464532,1 Kings,22,5,מלך,subs,,B:deity-candidate,Other Tanakh
193736,1423791,464532,1 Kings,22,5,ישראל,nmpr,"pers,gens,topo",F:unclassified-name,Other Tanakh
193744,1423791,464533,1 Kings,22,5,יהוה,nmpr,pers,E:YHWH,Other Tanakh
193747,1423792,464534,1 Kings,22,6,מלך,subs,,B:deity-candidate,Other Tanakh
193748,1423792,464534,1 Kings,22,6,ישראל,nmpr,"pers,gens,topo",F:unclassified-name,Other Tanakh
193758,1423792,464535,1 Kings,22,6,אל,prep,,C:divine-title-candidate,Other Tanakh
193762,1423792,464536,1 Kings,22,6,רמת,nmpr,topo,F:unclassified-name,Other Tanakh
193763,1423792,464536,1 Kings,22,6,גלעד,nmpr,topo,F:unclassified-name,Other Tanakh
193774,1423792,464540,1 Kings,22,6,אדני,nmpr,pers,C:divine-title-candidate,Other Tanakh
193778,1423792,464540,1 Kings,22,6,מלך,subs,,B:deity-candidate,Other Tanakh
193781,1423793,464541,1 Kings,22,7,יהושפט,nmpr,pers,A:person-candidate,Other Tanakh
193787,1423793,464542,1 Kings,22,7,יהוה,nmpr,pers,E:YHWH,Other Tanakh
193795,1423794,464544,1 Kings,22,8,מלך,subs,,B:deity-candidate,Other Tanakh
193796,1423794,464544,1 Kings,22,8,ישראל,nmpr,"pers,gens,topo",F:unclassified-name,Other Tanakh
193797,1423794,464544,1 Kings,22,8,אל,prep,,C:divine-title-candidate,Other Tanakh
193798,1423794,464544,1 Kings,22,8,יהושפט,nmpr,pers,A:person-candidate,Other Tanakh
193805,1423794,464546,1 Kings,22,8,יהוה,nmpr,pers,E:YHWH,Other Tanakh
193819,1423794,464550,1 Kings,22,8,מיכיהו,nmpr,pers,A:person-candidate,Other Tanakh
193821,1423794,464550,1 Kings,22,8,ימלא,nmpr,pers,A:person-candidate,Other Tanakh
193824,1423794,464551,1 Kings,22,8,יהושפט,nmpr,pers,A:person-candidate,Other Tanakh
193825,1423794,464552,1 Kings,22,8,אל,nega,,C:divine-title-candidate,Other Tanakh
193828,1423794,464552,1 Kings,22,8,מלך,subs,,B:deity-candidate,Other Tanakh
193832,1423795,464553,1 Kings,22,9,מלך,subs,,B:deity-candidate,Other Tanakh
193833,1423795,464553,1 Kings,22,9,ישראל,nmpr,"pers,gens,topo",F:unclassified-name,Other Tanakh
193834,1423795,464553,1 Kings,22,9,אל,prep,,C:divine-title-candidate,Other Tanakh
193840,1423795,464555,1 Kings,22,9,מיכיהו,nmpr,pers,A:person-candidate,Other Tanakh
193842,1423795,464555,1 Kings,22,9,ימלא,nmpr,pers,A:person-candidate,Other Tanakh
193844,1423796,464556,1 Kings,22,10,מלך,subs,,B:deity-candidate,Other Tanakh
193845,1423796,464556,1 Kings,22,10,ישראל,nmpr,"pers,gens,topo",F:unclassified-name,Other Tanakh
193847,1423796,464556,1 Kings,22,10,יהושפט,nmpr,pers,A:person-candidate,Other Tanakh
193848,1423796,464556,1 Kings,22,10,מלך,subs,,B:deity-candidate,Other Tanakh
193849,1423796,464556,1 Kings,22,10,יהודה,nmpr,"pers,gens,topo",F:unclassified-name,Other Tanakh
193860,1423796,464556,1 Kings,22,10,שמרון,nmpr,topo,F:unclassified-name,Other Tanakh
193871,1423797,464560,1 Kings,22,11,צדקיה,nmpr,pers,A:person-candidate,Other Tanakh
193873,1423797,464560,1 Kings,22,11,כנענה,nmpr,pers,A:person-candidate,Other Tanakh
193880,1423797,464562,1 Kings,22,11,יהוה,nmpr,pers,E:YHWH,Other Tanakh
193885,1423797,464563,1 Kings,22,11,ארם,nmpr,topo,F:unclassified-name,Other Tanakh
193897,1423798,464567,1 Kings,22,12,רמת,nmpr,topo,F:unclassified-name,Other Tanakh
193898,1423798,464567,1 Kings,22,12,גלעד,nmpr,topo,F:unclassified-name,Other Tanakh
193903,1423798,464569,1 Kings,22,12,יהוה,nmpr,pers,E:YHWH,Other Tanakh
193907,1423798,464569,1 Kings,22,12,מלך,subs,,B:deity-candidate,Other Tanakh
193915,1423799,464572,1 Kings,22,13,מיכיהו,nmpr,pers,A:person-candidate,Other Tanakh
193917,1423799,464570,1 Kings,22,13,אל,prep,,C:divine-title-candidate,Other Tanakh
193928,1423799,464574,1 Kings,22,13,אל,prep,,C:divine-title-candidate,Other Tanakh
193930,1423799,464574,1 Kings,22,13,מלך,subs,,B:deity-candidate,Other Tanakh
193943,1423800,464577,1 Kings,22,14,מיכיהו,nmpr,pers,A:person-candidate,Other Tanakh
193945,1423800,464578,1 Kings,22,14,יהוה,nmpr,pers,E:YHWH,Other Tanakh
193950,1423800,464580,1 Kings,22,14,יהוה,nmpr,pers,E:YHWH,Other Tanakh
193951,1423800,464580,1 Kings,22,14,אל,prep,,C:divine-title-candidate,Other Tanakh
193956,1423801,464582,1 Kings,22,15,אל,prep,,C:divine-title-candidate,Other Tanakh
193958,1423801,464582,1 Kings,22,15,מלך,subs,,B:deity-candidate,Other Tanakh
193962,1423801,464583,1 Kings,22,15,מלך,subs,,B:deity-candidate,Other Tanakh
193963,1423801,464583,1 Kings,22,15,אל,prep,,C:divine-title-candidate,Other Tanakh
193964,1423801,464584,1 Kings,22,15,מיכיהו,nmpr,pers,A:person-candidate,Other Tanakh
193967,1423801,464585,1 Kings,22,15,אל,prep,,C:divine-title-candidate,Other Tanakh
193968,1423801,464585,1 Kings,22,15,רמת,nmpr,topo,F:unclassified-name,Other Tanakh
193969,1423801,464585,1 Kings,22,15,גלעד,nmpr,topo,F:unclassified-name,Other Tanakh
193977,1423801,464587,1 Kings,22,15,אל,prep,,C:divine-title-candidate,Other Tanakh
193983,1423801,464590,1 Kings,22,15,יהוה,nmpr,pers,E:YHWH,Other Tanakh
193987,1423801,464590,1 Kings,22,15,מלך,subs,,B:deity-candidate,Other Tanakh
193990,1423802,464591,1 Kings,22,16,אל,prep,,C:divine-title-candidate,Other Tanakh
193992,1423802,464591,1 Kings,22,16,מלך,subs,,B:deity-candidate,Other Tanakh
194002,1423802,464593,1 Kings,22,16,אל,prep,,C:divine-title-candidate,Other Tanakh
194007,1423802,464593,1 Kings,22,16,יהוה,nmpr,pers,E:YHWH,Other Tanakh
194013,1423803,464595,1 Kings,22,17,ישראל,nmpr,"pers,gens,topo",F:unclassified-name,Other Tanakh
194015,1423803,464596,1 Kings,22,17,אל,prep,,C:divine-title-candidate,Other Tanakh
194027,1423803,464598,1 Kings,22,17,יהוה,nmpr,pers,E:YHWH,Other Tanakh
194040,1423804,464602,1 Kings,22,18,מלך,subs,,B:deity-candidate,Other Tanakh
194041,1423804,464602,1 Kings,22,18,ישראל,nmpr,"pers,gens,topo",F:unclassified-name,Other Tanakh
194042,1423804,464602,1 Kings,22,18,אל,prep,,C:divine-title-candidate,Other Tanakh
194043,1423804,464602,1 Kings,22,18,יהושפט,nmpr,pers,A:person-candidate,Other Tanakh
194047,1423804,464603,1 Kings,22,18,אל,prep,,C:divine-title-candidate,Other Tanakh
194060,1423805,464607,1 Kings,22,19,יהוה,nmpr,pers,E:YHWH,Other Tanakh
194063,1423805,464608,1 Kings,22,19,יהוה,nmpr,pers,E:YHWH,Other Tanakh
194081,1423806,464611,1 Kings,22,20,יהוה,nmpr,pers,E:YHWH,Other Tanakh
194085,1423806,464612,1 Kings,22,20,אחאב,nmpr,pers,A:person-candidate,Other Tanakh
194091,1423806,464614,1 Kings,22,20,רמת,nmpr,topo,F:unclassified-name,Other Tanakh
194092,1423806,464614,1 Kings,22,20,גלעד,nmpr,topo,F:unclassified-name,Other Tanakh
194111,1423807,464618,1 Kings,22,21,יהוה,nmpr,pers,E:YHWH,Other Tanakh
194118,1423807,464621,1 Kings,22,21,יהוה,nmpr,pers,E:YHWH,Other Tanakh
194119,1423807,464621,1 Kings,22,21,אל,prep,,C:divine-title-candidate,Other Tanakh
194147,1423809,464632,1 Kings,22,23,יהוה,nmpr,pers,E:YHWH,Other Tanakh
194156,1423809,464633,1 Kings,22,23,יהוה,nmpr,pers,E:YHWH,Other Tanakh
194162,1423810,464634,1 Kings,22,24,צדקיהו,nmpr,pers,A:person-candidate,Other Tanakh
194164,1423810,464634,1 Kings,22,24,כנענה,nmpr,pers,A:person-candidate,Other Tanakh
194168,1423810,464635,1 Kings,22,24,מיכיהו,nmpr,pers,A:person-candidate,Other Tanakh
194178,1423810,464637,1 Kings,22,24,יהוה,nmpr,pers,E:YHWH,Other Tanakh
194186,1423811,464639,1 Kings,22,25,מיכיהו,nmpr,pers,A:person-candidate,Other Tanakh
194203,1423812,464643,1 Kings,22,26,מלך,subs,,B:deity-candidate,Other Tanakh
194204,1423812,464643,1 Kings,22,26,ישראל,nmpr,"pers,gens,topo",F:unclassified-name,Other Tanakh
194207,1423812,464644,1 Kings,22,26,מיכיהו,nmpr,pers,A:person-candidate,Other Tanakh
194210,1423812,464645,1 Kings,22,26,אל,prep,,C:divine-title-candidate,Other Tanakh
194211,1423812,464645,1 Kings,22,26,אמון,nmpr,pers,A:person-candidate,Other Tanakh
194216,1423812,464645,1 Kings,22,26,אל,prep,,C:divine-title-candidate,Other Tanakh
194217,1423812,464645,1 Kings,22,26,יואש,nmpr,pers,A:person-candidate,Other Tanakh
194220,1423812,464645,1 Kings,22,26,מלך,subs,,B:deity-candidate,Other Tanakh
194226,1423813,464647,1 Kings,22,27,מלך,subs,,B:deity-candidate,Other Tanakh
194246,1423814,464651,1 Kings,22,28,מיכיהו,nmpr,pers,A:person-candidate,Other Tanakh
194254,1423814,464653,1 Kings,22,28,יהוה,nmpr,pers,E:YHWH,Other Tanakh
194263,1423815,464657,1 Kings,22,29,מלך,subs,,B:deity-candidate,Other Tanakh
194264,1423815,464657,1 Kings,22,29,ישראל,nmpr,"pers,gens,topo",F:unclassified-name,Other Tanakh
194266,1423815,464657,1 Kings,22,29,יהושפט,nmpr,pers,A:person-candidate,Other Tanakh
194267,1423815,464657,1 Kings,22,29,מלך,subs,,B:deity-candidate,Other Tanakh
194268,1423815,464657,1 Kings,22,29,יהודה,nmpr,"pers,gens,topo",F:unclassified-name,Other Tanakh
194269,1423815,464657,1 Kings,22,29,רמת,nmpr,topo,F:unclassified-name,Other Tanakh
194270,1423815,464657,1 Kings,22,29,גלעד,nmpr,topo,F:unclassified-name,Other Tanakh
194273,1423816,464658,1 Kings,22,30,מלך,subs,,B:deity-candidate,Other Tanakh
194274,1423816,464658,1 Kings,22,30,ישראל,nmpr,"pers,gens,topo",F:unclassified-name,Other Tanakh
194275,1423816,464658,1 Kings,22,30,אל,prep,,C:divine-title-candidate,Other Tanakh
194276,1423816,464658,1 Kings,22,30,יהושפט,nmpr,pers,A:person-candidate,Other Tanakh
194289,1423816,464662,1 Kings,22,30,מלך,subs,,B:deity-candidate,Other Tanakh
194290,1423816,464662,1 Kings,22,30,ישראל,nmpr,"pers,gens,topo",F:unclassified-name,Other Tanakh
194297,1423817,464664,1 Kings,22,31,מלך,subs,,B:deity-candidate,Other Tanakh
194298,1423817,464664,1 Kings,22,31,ארם,nmpr,topo,F:unclassified-name,Other Tanakh
194321,1423817,464668,1 Kings,22,31,מלך,subs,,B:deity-candidate,Other Tanakh
194322,1423817,464668,1 Kings,22,31,ישראל,nmpr,"pers,gens,topo",F:unclassified-name,Other Tanakh
194333,1423818,464670,1 Kings,22,32,יהושפט,nmpr,pers,A:person-candidate,Other Tanakh
194338,1423818,464672,1 Kings,22,32,מלך,subs,,B:deity-candidate,Other Tanakh
194339,1423818,464672,1 Kings,22,32,ישראל,nmpr,"pers,gens,topo",F:unclassified-name,Other Tanakh
194348,1423818,464675,1 Kings,22,32,יהושפט,nmpr,pers,A:person-candidate,Other Tanakh
194358,1423819,464678,1 Kings,22,33,מלך,subs,,B:deity-candidate,Other Tanakh
194359,1423819,464678,1 Kings,22,33,ישראל,nmpr,"pers,gens,topo",F:unclassified-name,Other Tanakh
194376,1423820,464681,1 Kings,22,34,מלך,subs,,B:deity-candidate,Other Tanakh
194377,1423820,464681,1 Kings,22,34,ישראל,nmpr,"pers,gens,topo",F:unclassified-name,Other Tanakh
194409,1423821,464687,1 Kings,22,35,מלך,subs,,B:deity-candidate,Other Tanakh
194416,1423821,464687,1 Kings,22,35,ארם,nmpr,topo,F:unclassified-name,Other Tanakh
194427,1423821,464689,1 Kings,22,35,אל,prep,,C:divine-title-candidate,Other Tanakh
194445,1423822,464693,1 Kings,22,36,אל,prep,,C:divine-title-candidate,Other Tanakh
194449,1423822,464694,1 Kings,22,36,אל,prep,,C:divine-title-candidate,Other Tanakh
194454,1423823,464695,1 Kings,22,37,מלך,subs,,B:deity-candidate,Other Tanakh
194457,1423823,464696,1 Kings,22,37,שמרון,nmpr,topo,F:unclassified-name,Other Tanakh
194462,1423823,464697,1 Kings,22,37,מלך,subs,,B:deity-candidate,Other Tanakh
194464,1423823,464697,1 Kings,22,37,שמרון,nmpr,topo,F:unclassified-name,Other Tanakh
194472,1423824,464698,1 Kings,22,38,שמרון,nmpr,topo,F:unclassified-name,Other Tanakh
194485,1423824,464701,1 Kings,22,38,יהוה,nmpr,pers,E:YHWH,Other Tanakh
194491,1423825,464703,1 Kings,22,39,אחאב,nmpr,pers,A:person-candidate,Other Tanakh
194518,1423825,464707,1 Kings,22,39,מלך,subs,,B:deity-candidate,Other Tanakh
194519,1423825,464707,1 Kings,22,39,ישראל,nmpr,"pers,gens,topo",F:unclassified-name,Other Tanakh
194522,1423826,464708,1 Kings,22,40,אחאב,nmpr,pers,A:person-candidate,Other Tanakh
194526,1423826,464709,1 Kings,22,40,מלך,verb,,B:deity-candidate,Other Tanakh
194527,1423826,464709,1 Kings,22,40,אחזיהו,nmpr,pers,A:person-candidate,Other Tanakh
194531,1423827,464710,1 Kings,22,41,יהושפט,nmpr,pers,A:person-candidate,Other Tanakh
194533,1423827,464710,1 Kings,22,41,אסא,nmpr,pers,A:person-candidate,Other Tanakh
194534,1423827,464710,1 Kings,22,41,מלך,verb,,B:deity-candidate,Other Tanakh
194536,1423827,464710,1 Kings,22,41,יהודה,nmpr,"pers,gens,topo",F:unclassified-name,Other Tanakh
194541,1423827,464710,1 Kings,22,41,אחאב,nmpr,pers,A:person-candidate,Other Tanakh
194542,1423827,464710,1 Kings,22,41,מלך,subs,,B:deity-candidate,Other Tanakh
194543,1423827,464710,1 Kings,22,41,ישראל,nmpr,"pers,gens,topo",F:unclassified-name,Other Tanakh
194544,1423828,464711,1 Kings,22,42,יהושפט,nmpr,pers,A:person-candidate,Other Tanakh
194551,1423828,464712,1 Kings,22,42,מלך,verb,,B:deity-candidate,Other Tanakh
194557,1423828,464713,1 Kings,22,42,מלך,verb,,B:deity-candidate,Other Tanakh
194559,1423828,464713,1 Kings,22,42,ירושלם,nmpr,topo,F:unclassified-name,Other Tanakh
194563,1423828,464714,1 Kings,22,42,עזובה,nmpr,pers,A:person-candidate,Other Tanakh
194565,1423828,464714,1 Kings,22,42,שלחי,nmpr,pers,A:person-candidate,Other Tanakh
194571,1423829,464715,1 Kings,22,43,אסא,nmpr,pers,A:person-candidate,Other Tanakh
194582,1423829,464718,1 Kings,22,43,יהוה,nmpr,pers,E:YHWH,Other Tanakh
194599,1423831,464722,1 Kings,22,45,יהושפט,nmpr,pers,A:person-candidate,Other Tanakh
194601,1423831,464722,1 Kings,22,45,מלך,subs,,B:deity-candidate,Other Tanakh
194602,1423831,464722,1 Kings,22,45,ישראל,nmpr,"pers,gens,topo",F:unclassified-name,Other Tanakh
194606,1423832,464723,1 Kings,22,46,יהושפט,nmpr,pers,A:person-candidate,Other Tanakh
194624,1423832,464726,1 Kings,22,46,מלך,subs,,B:deity-candidate,Other Tanakh
194625,1423832,464726,1 Kings,22,46,יהודה,nmpr,"pers,gens,topo",F:unclassified-name,Other Tanakh
194634,1423833,464728,1 Kings,22,47,אסא,nmpr,pers,A:person-candidate,Other Tanakh
194641,1423834,464729,1 Kings,22,48,מלך,subs,,B:deity-candidate,Other Tanakh
194644,1423834,464729,1 Kings,22,48,אדום,nmpr,topo,F:unclassified-name,Other Tanakh
194646,1423834,464730,1 Kings,22,48,מלך,subs,,B:deity-candidate,Other Tanakh
194647,1423835,464731,1 Kings,22,49,יהושפט,nmpr,pers,A:person-candidate,Other Tanakh
194650,1423835,464731,1 Kings,22,49,תרשיש,nmpr,topo,F:unclassified-name,Other Tanakh
194653,1423835,464732,1 Kings,22,49,אופיר,nmpr,topo,F:unclassified-name,Other Tanakh
194664,1423835,464734,1 Kings,22,49,עציון גבר,nmpr,topo,F:unclassified-name,Other Tanakh
194667,1423836,464735,1 Kings,22,50,אחזיהו,nmpr,pers,A:person-candidate,Other Tanakh
194669,1423836,464735,1 Kings,22,50,אחאב,nmpr,pers,A:person-candidate,Other Tanakh
194670,1423836,464735,1 Kings,22,50,אל,prep,,C:divine-title-candidate,Other Tanakh
194671,1423836,464735,1 Kings,22,50,יהושפט,nmpr,pers,A:person-candidate,Other Tanakh
194681,1423836,464737,1 Kings,22,50,יהושפט,nmpr,pers,A:person-candidate,Other Tanakh
194684,1423837,464738,1 Kings,22,51,יהושפט,nmpr,pers,A:person-candidate,Other Tanakh
194693,1423837,464739,1 Kings,22,51,דוד,nmpr,pers,A:person-candidate,Other Tanakh
194696,1423837,464740,1 Kings,22,51,מלך,verb,,B:deity-candidate,Other Tanakh
194697,1423837,464740,1 Kings,22,51,יהורם,nmpr,pers,A:person-candidate,Other Tanakh
194700,1423838,464741,1 Kings,22,52,אחזיהו,nmpr,pers,A:person-candidate,Other Tanakh
194702,1423838,464741,1 Kings,22,52,אחאב,nmpr,pers,A:person-candidate,Other Tanakh
194703,1423838,464741,1 Kings,22,52,מלך,verb,,B:deity-candidate,Other Tanakh
194705,1423838,464741,1 Kings,22,52,ישראל,nmpr,"pers,gens,topo",F:unclassified-name,Other Tanakh
194707,1423838,464741,1 Kings,22,52,שמרון,nmpr,topo,F:unclassified-name,Other Tanakh
194713,1423838,464741,1 Kings,22,52,יהושפט,nmpr,pers,A:person-candidate,Other Tanakh
194714,1423838,464741,1 Kings,22,52,מלך,subs,,B:deity-candidate,Other Tanakh
194715,1423838,464741,1 Kings,22,52,יהודה,nmpr,"pers,gens,topo",F:unclassified-name,Other Tanakh
194717,1423838,464742,1 Kings,22,52,מלך,verb,,B:deity-candidate,Other Tanakh
194719,1423838,464742,1 Kings,22,52,ישראל,nmpr,"pers,gens,topo",F:unclassified-name,Other Tanakh
194727,1423839,464744,1 Kings,22,53,יהוה,nmpr,pers,E:YHWH,Other Tanakh
194740,1423839,464745,1 Kings,22,53,ירבעם,nmpr,pers,A:person-candidate,Other Tanakh
194742,1423839,464745,1 Kings,22,53,נבט,nmpr,pers,A:person-candidate,Other Tanakh
194746,1423839,464746,1 Kings,22,53,ישראל,nmpr,"pers,gens,topo",F:unclassified-name,Other Tanakh
194751,1423840,464747,1 Kings,22,54,בעל,subs,,B:deity-candidate,Other Tanakh
194758,1423840,464749,1 Kings,22,54,יהוה,nmpr,pers,E:YHWH,Other Tanakh
194759,1423840,464749,1 Kings,22,54,אלהים,subs,,D:Elohim,Other Tanakh
194760,1423840,464749,1 Kings,22,54,ישראל,nmpr,"pers,gens,topo",F:unclassified-name,Other Tanakh
194768,1423841,464751,2 Kings,1,1,מואב,nmpr,"pers,gens,topo",F:unclassified-name,Other Tanakh
194770,1423841,464751,2 Kings,1,1,ישראל,nmpr,"pers,gens,topo",F:unclassified-name,Other Tanakh
194773,1423841,464751,2 Kings,1,1,אחאב,nmpr,pers,A:person-candidate,Other Tanakh
194776,1423842,464752,2 Kings,1,2,אחזיה,nmpr,pers,A:person-candidate,Other Tanakh
194784,1423842,464753,2 Kings,1,2,שמרון,nmpr,topo,F:unclassified-name,Other Tanakh
194792,1423842,464756,2 Kings,1,2,אל,prep,,C:divine-title-candidate,Other Tanakh
194796,1423842,464758,2 Kings,1,2,בעל,subs,,B:deity-candidate,Other Tanakh
194798,1423842,464758,2 Kings,1,2,אלהים,subs,,D:Elohim,Other Tanakh
194799,1423842,464758,2 Kings,1,2,עקרון,nmpr,topo,F:unclassified-name,Other Tanakh
194807,1423843,464760,2 Kings,1,3,יהוה,nmpr,pers,E:YHWH,Other Tanakh
194809,1423843,464760,2 Kings,1,3,אל,prep,,C:divine-title-candidate,Other Tanakh
194810,1423843,464760,2 Kings,1,3,אליה,nmpr,pers,A:person-candidate,Other Tanakh
194818,1423843,464763,2 Kings,1,3,מלך,subs,,B:deity-candidate,Other Tanakh
194819,1423843,464763,2 Kings,1,3,שמרון,nmpr,topo,F:unclassified-name,Other Tanakh
194822,1423843,464764,2 Kings,1,3,אל,prep,,C:divine-title-candidate,Other Tanakh
194827,1423843,464765,2 Kings,1,3,אלהים,subs,,D:Elohim,Other Tanakh
194829,1423843,464765,2 Kings,1,3,ישראל,nmpr,"pers,gens,topo",F:unclassified-name,Other Tanakh
194835,1423843,464767,2 Kings,1,3,בעל,subs,,B:deity-candidate,Other Tanakh
194837,1423843,464767,2 Kings,1,3,אלהים,subs,,D:Elohim,Other Tanakh
194838,1423843,464767,2 Kings,1,3,עקרון,nmpr,topo,F:unclassified-name,Other Tanakh
194843,1423844,464769,2 Kings,1,4,יהוה,nmpr,pers,E:YHWH,Other Tanakh
194857,1423844,464774,2 Kings,1,4,אליה,nmpr,pers,A:person-candidate,Other Tanakh
194862,1423845,464775,2 Kings,1,5,אל,prep,,C:divine-title-candidate,Other Tanakh
194865,1423845,464776,2 Kings,1,5,אל,prep,,C:divine-title-candidate,Other Tanakh
194871,1423846,464778,2 Kings,1,6,אל,prep,,C:divine-title-candidate,Other Tanakh
194878,1423846,464781,2 Kings,1,6,אל,prep,,C:divine-title-candidate,Other Tanakh
194881,1423846,464783,2 Kings,1,6,אל,prep,,C:divine-title-candidate,Other Tanakh
194883,1423846,464783,2 Kings,1,6,מלך,subs,,B:deity-candidate,Other Tanakh
194889,1423846,464785,2 Kings,1,6,אל,prep,,C:divine-title-candidate,Other Tanakh
194892,1423846,464786,2 Kings,1,6,יהוה,nmpr,pers,E:YHWH,Other Tanakh
194897,1423846,464787,2 Kings,1,6,אלהים,subs,,D:Elohim,Other Tanakh
194899,1423846,464787,2 Kings,1,6,ישראל,nmpr,"pers,gens,topo",F:unclassified-name,Other Tanakh
194905,1423846,464789,2 Kings,1,6,בעל,subs,,B:deity-candidate,Other Tanakh
194907,1423846,464789,2 Kings,1,6,אלהים,subs,,D:Elohim,Other Tanakh
194908,1423846,464789,2 Kings,1,6,עקרון,nmpr,topo,F:unclassified-name,Other Tanakh
194923,1423847,464795,2 Kings,1,7,אל,prep,,C:divine-title-candidate,Other Tanakh
194934,1423847,464799,2 Kings,1,7,אל,prep,,C:divine-title-candidate,Other Tanakh
194942,1423848,464800,2 Kings,1,8,אל,prep,,C:divine-title-candidate,Other Tanakh
194944,1423848,464801,2 Kings,1,8,בעל,subs,,B:deity-candidate,Other Tanakh
194954,1423848,464804,2 Kings,1,8,אליה,nmpr,pers,A:person-candidate,Other Tanakh
194960,1423849,464805,2 Kings,1,9,אל,prep,,C:divine-title-candidate,Other Tanakh
194967,1423849,464806,2 Kings,1,9,אל,prep,,C:divine-title-candidate,Other Tanakh
194977,1423849,464808,2 Kings,1,9,אל,prep,,C:divine-title-candidate,Other Tanakh
194980,1423849,464809,2 Kings,1,9,אלהים,subs,,D:Elohim,Other Tanakh
194982,1423849,464810,2 Kings,1,9,מלך,subs,,B:deity-candidate,Other Tanakh
194987,1423850,464812,2 Kings,1,10,אליהו,nmpr,pers,A:person-candidate,Other Tanakh
194990,1423850,464813,2 Kings,1,10,אל,prep,,C:divine-title-candidate,Other Tanakh
194997,1423850,464814,2 Kings,1,10,אלהים,subs,,D:Elohim,Other Tanakh
195026,1423851,464820,2 Kings,1,11,אל,prep,,C:divine-title-candidate,Other Tanakh
195036,1423851,464822,2 Kings,1,11,אל,prep,,C:divine-title-candidate,Other Tanakh
195039,1423851,464823,2 Kings,1,11,אלהים,subs,,D:Elohim,Other Tanakh
195043,1423851,464824,2 Kings,1,11,מלך,subs,,B:deity-candidate,Other Tanakh
195048,1423852,464826,2 Kings,1,12,אליה,nmpr,pers,A:person-candidate,Other Tanakh
195051,1423852,464827,2 Kings,1,12,אל,prep,,C:divine-title-candidate,Other Tanakh
195055,1423852,464828,2 Kings,1,12,אלהים,subs,,D:Elohim,Other Tanakh
195071,1423852,464831,2 Kings,1,12,אלהים,subs,,D:Elohim,Other Tanakh
195105,1423853,464837,2 Kings,1,13,אליהו,nmpr,pers,A:person-candidate,Other Tanakh
195108,1423853,464838,2 Kings,1,13,אל,prep,,C:divine-title-candidate,Other Tanakh
195111,1423853,464839,2 Kings,1,13,אל,prep,,C:divine-title-candidate,Other Tanakh
195114,1423853,464840,2 Kings,1,13,אלהים,subs,,D:Elohim,Other Tanakh
195152,1423855,464846,2 Kings,1,15,יהוה,nmpr,pers,E:YHWH,Other Tanakh
195153,1423855,464846,2 Kings,1,15,אל,prep,,C:divine-title-candidate,Other Tanakh
195154,1423855,464846,2 Kings,1,15,אליהו,nmpr,pers,A:person-candidate,Other Tanakh
195157,1423855,464848,2 Kings,1,15,אל,nega,,C:divine-title-candidate,Other Tanakh
195166,1423855,464850,2 Kings,1,15,אל,prep,,C:divine-title-candidate,Other Tanakh
195168,1423855,464850,2 Kings,1,15,מלך,subs,,B:deity-candidate,Other Tanakh
195171,1423856,464851,2 Kings,1,16,אל,prep,,C:divine-title-candidate,Other Tanakh
195174,1423856,464852,2 Kings,1,16,יהוה,nmpr,pers,E:YHWH,Other Tanakh
195182,1423856,464854,2 Kings,1,16,בעל,subs,,B:deity-candidate,Other Tanakh
195184,1423856,464854,2 Kings,1,16,אלהים,subs,,D:Elohim,Other Tanakh
195185,1423856,464854,2 Kings,1,16,עקרון,nmpr,topo,F:unclassified-name,Other Tanakh
195190,1423856,464855,2 Kings,1,16,אלהים,subs,,D:Elohim,Other Tanakh
195192,1423856,464855,2 Kings,1,16,ישראל,nmpr,"pers,gens,topo",F:unclassified-name,Other Tanakh
195213,1423857,464862,2 Kings,1,17,יהוה,nmpr,pers,E:YHWH,Other Tanakh
195216,1423857,464863,2 Kings,1,17,אליהו,nmpr,pers,A:person-candidate,Other Tanakh
195218,1423857,464864,2 Kings,1,17,מלך,verb,,B:deity-candidate,Other Tanakh
195219,1423857,464864,2 Kings,1,17,יהורם,nmpr,pers,A:person-candidate,Other Tanakh
195225,1423857,464864,2 Kings,1,17,יהורם,nmpr,pers,A:person-candidate,Other Tanakh
195227,1423857,464864,2 Kings,1,17,יהושפט,nmpr,pers,A:person-candidate,Other Tanakh
195228,1423857,464864,2 Kings,1,17,מלך,subs,,B:deity-candidate,Other Tanakh
195229,1423857,464864,2 Kings,1,17,יהודה,nmpr,"pers,gens,topo",F:unclassified-name,Other Tanakh
195238,1423858,464866,2 Kings,1,18,אחזיהו,nmpr,pers,A:person-candidate,Other Tanakh
195251,1423858,464868,2 Kings,1,18,מלך,subs,,B:deity-candidate,Other Tanakh
195252,1423858,464868,2 Kings,1,18,ישראל,nmpr,"pers,gens,topo",F:unclassified-name,Other Tanakh
195257,1423859,464870,2 Kings,2,1,יהוה,nmpr,pers,E:YHWH,Other Tanakh
195259,1423859,464870,2 Kings,2,1,אליהו,nmpr,pers,A:person-candidate,Other Tanakh
195267,1423859,464871,2 Kings,2,1,אליהו,nmpr,pers,A:person-candidate,Other Tanakh
195269,1423859,464871,2 Kings,2,1,אלישע,nmpr,pers,A:person-candidate,Other Tanakh
195272,1423859,464871,2 Kings,2,1,גלגל,nmpr,topo,F:unclassified-name,Other Tanakh
195275,1423860,464872,2 Kings,2,2,אליהו,nmpr,pers,A:person-candidate,Other Tanakh
195276,1423860,464872,2 Kings,2,2,אל,prep,,C:divine-title-candidate,Other Tanakh
195277,1423860,464872,2 Kings,2,2,אלישע,nmpr,pers,A:person-candidate,Other Tanakh
195282,1423860,464874,2 Kings,2,2,יהוה,nmpr,pers,E:YHWH,Other Tanakh
195285,1423860,464874,2 Kings,2,2,בית אל,nmpr,topo,F:unclassified-name,Other Tanakh
195288,1423860,464875,2 Kings,2,2,אלישע,nmpr,pers,A:person-candidate,Other Tanakh
195290,1423860,464876,2 Kings,2,2,יהוה,nmpr,pers,E:YHWH,Other Tanakh
195298,1423860,464879,2 Kings,2,2,בית אל,nmpr,topo,F:unclassified-name,Other Tanakh
195305,1423861,464881,2 Kings,2,3,בית אל,nmpr,topo,F:unclassified-name,Other Tanakh
195306,1423861,464880,2 Kings,2,3,אל,prep,,C:divine-title-candidate,Other Tanakh
195307,1423861,464880,2 Kings,2,3,אלישע,nmpr,pers,A:person-candidate,Other Tanakh
195310,1423861,464882,2 Kings,2,3,אל,prep,,C:divine-title-candidate,Other Tanakh
195316,1423861,464884,2 Kings,2,3,יהוה,nmpr,pers,E:YHWH,Other Tanakh
195332,1423862,464888,2 Kings,2,4,אליהו,nmpr,pers,A:person-candidate,Other Tanakh
195333,1423862,464889,2 Kings,2,4,אלישע,nmpr,pers,A:person-candidate,Other Tanakh
195338,1423862,464891,2 Kings,2,4,יהוה,nmpr,pers,E:YHWH,Other Tanakh
195340,1423862,464891,2 Kings,2,4,יריחו,nmpr,topo,F:unclassified-name,Other Tanakh
195344,1423862,464893,2 Kings,2,4,יהוה,nmpr,pers,E:YHWH,Other Tanakh
195352,1423862,464896,2 Kings,2,4,יריחו,nmpr,topo,F:unclassified-name,Other Tanakh
195360,1423863,464898,2 Kings,2,5,יריחו,nmpr,topo,F:unclassified-name,Other Tanakh
195361,1423863,464897,2 Kings,2,5,אל,prep,,C:divine-title-candidate,Other Tanakh
195362,1423863,464897,2 Kings,2,5,אלישע,nmpr,pers,A:person-candidate,Other Tanakh
195365,1423863,464899,2 Kings,2,5,אל,prep,,C:divine-title-candidate,Other Tanakh
195371,1423863,464901,2 Kings,2,5,יהוה,nmpr,pers,E:YHWH,Other Tanakh
195387,1423864,464905,2 Kings,2,6,אליהו,nmpr,pers,A:person-candidate,Other Tanakh
195392,1423864,464907,2 Kings,2,6,יהוה,nmpr,pers,E:YHWH,Other Tanakh
195395,1423864,464907,2 Kings,2,6,ירדן,nmpr,topo,F:unclassified-name,Other Tanakh
195399,1423864,464909,2 Kings,2,6,יהוה,nmpr,pers,E:YHWH,Other Tanakh
195427,1423865,464915,2 Kings,2,7,ירדן,nmpr,topo,F:unclassified-name,Other Tanakh
195430,1423866,464916,2 Kings,2,8,אליהו,nmpr,pers,A:person-candidate,Other Tanakh
195456,1423867,464923,2 Kings,2,9,אליהו,nmpr,pers,A:person-candidate,Other Tanakh
195458,1423867,464923,2 Kings,2,9,אל,prep,,C:divine-title-candidate,Other Tanakh
195459,1423867,464923,2 Kings,2,9,אלישע,nmpr,pers,A:person-candidate,Other Tanakh
195471,1423867,464927,2 Kings,2,9,אלישע,nmpr,pers,A:person-candidate,Other Tanakh
195479,1423867,464928,2 Kings,2,9,אל,prep,,C:divine-title-candidate,Other Tanakh
195519,1423869,464941,2 Kings,2,11,אליהו,nmpr,pers,A:person-candidate,Other Tanakh
195526,1423870,464942,2 Kings,2,12,אלישע,nmpr,pers,A:person-candidate,Other Tanakh
195534,1423870,464945,2 Kings,2,12,ישראל,nmpr,"pers,gens,topo",F:unclassified-name,Other Tanakh
195554,1423871,464949,2 Kings,2,13,אליהו,nmpr,pers,A:person-candidate,Other Tanakh
195566,1423871,464952,2 Kings,2,13,ירדן,nmpr,topo,F:unclassified-name,Other Tanakh
195571,1423872,464953,2 Kings,2,14,אליהו,nmpr,pers,A:person-candidate,Other Tanakh
195584,1423872,464957,2 Kings,2,14,יהוה,nmpr,pers,E:YHWH,Other Tanakh
195585,1423872,464957,2 Kings,2,14,אלהים,subs,,D:Elohim,Other Tanakh
195586,1423872,464957,2 Kings,2,14,אליהו,nmpr,pers,A:person-candidate,Other Tanakh
195601,1423872,464960,2 Kings,2,14,אלישע,nmpr,pers,A:person-candidate,Other Tanakh
195609,1423873,464962,2 Kings,2,15,יריחו,nmpr,topo,F:unclassified-name,Other Tanakh
195616,1423873,464964,2 Kings,2,15,אליהו,nmpr,pers,A:person-candidate,Other Tanakh
195618,1423873,464964,2 Kings,2,15,אלישע,nmpr,pers,A:person-candidate,Other Tanakh
195629,1423874,464968,2 Kings,2,16,אל,prep,,C:divine-title-candidate,Other Tanakh
195648,1423874,464972,2 Kings,2,16,יהוה,nmpr,pers,E:YHWH,Other Tanakh
195685,1423876,464983,2 Kings,2,18,אל,prep,,C:divine-title-candidate,Other Tanakh
195690,1423876,464984,2 Kings,2,18,יריחו,nmpr,topo,F:unclassified-name,Other Tanakh
195693,1423876,464985,2 Kings,2,18,אל,prep,,C:divine-title-candidate,Other Tanakh
195697,1423876,464986,2 Kings,2,18,אל,prep,,C:divine-title-candidate,Other Tanakh
195698,1423876,464987,2 Kings,2,18,אל,nega,,C:divine-title-candidate,Other Tanakh
195705,1423877,464988,2 Kings,2,19,אל,prep,,C:divine-title-candidate,Other Tanakh
195706,1423877,464988,2 Kings,2,19,אלישע,nmpr,pers,A:person-candidate,Other Tanakh
195737,1423878,464996,2 Kings,2,20,אל,prep,,C:divine-title-candidate,Other Tanakh
195740,1423879,464997,2 Kings,2,21,אל,prep,,C:divine-title-candidate,Other Tanakh
195752,1423879,465000,2 Kings,2,21,יהוה,nmpr,pers,E:YHWH,Other Tanakh
195778,1423880,465003,2 Kings,2,22,אלישע,nmpr,pers,A:person-candidate,Other Tanakh
195785,1423881,465005,2 Kings,2,23,בית אל,nmpr,topo,F:unclassified-name,Other Tanakh
195818,1423882,465016,2 Kings,2,24,יהוה,nmpr,pers,E:YHWH,Other Tanakh
195837,1423883,465019,2 Kings,2,25,אל,prep,,C:divine-title-candidate,Other Tanakh
195840,1423883,465019,2 Kings,2,25,כרמל,nmpr,topo,F:unclassified-name,Other Tanakh
195845,1423883,465020,2 Kings,2,25,שמרון,nmpr,topo,F:unclassified-name,Other Tanakh
195847,1423884,465021,2 Kings,3,1,יהורם,nmpr,pers,A:person-candidate,Other Tanakh
195849,1423884,465021,2 Kings,3,1,אחאב,nmpr,pers,A:person-candidate,Other Tanakh
195850,1423884,465021,2 Kings,3,1,מלך,verb,,B:deity-candidate,Other Tanakh
195852,1423884,465021,2 Kings,3,1,ישראל,nmpr,"pers,gens,topo",F:unclassified-name,Other Tanakh
195854,1423884,465021,2 Kings,3,1,שמרון,nmpr,topo,F:unclassified-name,Other Tanakh
195860,1423884,465021,2 Kings,3,1,יהושפט,nmpr,pers,A:person-candidate,Other Tanakh
195861,1423884,465021,2 Kings,3,1,מלך,subs,,B:deity-candidate,Other Tanakh
195862,1423884,465021,2 Kings,3,1,יהודה,nmpr,"pers,gens,topo",F:unclassified-name,Other Tanakh
195864,1423884,465022,2 Kings,3,1,מלך,verb,,B:deity-candidate,Other Tanakh
195874,1423885,465024,2 Kings,3,2,יהוה,nmpr,pers,E:YHWH,Other Tanakh
195887,1423885,465026,2 Kings,3,2,בעל,subs,,B:deity-candidate,Other Tanakh
195894,1423886,465028,2 Kings,3,3,ירבעם,nmpr,pers,A:person-candidate,Other Tanakh
195896,1423886,465028,2 Kings,3,3,נבט,nmpr,pers,A:person-candidate,Other Tanakh
195900,1423886,465029,2 Kings,3,3,ישראל,nmpr,"pers,gens,topo",F:unclassified-name,Other Tanakh
195906,1423887,465031,2 Kings,3,4,מישע,nmpr,pers,A:person-candidate,Other Tanakh
195907,1423887,465031,2 Kings,3,4,מלך,subs,,B:deity-candidate,Other Tanakh
195908,1423887,465031,2 Kings,3,4,מואב,nmpr,"pers,gens,topo",F:unclassified-name,Other Tanakh
195914,1423887,465032,2 Kings,3,4,מלך,subs,,B:deity-candidate,Other Tanakh
195915,1423887,465032,2 Kings,3,4,ישראל,nmpr,"pers,gens,topo",F:unclassified-name,Other Tanakh
195928,1423888,465033,2 Kings,3,5,אחאב,nmpr,pers,A:person-candidate,Other Tanakh
195931,1423888,465034,2 Kings,3,5,מלך,subs,,B:deity-candidate,Other Tanakh
195932,1423888,465034,2 Kings,3,5,מואב,nmpr,"pers,gens,topo",F:unclassified-name,Other Tanakh
195934,1423888,465034,2 Kings,3,5,מלך,subs,,B:deity-candidate,Other Tanakh
195935,1423888,465034,2 Kings,3,5,ישראל,nmpr,"pers,gens,topo",F:unclassified-name,Other Tanakh
195939,1423889,465035,2 Kings,3,6,מלך,subs,,B:deity-candidate,Other Tanakh
195940,1423889,465035,2 Kings,3,6,יהורם,nmpr,pers,A:person-candidate,Other Tanakh
195947,1423889,465035,2 Kings,3,6,שמרון,nmpr,topo,F:unclassified-name,Other Tanakh
195952,1423889,465036,2 Kings,3,6,ישראל,nmpr,"pers,gens,topo",F:unclassified-name,Other Tanakh
195957,1423890,465038,2 Kings,3,7,אל,prep,,C:divine-title-candidate,Other Tanakh
195958,1423890,465038,2 Kings,3,7,יהושפט,nmpr,pers,A:person-candidate,Other Tanakh
195959,1423890,465038,2 Kings,3,7,מלך,subs,,B:deity-candidate,Other Tanakh
195960,1423890,465038,2 Kings,3,7,יהודה,nmpr,"pers,gens,topo",F:unclassified-name,Other Tanakh
195963,1423890,465040,2 Kings,3,7,מלך,subs,,B:deity-candidate,Other Tanakh
195964,1423890,465040,2 Kings,3,7,מואב,nmpr,"pers,gens,topo",F:unclassified-name,Other Tanakh
195970,1423890,465041,2 Kings,3,7,אל,prep,,C:divine-title-candidate,Other Tanakh
195971,1423890,465041,2 Kings,3,7,מואב,nmpr,"pers,gens,topo",F:unclassified-name,Other Tanakh
195999,1423891,465051,2 Kings,3,8,אדום,nmpr,topo,F:unclassified-name,Other Tanakh
196002,1423892,465052,2 Kings,3,9,מלך,subs,,B:deity-candidate,Other Tanakh
196003,1423892,465052,2 Kings,3,9,ישראל,nmpr,"pers,gens,topo",F:unclassified-name,Other Tanakh
196005,1423892,465052,2 Kings,3,9,מלך,subs,,B:deity-candidate,Other Tanakh
196006,1423892,465052,2 Kings,3,9,יהודה,nmpr,"pers,gens,topo",F:unclassified-name,Other Tanakh
196008,1423892,465052,2 Kings,3,9,מלך,subs,,B:deity-candidate,Other Tanakh
196009,1423892,465052,2 Kings,3,9,אדום,nmpr,topo,F:unclassified-name,Other Tanakh
196031,1423893,465056,2 Kings,3,10,מלך,subs,,B:deity-candidate,Other Tanakh
196032,1423893,465056,2 Kings,3,10,ישראל,nmpr,"pers,gens,topo",F:unclassified-name,Other Tanakh
196036,1423893,465058,2 Kings,3,10,יהוה,nmpr,pers,E:YHWH,Other Tanakh
196040,1423893,465058,2 Kings,3,10,מלך,subs,,B:deity-candidate,Other Tanakh
196048,1423893,465059,2 Kings,3,10,מואב,nmpr,"pers,gens,topo",F:unclassified-name,Other Tanakh
196051,1423894,465060,2 Kings,3,11,יהושפט,nmpr,pers,A:person-candidate,Other Tanakh
196057,1423894,465061,2 Kings,3,11,יהוה,nmpr,pers,E:YHWH,Other Tanakh
196061,1423894,465062,2 Kings,3,11,יהוה,nmpr,pers,E:YHWH,Other Tanakh
196069,1423894,465063,2 Kings,3,11,מלך,subs,,B:deity-candidate,Other Tanakh
196070,1423894,465063,2 Kings,3,11,ישראל,nmpr,"pers,gens,topo",F:unclassified-name,Other Tanakh
196074,1423894,465065,2 Kings,3,11,אלישע,nmpr,pers,A:person-candidate,Other Tanakh
196076,1423894,465065,2 Kings,3,11,שפט,nmpr,pers,A:person-candidate,Other Tanakh
196082,1423894,465066,2 Kings,3,11,אליהו,nmpr,pers,A:person-candidate,Other Tanakh
196085,1423895,465067,2 Kings,3,12,יהושפט,nmpr,pers,A:person-candidate,Other Tanakh
196089,1423895,465068,2 Kings,3,12,יהוה,nmpr,pers,E:YHWH,Other Tanakh
196092,1423895,465069,2 Kings,3,12,אל,prep,,C:divine-title-candidate,Other Tanakh
196093,1423895,465069,2 Kings,3,12,מלך,subs,,B:deity-candidate,Other Tanakh
196094,1423895,465069,2 Kings,3,12,ישראל,nmpr,"pers,gens,topo",F:unclassified-name,Other Tanakh
196096,1423895,465069,2 Kings,3,12,יהושפט,nmpr,pers,A:person-candidate,Other Tanakh
196098,1423895,465069,2 Kings,3,12,מלך,subs,,B:deity-candidate,Other Tanakh
196099,1423895,465069,2 Kings,3,12,אדום,nmpr,topo,F:unclassified-name,Other Tanakh
196102,1423896,465070,2 Kings,3,13,אלישע,nmpr,pers,A:person-candidate,Other Tanakh
196103,1423896,465070,2 Kings,3,13,אל,prep,,C:divine-title-candidate,Other Tanakh
196104,1423896,465070,2 Kings,3,13,מלך,subs,,B:deity-candidate,Other Tanakh
196105,1423896,465070,2 Kings,3,13,ישראל,nmpr,"pers,gens,topo",F:unclassified-name,Other Tanakh
196111,1423896,465072,2 Kings,3,13,אל,prep,,C:divine-title-candidate,Other Tanakh
196115,1423896,465072,2 Kings,3,13,אל,prep,,C:divine-title-candidate,Other Tanakh
196121,1423896,465073,2 Kings,3,13,מלך,subs,,B:deity-candidate,Other Tanakh
196122,1423896,465073,2 Kings,3,13,ישראל,nmpr,"pers,gens,topo",F:unclassified-name,Other Tanakh
196123,1423896,465074,2 Kings,3,13,אל,nega,,C:divine-title-candidate,Other Tanakh
196126,1423896,465075,2 Kings,3,13,יהוה,nmpr,pers,E:YHWH,Other Tanakh
196130,1423896,465075,2 Kings,3,13,מלך,subs,,B:deity-candidate,Other Tanakh
196138,1423896,465076,2 Kings,3,13,מואב,nmpr,"pers,gens,topo",F:unclassified-name,Other Tanakh
196141,1423897,465077,2 Kings,3,14,אלישע,nmpr,pers,A:person-candidate,Other Tanakh
196143,1423897,465078,2 Kings,3,14,יהוה,nmpr,pers,E:YHWH,Other Tanakh
196152,1423897,465080,2 Kings,3,14,יהושפט,nmpr,pers,A:person-candidate,Other Tanakh
196153,1423897,465080,2 Kings,3,14,מלך,subs,,B:deity-candidate,Other Tanakh
196154,1423897,465080,2 Kings,3,14,יהודה,nmpr,"pers,gens,topo",F:unclassified-name,Other Tanakh
196159,1423897,465081,2 Kings,3,14,אל,prep,,C:divine-title-candidate,Other Tanakh
196178,1423898,465087,2 Kings,3,15,יהוה,nmpr,pers,E:YHWH,Other Tanakh
196183,1423899,465089,2 Kings,3,16,יהוה,nmpr,pers,E:YHWH,Other Tanakh
196194,1423900,465091,2 Kings,3,17,יהוה,nmpr,pers,E:YHWH,Other Tanakh
196221,1423901,465096,2 Kings,3,18,יהוה,nmpr,pers,E:YHWH,Other Tanakh
196225,1423901,465097,2 Kings,3,18,מואב,nmpr,"pers,gens,topo",F:unclassified-name,Other Tanakh
196272,1423903,465104,2 Kings,3,20,אדום,nmpr,topo,F:unclassified-name,Other Tanakh
196282,1423904,465106,2 Kings,3,21,מואב,nmpr,"pers,gens,topo",F:unclassified-name,Other Tanakh
196287,1423904,465107,2 Kings,3,21,מלך,subs,,B:deity-candidate,Other Tanakh
196318,1423905,465113,2 Kings,3,22,מואב,nmpr,"pers,gens,topo",F:unclassified-name,Other Tanakh
196335,1423906,465117,2 Kings,3,23,מלך,subs,,B:deity-candidate,Other Tanakh
196346,1423906,465122,2 Kings,3,23,מואב,nmpr,"pers,gens,topo",F:unclassified-name,Other Tanakh
196349,1423907,465123,2 Kings,3,24,אל,prep,,C:divine-title-candidate,Other Tanakh
196351,1423907,465123,2 Kings,3,24,ישראל,nmpr,"pers,gens,topo",F:unclassified-name,Other Tanakh
196354,1423907,465124,2 Kings,3,24,ישראל,nmpr,"pers,gens,topo",F:unclassified-name,Other Tanakh
196358,1423907,465125,2 Kings,3,24,מואב,nmpr,"pers,gens,topo",F:unclassified-name,Other Tanakh
196369,1423907,465128,2 Kings,3,24,מואב,nmpr,"pers,gens,topo",F:unclassified-name,Other Tanakh
196398,1423908,465134,2 Kings,3,25,קיר חרשת,nmpr,topo,F:unclassified-name,Other Tanakh
196407,1423909,465137,2 Kings,3,26,מלך,subs,,B:deity-candidate,Other Tanakh
196408,1423909,465137,2 Kings,3,26,מואב,nmpr,"pers,gens,topo",F:unclassified-name,Other Tanakh
196424,1423909,465141,2 Kings,3,26,אל,prep,,C:divine-title-candidate,Other Tanakh
196425,1423909,465141,2 Kings,3,26,מלך,subs,,B:deity-candidate,Other Tanakh
196426,1423909,465141,2 Kings,3,26,אדום,nmpr,topo,F:unclassified-name,Other Tanakh
196437,1423910,465144,2 Kings,3,27,מלך,verb,,B:deity-candidate,Other Tanakh
196450,1423910,465146,2 Kings,3,27,ישראל,nmpr,"pers,gens,topo",F:unclassified-name,Other Tanakh
196469,1423911,465149,2 Kings,4,1,אל,prep,,C:divine-title-candidate,Other Tanakh
196470,1423911,465149,2 Kings,4,1,אלישע,nmpr,pers,A:person-candidate,Other Tanakh
196484,1423911,465153,2 Kings,4,1,יהוה,nmpr,pers,E:YHWH,Other Tanakh
196499,1423912,465156,2 Kings,4,2,אל,prep,,C:divine-title-candidate,Other Tanakh
196500,1423912,465156,2 Kings,4,2,אלישע,nmpr,pers,A:person-candidate,Other Tanakh
196540,1423913,465166,2 Kings,4,3,אל,nega,,C:divine-title-candidate,Other Tanakh
196578,1423915,465173,2 Kings,4,5,אל,prep,,C:divine-title-candidate,Other Tanakh
196590,1423916,465177,2 Kings,4,6,אל,prep,,C:divine-title-candidate,Other Tanakh
196593,1423916,465178,2 Kings,4,6,אל,prep,,C:divine-title-candidate,Other Tanakh
196598,1423916,465179,2 Kings,4,6,אל,prep,,C:divine-title-candidate,Other Tanakh
196613,1423917,465183,2 Kings,4,7,אלהים,subs,,D:Elohim,Other Tanakh
196639,1423918,465190,2 Kings,4,8,אלישע,nmpr,pers,A:person-candidate,Other Tanakh
196640,1423918,465190,2 Kings,4,8,אל,prep,,C:divine-title-candidate,Other Tanakh
196641,1423918,465190,2 Kings,4,8,שונם,nmpr,topo,F:unclassified-name,Other Tanakh
196664,1423919,465198,2 Kings,4,9,אל,prep,,C:divine-title-candidate,Other Tanakh
196671,1423919,465200,2 Kings,4,9,אלהים,subs,,D:Elohim,Other Tanakh
196697,1423920,465206,2 Kings,4,10,אל,prep,,C:divine-title-candidate,Other Tanakh
196709,1423921,465210,2 Kings,4,11,אל,prep,,C:divine-title-candidate,Other Tanakh
196717,1423922,465212,2 Kings,4,12,אל,prep,,C:divine-title-candidate,Other Tanakh
196718,1423922,465212,2 Kings,4,12,גיחזי,nmpr,pers,A:person-candidate,Other Tanakh
196738,1423923,465217,2 Kings,4,13,אל,prep,,C:divine-title-candidate,Other Tanakh
196741,1423923,465218,2 Kings,4,13,אל,prep,,C:divine-title-candidate,Other Tanakh
196757,1423923,465222,2 Kings,4,13,אל,prep,,C:divine-title-candidate,Other Tanakh
196759,1423923,465222,2 Kings,4,13,מלך,subs,,B:deity-candidate,Other Tanakh
196761,1423923,465222,2 Kings,4,13,אל,prep,,C:divine-title-candidate,Other Tanakh
196781,1423924,465228,2 Kings,4,14,גיחזי,nmpr,pers,A:person-candidate,Other Tanakh
196817,1423926,465238,2 Kings,4,16,אל,nega,,C:divine-title-candidate,Other Tanakh
196821,1423926,465239,2 Kings,4,16,אלהים,subs,,D:Elohim,Other Tanakh
196822,1423926,465240,2 Kings,4,16,אל,nega,,C:divine-title-candidate,Other Tanakh
196844,1423927,465243,2 Kings,4,17,אל,prep,,C:divine-title-candidate,Other Tanakh
196845,1423927,465243,2 Kings,4,17,אלישע,nmpr,pers,A:person-candidate,Other Tanakh
196856,1423928,465246,2 Kings,4,18,אל,prep,,C:divine-title-candidate,Other Tanakh
196858,1423928,465246,2 Kings,4,18,אל,prep,,C:divine-title-candidate,Other Tanakh
196863,1423929,465247,2 Kings,4,19,אל,prep,,C:divine-title-candidate,Other Tanakh
196869,1423929,465250,2 Kings,4,19,אל,prep,,C:divine-title-candidate,Other Tanakh
196873,1423929,465251,2 Kings,4,19,אל,prep,,C:divine-title-candidate,Other Tanakh
196879,1423930,465253,2 Kings,4,20,אל,prep,,C:divine-title-candidate,Other Tanakh
196898,1423931,465257,2 Kings,4,21,אלהים,subs,,D:Elohim,Other Tanakh
196906,1423932,465260,2 Kings,4,22,אל,prep,,C:divine-title-candidate,Other Tanakh
196926,1423932,465263,2 Kings,4,22,אלהים,subs,,D:Elohim,Other Tanakh
196934,1423933,465266,2 Kings,4,23,אל,prep,,C:divine-title-candidate,Other Tanakh
196951,1423934,465272,2 Kings,4,24,אל,prep,,C:divine-title-candidate,Other Tanakh
196956,1423934,465275,2 Kings,4,24,אל,nega,,C:divine-title-candidate,Other Tanakh
196969,1423935,465279,2 Kings,4,25,אל,prep,,C:divine-title-candidate,Other Tanakh
196972,1423935,465279,2 Kings,4,25,אלהים,subs,,D:Elohim,Other Tanakh
196973,1423935,465279,2 Kings,4,25,אל,prep,,C:divine-title-candidate,Other Tanakh
196976,1423935,465279,2 Kings,4,25,כרמל,nmpr,topo,F:unclassified-name,Other Tanakh
196983,1423935,465281,2 Kings,4,25,אלהים,subs,,D:Elohim,Other Tanakh
196989,1423935,465282,2 Kings,4,25,אל,prep,,C:divine-title-candidate,Other Tanakh
196990,1423935,465282,2 Kings,4,25,גיחזי,nmpr,pers,A:person-candidate,Other Tanakh
197022,1423937,465292,2 Kings,4,27,אל,prep,,C:divine-title-candidate,Other Tanakh
197025,1423937,465292,2 Kings,4,27,אלהים,subs,,D:Elohim,Other Tanakh
197026,1423937,465292,2 Kings,4,27,אל,prep,,C:divine-title-candidate,Other Tanakh
197035,1423937,465294,2 Kings,4,27,גיחזי,nmpr,pers,A:person-candidate,Other Tanakh
197042,1423937,465296,2 Kings,4,27,אלהים,subs,,D:Elohim,Other Tanakh
197050,1423937,465299,2 Kings,4,27,יהוה,nmpr,pers,E:YHWH,Other Tanakh
197074,1423939,465305,2 Kings,4,29,גיחזי,nmpr,pers,A:person-candidate,Other Tanakh
197108,1423940,465315,2 Kings,4,30,יהוה,nmpr,pers,E:YHWH,Other Tanakh
197120,1423941,465320,2 Kings,4,31,גיחזי,nmpr,pers,A:person-candidate,Other Tanakh
197154,1423942,465329,2 Kings,4,32,אלישע,nmpr,pers,A:person-candidate,Other Tanakh
197175,1423943,465334,2 Kings,4,33,אל,prep,,C:divine-title-candidate,Other Tanakh
197176,1423943,465334,2 Kings,4,33,יהוה,nmpr,pers,E:YHWH,Other Tanakh
197237,1423946,465348,2 Kings,4,36,אל,prep,,C:divine-title-candidate,Other Tanakh
197238,1423946,465348,2 Kings,4,36,גיחזי,nmpr,pers,A:person-candidate,Other Tanakh
197242,1423946,465350,2 Kings,4,36,אל,prep,,C:divine-title-candidate,Other Tanakh
197251,1423946,465352,2 Kings,4,36,אל,prep,,C:divine-title-candidate,Other Tanakh
197272,1423948,465360,2 Kings,4,38,אלישע,nmpr,pers,A:person-candidate,Other Tanakh
197275,1423948,465360,2 Kings,4,38,גלגל,nmpr,topo,F:unclassified-name,Other Tanakh
197308,1423949,465366,2 Kings,4,39,אל,prep,,C:divine-title-candidate,Other Tanakh
197329,1423949,465371,2 Kings,4,39,אל,prep,,C:divine-title-candidate,Other Tanakh
197360,1423950,465380,2 Kings,4,40,אלהים,subs,,D:Elohim,Other Tanakh
197373,1423951,465385,2 Kings,4,41,אל,prep,,C:divine-title-candidate,Other Tanakh
197396,1423952,465390,2 Kings,4,42,בעל שלשה,nmpr,topo,F:unclassified-name,Other Tanakh
197402,1423952,465391,2 Kings,4,42,אלהים,subs,,D:Elohim,Other Tanakh
197441,1423953,465400,2 Kings,4,43,יהוה,nmpr,pers,E:YHWH,Other Tanakh
197455,1423954,465405,2 Kings,4,44,יהוה,nmpr,pers,E:YHWH,Other Tanakh
197457,1423955,465406,2 Kings,5,1,נעמן,nmpr,pers,A:person-candidate,Other Tanakh
197460,1423955,465406,2 Kings,5,1,מלך,subs,,B:deity-candidate,Other Tanakh
197461,1423955,465406,2 Kings,5,1,ארם,nmpr,topo,F:unclassified-name,Other Tanakh
197474,1423955,465408,2 Kings,5,1,יהוה,nmpr,pers,E:YHWH,Other Tanakh
197477,1423955,465408,2 Kings,5,1,ארם,nmpr,topo,F:unclassified-name,Other Tanakh
197486,1423956,465411,2 Kings,5,2,ארם,nmpr,topo,F:unclassified-name,Other Tanakh
197493,1423956,465412,2 Kings,5,2,ישראל,nmpr,"pers,gens,topo",F:unclassified-name,Other Tanakh
197501,1423956,465413,2 Kings,5,2,נעמן,nmpr,pers,A:person-candidate,Other Tanakh
197504,1423957,465414,2 Kings,5,3,אל,prep,,C:divine-title-candidate,Other Tanakh
197514,1423957,465416,2 Kings,5,3,שמרון,nmpr,topo,F:unclassified-name,Other Tanakh
197539,1423958,465422,2 Kings,5,4,ישראל,nmpr,"pers,gens,topo",F:unclassified-name,Other Tanakh
197542,1423959,465423,2 Kings,5,5,מלך,subs,,B:deity-candidate,Other Tanakh
197543,1423959,465423,2 Kings,5,5,ארם,nmpr,topo,F:unclassified-name,Other Tanakh
197549,1423959,465426,2 Kings,5,5,אל,prep,,C:divine-title-candidate,Other Tanakh
197550,1423959,465426,2 Kings,5,5,מלך,subs,,B:deity-candidate,Other Tanakh
197551,1423959,465426,2 Kings,5,5,ישראל,nmpr,"pers,gens,topo",F:unclassified-name,Other Tanakh
197573,1423960,465429,2 Kings,5,6,אל,prep,,C:divine-title-candidate,Other Tanakh
197574,1423960,465429,2 Kings,5,6,מלך,subs,,B:deity-candidate,Other Tanakh
197575,1423960,465429,2 Kings,5,6,ישראל,nmpr,"pers,gens,topo",F:unclassified-name,Other Tanakh
197586,1423960,465432,2 Kings,5,6,אל,prep,,C:divine-title-candidate,Other Tanakh
197589,1423960,465433,2 Kings,5,6,אל,prep,,C:divine-title-candidate,Other Tanakh
197591,1423960,465433,2 Kings,5,6,נעמן,nmpr,pers,A:person-candidate,Other Tanakh
197601,1423961,465436,2 Kings,5,7,מלך,subs,,B:deity-candidate,Other Tanakh
197602,1423961,465436,2 Kings,5,7,ישראל,nmpr,"pers,gens,topo",F:unclassified-name,Other Tanakh
197612,1423961,465439,2 Kings,5,7,אלהים,subs,,D:Elohim,Other Tanakh
197622,1423961,465442,2 Kings,5,7,אל,prep,,C:divine-title-candidate,Other Tanakh
197642,1423962,465448,2 Kings,5,8,אלישע,nmpr,pers,A:person-candidate,Other Tanakh
197645,1423962,465448,2 Kings,5,8,אלהים,subs,,D:Elohim,Other Tanakh
197648,1423962,465449,2 Kings,5,8,מלך,subs,,B:deity-candidate,Other Tanakh
197649,1423962,465449,2 Kings,5,8,ישראל,nmpr,"pers,gens,topo",F:unclassified-name,Other Tanakh
197654,1423962,465450,2 Kings,5,8,אל,prep,,C:divine-title-candidate,Other Tanakh
197656,1423962,465450,2 Kings,5,8,מלך,subs,,B:deity-candidate,Other Tanakh
197664,1423962,465453,2 Kings,5,8,אל,prep,,C:divine-title-candidate,Other Tanakh
197671,1423962,465455,2 Kings,5,8,ישראל,nmpr,"pers,gens,topo",F:unclassified-name,Other Tanakh
197674,1423963,465456,2 Kings,5,9,נעמן,nmpr,pers,A:person-candidate,Other Tanakh
197686,1423963,465457,2 Kings,5,9,אלישע,nmpr,pers,A:person-candidate,Other Tanakh
197689,1423964,465458,2 Kings,5,10,אל,prep,,C:divine-title-candidate,Other Tanakh
197690,1423964,465458,2 Kings,5,10,אלישע,nmpr,pers,A:person-candidate,Other Tanakh
197701,1423964,465461,2 Kings,5,10,ירדן,nmpr,topo,F:unclassified-name,Other Tanakh
197710,1423965,465464,2 Kings,5,11,נעמן,nmpr,pers,A:person-candidate,Other Tanakh
197717,1423965,465467,2 Kings,5,11,אל,prep,,C:divine-title-candidate,Other Tanakh
197726,1423965,465470,2 Kings,5,11,יהוה,nmpr,pers,E:YHWH,Other Tanakh
197727,1423965,465470,2 Kings,5,11,אלהים,subs,,D:Elohim,Other Tanakh
197731,1423965,465471,2 Kings,5,11,אל,prep,,C:divine-title-candidate,Other Tanakh
197741,1423966,465473,2 Kings,5,12,אמנה,nmpr,topo,F:unclassified-name,Other Tanakh
197743,1423966,465473,2 Kings,5,12,פרפר,nmpr,topo,F:unclassified-name,Other Tanakh
197745,1423966,465473,2 Kings,5,12,דמשק,nmpr,topo,F:unclassified-name,Other Tanakh
197749,1423966,465473,2 Kings,5,12,ישראל,nmpr,"pers,gens,topo",F:unclassified-name,Other Tanakh
197767,1423967,465479,2 Kings,5,13,אל,prep,,C:divine-title-candidate,Other Tanakh
197776,1423967,465482,2 Kings,5,13,אל,prep,,C:divine-title-candidate,Other Tanakh
197784,1423967,465484,2 Kings,5,13,אל,prep,,C:divine-title-candidate,Other Tanakh
197794,1423968,465488,2 Kings,5,14,ירדן,nmpr,topo,F:unclassified-name,Other Tanakh
197801,1423968,465488,2 Kings,5,14,אלהים,subs,,D:Elohim,Other Tanakh
197813,1423969,465491,2 Kings,5,15,אל,prep,,C:divine-title-candidate,Other Tanakh
197816,1423969,465491,2 Kings,5,15,אלהים,subs,,D:Elohim,Other Tanakh
197834,1423969,465496,2 Kings,5,15,אלהים,subs,,D:Elohim,Other Tanakh
197842,1423969,465497,2 Kings,5,15,ישראל,nmpr,"pers,gens,topo",F:unclassified-name,Other Tanakh
197854,1423970,465501,2 Kings,5,16,יהוה,nmpr,pers,E:YHWH,Other Tanakh
197870,1423971,465507,2 Kings,5,17,נעמן,nmpr,pers,A:person-candidate,Other Tanakh
197890,1423971,465510,2 Kings,5,17,אלהים,subs,,D:Elohim,Other Tanakh
197895,1423971,465511,2 Kings,5,17,יהוה,nmpr,pers,E:YHWH,Other Tanakh
197902,1423972,465512,2 Kings,5,18,יהוה,nmpr,pers,E:YHWH,Other Tanakh
197909,1423972,465513,2 Kings,5,18,רמון,nmpr,"pers,god",B:deity-candidate,Other Tanakh
197921,1423972,465516,2 Kings,5,18,רמון,nmpr,"pers,god",B:deity-candidate,Other Tanakh
197925,1423972,465517,2 Kings,5,18,רמון,nmpr,"pers,god",B:deity-candidate,Other Tanakh
197927,1423972,465518,2 Kings,5,18,יהוה,nmpr,pers,E:YHWH,Other Tanakh
197949,1423974,465522,2 Kings,5,20,גיחזי,nmpr,pers,A:person-candidate,Other Tanakh
197951,1423974,465522,2 Kings,5,20,אלישע,nmpr,pers,A:person-candidate,Other Tanakh
197954,1423974,465522,2 Kings,5,20,אלהים,subs,,D:Elohim,Other Tanakh
197959,1423974,465523,2 Kings,5,20,נעמן,nmpr,pers,A:person-candidate,Other Tanakh
197972,1423974,465526,2 Kings,5,20,יהוה,nmpr,pers,E:YHWH,Other Tanakh
197984,1423975,465529,2 Kings,5,21,גיחזי,nmpr,pers,A:person-candidate,Other Tanakh
197986,1423975,465529,2 Kings,5,21,נעמן,nmpr,pers,A:person-candidate,Other Tanakh
197989,1423975,465530,2 Kings,5,21,נעמן,nmpr,pers,A:person-candidate,Other Tanakh
198015,1423976,465540,2 Kings,5,22,אל,prep,,C:divine-title-candidate,Other Tanakh
198020,1423976,465540,2 Kings,5,22,אפרים,nmpr,"pers,gens,topo",F:unclassified-name,Other Tanakh
198036,1423977,465542,2 Kings,5,23,נעמן,nmpr,pers,A:person-candidate,Other Tanakh
198056,1423977,465547,2 Kings,5,23,אל,prep,,C:divine-title-candidate,Other Tanakh
198065,1423978,465549,2 Kings,5,24,אל,prep,,C:divine-title-candidate,Other Tanakh
198067,1423978,465549,2 Kings,5,24,עפל,nmpr,topo,F:unclassified-name,Other Tanakh
198089,1423979,465555,2 Kings,5,25,אל,prep,,C:divine-title-candidate,Other Tanakh
198093,1423979,465556,2 Kings,5,25,אל,prep,,C:divine-title-candidate,Other Tanakh
198094,1423979,465556,2 Kings,5,25,אלישע,nmpr,pers,A:person-candidate,Other Tanakh
198097,1423979,465558,2 Kings,5,25,גיחזי,nmpr,pers,A:person-candidate,Other Tanakh
198108,1423980,465561,2 Kings,5,26,אל,prep,,C:divine-title-candidate,Other Tanakh
198146,1423981,465568,2 Kings,5,27,נעמן,nmpr,pers,A:person-candidate,Other Tanakh
198168,1423982,465571,2 Kings,6,1,אל,prep,,C:divine-title-candidate,Other Tanakh
198169,1423982,465571,2 Kings,6,1,אלישע,nmpr,pers,A:person-candidate,Other Tanakh
198186,1423983,465574,2 Kings,6,2,ירדן,nmpr,topo,F:unclassified-name,Other Tanakh
198225,1423985,465587,2 Kings,6,4,ירדן,nmpr,topo,F:unclassified-name,Other Tanakh
198242,1423986,465591,2 Kings,6,5,אל,prep,,C:divine-title-candidate,Other Tanakh
198258,1423987,465596,2 Kings,6,6,אלהים,subs,,D:Elohim,Other Tanakh
198286,1423989,465606,2 Kings,6,8,מלך,subs,,B:deity-candidate,Other Tanakh
198287,1423989,465606,2 Kings,6,8,ארם,nmpr,topo,F:unclassified-name,Other Tanakh
198291,1423989,465606,2 Kings,6,8,ישראל,nmpr,"pers,gens,topo",F:unclassified-name,Other Tanakh
198294,1423989,465607,2 Kings,6,8,אל,prep,,C:divine-title-candidate,Other Tanakh
198298,1423989,465609,2 Kings,6,8,אל,prep,,C:divine-title-candidate,Other Tanakh
198307,1423990,465610,2 Kings,6,9,אלהים,subs,,D:Elohim,Other Tanakh
198308,1423990,465610,2 Kings,6,9,אל,prep,,C:divine-title-candidate,Other Tanakh
198309,1423990,465610,2 Kings,6,9,מלך,subs,,B:deity-candidate,Other Tanakh
198310,1423990,465610,2 Kings,6,9,ישראל,nmpr,"pers,gens,topo",F:unclassified-name,Other Tanakh
198322,1423990,465614,2 Kings,6,9,ארם,nmpr,topo,F:unclassified-name,Other Tanakh
198326,1423991,465615,2 Kings,6,10,מלך,subs,,B:deity-candidate,Other Tanakh
198327,1423991,465615,2 Kings,6,10,ישראל,nmpr,"pers,gens,topo",F:unclassified-name,Other Tanakh
198328,1423991,465615,2 Kings,6,10,אל,prep,,C:divine-title-candidate,Other Tanakh
198336,1423991,465616,2 Kings,6,10,אלהים,subs,,D:Elohim,Other Tanakh
198350,1423992,465621,2 Kings,6,11,מלך,subs,,B:deity-candidate,Other Tanakh
198351,1423992,465621,2 Kings,6,11,ארם,nmpr,topo,F:unclassified-name,Other Tanakh
198359,1423992,465622,2 Kings,6,11,אל,prep,,C:divine-title-candidate,Other Tanakh
198363,1423992,465623,2 Kings,6,11,אל,prep,,C:divine-title-candidate,Other Tanakh
198372,1423992,465625,2 Kings,6,11,אל,prep,,C:divine-title-candidate,Other Tanakh
198373,1423992,465625,2 Kings,6,11,מלך,subs,,B:deity-candidate,Other Tanakh
198374,1423992,465625,2 Kings,6,11,ישראל,nmpr,"pers,gens,topo",F:unclassified-name,Other Tanakh
198383,1423993,465629,2 Kings,6,12,מלך,subs,,B:deity-candidate,Other Tanakh
198385,1423993,465630,2 Kings,6,12,אלישע,nmpr,pers,A:person-candidate,Other Tanakh
198390,1423993,465631,2 Kings,6,12,ישראל,nmpr,"pers,gens,topo",F:unclassified-name,Other Tanakh
198393,1423993,465630,2 Kings,6,12,מלך,subs,,B:deity-candidate,Other Tanakh
198394,1423993,465630,2 Kings,6,12,ישראל,nmpr,"pers,gens,topo",F:unclassified-name,Other Tanakh
198421,1423994,465641,2 Kings,6,13,דתן,nmpr,topo,F:unclassified-name,Other Tanakh
198444,1423996,465645,2 Kings,6,15,אלהים,subs,,D:Elohim,Other Tanakh
198463,1423996,465649,2 Kings,6,15,אל,prep,,C:divine-title-candidate,Other Tanakh
198470,1423997,465653,2 Kings,6,16,אל,nega,,C:divine-title-candidate,Other Tanakh
198481,1423998,465657,2 Kings,6,17,אלישע,nmpr,pers,A:person-candidate,Other Tanakh
198484,1423998,465659,2 Kings,6,17,יהוה,nmpr,pers,E:YHWH,Other Tanakh
198493,1423998,465662,2 Kings,6,17,יהוה,nmpr,pers,E:YHWH,Other Tanakh
198510,1423998,465664,2 Kings,6,17,אלישע,nmpr,pers,A:person-candidate,Other Tanakh
198513,1423999,465665,2 Kings,6,18,אל,prep,,C:divine-title-candidate,Other Tanakh
198516,1423999,465666,2 Kings,6,18,אלישע,nmpr,pers,A:person-candidate,Other Tanakh
198517,1423999,465666,2 Kings,6,18,אל,prep,,C:divine-title-candidate,Other Tanakh
198518,1423999,465666,2 Kings,6,18,יהוה,nmpr,pers,E:YHWH,Other Tanakh
198538,1423999,465669,2 Kings,6,18,אלישע,nmpr,pers,A:person-candidate,Other Tanakh
198541,1424000,465670,2 Kings,6,19,אל,prep,,C:divine-title-candidate,Other Tanakh
198542,1424000,465670,2 Kings,6,19,אלישע,nmpr,pers,A:person-candidate,Other Tanakh
198557,1424000,465674,2 Kings,6,19,אל,prep,,C:divine-title-candidate,Other Tanakh
198565,1424000,465676,2 Kings,6,19,שמרון,nmpr,topo,F:unclassified-name,Other Tanakh
198570,1424001,465678,2 Kings,6,20,שמרון,nmpr,topo,F:unclassified-name,Other Tanakh
198573,1424001,465679,2 Kings,6,20,אלישע,nmpr,pers,A:person-candidate,Other Tanakh
198574,1424001,465680,2 Kings,6,20,יהוה,nmpr,pers,E:YHWH,Other Tanakh
198583,1424001,465683,2 Kings,6,20,יהוה,nmpr,pers,E:YHWH,Other Tanakh
198592,1424001,465685,2 Kings,6,20,שמרון,nmpr,topo,F:unclassified-name,Other Tanakh
198595,1424002,465686,2 Kings,6,21,מלך,subs,,B:deity-candidate,Other Tanakh
198596,1424002,465686,2 Kings,6,21,ישראל,nmpr,"pers,gens,topo",F:unclassified-name,Other Tanakh
198597,1424002,465686,2 Kings,6,21,אל,prep,,C:divine-title-candidate,Other Tanakh
198598,1424002,465686,2 Kings,6,21,אלישע,nmpr,pers,A:person-candidate,Other Tanakh
198632,1424003,465698,2 Kings,6,22,אל,prep,,C:divine-title-candidate,Other Tanakh
198647,1424004,465703,2 Kings,6,23,אל,prep,,C:divine-title-candidate,Other Tanakh
198654,1424004,465704,2 Kings,6,23,ארם,nmpr,topo,F:unclassified-name,Other Tanakh
198659,1424004,465705,2 Kings,6,23,ישראל,nmpr,"pers,gens,topo",F:unclassified-name,Other Tanakh
198666,1424005,465707,2 Kings,6,24,בן הדד,nmpr,pers,A:person-candidate,Other Tanakh
198667,1424005,465707,2 Kings,6,24,מלך,subs,,B:deity-candidate,Other Tanakh
198668,1424005,465707,2 Kings,6,24,ארם,nmpr,topo,F:unclassified-name,Other Tanakh
198677,1424005,465709,2 Kings,6,24,שמרון,nmpr,topo,F:unclassified-name,Other Tanakh
198683,1424006,465710,2 Kings,6,25,שמרון,nmpr,topo,F:unclassified-name,Other Tanakh
198705,1424007,465715,2 Kings,6,26,מלך,subs,,B:deity-candidate,Other Tanakh
198706,1424007,465715,2 Kings,6,26,ישראל,nmpr,"pers,gens,topo",F:unclassified-name,Other Tanakh
198714,1424007,465716,2 Kings,6,26,אל,prep,,C:divine-title-candidate,Other Tanakh
198720,1424007,465719,2 Kings,6,26,מלך,subs,,B:deity-candidate,Other Tanakh
198723,1424008,465721,2 Kings,6,27,אל,nega,,C:divine-title-candidate,Other Tanakh
198725,1424008,465721,2 Kings,6,27,יהוה,nmpr,pers,E:YHWH,Other Tanakh
198741,1424009,465724,2 Kings,6,28,מלך,subs,,B:deity-candidate,Other Tanakh
198751,1424009,465727,2 Kings,6,28,אל,prep,,C:divine-title-candidate,Other Tanakh
198772,1424010,465733,2 Kings,6,29,אל,prep,,C:divine-title-candidate,Other Tanakh
198792,1424011,465738,2 Kings,6,30,מלך,subs,,B:deity-candidate,Other Tanakh
198824,1424012,465744,2 Kings,6,31,אלהים,subs,,D:Elohim,Other Tanakh
198831,1424012,465746,2 Kings,6,31,אלישע,nmpr,pers,A:person-candidate,Other Tanakh
198833,1424012,465746,2 Kings,6,31,שפט,nmpr,pers,A:person-candidate,Other Tanakh
198838,1424013,465747,2 Kings,6,32,אלישע,nmpr,pers,A:person-candidate,Other Tanakh
198858,1424013,465750,2 Kings,6,32,אל,prep,,C:divine-title-candidate,Other Tanakh
198862,1424013,465751,2 Kings,6,32,אל,prep,,C:divine-title-candidate,Other Tanakh
198906,1424014,465761,2 Kings,6,33,אל,prep,,C:divine-title-candidate,Other Tanakh
198915,1424014,465764,2 Kings,6,33,יהוה,nmpr,pers,E:YHWH,Other Tanakh
198919,1424014,465765,2 Kings,6,33,יהוה,nmpr,pers,E:YHWH,Other Tanakh
198923,1424015,465766,2 Kings,7,1,אלישע,nmpr,pers,A:person-candidate,Other Tanakh
198926,1424015,465767,2 Kings,7,1,יהוה,nmpr,pers,E:YHWH,Other Tanakh
198929,1424015,465768,2 Kings,7,1,יהוה,nmpr,pers,E:YHWH,Other Tanakh
198945,1424015,465770,2 Kings,7,1,שמרון,nmpr,topo,F:unclassified-name,Other Tanakh
198953,1424016,465772,2 Kings,7,2,מלך,subs,,B:deity-candidate,Other Tanakh
198960,1424016,465771,2 Kings,7,2,אלהים,subs,,D:Elohim,Other Tanakh
198964,1424016,465775,2 Kings,7,2,יהוה,nmpr,pers,E:YHWH,Other Tanakh
198998,1424017,465784,2 Kings,7,3,אל,prep,,C:divine-title-candidate,Other Tanakh
199031,1424018,465795,2 Kings,7,4,אל,prep,,C:divine-title-candidate,Other Tanakh
199033,1424018,465795,2 Kings,7,4,ארם,nmpr,topo,F:unclassified-name,Other Tanakh
199049,1424019,465801,2 Kings,7,5,אל,prep,,C:divine-title-candidate,Other Tanakh
199051,1424019,465801,2 Kings,7,5,ארם,nmpr,topo,F:unclassified-name,Other Tanakh
199057,1424019,465802,2 Kings,7,5,ארם,nmpr,topo,F:unclassified-name,Other Tanakh
199064,1424020,465804,2 Kings,7,6,אדני,nmpr,pers,C:divine-title-candidate,Other Tanakh
199068,1424020,465804,2 Kings,7,6,ארם,nmpr,topo,F:unclassified-name,Other Tanakh
199079,1424020,465806,2 Kings,7,6,אל,prep,,C:divine-title-candidate,Other Tanakh
199084,1424020,465807,2 Kings,7,6,מלך,subs,,B:deity-candidate,Other Tanakh
199085,1424020,465807,2 Kings,7,6,ישראל,nmpr,"pers,gens,topo",F:unclassified-name,Other Tanakh
199087,1424020,465807,2 Kings,7,6,מלך,subs,,B:deity-candidate,Other Tanakh
199092,1424020,465807,2 Kings,7,6,מלך,subs,,B:deity-candidate,Other Tanakh
199093,1424020,465807,2 Kings,7,6,מצרים,nmpr,topo,F:unclassified-name,Other Tanakh
199121,1424021,465813,2 Kings,7,7,אל,prep,,C:divine-title-candidate,Other Tanakh
199135,1424022,465815,2 Kings,7,8,אל,prep,,C:divine-title-candidate,Other Tanakh
199159,1424022,465822,2 Kings,7,8,אל,prep,,C:divine-title-candidate,Other Tanakh
199173,1424023,465827,2 Kings,7,9,אל,prep,,C:divine-title-candidate,Other Tanakh
199207,1424023,465837,2 Kings,7,9,מלך,subs,,B:deity-candidate,Other Tanakh
199212,1424024,465839,2 Kings,7,10,אל,prep,,C:divine-title-candidate,Other Tanakh
199222,1424024,465842,2 Kings,7,10,אל,prep,,C:divine-title-candidate,Other Tanakh
199224,1424024,465842,2 Kings,7,10,ארם,nmpr,topo,F:unclassified-name,Other Tanakh
199255,1424025,465848,2 Kings,7,11,מלך,subs,,B:deity-candidate,Other Tanakh
199260,1424026,465849,2 Kings,7,12,מלך,subs,,B:deity-candidate,Other Tanakh
199264,1424026,465850,2 Kings,7,12,אל,prep,,C:divine-title-candidate,Other Tanakh
199273,1424026,465852,2 Kings,7,12,ארם,nmpr,topo,F:unclassified-name,Other Tanakh
199299,1424026,465860,2 Kings,7,12,אל,prep,,C:divine-title-candidate,Other Tanakh
199326,1424027,465865,2 Kings,7,13,ישראל,nmpr,"pers,gens,topo",F:unclassified-name,Other Tanakh
199334,1424027,465867,2 Kings,7,13,ישראל,nmpr,"pers,gens,topo",F:unclassified-name,Other Tanakh
199349,1424028,465872,2 Kings,7,14,מלך,subs,,B:deity-candidate,Other Tanakh
199352,1424028,465872,2 Kings,7,14,ארם,nmpr,topo,F:unclassified-name,Other Tanakh
199363,1424029,465876,2 Kings,7,15,ירדן,nmpr,topo,F:unclassified-name,Other Tanakh
199375,1424029,465878,2 Kings,7,15,ארם,nmpr,topo,F:unclassified-name,Other Tanakh
199386,1424029,465881,2 Kings,7,15,מלך,subs,,B:deity-candidate,Other Tanakh
199395,1424030,465883,2 Kings,7,16,ארם,nmpr,topo,F:unclassified-name,Other Tanakh
199409,1424030,465885,2 Kings,7,16,יהוה,nmpr,pers,E:YHWH,Other Tanakh
199412,1424031,465886,2 Kings,7,17,מלך,subs,,B:deity-candidate,Other Tanakh
199438,1424031,465890,2 Kings,7,17,אלהים,subs,,D:Elohim,Other Tanakh
199444,1424031,465892,2 Kings,7,17,מלך,subs,,B:deity-candidate,Other Tanakh
199445,1424031,465892,2 Kings,7,17,אל,prep,,C:divine-title-candidate,Other Tanakh
199452,1424032,465894,2 Kings,7,18,אלהים,subs,,D:Elohim,Other Tanakh
199453,1424032,465894,2 Kings,7,18,אל,prep,,C:divine-title-candidate,Other Tanakh
199455,1424032,465894,2 Kings,7,18,מלך,subs,,B:deity-candidate,Other Tanakh
199474,1424032,465897,2 Kings,7,18,שמרון,nmpr,topo,F:unclassified-name,Other Tanakh
199482,1424033,465898,2 Kings,7,19,אלהים,subs,,D:Elohim,Other Tanakh
199487,1424033,465900,2 Kings,7,19,יהוה,nmpr,pers,E:YHWH,Other Tanakh
199526,1424035,465908,2 Kings,8,1,אלישע,nmpr,pers,A:person-candidate,Other Tanakh
199528,1424035,465908,2 Kings,8,1,אל,prep,,C:divine-title-candidate,Other Tanakh
199550,1424035,465915,2 Kings,8,1,יהוה,nmpr,pers,E:YHWH,Other Tanakh
199557,1424035,465916,2 Kings,8,1,אל,prep,,C:divine-title-candidate,Other Tanakh
199572,1424036,465918,2 Kings,8,2,אלהים,subs,,D:Elohim,Other Tanakh
199602,1424037,465924,2 Kings,8,3,אל,prep,,C:divine-title-candidate,Other Tanakh
199604,1424037,465924,2 Kings,8,3,מלך,subs,,B:deity-candidate,Other Tanakh
199605,1424037,465924,2 Kings,8,3,אל,prep,,C:divine-title-candidate,Other Tanakh
199608,1424037,465924,2 Kings,8,3,אל,prep,,C:divine-title-candidate,Other Tanakh
199612,1424038,465925,2 Kings,8,4,מלך,subs,,B:deity-candidate,Other Tanakh
199614,1424038,465925,2 Kings,8,4,אל,prep,,C:divine-title-candidate,Other Tanakh
199615,1424038,465925,2 Kings,8,4,גיחזי,nmpr,pers,A:person-candidate,Other Tanakh
199619,1424038,465925,2 Kings,8,4,אלהים,subs,,D:Elohim,Other Tanakh
199631,1424038,465928,2 Kings,8,4,אלישע,nmpr,pers,A:person-candidate,Other Tanakh
199638,1424039,465930,2 Kings,8,5,מלך,subs,,B:deity-candidate,Other Tanakh
199654,1424039,465932,2 Kings,8,5,אל,prep,,C:divine-title-candidate,Other Tanakh
199656,1424039,465932,2 Kings,8,5,מלך,subs,,B:deity-candidate,Other Tanakh
199664,1424039,465934,2 Kings,8,5,גיחזי,nmpr,pers,A:person-candidate,Other Tanakh
199667,1424039,465935,2 Kings,8,5,מלך,subs,,B:deity-candidate,Other Tanakh
199676,1424039,465938,2 Kings,8,5,אלישע,nmpr,pers,A:person-candidate,Other Tanakh
199680,1424040,465939,2 Kings,8,6,מלך,subs,,B:deity-candidate,Other Tanakh
199691,1424040,465941,2 Kings,8,6,מלך,subs,,B:deity-candidate,Other Tanakh
199718,1424041,465946,2 Kings,8,7,אלישע,nmpr,pers,A:person-candidate,Other Tanakh
199719,1424041,465946,2 Kings,8,7,דמשק,nmpr,topo,F:unclassified-name,Other Tanakh
199721,1424041,465947,2 Kings,8,7,בן הדד,nmpr,pers,A:person-candidate,Other Tanakh
199722,1424041,465947,2 Kings,8,7,מלך,subs,,B:deity-candidate,Other Tanakh
199723,1424041,465947,2 Kings,8,7,ארם,nmpr,topo,F:unclassified-name,Other Tanakh
199733,1424041,465950,2 Kings,8,7,אלהים,subs,,D:Elohim,Other Tanakh
199739,1424042,465951,2 Kings,8,8,מלך,subs,,B:deity-candidate,Other Tanakh
199740,1424042,465951,2 Kings,8,8,אל,prep,,C:divine-title-candidate,Other Tanakh
199741,1424042,465951,2 Kings,8,8,חזאל,nmpr,pers,A:person-candidate,Other Tanakh
199752,1424042,465954,2 Kings,8,8,אלהים,subs,,D:Elohim,Other Tanakh
199756,1424042,465955,2 Kings,8,8,יהוה,nmpr,pers,E:YHWH,Other Tanakh
199768,1424043,465958,2 Kings,8,9,חזאל,nmpr,pers,A:person-candidate,Other Tanakh
199779,1424043,465961,2 Kings,8,9,דמשק,nmpr,topo,F:unclassified-name,Other Tanakh
199792,1424043,465965,2 Kings,8,9,בן הדד,nmpr,pers,A:person-candidate,Other Tanakh
199793,1424043,465965,2 Kings,8,9,מלך,subs,,B:deity-candidate,Other Tanakh
199794,1424043,465965,2 Kings,8,9,ארם,nmpr,topo,F:unclassified-name,Other Tanakh
199796,1424043,465965,2 Kings,8,9,אל,prep,,C:divine-title-candidate,Other Tanakh
199806,1424044,465968,2 Kings,8,10,אל,prep,,C:divine-title-candidate,Other Tanakh
199807,1424044,465968,2 Kings,8,10,אלישע,nmpr,pers,A:person-candidate,Other Tanakh
199815,1424044,465972,2 Kings,8,10,יהוה,nmpr,pers,E:YHWH,Other Tanakh
199831,1424045,465977,2 Kings,8,11,אלהים,subs,,D:Elohim,Other Tanakh
199834,1424046,465978,2 Kings,8,12,חזאל,nmpr,pers,A:person-candidate,Other Tanakh
199847,1424046,465982,2 Kings,8,12,ישראל,nmpr,"pers,gens,topo",F:unclassified-name,Other Tanakh
199868,1424047,465987,2 Kings,8,13,חזאל,nmpr,pers,A:person-candidate,Other Tanakh
199884,1424047,465990,2 Kings,8,13,אלישע,nmpr,pers,A:person-candidate,Other Tanakh
199886,1424047,465991,2 Kings,8,13,יהוה,nmpr,pers,E:YHWH,Other Tanakh
199888,1424047,465992,2 Kings,8,13,מלך,subs,,B:deity-candidate,Other Tanakh
199890,1424047,465992,2 Kings,8,13,ארם,nmpr,topo,F:unclassified-name,Other Tanakh
199895,1424048,465993,2 Kings,8,14,אלישע,nmpr,pers,A:person-candidate,Other Tanakh
199898,1424048,465994,2 Kings,8,14,אל,prep,,C:divine-title-candidate,Other Tanakh
199906,1424048,465996,2 Kings,8,14,אלישע,nmpr,pers,A:person-candidate,Other Tanakh
199933,1424049,466005,2 Kings,8,15,מלך,verb,,B:deity-candidate,Other Tanakh
199934,1424049,466005,2 Kings,8,15,חזאל,nmpr,pers,A:person-candidate,Other Tanakh
199941,1424050,466006,2 Kings,8,16,יורם,nmpr,pers,A:person-candidate,Other Tanakh
199943,1424050,466006,2 Kings,8,16,אחאב,nmpr,pers,A:person-candidate,Other Tanakh
199944,1424050,466006,2 Kings,8,16,מלך,subs,,B:deity-candidate,Other Tanakh
199945,1424050,466006,2 Kings,8,16,ישראל,nmpr,"pers,gens,topo",F:unclassified-name,Other Tanakh
199947,1424050,466007,2 Kings,8,16,יהושפט,nmpr,pers,A:person-candidate,Other Tanakh
199948,1424050,466007,2 Kings,8,16,מלך,subs,,B:deity-candidate,Other Tanakh
199949,1424050,466007,2 Kings,8,16,יהודה,nmpr,"pers,gens,topo",F:unclassified-name,Other Tanakh
199950,1424050,466006,2 Kings,8,16,מלך,verb,,B:deity-candidate,Other Tanakh
199951,1424050,466006,2 Kings,8,16,יהורם,nmpr,pers,A:person-candidate,Other Tanakh
199953,1424050,466006,2 Kings,8,16,יהושפט,nmpr,pers,A:person-candidate,Other Tanakh
199954,1424050,466006,2 Kings,8,16,מלך,subs,,B:deity-candidate,Other Tanakh
199955,1424050,466006,2 Kings,8,16,יהודה,nmpr,"pers,gens,topo",F:unclassified-name,Other Tanakh
199963,1424051,466009,2 Kings,8,17,מלך,verb,,B:deity-candidate,Other Tanakh
199967,1424051,466010,2 Kings,8,17,מלך,verb,,B:deity-candidate,Other Tanakh
199969,1424051,466010,2 Kings,8,17,ירושלם,nmpr,topo,F:unclassified-name,Other Tanakh
199974,1424052,466011,2 Kings,8,18,מלך,subs,,B:deity-candidate,Other Tanakh
199975,1424052,466011,2 Kings,8,18,ישראל,nmpr,"pers,gens,topo",F:unclassified-name,Other Tanakh
199980,1424052,466012,2 Kings,8,18,אחאב,nmpr,pers,A:person-candidate,Other Tanakh
199983,1424052,466013,2 Kings,8,18,אחאב,nmpr,pers,A:person-candidate,Other Tanakh
199994,1424052,466014,2 Kings,8,18,יהוה,nmpr,pers,E:YHWH,Other Tanakh
199998,1424053,466015,2 Kings,8,19,יהוה,nmpr,pers,E:YHWH,Other Tanakh
200002,1424053,466016,2 Kings,8,19,יהודה,nmpr,"pers,gens,topo",F:unclassified-name,Other Tanakh
200004,1424053,466016,2 Kings,8,19,דוד,nmpr,pers,A:person-candidate,Other Tanakh
200022,1424054,466020,2 Kings,8,20,אדום,nmpr,topo,F:unclassified-name,Other Tanakh
200026,1424054,466020,2 Kings,8,20,יהודה,nmpr,"pers,gens,topo",F:unclassified-name,Other Tanakh
200028,1424054,466021,2 Kings,8,20,מלך,verb,,B:deity-candidate,Other Tanakh
200030,1424054,466021,2 Kings,8,20,מלך,subs,,B:deity-candidate,Other Tanakh
200033,1424055,466022,2 Kings,8,21,יורם,nmpr,pers,A:person-candidate,Other Tanakh
200034,1424055,466022,2 Kings,8,21,צעיר,nmpr,topo,F:unclassified-name,Other Tanakh
200048,1424055,466026,2 Kings,8,21,אדום,nmpr,topo,F:unclassified-name,Other Tanakh
200051,1424055,466027,2 Kings,8,21,אל,prep,,C:divine-title-candidate,Other Tanakh
200065,1424056,466029,2 Kings,8,22,אדום,nmpr,topo,F:unclassified-name,Other Tanakh
200069,1424056,466029,2 Kings,8,22,יהודה,nmpr,"pers,gens,topo",F:unclassified-name,Other Tanakh
200077,1424056,466030,2 Kings,8,22,לבנה,nmpr,topo,F:unclassified-name,Other Tanakh
200086,1424057,466031,2 Kings,8,23,יורם,nmpr,pers,A:person-candidate,Other Tanakh
200101,1424057,466033,2 Kings,8,23,מלך,subs,,B:deity-candidate,Other Tanakh
200102,1424057,466033,2 Kings,8,23,יהודה,nmpr,"pers,gens,topo",F:unclassified-name,Other Tanakh
200105,1424058,466034,2 Kings,8,24,יורם,nmpr,pers,A:person-candidate,Other Tanakh
200114,1424058,466035,2 Kings,8,24,דוד,nmpr,pers,A:person-candidate,Other Tanakh
200116,1424058,466036,2 Kings,8,24,מלך,verb,,B:deity-candidate,Other Tanakh
200117,1424058,466036,2 Kings,8,24,אחזיהו,nmpr,pers,A:person-candidate,Other Tanakh
200126,1424059,466037,2 Kings,8,25,יורם,nmpr,pers,A:person-candidate,Other Tanakh
200128,1424059,466037,2 Kings,8,25,אחאב,nmpr,pers,A:person-candidate,Other Tanakh
200129,1424059,466037,2 Kings,8,25,מלך,subs,,B:deity-candidate,Other Tanakh
200130,1424059,466037,2 Kings,8,25,ישראל,nmpr,"pers,gens,topo",F:unclassified-name,Other Tanakh
200131,1424059,466037,2 Kings,8,25,מלך,verb,,B:deity-candidate,Other Tanakh
200132,1424059,466037,2 Kings,8,25,אחזיהו,nmpr,pers,A:person-candidate,Other Tanakh
200134,1424059,466037,2 Kings,8,25,יהורם,nmpr,pers,A:person-candidate,Other Tanakh
200135,1424059,466037,2 Kings,8,25,מלך,subs,,B:deity-candidate,Other Tanakh
200136,1424059,466037,2 Kings,8,25,יהודה,nmpr,"pers,gens,topo",F:unclassified-name,Other Tanakh
200142,1424060,466038,2 Kings,8,26,אחזיהו,nmpr,pers,A:person-candidate,Other Tanakh
200144,1424060,466039,2 Kings,8,26,מלך,verb,,B:deity-candidate,Other Tanakh
200148,1424060,466040,2 Kings,8,26,מלך,verb,,B:deity-candidate,Other Tanakh
200150,1424060,466040,2 Kings,8,26,ירושלם,nmpr,topo,F:unclassified-name,Other Tanakh
200154,1424060,466041,2 Kings,8,26,עתליהו,nmpr,pers,A:person-candidate,Other Tanakh
200156,1424060,466041,2 Kings,8,26,עמרי,nmpr,pers,A:person-candidate,Other Tanakh
200157,1424060,466041,2 Kings,8,26,מלך,subs,,B:deity-candidate,Other Tanakh
200158,1424060,466041,2 Kings,8,26,ישראל,nmpr,"pers,gens,topo",F:unclassified-name,Other Tanakh
200164,1424061,466042,2 Kings,8,27,אחאב,nmpr,pers,A:person-candidate,Other Tanakh
200171,1424061,466043,2 Kings,8,27,יהוה,nmpr,pers,E:YHWH,Other Tanakh
200174,1424061,466043,2 Kings,8,27,אחאב,nmpr,pers,A:person-candidate,Other Tanakh
200178,1424061,466044,2 Kings,8,27,אחאב,nmpr,pers,A:person-candidate,Other Tanakh
200183,1424062,466045,2 Kings,8,28,יורם,nmpr,pers,A:person-candidate,Other Tanakh
200185,1424062,466045,2 Kings,8,28,אחאב,nmpr,pers,A:person-candidate,Other Tanakh
200190,1424062,466045,2 Kings,8,28,חזאל,nmpr,pers,A:person-candidate,Other Tanakh
200191,1424062,466045,2 Kings,8,28,מלך,subs,,B:deity-candidate,Other Tanakh
200192,1424062,466045,2 Kings,8,28,ארם,nmpr,topo,F:unclassified-name,Other Tanakh
200194,1424062,466045,2 Kings,8,28,רמת,nmpr,topo,F:unclassified-name,Other Tanakh
200195,1424062,466045,2 Kings,8,28,גלעד,nmpr,topo,F:unclassified-name,Other Tanakh
200200,1424062,466046,2 Kings,8,28,יורם,nmpr,pers,A:person-candidate,Other Tanakh
200203,1424063,466047,2 Kings,8,29,יורם,nmpr,pers,A:person-candidate,Other Tanakh
200205,1424063,466047,2 Kings,8,29,מלך,subs,,B:deity-candidate,Other Tanakh
200209,1424063,466048,2 Kings,8,29,יזרעאל,nmpr,topo,F:unclassified-name,Other Tanakh
200218,1424063,466049,2 Kings,8,29,רמה,nmpr,topo,F:unclassified-name,Other Tanakh
200222,1424063,466050,2 Kings,8,29,חזאל,nmpr,pers,A:person-candidate,Other Tanakh
200223,1424063,466050,2 Kings,8,29,מלך,subs,,B:deity-candidate,Other Tanakh
200224,1424063,466050,2 Kings,8,29,ארם,nmpr,topo,F:unclassified-name,Other Tanakh
200226,1424063,466051,2 Kings,8,29,אחזיהו,nmpr,pers,A:person-candidate,Other Tanakh
200228,1424063,466051,2 Kings,8,29,יהורם,nmpr,pers,A:person-candidate,Other Tanakh
200229,1424063,466051,2 Kings,8,29,מלך,subs,,B:deity-candidate,Other Tanakh
200230,1424063,466051,2 Kings,8,29,יהודה,nmpr,"pers,gens,topo",F:unclassified-name,Other Tanakh
200235,1424063,466052,2 Kings,8,29,יורם,nmpr,pers,A:person-candidate,Other Tanakh
200237,1424063,466052,2 Kings,8,29,אחאב,nmpr,pers,A:person-candidate,Other Tanakh
200239,1424063,466052,2 Kings,8,29,יזרעאל,nmpr,topo,F:unclassified-name,Other Tanakh
200244,1424064,466054,2 Kings,9,1,אלישע,nmpr,pers,A:person-candidate,Other Tanakh
200270,1424064,466058,2 Kings,9,1,רמת,nmpr,topo,F:unclassified-name,Other Tanakh
200271,1424064,466058,2 Kings,9,1,גלעד,nmpr,topo,F:unclassified-name,Other Tanakh
200278,1424065,466060,2 Kings,9,2,יהוא,nmpr,pers,A:person-candidate,Other Tanakh
200280,1424065,466060,2 Kings,9,2,יהושפט,nmpr,pers,A:person-candidate,Other Tanakh
200282,1424065,466060,2 Kings,9,2,נמשי,nmpr,pers,A:person-candidate,Other Tanakh
200309,1424066,466067,2 Kings,9,3,יהוה,nmpr,pers,E:YHWH,Other Tanakh
200312,1424066,466068,2 Kings,9,3,מלך,subs,,B:deity-candidate,Other Tanakh
200313,1424066,466068,2 Kings,9,3,אל,prep,,C:divine-title-candidate,Other Tanakh
200314,1424066,466068,2 Kings,9,3,ישראל,nmpr,"pers,gens,topo",F:unclassified-name,Other Tanakh
200332,1424067,466072,2 Kings,9,4,רמת,nmpr,topo,F:unclassified-name,Other Tanakh
200333,1424067,466072,2 Kings,9,4,גלעד,nmpr,topo,F:unclassified-name,Other Tanakh
200346,1424068,466077,2 Kings,9,5,אל,prep,,C:divine-title-candidate,Other Tanakh
200351,1424068,466079,2 Kings,9,5,יהוא,nmpr,pers,A:person-candidate,Other Tanakh
200352,1424068,466080,2 Kings,9,5,אל,prep,,C:divine-title-candidate,Other Tanakh
200358,1424068,466082,2 Kings,9,5,אל,prep,,C:divine-title-candidate,Other Tanakh
200371,1424069,466086,2 Kings,9,6,אל,prep,,C:divine-title-candidate,Other Tanakh
200378,1424069,466088,2 Kings,9,6,יהוה,nmpr,pers,E:YHWH,Other Tanakh
200379,1424069,466088,2 Kings,9,6,אלהים,subs,,D:Elohim,Other Tanakh
200380,1424069,466088,2 Kings,9,6,ישראל,nmpr,"pers,gens,topo",F:unclassified-name,Other Tanakh
200383,1424069,466089,2 Kings,9,6,מלך,subs,,B:deity-candidate,Other Tanakh
200384,1424069,466089,2 Kings,9,6,אל,prep,,C:divine-title-candidate,Other Tanakh
200386,1424069,466089,2 Kings,9,6,יהוה,nmpr,pers,E:YHWH,Other Tanakh
200387,1424069,466089,2 Kings,9,6,אל,prep,,C:divine-title-candidate,Other Tanakh
200388,1424069,466089,2 Kings,9,6,ישראל,nmpr,"pers,gens,topo",F:unclassified-name,Other Tanakh
200393,1424070,466090,2 Kings,9,7,אחאב,nmpr,pers,A:person-candidate,Other Tanakh
200405,1424070,466091,2 Kings,9,7,יהוה,nmpr,pers,E:YHWH,Other Tanakh
200408,1424070,466091,2 Kings,9,7,איזבל,nmpr,pers,A:person-candidate,Other Tanakh
200413,1424071,466092,2 Kings,9,8,אחאב,nmpr,pers,A:person-candidate,Other Tanakh
200417,1424071,466093,2 Kings,9,8,אחאב,nmpr,pers,A:person-candidate,Other Tanakh
200426,1424071,466095,2 Kings,9,8,ישראל,nmpr,"pers,gens,topo",F:unclassified-name,Other Tanakh
200431,1424072,466096,2 Kings,9,9,אחאב,nmpr,pers,A:person-candidate,Other Tanakh
200434,1424072,466096,2 Kings,9,9,ירבעם,nmpr,pers,A:person-candidate,Other Tanakh
200436,1424072,466096,2 Kings,9,9,נבט,nmpr,pers,A:person-candidate,Other Tanakh
200440,1424072,466096,2 Kings,9,9,בעשא,nmpr,pers,A:person-candidate,Other Tanakh
200442,1424072,466096,2 Kings,9,9,אחיה,nmpr,pers,A:person-candidate,Other Tanakh
200445,1424073,466097,2 Kings,9,10,איזבל,nmpr,pers,A:person-candidate,Other Tanakh
200451,1424073,466097,2 Kings,9,10,יזרעאל,nmpr,topo,F:unclassified-name,Other Tanakh
200462,1424074,466101,2 Kings,9,11,יהוא,nmpr,pers,A:person-candidate,Other Tanakh
200464,1424074,466101,2 Kings,9,11,אל,prep,,C:divine-title-candidate,Other Tanakh
200478,1424074,466104,2 Kings,9,11,אל,prep,,C:divine-title-candidate,Other Tanakh
200481,1424074,466105,2 Kings,9,11,אל,prep,,C:divine-title-candidate,Other Tanakh
200504,1424075,466111,2 Kings,9,12,אל,prep,,C:divine-title-candidate,Other Tanakh
200509,1424075,466113,2 Kings,9,12,יהוה,nmpr,pers,E:YHWH,Other Tanakh
200512,1424075,466114,2 Kings,9,12,מלך,subs,,B:deity-candidate,Other Tanakh
200513,1424075,466114,2 Kings,9,12,אל,prep,,C:divine-title-candidate,Other Tanakh
200514,1424075,466114,2 Kings,9,12,ישראל,nmpr,"pers,gens,topo",F:unclassified-name,Other Tanakh
200524,1424076,466117,2 Kings,9,13,אל,prep,,C:divine-title-candidate,Other Tanakh
200535,1424076,466120,2 Kings,9,13,מלך,verb,,B:deity-candidate,Other Tanakh
200536,1424076,466120,2 Kings,9,13,יהוא,nmpr,pers,A:person-candidate,Other Tanakh
200539,1424077,466121,2 Kings,9,14,יהוא,nmpr,pers,A:person-candidate,Other Tanakh
200541,1424077,466121,2 Kings,9,14,יהושפט,nmpr,pers,A:person-candidate,Other Tanakh
200543,1424077,466121,2 Kings,9,14,נמשי,nmpr,pers,A:person-candidate,Other Tanakh
200544,1424077,466121,2 Kings,9,14,אל,prep,,C:divine-title-candidate,Other Tanakh
200545,1424077,466121,2 Kings,9,14,יורם,nmpr,pers,A:person-candidate,Other Tanakh
200547,1424077,466122,2 Kings,9,14,יורם,nmpr,pers,A:person-candidate,Other Tanakh
200551,1424077,466122,2 Kings,9,14,רמת,nmpr,topo,F:unclassified-name,Other Tanakh
200552,1424077,466122,2 Kings,9,14,גלעד,nmpr,topo,F:unclassified-name,Other Tanakh
200556,1424077,466123,2 Kings,9,14,ישראל,nmpr,"pers,gens,topo",F:unclassified-name,Other Tanakh
200559,1424077,466123,2 Kings,9,14,חזאל,nmpr,pers,A:person-candidate,Other Tanakh
200560,1424077,466123,2 Kings,9,14,מלך,subs,,B:deity-candidate,Other Tanakh
200561,1424077,466123,2 Kings,9,14,ארם,nmpr,topo,F:unclassified-name,Other Tanakh
200564,1424078,466124,2 Kings,9,15,יהורם,nmpr,pers,A:person-candidate,Other Tanakh
200566,1424078,466124,2 Kings,9,15,מלך,subs,,B:deity-candidate,Other Tanakh
200570,1424078,466125,2 Kings,9,15,יזרעאל,nmpr,topo,F:unclassified-name,Other Tanakh
200580,1424078,466127,2 Kings,9,15,חזאל,nmpr,pers,A:person-candidate,Other Tanakh
200581,1424078,466127,2 Kings,9,15,מלך,subs,,B:deity-candidate,Other Tanakh
200582,1424078,466127,2 Kings,9,15,ארם,nmpr,topo,F:unclassified-name,Other Tanakh
200585,1424078,466128,2 Kings,9,15,יהוא,nmpr,pers,A:person-candidate,Other Tanakh
200589,1424078,466130,2 Kings,9,15,אל,nega,,C:divine-title-candidate,Other Tanakh
200600,1424078,466132,2 Kings,9,15,יזרעאל,nmpr,topo,F:unclassified-name,Other Tanakh
200603,1424079,466133,2 Kings,9,16,יהוא,nmpr,pers,A:person-candidate,Other Tanakh
200606,1424079,466134,2 Kings,9,16,יזרעאל,nmpr,topo,F:unclassified-name,Other Tanakh
200608,1424079,466135,2 Kings,9,16,יורם,nmpr,pers,A:person-candidate,Other Tanakh
200612,1424079,466136,2 Kings,9,16,אחזיה,nmpr,pers,A:person-candidate,Other Tanakh
200613,1424079,466136,2 Kings,9,16,מלך,subs,,B:deity-candidate,Other Tanakh
200614,1424079,466136,2 Kings,9,16,יהודה,nmpr,"pers,gens,topo",F:unclassified-name,Other Tanakh
200619,1424079,466137,2 Kings,9,16,יורם,nmpr,pers,A:person-candidate,Other Tanakh
200628,1424080,466138,2 Kings,9,17,יזרעאל,nmpr,topo,F:unclassified-name,Other Tanakh
200633,1424080,466139,2 Kings,9,17,יהוא,nmpr,pers,A:person-candidate,Other Tanakh
200643,1424080,466143,2 Kings,9,17,יהורם,nmpr,pers,A:person-candidate,Other Tanakh
200666,1424081,466152,2 Kings,9,18,מלך,subs,,B:deity-candidate,Other Tanakh
200671,1424081,466154,2 Kings,9,18,יהוא,nmpr,pers,A:person-candidate,Other Tanakh
200678,1424081,466156,2 Kings,9,18,אל,prep,,C:divine-title-candidate,Other Tanakh
200701,1424082,466162,2 Kings,9,19,אל,prep,,C:divine-title-candidate,Other Tanakh
200707,1424082,466164,2 Kings,9,19,מלך,subs,,B:deity-candidate,Other Tanakh
200711,1424082,466166,2 Kings,9,19,יהוא,nmpr,pers,A:person-candidate,Other Tanakh
200718,1424082,466168,2 Kings,9,19,אל,prep,,C:divine-title-candidate,Other Tanakh
200728,1424083,466171,2 Kings,9,20,אל,prep,,C:divine-title-candidate,Other Tanakh
200737,1424083,466173,2 Kings,9,20,יהוא,nmpr,pers,A:person-candidate,Other Tanakh
200739,1424083,466173,2 Kings,9,20,נמשי,nmpr,pers,A:person-candidate,Other Tanakh
200746,1424084,466175,2 Kings,9,21,יהורם,nmpr,pers,A:person-candidate,Other Tanakh
200753,1424084,466178,2 Kings,9,21,יהורם,nmpr,pers,A:person-candidate,Other Tanakh
200754,1424084,466178,2 Kings,9,21,מלך,subs,,B:deity-candidate,Other Tanakh
200755,1424084,466178,2 Kings,9,21,ישראל,nmpr,"pers,gens,topo",F:unclassified-name,Other Tanakh
200757,1424084,466178,2 Kings,9,21,אחזיהו,nmpr,pers,A:person-candidate,Other Tanakh
200758,1424084,466178,2 Kings,9,21,מלך,subs,,B:deity-candidate,Other Tanakh
200759,1424084,466178,2 Kings,9,21,יהודה,nmpr,"pers,gens,topo",F:unclassified-name,Other Tanakh
200767,1424084,466181,2 Kings,9,21,יהוא,nmpr,pers,A:person-candidate,Other Tanakh
200772,1424084,466182,2 Kings,9,21,נבות,nmpr,pers,A:person-candidate,Other Tanakh
200779,1424085,466184,2 Kings,9,22,יהורם,nmpr,pers,A:person-candidate,Other Tanakh
200781,1424085,466184,2 Kings,9,22,יהוא,nmpr,pers,A:person-candidate,Other Tanakh
200786,1424085,466187,2 Kings,9,22,יהוא,nmpr,pers,A:person-candidate,Other Tanakh
200794,1424085,466189,2 Kings,9,22,איזבל,nmpr,pers,A:person-candidate,Other Tanakh
200802,1424086,466190,2 Kings,9,23,יהורם,nmpr,pers,A:person-candidate,Other Tanakh
200808,1424086,466192,2 Kings,9,23,אל,prep,,C:divine-title-candidate,Other Tanakh
200809,1424086,466192,2 Kings,9,23,אחזיהו,nmpr,pers,A:person-candidate,Other Tanakh
200811,1424086,466194,2 Kings,9,23,אחזיה,nmpr,pers,A:person-candidate,Other Tanakh
200813,1424087,466195,2 Kings,9,24,יהוא,nmpr,pers,A:person-candidate,Other Tanakh
200822,1424087,466196,2 Kings,9,24,יהורם,nmpr,pers,A:person-candidate,Other Tanakh
200837,1424088,466199,2 Kings,9,25,אל,prep,,C:divine-title-candidate,Other Tanakh
200838,1424088,466199,2 Kings,9,25,בדקר,nmpr,pers,A:person-candidate,Other Tanakh
200845,1424088,466201,2 Kings,9,25,נבות,nmpr,pers,A:person-candidate,Other Tanakh
200857,1424088,466203,2 Kings,9,25,אחאב,nmpr,pers,A:person-candidate,Other Tanakh
200860,1424088,466204,2 Kings,9,25,יהוה,nmpr,pers,E:YHWH,Other Tanakh
200872,1424089,466205,2 Kings,9,26,נבות,nmpr,pers,A:person-candidate,Other Tanakh
200880,1424089,466206,2 Kings,9,26,יהוה,nmpr,pers,E:YHWH,Other Tanakh
200890,1424089,466208,2 Kings,9,26,יהוה,nmpr,pers,E:YHWH,Other Tanakh
200900,1424089,466211,2 Kings,9,26,יהוה,nmpr,pers,E:YHWH,Other Tanakh
200902,1424090,466212,2 Kings,9,27,אחזיה,nmpr,pers,A:person-candidate,Other Tanakh
200903,1424090,466212,2 Kings,9,27,מלך,subs,,B:deity-candidate,Other Tanakh
200904,1424090,466212,2 Kings,9,27,יהודה,nmpr,"pers,gens,topo",F:unclassified-name,Other Tanakh
200909,1424090,466213,2 Kings,9,27,בית הגן,nmpr,topo,F:unclassified-name,Other Tanakh
200913,1424090,466214,2 Kings,9,27,יהוא,nmpr,pers,A:person-candidate,Other Tanakh
200919,1424090,466218,2 Kings,9,27,אל,prep,,C:divine-title-candidate,Other Tanakh
200923,1424090,466218,2 Kings,9,27,מעלה גור,nmpr,topo,F:unclassified-name,Other Tanakh
200926,1424090,466219,2 Kings,9,27,יבלעם,nmpr,topo,F:unclassified-name,Other Tanakh
200929,1424090,466220,2 Kings,9,27,מגדו,nmpr,topo,F:unclassified-name,Other Tanakh
200937,1424091,466222,2 Kings,9,28,ירושלם,nmpr,topo,F:unclassified-name,Other Tanakh
200947,1424091,466223,2 Kings,9,28,דוד,nmpr,pers,A:person-candidate,Other Tanakh
200955,1424092,466224,2 Kings,9,29,יורם,nmpr,pers,A:person-candidate,Other Tanakh
200957,1424092,466224,2 Kings,9,29,אחאב,nmpr,pers,A:person-candidate,Other Tanakh
200958,1424092,466224,2 Kings,9,29,מלך,verb,,B:deity-candidate,Other Tanakh
200959,1424092,466224,2 Kings,9,29,אחזיה,nmpr,pers,A:person-candidate,Other Tanakh
200961,1424092,466224,2 Kings,9,29,יהודה,nmpr,"pers,gens,topo",F:unclassified-name,Other Tanakh
200964,1424093,466225,2 Kings,9,30,יהוא,nmpr,pers,A:person-candidate,Other Tanakh
200965,1424093,466225,2 Kings,9,30,יזרעאל,nmpr,topo,F:unclassified-name,Other Tanakh
200967,1424093,466226,2 Kings,9,30,איזבל,nmpr,pers,A:person-candidate,Other Tanakh
200985,1424094,466230,2 Kings,9,31,יהוא,nmpr,pers,A:person-candidate,Other Tanakh
200994,1424094,466233,2 Kings,9,31,זמרי,nmpr,pers,A:person-candidate,Other Tanakh
201000,1424095,466234,2 Kings,9,32,אל,prep,,C:divine-title-candidate,Other Tanakh
201010,1424095,466238,2 Kings,9,32,אל,prep,,C:divine-title-candidate,Other Tanakh
201023,1424096,466242,2 Kings,9,33,אל,prep,,C:divine-title-candidate,Other Tanakh
201027,1424096,466242,2 Kings,9,33,אל,prep,,C:divine-title-candidate,Other Tanakh
201051,1424097,466250,2 Kings,9,34,מלך,subs,,B:deity-candidate,Other Tanakh
201080,1424099,466258,2 Kings,9,36,יהוה,nmpr,pers,E:YHWH,Other Tanakh
201087,1424099,466259,2 Kings,9,36,אליהו,nmpr,pers,A:person-candidate,Other Tanakh
201094,1424099,466261,2 Kings,9,36,יזרעאל,nmpr,topo,F:unclassified-name,Other Tanakh
201100,1424099,466261,2 Kings,9,36,איזבל,nmpr,pers,A:person-candidate,Other Tanakh
201104,1424100,466262,2 Kings,9,37,איזבל,nmpr,pers,A:person-candidate,Other Tanakh
201113,1424100,466262,2 Kings,9,37,יזרעאל,nmpr,topo,F:unclassified-name,Other Tanakh
201118,1424100,466264,2 Kings,9,37,איזבל,nmpr,pers,A:person-candidate,Other Tanakh
201121,1424101,466265,2 Kings,10,1,אחאב,nmpr,pers,A:person-candidate,Other Tanakh
201125,1424101,466265,2 Kings,10,1,שמרון,nmpr,topo,F:unclassified-name,Other Tanakh
201128,1424101,466266,2 Kings,10,1,יהוא,nmpr,pers,A:person-candidate,Other Tanakh
201132,1424101,466267,2 Kings,10,1,שמרון,nmpr,topo,F:unclassified-name,Other Tanakh
201133,1424101,466267,2 Kings,10,1,אל,prep,,C:divine-title-candidate,Other Tanakh
201135,1424101,466267,2 Kings,10,1,יזרעאל,nmpr,topo,F:unclassified-name,Other Tanakh
201139,1424101,466268,2 Kings,10,1,אל,prep,,C:divine-title-candidate,Other Tanakh
201142,1424101,466268,2 Kings,10,1,אחאב,nmpr,pers,A:person-candidate,Other Tanakh
201153,1424102,466271,2 Kings,10,2,אל,prep,,C:divine-title-candidate,Other Tanakh
201200,1424104,466279,2 Kings,10,4,מלך,subs,,B:deity-candidate,Other Tanakh
201226,1424105,466281,2 Kings,10,5,אל,prep,,C:divine-title-candidate,Other Tanakh
201227,1424105,466281,2 Kings,10,5,יהוא,nmpr,pers,A:person-candidate,Other Tanakh
201236,1424105,466288,2 Kings,10,5,אל,prep,,C:divine-title-candidate,Other Tanakh
201239,1424105,466289,2 Kings,10,5,מלך,verb,,B:deity-candidate,Other Tanakh
201248,1424106,466291,2 Kings,10,6,אל,prep,,C:divine-title-candidate,Other Tanakh
201269,1424106,466296,2 Kings,10,6,אל,prep,,C:divine-title-candidate,Other Tanakh
201274,1424106,466296,2 Kings,10,6,יזרעאל,nmpr,topo,F:unclassified-name,Other Tanakh
201278,1424106,466297,2 Kings,10,6,מלך,subs,,B:deity-candidate,Other Tanakh
201293,1424107,466300,2 Kings,10,7,אל,prep,,C:divine-title-candidate,Other Tanakh
201299,1424107,466301,2 Kings,10,7,מלך,subs,,B:deity-candidate,Other Tanakh
201310,1424107,466303,2 Kings,10,7,דוד,subs,,A:person-candidate,Other Tanakh
201313,1424107,466304,2 Kings,10,7,אל,prep,,C:divine-title-candidate,Other Tanakh
201314,1424107,466304,2 Kings,10,7,יזרעאל,nmpr,topo,F:unclassified-name,Other Tanakh
201328,1424108,466308,2 Kings,10,8,מלך,subs,,B:deity-candidate,Other Tanakh
201352,1424109,466314,2 Kings,10,9,אל,prep,,C:divine-title-candidate,Other Tanakh
201378,1424110,466320,2 Kings,10,10,יהוה,nmpr,pers,E:YHWH,Other Tanakh
201382,1424110,466321,2 Kings,10,10,יהוה,nmpr,pers,E:YHWH,Other Tanakh
201385,1424110,466321,2 Kings,10,10,אחאב,nmpr,pers,A:person-candidate,Other Tanakh
201387,1424110,466322,2 Kings,10,10,יהוה,nmpr,pers,E:YHWH,Other Tanakh
201395,1424110,466323,2 Kings,10,10,אליהו,nmpr,pers,A:person-candidate,Other Tanakh
201398,1424111,466324,2 Kings,10,11,יהוא,nmpr,pers,A:person-candidate,Other Tanakh
201405,1424111,466325,2 Kings,10,11,אחאב,nmpr,pers,A:person-candidate,Other Tanakh
201407,1424111,466325,2 Kings,10,11,יזרעאל,nmpr,topo,F:unclassified-name,Other Tanakh
201426,1424112,466329,2 Kings,10,12,שמרון,nmpr,topo,F:unclassified-name,Other Tanakh
201428,1424112,466330,2 Kings,10,12,בית עקד הרעים,nmpr,topo,F:unclassified-name,Other Tanakh
201433,1424113,466331,2 Kings,10,13,יהוא,nmpr,pers,A:person-candidate,Other Tanakh
201437,1424113,466331,2 Kings,10,13,אחזיהו,nmpr,pers,A:person-candidate,Other Tanakh
201438,1424113,466331,2 Kings,10,13,מלך,subs,,B:deity-candidate,Other Tanakh
201439,1424113,466331,2 Kings,10,13,יהודה,nmpr,"pers,gens,topo",F:unclassified-name,Other Tanakh
201447,1424113,466335,2 Kings,10,13,אחזיהו,nmpr,pers,A:person-candidate,Other Tanakh
201455,1424113,466336,2 Kings,10,13,מלך,subs,,B:deity-candidate,Other Tanakh
201469,1424114,466340,2 Kings,10,14,אל,prep,,C:divine-title-candidate,Other Tanakh
201471,1424114,466340,2 Kings,10,14,בית עקד,nmpr,topo,F:unclassified-name,Other Tanakh
201488,1424115,466343,2 Kings,10,15,יהונדב,nmpr,pers,A:person-candidate,Other Tanakh
201490,1424115,466343,2 Kings,10,15,רכב,nmpr,pers,A:person-candidate,Other Tanakh
201497,1424115,466346,2 Kings,10,15,אל,prep,,C:divine-title-candidate,Other Tanakh
201510,1424115,466349,2 Kings,10,15,יהונדב,nmpr,pers,A:person-candidate,Other Tanakh
201522,1424115,466354,2 Kings,10,15,אל,prep,,C:divine-title-candidate,Other Tanakh
201523,1424115,466354,2 Kings,10,15,אל,prep,,C:divine-title-candidate,Other Tanakh
201535,1424116,466357,2 Kings,10,16,יהוה,nmpr,pers,E:YHWH,Other Tanakh
201543,1424117,466359,2 Kings,10,17,שמרון,nmpr,topo,F:unclassified-name,Other Tanakh
201551,1424117,466361,2 Kings,10,17,אחאב,nmpr,pers,A:person-candidate,Other Tanakh
201553,1424117,466361,2 Kings,10,17,שמרון,nmpr,topo,F:unclassified-name,Other Tanakh
201558,1424117,466360,2 Kings,10,17,יהוה,nmpr,pers,E:YHWH,Other Tanakh
201561,1424117,466363,2 Kings,10,17,אל,prep,,C:divine-title-candidate,Other Tanakh
201562,1424117,466363,2 Kings,10,17,אליהו,nmpr,pers,A:person-candidate,Other Tanakh
201565,1424118,466364,2 Kings,10,18,יהוא,nmpr,pers,A:person-candidate,Other Tanakh
201572,1424118,466365,2 Kings,10,18,אל,prep,,C:divine-title-candidate,Other Tanakh
201573,1424118,466366,2 Kings,10,18,אחאב,nmpr,pers,A:person-candidate,Other Tanakh
201577,1424118,466366,2 Kings,10,18,בעל,subs,,B:deity-candidate,Other Tanakh
201579,1424118,466367,2 Kings,10,18,יהוא,nmpr,pers,A:person-candidate,Other Tanakh
201587,1424119,466369,2 Kings,10,19,בעל,subs,,B:deity-candidate,Other Tanakh
201594,1424119,466369,2 Kings,10,19,אל,prep,,C:divine-title-candidate,Other Tanakh
201596,1424119,466370,2 Kings,10,19,אל,nega,,C:divine-title-candidate,Other Tanakh
201604,1424119,466371,2 Kings,10,19,בעל,subs,,B:deity-candidate,Other Tanakh
201611,1424119,466374,2 Kings,10,19,יהוא,nmpr,pers,A:person-candidate,Other Tanakh
201620,1424119,466375,2 Kings,10,19,בעל,subs,,B:deity-candidate,Other Tanakh
201623,1424120,466376,2 Kings,10,20,יהוא,nmpr,pers,A:person-candidate,Other Tanakh
201628,1424120,466377,2 Kings,10,20,בעל,subs,,B:deity-candidate,Other Tanakh
201633,1424121,466379,2 Kings,10,21,יהוא,nmpr,pers,A:person-candidate,Other Tanakh
201636,1424121,466379,2 Kings,10,21,ישראל,nmpr,"pers,gens,topo",F:unclassified-name,Other Tanakh
201642,1424121,466380,2 Kings,10,21,בעל,subs,,B:deity-candidate,Other Tanakh
201654,1424121,466383,2 Kings,10,21,בעל,subs,,B:deity-candidate,Other Tanakh
201659,1424121,466384,2 Kings,10,21,בעל,subs,,B:deity-candidate,Other Tanakh
201676,1424122,466387,2 Kings,10,22,בעל,subs,,B:deity-candidate,Other Tanakh
201684,1424123,466389,2 Kings,10,23,יהוא,nmpr,pers,A:person-candidate,Other Tanakh
201686,1424123,466389,2 Kings,10,23,יהונדב,nmpr,pers,A:person-candidate,Other Tanakh
201688,1424123,466389,2 Kings,10,23,רכב,nmpr,pers,A:person-candidate,Other Tanakh
201691,1424123,466389,2 Kings,10,23,בעל,subs,,B:deity-candidate,Other Tanakh
201697,1424123,466390,2 Kings,10,23,בעל,subs,,B:deity-candidate,Other Tanakh
201707,1424123,466393,2 Kings,10,23,יהוה,nmpr,pers,E:YHWH,Other Tanakh
201712,1424123,466394,2 Kings,10,23,בעל,subs,,B:deity-candidate,Other Tanakh
201723,1424124,466397,2 Kings,10,24,יהוא,nmpr,pers,A:person-candidate,Other Tanakh
201758,1424125,466406,2 Kings,10,25,יהוא,nmpr,pers,A:person-candidate,Other Tanakh
201769,1424125,466409,2 Kings,10,25,אל,nega,,C:divine-title-candidate,Other Tanakh
201789,1424125,466412,2 Kings,10,25,בעל,subs,,B:deity-candidate,Other Tanakh
201796,1424126,466413,2 Kings,10,26,בעל,subs,,B:deity-candidate,Other Tanakh
201804,1424127,466415,2 Kings,10,27,בעל,subs,,B:deity-candidate,Other Tanakh
201810,1424127,466416,2 Kings,10,27,בעל,subs,,B:deity-candidate,Other Tanakh
201820,1424128,466418,2 Kings,10,28,יהוא,nmpr,pers,A:person-candidate,Other Tanakh
201823,1424128,466418,2 Kings,10,28,בעל,subs,,B:deity-candidate,Other Tanakh
201825,1424128,466418,2 Kings,10,28,ישראל,nmpr,"pers,gens,topo",F:unclassified-name,Other Tanakh
201828,1424129,466419,2 Kings,10,29,ירבעם,nmpr,pers,A:person-candidate,Other Tanakh
201830,1424129,466419,2 Kings,10,29,נבט,nmpr,pers,A:person-candidate,Other Tanakh
201834,1424129,466420,2 Kings,10,29,ישראל,nmpr,"pers,gens,topo",F:unclassified-name,Other Tanakh
201837,1424129,466421,2 Kings,10,29,יהוא,nmpr,pers,A:person-candidate,Other Tanakh
201844,1424129,466423,2 Kings,10,29,בית אל,nmpr,topo,F:unclassified-name,Other Tanakh
201848,1424129,466424,2 Kings,10,29,דן,nmpr,"pers,gens,topo",F:unclassified-name,Other Tanakh
201851,1424130,466425,2 Kings,10,30,יהוה,nmpr,pers,E:YHWH,Other Tanakh
201852,1424130,466425,2 Kings,10,30,אל,prep,,C:divine-title-candidate,Other Tanakh
201853,1424130,466425,2 Kings,10,30,יהוא,nmpr,pers,A:person-candidate,Other Tanakh
201871,1424130,466428,2 Kings,10,30,אחאב,nmpr,pers,A:person-candidate,Other Tanakh
201878,1424130,466430,2 Kings,10,30,ישראל,nmpr,"pers,gens,topo",F:unclassified-name,Other Tanakh
201880,1424131,466431,2 Kings,10,31,יהוא,nmpr,pers,A:person-candidate,Other Tanakh
201887,1424131,466432,2 Kings,10,31,יהוה,nmpr,pers,E:YHWH,Other Tanakh
201888,1424131,466432,2 Kings,10,31,אלהים,subs,,D:Elohim,Other Tanakh
201889,1424131,466432,2 Kings,10,31,ישראל,nmpr,"pers,gens,topo",F:unclassified-name,Other Tanakh
201898,1424131,466433,2 Kings,10,31,ירבעם,nmpr,pers,A:person-candidate,Other Tanakh
201902,1424131,466434,2 Kings,10,31,ישראל,nmpr,"pers,gens,topo",F:unclassified-name,Other Tanakh
201909,1424132,466435,2 Kings,10,32,יהוה,nmpr,pers,E:YHWH,Other Tanakh
201913,1424132,466436,2 Kings,10,32,ישראל,nmpr,"pers,gens,topo",F:unclassified-name,Other Tanakh
201916,1424132,466437,2 Kings,10,32,חזאל,nmpr,pers,A:person-candidate,Other Tanakh
201920,1424132,466437,2 Kings,10,32,ישראל,nmpr,"pers,gens,topo",F:unclassified-name,Other Tanakh
201923,1424133,466438,2 Kings,10,33,ירדן,nmpr,topo,F:unclassified-name,Other Tanakh
201931,1424133,466439,2 Kings,10,33,גלעד,nmpr,topo,F:unclassified-name,Other Tanakh
201941,1424133,466440,2 Kings,10,33,ערוער,nmpr,topo,F:unclassified-name,Other Tanakh
201945,1424133,466441,2 Kings,10,33,ארנון,nmpr,topo,F:unclassified-name,Other Tanakh
201948,1424133,466440,2 Kings,10,33,גלעד,nmpr,topo,F:unclassified-name,Other Tanakh
201951,1424133,466440,2 Kings,10,33,בשן,nmpr,topo,F:unclassified-name,Other Tanakh
201955,1424134,466442,2 Kings,10,34,יהוא,nmpr,pers,A:person-candidate,Other Tanakh
201973,1424134,466444,2 Kings,10,34,מלך,subs,,B:deity-candidate,Other Tanakh
201974,1424134,466444,2 Kings,10,34,ישראל,nmpr,"pers,gens,topo",F:unclassified-name,Other Tanakh
201977,1424135,466445,2 Kings,10,35,יהוא,nmpr,pers,A:person-candidate,Other Tanakh
201984,1424135,466446,2 Kings,10,35,שמרון,nmpr,topo,F:unclassified-name,Other Tanakh
201986,1424135,466447,2 Kings,10,35,מלך,verb,,B:deity-candidate,Other Tanakh
201987,1424135,466447,2 Kings,10,35,יהואחז,nmpr,pers,A:person-candidate,Other Tanakh
201994,1424136,466449,2 Kings,10,36,מלך,verb,,B:deity-candidate,Other Tanakh
201995,1424136,466449,2 Kings,10,36,יהוא,nmpr,pers,A:person-candidate,Other Tanakh
201997,1424136,466449,2 Kings,10,36,ישראל,nmpr,"pers,gens,topo",F:unclassified-name,Other Tanakh
202003,1424136,466448,2 Kings,10,36,שמרון,nmpr,topo,F:unclassified-name,Other Tanakh
202005,1424137,466450,2 Kings,11,1,עתליה,nmpr,pers,A:person-candidate,Other Tanakh
202007,1424137,466450,2 Kings,11,1,אחזיהו,nmpr,pers,A:person-candidate,Other Tanakh
202023,1424138,466454,2 Kings,11,2,יהושבע,nmpr,pers,A:person-candidate,Other Tanakh
202026,1424138,466454,2 Kings,11,2,מלך,subs,,B:deity-candidate,Other Tanakh
202027,1424138,466454,2 Kings,11,2,יורם,nmpr,pers,A:person-candidate,Other Tanakh
202029,1424138,466454,2 Kings,11,2,אחזיהו,nmpr,pers,A:person-candidate,Other Tanakh
202031,1424138,466454,2 Kings,11,2,יואש,nmpr,pers,A:person-candidate,Other Tanakh
202033,1424138,466454,2 Kings,11,2,אחזיה,nmpr,pers,A:person-candidate,Other Tanakh
202041,1424138,466455,2 Kings,11,2,מלך,subs,,B:deity-candidate,Other Tanakh
202057,1424138,466458,2 Kings,11,2,עתליהו,nmpr,pers,A:person-candidate,Other Tanakh
202065,1424139,466460,2 Kings,11,3,יהוה,nmpr,pers,E:YHWH,Other Tanakh
202070,1424139,466461,2 Kings,11,3,עתליה,nmpr,pers,A:person-candidate,Other Tanakh
202071,1424139,466461,2 Kings,11,3,מלך,verb,,B:deity-candidate,Other Tanakh
202082,1424140,466462,2 Kings,11,4,יהוידע,nmpr,pers,A:person-candidate,Other Tanakh
202091,1424140,466463,2 Kings,11,4,כרי,nmpr,gens,F:unclassified-name,Other Tanakh
202099,1424140,466464,2 Kings,11,4,אל,prep,,C:divine-title-candidate,Other Tanakh
202101,1424140,466464,2 Kings,11,4,יהוה,nmpr,pers,E:YHWH,Other Tanakh
202111,1424140,466466,2 Kings,11,4,יהוה,nmpr,pers,E:YHWH,Other Tanakh
202118,1424140,466467,2 Kings,11,4,מלך,subs,,B:deity-candidate,Other Tanakh
202139,1424141,466474,2 Kings,11,5,מלך,subs,,B:deity-candidate,Other Tanakh
202145,1424142,466475,2 Kings,11,6,סור,nmpr,topo,F:unclassified-name,Other Tanakh
202176,1424143,466479,2 Kings,11,7,יהוה,nmpr,pers,E:YHWH,Other Tanakh
202177,1424143,466479,2 Kings,11,7,אל,prep,,C:divine-title-candidate,Other Tanakh
202179,1424143,466479,2 Kings,11,7,מלך,subs,,B:deity-candidate,Other Tanakh
202184,1424144,466480,2 Kings,11,8,מלך,subs,,B:deity-candidate,Other Tanakh
202194,1424144,466484,2 Kings,11,8,אל,prep,,C:divine-title-candidate,Other Tanakh
202202,1424144,466486,2 Kings,11,8,מלך,subs,,B:deity-candidate,Other Tanakh
202217,1424145,466490,2 Kings,11,9,יהוידע,nmpr,pers,A:person-candidate,Other Tanakh
202234,1424145,466495,2 Kings,11,9,אל,prep,,C:divine-title-candidate,Other Tanakh
202235,1424145,466495,2 Kings,11,9,יהוידע,nmpr,pers,A:person-candidate,Other Tanakh
202256,1424146,466497,2 Kings,11,10,מלך,subs,,B:deity-candidate,Other Tanakh
202257,1424146,466497,2 Kings,11,10,דוד,nmpr,pers,A:person-candidate,Other Tanakh
202261,1424146,466498,2 Kings,11,10,יהוה,nmpr,pers,E:YHWH,Other Tanakh
202292,1424147,466499,2 Kings,11,11,מלך,subs,,B:deity-candidate,Other Tanakh
202299,1424148,466501,2 Kings,11,12,מלך,subs,,B:deity-candidate,Other Tanakh
202311,1424148,466503,2 Kings,11,12,מלך,verb,,B:deity-candidate,Other Tanakh
202322,1424148,466507,2 Kings,11,12,מלך,subs,,B:deity-candidate,Other Tanakh
202325,1424149,466508,2 Kings,11,13,עתליה,nmpr,pers,A:person-candidate,Other Tanakh
202334,1424149,466509,2 Kings,11,13,אל,prep,,C:divine-title-candidate,Other Tanakh
202338,1424149,466509,2 Kings,11,13,יהוה,nmpr,pers,E:YHWH,Other Tanakh
202344,1424150,466511,2 Kings,11,14,מלך,subs,,B:deity-candidate,Other Tanakh
202358,1424150,466512,2 Kings,11,14,אל,prep,,C:divine-title-candidate,Other Tanakh
202360,1424150,466512,2 Kings,11,14,מלך,subs,,B:deity-candidate,Other Tanakh
202373,1424150,466515,2 Kings,11,14,עתליה,nmpr,pers,A:person-candidate,Other Tanakh
202382,1424151,466518,2 Kings,11,15,יהוידע,nmpr,pers,A:person-candidate,Other Tanakh
202394,1424151,466520,2 Kings,11,15,אל,prep,,C:divine-title-candidate,Other Tanakh
202397,1424151,466521,2 Kings,11,15,אל,prep,,C:divine-title-candidate,Other Tanakh
202415,1424151,466525,2 Kings,11,15,אל,nega,,C:divine-title-candidate,Other Tanakh
202418,1424151,466525,2 Kings,11,15,יהוה,nmpr,pers,E:YHWH,Other Tanakh
202431,1424152,466527,2 Kings,11,16,מלך,subs,,B:deity-candidate,Other Tanakh
202437,1424153,466529,2 Kings,11,17,יהוידע,nmpr,pers,A:person-candidate,Other Tanakh
202442,1424153,466529,2 Kings,11,17,יהוה,nmpr,pers,E:YHWH,Other Tanakh
202446,1424153,466529,2 Kings,11,17,מלך,subs,,B:deity-candidate,Other Tanakh
202456,1424153,466530,2 Kings,11,17,יהוה,nmpr,pers,E:YHWH,Other Tanakh
202460,1424153,466531,2 Kings,11,17,מלך,subs,,B:deity-candidate,Other Tanakh
202473,1424154,466532,2 Kings,11,18,בעל,subs,,B:deity-candidate,Other Tanakh
202485,1424154,466535,2 Kings,11,18,מתן,nmpr,pers,A:person-candidate,Other Tanakh
202488,1424154,466535,2 Kings,11,18,בעל,subs,,B:deity-candidate,Other Tanakh
202501,1424154,466536,2 Kings,11,18,יהוה,nmpr,pers,E:YHWH,Other Tanakh
202511,1424155,466537,2 Kings,11,19,כרי,nmpr,gens,F:unclassified-name,Other Tanakh
202526,1424155,466538,2 Kings,11,19,מלך,subs,,B:deity-candidate,Other Tanakh
202529,1424155,466538,2 Kings,11,19,יהוה,nmpr,pers,E:YHWH,Other Tanakh
202538,1424155,466539,2 Kings,11,19,מלך,subs,,B:deity-candidate,Other Tanakh
202544,1424155,466540,2 Kings,11,19,מלך,subs,,B:deity-candidate,Other Tanakh
202557,1424156,466543,2 Kings,11,20,עתליהו,nmpr,pers,A:person-candidate,Other Tanakh
202564,1424156,466543,2 Kings,11,20,מלך,subs,,B:deity-candidate,Other Tanakh
202568,1424157,466544,2 Kings,12,1,יהואש,nmpr,pers,A:person-candidate,Other Tanakh
202570,1424157,466545,2 Kings,12,1,מלך,verb,,B:deity-candidate,Other Tanakh
202575,1424158,466546,2 Kings,12,2,יהוא,nmpr,pers,A:person-candidate,Other Tanakh
202576,1424158,466546,2 Kings,12,2,מלך,verb,,B:deity-candidate,Other Tanakh
202577,1424158,466546,2 Kings,12,2,יהואש,nmpr,pers,A:person-candidate,Other Tanakh
202581,1424158,466547,2 Kings,12,2,מלך,verb,,B:deity-candidate,Other Tanakh
202583,1424158,466547,2 Kings,12,2,ירושלם,nmpr,topo,F:unclassified-name,Other Tanakh
202587,1424158,466548,2 Kings,12,2,צביה,nmpr,pers,A:person-candidate,Other Tanakh
202590,1424158,466548,2 Kings,12,2,שבע,nmpr,topo,F:unclassified-name,Other Tanakh
202593,1424159,466549,2 Kings,12,3,יהואש,nmpr,pers,A:person-candidate,Other Tanakh
202598,1424159,466550,2 Kings,12,3,יהוה,nmpr,pers,E:YHWH,Other Tanakh
202603,1424159,466551,2 Kings,12,3,יהוידע,nmpr,pers,A:person-candidate,Other Tanakh
202622,1424161,466555,2 Kings,12,5,יהואש,nmpr,pers,A:person-candidate,Other Tanakh
202623,1424161,466555,2 Kings,12,5,אל,prep,,C:divine-title-candidate,Other Tanakh
202633,1424161,466557,2 Kings,12,5,יהוה,nmpr,pers,E:YHWH,Other Tanakh
202650,1424161,466560,2 Kings,12,5,יהוה,nmpr,pers,E:YHWH,Other Tanakh
202682,1424163,466564,2 Kings,12,7,מלך,subs,,B:deity-candidate,Other Tanakh
202683,1424163,466564,2 Kings,12,7,יהואש,nmpr,pers,A:person-candidate,Other Tanakh
202695,1424164,466566,2 Kings,12,8,מלך,subs,,B:deity-candidate,Other Tanakh
202696,1424164,466566,2 Kings,12,8,יהואש,nmpr,pers,A:person-candidate,Other Tanakh
202698,1424164,466566,2 Kings,12,8,יהוידע,nmpr,pers,A:person-candidate,Other Tanakh
202707,1424164,466567,2 Kings,12,8,אל,prep,,C:divine-title-candidate,Other Tanakh
202717,1424164,466570,2 Kings,12,8,אל,nega,,C:divine-title-candidate,Other Tanakh
202751,1424166,466575,2 Kings,12,10,יהוידע,nmpr,pers,A:person-candidate,Other Tanakh
202773,1424166,466578,2 Kings,12,10,יהוה,nmpr,pers,E:YHWH,Other Tanakh
202789,1424166,466580,2 Kings,12,10,יהוה,nmpr,pers,E:YHWH,Other Tanakh
202805,1424167,466584,2 Kings,12,11,מלך,subs,,B:deity-candidate,Other Tanakh
202821,1424167,466587,2 Kings,12,11,יהוה,nmpr,pers,E:YHWH,Other Tanakh
202837,1424168,466589,2 Kings,12,12,יהוה,nmpr,pers,E:YHWH,Other Tanakh
202851,1424168,466591,2 Kings,12,12,יהוה,nmpr,pers,E:YHWH,Other Tanakh
202873,1424169,466593,2 Kings,12,13,יהוה,nmpr,pers,E:YHWH,Other Tanakh
202888,1424170,466595,2 Kings,12,14,יהוה,nmpr,pers,E:YHWH,Other Tanakh
202906,1424170,466596,2 Kings,12,14,יהוה,nmpr,pers,E:YHWH,Other Tanakh
202918,1424171,466598,2 Kings,12,15,יהוה,nmpr,pers,E:YHWH,Other Tanakh
202951,1424173,466603,2 Kings,12,17,יהוה,nmpr,pers,E:YHWH,Other Tanakh
202958,1424174,466605,2 Kings,12,18,חזאל,nmpr,pers,A:person-candidate,Other Tanakh
202959,1424174,466605,2 Kings,12,18,מלך,subs,,B:deity-candidate,Other Tanakh
202960,1424174,466605,2 Kings,12,18,ארם,nmpr,topo,F:unclassified-name,Other Tanakh
202964,1424174,466606,2 Kings,12,18,גת,nmpr,topo,F:unclassified-name,Other Tanakh
202969,1424174,466608,2 Kings,12,18,חזאל,nmpr,pers,A:person-candidate,Other Tanakh
202974,1424174,466609,2 Kings,12,18,ירושלם,nmpr,topo,F:unclassified-name,Other Tanakh
202977,1424175,466610,2 Kings,12,19,יהואש,nmpr,pers,A:person-candidate,Other Tanakh
202978,1424175,466610,2 Kings,12,19,מלך,subs,,B:deity-candidate,Other Tanakh
202979,1424175,466610,2 Kings,12,19,יהודה,nmpr,"pers,gens,topo",F:unclassified-name,Other Tanakh
202986,1424175,466611,2 Kings,12,19,יהושפט,nmpr,pers,A:person-candidate,Other Tanakh
202988,1424175,466611,2 Kings,12,19,יהורם,nmpr,pers,A:person-candidate,Other Tanakh
202990,1424175,466611,2 Kings,12,19,אחזיהו,nmpr,pers,A:person-candidate,Other Tanakh
202992,1424175,466611,2 Kings,12,19,מלך,subs,,B:deity-candidate,Other Tanakh
202993,1424175,466611,2 Kings,12,19,יהודה,nmpr,"pers,gens,topo",F:unclassified-name,Other Tanakh
203007,1424175,466612,2 Kings,12,19,יהוה,nmpr,pers,E:YHWH,Other Tanakh
203011,1424175,466612,2 Kings,12,19,מלך,subs,,B:deity-candidate,Other Tanakh
203015,1424175,466613,2 Kings,12,19,חזאל,nmpr,pers,A:person-candidate,Other Tanakh
203016,1424175,466613,2 Kings,12,19,מלך,subs,,B:deity-candidate,Other Tanakh
203017,1424175,466613,2 Kings,12,19,ארם,nmpr,topo,F:unclassified-name,Other Tanakh
203022,1424175,466614,2 Kings,12,19,ירושלם,nmpr,topo,F:unclassified-name,Other Tanakh
203026,1424176,466615,2 Kings,12,20,יואש,nmpr,pers,A:person-candidate,Other Tanakh
203041,1424176,466617,2 Kings,12,20,מלך,subs,,B:deity-candidate,Other Tanakh
203042,1424176,466617,2 Kings,12,20,יהודה,nmpr,"pers,gens,topo",F:unclassified-name,Other Tanakh
203052,1424177,466620,2 Kings,12,21,יואש,nmpr,pers,A:person-candidate,Other Tanakh
203057,1424177,466621,2 Kings,12,21,סלא,nmpr,topo,F:unclassified-name,Other Tanakh
203059,1424178,466622,2 Kings,12,22,יוזבד,nmpr,pers,A:person-candidate,Other Tanakh
203061,1424178,466622,2 Kings,12,22,שמעת,nmpr,pers,A:person-candidate,Other Tanakh
203063,1424178,466622,2 Kings,12,22,יהוזבד,nmpr,pers,A:person-candidate,Other Tanakh
203065,1424178,466622,2 Kings,12,22,שמר,nmpr,pers,A:person-candidate,Other Tanakh
203077,1424178,466624,2 Kings,12,22,דוד,nmpr,pers,A:person-candidate,Other Tanakh
203079,1424178,466625,2 Kings,12,22,מלך,verb,,B:deity-candidate,Other Tanakh
203080,1424178,466625,2 Kings,12,22,אמציה,nmpr,pers,A:person-candidate,Other Tanakh
203090,1424179,466626,2 Kings,13,1,יואש,nmpr,pers,A:person-candidate,Other Tanakh
203092,1424179,466626,2 Kings,13,1,אחזיהו,nmpr,pers,A:person-candidate,Other Tanakh
203093,1424179,466626,2 Kings,13,1,מלך,subs,,B:deity-candidate,Other Tanakh
203094,1424179,466626,2 Kings,13,1,יהודה,nmpr,"pers,gens,topo",F:unclassified-name,Other Tanakh
203095,1424179,466626,2 Kings,13,1,מלך,verb,,B:deity-candidate,Other Tanakh
203096,1424179,466626,2 Kings,13,1,יהואחז,nmpr,pers,A:person-candidate,Other Tanakh
203098,1424179,466626,2 Kings,13,1,יהוא,nmpr,pers,A:person-candidate,Other Tanakh
203100,1424179,466626,2 Kings,13,1,ישראל,nmpr,"pers,gens,topo",F:unclassified-name,Other Tanakh
203102,1424179,466626,2 Kings,13,1,שמרון,nmpr,topo,F:unclassified-name,Other Tanakh
203112,1424180,466628,2 Kings,13,2,יהוה,nmpr,pers,E:YHWH,Other Tanakh
203117,1424180,466629,2 Kings,13,2,ירבעם,nmpr,pers,A:person-candidate,Other Tanakh
203119,1424180,466629,2 Kings,13,2,נבט,nmpr,pers,A:person-candidate,Other Tanakh
203123,1424180,466630,2 Kings,13,2,ישראל,nmpr,"pers,gens,topo",F:unclassified-name,Other Tanakh
203130,1424181,466632,2 Kings,13,3,יהוה,nmpr,pers,E:YHWH,Other Tanakh
203132,1424181,466632,2 Kings,13,3,ישראל,nmpr,"pers,gens,topo",F:unclassified-name,Other Tanakh
203137,1424181,466633,2 Kings,13,3,חזאל,nmpr,pers,A:person-candidate,Other Tanakh
203138,1424181,466633,2 Kings,13,3,מלך,subs,,B:deity-candidate,Other Tanakh
203139,1424181,466633,2 Kings,13,3,ארם,nmpr,topo,F:unclassified-name,Other Tanakh
203143,1424181,466633,2 Kings,13,3,בן הדד,nmpr,pers,A:person-candidate,Other Tanakh
203145,1424181,466633,2 Kings,13,3,חזאל,nmpr,pers,A:person-candidate,Other Tanakh
203151,1424182,466634,2 Kings,13,4,יהואחז,nmpr,pers,A:person-candidate,Other Tanakh
203154,1424182,466634,2 Kings,13,4,יהוה,nmpr,pers,E:YHWH,Other Tanakh
203157,1424182,466635,2 Kings,13,4,אל,prep,,C:divine-title-candidate,Other Tanakh
203158,1424182,466635,2 Kings,13,4,יהוה,nmpr,pers,E:YHWH,Other Tanakh
203163,1424182,466636,2 Kings,13,4,ישראל,nmpr,"pers,gens,topo",F:unclassified-name,Other Tanakh
203167,1424182,466637,2 Kings,13,4,מלך,subs,,B:deity-candidate,Other Tanakh
203168,1424182,466637,2 Kings,13,4,ארם,nmpr,topo,F:unclassified-name,Other Tanakh
203171,1424183,466638,2 Kings,13,5,יהוה,nmpr,pers,E:YHWH,Other Tanakh
203173,1424183,466638,2 Kings,13,5,ישראל,nmpr,"pers,gens,topo",F:unclassified-name,Other Tanakh
203180,1424183,466639,2 Kings,13,5,ארם,nmpr,topo,F:unclassified-name,Other Tanakh
203184,1424183,466640,2 Kings,13,5,ישראל,nmpr,"pers,gens,topo",F:unclassified-name,Other Tanakh
203196,1424184,466641,2 Kings,13,6,ירבעם,nmpr,pers,A:person-candidate,Other Tanakh
203200,1424184,466642,2 Kings,13,6,ישראל,nmpr,"pers,gens,topo",F:unclassified-name,Other Tanakh
203209,1424184,466644,2 Kings,13,6,שמרון,nmpr,topo,F:unclassified-name,Other Tanakh
203214,1424185,466645,2 Kings,13,7,יהואחז,nmpr,pers,A:person-candidate,Other Tanakh
203229,1424185,466647,2 Kings,13,7,מלך,subs,,B:deity-candidate,Other Tanakh
203230,1424185,466647,2 Kings,13,7,ארם,nmpr,topo,F:unclassified-name,Other Tanakh
203241,1424186,466650,2 Kings,13,8,יהואחז,nmpr,pers,A:person-candidate,Other Tanakh
203258,1424186,466652,2 Kings,13,8,מלך,subs,,B:deity-candidate,Other Tanakh
203259,1424186,466652,2 Kings,13,8,ישראל,nmpr,"pers,gens,topo",F:unclassified-name,Other Tanakh
203262,1424187,466653,2 Kings,13,9,יהואחז,nmpr,pers,A:person-candidate,Other Tanakh
203268,1424187,466654,2 Kings,13,9,שמרון,nmpr,topo,F:unclassified-name,Other Tanakh
203270,1424187,466655,2 Kings,13,9,מלך,verb,,B:deity-candidate,Other Tanakh
203271,1424187,466655,2 Kings,13,9,יואש,nmpr,pers,A:person-candidate,Other Tanakh
203281,1424188,466656,2 Kings,13,10,יואש,nmpr,pers,A:person-candidate,Other Tanakh
203282,1424188,466656,2 Kings,13,10,מלך,subs,,B:deity-candidate,Other Tanakh
203283,1424188,466656,2 Kings,13,10,יהודה,nmpr,"pers,gens,topo",F:unclassified-name,Other Tanakh
203284,1424188,466656,2 Kings,13,10,מלך,verb,,B:deity-candidate,Other Tanakh
203285,1424188,466656,2 Kings,13,10,יהואש,nmpr,pers,A:person-candidate,Other Tanakh
203287,1424188,466656,2 Kings,13,10,יהואחז,nmpr,pers,A:person-candidate,Other Tanakh
203289,1424188,466656,2 Kings,13,10,ישראל,nmpr,"pers,gens,topo",F:unclassified-name,Other Tanakh
203291,1424188,466656,2 Kings,13,10,שמרון,nmpr,topo,F:unclassified-name,Other Tanakh
203301,1424189,466658,2 Kings,13,11,יהוה,nmpr,pers,E:YHWH,Other Tanakh
203307,1424189,466659,2 Kings,13,11,ירבעם,nmpr,pers,A:person-candidate,Other Tanakh
203309,1424189,466659,2 Kings,13,11,נבט,nmpr,pers,A:person-candidate,Other Tanakh
203313,1424189,466660,2 Kings,13,11,ישראל,nmpr,"pers,gens,topo",F:unclassified-name,Other Tanakh
203319,1424190,466662,2 Kings,13,12,יואש,nmpr,pers,A:person-candidate,Other Tanakh
203329,1424190,466664,2 Kings,13,12,אמציה,nmpr,pers,A:person-candidate,Other Tanakh
203330,1424190,466664,2 Kings,13,12,מלך,subs,,B:deity-candidate,Other Tanakh
203331,1424190,466664,2 Kings,13,12,יהודה,nmpr,"pers,gens,topo",F:unclassified-name,Other Tanakh
203342,1424190,466665,2 Kings,13,12,מלך,subs,,B:deity-candidate,Other Tanakh
203343,1424190,466665,2 Kings,13,12,ישראל,nmpr,"pers,gens,topo",F:unclassified-name,Other Tanakh
203346,1424191,466666,2 Kings,13,13,יואש,nmpr,pers,A:person-candidate,Other Tanakh
203350,1424191,466667,2 Kings,13,13,ירבעם,nmpr,pers,A:person-candidate,Other Tanakh
203356,1424191,466668,2 Kings,13,13,יואש,nmpr,pers,A:person-candidate,Other Tanakh
203358,1424191,466668,2 Kings,13,13,שמרון,nmpr,topo,F:unclassified-name,Other Tanakh
203360,1424191,466668,2 Kings,13,13,מלך,subs,,B:deity-candidate,Other Tanakh
203361,1424191,466668,2 Kings,13,13,ישראל,nmpr,"pers,gens,topo",F:unclassified-name,Other Tanakh
203363,1424192,466669,2 Kings,13,14,אלישע,nmpr,pers,A:person-candidate,Other Tanakh
203372,1424192,466671,2 Kings,13,14,אל,prep,,C:divine-title-candidate,Other Tanakh
203373,1424192,466671,2 Kings,13,14,יואש,nmpr,pers,A:person-candidate,Other Tanakh
203374,1424192,466671,2 Kings,13,14,מלך,subs,,B:deity-candidate,Other Tanakh
203375,1424192,466671,2 Kings,13,14,ישראל,nmpr,"pers,gens,topo",F:unclassified-name,Other Tanakh
203385,1424192,466675,2 Kings,13,14,ישראל,nmpr,"pers,gens,topo",F:unclassified-name,Other Tanakh
203391,1424193,466676,2 Kings,13,15,אלישע,nmpr,pers,A:person-candidate,Other Tanakh
203398,1424193,466678,2 Kings,13,15,אל,prep,,C:divine-title-candidate,Other Tanakh
203405,1424194,466679,2 Kings,13,16,מלך,subs,,B:deity-candidate,Other Tanakh
203406,1424194,466679,2 Kings,13,16,ישראל,nmpr,"pers,gens,topo",F:unclassified-name,Other Tanakh
203417,1424194,466682,2 Kings,13,16,אלישע,nmpr,pers,A:person-candidate,Other Tanakh
203422,1424194,466682,2 Kings,13,16,מלך,subs,,B:deity-candidate,Other Tanakh
203433,1424195,466686,2 Kings,13,17,אלישע,nmpr,pers,A:person-candidate,Other Tanakh
203442,1424195,466690,2 Kings,13,17,יהוה,nmpr,pers,E:YHWH,Other Tanakh
203447,1424195,466691,2 Kings,13,17,ארם,nmpr,topo,F:unclassified-name,Other Tanakh
203451,1424195,466692,2 Kings,13,17,ארם,nmpr,topo,F:unclassified-name,Other Tanakh
203453,1424195,466692,2 Kings,13,17,אפק,nmpr,topo,F:unclassified-name,Other Tanakh
203466,1424196,466697,2 Kings,13,18,מלך,subs,,B:deity-candidate,Other Tanakh
203467,1424196,466697,2 Kings,13,18,ישראל,nmpr,"pers,gens,topo",F:unclassified-name,Other Tanakh
203481,1424197,466701,2 Kings,13,19,אלהים,subs,,D:Elohim,Other Tanakh
203493,1424197,466704,2 Kings,13,19,ארם,nmpr,topo,F:unclassified-name,Other Tanakh
203502,1424197,466706,2 Kings,13,19,ארם,nmpr,topo,F:unclassified-name,Other Tanakh
203505,1424198,466707,2 Kings,13,20,אלישע,nmpr,pers,A:person-candidate,Other Tanakh
203510,1424198,466709,2 Kings,13,20,מואב,nmpr,"pers,gens,topo",F:unclassified-name,Other Tanakh
203535,1424199,466714,2 Kings,13,21,אלישע,nmpr,pers,A:person-candidate,Other Tanakh
203544,1424199,466716,2 Kings,13,21,אלישע,nmpr,pers,A:person-candidate,Other Tanakh
203552,1424200,466719,2 Kings,13,22,חזאל,nmpr,pers,A:person-candidate,Other Tanakh
203553,1424200,466719,2 Kings,13,22,מלך,subs,,B:deity-candidate,Other Tanakh
203554,1424200,466719,2 Kings,13,22,ארם,nmpr,topo,F:unclassified-name,Other Tanakh
203557,1424200,466719,2 Kings,13,22,ישראל,nmpr,"pers,gens,topo",F:unclassified-name,Other Tanakh
203560,1424200,466719,2 Kings,13,22,יהואחז,nmpr,pers,A:person-candidate,Other Tanakh
203563,1424201,466720,2 Kings,13,23,יהוה,nmpr,pers,E:YHWH,Other Tanakh
203569,1424201,466722,2 Kings,13,23,אל,prep,,C:divine-title-candidate,Other Tanakh
203573,1424201,466722,2 Kings,13,23,אברהם,nmpr,pers,A:person-candidate,Other Tanakh
203574,1424201,466722,2 Kings,13,23,יצחק,nmpr,pers,A:person-candidate,Other Tanakh
203576,1424201,466722,2 Kings,13,23,יעקב,nmpr,pers,A:person-candidate,Other Tanakh
203591,1424202,466726,2 Kings,13,24,חזאל,nmpr,pers,A:person-candidate,Other Tanakh
203592,1424202,466726,2 Kings,13,24,מלך,subs,,B:deity-candidate,Other Tanakh
203593,1424202,466726,2 Kings,13,24,ארם,nmpr,topo,F:unclassified-name,Other Tanakh
203595,1424202,466727,2 Kings,13,24,מלך,verb,,B:deity-candidate,Other Tanakh
203596,1424202,466727,2 Kings,13,24,בן הדד,nmpr,pers,A:person-candidate,Other Tanakh
203601,1424203,466728,2 Kings,13,25,יהואש,nmpr,pers,A:person-candidate,Other Tanakh
203603,1424203,466728,2 Kings,13,25,יהואחז,nmpr,pers,A:person-candidate,Other Tanakh
203611,1424203,466729,2 Kings,13,25,בן הדד,nmpr,pers,A:person-candidate,Other Tanakh
203613,1424203,466729,2 Kings,13,25,חזאל,nmpr,pers,A:person-candidate,Other Tanakh
203618,1424203,466730,2 Kings,13,25,יהואחז,nmpr,pers,A:person-candidate,Other Tanakh
203626,1424203,466731,2 Kings,13,25,יואש,nmpr,pers,A:person-candidate,Other Tanakh
203631,1424203,466732,2 Kings,13,25,ישראל,nmpr,"pers,gens,topo",F:unclassified-name,Other Tanakh
203636,1424204,466733,2 Kings,14,1,יואש,nmpr,pers,A:person-candidate,Other Tanakh
203638,1424204,466733,2 Kings,14,1,יואחז,nmpr,pers,A:person-candidate,Other Tanakh
203639,1424204,466733,2 Kings,14,1,מלך,subs,,B:deity-candidate,Other Tanakh
203640,1424204,466733,2 Kings,14,1,ישראל,nmpr,"pers,gens,topo",F:unclassified-name,Other Tanakh
203641,1424204,466733,2 Kings,14,1,מלך,verb,,B:deity-candidate,Other Tanakh
203642,1424204,466733,2 Kings,14,1,אמציהו,nmpr,pers,A:person-candidate,Other Tanakh
203644,1424204,466733,2 Kings,14,1,יואש,nmpr,pers,A:person-candidate,Other Tanakh
203645,1424204,466733,2 Kings,14,1,מלך,subs,,B:deity-candidate,Other Tanakh
203646,1424204,466733,2 Kings,14,1,יהודה,nmpr,"pers,gens,topo",F:unclassified-name,Other Tanakh
203654,1424205,466735,2 Kings,14,2,מלך,verb,,B:deity-candidate,Other Tanakh
203660,1424205,466736,2 Kings,14,2,מלך,verb,,B:deity-candidate,Other Tanakh
203662,1424205,466736,2 Kings,14,2,ירושלם,nmpr,topo,F:unclassified-name,Other Tanakh
203666,1424205,466737,2 Kings,14,2,יהועדן,nmpr,pers,A:person-candidate,Other Tanakh
203668,1424205,466737,2 Kings,14,2,ירושלם,nmpr,topo,F:unclassified-name,Other Tanakh
203675,1424206,466739,2 Kings,14,3,יהוה,nmpr,pers,E:YHWH,Other Tanakh
203679,1424206,466740,2 Kings,14,3,דוד,nmpr,pers,A:person-candidate,Other Tanakh
203685,1424206,466742,2 Kings,14,3,יואש,nmpr,pers,A:person-candidate,Other Tanakh
203719,1424208,466749,2 Kings,14,5,מלך,subs,,B:deity-candidate,Other Tanakh
203734,1424209,466751,2 Kings,14,6,משה,nmpr,pers,A:person-candidate,Other Tanakh
203737,1424209,466752,2 Kings,14,6,יהוה,nmpr,pers,E:YHWH,Other Tanakh
203760,1424210,466757,2 Kings,14,7,אדום,nmpr,topo,F:unclassified-name,Other Tanakh
203770,1424210,466758,2 Kings,14,7,סלע,nmpr,topo,F:unclassified-name,Other Tanakh
203778,1424210,466759,2 Kings,14,7,יקתאל,nmpr,topo,F:unclassified-name,Other Tanakh
203786,1424211,466760,2 Kings,14,8,אמציה,nmpr,pers,A:person-candidate,Other Tanakh
203788,1424211,466760,2 Kings,14,8,אל,prep,,C:divine-title-candidate,Other Tanakh
203789,1424211,466760,2 Kings,14,8,יהואש,nmpr,pers,A:person-candidate,Other Tanakh
203791,1424211,466760,2 Kings,14,8,יהואחז,nmpr,pers,A:person-candidate,Other Tanakh
203793,1424211,466760,2 Kings,14,8,יהוא,nmpr,pers,A:person-candidate,Other Tanakh
203794,1424211,466760,2 Kings,14,8,מלך,subs,,B:deity-candidate,Other Tanakh
203795,1424211,466760,2 Kings,14,8,ישראל,nmpr,"pers,gens,topo",F:unclassified-name,Other Tanakh
203803,1424212,466764,2 Kings,14,9,יהואש,nmpr,pers,A:person-candidate,Other Tanakh
203804,1424212,466764,2 Kings,14,9,מלך,subs,,B:deity-candidate,Other Tanakh
203805,1424212,466764,2 Kings,14,9,ישראל,nmpr,"pers,gens,topo",F:unclassified-name,Other Tanakh
203806,1424212,466764,2 Kings,14,9,אל,prep,,C:divine-title-candidate,Other Tanakh
203807,1424212,466764,2 Kings,14,9,אמציהו,nmpr,pers,A:person-candidate,Other Tanakh
203808,1424212,466764,2 Kings,14,9,מלך,subs,,B:deity-candidate,Other Tanakh
203809,1424212,466764,2 Kings,14,9,יהודה,nmpr,"pers,gens,topo",F:unclassified-name,Other Tanakh
203817,1424212,466767,2 Kings,14,9,לבנון,nmpr,topo,F:unclassified-name,Other Tanakh
203819,1424212,466766,2 Kings,14,9,אל,prep,,C:divine-title-candidate,Other Tanakh
203825,1424212,466768,2 Kings,14,9,לבנון,nmpr,topo,F:unclassified-name,Other Tanakh
203843,1424212,466772,2 Kings,14,9,לבנון,nmpr,topo,F:unclassified-name,Other Tanakh
203852,1424213,466774,2 Kings,14,10,אדום,nmpr,topo,F:unclassified-name,Other Tanakh
203870,1424213,466779,2 Kings,14,10,יהודה,nmpr,"pers,gens,topo",F:unclassified-name,Other Tanakh
203875,1424214,466780,2 Kings,14,11,אמציהו,nmpr,pers,A:person-candidate,Other Tanakh
203878,1424214,466781,2 Kings,14,11,יהואש,nmpr,pers,A:person-candidate,Other Tanakh
203879,1424214,466781,2 Kings,14,11,מלך,subs,,B:deity-candidate,Other Tanakh
203880,1424214,466781,2 Kings,14,11,ישראל,nmpr,"pers,gens,topo",F:unclassified-name,Other Tanakh
203886,1424214,466782,2 Kings,14,11,אמציהו,nmpr,pers,A:person-candidate,Other Tanakh
203887,1424214,466782,2 Kings,14,11,מלך,subs,,B:deity-candidate,Other Tanakh
203888,1424214,466782,2 Kings,14,11,יהודה,nmpr,"pers,gens,topo",F:unclassified-name,Other Tanakh
203890,1424214,466782,2 Kings,14,11,בית שמש,nmpr,topo,F:unclassified-name,Other Tanakh
203893,1424214,466783,2 Kings,14,11,יהודה,nmpr,"pers,gens,topo",F:unclassified-name,Other Tanakh
203896,1424215,466784,2 Kings,14,12,יהודה,nmpr,"pers,gens,topo",F:unclassified-name,Other Tanakh
203899,1424215,466784,2 Kings,14,12,ישראל,nmpr,"pers,gens,topo",F:unclassified-name,Other Tanakh
203907,1424216,466787,2 Kings,14,13,אמציהו,nmpr,pers,A:person-candidate,Other Tanakh
203908,1424216,466787,2 Kings,14,13,מלך,subs,,B:deity-candidate,Other Tanakh
203909,1424216,466787,2 Kings,14,13,יהודה,nmpr,"pers,gens,topo",F:unclassified-name,Other Tanakh
203911,1424216,466787,2 Kings,14,13,יהואש,nmpr,pers,A:person-candidate,Other Tanakh
203913,1424216,466787,2 Kings,14,13,אחזיהו,nmpr,pers,A:person-candidate,Other Tanakh
203915,1424216,466787,2 Kings,14,13,יהואש,nmpr,pers,A:person-candidate,Other Tanakh
203916,1424216,466787,2 Kings,14,13,מלך,subs,,B:deity-candidate,Other Tanakh
203917,1424216,466787,2 Kings,14,13,ישראל,nmpr,"pers,gens,topo",F:unclassified-name,Other Tanakh
203919,1424216,466787,2 Kings,14,13,בית שמש,nmpr,topo,F:unclassified-name,Other Tanakh
203922,1424216,466788,2 Kings,14,13,ירושלם,nmpr,topo,F:unclassified-name,Other Tanakh
203927,1424216,466789,2 Kings,14,13,ירושלם,nmpr,topo,F:unclassified-name,Other Tanakh
203930,1424216,466789,2 Kings,14,13,אפרים,nmpr,"pers,gens,topo",F:unclassified-name,Other Tanakh
203955,1424217,466791,2 Kings,14,14,יהוה,nmpr,pers,E:YHWH,Other Tanakh
203961,1424217,466791,2 Kings,14,14,מלך,subs,,B:deity-candidate,Other Tanakh
203969,1424217,466792,2 Kings,14,14,שמרון,nmpr,topo,F:unclassified-name,Other Tanakh
203973,1424218,466793,2 Kings,14,15,יהואש,nmpr,pers,A:person-candidate,Other Tanakh
203982,1424218,466795,2 Kings,14,15,אמציהו,nmpr,pers,A:person-candidate,Other Tanakh
203983,1424218,466795,2 Kings,14,15,מלך,subs,,B:deity-candidate,Other Tanakh
203984,1424218,466795,2 Kings,14,15,יהודה,nmpr,"pers,gens,topo",F:unclassified-name,Other Tanakh
203995,1424218,466796,2 Kings,14,15,מלך,subs,,B:deity-candidate,Other Tanakh
203996,1424218,466796,2 Kings,14,15,ישראל,nmpr,"pers,gens,topo",F:unclassified-name,Other Tanakh
203999,1424219,466797,2 Kings,14,16,יהואש,nmpr,pers,A:person-candidate,Other Tanakh
204005,1424219,466798,2 Kings,14,16,שמרון,nmpr,topo,F:unclassified-name,Other Tanakh
204007,1424219,466798,2 Kings,14,16,מלך,subs,,B:deity-candidate,Other Tanakh
204008,1424219,466798,2 Kings,14,16,ישראל,nmpr,"pers,gens,topo",F:unclassified-name,Other Tanakh
204010,1424219,466799,2 Kings,14,16,מלך,verb,,B:deity-candidate,Other Tanakh
204011,1424219,466799,2 Kings,14,16,ירבעם,nmpr,pers,A:person-candidate,Other Tanakh
204016,1424220,466800,2 Kings,14,17,אמציהו,nmpr,pers,A:person-candidate,Other Tanakh
204018,1424220,466800,2 Kings,14,17,יואש,nmpr,pers,A:person-candidate,Other Tanakh
204019,1424220,466800,2 Kings,14,17,מלך,subs,,B:deity-candidate,Other Tanakh
204020,1424220,466800,2 Kings,14,17,יהודה,nmpr,"pers,gens,topo",F:unclassified-name,Other Tanakh
204023,1424220,466800,2 Kings,14,17,יהואש,nmpr,pers,A:person-candidate,Other Tanakh
204025,1424220,466800,2 Kings,14,17,יהואחז,nmpr,pers,A:person-candidate,Other Tanakh
204026,1424220,466800,2 Kings,14,17,מלך,subs,,B:deity-candidate,Other Tanakh
204027,1424220,466800,2 Kings,14,17,ישראל,nmpr,"pers,gens,topo",F:unclassified-name,Other Tanakh
204034,1424221,466801,2 Kings,14,18,אמציהו,nmpr,pers,A:person-candidate,Other Tanakh
204045,1424221,466802,2 Kings,14,18,מלך,subs,,B:deity-candidate,Other Tanakh
204046,1424221,466802,2 Kings,14,18,יהודה,nmpr,"pers,gens,topo",F:unclassified-name,Other Tanakh
204052,1424222,466803,2 Kings,14,19,ירושלם,nmpr,topo,F:unclassified-name,Other Tanakh
204055,1424222,466804,2 Kings,14,19,לכיש,nmpr,topo,F:unclassified-name,Other Tanakh
204059,1424222,466805,2 Kings,14,19,לכיש,nmpr,topo,F:unclassified-name,Other Tanakh
204072,1424223,466808,2 Kings,14,20,ירושלם,nmpr,topo,F:unclassified-name,Other Tanakh
204077,1424223,466808,2 Kings,14,20,דוד,nmpr,pers,A:person-candidate,Other Tanakh
204082,1424224,466809,2 Kings,14,21,יהודה,nmpr,"pers,gens,topo",F:unclassified-name,Other Tanakh
204084,1424224,466809,2 Kings,14,21,עזריה,nmpr,pers,A:person-candidate,Other Tanakh
204092,1424224,466811,2 Kings,14,21,מלך,verb,,B:deity-candidate,Other Tanakh
204096,1424224,466811,2 Kings,14,21,אמציהו,nmpr,pers,A:person-candidate,Other Tanakh
204100,1424225,466812,2 Kings,14,22,אילת,nmpr,topo,F:unclassified-name,Other Tanakh
204104,1424225,466813,2 Kings,14,22,יהודה,nmpr,"pers,gens,topo",F:unclassified-name,Other Tanakh
204108,1424225,466814,2 Kings,14,22,מלך,subs,,B:deity-candidate,Other Tanakh
204117,1424226,466815,2 Kings,14,23,אמציהו,nmpr,pers,A:person-candidate,Other Tanakh
204119,1424226,466815,2 Kings,14,23,יואש,nmpr,pers,A:person-candidate,Other Tanakh
204120,1424226,466815,2 Kings,14,23,מלך,subs,,B:deity-candidate,Other Tanakh
204121,1424226,466815,2 Kings,14,23,יהודה,nmpr,"pers,gens,topo",F:unclassified-name,Other Tanakh
204122,1424226,466815,2 Kings,14,23,מלך,verb,,B:deity-candidate,Other Tanakh
204123,1424226,466815,2 Kings,14,23,ירבעם,nmpr,pers,A:person-candidate,Other Tanakh
204125,1424226,466815,2 Kings,14,23,יואש,nmpr,pers,A:person-candidate,Other Tanakh
204126,1424226,466815,2 Kings,14,23,מלך,subs,,B:deity-candidate,Other Tanakh
204127,1424226,466815,2 Kings,14,23,ישראל,nmpr,"pers,gens,topo",F:unclassified-name,Other Tanakh
204129,1424226,466815,2 Kings,14,23,שמרון,nmpr,topo,F:unclassified-name,Other Tanakh
204140,1424227,466817,2 Kings,14,24,יהוה,nmpr,pers,E:YHWH,Other Tanakh
204146,1424227,466818,2 Kings,14,24,ירבעם,nmpr,pers,A:person-candidate,Other Tanakh
204148,1424227,466818,2 Kings,14,24,נבט,nmpr,pers,A:person-candidate,Other Tanakh
204152,1424227,466819,2 Kings,14,24,ישראל,nmpr,"pers,gens,topo",F:unclassified-name,Other Tanakh
204157,1424228,466820,2 Kings,14,25,ישראל,nmpr,"pers,gens,topo",F:unclassified-name,Other Tanakh
204161,1424228,466821,2 Kings,14,25,חמת,nmpr,topo,F:unclassified-name,Other Tanakh
204168,1424228,466820,2 Kings,14,25,יהוה,nmpr,pers,E:YHWH,Other Tanakh
204169,1424228,466820,2 Kings,14,25,אלהים,subs,,D:Elohim,Other Tanakh
204170,1424228,466820,2 Kings,14,25,ישראל,nmpr,"pers,gens,topo",F:unclassified-name,Other Tanakh
204176,1424228,466822,2 Kings,14,25,יונה,nmpr,pers,A:person-candidate,Other Tanakh
204178,1424228,466822,2 Kings,14,25,אמתי,nmpr,pers,A:person-candidate,Other Tanakh
204183,1424228,466823,2 Kings,14,25,גת החפר,nmpr,topo,F:unclassified-name,Other Tanakh
204186,1424229,466824,2 Kings,14,26,יהוה,nmpr,pers,E:YHWH,Other Tanakh
204189,1424229,466824,2 Kings,14,26,ישראל,nmpr,"pers,gens,topo",F:unclassified-name,Other Tanakh
204202,1424229,466828,2 Kings,14,26,ישראל,nmpr,"pers,gens,topo",F:unclassified-name,Other Tanakh
204206,1424230,466829,2 Kings,14,27,יהוה,nmpr,pers,E:YHWH,Other Tanakh
204211,1424230,466830,2 Kings,14,27,ישראל,nmpr,"pers,gens,topo",F:unclassified-name,Other Tanakh
204220,1424230,466831,2 Kings,14,27,ירבעם,nmpr,pers,A:person-candidate,Other Tanakh
204222,1424230,466831,2 Kings,14,27,יואש,nmpr,pers,A:person-candidate,Other Tanakh
204226,1424231,466832,2 Kings,14,28,ירבעם,nmpr,pers,A:person-candidate,Other Tanakh
204239,1424231,466835,2 Kings,14,28,דמשק,nmpr,topo,F:unclassified-name,Other Tanakh
204242,1424231,466835,2 Kings,14,28,חמת,nmpr,topo,F:unclassified-name,Other Tanakh
204244,1424231,466835,2 Kings,14,28,יהודה,nmpr,"pers,gens,topo",F:unclassified-name,Other Tanakh
204246,1424231,466835,2 Kings,14,28,ישראל,nmpr,"pers,gens,topo",F:unclassified-name,Other Tanakh
204257,1424231,466836,2 Kings,14,28,מלך,subs,,B:deity-candidate,Other Tanakh
204258,1424231,466836,2 Kings,14,28,ישראל,nmpr,"pers,gens,topo",F:unclassified-name,Other Tanakh
204261,1424232,466837,2 Kings,14,29,ירבעם,nmpr,pers,A:person-candidate,Other Tanakh
204265,1424232,466837,2 Kings,14,29,מלך,subs,,B:deity-candidate,Other Tanakh
204266,1424232,466837,2 Kings,14,29,ישראל,nmpr,"pers,gens,topo",F:unclassified-name,Other Tanakh
204268,1424232,466838,2 Kings,14,29,מלך,verb,,B:deity-candidate,Other Tanakh
204269,1424232,466838,2 Kings,14,29,זכריה,nmpr,pers,A:person-candidate,Other Tanakh
204279,1424233,466839,2 Kings,15,1,ירבעם,nmpr,pers,A:person-candidate,Other Tanakh
204280,1424233,466839,2 Kings,15,1,מלך,subs,,B:deity-candidate,Other Tanakh
204281,1424233,466839,2 Kings,15,1,ישראל,nmpr,"pers,gens,topo",F:unclassified-name,Other Tanakh
204282,1424233,466839,2 Kings,15,1,מלך,verb,,B:deity-candidate,Other Tanakh
204283,1424233,466839,2 Kings,15,1,עזריה,nmpr,pers,A:person-candidate,Other Tanakh
204285,1424233,466839,2 Kings,15,1,אמציה,nmpr,pers,A:person-candidate,Other Tanakh
204286,1424233,466839,2 Kings,15,1,מלך,subs,,B:deity-candidate,Other Tanakh
204287,1424233,466839,2 Kings,15,1,יהודה,nmpr,"pers,gens,topo",F:unclassified-name,Other Tanakh
204294,1424234,466841,2 Kings,15,2,מלך,verb,,B:deity-candidate,Other Tanakh
204300,1424234,466842,2 Kings,15,2,מלך,verb,,B:deity-candidate,Other Tanakh
204302,1424234,466842,2 Kings,15,2,ירושלם,nmpr,topo,F:unclassified-name,Other Tanakh
204306,1424234,466843,2 Kings,15,2,יכליהו,nmpr,pers,A:person-candidate,Other Tanakh
204308,1424234,466843,2 Kings,15,2,ירושלם,nmpr,topo,F:unclassified-name,Other Tanakh
204315,1424235,466845,2 Kings,15,3,יהוה,nmpr,pers,E:YHWH,Other Tanakh
204320,1424235,466846,2 Kings,15,3,אמציהו,nmpr,pers,A:person-candidate,Other Tanakh
204338,1424237,466850,2 Kings,15,5,יהוה,nmpr,pers,E:YHWH,Other Tanakh
204341,1424237,466850,2 Kings,15,5,מלך,subs,,B:deity-candidate,Other Tanakh
204355,1424237,466853,2 Kings,15,5,יותם,nmpr,pers,A:person-candidate,Other Tanakh
204358,1424237,466853,2 Kings,15,5,מלך,subs,,B:deity-candidate,Other Tanakh
204370,1424238,466855,2 Kings,15,6,עזריהו,nmpr,pers,A:person-candidate,Other Tanakh
204385,1424238,466857,2 Kings,15,6,מלך,subs,,B:deity-candidate,Other Tanakh
204386,1424238,466857,2 Kings,15,6,יהודה,nmpr,"pers,gens,topo",F:unclassified-name,Other Tanakh
204389,1424239,466858,2 Kings,15,7,עזריה,nmpr,pers,A:person-candidate,Other Tanakh
204399,1424239,466859,2 Kings,15,7,דוד,nmpr,pers,A:person-candidate,Other Tanakh
204401,1424239,466860,2 Kings,15,7,מלך,verb,,B:deity-candidate,Other Tanakh
204402,1424239,466860,2 Kings,15,7,יותם,nmpr,pers,A:person-candidate,Other Tanakh
204412,1424240,466861,2 Kings,15,8,עזריהו,nmpr,pers,A:person-candidate,Other Tanakh
204413,1424240,466861,2 Kings,15,8,מלך,subs,,B:deity-candidate,Other Tanakh
204414,1424240,466861,2 Kings,15,8,יהודה,nmpr,"pers,gens,topo",F:unclassified-name,Other Tanakh
204415,1424240,466861,2 Kings,15,8,מלך,verb,,B:deity-candidate,Other Tanakh
204416,1424240,466861,2 Kings,15,8,זכריהו,nmpr,pers,A:person-candidate,Other Tanakh
204418,1424240,466861,2 Kings,15,8,ירבעם,nmpr,pers,A:person-candidate,Other Tanakh
204420,1424240,466861,2 Kings,15,8,ישראל,nmpr,"pers,gens,topo",F:unclassified-name,Other Tanakh
204422,1424240,466861,2 Kings,15,8,שמרון,nmpr,topo,F:unclassified-name,Other Tanakh
204431,1424241,466863,2 Kings,15,9,יהוה,nmpr,pers,E:YHWH,Other Tanakh
204440,1424241,466865,2 Kings,15,9,ירבעם,nmpr,pers,A:person-candidate,Other Tanakh
204442,1424241,466865,2 Kings,15,9,נבט,nmpr,pers,A:person-candidate,Other Tanakh
204446,1424241,466866,2 Kings,15,9,ישראל,nmpr,"pers,gens,topo",F:unclassified-name,Other Tanakh
204450,1424242,466867,2 Kings,15,10,שלום,nmpr,pers,A:person-candidate,Other Tanakh
204452,1424242,466867,2 Kings,15,10,יביש,nmpr,pers,A:person-candidate,Other Tanakh
204460,1424242,466870,2 Kings,15,10,מלך,verb,,B:deity-candidate,Other Tanakh
204465,1424243,466871,2 Kings,15,11,זכריה,nmpr,pers,A:person-candidate,Other Tanakh
204474,1424243,466872,2 Kings,15,11,מלך,subs,,B:deity-candidate,Other Tanakh
204475,1424243,466872,2 Kings,15,11,ישראל,nmpr,"pers,gens,topo",F:unclassified-name,Other Tanakh
204478,1424244,466873,2 Kings,15,12,יהוה,nmpr,pers,E:YHWH,Other Tanakh
204481,1424244,466874,2 Kings,15,12,אל,prep,,C:divine-title-candidate,Other Tanakh
204482,1424244,466874,2 Kings,15,12,יהוא,nmpr,pers,A:person-candidate,Other Tanakh
204491,1424244,466876,2 Kings,15,12,ישראל,nmpr,"pers,gens,topo",F:unclassified-name,Other Tanakh
204495,1424245,466878,2 Kings,15,13,שלום,nmpr,pers,A:person-candidate,Other Tanakh
204497,1424245,466878,2 Kings,15,13,יביש,nmpr,pers,A:person-candidate,Other Tanakh
204498,1424245,466878,2 Kings,15,13,מלך,verb,,B:deity-candidate,Other Tanakh
204506,1424245,466878,2 Kings,15,13,עזיה,nmpr,pers,A:person-candidate,Other Tanakh
204507,1424245,466878,2 Kings,15,13,מלך,subs,,B:deity-candidate,Other Tanakh
204508,1424245,466878,2 Kings,15,13,יהודה,nmpr,"pers,gens,topo",F:unclassified-name,Other Tanakh
204510,1424245,466879,2 Kings,15,13,מלך,verb,,B:deity-candidate,Other Tanakh
204514,1424245,466879,2 Kings,15,13,שמרון,nmpr,topo,F:unclassified-name,Other Tanakh
204517,1424246,466880,2 Kings,15,14,מנחם,nmpr,pers,A:person-candidate,Other Tanakh
204519,1424246,466880,2 Kings,15,14,גדי,nmpr,pers,A:person-candidate,Other Tanakh
204521,1424246,466880,2 Kings,15,14,תרצה,nmpr,topo,F:unclassified-name,Other Tanakh
204524,1424246,466881,2 Kings,15,14,שמרון,nmpr,topo,F:unclassified-name,Other Tanakh
204528,1424246,466882,2 Kings,15,14,שלום,nmpr,pers,A:person-candidate,Other Tanakh
204530,1424246,466882,2 Kings,15,14,יביש,nmpr,pers,A:person-candidate,Other Tanakh
204532,1424246,466882,2 Kings,15,14,שמרון,nmpr,topo,F:unclassified-name,Other Tanakh
204536,1424246,466884,2 Kings,15,14,מלך,verb,,B:deity-candidate,Other Tanakh
204541,1424247,466885,2 Kings,15,15,שלום,nmpr,pers,A:person-candidate,Other Tanakh
204554,1424247,466887,2 Kings,15,15,מלך,subs,,B:deity-candidate,Other Tanakh
204555,1424247,466887,2 Kings,15,15,ישראל,nmpr,"pers,gens,topo",F:unclassified-name,Other Tanakh
204558,1424248,466888,2 Kings,15,16,מנחם,nmpr,pers,A:person-candidate,Other Tanakh
204560,1424248,466888,2 Kings,15,16,תפסח,nmpr,topo,F:unclassified-name,Other Tanakh
204570,1424248,466888,2 Kings,15,16,תרצה,nmpr,topo,F:unclassified-name,Other Tanakh
204588,1424249,466893,2 Kings,15,17,עזריה,nmpr,pers,A:person-candidate,Other Tanakh
204589,1424249,466893,2 Kings,15,17,מלך,subs,,B:deity-candidate,Other Tanakh
204590,1424249,466893,2 Kings,15,17,יהודה,nmpr,"pers,gens,topo",F:unclassified-name,Other Tanakh
204591,1424249,466893,2 Kings,15,17,מלך,verb,,B:deity-candidate,Other Tanakh
204592,1424249,466893,2 Kings,15,17,מנחם,nmpr,pers,A:person-candidate,Other Tanakh
204594,1424249,466893,2 Kings,15,17,גדי,nmpr,pers,A:person-candidate,Other Tanakh
204596,1424249,466893,2 Kings,15,17,ישראל,nmpr,"pers,gens,topo",F:unclassified-name,Other Tanakh
204600,1424249,466893,2 Kings,15,17,שמרון,nmpr,topo,F:unclassified-name,Other Tanakh
204607,1424250,466895,2 Kings,15,18,יהוה,nmpr,pers,E:YHWH,Other Tanakh
204613,1424250,466896,2 Kings,15,18,ירבעם,nmpr,pers,A:person-candidate,Other Tanakh
204615,1424250,466896,2 Kings,15,18,נבט,nmpr,pers,A:person-candidate,Other Tanakh
204619,1424250,466897,2 Kings,15,18,ישראל,nmpr,"pers,gens,topo",F:unclassified-name,Other Tanakh
204623,1424251,466898,2 Kings,15,19,פול,nmpr,pers,A:person-candidate,Other Tanakh
204624,1424251,466898,2 Kings,15,19,מלך,subs,,B:deity-candidate,Other Tanakh
204625,1424251,466898,2 Kings,15,19,אשור,nmpr,topo,F:unclassified-name,Other Tanakh
204631,1424251,466899,2 Kings,15,19,מנחם,nmpr,pers,A:person-candidate,Other Tanakh
204633,1424251,466899,2 Kings,15,19,פול,nmpr,pers,A:person-candidate,Other Tanakh
204649,1424252,466902,2 Kings,15,20,מנחם,nmpr,pers,A:person-candidate,Other Tanakh
204654,1424252,466902,2 Kings,15,20,ישראל,nmpr,"pers,gens,topo",F:unclassified-name,Other Tanakh
204663,1424252,466903,2 Kings,15,20,מלך,subs,,B:deity-candidate,Other Tanakh
204664,1424252,466903,2 Kings,15,20,אשור,nmpr,topo,F:unclassified-name,Other Tanakh
204673,1424252,466905,2 Kings,15,20,מלך,subs,,B:deity-candidate,Other Tanakh
204674,1424252,466905,2 Kings,15,20,אשור,nmpr,topo,F:unclassified-name,Other Tanakh
204685,1424253,466907,2 Kings,15,21,מנחם,nmpr,pers,A:person-candidate,Other Tanakh
204700,1424253,466909,2 Kings,15,21,מלך,subs,,B:deity-candidate,Other Tanakh
204701,1424253,466909,2 Kings,15,21,ישראל,nmpr,"pers,gens,topo",F:unclassified-name,Other Tanakh
204704,1424254,466910,2 Kings,15,22,מנחם,nmpr,pers,A:person-candidate,Other Tanakh
204708,1424254,466911,2 Kings,15,22,מלך,verb,,B:deity-candidate,Other Tanakh
204709,1424254,466911,2 Kings,15,22,פקחיה,nmpr,pers,A:person-candidate,Other Tanakh
204717,1424255,466912,2 Kings,15,23,עזריה,nmpr,pers,A:person-candidate,Other Tanakh
204718,1424255,466912,2 Kings,15,23,מלך,subs,,B:deity-candidate,Other Tanakh
204719,1424255,466912,2 Kings,15,23,יהודה,nmpr,"pers,gens,topo",F:unclassified-name,Other Tanakh
204720,1424255,466912,2 Kings,15,23,מלך,verb,,B:deity-candidate,Other Tanakh
204721,1424255,466912,2 Kings,15,23,פקחיה,nmpr,pers,A:person-candidate,Other Tanakh
204723,1424255,466912,2 Kings,15,23,מנחם,nmpr,pers,A:person-candidate,Other Tanakh
204725,1424255,466912,2 Kings,15,23,ישראל,nmpr,"pers,gens,topo",F:unclassified-name,Other Tanakh
204727,1424255,466912,2 Kings,15,23,שמרון,nmpr,topo,F:unclassified-name,Other Tanakh
204735,1424256,466914,2 Kings,15,24,יהוה,nmpr,pers,E:YHWH,Other Tanakh
204740,1424256,466915,2 Kings,15,24,ירבעם,nmpr,pers,A:person-candidate,Other Tanakh
204742,1424256,466915,2 Kings,15,24,נבט,nmpr,pers,A:person-candidate,Other Tanakh
204746,1424256,466916,2 Kings,15,24,ישראל,nmpr,"pers,gens,topo",F:unclassified-name,Other Tanakh
204750,1424257,466917,2 Kings,15,25,פקח,nmpr,pers,A:person-candidate,Other Tanakh
204752,1424257,466917,2 Kings,15,25,רמליהו,nmpr,pers,A:person-candidate,Other Tanakh
204757,1424257,466918,2 Kings,15,25,שמרון,nmpr,topo,F:unclassified-name,Other Tanakh
204762,1424257,466918,2 Kings,15,25,מלך,subs,,B:deity-candidate,Other Tanakh
204764,1424257,466918,2 Kings,15,25,ארגב,nmpr,topo,F:unclassified-name,Other Tanakh
204768,1424257,466918,2 Kings,15,25,אריה,nmpr,pers,A:person-candidate,Other Tanakh
204779,1424257,466921,2 Kings,15,25,מלך,verb,,B:deity-candidate,Other Tanakh
204784,1424258,466922,2 Kings,15,26,פקחיה,nmpr,pers,A:person-candidate,Other Tanakh
204797,1424258,466924,2 Kings,15,26,מלך,subs,,B:deity-candidate,Other Tanakh
204798,1424258,466924,2 Kings,15,26,ישראל,nmpr,"pers,gens,topo",F:unclassified-name,Other Tanakh
204806,1424259,466925,2 Kings,15,27,עזריה,nmpr,pers,A:person-candidate,Other Tanakh
204807,1424259,466925,2 Kings,15,27,מלך,subs,,B:deity-candidate,Other Tanakh
204808,1424259,466925,2 Kings,15,27,יהודה,nmpr,"pers,gens,topo",F:unclassified-name,Other Tanakh
204809,1424259,466925,2 Kings,15,27,מלך,verb,,B:deity-candidate,Other Tanakh
204810,1424259,466925,2 Kings,15,27,פקח,nmpr,pers,A:person-candidate,Other Tanakh
204812,1424259,466925,2 Kings,15,27,רמליהו,nmpr,pers,A:person-candidate,Other Tanakh
204814,1424259,466925,2 Kings,15,27,ישראל,nmpr,"pers,gens,topo",F:unclassified-name,Other Tanakh
204816,1424259,466925,2 Kings,15,27,שמרון,nmpr,topo,F:unclassified-name,Other Tanakh
204825,1424260,466927,2 Kings,15,28,יהוה,nmpr,pers,E:YHWH,Other Tanakh
204830,1424260,466928,2 Kings,15,28,ירבעם,nmpr,pers,A:person-candidate,Other Tanakh
204832,1424260,466928,2 Kings,15,28,נבט,nmpr,pers,A:person-candidate,Other Tanakh
204836,1424260,466929,2 Kings,15,28,ישראל,nmpr,"pers,gens,topo",F:unclassified-name,Other Tanakh
204839,1424261,466930,2 Kings,15,29,פקח,nmpr,pers,A:person-candidate,Other Tanakh
204840,1424261,466930,2 Kings,15,29,מלך,subs,,B:deity-candidate,Other Tanakh
204841,1424261,466930,2 Kings,15,29,ישראל,nmpr,"pers,gens,topo",F:unclassified-name,Other Tanakh
204843,1424261,466930,2 Kings,15,29,תגלת פלאסר,nmpr,pers,A:person-candidate,Other Tanakh
204844,1424261,466930,2 Kings,15,29,מלך,subs,,B:deity-candidate,Other Tanakh
204845,1424261,466930,2 Kings,15,29,אשור,nmpr,topo,F:unclassified-name,Other Tanakh
204849,1424261,466931,2 Kings,15,29,עיון,nmpr,topo,F:unclassified-name,Other Tanakh
204852,1424261,466931,2 Kings,15,29,אבל בית מעכה,nmpr,topo,F:unclassified-name,Other Tanakh
204855,1424261,466931,2 Kings,15,29,ינוח,nmpr,topo,F:unclassified-name,Other Tanakh
204858,1424261,466931,2 Kings,15,29,קדש,nmpr,topo,F:unclassified-name,Other Tanakh
204861,1424261,466931,2 Kings,15,29,חצור,nmpr,topo,F:unclassified-name,Other Tanakh
204865,1424261,466931,2 Kings,15,29,גלעד,nmpr,topo,F:unclassified-name,Other Tanakh
204869,1424261,466931,2 Kings,15,29,גליל,nmpr,topo,F:unclassified-name,Other Tanakh
204872,1424261,466931,2 Kings,15,29,נפתלי,nmpr,"pers,gens,topo",F:unclassified-name,Other Tanakh
204875,1424261,466932,2 Kings,15,29,אשור,nmpr,topo,F:unclassified-name,Other Tanakh
204879,1424262,466933,2 Kings,15,30,הושע,nmpr,pers,A:person-candidate,Other Tanakh
204881,1424262,466933,2 Kings,15,30,אלה,nmpr,pers,A:person-candidate,Other Tanakh
204883,1424262,466933,2 Kings,15,30,פקח,nmpr,pers,A:person-candidate,Other Tanakh
204885,1424262,466933,2 Kings,15,30,רמליהו,nmpr,pers,A:person-candidate,Other Tanakh
204891,1424262,466936,2 Kings,15,30,מלך,verb,,B:deity-candidate,Other Tanakh
204897,1424262,466936,2 Kings,15,30,יותם,nmpr,pers,A:person-candidate,Other Tanakh
204899,1424262,466936,2 Kings,15,30,עזיה,nmpr,pers,A:person-candidate,Other Tanakh
204903,1424263,466937,2 Kings,15,31,פקח,nmpr,pers,A:person-candidate,Other Tanakh
204916,1424263,466939,2 Kings,15,31,מלך,subs,,B:deity-candidate,Other Tanakh
204917,1424263,466939,2 Kings,15,31,ישראל,nmpr,"pers,gens,topo",F:unclassified-name,Other Tanakh
204922,1424264,466940,2 Kings,15,32,פקח,nmpr,pers,A:person-candidate,Other Tanakh
204924,1424264,466940,2 Kings,15,32,רמליהו,nmpr,pers,A:person-candidate,Other Tanakh
204925,1424264,466940,2 Kings,15,32,מלך,subs,,B:deity-candidate,Other Tanakh
204926,1424264,466940,2 Kings,15,32,ישראל,nmpr,"pers,gens,topo",F:unclassified-name,Other Tanakh
204927,1424264,466940,2 Kings,15,32,מלך,verb,,B:deity-candidate,Other Tanakh
204928,1424264,466940,2 Kings,15,32,יותם,nmpr,pers,A:person-candidate,Other Tanakh
204930,1424264,466940,2 Kings,15,32,עזיהו,nmpr,pers,A:person-candidate,Other Tanakh
204931,1424264,466940,2 Kings,15,32,מלך,subs,,B:deity-candidate,Other Tanakh
204932,1424264,466940,2 Kings,15,32,יהודה,nmpr,"pers,gens,topo",F:unclassified-name,Other Tanakh
204940,1424265,466942,2 Kings,15,33,מלך,verb,,B:deity-candidate,Other Tanakh
204945,1424265,466943,2 Kings,15,33,מלך,verb,,B:deity-candidate,Other Tanakh
204947,1424265,466943,2 Kings,15,33,ירושלם,nmpr,topo,F:unclassified-name,Other Tanakh
204951,1424265,466944,2 Kings,15,33,ירושא,nmpr,pers,A:person-candidate,Other Tanakh
204953,1424265,466944,2 Kings,15,33,צדוק,nmpr,pers,A:person-candidate,Other Tanakh
204960,1424266,466946,2 Kings,15,34,יהוה,nmpr,pers,E:YHWH,Other Tanakh
204965,1424266,466948,2 Kings,15,34,עזיהו,nmpr,pers,A:person-candidate,Other Tanakh
204987,1424267,466952,2 Kings,15,35,יהוה,nmpr,pers,E:YHWH,Other Tanakh
204989,1424267,466952,2 Kings,15,35,עליון,adjv,,C:divine-title-candidate,Other Tanakh
204993,1424268,466953,2 Kings,15,36,יותם,nmpr,pers,A:person-candidate,Other Tanakh
205006,1424268,466955,2 Kings,15,36,מלך,subs,,B:deity-candidate,Other Tanakh
205007,1424268,466955,2 Kings,15,36,יהודה,nmpr,"pers,gens,topo",F:unclassified-name,Other Tanakh
205014,1424269,466956,2 Kings,15,37,יהוה,nmpr,pers,E:YHWH,Other Tanakh
205018,1424269,466957,2 Kings,15,37,יהודה,nmpr,"pers,gens,topo",F:unclassified-name,Other Tanakh
205019,1424269,466957,2 Kings,15,37,רצין,nmpr,pers,A:person-candidate,Other Tanakh
205020,1424269,466957,2 Kings,15,37,מלך,subs,,B:deity-candidate,Other Tanakh
205021,1424269,466957,2 Kings,15,37,ארם,nmpr,topo,F:unclassified-name,Other Tanakh
205024,1424269,466957,2 Kings,15,37,פקח,nmpr,pers,A:person-candidate,Other Tanakh
205026,1424269,466957,2 Kings,15,37,רמליהו,nmpr,pers,A:person-candidate,Other Tanakh
205029,1424270,466958,2 Kings,15,38,יותם,nmpr,pers,A:person-candidate,Other Tanakh
205038,1424270,466959,2 Kings,15,38,דוד,nmpr,pers,A:person-candidate,Other Tanakh
205041,1424270,466960,2 Kings,15,38,מלך,verb,,B:deity-candidate,Other Tanakh
205042,1424270,466960,2 Kings,15,38,אחז,nmpr,pers,A:person-candidate,Other Tanakh
205051,1424271,466961,2 Kings,16,1,פקח,nmpr,pers,A:person-candidate,Other Tanakh
205053,1424271,466961,2 Kings,16,1,רמליהו,nmpr,pers,A:person-candidate,Other Tanakh
205054,1424271,466961,2 Kings,16,1,מלך,verb,,B:deity-candidate,Other Tanakh
205055,1424271,466961,2 Kings,16,1,אחז,nmpr,pers,A:person-candidate,Other Tanakh
205057,1424271,466961,2 Kings,16,1,יותם,nmpr,pers,A:person-candidate,Other Tanakh
205058,1424271,466961,2 Kings,16,1,מלך,subs,,B:deity-candidate,Other Tanakh
205059,1424271,466961,2 Kings,16,1,יהודה,nmpr,"pers,gens,topo",F:unclassified-name,Other Tanakh
205063,1424272,466962,2 Kings,16,2,אחז,nmpr,pers,A:person-candidate,Other Tanakh
205065,1424272,466963,2 Kings,16,2,מלך,verb,,B:deity-candidate,Other Tanakh
205070,1424272,466964,2 Kings,16,2,מלך,verb,,B:deity-candidate,Other Tanakh
205072,1424272,466964,2 Kings,16,2,ירושלם,nmpr,topo,F:unclassified-name,Other Tanakh
205080,1424272,466966,2 Kings,16,2,יהוה,nmpr,pers,E:YHWH,Other Tanakh
205081,1424272,466966,2 Kings,16,2,אלהים,subs,,D:Elohim,Other Tanakh
205083,1424272,466965,2 Kings,16,2,דוד,nmpr,pers,A:person-candidate,Other Tanakh
205089,1424273,466967,2 Kings,16,3,מלך,subs,,B:deity-candidate,Other Tanakh
205090,1424273,466967,2 Kings,16,3,ישראל,nmpr,"pers,gens,topo",F:unclassified-name,Other Tanakh
205105,1424273,466969,2 Kings,16,3,יהוה,nmpr,pers,E:YHWH,Other Tanakh
205110,1424273,466969,2 Kings,16,3,ישראל,nmpr,"pers,gens,topo",F:unclassified-name,Other Tanakh
205129,1424275,466972,2 Kings,16,5,רצין,nmpr,pers,A:person-candidate,Other Tanakh
205130,1424275,466972,2 Kings,16,5,מלך,subs,,B:deity-candidate,Other Tanakh
205131,1424275,466972,2 Kings,16,5,ארם,nmpr,topo,F:unclassified-name,Other Tanakh
205133,1424275,466972,2 Kings,16,5,פקח,nmpr,pers,A:person-candidate,Other Tanakh
205135,1424275,466972,2 Kings,16,5,רמליהו,nmpr,pers,A:person-candidate,Other Tanakh
205136,1424275,466972,2 Kings,16,5,מלך,subs,,B:deity-candidate,Other Tanakh
205137,1424275,466972,2 Kings,16,5,ישראל,nmpr,"pers,gens,topo",F:unclassified-name,Other Tanakh
205138,1424275,466972,2 Kings,16,5,ירושלם,nmpr,topo,F:unclassified-name,Other Tanakh
205145,1424275,466973,2 Kings,16,5,אחז,nmpr,pers,A:person-candidate,Other Tanakh
205157,1424276,466976,2 Kings,16,6,רצין,nmpr,pers,A:person-candidate,Other Tanakh
205158,1424276,466976,2 Kings,16,6,מלך,subs,,B:deity-candidate,Other Tanakh
205159,1424276,466976,2 Kings,16,6,ארם,nmpr,topo,F:unclassified-name,Other Tanakh
205161,1424276,466976,2 Kings,16,6,אילת,nmpr,topo,F:unclassified-name,Other Tanakh
205163,1424276,466976,2 Kings,16,6,ארם,nmpr,topo,F:unclassified-name,Other Tanakh
205170,1424276,466977,2 Kings,16,6,אילת,nmpr,topo,F:unclassified-name,Other Tanakh
205174,1424276,466978,2 Kings,16,6,אילת,nmpr,topo,F:unclassified-name,Other Tanakh
205185,1424277,466980,2 Kings,16,7,אחז,nmpr,pers,A:person-candidate,Other Tanakh
205187,1424277,466980,2 Kings,16,7,אל,prep,,C:divine-title-candidate,Other Tanakh
205188,1424277,466980,2 Kings,16,7,תגלת פלאסר,nmpr,pers,A:person-candidate,Other Tanakh
205189,1424277,466980,2 Kings,16,7,מלך,subs,,B:deity-candidate,Other Tanakh
205190,1424277,466980,2 Kings,16,7,אשור,nmpr,topo,F:unclassified-name,Other Tanakh
205202,1424277,466984,2 Kings,16,7,מלך,subs,,B:deity-candidate,Other Tanakh
205203,1424277,466984,2 Kings,16,7,ארם,nmpr,topo,F:unclassified-name,Other Tanakh
205207,1424277,466984,2 Kings,16,7,מלך,subs,,B:deity-candidate,Other Tanakh
205208,1424277,466984,2 Kings,16,7,ישראל,nmpr,"pers,gens,topo",F:unclassified-name,Other Tanakh
205214,1424278,466986,2 Kings,16,8,אחז,nmpr,pers,A:person-candidate,Other Tanakh
205225,1424278,466987,2 Kings,16,8,יהוה,nmpr,pers,E:YHWH,Other Tanakh
205231,1424278,466987,2 Kings,16,8,מלך,subs,,B:deity-candidate,Other Tanakh
205235,1424278,466988,2 Kings,16,8,מלך,subs,,B:deity-candidate,Other Tanakh
205236,1424278,466988,2 Kings,16,8,אשור,nmpr,topo,F:unclassified-name,Other Tanakh
205240,1424279,466989,2 Kings,16,9,אל,prep,,C:divine-title-candidate,Other Tanakh
205241,1424279,466989,2 Kings,16,9,מלך,subs,,B:deity-candidate,Other Tanakh
205242,1424279,466989,2 Kings,16,9,אשור,nmpr,topo,F:unclassified-name,Other Tanakh
205245,1424279,466990,2 Kings,16,9,מלך,subs,,B:deity-candidate,Other Tanakh
205246,1424279,466990,2 Kings,16,9,אשור,nmpr,topo,F:unclassified-name,Other Tanakh
205247,1424279,466990,2 Kings,16,9,אל,prep,,C:divine-title-candidate,Other Tanakh
205248,1424279,466990,2 Kings,16,9,דמשק,nmpr,topo,F:unclassified-name,Other Tanakh
205253,1424279,466992,2 Kings,16,9,קיר,nmpr,topo,F:unclassified-name,Other Tanakh
205256,1424279,466993,2 Kings,16,9,רצין,nmpr,pers,A:person-candidate,Other Tanakh
205261,1424280,466994,2 Kings,16,10,מלך,subs,,B:deity-candidate,Other Tanakh
205262,1424280,466994,2 Kings,16,10,אחז,nmpr,pers,A:person-candidate,Other Tanakh
205265,1424280,466995,2 Kings,16,10,תגלת פלאסר,nmpr,pers,A:person-candidate,Other Tanakh
205266,1424280,466995,2 Kings,16,10,מלך,subs,,B:deity-candidate,Other Tanakh
205267,1424280,466995,2 Kings,16,10,אשור,nmpr,topo,F:unclassified-name,Other Tanakh
205268,1424280,466994,2 Kings,16,10,דומשק,nmpr,topo,F:unclassified-name,Other Tanakh
205276,1424280,466997,2 Kings,16,10,דמשק,nmpr,topo,F:unclassified-name,Other Tanakh
205280,1424280,466998,2 Kings,16,10,מלך,subs,,B:deity-candidate,Other Tanakh
205281,1424280,466998,2 Kings,16,10,אחז,nmpr,pers,A:person-candidate,Other Tanakh
205282,1424280,466998,2 Kings,16,10,אל,prep,,C:divine-title-candidate,Other Tanakh
205283,1424280,466998,2 Kings,16,10,אוריה,nmpr,pers,A:person-candidate,Other Tanakh
205298,1424281,466999,2 Kings,16,11,אוריה,nmpr,pers,A:person-candidate,Other Tanakh
205309,1424281,467001,2 Kings,16,11,מלך,subs,,B:deity-candidate,Other Tanakh
205310,1424281,467001,2 Kings,16,11,אחז,nmpr,pers,A:person-candidate,Other Tanakh
205312,1424281,467001,2 Kings,16,11,דמשק,nmpr,topo,F:unclassified-name,Other Tanakh
205315,1424281,467002,2 Kings,16,11,אוריה,nmpr,pers,A:person-candidate,Other Tanakh
205321,1424281,467003,2 Kings,16,11,מלך,subs,,B:deity-candidate,Other Tanakh
205322,1424281,467003,2 Kings,16,11,אחז,nmpr,pers,A:person-candidate,Other Tanakh
205324,1424281,467003,2 Kings,16,11,דמשק,nmpr,topo,F:unclassified-name,Other Tanakh
205328,1424282,467004,2 Kings,16,12,מלך,subs,,B:deity-candidate,Other Tanakh
205330,1424282,467004,2 Kings,16,12,דמשק,nmpr,topo,F:unclassified-name,Other Tanakh
205334,1424282,467005,2 Kings,16,12,מלך,subs,,B:deity-candidate,Other Tanakh
205341,1424282,467006,2 Kings,16,12,מלך,subs,,B:deity-candidate,Other Tanakh
205379,1424284,467013,2 Kings,16,14,יהוה,nmpr,pers,E:YHWH,Other Tanakh
205395,1424284,467014,2 Kings,16,14,יהוה,nmpr,pers,E:YHWH,Other Tanakh
205407,1424285,467016,2 Kings,16,15,מלך,subs,,B:deity-candidate,Other Tanakh
205408,1424285,467016,2 Kings,16,15,אחז,nmpr,pers,A:person-candidate,Other Tanakh
205410,1424285,467016,2 Kings,16,15,אוריה,nmpr,pers,A:person-candidate,Other Tanakh
205434,1424285,467018,2 Kings,16,15,מלך,subs,,B:deity-candidate,Other Tanakh
205469,1424286,467022,2 Kings,16,16,אוריה,nmpr,pers,A:person-candidate,Other Tanakh
205477,1424286,467023,2 Kings,16,16,מלך,subs,,B:deity-candidate,Other Tanakh
205478,1424286,467023,2 Kings,16,16,אחז,nmpr,pers,A:person-candidate,Other Tanakh
205482,1424287,467024,2 Kings,16,17,מלך,subs,,B:deity-candidate,Other Tanakh
205483,1424287,467024,2 Kings,16,17,אחז,nmpr,pers,A:person-candidate,Other Tanakh
205529,1424288,467029,2 Kings,16,18,מלך,subs,,B:deity-candidate,Other Tanakh
205534,1424288,467029,2 Kings,16,18,יהוה,nmpr,pers,E:YHWH,Other Tanakh
205537,1424288,467029,2 Kings,16,18,מלך,subs,,B:deity-candidate,Other Tanakh
205538,1424288,467029,2 Kings,16,18,אשור,nmpr,topo,F:unclassified-name,Other Tanakh
205542,1424289,467031,2 Kings,16,19,אחז,nmpr,pers,A:person-candidate,Other Tanakh
205555,1424289,467033,2 Kings,16,19,מלך,subs,,B:deity-candidate,Other Tanakh
205556,1424289,467033,2 Kings,16,19,יהודה,nmpr,"pers,gens,topo",F:unclassified-name,Other Tanakh
205559,1424290,467034,2 Kings,16,20,אחז,nmpr,pers,A:person-candidate,Other Tanakh
205568,1424290,467035,2 Kings,16,20,דוד,nmpr,pers,A:person-candidate,Other Tanakh
205570,1424290,467036,2 Kings,16,20,מלך,verb,,B:deity-candidate,Other Tanakh
205571,1424290,467036,2 Kings,16,20,חזקיהו,nmpr,pers,A:person-candidate,Other Tanakh
205579,1424291,467037,2 Kings,17,1,אחז,nmpr,pers,A:person-candidate,Other Tanakh
205580,1424291,467037,2 Kings,17,1,מלך,subs,,B:deity-candidate,Other Tanakh
205581,1424291,467037,2 Kings,17,1,יהודה,nmpr,"pers,gens,topo",F:unclassified-name,Other Tanakh
205582,1424291,467037,2 Kings,17,1,מלך,verb,,B:deity-candidate,Other Tanakh
205583,1424291,467037,2 Kings,17,1,הושע,nmpr,pers,A:person-candidate,Other Tanakh
205585,1424291,467037,2 Kings,17,1,אלה,nmpr,pers,A:person-candidate,Other Tanakh
205587,1424291,467037,2 Kings,17,1,שמרון,nmpr,topo,F:unclassified-name,Other Tanakh
205589,1424291,467037,2 Kings,17,1,ישראל,nmpr,"pers,gens,topo",F:unclassified-name,Other Tanakh
205598,1424292,467039,2 Kings,17,2,יהוה,nmpr,pers,E:YHWH,Other Tanakh
205602,1424292,467040,2 Kings,17,2,מלך,subs,,B:deity-candidate,Other Tanakh
205603,1424292,467040,2 Kings,17,2,ישראל,nmpr,"pers,gens,topo",F:unclassified-name,Other Tanakh
205610,1424293,467042,2 Kings,17,3,שלמנאסר,nmpr,pers,A:person-candidate,Other Tanakh
205611,1424293,467042,2 Kings,17,3,מלך,subs,,B:deity-candidate,Other Tanakh
205612,1424293,467042,2 Kings,17,3,אשור,nmpr,topo,F:unclassified-name,Other Tanakh
205616,1424293,467043,2 Kings,17,3,הושע,nmpr,pers,A:person-candidate,Other Tanakh
205624,1424294,467045,2 Kings,17,4,מלך,subs,,B:deity-candidate,Other Tanakh
205625,1424294,467045,2 Kings,17,4,אשור,nmpr,topo,F:unclassified-name,Other Tanakh
205627,1424294,467045,2 Kings,17,4,הושע,nmpr,pers,A:person-candidate,Other Tanakh
205632,1424294,467046,2 Kings,17,4,אל,prep,,C:divine-title-candidate,Other Tanakh
205633,1424294,467046,2 Kings,17,4,סוא,nmpr,pers,A:person-candidate,Other Tanakh
205634,1424294,467046,2 Kings,17,4,מלך,subs,,B:deity-candidate,Other Tanakh
205635,1424294,467046,2 Kings,17,4,מצרים,nmpr,topo,F:unclassified-name,Other Tanakh
205641,1424294,467047,2 Kings,17,4,מלך,subs,,B:deity-candidate,Other Tanakh
205642,1424294,467047,2 Kings,17,4,אשור,nmpr,topo,F:unclassified-name,Other Tanakh
205649,1424294,467048,2 Kings,17,4,מלך,subs,,B:deity-candidate,Other Tanakh
205650,1424294,467048,2 Kings,17,4,אשור,nmpr,topo,F:unclassified-name,Other Tanakh
205657,1424295,467050,2 Kings,17,5,מלך,subs,,B:deity-candidate,Other Tanakh
205658,1424295,467050,2 Kings,17,5,אשור,nmpr,topo,F:unclassified-name,Other Tanakh
205665,1424295,467051,2 Kings,17,5,שמרון,nmpr,topo,F:unclassified-name,Other Tanakh
205676,1424296,467053,2 Kings,17,6,הושע,nmpr,pers,A:person-candidate,Other Tanakh
205678,1424296,467053,2 Kings,17,6,מלך,subs,,B:deity-candidate,Other Tanakh
205679,1424296,467053,2 Kings,17,6,אשור,nmpr,topo,F:unclassified-name,Other Tanakh
205681,1424296,467053,2 Kings,17,6,שמרון,nmpr,topo,F:unclassified-name,Other Tanakh
205685,1424296,467054,2 Kings,17,6,ישראל,nmpr,"pers,gens,topo",F:unclassified-name,Other Tanakh
205686,1424296,467054,2 Kings,17,6,אשור,nmpr,topo,F:unclassified-name,Other Tanakh
205691,1424296,467055,2 Kings,17,6,חלח,nmpr,topo,F:unclassified-name,Other Tanakh
205694,1424296,467055,2 Kings,17,6,חבור,nmpr,topo,F:unclassified-name,Other Tanakh
205696,1424296,467055,2 Kings,17,6,גוזן,nmpr,topo,F:unclassified-name,Other Tanakh
205699,1424296,467055,2 Kings,17,6,מדי,nmpr,"pers,gens,topo",F:unclassified-name,Other Tanakh
205705,1424297,467057,2 Kings,17,7,ישראל,nmpr,"pers,gens,topo",F:unclassified-name,Other Tanakh
205707,1424297,467057,2 Kings,17,7,יהוה,nmpr,pers,E:YHWH,Other Tanakh
205708,1424297,467057,2 Kings,17,7,אלהים,subs,,D:Elohim,Other Tanakh
205714,1424297,467058,2 Kings,17,7,מצרים,nmpr,topo,F:unclassified-name,Other Tanakh
205719,1424297,467058,2 Kings,17,7,מלך,subs,,B:deity-candidate,Other Tanakh
205720,1424297,467058,2 Kings,17,7,מצרים,nmpr,topo,F:unclassified-name,Other Tanakh
205723,1424297,467059,2 Kings,17,7,אלהים,subs,,D:Elohim,Other Tanakh
205733,1424298,467061,2 Kings,17,8,יהוה,nmpr,pers,E:YHWH,Other Tanakh
205737,1424298,467061,2 Kings,17,8,ישראל,nmpr,"pers,gens,topo",F:unclassified-name,Other Tanakh
205739,1424298,467060,2 Kings,17,8,מלך,subs,,B:deity-candidate,Other Tanakh
205740,1424298,467060,2 Kings,17,8,ישראל,nmpr,"pers,gens,topo",F:unclassified-name,Other Tanakh
205746,1424299,467063,2 Kings,17,9,ישראל,nmpr,"pers,gens,topo",F:unclassified-name,Other Tanakh
205752,1424299,467063,2 Kings,17,9,יהוה,nmpr,pers,E:YHWH,Other Tanakh
205753,1424299,467063,2 Kings,17,9,אלהים,subs,,D:Elohim,Other Tanakh
205793,1424301,467068,2 Kings,17,11,יהוה,nmpr,pers,E:YHWH,Other Tanakh
205803,1424301,467070,2 Kings,17,11,יהוה,nmpr,pers,E:YHWH,Other Tanakh
205810,1424302,467072,2 Kings,17,12,יהוה,nmpr,pers,E:YHWH,Other Tanakh
205821,1424303,467074,2 Kings,17,13,יהוה,nmpr,pers,E:YHWH,Other Tanakh
205823,1424303,467074,2 Kings,17,13,ישראל,nmpr,"pers,gens,topo",F:unclassified-name,Other Tanakh
205826,1424303,467074,2 Kings,17,13,יהודה,nmpr,"pers,gens,topo",F:unclassified-name,Other Tanakh
205855,1424303,467079,2 Kings,17,13,אל,prep,,C:divine-title-candidate,Other Tanakh
205875,1424304,467082,2 Kings,17,14,יהוה,nmpr,pers,E:YHWH,Other Tanakh
205876,1424304,467082,2 Kings,17,14,אלהים,subs,,D:Elohim,Other Tanakh
205909,1424305,467089,2 Kings,17,15,יהוה,nmpr,pers,E:YHWH,Other Tanakh
205920,1424306,467091,2 Kings,17,16,יהוה,nmpr,pers,E:YHWH,Other Tanakh
205921,1424306,467091,2 Kings,17,16,אלהים,subs,,D:Elohim,Other Tanakh
205942,1424306,467095,2 Kings,17,16,בעל,subs,,B:deity-candidate,Other Tanakh
205966,1424307,467101,2 Kings,17,17,יהוה,nmpr,pers,E:YHWH,Other Tanakh
205971,1424308,467103,2 Kings,17,18,יהוה,nmpr,pers,E:YHWH,Other Tanakh
205974,1424308,467103,2 Kings,17,18,ישראל,nmpr,"pers,gens,topo",F:unclassified-name,Other Tanakh
205984,1424308,467105,2 Kings,17,18,יהודה,nmpr,"pers,gens,topo",F:unclassified-name,Other Tanakh
205988,1424309,467106,2 Kings,17,19,יהודה,nmpr,"pers,gens,topo",F:unclassified-name,Other Tanakh
205993,1424309,467106,2 Kings,17,19,יהוה,nmpr,pers,E:YHWH,Other Tanakh
205994,1424309,467106,2 Kings,17,19,אלהים,subs,,D:Elohim,Other Tanakh
205999,1424309,467107,2 Kings,17,19,ישראל,nmpr,"pers,gens,topo",F:unclassified-name,Other Tanakh
206004,1424310,467109,2 Kings,17,20,יהוה,nmpr,pers,E:YHWH,Other Tanakh
206008,1424310,467109,2 Kings,17,20,ישראל,nmpr,"pers,gens,topo",F:unclassified-name,Other Tanakh
206023,1424311,467113,2 Kings,17,21,ישראל,nmpr,"pers,gens,topo",F:unclassified-name,Other Tanakh
206027,1424311,467113,2 Kings,17,21,דוד,nmpr,pers,A:person-candidate,Other Tanakh
206029,1424311,467114,2 Kings,17,21,מלך,verb,,B:deity-candidate,Other Tanakh
206031,1424311,467114,2 Kings,17,21,ירבעם,nmpr,pers,A:person-candidate,Other Tanakh
206033,1424311,467114,2 Kings,17,21,נבט,nmpr,pers,A:person-candidate,Other Tanakh
206036,1424311,467115,2 Kings,17,21,ירבעם,nmpr,pers,A:person-candidate,Other Tanakh
206038,1424311,467115,2 Kings,17,21,ישראל,nmpr,"pers,gens,topo",F:unclassified-name,Other Tanakh
206041,1424311,467115,2 Kings,17,21,יהוה,nmpr,pers,E:YHWH,Other Tanakh
206049,1424312,467117,2 Kings,17,22,ישראל,nmpr,"pers,gens,topo",F:unclassified-name,Other Tanakh
206053,1424312,467117,2 Kings,17,22,ירבעם,nmpr,pers,A:person-candidate,Other Tanakh
206062,1424313,467120,2 Kings,17,23,יהוה,nmpr,pers,E:YHWH,Other Tanakh
206064,1424313,467120,2 Kings,17,23,ישראל,nmpr,"pers,gens,topo",F:unclassified-name,Other Tanakh
206079,1424313,467122,2 Kings,17,23,ישראל,nmpr,"pers,gens,topo",F:unclassified-name,Other Tanakh
206083,1424313,467122,2 Kings,17,23,אשור,nmpr,topo,F:unclassified-name,Other Tanakh
206091,1424314,467123,2 Kings,17,24,מלך,subs,,B:deity-candidate,Other Tanakh
206092,1424314,467123,2 Kings,17,24,אשור,nmpr,topo,F:unclassified-name,Other Tanakh
206094,1424314,467123,2 Kings,17,24,בבל,nmpr,topo,F:unclassified-name,Other Tanakh
206097,1424314,467123,2 Kings,17,24,כות,nmpr,topo,F:unclassified-name,Other Tanakh
206100,1424314,467123,2 Kings,17,24,עוא,nmpr,topo,F:unclassified-name,Other Tanakh
206103,1424314,467123,2 Kings,17,24,חמת,nmpr,topo,F:unclassified-name,Other Tanakh
206105,1424314,467123,2 Kings,17,24,ספרוים,nmpr,topo,F:unclassified-name,Other Tanakh
206110,1424314,467124,2 Kings,17,24,שמרון,nmpr,topo,F:unclassified-name,Other Tanakh
206113,1424314,467124,2 Kings,17,24,ישראל,nmpr,"pers,gens,topo",F:unclassified-name,Other Tanakh
206117,1424314,467125,2 Kings,17,24,שמרון,nmpr,topo,F:unclassified-name,Other Tanakh
206131,1424315,467129,2 Kings,17,25,יהוה,nmpr,pers,E:YHWH,Other Tanakh
206134,1424315,467130,2 Kings,17,25,יהוה,nmpr,pers,E:YHWH,Other Tanakh
206146,1424316,467132,2 Kings,17,26,מלך,subs,,B:deity-candidate,Other Tanakh
206147,1424316,467132,2 Kings,17,26,אשור,nmpr,topo,F:unclassified-name,Other Tanakh
206158,1424316,467136,2 Kings,17,26,שמרון,nmpr,topo,F:unclassified-name,Other Tanakh
206163,1424316,467134,2 Kings,17,26,אלהים,subs,,D:Elohim,Other Tanakh
206182,1424316,467139,2 Kings,17,26,אלהים,subs,,D:Elohim,Other Tanakh
206187,1424317,467140,2 Kings,17,27,מלך,subs,,B:deity-candidate,Other Tanakh
206188,1424317,467140,2 Kings,17,27,אשור,nmpr,topo,F:unclassified-name,Other Tanakh
206210,1424317,467146,2 Kings,17,27,אלהים,subs,,D:Elohim,Other Tanakh
206222,1424318,467148,2 Kings,17,28,שמרון,nmpr,topo,F:unclassified-name,Other Tanakh
206226,1424318,467149,2 Kings,17,28,בית אל,nmpr,topo,F:unclassified-name,Other Tanakh
206234,1424318,467151,2 Kings,17,28,יהוה,nmpr,pers,E:YHWH,Other Tanakh
206240,1424319,467152,2 Kings,17,29,אלהים,subs,,D:Elohim,Other Tanakh
206261,1424320,467157,2 Kings,17,30,בבל,nmpr,topo,F:unclassified-name,Other Tanakh
206264,1424320,467157,2 Kings,17,30,סכות בנות,nmpr,pers,A:person-candidate,Other Tanakh
206267,1424320,467158,2 Kings,17,30,כות,nmpr,topo,F:unclassified-name,Other Tanakh
206270,1424320,467158,2 Kings,17,30,נרגל,nmpr,pers,A:person-candidate,Other Tanakh
206273,1424320,467159,2 Kings,17,30,חמת,nmpr,topo,F:unclassified-name,Other Tanakh
206276,1424320,467159,2 Kings,17,30,אשימא,nmpr,pers,A:person-candidate,Other Tanakh
206281,1424321,467160,2 Kings,17,31,נבחז,nmpr,pers,A:person-candidate,Other Tanakh
206284,1424321,467160,2 Kings,17,31,תרתק,nmpr,pers,A:person-candidate,Other Tanakh
206295,1424321,467161,2 Kings,17,31,אדרמלך,nmpr,pers,A:person-candidate,Other Tanakh
206297,1424321,467161,2 Kings,17,31,ענמלך,nmpr,pers,A:person-candidate,Other Tanakh
206298,1424321,467161,2 Kings,17,31,אלהים,subs,,D:Elohim,Other Tanakh
206299,1424321,467161,2 Kings,17,31,ספרוים,nmpr,topo,F:unclassified-name,Other Tanakh
206304,1424322,467162,2 Kings,17,32,יהוה,nmpr,pers,E:YHWH,Other Tanakh
206321,1424323,467165,2 Kings,17,33,יהוה,nmpr,pers,E:YHWH,Other Tanakh
206326,1424323,467166,2 Kings,17,33,אלהים,subs,,D:Elohim,Other Tanakh
206353,1424324,467169,2 Kings,17,34,יהוה,nmpr,pers,E:YHWH,Other Tanakh
206372,1424324,467171,2 Kings,17,34,יהוה,nmpr,pers,E:YHWH,Other Tanakh
206375,1424324,467171,2 Kings,17,34,יעקב,nmpr,pers,A:person-candidate,Other Tanakh
206379,1424324,467172,2 Kings,17,34,ישראל,nmpr,"pers,gens,topo",F:unclassified-name,Other Tanakh
206382,1424325,467173,2 Kings,17,35,יהוה,nmpr,pers,E:YHWH,Other Tanakh
206391,1424325,467176,2 Kings,17,35,אלהים,subs,,D:Elohim,Other Tanakh
206407,1424326,467180,2 Kings,17,36,יהוה,nmpr,pers,E:YHWH,Other Tanakh
206413,1424326,467181,2 Kings,17,36,מצרים,nmpr,topo,F:unclassified-name,Other Tanakh
206455,1424327,467188,2 Kings,17,37,אלהים,subs,,D:Elohim,Other Tanakh
206468,1424328,467191,2 Kings,17,38,אלהים,subs,,D:Elohim,Other Tanakh
206473,1424329,467192,2 Kings,17,39,יהוה,nmpr,pers,E:YHWH,Other Tanakh
206474,1424329,467192,2 Kings,17,39,אלהים,subs,,D:Elohim,Other Tanakh
206503,1424331,467196,2 Kings,17,41,יהוה,nmpr,pers,E:YHWH,Other Tanakh
206531,1424332,467201,2 Kings,18,1,הושע,nmpr,pers,A:person-candidate,Other Tanakh
206533,1424332,467201,2 Kings,18,1,אלה,nmpr,pers,A:person-candidate,Other Tanakh
206534,1424332,467201,2 Kings,18,1,מלך,subs,,B:deity-candidate,Other Tanakh
206535,1424332,467201,2 Kings,18,1,ישראל,nmpr,"pers,gens,topo",F:unclassified-name,Other Tanakh
206536,1424332,467202,2 Kings,18,1,מלך,verb,,B:deity-candidate,Other Tanakh
206537,1424332,467202,2 Kings,18,1,חזקיה,nmpr,pers,A:person-candidate,Other Tanakh
206539,1424332,467202,2 Kings,18,1,אחז,nmpr,pers,A:person-candidate,Other Tanakh
206540,1424332,467202,2 Kings,18,1,מלך,subs,,B:deity-candidate,Other Tanakh
206541,1424332,467202,2 Kings,18,1,יהודה,nmpr,"pers,gens,topo",F:unclassified-name,Other Tanakh
206549,1424333,467204,2 Kings,18,2,מלך,verb,,B:deity-candidate,Other Tanakh
206555,1424333,467205,2 Kings,18,2,מלך,verb,,B:deity-candidate,Other Tanakh
206557,1424333,467205,2 Kings,18,2,ירושלם,nmpr,topo,F:unclassified-name,Other Tanakh
206561,1424333,467206,2 Kings,18,2,אבי,nmpr,pers,A:person-candidate,Other Tanakh
206563,1424333,467206,2 Kings,18,2,זכריה,nmpr,pers,A:person-candidate,Other Tanakh
206570,1424334,467208,2 Kings,18,3,יהוה,nmpr,pers,E:YHWH,Other Tanakh
206575,1424334,467209,2 Kings,18,3,דוד,nmpr,pers,A:person-candidate,Other Tanakh
206599,1424335,467214,2 Kings,18,4,משה,nmpr,pers,A:person-candidate,Other Tanakh
206608,1424335,467215,2 Kings,18,4,ישראל,nmpr,"pers,gens,topo",F:unclassified-name,Other Tanakh
206614,1424335,467217,2 Kings,18,4,נחשתן,nmpr,pers,A:person-candidate,Other Tanakh
206616,1424336,467218,2 Kings,18,5,יהוה,nmpr,pers,E:YHWH,Other Tanakh
206617,1424336,467218,2 Kings,18,5,אלהים,subs,,D:Elohim,Other Tanakh
206618,1424336,467218,2 Kings,18,5,ישראל,nmpr,"pers,gens,topo",F:unclassified-name,Other Tanakh
206627,1424336,467219,2 Kings,18,5,מלך,subs,,B:deity-candidate,Other Tanakh
206628,1424336,467219,2 Kings,18,5,יהודה,nmpr,"pers,gens,topo",F:unclassified-name,Other Tanakh
206637,1424337,467221,2 Kings,18,6,יהוה,nmpr,pers,E:YHWH,Other Tanakh
206647,1424337,467224,2 Kings,18,6,יהוה,nmpr,pers,E:YHWH,Other Tanakh
206649,1424337,467224,2 Kings,18,6,משה,nmpr,pers,A:person-candidate,Other Tanakh
206652,1424338,467225,2 Kings,18,7,יהוה,nmpr,pers,E:YHWH,Other Tanakh
206662,1424338,467228,2 Kings,18,7,מלך,subs,,B:deity-candidate,Other Tanakh
206663,1424338,467228,2 Kings,18,7,אשור,nmpr,topo,F:unclassified-name,Other Tanakh
206672,1424339,467230,2 Kings,18,8,עזה,nmpr,topo,F:unclassified-name,Other Tanakh
206691,1424340,467232,2 Kings,18,9,מלך,subs,,B:deity-candidate,Other Tanakh
206692,1424340,467232,2 Kings,18,9,חזקיהו,nmpr,pers,A:person-candidate,Other Tanakh
206699,1424340,467233,2 Kings,18,9,הושע,nmpr,pers,A:person-candidate,Other Tanakh
206701,1424340,467233,2 Kings,18,9,אלה,nmpr,pers,A:person-candidate,Other Tanakh
206702,1424340,467233,2 Kings,18,9,מלך,subs,,B:deity-candidate,Other Tanakh
206703,1424340,467233,2 Kings,18,9,ישראל,nmpr,"pers,gens,topo",F:unclassified-name,Other Tanakh
206705,1424340,467234,2 Kings,18,9,שלמנאסר,nmpr,pers,A:person-candidate,Other Tanakh
206706,1424340,467234,2 Kings,18,9,מלך,subs,,B:deity-candidate,Other Tanakh
206707,1424340,467234,2 Kings,18,9,אשור,nmpr,topo,F:unclassified-name,Other Tanakh
206709,1424340,467234,2 Kings,18,9,שמרון,nmpr,topo,F:unclassified-name,Other Tanakh
206723,1424341,467237,2 Kings,18,10,חזקיה,nmpr,pers,A:person-candidate,Other Tanakh
206728,1424341,467238,2 Kings,18,10,הושע,nmpr,pers,A:person-candidate,Other Tanakh
206729,1424341,467238,2 Kings,18,10,מלך,subs,,B:deity-candidate,Other Tanakh
206730,1424341,467238,2 Kings,18,10,ישראל,nmpr,"pers,gens,topo",F:unclassified-name,Other Tanakh
206732,1424341,467237,2 Kings,18,10,שמרון,nmpr,topo,F:unclassified-name,Other Tanakh
206735,1424342,467239,2 Kings,18,11,מלך,subs,,B:deity-candidate,Other Tanakh
206736,1424342,467239,2 Kings,18,11,אשור,nmpr,topo,F:unclassified-name,Other Tanakh
206738,1424342,467239,2 Kings,18,11,ישראל,nmpr,"pers,gens,topo",F:unclassified-name,Other Tanakh
206739,1424342,467239,2 Kings,18,11,אשור,nmpr,topo,F:unclassified-name,Other Tanakh
206743,1424342,467240,2 Kings,18,11,חלח,nmpr,topo,F:unclassified-name,Other Tanakh
206746,1424342,467240,2 Kings,18,11,חבור,nmpr,topo,F:unclassified-name,Other Tanakh
206748,1424342,467240,2 Kings,18,11,גוזן,nmpr,topo,F:unclassified-name,Other Tanakh
206751,1424342,467240,2 Kings,18,11,מדי,nmpr,"pers,gens,topo",F:unclassified-name,Other Tanakh
206758,1424343,467241,2 Kings,18,12,יהוה,nmpr,pers,E:YHWH,Other Tanakh
206759,1424343,467241,2 Kings,18,12,אלהים,subs,,D:Elohim,Other Tanakh
206768,1424343,467243,2 Kings,18,12,משה,nmpr,pers,A:person-candidate,Other Tanakh
206770,1424343,467243,2 Kings,18,12,יהוה,nmpr,pers,E:YHWH,Other Tanakh
206784,1424344,467246,2 Kings,18,13,מלך,subs,,B:deity-candidate,Other Tanakh
206785,1424344,467246,2 Kings,18,13,חזקיה,nmpr,pers,A:person-candidate,Other Tanakh
206787,1424344,467246,2 Kings,18,13,סנחריב,nmpr,pers,A:person-candidate,Other Tanakh
206788,1424344,467246,2 Kings,18,13,מלך,subs,,B:deity-candidate,Other Tanakh
206789,1424344,467246,2 Kings,18,13,אשור,nmpr,topo,F:unclassified-name,Other Tanakh
206793,1424344,467246,2 Kings,18,13,יהודה,nmpr,"pers,gens,topo",F:unclassified-name,Other Tanakh
206800,1424345,467248,2 Kings,18,14,חזקיה,nmpr,pers,A:person-candidate,Other Tanakh
206801,1424345,467248,2 Kings,18,14,מלך,subs,,B:deity-candidate,Other Tanakh
206802,1424345,467248,2 Kings,18,14,יהודה,nmpr,"pers,gens,topo",F:unclassified-name,Other Tanakh
206803,1424345,467248,2 Kings,18,14,אל,prep,,C:divine-title-candidate,Other Tanakh
206804,1424345,467248,2 Kings,18,14,מלך,subs,,B:deity-candidate,Other Tanakh
206805,1424345,467248,2 Kings,18,14,אשור,nmpr,topo,F:unclassified-name,Other Tanakh
206806,1424345,467248,2 Kings,18,14,לכיש,nmpr,topo,F:unclassified-name,Other Tanakh
206820,1424345,467254,2 Kings,18,14,מלך,subs,,B:deity-candidate,Other Tanakh
206821,1424345,467254,2 Kings,18,14,אשור,nmpr,topo,F:unclassified-name,Other Tanakh
206823,1424345,467254,2 Kings,18,14,חזקיה,nmpr,pers,A:person-candidate,Other Tanakh
206824,1424345,467254,2 Kings,18,14,מלך,subs,,B:deity-candidate,Other Tanakh
206825,1424345,467254,2 Kings,18,14,יהודה,nmpr,"pers,gens,topo",F:unclassified-name,Other Tanakh
206836,1424346,467255,2 Kings,18,15,חזקיה,nmpr,pers,A:person-candidate,Other Tanakh
206844,1424346,467256,2 Kings,18,15,יהוה,nmpr,pers,E:YHWH,Other Tanakh
206850,1424346,467256,2 Kings,18,15,מלך,subs,,B:deity-candidate,Other Tanakh
206857,1424347,467257,2 Kings,18,16,חזקיה,nmpr,pers,A:person-candidate,Other Tanakh
206861,1424347,467257,2 Kings,18,16,יהוה,nmpr,pers,E:YHWH,Other Tanakh
206868,1424347,467258,2 Kings,18,16,חזקיה,nmpr,pers,A:person-candidate,Other Tanakh
206869,1424347,467258,2 Kings,18,16,מלך,subs,,B:deity-candidate,Other Tanakh
206870,1424347,467258,2 Kings,18,16,יהודה,nmpr,"pers,gens,topo",F:unclassified-name,Other Tanakh
206874,1424347,467259,2 Kings,18,16,מלך,subs,,B:deity-candidate,Other Tanakh
206875,1424347,467259,2 Kings,18,16,אשור,nmpr,topo,F:unclassified-name,Other Tanakh
206878,1424348,467260,2 Kings,18,17,מלך,subs,,B:deity-candidate,Other Tanakh
206879,1424348,467260,2 Kings,18,17,אשור,nmpr,topo,F:unclassified-name,Other Tanakh
206890,1424348,467260,2 Kings,18,17,לכיש,nmpr,topo,F:unclassified-name,Other Tanakh
206891,1424348,467260,2 Kings,18,17,אל,prep,,C:divine-title-candidate,Other Tanakh
206893,1424348,467260,2 Kings,18,17,מלך,subs,,B:deity-candidate,Other Tanakh
206894,1424348,467260,2 Kings,18,17,חזקיהו,nmpr,pers,A:person-candidate,Other Tanakh
206898,1424348,467260,2 Kings,18,17,ירושלם,nmpr,topo,F:unclassified-name,Other Tanakh
206903,1424348,467262,2 Kings,18,17,ירושלם,nmpr,topo,F:unclassified-name,Other Tanakh
206915,1424348,467265,2 Kings,18,17,עליון,adjv,,C:divine-title-candidate,Other Tanakh
206923,1424349,467267,2 Kings,18,18,אל,prep,,C:divine-title-candidate,Other Tanakh
206925,1424349,467267,2 Kings,18,18,מלך,subs,,B:deity-candidate,Other Tanakh
206928,1424349,467268,2 Kings,18,18,אל,prep,,C:divine-title-candidate,Other Tanakh
206929,1424349,467268,2 Kings,18,18,אליקים,nmpr,pers,A:person-candidate,Other Tanakh
206931,1424349,467268,2 Kings,18,18,חלקיהו,nmpr,pers,A:person-candidate,Other Tanakh
206937,1424349,467268,2 Kings,18,18,שבנה,nmpr,pers,A:person-candidate,Other Tanakh
206941,1424349,467268,2 Kings,18,18,יואח,nmpr,pers,A:person-candidate,Other Tanakh
206943,1424349,467268,2 Kings,18,18,אסף,nmpr,pers,A:person-candidate,Other Tanakh
206948,1424350,467270,2 Kings,18,19,אל,prep,,C:divine-title-candidate,Other Tanakh
206952,1424350,467271,2 Kings,18,19,אל,prep,,C:divine-title-candidate,Other Tanakh
206953,1424350,467271,2 Kings,18,19,חזקיהו,nmpr,pers,A:person-candidate,Other Tanakh
206957,1424350,467272,2 Kings,18,19,מלך,subs,,B:deity-candidate,Other Tanakh
206960,1424350,467272,2 Kings,18,19,מלך,subs,,B:deity-candidate,Other Tanakh
206961,1424350,467272,2 Kings,18,19,אשור,nmpr,topo,F:unclassified-name,Other Tanakh
206999,1424352,467281,2 Kings,18,21,מצרים,nmpr,topo,F:unclassified-name,Other Tanakh
207012,1424352,467285,2 Kings,18,21,מלך,subs,,B:deity-candidate,Other Tanakh
207013,1424352,467285,2 Kings,18,21,מצרים,nmpr,topo,F:unclassified-name,Other Tanakh
207022,1424353,467287,2 Kings,18,22,אל,prep,,C:divine-title-candidate,Other Tanakh
207023,1424353,467288,2 Kings,18,22,אל,prep,,C:divine-title-candidate,Other Tanakh
207024,1424353,467288,2 Kings,18,22,יהוה,nmpr,pers,E:YHWH,Other Tanakh
207025,1424353,467288,2 Kings,18,22,אלהים,subs,,D:Elohim,Other Tanakh
207032,1424353,467290,2 Kings,18,22,חזקיהו,nmpr,pers,A:person-candidate,Other Tanakh
207041,1424353,467291,2 Kings,18,22,יהודה,nmpr,"pers,gens,topo",F:unclassified-name,Other Tanakh
207044,1424353,467291,2 Kings,18,22,ירושלם,nmpr,topo,F:unclassified-name,Other Tanakh
207053,1424353,467292,2 Kings,18,22,ירושלם,nmpr,topo,F:unclassified-name,Other Tanakh
207061,1424354,467294,2 Kings,18,23,מלך,subs,,B:deity-candidate,Other Tanakh
207062,1424354,467294,2 Kings,18,23,אשור,nmpr,topo,F:unclassified-name,Other Tanakh
207090,1424355,467299,2 Kings,18,24,מצרים,nmpr,topo,F:unclassified-name,Other Tanakh
207100,1424356,467301,2 Kings,18,25,יהוה,nmpr,pers,E:YHWH,Other Tanakh
207109,1424356,467303,2 Kings,18,25,יהוה,nmpr,pers,E:YHWH,Other Tanakh
207111,1424356,467303,2 Kings,18,25,אל,prep,,C:divine-title-candidate,Other Tanakh
207122,1424357,467306,2 Kings,18,26,אליקים,nmpr,pers,A:person-candidate,Other Tanakh
207124,1424357,467306,2 Kings,18,26,חלקיהו,nmpr,pers,A:person-candidate,Other Tanakh
207126,1424357,467306,2 Kings,18,26,שבנה,nmpr,pers,A:person-candidate,Other Tanakh
207128,1424357,467306,2 Kings,18,26,יואח,nmpr,pers,A:person-candidate,Other Tanakh
207129,1424357,467306,2 Kings,18,26,אל,prep,,C:divine-title-candidate,Other Tanakh
207133,1424357,467307,2 Kings,18,26,אל,prep,,C:divine-title-candidate,Other Tanakh
207140,1424357,467309,2 Kings,18,26,אל,nega,,C:divine-title-candidate,Other Tanakh
207154,1424358,467311,2 Kings,18,27,אל,prep,,C:divine-title-candidate,Other Tanakh
207160,1424358,467312,2 Kings,18,27,אל,prep,,C:divine-title-candidate,Other Tanakh
207207,1424359,467322,2 Kings,18,28,מלך,subs,,B:deity-candidate,Other Tanakh
207210,1424359,467322,2 Kings,18,28,מלך,subs,,B:deity-candidate,Other Tanakh
207211,1424359,467322,2 Kings,18,28,אשור,nmpr,topo,F:unclassified-name,Other Tanakh
207215,1424360,467323,2 Kings,18,29,מלך,subs,,B:deity-candidate,Other Tanakh
207216,1424360,467324,2 Kings,18,29,אל,nega,,C:divine-title-candidate,Other Tanakh
207219,1424360,467324,2 Kings,18,29,חזקיהו,nmpr,pers,A:person-candidate,Other Tanakh
207229,1424361,467327,2 Kings,18,30,אל,nega,,C:divine-title-candidate,Other Tanakh
207232,1424361,467327,2 Kings,18,30,חזקיהו,nmpr,pers,A:person-candidate,Other Tanakh
207233,1424361,467327,2 Kings,18,30,אל,prep,,C:divine-title-candidate,Other Tanakh
207234,1424361,467327,2 Kings,18,30,יהוה,nmpr,pers,E:YHWH,Other Tanakh
207239,1424361,467329,2 Kings,18,30,יהוה,nmpr,pers,E:YHWH,Other Tanakh
207250,1424361,467330,2 Kings,18,30,מלך,subs,,B:deity-candidate,Other Tanakh
207251,1424361,467330,2 Kings,18,30,אשור,nmpr,topo,F:unclassified-name,Other Tanakh
207252,1424362,467331,2 Kings,18,31,אל,nega,,C:divine-title-candidate,Other Tanakh
207254,1424362,467331,2 Kings,18,31,אל,prep,,C:divine-title-candidate,Other Tanakh
207255,1424362,467331,2 Kings,18,31,חזקיהו,nmpr,pers,A:person-candidate,Other Tanakh
207259,1424362,467332,2 Kings,18,31,מלך,subs,,B:deity-candidate,Other Tanakh
207260,1424362,467332,2 Kings,18,31,אשור,nmpr,topo,F:unclassified-name,Other Tanakh
207266,1424362,467334,2 Kings,18,31,אל,prep,,C:divine-title-candidate,Other Tanakh
207284,1424363,467339,2 Kings,18,32,אל,prep,,C:divine-title-candidate,Other Tanakh
207307,1424363,467342,2 Kings,18,32,אל,nega,,C:divine-title-candidate,Other Tanakh
207309,1424363,467342,2 Kings,18,32,אל,prep,,C:divine-title-candidate,Other Tanakh
207310,1424363,467342,2 Kings,18,32,חזקיהו,nmpr,pers,A:person-candidate,Other Tanakh
207316,1424363,467345,2 Kings,18,32,יהוה,nmpr,pers,E:YHWH,Other Tanakh
207321,1424364,467346,2 Kings,18,33,אלהים,subs,,D:Elohim,Other Tanakh
207329,1424364,467346,2 Kings,18,33,מלך,subs,,B:deity-candidate,Other Tanakh
207330,1424364,467346,2 Kings,18,33,אשור,nmpr,topo,F:unclassified-name,Other Tanakh
207332,1424365,467348,2 Kings,18,34,אלהים,subs,,D:Elohim,Other Tanakh
207333,1424365,467348,2 Kings,18,34,חמת,nmpr,topo,F:unclassified-name,Other Tanakh
207335,1424365,467348,2 Kings,18,34,ארפד,nmpr,topo,F:unclassified-name,Other Tanakh
207337,1424365,467349,2 Kings,18,34,אלהים,subs,,D:Elohim,Other Tanakh
207338,1424365,467349,2 Kings,18,34,ספרוים,nmpr,topo,F:unclassified-name,Other Tanakh
207339,1424365,467349,2 Kings,18,34,הנע,nmpr,topo,F:unclassified-name,Other Tanakh
207341,1424365,467349,2 Kings,18,34,עוה,nmpr,topo,F:unclassified-name,Other Tanakh
207345,1424365,467350,2 Kings,18,34,שמרון,nmpr,topo,F:unclassified-name,Other Tanakh
207351,1424366,467351,2 Kings,18,35,אלהים,subs,,D:Elohim,Other Tanakh
207362,1424366,467353,2 Kings,18,35,יהוה,nmpr,pers,E:YHWH,Other Tanakh
207364,1424366,467353,2 Kings,18,35,ירושלם,nmpr,topo,F:unclassified-name,Other Tanakh
207379,1424367,467356,2 Kings,18,36,מלך,subs,,B:deity-candidate,Other Tanakh
207387,1424368,467359,2 Kings,18,37,אליקים,nmpr,pers,A:person-candidate,Other Tanakh
207389,1424368,467359,2 Kings,18,37,חלקיה,nmpr,pers,A:person-candidate,Other Tanakh
207395,1424368,467359,2 Kings,18,37,שבנא,nmpr,pers,A:person-candidate,Other Tanakh
207399,1424368,467359,2 Kings,18,37,יואח,nmpr,pers,A:person-candidate,Other Tanakh
207401,1424368,467359,2 Kings,18,37,אסף,nmpr,pers,A:person-candidate,Other Tanakh
207404,1424368,467359,2 Kings,18,37,אל,prep,,C:divine-title-candidate,Other Tanakh
207405,1424368,467359,2 Kings,18,37,חזקיהו,nmpr,pers,A:person-candidate,Other Tanakh
207418,1424369,467363,2 Kings,19,1,מלך,subs,,B:deity-candidate,Other Tanakh
207419,1424369,467363,2 Kings,19,1,חזקיהו,nmpr,pers,A:person-candidate,Other Tanakh
207432,1424369,467366,2 Kings,19,1,יהוה,nmpr,pers,E:YHWH,Other Tanakh
207436,1424370,467367,2 Kings,19,2,אליקים,nmpr,pers,A:person-candidate,Other Tanakh
207442,1424370,467367,2 Kings,19,2,שבנא,nmpr,pers,A:person-candidate,Other Tanakh
207454,1424370,467367,2 Kings,19,2,אל,prep,,C:divine-title-candidate,Other Tanakh
207455,1424370,467367,2 Kings,19,2,ישעיהו,nmpr,pers,A:person-candidate,Other Tanakh
207459,1424370,467367,2 Kings,19,2,אמוץ,nmpr,pers,A:person-candidate,Other Tanakh
207462,1424371,467370,2 Kings,19,3,אל,prep,,C:divine-title-candidate,Other Tanakh
207465,1424371,467371,2 Kings,19,3,חזקיהו,nmpr,pers,A:person-candidate,Other Tanakh
207488,1424372,467375,2 Kings,19,4,יהוה,nmpr,pers,E:YHWH,Other Tanakh
207489,1424372,467375,2 Kings,19,4,אלהים,subs,,D:Elohim,Other Tanakh
207496,1424372,467376,2 Kings,19,4,מלך,subs,,B:deity-candidate,Other Tanakh
207497,1424372,467376,2 Kings,19,4,אשור,nmpr,topo,F:unclassified-name,Other Tanakh
207501,1424372,467377,2 Kings,19,4,אלהים,subs,,D:Elohim,Other Tanakh
207510,1424372,467379,2 Kings,19,4,יהוה,nmpr,pers,E:YHWH,Other Tanakh
207511,1424372,467379,2 Kings,19,4,אלהים,subs,,D:Elohim,Other Tanakh
207524,1424373,467382,2 Kings,19,5,מלך,subs,,B:deity-candidate,Other Tanakh
207525,1424373,467382,2 Kings,19,5,חזקיהו,nmpr,pers,A:person-candidate,Other Tanakh
207526,1424373,467382,2 Kings,19,5,אל,prep,,C:divine-title-candidate,Other Tanakh
207527,1424373,467382,2 Kings,19,5,ישעיהו,nmpr,pers,A:person-candidate,Other Tanakh
207531,1424374,467383,2 Kings,19,6,ישעיהו,nmpr,pers,A:person-candidate,Other Tanakh
207534,1424374,467384,2 Kings,19,6,אל,prep,,C:divine-title-candidate,Other Tanakh
207538,1424374,467385,2 Kings,19,6,יהוה,nmpr,pers,E:YHWH,Other Tanakh
207539,1424374,467386,2 Kings,19,6,אל,nega,,C:divine-title-candidate,Other Tanakh
207550,1424374,467388,2 Kings,19,6,מלך,subs,,B:deity-candidate,Other Tanakh
207551,1424374,467388,2 Kings,19,6,אשור,nmpr,topo,F:unclassified-name,Other Tanakh
207577,1424376,467394,2 Kings,19,8,מלך,subs,,B:deity-candidate,Other Tanakh
207578,1424376,467394,2 Kings,19,8,אשור,nmpr,topo,F:unclassified-name,Other Tanakh
207581,1424376,467395,2 Kings,19,8,לבנה,nmpr,topo,F:unclassified-name,Other Tanakh
207587,1424376,467397,2 Kings,19,8,לכיש,nmpr,topo,F:unclassified-name,Other Tanakh
207590,1424377,467398,2 Kings,19,9,אל,prep,,C:divine-title-candidate,Other Tanakh
207591,1424377,467398,2 Kings,19,9,תרהקה,nmpr,pers,A:person-candidate,Other Tanakh
207592,1424377,467398,2 Kings,19,9,מלך,subs,,B:deity-candidate,Other Tanakh
207593,1424377,467398,2 Kings,19,9,כוש,nmpr,topo,F:unclassified-name,Other Tanakh
207606,1424377,467403,2 Kings,19,9,אל,prep,,C:divine-title-candidate,Other Tanakh
207607,1424377,467403,2 Kings,19,9,חזקיהו,nmpr,pers,A:person-candidate,Other Tanakh
207612,1424378,467405,2 Kings,19,10,אל,prep,,C:divine-title-candidate,Other Tanakh
207613,1424378,467405,2 Kings,19,10,חזקיהו,nmpr,pers,A:person-candidate,Other Tanakh
207614,1424378,467405,2 Kings,19,10,מלך,subs,,B:deity-candidate,Other Tanakh
207615,1424378,467405,2 Kings,19,10,יהודה,nmpr,"pers,gens,topo",F:unclassified-name,Other Tanakh
207618,1424378,467407,2 Kings,19,10,אל,nega,,C:divine-title-candidate,Other Tanakh
207620,1424378,467407,2 Kings,19,10,אלהים,subs,,D:Elohim,Other Tanakh
207629,1424378,467410,2 Kings,19,10,ירושלם,nmpr,topo,F:unclassified-name,Other Tanakh
207632,1424378,467410,2 Kings,19,10,מלך,subs,,B:deity-candidate,Other Tanakh
207633,1424378,467410,2 Kings,19,10,אשור,nmpr,topo,F:unclassified-name,Other Tanakh
207640,1424379,467412,2 Kings,19,11,מלך,subs,,B:deity-candidate,Other Tanakh
207641,1424379,467412,2 Kings,19,11,אשור,nmpr,topo,F:unclassified-name,Other Tanakh
207654,1424380,467415,2 Kings,19,12,אלהים,subs,,D:Elohim,Other Tanakh
207661,1424380,467415,2 Kings,19,12,גוזן,nmpr,topo,F:unclassified-name,Other Tanakh
207664,1424380,467415,2 Kings,19,12,חרן,nmpr,topo,F:unclassified-name,Other Tanakh
207666,1424380,467415,2 Kings,19,12,רצף,nmpr,topo,F:unclassified-name,Other Tanakh
207669,1424380,467415,2 Kings,19,12,עדן,nmpr,topo,F:unclassified-name,Other Tanakh
207672,1424380,467417,2 Kings,19,12,תלאשר,nmpr,topo,F:unclassified-name,Other Tanakh
207674,1424381,467418,2 Kings,19,13,מלך,subs,,B:deity-candidate,Other Tanakh
207675,1424381,467418,2 Kings,19,13,חמת,nmpr,topo,F:unclassified-name,Other Tanakh
207677,1424381,467418,2 Kings,19,13,מלך,subs,,B:deity-candidate,Other Tanakh
207678,1424381,467418,2 Kings,19,13,ארפד,nmpr,topo,F:unclassified-name,Other Tanakh
207680,1424381,467418,2 Kings,19,13,מלך,subs,,B:deity-candidate,Other Tanakh
207684,1424381,467418,2 Kings,19,13,ספרוים,nmpr,topo,F:unclassified-name,Other Tanakh
207685,1424381,467418,2 Kings,19,13,הנע,nmpr,topo,F:unclassified-name,Other Tanakh
207687,1424381,467418,2 Kings,19,13,עוה,nmpr,topo,F:unclassified-name,Other Tanakh
207690,1424382,467419,2 Kings,19,14,חזקיהו,nmpr,pers,A:person-candidate,Other Tanakh
207703,1424382,467421,2 Kings,19,14,יהוה,nmpr,pers,E:YHWH,Other Tanakh
207706,1424382,467422,2 Kings,19,14,חזקיהו,nmpr,pers,A:person-candidate,Other Tanakh
207709,1424382,467422,2 Kings,19,14,יהוה,nmpr,pers,E:YHWH,Other Tanakh
207712,1424383,467423,2 Kings,19,15,חזקיהו,nmpr,pers,A:person-candidate,Other Tanakh
207715,1424383,467423,2 Kings,19,15,יהוה,nmpr,pers,E:YHWH,Other Tanakh
207718,1424383,467425,2 Kings,19,15,יהוה,nmpr,pers,E:YHWH,Other Tanakh
207719,1424383,467425,2 Kings,19,15,אלהים,subs,,D:Elohim,Other Tanakh
207720,1424383,467425,2 Kings,19,15,ישראל,nmpr,"pers,gens,topo",F:unclassified-name,Other Tanakh
207727,1424383,467427,2 Kings,19,15,אלהים,subs,,D:Elohim,Other Tanakh
207745,1424384,467430,2 Kings,19,16,יהוה,nmpr,pers,E:YHWH,Other Tanakh
207750,1424384,467433,2 Kings,19,16,יהוה,nmpr,pers,E:YHWH,Other Tanakh
207758,1424384,467435,2 Kings,19,16,סנחריב,nmpr,pers,A:person-candidate,Other Tanakh
207763,1424384,467437,2 Kings,19,16,אלהים,subs,,D:Elohim,Other Tanakh
207766,1424385,467438,2 Kings,19,17,יהוה,nmpr,pers,E:YHWH,Other Tanakh
207768,1424385,467439,2 Kings,19,17,מלך,subs,,B:deity-candidate,Other Tanakh
207769,1424385,467439,2 Kings,19,17,אשור,nmpr,topo,F:unclassified-name,Other Tanakh
207779,1424386,467440,2 Kings,19,18,אלהים,subs,,D:Elohim,Other Tanakh
207785,1424386,467441,2 Kings,19,18,אלהים,subs,,D:Elohim,Other Tanakh
207799,1424387,467445,2 Kings,19,19,יהוה,nmpr,pers,E:YHWH,Other Tanakh
207800,1424387,467445,2 Kings,19,19,אלהים,subs,,D:Elohim,Other Tanakh
207813,1424387,467448,2 Kings,19,19,יהוה,nmpr,pers,E:YHWH,Other Tanakh
207814,1424387,467448,2 Kings,19,19,אלהים,subs,,D:Elohim,Other Tanakh
207819,1424388,467449,2 Kings,19,20,ישעיהו,nmpr,pers,A:person-candidate,Other Tanakh
207821,1424388,467449,2 Kings,19,20,אמוץ,nmpr,pers,A:person-candidate,Other Tanakh
207822,1424388,467449,2 Kings,19,20,אל,prep,,C:divine-title-candidate,Other Tanakh
207823,1424388,467449,2 Kings,19,20,חזקיהו,nmpr,pers,A:person-candidate,Other Tanakh
207828,1424388,467451,2 Kings,19,20,יהוה,nmpr,pers,E:YHWH,Other Tanakh
207829,1424388,467451,2 Kings,19,20,אלהים,subs,,D:Elohim,Other Tanakh
207830,1424388,467451,2 Kings,19,20,ישראל,nmpr,"pers,gens,topo",F:unclassified-name,Other Tanakh
207833,1424388,467452,2 Kings,19,20,אל,prep,,C:divine-title-candidate,Other Tanakh
207834,1424388,467452,2 Kings,19,20,אל,prep,,C:divine-title-candidate,Other Tanakh
207835,1424388,467452,2 Kings,19,20,סנחריב,nmpr,pers,A:person-candidate,Other Tanakh
207836,1424388,467452,2 Kings,19,20,מלך,subs,,B:deity-candidate,Other Tanakh
207837,1424388,467452,2 Kings,19,20,אשור,nmpr,topo,F:unclassified-name,Other Tanakh
207844,1424389,467455,2 Kings,19,21,יהוה,nmpr,pers,E:YHWH,Other Tanakh
207852,1424389,467457,2 Kings,19,21,ציון,nmpr,topo,F:unclassified-name,Other Tanakh
207857,1424389,467458,2 Kings,19,21,ירושלם,nmpr,topo,F:unclassified-name,Other Tanakh
207874,1424390,467463,2 Kings,19,22,ישראל,nmpr,"pers,gens,topo",F:unclassified-name,Other Tanakh
207879,1424391,467464,2 Kings,19,23,אדני,nmpr,pers,C:divine-title-candidate,Other Tanakh
207890,1424391,467466,2 Kings,19,23,לבנון,nmpr,topo,F:unclassified-name,Other Tanakh
207916,1424392,467471,2 Kings,19,24,מצור,nmpr,topo,F:unclassified-name,Other Tanakh
207971,1424395,467488,2 Kings,19,27,אל,prep,,C:divine-title-candidate,Other Tanakh
207974,1424396,467489,2 Kings,19,28,אל,prep,,C:divine-title-candidate,Other Tanakh
208032,1424398,467502,2 Kings,19,30,יהודה,nmpr,"pers,gens,topo",F:unclassified-name,Other Tanakh
208045,1424399,467504,2 Kings,19,31,ירושלם,nmpr,topo,F:unclassified-name,Other Tanakh
208052,1424399,467505,2 Kings,19,31,ציון,nmpr,topo,F:unclassified-name,Other Tanakh
208054,1424399,467506,2 Kings,19,31,יהוה,nmpr,pers,E:YHWH,Other Tanakh
208061,1424400,467508,2 Kings,19,32,יהוה,nmpr,pers,E:YHWH,Other Tanakh
208062,1424400,467508,2 Kings,19,32,אל,prep,,C:divine-title-candidate,Other Tanakh
208063,1424400,467508,2 Kings,19,32,מלך,subs,,B:deity-candidate,Other Tanakh
208064,1424400,467508,2 Kings,19,32,אשור,nmpr,topo,F:unclassified-name,Other Tanakh
208067,1424400,467509,2 Kings,19,32,אל,prep,,C:divine-title-candidate,Other Tanakh
208094,1424401,467515,2 Kings,19,33,אל,prep,,C:divine-title-candidate,Other Tanakh
208102,1424401,467516,2 Kings,19,33,יהוה,nmpr,pers,E:YHWH,Other Tanakh
208105,1424402,467517,2 Kings,19,34,אל,prep,,C:divine-title-candidate,Other Tanakh
208115,1424402,467519,2 Kings,19,34,דוד,nmpr,pers,A:person-candidate,Other Tanakh
208127,1424403,467521,2 Kings,19,35,יהוה,nmpr,pers,E:YHWH,Other Tanakh
208132,1424403,467522,2 Kings,19,35,אשור,nmpr,topo,F:unclassified-name,Other Tanakh
208154,1424404,467527,2 Kings,19,36,סנחריב,nmpr,pers,A:person-candidate,Other Tanakh
208155,1424404,467527,2 Kings,19,36,מלך,subs,,B:deity-candidate,Other Tanakh
208156,1424404,467527,2 Kings,19,36,אשור,nmpr,topo,F:unclassified-name,Other Tanakh
208160,1424404,467528,2 Kings,19,36,נינוה,nmpr,topo,F:unclassified-name,Other Tanakh
208166,1424405,467530,2 Kings,19,37,נסרך,nmpr,pers,A:person-candidate,Other Tanakh
208167,1424405,467530,2 Kings,19,37,אלהים,subs,,D:Elohim,Other Tanakh
208169,1424405,467531,2 Kings,19,37,אדרמלך,nmpr,pers,A:person-candidate,Other Tanakh
208171,1424405,467531,2 Kings,19,37,שראצר,nmpr,pers,A:person-candidate,Other Tanakh
208181,1424405,467532,2 Kings,19,37,אררט,nmpr,topo,F:unclassified-name,Other Tanakh
208183,1424405,467533,2 Kings,19,37,מלך,verb,,B:deity-candidate,Other Tanakh
208184,1424405,467533,2 Kings,19,37,אסר חדן,nmpr,pers,A:person-candidate,Other Tanakh
208193,1424406,467534,2 Kings,20,1,חזקיהו,nmpr,pers,A:person-candidate,Other Tanakh
208198,1424406,467536,2 Kings,20,1,אל,prep,,C:divine-title-candidate,Other Tanakh
208199,1424406,467536,2 Kings,20,1,ישעיהו,nmpr,pers,A:person-candidate,Other Tanakh
208201,1424406,467536,2 Kings,20,1,אמוץ,nmpr,pers,A:person-candidate,Other Tanakh
208206,1424406,467537,2 Kings,20,1,אל,prep,,C:divine-title-candidate,Other Tanakh
208209,1424406,467538,2 Kings,20,1,יהוה,nmpr,pers,E:YHWH,Other Tanakh
208223,1424407,467542,2 Kings,20,2,אל,prep,,C:divine-title-candidate,Other Tanakh
208228,1424407,467543,2 Kings,20,2,אל,prep,,C:divine-title-candidate,Other Tanakh
208229,1424407,467543,2 Kings,20,2,יהוה,nmpr,pers,E:YHWH,Other Tanakh
208233,1424408,467545,2 Kings,20,3,יהוה,nmpr,pers,E:YHWH,Other Tanakh
208255,1424408,467549,2 Kings,20,3,חזקיהו,nmpr,pers,A:person-candidate,Other Tanakh
208260,1424409,467551,2 Kings,20,4,ישעיהו,nmpr,pers,A:person-candidate,Other Tanakh
208268,1424409,467552,2 Kings,20,4,יהוה,nmpr,pers,E:YHWH,Other Tanakh
208270,1424409,467552,2 Kings,20,4,אל,prep,,C:divine-title-candidate,Other Tanakh
208276,1424410,467555,2 Kings,20,5,אל,prep,,C:divine-title-candidate,Other Tanakh
208277,1424410,467555,2 Kings,20,5,חזקיהו,nmpr,pers,A:person-candidate,Other Tanakh
208282,1424410,467556,2 Kings,20,5,יהוה,nmpr,pers,E:YHWH,Other Tanakh
208283,1424410,467556,2 Kings,20,5,אלהים,subs,,D:Elohim,Other Tanakh
208284,1424410,467556,2 Kings,20,5,דוד,nmpr,pers,A:person-candidate,Other Tanakh
208302,1424410,467560,2 Kings,20,5,יהוה,nmpr,pers,E:YHWH,Other Tanakh
208313,1424411,467562,2 Kings,20,6,מלך,subs,,B:deity-candidate,Other Tanakh
208314,1424411,467562,2 Kings,20,6,אשור,nmpr,topo,F:unclassified-name,Other Tanakh
208332,1424411,467564,2 Kings,20,6,דוד,nmpr,pers,A:person-candidate,Other Tanakh
208336,1424412,467565,2 Kings,20,7,ישעיהו,nmpr,pers,A:person-candidate,Other Tanakh
208351,1424413,467570,2 Kings,20,8,חזקיהו,nmpr,pers,A:person-candidate,Other Tanakh
208352,1424413,467570,2 Kings,20,8,אל,prep,,C:divine-title-candidate,Other Tanakh
208353,1424413,467570,2 Kings,20,8,ישעיהו,nmpr,pers,A:person-candidate,Other Tanakh
208358,1424413,467572,2 Kings,20,8,יהוה,nmpr,pers,E:YHWH,Other Tanakh
208368,1424413,467573,2 Kings,20,8,יהוה,nmpr,pers,E:YHWH,Other Tanakh
208371,1424414,467574,2 Kings,20,9,ישעיהו,nmpr,pers,A:person-candidate,Other Tanakh
208378,1424414,467575,2 Kings,20,9,יהוה,nmpr,pers,E:YHWH,Other Tanakh
208381,1424414,467576,2 Kings,20,9,יהוה,nmpr,pers,E:YHWH,Other Tanakh
208398,1424415,467580,2 Kings,20,10,יחזקיהו,nmpr,pers,A:person-candidate,Other Tanakh
208417,1424416,467585,2 Kings,20,11,ישעיהו,nmpr,pers,A:person-candidate,Other Tanakh
208420,1424416,467585,2 Kings,20,11,אל,prep,,C:divine-title-candidate,Other Tanakh
208421,1424416,467585,2 Kings,20,11,יהוה,nmpr,pers,E:YHWH,Other Tanakh
208434,1424416,467587,2 Kings,20,11,אחז,nmpr,pers,A:person-candidate,Other Tanakh
208444,1424417,467588,2 Kings,20,12,בראדך בלאדן,nmpr,pers,A:person-candidate,Other Tanakh
208446,1424417,467588,2 Kings,20,12,בלאדן,nmpr,pers,A:person-candidate,Other Tanakh
208447,1424417,467588,2 Kings,20,12,מלך,subs,,B:deity-candidate,Other Tanakh
208448,1424417,467588,2 Kings,20,12,בבל,nmpr,topo,F:unclassified-name,Other Tanakh
208452,1424417,467588,2 Kings,20,12,אל,prep,,C:divine-title-candidate,Other Tanakh
208453,1424417,467588,2 Kings,20,12,חזקיהו,nmpr,pers,A:person-candidate,Other Tanakh
208458,1424417,467590,2 Kings,20,12,חזקיהו,nmpr,pers,A:person-candidate,Other Tanakh
208462,1424418,467591,2 Kings,20,13,חזקיהו,nmpr,pers,A:person-candidate,Other Tanakh
208502,1424418,467595,2 Kings,20,13,חזקיהו,nmpr,pers,A:person-candidate,Other Tanakh
208511,1424419,467596,2 Kings,20,14,ישעיהו,nmpr,pers,A:person-candidate,Other Tanakh
208514,1424419,467596,2 Kings,20,14,אל,prep,,C:divine-title-candidate,Other Tanakh
208516,1424419,467596,2 Kings,20,14,מלך,subs,,B:deity-candidate,Other Tanakh
208517,1424419,467596,2 Kings,20,14,חזקיהו,nmpr,pers,A:person-candidate,Other Tanakh
208520,1424419,467597,2 Kings,20,14,אל,prep,,C:divine-title-candidate,Other Tanakh
208531,1424419,467599,2 Kings,20,14,אל,prep,,C:divine-title-candidate,Other Tanakh
208534,1424419,467600,2 Kings,20,14,חזקיהו,nmpr,pers,A:person-candidate,Other Tanakh
208540,1424419,467601,2 Kings,20,14,בבל,nmpr,topo,F:unclassified-name,Other Tanakh
208549,1424420,467604,2 Kings,20,15,חזקיהו,nmpr,pers,A:person-candidate,Other Tanakh
208566,1424421,467609,2 Kings,20,16,ישעיהו,nmpr,pers,A:person-candidate,Other Tanakh
208567,1424421,467609,2 Kings,20,16,אל,prep,,C:divine-title-candidate,Other Tanakh
208568,1424421,467609,2 Kings,20,16,חזקיהו,nmpr,pers,A:person-candidate,Other Tanakh
208571,1424421,467610,2 Kings,20,16,יהוה,nmpr,pers,E:YHWH,Other Tanakh
208590,1424422,467612,2 Kings,20,17,בבל,nmpr,topo,F:unclassified-name,Other Tanakh
208595,1424422,467616,2 Kings,20,17,יהוה,nmpr,pers,E:YHWH,Other Tanakh
208610,1424423,467620,2 Kings,20,18,מלך,subs,,B:deity-candidate,Other Tanakh
208611,1424423,467620,2 Kings,20,18,בבל,nmpr,topo,F:unclassified-name,Other Tanakh
208614,1424424,467621,2 Kings,20,19,חזקיהו,nmpr,pers,A:person-candidate,Other Tanakh
208615,1424424,467621,2 Kings,20,19,אל,prep,,C:divine-title-candidate,Other Tanakh
208616,1424424,467621,2 Kings,20,19,ישעיהו,nmpr,pers,A:person-candidate,Other Tanakh
208619,1424424,467622,2 Kings,20,19,יהוה,nmpr,pers,E:YHWH,Other Tanakh
208636,1424425,467627,2 Kings,20,20,חזקיהו,nmpr,pers,A:person-candidate,Other Tanakh
208667,1424425,467630,2 Kings,20,20,מלך,subs,,B:deity-candidate,Other Tanakh
208668,1424425,467630,2 Kings,20,20,יהודה,nmpr,"pers,gens,topo",F:unclassified-name,Other Tanakh
208671,1424426,467631,2 Kings,20,21,חזקיהו,nmpr,pers,A:person-candidate,Other Tanakh
208675,1424426,467632,2 Kings,20,21,מלך,verb,,B:deity-candidate,Other Tanakh
208676,1424426,467632,2 Kings,20,21,מנשה,nmpr,"pers,gens",F:unclassified-name,Other Tanakh
208683,1424427,467633,2 Kings,21,1,מנשה,nmpr,"pers,gens",F:unclassified-name,Other Tanakh
208685,1424427,467634,2 Kings,21,1,מלך,verb,,B:deity-candidate,Other Tanakh
208691,1424427,467635,2 Kings,21,1,מלך,verb,,B:deity-candidate,Other Tanakh
208693,1424427,467635,2 Kings,21,1,ירושלם,nmpr,topo,F:unclassified-name,Other Tanakh
208697,1424427,467636,2 Kings,21,1,חפצי בה,nmpr,pers,A:person-candidate,Other Tanakh
208704,1424428,467638,2 Kings,21,2,יהוה,nmpr,pers,E:YHWH,Other Tanakh
208711,1424428,467639,2 Kings,21,2,יהוה,nmpr,pers,E:YHWH,Other Tanakh
208715,1424428,467639,2 Kings,21,2,ישראל,nmpr,"pers,gens,topo",F:unclassified-name,Other Tanakh
208725,1424429,467642,2 Kings,21,3,חזקיהו,nmpr,pers,A:person-candidate,Other Tanakh
208732,1424429,467643,2 Kings,21,3,בעל,subs,,B:deity-candidate,Other Tanakh
208739,1424429,467645,2 Kings,21,3,אחאב,nmpr,pers,A:person-candidate,Other Tanakh
208740,1424429,467645,2 Kings,21,3,מלך,subs,,B:deity-candidate,Other Tanakh
208741,1424429,467645,2 Kings,21,3,ישראל,nmpr,"pers,gens,topo",F:unclassified-name,Other Tanakh
208757,1424430,467648,2 Kings,21,4,יהוה,nmpr,pers,E:YHWH,Other Tanakh
208760,1424430,467649,2 Kings,21,4,יהוה,nmpr,pers,E:YHWH,Other Tanakh
208762,1424430,467650,2 Kings,21,4,ירושלם,nmpr,topo,F:unclassified-name,Other Tanakh
208778,1424431,467651,2 Kings,21,5,יהוה,nmpr,pers,E:YHWH,Other Tanakh
208802,1424432,467658,2 Kings,21,6,יהוה,nmpr,pers,E:YHWH,Other Tanakh
208818,1424433,467662,2 Kings,21,7,יהוה,nmpr,pers,E:YHWH,Other Tanakh
208819,1424433,467662,2 Kings,21,7,אל,prep,,C:divine-title-candidate,Other Tanakh
208820,1424433,467662,2 Kings,21,7,דוד,nmpr,pers,A:person-candidate,Other Tanakh
208822,1424433,467662,2 Kings,21,7,אל,prep,,C:divine-title-candidate,Other Tanakh
208823,1424433,467662,2 Kings,21,7,שלמה,nmpr,pers,A:person-candidate,Other Tanakh
208832,1424433,467663,2 Kings,21,7,ירושלם,nmpr,topo,F:unclassified-name,Other Tanakh
208838,1424433,467664,2 Kings,21,7,ישראל,nmpr,"pers,gens,topo",F:unclassified-name,Other Tanakh
208850,1424434,467666,2 Kings,21,8,ישראל,nmpr,"pers,gens,topo",F:unclassified-name,Other Tanakh
208876,1424434,467671,2 Kings,21,8,משה,nmpr,pers,A:person-candidate,Other Tanakh
208882,1424435,467673,2 Kings,21,9,מנשה,nmpr,"pers,gens",F:unclassified-name,Other Tanakh
208893,1424435,467676,2 Kings,21,9,יהוה,nmpr,pers,E:YHWH,Other Tanakh
208897,1424435,467676,2 Kings,21,9,ישראל,nmpr,"pers,gens,topo",F:unclassified-name,Other Tanakh
208900,1424436,467677,2 Kings,21,10,יהוה,nmpr,pers,E:YHWH,Other Tanakh
208911,1424437,467679,2 Kings,21,11,מנשה,nmpr,"pers,gens",F:unclassified-name,Other Tanakh
208912,1424437,467679,2 Kings,21,11,מלך,subs,,B:deity-candidate,Other Tanakh
208913,1424437,467679,2 Kings,21,11,יהודה,nmpr,"pers,gens,topo",F:unclassified-name,Other Tanakh
208932,1424437,467683,2 Kings,21,11,יהודה,nmpr,"pers,gens,topo",F:unclassified-name,Other Tanakh
208938,1424438,467685,2 Kings,21,12,יהוה,nmpr,pers,E:YHWH,Other Tanakh
208939,1424438,467685,2 Kings,21,12,אלהים,subs,,D:Elohim,Other Tanakh
208940,1424438,467685,2 Kings,21,12,ישראל,nmpr,"pers,gens,topo",F:unclassified-name,Other Tanakh
208945,1424438,467686,2 Kings,21,12,ירושלם,nmpr,topo,F:unclassified-name,Other Tanakh
208947,1424438,467686,2 Kings,21,12,יהודה,nmpr,"pers,gens,topo",F:unclassified-name,Other Tanakh
208957,1424439,467690,2 Kings,21,13,ירושלם,nmpr,topo,F:unclassified-name,Other Tanakh
208960,1424439,467690,2 Kings,21,13,שמרון,nmpr,topo,F:unclassified-name,Other Tanakh
208965,1424439,467690,2 Kings,21,13,אחאב,nmpr,pers,A:person-candidate,Other Tanakh
208969,1424439,467691,2 Kings,21,13,ירושלם,nmpr,topo,F:unclassified-name,Other Tanakh
209020,1424441,467700,2 Kings,21,15,מצרים,nmpr,topo,F:unclassified-name,Other Tanakh
209032,1424442,467701,2 Kings,21,16,מנשה,nmpr,"pers,gens",F:unclassified-name,Other Tanakh
209039,1424442,467702,2 Kings,21,16,ירושלם,nmpr,topo,F:unclassified-name,Other Tanakh
209050,1424442,467703,2 Kings,21,16,יהודה,nmpr,"pers,gens,topo",F:unclassified-name,Other Tanakh
209057,1424442,467705,2 Kings,21,16,יהוה,nmpr,pers,E:YHWH,Other Tanakh
209061,1424443,467706,2 Kings,21,17,מנשה,nmpr,"pers,gens",F:unclassified-name,Other Tanakh
209080,1424443,467709,2 Kings,21,17,מלך,subs,,B:deity-candidate,Other Tanakh
209081,1424443,467709,2 Kings,21,17,יהודה,nmpr,"pers,gens,topo",F:unclassified-name,Other Tanakh
209084,1424444,467710,2 Kings,21,18,מנשה,nmpr,"pers,gens",F:unclassified-name,Other Tanakh
209094,1424444,467711,2 Kings,21,18,עזא,nmpr,pers,A:person-candidate,Other Tanakh
209096,1424444,467712,2 Kings,21,18,מלך,verb,,B:deity-candidate,Other Tanakh
209097,1424444,467712,2 Kings,21,18,אמון,nmpr,pers,A:person-candidate,Other Tanakh
209105,1424445,467713,2 Kings,21,19,אמון,nmpr,pers,A:person-candidate,Other Tanakh
209107,1424445,467714,2 Kings,21,19,מלך,verb,,B:deity-candidate,Other Tanakh
209111,1424445,467715,2 Kings,21,19,מלך,verb,,B:deity-candidate,Other Tanakh
209113,1424445,467715,2 Kings,21,19,ירושלם,nmpr,topo,F:unclassified-name,Other Tanakh
209117,1424445,467716,2 Kings,21,19,משלמת,nmpr,pers,A:person-candidate,Other Tanakh
209119,1424445,467716,2 Kings,21,19,חרוץ,nmpr,pers,A:person-candidate,Other Tanakh
209121,1424445,467716,2 Kings,21,19,יטבה,nmpr,topo,F:unclassified-name,Other Tanakh
209128,1424446,467718,2 Kings,21,20,יהוה,nmpr,pers,E:YHWH,Other Tanakh
209132,1424446,467719,2 Kings,21,20,מנשה,nmpr,"pers,gens",F:unclassified-name,Other Tanakh
209157,1424448,467725,2 Kings,21,22,יהוה,nmpr,pers,E:YHWH,Other Tanakh
209158,1424448,467725,2 Kings,21,22,אלהים,subs,,D:Elohim,Other Tanakh
209165,1424448,467726,2 Kings,21,22,יהוה,nmpr,pers,E:YHWH,Other Tanakh
209169,1424449,467727,2 Kings,21,23,אמון,nmpr,pers,A:person-candidate,Other Tanakh
209175,1424449,467728,2 Kings,21,23,מלך,subs,,B:deity-candidate,Other Tanakh
209189,1424450,467730,2 Kings,21,24,מלך,subs,,B:deity-candidate,Other Tanakh
209190,1424450,467730,2 Kings,21,24,אמון,nmpr,pers,A:person-candidate,Other Tanakh
209192,1424450,467731,2 Kings,21,24,מלך,verb,,B:deity-candidate,Other Tanakh
209197,1424450,467731,2 Kings,21,24,יאשיהו,nmpr,pers,A:person-candidate,Other Tanakh
209203,1424451,467732,2 Kings,21,25,אמון,nmpr,pers,A:person-candidate,Other Tanakh
209216,1424451,467734,2 Kings,21,25,מלך,subs,,B:deity-candidate,Other Tanakh
209217,1424451,467734,2 Kings,21,25,יהודה,nmpr,"pers,gens,topo",F:unclassified-name,Other Tanakh
209225,1424452,467735,2 Kings,21,26,עזא,nmpr,pers,A:person-candidate,Other Tanakh
209227,1424452,467736,2 Kings,21,26,מלך,verb,,B:deity-candidate,Other Tanakh
209228,1424452,467736,2 Kings,21,26,יאשיהו,nmpr,pers,A:person-candidate,Other Tanakh
209234,1424453,467737,2 Kings,22,1,יאשיהו,nmpr,pers,A:person-candidate,Other Tanakh
209236,1424453,467738,2 Kings,22,1,מלך,verb,,B:deity-candidate,Other Tanakh
209242,1424453,467739,2 Kings,22,1,מלך,verb,,B:deity-candidate,Other Tanakh
209244,1424453,467739,2 Kings,22,1,ירושלם,nmpr,topo,F:unclassified-name,Other Tanakh
209248,1424453,467740,2 Kings,22,1,ידידה,nmpr,pers,A:person-candidate,Other Tanakh
209250,1424453,467740,2 Kings,22,1,עדיה,nmpr,pers,A:person-candidate,Other Tanakh
209252,1424453,467740,2 Kings,22,1,בצקת,nmpr,topo,F:unclassified-name,Other Tanakh
209259,1424454,467742,2 Kings,22,2,יהוה,nmpr,pers,E:YHWH,Other Tanakh
209265,1424454,467743,2 Kings,22,2,דוד,nmpr,pers,A:person-candidate,Other Tanakh
209281,1424455,467745,2 Kings,22,3,מלך,subs,,B:deity-candidate,Other Tanakh
209282,1424455,467745,2 Kings,22,3,יאשיהו,nmpr,pers,A:person-candidate,Other Tanakh
209285,1424455,467746,2 Kings,22,3,מלך,subs,,B:deity-candidate,Other Tanakh
209287,1424455,467746,2 Kings,22,3,שפן,nmpr,pers,A:person-candidate,Other Tanakh
209289,1424455,467746,2 Kings,22,3,אצליהו,nmpr,pers,A:person-candidate,Other Tanakh
209291,1424455,467746,2 Kings,22,3,משלם,nmpr,pers,A:person-candidate,Other Tanakh
209295,1424455,467746,2 Kings,22,3,יהוה,nmpr,pers,E:YHWH,Other Tanakh
209299,1424456,467748,2 Kings,22,4,אל,prep,,C:divine-title-candidate,Other Tanakh
209300,1424456,467748,2 Kings,22,4,חלקיהו,nmpr,pers,A:person-candidate,Other Tanakh
209313,1424456,467750,2 Kings,22,4,יהוה,nmpr,pers,E:YHWH,Other Tanakh
209333,1424457,467753,2 Kings,22,5,יהוה,nmpr,pers,E:YHWH,Other Tanakh
209344,1424457,467755,2 Kings,22,5,יהוה,nmpr,pers,E:YHWH,Other Tanakh
209390,1424460,467762,2 Kings,22,8,חלקיהו,nmpr,pers,A:person-candidate,Other Tanakh
209396,1424460,467762,2 Kings,22,8,שפן,nmpr,pers,A:person-candidate,Other Tanakh
209405,1424460,467763,2 Kings,22,8,יהוה,nmpr,pers,E:YHWH,Other Tanakh
209408,1424460,467764,2 Kings,22,8,חלקיה,nmpr,pers,A:person-candidate,Other Tanakh
209412,1424460,467764,2 Kings,22,8,אל,prep,,C:divine-title-candidate,Other Tanakh
209413,1424460,467764,2 Kings,22,8,שפן,nmpr,pers,A:person-candidate,Other Tanakh
209418,1424461,467766,2 Kings,22,9,שפן,nmpr,pers,A:person-candidate,Other Tanakh
209421,1424461,467766,2 Kings,22,9,אל,prep,,C:divine-title-candidate,Other Tanakh
209423,1424461,467766,2 Kings,22,9,מלך,subs,,B:deity-candidate,Other Tanakh
209428,1424461,467767,2 Kings,22,9,מלך,subs,,B:deity-candidate,Other Tanakh
209452,1424461,467772,2 Kings,22,9,יהוה,nmpr,pers,E:YHWH,Other Tanakh
209455,1424462,467773,2 Kings,22,10,שפן,nmpr,pers,A:person-candidate,Other Tanakh
209460,1424462,467773,2 Kings,22,10,מלך,subs,,B:deity-candidate,Other Tanakh
209466,1424462,467775,2 Kings,22,10,חלקיה,nmpr,pers,A:person-candidate,Other Tanakh
209471,1424462,467776,2 Kings,22,10,שפן,nmpr,pers,A:person-candidate,Other Tanakh
209475,1424462,467776,2 Kings,22,10,מלך,subs,,B:deity-candidate,Other Tanakh
209481,1424463,467778,2 Kings,22,11,מלך,subs,,B:deity-candidate,Other Tanakh
209494,1424464,467780,2 Kings,22,12,מלך,subs,,B:deity-candidate,Other Tanakh
209496,1424464,467780,2 Kings,22,12,חלקיה,nmpr,pers,A:person-candidate,Other Tanakh
209501,1424464,467780,2 Kings,22,12,אחיקם,nmpr,pers,A:person-candidate,Other Tanakh
209503,1424464,467780,2 Kings,22,12,שפן,nmpr,pers,A:person-candidate,Other Tanakh
209506,1424464,467780,2 Kings,22,12,עכבור,nmpr,pers,A:person-candidate,Other Tanakh
209508,1424464,467780,2 Kings,22,12,מיכיה,nmpr,pers,A:person-candidate,Other Tanakh
209511,1424464,467780,2 Kings,22,12,שפן,nmpr,pers,A:person-candidate,Other Tanakh
209516,1424464,467780,2 Kings,22,12,עשיה,nmpr,pers,A:person-candidate,Other Tanakh
209519,1424464,467780,2 Kings,22,12,מלך,subs,,B:deity-candidate,Other Tanakh
209525,1424465,467783,2 Kings,22,13,יהוה,nmpr,pers,E:YHWH,Other Tanakh
209534,1424465,467783,2 Kings,22,13,יהודה,nmpr,"pers,gens,topo",F:unclassified-name,Other Tanakh
209546,1424465,467784,2 Kings,22,13,יהוה,nmpr,pers,E:YHWH,Other Tanakh
209571,1424466,467789,2 Kings,22,14,חלקיהו,nmpr,pers,A:person-candidate,Other Tanakh
209575,1424466,467789,2 Kings,22,14,אחיקם,nmpr,pers,A:person-candidate,Other Tanakh
209577,1424466,467789,2 Kings,22,14,עכבור,nmpr,pers,A:person-candidate,Other Tanakh
209579,1424466,467789,2 Kings,22,14,שפן,nmpr,pers,A:person-candidate,Other Tanakh
209581,1424466,467789,2 Kings,22,14,עשיה,nmpr,pers,A:person-candidate,Other Tanakh
209582,1424466,467789,2 Kings,22,14,אל,prep,,C:divine-title-candidate,Other Tanakh
209583,1424466,467789,2 Kings,22,14,חלדה,nmpr,pers,A:person-candidate,Other Tanakh
209587,1424466,467789,2 Kings,22,14,שלום,nmpr,pers,A:person-candidate,Other Tanakh
209589,1424466,467789,2 Kings,22,14,תקוה,nmpr,pers,A:person-candidate,Other Tanakh
209591,1424466,467789,2 Kings,22,14,חרחס,nmpr,pers,A:person-candidate,Other Tanakh
209599,1424466,467791,2 Kings,22,14,ירושלם,nmpr,topo,F:unclassified-name,Other Tanakh
209605,1424466,467792,2 Kings,22,14,אל,prep,,C:divine-title-candidate,Other Tanakh
209608,1424467,467793,2 Kings,22,15,אל,prep,,C:divine-title-candidate,Other Tanakh
209611,1424467,467794,2 Kings,22,15,יהוה,nmpr,pers,E:YHWH,Other Tanakh
209612,1424467,467794,2 Kings,22,15,אלהים,subs,,D:Elohim,Other Tanakh
209613,1424467,467794,2 Kings,22,15,ישראל,nmpr,"pers,gens,topo",F:unclassified-name,Other Tanakh
209621,1424467,467796,2 Kings,22,15,אל,prep,,C:divine-title-candidate,Other Tanakh
209624,1424468,467797,2 Kings,22,16,יהוה,nmpr,pers,E:YHWH,Other Tanakh
209628,1424468,467798,2 Kings,22,16,אל,prep,,C:divine-title-candidate,Other Tanakh
209643,1424468,467799,2 Kings,22,16,מלך,subs,,B:deity-candidate,Other Tanakh
209644,1424468,467799,2 Kings,22,16,יהודה,nmpr,"pers,gens,topo",F:unclassified-name,Other Tanakh
209651,1424469,467801,2 Kings,22,17,אלהים,subs,,D:Elohim,Other Tanakh
209671,1424470,467805,2 Kings,22,18,אל,prep,,C:divine-title-candidate,Other Tanakh
209672,1424470,467805,2 Kings,22,18,מלך,subs,,B:deity-candidate,Other Tanakh
209673,1424470,467805,2 Kings,22,18,יהודה,nmpr,"pers,gens,topo",F:unclassified-name,Other Tanakh
209680,1424470,467807,2 Kings,22,18,יהוה,nmpr,pers,E:YHWH,Other Tanakh
209683,1424470,467808,2 Kings,22,18,אל,prep,,C:divine-title-candidate,Other Tanakh
209686,1424470,467809,2 Kings,22,18,יהוה,nmpr,pers,E:YHWH,Other Tanakh
209687,1424470,467809,2 Kings,22,18,אלהים,subs,,D:Elohim,Other Tanakh
209688,1424470,467809,2 Kings,22,18,ישראל,nmpr,"pers,gens,topo",F:unclassified-name,Other Tanakh
209700,1424471,467813,2 Kings,22,19,יהוה,nmpr,pers,E:YHWH,Other Tanakh
209733,1424471,467820,2 Kings,22,19,יהוה,nmpr,pers,E:YHWH,Other Tanakh
209741,1424472,467823,2 Kings,22,20,אל,prep,,C:divine-title-candidate,Other Tanakh
209765,1424472,467826,2 Kings,22,20,מלך,subs,,B:deity-candidate,Other Tanakh
209770,1424473,467827,2 Kings,23,1,מלך,subs,,B:deity-candidate,Other Tanakh
209773,1424473,467828,2 Kings,23,1,אל,prep,,C:divine-title-candidate,Other Tanakh
209776,1424473,467828,2 Kings,23,1,יהודה,nmpr,"pers,gens,topo",F:unclassified-name,Other Tanakh
209778,1424473,467828,2 Kings,23,1,ירושלם,nmpr,topo,F:unclassified-name,Other Tanakh
209782,1424474,467829,2 Kings,23,2,מלך,subs,,B:deity-candidate,Other Tanakh
209784,1424474,467829,2 Kings,23,2,יהוה,nmpr,pers,E:YHWH,Other Tanakh
209788,1424474,467830,2 Kings,23,2,יהודה,nmpr,"pers,gens,topo",F:unclassified-name,Other Tanakh
209792,1424474,467830,2 Kings,23,2,ירושלם,nmpr,topo,F:unclassified-name,Other Tanakh
209824,1424474,467833,2 Kings,23,2,יהוה,nmpr,pers,E:YHWH,Other Tanakh
209828,1424475,467834,2 Kings,23,3,מלך,subs,,B:deity-candidate,Other Tanakh
209839,1424475,467835,2 Kings,23,3,יהוה,nmpr,pers,E:YHWH,Other Tanakh
209843,1424475,467836,2 Kings,23,3,יהוה,nmpr,pers,E:YHWH,Other Tanakh
209887,1424476,467841,2 Kings,23,4,מלך,subs,,B:deity-candidate,Other Tanakh
209889,1424476,467841,2 Kings,23,4,חלקיהו,nmpr,pers,A:person-candidate,Other Tanakh
209908,1424476,467842,2 Kings,23,4,יהוה,nmpr,pers,E:YHWH,Other Tanakh
209917,1424476,467843,2 Kings,23,4,בעל,subs,,B:deity-candidate,Other Tanakh
209933,1424476,467844,2 Kings,23,4,ירושלם,nmpr,topo,F:unclassified-name,Other Tanakh
209936,1424476,467844,2 Kings,23,4,קדרון,nmpr,topo,F:unclassified-name,Other Tanakh
209941,1424476,467845,2 Kings,23,4,בית אל,nmpr,topo,F:unclassified-name,Other Tanakh
209949,1424477,467847,2 Kings,23,5,מלך,subs,,B:deity-candidate,Other Tanakh
209950,1424477,467847,2 Kings,23,5,יהודה,nmpr,"pers,gens,topo",F:unclassified-name,Other Tanakh
209958,1424477,467848,2 Kings,23,5,יהודה,nmpr,"pers,gens,topo",F:unclassified-name,Other Tanakh
209961,1424477,467848,2 Kings,23,5,ירושלם,nmpr,topo,F:unclassified-name,Other Tanakh
209968,1424477,467849,2 Kings,23,5,בעל,subs,,B:deity-candidate,Other Tanakh
209993,1424478,467850,2 Kings,23,6,יהוה,nmpr,pers,E:YHWH,Other Tanakh
209997,1424478,467850,2 Kings,23,6,ירושלם,nmpr,topo,F:unclassified-name,Other Tanakh
209998,1424478,467850,2 Kings,23,6,אל,prep,,C:divine-title-candidate,Other Tanakh
210000,1424478,467850,2 Kings,23,6,קדרון,nmpr,topo,F:unclassified-name,Other Tanakh
210006,1424478,467851,2 Kings,23,6,קדרון,nmpr,topo,F:unclassified-name,Other Tanakh
210029,1424479,467855,2 Kings,23,7,יהוה,nmpr,pers,E:YHWH,Other Tanakh
210047,1424480,467857,2 Kings,23,8,יהודה,nmpr,"pers,gens,topo",F:unclassified-name,Other Tanakh
210059,1424480,467858,2 Kings,23,8,גבע,nmpr,topo,F:unclassified-name,Other Tanakh
210062,1424480,467858,2 Kings,23,8,שבע,nmpr,topo,F:unclassified-name,Other Tanakh
210072,1424480,467861,2 Kings,23,8,יהושע,nmpr,pers,A:person-candidate,Other Tanakh
210090,1424481,467863,2 Kings,23,9,אל,prep,,C:divine-title-candidate,Other Tanakh
210092,1424481,467863,2 Kings,23,9,יהוה,nmpr,pers,E:YHWH,Other Tanakh
210094,1424481,467863,2 Kings,23,9,ירושלם,nmpr,topo,F:unclassified-name,Other Tanakh
210106,1424482,467865,2 Kings,23,10,תפת,nmpr,topo,F:unclassified-name,Other Tanakh
210111,1424482,467866,2 Kings,23,10,הנם,nmpr,pers,A:person-candidate,Other Tanakh
210127,1424482,467867,2 Kings,23,10,מלך,nmpr,pers,B:deity-candidate,Other Tanakh
210135,1424483,467869,2 Kings,23,11,מלך,subs,,B:deity-candidate,Other Tanakh
210136,1424483,467869,2 Kings,23,11,יהודה,nmpr,"pers,gens,topo",F:unclassified-name,Other Tanakh
210143,1424483,467870,2 Kings,23,11,יהוה,nmpr,pers,E:YHWH,Other Tanakh
210144,1424483,467871,2 Kings,23,11,אל,prep,,C:divine-title-candidate,Other Tanakh
210146,1424483,467871,2 Kings,23,11,נתן מלך,nmpr,pers,A:person-candidate,Other Tanakh
210171,1424484,467875,2 Kings,23,12,אחז,nmpr,pers,A:person-candidate,Other Tanakh
210174,1424484,467876,2 Kings,23,12,מלך,subs,,B:deity-candidate,Other Tanakh
210175,1424484,467876,2 Kings,23,12,יהודה,nmpr,"pers,gens,topo",F:unclassified-name,Other Tanakh
210182,1424484,467877,2 Kings,23,12,מנשה,nmpr,"pers,gens",F:unclassified-name,Other Tanakh
210187,1424484,467877,2 Kings,23,12,יהוה,nmpr,pers,E:YHWH,Other Tanakh
210190,1424484,467874,2 Kings,23,12,מלך,subs,,B:deity-candidate,Other Tanakh
210199,1424484,467879,2 Kings,23,12,אל,prep,,C:divine-title-candidate,Other Tanakh
210201,1424484,467879,2 Kings,23,12,קדרון,nmpr,topo,F:unclassified-name,Other Tanakh
210209,1424485,467881,2 Kings,23,13,ירושלם,nmpr,topo,F:unclassified-name,Other Tanakh
210219,1424485,467883,2 Kings,23,13,שלמה,nmpr,pers,A:person-candidate,Other Tanakh
210220,1424485,467883,2 Kings,23,13,מלך,subs,,B:deity-candidate,Other Tanakh
210221,1424485,467883,2 Kings,23,13,ישראל,nmpr,"pers,gens,topo",F:unclassified-name,Other Tanakh
210223,1424485,467883,2 Kings,23,13,עשתרת,nmpr,pers,B:deity-candidate,Other Tanakh
210228,1424485,467883,2 Kings,23,13,כמוש,nmpr,pers,B:deity-candidate,Other Tanakh
210230,1424485,467883,2 Kings,23,13,מואב,nmpr,"pers,gens,topo",F:unclassified-name,Other Tanakh
210233,1424485,467883,2 Kings,23,13,מלכם,nmpr,pers,B:deity-candidate,Other Tanakh
210236,1424485,467883,2 Kings,23,13,עמון,nmpr,gens,F:unclassified-name,Other Tanakh
210239,1424485,467880,2 Kings,23,13,מלך,subs,,B:deity-candidate,Other Tanakh
210263,1424487,467888,2 Kings,23,15,בית אל,nmpr,topo,F:unclassified-name,Other Tanakh
210268,1424487,467889,2 Kings,23,15,ירבעם,nmpr,pers,A:person-candidate,Other Tanakh
210270,1424487,467889,2 Kings,23,15,נבט,nmpr,pers,A:person-candidate,Other Tanakh
210274,1424487,467890,2 Kings,23,15,ישראל,nmpr,"pers,gens,topo",F:unclassified-name,Other Tanakh
210299,1424488,467895,2 Kings,23,16,יאשיהו,nmpr,pers,A:person-candidate,Other Tanakh
210329,1424488,467902,2 Kings,23,16,יהוה,nmpr,pers,E:YHWH,Other Tanakh
210334,1424488,467903,2 Kings,23,16,אלהים,subs,,D:Elohim,Other Tanakh
210354,1424489,467908,2 Kings,23,17,אל,prep,,C:divine-title-candidate,Other Tanakh
210362,1424489,467909,2 Kings,23,17,אלהים,subs,,D:Elohim,Other Tanakh
210366,1424489,467910,2 Kings,23,17,יהודה,nmpr,"pers,gens,topo",F:unclassified-name,Other Tanakh
210379,1424489,467911,2 Kings,23,17,בית אל,nmpr,topo,F:unclassified-name,Other Tanakh
210385,1424490,467915,2 Kings,23,18,אל,nega,,C:divine-title-candidate,Other Tanakh
210398,1424490,467917,2 Kings,23,18,שמרון,nmpr,topo,F:unclassified-name,Other Tanakh
210409,1424491,467919,2 Kings,23,19,שמרון,nmpr,topo,F:unclassified-name,Other Tanakh
210412,1424491,467920,2 Kings,23,19,מלך,subs,,B:deity-candidate,Other Tanakh
210413,1424491,467920,2 Kings,23,19,ישראל,nmpr,"pers,gens,topo",F:unclassified-name,Other Tanakh
210417,1424491,467918,2 Kings,23,19,יאשיהו,nmpr,pers,A:person-candidate,Other Tanakh
210428,1424491,467923,2 Kings,23,19,בית אל,nmpr,topo,F:unclassified-name,Other Tanakh
210449,1424492,467927,2 Kings,23,20,ירושלם,nmpr,topo,F:unclassified-name,Other Tanakh
210453,1424493,467928,2 Kings,23,21,מלך,subs,,B:deity-candidate,Other Tanakh
210463,1424493,467930,2 Kings,23,21,יהוה,nmpr,pers,E:YHWH,Other Tanakh
210464,1424493,467930,2 Kings,23,21,אלהים,subs,,D:Elohim,Other Tanakh
210489,1424494,467933,2 Kings,23,22,ישראל,nmpr,"pers,gens,topo",F:unclassified-name,Other Tanakh
210493,1424494,467932,2 Kings,23,22,מלך,subs,,B:deity-candidate,Other Tanakh
210494,1424494,467932,2 Kings,23,22,ישראל,nmpr,"pers,gens,topo",F:unclassified-name,Other Tanakh
210496,1424494,467932,2 Kings,23,22,מלך,subs,,B:deity-candidate,Other Tanakh
210497,1424494,467932,2 Kings,23,22,יהודה,nmpr,"pers,gens,topo",F:unclassified-name,Other Tanakh
210506,1424495,467934,2 Kings,23,23,מלך,subs,,B:deity-candidate,Other Tanakh
210507,1424495,467934,2 Kings,23,23,יאשיהו,nmpr,pers,A:person-candidate,Other Tanakh
210514,1424495,467934,2 Kings,23,23,יהוה,nmpr,pers,E:YHWH,Other Tanakh
210516,1424495,467934,2 Kings,23,23,ירושלם,nmpr,topo,F:unclassified-name,Other Tanakh
210543,1424496,467936,2 Kings,23,24,יהודה,nmpr,"pers,gens,topo",F:unclassified-name,Other Tanakh
210546,1424496,467936,2 Kings,23,24,ירושלם,nmpr,topo,F:unclassified-name,Other Tanakh
210548,1424496,467935,2 Kings,23,24,יאשיהו,nmpr,pers,A:person-candidate,Other Tanakh
210562,1424496,467939,2 Kings,23,24,חלקיהו,nmpr,pers,A:person-candidate,Other Tanakh
210566,1424496,467939,2 Kings,23,24,יהוה,nmpr,pers,E:YHWH,Other Tanakh
210573,1424497,467940,2 Kings,23,25,מלך,subs,,B:deity-candidate,Other Tanakh
210576,1424497,467941,2 Kings,23,25,אל,prep,,C:divine-title-candidate,Other Tanakh
210577,1424497,467941,2 Kings,23,25,יהוה,nmpr,pers,E:YHWH,Other Tanakh
210592,1424497,467941,2 Kings,23,25,משה,nmpr,pers,A:person-candidate,Other Tanakh
210601,1424498,467943,2 Kings,23,26,יהוה,nmpr,pers,E:YHWH,Other Tanakh
210611,1424498,467944,2 Kings,23,26,יהודה,nmpr,"pers,gens,topo",F:unclassified-name,Other Tanakh
210618,1424498,467945,2 Kings,23,26,מנשה,nmpr,"pers,gens",F:unclassified-name,Other Tanakh
210621,1424499,467946,2 Kings,23,27,יהוה,nmpr,pers,E:YHWH,Other Tanakh
210624,1424499,467947,2 Kings,23,27,יהודה,nmpr,"pers,gens,topo",F:unclassified-name,Other Tanakh
210633,1424499,467948,2 Kings,23,27,ישראל,nmpr,"pers,gens,topo",F:unclassified-name,Other Tanakh
210644,1424499,467949,2 Kings,23,27,ירושלם,nmpr,topo,F:unclassified-name,Other Tanakh
210657,1424500,467953,2 Kings,23,28,יאשיהו,nmpr,pers,A:person-candidate,Other Tanakh
210672,1424500,467955,2 Kings,23,28,מלך,subs,,B:deity-candidate,Other Tanakh
210673,1424500,467955,2 Kings,23,28,יהודה,nmpr,"pers,gens,topo",F:unclassified-name,Other Tanakh
210678,1424501,467956,2 Kings,23,29,נכה,nmpr,pers,A:person-candidate,Other Tanakh
210679,1424501,467956,2 Kings,23,29,מלך,subs,,B:deity-candidate,Other Tanakh
210680,1424501,467956,2 Kings,23,29,מצרים,nmpr,topo,F:unclassified-name,Other Tanakh
210682,1424501,467956,2 Kings,23,29,מלך,subs,,B:deity-candidate,Other Tanakh
210683,1424501,467956,2 Kings,23,29,אשור,nmpr,topo,F:unclassified-name,Other Tanakh
210686,1424501,467956,2 Kings,23,29,פרת,nmpr,topo,F:unclassified-name,Other Tanakh
210690,1424501,467957,2 Kings,23,29,מלך,subs,,B:deity-candidate,Other Tanakh
210691,1424501,467957,2 Kings,23,29,יאשיהו,nmpr,pers,A:person-candidate,Other Tanakh
210697,1424501,467959,2 Kings,23,29,מגדו,nmpr,topo,F:unclassified-name,Other Tanakh
210706,1424502,467961,2 Kings,23,30,מגדו,nmpr,topo,F:unclassified-name,Other Tanakh
210709,1424502,467962,2 Kings,23,30,ירושלם,nmpr,topo,F:unclassified-name,Other Tanakh
210720,1424502,467964,2 Kings,23,30,יהואחז,nmpr,pers,A:person-candidate,Other Tanakh
210722,1424502,467964,2 Kings,23,30,יאשיהו,nmpr,pers,A:person-candidate,Other Tanakh
210727,1424502,467966,2 Kings,23,30,מלך,verb,,B:deity-candidate,Other Tanakh
210736,1424503,467967,2 Kings,23,31,יהואחז,nmpr,pers,A:person-candidate,Other Tanakh
210738,1424503,467968,2 Kings,23,31,מלך,verb,,B:deity-candidate,Other Tanakh
210742,1424503,467969,2 Kings,23,31,מלך,verb,,B:deity-candidate,Other Tanakh
210744,1424503,467969,2 Kings,23,31,ירושלם,nmpr,topo,F:unclassified-name,Other Tanakh
210748,1424503,467970,2 Kings,23,31,חמוטל,nmpr,pers,A:person-candidate,Other Tanakh
210750,1424503,467970,2 Kings,23,31,ירמיהו,nmpr,pers,A:person-candidate,Other Tanakh
210752,1424503,467970,2 Kings,23,31,לבנה,nmpr,topo,F:unclassified-name,Other Tanakh
210759,1424504,467971,2 Kings,23,32,יהוה,nmpr,pers,E:YHWH,Other Tanakh
210768,1424505,467973,2 Kings,23,33,נכה,nmpr,pers,A:person-candidate,Other Tanakh
210770,1424505,467973,2 Kings,23,33,רבלה,nmpr,topo,F:unclassified-name,Other Tanakh
210773,1424505,467973,2 Kings,23,33,חמת,nmpr,topo,F:unclassified-name,Other Tanakh
210775,1424505,467974,2 Kings,23,33,מלך,verb,,B:deity-candidate,Other Tanakh
210777,1424505,467974,2 Kings,23,33,ירושלם,nmpr,topo,F:unclassified-name,Other Tanakh
210791,1424506,467976,2 Kings,23,34,מלך,verb,,B:deity-candidate,Other Tanakh
210793,1424506,467976,2 Kings,23,34,נכה,nmpr,pers,A:person-candidate,Other Tanakh
210795,1424506,467976,2 Kings,23,34,אליקים,nmpr,pers,A:person-candidate,Other Tanakh
210797,1424506,467976,2 Kings,23,34,יאשיהו,nmpr,pers,A:person-candidate,Other Tanakh
210799,1424506,467976,2 Kings,23,34,יאשיהו,nmpr,pers,A:person-candidate,Other Tanakh
210805,1424506,467977,2 Kings,23,34,יהויקים,nmpr,pers,A:person-candidate,Other Tanakh
210808,1424506,467978,2 Kings,23,34,יהואחז,nmpr,pers,A:person-candidate,Other Tanakh
210812,1424506,467979,2 Kings,23,34,מצרים,nmpr,topo,F:unclassified-name,Other Tanakh
210823,1424507,467981,2 Kings,23,35,יהויקים,nmpr,pers,A:person-candidate,Other Tanakh
210858,1424507,467986,2 Kings,23,35,נכה,nmpr,pers,A:person-candidate,Other Tanakh
210864,1424508,467987,2 Kings,23,36,יהויקים,nmpr,pers,A:person-candidate,Other Tanakh
210866,1424508,467988,2 Kings,23,36,מלך,verb,,B:deity-candidate,Other Tanakh
210871,1424508,467989,2 Kings,23,36,מלך,verb,,B:deity-candidate,Other Tanakh
210873,1424508,467989,2 Kings,23,36,ירושלם,nmpr,topo,F:unclassified-name,Other Tanakh
210877,1424508,467990,2 Kings,23,36,זבודה,nmpr,pers,A:person-candidate,Other Tanakh
210879,1424508,467990,2 Kings,23,36,פדיה,nmpr,pers,A:person-candidate,Other Tanakh
210881,1424508,467990,2 Kings,23,36,רומה,nmpr,topo,F:unclassified-name,Other Tanakh
210888,1424509,467991,2 Kings,23,37,יהוה,nmpr,pers,E:YHWH,Other Tanakh
210897,1424510,467993,2 Kings,24,1,נבוכדנאצר,nmpr,pers,A:person-candidate,Other Tanakh
210898,1424510,467993,2 Kings,24,1,מלך,subs,,B:deity-candidate,Other Tanakh
210899,1424510,467993,2 Kings,24,1,בבל,nmpr,topo,F:unclassified-name,Other Tanakh
210903,1424510,467994,2 Kings,24,1,יהויקים,nmpr,pers,A:person-candidate,Other Tanakh
210914,1424511,467997,2 Kings,24,2,יהוה,nmpr,pers,E:YHWH,Other Tanakh
210922,1424511,467997,2 Kings,24,2,ארם,nmpr,topo,F:unclassified-name,Other Tanakh
210926,1424511,467997,2 Kings,24,2,מואב,nmpr,"pers,gens,topo",F:unclassified-name,Other Tanakh
210931,1424511,467997,2 Kings,24,2,עמון,nmpr,gens,F:unclassified-name,Other Tanakh
210935,1424511,467998,2 Kings,24,2,יהודה,nmpr,"pers,gens,topo",F:unclassified-name,Other Tanakh
210940,1424511,467998,2 Kings,24,2,יהוה,nmpr,pers,E:YHWH,Other Tanakh
210951,1424512,468001,2 Kings,24,3,יהוה,nmpr,pers,E:YHWH,Other Tanakh
210954,1424512,468001,2 Kings,24,3,יהודה,nmpr,"pers,gens,topo",F:unclassified-name,Other Tanakh
210962,1424512,468001,2 Kings,24,3,מנשה,nmpr,"pers,gens",F:unclassified-name,Other Tanakh
210977,1424513,468006,2 Kings,24,4,ירושלם,nmpr,topo,F:unclassified-name,Other Tanakh
210983,1424513,468007,2 Kings,24,4,יהוה,nmpr,pers,E:YHWH,Other Tanakh
210989,1424514,468009,2 Kings,24,5,יהויקים,nmpr,pers,A:person-candidate,Other Tanakh
211004,1424514,468011,2 Kings,24,5,מלך,subs,,B:deity-candidate,Other Tanakh
211005,1424514,468011,2 Kings,24,5,יהודה,nmpr,"pers,gens,topo",F:unclassified-name,Other Tanakh
211008,1424515,468012,2 Kings,24,6,יהויקים,nmpr,pers,A:person-candidate,Other Tanakh
211012,1424515,468013,2 Kings,24,6,מלך,verb,,B:deity-candidate,Other Tanakh
211013,1424515,468013,2 Kings,24,6,יהויכין,nmpr,pers,A:person-candidate,Other Tanakh
211020,1424516,468014,2 Kings,24,7,מלך,subs,,B:deity-candidate,Other Tanakh
211021,1424516,468014,2 Kings,24,7,מצרים,nmpr,topo,F:unclassified-name,Other Tanakh
211028,1424516,468016,2 Kings,24,7,מלך,subs,,B:deity-candidate,Other Tanakh
211029,1424516,468016,2 Kings,24,7,בבל,nmpr,topo,F:unclassified-name,Other Tanakh
211032,1424516,468016,2 Kings,24,7,מצרים,nmpr,topo,F:unclassified-name,Other Tanakh
211035,1424516,468016,2 Kings,24,7,פרת,nmpr,topo,F:unclassified-name,Other Tanakh
211040,1424516,468017,2 Kings,24,7,מלך,subs,,B:deity-candidate,Other Tanakh
211041,1424516,468017,2 Kings,24,7,מצרים,nmpr,topo,F:unclassified-name,Other Tanakh
211046,1424517,468018,2 Kings,24,8,יהויכין,nmpr,pers,A:person-candidate,Other Tanakh
211048,1424517,468019,2 Kings,24,8,מלך,verb,,B:deity-candidate,Other Tanakh
211052,1424517,468020,2 Kings,24,8,מלך,verb,,B:deity-candidate,Other Tanakh
211054,1424517,468020,2 Kings,24,8,ירושלם,nmpr,topo,F:unclassified-name,Other Tanakh
211058,1424517,468021,2 Kings,24,8,נחשתא,nmpr,pers,A:person-candidate,Other Tanakh
211060,1424517,468021,2 Kings,24,8,אלנתן,nmpr,pers,A:person-candidate,Other Tanakh
211062,1424517,468021,2 Kings,24,8,ירושלם,nmpr,topo,F:unclassified-name,Other Tanakh
211069,1424518,468022,2 Kings,24,9,יהוה,nmpr,pers,E:YHWH,Other Tanakh
211082,1424519,468024,2 Kings,24,10,נבוכדנאצר,nmpr,pers,A:person-candidate,Other Tanakh
211083,1424519,468024,2 Kings,24,10,מלך,subs,,B:deity-candidate,Other Tanakh
211084,1424519,468024,2 Kings,24,10,בבל,nmpr,topo,F:unclassified-name,Other Tanakh
211085,1424519,468024,2 Kings,24,10,ירושלם,nmpr,topo,F:unclassified-name,Other Tanakh
211095,1424520,468026,2 Kings,24,11,נבוכדנאצר,nmpr,pers,A:person-candidate,Other Tanakh
211096,1424520,468026,2 Kings,24,11,מלך,subs,,B:deity-candidate,Other Tanakh
211097,1424520,468026,2 Kings,24,11,בבל,nmpr,topo,F:unclassified-name,Other Tanakh
211107,1424521,468028,2 Kings,24,12,יהויכין,nmpr,pers,A:person-candidate,Other Tanakh
211108,1424521,468028,2 Kings,24,12,מלך,subs,,B:deity-candidate,Other Tanakh
211109,1424521,468028,2 Kings,24,12,יהודה,nmpr,"pers,gens,topo",F:unclassified-name,Other Tanakh
211111,1424521,468028,2 Kings,24,12,מלך,subs,,B:deity-candidate,Other Tanakh
211112,1424521,468028,2 Kings,24,12,בבל,nmpr,topo,F:unclassified-name,Other Tanakh
211125,1424521,468029,2 Kings,24,12,מלך,subs,,B:deity-candidate,Other Tanakh
211126,1424521,468029,2 Kings,24,12,בבל,nmpr,topo,F:unclassified-name,Other Tanakh
211131,1424521,468030,2 Kings,24,12,מלך,verb,,B:deity-candidate,Other Tanakh
211140,1424522,468031,2 Kings,24,13,יהוה,nmpr,pers,E:YHWH,Other Tanakh
211145,1424522,468031,2 Kings,24,13,מלך,subs,,B:deity-candidate,Other Tanakh
211155,1424522,468033,2 Kings,24,13,שלמה,nmpr,pers,A:person-candidate,Other Tanakh
211156,1424522,468033,2 Kings,24,13,מלך,subs,,B:deity-candidate,Other Tanakh
211157,1424522,468033,2 Kings,24,13,ישראל,nmpr,"pers,gens,topo",F:unclassified-name,Other Tanakh
211160,1424522,468033,2 Kings,24,13,יהוה,nmpr,pers,E:YHWH,Other Tanakh
211164,1424522,468034,2 Kings,24,13,יהוה,nmpr,pers,E:YHWH,Other Tanakh
211169,1424523,468035,2 Kings,24,14,ירושלם,nmpr,topo,F:unclassified-name,Other Tanakh
211201,1424524,468037,2 Kings,24,15,יהויכין,nmpr,pers,A:person-candidate,Other Tanakh
211202,1424524,468037,2 Kings,24,15,בבל,nmpr,topo,F:unclassified-name,Other Tanakh
211207,1424524,468038,2 Kings,24,15,מלך,subs,,B:deity-candidate,Other Tanakh
211212,1424524,468038,2 Kings,24,15,מלך,subs,,B:deity-candidate,Other Tanakh
211224,1424524,468038,2 Kings,24,15,ירושלם,nmpr,topo,F:unclassified-name,Other Tanakh
211225,1424524,468038,2 Kings,24,15,בבל,nmpr,topo,F:unclassified-name,Other Tanakh
211248,1424525,468042,2 Kings,24,16,מלך,subs,,B:deity-candidate,Other Tanakh
211249,1424525,468042,2 Kings,24,16,בבל,nmpr,topo,F:unclassified-name,Other Tanakh
211251,1424525,468042,2 Kings,24,16,בבל,nmpr,topo,F:unclassified-name,Other Tanakh
211253,1424526,468043,2 Kings,24,17,מלך,verb,,B:deity-candidate,Other Tanakh
211254,1424526,468043,2 Kings,24,17,מלך,subs,,B:deity-candidate,Other Tanakh
211255,1424526,468043,2 Kings,24,17,בבל,nmpr,topo,F:unclassified-name,Other Tanakh
211257,1424526,468043,2 Kings,24,17,מתניה,nmpr,pers,A:person-candidate,Other Tanakh
211258,1424526,468043,2 Kings,24,17,דוד,subs,,A:person-candidate,Other Tanakh
211264,1424526,468044,2 Kings,24,17,צדקיהו,nmpr,pers,A:person-candidate,Other Tanakh
211270,1424527,468045,2 Kings,24,18,צדקיהו,nmpr,pers,A:person-candidate,Other Tanakh
211272,1424527,468046,2 Kings,24,18,מלך,verb,,B:deity-candidate,Other Tanakh
211277,1424527,468047,2 Kings,24,18,מלך,verb,,B:deity-candidate,Other Tanakh
211279,1424527,468047,2 Kings,24,18,ירושלם,nmpr,topo,F:unclassified-name,Other Tanakh
211283,1424527,468048,2 Kings,24,18,חמוטל,nmpr,pers,A:person-candidate,Other Tanakh
211285,1424527,468048,2 Kings,24,18,ירמיהו,nmpr,pers,A:person-candidate,Other Tanakh
211287,1424527,468048,2 Kings,24,18,לבנה,nmpr,topo,F:unclassified-name,Other Tanakh
211294,1424528,468049,2 Kings,24,19,יהוה,nmpr,pers,E:YHWH,Other Tanakh
211299,1424528,468050,2 Kings,24,19,יהויקים,nmpr,pers,A:person-candidate,Other Tanakh
211303,1424529,468051,2 Kings,24,20,יהוה,nmpr,pers,E:YHWH,Other Tanakh
211306,1424529,468051,2 Kings,24,20,ירושלם,nmpr,topo,F:unclassified-name,Other Tanakh
211309,1424529,468051,2 Kings,24,20,יהודה,nmpr,"pers,gens,topo",F:unclassified-name,Other Tanakh
211318,1424529,468053,2 Kings,24,20,צדקיהו,nmpr,pers,A:person-candidate,Other Tanakh
211320,1424529,468053,2 Kings,24,20,מלך,subs,,B:deity-candidate,Other Tanakh
211321,1424529,468053,2 Kings,24,20,בבל,nmpr,topo,F:unclassified-name,Other Tanakh
211329,1424530,468055,2 Kings,25,1,מלך,verb,,B:deity-candidate,Other Tanakh
211342,1424530,468056,2 Kings,25,1,נבוכדנאצר,nmpr,pers,A:person-candidate,Other Tanakh
211343,1424530,468056,2 Kings,25,1,מלך,subs,,B:deity-candidate,Other Tanakh
211344,1424530,468056,2 Kings,25,1,בבל,nmpr,topo,F:unclassified-name,Other Tanakh
211350,1424530,468056,2 Kings,25,1,ירושלם,nmpr,topo,F:unclassified-name,Other Tanakh
211372,1424531,468059,2 Kings,25,2,מלך,subs,,B:deity-candidate,Other Tanakh
211373,1424531,468059,2 Kings,25,2,צדקיהו,nmpr,pers,A:person-candidate,Other Tanakh
211414,1424533,468065,2 Kings,25,4,מלך,subs,,B:deity-candidate,Other Tanakh
211432,1424534,468068,2 Kings,25,5,מלך,subs,,B:deity-candidate,Other Tanakh
211438,1424534,468069,2 Kings,25,5,יריחו,nmpr,topo,F:unclassified-name,Other Tanakh
211449,1424535,468071,2 Kings,25,6,מלך,subs,,B:deity-candidate,Other Tanakh
211453,1424535,468072,2 Kings,25,6,אל,prep,,C:divine-title-candidate,Other Tanakh
211454,1424535,468072,2 Kings,25,6,מלך,subs,,B:deity-candidate,Other Tanakh
211455,1424535,468072,2 Kings,25,6,בבל,nmpr,topo,F:unclassified-name,Other Tanakh
211456,1424535,468072,2 Kings,25,6,רבלה,nmpr,topo,F:unclassified-name,Other Tanakh
211464,1424536,468074,2 Kings,25,7,צדקיהו,nmpr,pers,A:person-candidate,Other Tanakh
211471,1424536,468075,2 Kings,25,7,צדקיהו,nmpr,pers,A:person-candidate,Other Tanakh
211480,1424536,468077,2 Kings,25,7,בבל,nmpr,topo,F:unclassified-name,Other Tanakh
211499,1424537,468079,2 Kings,25,8,מלך,subs,,B:deity-candidate,Other Tanakh
211500,1424537,468079,2 Kings,25,8,נבוכדנאצר,nmpr,pers,A:person-candidate,Other Tanakh
211501,1424537,468079,2 Kings,25,8,מלך,subs,,B:deity-candidate,Other Tanakh
211502,1424537,468079,2 Kings,25,8,בבל,nmpr,topo,F:unclassified-name,Other Tanakh
211504,1424537,468078,2 Kings,25,8,נבוזראדן,nmpr,pers,A:person-candidate,Other Tanakh
211508,1424537,468078,2 Kings,25,8,מלך,subs,,B:deity-candidate,Other Tanakh
211509,1424537,468078,2 Kings,25,8,בבל,nmpr,topo,F:unclassified-name,Other Tanakh
211510,1424537,468078,2 Kings,25,8,ירושלם,nmpr,topo,F:unclassified-name,Other Tanakh
211515,1424538,468080,2 Kings,25,9,יהוה,nmpr,pers,E:YHWH,Other Tanakh
211520,1424538,468080,2 Kings,25,9,מלך,subs,,B:deity-candidate,Other Tanakh
211525,1424538,468081,2 Kings,25,9,ירושלם,nmpr,topo,F:unclassified-name,Other Tanakh
211538,1424539,468082,2 Kings,25,10,ירושלם,nmpr,topo,F:unclassified-name,Other Tanakh
211565,1424540,468086,2 Kings,25,11,מלך,subs,,B:deity-candidate,Other Tanakh
211566,1424540,468086,2 Kings,25,11,בבל,nmpr,topo,F:unclassified-name,Other Tanakh
211573,1424540,468084,2 Kings,25,11,נבוזראדן,nmpr,pers,A:person-candidate,Other Tanakh
211596,1424542,468089,2 Kings,25,13,יהוה,nmpr,pers,E:YHWH,Other Tanakh
211609,1424542,468090,2 Kings,25,13,יהוה,nmpr,pers,E:YHWH,Other Tanakh
211616,1424542,468091,2 Kings,25,13,בבל,nmpr,topo,F:unclassified-name,Other Tanakh
211673,1424545,468098,2 Kings,25,16,שלמה,nmpr,pers,A:person-candidate,Other Tanakh
211676,1424545,468098,2 Kings,25,16,יהוה,nmpr,pers,E:YHWH,Other Tanakh
211708,1424546,468103,2 Kings,25,17,רמון,subs,,B:deity-candidate,Other Tanakh
211732,1424547,468106,2 Kings,25,18,שריה,nmpr,pers,A:person-candidate,Other Tanakh
211738,1424547,468106,2 Kings,25,18,צפניהו,nmpr,pers,A:person-candidate,Other Tanakh
211768,1424548,468107,2 Kings,25,19,מלך,subs,,B:deity-candidate,Other Tanakh
211802,1424549,468112,2 Kings,25,20,נבוזראדן,nmpr,pers,A:person-candidate,Other Tanakh
211809,1424549,468113,2 Kings,25,20,מלך,subs,,B:deity-candidate,Other Tanakh
211810,1424549,468113,2 Kings,25,20,בבל,nmpr,topo,F:unclassified-name,Other Tanakh
211811,1424549,468113,2 Kings,25,20,רבלה,nmpr,topo,F:unclassified-name,Other Tanakh
211815,1424550,468114,2 Kings,25,21,מלך,subs,,B:deity-candidate,Other Tanakh
211816,1424550,468114,2 Kings,25,21,בבל,nmpr,topo,F:unclassified-name,Other Tanakh
211820,1424550,468115,2 Kings,25,21,רבלה,nmpr,topo,F:unclassified-name,Other Tanakh
211823,1424550,468115,2 Kings,25,21,חמת,nmpr,topo,F:unclassified-name,Other Tanakh
211826,1424550,468116,2 Kings,25,21,יהודה,nmpr,"pers,gens,topo",F:unclassified-name,Other Tanakh
211837,1424551,468118,2 Kings,25,22,יהודה,nmpr,"pers,gens,topo",F:unclassified-name,Other Tanakh
211840,1424551,468119,2 Kings,25,22,נבוכדנאצר,nmpr,pers,A:person-candidate,Other Tanakh
211841,1424551,468119,2 Kings,25,22,מלך,subs,,B:deity-candidate,Other Tanakh
211842,1424551,468119,2 Kings,25,22,בבל,nmpr,topo,F:unclassified-name,Other Tanakh
211847,1424551,468120,2 Kings,25,22,גדליהו,nmpr,pers,A:person-candidate,Other Tanakh
211849,1424551,468120,2 Kings,25,22,אחיקם,nmpr,pers,A:person-candidate,Other Tanakh
211851,1424551,468120,2 Kings,25,22,שפן,nmpr,pers,A:person-candidate,Other Tanakh
211864,1424552,468122,2 Kings,25,23,מלך,subs,,B:deity-candidate,Other Tanakh
211865,1424552,468122,2 Kings,25,23,בבל,nmpr,topo,F:unclassified-name,Other Tanakh
211867,1424552,468122,2 Kings,25,23,גדליהו,nmpr,pers,A:person-candidate,Other Tanakh
211870,1424552,468123,2 Kings,25,23,אל,prep,,C:divine-title-candidate,Other Tanakh
211871,1424552,468123,2 Kings,25,23,גדליהו,nmpr,pers,A:person-candidate,Other Tanakh
211873,1424552,468123,2 Kings,25,23,מצפה,nmpr,topo,F:unclassified-name,Other Tanakh
211875,1424552,468124,2 Kings,25,23,ישמעאל,nmpr,pers,A:person-candidate,Other Tanakh
211877,1424552,468124,2 Kings,25,23,נתניה,nmpr,pers,A:person-candidate,Other Tanakh
211879,1424552,468124,2 Kings,25,23,יוחנן,nmpr,pers,A:person-candidate,Other Tanakh
211881,1424552,468124,2 Kings,25,23,קרח,nmpr,pers,A:person-candidate,Other Tanakh
211883,1424552,468124,2 Kings,25,23,שריה,nmpr,pers,A:person-candidate,Other Tanakh
211885,1424552,468124,2 Kings,25,23,תנחמת,nmpr,pers,A:person-candidate,Other Tanakh
211889,1424552,468124,2 Kings,25,23,יאזניהו,nmpr,pers,A:person-candidate,Other Tanakh
211899,1424553,468125,2 Kings,25,24,גדליהו,nmpr,pers,A:person-candidate,Other Tanakh
211906,1424553,468127,2 Kings,25,24,אל,nega,,C:divine-title-candidate,Other Tanakh
211919,1424553,468129,2 Kings,25,24,מלך,subs,,B:deity-candidate,Other Tanakh
211920,1424553,468129,2 Kings,25,24,בבל,nmpr,topo,F:unclassified-name,Other Tanakh
211932,1424554,468132,2 Kings,25,25,ישמעאל,nmpr,pers,A:person-candidate,Other Tanakh
211934,1424554,468132,2 Kings,25,25,נתניה,nmpr,pers,A:person-candidate,Other Tanakh
211936,1424554,468132,2 Kings,25,25,אלישמע,nmpr,pers,A:person-candidate,Other Tanakh
211948,1424554,468134,2 Kings,25,25,גדליהו,nmpr,pers,A:person-candidate,Other Tanakh
211964,1424554,468137,2 Kings,25,25,מצפה,nmpr,topo,F:unclassified-name,Other Tanakh
211981,1424555,468139,2 Kings,25,26,מצרים,nmpr,topo,F:unclassified-name,Other Tanakh
211996,1424556,468141,2 Kings,25,27,יהויכין,nmpr,pers,A:person-candidate,Other Tanakh
211997,1424556,468141,2 Kings,25,27,מלך,subs,,B:deity-candidate,Other Tanakh
211998,1424556,468141,2 Kings,25,27,יהודה,nmpr,"pers,gens,topo",F:unclassified-name,Other Tanakh
212011,1424556,468142,2 Kings,25,27,אויל מרדך,nmpr,pers,A:person-candidate,Other Tanakh
212012,1424556,468142,2 Kings,25,27,מלך,subs,,B:deity-candidate,Other Tanakh
212013,1424556,468142,2 Kings,25,27,בבל,nmpr,topo,F:unclassified-name,Other Tanakh
212016,1424556,468143,2 Kings,25,27,מלך,verb,,B:deity-candidate,Other Tanakh
212019,1424556,468142,2 Kings,25,27,יהויכין,nmpr,pers,A:person-candidate,Other Tanakh
212020,1424556,468142,2 Kings,25,27,מלך,subs,,B:deity-candidate,Other Tanakh
212021,1424556,468142,2 Kings,25,27,יהודה,nmpr,"pers,gens,topo",F:unclassified-name,Other Tanakh
212037,1424557,468145,2 Kings,25,28,מלך,subs,,B:deity-candidate,Other Tanakh
212041,1424557,468146,2 Kings,25,28,בבל,nmpr,topo,F:unclassified-name,Other Tanakh
212065,1424559,468150,2 Kings,25,30,מלך,subs,,B:deity-candidate,Other Tanakh
212074,1424560,468151,Isaiah,1,1,ישעיהו,nmpr,pers,A:person-candidate,Other Tanakh
212076,1424560,468151,Isaiah,1,1,אמוץ,nmpr,pers,A:person-candidate,Other Tanakh
212080,1424560,468152,Isaiah,1,1,יהודה,nmpr,"pers,gens,topo",F:unclassified-name,Other Tanakh
212082,1424560,468152,Isaiah,1,1,ירושלם,nmpr,topo,F:unclassified-name,Other Tanakh
212085,1424560,468152,Isaiah,1,1,עזיהו,nmpr,pers,A:person-candidate,Other Tanakh
212086,1424560,468152,Isaiah,1,1,יותם,nmpr,pers,A:person-candidate,Other Tanakh
212087,1424560,468152,Isaiah,1,1,אחז,nmpr,pers,A:person-candidate,Other Tanakh
212088,1424560,468152,Isaiah,1,1,יחזקיהו,nmpr,pers,A:person-candidate,Other Tanakh
212089,1424560,468152,Isaiah,1,1,מלך,subs,,B:deity-candidate,Other Tanakh
212090,1424560,468152,Isaiah,1,1,יהודה,nmpr,"pers,gens,topo",F:unclassified-name,Other Tanakh
212097,1424561,468157,Isaiah,1,2,יהוה,nmpr,pers,E:YHWH,Other Tanakh
212113,1424562,468162,Isaiah,1,3,בעל,subs,,B:deity-candidate,Other Tanakh
212114,1424562,468163,Isaiah,1,3,ישראל,nmpr,"pers,gens,topo",F:unclassified-name,Other Tanakh
212132,1424563,468166,Isaiah,1,4,יהוה,nmpr,pers,E:YHWH,Other Tanakh
212136,1424563,468167,Isaiah,1,4,ישראל,nmpr,"pers,gens,topo",F:unclassified-name,Other Tanakh
212198,1424567,468183,Isaiah,1,8,ציון,nmpr,topo,F:unclassified-name,Other Tanakh
212211,1424568,468184,Isaiah,1,9,יהוה,nmpr,pers,E:YHWH,Other Tanakh
212219,1424568,468185,Isaiah,1,9,סדם,nmpr,topo,F:unclassified-name,Other Tanakh
212222,1424568,468186,Isaiah,1,9,עמרה,nmpr,topo,F:unclassified-name,Other Tanakh
212226,1424569,468187,Isaiah,1,10,יהוה,nmpr,pers,E:YHWH,Other Tanakh
212228,1424569,468188,Isaiah,1,10,סדם,nmpr,topo,F:unclassified-name,Other Tanakh
212231,1424569,468189,Isaiah,1,10,אלהים,subs,,D:Elohim,Other Tanakh
212233,1424569,468190,Isaiah,1,10,עמרה,nmpr,topo,F:unclassified-name,Other Tanakh
212239,1424570,468192,Isaiah,1,11,יהוה,nmpr,pers,E:YHWH,Other Tanakh
212338,1424577,468227,Isaiah,1,18,יהוה,nmpr,pers,E:YHWH,Other Tanakh
212375,1424579,468238,Isaiah,1,20,יהוה,nmpr,pers,E:YHWH,Other Tanakh
212419,1424582,468249,Isaiah,1,23,אל,prep,,C:divine-title-candidate,Other Tanakh
212424,1424583,468250,Isaiah,1,24,יהוה,nmpr,pers,E:YHWH,Other Tanakh
212427,1424583,468250,Isaiah,1,24,ישראל,nmpr,"pers,gens,topo",F:unclassified-name,Other Tanakh
212472,1424586,468260,Isaiah,1,27,ציון,nmpr,topo,F:unclassified-name,Other Tanakh
212488,1424587,468263,Isaiah,1,28,יהוה,nmpr,pers,E:YHWH,Other Tanakh
212537,1424591,468277,Isaiah,2,1,ישעיהו,nmpr,pers,A:person-candidate,Other Tanakh
212539,1424591,468277,Isaiah,2,1,אמוץ,nmpr,pers,A:person-candidate,Other Tanakh
212541,1424591,468277,Isaiah,2,1,יהודה,nmpr,"pers,gens,topo",F:unclassified-name,Other Tanakh
212543,1424591,468277,Isaiah,2,1,ירושלם,nmpr,topo,F:unclassified-name,Other Tanakh
212554,1424592,468279,Isaiah,2,2,יהוה,nmpr,pers,E:YHWH,Other Tanakh
212565,1424592,468281,Isaiah,2,2,אל,prep,,C:divine-title-candidate,Other Tanakh
212578,1424593,468285,Isaiah,2,3,אל,prep,,C:divine-title-candidate,Other Tanakh
212580,1424593,468285,Isaiah,2,3,יהוה,nmpr,pers,E:YHWH,Other Tanakh
212581,1424593,468285,Isaiah,2,3,אל,prep,,C:divine-title-candidate,Other Tanakh
212583,1424593,468285,Isaiah,2,3,אלהים,subs,,D:Elohim,Other Tanakh
212584,1424593,468285,Isaiah,2,3,יעקב,nmpr,pers,A:person-candidate,Other Tanakh
212595,1424593,468288,Isaiah,2,3,ציון,nmpr,topo,F:unclassified-name,Other Tanakh
212600,1424593,468289,Isaiah,2,3,יהוה,nmpr,pers,E:YHWH,Other Tanakh
212602,1424593,468289,Isaiah,2,3,ירושלם,nmpr,topo,F:unclassified-name,Other Tanakh
212625,1424594,468294,Isaiah,2,4,אל,prep,,C:divine-title-candidate,Other Tanakh
212634,1424595,468296,Isaiah,2,5,יעקב,nmpr,pers,A:person-candidate,Other Tanakh
212640,1424595,468298,Isaiah,2,5,יהוה,nmpr,pers,E:YHWH,Other Tanakh
212645,1424596,468299,Isaiah,2,6,יעקב,nmpr,pers,A:person-candidate,Other Tanakh
212699,1424599,468312,Isaiah,2,9,אל,nega,,C:divine-title-candidate,Other Tanakh
212714,1424600,468314,Isaiah,2,10,יהוה,nmpr,pers,E:YHWH,Other Tanakh
212729,1424601,468317,Isaiah,2,11,יהוה,nmpr,pers,E:YHWH,Other Tanakh
212740,1424602,468318,Isaiah,2,12,יהוה,nmpr,pers,E:YHWH,Other Tanakh
212758,1424603,468320,Isaiah,2,13,לבנון,nmpr,topo,F:unclassified-name,Other Tanakh
212769,1424603,468321,Isaiah,2,13,בשן,nmpr,topo,F:unclassified-name,Other Tanakh
212798,1424606,468326,Isaiah,2,16,תרשיש,nmpr,topo,F:unclassified-name,Other Tanakh
212816,1424607,468330,Isaiah,2,17,יהוה,nmpr,pers,E:YHWH,Other Tanakh
212841,1424609,468332,Isaiah,2,19,יהוה,nmpr,pers,E:YHWH,Other Tanakh
212893,1424611,468340,Isaiah,2,21,יהוה,nmpr,pers,E:YHWH,Other Tanakh
212922,1424613,468346,Isaiah,3,1,יהוה,nmpr,pers,E:YHWH,Other Tanakh
212926,1424613,468346,Isaiah,3,1,ירושלם,nmpr,topo,F:unclassified-name,Other Tanakh
212929,1424613,468346,Isaiah,3,1,יהודה,nmpr,"pers,gens,topo",F:unclassified-name,Other Tanakh
213039,1424620,468366,Isaiah,3,8,ירושלם,nmpr,topo,F:unclassified-name,Other Tanakh
213041,1424620,468367,Isaiah,3,8,יהודה,nmpr,"pers,gens,topo",F:unclassified-name,Other Tanakh
213047,1424620,468368,Isaiah,3,8,אל,prep,,C:divine-title-candidate,Other Tanakh
213048,1424620,468368,Isaiah,3,8,יהוה,nmpr,pers,E:YHWH,Other Tanakh
213060,1424621,468371,Isaiah,3,9,סדם,nmpr,topo,F:unclassified-name,Other Tanakh
213105,1424625,468387,Isaiah,3,13,יהוה,nmpr,pers,E:YHWH,Other Tanakh
213111,1424626,468391,Isaiah,3,14,יהוה,nmpr,pers,E:YHWH,Other Tanakh
213139,1424627,468397,Isaiah,3,15,אדני,nmpr,pers,C:divine-title-candidate,Other Tanakh
213140,1424627,468397,Isaiah,3,15,יהוה,nmpr,pers,E:YHWH,Other Tanakh
213144,1424628,468398,Isaiah,3,16,יהוה,nmpr,pers,E:YHWH,Other Tanakh
213149,1424628,468399,Isaiah,3,16,ציון,nmpr,topo,F:unclassified-name,Other Tanakh
213167,1424629,468403,Isaiah,3,17,אדני,nmpr,pers,C:divine-title-candidate,Other Tanakh
213170,1424629,468403,Isaiah,3,17,ציון,nmpr,topo,F:unclassified-name,Other Tanakh
213172,1424629,468404,Isaiah,3,17,יהוה,nmpr,pers,E:YHWH,Other Tanakh
213181,1424630,468405,Isaiah,3,18,אדני,nmpr,pers,C:divine-title-candidate,Other Tanakh
213320,1424640,468429,Isaiah,4,2,יהוה,nmpr,pers,E:YHWH,Other Tanakh
213337,1424640,468430,Isaiah,4,2,ישראל,nmpr,"pers,gens,topo",F:unclassified-name,Other Tanakh
213343,1424641,468432,Isaiah,4,3,ציון,nmpr,topo,F:unclassified-name,Other Tanakh
213348,1424641,468433,Isaiah,4,3,ירושלם,nmpr,topo,F:unclassified-name,Other Tanakh
213359,1424641,468436,Isaiah,4,3,ירושלם,nmpr,topo,F:unclassified-name,Other Tanakh
213362,1424642,468437,Isaiah,4,4,אדני,nmpr,pers,C:divine-title-candidate,Other Tanakh
213366,1424642,468437,Isaiah,4,4,ציון,nmpr,topo,F:unclassified-name,Other Tanakh
213370,1424642,468438,Isaiah,4,4,ירושלם,nmpr,topo,F:unclassified-name,Other Tanakh
213383,1424643,468440,Isaiah,4,5,יהוה,nmpr,pers,E:YHWH,Other Tanakh
213388,1424643,468440,Isaiah,4,5,ציון,nmpr,topo,F:unclassified-name,Other Tanakh
213430,1424645,468445,Isaiah,5,1,דוד,subs,,A:person-candidate,Other Tanakh
213469,1424647,468456,Isaiah,5,3,ירושלם,nmpr,topo,F:unclassified-name,Other Tanakh
213472,1424647,468456,Isaiah,5,3,יהודה,nmpr,"pers,gens,topo",F:unclassified-name,Other Tanakh
213544,1424651,468478,Isaiah,5,7,יהוה,nmpr,pers,E:YHWH,Other Tanakh
213547,1424651,468478,Isaiah,5,7,ישראל,nmpr,"pers,gens,topo",F:unclassified-name,Other Tanakh
213550,1424651,468479,Isaiah,5,7,יהודה,nmpr,"pers,gens,topo",F:unclassified-name,Other Tanakh
213587,1424653,468488,Isaiah,5,9,יהוה,nmpr,pers,E:YHWH,Other Tanakh
213641,1424656,468499,Isaiah,5,12,יהוה,nmpr,pers,E:YHWH,Other Tanakh
213665,1424658,468504,Isaiah,5,14,שאול,subs,,A:person-candidate,Other Tanakh
213695,1424660,468510,Isaiah,5,16,יהוה,nmpr,pers,E:YHWH,Other Tanakh
213702,1424660,468511,Isaiah,5,16,אל,subs,,C:divine-title-candidate,Other Tanakh
213745,1424663,468522,Isaiah,5,19,ישראל,nmpr,"pers,gens,topo",F:unclassified-name,Other Tanakh
213829,1424668,468547,Isaiah,5,24,יהוה,nmpr,pers,E:YHWH,Other Tanakh
213835,1424668,468548,Isaiah,5,24,ישראל,nmpr,"pers,gens,topo",F:unclassified-name,Other Tanakh
213841,1424669,468549,Isaiah,5,25,יהוה,nmpr,pers,E:YHWH,Other Tanakh
213980,1424675,468579,Isaiah,6,1,מלך,subs,,B:deity-candidate,Other Tanakh
213981,1424675,468579,Isaiah,6,1,עזיהו,nmpr,pers,A:person-candidate,Other Tanakh
213985,1424675,468580,Isaiah,6,1,אדני,nmpr,pers,C:divine-title-candidate,Other Tanakh
214025,1424677,468588,Isaiah,6,3,אל,prep,,C:divine-title-candidate,Other Tanakh
214032,1424677,468590,Isaiah,6,3,יהוה,nmpr,pers,E:YHWH,Other Tanakh
214075,1424679,468599,Isaiah,6,5,מלך,subs,,B:deity-candidate,Other Tanakh
214076,1424679,468599,Isaiah,6,5,יהוה,nmpr,pers,E:YHWH,Other Tanakh
214082,1424680,468600,Isaiah,6,6,אל,prep,,C:divine-title-candidate,Other Tanakh
214119,1424682,468608,Isaiah,6,8,אדני,nmpr,pers,C:divine-title-candidate,Other Tanakh
214145,1424683,468619,Isaiah,6,9,אל,nega,,C:divine-title-candidate,Other Tanakh
214151,1424683,468621,Isaiah,6,9,אל,nega,,C:divine-title-candidate,Other Tanakh
214185,1424685,468632,Isaiah,6,11,אדני,nmpr,pers,C:divine-title-candidate,Other Tanakh
214208,1424686,468639,Isaiah,6,12,יהוה,nmpr,pers,E:YHWH,Other Tanakh
214249,1424688,468648,Isaiah,7,1,אחז,nmpr,pers,A:person-candidate,Other Tanakh
214251,1424688,468648,Isaiah,7,1,יותם,nmpr,pers,A:person-candidate,Other Tanakh
214253,1424688,468648,Isaiah,7,1,עזיהו,nmpr,pers,A:person-candidate,Other Tanakh
214254,1424688,468648,Isaiah,7,1,מלך,subs,,B:deity-candidate,Other Tanakh
214255,1424688,468648,Isaiah,7,1,יהודה,nmpr,"pers,gens,topo",F:unclassified-name,Other Tanakh
214257,1424688,468649,Isaiah,7,1,רצין,nmpr,pers,A:person-candidate,Other Tanakh
214258,1424688,468649,Isaiah,7,1,מלך,subs,,B:deity-candidate,Other Tanakh
214259,1424688,468649,Isaiah,7,1,ארם,nmpr,topo,F:unclassified-name,Other Tanakh
214261,1424688,468649,Isaiah,7,1,פקח,nmpr,pers,A:person-candidate,Other Tanakh
214263,1424688,468649,Isaiah,7,1,רמליהו,nmpr,pers,A:person-candidate,Other Tanakh
214264,1424688,468649,Isaiah,7,1,מלך,subs,,B:deity-candidate,Other Tanakh
214265,1424688,468649,Isaiah,7,1,ישראל,nmpr,"pers,gens,topo",F:unclassified-name,Other Tanakh
214266,1424688,468649,Isaiah,7,1,ירושלם,nmpr,topo,F:unclassified-name,Other Tanakh
214281,1424689,468652,Isaiah,7,2,דוד,nmpr,pers,A:person-candidate,Other Tanakh
214285,1424689,468654,Isaiah,7,2,ארם,nmpr,topo,F:unclassified-name,Other Tanakh
214287,1424689,468654,Isaiah,7,2,אפרים,nmpr,"pers,gens,topo",F:unclassified-name,Other Tanakh
214303,1424690,468657,Isaiah,7,3,יהוה,nmpr,pers,E:YHWH,Other Tanakh
214304,1424690,468657,Isaiah,7,3,אל,prep,,C:divine-title-candidate,Other Tanakh
214305,1424690,468657,Isaiah,7,3,ישעיהו,nmpr,pers,A:person-candidate,Other Tanakh
214310,1424690,468659,Isaiah,7,3,אחז,nmpr,pers,A:person-candidate,Other Tanakh
214313,1424690,468658,Isaiah,7,3,שאר ישוב,nmpr,pers,A:person-candidate,Other Tanakh
214315,1424690,468658,Isaiah,7,3,אל,prep,,C:divine-title-candidate,Other Tanakh
214321,1424690,468658,Isaiah,7,3,עליון,adjv,,C:divine-title-candidate,Other Tanakh
214322,1424690,468658,Isaiah,7,3,אל,prep,,C:divine-title-candidate,Other Tanakh
214328,1424691,468660,Isaiah,7,4,אל,prep,,C:divine-title-candidate,Other Tanakh
214332,1424691,468663,Isaiah,7,4,אל,nega,,C:divine-title-candidate,Other Tanakh
214336,1424691,468664,Isaiah,7,4,אל,nega,,C:divine-title-candidate,Other Tanakh
214350,1424691,468664,Isaiah,7,4,רצין,nmpr,pers,A:person-candidate,Other Tanakh
214352,1424691,468664,Isaiah,7,4,ארם,nmpr,topo,F:unclassified-name,Other Tanakh
214355,1424691,468664,Isaiah,7,4,רמליהו,nmpr,pers,A:person-candidate,Other Tanakh
214360,1424692,468665,Isaiah,7,5,ארם,nmpr,topo,F:unclassified-name,Other Tanakh
214362,1424692,468665,Isaiah,7,5,אפרים,nmpr,"pers,gens,topo",F:unclassified-name,Other Tanakh
214365,1424692,468665,Isaiah,7,5,רמליהו,nmpr,pers,A:person-candidate,Other Tanakh
214370,1424693,468667,Isaiah,7,6,יהודה,nmpr,"pers,gens,topo",F:unclassified-name,Other Tanakh
214375,1424693,468669,Isaiah,7,6,אל,prep,,C:divine-title-candidate,Other Tanakh
214377,1424693,468670,Isaiah,7,6,מלך,verb,,B:deity-candidate,Other Tanakh
214378,1424693,468670,Isaiah,7,6,מלך,subs,,B:deity-candidate,Other Tanakh
214383,1424693,468670,Isaiah,7,6,טבאל,nmpr,pers,A:person-candidate,Other Tanakh
214386,1424694,468671,Isaiah,7,7,אדני,nmpr,pers,C:divine-title-candidate,Other Tanakh
214387,1424694,468671,Isaiah,7,7,יהוה,nmpr,pers,E:YHWH,Other Tanakh
214395,1424695,468674,Isaiah,7,8,ארם,nmpr,topo,F:unclassified-name,Other Tanakh
214396,1424695,468674,Isaiah,7,8,דמשק,nmpr,topo,F:unclassified-name,Other Tanakh
214399,1424695,468675,Isaiah,7,8,דמשק,nmpr,topo,F:unclassified-name,Other Tanakh
214400,1424695,468675,Isaiah,7,8,רצין,nmpr,pers,A:person-candidate,Other Tanakh
214409,1424695,468676,Isaiah,7,8,אפרים,nmpr,"pers,gens,topo",F:unclassified-name,Other Tanakh
214414,1424696,468677,Isaiah,7,9,אפרים,nmpr,"pers,gens,topo",F:unclassified-name,Other Tanakh
214415,1424696,468677,Isaiah,7,9,שמרון,nmpr,topo,F:unclassified-name,Other Tanakh
214418,1424696,468678,Isaiah,7,9,שמרון,nmpr,topo,F:unclassified-name,Other Tanakh
214420,1424696,468678,Isaiah,7,9,רמליהו,nmpr,pers,A:person-candidate,Other Tanakh
214429,1424697,468681,Isaiah,7,10,יהוה,nmpr,pers,E:YHWH,Other Tanakh
214431,1424697,468682,Isaiah,7,10,אל,prep,,C:divine-title-candidate,Other Tanakh
214432,1424697,468682,Isaiah,7,10,אחז,nmpr,pers,A:person-candidate,Other Tanakh
214440,1424698,468684,Isaiah,7,11,יהוה,nmpr,pers,E:YHWH,Other Tanakh
214441,1424698,468684,Isaiah,7,11,אלהים,subs,,D:Elohim,Other Tanakh
214450,1424699,468687,Isaiah,7,12,אחז,nmpr,pers,A:person-candidate,Other Tanakh
214457,1424699,468689,Isaiah,7,12,יהוה,nmpr,pers,E:YHWH,Other Tanakh
214463,1424700,468692,Isaiah,7,13,דוד,nmpr,pers,A:person-candidate,Other Tanakh
214473,1424700,468695,Isaiah,7,13,אלהים,subs,,D:Elohim,Other Tanakh
214476,1424701,468696,Isaiah,7,14,אדני,nmpr,pers,C:divine-title-candidate,Other Tanakh
214490,1424701,468699,Isaiah,7,14,עמנו אל,nmpr,pers,A:person-candidate,Other Tanakh
214530,1424703,468708,Isaiah,7,16,מלך,subs,,B:deity-candidate,Other Tanakh
214532,1424704,468709,Isaiah,7,17,יהוה,nmpr,pers,E:YHWH,Other Tanakh
214549,1424704,468711,Isaiah,7,17,אפרים,nmpr,"pers,gens,topo",F:unclassified-name,Other Tanakh
214552,1424704,468711,Isaiah,7,17,יהודה,nmpr,"pers,gens,topo",F:unclassified-name,Other Tanakh
214554,1424704,468709,Isaiah,7,17,מלך,subs,,B:deity-candidate,Other Tanakh
214555,1424704,468709,Isaiah,7,17,אשור,nmpr,topo,F:unclassified-name,Other Tanakh
214564,1424705,468713,Isaiah,7,18,יהוה,nmpr,pers,E:YHWH,Other Tanakh
214572,1424705,468714,Isaiah,7,18,מצרים,nmpr,topo,F:unclassified-name,Other Tanakh
214580,1424705,468715,Isaiah,7,18,אשור,nmpr,topo,F:unclassified-name,Other Tanakh
214611,1424707,468718,Isaiah,7,20,אדני,nmpr,pers,C:divine-title-candidate,Other Tanakh
214620,1424707,468718,Isaiah,7,20,מלך,subs,,B:deity-candidate,Other Tanakh
214621,1424707,468718,Isaiah,7,20,אשור,nmpr,topo,F:unclassified-name,Other Tanakh
214739,1424713,468737,Isaiah,8,1,יהוה,nmpr,pers,E:YHWH,Other Tanakh
214740,1424713,468737,Isaiah,8,1,אל,prep,,C:divine-title-candidate,Other Tanakh
214752,1424713,468740,Isaiah,8,1,מהר שלל חש בז,nmpr,pers,A:person-candidate,Other Tanakh
214759,1424714,468741,Isaiah,8,2,אוריה,nmpr,pers,A:person-candidate,Other Tanakh
214764,1424714,468741,Isaiah,8,2,זכריהו,nmpr,pers,A:person-candidate,Other Tanakh
214766,1424714,468741,Isaiah,8,2,יברכיהו,nmpr,pers,A:person-candidate,Other Tanakh
214769,1424715,468742,Isaiah,8,3,אל,prep,,C:divine-title-candidate,Other Tanakh
214779,1424715,468745,Isaiah,8,3,יהוה,nmpr,pers,E:YHWH,Other Tanakh
214780,1424715,468745,Isaiah,8,3,אל,prep,,C:divine-title-candidate,Other Tanakh
214783,1424715,468746,Isaiah,8,3,מהר שלל חש בז,nmpr,pers,A:person-candidate,Other Tanakh
214797,1424716,468747,Isaiah,8,4,דמשק,nmpr,topo,F:unclassified-name,Other Tanakh
214801,1424716,468747,Isaiah,8,4,שמרון,nmpr,topo,F:unclassified-name,Other Tanakh
214804,1424716,468747,Isaiah,8,4,מלך,subs,,B:deity-candidate,Other Tanakh
214805,1424716,468747,Isaiah,8,4,אשור,nmpr,topo,F:unclassified-name,Other Tanakh
214808,1424717,468750,Isaiah,8,5,יהוה,nmpr,pers,E:YHWH,Other Tanakh
214810,1424717,468751,Isaiah,8,5,אל,prep,,C:divine-title-candidate,Other Tanakh
214824,1424718,468753,Isaiah,8,6,שלח,nmpr,topo,F:unclassified-name,Other Tanakh
214832,1424718,468755,Isaiah,8,6,רצין,nmpr,pers,A:person-candidate,Other Tanakh
214835,1424718,468755,Isaiah,8,6,רמליהו,nmpr,pers,A:person-candidate,Other Tanakh
214839,1424719,468757,Isaiah,8,7,אדני,nmpr,pers,C:divine-title-candidate,Other Tanakh
214852,1424719,468757,Isaiah,8,7,מלך,subs,,B:deity-candidate,Other Tanakh
214853,1424719,468757,Isaiah,8,7,אשור,nmpr,topo,F:unclassified-name,Other Tanakh
214871,1424720,468760,Isaiah,8,8,יהודה,nmpr,"pers,gens,topo",F:unclassified-name,Other Tanakh
214886,1424720,468765,Isaiah,8,8,אל,subs,,C:divine-title-candidate,Other Tanakh
214913,1424722,468779,Isaiah,8,10,אל,subs,,C:divine-title-candidate,Other Tanakh
214917,1424723,468780,Isaiah,8,11,יהוה,nmpr,pers,E:YHWH,Other Tanakh
214918,1424723,468780,Isaiah,8,11,אל,prep,,C:divine-title-candidate,Other Tanakh
214956,1424725,468788,Isaiah,8,13,יהוה,nmpr,pers,E:YHWH,Other Tanakh
214981,1424726,468793,Isaiah,8,14,ישראל,nmpr,"pers,gens,topo",F:unclassified-name,Other Tanakh
214989,1424726,468794,Isaiah,8,14,ירושלם,nmpr,topo,F:unclassified-name,Other Tanakh
215011,1424729,468802,Isaiah,8,17,יהוה,nmpr,pers,E:YHWH,Other Tanakh
215017,1424729,468803,Isaiah,8,17,יעקב,nmpr,pers,A:person-candidate,Other Tanakh
215029,1424730,468806,Isaiah,8,18,יהוה,nmpr,pers,E:YHWH,Other Tanakh
215036,1424730,468805,Isaiah,8,18,ישראל,nmpr,"pers,gens,topo",F:unclassified-name,Other Tanakh
215039,1424730,468805,Isaiah,8,18,יהוה,nmpr,pers,E:YHWH,Other Tanakh
215045,1424730,468807,Isaiah,8,18,ציון,nmpr,topo,F:unclassified-name,Other Tanakh
215049,1424731,468808,Isaiah,8,19,אל,prep,,C:divine-title-candidate,Other Tanakh
215051,1424731,468809,Isaiah,8,19,אל,prep,,C:divine-title-candidate,Other Tanakh
215055,1424731,468809,Isaiah,8,19,אל,prep,,C:divine-title-candidate,Other Tanakh
215066,1424731,468812,Isaiah,8,19,אל,prep,,C:divine-title-candidate,Other Tanakh
215067,1424731,468812,Isaiah,8,19,אלהים,subs,,D:Elohim,Other Tanakh
215072,1424731,468813,Isaiah,8,19,אל,prep,,C:divine-title-candidate,Other Tanakh
215107,1424733,468823,Isaiah,8,21,מלך,subs,,B:deity-candidate,Other Tanakh
215110,1424733,468823,Isaiah,8,21,אלהים,subs,,D:Elohim,Other Tanakh
215116,1424734,468825,Isaiah,8,22,אל,prep,,C:divine-title-candidate,Other Tanakh
215143,1424735,468830,Isaiah,8,23,זבולן,nmpr,"pers,gens,topo",F:unclassified-name,Other Tanakh
215146,1424735,468830,Isaiah,8,23,נפתלי,nmpr,"pers,gens,topo",F:unclassified-name,Other Tanakh
215156,1424735,468831,Isaiah,8,23,ירדן,nmpr,topo,F:unclassified-name,Other Tanakh
215213,1424738,468841,Isaiah,9,3,מדין,nmpr,"pers,gens,topo",F:unclassified-name,Other Tanakh
215249,1424740,468849,Isaiah,9,5,אל,subs,,C:divine-title-candidate,Other Tanakh
215266,1424741,468850,Isaiah,9,6,דוד,nmpr,pers,A:person-candidate,Other Tanakh
215287,1424741,468853,Isaiah,9,6,יהוה,nmpr,pers,E:YHWH,Other Tanakh
215293,1424742,468854,Isaiah,9,7,אדני,nmpr,pers,C:divine-title-candidate,Other Tanakh
215295,1424742,468854,Isaiah,9,7,יעקב,nmpr,pers,A:person-candidate,Other Tanakh
215299,1424742,468855,Isaiah,9,7,ישראל,nmpr,"pers,gens,topo",F:unclassified-name,Other Tanakh
215305,1424743,468856,Isaiah,9,8,אפרים,nmpr,"pers,gens,topo",F:unclassified-name,Other Tanakh
215308,1424743,468856,Isaiah,9,8,שמרון,nmpr,topo,F:unclassified-name,Other Tanakh
215329,1424745,468862,Isaiah,9,10,יהוה,nmpr,pers,E:YHWH,Other Tanakh
215332,1424745,468862,Isaiah,9,10,רצין,nmpr,pers,A:person-candidate,Other Tanakh
215338,1424746,468864,Isaiah,9,11,ארם,nmpr,topo,F:unclassified-name,Other Tanakh
215348,1424746,468866,Isaiah,9,11,ישראל,nmpr,"pers,gens,topo",F:unclassified-name,Other Tanakh
215372,1424747,468871,Isaiah,9,12,יהוה,nmpr,pers,E:YHWH,Other Tanakh
215378,1424748,468872,Isaiah,9,13,יהוה,nmpr,pers,E:YHWH,Other Tanakh
215380,1424748,468872,Isaiah,9,13,ישראל,nmpr,"pers,gens,topo",F:unclassified-name,Other Tanakh
215420,1424751,468880,Isaiah,9,16,אדני,nmpr,pers,C:divine-title-candidate,Other Tanakh
215471,1424753,468890,Isaiah,9,18,יהוה,nmpr,pers,E:YHWH,Other Tanakh
215483,1424753,468892,Isaiah,9,18,אל,prep,,C:divine-title-candidate,Other Tanakh
215504,1424755,468900,Isaiah,9,20,מנשה,nmpr,"pers,gens",F:unclassified-name,Other Tanakh
215506,1424755,468900,Isaiah,9,20,אפרים,nmpr,"pers,gens,topo",F:unclassified-name,Other Tanakh
215508,1424755,468901,Isaiah,9,20,אפרים,nmpr,"pers,gens,topo",F:unclassified-name,Other Tanakh
215510,1424755,468901,Isaiah,9,20,מנשה,nmpr,"pers,gens",F:unclassified-name,Other Tanakh
215514,1424755,468902,Isaiah,9,20,יהודה,nmpr,"pers,gens,topo",F:unclassified-name,Other Tanakh
215593,1424760,468922,Isaiah,10,5,אשור,nmpr,topo,F:unclassified-name,Other Tanakh
215652,1424763,468937,Isaiah,10,8,מלך,subs,,B:deity-candidate,Other Tanakh
215656,1424764,468938,Isaiah,10,9,כרכמיש,nmpr,topo,F:unclassified-name,Other Tanakh
215657,1424764,468938,Isaiah,10,9,כלנו,nmpr,topo,F:unclassified-name,Other Tanakh
215661,1424764,468939,Isaiah,10,9,ארפד,nmpr,topo,F:unclassified-name,Other Tanakh
215662,1424764,468939,Isaiah,10,9,חמת,nmpr,topo,F:unclassified-name,Other Tanakh
215666,1424764,468940,Isaiah,10,9,דמשק,nmpr,topo,F:unclassified-name,Other Tanakh
215667,1424764,468940,Isaiah,10,9,שמרון,nmpr,topo,F:unclassified-name,Other Tanakh
215679,1424765,468942,Isaiah,10,10,ירושלם,nmpr,topo,F:unclassified-name,Other Tanakh
215682,1424765,468942,Isaiah,10,10,שמרון,nmpr,topo,F:unclassified-name,Other Tanakh
215689,1424766,468944,Isaiah,10,11,שמרון,nmpr,topo,F:unclassified-name,Other Tanakh
215696,1424766,468945,Isaiah,10,11,ירושלם,nmpr,topo,F:unclassified-name,Other Tanakh
215704,1424767,468947,Isaiah,10,12,אדני,nmpr,pers,C:divine-title-candidate,Other Tanakh
215710,1424767,468947,Isaiah,10,12,ציון,nmpr,topo,F:unclassified-name,Other Tanakh
215713,1424767,468947,Isaiah,10,12,ירושלם,nmpr,topo,F:unclassified-name,Other Tanakh
215719,1424767,468948,Isaiah,10,12,מלך,subs,,B:deity-candidate,Other Tanakh
215720,1424767,468948,Isaiah,10,12,אשור,nmpr,topo,F:unclassified-name,Other Tanakh
215807,1424771,468970,Isaiah,10,16,יהוה,nmpr,pers,E:YHWH,Other Tanakh
215823,1424772,468972,Isaiah,10,17,ישראל,nmpr,"pers,gens,topo",F:unclassified-name,Other Tanakh
215876,1424775,468982,Isaiah,10,20,ישראל,nmpr,"pers,gens,topo",F:unclassified-name,Other Tanakh
215880,1424775,468982,Isaiah,10,20,יעקב,nmpr,pers,A:person-candidate,Other Tanakh
215888,1424775,468984,Isaiah,10,20,יהוה,nmpr,pers,E:YHWH,Other Tanakh
215890,1424775,468984,Isaiah,10,20,ישראל,nmpr,"pers,gens,topo",F:unclassified-name,Other Tanakh
215896,1424776,468985,Isaiah,10,21,יעקב,nmpr,pers,A:person-candidate,Other Tanakh
215897,1424776,468985,Isaiah,10,21,אל,prep,,C:divine-title-candidate,Other Tanakh
215898,1424776,468985,Isaiah,10,21,אל,subs,,C:divine-title-candidate,Other Tanakh
215904,1424777,468987,Isaiah,10,22,ישראל,nmpr,"pers,gens,topo",F:unclassified-name,Other Tanakh
215920,1424778,468990,Isaiah,10,23,אדני,nmpr,pers,C:divine-title-candidate,Other Tanakh
215921,1424778,468990,Isaiah,10,23,יהוה,nmpr,pers,E:YHWH,Other Tanakh
215932,1424779,468992,Isaiah,10,24,אדני,nmpr,pers,C:divine-title-candidate,Other Tanakh
215933,1424779,468992,Isaiah,10,24,יהוה,nmpr,pers,E:YHWH,Other Tanakh
215935,1424779,468993,Isaiah,10,24,אל,nega,,C:divine-title-candidate,Other Tanakh
215939,1424779,468995,Isaiah,10,24,ציון,nmpr,topo,F:unclassified-name,Other Tanakh
215941,1424779,468993,Isaiah,10,24,אשור,nmpr,topo,F:unclassified-name,Other Tanakh
215952,1424779,468997,Isaiah,10,24,מצרים,nmpr,topo,F:unclassified-name,Other Tanakh
215967,1424781,469001,Isaiah,10,26,יהוה,nmpr,pers,E:YHWH,Other Tanakh
215972,1424781,469001,Isaiah,10,26,מדין,nmpr,"pers,gens,topo",F:unclassified-name,Other Tanakh
215975,1424781,469001,Isaiah,10,26,ערב,nmpr,pers,A:person-candidate,Other Tanakh
215985,1424781,469003,Isaiah,10,26,מצרים,nmpr,topo,F:unclassified-name,Other Tanakh
216011,1424783,469008,Isaiah,10,28,עית,nmpr,topo,F:unclassified-name,Other Tanakh
216014,1424783,469009,Isaiah,10,28,מגרון,nmpr,topo,F:unclassified-name,Other Tanakh
216016,1424783,469010,Isaiah,10,28,מכמש,nmpr,topo,F:unclassified-name,Other Tanakh
216021,1424784,469012,Isaiah,10,29,גבע,nmpr,topo,F:unclassified-name,Other Tanakh
216026,1424784,469013,Isaiah,10,29,רמה,nmpr,topo,F:unclassified-name,Other Tanakh
216028,1424784,469014,Isaiah,10,29,שאול,nmpr,pers,A:person-candidate,Other Tanakh
216033,1424785,469016,Isaiah,10,30,גלים,nmpr,topo,F:unclassified-name,Other Tanakh
216035,1424785,469018,Isaiah,10,30,לישה,nmpr,topo,F:unclassified-name,Other Tanakh
216037,1424785,469019,Isaiah,10,30,ענתות,nmpr,topo,F:unclassified-name,Other Tanakh
216039,1424786,469020,Isaiah,10,31,מדמנה,nmpr,topo,F:unclassified-name,Other Tanakh
216042,1424786,469021,Isaiah,10,31,גבים,nmpr,topo,F:unclassified-name,Other Tanakh
216048,1424787,469022,Isaiah,10,32,נב,nmpr,topo,F:unclassified-name,Other Tanakh
216055,1424787,469024,Isaiah,10,32,ציון,nmpr,topo,F:unclassified-name,Other Tanakh
216057,1424787,469024,Isaiah,10,32,ירושלם,nmpr,topo,F:unclassified-name,Other Tanakh
216061,1424788,469025,Isaiah,10,33,יהוה,nmpr,pers,E:YHWH,Other Tanakh
216086,1424789,469029,Isaiah,10,34,לבנון,nmpr,topo,F:unclassified-name,Other Tanakh
216095,1424790,469030,Isaiah,11,1,ישי,nmpr,pers,A:person-candidate,Other Tanakh
216105,1424791,469032,Isaiah,11,2,יהוה,nmpr,pers,E:YHWH,Other Tanakh
216118,1424791,469032,Isaiah,11,2,יהוה,nmpr,pers,E:YHWH,Other Tanakh
216123,1424792,469033,Isaiah,11,3,יהוה,nmpr,pers,E:YHWH,Other Tanakh
216235,1424798,469053,Isaiah,11,9,יהוה,nmpr,pers,E:YHWH,Other Tanakh
216251,1424799,469056,Isaiah,11,10,ישי,nmpr,pers,A:person-candidate,Other Tanakh
216257,1424799,469058,Isaiah,11,10,אל,prep,,C:divine-title-candidate,Other Tanakh
216272,1424800,469061,Isaiah,11,11,אדני,nmpr,pers,C:divine-title-candidate,Other Tanakh
216283,1424800,469063,Isaiah,11,11,אשור,nmpr,topo,F:unclassified-name,Other Tanakh
216286,1424800,469063,Isaiah,11,11,מצרים,nmpr,topo,F:unclassified-name,Other Tanakh
216289,1424800,469063,Isaiah,11,11,פתרוס,nmpr,topo,F:unclassified-name,Other Tanakh
216292,1424800,469063,Isaiah,11,11,כוש,nmpr,topo,F:unclassified-name,Other Tanakh
216295,1424800,469063,Isaiah,11,11,עילם,nmpr,"pers,gens,topo",F:unclassified-name,Other Tanakh
216298,1424800,469063,Isaiah,11,11,שנער,nmpr,topo,F:unclassified-name,Other Tanakh
216301,1424800,469063,Isaiah,11,11,חמת,nmpr,topo,F:unclassified-name,Other Tanakh
216316,1424801,469065,Isaiah,11,12,ישראל,nmpr,"pers,gens,topo",F:unclassified-name,Other Tanakh
216319,1424801,469066,Isaiah,11,12,יהודה,nmpr,"pers,gens,topo",F:unclassified-name,Other Tanakh
216329,1424802,469067,Isaiah,11,13,אפרים,nmpr,"pers,gens,topo",F:unclassified-name,Other Tanakh
216332,1424802,469068,Isaiah,11,13,יהודה,nmpr,"pers,gens,topo",F:unclassified-name,Other Tanakh
216334,1424802,469069,Isaiah,11,13,אפרים,nmpr,"pers,gens,topo",F:unclassified-name,Other Tanakh
216338,1424802,469069,Isaiah,11,13,יהודה,nmpr,"pers,gens,topo",F:unclassified-name,Other Tanakh
216340,1424802,469070,Isaiah,11,13,יהודה,nmpr,"pers,gens,topo",F:unclassified-name,Other Tanakh
216344,1424802,469070,Isaiah,11,13,אפרים,nmpr,"pers,gens,topo",F:unclassified-name,Other Tanakh
216356,1424803,469073,Isaiah,11,14,אדום,nmpr,topo,F:unclassified-name,Other Tanakh
216358,1424803,469073,Isaiah,11,14,מואב,nmpr,"pers,gens,topo",F:unclassified-name,Other Tanakh
216363,1424803,469074,Isaiah,11,14,עמון,nmpr,gens,F:unclassified-name,Other Tanakh
216367,1424804,469075,Isaiah,11,15,יהוה,nmpr,pers,E:YHWH,Other Tanakh
216371,1424804,469075,Isaiah,11,15,מצרים,nmpr,topo,F:unclassified-name,Other Tanakh
216399,1424805,469080,Isaiah,11,16,אשור,nmpr,topo,F:unclassified-name,Other Tanakh
216404,1424805,469081,Isaiah,11,16,ישראל,nmpr,"pers,gens,topo",F:unclassified-name,Other Tanakh
216410,1424805,469082,Isaiah,11,16,מצרים,nmpr,topo,F:unclassified-name,Other Tanakh
216419,1424806,469085,Isaiah,12,1,יהוה,nmpr,pers,E:YHWH,Other Tanakh
216428,1424807,469089,Isaiah,12,2,אל,subs,,C:divine-title-candidate,Other Tanakh
216438,1424807,469092,Isaiah,12,2,יה,nmpr,pers,A:person-candidate,Other Tanakh
216439,1424807,469092,Isaiah,12,2,יהוה,nmpr,pers,E:YHWH,Other Tanakh
216463,1424809,469096,Isaiah,12,4,יהוה,nmpr,pers,E:YHWH,Other Tanakh
216477,1424810,469101,Isaiah,12,5,יהוה,nmpr,pers,E:YHWH,Other Tanakh
216491,1424811,469106,Isaiah,12,6,ציון,nmpr,topo,F:unclassified-name,Other Tanakh
216497,1424811,469107,Isaiah,12,6,ישראל,nmpr,"pers,gens,topo",F:unclassified-name,Other Tanakh
216499,1424812,469108,Isaiah,13,1,בבל,nmpr,topo,F:unclassified-name,Other Tanakh
216502,1424812,469109,Isaiah,13,1,ישעיהו,nmpr,pers,A:person-candidate,Other Tanakh
216504,1424812,469109,Isaiah,13,1,אמוץ,nmpr,pers,A:person-candidate,Other Tanakh
216543,1424815,469119,Isaiah,13,4,יהוה,nmpr,pers,E:YHWH,Other Tanakh
216556,1424816,469120,Isaiah,13,5,יהוה,nmpr,pers,E:YHWH,Other Tanakh
216569,1424817,469123,Isaiah,13,6,יהוה,nmpr,pers,E:YHWH,Other Tanakh
216573,1424817,469124,Isaiah,13,6,שדי,nmpr,pers,C:divine-title-candidate,Other Tanakh
216596,1424819,469130,Isaiah,13,8,אל,prep,,C:divine-title-candidate,Other Tanakh
216604,1424820,469133,Isaiah,13,9,יהוה,nmpr,pers,E:YHWH,Other Tanakh
216666,1424823,469145,Isaiah,13,12,אופיר,nmpr,topo,F:unclassified-name,Other Tanakh
216679,1424824,469147,Isaiah,13,13,יהוה,nmpr,pers,E:YHWH,Other Tanakh
216698,1424825,469151,Isaiah,13,14,אל,prep,,C:divine-title-candidate,Other Tanakh
216703,1424825,469153,Isaiah,13,14,אל,prep,,C:divine-title-candidate,Other Tanakh
216732,1424828,469159,Isaiah,13,17,מדי,nmpr,"pers,gens,topo",F:unclassified-name,Other Tanakh
216758,1424830,469166,Isaiah,13,19,בבל,nmpr,topo,F:unclassified-name,Other Tanakh
216763,1424830,469166,Isaiah,13,19,כשדים,nmpr,topo,F:unclassified-name,Other Tanakh
216766,1424830,469166,Isaiah,13,19,אלהים,subs,,D:Elohim,Other Tanakh
216768,1424830,469166,Isaiah,13,19,סדם,nmpr,topo,F:unclassified-name,Other Tanakh
216771,1424830,469166,Isaiah,13,19,עמרה,nmpr,topo,F:unclassified-name,Other Tanakh
216831,1424834,469180,Isaiah,14,1,יהוה,nmpr,pers,E:YHWH,Other Tanakh
216833,1424834,469180,Isaiah,14,1,יעקב,nmpr,pers,A:person-candidate,Other Tanakh
216838,1424834,469181,Isaiah,14,1,ישראל,nmpr,"pers,gens,topo",F:unclassified-name,Other Tanakh
216852,1424834,469184,Isaiah,14,1,יעקב,nmpr,pers,A:person-candidate,Other Tanakh
216858,1424835,469186,Isaiah,14,2,אל,prep,,C:divine-title-candidate,Other Tanakh
216863,1424835,469187,Isaiah,14,2,ישראל,nmpr,"pers,gens,topo",F:unclassified-name,Other Tanakh
216866,1424835,469187,Isaiah,14,2,יהוה,nmpr,pers,E:YHWH,Other Tanakh
216886,1424836,469191,Isaiah,14,3,יהוה,nmpr,pers,E:YHWH,Other Tanakh
216909,1424837,469193,Isaiah,14,4,מלך,subs,,B:deity-candidate,Other Tanakh
216910,1424837,469193,Isaiah,14,4,בבל,nmpr,topo,F:unclassified-name,Other Tanakh
216919,1424838,469197,Isaiah,14,5,יהוה,nmpr,pers,E:YHWH,Other Tanakh
216951,1424841,469205,Isaiah,14,8,לבנון,nmpr,topo,F:unclassified-name,Other Tanakh
216960,1424842,469208,Isaiah,14,9,שאול,subs,,A:person-candidate,Other Tanakh
216978,1424842,469212,Isaiah,14,9,מלך,subs,,B:deity-candidate,Other Tanakh
216984,1424843,469214,Isaiah,14,10,אל,prep,,C:divine-title-candidate,Other Tanakh
216989,1424843,469216,Isaiah,14,10,אל,prep,,C:divine-title-candidate,Other Tanakh
216992,1424844,469217,Isaiah,14,11,שאול,subs,,A:person-candidate,Other Tanakh
217028,1424846,469226,Isaiah,14,13,אל,subs,,C:divine-title-candidate,Other Tanakh
217045,1424847,469229,Isaiah,14,14,עליון,adjv,,C:divine-title-candidate,Other Tanakh
217047,1424848,469230,Isaiah,14,15,אל,prep,,C:divine-title-candidate,Other Tanakh
217048,1424848,469230,Isaiah,14,15,שאול,subs,,A:person-candidate,Other Tanakh
217050,1424848,469230,Isaiah,14,15,אל,prep,,C:divine-title-candidate,Other Tanakh
217054,1424849,469231,Isaiah,14,16,אל,prep,,C:divine-title-candidate,Other Tanakh
217056,1424849,469232,Isaiah,14,16,אל,prep,,C:divine-title-candidate,Other Tanakh
217080,1424851,469239,Isaiah,14,18,מלך,subs,,B:deity-candidate,Other Tanakh
217102,1424852,469244,Isaiah,14,19,אל,prep,,C:divine-title-candidate,Other Tanakh
217145,1424855,469254,Isaiah,14,22,יהוה,nmpr,pers,E:YHWH,Other Tanakh
217150,1424855,469255,Isaiah,14,22,בבל,nmpr,topo,F:unclassified-name,Other Tanakh
217159,1424855,469256,Isaiah,14,22,יהוה,nmpr,pers,E:YHWH,Other Tanakh
217174,1424856,469261,Isaiah,14,23,יהוה,nmpr,pers,E:YHWH,Other Tanakh
217177,1424857,469262,Isaiah,14,24,יהוה,nmpr,pers,E:YHWH,Other Tanakh
217196,1424858,469269,Isaiah,14,25,אשור,nmpr,topo,F:unclassified-name,Other Tanakh
217234,1424860,469277,Isaiah,14,27,יהוה,nmpr,pers,E:YHWH,Other Tanakh
217251,1424861,469281,Isaiah,14,28,מלך,subs,,B:deity-candidate,Other Tanakh
217252,1424861,469281,Isaiah,14,28,אחז,nmpr,pers,A:person-candidate,Other Tanakh
217258,1424862,469282,Isaiah,14,29,אל,nega,,C:divine-title-candidate,Other Tanakh
217260,1424862,469283,Isaiah,14,29,פלשת,nmpr,topo,F:unclassified-name,Other Tanakh
217299,1424864,469297,Isaiah,14,31,פלשת,nmpr,topo,F:unclassified-name,Other Tanakh
217317,1424865,469301,Isaiah,14,32,יהוה,nmpr,pers,E:YHWH,Other Tanakh
217319,1424865,469301,Isaiah,14,32,ציון,nmpr,topo,F:unclassified-name,Other Tanakh
217326,1424866,469303,Isaiah,15,1,מואב,nmpr,"pers,gens,topo",F:unclassified-name,Other Tanakh
217331,1424866,469305,Isaiah,15,1,ער,nmpr,topo,F:unclassified-name,Other Tanakh
217332,1424866,469305,Isaiah,15,1,מואב,nmpr,"pers,gens,topo",F:unclassified-name,Other Tanakh
217338,1424866,469307,Isaiah,15,1,קיר מואב,nmpr,topo,F:unclassified-name,Other Tanakh
217344,1424867,469309,Isaiah,15,2,דיבן,nmpr,topo,F:unclassified-name,Other Tanakh
217350,1424867,469310,Isaiah,15,2,נבו,nmpr,topo,F:unclassified-name,Other Tanakh
217353,1424867,469310,Isaiah,15,2,מידבא,nmpr,topo,F:unclassified-name,Other Tanakh
217354,1424867,469310,Isaiah,15,2,מואב,nmpr,"pers,gens,topo",F:unclassified-name,Other Tanakh
217380,1424869,469316,Isaiah,15,4,חשבון,nmpr,topo,F:unclassified-name,Other Tanakh
217382,1424869,469316,Isaiah,15,4,אלעלה,nmpr,topo,F:unclassified-name,Other Tanakh
217384,1424869,469317,Isaiah,15,4,יהץ,nmpr,topo,F:unclassified-name,Other Tanakh
217390,1424869,469318,Isaiah,15,4,מואב,nmpr,"pers,gens,topo",F:unclassified-name,Other Tanakh
217397,1424870,469320,Isaiah,15,5,מואב,nmpr,"pers,gens,topo",F:unclassified-name,Other Tanakh
217401,1424870,469321,Isaiah,15,5,צער,nmpr,topo,F:unclassified-name,Other Tanakh
217402,1424870,469321,Isaiah,15,5,עגלת שלשיה,nmpr,topo,F:unclassified-name,Other Tanakh
217406,1424870,469322,Isaiah,15,5,לוחית,nmpr,topo,F:unclassified-name,Other Tanakh
217413,1424870,469324,Isaiah,15,5,חרונים,nmpr,topo,F:unclassified-name,Other Tanakh
217419,1424871,469325,Isaiah,15,6,נמרים,nmpr,topo,F:unclassified-name,Other Tanakh
217447,1424873,469332,Isaiah,15,8,מואב,nmpr,"pers,gens,topo",F:unclassified-name,Other Tanakh
217449,1424873,469333,Isaiah,15,8,אגלים,nmpr,topo,F:unclassified-name,Other Tanakh
217452,1424873,469334,Isaiah,15,8,באר אילים,nmpr,topo,F:unclassified-name,Other Tanakh
217456,1424874,469335,Isaiah,15,9,דימון,nmpr,topo,F:unclassified-name,Other Tanakh
217462,1424874,469336,Isaiah,15,9,דימון,nmpr,topo,F:unclassified-name,Other Tanakh
217466,1424874,469337,Isaiah,15,9,מואב,nmpr,"pers,gens,topo",F:unclassified-name,Other Tanakh
217477,1424875,469339,Isaiah,16,1,סלע,nmpr,topo,F:unclassified-name,Other Tanakh
217479,1424875,469339,Isaiah,16,1,אל,prep,,C:divine-title-candidate,Other Tanakh
217482,1424875,469339,Isaiah,16,1,ציון,nmpr,topo,F:unclassified-name,Other Tanakh
217492,1424876,469342,Isaiah,16,2,מואב,nmpr,"pers,gens,topo",F:unclassified-name,Other Tanakh
217495,1424876,469342,Isaiah,16,2,ארנון,nmpr,topo,F:unclassified-name,Other Tanakh
217511,1424877,469347,Isaiah,16,3,אל,nega,,C:divine-title-candidate,Other Tanakh
217516,1424878,469348,Isaiah,16,4,מואב,nmpr,"pers,gens,topo",F:unclassified-name,Other Tanakh
217547,1424879,469354,Isaiah,16,5,דוד,nmpr,pers,A:person-candidate,Other Tanakh
217557,1424880,469358,Isaiah,16,6,מואב,nmpr,"pers,gens,topo",F:unclassified-name,Other Tanakh
217570,1424881,469361,Isaiah,16,7,מואב,nmpr,"pers,gens,topo",F:unclassified-name,Other Tanakh
217572,1424881,469361,Isaiah,16,7,מואב,nmpr,"pers,gens,topo",F:unclassified-name,Other Tanakh
217577,1424881,469363,Isaiah,16,7,קיר חרשת,nmpr,topo,F:unclassified-name,Other Tanakh
217583,1424882,469365,Isaiah,16,8,חשבון,nmpr,topo,F:unclassified-name,Other Tanakh
217586,1424882,469366,Isaiah,16,8,שבמה,nmpr,topo,F:unclassified-name,Other Tanakh
217587,1424882,469367,Isaiah,16,8,בעל,subs,,B:deity-candidate,Other Tanakh
217592,1424882,469368,Isaiah,16,8,יעזר,nmpr,topo,F:unclassified-name,Other Tanakh
217605,1424883,469372,Isaiah,16,9,יעזר,nmpr,topo,F:unclassified-name,Other Tanakh
217607,1424883,469372,Isaiah,16,9,שבמה,nmpr,topo,F:unclassified-name,Other Tanakh
217610,1424883,469374,Isaiah,16,9,חשבון,nmpr,topo,F:unclassified-name,Other Tanakh
217612,1424883,469374,Isaiah,16,9,אלעלה,nmpr,topo,F:unclassified-name,Other Tanakh
217651,1424885,469381,Isaiah,16,11,מואב,nmpr,"pers,gens,topo",F:unclassified-name,Other Tanakh
217659,1424885,469382,Isaiah,16,11,קיר חרש,nmpr,topo,F:unclassified-name,Other Tanakh
217666,1424886,469385,Isaiah,16,12,מואב,nmpr,"pers,gens,topo",F:unclassified-name,Other Tanakh
217672,1424886,469386,Isaiah,16,12,אל,prep,,C:divine-title-candidate,Other Tanakh
217684,1424887,469390,Isaiah,16,13,יהוה,nmpr,pers,E:YHWH,Other Tanakh
217685,1424887,469390,Isaiah,16,13,אל,prep,,C:divine-title-candidate,Other Tanakh
217686,1424887,469390,Isaiah,16,13,מואב,nmpr,"pers,gens,topo",F:unclassified-name,Other Tanakh
217692,1424888,469391,Isaiah,16,14,יהוה,nmpr,pers,E:YHWH,Other Tanakh
217704,1424888,469394,Isaiah,16,14,מואב,nmpr,"pers,gens,topo",F:unclassified-name,Other Tanakh
217718,1424889,469398,Isaiah,17,1,דמשק,nmpr,topo,F:unclassified-name,Other Tanakh
217720,1424889,469399,Isaiah,17,1,דמשק,nmpr,topo,F:unclassified-name,Other Tanakh
217730,1424890,469401,Isaiah,17,2,ערוער,nmpr,topo,F:unclassified-name,Other Tanakh
217743,1424891,469405,Isaiah,17,3,אפרים,nmpr,"pers,gens,topo",F:unclassified-name,Other Tanakh
217747,1424891,469406,Isaiah,17,3,דמשק,nmpr,topo,F:unclassified-name,Other Tanakh
217750,1424891,469407,Isaiah,17,3,ארם,nmpr,topo,F:unclassified-name,Other Tanakh
217754,1424891,469407,Isaiah,17,3,ישראל,nmpr,"pers,gens,topo",F:unclassified-name,Other Tanakh
217757,1424891,469408,Isaiah,17,3,יהוה,nmpr,pers,E:YHWH,Other Tanakh
217768,1424892,469410,Isaiah,17,4,יעקב,nmpr,pers,A:person-candidate,Other Tanakh
217790,1424893,469416,Isaiah,17,5,רפאים,nmpr,topo,F:unclassified-name,Other Tanakh
217810,1424894,469420,Isaiah,17,6,יהוה,nmpr,pers,E:YHWH,Other Tanakh
217811,1424894,469420,Isaiah,17,6,אלהים,subs,,D:Elohim,Other Tanakh
217812,1424894,469420,Isaiah,17,6,ישראל,nmpr,"pers,gens,topo",F:unclassified-name,Other Tanakh
217825,1424895,469422,Isaiah,17,7,אל,prep,,C:divine-title-candidate,Other Tanakh
217827,1424895,469422,Isaiah,17,7,ישראל,nmpr,"pers,gens,topo",F:unclassified-name,Other Tanakh
217832,1424896,469423,Isaiah,17,8,אל,prep,,C:divine-title-candidate,Other Tanakh
217869,1424897,469428,Isaiah,17,9,ישראל,nmpr,"pers,gens,topo",F:unclassified-name,Other Tanakh
217875,1424898,469430,Isaiah,17,10,אלהים,subs,,D:Elohim,Other Tanakh
217978,1424903,469453,Isaiah,18,1,כוש,nmpr,topo,F:unclassified-name,Other Tanakh
217995,1424904,469456,Isaiah,18,2,אל,prep,,C:divine-title-candidate,Other Tanakh
218000,1424904,469458,Isaiah,18,2,אל,prep,,C:divine-title-candidate,Other Tanakh
218035,1424906,469466,Isaiah,18,4,יהוה,nmpr,pers,E:YHWH,Other Tanakh
218036,1424906,469466,Isaiah,18,4,אל,prep,,C:divine-title-candidate,Other Tanakh
218108,1424909,469481,Isaiah,18,7,יהוה,nmpr,pers,E:YHWH,Other Tanakh
218131,1424909,469483,Isaiah,18,7,אל,prep,,C:divine-title-candidate,Other Tanakh
218134,1424909,469483,Isaiah,18,7,יהוה,nmpr,pers,E:YHWH,Other Tanakh
218137,1424909,469483,Isaiah,18,7,ציון,nmpr,topo,F:unclassified-name,Other Tanakh
218139,1424910,469486,Isaiah,19,1,מצרים,nmpr,topo,F:unclassified-name,Other Tanakh
218141,1424910,469487,Isaiah,19,1,יהוה,nmpr,pers,E:YHWH,Other Tanakh
218148,1424910,469488,Isaiah,19,1,מצרים,nmpr,topo,F:unclassified-name,Other Tanakh
218152,1424910,469489,Isaiah,19,1,מצרים,nmpr,topo,F:unclassified-name,Other Tanakh
218157,1424910,469490,Isaiah,19,1,מצרים,nmpr,topo,F:unclassified-name,Other Tanakh
218163,1424911,469491,Isaiah,19,2,מצרים,nmpr,topo,F:unclassified-name,Other Tanakh
218165,1424911,469491,Isaiah,19,2,מצרים,nmpr,topo,F:unclassified-name,Other Tanakh
218184,1424912,469497,Isaiah,19,3,מצרים,nmpr,topo,F:unclassified-name,Other Tanakh
218192,1424912,469499,Isaiah,19,3,אל,prep,,C:divine-title-candidate,Other Tanakh
218196,1424912,469499,Isaiah,19,3,אל,prep,,C:divine-title-candidate,Other Tanakh
218200,1424912,469499,Isaiah,19,3,אל,prep,,C:divine-title-candidate,Other Tanakh
218204,1424912,469499,Isaiah,19,3,אל,prep,,C:divine-title-candidate,Other Tanakh
218210,1424913,469500,Isaiah,19,4,מצרים,nmpr,topo,F:unclassified-name,Other Tanakh
218216,1424913,469501,Isaiah,19,4,מלך,subs,,B:deity-candidate,Other Tanakh
218223,1424913,469502,Isaiah,19,4,יהוה,nmpr,pers,E:YHWH,Other Tanakh
218243,1424915,469508,Isaiah,19,6,מצור,nmpr,topo,F:unclassified-name,Other Tanakh
218250,1424916,469510,Isaiah,19,7,יאר,nmpr,topo,F:unclassified-name,Other Tanakh
218253,1424916,469510,Isaiah,19,7,יאר,nmpr,topo,F:unclassified-name,Other Tanakh
218257,1424916,469511,Isaiah,19,7,יאר,nmpr,topo,F:unclassified-name,Other Tanakh
218272,1424917,469516,Isaiah,19,8,יאר,nmpr,topo,F:unclassified-name,Other Tanakh
218301,1424920,469525,Isaiah,19,11,צען,nmpr,topo,F:unclassified-name,Other Tanakh
218309,1424920,469527,Isaiah,19,11,אל,prep,,C:divine-title-candidate,Other Tanakh
218315,1424920,469529,Isaiah,19,11,מלך,subs,,B:deity-candidate,Other Tanakh
218328,1424921,469533,Isaiah,19,12,יהוה,nmpr,pers,E:YHWH,Other Tanakh
218331,1424921,469533,Isaiah,19,12,מצרים,nmpr,topo,F:unclassified-name,Other Tanakh
218334,1424922,469534,Isaiah,19,13,צען,nmpr,topo,F:unclassified-name,Other Tanakh
218337,1424922,469535,Isaiah,19,13,נף,nmpr,topo,F:unclassified-name,Other Tanakh
218340,1424922,469536,Isaiah,19,13,מצרים,nmpr,topo,F:unclassified-name,Other Tanakh
218343,1424923,469537,Isaiah,19,14,יהוה,nmpr,pers,E:YHWH,Other Tanakh
218352,1424923,469538,Isaiah,19,14,מצרים,nmpr,topo,F:unclassified-name,Other Tanakh
218365,1424924,469540,Isaiah,19,15,מצרים,nmpr,topo,F:unclassified-name,Other Tanakh
218381,1424925,469542,Isaiah,19,16,מצרים,nmpr,topo,F:unclassified-name,Other Tanakh
218393,1424925,469544,Isaiah,19,16,יהוה,nmpr,pers,E:YHWH,Other Tanakh
218402,1424926,469546,Isaiah,19,17,יהודה,nmpr,"pers,gens,topo",F:unclassified-name,Other Tanakh
218404,1424926,469546,Isaiah,19,17,מצרים,nmpr,topo,F:unclassified-name,Other Tanakh
218411,1424926,469548,Isaiah,19,17,אל,prep,,C:divine-title-candidate,Other Tanakh
218416,1424926,469547,Isaiah,19,17,יהוה,nmpr,pers,E:YHWH,Other Tanakh
218432,1424927,469550,Isaiah,19,18,מצרים,nmpr,topo,F:unclassified-name,Other Tanakh
218435,1424927,469551,Isaiah,19,18,כנען,nmpr,"pers,gens,topo",F:unclassified-name,Other Tanakh
218439,1424927,469552,Isaiah,19,18,יהוה,nmpr,pers,E:YHWH,Other Tanakh
218455,1424928,469555,Isaiah,19,19,יהוה,nmpr,pers,E:YHWH,Other Tanakh
218459,1424928,469555,Isaiah,19,19,מצרים,nmpr,topo,F:unclassified-name,Other Tanakh
218465,1424928,469556,Isaiah,19,19,יהוה,nmpr,pers,E:YHWH,Other Tanakh
218474,1424929,469557,Isaiah,19,20,יהוה,nmpr,pers,E:YHWH,Other Tanakh
218478,1424929,469557,Isaiah,19,20,מצרים,nmpr,topo,F:unclassified-name,Other Tanakh
218481,1424929,469558,Isaiah,19,20,אל,prep,,C:divine-title-candidate,Other Tanakh
218482,1424929,469558,Isaiah,19,20,יהוה,nmpr,pers,E:YHWH,Other Tanakh
218496,1424930,469561,Isaiah,19,21,יהוה,nmpr,pers,E:YHWH,Other Tanakh
218498,1424930,469561,Isaiah,19,21,מצרים,nmpr,topo,F:unclassified-name,Other Tanakh
218501,1424930,469562,Isaiah,19,21,מצרים,nmpr,topo,F:unclassified-name,Other Tanakh
218503,1424930,469562,Isaiah,19,21,יהוה,nmpr,pers,E:YHWH,Other Tanakh
218518,1424930,469564,Isaiah,19,21,יהוה,nmpr,pers,E:YHWH,Other Tanakh
218523,1424931,469566,Isaiah,19,22,יהוה,nmpr,pers,E:YHWH,Other Tanakh
218525,1424931,469566,Isaiah,19,22,מצרים,nmpr,topo,F:unclassified-name,Other Tanakh
218532,1424931,469567,Isaiah,19,22,יהוה,nmpr,pers,E:YHWH,Other Tanakh
218546,1424932,469570,Isaiah,19,23,מצרים,nmpr,topo,F:unclassified-name,Other Tanakh
218547,1424932,469570,Isaiah,19,23,אשור,nmpr,topo,F:unclassified-name,Other Tanakh
218550,1424932,469571,Isaiah,19,23,אשור,nmpr,topo,F:unclassified-name,Other Tanakh
218552,1424932,469571,Isaiah,19,23,מצרים,nmpr,topo,F:unclassified-name,Other Tanakh
218554,1424932,469572,Isaiah,19,23,מצרים,nmpr,topo,F:unclassified-name,Other Tanakh
218556,1424932,469572,Isaiah,19,23,אשור,nmpr,topo,F:unclassified-name,Other Tanakh
218559,1424932,469573,Isaiah,19,23,מצרים,nmpr,topo,F:unclassified-name,Other Tanakh
218561,1424932,469573,Isaiah,19,23,אשור,nmpr,topo,F:unclassified-name,Other Tanakh
218568,1424933,469574,Isaiah,19,24,ישראל,nmpr,"pers,gens,topo",F:unclassified-name,Other Tanakh
218571,1424933,469574,Isaiah,19,24,מצרים,nmpr,topo,F:unclassified-name,Other Tanakh
218574,1424933,469574,Isaiah,19,24,אשור,nmpr,topo,F:unclassified-name,Other Tanakh
218582,1424934,469576,Isaiah,19,25,יהוה,nmpr,pers,E:YHWH,Other Tanakh
218588,1424934,469578,Isaiah,19,25,מצרים,nmpr,topo,F:unclassified-name,Other Tanakh
218592,1424934,469578,Isaiah,19,25,אשור,nmpr,topo,F:unclassified-name,Other Tanakh
218595,1424934,469578,Isaiah,19,25,ישראל,nmpr,"pers,gens,topo",F:unclassified-name,Other Tanakh
218600,1424935,469580,Isaiah,20,1,אשדוד,nmpr,topo,F:unclassified-name,Other Tanakh
218604,1424935,469581,Isaiah,20,1,סרגון,nmpr,pers,A:person-candidate,Other Tanakh
218605,1424935,469581,Isaiah,20,1,מלך,subs,,B:deity-candidate,Other Tanakh
218606,1424935,469581,Isaiah,20,1,אשור,nmpr,topo,F:unclassified-name,Other Tanakh
218610,1424935,469582,Isaiah,20,1,אשדוד,nmpr,topo,F:unclassified-name,Other Tanakh
218619,1424936,469584,Isaiah,20,2,יהוה,nmpr,pers,E:YHWH,Other Tanakh
218622,1424936,469584,Isaiah,20,2,ישעיהו,nmpr,pers,A:person-candidate,Other Tanakh
218624,1424936,469584,Isaiah,20,2,אמוץ,nmpr,pers,A:person-candidate,Other Tanakh
218650,1424937,469591,Isaiah,20,3,יהוה,nmpr,pers,E:YHWH,Other Tanakh
218655,1424937,469592,Isaiah,20,3,ישעיהו,nmpr,pers,A:person-candidate,Other Tanakh
218665,1424937,469592,Isaiah,20,3,מצרים,nmpr,topo,F:unclassified-name,Other Tanakh
218668,1424937,469592,Isaiah,20,3,כוש,nmpr,topo,F:unclassified-name,Other Tanakh
218671,1424938,469593,Isaiah,20,4,מלך,subs,,B:deity-candidate,Other Tanakh
218672,1424938,469593,Isaiah,20,4,אשור,nmpr,topo,F:unclassified-name,Other Tanakh
218675,1424938,469593,Isaiah,20,4,מצרים,nmpr,topo,F:unclassified-name,Other Tanakh
218679,1424938,469593,Isaiah,20,4,כוש,nmpr,topo,F:unclassified-name,Other Tanakh
218690,1424938,469593,Isaiah,20,4,מצרים,nmpr,topo,F:unclassified-name,Other Tanakh
218696,1424939,469595,Isaiah,20,5,כוש,nmpr,topo,F:unclassified-name,Other Tanakh
218700,1424939,469595,Isaiah,20,5,מצרים,nmpr,topo,F:unclassified-name,Other Tanakh
218726,1424940,469599,Isaiah,20,6,מלך,subs,,B:deity-candidate,Other Tanakh
218727,1424940,469599,Isaiah,20,6,אשור,nmpr,topo,F:unclassified-name,Other Tanakh
218760,1424942,469608,Isaiah,21,2,עילם,nmpr,"pers,gens,topo",F:unclassified-name,Other Tanakh
218762,1424942,469610,Isaiah,21,2,מדי,nmpr,"pers,gens,topo",F:unclassified-name,Other Tanakh
218809,1424946,469628,Isaiah,21,6,אל,prep,,C:divine-title-candidate,Other Tanakh
218810,1424946,469628,Isaiah,21,6,אדני,nmpr,pers,C:divine-title-candidate,Other Tanakh
218837,1424948,469638,Isaiah,21,8,אדני,nmpr,pers,C:divine-title-candidate,Other Tanakh
218864,1424949,469644,Isaiah,21,9,בבל,nmpr,topo,F:unclassified-name,Other Tanakh
218868,1424949,469645,Isaiah,21,9,אלהים,subs,,D:Elohim,Other Tanakh
218881,1424950,469647,Isaiah,21,10,יהוה,nmpr,pers,E:YHWH,Other Tanakh
218883,1424950,469647,Isaiah,21,10,אלהים,subs,,D:Elohim,Other Tanakh
218884,1424950,469647,Isaiah,21,10,ישראל,nmpr,"pers,gens,topo",F:unclassified-name,Other Tanakh
218888,1424951,469649,Isaiah,21,11,דומה,nmpr,topo,F:unclassified-name,Other Tanakh
218889,1424951,469650,Isaiah,21,11,אל,prep,,C:divine-title-candidate,Other Tanakh
218892,1424951,469650,Isaiah,21,11,שעיר,nmpr,topo,F:unclassified-name,Other Tanakh
218915,1424953,469662,Isaiah,21,13,ערב,nmpr,gens,F:unclassified-name,Other Tanakh
218920,1424953,469663,Isaiah,21,13,ערב,nmpr,gens,F:unclassified-name,Other Tanakh
218931,1424954,469667,Isaiah,21,14,תימא,nmpr,topo,F:unclassified-name,Other Tanakh
218958,1424956,469670,Isaiah,21,16,אדני,nmpr,pers,C:divine-title-candidate,Other Tanakh
218959,1424956,469670,Isaiah,21,16,אל,prep,,C:divine-title-candidate,Other Tanakh
218970,1424956,469672,Isaiah,21,16,קדר,nmpr,"pers,gens",F:unclassified-name,Other Tanakh
218977,1424957,469673,Isaiah,21,17,קדר,nmpr,"pers,gens",F:unclassified-name,Other Tanakh
218980,1424957,469674,Isaiah,21,17,יהוה,nmpr,pers,E:YHWH,Other Tanakh
218981,1424957,469674,Isaiah,21,17,אלהים,subs,,D:Elohim,Other Tanakh
218982,1424957,469674,Isaiah,21,17,ישראל,nmpr,"pers,gens,topo",F:unclassified-name,Other Tanakh
219033,1424961,469689,Isaiah,22,4,אל,nega,,C:divine-title-candidate,Other Tanakh
219049,1424962,469691,Isaiah,22,5,אדני,nmpr,pers,C:divine-title-candidate,Other Tanakh
219050,1424962,469691,Isaiah,22,5,יהוה,nmpr,pers,E:YHWH,Other Tanakh
219058,1424962,469693,Isaiah,22,5,שוע,nmpr,gens,F:unclassified-name,Other Tanakh
219059,1424962,469693,Isaiah,22,5,אל,prep,,C:divine-title-candidate,Other Tanakh
219063,1424963,469694,Isaiah,22,6,עילם,nmpr,"pers,gens,topo",F:unclassified-name,Other Tanakh
219071,1424963,469695,Isaiah,22,6,קיר,nmpr,topo,F:unclassified-name,Other Tanakh
219091,1424965,469699,Isaiah,22,8,יהודה,nmpr,"pers,gens,topo",F:unclassified-name,Other Tanakh
219099,1424965,469700,Isaiah,22,8,אל,prep,,C:divine-title-candidate,Other Tanakh
219108,1424966,469701,Isaiah,22,9,דוד,nmpr,pers,A:person-candidate,Other Tanakh
219123,1424967,469704,Isaiah,22,10,ירושלם,nmpr,topo,F:unclassified-name,Other Tanakh
219148,1424968,469708,Isaiah,22,11,אל,prep,,C:divine-title-candidate,Other Tanakh
219158,1424969,469711,Isaiah,22,12,אדני,nmpr,pers,C:divine-title-candidate,Other Tanakh
219159,1424969,469711,Isaiah,22,12,יהוה,nmpr,pers,E:YHWH,Other Tanakh
219203,1424971,469721,Isaiah,22,14,יהוה,nmpr,pers,E:YHWH,Other Tanakh
219215,1424971,469724,Isaiah,22,14,אדני,nmpr,pers,C:divine-title-candidate,Other Tanakh
219216,1424971,469724,Isaiah,22,14,יהוה,nmpr,pers,E:YHWH,Other Tanakh
219220,1424972,469725,Isaiah,22,15,אדני,nmpr,pers,C:divine-title-candidate,Other Tanakh
219221,1424972,469725,Isaiah,22,15,יהוה,nmpr,pers,E:YHWH,Other Tanakh
219225,1424972,469727,Isaiah,22,15,אל,prep,,C:divine-title-candidate,Other Tanakh
219231,1424972,469727,Isaiah,22,15,שבנא,nmpr,pers,A:person-candidate,Other Tanakh
219258,1424974,469734,Isaiah,22,17,יהוה,nmpr,pers,E:YHWH,Other Tanakh
219271,1424975,469738,Isaiah,22,18,אל,prep,,C:divine-title-candidate,Other Tanakh
219304,1424977,469744,Isaiah,22,20,אליקים,nmpr,pers,A:person-candidate,Other Tanakh
219306,1424977,469744,Isaiah,22,20,חלקיהו,nmpr,pers,A:person-candidate,Other Tanakh
219324,1424978,469748,Isaiah,22,21,ירושלם,nmpr,topo,F:unclassified-name,Other Tanakh
219328,1424978,469748,Isaiah,22,21,יהודה,nmpr,"pers,gens,topo",F:unclassified-name,Other Tanakh
219333,1424979,469749,Isaiah,22,22,דוד,nmpr,pers,A:person-candidate,Other Tanakh
219392,1424982,469758,Isaiah,22,25,יהוה,nmpr,pers,E:YHWH,Other Tanakh
219413,1424982,469764,Isaiah,22,25,יהוה,nmpr,pers,E:YHWH,Other Tanakh
219416,1424983,469765,Isaiah,23,1,צר,nmpr,topo,F:unclassified-name,Other Tanakh
219419,1424983,469767,Isaiah,23,1,תרשיש,nmpr,topo,F:unclassified-name,Other Tanakh
219435,1424984,469773,Isaiah,23,2,צידון,nmpr,topo,F:unclassified-name,Other Tanakh
219444,1424985,469775,Isaiah,23,3,שיחור,nmpr,topo,F:unclassified-name,Other Tanakh
219446,1424985,469776,Isaiah,23,3,יאר,nmpr,topo,F:unclassified-name,Other Tanakh
219453,1424986,469779,Isaiah,23,4,צידון,nmpr,topo,F:unclassified-name,Other Tanakh
219477,1424987,469786,Isaiah,23,5,מצרים,nmpr,topo,F:unclassified-name,Other Tanakh
219481,1424987,469787,Isaiah,23,5,צר,nmpr,topo,F:unclassified-name,Other Tanakh
219483,1424988,469788,Isaiah,23,6,תרשיש,nmpr,topo,F:unclassified-name,Other Tanakh
219505,1424990,469795,Isaiah,23,8,צר,nmpr,topo,F:unclassified-name,Other Tanakh
219514,1424991,469798,Isaiah,23,9,יהוה,nmpr,pers,E:YHWH,Other Tanakh
219531,1424992,469801,Isaiah,23,10,יאר,nmpr,topo,F:unclassified-name,Other Tanakh
219533,1424992,469802,Isaiah,23,10,תרשיש,nmpr,topo,F:unclassified-name,Other Tanakh
219544,1424993,469806,Isaiah,23,11,יהוה,nmpr,pers,E:YHWH,Other Tanakh
219546,1424993,469806,Isaiah,23,11,אל,prep,,C:divine-title-candidate,Other Tanakh
219547,1424993,469806,Isaiah,23,11,כנען,nmpr,"pers,gens,topo",F:unclassified-name,Other Tanakh
219562,1424994,469811,Isaiah,23,12,צידון,nmpr,topo,F:unclassified-name,Other Tanakh
219579,1424995,469818,Isaiah,23,13,אשור,nmpr,topo,F:unclassified-name,Other Tanakh
219592,1424996,469823,Isaiah,23,14,תרשיש,nmpr,topo,F:unclassified-name,Other Tanakh
219605,1424997,469826,Isaiah,23,15,צר,nmpr,topo,F:unclassified-name,Other Tanakh
219610,1424997,469826,Isaiah,23,15,מלך,subs,,B:deity-candidate,Other Tanakh
219618,1424997,469827,Isaiah,23,15,צר,nmpr,topo,F:unclassified-name,Other Tanakh
219642,1424999,469837,Isaiah,23,17,יהוה,nmpr,pers,E:YHWH,Other Tanakh
219644,1424999,469837,Isaiah,23,17,צר,nmpr,topo,F:unclassified-name,Other Tanakh
219667,1425000,469840,Isaiah,23,18,יהוה,nmpr,pers,E:YHWH,Other Tanakh
219679,1425000,469844,Isaiah,23,18,יהוה,nmpr,pers,E:YHWH,Other Tanakh
219691,1425001,469847,Isaiah,24,1,יהוה,nmpr,pers,E:YHWH,Other Tanakh
219749,1425003,469860,Isaiah,24,3,יהוה,nmpr,pers,E:YHWH,Other Tanakh
219883,1425014,469896,Isaiah,24,14,יהוה,nmpr,pers,E:YHWH,Other Tanakh
219893,1425015,469897,Isaiah,24,15,יהוה,nmpr,pers,E:YHWH,Other Tanakh
219899,1425015,469898,Isaiah,24,15,יהוה,nmpr,pers,E:YHWH,Other Tanakh
219900,1425015,469898,Isaiah,24,15,אלהים,subs,,D:Elohim,Other Tanakh
219901,1425015,469898,Isaiah,24,15,ישראל,nmpr,"pers,gens,topo",F:unclassified-name,Other Tanakh
219944,1425018,469910,Isaiah,24,18,אל,prep,,C:divine-title-candidate,Other Tanakh
220006,1425021,469926,Isaiah,24,21,יהוה,nmpr,pers,E:YHWH,Other Tanakh
220016,1425021,469927,Isaiah,24,21,מלך,subs,,B:deity-candidate,Other Tanakh
220046,1425023,469933,Isaiah,24,23,מלך,verb,,B:deity-candidate,Other Tanakh
220047,1425023,469933,Isaiah,24,23,יהוה,nmpr,pers,E:YHWH,Other Tanakh
220051,1425023,469933,Isaiah,24,23,ציון,nmpr,topo,F:unclassified-name,Other Tanakh
220054,1425023,469933,Isaiah,24,23,ירושלם,nmpr,topo,F:unclassified-name,Other Tanakh
220059,1425024,469935,Isaiah,25,1,יהוה,nmpr,pers,E:YHWH,Other Tanakh
220060,1425024,469936,Isaiah,25,1,אלהים,subs,,D:Elohim,Other Tanakh
220143,1425029,469954,Isaiah,25,6,יהוה,nmpr,pers,E:YHWH,Other Tanakh
220194,1425031,469958,Isaiah,25,8,אדני,nmpr,pers,C:divine-title-candidate,Other Tanakh
220195,1425031,469958,Isaiah,25,8,יהוה,nmpr,pers,E:YHWH,Other Tanakh
220211,1425031,469960,Isaiah,25,8,יהוה,nmpr,pers,E:YHWH,Other Tanakh
220221,1425032,469962,Isaiah,25,9,אלהים,subs,,D:Elohim,Other Tanakh
220228,1425032,469965,Isaiah,25,9,יהוה,nmpr,pers,E:YHWH,Other Tanakh
220239,1425033,469969,Isaiah,25,10,יהוה,nmpr,pers,E:YHWH,Other Tanakh
220247,1425033,469970,Isaiah,25,10,מואב,nmpr,"pers,gens,topo",F:unclassified-name,Other Tanakh
220296,1425036,469979,Isaiah,26,1,יהודה,nmpr,"pers,gens,topo",F:unclassified-name,Other Tanakh
220323,1425039,469987,Isaiah,26,4,יהוה,nmpr,pers,E:YHWH,Other Tanakh
220328,1425039,469988,Isaiah,26,4,יה,nmpr,pers,A:person-candidate,Other Tanakh
220329,1425039,469988,Isaiah,26,4,יהוה,nmpr,pers,E:YHWH,Other Tanakh
220363,1425043,469998,Isaiah,26,8,יהוה,nmpr,pers,E:YHWH,Other Tanakh
220406,1425045,470009,Isaiah,26,10,יהוה,nmpr,pers,E:YHWH,Other Tanakh
220407,1425046,470010,Isaiah,26,11,יהוה,nmpr,pers,E:YHWH,Other Tanakh
220421,1425047,470016,Isaiah,26,12,יהוה,nmpr,pers,E:YHWH,Other Tanakh
220431,1425048,470019,Isaiah,26,13,יהוה,nmpr,pers,E:YHWH,Other Tanakh
220432,1425048,470019,Isaiah,26,13,אלהים,subs,,D:Elohim,Other Tanakh
220433,1425048,470020,Isaiah,26,13,בעל,verb,,B:deity-candidate,Other Tanakh
220460,1425050,470028,Isaiah,26,15,יהוה,nmpr,pers,E:YHWH,Other Tanakh
220470,1425051,470032,Isaiah,26,16,יהוה,nmpr,pers,E:YHWH,Other Tanakh
220492,1425052,470041,Isaiah,26,17,יהוה,nmpr,pers,E:YHWH,Other Tanakh
220542,1425056,470060,Isaiah,26,21,יהוה,nmpr,pers,E:YHWH,Other Tanakh
220571,1425057,470064,Isaiah,27,1,יהוה,nmpr,pers,E:YHWH,Other Tanakh
220610,1425059,470069,Isaiah,27,3,יהוה,nmpr,pers,E:YHWH,Other Tanakh
220649,1425062,470081,Isaiah,27,6,יעקב,nmpr,pers,A:person-candidate,Other Tanakh
220653,1425062,470083,Isaiah,27,6,ישראל,nmpr,"pers,gens,topo",F:unclassified-name,Other Tanakh
220687,1425065,470091,Isaiah,27,9,יעקב,nmpr,pers,A:person-candidate,Other Tanakh
220758,1425068,470109,Isaiah,27,12,יהוה,nmpr,pers,E:YHWH,Other Tanakh
220765,1425068,470109,Isaiah,27,12,מצרים,nmpr,topo,F:unclassified-name,Other Tanakh
220773,1425068,470111,Isaiah,27,12,ישראל,nmpr,"pers,gens,topo",F:unclassified-name,Other Tanakh
220791,1425069,470115,Isaiah,27,13,אשור,nmpr,topo,F:unclassified-name,Other Tanakh
220797,1425069,470116,Isaiah,27,13,מצרים,nmpr,topo,F:unclassified-name,Other Tanakh
220801,1425069,470117,Isaiah,27,13,יהוה,nmpr,pers,E:YHWH,Other Tanakh
220807,1425069,470117,Isaiah,27,13,ירושלם,nmpr,topo,F:unclassified-name,Other Tanakh
220812,1425070,470118,Isaiah,28,1,אפרים,nmpr,"pers,gens,topo",F:unclassified-name,Other Tanakh
220830,1425071,470121,Isaiah,28,2,אדני,nmpr,pers,C:divine-title-candidate,Other Tanakh
220853,1425072,470123,Isaiah,28,3,אפרים,nmpr,"pers,gens,topo",F:unclassified-name,Other Tanakh
220886,1425074,470129,Isaiah,28,5,יהוה,nmpr,pers,E:YHWH,Other Tanakh
220996,1425080,470152,Isaiah,28,11,אל,prep,,C:divine-title-candidate,Other Tanakh
221003,1425081,470153,Isaiah,28,12,אל,prep,,C:divine-title-candidate,Other Tanakh
221023,1425082,470159,Isaiah,28,13,יהוה,nmpr,pers,E:YHWH,Other Tanakh
221054,1425083,470171,Isaiah,28,14,יהוה,nmpr,pers,E:YHWH,Other Tanakh
221064,1425083,470174,Isaiah,28,14,ירושלם,nmpr,topo,F:unclassified-name,Other Tanakh
221073,1425084,470177,Isaiah,28,15,שאול,subs,,A:person-candidate,Other Tanakh
221094,1425085,470184,Isaiah,28,16,אדני,nmpr,pers,C:divine-title-candidate,Other Tanakh
221095,1425085,470184,Isaiah,28,16,יהוה,nmpr,pers,E:YHWH,Other Tanakh
221099,1425085,470185,Isaiah,28,16,ציון,nmpr,topo,F:unclassified-name,Other Tanakh
221137,1425087,470193,Isaiah,28,18,שאול,subs,,A:person-candidate,Other Tanakh
221190,1425090,470206,Isaiah,28,21,פרצים,nmpr,topo,F:unclassified-name,Other Tanakh
221192,1425090,470206,Isaiah,28,21,יהוה,nmpr,pers,E:YHWH,Other Tanakh
221196,1425090,470207,Isaiah,28,21,גבעון,nmpr,topo,F:unclassified-name,Other Tanakh
221211,1425091,470213,Isaiah,28,22,אל,nega,,C:divine-title-candidate,Other Tanakh
221223,1425091,470215,Isaiah,28,22,אדני,nmpr,pers,C:divine-title-candidate,Other Tanakh
221224,1425091,470215,Isaiah,28,22,יהוה,nmpr,pers,E:YHWH,Other Tanakh
221277,1425095,470232,Isaiah,28,26,אלהים,subs,,D:Elohim,Other Tanakh
221323,1425098,470241,Isaiah,28,29,יהוה,nmpr,pers,E:YHWH,Other Tanakh
221331,1425099,470244,Isaiah,29,1,אריאל,nmpr,topo,F:unclassified-name,Other Tanakh
221332,1425099,470244,Isaiah,29,1,אריאל,nmpr,topo,F:unclassified-name,Other Tanakh
221335,1425099,470245,Isaiah,29,1,דוד,nmpr,pers,A:person-candidate,Other Tanakh
221345,1425100,470248,Isaiah,29,2,אריאל,nmpr,topo,F:unclassified-name,Other Tanakh
221355,1425100,470250,Isaiah,29,2,אריאל,nmpr,topo,F:unclassified-name,Other Tanakh
221412,1425104,470262,Isaiah,29,6,יהוה,nmpr,pers,E:YHWH,Other Tanakh
221443,1425105,470264,Isaiah,29,7,אריאל,nmpr,topo,F:unclassified-name,Other Tanakh
221495,1425106,470279,Isaiah,29,8,ציון,nmpr,topo,F:unclassified-name,Other Tanakh
221513,1425108,470288,Isaiah,29,10,יהוה,nmpr,pers,E:YHWH,Other Tanakh
221544,1425109,470292,Isaiah,29,11,אל,prep,,C:divine-title-candidate,Other Tanakh
221580,1425111,470304,Isaiah,29,13,אדני,nmpr,pers,C:divine-title-candidate,Other Tanakh
221630,1425113,470315,Isaiah,29,15,יהוה,nmpr,pers,E:YHWH,Other Tanakh
221674,1425115,470328,Isaiah,29,17,לבנון,nmpr,topo,F:unclassified-name,Other Tanakh
221709,1425117,470332,Isaiah,29,19,יהוה,nmpr,pers,E:YHWH,Other Tanakh
221716,1425117,470333,Isaiah,29,19,ישראל,nmpr,"pers,gens,topo",F:unclassified-name,Other Tanakh
221750,1425120,470341,Isaiah,29,22,יהוה,nmpr,pers,E:YHWH,Other Tanakh
221751,1425120,470341,Isaiah,29,22,אל,prep,,C:divine-title-candidate,Other Tanakh
221753,1425120,470341,Isaiah,29,22,יעקב,nmpr,pers,A:person-candidate,Other Tanakh
221757,1425120,470342,Isaiah,29,22,אברהם,nmpr,pers,A:person-candidate,Other Tanakh
221761,1425120,470343,Isaiah,29,22,יעקב,nmpr,pers,A:person-candidate,Other Tanakh
221781,1425121,470347,Isaiah,29,23,יעקב,nmpr,pers,A:person-candidate,Other Tanakh
221784,1425121,470348,Isaiah,29,23,אלהים,subs,,D:Elohim,Other Tanakh
221785,1425121,470348,Isaiah,29,23,ישראל,nmpr,"pers,gens,topo",F:unclassified-name,Other Tanakh
221800,1425123,470353,Isaiah,30,1,יהוה,nmpr,pers,E:YHWH,Other Tanakh
221823,1425124,470360,Isaiah,30,2,מצרים,nmpr,topo,F:unclassified-name,Other Tanakh
221838,1425124,470363,Isaiah,30,2,מצרים,nmpr,topo,F:unclassified-name,Other Tanakh
221851,1425125,470365,Isaiah,30,3,מצרים,nmpr,topo,F:unclassified-name,Other Tanakh
221857,1425126,470366,Isaiah,30,4,צען,nmpr,topo,F:unclassified-name,Other Tanakh
221861,1425126,470367,Isaiah,30,4,חנס,nmpr,topo,F:unclassified-name,Other Tanakh
221915,1425129,470381,Isaiah,30,7,מצרים,nmpr,topo,F:unclassified-name,Other Tanakh
221924,1425129,470383,Isaiah,30,7,רהב,nmpr,topo,F:unclassified-name,Other Tanakh
221957,1425131,470393,Isaiah,30,9,יהוה,nmpr,pers,E:YHWH,Other Tanakh
221989,1425133,470402,Isaiah,30,11,ישראל,nmpr,"pers,gens,topo",F:unclassified-name,Other Tanakh
221994,1425134,470404,Isaiah,30,12,ישראל,nmpr,"pers,gens,topo",F:unclassified-name,Other Tanakh
222060,1425137,470417,Isaiah,30,15,אדני,nmpr,pers,C:divine-title-candidate,Other Tanakh
222061,1425137,470417,Isaiah,30,15,יהוה,nmpr,pers,E:YHWH,Other Tanakh
222063,1425137,470417,Isaiah,30,15,ישראל,nmpr,"pers,gens,topo",F:unclassified-name,Other Tanakh
222128,1425140,470431,Isaiah,30,18,יהוה,nmpr,pers,E:YHWH,Other Tanakh
222137,1425140,470435,Isaiah,30,18,אלהים,subs,,D:Elohim,Other Tanakh
222139,1425140,470435,Isaiah,30,18,יהוה,nmpr,pers,E:YHWH,Other Tanakh
222147,1425141,470439,Isaiah,30,19,ציון,nmpr,topo,F:unclassified-name,Other Tanakh
222150,1425141,470440,Isaiah,30,19,ירושלם,nmpr,topo,F:unclassified-name,Other Tanakh
222165,1425142,470445,Isaiah,30,20,אדני,nmpr,pers,C:divine-title-candidate,Other Tanakh
222310,1425148,470469,Isaiah,30,26,יהוה,nmpr,pers,E:YHWH,Other Tanakh
222320,1425149,470471,Isaiah,30,27,יהוה,nmpr,pers,E:YHWH,Other Tanakh
222378,1425151,470484,Isaiah,30,29,יהוה,nmpr,pers,E:YHWH,Other Tanakh
222379,1425151,470484,Isaiah,30,29,אל,prep,,C:divine-title-candidate,Other Tanakh
222381,1425151,470484,Isaiah,30,29,ישראל,nmpr,"pers,gens,topo",F:unclassified-name,Other Tanakh
222384,1425152,470485,Isaiah,30,30,יהוה,nmpr,pers,E:YHWH,Other Tanakh
222408,1425153,470487,Isaiah,30,31,יהוה,nmpr,pers,E:YHWH,Other Tanakh
222410,1425153,470487,Isaiah,30,31,אשור,nmpr,topo,F:unclassified-name,Other Tanakh
222423,1425154,470490,Isaiah,30,32,יהוה,nmpr,pers,E:YHWH,Other Tanakh
222445,1425155,470493,Isaiah,30,33,מלך,subs,,B:deity-candidate,Other Tanakh
222455,1425155,470497,Isaiah,30,33,יהוה,nmpr,pers,E:YHWH,Other Tanakh
222464,1425156,470499,Isaiah,31,1,מצרים,nmpr,topo,F:unclassified-name,Other Tanakh
222487,1425156,470505,Isaiah,31,1,ישראל,nmpr,"pers,gens,topo",F:unclassified-name,Other Tanakh
222490,1425156,470506,Isaiah,31,1,יהוה,nmpr,pers,E:YHWH,Other Tanakh
222516,1425158,470511,Isaiah,31,3,מצרים,nmpr,topo,F:unclassified-name,Other Tanakh
222520,1425158,470512,Isaiah,31,3,אל,subs,,C:divine-title-candidate,Other Tanakh
222528,1425158,470515,Isaiah,31,3,יהוה,nmpr,pers,E:YHWH,Other Tanakh
222544,1425159,470519,Isaiah,31,4,יהוה,nmpr,pers,E:YHWH,Other Tanakh
222545,1425159,470519,Isaiah,31,4,אל,prep,,C:divine-title-candidate,Other Tanakh
222572,1425159,470524,Isaiah,31,4,יהוה,nmpr,pers,E:YHWH,Other Tanakh
222578,1425159,470524,Isaiah,31,4,ציון,nmpr,topo,F:unclassified-name,Other Tanakh
222587,1425160,470527,Isaiah,31,5,יהוה,nmpr,pers,E:YHWH,Other Tanakh
222590,1425160,470527,Isaiah,31,5,ירושלם,nmpr,topo,F:unclassified-name,Other Tanakh
222603,1425161,470534,Isaiah,31,6,ישראל,nmpr,"pers,gens,topo",F:unclassified-name,Other Tanakh
222624,1425163,470537,Isaiah,31,8,אשור,nmpr,topo,F:unclassified-name,Other Tanakh
222656,1425164,470543,Isaiah,31,9,יהוה,nmpr,pers,E:YHWH,Other Tanakh
222661,1425164,470544,Isaiah,31,9,ציון,nmpr,topo,F:unclassified-name,Other Tanakh
222666,1425164,470545,Isaiah,31,9,ירושלם,nmpr,topo,F:unclassified-name,Other Tanakh
222670,1425165,470546,Isaiah,32,1,מלך,verb,,B:deity-candidate,Other Tanakh
222671,1425165,470546,Isaiah,32,1,מלך,subs,,B:deity-candidate,Other Tanakh
222747,1425170,470563,Isaiah,32,6,אל,prep,,C:divine-title-candidate,Other Tanakh
222748,1425170,470563,Isaiah,32,6,יהוה,nmpr,pers,E:YHWH,Other Tanakh
222844,1425178,470596,Isaiah,32,14,עפל,nmpr,topo,F:unclassified-name,Other Tanakh
222963,1425186,470624,Isaiah,33,2,יהוה,nmpr,pers,E:YHWH,Other Tanakh
222998,1425189,470633,Isaiah,33,5,יהוה,nmpr,pers,E:YHWH,Other Tanakh
223003,1425189,470635,Isaiah,33,5,ציון,nmpr,topo,F:unclassified-name,Other Tanakh
223017,1425190,470638,Isaiah,33,6,יהוה,nmpr,pers,E:YHWH,Other Tanakh
223044,1425193,470649,Isaiah,33,9,לבנון,nmpr,topo,F:unclassified-name,Other Tanakh
223048,1425193,470651,Isaiah,33,9,שרון,nmpr,topo,F:unclassified-name,Other Tanakh
223054,1425193,470652,Isaiah,33,9,בשן,nmpr,topo,F:unclassified-name,Other Tanakh
223056,1425193,470652,Isaiah,33,9,כרמל,nmpr,topo,F:unclassified-name,Other Tanakh
223060,1425194,470654,Isaiah,33,10,יהוה,nmpr,pers,E:YHWH,Other Tanakh
223093,1425198,470669,Isaiah,33,14,ציון,nmpr,topo,F:unclassified-name,Other Tanakh
223146,1425201,470686,Isaiah,33,17,מלך,subs,,B:deity-candidate,Other Tanakh
223181,1425204,470698,Isaiah,33,20,ציון,nmpr,topo,F:unclassified-name,Other Tanakh
223186,1425204,470699,Isaiah,33,20,ירושלם,nmpr,topo,F:unclassified-name,Other Tanakh
223206,1425205,470703,Isaiah,33,21,יהוה,nmpr,pers,E:YHWH,Other Tanakh
223224,1425206,470707,Isaiah,33,22,יהוה,nmpr,pers,E:YHWH,Other Tanakh
223226,1425206,470708,Isaiah,33,22,יהוה,nmpr,pers,E:YHWH,Other Tanakh
223228,1425206,470709,Isaiah,33,22,יהוה,nmpr,pers,E:YHWH,Other Tanakh
223229,1425206,470709,Isaiah,33,22,מלך,subs,,B:deity-candidate,Other Tanakh
223280,1425210,470728,Isaiah,34,2,יהוה,nmpr,pers,E:YHWH,Other Tanakh
223342,1425213,470742,Isaiah,34,5,אדום,nmpr,topo,F:unclassified-name,Other Tanakh
223352,1425214,470744,Isaiah,34,6,יהוה,nmpr,pers,E:YHWH,Other Tanakh
223370,1425214,470746,Isaiah,34,6,יהוה,nmpr,pers,E:YHWH,Other Tanakh
223372,1425214,470746,Isaiah,34,6,בצרה,nmpr,topo,F:unclassified-name,Other Tanakh
223378,1425214,470747,Isaiah,34,6,אדום,nmpr,topo,F:unclassified-name,Other Tanakh
223401,1425216,470752,Isaiah,34,8,יהוה,nmpr,pers,E:YHWH,Other Tanakh
223406,1425216,470752,Isaiah,34,8,ציון,nmpr,topo,F:unclassified-name,Other Tanakh
223528,1425224,470779,Isaiah,34,16,יהוה,nmpr,pers,E:YHWH,Other Tanakh
223590,1425227,470797,Isaiah,35,2,לבנון,nmpr,topo,F:unclassified-name,Other Tanakh
223595,1425227,470797,Isaiah,35,2,כרמל,nmpr,topo,F:unclassified-name,Other Tanakh
223598,1425227,470797,Isaiah,35,2,שרון,nmpr,topo,F:unclassified-name,Other Tanakh
223602,1425227,470798,Isaiah,35,2,יהוה,nmpr,pers,E:YHWH,Other Tanakh
223604,1425227,470798,Isaiah,35,2,אלהים,subs,,D:Elohim,Other Tanakh
223617,1425229,470803,Isaiah,35,4,אל,nega,,C:divine-title-candidate,Other Tanakh
223620,1425229,470804,Isaiah,35,4,אלהים,subs,,D:Elohim,Other Tanakh
223624,1425229,470804,Isaiah,35,4,אלהים,subs,,D:Elohim,Other Tanakh
223719,1425235,470827,Isaiah,35,10,יהוה,nmpr,pers,E:YHWH,Other Tanakh
223723,1425235,470828,Isaiah,35,10,ציון,nmpr,topo,F:unclassified-name,Other Tanakh
223748,1425236,470832,Isaiah,36,1,מלך,subs,,B:deity-candidate,Other Tanakh
223749,1425236,470832,Isaiah,36,1,חזקיהו,nmpr,pers,A:person-candidate,Other Tanakh
223751,1425236,470833,Isaiah,36,1,סנחריב,nmpr,pers,A:person-candidate,Other Tanakh
223752,1425236,470833,Isaiah,36,1,מלך,subs,,B:deity-candidate,Other Tanakh
223753,1425236,470833,Isaiah,36,1,אשור,nmpr,topo,F:unclassified-name,Other Tanakh
223757,1425236,470833,Isaiah,36,1,יהודה,nmpr,"pers,gens,topo",F:unclassified-name,Other Tanakh
223764,1425237,470835,Isaiah,36,2,מלך,subs,,B:deity-candidate,Other Tanakh
223765,1425237,470835,Isaiah,36,2,אשור,nmpr,topo,F:unclassified-name,Other Tanakh
223769,1425237,470835,Isaiah,36,2,לכיש,nmpr,topo,F:unclassified-name,Other Tanakh
223770,1425237,470835,Isaiah,36,2,ירושלם,nmpr,topo,F:unclassified-name,Other Tanakh
223771,1425237,470835,Isaiah,36,2,אל,prep,,C:divine-title-candidate,Other Tanakh
223773,1425237,470835,Isaiah,36,2,מלך,subs,,B:deity-candidate,Other Tanakh
223774,1425237,470835,Isaiah,36,2,חזקיהו,nmpr,pers,A:person-candidate,Other Tanakh
223785,1425237,470836,Isaiah,36,2,עליון,adjv,,C:divine-title-candidate,Other Tanakh
223792,1425238,470837,Isaiah,36,3,אל,prep,,C:divine-title-candidate,Other Tanakh
223793,1425238,470837,Isaiah,36,3,אליקים,nmpr,pers,A:person-candidate,Other Tanakh
223795,1425238,470837,Isaiah,36,3,חלקיהו,nmpr,pers,A:person-candidate,Other Tanakh
223801,1425238,470837,Isaiah,36,3,שבנא,nmpr,pers,A:person-candidate,Other Tanakh
223805,1425238,470837,Isaiah,36,3,יואח,nmpr,pers,A:person-candidate,Other Tanakh
223807,1425238,470837,Isaiah,36,3,אסף,nmpr,pers,A:person-candidate,Other Tanakh
223812,1425239,470839,Isaiah,36,4,אל,prep,,C:divine-title-candidate,Other Tanakh
223816,1425239,470840,Isaiah,36,4,אל,prep,,C:divine-title-candidate,Other Tanakh
223817,1425239,470840,Isaiah,36,4,חזקיהו,nmpr,pers,A:person-candidate,Other Tanakh
223821,1425239,470841,Isaiah,36,4,מלך,subs,,B:deity-candidate,Other Tanakh
223824,1425239,470841,Isaiah,36,4,מלך,subs,,B:deity-candidate,Other Tanakh
223825,1425239,470841,Isaiah,36,4,אשור,nmpr,topo,F:unclassified-name,Other Tanakh
223861,1425241,470848,Isaiah,36,6,מצרים,nmpr,topo,F:unclassified-name,Other Tanakh
223874,1425241,470852,Isaiah,36,6,מלך,subs,,B:deity-candidate,Other Tanakh
223875,1425241,470852,Isaiah,36,6,מצרים,nmpr,topo,F:unclassified-name,Other Tanakh
223884,1425242,470854,Isaiah,36,7,אל,prep,,C:divine-title-candidate,Other Tanakh
223885,1425242,470855,Isaiah,36,7,אל,prep,,C:divine-title-candidate,Other Tanakh
223886,1425242,470855,Isaiah,36,7,יהוה,nmpr,pers,E:YHWH,Other Tanakh
223887,1425242,470855,Isaiah,36,7,אלהים,subs,,D:Elohim,Other Tanakh
223894,1425242,470857,Isaiah,36,7,חזקיהו,nmpr,pers,A:person-candidate,Other Tanakh
223903,1425242,470858,Isaiah,36,7,יהודה,nmpr,"pers,gens,topo",F:unclassified-name,Other Tanakh
223906,1425242,470858,Isaiah,36,7,ירושלם,nmpr,topo,F:unclassified-name,Other Tanakh
223921,1425243,470861,Isaiah,36,8,מלך,subs,,B:deity-candidate,Other Tanakh
223922,1425243,470861,Isaiah,36,8,אשור,nmpr,topo,F:unclassified-name,Other Tanakh
223950,1425244,470866,Isaiah,36,9,מצרים,nmpr,topo,F:unclassified-name,Other Tanakh
223961,1425245,470868,Isaiah,36,10,יהוה,nmpr,pers,E:YHWH,Other Tanakh
223970,1425245,470870,Isaiah,36,10,יהוה,nmpr,pers,E:YHWH,Other Tanakh
223972,1425245,470870,Isaiah,36,10,אל,prep,,C:divine-title-candidate,Other Tanakh
223974,1425245,470871,Isaiah,36,10,אל,prep,,C:divine-title-candidate,Other Tanakh
223983,1425246,470873,Isaiah,36,11,אליקים,nmpr,pers,A:person-candidate,Other Tanakh
223985,1425246,470873,Isaiah,36,11,שבנא,nmpr,pers,A:person-candidate,Other Tanakh
223987,1425246,470873,Isaiah,36,11,יואח,nmpr,pers,A:person-candidate,Other Tanakh
223988,1425246,470873,Isaiah,36,11,אל,prep,,C:divine-title-candidate,Other Tanakh
223992,1425246,470874,Isaiah,36,11,אל,prep,,C:divine-title-candidate,Other Tanakh
223999,1425246,470876,Isaiah,36,11,אל,nega,,C:divine-title-candidate,Other Tanakh
224001,1425246,470876,Isaiah,36,11,אל,prep,,C:divine-title-candidate,Other Tanakh
224015,1425247,470879,Isaiah,36,12,אל,prep,,C:divine-title-candidate,Other Tanakh
224018,1425247,470879,Isaiah,36,12,אל,prep,,C:divine-title-candidate,Other Tanakh
224064,1425248,470888,Isaiah,36,13,מלך,subs,,B:deity-candidate,Other Tanakh
224067,1425248,470888,Isaiah,36,13,מלך,subs,,B:deity-candidate,Other Tanakh
224068,1425248,470888,Isaiah,36,13,אשור,nmpr,topo,F:unclassified-name,Other Tanakh
224072,1425249,470889,Isaiah,36,14,מלך,subs,,B:deity-candidate,Other Tanakh
224073,1425249,470890,Isaiah,36,14,אל,nega,,C:divine-title-candidate,Other Tanakh
224076,1425249,470890,Isaiah,36,14,חזקיהו,nmpr,pers,A:person-candidate,Other Tanakh
224084,1425250,470893,Isaiah,36,15,אל,nega,,C:divine-title-candidate,Other Tanakh
224087,1425250,470893,Isaiah,36,15,חזקיהו,nmpr,pers,A:person-candidate,Other Tanakh
224088,1425250,470893,Isaiah,36,15,אל,prep,,C:divine-title-candidate,Other Tanakh
224089,1425250,470893,Isaiah,36,15,יהוה,nmpr,pers,E:YHWH,Other Tanakh
224094,1425250,470895,Isaiah,36,15,יהוה,nmpr,pers,E:YHWH,Other Tanakh
224103,1425250,470896,Isaiah,36,15,מלך,subs,,B:deity-candidate,Other Tanakh
224104,1425250,470896,Isaiah,36,15,אשור,nmpr,topo,F:unclassified-name,Other Tanakh
224105,1425251,470897,Isaiah,36,16,אל,nega,,C:divine-title-candidate,Other Tanakh
224107,1425251,470897,Isaiah,36,16,אל,prep,,C:divine-title-candidate,Other Tanakh
224108,1425251,470897,Isaiah,36,16,חזקיהו,nmpr,pers,A:person-candidate,Other Tanakh
224113,1425251,470898,Isaiah,36,16,מלך,subs,,B:deity-candidate,Other Tanakh
224114,1425251,470898,Isaiah,36,16,אשור,nmpr,topo,F:unclassified-name,Other Tanakh
224120,1425251,470900,Isaiah,36,16,אל,prep,,C:divine-title-candidate,Other Tanakh
224138,1425252,470905,Isaiah,36,17,אל,prep,,C:divine-title-candidate,Other Tanakh
224153,1425253,470906,Isaiah,36,18,חזקיהו,nmpr,pers,A:person-candidate,Other Tanakh
224156,1425253,470908,Isaiah,36,18,יהוה,nmpr,pers,E:YHWH,Other Tanakh
224160,1425253,470909,Isaiah,36,18,אלהים,subs,,D:Elohim,Other Tanakh
224168,1425253,470909,Isaiah,36,18,מלך,subs,,B:deity-candidate,Other Tanakh
224169,1425253,470909,Isaiah,36,18,אשור,nmpr,topo,F:unclassified-name,Other Tanakh
224171,1425254,470911,Isaiah,36,19,אלהים,subs,,D:Elohim,Other Tanakh
224172,1425254,470911,Isaiah,36,19,חמת,nmpr,topo,F:unclassified-name,Other Tanakh
224174,1425254,470911,Isaiah,36,19,ארפד,nmpr,topo,F:unclassified-name,Other Tanakh
224176,1425254,470912,Isaiah,36,19,אלהים,subs,,D:Elohim,Other Tanakh
224177,1425254,470912,Isaiah,36,19,ספרוים,nmpr,topo,F:unclassified-name,Other Tanakh
224182,1425254,470913,Isaiah,36,19,שמרון,nmpr,topo,F:unclassified-name,Other Tanakh
224188,1425255,470914,Isaiah,36,20,אלהים,subs,,D:Elohim,Other Tanakh
224201,1425255,470916,Isaiah,36,20,יהוה,nmpr,pers,E:YHWH,Other Tanakh
224203,1425255,470916,Isaiah,36,20,ירושלם,nmpr,topo,F:unclassified-name,Other Tanakh
224216,1425256,470919,Isaiah,36,21,מלך,subs,,B:deity-candidate,Other Tanakh
224224,1425257,470923,Isaiah,36,22,אליקים,nmpr,pers,A:person-candidate,Other Tanakh
224226,1425257,470923,Isaiah,36,22,חלקיהו,nmpr,pers,A:person-candidate,Other Tanakh
224232,1425257,470923,Isaiah,36,22,שבנא,nmpr,pers,A:person-candidate,Other Tanakh
224236,1425257,470923,Isaiah,36,22,יואח,nmpr,pers,A:person-candidate,Other Tanakh
224238,1425257,470923,Isaiah,36,22,אסף,nmpr,pers,A:person-candidate,Other Tanakh
224241,1425257,470923,Isaiah,36,22,אל,prep,,C:divine-title-candidate,Other Tanakh
224242,1425257,470923,Isaiah,36,22,חזקיהו,nmpr,pers,A:person-candidate,Other Tanakh
224256,1425258,470927,Isaiah,37,1,מלך,subs,,B:deity-candidate,Other Tanakh
224257,1425258,470927,Isaiah,37,1,חזקיהו,nmpr,pers,A:person-candidate,Other Tanakh
224270,1425258,470930,Isaiah,37,1,יהוה,nmpr,pers,E:YHWH,Other Tanakh
224274,1425259,470931,Isaiah,37,2,אליקים,nmpr,pers,A:person-candidate,Other Tanakh
224281,1425259,470931,Isaiah,37,2,שבנא,nmpr,pers,A:person-candidate,Other Tanakh
224293,1425259,470931,Isaiah,37,2,אל,prep,,C:divine-title-candidate,Other Tanakh
224294,1425259,470931,Isaiah,37,2,ישעיהו,nmpr,pers,A:person-candidate,Other Tanakh
224296,1425259,470931,Isaiah,37,2,אמוץ,nmpr,pers,A:person-candidate,Other Tanakh
224301,1425260,470934,Isaiah,37,3,אל,prep,,C:divine-title-candidate,Other Tanakh
224304,1425260,470935,Isaiah,37,3,חזקיהו,nmpr,pers,A:person-candidate,Other Tanakh
224327,1425261,470939,Isaiah,37,4,יהוה,nmpr,pers,E:YHWH,Other Tanakh
224328,1425261,470939,Isaiah,37,4,אלהים,subs,,D:Elohim,Other Tanakh
224334,1425261,470940,Isaiah,37,4,מלך,subs,,B:deity-candidate,Other Tanakh
224335,1425261,470940,Isaiah,37,4,אשור,nmpr,topo,F:unclassified-name,Other Tanakh
224339,1425261,470941,Isaiah,37,4,אלהים,subs,,D:Elohim,Other Tanakh
224348,1425261,470943,Isaiah,37,4,יהוה,nmpr,pers,E:YHWH,Other Tanakh
224349,1425261,470943,Isaiah,37,4,אלהים,subs,,D:Elohim,Other Tanakh
224362,1425262,470945,Isaiah,37,5,מלך,subs,,B:deity-candidate,Other Tanakh
224363,1425262,470945,Isaiah,37,5,חזקיהו,nmpr,pers,A:person-candidate,Other Tanakh
224364,1425262,470945,Isaiah,37,5,אל,prep,,C:divine-title-candidate,Other Tanakh
224365,1425262,470945,Isaiah,37,5,ישעיהו,nmpr,pers,A:person-candidate,Other Tanakh
224368,1425263,470946,Isaiah,37,6,אל,prep,,C:divine-title-candidate,Other Tanakh
224369,1425263,470946,Isaiah,37,6,ישעיהו,nmpr,pers,A:person-candidate,Other Tanakh
224372,1425263,470947,Isaiah,37,6,אל,prep,,C:divine-title-candidate,Other Tanakh
224376,1425263,470948,Isaiah,37,6,יהוה,nmpr,pers,E:YHWH,Other Tanakh
224377,1425263,470949,Isaiah,37,6,אל,nega,,C:divine-title-candidate,Other Tanakh
224388,1425263,470951,Isaiah,37,6,מלך,subs,,B:deity-candidate,Other Tanakh
224389,1425263,470951,Isaiah,37,6,אשור,nmpr,topo,F:unclassified-name,Other Tanakh
224400,1425264,470954,Isaiah,37,7,אל,prep,,C:divine-title-candidate,Other Tanakh
224415,1425265,470957,Isaiah,37,8,מלך,subs,,B:deity-candidate,Other Tanakh
224416,1425265,470957,Isaiah,37,8,אשור,nmpr,topo,F:unclassified-name,Other Tanakh
224419,1425265,470958,Isaiah,37,8,לבנה,nmpr,topo,F:unclassified-name,Other Tanakh
224425,1425265,470960,Isaiah,37,8,לכיש,nmpr,topo,F:unclassified-name,Other Tanakh
224429,1425266,470961,Isaiah,37,9,תרהקה,nmpr,pers,A:person-candidate,Other Tanakh
224430,1425266,470961,Isaiah,37,9,מלך,subs,,B:deity-candidate,Other Tanakh
224431,1425266,470961,Isaiah,37,9,כוש,nmpr,topo,F:unclassified-name,Other Tanakh
224443,1425266,470966,Isaiah,37,9,אל,prep,,C:divine-title-candidate,Other Tanakh
224444,1425266,470966,Isaiah,37,9,חזקיהו,nmpr,pers,A:person-candidate,Other Tanakh
224449,1425267,470968,Isaiah,37,10,אל,prep,,C:divine-title-candidate,Other Tanakh
224450,1425267,470968,Isaiah,37,10,חזקיהו,nmpr,pers,A:person-candidate,Other Tanakh
224451,1425267,470968,Isaiah,37,10,מלך,subs,,B:deity-candidate,Other Tanakh
224452,1425267,470968,Isaiah,37,10,יהודה,nmpr,"pers,gens,topo",F:unclassified-name,Other Tanakh
224455,1425267,470970,Isaiah,37,10,אל,nega,,C:divine-title-candidate,Other Tanakh
224457,1425267,470970,Isaiah,37,10,אלהים,subs,,D:Elohim,Other Tanakh
224466,1425267,470973,Isaiah,37,10,ירושלם,nmpr,topo,F:unclassified-name,Other Tanakh
224469,1425267,470973,Isaiah,37,10,מלך,subs,,B:deity-candidate,Other Tanakh
224470,1425267,470973,Isaiah,37,10,אשור,nmpr,topo,F:unclassified-name,Other Tanakh
224476,1425268,470975,Isaiah,37,11,מלך,subs,,B:deity-candidate,Other Tanakh
224477,1425268,470975,Isaiah,37,11,אשור,nmpr,topo,F:unclassified-name,Other Tanakh
224490,1425269,470978,Isaiah,37,12,אלהים,subs,,D:Elohim,Other Tanakh
224497,1425269,470978,Isaiah,37,12,גוזן,nmpr,topo,F:unclassified-name,Other Tanakh
224500,1425269,470978,Isaiah,37,12,חרן,nmpr,topo,F:unclassified-name,Other Tanakh
224502,1425269,470978,Isaiah,37,12,רצף,nmpr,topo,F:unclassified-name,Other Tanakh
224505,1425269,470978,Isaiah,37,12,עדן,nmpr,topo,F:unclassified-name,Other Tanakh
224508,1425269,470980,Isaiah,37,12,תלאשר,nmpr,topo,F:unclassified-name,Other Tanakh
224510,1425270,470981,Isaiah,37,13,מלך,subs,,B:deity-candidate,Other Tanakh
224511,1425270,470981,Isaiah,37,13,חמת,nmpr,topo,F:unclassified-name,Other Tanakh
224513,1425270,470981,Isaiah,37,13,מלך,subs,,B:deity-candidate,Other Tanakh
224514,1425270,470981,Isaiah,37,13,ארפד,nmpr,topo,F:unclassified-name,Other Tanakh
224516,1425270,470981,Isaiah,37,13,מלך,subs,,B:deity-candidate,Other Tanakh
224520,1425270,470981,Isaiah,37,13,ספרוים,nmpr,topo,F:unclassified-name,Other Tanakh
224521,1425270,470981,Isaiah,37,13,הנע,nmpr,topo,F:unclassified-name,Other Tanakh
224523,1425270,470981,Isaiah,37,13,עוה,nmpr,topo,F:unclassified-name,Other Tanakh
224526,1425271,470982,Isaiah,37,14,חזקיהו,nmpr,pers,A:person-candidate,Other Tanakh
224539,1425271,470984,Isaiah,37,14,יהוה,nmpr,pers,E:YHWH,Other Tanakh
224542,1425271,470985,Isaiah,37,14,חזקיהו,nmpr,pers,A:person-candidate,Other Tanakh
224545,1425271,470985,Isaiah,37,14,יהוה,nmpr,pers,E:YHWH,Other Tanakh
224548,1425272,470986,Isaiah,37,15,חזקיהו,nmpr,pers,A:person-candidate,Other Tanakh
224549,1425272,470986,Isaiah,37,15,אל,prep,,C:divine-title-candidate,Other Tanakh
224550,1425272,470986,Isaiah,37,15,יהוה,nmpr,pers,E:YHWH,Other Tanakh
224553,1425273,470988,Isaiah,37,16,יהוה,nmpr,pers,E:YHWH,Other Tanakh
224555,1425273,470988,Isaiah,37,16,אלהים,subs,,D:Elohim,Other Tanakh
224556,1425273,470988,Isaiah,37,16,ישראל,nmpr,"pers,gens,topo",F:unclassified-name,Other Tanakh
224563,1425273,470990,Isaiah,37,16,אלהים,subs,,D:Elohim,Other Tanakh
224581,1425274,470993,Isaiah,37,17,יהוה,nmpr,pers,E:YHWH,Other Tanakh
224586,1425274,470996,Isaiah,37,17,יהוה,nmpr,pers,E:YHWH,Other Tanakh
224595,1425274,470998,Isaiah,37,17,סנחריב,nmpr,pers,A:person-candidate,Other Tanakh
224600,1425274,471000,Isaiah,37,17,אלהים,subs,,D:Elohim,Other Tanakh
224603,1425275,471001,Isaiah,37,18,יהוה,nmpr,pers,E:YHWH,Other Tanakh
224605,1425275,471002,Isaiah,37,18,מלך,subs,,B:deity-candidate,Other Tanakh
224606,1425275,471002,Isaiah,37,18,אשור,nmpr,topo,F:unclassified-name,Other Tanakh
224617,1425276,471003,Isaiah,37,19,אלהים,subs,,D:Elohim,Other Tanakh
224623,1425276,471004,Isaiah,37,19,אלהים,subs,,D:Elohim,Other Tanakh
224637,1425277,471008,Isaiah,37,20,יהוה,nmpr,pers,E:YHWH,Other Tanakh
224638,1425277,471008,Isaiah,37,20,אלהים,subs,,D:Elohim,Other Tanakh
224650,1425277,471011,Isaiah,37,20,יהוה,nmpr,pers,E:YHWH,Other Tanakh
224655,1425278,471012,Isaiah,37,21,ישעיהו,nmpr,pers,A:person-candidate,Other Tanakh
224657,1425278,471012,Isaiah,37,21,אמוץ,nmpr,pers,A:person-candidate,Other Tanakh
224658,1425278,471012,Isaiah,37,21,אל,prep,,C:divine-title-candidate,Other Tanakh
224659,1425278,471012,Isaiah,37,21,חזקיהו,nmpr,pers,A:person-candidate,Other Tanakh
224664,1425278,471014,Isaiah,37,21,יהוה,nmpr,pers,E:YHWH,Other Tanakh
224665,1425278,471014,Isaiah,37,21,אלהים,subs,,D:Elohim,Other Tanakh
224666,1425278,471014,Isaiah,37,21,ישראל,nmpr,"pers,gens,topo",F:unclassified-name,Other Tanakh
224669,1425278,471015,Isaiah,37,21,אל,prep,,C:divine-title-candidate,Other Tanakh
224670,1425278,471015,Isaiah,37,21,אל,prep,,C:divine-title-candidate,Other Tanakh
224671,1425278,471015,Isaiah,37,21,סנחריב,nmpr,pers,A:person-candidate,Other Tanakh
224672,1425278,471015,Isaiah,37,21,מלך,subs,,B:deity-candidate,Other Tanakh
224673,1425278,471015,Isaiah,37,21,אשור,nmpr,topo,F:unclassified-name,Other Tanakh
224679,1425279,471017,Isaiah,37,22,יהוה,nmpr,pers,E:YHWH,Other Tanakh
224687,1425279,471019,Isaiah,37,22,ציון,nmpr,topo,F:unclassified-name,Other Tanakh
224692,1425279,471020,Isaiah,37,22,ירושלם,nmpr,topo,F:unclassified-name,Other Tanakh
224707,1425280,471025,Isaiah,37,23,אל,prep,,C:divine-title-candidate,Other Tanakh
224709,1425280,471025,Isaiah,37,23,ישראל,nmpr,"pers,gens,topo",F:unclassified-name,Other Tanakh
224714,1425281,471026,Isaiah,37,24,אדני,nmpr,pers,C:divine-title-candidate,Other Tanakh
224725,1425281,471028,Isaiah,37,24,לבנון,nmpr,topo,F:unclassified-name,Other Tanakh
224750,1425282,471033,Isaiah,37,25,מצור,nmpr,topo,F:unclassified-name,Other Tanakh
224804,1425285,471049,Isaiah,37,28,אל,prep,,C:divine-title-candidate,Other Tanakh
224807,1425286,471050,Isaiah,37,29,אל,prep,,C:divine-title-candidate,Other Tanakh
224865,1425288,471063,Isaiah,37,31,יהודה,nmpr,"pers,gens,topo",F:unclassified-name,Other Tanakh
224878,1425289,471065,Isaiah,37,32,ירושלם,nmpr,topo,F:unclassified-name,Other Tanakh
224885,1425289,471066,Isaiah,37,32,ציון,nmpr,topo,F:unclassified-name,Other Tanakh
224887,1425289,471067,Isaiah,37,32,יהוה,nmpr,pers,E:YHWH,Other Tanakh
224894,1425290,471069,Isaiah,37,33,יהוה,nmpr,pers,E:YHWH,Other Tanakh
224895,1425290,471069,Isaiah,37,33,אל,prep,,C:divine-title-candidate,Other Tanakh
224896,1425290,471069,Isaiah,37,33,מלך,subs,,B:deity-candidate,Other Tanakh
224897,1425290,471069,Isaiah,37,33,אשור,nmpr,topo,F:unclassified-name,Other Tanakh
224900,1425290,471070,Isaiah,37,33,אל,prep,,C:divine-title-candidate,Other Tanakh
224927,1425291,471076,Isaiah,37,34,אל,prep,,C:divine-title-candidate,Other Tanakh
224935,1425291,471077,Isaiah,37,34,יהוה,nmpr,pers,E:YHWH,Other Tanakh
224948,1425292,471079,Isaiah,37,35,דוד,nmpr,pers,A:person-candidate,Other Tanakh
224953,1425293,471080,Isaiah,37,36,יהוה,nmpr,pers,E:YHWH,Other Tanakh
224958,1425293,471081,Isaiah,37,36,אשור,nmpr,topo,F:unclassified-name,Other Tanakh
224981,1425294,471086,Isaiah,37,37,סנחריב,nmpr,pers,A:person-candidate,Other Tanakh
224982,1425294,471086,Isaiah,37,37,מלך,subs,,B:deity-candidate,Other Tanakh
224983,1425294,471086,Isaiah,37,37,אשור,nmpr,topo,F:unclassified-name,Other Tanakh
224987,1425294,471087,Isaiah,37,37,נינוה,nmpr,topo,F:unclassified-name,Other Tanakh
224993,1425295,471089,Isaiah,37,38,נסרך,nmpr,pers,A:person-candidate,Other Tanakh
224994,1425295,471089,Isaiah,37,38,אלהים,subs,,D:Elohim,Other Tanakh
224996,1425295,471090,Isaiah,37,38,אדרמלך,nmpr,pers,A:person-candidate,Other Tanakh
224998,1425295,471090,Isaiah,37,38,שראצר,nmpr,pers,A:person-candidate,Other Tanakh
225008,1425295,471091,Isaiah,37,38,אררט,nmpr,topo,F:unclassified-name,Other Tanakh
225010,1425295,471092,Isaiah,37,38,מלך,verb,,B:deity-candidate,Other Tanakh
225011,1425295,471092,Isaiah,37,38,אסר חדן,nmpr,pers,A:person-candidate,Other Tanakh
225020,1425296,471093,Isaiah,38,1,חזקיהו,nmpr,pers,A:person-candidate,Other Tanakh
225025,1425296,471095,Isaiah,38,1,אל,prep,,C:divine-title-candidate,Other Tanakh
225026,1425296,471095,Isaiah,38,1,ישעיהו,nmpr,pers,A:person-candidate,Other Tanakh
225028,1425296,471095,Isaiah,38,1,אמוץ,nmpr,pers,A:person-candidate,Other Tanakh
225033,1425296,471096,Isaiah,38,1,אל,prep,,C:divine-title-candidate,Other Tanakh
225036,1425296,471097,Isaiah,38,1,יהוה,nmpr,pers,E:YHWH,Other Tanakh
225048,1425297,471101,Isaiah,38,2,חזקיהו,nmpr,pers,A:person-candidate,Other Tanakh
225050,1425297,471101,Isaiah,38,2,אל,prep,,C:divine-title-candidate,Other Tanakh
225055,1425297,471102,Isaiah,38,2,אל,prep,,C:divine-title-candidate,Other Tanakh
225056,1425297,471102,Isaiah,38,2,יהוה,nmpr,pers,E:YHWH,Other Tanakh
225060,1425298,471104,Isaiah,38,3,יהוה,nmpr,pers,E:YHWH,Other Tanakh
225082,1425298,471108,Isaiah,38,3,חזקיהו,nmpr,pers,A:person-candidate,Other Tanakh
225088,1425299,471109,Isaiah,38,4,יהוה,nmpr,pers,E:YHWH,Other Tanakh
225089,1425299,471109,Isaiah,38,4,אל,prep,,C:divine-title-candidate,Other Tanakh
225090,1425299,471109,Isaiah,38,4,ישעיהו,nmpr,pers,A:person-candidate,Other Tanakh
225096,1425300,471112,Isaiah,38,5,אל,prep,,C:divine-title-candidate,Other Tanakh
225097,1425300,471112,Isaiah,38,5,חזקיהו,nmpr,pers,A:person-candidate,Other Tanakh
225100,1425300,471113,Isaiah,38,5,יהוה,nmpr,pers,E:YHWH,Other Tanakh
225101,1425300,471113,Isaiah,38,5,אלהים,subs,,D:Elohim,Other Tanakh
225102,1425300,471113,Isaiah,38,5,דוד,nmpr,pers,A:person-candidate,Other Tanakh
225120,1425301,471117,Isaiah,38,6,מלך,subs,,B:deity-candidate,Other Tanakh
225121,1425301,471117,Isaiah,38,6,אשור,nmpr,topo,F:unclassified-name,Other Tanakh
225143,1425302,471120,Isaiah,38,7,יהוה,nmpr,pers,E:YHWH,Other Tanakh
225146,1425302,471121,Isaiah,38,7,יהוה,nmpr,pers,E:YHWH,Other Tanakh
225164,1425303,471124,Isaiah,38,8,אחז,nmpr,pers,A:person-candidate,Other Tanakh
225184,1425304,471127,Isaiah,38,9,חזקיהו,nmpr,pers,A:person-candidate,Other Tanakh
225185,1425304,471127,Isaiah,38,9,מלך,subs,,B:deity-candidate,Other Tanakh
225186,1425304,471127,Isaiah,38,9,יהודה,nmpr,"pers,gens,topo",F:unclassified-name,Other Tanakh
225201,1425305,471131,Isaiah,38,10,שאול,subs,,A:person-candidate,Other Tanakh
225208,1425306,471134,Isaiah,38,11,יה,nmpr,pers,A:person-candidate,Other Tanakh
225209,1425306,471135,Isaiah,38,11,יה,nmpr,pers,A:person-candidate,Other Tanakh
225271,1425309,471150,Isaiah,38,14,אדני,nmpr,pers,C:divine-title-candidate,Other Tanakh
225289,1425311,471157,Isaiah,38,16,אדני,nmpr,pers,C:divine-title-candidate,Other Tanakh
225323,1425313,471165,Isaiah,38,18,שאול,subs,,A:person-candidate,Other Tanakh
225331,1425313,471167,Isaiah,38,18,אל,prep,,C:divine-title-candidate,Other Tanakh
225344,1425314,471170,Isaiah,38,19,אל,prep,,C:divine-title-candidate,Other Tanakh
225346,1425315,471171,Isaiah,38,20,יהוה,nmpr,pers,E:YHWH,Other Tanakh
225357,1425315,471173,Isaiah,38,20,יהוה,nmpr,pers,E:YHWH,Other Tanakh
225360,1425316,471174,Isaiah,38,21,ישעיהו,nmpr,pers,A:person-candidate,Other Tanakh
225373,1425317,471178,Isaiah,38,22,חזקיהו,nmpr,pers,A:person-candidate,Other Tanakh
225379,1425317,471180,Isaiah,38,22,יהוה,nmpr,pers,E:YHWH,Other Tanakh
225386,1425318,471181,Isaiah,39,1,מרדך בלאדן,nmpr,pers,A:person-candidate,Other Tanakh
225388,1425318,471181,Isaiah,39,1,בלאדן,nmpr,pers,A:person-candidate,Other Tanakh
225389,1425318,471181,Isaiah,39,1,מלך,subs,,B:deity-candidate,Other Tanakh
225390,1425318,471181,Isaiah,39,1,בבל,nmpr,topo,F:unclassified-name,Other Tanakh
225394,1425318,471181,Isaiah,39,1,אל,prep,,C:divine-title-candidate,Other Tanakh
225395,1425318,471181,Isaiah,39,1,חזקיהו,nmpr,pers,A:person-candidate,Other Tanakh
225405,1425319,471185,Isaiah,39,2,חזקיהו,nmpr,pers,A:person-candidate,Other Tanakh
225446,1425319,471189,Isaiah,39,2,חזקיהו,nmpr,pers,A:person-candidate,Other Tanakh
225455,1425320,471190,Isaiah,39,3,ישעיהו,nmpr,pers,A:person-candidate,Other Tanakh
225458,1425320,471190,Isaiah,39,3,אל,prep,,C:divine-title-candidate,Other Tanakh
225460,1425320,471190,Isaiah,39,3,מלך,subs,,B:deity-candidate,Other Tanakh
225461,1425320,471190,Isaiah,39,3,חזקיהו,nmpr,pers,A:person-candidate,Other Tanakh
225464,1425320,471191,Isaiah,39,3,אל,prep,,C:divine-title-candidate,Other Tanakh
225475,1425320,471193,Isaiah,39,3,אל,prep,,C:divine-title-candidate,Other Tanakh
225478,1425320,471194,Isaiah,39,3,חזקיהו,nmpr,pers,A:person-candidate,Other Tanakh
225483,1425320,471195,Isaiah,39,3,אל,prep,,C:divine-title-candidate,Other Tanakh
225485,1425320,471195,Isaiah,39,3,בבל,nmpr,topo,F:unclassified-name,Other Tanakh
225494,1425321,471198,Isaiah,39,4,חזקיהו,nmpr,pers,A:person-candidate,Other Tanakh
225511,1425322,471203,Isaiah,39,5,ישעיהו,nmpr,pers,A:person-candidate,Other Tanakh
225512,1425322,471203,Isaiah,39,5,אל,prep,,C:divine-title-candidate,Other Tanakh
225513,1425322,471203,Isaiah,39,5,חזקיהו,nmpr,pers,A:person-candidate,Other Tanakh
225516,1425322,471204,Isaiah,39,5,יהוה,nmpr,pers,E:YHWH,Other Tanakh
225536,1425323,471206,Isaiah,39,6,בבל,nmpr,topo,F:unclassified-name,Other Tanakh
225541,1425323,471210,Isaiah,39,6,יהוה,nmpr,pers,E:YHWH,Other Tanakh
225556,1425324,471214,Isaiah,39,7,מלך,subs,,B:deity-candidate,Other Tanakh
225557,1425324,471214,Isaiah,39,7,בבל,nmpr,topo,F:unclassified-name,Other Tanakh
225560,1425325,471215,Isaiah,39,8,חזקיהו,nmpr,pers,A:person-candidate,Other Tanakh
225561,1425325,471215,Isaiah,39,8,אל,prep,,C:divine-title-candidate,Other Tanakh
225562,1425325,471215,Isaiah,39,8,ישעיהו,nmpr,pers,A:person-candidate,Other Tanakh
225565,1425325,471216,Isaiah,39,8,יהוה,nmpr,pers,E:YHWH,Other Tanakh
225581,1425326,471222,Isaiah,40,1,אלהים,subs,,D:Elohim,Other Tanakh
225585,1425327,471223,Isaiah,40,2,ירושלם,nmpr,topo,F:unclassified-name,Other Tanakh
225588,1425327,471224,Isaiah,40,2,אל,prep,,C:divine-title-candidate,Other Tanakh
225599,1425327,471227,Isaiah,40,2,יהוה,nmpr,pers,E:YHWH,Other Tanakh
225611,1425328,471229,Isaiah,40,3,יהוה,nmpr,pers,E:YHWH,Other Tanakh
225618,1425328,471230,Isaiah,40,3,אלהים,subs,,D:Elohim,Other Tanakh
225642,1425330,471235,Isaiah,40,5,יהוה,nmpr,pers,E:YHWH,Other Tanakh
225650,1425330,471237,Isaiah,40,5,יהוה,nmpr,pers,E:YHWH,Other Tanakh
225676,1425332,471246,Isaiah,40,7,יהוה,nmpr,pers,E:YHWH,Other Tanakh
225689,1425333,471250,Isaiah,40,8,אלהים,subs,,D:Elohim,Other Tanakh
225699,1425334,471252,Isaiah,40,9,ציון,nmpr,topo,F:unclassified-name,Other Tanakh
225706,1425334,471254,Isaiah,40,9,ירושלם,nmpr,topo,F:unclassified-name,Other Tanakh
225708,1425334,471256,Isaiah,40,9,אל,nega,,C:divine-title-candidate,Other Tanakh
225713,1425334,471257,Isaiah,40,9,יהודה,nmpr,"pers,gens,topo",F:unclassified-name,Other Tanakh
225715,1425334,471258,Isaiah,40,9,אלהים,subs,,D:Elohim,Other Tanakh
225717,1425335,471259,Isaiah,40,10,אדני,nmpr,pers,C:divine-title-candidate,Other Tanakh
225718,1425335,471259,Isaiah,40,10,יהוה,nmpr,pers,E:YHWH,Other Tanakh
225780,1425338,471272,Isaiah,40,13,יהוה,nmpr,pers,E:YHWH,Other Tanakh
225820,1425341,471284,Isaiah,40,16,לבנון,nmpr,topo,F:unclassified-name,Other Tanakh
225842,1425343,471289,Isaiah,40,18,אל,prep,,C:divine-title-candidate,Other Tanakh
225845,1425343,471289,Isaiah,40,18,אל,subs,,C:divine-title-candidate,Other Tanakh
225959,1425350,471318,Isaiah,40,25,אל,prep,,C:divine-title-candidate,Other Tanakh
225995,1425352,471328,Isaiah,40,27,יעקב,nmpr,pers,A:person-candidate,Other Tanakh
225998,1425352,471330,Isaiah,40,27,ישראל,nmpr,"pers,gens,topo",F:unclassified-name,Other Tanakh
226002,1425352,471331,Isaiah,40,27,יהוה,nmpr,pers,E:YHWH,Other Tanakh
226005,1425352,471332,Isaiah,40,27,אלהים,subs,,D:Elohim,Other Tanakh
226014,1425353,471335,Isaiah,40,28,אלהים,subs,,D:Elohim,Other Tanakh
226016,1425353,471335,Isaiah,40,28,יהוה,nmpr,pers,E:YHWH,Other Tanakh
226052,1425356,471345,Isaiah,40,31,יהוה,nmpr,pers,E:YHWH,Other Tanakh
226069,1425357,471351,Isaiah,41,1,אל,prep,,C:divine-title-candidate,Other Tanakh
226096,1425358,471360,Isaiah,41,2,מלך,subs,,B:deity-candidate,Other Tanakh
226125,1425360,471369,Isaiah,41,4,יהוה,nmpr,pers,E:YHWH,Other Tanakh
226176,1425364,471387,Isaiah,41,8,ישראל,nmpr,"pers,gens,topo",F:unclassified-name,Other Tanakh
226178,1425364,471388,Isaiah,41,8,יעקב,nmpr,pers,A:person-candidate,Other Tanakh
226182,1425364,471390,Isaiah,41,8,אברהם,nmpr,pers,A:person-candidate,Other Tanakh
226203,1425366,471397,Isaiah,41,10,אל,nega,,C:divine-title-candidate,Other Tanakh
226208,1425366,471399,Isaiah,41,10,אל,nega,,C:divine-title-candidate,Other Tanakh
226212,1425366,471400,Isaiah,41,10,אלהים,subs,,D:Elohim,Other Tanakh
226252,1425369,471412,Isaiah,41,13,יהוה,nmpr,pers,E:YHWH,Other Tanakh
226253,1425369,471412,Isaiah,41,13,אלהים,subs,,D:Elohim,Other Tanakh
226259,1425369,471415,Isaiah,41,13,אל,nega,,C:divine-title-candidate,Other Tanakh
226263,1425370,471417,Isaiah,41,14,אל,nega,,C:divine-title-candidate,Other Tanakh
226266,1425370,471418,Isaiah,41,14,יעקב,nmpr,pers,A:person-candidate,Other Tanakh
226268,1425370,471419,Isaiah,41,14,ישראל,nmpr,"pers,gens,topo",F:unclassified-name,Other Tanakh
226272,1425370,471421,Isaiah,41,14,יהוה,nmpr,pers,E:YHWH,Other Tanakh
226276,1425370,471422,Isaiah,41,14,ישראל,nmpr,"pers,gens,topo",F:unclassified-name,Other Tanakh
226283,1425371,471423,Isaiah,41,15,בעל,subs,,B:deity-candidate,Other Tanakh
226307,1425372,471430,Isaiah,41,16,יהוה,nmpr,pers,E:YHWH,Other Tanakh
226310,1425372,471431,Isaiah,41,16,ישראל,nmpr,"pers,gens,topo",F:unclassified-name,Other Tanakh
226327,1425373,471435,Isaiah,41,17,יהוה,nmpr,pers,E:YHWH,Other Tanakh
226329,1425373,471437,Isaiah,41,17,אלהים,subs,,D:Elohim,Other Tanakh
226330,1425373,471437,Isaiah,41,17,ישראל,nmpr,"pers,gens,topo",F:unclassified-name,Other Tanakh
226384,1425376,471449,Isaiah,41,20,יהוה,nmpr,pers,E:YHWH,Other Tanakh
226389,1425376,471450,Isaiah,41,20,ישראל,nmpr,"pers,gens,topo",F:unclassified-name,Other Tanakh
226394,1425377,471452,Isaiah,41,21,יהוה,nmpr,pers,E:YHWH,Other Tanakh
226398,1425377,471454,Isaiah,41,21,מלך,subs,,B:deity-candidate,Other Tanakh
226399,1425377,471454,Isaiah,41,21,יעקב,nmpr,pers,A:person-candidate,Other Tanakh
226430,1425379,471467,Isaiah,41,23,אלהים,subs,,D:Elohim,Other Tanakh
226498,1425383,471490,Isaiah,41,27,ציון,nmpr,topo,F:unclassified-name,Other Tanakh
226503,1425383,471492,Isaiah,41,27,ירושלם,nmpr,topo,F:unclassified-name,Other Tanakh
226590,1425390,471520,Isaiah,42,5,אל,subs,,C:divine-title-candidate,Other Tanakh
226591,1425390,471520,Isaiah,42,5,יהוה,nmpr,pers,E:YHWH,Other Tanakh
226615,1425391,471527,Isaiah,42,6,יהוה,nmpr,pers,E:YHWH,Other Tanakh
226648,1425393,471534,Isaiah,42,8,יהוה,nmpr,pers,E:YHWH,Other Tanakh
226677,1425395,471543,Isaiah,42,10,יהוה,nmpr,pers,E:YHWH,Other Tanakh
226699,1425396,471548,Isaiah,42,11,קדר,nmpr,"pers,gens",F:unclassified-name,Other Tanakh
226709,1425397,471551,Isaiah,42,12,יהוה,nmpr,pers,E:YHWH,Other Tanakh
226717,1425398,471553,Isaiah,42,13,יהוה,nmpr,pers,E:YHWH,Other Tanakh
226807,1425402,471581,Isaiah,42,17,אלהים,subs,,D:Elohim,Other Tanakh
226835,1425404,471592,Isaiah,42,19,יהוה,nmpr,pers,E:YHWH,Other Tanakh
226846,1425406,471597,Isaiah,42,21,יהוה,nmpr,pers,E:YHWH,Other Tanakh
226894,1425409,471611,Isaiah,42,24,יעקב,nmpr,pers,A:person-candidate,Other Tanakh
226896,1425409,471612,Isaiah,42,24,ישראל,nmpr,"pers,gens,topo",F:unclassified-name,Other Tanakh
226901,1425409,471613,Isaiah,42,24,יהוה,nmpr,pers,E:YHWH,Other Tanakh
226943,1425411,471624,Isaiah,43,1,יהוה,nmpr,pers,E:YHWH,Other Tanakh
226945,1425411,471625,Isaiah,43,1,יעקב,nmpr,pers,A:person-candidate,Other Tanakh
226948,1425411,471626,Isaiah,43,1,ישראל,nmpr,"pers,gens,topo",F:unclassified-name,Other Tanakh
226949,1425411,471627,Isaiah,43,1,אל,nega,,C:divine-title-candidate,Other Tanakh
226984,1425413,471638,Isaiah,43,3,יהוה,nmpr,pers,E:YHWH,Other Tanakh
226985,1425413,471638,Isaiah,43,3,אלהים,subs,,D:Elohim,Other Tanakh
226987,1425413,471638,Isaiah,43,3,ישראל,nmpr,"pers,gens,topo",F:unclassified-name,Other Tanakh
226991,1425413,471639,Isaiah,43,3,מצרים,nmpr,topo,F:unclassified-name,Other Tanakh
226992,1425413,471640,Isaiah,43,3,כוש,nmpr,topo,F:unclassified-name,Other Tanakh
226994,1425413,471640,Isaiah,43,3,סבא,nmpr,"pers,gens,topo",F:unclassified-name,Other Tanakh
227013,1425415,471646,Isaiah,43,5,אל,nega,,C:divine-title-candidate,Other Tanakh
227034,1425416,471653,Isaiah,43,6,אל,nega,,C:divine-title-candidate,Other Tanakh
227096,1425420,471675,Isaiah,43,10,יהוה,nmpr,pers,E:YHWH,Other Tanakh
227115,1425420,471682,Isaiah,43,10,אל,subs,,C:divine-title-candidate,Other Tanakh
227122,1425421,471685,Isaiah,43,11,יהוה,nmpr,pers,E:YHWH,Other Tanakh
227142,1425422,471692,Isaiah,43,12,יהוה,nmpr,pers,E:YHWH,Other Tanakh
227145,1425422,471693,Isaiah,43,12,אל,subs,,C:divine-title-candidate,Other Tanakh
227162,1425424,471698,Isaiah,43,14,יהוה,nmpr,pers,E:YHWH,Other Tanakh
227165,1425424,471698,Isaiah,43,14,ישראל,nmpr,"pers,gens,topo",F:unclassified-name,Other Tanakh
227168,1425424,471699,Isaiah,43,14,בבל,nmpr,topo,F:unclassified-name,Other Tanakh
227179,1425425,471702,Isaiah,43,15,יהוה,nmpr,pers,E:YHWH,Other Tanakh
227182,1425425,471702,Isaiah,43,15,ישראל,nmpr,"pers,gens,topo",F:unclassified-name,Other Tanakh
227183,1425425,471702,Isaiah,43,15,מלך,subs,,B:deity-candidate,Other Tanakh
227186,1425426,471703,Isaiah,43,16,יהוה,nmpr,pers,E:YHWH,Other Tanakh
227215,1425428,471711,Isaiah,43,18,אל,nega,,C:divine-title-candidate,Other Tanakh
227220,1425428,471712,Isaiah,43,18,אל,nega,,C:divine-title-candidate,Other Tanakh
227270,1425432,471725,Isaiah,43,22,יעקב,nmpr,pers,A:person-candidate,Other Tanakh
227274,1425432,471727,Isaiah,43,22,ישראל,nmpr,"pers,gens,topo",F:unclassified-name,Other Tanakh
227346,1425438,471747,Isaiah,43,28,יעקב,nmpr,pers,A:person-candidate,Other Tanakh
227348,1425438,471748,Isaiah,43,28,ישראל,nmpr,"pers,gens,topo",F:unclassified-name,Other Tanakh
227354,1425439,471751,Isaiah,44,1,יעקב,nmpr,pers,A:person-candidate,Other Tanakh
227357,1425439,471752,Isaiah,44,1,ישראל,nmpr,"pers,gens,topo",F:unclassified-name,Other Tanakh
227362,1425440,471754,Isaiah,44,2,יהוה,nmpr,pers,E:YHWH,Other Tanakh
227369,1425440,471756,Isaiah,44,2,אל,nega,,C:divine-title-candidate,Other Tanakh
227372,1425440,471757,Isaiah,44,2,יעקב,nmpr,pers,A:person-candidate,Other Tanakh
227374,1425440,471758,Isaiah,44,2,ישרון,nmpr,pers,A:person-candidate,Other Tanakh
227407,1425443,471766,Isaiah,44,5,יהוה,nmpr,pers,E:YHWH,Other Tanakh
227414,1425443,471767,Isaiah,44,5,יעקב,nmpr,pers,A:person-candidate,Other Tanakh
227420,1425443,471768,Isaiah,44,5,יהוה,nmpr,pers,E:YHWH,Other Tanakh
227424,1425443,471769,Isaiah,44,5,ישראל,nmpr,"pers,gens,topo",F:unclassified-name,Other Tanakh
227428,1425444,471770,Isaiah,44,6,יהוה,nmpr,pers,E:YHWH,Other Tanakh
227429,1425444,471770,Isaiah,44,6,מלך,subs,,B:deity-candidate,Other Tanakh
227430,1425444,471770,Isaiah,44,6,ישראל,nmpr,"pers,gens,topo",F:unclassified-name,Other Tanakh
227433,1425444,471770,Isaiah,44,6,יהוה,nmpr,pers,E:YHWH,Other Tanakh
227444,1425444,471773,Isaiah,44,6,אלהים,subs,,D:Elohim,Other Tanakh
227465,1425446,471781,Isaiah,44,8,אל,nega,,C:divine-title-candidate,Other Tanakh
227468,1425446,471782,Isaiah,44,8,אל,nega,,C:divine-title-candidate,Other Tanakh
227482,1425446,471786,Isaiah,44,8,אלוה,subs,,C:divine-title-candidate,Other Tanakh
227510,1425448,471796,Isaiah,44,10,אל,subs,,C:divine-title-candidate,Other Tanakh
227626,1425453,471831,Isaiah,44,15,אל,subs,,C:divine-title-candidate,Other Tanakh
227657,1425455,471843,Isaiah,44,17,אל,subs,,C:divine-title-candidate,Other Tanakh
227667,1425455,471846,Isaiah,44,17,אל,prep,,C:divine-title-candidate,Other Tanakh
227672,1425455,471849,Isaiah,44,17,אל,subs,,C:divine-title-candidate,Other Tanakh
227690,1425457,471855,Isaiah,44,19,אל,prep,,C:divine-title-candidate,Other Tanakh
227743,1425459,471872,Isaiah,44,21,יעקב,nmpr,pers,A:person-candidate,Other Tanakh
227745,1425459,471873,Isaiah,44,21,ישראל,nmpr,"pers,gens,topo",F:unclassified-name,Other Tanakh
227753,1425459,471877,Isaiah,44,21,ישראל,nmpr,"pers,gens,topo",F:unclassified-name,Other Tanakh
227767,1425460,471881,Isaiah,44,22,אל,prep,,C:divine-title-candidate,Other Tanakh
227774,1425461,471885,Isaiah,44,23,יהוה,nmpr,pers,E:YHWH,Other Tanakh
227788,1425461,471891,Isaiah,44,23,יהוה,nmpr,pers,E:YHWH,Other Tanakh
227789,1425461,471891,Isaiah,44,23,יעקב,nmpr,pers,A:person-candidate,Other Tanakh
227792,1425461,471892,Isaiah,44,23,ישראל,nmpr,"pers,gens,topo",F:unclassified-name,Other Tanakh
227796,1425462,471893,Isaiah,44,24,יהוה,nmpr,pers,E:YHWH,Other Tanakh
227803,1425462,471894,Isaiah,44,24,יהוה,nmpr,pers,E:YHWH,Other Tanakh
227837,1425464,471904,Isaiah,44,26,ירושלם,nmpr,topo,F:unclassified-name,Other Tanakh
227842,1425464,471906,Isaiah,44,26,יהודה,nmpr,"pers,gens,topo",F:unclassified-name,Other Tanakh
227859,1425466,471912,Isaiah,44,28,כורש,nmpr,pers,A:person-candidate,Other Tanakh
227869,1425466,471915,Isaiah,44,28,ירושלם,nmpr,topo,F:unclassified-name,Other Tanakh
227876,1425467,471918,Isaiah,45,1,יהוה,nmpr,pers,E:YHWH,Other Tanakh
227880,1425467,471918,Isaiah,45,1,כורש,nmpr,pers,A:person-candidate,Other Tanakh
227892,1425467,471921,Isaiah,45,1,מלך,subs,,B:deity-candidate,Other Tanakh
227929,1425469,471930,Isaiah,45,3,יהוה,nmpr,pers,E:YHWH,Other Tanakh
227934,1425469,471930,Isaiah,45,3,אלהים,subs,,D:Elohim,Other Tanakh
227935,1425469,471930,Isaiah,45,3,ישראל,nmpr,"pers,gens,topo",F:unclassified-name,Other Tanakh
227938,1425470,471932,Isaiah,45,4,יעקב,nmpr,pers,A:person-candidate,Other Tanakh
227940,1425470,471932,Isaiah,45,4,ישראל,nmpr,"pers,gens,topo",F:unclassified-name,Other Tanakh
227952,1425471,471936,Isaiah,45,5,יהוה,nmpr,pers,E:YHWH,Other Tanakh
227958,1425471,471938,Isaiah,45,5,אלהים,subs,,D:Elohim,Other Tanakh
227975,1425472,471943,Isaiah,45,6,יהוה,nmpr,pers,E:YHWH,Other Tanakh
227990,1425473,471949,Isaiah,45,7,יהוה,nmpr,pers,E:YHWH,Other Tanakh
228012,1425474,471957,Isaiah,45,8,יהוה,nmpr,pers,E:YHWH,Other Tanakh
228047,1425477,471970,Isaiah,45,11,יהוה,nmpr,pers,E:YHWH,Other Tanakh
228049,1425477,471970,Isaiah,45,11,ישראל,nmpr,"pers,gens,topo",F:unclassified-name,Other Tanakh
228099,1425479,471984,Isaiah,45,13,יהוה,nmpr,pers,E:YHWH,Other Tanakh
228103,1425480,471985,Isaiah,45,14,יהוה,nmpr,pers,E:YHWH,Other Tanakh
228105,1425480,471986,Isaiah,45,14,מצרים,nmpr,topo,F:unclassified-name,Other Tanakh
228108,1425480,471986,Isaiah,45,14,כוש,nmpr,topo,F:unclassified-name,Other Tanakh
228110,1425480,471986,Isaiah,45,14,סבאים,nmpr,gens,F:unclassified-name,Other Tanakh
228125,1425480,471990,Isaiah,45,14,אל,prep,,C:divine-title-candidate,Other Tanakh
228127,1425480,471991,Isaiah,45,14,אל,prep,,C:divine-title-candidate,Other Tanakh
228131,1425480,471992,Isaiah,45,14,אל,subs,,C:divine-title-candidate,Other Tanakh
228136,1425480,471994,Isaiah,45,14,אלהים,subs,,D:Elohim,Other Tanakh
228139,1425481,471995,Isaiah,45,15,אל,subs,,C:divine-title-candidate,Other Tanakh
228141,1425481,471997,Isaiah,45,15,אלהים,subs,,D:Elohim,Other Tanakh
228142,1425481,471997,Isaiah,45,15,ישראל,nmpr,"pers,gens,topo",F:unclassified-name,Other Tanakh
228156,1425483,472002,Isaiah,45,17,ישראל,nmpr,"pers,gens,topo",F:unclassified-name,Other Tanakh
228159,1425483,472002,Isaiah,45,17,יהוה,nmpr,pers,E:YHWH,Other Tanakh
228173,1425484,472005,Isaiah,45,18,יהוה,nmpr,pers,E:YHWH,Other Tanakh
228179,1425484,472007,Isaiah,45,18,אלהים,subs,,D:Elohim,Other Tanakh
228194,1425484,472014,Isaiah,45,18,יהוה,nmpr,pers,E:YHWH,Other Tanakh
228211,1425485,472017,Isaiah,45,19,יעקב,nmpr,pers,A:person-candidate,Other Tanakh
228215,1425485,472019,Isaiah,45,19,יהוה,nmpr,pers,E:YHWH,Other Tanakh
228237,1425486,472028,Isaiah,45,20,אל,prep,,C:divine-title-candidate,Other Tanakh
228238,1425486,472028,Isaiah,45,20,אל,subs,,C:divine-title-candidate,Other Tanakh
228258,1425487,472035,Isaiah,45,21,יהוה,nmpr,pers,E:YHWH,Other Tanakh
228262,1425487,472036,Isaiah,45,21,אלהים,subs,,D:Elohim,Other Tanakh
228265,1425487,472037,Isaiah,45,21,אל,subs,,C:divine-title-candidate,Other Tanakh
228272,1425488,472039,Isaiah,45,22,אל,prep,,C:divine-title-candidate,Other Tanakh
228280,1425488,472042,Isaiah,45,22,אל,subs,,C:divine-title-candidate,Other Tanakh
228304,1425490,472049,Isaiah,45,24,יהוה,nmpr,pers,E:YHWH,Other Tanakh
228319,1425491,472054,Isaiah,45,25,יהוה,nmpr,pers,E:YHWH,Other Tanakh
228325,1425491,472055,Isaiah,45,25,ישראל,nmpr,"pers,gens,topo",F:unclassified-name,Other Tanakh
228327,1425492,472056,Isaiah,46,1,בל,nmpr,pers,A:person-candidate,Other Tanakh
228329,1425492,472057,Isaiah,46,1,נבו,nmpr,pers,A:person-candidate,Other Tanakh
228358,1425494,472065,Isaiah,46,3,אל,prep,,C:divine-title-candidate,Other Tanakh
228360,1425494,472066,Isaiah,46,3,יעקב,nmpr,pers,A:person-candidate,Other Tanakh
228365,1425494,472067,Isaiah,46,3,ישראל,nmpr,"pers,gens,topo",F:unclassified-name,Other Tanakh
228418,1425497,472083,Isaiah,46,6,אל,subs,,C:divine-title-candidate,Other Tanakh
228437,1425498,472091,Isaiah,46,7,אל,prep,,C:divine-title-candidate,Other Tanakh
228459,1425500,472099,Isaiah,46,9,אל,subs,,C:divine-title-candidate,Other Tanakh
228463,1425500,472100,Isaiah,46,9,אלהים,subs,,D:Elohim,Other Tanakh
228501,1425503,472114,Isaiah,46,12,אל,prep,,C:divine-title-candidate,Other Tanakh
228519,1425504,472120,Isaiah,46,13,ציון,nmpr,topo,F:unclassified-name,Other Tanakh
228522,1425504,472120,Isaiah,46,13,ישראל,nmpr,"pers,gens,topo",F:unclassified-name,Other Tanakh
228531,1425505,472123,Isaiah,47,1,בבל,nmpr,topo,F:unclassified-name,Other Tanakh
228573,1425508,472140,Isaiah,47,4,יהוה,nmpr,pers,E:YHWH,Other Tanakh
228577,1425508,472141,Isaiah,47,4,ישראל,nmpr,"pers,gens,topo",F:unclassified-name,Other Tanakh
228794,1425520,472209,Isaiah,48,1,יעקב,nmpr,pers,A:person-candidate,Other Tanakh
228799,1425520,472210,Isaiah,48,1,ישראל,nmpr,"pers,gens,topo",F:unclassified-name,Other Tanakh
228803,1425520,472211,Isaiah,48,1,יהודה,nmpr,"pers,gens,topo",F:unclassified-name,Other Tanakh
228809,1425520,472212,Isaiah,48,1,יהוה,nmpr,pers,E:YHWH,Other Tanakh
228812,1425520,472213,Isaiah,48,1,אלהים,subs,,D:Elohim,Other Tanakh
228813,1425520,472213,Isaiah,48,1,ישראל,nmpr,"pers,gens,topo",F:unclassified-name,Other Tanakh
228830,1425521,472217,Isaiah,48,2,אלהים,subs,,D:Elohim,Other Tanakh
228831,1425521,472217,Isaiah,48,2,ישראל,nmpr,"pers,gens,topo",F:unclassified-name,Other Tanakh
228833,1425521,472218,Isaiah,48,2,יהוה,nmpr,pers,E:YHWH,Other Tanakh
228971,1425531,472263,Isaiah,48,12,אל,prep,,C:divine-title-candidate,Other Tanakh
228972,1425531,472264,Isaiah,48,12,יעקב,nmpr,pers,A:person-candidate,Other Tanakh
228974,1425531,472265,Isaiah,48,12,ישראל,nmpr,"pers,gens,topo",F:unclassified-name,Other Tanakh
228993,1425532,472271,Isaiah,48,13,אל,prep,,C:divine-title-candidate,Other Tanakh
229005,1425533,472277,Isaiah,48,14,יהוה,nmpr,pers,E:YHWH,Other Tanakh
229010,1425533,472278,Isaiah,48,14,בבל,nmpr,topo,F:unclassified-name,Other Tanakh
229024,1425535,472285,Isaiah,48,16,אל,prep,,C:divine-title-candidate,Other Tanakh
229041,1425535,472290,Isaiah,48,16,אדני,nmpr,pers,C:divine-title-candidate,Other Tanakh
229042,1425535,472290,Isaiah,48,16,יהוה,nmpr,pers,E:YHWH,Other Tanakh
229048,1425536,472291,Isaiah,48,17,יהוה,nmpr,pers,E:YHWH,Other Tanakh
229051,1425536,472291,Isaiah,48,17,ישראל,nmpr,"pers,gens,topo",F:unclassified-name,Other Tanakh
229053,1425536,472292,Isaiah,48,17,יהוה,nmpr,pers,E:YHWH,Other Tanakh
229054,1425536,472292,Isaiah,48,17,אלהים,subs,,D:Elohim,Other Tanakh
229100,1425539,472304,Isaiah,48,20,בבל,nmpr,topo,F:unclassified-name,Other Tanakh
229103,1425539,472305,Isaiah,48,20,כשדים,nmpr,topo,F:unclassified-name,Other Tanakh
229117,1425539,472310,Isaiah,48,20,יהוה,nmpr,pers,E:YHWH,Other Tanakh
229119,1425539,472310,Isaiah,48,20,יעקב,nmpr,pers,A:person-candidate,Other Tanakh
229140,1425541,472317,Isaiah,48,22,יהוה,nmpr,pers,E:YHWH,Other Tanakh
229146,1425542,472318,Isaiah,49,1,אל,prep,,C:divine-title-candidate,Other Tanakh
229152,1425542,472322,Isaiah,49,1,יהוה,nmpr,pers,E:YHWH,Other Tanakh
229184,1425544,472330,Isaiah,49,3,ישראל,nmpr,"pers,gens,topo",F:unclassified-name,Other Tanakh
229203,1425545,472335,Isaiah,49,4,יהוה,nmpr,pers,E:YHWH,Other Tanakh
229207,1425545,472336,Isaiah,49,4,אלהים,subs,,D:Elohim,Other Tanakh
229211,1425546,472337,Isaiah,49,5,יהוה,nmpr,pers,E:YHWH,Other Tanakh
229220,1425546,472339,Isaiah,49,5,יעקב,nmpr,pers,A:person-candidate,Other Tanakh
229221,1425546,472339,Isaiah,49,5,אל,prep,,C:divine-title-candidate,Other Tanakh
229223,1425546,472340,Isaiah,49,5,ישראל,nmpr,"pers,gens,topo",F:unclassified-name,Other Tanakh
229230,1425546,472341,Isaiah,49,5,יהוה,nmpr,pers,E:YHWH,Other Tanakh
229232,1425546,472342,Isaiah,49,5,אלהים,subs,,D:Elohim,Other Tanakh
229246,1425547,472346,Isaiah,49,6,יעקב,nmpr,pers,A:person-candidate,Other Tanakh
229249,1425547,472348,Isaiah,49,6,ישראל,nmpr,"pers,gens,topo",F:unclassified-name,Other Tanakh
229266,1425548,472351,Isaiah,49,7,יהוה,nmpr,pers,E:YHWH,Other Tanakh
229268,1425548,472352,Isaiah,49,7,ישראל,nmpr,"pers,gens,topo",F:unclassified-name,Other Tanakh
229279,1425548,472354,Isaiah,49,7,מלך,subs,,B:deity-candidate,Other Tanakh
229287,1425548,472356,Isaiah,49,7,יהוה,nmpr,pers,E:YHWH,Other Tanakh
229291,1425548,472358,Isaiah,49,7,ישראל,nmpr,"pers,gens,topo",F:unclassified-name,Other Tanakh
229296,1425549,472360,Isaiah,49,8,יהוה,nmpr,pers,E:YHWH,Other Tanakh
229385,1425553,472382,Isaiah,49,12,סינים,nmpr,topo,F:unclassified-name,Other Tanakh
229397,1425554,472389,Isaiah,49,13,יהוה,nmpr,pers,E:YHWH,Other Tanakh
229404,1425555,472391,Isaiah,49,14,ציון,nmpr,topo,F:unclassified-name,Other Tanakh
229406,1425555,472392,Isaiah,49,14,יהוה,nmpr,pers,E:YHWH,Other Tanakh
229408,1425555,472393,Isaiah,49,14,אדני,nmpr,pers,C:divine-title-candidate,Other Tanakh
229451,1425559,472407,Isaiah,49,18,יהוה,nmpr,pers,E:YHWH,Other Tanakh
229523,1425563,472427,Isaiah,49,22,אדני,nmpr,pers,C:divine-title-candidate,Other Tanakh
229524,1425563,472427,Isaiah,49,22,יהוה,nmpr,pers,E:YHWH,Other Tanakh
229527,1425563,472428,Isaiah,49,22,אל,prep,,C:divine-title-candidate,Other Tanakh
229531,1425563,472429,Isaiah,49,22,אל,prep,,C:divine-title-candidate,Other Tanakh
229547,1425564,472432,Isaiah,49,23,מלך,subs,,B:deity-candidate,Other Tanakh
229564,1425564,472438,Isaiah,49,23,יהוה,nmpr,pers,E:YHWH,Other Tanakh
229582,1425566,472442,Isaiah,49,25,יהוה,nmpr,pers,E:YHWH,Other Tanakh
229619,1425567,472450,Isaiah,49,26,יהוה,nmpr,pers,E:YHWH,Other Tanakh
229624,1425567,472450,Isaiah,49,26,יעקב,nmpr,pers,A:person-candidate,Other Tanakh
229627,1425568,472451,Isaiah,50,1,יהוה,nmpr,pers,E:YHWH,Other Tanakh
229699,1425571,472471,Isaiah,50,4,אדני,nmpr,pers,C:divine-title-candidate,Other Tanakh
229700,1425571,472471,Isaiah,50,4,יהוה,nmpr,pers,E:YHWH,Other Tanakh
229727,1425572,472477,Isaiah,50,5,אדני,nmpr,pers,C:divine-title-candidate,Other Tanakh
229728,1425572,472477,Isaiah,50,5,יהוה,nmpr,pers,E:YHWH,Other Tanakh
229755,1425574,472483,Isaiah,50,7,אדני,nmpr,pers,C:divine-title-candidate,Other Tanakh
229756,1425574,472483,Isaiah,50,7,יהוה,nmpr,pers,E:YHWH,Other Tanakh
229783,1425575,472491,Isaiah,50,8,בעל,subs,,B:deity-candidate,Other Tanakh
229786,1425575,472492,Isaiah,50,8,אל,prep,,C:divine-title-candidate,Other Tanakh
229788,1425576,472493,Isaiah,50,9,אדני,nmpr,pers,C:divine-title-candidate,Other Tanakh
229789,1425576,472493,Isaiah,50,9,יהוה,nmpr,pers,E:YHWH,Other Tanakh
229806,1425577,472498,Isaiah,50,10,יהוה,nmpr,pers,E:YHWH,Other Tanakh
229821,1425577,472502,Isaiah,50,10,יהוה,nmpr,pers,E:YHWH,Other Tanakh
229825,1425577,472503,Isaiah,50,10,אלהים,subs,,D:Elohim,Other Tanakh
229849,1425579,472512,Isaiah,51,1,אל,prep,,C:divine-title-candidate,Other Tanakh
229853,1425579,472514,Isaiah,51,1,יהוה,nmpr,pers,E:YHWH,Other Tanakh
229855,1425579,472515,Isaiah,51,1,אל,prep,,C:divine-title-candidate,Other Tanakh
