word_node,verse_node,clause_node,book,chapter,verse,lexeme,part_of_speech,nametype,candidate_group,scope
4,1414389,427559,Genesis,1,1,אלהים,subs,,D:Elohim,Torah
26,1414390,427562,Genesis,1,2,אלהים,subs,,D:Elohim,Torah
34,1414391,427563,Genesis,1,3,אלהים,subs,,D:Elohim,Torah
42,1414392,427566,Genesis,1,4,אלהים,subs,,D:Elohim,Torah
50,1414392,427568,Genesis,1,4,אלהים,subs,,D:Elohim,Torah
60,1414393,427569,Genesis,1,5,אלהים,subs,,D:Elohim,Torah
81,1414394,427574,Genesis,1,6,אלהים,subs,,D:Elohim,Torah
97,1414395,427577,Genesis,1,7,אלהים,subs,,D:Elohim,Torah
127,1414396,427582,Genesis,1,8,אלהים,subs,,D:Elohim,Torah
142,1414397,427586,Genesis,1,9,אלהים,subs,,D:Elohim,Torah
150,1414397,427587,Genesis,1,9,אל,prep,,C:divine-title-candidate,Torah
162,1414398,427590,Genesis,1,10,אלהים,subs,,D:Elohim,Torah
176,1414398,427592,Genesis,1,10,אלהים,subs,,D:Elohim,Torah
181,1414399,427594,Genesis,1,11,אלהים,subs,,D:Elohim,Torah
225,1414400,427604,Genesis,1,12,אלהים,subs,,D:Elohim,Torah
238,1414402,427609,Genesis,1,14,אלהים,subs,,D:Elohim,Torah
284,1414404,427616,Genesis,1,16,אלהים,subs,,D:Elohim,Torah
317,1414405,427617,Genesis,1,17,אלהים,subs,,D:Elohim,Torah
349,1414406,427621,Genesis,1,18,אלהים,subs,,D:Elohim,Torah
362,1414408,427626,Genesis,1,20,אלהים,subs,,D:Elohim,Torah
382,1414409,427629,Genesis,1,21,אלהים,subs,,D:Elohim,Torah
411,1414409,427634,Genesis,1,21,אלהים,subs,,D:Elohim,Torah
417,1414410,427636,Genesis,1,22,אלהים,subs,,D:Elohim,Torah
448,1414412,427645,Genesis,1,24,אלהים,subs,,D:Elohim,Torah
469,1414413,427649,Genesis,1,25,אלהים,subs,,D:Elohim,Torah
492,1414413,427652,Genesis,1,25,אלהים,subs,,D:Elohim,Torah
497,1414414,427654,Genesis,1,26,אלהים,subs,,D:Elohim,Torah
536,1414415,427658,Genesis,1,27,אלהים,subs,,D:Elohim,Torah
544,1414415,427659,Genesis,1,27,אלהים,subs,,D:Elohim,Torah
555,1414416,427661,Genesis,1,28,אלהים,subs,,D:Elohim,Torah
559,1414416,427662,Genesis,1,28,אלהים,subs,,D:Elohim,Torah
592,1414417,427669,Genesis,1,29,אלהים,subs,,D:Elohim,Torah
656,1414419,427679,Genesis,1,31,אלהים,subs,,D:Elohim,Torah
686,1414421,427686,Genesis,2,2,אלהים,subs,,D:Elohim,Torah
709,1414422,427690,Genesis,2,3,אלהים,subs,,D:Elohim,Torah
725,1414422,427693,Genesis,2,3,אלהים,subs,,D:Elohim,Torah
740,1414423,427698,Genesis,2,4,יהוה,nmpr,pers,E:YHWH,Torah
741,1414423,427698,Genesis,2,4,אלהים,subs,,D:Elohim,Torah
765,1414424,427701,Genesis,2,5,יהוה,nmpr,pers,E:YHWH,Torah
766,1414424,427701,Genesis,2,5,אלהים,subs,,D:Elohim,Torah
793,1414426,427706,Genesis,2,7,יהוה,nmpr,pers,E:YHWH,Torah
794,1414426,427706,Genesis,2,7,אלהים,subs,,D:Elohim,Torah
817,1414427,427709,Genesis,2,8,יהוה,nmpr,pers,E:YHWH,Torah
818,1414427,427709,Genesis,2,8,אלהים,subs,,D:Elohim,Torah
821,1414427,427709,Genesis,2,8,עדן,nmpr,topo,F:unclassified-name,Torah
834,1414428,427712,Genesis,2,9,יהוה,nmpr,pers,E:YHWH,Torah
835,1414428,427712,Genesis,2,9,אלהים,subs,,D:Elohim,Torah
867,1414429,427717,Genesis,2,10,עדן,nmpr,topo,F:unclassified-name,Torah
885,1414430,427721,Genesis,2,11,פישון,nmpr,topo,F:unclassified-name,Torah
893,1414430,427723,Genesis,2,11,חוילה,nmpr,topo,F:unclassified-name,Torah
918,1414432,427727,Genesis,2,13,גיחון,nmpr,topo,F:unclassified-name,Torah
925,1414432,427729,Genesis,2,13,כוש,nmpr,topo,F:unclassified-name,Torah
932,1414433,427730,Genesis,2,14,חדקל,nmpr,topo,F:unclassified-name,Torah
937,1414433,427732,Genesis,2,14,אשור,nmpr,topo,F:unclassified-name,Torah
944,1414433,427734,Genesis,2,14,פרת,nmpr,topo,F:unclassified-name,Torah
947,1414434,427735,Genesis,2,15,יהוה,nmpr,pers,E:YHWH,Torah
948,1414434,427735,Genesis,2,15,אלהים,subs,,D:Elohim,Torah
956,1414434,427736,Genesis,2,15,עדן,nmpr,topo,F:unclassified-name,Torah
964,1414435,427739,Genesis,2,16,יהוה,nmpr,pers,E:YHWH,Torah
965,1414435,427739,Genesis,2,16,אלהים,subs,,D:Elohim,Torah
998,1414437,427746,Genesis,2,18,יהוה,nmpr,pers,E:YHWH,Torah
999,1414437,427746,Genesis,2,18,אלהים,subs,,D:Elohim,Torah
1014,1414438,427750,Genesis,2,19,יהוה,nmpr,pers,E:YHWH,Torah
1015,1414438,427750,Genesis,2,19,אלהים,subs,,D:Elohim,Torah
1031,1414438,427751,Genesis,2,19,אל,prep,,C:divine-title-candidate,Torah
1080,1414440,427759,Genesis,2,21,יהוה,nmpr,pers,E:YHWH,Torah
1081,1414440,427759,Genesis,2,21,אלהים,subs,,D:Elohim,Torah
1099,1414441,427763,Genesis,2,22,יהוה,nmpr,pers,E:YHWH,Torah
1100,1414441,427763,Genesis,2,22,אלהים,subs,,D:Elohim,Torah
1113,1414441,427765,Genesis,2,22,אל,prep,,C:divine-title-candidate,Torah
1180,1414445,427776,Genesis,3,1,יהוה,nmpr,pers,E:YHWH,Torah
1181,1414445,427776,Genesis,3,1,אלהים,subs,,D:Elohim,Torah
1184,1414445,427777,Genesis,3,1,אל,prep,,C:divine-title-candidate,Torah
1190,1414445,427778,Genesis,3,1,אלהים,subs,,D:Elohim,Torah
1202,1414446,427780,Genesis,3,2,אל,prep,,C:divine-title-candidate,Torah
1222,1414447,427784,Genesis,3,3,אלהים,subs,,D:Elohim,Torah
1236,1414448,427788,Genesis,3,4,אל,prep,,C:divine-title-candidate,Torah
1244,1414449,427790,Genesis,3,5,אלהים,subs,,D:Elohim,Torah
1256,1414449,427794,Genesis,3,5,אלהים,subs,,D:Elohim,Torah
1319,1414452,427810,Genesis,3,8,יהוה,nmpr,pers,E:YHWH,Torah
1320,1414452,427810,Genesis,3,8,אלהים,subs,,D:Elohim,Torah
1337,1414452,427812,Genesis,3,8,יהוה,nmpr,pers,E:YHWH,Torah
1338,1414452,427812,Genesis,3,8,אלהים,subs,,D:Elohim,Torah
1346,1414453,427813,Genesis,3,9,יהוה,nmpr,pers,E:YHWH,Torah
1347,1414453,427813,Genesis,3,9,אלהים,subs,,D:Elohim,Torah
1348,1414453,427813,Genesis,3,9,אל,prep,,C:divine-title-candidate,Torah
1408,1414457,427832,Genesis,3,13,יהוה,nmpr,pers,E:YHWH,Torah
1409,1414457,427832,Genesis,3,13,אלהים,subs,,D:Elohim,Torah
1427,1414458,427837,Genesis,3,14,יהוה,nmpr,pers,E:YHWH,Torah
1428,1414458,427837,Genesis,3,14,אלהים,subs,,D:Elohim,Torah
1429,1414458,427837,Genesis,3,14,אל,prep,,C:divine-title-candidate,Torah
1477,1414460,427845,Genesis,3,16,אל,prep,,C:divine-title-candidate,Torah
1491,1414460,427848,Genesis,3,16,אל,prep,,C:divine-title-candidate,Torah
1549,1414463,427861,Genesis,3,19,אל,prep,,C:divine-title-candidate,Torah
1559,1414463,427864,Genesis,3,19,אל,prep,,C:divine-title-candidate,Torah
1568,1414464,427865,Genesis,3,20,חוה,nmpr,pers,A:person-candidate,Torah
1577,1414465,427867,Genesis,3,21,יהוה,nmpr,pers,E:YHWH,Torah
1578,1414465,427867,Genesis,3,21,אלהים,subs,,D:Elohim,Torah
1590,1414466,427869,Genesis,3,22,יהוה,nmpr,pers,E:YHWH,Torah
1591,1414466,427869,Genesis,3,22,אלהים,subs,,D:Elohim,Torah
1624,1414467,427877,Genesis,3,23,יהוה,nmpr,pers,E:YHWH,Torah
1625,1414467,427877,Genesis,3,23,אלהים,subs,,D:Elohim,Torah
1628,1414467,427877,Genesis,3,23,עדן,nmpr,topo,F:unclassified-name,Torah
1649,1414468,427881,Genesis,3,24,עדן,nmpr,topo,F:unclassified-name,Torah
1672,1414469,427884,Genesis,4,1,חוה,nmpr,pers,A:person-candidate,Torah
1679,1414469,427886,Genesis,4,1,קין,nmpr,pers,A:person-candidate,Torah
1685,1414469,427888,Genesis,4,1,יהוה,nmpr,pers,E:YHWH,Torah
1693,1414470,427890,Genesis,4,2,הבל,nmpr,pers,A:person-candidate,Torah
1696,1414470,427891,Genesis,4,2,הבל,nmpr,pers,A:person-candidate,Torah
1700,1414470,427892,Genesis,4,2,קין,nmpr,pers,A:person-candidate,Torah
1711,1414471,427894,Genesis,4,3,קין,nmpr,pers,A:person-candidate,Torah
1718,1414471,427894,Genesis,4,3,יהוה,nmpr,pers,E:YHWH,Torah
1720,1414472,427895,Genesis,4,4,הבל,nmpr,pers,A:person-candidate,Torah
1732,1414472,427896,Genesis,4,4,יהוה,nmpr,pers,E:YHWH,Torah
1733,1414472,427896,Genesis,4,4,אל,prep,,C:divine-title-candidate,Torah
1734,1414472,427896,Genesis,4,4,הבל,nmpr,pers,A:person-candidate,Torah
1736,1414472,427896,Genesis,4,4,אל,prep,,C:divine-title-candidate,Torah
1739,1414473,427897,Genesis,4,5,אל,prep,,C:divine-title-candidate,Torah
1740,1414473,427897,Genesis,4,5,קין,nmpr,pers,A:person-candidate,Torah
1742,1414473,427897,Genesis,4,5,אל,prep,,C:divine-title-candidate,Torah
1749,1414473,427898,Genesis,4,5,קין,nmpr,pers,A:person-candidate,Torah
1756,1414474,427900,Genesis,4,6,יהוה,nmpr,pers,E:YHWH,Torah
1757,1414474,427900,Genesis,4,6,אל,prep,,C:divine-title-candidate,Torah
1758,1414474,427900,Genesis,4,6,קין,nmpr,pers,A:person-candidate,Torah
1781,1414475,427907,Genesis,4,7,אל,prep,,C:divine-title-candidate,Torah
1789,1414476,427909,Genesis,4,8,קין,nmpr,pers,A:person-candidate,Torah
1790,1414476,427909,Genesis,4,8,אל,prep,,C:divine-title-candidate,Torah
1791,1414476,427909,Genesis,4,8,הבל,nmpr,pers,A:person-candidate,Torah
1802,1414476,427912,Genesis,4,8,קין,nmpr,pers,A:person-candidate,Torah
1803,1414476,427912,Genesis,4,8,אל,prep,,C:divine-title-candidate,Torah
1804,1414476,427912,Genesis,4,8,הבל,nmpr,pers,A:person-candidate,Torah
1810,1414477,427914,Genesis,4,9,יהוה,nmpr,pers,E:YHWH,Torah
1811,1414477,427914,Genesis,4,9,אל,prep,,C:divine-title-candidate,Torah
1812,1414477,427914,Genesis,4,9,קין,nmpr,pers,A:person-candidate,Torah
1814,1414477,427915,Genesis,4,9,הבל,nmpr,pers,A:person-candidate,Torah
1832,1414478,427921,Genesis,4,10,אל,prep,,C:divine-title-candidate,Torah
1873,1414481,427930,Genesis,4,13,קין,nmpr,pers,A:person-candidate,Torah
1874,1414481,427930,Genesis,4,13,אל,prep,,C:divine-title-candidate,Torah
1875,1414481,427930,Genesis,4,13,יהוה,nmpr,pers,E:YHWH,Torah
1910,1414483,427939,Genesis,4,15,יהוה,nmpr,pers,E:YHWH,Torah
1914,1414483,427941,Genesis,4,15,קין,nmpr,pers,A:person-candidate,Torah
1919,1414483,427942,Genesis,4,15,יהוה,nmpr,pers,E:YHWH,Torah
1921,1414483,427942,Genesis,4,15,קין,nmpr,pers,A:person-candidate,Torah
1931,1414484,427944,Genesis,4,16,קין,nmpr,pers,A:person-candidate,Torah
1935,1414484,427944,Genesis,4,16,יהוה,nmpr,pers,E:YHWH,Torah
1940,1414484,427945,Genesis,4,16,נוד,nmpr,topo,F:unclassified-name,Torah
1942,1414484,427945,Genesis,4,16,עדן,nmpr,topo,F:unclassified-name,Torah
1945,1414485,427946,Genesis,4,17,קין,nmpr,pers,A:person-candidate,Torah
1953,1414485,427948,Genesis,4,17,חנוך,nmpr,pers,A:person-candidate,Torah
1966,1414485,427951,Genesis,4,17,חנוך,nmpr,topo,F:unclassified-name,Torah
1970,1414486,427952,Genesis,4,18,חנוך,nmpr,pers,A:person-candidate,Torah
1972,1414486,427952,Genesis,4,18,עירד,nmpr,pers,A:person-candidate,Torah
1974,1414486,427953,Genesis,4,18,עירד,nmpr,pers,A:person-candidate,Torah
1977,1414486,427953,Genesis,4,18,מחויאל,nmpr,pers,A:person-candidate,Torah
1979,1414486,427954,Genesis,4,18,מחייאל,nmpr,pers,A:person-candidate,Torah
1982,1414486,427954,Genesis,4,18,מתושאל,nmpr,pers,A:person-candidate,Torah
1984,1414486,427955,Genesis,4,18,מתושאל,nmpr,pers,A:person-candidate,Torah
1987,1414486,427955,Genesis,4,18,למך,nmpr,pers,A:person-candidate,Torah
1991,1414487,427956,Genesis,4,19,למך,nmpr,pers,A:person-candidate,Torah
1997,1414487,427957,Genesis,4,19,עדה,nmpr,pers,A:person-candidate,Torah
2002,1414487,427958,Genesis,4,19,צלה,nmpr,pers,A:person-candidate,Torah
2005,1414488,427959,Genesis,4,20,עדה,nmpr,pers,A:person-candidate,Torah
2007,1414488,427959,Genesis,4,20,יבל,nmpr,pers,A:person-candidate,Torah
2018,1414489,427961,Genesis,4,21,יובל,nmpr,pers,A:person-candidate,Torah
2028,1414490,427963,Genesis,4,22,צלה,nmpr,pers,A:person-candidate,Torah
2033,1414490,427963,Genesis,4,22,תובל קין,nmpr,pers,A:person-candidate,Torah
2042,1414490,427965,Genesis,4,22,תובל קין,nmpr,pers,A:person-candidate,Torah
2043,1414490,427965,Genesis,4,22,נעמה,nmpr,pers,A:person-candidate,Torah
2046,1414491,427966,Genesis,4,23,למך,nmpr,pers,A:person-candidate,Torah
2049,1414491,427966,Genesis,4,23,עדה,nmpr,pers,A:person-candidate,Torah
2051,1414491,427966,Genesis,4,23,צלה,nmpr,pers,A:person-candidate,Torah
2055,1414491,427968,Genesis,4,23,למך,nmpr,pers,A:person-candidate,Torah
2070,1414492,427972,Genesis,4,24,קין,nmpr,pers,A:person-candidate,Torah
2072,1414492,427973,Genesis,4,24,למך,nmpr,pers,A:person-candidate,Torah
2078,1414493,427974,Genesis,4,25,אדם,nmpr,pers,A:person-candidate,Torah
2089,1414493,427976,Genesis,4,25,שת,nmpr,pers,A:person-candidate,Torah
2093,1414493,427977,Genesis,4,25,אלהים,subs,,D:Elohim,Torah
2097,1414493,427977,Genesis,4,25,הבל,nmpr,pers,A:person-candidate,Torah
2100,1414493,427978,Genesis,4,25,קין,nmpr,pers,A:person-candidate,Torah
2103,1414494,427979,Genesis,4,26,שת,nmpr,pers,A:person-candidate,Torah
2112,1414494,427980,Genesis,4,26,אנוש,nmpr,pers,A:person-candidate,Torah
2119,1414494,427982,Genesis,4,26,יהוה,nmpr,pers,E:YHWH,Torah
2123,1414495,427983,Genesis,5,1,אדם,nmpr,pers,A:person-candidate,Torah
2127,1414495,427985,Genesis,5,1,אלהים,subs,,D:Elohim,Torah
2131,1414495,427984,Genesis,5,1,אלהים,subs,,D:Elohim,Torah
2151,1414497,427990,Genesis,5,3,אדם,nmpr,pers,A:person-candidate,Torah
2166,1414497,427992,Genesis,5,3,שת,nmpr,pers,A:person-candidate,Torah
2170,1414498,427993,Genesis,5,4,אדם,nmpr,pers,A:person-candidate,Torah
2174,1414498,427994,Genesis,5,4,שת,nmpr,pers,A:person-candidate,Torah
2187,1414499,427996,Genesis,5,5,אדם,nmpr,pers,A:person-candidate,Torah
2200,1414500,427999,Genesis,5,6,שת,nmpr,pers,A:person-candidate,Torah
2209,1414500,428000,Genesis,5,6,אנוש,nmpr,pers,A:person-candidate,Torah
2212,1414501,428001,Genesis,5,7,שת,nmpr,pers,A:person-candidate,Torah
2216,1414501,428002,Genesis,5,7,אנוש,nmpr,pers,A:person-candidate,Torah
2232,1414502,428004,Genesis,5,8,שת,nmpr,pers,A:person-candidate,Torah
2244,1414503,428006,Genesis,5,9,אנוש,nmpr,pers,A:person-candidate,Torah
2250,1414503,428007,Genesis,5,9,קינן,nmpr,pers,A:person-candidate,Torah
2253,1414504,428008,Genesis,5,10,אנוש,nmpr,pers,A:person-candidate,Torah
2257,1414504,428009,Genesis,5,10,קינן,nmpr,pers,A:person-candidate,Torah
2274,1414505,428011,Genesis,5,11,אנוש,nmpr,pers,A:person-candidate,Torah
2285,1414506,428013,Genesis,5,12,קינן,nmpr,pers,A:person-candidate,Torah
2291,1414506,428014,Genesis,5,12,מהללאל,nmpr,pers,A:person-candidate,Torah
2294,1414507,428015,Genesis,5,13,קינן,nmpr,pers,A:person-candidate,Torah
2298,1414507,428016,Genesis,5,13,מהללאל,nmpr,pers,A:person-candidate,Torah
2314,1414508,428018,Genesis,5,14,קינן,nmpr,pers,A:person-candidate,Torah
2325,1414509,428020,Genesis,5,15,מהללאל,nmpr,pers,A:person-candidate,Torah
2334,1414509,428021,Genesis,5,15,ירד,nmpr,pers,A:person-candidate,Torah
2337,1414510,428022,Genesis,5,16,מהללאל,nmpr,pers,A:person-candidate,Torah
2341,1414510,428023,Genesis,5,16,ירד,nmpr,pers,A:person-candidate,Torah
2357,1414511,428025,Genesis,5,17,מהללאל,nmpr,pers,A:person-candidate,Torah
2370,1414512,428027,Genesis,5,18,ירד,nmpr,pers,A:person-candidate,Torah
2381,1414512,428028,Genesis,5,18,חנוך,nmpr,pers,A:person-candidate,Torah
2384,1414513,428029,Genesis,5,19,ירד,nmpr,pers,A:person-candidate,Torah
2388,1414513,428030,Genesis,5,19,חנוך,nmpr,pers,A:person-candidate,Torah
2401,1414514,428032,Genesis,5,20,ירד,nmpr,pers,A:person-candidate,Torah
2414,1414515,428034,Genesis,5,21,חנוך,nmpr,pers,A:person-candidate,Torah
2422,1414515,428035,Genesis,5,21,מתושלח,nmpr,pers,A:person-candidate,Torah
2425,1414516,428036,Genesis,5,22,חנוך,nmpr,pers,A:person-candidate,Torah
2428,1414516,428036,Genesis,5,22,אלהים,subs,,D:Elohim,Torah
2432,1414516,428037,Genesis,5,22,מתושלח,nmpr,pers,A:person-candidate,Torah
2445,1414517,428039,Genesis,5,23,חנוך,nmpr,pers,A:person-candidate,Torah
2456,1414518,428040,Genesis,5,24,חנוך,nmpr,pers,A:person-candidate,Torah
2459,1414518,428040,Genesis,5,24,אלהים,subs,,D:Elohim,Torah
2465,1414518,428042,Genesis,5,24,אלהים,subs,,D:Elohim,Torah
2468,1414519,428043,Genesis,5,25,מתושלח,nmpr,pers,A:person-candidate,Torah
2479,1414519,428044,Genesis,5,25,למך,nmpr,pers,A:person-candidate,Torah
2482,1414520,428045,Genesis,5,26,מתושלח,nmpr,pers,A:person-candidate,Torah
2486,1414520,428046,Genesis,5,26,למך,nmpr,pers,A:person-candidate,Torah
2504,1414521,428048,Genesis,5,27,מתושלח,nmpr,pers,A:person-candidate,Torah
2517,1414522,428050,Genesis,5,28,למך,nmpr,pers,A:person-candidate,Torah
2532,1414523,428052,Genesis,5,29,נח,nmpr,pers,A:person-candidate,Torah
2548,1414523,428055,Genesis,5,29,יהוה,nmpr,pers,E:YHWH,Torah
2551,1414524,428056,Genesis,5,30,למך,nmpr,pers,A:person-candidate,Torah
2555,1414524,428057,Genesis,5,30,נח,nmpr,pers,A:person-candidate,Torah
2573,1414525,428059,Genesis,5,31,למך,nmpr,pers,A:person-candidate,Torah
2586,1414526,428061,Genesis,5,32,נח,nmpr,pers,A:person-candidate,Torah
2593,1414526,428062,Genesis,5,32,נח,nmpr,pers,A:person-candidate,Torah
2595,1414526,428062,Genesis,5,32,שם,nmpr,pers,A:person-candidate,Torah
2597,1414526,428062,Genesis,5,32,חם,nmpr,"pers,gens",F:unclassified-name,Torah
2600,1414526,428062,Genesis,5,32,יפת,nmpr,pers,A:person-candidate,Torah
2621,1414528,428067,Genesis,6,2,אלהים,subs,,D:Elohim,Torah
2639,1414529,428071,Genesis,6,3,יהוה,nmpr,pers,E:YHWH,Torah
2679,1414530,428077,Genesis,6,4,אלהים,subs,,D:Elohim,Torah
2680,1414530,428077,Genesis,6,4,אל,prep,,C:divine-title-candidate,Torah
2698,1414531,428082,Genesis,6,5,יהוה,nmpr,pers,E:YHWH,Torah
2719,1414532,428085,Genesis,6,6,יהוה,nmpr,pers,E:YHWH,Torah
2730,1414532,428087,Genesis,6,6,אל,prep,,C:divine-title-candidate,Torah
2734,1414533,428088,Genesis,6,7,יהוה,nmpr,pers,E:YHWH,Torah
2762,1414534,428093,Genesis,6,8,נח,nmpr,pers,A:person-candidate,Torah
2767,1414534,428093,Genesis,6,8,יהוה,nmpr,pers,E:YHWH,Torah
2770,1414535,428094,Genesis,6,9,נח,nmpr,pers,A:person-candidate,Torah
2771,1414535,428095,Genesis,6,9,נח,nmpr,pers,A:person-candidate,Torah
2780,1414535,428096,Genesis,6,9,אלהים,subs,,D:Elohim,Torah
2782,1414535,428096,Genesis,6,9,נח,nmpr,pers,A:person-candidate,Torah
2785,1414536,428097,Genesis,6,10,נח,nmpr,pers,A:person-candidate,Torah
2789,1414536,428097,Genesis,6,10,שם,nmpr,pers,A:person-candidate,Torah
2791,1414536,428097,Genesis,6,10,חם,nmpr,"pers,gens",F:unclassified-name,Torah
2794,1414536,428097,Genesis,6,10,יפת,nmpr,pers,A:person-candidate,Torah
2802,1414537,428098,Genesis,6,11,אלהים,subs,,D:Elohim,Torah
2810,1414538,428100,Genesis,6,12,אלהים,subs,,D:Elohim,Torah
2828,1414539,428103,Genesis,6,13,אלהים,subs,,D:Elohim,Torah
2830,1414539,428103,Genesis,6,13,נח,nmpr,pers,A:person-candidate,Torah
2895,1414542,428116,Genesis,6,16,אל,prep,,C:divine-title-candidate,Torah
2949,1414544,428126,Genesis,6,18,אל,prep,,C:divine-title-candidate,Torah
2973,1414545,428128,Genesis,6,19,אל,prep,,C:divine-title-candidate,Torah
3005,1414546,428132,Genesis,6,20,אל,prep,,C:divine-title-candidate,Torah
3019,1414547,428136,Genesis,6,21,אל,prep,,C:divine-title-candidate,Torah
3029,1414548,428138,Genesis,6,22,נח,nmpr,pers,A:person-candidate,Torah
3035,1414548,428139,Genesis,6,22,אלהים,subs,,D:Elohim,Torah
3040,1414549,428141,Genesis,7,1,יהוה,nmpr,pers,E:YHWH,Torah
3042,1414549,428141,Genesis,7,1,נח,nmpr,pers,A:person-candidate,Torah
3048,1414549,428142,Genesis,7,1,אל,prep,,C:divine-title-candidate,Torah
3135,1414553,428152,Genesis,7,5,נח,nmpr,pers,A:person-candidate,Torah
3140,1414553,428153,Genesis,7,5,יהוה,nmpr,pers,E:YHWH,Torah
3142,1414554,428154,Genesis,7,6,נח,nmpr,pers,A:person-candidate,Torah
3157,1414555,428157,Genesis,7,7,נח,nmpr,pers,A:person-candidate,Torah
3166,1414555,428157,Genesis,7,7,אל,prep,,C:divine-title-candidate,Torah
3200,1414557,428158,Genesis,7,9,אל,prep,,C:divine-title-candidate,Torah
3201,1414557,428158,Genesis,7,9,נח,nmpr,pers,A:person-candidate,Torah
3202,1414557,428158,Genesis,7,9,אל,prep,,C:divine-title-candidate,Torah
3211,1414557,428161,Genesis,7,9,אלהים,subs,,D:Elohim,Torah
3213,1414557,428161,Genesis,7,9,נח,nmpr,pers,A:person-candidate,Torah
3235,1414559,428164,Genesis,7,11,נח,nmpr,pers,A:person-candidate,Torah
3282,1414561,428167,Genesis,7,13,נח,nmpr,pers,A:person-candidate,Torah
3284,1414561,428167,Genesis,7,13,שם,nmpr,pers,A:person-candidate,Torah
3286,1414561,428167,Genesis,7,13,חם,nmpr,"pers,gens",F:unclassified-name,Torah
3288,1414561,428167,Genesis,7,13,יפת,nmpr,pers,A:person-candidate,Torah
3290,1414561,428167,Genesis,7,13,נח,nmpr,pers,A:person-candidate,Torah
3293,1414561,428167,Genesis,7,13,נח,nmpr,pers,A:person-candidate,Torah
3299,1414561,428167,Genesis,7,13,אל,prep,,C:divine-title-candidate,Torah
3338,1414563,428170,Genesis,7,15,אל,prep,,C:divine-title-candidate,Torah
3339,1414563,428170,Genesis,7,15,נח,nmpr,pers,A:person-candidate,Torah
3340,1414563,428170,Genesis,7,15,אל,prep,,C:divine-title-candidate,Torah
3367,1414564,428174,Genesis,7,16,אלהים,subs,,D:Elohim,Torah
3370,1414564,428175,Genesis,7,16,יהוה,nmpr,pers,E:YHWH,Torah
3526,1414571,428197,Genesis,7,23,נח,nmpr,pers,A:person-candidate,Torah
3546,1414573,428200,Genesis,8,1,אלהים,subs,,D:Elohim,Torah
3548,1414573,428200,Genesis,8,1,נח,nmpr,pers,A:person-candidate,Torah
3566,1414573,428202,Genesis,8,1,אלהים,subs,,D:Elohim,Torah
3629,1414576,428208,Genesis,8,4,אררט,nmpr,topo,F:unclassified-name,Torah
3662,1414578,428212,Genesis,8,6,נח,nmpr,pers,A:person-candidate,Torah
3716,1414581,428221,Genesis,8,9,אל,prep,,C:divine-title-candidate,Torah
3717,1414581,428221,Genesis,8,9,אל,prep,,C:divine-title-candidate,Torah
3735,1414581,428225,Genesis,8,9,אל,prep,,C:divine-title-candidate,Torah
3736,1414581,428225,Genesis,8,9,אל,prep,,C:divine-title-candidate,Torah
3756,1414583,428229,Genesis,8,11,אל,prep,,C:divine-title-candidate,Torah
3771,1414583,428231,Genesis,8,11,נח,nmpr,pers,A:person-candidate,Torah
3795,1414584,428236,Genesis,8,12,אל,prep,,C:divine-title-candidate,Torah
3822,1414585,428239,Genesis,8,13,נח,nmpr,pers,A:person-candidate,Torah
3854,1414587,428243,Genesis,8,15,אלהים,subs,,D:Elohim,Torah
3855,1414587,428243,Genesis,8,15,אל,prep,,C:divine-title-candidate,Torah
3856,1414587,428243,Genesis,8,15,נח,nmpr,pers,A:person-candidate,Torah
3913,1414590,428252,Genesis,8,18,נח,nmpr,pers,A:person-candidate,Torah
3945,1414592,428255,Genesis,8,20,נח,nmpr,pers,A:person-candidate,Torah
3948,1414592,428255,Genesis,8,20,יהוה,nmpr,pers,E:YHWH,Torah
3972,1414593,428258,Genesis,8,21,יהוה,nmpr,pers,E:YHWH,Torah
3979,1414593,428259,Genesis,8,21,יהוה,nmpr,pers,E:YHWH,Torah
3980,1414593,428259,Genesis,8,21,אל,prep,,C:divine-title-candidate,Torah
4038,1414595,428267,Genesis,9,1,אלהים,subs,,D:Elohim,Torah
4040,1414595,428267,Genesis,9,1,נח,nmpr,pers,A:person-candidate,Torah
4147,1414600,428285,Genesis,9,6,אלהים,subs,,D:Elohim,Torah
4166,1414602,428290,Genesis,9,8,אלהים,subs,,D:Elohim,Torah
4167,1414602,428290,Genesis,9,8,אל,prep,,C:divine-title-candidate,Torah
4168,1414602,428290,Genesis,9,8,נח,nmpr,pers,A:person-candidate,Torah
4170,1414602,428290,Genesis,9,8,אל,prep,,C:divine-title-candidate,Torah
4243,1414606,428302,Genesis,9,12,אלהים,subs,,D:Elohim,Torah
4337,1414610,428317,Genesis,9,16,אלהים,subs,,D:Elohim,Torah
4352,1414611,428319,Genesis,9,17,אלהים,subs,,D:Elohim,Torah
4353,1414611,428319,Genesis,9,17,אל,prep,,C:divine-title-candidate,Torah
4354,1414611,428319,Genesis,9,17,נח,nmpr,pers,A:person-candidate,Torah
4373,1414612,428323,Genesis,9,18,נח,nmpr,pers,A:person-candidate,Torah
4379,1414612,428323,Genesis,9,18,שם,nmpr,pers,A:person-candidate,Torah
4381,1414612,428323,Genesis,9,18,חם,nmpr,"pers,gens",F:unclassified-name,Torah
4383,1414612,428323,Genesis,9,18,יפת,nmpr,pers,A:person-candidate,Torah
4385,1414612,428325,Genesis,9,18,חם,nmpr,"pers,gens",F:unclassified-name,Torah
4388,1414612,428326,Genesis,9,18,כנען,nmpr,"pers,gens,topo",F:unclassified-name,Torah
4392,1414613,428327,Genesis,9,19,נח,nmpr,pers,A:person-candidate,Torah
4402,1414614,428330,Genesis,9,20,נח,nmpr,pers,A:person-candidate,Torah
4423,1414616,428335,Genesis,9,22,חם,nmpr,"pers,gens",F:unclassified-name,Torah
4425,1414616,428335,Genesis,9,22,כנען,nmpr,"pers,gens,topo",F:unclassified-name,Torah
4439,1414617,428337,Genesis,9,23,שם,nmpr,pers,A:person-candidate,Torah
4441,1414617,428337,Genesis,9,23,יפת,nmpr,pers,A:person-candidate,Torah
4468,1414618,428343,Genesis,9,24,נח,nmpr,pers,A:person-candidate,Torah
4483,1414619,428347,Genesis,9,25,כנען,nmpr,"pers,gens,topo",F:unclassified-name,Torah
4492,1414620,428350,Genesis,9,26,יהוה,nmpr,pers,E:YHWH,Torah
4493,1414620,428350,Genesis,9,26,אלהים,subs,,D:Elohim,Torah
4494,1414620,428350,Genesis,9,26,שם,nmpr,pers,A:person-candidate,Torah
4497,1414620,428351,Genesis,9,26,כנען,nmpr,"pers,gens,topo",F:unclassified-name,Torah
4501,1414621,428352,Genesis,9,27,אלהים,subs,,D:Elohim,Torah
4503,1414621,428352,Genesis,9,27,יפת,nmpr,pers,A:person-candidate,Torah
4508,1414621,428353,Genesis,9,27,שם,nmpr,pers,A:person-candidate,Torah
4511,1414621,428354,Genesis,9,27,כנען,nmpr,"pers,gens,topo",F:unclassified-name,Torah
4516,1414622,428355,Genesis,9,28,נח,nmpr,pers,A:person-candidate,Torah
4530,1414623,428356,Genesis,9,29,נח,nmpr,pers,A:person-candidate,Torah
4543,1414624,428358,Genesis,10,1,נח,nmpr,pers,A:person-candidate,Torah
4544,1414624,428358,Genesis,10,1,שם,nmpr,pers,A:person-candidate,Torah
4545,1414624,428358,Genesis,10,1,חם,nmpr,"pers,gens",F:unclassified-name,Torah
4547,1414624,428358,Genesis,10,1,יפת,nmpr,pers,A:person-candidate,Torah
4556,1414625,428360,Genesis,10,2,יפת,nmpr,pers,A:person-candidate,Torah
4557,1414625,428360,Genesis,10,2,גמר,nmpr,pers,A:person-candidate,Torah
4559,1414625,428360,Genesis,10,2,מגוג,nmpr,topo,F:unclassified-name,Torah
4561,1414625,428360,Genesis,10,2,מדי,nmpr,"pers,gens,topo",F:unclassified-name,Torah
4563,1414625,428360,Genesis,10,2,יון,nmpr,"pers,gens,topo",F:unclassified-name,Torah
4565,1414625,428360,Genesis,10,2,תבל,nmpr,gens,F:unclassified-name,Torah
4567,1414625,428360,Genesis,10,2,משך,nmpr,gens,F:unclassified-name,Torah
4569,1414625,428360,Genesis,10,2,תירס,nmpr,"pers,gens",F:unclassified-name,Torah
4572,1414626,428361,Genesis,10,3,גמר,nmpr,pers,A:person-candidate,Torah
4573,1414626,428361,Genesis,10,3,אשכנז,nmpr,gens,F:unclassified-name,Torah
4575,1414626,428361,Genesis,10,3,ריפת,nmpr,gens,F:unclassified-name,Torah
4577,1414626,428361,Genesis,10,3,תוגרמה,nmpr,topo,F:unclassified-name,Torah
4580,1414627,428362,Genesis,10,4,יון,nmpr,"pers,gens,topo",F:unclassified-name,Torah
4581,1414627,428362,Genesis,10,4,אלישה,nmpr,topo,F:unclassified-name,Torah
4583,1414627,428362,Genesis,10,4,תרשיש,nmpr,topo,F:unclassified-name,Torah
4604,1414629,428365,Genesis,10,6,חם,nmpr,"pers,gens",F:unclassified-name,Torah
4605,1414629,428365,Genesis,10,6,כוש,nmpr,topo,F:unclassified-name,Torah
4607,1414629,428365,Genesis,10,6,מצרים,nmpr,topo,F:unclassified-name,Torah
4609,1414629,428365,Genesis,10,6,פוט,nmpr,gens,F:unclassified-name,Torah
4611,1414629,428365,Genesis,10,6,כנען,nmpr,"pers,gens,topo",F:unclassified-name,Torah
4614,1414630,428366,Genesis,10,7,כוש,nmpr,pers,A:person-candidate,Torah
4615,1414630,428366,Genesis,10,7,סבא,nmpr,"pers,gens,topo",F:unclassified-name,Torah
4617,1414630,428366,Genesis,10,7,חוילה,nmpr,topo,F:unclassified-name,Torah
4619,1414630,428366,Genesis,10,7,סבתא,nmpr,"pers,gens,topo",F:unclassified-name,Torah
4621,1414630,428366,Genesis,10,7,רעמה,nmpr,"pers,gens",F:unclassified-name,Torah
4623,1414630,428366,Genesis,10,7,סבתכא,nmpr,"pers,gens,topo",F:unclassified-name,Torah
4626,1414630,428367,Genesis,10,7,רעמה,nmpr,"pers,gens",F:unclassified-name,Torah
4627,1414630,428367,Genesis,10,7,שבא,nmpr,topo,F:unclassified-name,Torah
4629,1414630,428367,Genesis,10,7,דדן,nmpr,topo,F:unclassified-name,Torah
4631,1414631,428368,Genesis,10,8,כוש,nmpr,pers,A:person-candidate,Torah
4634,1414631,428368,Genesis,10,8,נמרד,nmpr,pers,A:person-candidate,Torah
4649,1414632,428371,Genesis,10,9,יהוה,nmpr,pers,E:YHWH,Torah
4654,1414632,428373,Genesis,10,9,נמרד,nmpr,pers,A:person-candidate,Torah
4659,1414632,428373,Genesis,10,9,יהוה,nmpr,pers,E:YHWH,Torah
4664,1414633,428374,Genesis,10,10,בבל,nmpr,topo,F:unclassified-name,Torah
4666,1414633,428374,Genesis,10,10,ארך,nmpr,topo,F:unclassified-name,Torah
4668,1414633,428374,Genesis,10,10,אכד,nmpr,topo,F:unclassified-name,Torah
4670,1414633,428374,Genesis,10,10,כלנה,nmpr,topo,F:unclassified-name,Torah
4673,1414633,428374,Genesis,10,10,שנער,nmpr,topo,F:unclassified-name,Torah
4680,1414634,428375,Genesis,10,11,אשור,nmpr,topo,F:unclassified-name,Torah
4684,1414634,428376,Genesis,10,11,נינוה,nmpr,topo,F:unclassified-name,Torah
4687,1414634,428376,Genesis,10,11,רחבת עיר,nmpr,topo,F:unclassified-name,Torah
4690,1414634,428376,Genesis,10,11,כלח,nmpr,topo,F:unclassified-name,Torah
4693,1414635,428377,Genesis,10,12,רסן,nmpr,topo,F:unclassified-name,Torah
4695,1414635,428377,Genesis,10,12,נינוה,nmpr,topo,F:unclassified-name,Torah
4698,1414635,428377,Genesis,10,12,כלח,nmpr,topo,F:unclassified-name,Torah
4705,1414636,428379,Genesis,10,13,מצרים,nmpr,topo,F:unclassified-name,Torah
4708,1414636,428379,Genesis,10,13,לודים,nmpr,gens,F:unclassified-name,Torah
4711,1414636,428379,Genesis,10,13,ענמים,nmpr,gens,F:unclassified-name,Torah
4714,1414636,428379,Genesis,10,13,להבים,nmpr,gens,F:unclassified-name,Torah
4717,1414636,428379,Genesis,10,13,נפתחים,nmpr,gens,F:unclassified-name,Torah
4720,1414637,428380,Genesis,10,14,פתרסים,nmpr,gens,F:unclassified-name,Torah
4723,1414637,428380,Genesis,10,14,כסלחים,nmpr,gens,F:unclassified-name,Torah
4733,1414638,428382,Genesis,10,15,כנען,nmpr,"pers,gens,topo",F:unclassified-name,Torah
4736,1414638,428382,Genesis,10,15,צידון,nmpr,topo,F:unclassified-name,Torah
4740,1414638,428382,Genesis,10,15,חת,nmpr,pers,A:person-candidate,Torah
4789,1414642,428387,Genesis,10,19,צידון,nmpr,topo,F:unclassified-name,Torah
4791,1414642,428388,Genesis,10,19,גרר,nmpr,topo,F:unclassified-name,Torah
4793,1414642,428387,Genesis,10,19,עזה,nmpr,topo,F:unclassified-name,Torah
4795,1414642,428389,Genesis,10,19,סדם,nmpr,topo,F:unclassified-name,Torah
4797,1414642,428389,Genesis,10,19,עמרה,nmpr,topo,F:unclassified-name,Torah
4799,1414642,428389,Genesis,10,19,אדמה,nmpr,topo,F:unclassified-name,Torah
4801,1414642,428389,Genesis,10,19,צבאים,nmpr,topo,F:unclassified-name,Torah
4803,1414642,428387,Genesis,10,19,לשע,nmpr,topo,F:unclassified-name,Torah
4806,1414643,428390,Genesis,10,20,חם,nmpr,"pers,gens",F:unclassified-name,Torah
4817,1414644,428391,Genesis,10,21,שם,nmpr,pers,A:person-candidate,Torah
4824,1414644,428392,Genesis,10,21,עבר,nmpr,pers,A:person-candidate,Torah
4826,1414644,428392,Genesis,10,21,יפת,nmpr,pers,A:person-candidate,Torah
4830,1414645,428393,Genesis,10,22,שם,nmpr,pers,A:person-candidate,Torah
4831,1414645,428393,Genesis,10,22,עילם,nmpr,"pers,gens,topo",F:unclassified-name,Torah
4833,1414645,428393,Genesis,10,22,אשור,nmpr,topo,F:unclassified-name,Torah
4835,1414645,428393,Genesis,10,22,ארפכשד,nmpr,pers,A:person-candidate,Torah
4837,1414645,428393,Genesis,10,22,לוד,nmpr,pers,A:person-candidate,Torah
4839,1414645,428393,Genesis,10,22,ארם,nmpr,topo,F:unclassified-name,Torah
4842,1414646,428394,Genesis,10,23,ארם,nmpr,topo,F:unclassified-name,Torah
4843,1414646,428394,Genesis,10,23,עוץ,nmpr,pers,A:person-candidate,Torah
4845,1414646,428394,Genesis,10,23,חול,nmpr,topo,F:unclassified-name,Torah
4847,1414646,428394,Genesis,10,23,גתר,nmpr,pers,A:person-candidate,Torah
4849,1414646,428394,Genesis,10,23,מש,nmpr,"pers,gens",F:unclassified-name,Torah
4851,1414647,428395,Genesis,10,24,ארפכשד,nmpr,pers,A:person-candidate,Torah
4854,1414647,428395,Genesis,10,24,שלח,nmpr,pers,A:person-candidate,Torah
4856,1414647,428396,Genesis,10,24,שלח,nmpr,pers,A:person-candidate,Torah
4859,1414647,428396,Genesis,10,24,עבר,nmpr,pers,A:person-candidate,Torah
4862,1414648,428397,Genesis,10,25,עבר,nmpr,pers,A:person-candidate,Torah
4869,1414648,428398,Genesis,10,25,פלג,nmpr,pers,A:person-candidate,Torah
4879,1414648,428400,Genesis,10,25,יקטן,nmpr,pers,A:person-candidate,Torah
4881,1414649,428401,Genesis,10,26,יקטן,nmpr,pers,A:person-candidate,Torah
4884,1414649,428401,Genesis,10,26,אלמודד,nmpr,pers,A:person-candidate,Torah
4887,1414649,428401,Genesis,10,26,שלף,nmpr,topo,F:unclassified-name,Torah
4890,1414649,428401,Genesis,10,26,חצרמות,nmpr,topo,F:unclassified-name,Torah
4893,1414649,428401,Genesis,10,26,ירח,nmpr,pers,A:person-candidate,Torah
4896,1414650,428402,Genesis,10,27,הדורם,nmpr,pers,A:person-candidate,Torah
4899,1414650,428402,Genesis,10,27,אוזל,nmpr,pers,A:person-candidate,Torah
4902,1414650,428402,Genesis,10,27,דקלה,nmpr,pers,A:person-candidate,Torah
4905,1414651,428403,Genesis,10,28,עובל,nmpr,pers,A:person-candidate,Torah
4908,1414651,428403,Genesis,10,28,אבימאל,nmpr,pers,A:person-candidate,Torah
4911,1414651,428403,Genesis,10,28,שבא,nmpr,topo,F:unclassified-name,Torah
4914,1414652,428404,Genesis,10,29,אופיר,nmpr,topo,F:unclassified-name,Torah
4917,1414652,428404,Genesis,10,29,חוילה,nmpr,topo,F:unclassified-name,Torah
4920,1414652,428404,Genesis,10,29,יובב,nmpr,gens,F:unclassified-name,Torah
4924,1414652,428405,Genesis,10,29,יקטן,nmpr,pers,A:person-candidate,Torah
4929,1414653,428406,Genesis,10,30,משא,nmpr,topo,F:unclassified-name,Torah
4931,1414653,428407,Genesis,10,30,ספר,nmpr,topo,F:unclassified-name,Torah
4937,1414654,428408,Genesis,10,31,שם,nmpr,pers,A:person-candidate,Torah
4949,1414655,428409,Genesis,10,32,נח,nmpr,pers,A:person-candidate,Torah
4987,1414657,428414,Genesis,11,2,שנער,nmpr,topo,F:unclassified-name,Torah
4994,1414658,428417,Genesis,11,3,אל,prep,,C:divine-title-candidate,Torah
5044,1414660,428429,Genesis,11,5,יהוה,nmpr,pers,E:YHWH,Torah
5061,1414661,428432,Genesis,11,6,יהוה,nmpr,pers,E:YHWH,Torah
5099,1414663,428446,Genesis,11,8,יהוה,nmpr,pers,E:YHWH,Torah
5118,1414664,428449,Genesis,11,9,בבל,nmpr,topo,F:unclassified-name,Torah
5122,1414664,428450,Genesis,11,9,יהוה,nmpr,pers,E:YHWH,Torah
5131,1414664,428451,Genesis,11,9,יהוה,nmpr,pers,E:YHWH,Torah
5139,1414665,428452,Genesis,11,10,שם,nmpr,pers,A:person-candidate,Torah
5140,1414665,428453,Genesis,11,10,שם,nmpr,pers,A:person-candidate,Torah
5147,1414665,428454,Genesis,11,10,ארפכשד,nmpr,pers,A:person-candidate,Torah
5154,1414666,428455,Genesis,11,11,שם,nmpr,pers,A:person-candidate,Torah
5158,1414666,428456,Genesis,11,11,ארפכשד,nmpr,pers,A:person-candidate,Torah
5168,1414667,428458,Genesis,11,12,ארפכשד,nmpr,pers,A:person-candidate,Torah
5177,1414667,428459,Genesis,11,12,שלח,nmpr,pers,A:person-candidate,Torah
5180,1414668,428460,Genesis,11,13,ארפכשד,nmpr,pers,A:person-candidate,Torah
5184,1414668,428461,Genesis,11,13,שלח,nmpr,pers,A:person-candidate,Torah
5197,1414669,428463,Genesis,11,14,שלח,nmpr,pers,A:person-candidate,Torah
5204,1414669,428464,Genesis,11,14,עבר,nmpr,pers,A:person-candidate,Torah
5207,1414670,428465,Genesis,11,15,שלח,nmpr,pers,A:person-candidate,Torah
5211,1414670,428466,Genesis,11,15,עבר,nmpr,pers,A:person-candidate,Torah
5225,1414671,428468,Genesis,11,16,עבר,nmpr,pers,A:person-candidate,Torah
5233,1414671,428469,Genesis,11,16,פלג,nmpr,pers,A:person-candidate,Torah
5236,1414672,428470,Genesis,11,17,עבר,nmpr,pers,A:person-candidate,Torah
5240,1414672,428471,Genesis,11,17,פלג,nmpr,pers,A:person-candidate,Torah
5254,1414673,428473,Genesis,11,18,פלג,nmpr,pers,A:person-candidate,Torah
5260,1414673,428474,Genesis,11,18,רעו,nmpr,pers,A:person-candidate,Torah
5263,1414674,428475,Genesis,11,19,פלג,nmpr,pers,A:person-candidate,Torah
5267,1414674,428476,Genesis,11,19,רעו,nmpr,pers,A:person-candidate,Torah
5280,1414675,428478,Genesis,11,20,רעו,nmpr,pers,A:person-candidate,Torah
5288,1414675,428479,Genesis,11,20,שרוג,nmpr,pers,A:person-candidate,Torah
5291,1414676,428480,Genesis,11,21,רעו,nmpr,pers,A:person-candidate,Torah
5295,1414676,428481,Genesis,11,21,שרוג,nmpr,pers,A:person-candidate,Torah
5308,1414677,428483,Genesis,11,22,שרוג,nmpr,pers,A:person-candidate,Torah
5314,1414677,428484,Genesis,11,22,נחור,nmpr,pers,A:person-candidate,Torah
5317,1414678,428485,Genesis,11,23,שרוג,nmpr,pers,A:person-candidate,Torah
5321,1414678,428486,Genesis,11,23,נחור,nmpr,pers,A:person-candidate,Torah
5331,1414679,428488,Genesis,11,24,נחור,nmpr,pers,A:person-candidate,Torah
5339,1414679,428489,Genesis,11,24,תרח,nmpr,pers,A:person-candidate,Torah
5342,1414680,428490,Genesis,11,25,נחור,nmpr,pers,A:person-candidate,Torah
5346,1414680,428491,Genesis,11,25,תרח,nmpr,pers,A:person-candidate,Torah
5360,1414681,428493,Genesis,11,26,תרח,nmpr,pers,A:person-candidate,Torah
5366,1414681,428494,Genesis,11,26,אברם,nmpr,pers,A:person-candidate,Torah
5368,1414681,428494,Genesis,11,26,נחור,nmpr,pers,A:person-candidate,Torah
5371,1414681,428494,Genesis,11,26,הרן,nmpr,pers,A:person-candidate,Torah
5375,1414682,428495,Genesis,11,27,תרח,nmpr,pers,A:person-candidate,Torah
5376,1414682,428496,Genesis,11,27,תרח,nmpr,pers,A:person-candidate,Torah
5379,1414682,428496,Genesis,11,27,אברם,nmpr,pers,A:person-candidate,Torah
5381,1414682,428496,Genesis,11,27,נחור,nmpr,pers,A:person-candidate,Torah
5384,1414682,428496,Genesis,11,27,הרן,nmpr,pers,A:person-candidate,Torah
5386,1414682,428497,Genesis,11,27,הרן,nmpr,pers,A:person-candidate,Torah
5389,1414682,428497,Genesis,11,27,לוט,nmpr,pers,A:person-candidate,Torah
5392,1414683,428498,Genesis,11,28,הרן,nmpr,pers,A:person-candidate,Torah
5395,1414683,428498,Genesis,11,28,תרח,nmpr,pers,A:person-candidate,Torah
5401,1414683,428498,Genesis,11,28,אור,nmpr,topo,F:unclassified-name,Torah
5402,1414683,428498,Genesis,11,28,כשדים,nmpr,topo,F:unclassified-name,Torah
5405,1414684,428499,Genesis,11,29,אברם,nmpr,pers,A:person-candidate,Torah
5407,1414684,428499,Genesis,11,29,נחור,nmpr,pers,A:person-candidate,Torah
5412,1414684,428500,Genesis,11,29,אברם,nmpr,pers,A:person-candidate,Torah
5413,1414684,428500,Genesis,11,29,שרי,nmpr,pers,A:person-candidate,Torah
5417,1414684,428501,Genesis,11,29,נחור,nmpr,pers,A:person-candidate,Torah
5418,1414684,428501,Genesis,11,29,מלכה,nmpr,pers,A:person-candidate,Torah
5420,1414684,428501,Genesis,11,29,הרן,nmpr,pers,A:person-candidate,Torah
5422,1414684,428501,Genesis,11,29,מלכה,nmpr,pers,A:person-candidate,Torah
5425,1414684,428501,Genesis,11,29,יסכה,nmpr,pers,A:person-candidate,Torah
5428,1414685,428502,Genesis,11,30,שרי,nmpr,pers,A:person-candidate,Torah
5435,1414686,428504,Genesis,11,31,תרח,nmpr,pers,A:person-candidate,Torah
5437,1414686,428504,Genesis,11,31,אברם,nmpr,pers,A:person-candidate,Torah
5441,1414686,428504,Genesis,11,31,לוט,nmpr,pers,A:person-candidate,Torah
5443,1414686,428504,Genesis,11,31,הרן,nmpr,pers,A:person-candidate,Torah
5448,1414686,428504,Genesis,11,31,שרי,nmpr,pers,A:person-candidate,Torah
5451,1414686,428504,Genesis,11,31,אברם,nmpr,pers,A:person-candidate,Torah
5457,1414686,428505,Genesis,11,31,אור,nmpr,topo,F:unclassified-name,Torah
5458,1414686,428505,Genesis,11,31,כשדים,nmpr,topo,F:unclassified-name,Torah
5462,1414686,428506,Genesis,11,31,כנען,nmpr,"pers,gens,topo",F:unclassified-name,Torah
5466,1414686,428507,Genesis,11,31,חרן,nmpr,topo,F:unclassified-name,Torah
5473,1414687,428509,Genesis,11,32,תרח,nmpr,pers,A:person-candidate,Torah
5481,1414687,428510,Genesis,11,32,תרח,nmpr,pers,A:person-candidate,Torah
5483,1414687,428510,Genesis,11,32,חרן,nmpr,topo,F:unclassified-name,Torah
5486,1414688,428511,Genesis,12,1,יהוה,nmpr,pers,E:YHWH,Torah
5487,1414688,428511,Genesis,12,1,אל,prep,,C:divine-title-candidate,Torah
5488,1414688,428511,Genesis,12,1,אברם,nmpr,pers,A:person-candidate,Torah
5500,1414688,428512,Genesis,12,1,אל,prep,,C:divine-title-candidate,Torah
5533,1414691,428521,Genesis,12,4,אברם,nmpr,pers,A:person-candidate,Torah
5537,1414691,428522,Genesis,12,4,אל,prep,,C:divine-title-candidate,Torah
5538,1414691,428522,Genesis,12,4,יהוה,nmpr,pers,E:YHWH,Torah
5542,1414691,428523,Genesis,12,4,לוט,nmpr,pers,A:person-candidate,Torah
5544,1414691,428524,Genesis,12,4,אברם,nmpr,pers,A:person-candidate,Torah
5554,1414691,428525,Genesis,12,4,חרן,nmpr,topo,F:unclassified-name,Torah
5557,1414692,428526,Genesis,12,5,אברם,nmpr,pers,A:person-candidate,Torah
5559,1414692,428526,Genesis,12,5,שרי,nmpr,pers,A:person-candidate,Torah
5563,1414692,428526,Genesis,12,5,לוט,nmpr,pers,A:person-candidate,Torah
5579,1414692,428528,Genesis,12,5,חרן,nmpr,topo,F:unclassified-name,Torah
5585,1414692,428530,Genesis,12,5,כנען,nmpr,"pers,gens,topo",F:unclassified-name,Torah
5589,1414692,428531,Genesis,12,5,כנען,nmpr,"pers,gens,topo",F:unclassified-name,Torah
5592,1414693,428532,Genesis,12,6,אברם,nmpr,pers,A:person-candidate,Torah
5598,1414693,428532,Genesis,12,6,שכם,nmpr,topo,F:unclassified-name,Torah
5601,1414693,428532,Genesis,12,6,מורה,nmpr,topo,F:unclassified-name,Torah
5611,1414694,428534,Genesis,12,7,יהוה,nmpr,pers,E:YHWH,Torah
5612,1414694,428534,Genesis,12,7,אל,prep,,C:divine-title-candidate,Torah
5613,1414694,428534,Genesis,12,7,אברם,nmpr,pers,A:person-candidate,Torah
5629,1414694,428537,Genesis,12,7,יהוה,nmpr,pers,E:YHWH,Torah
5632,1414694,428538,Genesis,12,7,אל,prep,,C:divine-title-candidate,Torah
5642,1414695,428539,Genesis,12,8,בית אל,nmpr,topo,F:unclassified-name,Torah
5646,1414695,428541,Genesis,12,8,בית אל,nmpr,topo,F:unclassified-name,Torah
5651,1414695,428542,Genesis,12,8,עי,nmpr,topo,F:unclassified-name,Torah
5659,1414695,428543,Genesis,12,8,יהוה,nmpr,pers,E:YHWH,Torah
5664,1414695,428544,Genesis,12,8,יהוה,nmpr,pers,E:YHWH,Torah
5667,1414696,428545,Genesis,12,9,אברם,nmpr,pers,A:person-candidate,Torah
5681,1414697,428547,Genesis,12,10,אברם,nmpr,pers,A:person-candidate,Torah
5682,1414697,428547,Genesis,12,10,מצרים,nmpr,topo,F:unclassified-name,Torah
5700,1414698,428552,Genesis,12,11,מצרים,nmpr,topo,F:unclassified-name,Torah
5703,1414698,428553,Genesis,12,11,אל,prep,,C:divine-title-candidate,Torah
5704,1414698,428553,Genesis,12,11,שרי,nmpr,pers,A:person-candidate,Torah
5749,1414701,428567,Genesis,12,14,אברם,nmpr,pers,A:person-candidate,Torah
5750,1414701,428567,Genesis,12,14,מצרים,nmpr,topo,F:unclassified-name,Torah
5770,1414702,428571,Genesis,12,15,אל,prep,,C:divine-title-candidate,Torah
5780,1414703,428573,Genesis,12,16,אברם,nmpr,pers,A:person-candidate,Torah
5802,1414704,428575,Genesis,12,17,יהוה,nmpr,pers,E:YHWH,Torah
5812,1414704,428575,Genesis,12,17,שרי,nmpr,pers,A:person-candidate,Torah
5814,1414704,428575,Genesis,12,17,אברם,nmpr,pers,A:person-candidate,Torah
5819,1414705,428576,Genesis,12,18,אברם,nmpr,pers,A:person-candidate,Torah
5868,1414708,428591,Genesis,13,1,אברם,nmpr,pers,A:person-candidate,Torah
5870,1414708,428591,Genesis,13,1,מצרים,nmpr,topo,F:unclassified-name,Torah
5879,1414708,428593,Genesis,13,1,לוט,nmpr,pers,A:person-candidate,Torah
5884,1414709,428594,Genesis,13,2,אברם,nmpr,pers,A:person-candidate,Torah
5905,1414710,428595,Genesis,13,3,בית אל,nmpr,topo,F:unclassified-name,Torah
5917,1414710,428597,Genesis,13,3,בית אל,nmpr,topo,F:unclassified-name,Torah
5921,1414710,428597,Genesis,13,3,עי,nmpr,topo,F:unclassified-name,Torah
5922,1414711,428595,Genesis,13,4,אל,prep,,C:divine-title-candidate,Torah
5935,1414711,428599,Genesis,13,4,אברם,nmpr,pers,A:person-candidate,Torah
5938,1414711,428599,Genesis,13,4,יהוה,nmpr,pers,E:YHWH,Torah
5942,1414712,428600,Genesis,13,5,לוט,nmpr,pers,A:person-candidate,Torah
5946,1414712,428601,Genesis,13,5,אברם,nmpr,pers,A:person-candidate,Torah
5978,1414714,428607,Genesis,13,7,אברם,nmpr,pers,A:person-candidate,Torah
5983,1414714,428607,Genesis,13,7,לוט,nmpr,pers,A:person-candidate,Torah
5997,1414715,428609,Genesis,13,8,אברם,nmpr,pers,A:person-candidate,Torah
5998,1414715,428609,Genesis,13,8,אל,prep,,C:divine-title-candidate,Torah
5999,1414715,428609,Genesis,13,8,לוט,nmpr,pers,A:person-candidate,Torah
6000,1414715,428610,Genesis,13,8,אל,nega,,C:divine-title-candidate,Torah
6041,1414717,428618,Genesis,13,10,לוט,nmpr,pers,A:person-candidate,Torah
6050,1414717,428619,Genesis,13,10,ירדן,nmpr,topo,F:unclassified-name,Torah
6057,1414717,428621,Genesis,13,10,יהוה,nmpr,pers,E:YHWH,Torah
6059,1414717,428621,Genesis,13,10,סדם,nmpr,topo,F:unclassified-name,Torah
6062,1414717,428621,Genesis,13,10,עמרה,nmpr,topo,F:unclassified-name,Torah
6065,1414717,428620,Genesis,13,10,יהוה,nmpr,pers,E:YHWH,Torah
6068,1414717,428620,Genesis,13,10,מצרים,nmpr,topo,F:unclassified-name,Torah
6070,1414717,428622,Genesis,13,10,צער,nmpr,topo,F:unclassified-name,Torah
6074,1414718,428623,Genesis,13,11,לוט,nmpr,pers,A:person-candidate,Torah
6079,1414718,428623,Genesis,13,11,ירדן,nmpr,topo,F:unclassified-name,Torah
6082,1414718,428624,Genesis,13,11,לוט,nmpr,pers,A:person-candidate,Torah
6091,1414719,428627,Genesis,13,12,אברם,nmpr,pers,A:person-candidate,Torah
6095,1414719,428627,Genesis,13,12,כנען,nmpr,"pers,gens,topo",F:unclassified-name,Torah
6097,1414719,428628,Genesis,13,12,לוט,nmpr,pers,A:person-candidate,Torah
6106,1414719,428629,Genesis,13,12,סדם,nmpr,topo,F:unclassified-name,Torah
6109,1414720,428630,Genesis,13,13,סדם,nmpr,topo,F:unclassified-name,Torah
6114,1414720,428630,Genesis,13,13,יהוה,nmpr,pers,E:YHWH,Torah
6117,1414721,428631,Genesis,13,14,יהוה,nmpr,pers,E:YHWH,Torah
6119,1414721,428631,Genesis,13,14,אל,prep,,C:divine-title-candidate,Torah
6120,1414721,428631,Genesis,13,14,אברם,nmpr,pers,A:person-candidate,Torah
6123,1414721,428632,Genesis,13,14,לוט,nmpr,pers,A:person-candidate,Torah
6195,1414725,428647,Genesis,13,18,אברם,nmpr,pers,A:person-candidate,Torah
6202,1414725,428649,Genesis,13,18,ממרא,nmpr,topo,F:unclassified-name,Torah
6205,1414725,428650,Genesis,13,18,חברון,nmpr,topo,F:unclassified-name,Torah
6211,1414725,428651,Genesis,13,18,יהוה,nmpr,pers,E:YHWH,Torah
6216,1414726,428652,Genesis,14,1,אמרפל,nmpr,pers,A:person-candidate,Torah
6217,1414726,428652,Genesis,14,1,מלך,subs,,B:deity-candidate,Torah
6218,1414726,428652,Genesis,14,1,שנער,nmpr,topo,F:unclassified-name,Torah
6219,1414726,428652,Genesis,14,1,אריוך,nmpr,pers,A:person-candidate,Torah
6220,1414726,428652,Genesis,14,1,מלך,subs,,B:deity-candidate,Torah
6221,1414726,428652,Genesis,14,1,אלסר,nmpr,topo,F:unclassified-name,Torah
6222,1414726,428652,Genesis,14,1,כדרלעמר,nmpr,pers,A:person-candidate,Torah
6223,1414726,428652,Genesis,14,1,מלך,subs,,B:deity-candidate,Torah
6224,1414726,428652,Genesis,14,1,עילם,nmpr,"pers,gens,topo",F:unclassified-name,Torah
6226,1414726,428652,Genesis,14,1,תדעל,nmpr,pers,A:person-candidate,Torah
6227,1414726,428652,Genesis,14,1,מלך,subs,,B:deity-candidate,Torah
6228,1414726,428652,Genesis,14,1,גוים,nmpr,topo,F:unclassified-name,Torah
6232,1414727,428653,Genesis,14,2,ברע,nmpr,pers,A:person-candidate,Torah
6233,1414727,428653,Genesis,14,2,מלך,subs,,B:deity-candidate,Torah
6234,1414727,428653,Genesis,14,2,סדם,nmpr,topo,F:unclassified-name,Torah
6237,1414727,428653,Genesis,14,2,ברשע,nmpr,pers,A:person-candidate,Torah
6238,1414727,428653,Genesis,14,2,מלך,subs,,B:deity-candidate,Torah
6239,1414727,428653,Genesis,14,2,עמרה,nmpr,topo,F:unclassified-name,Torah
6240,1414727,428653,Genesis,14,2,שנאב,nmpr,pers,A:person-candidate,Torah
6241,1414727,428653,Genesis,14,2,מלך,subs,,B:deity-candidate,Torah
6242,1414727,428653,Genesis,14,2,אדמה,nmpr,topo,F:unclassified-name,Torah
6244,1414727,428653,Genesis,14,2,שמאבר,nmpr,pers,A:person-candidate,Torah
6245,1414727,428653,Genesis,14,2,מלך,subs,,B:deity-candidate,Torah
6246,1414727,428653,Genesis,14,2,צבאים,nmpr,topo,F:unclassified-name,Torah
6248,1414727,428653,Genesis,14,2,מלך,subs,,B:deity-candidate,Torah
6249,1414727,428653,Genesis,14,2,בלע,nmpr,topo,F:unclassified-name,Torah
6251,1414727,428654,Genesis,14,2,צער,nmpr,topo,F:unclassified-name,Torah
6255,1414728,428655,Genesis,14,3,אל,prep,,C:divine-title-candidate,Torah
6258,1414728,428655,Genesis,14,3,שדים,nmpr,topo,F:unclassified-name,Torah
6268,1414729,428657,Genesis,14,4,כדרלעמר,nmpr,pers,A:person-candidate,Torah
6280,1414730,428659,Genesis,14,5,כדרלעמר,nmpr,pers,A:person-candidate,Torah
6283,1414730,428659,Genesis,14,5,מלך,subs,,B:deity-candidate,Torah
6289,1414730,428661,Genesis,14,5,רפאים,nmpr,gens,F:unclassified-name,Torah
6291,1414730,428661,Genesis,14,5,עשתרת קרנים,nmpr,topo,F:unclassified-name,Torah
6297,1414730,428662,Genesis,14,5,הם,nmpr,topo,F:unclassified-name,Torah
6304,1414730,428663,Genesis,14,5,קריתים,nmpr,topo,F:unclassified-name,Torah
6311,1414731,428664,Genesis,14,6,שעיר,nmpr,topo,F:unclassified-name,Torah
6313,1414731,428664,Genesis,14,6,איל פארן,nmpr,topo,F:unclassified-name,Torah
6322,1414732,428667,Genesis,14,7,אל,prep,,C:divine-title-candidate,Torah
6323,1414732,428667,Genesis,14,7,עין משפט,nmpr,topo,F:unclassified-name,Torah
6325,1414732,428668,Genesis,14,7,קדש,nmpr,topo,F:unclassified-name,Torah
6341,1414732,428670,Genesis,14,7,חצצן תמר,nmpr,topo,F:unclassified-name,Torah
6344,1414733,428671,Genesis,14,8,מלך,subs,,B:deity-candidate,Torah
6345,1414733,428671,Genesis,14,8,סדם,nmpr,topo,F:unclassified-name,Torah
6347,1414733,428671,Genesis,14,8,מלך,subs,,B:deity-candidate,Torah
6348,1414733,428671,Genesis,14,8,עמרה,nmpr,topo,F:unclassified-name,Torah
6350,1414733,428671,Genesis,14,8,מלך,subs,,B:deity-candidate,Torah
6351,1414733,428671,Genesis,14,8,אדמה,nmpr,topo,F:unclassified-name,Torah
6353,1414733,428671,Genesis,14,8,מלך,subs,,B:deity-candidate,Torah
6354,1414733,428671,Genesis,14,8,צבאים,nmpr,topo,F:unclassified-name,Torah
6356,1414733,428671,Genesis,14,8,מלך,subs,,B:deity-candidate,Torah
6357,1414733,428671,Genesis,14,8,בלע,nmpr,topo,F:unclassified-name,Torah
6359,1414733,428672,Genesis,14,8,צער,nmpr,topo,F:unclassified-name,Torah
6367,1414733,428673,Genesis,14,8,שדים,nmpr,topo,F:unclassified-name,Torah
6369,1414734,428674,Genesis,14,9,כדרלעמר,nmpr,pers,A:person-candidate,Torah
6370,1414734,428674,Genesis,14,9,מלך,subs,,B:deity-candidate,Torah
6371,1414734,428674,Genesis,14,9,עילם,nmpr,"pers,gens,topo",F:unclassified-name,Torah
6373,1414734,428674,Genesis,14,9,תדעל,nmpr,pers,A:person-candidate,Torah
6374,1414734,428674,Genesis,14,9,מלך,subs,,B:deity-candidate,Torah
6375,1414734,428674,Genesis,14,9,גוים,nmpr,topo,F:unclassified-name,Torah
6377,1414734,428674,Genesis,14,9,אמרפל,nmpr,pers,A:person-candidate,Torah
6378,1414734,428674,Genesis,14,9,מלך,subs,,B:deity-candidate,Torah
6379,1414734,428674,Genesis,14,9,שנער,nmpr,topo,F:unclassified-name,Torah
6381,1414734,428674,Genesis,14,9,אריוך,nmpr,pers,A:person-candidate,Torah
6382,1414734,428674,Genesis,14,9,מלך,subs,,B:deity-candidate,Torah
6383,1414734,428674,Genesis,14,9,אלסר,nmpr,topo,F:unclassified-name,Torah
6385,1414734,428675,Genesis,14,9,מלך,subs,,B:deity-candidate,Torah
6392,1414735,428676,Genesis,14,10,שדים,nmpr,topo,F:unclassified-name,Torah
6398,1414735,428677,Genesis,14,10,מלך,subs,,B:deity-candidate,Torah
6399,1414735,428677,Genesis,14,10,סדם,nmpr,topo,F:unclassified-name,Torah
6401,1414735,428677,Genesis,14,10,עמרה,nmpr,topo,F:unclassified-name,Torah
6415,1414736,428680,Genesis,14,11,סדם,nmpr,topo,F:unclassified-name,Torah
6417,1414736,428680,Genesis,14,11,עמרה,nmpr,topo,F:unclassified-name,Torah
6427,1414737,428682,Genesis,14,12,לוט,nmpr,pers,A:person-candidate,Torah
6433,1414737,428682,Genesis,14,12,אברם,nmpr,pers,A:person-candidate,Torah
6440,1414737,428684,Genesis,14,12,סדם,nmpr,topo,F:unclassified-name,Torah
6448,1414738,428686,Genesis,14,13,אברם,nmpr,pers,A:person-candidate,Torah
6456,1414738,428687,Genesis,14,13,ממרא,nmpr,pers,A:person-candidate,Torah
6460,1414738,428687,Genesis,14,13,אשכל,nmpr,pers,A:person-candidate,Torah
6463,1414738,428687,Genesis,14,13,ענר,nmpr,pers,A:person-candidate,Torah
6466,1414738,428688,Genesis,14,13,בעל,subs,,B:deity-candidate,Torah
6468,1414738,428688,Genesis,14,13,אברם,nmpr,pers,A:person-candidate,Torah
6471,1414739,428689,Genesis,14,14,אברם,nmpr,pers,A:person-candidate,Torah
6489,1414739,428692,Genesis,14,14,דן,nmpr,"pers,gens,topo",F:unclassified-name,Torah
6502,1414740,428695,Genesis,14,15,חובה,nmpr,topo,F:unclassified-name,Torah
6507,1414740,428696,Genesis,14,15,דמשק,nmpr,topo,F:unclassified-name,Torah
6517,1414741,428698,Genesis,14,16,לוט,nmpr,pers,A:person-candidate,Torah
6533,1414742,428699,Genesis,14,17,מלך,subs,,B:deity-candidate,Torah
6534,1414742,428699,Genesis,14,17,סדם,nmpr,topo,F:unclassified-name,Torah
6542,1414742,428702,Genesis,14,17,כדרלעמר,nmpr,pers,A:person-candidate,Torah
6546,1414742,428702,Genesis,14,17,מלך,subs,,B:deity-candidate,Torah
6549,1414742,428702,Genesis,14,17,אל,prep,,C:divine-title-candidate,Torah
6551,1414742,428702,Genesis,14,17,שוה,nmpr,topo,F:unclassified-name,Torah
6555,1414742,428704,Genesis,14,17,מלך,subs,,B:deity-candidate,Torah
6557,1414743,428705,Genesis,14,18,מלכי צדק,nmpr,pers,A:person-candidate,Torah
6558,1414743,428705,Genesis,14,18,מלך,subs,,B:deity-candidate,Torah
6559,1414743,428705,Genesis,14,18,שלם,nmpr,topo,F:unclassified-name,Torah
6568,1414743,428706,Genesis,14,18,אל,subs,,C:divine-title-candidate,Torah
6569,1414743,428706,Genesis,14,18,עליון,adjv,,C:divine-title-candidate,Torah
6575,1414744,428709,Genesis,14,19,אברם,nmpr,pers,A:person-candidate,Torah
6577,1414744,428709,Genesis,14,19,אל,subs,,C:divine-title-candidate,Torah
6578,1414744,428709,Genesis,14,19,עליון,adjv,,C:divine-title-candidate,Torah
6585,1414745,428710,Genesis,14,20,אל,subs,,C:divine-title-candidate,Torah
6586,1414745,428710,Genesis,14,20,עליון,adjv,,C:divine-title-candidate,Torah
6600,1414746,428713,Genesis,14,21,מלך,subs,,B:deity-candidate,Torah
6601,1414746,428713,Genesis,14,21,סדם,nmpr,topo,F:unclassified-name,Torah
6602,1414746,428713,Genesis,14,21,אל,prep,,C:divine-title-candidate,Torah
6603,1414746,428713,Genesis,14,21,אברם,nmpr,pers,A:person-candidate,Torah
6615,1414747,428716,Genesis,14,22,אברם,nmpr,pers,A:person-candidate,Torah
6616,1414747,428716,Genesis,14,22,אל,prep,,C:divine-title-candidate,Torah
6617,1414747,428716,Genesis,14,22,מלך,subs,,B:deity-candidate,Torah
6618,1414747,428716,Genesis,14,22,סדם,nmpr,topo,F:unclassified-name,Torah
6621,1414747,428717,Genesis,14,22,אל,prep,,C:divine-title-candidate,Torah
6622,1414747,428717,Genesis,14,22,יהוה,nmpr,pers,E:YHWH,Torah
6623,1414747,428717,Genesis,14,22,אל,subs,,C:divine-title-candidate,Torah
6624,1414747,428717,Genesis,14,22,עליון,adjv,,C:divine-title-candidate,Torah
6649,1414748,428722,Genesis,14,23,אברם,nmpr,pers,A:person-candidate,Torah
6663,1414749,428726,Genesis,14,24,ענר,nmpr,pers,A:person-candidate,Torah
6664,1414749,428726,Genesis,14,24,אשכל,nmpr,pers,A:person-candidate,Torah
6666,1414749,428726,Genesis,14,24,ממרא,nmpr,pers,A:person-candidate,Torah
6677,1414750,428729,Genesis,15,1,יהוה,nmpr,pers,E:YHWH,Torah
6678,1414750,428729,Genesis,15,1,אל,prep,,C:divine-title-candidate,Torah
6679,1414750,428729,Genesis,15,1,אברם,nmpr,pers,A:person-candidate,Torah
6685,1414750,428731,Genesis,15,1,אל,nega,,C:divine-title-candidate,Torah
6687,1414750,428732,Genesis,15,1,אברם,nmpr,pers,A:person-candidate,Torah
6696,1414751,428735,Genesis,15,2,אברם,nmpr,pers,A:person-candidate,Torah
6697,1414751,428736,Genesis,15,2,אדני,nmpr,pers,C:divine-title-candidate,Torah
6698,1414751,428736,Genesis,15,2,יהוה,nmpr,pers,E:YHWH,Torah
6711,1414751,428740,Genesis,15,2,דמשק,nmpr,topo,F:unclassified-name,Torah
6712,1414751,428740,Genesis,15,2,אליעזר,nmpr,pers,A:person-candidate,Torah
6715,1414752,428741,Genesis,15,3,אברם,nmpr,pers,A:person-candidate,Torah
6730,1414753,428744,Genesis,15,4,יהוה,nmpr,pers,E:YHWH,Torah
6731,1414753,428744,Genesis,15,4,אל,prep,,C:divine-title-candidate,Torah
6774,1414755,428758,Genesis,15,6,יהוה,nmpr,pers,E:YHWH,Torah
6781,1414756,428760,Genesis,15,7,אל,prep,,C:divine-title-candidate,Torah
6783,1414756,428761,Genesis,15,7,יהוה,nmpr,pers,E:YHWH,Torah
6787,1414756,428762,Genesis,15,7,אור,nmpr,topo,F:unclassified-name,Torah
6788,1414756,428762,Genesis,15,7,כשדים,nmpr,topo,F:unclassified-name,Torah
6801,1414757,428766,Genesis,15,8,אדני,nmpr,pers,C:divine-title-candidate,Torah
6802,1414757,428766,Genesis,15,8,יהוה,nmpr,pers,E:YHWH,Torah
6810,1414758,428769,Genesis,15,9,אל,prep,,C:divine-title-candidate,Torah
6860,1414760,428777,Genesis,15,11,אברם,nmpr,pers,A:person-candidate,Torah
6871,1414761,428780,Genesis,15,12,אברם,nmpr,pers,A:person-candidate,Torah
6882,1414762,428782,Genesis,15,13,אברם,nmpr,pers,A:person-candidate,Torah
6920,1414764,428791,Genesis,15,15,אל,prep,,C:divine-title-candidate,Torah
6969,1414767,428800,Genesis,15,18,יהוה,nmpr,pers,E:YHWH,Torah
6971,1414767,428800,Genesis,15,18,אברם,nmpr,pers,A:person-candidate,Torah
6985,1414767,428802,Genesis,15,18,מצרים,nmpr,topo,F:unclassified-name,Torah
6992,1414767,428802,Genesis,15,18,פרת,nmpr,topo,F:unclassified-name,Torah
7015,1414769,428804,Genesis,15,20,רפאים,nmpr,gens,F:unclassified-name,Torah
7033,1414771,428806,Genesis,16,1,שרי,nmpr,pers,A:person-candidate,Torah
7035,1414771,428806,Genesis,16,1,אברם,nmpr,pers,A:person-candidate,Torah
7045,1414771,428808,Genesis,16,1,הגר,nmpr,pers,A:person-candidate,Torah
7048,1414772,428809,Genesis,16,2,שרי,nmpr,pers,A:person-candidate,Torah
7049,1414772,428809,Genesis,16,2,אל,prep,,C:divine-title-candidate,Torah
7050,1414772,428809,Genesis,16,2,אברם,nmpr,pers,A:person-candidate,Torah
7054,1414772,428810,Genesis,16,2,יהוה,nmpr,pers,E:YHWH,Torah
7059,1414772,428812,Genesis,16,2,אל,prep,,C:divine-title-candidate,Torah
7066,1414772,428814,Genesis,16,2,אברם,nmpr,pers,A:person-candidate,Torah
7069,1414772,428814,Genesis,16,2,שרי,nmpr,pers,A:person-candidate,Torah
7072,1414773,428815,Genesis,16,3,שרי,nmpr,pers,A:person-candidate,Torah
7074,1414773,428815,Genesis,16,3,אברם,nmpr,pers,A:person-candidate,Torah
7076,1414773,428815,Genesis,16,3,הגר,nmpr,pers,A:person-candidate,Torah
7086,1414773,428816,Genesis,16,3,אברם,nmpr,pers,A:person-candidate,Torah
7089,1414773,428816,Genesis,16,3,כנען,nmpr,"pers,gens,topo",F:unclassified-name,Torah
7094,1414773,428817,Genesis,16,3,אברם,nmpr,pers,A:person-candidate,Torah
7101,1414774,428818,Genesis,16,4,אל,prep,,C:divine-title-candidate,Torah
7102,1414774,428818,Genesis,16,4,הגר,nmpr,pers,A:person-candidate,Torah
7116,1414775,428823,Genesis,16,5,שרי,nmpr,pers,A:person-candidate,Torah
7117,1414775,428823,Genesis,16,5,אל,prep,,C:divine-title-candidate,Torah
7118,1414775,428823,Genesis,16,5,אברם,nmpr,pers,A:person-candidate,Torah
7135,1414775,428829,Genesis,16,5,יהוה,nmpr,pers,E:YHWH,Torah
7141,1414776,428830,Genesis,16,6,אברם,nmpr,pers,A:person-candidate,Torah
7142,1414776,428830,Genesis,16,6,אל,prep,,C:divine-title-candidate,Torah
7143,1414776,428830,Genesis,16,6,שרי,nmpr,pers,A:person-candidate,Torah
7156,1414776,428834,Genesis,16,6,שרי,nmpr,pers,A:person-candidate,Torah
7164,1414777,428836,Genesis,16,7,יהוה,nmpr,pers,E:YHWH,Torah
7177,1414777,428836,Genesis,16,7,שור,nmpr,topo,F:unclassified-name,Torah
7180,1414778,428838,Genesis,16,8,הגר,nmpr,pers,A:person-candidate,Torah
7182,1414778,428838,Genesis,16,8,שרי,nmpr,pers,A:person-candidate,Torah
7194,1414778,428842,Genesis,16,8,שרי,nmpr,pers,A:person-candidate,Torah
7202,1414779,428843,Genesis,16,9,יהוה,nmpr,pers,E:YHWH,Torah
7204,1414779,428844,Genesis,16,9,אל,prep,,C:divine-title-candidate,Torah
7214,1414780,428846,Genesis,16,10,יהוה,nmpr,pers,E:YHWH,Torah
7228,1414781,428849,Genesis,16,11,יהוה,nmpr,pers,E:YHWH,Torah
7237,1414781,428852,Genesis,16,11,ישמעאל,nmpr,pers,A:person-candidate,Torah
7240,1414781,428853,Genesis,16,11,יהוה,nmpr,pers,E:YHWH,Torah
7241,1414781,428853,Genesis,16,11,אל,prep,,C:divine-title-candidate,Torah
7265,1414783,428858,Genesis,16,13,יהוה,nmpr,pers,E:YHWH,Torah
7268,1414783,428859,Genesis,16,13,אל,prep,,C:divine-title-candidate,Torah
7270,1414783,428860,Genesis,16,13,אל,subs,,C:divine-title-candidate,Torah
7287,1414784,428864,Genesis,16,14,לחי ראי,nmpr,topo,F:unclassified-name,Torah
7290,1414784,428865,Genesis,16,14,קדש,nmpr,topo,F:unclassified-name,Torah
7293,1414784,428865,Genesis,16,14,ברד,nmpr,topo,F:unclassified-name,Torah
7296,1414785,428866,Genesis,16,15,הגר,nmpr,pers,A:person-candidate,Torah
7298,1414785,428866,Genesis,16,15,אברם,nmpr,pers,A:person-candidate,Torah
7302,1414785,428867,Genesis,16,15,אברם,nmpr,pers,A:person-candidate,Torah
7307,1414785,428868,Genesis,16,15,הגר,nmpr,pers,A:person-candidate,Torah
7308,1414785,428867,Genesis,16,15,ישמעאל,nmpr,pers,A:person-candidate,Torah
7310,1414786,428869,Genesis,16,16,אברם,nmpr,pers,A:person-candidate,Torah
7319,1414786,428870,Genesis,16,16,הגר,nmpr,pers,A:person-candidate,Torah
7321,1414786,428870,Genesis,16,16,ישמעאל,nmpr,pers,A:person-candidate,Torah
7323,1414786,428870,Genesis,16,16,אברם,nmpr,pers,A:person-candidate,Torah
7326,1414787,428871,Genesis,17,1,אברם,nmpr,pers,A:person-candidate,Torah
7335,1414787,428872,Genesis,17,1,יהוה,nmpr,pers,E:YHWH,Torah
7336,1414787,428872,Genesis,17,1,אל,prep,,C:divine-title-candidate,Torah
7337,1414787,428872,Genesis,17,1,אברם,nmpr,pers,A:person-candidate,Torah
7340,1414787,428873,Genesis,17,1,אל,prep,,C:divine-title-candidate,Torah
7342,1414787,428874,Genesis,17,1,אל,subs,,C:divine-title-candidate,Torah
7343,1414787,428874,Genesis,17,1,שדי,nmpr,pers,C:divine-title-candidate,Torah
7364,1414789,428879,Genesis,17,3,אברם,nmpr,pers,A:person-candidate,Torah
7370,1414789,428880,Genesis,17,3,אלהים,subs,,D:Elohim,Torah
7389,1414791,428885,Genesis,17,5,אברם,nmpr,pers,A:person-candidate,Torah
7393,1414791,428886,Genesis,17,5,אברהם,nmpr,pers,A:person-candidate,Torah
7410,1414792,428890,Genesis,17,6,מלך,subs,,B:deity-candidate,Torah
7433,1414793,428892,Genesis,17,7,אלהים,subs,,D:Elohim,Torah
7451,1414794,428893,Genesis,17,8,כנען,nmpr,"pers,gens,topo",F:unclassified-name,Torah
7459,1414794,428894,Genesis,17,8,אלהים,subs,,D:Elohim,Torah
7462,1414795,428895,Genesis,17,9,אלהים,subs,,D:Elohim,Torah
7463,1414795,428895,Genesis,17,9,אל,prep,,C:divine-title-candidate,Torah
7464,1414795,428895,Genesis,17,9,אברהם,nmpr,pers,A:person-candidate,Torah
7565,1414801,428910,Genesis,17,15,אלהים,subs,,D:Elohim,Torah
7566,1414801,428910,Genesis,17,15,אל,prep,,C:divine-title-candidate,Torah
7567,1414801,428910,Genesis,17,15,אברהם,nmpr,pers,A:person-candidate,Torah
7568,1414801,428911,Genesis,17,15,שרי,nmpr,pers,A:person-candidate,Torah
7574,1414801,428912,Genesis,17,15,שרי,nmpr,pers,A:person-candidate,Torah
7576,1414801,428913,Genesis,17,15,שרה,nmpr,pers,A:person-candidate,Torah
7593,1414802,428918,Genesis,17,16,מלך,subs,,B:deity-candidate,Torah
7599,1414803,428919,Genesis,17,17,אברהם,nmpr,pers,A:person-candidate,Torah
7616,1414803,428923,Genesis,17,17,שרה,nmpr,pers,A:person-candidate,Torah
7624,1414804,428925,Genesis,17,18,אברהם,nmpr,pers,A:person-candidate,Torah
7625,1414804,428925,Genesis,17,18,אל,prep,,C:divine-title-candidate,Torah
7627,1414804,428925,Genesis,17,18,אלהים,subs,,D:Elohim,Torah
7629,1414804,428926,Genesis,17,18,ישמעאל,nmpr,pers,A:person-candidate,Torah
7635,1414805,428927,Genesis,17,19,אלהים,subs,,D:Elohim,Torah
7637,1414805,428928,Genesis,17,19,שרה,nmpr,pers,A:person-candidate,Torah
7646,1414805,428929,Genesis,17,19,יצחק,nmpr,pers,A:person-candidate,Torah
7660,1414806,428931,Genesis,17,20,ישמעאל,nmpr,pers,A:person-candidate,Torah
7688,1414807,428937,Genesis,17,21,יצחק,nmpr,pers,A:person-candidate,Torah
7692,1414807,428938,Genesis,17,21,שרה,nmpr,pers,A:person-candidate,Torah
7710,1414808,428941,Genesis,17,22,אלהים,subs,,D:Elohim,Torah
7713,1414808,428941,Genesis,17,22,אברהם,nmpr,pers,A:person-candidate,Torah
7716,1414809,428942,Genesis,17,23,אברהם,nmpr,pers,A:person-candidate,Torah
7718,1414809,428942,Genesis,17,23,ישמעאל,nmpr,pers,A:person-candidate,Torah
7735,1414809,428942,Genesis,17,23,אברהם,nmpr,pers,A:person-candidate,Torah
7751,1414809,428944,Genesis,17,23,אלהים,subs,,D:Elohim,Torah
7753,1414810,428945,Genesis,17,24,אברהם,nmpr,pers,A:person-candidate,Torah
7764,1414811,428947,Genesis,17,25,ישמעאל,nmpr,pers,A:person-candidate,Torah
7782,1414812,428949,Genesis,17,26,אברהם,nmpr,pers,A:person-candidate,Torah
7784,1414812,428949,Genesis,17,26,ישמעאל,nmpr,pers,A:person-candidate,Torah
7803,1414814,428951,Genesis,18,1,אל,prep,,C:divine-title-candidate,Torah
7804,1414814,428951,Genesis,18,1,יהוה,nmpr,pers,E:YHWH,Torah
7807,1414814,428951,Genesis,18,1,ממרא,nmpr,topo,F:unclassified-name,Torah
7844,1414816,428962,Genesis,18,3,אדני,nmpr,pers,C:divine-title-candidate,Torah
7851,1414816,428964,Genesis,18,3,אל,nega,,C:divine-title-candidate,Torah
7893,1414819,428975,Genesis,18,6,אברהם,nmpr,pers,A:person-candidate,Torah
7896,1414819,428975,Genesis,18,6,אל,prep,,C:divine-title-candidate,Torah
7897,1414819,428975,Genesis,18,6,שרה,nmpr,pers,A:person-candidate,Torah
7910,1414820,428980,Genesis,18,7,אל,prep,,C:divine-title-candidate,Torah
7914,1414820,428980,Genesis,18,7,אברהם,nmpr,pers,A:person-candidate,Torah
7924,1414820,428982,Genesis,18,7,אל,prep,,C:divine-title-candidate,Torah
7958,1414822,428990,Genesis,18,9,אל,prep,,C:divine-title-candidate,Torah
7960,1414822,428991,Genesis,18,9,שרה,nmpr,pers,A:person-candidate,Torah
7972,1414823,428995,Genesis,18,10,אל,prep,,C:divine-title-candidate,Torah
7981,1414823,428996,Genesis,18,10,שרה,nmpr,pers,A:person-candidate,Torah
7984,1414823,428997,Genesis,18,10,שרה,nmpr,pers,A:person-candidate,Torah
7993,1414824,428999,Genesis,18,11,אברהם,nmpr,pers,A:person-candidate,Torah
7995,1414824,428999,Genesis,18,11,שרה,nmpr,pers,A:person-candidate,Torah
8005,1414824,429002,Genesis,18,11,שרה,nmpr,pers,A:person-candidate,Torah
8012,1414825,429003,Genesis,18,12,שרה,nmpr,pers,A:person-candidate,Torah
8027,1414826,429008,Genesis,18,13,יהוה,nmpr,pers,E:YHWH,Torah
8028,1414826,429008,Genesis,18,13,אל,prep,,C:divine-title-candidate,Torah
8029,1414826,429008,Genesis,18,13,אברהם,nmpr,pers,A:person-candidate,Torah
8033,1414826,429009,Genesis,18,13,שרה,nmpr,pers,A:person-candidate,Torah
8046,1414827,429013,Genesis,18,14,יהוה,nmpr,pers,E:YHWH,Torah
8052,1414827,429014,Genesis,18,14,אל,prep,,C:divine-title-candidate,Torah
8059,1414827,429015,Genesis,18,14,שרה,nmpr,pers,A:person-candidate,Torah
8063,1414828,429016,Genesis,18,15,שרה,nmpr,pers,A:person-candidate,Torah
8085,1414829,429024,Genesis,18,16,סדם,nmpr,topo,F:unclassified-name,Torah
8087,1414829,429025,Genesis,18,16,אברהם,nmpr,pers,A:person-candidate,Torah
8093,1414830,429027,Genesis,18,17,יהוה,nmpr,pers,E:YHWH,Torah
8099,1414830,429028,Genesis,18,17,אברהם,nmpr,pers,A:person-candidate,Torah
8104,1414831,429030,Genesis,18,18,אברהם,nmpr,pers,A:person-candidate,Torah
8133,1414832,429034,Genesis,18,19,יהוה,nmpr,pers,E:YHWH,Torah
8141,1414832,429036,Genesis,18,19,יהוה,nmpr,pers,E:YHWH,Torah
8143,1414832,429036,Genesis,18,19,אברהם,nmpr,pers,A:person-candidate,Torah
8150,1414833,429038,Genesis,18,20,יהוה,nmpr,pers,E:YHWH,Torah
8152,1414833,429039,Genesis,18,20,סדם,nmpr,topo,F:unclassified-name,Torah
8154,1414833,429039,Genesis,18,20,עמרה,nmpr,topo,F:unclassified-name,Torah
8171,1414834,429046,Genesis,18,21,אל,prep,,C:divine-title-candidate,Torah
8186,1414835,429050,Genesis,18,22,סדם,nmpr,topo,F:unclassified-name,Torah
8188,1414835,429051,Genesis,18,22,אברהם,nmpr,pers,A:person-candidate,Torah
8193,1414835,429052,Genesis,18,22,יהוה,nmpr,pers,E:YHWH,Torah
8196,1414836,429053,Genesis,18,23,אברהם,nmpr,pers,A:person-candidate,Torah
8263,1414839,429066,Genesis,18,26,יהוה,nmpr,pers,E:YHWH,Torah
8267,1414839,429067,Genesis,18,26,סדם,nmpr,topo,F:unclassified-name,Torah
8284,1414840,429069,Genesis,18,27,אברהם,nmpr,pers,A:person-candidate,Torah
8292,1414840,429072,Genesis,18,27,אל,prep,,C:divine-title-candidate,Torah
8293,1414840,429072,Genesis,18,27,אדני,nmpr,pers,C:divine-title-candidate,Torah
8328,1414842,429080,Genesis,18,29,אל,prep,,C:divine-title-candidate,Torah
8345,1414843,429086,Genesis,18,30,אל,nega,,C:divine-title-candidate,Torah
8349,1414843,429086,Genesis,18,30,אדני,nmpr,pers,C:divine-title-candidate,Torah
8371,1414844,429094,Genesis,18,31,אל,prep,,C:divine-title-candidate,Torah
8372,1414844,429094,Genesis,18,31,אדני,nmpr,pers,C:divine-title-candidate,Torah
8387,1414845,429099,Genesis,18,32,אל,nega,,C:divine-title-candidate,Torah
8391,1414845,429099,Genesis,18,32,אדני,nmpr,pers,C:divine-title-candidate,Torah
8411,1414846,429104,Genesis,18,33,יהוה,nmpr,pers,E:YHWH,Torah
8417,1414846,429106,Genesis,18,33,אל,prep,,C:divine-title-candidate,Torah
8418,1414846,429106,Genesis,18,33,אברהם,nmpr,pers,A:person-candidate,Torah
8420,1414846,429107,Genesis,18,33,אברהם,nmpr,pers,A:person-candidate,Torah
8429,1414847,429108,Genesis,19,1,סדם,nmpr,topo,F:unclassified-name,Torah
8434,1414847,429109,Genesis,19,1,לוט,nmpr,pers,A:person-candidate,Torah
8438,1414847,429109,Genesis,19,1,סדם,nmpr,topo,F:unclassified-name,Torah
8441,1414847,429110,Genesis,19,1,לוט,nmpr,pers,A:person-candidate,Torah
8457,1414848,429118,Genesis,19,2,אל,prep,,C:divine-title-candidate,Torah
8485,1414849,429127,Genesis,19,3,אל,prep,,C:divine-title-candidate,Torah
8488,1414849,429128,Genesis,19,3,אל,prep,,C:divine-title-candidate,Torah
8506,1414850,429133,Genesis,19,4,סדם,nmpr,topo,F:unclassified-name,Torah
8523,1414851,429134,Genesis,19,5,אל,prep,,C:divine-title-candidate,Torah
8524,1414851,429134,Genesis,19,5,לוט,nmpr,pers,A:person-candidate,Torah
8533,1414851,429137,Genesis,19,5,אל,prep,,C:divine-title-candidate,Torah
8537,1414851,429138,Genesis,19,5,אל,prep,,C:divine-title-candidate,Torah
8543,1414852,429140,Genesis,19,6,אל,prep,,C:divine-title-candidate,Torah
8544,1414852,429140,Genesis,19,6,לוט,nmpr,pers,A:person-candidate,Torah
8554,1414853,429143,Genesis,19,7,אל,nega,,C:divine-title-candidate,Torah
8570,1414854,429147,Genesis,19,8,אל,prep,,C:divine-title-candidate,Torah
8584,1414854,429149,Genesis,19,8,אל,prde,,C:divine-title-candidate,Torah
8585,1414854,429149,Genesis,19,8,אל,nega,,C:divine-title-candidate,Torah
8619,1414855,429158,Genesis,19,9,לוט,nmpr,pers,A:person-candidate,Torah
8636,1414856,429162,Genesis,19,10,לוט,nmpr,pers,A:person-candidate,Torah
8637,1414856,429162,Genesis,19,10,אל,prep,,C:divine-title-candidate,Torah
8672,1414858,429168,Genesis,19,12,אל,prep,,C:divine-title-candidate,Torah
8673,1414858,429168,Genesis,19,12,לוט,nmpr,pers,A:person-candidate,Torah
8707,1414859,429173,Genesis,19,13,יהוה,nmpr,pers,E:YHWH,Torah
8710,1414859,429174,Genesis,19,13,יהוה,nmpr,pers,E:YHWH,Torah
8715,1414860,429176,Genesis,19,14,לוט,nmpr,pers,A:person-candidate,Torah
8718,1414860,429177,Genesis,19,14,אל,prep,,C:divine-title-candidate,Torah
8733,1414860,429181,Genesis,19,14,יהוה,nmpr,pers,E:YHWH,Torah
8754,1414861,429184,Genesis,19,15,לוט,nmpr,pers,A:person-candidate,Torah
8792,1414862,429191,Genesis,19,16,יהוה,nmpr,pers,E:YHWH,Torah
8815,1414863,429198,Genesis,19,17,אל,nega,,C:divine-title-candidate,Torah
8819,1414863,429199,Genesis,19,17,אל,nega,,C:divine-title-candidate,Torah
8832,1414864,429202,Genesis,19,18,לוט,nmpr,pers,A:person-candidate,Torah
8833,1414864,429202,Genesis,19,18,אל,prep,,C:divine-title-candidate,Torah
8834,1414864,429203,Genesis,19,18,אל,nega,,C:divine-title-candidate,Torah
8893,1414867,429219,Genesis,19,21,אל,prep,,C:divine-title-candidate,Torah
8929,1414868,429228,Genesis,19,22,צער,nmpr,topo,F:unclassified-name,Torah
8937,1414869,429230,Genesis,19,23,לוט,nmpr,pers,A:person-candidate,Torah
8939,1414869,429230,Genesis,19,23,צער,nmpr,topo,F:unclassified-name,Torah
8941,1414870,429231,Genesis,19,24,יהוה,nmpr,pers,E:YHWH,Torah
8944,1414870,429231,Genesis,19,24,סדם,nmpr,topo,F:unclassified-name,Torah
8947,1414870,429231,Genesis,19,24,עמרה,nmpr,topo,F:unclassified-name,Torah
8953,1414870,429231,Genesis,19,24,יהוה,nmpr,pers,E:YHWH,Torah
8963,1414871,429232,Genesis,19,25,אל,prde,,C:divine-title-candidate,Torah
8990,1414873,429235,Genesis,19,27,אברהם,nmpr,pers,A:person-candidate,Torah
8994,1414873,429235,Genesis,19,27,אל,prep,,C:divine-title-candidate,Torah
9002,1414873,429236,Genesis,19,27,יהוה,nmpr,pers,E:YHWH,Torah
9007,1414874,429237,Genesis,19,28,סדם,nmpr,topo,F:unclassified-name,Torah
9009,1414874,429237,Genesis,19,28,עמרה,nmpr,topo,F:unclassified-name,Torah
9033,1414875,429241,Genesis,19,29,אלהים,subs,,D:Elohim,Torah
9040,1414875,429242,Genesis,19,29,אלהים,subs,,D:Elohim,Torah
9042,1414875,429242,Genesis,19,29,אברהם,nmpr,pers,A:person-candidate,Torah
9046,1414875,429243,Genesis,19,29,לוט,nmpr,pers,A:person-candidate,Torah
9059,1414875,429245,Genesis,19,29,לוט,nmpr,pers,A:person-candidate,Torah
9062,1414876,429246,Genesis,19,30,לוט,nmpr,pers,A:person-candidate,Torah
9064,1414876,429246,Genesis,19,30,צער,nmpr,topo,F:unclassified-name,Torah
9079,1414876,429250,Genesis,19,30,צער,nmpr,topo,F:unclassified-name,Torah
9093,1414877,429252,Genesis,19,31,אל,prep,,C:divine-title-candidate,Torah
9158,1414880,429267,Genesis,19,34,אל,prep,,C:divine-title-candidate,Torah
9210,1414882,429279,Genesis,19,36,לוט,nmpr,pers,A:person-candidate,Torah
9221,1414883,429281,Genesis,19,37,מואב,nmpr,"pers,gens,topo",F:unclassified-name,Torah
9224,1414883,429282,Genesis,19,37,מואב,nmpr,"pers,gens,topo",F:unclassified-name,Torah
9238,1414884,429284,Genesis,19,38,בן עמי,nmpr,pers,A:person-candidate,Torah
9242,1414884,429285,Genesis,19,38,עמון,nmpr,gens,F:unclassified-name,Torah
9250,1414885,429286,Genesis,20,1,אברהם,nmpr,pers,A:person-candidate,Torah
9257,1414885,429287,Genesis,20,1,קדש,nmpr,topo,F:unclassified-name,Torah
9260,1414885,429287,Genesis,20,1,שור,nmpr,topo,F:unclassified-name,Torah
9264,1414885,429288,Genesis,20,1,גרר,nmpr,topo,F:unclassified-name,Torah
9267,1414886,429289,Genesis,20,2,אברהם,nmpr,pers,A:person-candidate,Torah
9268,1414886,429289,Genesis,20,2,אל,prep,,C:divine-title-candidate,Torah
9269,1414886,429289,Genesis,20,2,שרה,nmpr,pers,A:person-candidate,Torah
9275,1414886,429291,Genesis,20,2,אבימלך,nmpr,pers,A:person-candidate,Torah
9276,1414886,429291,Genesis,20,2,מלך,subs,,B:deity-candidate,Torah
9277,1414886,429291,Genesis,20,2,גרר,nmpr,topo,F:unclassified-name,Torah
9281,1414886,429292,Genesis,20,2,שרה,nmpr,pers,A:person-candidate,Torah
9284,1414887,429293,Genesis,20,3,אלהים,subs,,D:Elohim,Torah
9285,1414887,429293,Genesis,20,3,אל,prep,,C:divine-title-candidate,Torah
9286,1414887,429293,Genesis,20,3,אבימלך,nmpr,pers,A:person-candidate,Torah
9303,1414887,429297,Genesis,20,3,בעל,verb,,B:deity-candidate,Torah
9304,1414887,429297,Genesis,20,3,בעל,subs,,B:deity-candidate,Torah
9306,1414888,429298,Genesis,20,4,אבימלך,nmpr,pers,A:person-candidate,Torah
9309,1414888,429298,Genesis,20,4,אל,prep,,C:divine-title-candidate,Torah
9312,1414888,429300,Genesis,20,4,אדני,nmpr,pers,C:divine-title-candidate,Torah
9343,1414890,429307,Genesis,20,6,אל,prep,,C:divine-title-candidate,Torah
9345,1414890,429307,Genesis,20,6,אלהים,subs,,D:Elohim,Torah
9371,1414890,429313,Genesis,20,6,אל,prep,,C:divine-title-candidate,Torah
9401,1414892,429323,Genesis,20,8,אבימלך,nmpr,pers,A:person-candidate,Torah
9427,1414893,429327,Genesis,20,9,אבימלך,nmpr,pers,A:person-candidate,Torah
9429,1414893,429327,Genesis,20,9,אברהם,nmpr,pers,A:person-candidate,Torah
9456,1414894,429334,Genesis,20,10,אבימלך,nmpr,pers,A:person-candidate,Torah
9457,1414894,429334,Genesis,20,10,אל,prep,,C:divine-title-candidate,Torah
9458,1414894,429334,Genesis,20,10,אברהם,nmpr,pers,A:person-candidate,Torah
9470,1414895,429337,Genesis,20,11,אברהם,nmpr,pers,A:person-candidate,Torah
9476,1414895,429339,Genesis,20,11,אלהים,subs,,D:Elohim,Torah
9509,1414897,429345,Genesis,20,13,אלהים,subs,,D:Elohim,Torah
9521,1414897,429349,Genesis,20,13,אל,prep,,C:divine-title-candidate,Torah
9534,1414898,429352,Genesis,20,14,אבימלך,nmpr,pers,A:person-candidate,Torah
9545,1414898,429353,Genesis,20,14,אברהם,nmpr,pers,A:person-candidate,Torah
9550,1414898,429354,Genesis,20,14,שרה,nmpr,pers,A:person-candidate,Torah
9554,1414899,429355,Genesis,20,15,אבימלך,nmpr,pers,A:person-candidate,Torah
9567,1414900,429358,Genesis,20,16,שרה,nmpr,pers,A:person-candidate,Torah
9591,1414901,429364,Genesis,20,17,אברהם,nmpr,pers,A:person-candidate,Torah
9592,1414901,429364,Genesis,20,17,אל,prep,,C:divine-title-candidate,Torah
9594,1414901,429364,Genesis,20,17,אלהים,subs,,D:Elohim,Torah
9597,1414901,429365,Genesis,20,17,אלהים,subs,,D:Elohim,Torah
9599,1414901,429365,Genesis,20,17,אבימלך,nmpr,pers,A:person-candidate,Torah
9610,1414902,429367,Genesis,20,18,יהוה,nmpr,pers,E:YHWH,Torah
9616,1414902,429367,Genesis,20,18,אבימלך,nmpr,pers,A:person-candidate,Torah
9619,1414902,429367,Genesis,20,18,שרה,nmpr,pers,A:person-candidate,Torah
9621,1414902,429367,Genesis,20,18,אברהם,nmpr,pers,A:person-candidate,Torah
9623,1414903,429368,Genesis,21,1,יהוה,nmpr,pers,E:YHWH,Torah
9626,1414903,429368,Genesis,21,1,שרה,nmpr,pers,A:person-candidate,Torah
9632,1414903,429370,Genesis,21,1,יהוה,nmpr,pers,E:YHWH,Torah
9634,1414903,429370,Genesis,21,1,שרה,nmpr,pers,A:person-candidate,Torah
9642,1414904,429373,Genesis,21,2,שרה,nmpr,pers,A:person-candidate,Torah
9644,1414904,429373,Genesis,21,2,אברהם,nmpr,pers,A:person-candidate,Torah
9654,1414904,429374,Genesis,21,2,אלהים,subs,,D:Elohim,Torah
9657,1414905,429375,Genesis,21,3,אברהם,nmpr,pers,A:person-candidate,Torah
9667,1414905,429377,Genesis,21,3,שרה,nmpr,pers,A:person-candidate,Torah
9668,1414905,429375,Genesis,21,3,יצחק,nmpr,pers,A:person-candidate,Torah
9671,1414906,429378,Genesis,21,4,אברהם,nmpr,pers,A:person-candidate,Torah
9673,1414906,429378,Genesis,21,4,יצחק,nmpr,pers,A:person-candidate,Torah
9682,1414906,429379,Genesis,21,4,אלהים,subs,,D:Elohim,Torah
9684,1414907,429380,Genesis,21,5,אברהם,nmpr,pers,A:person-candidate,Torah
9692,1414907,429381,Genesis,21,5,יצחק,nmpr,pers,A:person-candidate,Torah
9696,1414908,429382,Genesis,21,6,שרה,nmpr,pers,A:person-candidate,Torah
9700,1414908,429383,Genesis,21,6,אלהים,subs,,D:Elohim,Torah
9711,1414909,429387,Genesis,21,7,אברהם,nmpr,pers,A:person-candidate,Torah
9714,1414909,429388,Genesis,21,7,שרה,nmpr,pers,A:person-candidate,Torah
9728,1414910,429392,Genesis,21,8,אברהם,nmpr,pers,A:person-candidate,Torah
9735,1414910,429393,Genesis,21,8,יצחק,nmpr,pers,A:person-candidate,Torah
9738,1414911,429394,Genesis,21,9,שרה,nmpr,pers,A:person-candidate,Torah
9741,1414911,429394,Genesis,21,9,הגר,nmpr,pers,A:person-candidate,Torah
9747,1414911,429395,Genesis,21,9,אברהם,nmpr,pers,A:person-candidate,Torah
9752,1414912,429397,Genesis,21,10,אברהם,nmpr,pers,A:person-candidate,Torah
9772,1414912,429399,Genesis,21,10,יצחק,nmpr,pers,A:person-candidate,Torah
9780,1414913,429400,Genesis,21,11,אברהם,nmpr,pers,A:person-candidate,Torah
9786,1414914,429401,Genesis,21,12,אלהים,subs,,D:Elohim,Torah
9787,1414914,429401,Genesis,21,12,אל,prep,,C:divine-title-candidate,Torah
9788,1414914,429401,Genesis,21,12,אברהם,nmpr,pers,A:person-candidate,Torah
9789,1414914,429402,Genesis,21,12,אל,nega,,C:divine-title-candidate,Torah
9802,1414914,429404,Genesis,21,12,אל,prep,,C:divine-title-candidate,Torah
9803,1414914,429404,Genesis,21,12,שרה,nmpr,pers,A:person-candidate,Torah
9809,1414914,429405,Genesis,21,12,יצחק,nmpr,pers,A:person-candidate,Torah
9827,1414916,429409,Genesis,21,14,אברהם,nmpr,pers,A:person-candidate,Torah
9839,1414916,429411,Genesis,21,14,אל,prep,,C:divine-title-candidate,Torah
9840,1414916,429411,Genesis,21,14,הגר,nmpr,pers,A:person-candidate,Torah
9857,1414916,429416,Genesis,21,14,שבע,nmpr,topo,F:unclassified-name,Torah
9887,1414918,429422,Genesis,21,16,אל,nega,,C:divine-title-candidate,Torah
9905,1414919,429426,Genesis,21,17,אלהים,subs,,D:Elohim,Torah
9913,1414919,429427,Genesis,21,17,אלהים,subs,,D:Elohim,Torah
9914,1414919,429427,Genesis,21,17,אל,prep,,C:divine-title-candidate,Torah
9915,1414919,429427,Genesis,21,17,הגר,nmpr,pers,A:person-candidate,Torah
9924,1414919,429430,Genesis,21,17,הגר,nmpr,pers,A:person-candidate,Torah
9925,1414919,429431,Genesis,21,17,אל,nega,,C:divine-title-candidate,Torah
9929,1414919,429432,Genesis,21,17,אלהים,subs,,D:Elohim,Torah
9930,1414919,429432,Genesis,21,17,אל,prep,,C:divine-title-candidate,Torah
9955,1414921,429438,Genesis,21,19,אלהים,subs,,D:Elohim,Torah
9977,1414922,429443,Genesis,21,20,אלהים,subs,,D:Elohim,Torah
9996,1414923,429447,Genesis,21,21,פארן,nmpr,topo,F:unclassified-name,Torah
10004,1414923,429448,Genesis,21,21,מצרים,nmpr,topo,F:unclassified-name,Torah
10014,1414924,429450,Genesis,21,22,אבימלך,nmpr,pers,A:person-candidate,Torah
10016,1414924,429450,Genesis,21,22,פיכל,nmpr,pers,A:person-candidate,Torah
10019,1414924,429450,Genesis,21,22,אל,prep,,C:divine-title-candidate,Torah
10020,1414924,429450,Genesis,21,22,אברהם,nmpr,pers,A:person-candidate,Torah
10023,1414924,429452,Genesis,21,22,אלהים,subs,,D:Elohim,Torah
10035,1414925,429455,Genesis,21,23,אלהים,subs,,D:Elohim,Torah
10063,1414926,429460,Genesis,21,24,אברהם,nmpr,pers,A:person-candidate,Torah
10068,1414927,429462,Genesis,21,25,אברהם,nmpr,pers,A:person-candidate,Torah
10070,1414927,429462,Genesis,21,25,אבימלך,nmpr,pers,A:person-candidate,Torah
10079,1414927,429463,Genesis,21,25,אבימלך,nmpr,pers,A:person-candidate,Torah
10082,1414928,429464,Genesis,21,26,אבימלך,nmpr,pers,A:person-candidate,Torah
10108,1414929,429469,Genesis,21,27,אברהם,nmpr,pers,A:person-candidate,Torah
10115,1414929,429470,Genesis,21,27,אבימלך,nmpr,pers,A:person-candidate,Torah
10122,1414930,429472,Genesis,21,28,אברהם,nmpr,pers,A:person-candidate,Torah
10132,1414931,429473,Genesis,21,29,אבימלך,nmpr,pers,A:person-candidate,Torah
10133,1414931,429473,Genesis,21,29,אל,prep,,C:divine-title-candidate,Torah
10134,1414931,429473,Genesis,21,29,אברהם,nmpr,pers,A:person-candidate,Torah
10176,1414933,429480,Genesis,21,31,שבע,nmpr,topo,F:unclassified-name,Torah
10186,1414934,429482,Genesis,21,32,שבע,nmpr,topo,F:unclassified-name,Torah
10189,1414934,429483,Genesis,21,32,אבימלך,nmpr,pers,A:person-candidate,Torah
10191,1414934,429483,Genesis,21,32,פיכל,nmpr,pers,A:person-candidate,Torah
10196,1414934,429484,Genesis,21,32,אל,prep,,C:divine-title-candidate,Torah
10204,1414935,429485,Genesis,21,33,שבע,nmpr,topo,F:unclassified-name,Torah
10210,1414935,429486,Genesis,21,33,יהוה,nmpr,pers,E:YHWH,Torah
10211,1414935,429486,Genesis,21,33,אל,subs,,C:divine-title-candidate,Torah
10215,1414936,429487,Genesis,21,34,אברהם,nmpr,pers,A:person-candidate,Torah
10230,1414937,429489,Genesis,22,1,אלהים,subs,,D:Elohim,Torah
10233,1414937,429489,Genesis,22,1,אברהם,nmpr,pers,A:person-candidate,Torah
10236,1414937,429490,Genesis,22,1,אל,prep,,C:divine-title-candidate,Torah
10237,1414937,429491,Genesis,22,1,אברהם,nmpr,pers,A:person-candidate,Torah
10252,1414938,429495,Genesis,22,2,יצחק,nmpr,pers,A:person-candidate,Torah
10256,1414938,429497,Genesis,22,2,אל,prep,,C:divine-title-candidate,Torah
10259,1414938,429497,Genesis,22,2,מריה,nmpr,topo,F:unclassified-name,Torah
10271,1414938,429499,Genesis,22,2,אל,prep,,C:divine-title-candidate,Torah
10274,1414939,429500,Genesis,22,3,אברהם,nmpr,pers,A:person-candidate,Torah
10290,1414939,429502,Genesis,22,3,יצחק,nmpr,pers,A:person-candidate,Torah
10300,1414939,429505,Genesis,22,3,אל,prep,,C:divine-title-candidate,Torah
10307,1414939,429506,Genesis,22,3,אלהים,subs,,D:Elohim,Torah
10315,1414940,429508,Genesis,22,4,אברהם,nmpr,pers,A:person-candidate,Torah
10327,1414941,429510,Genesis,22,5,אברהם,nmpr,pers,A:person-candidate,Torah
10328,1414941,429510,Genesis,22,5,אל,prep,,C:divine-title-candidate,Torah
10348,1414941,429514,Genesis,22,5,אל,prep,,C:divine-title-candidate,Torah
10351,1414942,429515,Genesis,22,6,אברהם,nmpr,pers,A:person-candidate,Torah
10359,1414942,429516,Genesis,22,6,יצחק,nmpr,pers,A:person-candidate,Torah
10378,1414943,429519,Genesis,22,7,יצחק,nmpr,pers,A:person-candidate,Torah
10379,1414943,429519,Genesis,22,7,אל,prep,,C:divine-title-candidate,Torah
10380,1414943,429519,Genesis,22,7,אברהם,nmpr,pers,A:person-candidate,Torah
10405,1414944,429528,Genesis,22,8,אברהם,nmpr,pers,A:person-candidate,Torah
10406,1414944,429529,Genesis,22,8,אלהים,subs,,D:Elohim,Torah
10420,1414945,429532,Genesis,22,9,אל,prep,,C:divine-title-candidate,Torah
10427,1414945,429533,Genesis,22,9,אלהים,subs,,D:Elohim,Torah
10431,1414945,429534,Genesis,22,9,אברהם,nmpr,pers,A:person-candidate,Torah
10443,1414945,429536,Genesis,22,9,יצחק,nmpr,pers,A:person-candidate,Torah
10458,1414946,429538,Genesis,22,10,אברהם,nmpr,pers,A:person-candidate,Torah
10472,1414947,429541,Genesis,22,11,אל,prep,,C:divine-title-candidate,Torah
10474,1414947,429541,Genesis,22,11,יהוה,nmpr,pers,E:YHWH,Torah
10480,1414947,429543,Genesis,22,11,אברהם,nmpr,pers,A:person-candidate,Torah
10481,1414947,429543,Genesis,22,11,אברהם,nmpr,pers,A:person-candidate,Torah
10487,1414948,429547,Genesis,22,12,אל,nega,,C:divine-title-candidate,Torah
10490,1414948,429547,Genesis,22,12,אל,prep,,C:divine-title-candidate,Torah
10494,1414948,429548,Genesis,22,12,אל,nega,,C:divine-title-candidate,Torah
10503,1414948,429550,Genesis,22,12,אלהים,subs,,D:Elohim,Torah
10515,1414949,429552,Genesis,22,13,אברהם,nmpr,pers,A:person-candidate,Torah
10532,1414949,429556,Genesis,22,13,אברהם,nmpr,pers,A:person-candidate,Torah
10546,1414950,429559,Genesis,22,14,אברהם,nmpr,pers,A:person-candidate,Torah
10552,1414950,429560,Genesis,22,14,יהוה,nmpr,pers,E:YHWH,Torah
10560,1414950,429562,Genesis,22,14,יהוה,nmpr,pers,E:YHWH,Torah
10565,1414951,429563,Genesis,22,15,יהוה,nmpr,pers,E:YHWH,Torah
10566,1414951,429563,Genesis,22,15,אל,prep,,C:divine-title-candidate,Torah
10567,1414951,429563,Genesis,22,15,אברהם,nmpr,pers,A:person-candidate,Torah
10577,1414952,429566,Genesis,22,16,יהוה,nmpr,pers,E:YHWH,Torah
10636,1414955,429576,Genesis,22,19,אברהם,nmpr,pers,A:person-candidate,Torah
10637,1414955,429576,Genesis,22,19,אל,prep,,C:divine-title-candidate,Torah
10644,1414955,429578,Genesis,22,19,אל,prep,,C:divine-title-candidate,Torah
10646,1414955,429578,Genesis,22,19,שבע,nmpr,topo,F:unclassified-name,Torah
10649,1414955,429579,Genesis,22,19,אברהם,nmpr,pers,A:person-candidate,Torah
10652,1414955,429579,Genesis,22,19,שבע,nmpr,topo,F:unclassified-name,Torah
10663,1414956,429581,Genesis,22,20,אברהם,nmpr,pers,A:person-candidate,Torah
10668,1414956,429583,Genesis,22,20,מלכה,nmpr,pers,A:person-candidate,Torah
10673,1414956,429583,Genesis,22,20,נחור,nmpr,pers,A:person-candidate,Torah
10676,1414957,429584,Genesis,22,21,עוץ,nmpr,pers,A:person-candidate,Torah
10680,1414957,429584,Genesis,22,21,בוז,nmpr,pers,A:person-candidate,Torah
10684,1414957,429584,Genesis,22,21,קמואל,nmpr,pers,A:person-candidate,Torah
10686,1414957,429584,Genesis,22,21,ארם,nmpr,topo,F:unclassified-name,Torah
10689,1414958,429585,Genesis,22,22,כשד,nmpr,pers,A:person-candidate,Torah
10692,1414958,429585,Genesis,22,22,חזו,nmpr,pers,A:person-candidate,Torah
10695,1414958,429585,Genesis,22,22,פלדש,nmpr,pers,A:person-candidate,Torah
10698,1414958,429585,Genesis,22,22,ידלף,nmpr,pers,A:person-candidate,Torah
10701,1414958,429585,Genesis,22,22,בתואל,nmpr,pers,A:person-candidate,Torah
10703,1414959,429586,Genesis,22,23,בתואל,nmpr,pers,A:person-candidate,Torah
10706,1414959,429586,Genesis,22,23,רבקה,nmpr,pers,A:person-candidate,Torah
10710,1414959,429587,Genesis,22,23,מלכה,nmpr,pers,A:person-candidate,Torah
10712,1414959,429587,Genesis,22,23,נחור,nmpr,pers,A:person-candidate,Torah
10714,1414959,429587,Genesis,22,23,אברהם,nmpr,pers,A:person-candidate,Torah
10719,1414960,429589,Genesis,22,24,ראומה,nmpr,pers,A:person-candidate,Torah
10725,1414960,429590,Genesis,22,24,טבח,nmpr,pers,A:person-candidate,Torah
10728,1414960,429590,Genesis,22,24,גחם,nmpr,pers,A:person-candidate,Torah
10731,1414960,429590,Genesis,22,24,תחש,nmpr,pers,A:person-candidate,Torah
10734,1414960,429590,Genesis,22,24,מעכה,nmpr,pers,A:person-candidate,Torah
10738,1414961,429591,Genesis,23,1,שרה,nmpr,pers,A:person-candidate,Torah
10749,1414961,429592,Genesis,23,1,שרה,nmpr,pers,A:person-candidate,Torah
10752,1414962,429593,Genesis,23,2,שרה,nmpr,pers,A:person-candidate,Torah
10754,1414962,429593,Genesis,23,2,קרית ארבע,nmpr,topo,F:unclassified-name,Torah
10756,1414962,429594,Genesis,23,2,חברון,nmpr,topo,F:unclassified-name,Torah
10759,1414962,429593,Genesis,23,2,כנען,nmpr,"pers,gens,topo",F:unclassified-name,Torah
10762,1414962,429595,Genesis,23,2,אברהם,nmpr,pers,A:person-candidate,Torah
10766,1414962,429596,Genesis,23,2,שרה,nmpr,pers,A:person-candidate,Torah
10772,1414963,429598,Genesis,23,3,אברהם,nmpr,pers,A:person-candidate,Torah
10779,1414963,429599,Genesis,23,3,אל,prep,,C:divine-title-candidate,Torah
10781,1414963,429599,Genesis,23,3,חת,nmpr,pers,A:person-candidate,Torah
10803,1414965,429604,Genesis,23,5,חת,nmpr,pers,A:person-candidate,Torah
10805,1414965,429604,Genesis,23,5,אברהם,nmpr,pers,A:person-candidate,Torah
10812,1414966,429608,Genesis,23,6,אלהים,subs,,D:Elohim,Torah
10834,1414967,429613,Genesis,23,7,אברהם,nmpr,pers,A:person-candidate,Torah
10843,1414967,429614,Genesis,23,7,חת,nmpr,pers,A:person-candidate,Torah
10865,1414968,429620,Genesis,23,8,עפרון,nmpr,pers,A:person-candidate,Torah
10867,1414968,429620,Genesis,23,8,צחר,nmpr,pers,A:person-candidate,Torah
10874,1414969,429621,Genesis,23,9,מכפלה,nmpr,topo,F:unclassified-name,Torah
10892,1414970,429625,Genesis,23,10,עפרון,nmpr,pers,A:person-candidate,Torah
10897,1414970,429625,Genesis,23,10,חת,nmpr,pers,A:person-candidate,Torah
10900,1414970,429626,Genesis,23,10,עפרון,nmpr,pers,A:person-candidate,Torah
10904,1414970,429626,Genesis,23,10,אברהם,nmpr,pers,A:person-candidate,Torah
10908,1414970,429626,Genesis,23,10,חת,nmpr,pers,A:person-candidate,Torah
10940,1414972,429637,Genesis,23,12,אברהם,nmpr,pers,A:person-candidate,Torah
10948,1414973,429638,Genesis,23,13,אל,prep,,C:divine-title-candidate,Torah
10949,1414973,429638,Genesis,23,13,עפרון,nmpr,pers,A:person-candidate,Torah
10975,1414974,429645,Genesis,23,14,עפרון,nmpr,pers,A:person-candidate,Torah
10977,1414974,429645,Genesis,23,14,אברהם,nmpr,pers,A:person-candidate,Torah
10999,1414976,429652,Genesis,23,16,אברהם,nmpr,pers,A:person-candidate,Torah
11000,1414976,429652,Genesis,23,16,אל,prep,,C:divine-title-candidate,Torah
11001,1414976,429652,Genesis,23,16,עפרון,nmpr,pers,A:person-candidate,Torah
11004,1414976,429653,Genesis,23,16,אברהם,nmpr,pers,A:person-candidate,Torah
11006,1414976,429653,Genesis,23,16,עפרון,nmpr,pers,A:person-candidate,Torah
11015,1414976,429654,Genesis,23,16,חת,nmpr,pers,A:person-candidate,Torah
11027,1414977,429656,Genesis,23,17,עפרון,nmpr,pers,A:person-candidate,Torah
11031,1414977,429657,Genesis,23,17,מכפלה,nmpr,topo,F:unclassified-name,Torah
11035,1414977,429658,Genesis,23,17,ממרא,nmpr,topo,F:unclassified-name,Torah
11057,1414978,429656,Genesis,23,18,אברהם,nmpr,pers,A:person-candidate,Torah
11063,1414978,429656,Genesis,23,18,חת,nmpr,pers,A:person-candidate,Torah
11073,1414979,429662,Genesis,23,19,אברהם,nmpr,pers,A:person-candidate,Torah
11075,1414979,429662,Genesis,23,19,שרה,nmpr,pers,A:person-candidate,Torah
11077,1414979,429662,Genesis,23,19,אל,prep,,C:divine-title-candidate,Torah
11081,1414979,429662,Genesis,23,19,מכפלה,nmpr,topo,F:unclassified-name,Torah
11084,1414979,429662,Genesis,23,19,ממרא,nmpr,topo,F:unclassified-name,Torah
11086,1414979,429663,Genesis,23,19,חברון,nmpr,topo,F:unclassified-name,Torah
11089,1414979,429662,Genesis,23,19,כנען,nmpr,"pers,gens,topo",F:unclassified-name,Torah
11100,1414980,429664,Genesis,23,20,אברהם,nmpr,pers,A:person-candidate,Torah
11107,1414980,429664,Genesis,23,20,חת,nmpr,pers,A:person-candidate,Torah
11109,1414981,429666,Genesis,24,1,אברהם,nmpr,pers,A:person-candidate,Torah
11116,1414981,429668,Genesis,24,1,יהוה,nmpr,pers,E:YHWH,Torah
11119,1414981,429668,Genesis,24,1,אברהם,nmpr,pers,A:person-candidate,Torah
11125,1414982,429669,Genesis,24,2,אברהם,nmpr,pers,A:person-candidate,Torah
11126,1414982,429669,Genesis,24,2,אל,prep,,C:divine-title-candidate,Torah
11144,1414983,429673,Genesis,24,3,יהוה,nmpr,pers,E:YHWH,Torah
11145,1414983,429673,Genesis,24,3,אלהים,subs,,D:Elohim,Torah
11149,1414983,429673,Genesis,24,3,אלהים,subs,,D:Elohim,Torah
11168,1414984,429676,Genesis,24,4,אל,prep,,C:divine-title-candidate,Torah
11171,1414984,429676,Genesis,24,4,אל,prep,,C:divine-title-candidate,Torah
11180,1414984,429677,Genesis,24,4,יצחק,nmpr,pers,A:person-candidate,Torah
11183,1414985,429678,Genesis,24,5,אל,prep,,C:divine-title-candidate,Torah
11194,1414985,429680,Genesis,24,5,אל,prep,,C:divine-title-candidate,Torah
11204,1414985,429681,Genesis,24,5,אל,prep,,C:divine-title-candidate,Torah
11213,1414986,429683,Genesis,24,6,אל,prep,,C:divine-title-candidate,Torah
11214,1414986,429683,Genesis,24,6,אברהם,nmpr,pers,A:person-candidate,Torah
11222,1414987,429686,Genesis,24,7,יהוה,nmpr,pers,E:YHWH,Torah
11223,1414987,429686,Genesis,24,7,אלהים,subs,,D:Elohim,Torah
11293,1414989,429698,Genesis,24,9,אברהם,nmpr,pers,A:person-candidate,Torah
11324,1414990,429704,Genesis,24,10,אל,prep,,C:divine-title-candidate,Torah
11325,1414990,429704,Genesis,24,10,ארם,nmpr,topo,F:unclassified-name,Torah
11327,1414990,429704,Genesis,24,10,אל,prep,,C:divine-title-candidate,Torah
11329,1414990,429704,Genesis,24,10,נחור,nmpr,pers,A:person-candidate,Torah
11339,1414991,429705,Genesis,24,11,אל,prep,,C:divine-title-candidate,Torah
11353,1414992,429708,Genesis,24,12,יהוה,nmpr,pers,E:YHWH,Torah
11354,1414992,429708,Genesis,24,12,אלהים,subs,,D:Elohim,Torah
11356,1414992,429708,Genesis,24,12,אברהם,nmpr,pers,A:person-candidate,Torah
11368,1414992,429710,Genesis,24,12,אברהם,nmpr,pers,A:person-candidate,Torah
11391,1414994,429716,Genesis,24,14,אל,prep,,C:divine-title-candidate,Torah
11409,1414994,429722,Genesis,24,14,יצחק,nmpr,pers,A:person-candidate,Torah
11427,1414995,429728,Genesis,24,15,רבקה,nmpr,pers,A:person-candidate,Torah
11432,1414995,429729,Genesis,24,15,בתואל,nmpr,pers,A:person-candidate,Torah
11434,1414995,429729,Genesis,24,15,מלכה,nmpr,pers,A:person-candidate,Torah
11436,1414995,429729,Genesis,24,15,נחור,nmpr,pers,A:person-candidate,Torah
11438,1414995,429729,Genesis,24,15,אברהם,nmpr,pers,A:person-candidate,Torah
11510,1415000,429754,Genesis,24,20,אל,prep,,C:divine-title-candidate,Torah
11516,1415000,429755,Genesis,24,20,אל,prep,,C:divine-title-candidate,Torah
11536,1415001,429760,Genesis,24,21,יהוה,nmpr,pers,E:YHWH,Torah
11583,1415004,429774,Genesis,24,24,אל,prep,,C:divine-title-candidate,Torah
11585,1415004,429775,Genesis,24,24,בתואל,nmpr,pers,A:person-candidate,Torah
11588,1415004,429775,Genesis,24,24,מלכה,nmpr,pers,A:person-candidate,Torah
11592,1415004,429776,Genesis,24,24,נחור,nmpr,pers,A:person-candidate,Torah
11595,1415005,429777,Genesis,24,25,אל,prep,,C:divine-title-candidate,Torah
11613,1415006,429782,Genesis,24,26,יהוה,nmpr,pers,E:YHWH,Torah
11617,1415007,429784,Genesis,24,27,יהוה,nmpr,pers,E:YHWH,Torah
11618,1415007,429784,Genesis,24,27,אלהים,subs,,D:Elohim,Torah
11620,1415007,429784,Genesis,24,27,אברהם,nmpr,pers,A:person-candidate,Torah
11635,1415007,429787,Genesis,24,27,יהוה,nmpr,pers,E:YHWH,Torah
11655,1415009,429790,Genesis,24,29,רבקה,nmpr,pers,A:person-candidate,Torah
11659,1415009,429791,Genesis,24,29,לבן,nmpr,pers,A:person-candidate,Torah
11662,1415009,429792,Genesis,24,29,לבן,nmpr,pers,A:person-candidate,Torah
11663,1415009,429792,Genesis,24,29,אל,prep,,C:divine-title-candidate,Torah
11668,1415009,429792,Genesis,24,29,אל,prep,,C:divine-title-candidate,Torah
11690,1415010,429795,Genesis,24,30,רבקה,nmpr,pers,A:person-candidate,Torah
11696,1415010,429797,Genesis,24,30,אל,prep,,C:divine-title-candidate,Torah
11701,1415010,429798,Genesis,24,30,אל,prep,,C:divine-title-candidate,Torah
11717,1415011,429802,Genesis,24,31,יהוה,nmpr,pers,E:YHWH,Torah
11782,1415014,429819,Genesis,24,34,אברהם,nmpr,pers,A:person-candidate,Torah
11785,1415015,429820,Genesis,24,35,יהוה,nmpr,pers,E:YHWH,Torah
11812,1415016,429823,Genesis,24,36,שרה,nmpr,pers,A:person-candidate,Torah
11848,1415018,429830,Genesis,24,38,אל,prep,,C:divine-title-candidate,Torah
11853,1415018,429830,Genesis,24,38,אל,prep,,C:divine-title-candidate,Torah
11862,1415019,429832,Genesis,24,39,אל,prep,,C:divine-title-candidate,Torah
11872,1415020,429834,Genesis,24,40,אל,prep,,C:divine-title-candidate,Torah
11873,1415020,429835,Genesis,24,40,יהוה,nmpr,pers,E:YHWH,Torah
11901,1415021,429840,Genesis,24,41,אל,prep,,C:divine-title-candidate,Torah
11917,1415022,429843,Genesis,24,42,אל,prep,,C:divine-title-candidate,Torah
11922,1415022,429845,Genesis,24,42,יהוה,nmpr,pers,E:YHWH,Torah
11923,1415022,429845,Genesis,24,42,אלהים,subs,,D:Elohim,Torah
11925,1415022,429845,Genesis,24,42,אברהם,nmpr,pers,A:person-candidate,Torah
11952,1415023,429853,Genesis,24,43,אל,prep,,C:divine-title-candidate,Torah
11961,1415024,429855,Genesis,24,44,אל,prep,,C:divine-title-candidate,Torah
11975,1415024,429859,Genesis,24,44,יהוה,nmpr,pers,E:YHWH,Torah
11984,1415025,429861,Genesis,24,45,אל,prep,,C:divine-title-candidate,Torah
11988,1415025,429862,Genesis,24,45,רבקה,nmpr,pers,A:person-candidate,Torah
12002,1415025,429866,Genesis,24,45,אל,prep,,C:divine-title-candidate,Torah
12037,1415027,429879,Genesis,24,47,בתואל,nmpr,pers,A:person-candidate,Torah
12039,1415027,429879,Genesis,24,47,נחור,nmpr,pers,A:person-candidate,Torah
12043,1415027,429880,Genesis,24,47,מלכה,nmpr,pers,A:person-candidate,Torah
12060,1415028,429884,Genesis,24,48,יהוה,nmpr,pers,E:YHWH,Torah
12064,1415028,429885,Genesis,24,48,יהוה,nmpr,pers,E:YHWH,Torah
12065,1415028,429885,Genesis,24,48,אלהים,subs,,D:Elohim,Torah
12067,1415028,429885,Genesis,24,48,אברהם,nmpr,pers,A:person-candidate,Torah
12107,1415030,429894,Genesis,24,50,לבן,nmpr,pers,A:person-candidate,Torah
12109,1415030,429894,Genesis,24,50,בתואל,nmpr,pers,A:person-candidate,Torah
12113,1415030,429896,Genesis,24,50,יהוה,nmpr,pers,E:YHWH,Torah
12120,1415030,429898,Genesis,24,50,אל,prep,,C:divine-title-candidate,Torah
12125,1415031,429899,Genesis,24,51,רבקה,nmpr,pers,A:person-candidate,Torah
12140,1415031,429903,Genesis,24,51,יהוה,nmpr,pers,E:YHWH,Torah
12147,1415032,429905,Genesis,24,52,אברהם,nmpr,pers,A:person-candidate,Torah
12154,1415032,429906,Genesis,24,52,יהוה,nmpr,pers,E:YHWH,Torah
12169,1415033,429908,Genesis,24,53,רבקה,nmpr,pers,A:person-candidate,Torah
12216,1415036,429920,Genesis,24,56,אל,prep,,C:divine-title-candidate,Torah
12217,1415036,429921,Genesis,24,56,אל,nega,,C:divine-title-candidate,Torah
12221,1415036,429922,Genesis,24,56,יהוה,nmpr,pers,E:YHWH,Torah
12242,1415038,429928,Genesis,24,58,רבקה,nmpr,pers,A:person-candidate,Torah
12245,1415038,429929,Genesis,24,58,אל,prep,,C:divine-title-candidate,Torah
12259,1415039,429933,Genesis,24,59,רבקה,nmpr,pers,A:person-candidate,Torah
12267,1415039,429933,Genesis,24,59,אברהם,nmpr,pers,A:person-candidate,Torah
12274,1415040,429934,Genesis,24,60,רבקה,nmpr,pers,A:person-candidate,Torah
12292,1415041,429939,Genesis,24,61,רבקה,nmpr,pers,A:person-candidate,Torah
12310,1415041,429942,Genesis,24,61,רבקה,nmpr,pers,A:person-candidate,Torah
12314,1415042,429944,Genesis,24,62,יצחק,nmpr,pers,A:person-candidate,Torah
12319,1415042,429945,Genesis,24,62,לחי ראי,nmpr,topo,F:unclassified-name,Torah
12329,1415043,429947,Genesis,24,63,יצחק,nmpr,pers,A:person-candidate,Torah
12349,1415044,429953,Genesis,24,64,רבקה,nmpr,pers,A:person-candidate,Torah
12355,1415044,429954,Genesis,24,64,יצחק,nmpr,pers,A:person-candidate,Torah
12364,1415045,429956,Genesis,24,65,אל,prep,,C:divine-title-candidate,Torah
12396,1415046,429964,Genesis,24,66,יצחק,nmpr,pers,A:person-candidate,Torah
12405,1415047,429966,Genesis,24,67,יצחק,nmpr,pers,A:person-candidate,Torah
12408,1415047,429966,Genesis,24,67,שרה,nmpr,pers,A:person-candidate,Torah
12413,1415047,429967,Genesis,24,67,רבקה,nmpr,pers,A:person-candidate,Torah
12423,1415047,429970,Genesis,24,67,יצחק,nmpr,pers,A:person-candidate,Torah
12428,1415048,429971,Genesis,25,1,אברהם,nmpr,pers,A:person-candidate,Torah
12434,1415048,429973,Genesis,25,1,קטורה,nmpr,pers,A:person-candidate,Torah
12439,1415049,429974,Genesis,25,2,זמרן,nmpr,pers,A:person-candidate,Torah
12442,1415049,429974,Genesis,25,2,יקשן,nmpr,pers,A:person-candidate,Torah
12445,1415049,429974,Genesis,25,2,מדן,nmpr,pers,A:person-candidate,Torah
12448,1415049,429974,Genesis,25,2,מדין,nmpr,"pers,gens,topo",F:unclassified-name,Torah
12451,1415049,429974,Genesis,25,2,ישבק,nmpr,pers,A:person-candidate,Torah
12454,1415049,429974,Genesis,25,2,שוח,nmpr,pers,A:person-candidate,Torah
12456,1415050,429975,Genesis,25,3,יקשן,nmpr,pers,A:person-candidate,Torah
12459,1415050,429975,Genesis,25,3,שבא,nmpr,topo,F:unclassified-name,Torah
12462,1415050,429975,Genesis,25,3,דדן,nmpr,topo,F:unclassified-name,Torah
12465,1415050,429976,Genesis,25,3,דדן,nmpr,topo,F:unclassified-name,Torah
12467,1415050,429976,Genesis,25,3,אשורים,nmpr,gens,F:unclassified-name,Torah
12469,1415050,429976,Genesis,25,3,לטושים,nmpr,gens,F:unclassified-name,Torah
12471,1415050,429976,Genesis,25,3,לאמים,nmpr,gens,F:unclassified-name,Torah
12474,1415051,429977,Genesis,25,4,מדין,nmpr,"pers,gens,topo",F:unclassified-name,Torah
12475,1415051,429977,Genesis,25,4,עיפה,nmpr,pers,A:person-candidate,Torah
12477,1415051,429977,Genesis,25,4,עפר,nmpr,pers,A:person-candidate,Torah
12479,1415051,429977,Genesis,25,4,חנוך,nmpr,pers,A:person-candidate,Torah
12481,1415051,429977,Genesis,25,4,אבידע,nmpr,pers,A:person-candidate,Torah
12483,1415051,429977,Genesis,25,4,אלדעה,nmpr,pers,A:person-candidate,Torah
12487,1415051,429978,Genesis,25,4,קטורה,nmpr,pers,A:person-candidate,Torah
12490,1415052,429979,Genesis,25,5,אברהם,nmpr,pers,A:person-candidate,Torah
12496,1415052,429979,Genesis,25,5,יצחק,nmpr,pers,A:person-candidate,Torah
12504,1415053,429982,Genesis,25,6,אברהם,nmpr,pers,A:person-candidate,Torah
12506,1415053,429981,Genesis,25,6,אברהם,nmpr,pers,A:person-candidate,Torah
12512,1415053,429983,Genesis,25,6,יצחק,nmpr,pers,A:person-candidate,Torah
12518,1415053,429983,Genesis,25,6,אל,prep,,C:divine-title-candidate,Torah
12526,1415054,429985,Genesis,25,7,אברהם,nmpr,pers,A:person-candidate,Torah
12541,1415055,429989,Genesis,25,8,אברהם,nmpr,pers,A:person-candidate,Torah
12550,1415055,429990,Genesis,25,8,אל,prep,,C:divine-title-candidate,Torah
12555,1415056,429991,Genesis,25,9,יצחק,nmpr,pers,A:person-candidate,Torah
12557,1415056,429991,Genesis,25,9,ישמעאל,nmpr,pers,A:person-candidate,Torah
12559,1415056,429991,Genesis,25,9,אל,prep,,C:divine-title-candidate,Torah
12562,1415056,429991,Genesis,25,9,מכפלה,nmpr,topo,F:unclassified-name,Torah
12563,1415056,429991,Genesis,25,9,אל,prep,,C:divine-title-candidate,Torah
12565,1415056,429991,Genesis,25,9,עפרון,nmpr,pers,A:person-candidate,Torah
12567,1415056,429991,Genesis,25,9,צחר,nmpr,pers,A:person-candidate,Torah
12573,1415056,429992,Genesis,25,9,ממרא,nmpr,topo,F:unclassified-name,Torah
12578,1415057,429994,Genesis,25,10,אברהם,nmpr,pers,A:person-candidate,Torah
12582,1415057,429994,Genesis,25,10,חת,nmpr,pers,A:person-candidate,Torah
12585,1415057,429995,Genesis,25,10,אברהם,nmpr,pers,A:person-candidate,Torah
12587,1415057,429995,Genesis,25,10,שרה,nmpr,pers,A:person-candidate,Torah
12593,1415058,429996,Genesis,25,11,אברהם,nmpr,pers,A:person-candidate,Torah
12596,1415058,429997,Genesis,25,11,אלהים,subs,,D:Elohim,Torah
12598,1415058,429997,Genesis,25,11,יצחק,nmpr,pers,A:person-candidate,Torah
12602,1415058,429998,Genesis,25,11,יצחק,nmpr,pers,A:person-candidate,Torah
12605,1415058,429998,Genesis,25,11,לחי ראי,nmpr,topo,F:unclassified-name,Torah
12609,1415059,429999,Genesis,25,12,ישמעאל,nmpr,pers,A:person-candidate,Torah
12611,1415059,429999,Genesis,25,12,אברהם,nmpr,pers,A:person-candidate,Torah
12614,1415059,430000,Genesis,25,12,הגר,nmpr,pers,A:person-candidate,Torah
12618,1415059,430000,Genesis,25,12,שרה,nmpr,pers,A:person-candidate,Torah
12620,1415059,430000,Genesis,25,12,אברהם,nmpr,pers,A:person-candidate,Torah
12625,1415060,430001,Genesis,25,13,ישמעאל,nmpr,pers,A:person-candidate,Torah
12631,1415060,430002,Genesis,25,13,ישמעאל,nmpr,pers,A:person-candidate,Torah
12632,1415060,430002,Genesis,25,13,נביות,nmpr,gens,F:unclassified-name,Torah
12634,1415060,430002,Genesis,25,13,קדר,nmpr,"pers,gens",F:unclassified-name,Torah
12636,1415060,430002,Genesis,25,13,אדבאל,nmpr,pers,A:person-candidate,Torah
12638,1415060,430002,Genesis,25,13,מבשם,nmpr,pers,A:person-candidate,Torah
12640,1415061,430003,Genesis,25,14,משמע,nmpr,pers,A:person-candidate,Torah
12642,1415061,430003,Genesis,25,14,דומה,nmpr,topo,F:unclassified-name,Torah
12644,1415061,430003,Genesis,25,14,משא,nmpr,pers,A:person-candidate,Torah
12645,1415062,430004,Genesis,25,15,חדד,nmpr,pers,A:person-candidate,Torah
12647,1415062,430004,Genesis,25,15,תימא,nmpr,topo,F:unclassified-name,Torah
12648,1415062,430004,Genesis,25,15,יטור,nmpr,pers,A:person-candidate,Torah
12649,1415062,430004,Genesis,25,15,נפיש,nmpr,pers,A:person-candidate,Torah
12651,1415062,430004,Genesis,25,15,קדמה,nmpr,pers,A:person-candidate,Torah
12655,1415063,430006,Genesis,25,16,ישמעאל,nmpr,pers,A:person-candidate,Torah
12673,1415064,430009,Genesis,25,17,ישמעאל,nmpr,pers,A:person-candidate,Torah
12688,1415064,430013,Genesis,25,17,אל,prep,,C:divine-title-candidate,Torah
12693,1415065,430014,Genesis,25,18,חוילה,nmpr,topo,F:unclassified-name,Torah
12695,1415065,430014,Genesis,25,18,שור,nmpr,topo,F:unclassified-name,Torah
12699,1415065,430015,Genesis,25,18,מצרים,nmpr,topo,F:unclassified-name,Torah
12701,1415065,430016,Genesis,25,18,אשור,nmpr,topo,F:unclassified-name,Torah
12710,1415066,430018,Genesis,25,19,יצחק,nmpr,pers,A:person-candidate,Torah
12712,1415066,430018,Genesis,25,19,אברהם,nmpr,pers,A:person-candidate,Torah
12713,1415066,430019,Genesis,25,19,אברהם,nmpr,pers,A:person-candidate,Torah
12716,1415066,430019,Genesis,25,19,יצחק,nmpr,pers,A:person-candidate,Torah
12719,1415067,430020,Genesis,25,20,יצחק,nmpr,pers,A:person-candidate,Torah
12726,1415067,430021,Genesis,25,20,רבקה,nmpr,pers,A:person-candidate,Torah
12728,1415067,430021,Genesis,25,20,בתואל,nmpr,pers,A:person-candidate,Torah
12733,1415067,430021,Genesis,25,20,ארם,nmpr,topo,F:unclassified-name,Torah
12735,1415067,430021,Genesis,25,20,לבן,nmpr,pers,A:person-candidate,Torah
12743,1415068,430022,Genesis,25,21,יצחק,nmpr,pers,A:person-candidate,Torah
12745,1415068,430022,Genesis,25,21,יהוה,nmpr,pers,E:YHWH,Torah
12755,1415068,430024,Genesis,25,21,יהוה,nmpr,pers,E:YHWH,Torah
12758,1415068,430025,Genesis,25,21,רבקה,nmpr,pers,A:person-candidate,Torah
12778,1415069,430031,Genesis,25,22,יהוה,nmpr,pers,E:YHWH,Torah
12781,1415070,430032,Genesis,25,23,יהוה,nmpr,pers,E:YHWH,Torah
12824,1415072,430042,Genesis,25,25,עשו,nmpr,pers,A:person-candidate,Torah
12835,1415073,430044,Genesis,25,26,עשו,nmpr,pers,A:person-candidate,Torah
12839,1415073,430045,Genesis,25,26,יעקב,nmpr,pers,A:person-candidate,Torah
12841,1415073,430046,Genesis,25,26,יצחק,nmpr,pers,A:person-candidate,Torah
12854,1415074,430049,Genesis,25,27,עשו,nmpr,pers,A:person-candidate,Torah
12861,1415074,430052,Genesis,25,27,יעקב,nmpr,pers,A:person-candidate,Torah
12868,1415075,430054,Genesis,25,28,יצחק,nmpr,pers,A:person-candidate,Torah
12870,1415075,430054,Genesis,25,28,עשו,nmpr,pers,A:person-candidate,Torah
12876,1415075,430056,Genesis,25,28,רבקה,nmpr,pers,A:person-candidate,Torah
12879,1415075,430056,Genesis,25,28,יעקב,nmpr,pers,A:person-candidate,Torah
12882,1415076,430057,Genesis,25,29,יעקב,nmpr,pers,A:person-candidate,Torah
12886,1415076,430058,Genesis,25,29,עשו,nmpr,pers,A:person-candidate,Torah
12895,1415077,430060,Genesis,25,30,עשו,nmpr,pers,A:person-candidate,Torah
12896,1415077,430060,Genesis,25,30,אל,prep,,C:divine-title-candidate,Torah
12897,1415077,430060,Genesis,25,30,יעקב,nmpr,pers,A:person-candidate,Torah
12914,1415077,430063,Genesis,25,30,אדום,nmpr,topo,F:unclassified-name,Torah
12917,1415078,430064,Genesis,25,31,יעקב,nmpr,pers,A:person-candidate,Torah
12927,1415079,430066,Genesis,25,32,עשו,nmpr,pers,A:person-candidate,Torah
12940,1415080,430070,Genesis,25,33,יעקב,nmpr,pers,A:person-candidate,Torah
12954,1415080,430073,Genesis,25,33,יעקב,nmpr,pers,A:person-candidate,Torah
12956,1415081,430074,Genesis,25,34,יעקב,nmpr,pers,A:person-candidate,Torah
12959,1415081,430074,Genesis,25,34,עשו,nmpr,pers,A:person-candidate,Torah
12974,1415081,430079,Genesis,25,34,עשו,nmpr,pers,A:person-candidate,Torah
12995,1415082,430081,Genesis,26,1,אברהם,nmpr,pers,A:person-candidate,Torah
12998,1415082,430082,Genesis,26,1,יצחק,nmpr,pers,A:person-candidate,Torah
12999,1415082,430082,Genesis,26,1,אל,prep,,C:divine-title-candidate,Torah
13000,1415082,430082,Genesis,26,1,אבימלך,nmpr,pers,A:person-candidate,Torah
13001,1415082,430082,Genesis,26,1,מלך,subs,,B:deity-candidate,Torah
13003,1415082,430082,Genesis,26,1,גרר,nmpr,topo,F:unclassified-name,Torah
13006,1415083,430083,Genesis,26,2,אל,prep,,C:divine-title-candidate,Torah
13007,1415083,430083,Genesis,26,2,יהוה,nmpr,pers,E:YHWH,Torah
13010,1415083,430085,Genesis,26,2,אל,nega,,C:divine-title-candidate,Torah
13012,1415083,430085,Genesis,26,2,מצרים,nmpr,topo,F:unclassified-name,Torah
13019,1415083,430087,Genesis,26,2,אל,prep,,C:divine-title-candidate,Torah
13042,1415084,430091,Genesis,26,3,אל,prde,,C:divine-title-candidate,Torah
13051,1415084,430093,Genesis,26,3,אברהם,nmpr,pers,A:person-candidate,Torah
13070,1415085,430095,Genesis,26,4,אל,prde,,C:divine-title-candidate,Torah
13082,1415086,430097,Genesis,26,5,אברהם,nmpr,pers,A:person-candidate,Torah
13094,1415087,430099,Genesis,26,6,יצחק,nmpr,pers,A:person-candidate,Torah
13096,1415087,430099,Genesis,26,6,גרר,nmpr,topo,F:unclassified-name,Torah
13119,1415088,430106,Genesis,26,7,רבקה,nmpr,pers,A:person-candidate,Torah
13134,1415089,430110,Genesis,26,8,אבימלך,nmpr,pers,A:person-candidate,Torah
13135,1415089,430110,Genesis,26,8,מלך,subs,,B:deity-candidate,Torah
13144,1415089,430112,Genesis,26,8,יצחק,nmpr,pers,A:person-candidate,Torah
13147,1415089,430112,Genesis,26,8,רבקה,nmpr,pers,A:person-candidate,Torah
13151,1415090,430113,Genesis,26,9,אבימלך,nmpr,pers,A:person-candidate,Torah
13153,1415090,430113,Genesis,26,9,יצחק,nmpr,pers,A:person-candidate,Torah
13167,1415090,430118,Genesis,26,9,אל,prep,,C:divine-title-candidate,Torah
13168,1415090,430118,Genesis,26,9,יצחק,nmpr,pers,A:person-candidate,Torah
13176,1415091,430121,Genesis,26,10,אבימלך,nmpr,pers,A:person-candidate,Torah
13195,1415092,430125,Genesis,26,11,אבימלך,nmpr,pers,A:person-candidate,Torah
13216,1415093,430129,Genesis,26,12,יצחק,nmpr,pers,A:person-candidate,Torah
13233,1415093,430131,Genesis,26,12,יהוה,nmpr,pers,E:YHWH,Torah
13272,1415096,430138,Genesis,26,15,אברהם,nmpr,pers,A:person-candidate,Torah
13281,1415097,430141,Genesis,26,16,אבימלך,nmpr,pers,A:person-candidate,Torah
13282,1415097,430141,Genesis,26,16,אל,prep,,C:divine-title-candidate,Torah
13283,1415097,430141,Genesis,26,16,יצחק,nmpr,pers,A:person-candidate,Torah
13295,1415098,430144,Genesis,26,17,יצחק,nmpr,pers,A:person-candidate,Torah
13300,1415098,430145,Genesis,26,17,גרר,nmpr,topo,F:unclassified-name,Torah
13306,1415099,430147,Genesis,26,18,יצחק,nmpr,pers,A:person-candidate,Torah
13317,1415099,430149,Genesis,26,18,אברהם,nmpr,pers,A:person-candidate,Torah
13324,1415099,430150,Genesis,26,18,אברהם,nmpr,pers,A:person-candidate,Torah
13339,1415100,430153,Genesis,26,19,יצחק,nmpr,pers,A:person-candidate,Torah
13352,1415101,430155,Genesis,26,20,גרר,nmpr,topo,F:unclassified-name,Torah
13355,1415101,430155,Genesis,26,20,יצחק,nmpr,pers,A:person-candidate,Torah
13366,1415101,430158,Genesis,26,20,עשק,nmpr,topo,F:unclassified-name,Torah
13381,1415102,430162,Genesis,26,21,שטנה,nmpr,topo,F:unclassified-name,Torah
13397,1415103,430166,Genesis,26,22,רחבות,nmpr,topo,F:unclassified-name,Torah
13403,1415103,430168,Genesis,26,22,יהוה,nmpr,pers,E:YHWH,Torah
13415,1415104,430170,Genesis,26,23,שבע,nmpr,topo,F:unclassified-name,Torah
13418,1415105,430171,Genesis,26,24,אל,prep,,C:divine-title-candidate,Torah
13419,1415105,430171,Genesis,26,24,יהוה,nmpr,pers,E:YHWH,Torah
13428,1415105,430173,Genesis,26,24,אלהים,subs,,D:Elohim,Torah
13429,1415105,430173,Genesis,26,24,אברהם,nmpr,pers,A:person-candidate,Torah
13431,1415105,430174,Genesis,26,24,אל,nega,,C:divine-title-candidate,Torah
13444,1415105,430177,Genesis,26,24,אברהם,nmpr,pers,A:person-candidate,Torah
13454,1415106,430179,Genesis,26,25,יהוה,nmpr,pers,E:YHWH,Torah
13463,1415106,430181,Genesis,26,25,יצחק,nmpr,pers,A:person-candidate,Torah
13466,1415107,430182,Genesis,26,26,אבימלך,nmpr,pers,A:person-candidate,Torah
13468,1415107,430182,Genesis,26,26,אל,prep,,C:divine-title-candidate,Torah
13470,1415107,430182,Genesis,26,26,גרר,nmpr,topo,F:unclassified-name,Torah
13472,1415107,430183,Genesis,26,26,אחזת,nmpr,pers,A:person-candidate,Torah
13475,1415107,430183,Genesis,26,26,פיכל,nmpr,pers,A:person-candidate,Torah
13480,1415108,430184,Genesis,26,27,אל,prep,,C:divine-title-candidate,Torah
13481,1415108,430184,Genesis,26,27,יצחק,nmpr,pers,A:person-candidate,Torah
13484,1415108,430185,Genesis,26,27,אל,prep,,C:divine-title-candidate,Torah
13499,1415109,430190,Genesis,26,28,יהוה,nmpr,pers,E:YHWH,Torah
13536,1415110,430198,Genesis,26,29,יהוה,nmpr,pers,E:YHWH,Torah
13557,1415112,430205,Genesis,26,31,יצחק,nmpr,pers,A:person-candidate,Torah
13574,1415113,430208,Genesis,26,32,יצחק,nmpr,pers,A:person-candidate,Torah
13592,1415114,430213,Genesis,26,33,שבעה,nmpr,topo,F:unclassified-name,Torah
13599,1415114,430214,Genesis,26,33,שבע,nmpr,topo,F:unclassified-name,Torah
13607,1415115,430215,Genesis,26,34,עשו,nmpr,pers,A:person-candidate,Torah
13615,1415115,430216,Genesis,26,34,יהודית,nmpr,pers,A:person-candidate,Torah
13617,1415115,430216,Genesis,26,34,בארי,nmpr,pers,A:person-candidate,Torah
13622,1415115,430216,Genesis,26,34,בשמת,nmpr,pers,A:person-candidate,Torah
13624,1415115,430216,Genesis,26,34,אילון,nmpr,pers,A:person-candidate,Torah
13632,1415116,430217,Genesis,26,35,יצחק,nmpr,pers,A:person-candidate,Torah
13635,1415116,430217,Genesis,26,35,רבקה,nmpr,pers,A:person-candidate,Torah
13640,1415117,430219,Genesis,27,1,יצחק,nmpr,pers,A:person-candidate,Torah
13649,1415117,430222,Genesis,27,1,עשו,nmpr,pers,A:person-candidate,Torah
13655,1415117,430223,Genesis,27,1,אל,prep,,C:divine-title-candidate,Torah
13659,1415117,430225,Genesis,27,1,אל,prep,,C:divine-title-candidate,Torah
13706,1415121,430240,Genesis,27,5,רבקה,nmpr,pers,A:person-candidate,Torah
13710,1415121,430241,Genesis,27,5,יצחק,nmpr,pers,A:person-candidate,Torah
13711,1415121,430241,Genesis,27,5,אל,prep,,C:divine-title-candidate,Torah
13712,1415121,430241,Genesis,27,5,עשו,nmpr,pers,A:person-candidate,Torah
13716,1415121,430242,Genesis,27,5,עשו,nmpr,pers,A:person-candidate,Torah
13725,1415122,430245,Genesis,27,6,רבקה,nmpr,pers,A:person-candidate,Torah
13727,1415122,430245,Genesis,27,6,אל,prep,,C:divine-title-candidate,Torah
13728,1415122,430245,Genesis,27,6,יעקב,nmpr,pers,A:person-candidate,Torah
13737,1415122,430248,Genesis,27,6,אל,prep,,C:divine-title-candidate,Torah
13738,1415122,430248,Genesis,27,6,עשו,nmpr,pers,A:person-candidate,Torah
13755,1415123,430253,Genesis,27,7,יהוה,nmpr,pers,E:YHWH,Torah
13772,1415125,430258,Genesis,27,9,אל,prep,,C:divine-title-candidate,Torah
13808,1415127,430265,Genesis,27,11,יעקב,nmpr,pers,A:person-candidate,Torah
13809,1415127,430265,Genesis,27,11,אל,prep,,C:divine-title-candidate,Torah
13810,1415127,430265,Genesis,27,11,רבקה,nmpr,pers,A:person-candidate,Torah
13813,1415127,430266,Genesis,27,11,עשו,nmpr,pers,A:person-candidate,Torah
13870,1415131,430283,Genesis,27,15,רבקה,nmpr,pers,A:person-candidate,Torah
13873,1415131,430283,Genesis,27,15,עשו,nmpr,pers,A:person-candidate,Torah
13887,1415131,430285,Genesis,27,15,יעקב,nmpr,pers,A:person-candidate,Torah
13917,1415133,430287,Genesis,27,17,יעקב,nmpr,pers,A:person-candidate,Torah
13921,1415134,430289,Genesis,27,18,אל,prep,,C:divine-title-candidate,Torah
13934,1415135,430296,Genesis,27,19,יעקב,nmpr,pers,A:person-candidate,Torah
13935,1415135,430296,Genesis,27,19,אל,prep,,C:divine-title-candidate,Torah
13938,1415135,430297,Genesis,27,19,עשו,nmpr,pers,A:person-candidate,Torah
13944,1415135,430299,Genesis,27,19,אל,prep,,C:divine-title-candidate,Torah
13958,1415136,430304,Genesis,27,20,יצחק,nmpr,pers,A:person-candidate,Torah
13959,1415136,430304,Genesis,27,20,אל,prep,,C:divine-title-candidate,Torah
13971,1415136,430309,Genesis,27,20,יהוה,nmpr,pers,E:YHWH,Torah
13972,1415136,430309,Genesis,27,20,אלהים,subs,,D:Elohim,Torah
13977,1415137,430310,Genesis,27,21,יצחק,nmpr,pers,A:person-candidate,Torah
13978,1415137,430310,Genesis,27,21,אל,prep,,C:divine-title-candidate,Torah
13979,1415137,430310,Genesis,27,21,יעקב,nmpr,pers,A:person-candidate,Torah
13989,1415137,430314,Genesis,27,21,עשו,nmpr,pers,A:person-candidate,Torah
13994,1415138,430316,Genesis,27,22,יעקב,nmpr,pers,A:person-candidate,Torah
13995,1415138,430316,Genesis,27,22,אל,prep,,C:divine-title-candidate,Torah
13996,1415138,430316,Genesis,27,22,יצחק,nmpr,pers,A:person-candidate,Torah
14005,1415138,430319,Genesis,27,22,יעקב,nmpr,pers,A:person-candidate,Torah
14010,1415138,430320,Genesis,27,22,עשו,nmpr,pers,A:person-candidate,Torah
14019,1415139,430322,Genesis,27,23,עשו,nmpr,pers,A:person-candidate,Torah
14029,1415140,430325,Genesis,27,24,עשו,nmpr,pers,A:person-candidate,Torah
14058,1415142,430336,Genesis,27,26,אל,prep,,C:divine-title-candidate,Torah
14059,1415142,430336,Genesis,27,26,יצחק,nmpr,pers,A:person-candidate,Torah
14089,1415143,430347,Genesis,27,27,יהוה,nmpr,pers,E:YHWH,Torah
14094,1415144,430348,Genesis,27,28,אלהים,subs,,D:Elohim,Torah
14134,1415146,430357,Genesis,27,30,יצחק,nmpr,pers,A:person-candidate,Torah
14138,1415146,430358,Genesis,27,30,יעקב,nmpr,pers,A:person-candidate,Torah
14144,1415146,430360,Genesis,27,30,יעקב,nmpr,pers,A:person-candidate,Torah
14148,1415146,430360,Genesis,27,30,יצחק,nmpr,pers,A:person-candidate,Torah
14151,1415146,430361,Genesis,27,30,עשו,nmpr,pers,A:person-candidate,Torah
14183,1415148,430369,Genesis,27,32,יצחק,nmpr,pers,A:person-candidate,Torah
14192,1415148,430372,Genesis,27,32,עשו,nmpr,pers,A:person-candidate,Torah
14195,1415149,430373,Genesis,27,33,יצחק,nmpr,pers,A:person-candidate,Torah
14225,1415150,430382,Genesis,27,34,עשו,nmpr,pers,A:person-candidate,Torah
14260,1415152,430392,Genesis,27,36,יעקב,nmpr,pers,A:person-candidate,Torah
14282,1415153,430398,Genesis,27,37,יצחק,nmpr,pers,A:person-candidate,Torah
14286,1415153,430399,Genesis,27,37,עשו,nmpr,pers,A:person-candidate,Torah
14312,1415154,430406,Genesis,27,38,עשו,nmpr,pers,A:person-candidate,Torah
14313,1415154,430406,Genesis,27,38,אל,prep,,C:divine-title-candidate,Torah
14327,1415154,430412,Genesis,27,38,עשו,nmpr,pers,A:person-candidate,Torah
14333,1415155,430414,Genesis,27,39,יצחק,nmpr,pers,A:person-candidate,Torah
14337,1415155,430415,Genesis,27,39,אל,prep,,C:divine-title-candidate,Torah
14373,1415157,430423,Genesis,27,41,עשו,nmpr,pers,A:person-candidate,Torah
14375,1415157,430423,Genesis,27,41,יעקב,nmpr,pers,A:person-candidate,Torah
14384,1415157,430425,Genesis,27,41,עשו,nmpr,pers,A:person-candidate,Torah
14394,1415157,430427,Genesis,27,41,יעקב,nmpr,pers,A:person-candidate,Torah
14399,1415158,430428,Genesis,27,42,רבקה,nmpr,pers,A:person-candidate,Torah
14402,1415158,430428,Genesis,27,42,עשו,nmpr,pers,A:person-candidate,Torah
14411,1415158,430430,Genesis,27,42,יעקב,nmpr,pers,A:person-candidate,Torah
14417,1415158,430431,Genesis,27,42,אל,prep,,C:divine-title-candidate,Torah
14419,1415158,430432,Genesis,27,42,עשו,nmpr,pers,A:person-candidate,Torah
14435,1415159,430438,Genesis,27,43,אל,prep,,C:divine-title-candidate,Torah
14436,1415159,430438,Genesis,27,43,לבן,nmpr,pers,A:person-candidate,Torah
14438,1415159,430438,Genesis,27,43,חרן,nmpr,topo,F:unclassified-name,Torah
14474,1415162,430447,Genesis,27,46,רבקה,nmpr,pers,A:person-candidate,Torah
14475,1415162,430447,Genesis,27,46,אל,prep,,C:divine-title-candidate,Torah
14476,1415162,430447,Genesis,27,46,יצחק,nmpr,pers,A:person-candidate,Torah
14483,1415162,430448,Genesis,27,46,חת,nmpr,pers,A:person-candidate,Torah
14486,1415162,430449,Genesis,27,46,יעקב,nmpr,pers,A:person-candidate,Torah
14490,1415162,430449,Genesis,27,46,חת,nmpr,pers,A:person-candidate,Torah
14502,1415163,430451,Genesis,28,1,יצחק,nmpr,pers,A:person-candidate,Torah
14503,1415163,430451,Genesis,28,1,אל,prep,,C:divine-title-candidate,Torah
14504,1415163,430451,Genesis,28,1,יעקב,nmpr,pers,A:person-candidate,Torah
14518,1415163,430455,Genesis,28,1,כנען,nmpr,"pers,gens,topo",F:unclassified-name,Torah
14522,1415164,430457,Genesis,28,2,ארם,nmpr,topo,F:unclassified-name,Torah
14524,1415164,430457,Genesis,28,2,בתואל,nmpr,pers,A:person-candidate,Torah
14535,1415164,430458,Genesis,28,2,לבן,nmpr,pers,A:person-candidate,Torah
14539,1415165,430459,Genesis,28,3,אל,subs,,C:divine-title-candidate,Torah
14540,1415165,430459,Genesis,28,3,שדי,nmpr,pers,C:divine-title-candidate,Torah
14557,1415166,430463,Genesis,28,4,אברהם,nmpr,pers,A:person-candidate,Torah
14570,1415166,430465,Genesis,28,4,אלהים,subs,,D:Elohim,Torah
14572,1415166,430465,Genesis,28,4,אברהם,nmpr,pers,A:person-candidate,Torah
14575,1415167,430466,Genesis,28,5,יצחק,nmpr,pers,A:person-candidate,Torah
14577,1415167,430466,Genesis,28,5,יעקב,nmpr,pers,A:person-candidate,Torah
14581,1415167,430467,Genesis,28,5,ארם,nmpr,topo,F:unclassified-name,Torah
14582,1415167,430467,Genesis,28,5,אל,prep,,C:divine-title-candidate,Torah
14583,1415167,430467,Genesis,28,5,לבן,nmpr,pers,A:person-candidate,Torah
14585,1415167,430467,Genesis,28,5,בתואל,nmpr,pers,A:person-candidate,Torah
14589,1415167,430467,Genesis,28,5,רבקה,nmpr,pers,A:person-candidate,Torah
14591,1415167,430467,Genesis,28,5,יעקב,nmpr,pers,A:person-candidate,Torah
14593,1415167,430467,Genesis,28,5,עשו,nmpr,pers,A:person-candidate,Torah
14596,1415168,430468,Genesis,28,6,עשו,nmpr,pers,A:person-candidate,Torah
14599,1415168,430469,Genesis,28,6,יצחק,nmpr,pers,A:person-candidate,Torah
14601,1415168,430469,Genesis,28,6,יעקב,nmpr,pers,A:person-candidate,Torah
14606,1415168,430470,Genesis,28,6,ארם,nmpr,topo,F:unclassified-name,Torah
14626,1415168,430475,Genesis,28,6,כנען,nmpr,"pers,gens,topo",F:unclassified-name,Torah
14629,1415169,430476,Genesis,28,7,יעקב,nmpr,pers,A:person-candidate,Torah
14630,1415169,430476,Genesis,28,7,אל,prep,,C:divine-title-candidate,Torah
14633,1415169,430476,Genesis,28,7,אל,prep,,C:divine-title-candidate,Torah
14638,1415169,430477,Genesis,28,7,ארם,nmpr,topo,F:unclassified-name,Torah
14641,1415170,430478,Genesis,28,8,עשו,nmpr,pers,A:person-candidate,Torah
14645,1415170,430479,Genesis,28,8,כנען,nmpr,"pers,gens,topo",F:unclassified-name,Torah
14648,1415170,430479,Genesis,28,8,יצחק,nmpr,pers,A:person-candidate,Torah
14652,1415171,430480,Genesis,28,9,עשו,nmpr,pers,A:person-candidate,Torah
14653,1415171,430480,Genesis,28,9,אל,prep,,C:divine-title-candidate,Torah
14654,1415171,430480,Genesis,28,9,ישמעאל,nmpr,pers,A:person-candidate,Torah
14658,1415171,430481,Genesis,28,9,מחלת,nmpr,pers,A:person-candidate,Torah
14660,1415171,430481,Genesis,28,9,ישמעאל,nmpr,pers,A:person-candidate,Torah
14662,1415171,430481,Genesis,28,9,אברהם,nmpr,pers,A:person-candidate,Torah
14664,1415171,430481,Genesis,28,9,נביות,nmpr,gens,F:unclassified-name,Torah
14672,1415172,430482,Genesis,28,10,יעקב,nmpr,pers,A:person-candidate,Torah
14675,1415172,430482,Genesis,28,10,שבע,nmpr,topo,F:unclassified-name,Torah
14678,1415172,430483,Genesis,28,10,חרן,nmpr,topo,F:unclassified-name,Torah
14722,1415174,430493,Genesis,28,12,אלהים,subs,,D:Elohim,Torah
14729,1415175,430495,Genesis,28,13,יהוה,nmpr,pers,E:YHWH,Torah
14735,1415175,430497,Genesis,28,13,יהוה,nmpr,pers,E:YHWH,Torah
14736,1415175,430497,Genesis,28,13,אלהים,subs,,D:Elohim,Torah
14737,1415175,430497,Genesis,28,13,אברהם,nmpr,pers,A:person-candidate,Torah
14740,1415175,430497,Genesis,28,13,אלהים,subs,,D:Elohim,Torah
14741,1415175,430497,Genesis,28,13,יצחק,nmpr,pers,A:person-candidate,Torah
14791,1415177,430508,Genesis,28,15,אל,prep,,C:divine-title-candidate,Torah
14809,1415178,430512,Genesis,28,16,יעקב,nmpr,pers,A:person-candidate,Torah
14816,1415178,430514,Genesis,28,16,יהוה,nmpr,pers,E:YHWH,Torah
14841,1415179,430520,Genesis,28,17,אלהים,subs,,D:Elohim,Torah
14849,1415180,430522,Genesis,28,18,יעקב,nmpr,pers,A:person-candidate,Torah
14878,1415181,430527,Genesis,28,19,בית אל,nmpr,topo,F:unclassified-name,Torah
14881,1415181,430528,Genesis,28,19,לוז,nmpr,topo,F:unclassified-name,Torah
14890,1415182,430529,Genesis,28,20,יעקב,nmpr,pers,A:person-candidate,Torah
14896,1415182,430531,Genesis,28,20,אלהים,subs,,D:Elohim,Torah
14922,1415183,430537,Genesis,28,21,אל,prep,,C:divine-title-candidate,Torah
14927,1415183,430538,Genesis,28,21,יהוה,nmpr,pers,E:YHWH,Torah
14930,1415183,430538,Genesis,28,21,אלהים,subs,,D:Elohim,Torah
14941,1415184,430539,Genesis,28,22,אלהים,subs,,D:Elohim,Torah
14952,1415185,430544,Genesis,29,1,יעקב,nmpr,pers,A:person-candidate,Torah
15027,1415188,430555,Genesis,29,4,יעקב,nmpr,pers,A:person-candidate,Torah
15035,1415188,430559,Genesis,29,4,חרן,nmpr,topo,F:unclassified-name,Torah
15043,1415189,430561,Genesis,29,5,לבן,nmpr,pers,A:person-candidate,Torah
15045,1415189,430561,Genesis,29,5,נחור,nmpr,pers,A:person-candidate,Torah
15060,1415190,430568,Genesis,29,6,רחל,nmpr,pers,A:person-candidate,Torah
15112,1415193,430582,Genesis,29,9,רחל,nmpr,pers,A:person-candidate,Torah
15128,1415194,430586,Genesis,29,10,יעקב,nmpr,pers,A:person-candidate,Torah
15130,1415194,430586,Genesis,29,10,רחל,nmpr,pers,A:person-candidate,Torah
15132,1415194,430586,Genesis,29,10,לבן,nmpr,pers,A:person-candidate,Torah
15138,1415194,430586,Genesis,29,10,לבן,nmpr,pers,A:person-candidate,Torah
15143,1415194,430587,Genesis,29,10,יעקב,nmpr,pers,A:person-candidate,Torah
15158,1415194,430589,Genesis,29,10,לבן,nmpr,pers,A:person-candidate,Torah
15163,1415195,430590,Genesis,29,11,יעקב,nmpr,pers,A:person-candidate,Torah
15165,1415195,430590,Genesis,29,11,רחל,nmpr,pers,A:person-candidate,Torah
15174,1415196,430593,Genesis,29,12,יעקב,nmpr,pers,A:person-candidate,Torah
15176,1415196,430593,Genesis,29,12,רחל,nmpr,pers,A:person-candidate,Torah
15184,1415196,430595,Genesis,29,12,רבקה,nmpr,pers,A:person-candidate,Torah
15196,1415197,430599,Genesis,29,13,לבן,nmpr,pers,A:person-candidate,Torah
15199,1415197,430599,Genesis,29,13,יעקב,nmpr,pers,A:person-candidate,Torah
15214,1415197,430604,Genesis,29,13,אל,prep,,C:divine-title-candidate,Torah
15219,1415197,430605,Genesis,29,13,לבן,nmpr,pers,A:person-candidate,Torah
15229,1415198,430606,Genesis,29,14,לבן,nmpr,pers,A:person-candidate,Torah
15242,1415199,430609,Genesis,29,15,לבן,nmpr,pers,A:person-candidate,Torah
15244,1415199,430609,Genesis,29,15,יעקב,nmpr,pers,A:person-candidate,Torah
15258,1415200,430614,Genesis,29,16,לבן,nmpr,pers,A:person-candidate,Torah
15264,1415200,430615,Genesis,29,16,לאה,nmpr,pers,A:person-candidate,Torah
15269,1415200,430616,Genesis,29,16,רחל,nmpr,pers,A:person-candidate,Torah
15272,1415201,430617,Genesis,29,17,לאה,nmpr,pers,A:person-candidate,Torah
15275,1415201,430618,Genesis,29,17,רחל,nmpr,pers,A:person-candidate,Torah
15284,1415202,430619,Genesis,29,18,יעקב,nmpr,pers,A:person-candidate,Torah
15286,1415202,430619,Genesis,29,18,רחל,nmpr,pers,A:person-candidate,Torah
15293,1415202,430621,Genesis,29,18,רחל,nmpr,pers,A:person-candidate,Torah
15299,1415203,430622,Genesis,29,19,לבן,nmpr,pers,A:person-candidate,Torah
15314,1415204,430627,Genesis,29,20,יעקב,nmpr,pers,A:person-candidate,Torah
15316,1415204,430627,Genesis,29,20,רחל,nmpr,pers,A:person-candidate,Torah
15331,1415205,430629,Genesis,29,21,יעקב,nmpr,pers,A:person-candidate,Torah
15332,1415205,430629,Genesis,29,21,אל,prep,,C:divine-title-candidate,Torah
15333,1415205,430629,Genesis,29,21,לבן,nmpr,pers,A:person-candidate,Torah
15342,1415205,430632,Genesis,29,21,אל,prep,,C:divine-title-candidate,Torah
15345,1415206,430633,Genesis,29,22,לבן,nmpr,pers,A:person-candidate,Torah
15362,1415207,430636,Genesis,29,23,לאה,nmpr,pers,A:person-candidate,Torah
15367,1415207,430637,Genesis,29,23,אל,prep,,C:divine-title-candidate,Torah
15370,1415207,430638,Genesis,29,23,אל,prep,,C:divine-title-candidate,Torah
15373,1415208,430639,Genesis,29,24,לבן,nmpr,pers,A:person-candidate,Torah
15376,1415208,430639,Genesis,29,24,זלפה,nmpr,gens,F:unclassified-name,Torah
15379,1415208,430640,Genesis,29,24,לאה,nmpr,pers,A:person-candidate,Torah
15390,1415209,430642,Genesis,29,25,לאה,nmpr,pers,A:person-candidate,Torah
15393,1415209,430643,Genesis,29,25,אל,prep,,C:divine-title-candidate,Torah
15394,1415209,430643,Genesis,29,25,לבן,nmpr,pers,A:person-candidate,Torah
15402,1415209,430645,Genesis,29,25,רחל,nmpr,pers,A:person-candidate,Torah
15410,1415210,430647,Genesis,29,26,לבן,nmpr,pers,A:person-candidate,Torah
15444,1415212,430653,Genesis,29,28,יעקב,nmpr,pers,A:person-candidate,Torah
15454,1415212,430655,Genesis,29,28,רחל,nmpr,pers,A:person-candidate,Torah
15461,1415213,430657,Genesis,29,29,לבן,nmpr,pers,A:person-candidate,Torah
15463,1415213,430657,Genesis,29,29,רחל,nmpr,pers,A:person-candidate,Torah
15466,1415213,430657,Genesis,29,29,בלהה,nmpr,pers,A:person-candidate,Torah
15474,1415214,430659,Genesis,29,30,אל,prep,,C:divine-title-candidate,Torah
15475,1415214,430659,Genesis,29,30,רחל,nmpr,pers,A:person-candidate,Torah
15480,1415214,430660,Genesis,29,30,רחל,nmpr,pers,A:person-candidate,Torah
15482,1415214,430660,Genesis,29,30,לאה,nmpr,pers,A:person-candidate,Torah
15492,1415215,430662,Genesis,29,31,יהוה,nmpr,pers,E:YHWH,Torah
15495,1415215,430663,Genesis,29,31,לאה,nmpr,pers,A:person-candidate,Torah
15501,1415215,430665,Genesis,29,31,רחל,nmpr,pers,A:person-candidate,Torah
15505,1415216,430666,Genesis,29,32,לאה,nmpr,pers,A:person-candidate,Torah
15512,1415216,430668,Genesis,29,32,ראובן,nmpr,"pers,gens,topo",F:unclassified-name,Torah
15517,1415216,430670,Genesis,29,32,יהוה,nmpr,pers,E:YHWH,Torah
15534,1415217,430675,Genesis,29,33,יהוה,nmpr,pers,E:YHWH,Torah
15547,1415217,430678,Genesis,29,33,שמעון,nmpr,"pers,gens,topo",F:unclassified-name,Torah
15561,1415218,430682,Genesis,29,34,אל,prep,,C:divine-title-candidate,Torah
15571,1415218,430684,Genesis,29,34,לוי,nmpr,"pers,gens",F:unclassified-name,Torah
15584,1415219,430688,Genesis,29,35,יהוה,nmpr,pers,E:YHWH,Torah
15589,1415219,430689,Genesis,29,35,יהודה,nmpr,"pers,gens,topo",F:unclassified-name,Torah
15596,1415220,430692,Genesis,30,1,רחל,nmpr,pers,A:person-candidate,Torah
15601,1415220,430693,Genesis,30,1,יעקב,nmpr,pers,A:person-candidate,Torah
15604,1415220,430694,Genesis,30,1,רחל,nmpr,pers,A:person-candidate,Torah
15609,1415220,430695,Genesis,30,1,אל,prep,,C:divine-title-candidate,Torah
15610,1415220,430695,Genesis,30,1,יעקב,nmpr,pers,A:person-candidate,Torah
15622,1415221,430699,Genesis,30,2,יעקב,nmpr,pers,A:person-candidate,Torah
15624,1415221,430699,Genesis,30,2,רחל,nmpr,pers,A:person-candidate,Torah
15629,1415221,430701,Genesis,30,2,אלהים,subs,,D:Elohim,Torah
15640,1415222,430704,Genesis,30,3,בלהה,nmpr,pers,A:person-candidate,Torah
15642,1415222,430705,Genesis,30,3,אל,prep,,C:divine-title-candidate,Torah
15656,1415223,430708,Genesis,30,4,בלהה,nmpr,pers,A:person-candidate,Torah
15662,1415223,430709,Genesis,30,4,אל,prep,,C:divine-title-candidate,Torah
15663,1415223,430709,Genesis,30,4,יעקב,nmpr,pers,A:person-candidate,Torah
15666,1415224,430710,Genesis,30,5,בלהה,nmpr,pers,A:person-candidate,Torah
15670,1415224,430711,Genesis,30,5,יעקב,nmpr,pers,A:person-candidate,Torah
15674,1415225,430712,Genesis,30,6,רחל,nmpr,pers,A:person-candidate,Torah
15676,1415225,430713,Genesis,30,6,אלהים,subs,,D:Elohim,Torah
15690,1415225,430716,Genesis,30,6,דן,nmpr,"pers,gens,topo",F:unclassified-name,Torah
15696,1415226,430718,Genesis,30,7,בלהה,nmpr,pers,A:person-candidate,Torah
15698,1415226,430718,Genesis,30,7,רחל,nmpr,pers,A:person-candidate,Torah
15702,1415226,430718,Genesis,30,7,יעקב,nmpr,pers,A:person-candidate,Torah
15705,1415227,430719,Genesis,30,8,רחל,nmpr,pers,A:person-candidate,Torah
15707,1415227,430720,Genesis,30,8,אלהים,subs,,D:Elohim,Torah
15716,1415227,430722,Genesis,30,8,נפתלי,nmpr,"pers,gens,topo",F:unclassified-name,Torah
15719,1415228,430723,Genesis,30,9,לאה,nmpr,pers,A:person-candidate,Torah
15727,1415228,430726,Genesis,30,9,זלפה,nmpr,gens,F:unclassified-name,Torah
15733,1415228,430727,Genesis,30,9,יעקב,nmpr,pers,A:person-candidate,Torah
15738,1415229,430728,Genesis,30,10,זלפה,nmpr,gens,F:unclassified-name,Torah
15740,1415229,430728,Genesis,30,10,לאה,nmpr,pers,A:person-candidate,Torah
15742,1415229,430728,Genesis,30,10,יעקב,nmpr,pers,A:person-candidate,Torah
15746,1415230,430729,Genesis,30,11,לאה,nmpr,pers,A:person-candidate,Torah
15748,1415230,430730,Genesis,30,11,גד,subs,,B:deity-candidate,Torah
15753,1415230,430731,Genesis,30,11,גד,nmpr,"pers,gens,topo",B:deity-candidate,Torah
15756,1415231,430732,Genesis,30,12,זלפה,nmpr,gens,F:unclassified-name,Torah
15758,1415231,430732,Genesis,30,12,לאה,nmpr,pers,A:person-candidate,Torah
15762,1415231,430732,Genesis,30,12,יעקב,nmpr,pers,A:person-candidate,Torah
15765,1415232,430733,Genesis,30,13,לאה,nmpr,pers,A:person-candidate,Torah
15775,1415232,430736,Genesis,30,13,אשר,nmpr,"pers,gens,topo",F:unclassified-name,Torah
15778,1415233,430737,Genesis,30,14,ראובן,nmpr,"pers,gens,topo",F:unclassified-name,Torah
15792,1415233,430739,Genesis,30,14,אל,prep,,C:divine-title-candidate,Torah
15793,1415233,430739,Genesis,30,14,לאה,nmpr,pers,A:person-candidate,Torah
15797,1415233,430740,Genesis,30,14,רחל,nmpr,pers,A:person-candidate,Torah
15798,1415233,430740,Genesis,30,14,אל,prep,,C:divine-title-candidate,Torah
15799,1415233,430740,Genesis,30,14,לאה,nmpr,pers,A:person-candidate,Torah
15823,1415234,430746,Genesis,30,15,רחל,nmpr,pers,A:person-candidate,Torah
15834,1415235,430748,Genesis,30,16,יעקב,nmpr,pers,A:person-candidate,Torah
15843,1415235,430749,Genesis,30,16,לאה,nmpr,pers,A:person-candidate,Torah
15848,1415235,430752,Genesis,30,16,אל,prep,,C:divine-title-candidate,Torah
15865,1415236,430755,Genesis,30,17,אלהים,subs,,D:Elohim,Torah
15866,1415236,430755,Genesis,30,17,אל,prep,,C:divine-title-candidate,Torah
15867,1415236,430755,Genesis,30,17,לאה,nmpr,pers,A:person-candidate,Torah
15873,1415236,430757,Genesis,30,17,יעקב,nmpr,pers,A:person-candidate,Torah
15878,1415237,430758,Genesis,30,18,לאה,nmpr,pers,A:person-candidate,Torah
15880,1415237,430759,Genesis,30,18,אלהים,subs,,D:Elohim,Torah
15890,1415237,430761,Genesis,30,18,יששכר,nmpr,"pers,gens,topo",F:unclassified-name,Torah
15894,1415238,430762,Genesis,30,19,לאה,nmpr,pers,A:person-candidate,Torah
15900,1415238,430763,Genesis,30,19,יעקב,nmpr,pers,A:person-candidate,Torah
15903,1415239,430764,Genesis,30,20,לאה,nmpr,pers,A:person-candidate,Torah
15905,1415239,430765,Genesis,30,20,אלהים,subs,,D:Elohim,Torah
15922,1415239,430768,Genesis,30,20,זבולן,nmpr,"pers,gens,topo",F:unclassified-name,Torah
15931,1415240,430770,Genesis,30,21,דינה,nmpr,pers,A:person-candidate,Torah
15934,1415241,430771,Genesis,30,22,אלהים,subs,,D:Elohim,Torah
15936,1415241,430771,Genesis,30,22,רחל,nmpr,pers,A:person-candidate,Torah
15939,1415241,430772,Genesis,30,22,אל,prep,,C:divine-title-candidate,Torah
15940,1415241,430772,Genesis,30,22,אלהים,subs,,D:Elohim,Torah
15953,1415242,430777,Genesis,30,23,אלהים,subs,,D:Elohim,Torah
15960,1415243,430778,Genesis,30,24,יוסף,nmpr,pers,A:person-candidate,Torah
15964,1415243,430780,Genesis,30,24,יהוה,nmpr,pers,E:YHWH,Torah
15973,1415244,430782,Genesis,30,25,רחל,nmpr,pers,A:person-candidate,Torah
15975,1415244,430782,Genesis,30,25,יוסף,nmpr,pers,A:person-candidate,Torah
15978,1415244,430783,Genesis,30,25,יעקב,nmpr,pers,A:person-candidate,Torah
15979,1415244,430783,Genesis,30,25,אל,prep,,C:divine-title-candidate,Torah
15980,1415244,430783,Genesis,30,25,לבן,nmpr,pers,A:person-candidate,Torah
15984,1415244,430785,Genesis,30,25,אל,prep,,C:divine-title-candidate,Torah
16010,1415246,430791,Genesis,30,27,אל,prep,,C:divine-title-candidate,Torah
16011,1415246,430791,Genesis,30,27,לבן,nmpr,pers,A:person-candidate,Torah
16021,1415246,430794,Genesis,30,27,יהוה,nmpr,pers,E:YHWH,Torah
16033,1415248,430798,Genesis,30,29,אל,prep,,C:divine-title-candidate,Torah
16058,1415249,430805,Genesis,30,30,יהוה,nmpr,pers,E:YHWH,Torah
16077,1415250,430810,Genesis,30,31,יעקב,nmpr,pers,A:person-candidate,Torah
16156,1415253,430824,Genesis,30,34,לבן,nmpr,pers,A:person-candidate,Torah
16210,1415255,430830,Genesis,30,36,יעקב,nmpr,pers,A:person-candidate,Torah
16212,1415255,430831,Genesis,30,36,יעקב,nmpr,pers,A:person-candidate,Torah
16216,1415255,430831,Genesis,30,36,לבן,nmpr,pers,A:person-candidate,Torah
16222,1415256,430833,Genesis,30,37,יעקב,nmpr,pers,A:person-candidate,Torah
16276,1415258,430844,Genesis,30,39,אל,prep,,C:divine-title-candidate,Torah
16291,1415259,430846,Genesis,30,40,יעקב,nmpr,pers,A:person-candidate,Torah
16297,1415259,430847,Genesis,30,40,אל,prep,,C:divine-title-candidate,Torah
16304,1415259,430847,Genesis,30,40,לבן,nmpr,pers,A:person-candidate,Torah
16316,1415259,430849,Genesis,30,40,לבן,nmpr,pers,A:person-candidate,Torah
16328,1415260,430852,Genesis,30,41,יעקב,nmpr,pers,A:person-candidate,Torah
16356,1415261,430856,Genesis,30,42,לבן,nmpr,pers,A:person-candidate,Torah
16361,1415261,430857,Genesis,30,42,יעקב,nmpr,pers,A:person-candidate,Torah
16386,1415263,430860,Genesis,31,1,לבן,nmpr,pers,A:person-candidate,Torah
16390,1415263,430862,Genesis,31,1,יעקב,nmpr,pers,A:person-candidate,Torah
16410,1415264,430866,Genesis,31,2,יעקב,nmpr,pers,A:person-candidate,Torah
16413,1415264,430866,Genesis,31,2,לבן,nmpr,pers,A:person-candidate,Torah
16423,1415265,430868,Genesis,31,3,יהוה,nmpr,pers,E:YHWH,Torah
16424,1415265,430868,Genesis,31,3,אל,prep,,C:divine-title-candidate,Torah
16425,1415265,430868,Genesis,31,3,יעקב,nmpr,pers,A:person-candidate,Torah
16427,1415265,430869,Genesis,31,3,אל,prep,,C:divine-title-candidate,Torah
16438,1415266,430871,Genesis,31,4,יעקב,nmpr,pers,A:person-candidate,Torah
16442,1415266,430872,Genesis,31,4,רחל,nmpr,pers,A:person-candidate,Torah
16445,1415266,430872,Genesis,31,4,לאה,nmpr,pers,A:person-candidate,Torah
16448,1415266,430872,Genesis,31,4,אל,prep,,C:divine-title-candidate,Torah
16460,1415267,430875,Genesis,31,5,אל,prep,,C:divine-title-candidate,Torah
16465,1415267,430876,Genesis,31,5,אלהים,subs,,D:Elohim,Torah
16492,1415269,430881,Genesis,31,7,אלהים,subs,,D:Elohim,Torah
16523,1415271,430889,Genesis,31,9,אלהים,subs,,D:Elohim,Torah
16559,1415273,430897,Genesis,31,11,אל,prep,,C:divine-title-candidate,Torah
16562,1415273,430897,Genesis,31,11,אלהים,subs,,D:Elohim,Torah
16566,1415273,430898,Genesis,31,11,יעקב,nmpr,pers,A:person-candidate,Torah
16594,1415274,430907,Genesis,31,12,לבן,nmpr,pers,A:person-candidate,Torah
16599,1415275,430908,Genesis,31,13,אל,subs,,C:divine-title-candidate,Torah
16600,1415275,430908,Genesis,31,13,בית אל,nmpr,topo,F:unclassified-name,Torah
16620,1415275,430913,Genesis,31,13,אל,prep,,C:divine-title-candidate,Torah
16625,1415276,430914,Genesis,31,14,רחל,nmpr,pers,A:person-candidate,Torah
16627,1415276,430914,Genesis,31,14,לאה,nmpr,pers,A:person-candidate,Torah
16659,1415278,430921,Genesis,31,16,אלהים,subs,,D:Elohim,Torah
16672,1415278,430926,Genesis,31,16,אלהים,subs,,D:Elohim,Torah
16673,1415278,430926,Genesis,31,16,אל,prep,,C:divine-title-candidate,Torah
16677,1415279,430927,Genesis,31,17,יעקב,nmpr,pers,A:person-candidate,Torah
16705,1415280,430931,Genesis,31,18,ארם,nmpr,topo,F:unclassified-name,Torah
16708,1415280,430932,Genesis,31,18,אל,prep,,C:divine-title-candidate,Torah
16709,1415280,430932,Genesis,31,18,יצחק,nmpr,pers,A:person-candidate,Torah
16712,1415280,430932,Genesis,31,18,כנען,nmpr,"pers,gens,topo",F:unclassified-name,Torah
16714,1415281,430933,Genesis,31,19,לבן,nmpr,pers,A:person-candidate,Torah
16722,1415281,430935,Genesis,31,19,רחל,nmpr,pers,A:person-candidate,Torah
16731,1415282,430937,Genesis,31,20,יעקב,nmpr,pers,A:person-candidate,Torah
16734,1415282,430937,Genesis,31,20,לבן,nmpr,pers,A:person-candidate,Torah
16764,1415283,430944,Genesis,31,21,גלעד,nmpr,topo,F:unclassified-name,Torah
16768,1415284,430945,Genesis,31,22,לבן,nmpr,pers,A:person-candidate,Torah
16776,1415284,430946,Genesis,31,22,יעקב,nmpr,pers,A:person-candidate,Torah
16794,1415285,430949,Genesis,31,23,גלעד,nmpr,topo,F:unclassified-name,Torah
16797,1415286,430950,Genesis,31,24,אלהים,subs,,D:Elohim,Torah
16798,1415286,430950,Genesis,31,24,אל,prep,,C:divine-title-candidate,Torah
16799,1415286,430950,Genesis,31,24,לבן,nmpr,pers,A:person-candidate,Torah
16814,1415286,430953,Genesis,31,24,יעקב,nmpr,pers,A:person-candidate,Torah
16821,1415287,430954,Genesis,31,25,לבן,nmpr,pers,A:person-candidate,Torah
16823,1415287,430954,Genesis,31,25,יעקב,nmpr,pers,A:person-candidate,Torah
16825,1415287,430955,Genesis,31,25,יעקב,nmpr,pers,A:person-candidate,Torah
16833,1415287,430956,Genesis,31,25,לבן,nmpr,pers,A:person-candidate,Torah
16840,1415287,430956,Genesis,31,25,גלעד,nmpr,topo,F:unclassified-name,Torah
16843,1415288,430957,Genesis,31,26,לבן,nmpr,pers,A:person-candidate,Torah
16845,1415288,430957,Genesis,31,26,יעקב,nmpr,pers,A:person-candidate,Torah
16897,1415291,430970,Genesis,31,29,אל,subs,,C:divine-title-candidate,Torah
16904,1415291,430972,Genesis,31,29,אלהים,subs,,D:Elohim,Torah
16908,1415291,430972,Genesis,31,29,אל,prep,,C:divine-title-candidate,Torah
16916,1415291,430975,Genesis,31,29,יעקב,nmpr,pers,A:person-candidate,Torah
16934,1415292,430979,Genesis,31,30,אלהים,subs,,D:Elohim,Torah
16937,1415293,430980,Genesis,31,31,יעקב,nmpr,pers,A:person-candidate,Torah
16941,1415293,430981,Genesis,31,31,לבן,nmpr,pers,A:person-candidate,Torah
16956,1415294,430985,Genesis,31,32,אלהים,subs,,D:Elohim,Torah
16971,1415294,430990,Genesis,31,32,יעקב,nmpr,pers,A:person-candidate,Torah
16973,1415294,430991,Genesis,31,32,רחל,nmpr,pers,A:person-candidate,Torah
16977,1415295,430992,Genesis,31,33,לבן,nmpr,pers,A:person-candidate,Torah
16980,1415295,430992,Genesis,31,33,יעקב,nmpr,pers,A:person-candidate,Torah
16984,1415295,430992,Genesis,31,33,לאה,nmpr,pers,A:person-candidate,Torah
16998,1415295,430994,Genesis,31,33,לאה,nmpr,pers,A:person-candidate,Torah
17003,1415295,430995,Genesis,31,33,רחל,nmpr,pers,A:person-candidate,Torah
17005,1415296,430996,Genesis,31,34,רחל,nmpr,pers,A:person-candidate,Torah
17021,1415296,430999,Genesis,31,34,לבן,nmpr,pers,A:person-candidate,Torah
17031,1415297,431001,Genesis,31,35,אל,prep,,C:divine-title-candidate,Torah
17033,1415297,431002,Genesis,31,35,אל,nega,,C:divine-title-candidate,Torah
17060,1415298,431008,Genesis,31,36,יעקב,nmpr,pers,A:person-candidate,Torah
17064,1415298,431009,Genesis,31,36,לבן,nmpr,pers,A:person-candidate,Torah
17067,1415298,431010,Genesis,31,36,יעקב,nmpr,pers,A:person-candidate,Torah
17071,1415298,431011,Genesis,31,36,לבן,nmpr,pers,A:person-candidate,Torah
17118,1415301,431022,Genesis,31,39,אל,prep,,C:divine-title-candidate,Torah
17170,1415304,431034,Genesis,31,42,אלהים,subs,,D:Elohim,Torah
17172,1415304,431034,Genesis,31,42,אלהים,subs,,D:Elohim,Torah
17173,1415304,431034,Genesis,31,42,אברהם,nmpr,pers,A:person-candidate,Torah
17176,1415304,431034,Genesis,31,42,יצחק,nmpr,pers,A:person-candidate,Torah
17190,1415304,431036,Genesis,31,42,אלהים,subs,,D:Elohim,Torah
17196,1415305,431038,Genesis,31,43,לבן,nmpr,pers,A:person-candidate,Torah
17199,1415305,431039,Genesis,31,43,אל,prep,,C:divine-title-candidate,Torah
17200,1415305,431039,Genesis,31,43,יעקב,nmpr,pers,A:person-candidate,Torah
17250,1415307,431054,Genesis,31,45,יעקב,nmpr,pers,A:person-candidate,Torah
17257,1415308,431056,Genesis,31,46,יעקב,nmpr,pers,A:person-candidate,Torah
17277,1415309,431061,Genesis,31,47,לבן,nmpr,pers,A:person-candidate,Torah
17281,1415309,431062,Genesis,31,47,יעקב,nmpr,pers,A:person-candidate,Torah
17284,1415309,431062,Genesis,31,47,גלעד,nmpr,topo,F:unclassified-name,Torah
17287,1415310,431063,Genesis,31,48,לבן,nmpr,pers,A:person-candidate,Torah
17302,1415310,431065,Genesis,31,48,גלעד,nmpr,topo,F:unclassified-name,Torah
17305,1415311,431066,Genesis,31,49,מצפה,nmpr,topo,F:unclassified-name,Torah
17309,1415311,431068,Genesis,31,49,יהוה,nmpr,pers,E:YHWH,Torah
17332,1415312,431075,Genesis,31,50,אלהים,subs,,D:Elohim,Torah
17339,1415313,431076,Genesis,31,51,לבן,nmpr,pers,A:person-candidate,Torah
17341,1415313,431076,Genesis,31,51,יעקב,nmpr,pers,A:person-candidate,Torah
17369,1415314,431082,Genesis,31,52,אל,prep,,C:divine-title-candidate,Torah
17380,1415314,431083,Genesis,31,52,אל,prep,,C:divine-title-candidate,Torah
17394,1415315,431084,Genesis,31,53,אלהים,subs,,D:Elohim,Torah
17395,1415315,431084,Genesis,31,53,אברהם,nmpr,pers,A:person-candidate,Torah
17397,1415315,431084,Genesis,31,53,אלהים,subs,,D:Elohim,Torah
17398,1415315,431084,Genesis,31,53,נחור,nmpr,pers,A:person-candidate,Torah
17401,1415315,431084,Genesis,31,53,אלהים,subs,,D:Elohim,Torah
17405,1415315,431085,Genesis,31,53,יעקב,nmpr,pers,A:person-candidate,Torah
17409,1415315,431085,Genesis,31,53,יצחק,nmpr,pers,A:person-candidate,Torah
17412,1415316,431086,Genesis,31,54,יעקב,nmpr,pers,A:person-candidate,Torah
17434,1415317,431091,Genesis,32,1,לבן,nmpr,pers,A:person-candidate,Torah
17452,1415317,431095,Genesis,32,1,לבן,nmpr,pers,A:person-candidate,Torah
17456,1415318,431096,Genesis,32,2,יעקב,nmpr,pers,A:person-candidate,Torah
17464,1415318,431097,Genesis,32,2,אלהים,subs,,D:Elohim,Torah
17467,1415319,431098,Genesis,32,3,יעקב,nmpr,pers,A:person-candidate,Torah
17472,1415319,431100,Genesis,32,3,אלהים,subs,,D:Elohim,Torah
17481,1415319,431101,Genesis,32,3,מחנים,nmpr,topo,F:unclassified-name,Torah
17484,1415320,431102,Genesis,32,4,יעקב,nmpr,pers,A:person-candidate,Torah
17488,1415320,431102,Genesis,32,4,אל,prep,,C:divine-title-candidate,Torah
17489,1415320,431102,Genesis,32,4,עשו,nmpr,pers,A:person-candidate,Torah
17492,1415320,431102,Genesis,32,4,שעיר,nmpr,topo,F:unclassified-name,Torah
17494,1415320,431102,Genesis,32,4,אדום,nmpr,topo,F:unclassified-name,Torah
17505,1415321,431105,Genesis,32,5,עשו,nmpr,pers,A:person-candidate,Torah
17509,1415321,431106,Genesis,32,5,יעקב,nmpr,pers,A:person-candidate,Torah
17511,1415321,431107,Genesis,32,5,לבן,nmpr,pers,A:person-candidate,Torah
17543,1415323,431113,Genesis,32,7,אל,prep,,C:divine-title-candidate,Torah
17544,1415323,431113,Genesis,32,7,יעקב,nmpr,pers,A:person-candidate,Torah
17548,1415323,431115,Genesis,32,7,אל,prep,,C:divine-title-candidate,Torah
17550,1415323,431115,Genesis,32,7,אל,prep,,C:divine-title-candidate,Torah
17551,1415323,431115,Genesis,32,7,עשו,nmpr,pers,A:person-candidate,Torah
17564,1415324,431119,Genesis,32,8,יעקב,nmpr,pers,A:person-candidate,Torah
17594,1415325,431124,Genesis,32,9,עשו,nmpr,pers,A:person-candidate,Torah
17595,1415325,431124,Genesis,32,9,אל,prep,,C:divine-title-candidate,Torah
17612,1415326,431127,Genesis,32,10,יעקב,nmpr,pers,A:person-candidate,Torah
17613,1415326,431128,Genesis,32,10,אלהים,subs,,D:Elohim,Torah
17615,1415326,431128,Genesis,32,10,אברהם,nmpr,pers,A:person-candidate,Torah
17617,1415326,431128,Genesis,32,10,אלהים,subs,,D:Elohim,Torah
17619,1415326,431128,Genesis,32,10,יצחק,nmpr,pers,A:person-candidate,Torah
17620,1415326,431128,Genesis,32,10,יהוה,nmpr,pers,E:YHWH,Torah
17623,1415326,431129,Genesis,32,10,אל,prep,,C:divine-title-candidate,Torah
17653,1415327,431134,Genesis,32,11,ירדן,nmpr,topo,F:unclassified-name,Torah
17669,1415328,431136,Genesis,32,12,עשו,nmpr,pers,A:person-candidate,Torah
17717,1415330,431145,Genesis,32,14,עשו,nmpr,pers,A:person-candidate,Torah
17755,1415333,431150,Genesis,32,17,אל,prep,,C:divine-title-candidate,Torah
17777,1415334,431155,Genesis,32,18,עשו,nmpr,pers,A:person-candidate,Torah
17800,1415335,431162,Genesis,32,19,יעקב,nmpr,pers,A:person-candidate,Torah
17807,1415335,431164,Genesis,32,19,עשו,nmpr,pers,A:person-candidate,Torah
17839,1415336,431169,Genesis,32,20,אל,prep,,C:divine-title-candidate,Torah
17840,1415336,431169,Genesis,32,20,עשו,nmpr,pers,A:person-candidate,Torah
17849,1415337,431172,Genesis,32,21,יעקב,nmpr,pers,A:person-candidate,Torah
17911,1415339,431182,Genesis,32,23,יבק,nmpr,topo,F:unclassified-name,Torah
17926,1415341,431187,Genesis,32,25,יעקב,nmpr,pers,A:person-candidate,Torah
17952,1415342,431193,Genesis,32,26,יעקב,nmpr,pers,A:person-candidate,Torah
17972,1415344,431201,Genesis,32,28,אל,prep,,C:divine-title-candidate,Torah
17977,1415344,431204,Genesis,32,28,יעקב,nmpr,pers,A:person-candidate,Torah
17981,1415345,431206,Genesis,32,29,יעקב,nmpr,pers,A:person-candidate,Torah
17987,1415345,431207,Genesis,32,29,ישראל,nmpr,"pers,gens,topo",F:unclassified-name,Torah
17991,1415345,431208,Genesis,32,29,אלהים,subs,,D:Elohim,Torah
17999,1415346,431210,Genesis,32,30,יעקב,nmpr,pers,A:person-candidate,Torah
18018,1415347,431216,Genesis,32,31,יעקב,nmpr,pers,A:person-candidate,Torah
18022,1415347,431216,Genesis,32,31,פניאל,nmpr,topo,F:unclassified-name,Torah
18025,1415347,431217,Genesis,32,31,אלהים,subs,,D:Elohim,Torah
18027,1415347,431217,Genesis,32,31,אל,prep,,C:divine-title-candidate,Torah
18041,1415348,431220,Genesis,32,32,פנואל,nmpr,topo,F:unclassified-name,Torah
18052,1415349,431222,Genesis,32,33,ישראל,nmpr,"pers,gens,topo",F:unclassified-name,Torah
18072,1415349,431224,Genesis,32,33,יעקב,nmpr,pers,A:person-candidate,Torah
18079,1415350,431225,Genesis,33,1,יעקב,nmpr,pers,A:person-candidate,Torah
18085,1415350,431227,Genesis,33,1,עשו,nmpr,pers,A:person-candidate,Torah
18098,1415350,431229,Genesis,33,1,לאה,nmpr,pers,A:person-candidate,Torah
18101,1415350,431229,Genesis,33,1,רחל,nmpr,pers,A:person-candidate,Torah
18118,1415351,431231,Genesis,33,2,לאה,nmpr,pers,A:person-candidate,Torah
18124,1415351,431232,Genesis,33,2,רחל,nmpr,pers,A:person-candidate,Torah
18127,1415351,431232,Genesis,33,2,יוסף,nmpr,pers,A:person-candidate,Torah
18145,1415353,431236,Genesis,33,4,עשו,nmpr,pers,A:person-candidate,Torah
18182,1415354,431248,Genesis,33,5,אלהים,subs,,D:Elohim,Torah
18197,1415356,431251,Genesis,33,7,לאה,nmpr,pers,A:person-candidate,Torah
18205,1415356,431253,Genesis,33,7,יוסף,nmpr,pers,A:person-candidate,Torah
18207,1415356,431253,Genesis,33,7,רחל,nmpr,pers,A:person-candidate,Torah
18231,1415358,431260,Genesis,33,9,עשו,nmpr,pers,A:person-candidate,Torah
18242,1415359,431265,Genesis,33,10,יעקב,nmpr,pers,A:person-candidate,Torah
18243,1415359,431266,Genesis,33,10,אל,nega,,C:divine-title-candidate,Torah
18264,1415359,431270,Genesis,33,10,אלהים,subs,,D:Elohim,Torah
18276,1415360,431274,Genesis,33,11,אלהים,subs,,D:Elohim,Torah
18298,1415362,431282,Genesis,33,13,אל,prep,,C:divine-title-candidate,Torah
18348,1415363,431291,Genesis,33,14,אל,prep,,C:divine-title-candidate,Torah
18350,1415363,431291,Genesis,33,14,שעיר,nmpr,topo,F:unclassified-name,Torah
18353,1415364,431292,Genesis,33,15,עשו,nmpr,pers,A:person-candidate,Torah
18378,1415365,431297,Genesis,33,16,עשו,nmpr,pers,A:person-candidate,Torah
18381,1415365,431297,Genesis,33,16,שעיר,nmpr,topo,F:unclassified-name,Torah
18383,1415366,431298,Genesis,33,17,יעקב,nmpr,pers,A:person-candidate,Torah
18385,1415366,431298,Genesis,33,17,סכות,nmpr,topo,F:unclassified-name,Torah
18401,1415366,431301,Genesis,33,17,סכות,nmpr,topo,F:unclassified-name,Torah
18404,1415367,431302,Genesis,33,18,יעקב,nmpr,pers,A:person-candidate,Torah
18407,1415367,431302,Genesis,33,18,שכם,nmpr,topo,F:unclassified-name,Torah
18411,1415367,431303,Genesis,33,18,כנען,nmpr,"pers,gens,topo",F:unclassified-name,Torah
18416,1415367,431304,Genesis,33,18,ארם,nmpr,topo,F:unclassified-name,Torah
18436,1415368,431308,Genesis,33,19,חמור,nmpr,pers,A:person-candidate,Torah
18438,1415368,431308,Genesis,33,19,שכם,nmpr,topo,F:unclassified-name,Torah
18449,1415369,431310,Genesis,33,20,אל,subs,,C:divine-title-candidate,Torah
18450,1415369,431310,Genesis,33,20,אלהים,subs,,D:Elohim,Torah
18451,1415369,431310,Genesis,33,20,ישראל,nmpr,"pers,gens,topo",F:unclassified-name,Torah
18454,1415370,431311,Genesis,34,1,דינה,nmpr,pers,A:person-candidate,Torah
18456,1415370,431311,Genesis,34,1,לאה,nmpr,pers,A:person-candidate,Torah
18460,1415370,431312,Genesis,34,1,יעקב,nmpr,pers,A:person-candidate,Torah
18470,1415371,431314,Genesis,34,2,שכם,nmpr,pers,A:person-candidate,Torah
18472,1415371,431314,Genesis,34,2,חמור,nmpr,pers,A:person-candidate,Torah
18490,1415372,431318,Genesis,34,3,דינה,nmpr,pers,A:person-candidate,Torah
18492,1415372,431318,Genesis,34,3,יעקב,nmpr,pers,A:person-candidate,Torah
18506,1415373,431321,Genesis,34,4,שכם,nmpr,pers,A:person-candidate,Torah
18507,1415373,431321,Genesis,34,4,אל,prep,,C:divine-title-candidate,Torah
18508,1415373,431321,Genesis,34,4,חמור,nmpr,pers,A:person-candidate,Torah
18522,1415374,431324,Genesis,34,5,יעקב,nmpr,pers,A:person-candidate,Torah
18527,1415374,431325,Genesis,34,5,דינה,nmpr,pers,A:person-candidate,Torah
18539,1415374,431327,Genesis,34,5,יעקב,nmpr,pers,A:person-candidate,Torah
18544,1415375,431329,Genesis,34,6,חמור,nmpr,pers,A:person-candidate,Torah
18546,1415375,431329,Genesis,34,6,שכם,nmpr,pers,A:person-candidate,Torah
18547,1415375,431329,Genesis,34,6,אל,prep,,C:divine-title-candidate,Torah
18548,1415375,431329,Genesis,34,6,יעקב,nmpr,pers,A:person-candidate,Torah
18554,1415376,431331,Genesis,34,7,יעקב,nmpr,pers,A:person-candidate,Torah
18573,1415376,431335,Genesis,34,7,ישראל,nmpr,"pers,gens,topo",F:unclassified-name,Torah
18578,1415376,431336,Genesis,34,7,יעקב,nmpr,pers,A:person-candidate,Torah
18585,1415377,431338,Genesis,34,8,חמור,nmpr,pers,A:person-candidate,Torah
18589,1415377,431340,Genesis,34,8,שכם,nmpr,pers,A:person-candidate,Torah
18629,1415380,431351,Genesis,34,11,שכם,nmpr,pers,A:person-candidate,Torah
18630,1415380,431351,Genesis,34,11,אל,prep,,C:divine-title-candidate,Torah
18633,1415380,431351,Genesis,34,11,אל,prep,,C:divine-title-candidate,Torah
18642,1415380,431354,Genesis,34,11,אל,prep,,C:divine-title-candidate,Torah
18655,1415381,431357,Genesis,34,12,אל,prep,,C:divine-title-candidate,Torah
18667,1415382,431359,Genesis,34,13,יעקב,nmpr,pers,A:person-candidate,Torah
18669,1415382,431359,Genesis,34,13,שכם,nmpr,pers,A:person-candidate,Torah
18672,1415382,431359,Genesis,34,13,חמור,nmpr,pers,A:person-candidate,Torah
18681,1415382,431361,Genesis,34,13,דינה,nmpr,pers,A:person-candidate,Torah
18685,1415383,431362,Genesis,34,14,אל,prep,,C:divine-title-candidate,Torah
18742,1415386,431375,Genesis,34,17,אל,prep,,C:divine-title-candidate,Torah
18756,1415387,431379,Genesis,34,18,חמור,nmpr,pers,A:person-candidate,Torah
18760,1415387,431379,Genesis,34,18,שכם,nmpr,pers,A:person-candidate,Torah
18762,1415387,431379,Genesis,34,18,חמור,nmpr,pers,A:person-candidate,Torah
18776,1415388,431382,Genesis,34,19,יעקב,nmpr,pers,A:person-candidate,Torah
18786,1415389,431384,Genesis,34,20,חמור,nmpr,pers,A:person-candidate,Torah
18788,1415389,431384,Genesis,34,20,שכם,nmpr,pers,A:person-candidate,Torah
18790,1415389,431384,Genesis,34,20,אל,prep,,C:divine-title-candidate,Torah
18795,1415389,431385,Genesis,34,20,אל,prep,,C:divine-title-candidate,Torah
18876,1415393,431404,Genesis,34,24,אל,prep,,C:divine-title-candidate,Torah
18877,1415393,431404,Genesis,34,24,חמור,nmpr,pers,A:person-candidate,Torah
18879,1415393,431404,Genesis,34,24,אל,prep,,C:divine-title-candidate,Torah
18880,1415393,431404,Genesis,34,24,שכם,nmpr,pers,A:person-candidate,Torah
18908,1415394,431408,Genesis,34,25,יעקב,nmpr,pers,A:person-candidate,Torah
18909,1415394,431408,Genesis,34,25,שמעון,nmpr,"pers,gens,topo",F:unclassified-name,Torah
18911,1415394,431408,Genesis,34,25,לוי,nmpr,"pers,gens",F:unclassified-name,Torah
18913,1415394,431408,Genesis,34,25,דינה,nmpr,pers,A:person-candidate,Torah
18928,1415395,431412,Genesis,34,26,חמור,nmpr,pers,A:person-candidate,Torah
18931,1415395,431412,Genesis,34,26,שכם,nmpr,pers,A:person-candidate,Torah
18940,1415395,431413,Genesis,34,26,דינה,nmpr,pers,A:person-candidate,Torah
18943,1415395,431413,Genesis,34,26,שכם,nmpr,pers,A:person-candidate,Torah
18947,1415396,431415,Genesis,34,27,יעקב,nmpr,pers,A:person-candidate,Torah
19003,1415399,431425,Genesis,34,30,יעקב,nmpr,pers,A:person-candidate,Torah
19004,1415399,431425,Genesis,34,30,אל,prep,,C:divine-title-candidate,Torah
19005,1415399,431425,Genesis,34,30,שמעון,nmpr,"pers,gens,topo",F:unclassified-name,Torah
19007,1415399,431425,Genesis,34,30,אל,prep,,C:divine-title-candidate,Torah
19008,1415399,431425,Genesis,34,30,לוי,nmpr,"pers,gens",F:unclassified-name,Torah
19048,1415401,431434,Genesis,35,1,אלהים,subs,,D:Elohim,Torah
19049,1415401,431434,Genesis,35,1,אל,prep,,C:divine-title-candidate,Torah
19050,1415401,431434,Genesis,35,1,יעקב,nmpr,pers,A:person-candidate,Torah
19053,1415401,431436,Genesis,35,1,בית אל,nmpr,topo,F:unclassified-name,Torah
19063,1415401,431438,Genesis,35,1,אל,subs,,C:divine-title-candidate,Torah
19066,1415401,431439,Genesis,35,1,אל,prep,,C:divine-title-candidate,Torah
19071,1415401,431440,Genesis,35,1,עשו,nmpr,pers,A:person-candidate,Torah
19075,1415402,431441,Genesis,35,2,יעקב,nmpr,pers,A:person-candidate,Torah
19076,1415402,431441,Genesis,35,2,אל,prep,,C:divine-title-candidate,Torah
19079,1415402,431441,Genesis,35,2,אל,prep,,C:divine-title-candidate,Torah
19085,1415402,431443,Genesis,35,2,אלהים,subs,,D:Elohim,Torah
19100,1415403,431448,Genesis,35,3,בית אל,nmpr,topo,F:unclassified-name,Torah
19107,1415403,431449,Genesis,35,3,אל,subs,,C:divine-title-candidate,Torah
19124,1415404,431453,Genesis,35,4,אל,prep,,C:divine-title-candidate,Torah
19125,1415404,431453,Genesis,35,4,יעקב,nmpr,pers,A:person-candidate,Torah
19128,1415404,431453,Genesis,35,4,אלהים,subs,,D:Elohim,Torah
19144,1415404,431456,Genesis,35,4,יעקב,nmpr,pers,A:person-candidate,Torah
19150,1415404,431457,Genesis,35,4,שכם,nmpr,topo,F:unclassified-name,Torah
19156,1415405,431459,Genesis,35,5,אלהים,subs,,D:Elohim,Torah
19167,1415405,431461,Genesis,35,5,יעקב,nmpr,pers,A:person-candidate,Torah
19170,1415406,431462,Genesis,35,6,יעקב,nmpr,pers,A:person-candidate,Torah
19171,1415406,431462,Genesis,35,6,לוז,nmpr,topo,F:unclassified-name,Torah
19175,1415406,431463,Genesis,35,6,כנען,nmpr,"pers,gens,topo",F:unclassified-name,Torah
19177,1415406,431464,Genesis,35,6,בית אל,nmpr,topo,F:unclassified-name,Torah
19194,1415407,431467,Genesis,35,7,אל,subs,,C:divine-title-candidate,Torah
19195,1415407,431467,Genesis,35,7,בית אל,nmpr,topo,F:unclassified-name,Torah
19199,1415407,431468,Genesis,35,7,אל,prep,,C:divine-title-candidate,Torah
19201,1415407,431468,Genesis,35,7,אלהים,subs,,D:Elohim,Torah
19209,1415408,431470,Genesis,35,8,דבורה,nmpr,pers,A:person-candidate,Torah
19211,1415408,431470,Genesis,35,8,רבקה,nmpr,pers,A:person-candidate,Torah
19217,1415408,431471,Genesis,35,8,בית אל,nmpr,topo,F:unclassified-name,Torah
19228,1415409,431473,Genesis,35,9,אלהים,subs,,D:Elohim,Torah
19229,1415409,431473,Genesis,35,9,אל,prep,,C:divine-title-candidate,Torah
19230,1415409,431473,Genesis,35,9,יעקב,nmpr,pers,A:person-candidate,Torah
19236,1415409,431474,Genesis,35,9,ארם,nmpr,topo,F:unclassified-name,Torah
19243,1415410,431476,Genesis,35,10,אלהים,subs,,D:Elohim,Torah
19245,1415410,431477,Genesis,35,10,יעקב,nmpr,pers,A:person-candidate,Torah
19250,1415410,431478,Genesis,35,10,יעקב,nmpr,pers,A:person-candidate,Torah
19253,1415410,431479,Genesis,35,10,ישראל,nmpr,"pers,gens,topo",F:unclassified-name,Torah
19260,1415410,431480,Genesis,35,10,ישראל,nmpr,"pers,gens,topo",F:unclassified-name,Torah
19264,1415411,431481,Genesis,35,11,אלהים,subs,,D:Elohim,Torah
19266,1415411,431482,Genesis,35,11,אל,subs,,C:divine-title-candidate,Torah
19267,1415411,431482,Genesis,35,11,שדי,nmpr,pers,C:divine-title-candidate,Torah
19278,1415411,431486,Genesis,35,11,מלך,subs,,B:deity-candidate,Torah
19289,1415412,431488,Genesis,35,12,אברהם,nmpr,pers,A:person-candidate,Torah
19292,1415412,431488,Genesis,35,12,יצחק,nmpr,pers,A:person-candidate,Torah
19307,1415413,431491,Genesis,35,13,אלהים,subs,,D:Elohim,Torah
19316,1415414,431493,Genesis,35,14,יעקב,nmpr,pers,A:person-candidate,Torah
19336,1415415,431497,Genesis,35,15,יעקב,nmpr,pers,A:person-candidate,Torah
19345,1415415,431498,Genesis,35,15,אלהים,subs,,D:Elohim,Torah
19346,1415415,431497,Genesis,35,15,בית אל,nmpr,topo,F:unclassified-name,Torah
19350,1415416,431499,Genesis,35,16,בית אל,nmpr,topo,F:unclassified-name,Torah
19359,1415416,431501,Genesis,35,16,אפרת,nmpr,"topo,pers",F:unclassified-name,Torah
19362,1415416,431502,Genesis,35,16,רחל,nmpr,pers,A:person-candidate,Torah
19378,1415417,431509,Genesis,35,17,אל,nega,,C:divine-title-candidate,Torah
19395,1415418,431514,Genesis,35,18,בן אוני,nmpr,pers,A:person-candidate,Torah
19400,1415418,431515,Genesis,35,18,בנימן,nmpr,"pers,gens,topo",F:unclassified-name,Torah
19403,1415419,431516,Genesis,35,19,רחל,nmpr,pers,A:person-candidate,Torah
19408,1415419,431517,Genesis,35,19,אפרת,nmpr,"topo,pers",F:unclassified-name,Torah
19410,1415419,431518,Genesis,35,19,בית לחם,nmpr,topo,F:unclassified-name,Torah
19413,1415420,431519,Genesis,35,20,יעקב,nmpr,pers,A:person-candidate,Torah
19420,1415420,431520,Genesis,35,20,רחל,nmpr,pers,A:person-candidate,Torah
19426,1415421,431521,Genesis,35,21,ישראל,nmpr,"pers,gens,topo",F:unclassified-name,Torah
19433,1415421,431522,Genesis,35,21,מגדל עדר,nmpr,topo,F:unclassified-name,Torah
19438,1415422,431524,Genesis,35,22,ישראל,nmpr,"pers,gens,topo",F:unclassified-name,Torah
19446,1415422,431525,Genesis,35,22,ראובן,nmpr,"pers,gens,topo",F:unclassified-name,Torah
19450,1415422,431526,Genesis,35,22,בלהה,nmpr,pers,A:person-candidate,Torah
19455,1415422,431527,Genesis,35,22,ישראל,nmpr,"pers,gens,topo",F:unclassified-name,Torah
19459,1415422,431528,Genesis,35,22,יעקב,nmpr,pers,A:person-candidate,Torah
19463,1415423,431529,Genesis,35,23,לאה,nmpr,pers,A:person-candidate,Torah
19465,1415423,431529,Genesis,35,23,יעקב,nmpr,pers,A:person-candidate,Torah
19466,1415423,431529,Genesis,35,23,ראובן,nmpr,"pers,gens,topo",F:unclassified-name,Torah
19468,1415423,431529,Genesis,35,23,שמעון,nmpr,"pers,gens,topo",F:unclassified-name,Torah
19470,1415423,431529,Genesis,35,23,לוי,nmpr,"pers,gens",F:unclassified-name,Torah
19472,1415423,431529,Genesis,35,23,יהודה,nmpr,"pers,gens,topo",F:unclassified-name,Torah
19474,1415423,431529,Genesis,35,23,יששכר,nmpr,"pers,gens,topo",F:unclassified-name,Torah
19476,1415423,431529,Genesis,35,23,זבולן,nmpr,"pers,gens,topo",F:unclassified-name,Torah
19478,1415424,431530,Genesis,35,24,רחל,nmpr,pers,A:person-candidate,Torah
19479,1415424,431530,Genesis,35,24,יוסף,nmpr,pers,A:person-candidate,Torah
19481,1415424,431530,Genesis,35,24,בנימן,nmpr,"pers,gens,topo",F:unclassified-name,Torah
19484,1415425,431531,Genesis,35,25,בלהה,nmpr,pers,A:person-candidate,Torah
19486,1415425,431531,Genesis,35,25,רחל,nmpr,pers,A:person-candidate,Torah
19487,1415425,431531,Genesis,35,25,דן,nmpr,"pers,gens,topo",F:unclassified-name,Torah
19489,1415425,431531,Genesis,35,25,נפתלי,nmpr,"pers,gens,topo",F:unclassified-name,Torah
19492,1415426,431532,Genesis,35,26,זלפה,nmpr,gens,F:unclassified-name,Torah
19494,1415426,431532,Genesis,35,26,לאה,nmpr,pers,A:person-candidate,Torah
19495,1415426,431532,Genesis,35,26,גד,nmpr,"pers,gens,topo",B:deity-candidate,Torah
19497,1415426,431532,Genesis,35,26,אשר,nmpr,"pers,gens,topo",F:unclassified-name,Torah
19500,1415426,431533,Genesis,35,26,יעקב,nmpr,pers,A:person-candidate,Torah
19506,1415426,431534,Genesis,35,26,ארם,nmpr,topo,F:unclassified-name,Torah
19509,1415427,431535,Genesis,35,27,יעקב,nmpr,pers,A:person-candidate,Torah
19510,1415427,431535,Genesis,35,27,אל,prep,,C:divine-title-candidate,Torah
19511,1415427,431535,Genesis,35,27,יצחק,nmpr,pers,A:person-candidate,Torah
19513,1415427,431535,Genesis,35,27,ממרא,nmpr,topo,F:unclassified-name,Torah
19514,1415427,431535,Genesis,35,27,קרית ארבע,nmpr,topo,F:unclassified-name,Torah
19516,1415427,431536,Genesis,35,27,חברון,nmpr,topo,F:unclassified-name,Torah
19520,1415427,431537,Genesis,35,27,אברהם,nmpr,pers,A:person-candidate,Torah
19522,1415427,431537,Genesis,35,27,יצחק,nmpr,pers,A:person-candidate,Torah
19526,1415428,431538,Genesis,35,28,יצחק,nmpr,pers,A:person-candidate,Torah
19534,1415429,431539,Genesis,35,29,יצחק,nmpr,pers,A:person-candidate,Torah
19539,1415429,431541,Genesis,35,29,אל,prep,,C:divine-title-candidate,Torah
19548,1415429,431542,Genesis,35,29,עשו,nmpr,pers,A:person-candidate,Torah
19550,1415429,431542,Genesis,35,29,יעקב,nmpr,pers,A:person-candidate,Torah
19555,1415430,431543,Genesis,36,1,עשו,nmpr,pers,A:person-candidate,Torah
19557,1415430,431544,Genesis,36,1,אדום,nmpr,topo,F:unclassified-name,Torah
19558,1415431,431545,Genesis,36,2,עשו,nmpr,pers,A:person-candidate,Torah
19564,1415431,431545,Genesis,36,2,כנען,nmpr,"pers,gens,topo",F:unclassified-name,Torah
19566,1415431,431546,Genesis,36,2,עדה,nmpr,pers,A:person-candidate,Torah
19568,1415431,431546,Genesis,36,2,אילון,nmpr,pers,A:person-candidate,Torah
19573,1415431,431546,Genesis,36,2,אהליבמה,nmpr,pers,A:person-candidate,Torah
19575,1415431,431546,Genesis,36,2,ענה,nmpr,pers,A:person-candidate,Torah
19577,1415431,431546,Genesis,36,2,צבעון,nmpr,pers,A:person-candidate,Torah
19582,1415432,431547,Genesis,36,3,בשמת,nmpr,pers,A:person-candidate,Torah
19584,1415432,431547,Genesis,36,3,ישמעאל,nmpr,pers,A:person-candidate,Torah
19586,1415432,431547,Genesis,36,3,נביות,nmpr,gens,F:unclassified-name,Torah
19589,1415433,431548,Genesis,36,4,עדה,nmpr,pers,A:person-candidate,Torah
19591,1415433,431548,Genesis,36,4,עשו,nmpr,pers,A:person-candidate,Torah
19593,1415433,431548,Genesis,36,4,אליפז,nmpr,pers,A:person-candidate,Torah
19595,1415433,431549,Genesis,36,4,בשמת,nmpr,pers,A:person-candidate,Torah
19598,1415433,431549,Genesis,36,4,רעואל,nmpr,pers,A:person-candidate,Torah
19600,1415434,431550,Genesis,36,5,אהליבמה,nmpr,pers,A:person-candidate,Torah
19603,1415434,431550,Genesis,36,5,יעוש,nmpr,pers,A:person-candidate,Torah
19606,1415434,431550,Genesis,36,5,יעלם,nmpr,pers,A:person-candidate,Torah
19609,1415434,431550,Genesis,36,5,קרח,nmpr,pers,A:person-candidate,Torah
19612,1415434,431551,Genesis,36,5,עשו,nmpr,pers,A:person-candidate,Torah
19618,1415434,431552,Genesis,36,5,כנען,nmpr,"pers,gens,topo",F:unclassified-name,Torah
19621,1415435,431553,Genesis,36,6,עשו,nmpr,pers,A:person-candidate,Torah
19650,1415435,431554,Genesis,36,6,כנען,nmpr,"pers,gens,topo",F:unclassified-name,Torah
19653,1415435,431555,Genesis,36,6,אל,prep,,C:divine-title-candidate,Torah
19657,1415435,431555,Genesis,36,6,יעקב,nmpr,pers,A:person-candidate,Torah
19679,1415437,431560,Genesis,36,8,עשו,nmpr,pers,A:person-candidate,Torah
19682,1415437,431560,Genesis,36,8,שעיר,nmpr,topo,F:unclassified-name,Torah
19683,1415437,431561,Genesis,36,8,עשו,nmpr,pers,A:person-candidate,Torah
19685,1415437,431562,Genesis,36,8,אדום,nmpr,topo,F:unclassified-name,Torah
19689,1415438,431563,Genesis,36,9,עשו,nmpr,pers,A:person-candidate,Torah
19691,1415438,431563,Genesis,36,9,אדום,nmpr,topo,F:unclassified-name,Torah
19694,1415438,431563,Genesis,36,9,שעיר,nmpr,topo,F:unclassified-name,Torah
19698,1415439,431564,Genesis,36,10,עשו,nmpr,pers,A:person-candidate,Torah
19699,1415439,431565,Genesis,36,10,אליפז,nmpr,pers,A:person-candidate,Torah
19701,1415439,431565,Genesis,36,10,עדה,nmpr,pers,A:person-candidate,Torah
19703,1415439,431565,Genesis,36,10,עשו,nmpr,pers,A:person-candidate,Torah
19704,1415439,431565,Genesis,36,10,רעואל,nmpr,pers,A:person-candidate,Torah
19706,1415439,431565,Genesis,36,10,בשמת,nmpr,pers,A:person-candidate,Torah
19708,1415439,431565,Genesis,36,10,עשו,nmpr,pers,A:person-candidate,Torah
19712,1415440,431566,Genesis,36,11,אליפז,nmpr,pers,A:person-candidate,Torah
19713,1415440,431566,Genesis,36,11,תימן,nmpr,topo,F:unclassified-name,Torah
19714,1415440,431566,Genesis,36,11,אומר,nmpr,pers,A:person-candidate,Torah
19715,1415440,431566,Genesis,36,11,צפו,nmpr,pers,A:person-candidate,Torah
19717,1415440,431566,Genesis,36,11,געתם,nmpr,pers,A:person-candidate,Torah
19719,1415440,431566,Genesis,36,11,קנז,nmpr,"pers,gens",F:unclassified-name,Torah
19721,1415441,431567,Genesis,36,12,תמנע,nmpr,"pers,gens",F:unclassified-name,Torah
19725,1415441,431567,Genesis,36,12,אליפז,nmpr,pers,A:person-candidate,Torah
19727,1415441,431567,Genesis,36,12,עשו,nmpr,pers,A:person-candidate,Torah
19731,1415441,431568,Genesis,36,12,אליפז,nmpr,pers,A:person-candidate,Torah
19733,1415441,431568,Genesis,36,12,עמלק,nmpr,"pers,gens",F:unclassified-name,Torah
19736,1415441,431569,Genesis,36,12,עדה,nmpr,pers,A:person-candidate,Torah
19738,1415441,431569,Genesis,36,12,עשו,nmpr,pers,A:person-candidate,Torah
19742,1415442,431570,Genesis,36,13,רעואל,nmpr,pers,A:person-candidate,Torah
19743,1415442,431571,Genesis,36,13,נחת,nmpr,pers,A:person-candidate,Torah
19745,1415442,431571,Genesis,36,13,זרח,nmpr,pers,A:person-candidate,Torah
19746,1415442,431571,Genesis,36,13,שמה,nmpr,pers,A:person-candidate,Torah
19748,1415442,431571,Genesis,36,13,מזה,nmpr,pers,A:person-candidate,Torah
19752,1415442,431572,Genesis,36,13,בשמת,nmpr,pers,A:person-candidate,Torah
19754,1415442,431572,Genesis,36,13,עשו,nmpr,pers,A:person-candidate,Torah
19759,1415443,431573,Genesis,36,14,אהליבמה,nmpr,pers,A:person-candidate,Torah
19761,1415443,431573,Genesis,36,14,ענה,nmpr,pers,A:person-candidate,Torah
19763,1415443,431573,Genesis,36,14,צבעון,nmpr,pers,A:person-candidate,Torah
19765,1415443,431573,Genesis,36,14,עשו,nmpr,pers,A:person-candidate,Torah
19769,1415443,431574,Genesis,36,14,עשו,nmpr,pers,A:person-candidate,Torah
19771,1415443,431574,Genesis,36,14,יעוש,nmpr,pers,A:person-candidate,Torah
19774,1415443,431574,Genesis,36,14,יעלם,nmpr,pers,A:person-candidate,Torah
19777,1415443,431574,Genesis,36,14,קרח,nmpr,pers,A:person-candidate,Torah
19781,1415444,431575,Genesis,36,15,עשו,nmpr,pers,A:person-candidate,Torah
19783,1415444,431576,Genesis,36,15,אליפז,nmpr,pers,A:person-candidate,Torah
19785,1415444,431576,Genesis,36,15,עשו,nmpr,pers,A:person-candidate,Torah
19787,1415444,431576,Genesis,36,15,תימן,nmpr,topo,F:unclassified-name,Torah
19789,1415444,431576,Genesis,36,15,אומר,nmpr,pers,A:person-candidate,Torah
19791,1415444,431576,Genesis,36,15,צפו,nmpr,pers,A:person-candidate,Torah
19793,1415444,431576,Genesis,36,15,קנז,nmpr,"pers,gens",F:unclassified-name,Torah
19795,1415445,431577,Genesis,36,16,קרח,nmpr,pers,A:person-candidate,Torah
19797,1415445,431577,Genesis,36,16,געתם,nmpr,pers,A:person-candidate,Torah
19799,1415445,431577,Genesis,36,16,עמלק,nmpr,"pers,gens",F:unclassified-name,Torah
19802,1415445,431578,Genesis,36,16,אליפז,nmpr,pers,A:person-candidate,Torah
19805,1415445,431578,Genesis,36,16,אדום,nmpr,topo,F:unclassified-name,Torah
19808,1415445,431579,Genesis,36,16,עדה,nmpr,pers,A:person-candidate,Torah
19812,1415446,431580,Genesis,36,17,רעואל,nmpr,pers,A:person-candidate,Torah
19814,1415446,431580,Genesis,36,17,עשו,nmpr,pers,A:person-candidate,Torah
19816,1415446,431581,Genesis,36,17,נחת,nmpr,pers,A:person-candidate,Torah
19818,1415446,431581,Genesis,36,17,זרח,nmpr,pers,A:person-candidate,Torah
19820,1415446,431581,Genesis,36,17,שמה,nmpr,pers,A:person-candidate,Torah
19822,1415446,431581,Genesis,36,17,מזה,nmpr,pers,A:person-candidate,Torah
19825,1415446,431582,Genesis,36,17,רעואל,nmpr,pers,A:person-candidate,Torah
19828,1415446,431582,Genesis,36,17,אדום,nmpr,topo,F:unclassified-name,Torah
19831,1415446,431583,Genesis,36,17,בשמת,nmpr,pers,A:person-candidate,Torah
19833,1415446,431583,Genesis,36,17,עשו,nmpr,pers,A:person-candidate,Torah
19837,1415447,431584,Genesis,36,18,אהליבמה,nmpr,pers,A:person-candidate,Torah
19839,1415447,431584,Genesis,36,18,עשו,nmpr,pers,A:person-candidate,Torah
19841,1415447,431585,Genesis,36,18,יעוש,nmpr,pers,A:person-candidate,Torah
19843,1415447,431585,Genesis,36,18,יעלם,nmpr,pers,A:person-candidate,Torah
19845,1415447,431585,Genesis,36,18,קרח,nmpr,pers,A:person-candidate,Torah
19848,1415447,431586,Genesis,36,18,אהליבמה,nmpr,pers,A:person-candidate,Torah
19850,1415447,431586,Genesis,36,18,ענה,nmpr,pers,A:person-candidate,Torah
19852,1415447,431586,Genesis,36,18,עשו,nmpr,pers,A:person-candidate,Torah
19855,1415448,431587,Genesis,36,19,עשו,nmpr,pers,A:person-candidate,Torah
19860,1415448,431589,Genesis,36,19,אדום,nmpr,topo,F:unclassified-name,Torah
19863,1415449,431590,Genesis,36,20,שעיר,nmpr,topo,F:unclassified-name,Torah
19869,1415449,431591,Genesis,36,20,לוטן,nmpr,pers,A:person-candidate,Torah
19871,1415449,431591,Genesis,36,20,שובל,nmpr,pers,A:person-candidate,Torah
19873,1415449,431591,Genesis,36,20,צבעון,nmpr,pers,A:person-candidate,Torah
19875,1415449,431591,Genesis,36,20,ענה,nmpr,pers,A:person-candidate,Torah
19877,1415450,431592,Genesis,36,21,דישון,nmpr,pers,A:person-candidate,Torah
19879,1415450,431592,Genesis,36,21,אצר,nmpr,pers,A:person-candidate,Torah
19881,1415450,431592,Genesis,36,21,דישן,nmpr,pers,A:person-candidate,Torah
19887,1415450,431593,Genesis,36,21,שעיר,nmpr,topo,F:unclassified-name,Torah
19890,1415450,431593,Genesis,36,21,אדום,nmpr,topo,F:unclassified-name,Torah
19894,1415451,431594,Genesis,36,22,לוטן,nmpr,pers,A:person-candidate,Torah
19895,1415451,431594,Genesis,36,22,חרי,nmpr,pers,A:person-candidate,Torah
19897,1415451,431594,Genesis,36,22,הימם,nmpr,pers,A:person-candidate,Torah
19900,1415451,431595,Genesis,36,22,לוטן,nmpr,pers,A:person-candidate,Torah
19901,1415451,431595,Genesis,36,22,תמנע,nmpr,"pers,gens",F:unclassified-name,Torah
19905,1415452,431596,Genesis,36,23,שובל,nmpr,pers,A:person-candidate,Torah
19906,1415452,431597,Genesis,36,23,עלון,nmpr,pers,A:person-candidate,Torah
19908,1415452,431597,Genesis,36,23,מנחת,nmpr,pers,A:person-candidate,Torah
19910,1415452,431597,Genesis,36,23,עיבל,nmpr,pers,A:person-candidate,Torah
19911,1415452,431597,Genesis,36,23,שפו,nmpr,pers,A:person-candidate,Torah
19913,1415452,431597,Genesis,36,23,אונם,nmpr,pers,A:person-candidate,Torah
19917,1415453,431598,Genesis,36,24,צבעון,nmpr,pers,A:person-candidate,Torah
19919,1415453,431599,Genesis,36,24,איה,nmpr,pers,A:person-candidate,Torah
19921,1415453,431599,Genesis,36,24,ענה,nmpr,pers,A:person-candidate,Torah
19923,1415453,431600,Genesis,36,24,ענה,nmpr,pers,A:person-candidate,Torah
19938,1415453,431602,Genesis,36,24,צבעון,nmpr,pers,A:person-candidate,Torah
19943,1415454,431603,Genesis,36,25,ענה,nmpr,pers,A:person-candidate,Torah
19944,1415454,431604,Genesis,36,25,דישון,nmpr,pers,A:person-candidate,Torah
19946,1415454,431604,Genesis,36,25,אהליבמה,nmpr,pers,A:person-candidate,Torah
19948,1415454,431604,Genesis,36,25,ענה,nmpr,pers,A:person-candidate,Torah
19952,1415455,431605,Genesis,36,26,דישן,nmpr,pers,A:person-candidate,Torah
19953,1415455,431606,Genesis,36,26,חמדן,nmpr,pers,A:person-candidate,Torah
19955,1415455,431606,Genesis,36,26,אשבן,nmpr,pers,A:person-candidate,Torah
19957,1415455,431606,Genesis,36,26,יתרן,nmpr,pers,A:person-candidate,Torah
19959,1415455,431606,Genesis,36,26,כרן,nmpr,pers,A:person-candidate,Torah
19962,1415456,431607,Genesis,36,27,אצר,nmpr,pers,A:person-candidate,Torah
19963,1415456,431608,Genesis,36,27,בלהן,nmpr,pers,A:person-candidate,Torah
19965,1415456,431608,Genesis,36,27,זעון,nmpr,pers,A:person-candidate,Torah
19967,1415456,431608,Genesis,36,27,עקן,nmpr,pers,A:person-candidate,Torah
19970,1415457,431609,Genesis,36,28,דישן,nmpr,pers,A:person-candidate,Torah
19971,1415457,431610,Genesis,36,28,עוץ,nmpr,pers,A:person-candidate,Torah
19973,1415457,431610,Genesis,36,28,ארן,nmpr,pers,A:person-candidate,Torah
19979,1415458,431612,Genesis,36,29,לוטן,nmpr,pers,A:person-candidate,Torah
19981,1415458,431612,Genesis,36,29,שובל,nmpr,pers,A:person-candidate,Torah
19983,1415458,431612,Genesis,36,29,צבעון,nmpr,pers,A:person-candidate,Torah
19985,1415458,431612,Genesis,36,29,ענה,nmpr,pers,A:person-candidate,Torah
19987,1415459,431613,Genesis,36,30,דישון,nmpr,pers,A:person-candidate,Torah
19989,1415459,431613,Genesis,36,30,אצר,nmpr,pers,A:person-candidate,Torah
19991,1415459,431613,Genesis,36,30,דישן,nmpr,pers,A:person-candidate,Torah
20000,1415459,431614,Genesis,36,30,שעיר,nmpr,topo,F:unclassified-name,Torah
20004,1415460,431615,Genesis,36,31,מלך,subs,,B:deity-candidate,Torah
20006,1415460,431616,Genesis,36,31,מלך,verb,,B:deity-candidate,Torah
20009,1415460,431616,Genesis,36,31,אדום,nmpr,topo,F:unclassified-name,Torah
20012,1415460,431617,Genesis,36,31,מלך,verb,,B:deity-candidate,Torah
20013,1415460,431617,Genesis,36,31,מלך,subs,,B:deity-candidate,Torah
20016,1415460,431617,Genesis,36,31,ישראל,nmpr,"pers,gens,topo",F:unclassified-name,Torah
20018,1415461,431618,Genesis,36,32,מלך,verb,,B:deity-candidate,Torah
20020,1415461,431618,Genesis,36,32,אדום,nmpr,topo,F:unclassified-name,Torah
20021,1415461,431618,Genesis,36,32,בלע,nmpr,pers,A:person-candidate,Torah
20023,1415461,431618,Genesis,36,32,בעור,nmpr,pers,A:person-candidate,Torah
20027,1415461,431619,Genesis,36,32,דנהבה,nmpr,topo,F:unclassified-name,Torah
20030,1415462,431620,Genesis,36,33,בלע,nmpr,pers,A:person-candidate,Torah
20032,1415462,431621,Genesis,36,33,מלך,verb,,B:deity-candidate,Torah
20034,1415462,431621,Genesis,36,33,יובב,nmpr,pers,A:person-candidate,Torah
20036,1415462,431621,Genesis,36,33,זרח,nmpr,pers,A:person-candidate,Torah
20038,1415462,431621,Genesis,36,33,בצרה,nmpr,topo,F:unclassified-name,Torah
20041,1415463,431622,Genesis,36,34,יובב,nmpr,pers,A:person-candidate,Torah
20043,1415463,431623,Genesis,36,34,מלך,verb,,B:deity-candidate,Torah
20045,1415463,431623,Genesis,36,34,חשם,nmpr,pers,A:person-candidate,Torah
20052,1415464,431624,Genesis,36,35,חשם,nmpr,pers,A:person-candidate,Torah
20054,1415464,431625,Genesis,36,35,מלך,verb,,B:deity-candidate,Torah
20056,1415464,431625,Genesis,36,35,הדד,nmpr,pers,A:person-candidate,Torah
20058,1415464,431625,Genesis,36,35,בדד,nmpr,pers,A:person-candidate,Torah
20062,1415464,431626,Genesis,36,35,מדין,nmpr,"pers,gens,topo",F:unclassified-name,Torah
20065,1415464,431626,Genesis,36,35,מואב,nmpr,"pers,gens,topo",F:unclassified-name,Torah
20069,1415464,431627,Genesis,36,35,עוית,nmpr,topo,F:unclassified-name,Torah
20072,1415465,431628,Genesis,36,36,הדד,nmpr,pers,A:person-candidate,Torah
20074,1415465,431629,Genesis,36,36,מלך,verb,,B:deity-candidate,Torah
20076,1415465,431629,Genesis,36,36,שמלה,nmpr,pers,A:person-candidate,Torah
20078,1415465,431629,Genesis,36,36,משרקה,nmpr,topo,F:unclassified-name,Torah
20081,1415466,431630,Genesis,36,37,שמלה,nmpr,pers,A:person-candidate,Torah
20083,1415466,431631,Genesis,36,37,מלך,verb,,B:deity-candidate,Torah
20085,1415466,431631,Genesis,36,37,שאול,nmpr,pers,A:person-candidate,Torah
20087,1415466,431631,Genesis,36,37,רחבות,nmpr,topo,F:unclassified-name,Torah
20092,1415467,431632,Genesis,36,38,שאול,nmpr,pers,A:person-candidate,Torah
20094,1415467,431633,Genesis,36,38,מלך,verb,,B:deity-candidate,Torah
20096,1415467,431633,Genesis,36,38,בעל חנן,nmpr,pers,A:person-candidate,Torah
20098,1415467,431633,Genesis,36,38,עכבור,nmpr,pers,A:person-candidate,Torah
20101,1415468,431634,Genesis,36,39,בעל חנן,nmpr,pers,A:person-candidate,Torah
20103,1415468,431634,Genesis,36,39,עכבור,nmpr,pers,A:person-candidate,Torah
20105,1415468,431635,Genesis,36,39,מלך,verb,,B:deity-candidate,Torah
20107,1415468,431635,Genesis,36,39,הדר,nmpr,pers,A:person-candidate,Torah
20111,1415468,431636,Genesis,36,39,פעו,nmpr,topo,F:unclassified-name,Torah
20115,1415468,431637,Genesis,36,39,מהיטבאל,nmpr,pers,A:person-candidate,Torah
20117,1415468,431637,Genesis,36,39,מטרד,nmpr,pers,A:person-candidate,Torah
20119,1415468,431637,Genesis,36,39,מי זהב,nmpr,pers,A:person-candidate,Torah
20124,1415469,431638,Genesis,36,40,עשו,nmpr,pers,A:person-candidate,Torah
20132,1415469,431639,Genesis,36,40,תמנע,nmpr,"pers,gens",F:unclassified-name,Torah
20134,1415469,431639,Genesis,36,40,עלוה,nmpr,topo,F:unclassified-name,Torah
20136,1415469,431639,Genesis,36,40,יתת,nmpr,pers,A:person-candidate,Torah
20138,1415470,431640,Genesis,36,41,אהליבמה,nmpr,pers,A:person-candidate,Torah
20140,1415470,431640,Genesis,36,41,אלה,nmpr,pers,A:person-candidate,Torah
20142,1415470,431640,Genesis,36,41,פינן,nmpr,pers,A:person-candidate,Torah
20144,1415471,431641,Genesis,36,42,קנז,nmpr,"pers,gens",F:unclassified-name,Torah
20146,1415471,431641,Genesis,36,42,תימן,nmpr,topo,F:unclassified-name,Torah
20148,1415471,431641,Genesis,36,42,מבצר,nmpr,pers,A:person-candidate,Torah
20150,1415472,431642,Genesis,36,43,מגדיאל,nmpr,pers,A:person-candidate,Torah
20152,1415472,431642,Genesis,36,43,עירם,nmpr,pers,A:person-candidate,Torah
20155,1415472,431643,Genesis,36,43,אדום,nmpr,topo,F:unclassified-name,Torah
20162,1415472,431644,Genesis,36,43,עשו,nmpr,pers,A:person-candidate,Torah
20164,1415472,431644,Genesis,36,43,אדום,nmpr,topo,F:unclassified-name,Torah
20167,1415473,431645,Genesis,37,1,יעקב,nmpr,pers,A:person-candidate,Torah
20174,1415473,431645,Genesis,37,1,כנען,nmpr,"pers,gens,topo",F:unclassified-name,Torah
20177,1415474,431646,Genesis,37,2,יעקב,nmpr,pers,A:person-candidate,Torah
20178,1415474,431647,Genesis,37,2,יוסף,nmpr,pers,A:person-candidate,Torah
20195,1415474,431647,Genesis,37,2,בלהה,nmpr,pers,A:person-candidate,Torah
20199,1415474,431647,Genesis,37,2,זלפה,nmpr,gens,F:unclassified-name,Torah
20204,1415474,431649,Genesis,37,2,יוסף,nmpr,pers,A:person-candidate,Torah
20208,1415474,431649,Genesis,37,2,אל,prep,,C:divine-title-candidate,Torah
20211,1415475,431650,Genesis,37,3,ישראל,nmpr,"pers,gens,topo",F:unclassified-name,Torah
20214,1415475,431650,Genesis,37,3,יוסף,nmpr,pers,A:person-candidate,Torah
20249,1415477,431658,Genesis,37,5,יוסף,nmpr,pers,A:person-candidate,Torah
20262,1415478,431662,Genesis,37,6,אל,prep,,C:divine-title-candidate,Torah
20300,1415480,431671,Genesis,37,8,מלך,verb,,B:deity-candidate,Torah
20301,1415480,431671,Genesis,37,8,מלך,verb,,B:deity-candidate,Torah
20348,1415482,431680,Genesis,37,10,אל,prep,,C:divine-title-candidate,Torah
20351,1415482,431680,Genesis,37,10,אל,prep,,C:divine-title-candidate,Torah
20398,1415484,431690,Genesis,37,12,שכם,nmpr,topo,F:unclassified-name,Torah
20401,1415485,431691,Genesis,37,13,ישראל,nmpr,"pers,gens,topo",F:unclassified-name,Torah
20402,1415485,431691,Genesis,37,13,אל,prep,,C:divine-title-candidate,Torah
20403,1415485,431691,Genesis,37,13,יוסף,nmpr,pers,A:person-candidate,Torah
20409,1415485,431692,Genesis,37,13,שכם,nmpr,topo,F:unclassified-name,Torah
20413,1415485,431694,Genesis,37,13,אל,prep,,C:divine-title-candidate,Torah
20439,1415486,431701,Genesis,37,14,חברון,nmpr,topo,F:unclassified-name,Torah
20442,1415486,431702,Genesis,37,14,שכם,nmpr,topo,F:unclassified-name,Torah
20483,1415489,431716,Genesis,37,17,דתן,nmpr,topo,F:unclassified-name,Torah
20486,1415489,431717,Genesis,37,17,יוסף,nmpr,pers,A:person-candidate,Torah
20492,1415489,431718,Genesis,37,17,דתן,nmpr,topo,F:unclassified-name,Torah
20502,1415490,431720,Genesis,37,18,אל,prep,,C:divine-title-candidate,Torah
20511,1415491,431724,Genesis,37,19,אל,prep,,C:divine-title-candidate,Torah
20514,1415491,431725,Genesis,37,19,בעל,subs,,B:deity-candidate,Torah
20543,1415493,431734,Genesis,37,21,ראובן,nmpr,"pers,gens,topo",F:unclassified-name,Torah
20555,1415494,431738,Genesis,37,22,אל,prep,,C:divine-title-candidate,Torah
20556,1415494,431738,Genesis,37,22,ראובן,nmpr,"pers,gens,topo",F:unclassified-name,Torah
20557,1415494,431739,Genesis,37,22,אל,nega,,C:divine-title-candidate,Torah
20562,1415494,431740,Genesis,37,22,אל,prep,,C:divine-title-candidate,Torah
20573,1415494,431742,Genesis,37,22,אל,nega,,C:divine-title-candidate,Torah
20583,1415494,431744,Genesis,37,22,אל,prep,,C:divine-title-candidate,Torah
20590,1415495,431746,Genesis,37,23,יוסף,nmpr,pers,A:person-candidate,Torah
20591,1415495,431746,Genesis,37,23,אל,prep,,C:divine-title-candidate,Torah
20596,1415495,431747,Genesis,37,23,יוסף,nmpr,pers,A:person-candidate,Torah
20635,1415497,431757,Genesis,37,25,גלעד,nmpr,topo,F:unclassified-name,Torah
20647,1415497,431760,Genesis,37,25,מצרים,nmpr,topo,F:unclassified-name,Torah
20650,1415498,431761,Genesis,37,26,יהודה,nmpr,"pers,gens,topo",F:unclassified-name,Torah
20651,1415498,431761,Genesis,37,26,אל,prep,,C:divine-title-candidate,Torah
20671,1415499,431767,Genesis,37,27,אל,nega,,C:divine-title-candidate,Torah
20691,1415500,431773,Genesis,37,28,יוסף,nmpr,pers,A:person-candidate,Torah
20698,1415500,431774,Genesis,37,28,יוסף,nmpr,pers,A:person-candidate,Torah
20708,1415500,431775,Genesis,37,28,יוסף,nmpr,pers,A:person-candidate,Torah
20709,1415500,431775,Genesis,37,28,מצרים,nmpr,topo,F:unclassified-name,Torah
20712,1415501,431776,Genesis,37,29,ראובן,nmpr,"pers,gens,topo",F:unclassified-name,Torah
20713,1415501,431776,Genesis,37,29,אל,prep,,C:divine-title-candidate,Torah
20719,1415501,431777,Genesis,37,29,יוסף,nmpr,pers,A:person-candidate,Torah
20729,1415502,431779,Genesis,37,30,אל,prep,,C:divine-title-candidate,Torah
20745,1415503,431785,Genesis,37,31,יוסף,nmpr,pers,A:person-candidate,Torah
20766,1415504,431789,Genesis,37,32,אל,prep,,C:divine-title-candidate,Torah
20791,1415505,431799,Genesis,37,33,יוסף,nmpr,pers,A:person-candidate,Torah
20794,1415506,431800,Genesis,37,34,יעקב,nmpr,pers,A:person-candidate,Torah
20824,1415507,431808,Genesis,37,35,אל,prep,,C:divine-title-candidate,Torah
20827,1415507,431809,Genesis,37,35,שאול,subs,,A:person-candidate,Torah
20837,1415508,431811,Genesis,37,36,אל,prep,,C:divine-title-candidate,Torah
20838,1415508,431811,Genesis,37,36,מצרים,nmpr,topo,F:unclassified-name,Torah
20840,1415508,431811,Genesis,37,36,פוטיפר,nmpr,pers,A:person-candidate,Torah
20855,1415509,431813,Genesis,38,1,יהודה,nmpr,"pers,gens,topo",F:unclassified-name,Torah
20866,1415509,431815,Genesis,38,1,חירה,nmpr,pers,A:person-candidate,Torah
20870,1415510,431816,Genesis,38,2,יהודה,nmpr,"pers,gens,topo",F:unclassified-name,Torah
20876,1415510,431817,Genesis,38,2,שוע,nmpr,pers,A:person-candidate,Torah
20881,1415510,431819,Genesis,38,2,אל,prep,,C:divine-title-candidate,Torah
20891,1415511,431822,Genesis,38,3,ער,nmpr,pers,A:person-candidate,Torah
20902,1415512,431825,Genesis,38,4,אונן,nmpr,pers,A:person-candidate,Torah
20913,1415513,431828,Genesis,38,5,שלה,nmpr,pers,A:person-candidate,Torah
20917,1415513,431829,Genesis,38,5,כזיב,nmpr,topo,F:unclassified-name,Torah
20923,1415514,431831,Genesis,38,6,יהודה,nmpr,"pers,gens,topo",F:unclassified-name,Torah
20926,1415514,431831,Genesis,38,6,ער,nmpr,pers,A:person-candidate,Torah
20930,1415514,431832,Genesis,38,6,תמר,nmpr,pers,A:person-candidate,Torah
20933,1415515,431833,Genesis,38,7,ער,nmpr,pers,A:person-candidate,Torah
20935,1415515,431833,Genesis,38,7,יהודה,nmpr,"pers,gens,topo",F:unclassified-name,Torah
20939,1415515,431833,Genesis,38,7,יהוה,nmpr,pers,E:YHWH,Torah
20942,1415515,431834,Genesis,38,7,יהוה,nmpr,pers,E:YHWH,Torah
20945,1415516,431835,Genesis,38,8,יהודה,nmpr,"pers,gens,topo",F:unclassified-name,Torah
20947,1415516,431835,Genesis,38,8,אונן,nmpr,pers,A:person-candidate,Torah
20949,1415516,431836,Genesis,38,8,אל,prep,,C:divine-title-candidate,Torah
20962,1415517,431839,Genesis,38,9,אונן,nmpr,pers,A:person-candidate,Torah
20973,1415517,431842,Genesis,38,9,אל,prep,,C:divine-title-candidate,Torah
20989,1415518,431845,Genesis,38,10,יהוה,nmpr,pers,E:YHWH,Torah
20998,1415519,431848,Genesis,38,11,יהודה,nmpr,"pers,gens,topo",F:unclassified-name,Torah
21000,1415519,431848,Genesis,38,11,תמר,nmpr,pers,A:person-candidate,Torah
21008,1415519,431850,Genesis,38,11,שלה,nmpr,pers,A:person-candidate,Torah
21020,1415519,431853,Genesis,38,11,תמר,nmpr,pers,A:person-candidate,Torah
21032,1415520,431856,Genesis,38,12,שוע,nmpr,pers,A:person-candidate,Torah
21034,1415520,431856,Genesis,38,12,יהודה,nmpr,"pers,gens,topo",F:unclassified-name,Torah
21037,1415520,431857,Genesis,38,12,יהודה,nmpr,"pers,gens,topo",F:unclassified-name,Torah
21045,1415520,431858,Genesis,38,12,חירה,nmpr,pers,A:person-candidate,Torah
21049,1415520,431858,Genesis,38,12,תמנה,nmpr,topo,F:unclassified-name,Torah
21053,1415521,431859,Genesis,38,13,תמר,nmpr,pers,A:person-candidate,Torah
21059,1415521,431861,Genesis,38,13,תמנה,nmpr,topo,F:unclassified-name,Torah
21080,1415522,431866,Genesis,38,14,עינים,nmpr,topo,F:unclassified-name,Torah
21084,1415522,431867,Genesis,38,14,תמנה,nmpr,topo,F:unclassified-name,Torah
21089,1415522,431869,Genesis,38,14,שלה,nmpr,pers,A:person-candidate,Torah
21099,1415523,431871,Genesis,38,15,יהודה,nmpr,"pers,gens,topo",F:unclassified-name,Torah
21109,1415524,431874,Genesis,38,16,אל,prep,,C:divine-title-candidate,Torah
21110,1415524,431874,Genesis,38,16,אל,prep,,C:divine-title-candidate,Torah
21118,1415524,431877,Genesis,38,16,אל,prep,,C:divine-title-candidate,Torah
21132,1415524,431882,Genesis,38,16,אל,prep,,C:divine-title-candidate,Torah
21172,1415526,431895,Genesis,38,18,אל,prep,,C:divine-title-candidate,Torah
21191,1415528,431901,Genesis,38,20,יהודה,nmpr,"pers,gens,topo",F:unclassified-name,Torah
21225,1415529,431907,Genesis,38,21,עינים,nmpr,topo,F:unclassified-name,Torah
21238,1415530,431910,Genesis,38,22,אל,prep,,C:divine-title-candidate,Torah
21239,1415530,431910,Genesis,38,22,יהודה,nmpr,"pers,gens,topo",F:unclassified-name,Torah
21257,1415531,431915,Genesis,38,23,יהודה,nmpr,"pers,gens,topo",F:unclassified-name,Torah
21283,1415532,431921,Genesis,38,24,יהודה,nmpr,"pers,gens,topo",F:unclassified-name,Torah
21287,1415532,431923,Genesis,38,24,תמר,nmpr,pers,A:person-candidate,Torah
21297,1415532,431925,Genesis,38,24,יהודה,nmpr,"pers,gens,topo",F:unclassified-name,Torah
21306,1415533,431929,Genesis,38,25,אל,prep,,C:divine-title-candidate,Torah
21335,1415534,431936,Genesis,38,26,יהודה,nmpr,"pers,gens,topo",F:unclassified-name,Torah
21346,1415534,431939,Genesis,38,26,שלה,nmpr,pers,A:person-candidate,Torah
21403,1415537,431957,Genesis,38,29,פרץ,nmpr,pers,A:person-candidate,Torah
21416,1415538,431960,Genesis,38,30,זרח,nmpr,pers,A:person-candidate,Torah
21418,1415539,431961,Genesis,39,1,יוסף,nmpr,pers,A:person-candidate,Torah
21420,1415539,431961,Genesis,39,1,מצרים,nmpr,topo,F:unclassified-name,Torah
21423,1415539,431962,Genesis,39,1,פוטיפר,nmpr,pers,A:person-candidate,Torah
21440,1415540,431964,Genesis,39,2,יהוה,nmpr,pers,E:YHWH,Torah
21442,1415540,431964,Genesis,39,2,יוסף,nmpr,pers,A:person-candidate,Torah
21458,1415541,431968,Genesis,39,3,יהוה,nmpr,pers,E:YHWH,Torah
21465,1415541,431969,Genesis,39,3,יהוה,nmpr,pers,E:YHWH,Torah
21471,1415542,431971,Genesis,39,4,יוסף,nmpr,pers,A:person-candidate,Torah
21505,1415543,431979,Genesis,39,5,יהוה,nmpr,pers,E:YHWH,Torah
21512,1415543,431979,Genesis,39,5,יוסף,nmpr,pers,A:person-candidate,Torah
21516,1415543,431980,Genesis,39,5,יהוה,nmpr,pers,E:YHWH,Torah
21536,1415544,431982,Genesis,39,6,יוסף,nmpr,pers,A:person-candidate,Torah
21551,1415544,431987,Genesis,39,6,יוסף,nmpr,pers,A:person-candidate,Torah
21570,1415545,431989,Genesis,39,7,אל,prep,,C:divine-title-candidate,Torah
21571,1415545,431989,Genesis,39,7,יוסף,nmpr,pers,A:person-candidate,Torah
21580,1415546,431993,Genesis,39,8,אל,prep,,C:divine-title-candidate,Torah
21632,1415547,432003,Genesis,39,9,אלהים,subs,,D:Elohim,Torah
21637,1415548,432005,Genesis,39,10,אל,prep,,C:divine-title-candidate,Torah
21638,1415548,432005,Genesis,39,10,יוסף,nmpr,pers,A:person-candidate,Torah
21644,1415548,432006,Genesis,39,10,אל,prep,,C:divine-title-candidate,Torah
21727,1415552,432029,Genesis,39,14,אל,prep,,C:divine-title-candidate,Torah
21762,1415554,432040,Genesis,39,16,אל,prep,,C:divine-title-candidate,Torah
21766,1415555,432041,Genesis,39,17,אל,prep,,C:divine-title-candidate,Torah
21775,1415555,432043,Genesis,39,17,אל,prep,,C:divine-title-candidate,Torah
21811,1415557,432053,Genesis,39,19,אל,prep,,C:divine-title-candidate,Torah
21828,1415558,432057,Genesis,39,20,יוסף,nmpr,pers,A:person-candidate,Torah
21832,1415558,432058,Genesis,39,20,אל,prep,,C:divine-title-candidate,Torah
21840,1415558,432059,Genesis,39,20,מלך,subs,,B:deity-candidate,Torah
21851,1415559,432061,Genesis,39,21,יהוה,nmpr,pers,E:YHWH,Torah
21853,1415559,432061,Genesis,39,21,יוסף,nmpr,pers,A:person-candidate,Torah
21856,1415559,432062,Genesis,39,21,אל,prep,,C:divine-title-candidate,Torah
21875,1415560,432064,Genesis,39,22,יוסף,nmpr,pers,A:person-candidate,Torah
21907,1415561,432069,Genesis,39,23,יהוה,nmpr,pers,E:YHWH,Torah
21913,1415561,432070,Genesis,39,23,יהוה,nmpr,pers,E:YHWH,Torah
21924,1415562,432073,Genesis,40,1,מלך,subs,,B:deity-candidate,Torah
21925,1415562,432073,Genesis,40,1,מצרים,nmpr,topo,F:unclassified-name,Torah
21932,1415562,432073,Genesis,40,1,מלך,subs,,B:deity-candidate,Torah
21933,1415562,432073,Genesis,40,1,מצרים,nmpr,topo,F:unclassified-name,Torah
21958,1415564,432075,Genesis,40,3,אל,prep,,C:divine-title-candidate,Torah
21964,1415564,432076,Genesis,40,3,יוסף,nmpr,pers,A:person-candidate,Torah
21973,1415565,432077,Genesis,40,4,יוסף,nmpr,pers,A:person-candidate,Torah
22003,1415566,432083,Genesis,40,5,מלך,subs,,B:deity-candidate,Torah
22004,1415566,432083,Genesis,40,5,מצרים,nmpr,topo,F:unclassified-name,Torah
22013,1415567,432085,Genesis,40,6,אל,prep,,C:divine-title-candidate,Torah
22014,1415567,432085,Genesis,40,6,יוסף,nmpr,pers,A:person-candidate,Torah
22044,1415569,432092,Genesis,40,8,אל,prep,,C:divine-title-candidate,Torah
22053,1415569,432095,Genesis,40,8,אל,prep,,C:divine-title-candidate,Torah
22054,1415569,432095,Genesis,40,8,יוסף,nmpr,pers,A:person-candidate,Torah
22058,1415569,432096,Genesis,40,8,אלהים,subs,,D:Elohim,Torah
22071,1415570,432098,Genesis,40,9,יוסף,nmpr,pers,A:person-candidate,Torah
22110,1415572,432108,Genesis,40,11,אל,prep,,C:divine-title-candidate,Torah
22124,1415573,432110,Genesis,40,12,יוסף,nmpr,pers,A:person-candidate,Torah
22174,1415575,432121,Genesis,40,14,אל,prep,,C:divine-title-candidate,Torah
22212,1415577,432128,Genesis,40,16,אל,prep,,C:divine-title-candidate,Torah
22213,1415577,432128,Genesis,40,16,יוסף,nmpr,pers,A:person-candidate,Torah
22230,1415578,432132,Genesis,40,17,עליון,adjv,,C:divine-title-candidate,Torah
22250,1415579,432134,Genesis,40,18,יוסף,nmpr,pers,A:person-candidate,Torah
22342,1415583,432149,Genesis,40,22,יוסף,nmpr,pers,A:person-candidate,Torah
22350,1415584,432150,Genesis,40,23,יוסף,nmpr,pers,A:person-candidate,Torah
22367,1415585,432154,Genesis,41,1,יאר,nmpr,topo,F:unclassified-name,Torah
22372,1415586,432155,Genesis,41,2,יאר,nmpr,topo,F:unclassified-name,Torah
22395,1415587,432157,Genesis,41,3,יאר,nmpr,topo,F:unclassified-name,Torah
22409,1415587,432158,Genesis,41,3,יאר,nmpr,topo,F:unclassified-name,Torah
22496,1415592,432171,Genesis,41,8,מצרים,nmpr,topo,F:unclassified-name,Torah
22604,1415598,432193,Genesis,41,14,יוסף,nmpr,pers,A:person-candidate,Torah
22617,1415598,432197,Genesis,41,14,אל,prep,,C:divine-title-candidate,Torah
22622,1415599,432198,Genesis,41,15,אל,prep,,C:divine-title-candidate,Torah
22623,1415599,432198,Genesis,41,15,יוסף,nmpr,pers,A:person-candidate,Torah
22643,1415600,432205,Genesis,41,16,יוסף,nmpr,pers,A:person-candidate,Torah
22649,1415600,432208,Genesis,41,16,אלהים,subs,,D:Elohim,Torah
22657,1415601,432209,Genesis,41,17,אל,prep,,C:divine-title-candidate,Torah
22658,1415601,432209,Genesis,41,17,יוסף,nmpr,pers,A:person-candidate,Torah
22666,1415601,432211,Genesis,41,17,יאר,nmpr,topo,F:unclassified-name,Torah
22671,1415602,432212,Genesis,41,18,יאר,nmpr,topo,F:unclassified-name,Torah
22707,1415603,432215,Genesis,41,19,מצרים,nmpr,topo,F:unclassified-name,Torah
22730,1415605,432217,Genesis,41,21,אל,prep,,C:divine-title-candidate,Torah
22737,1415605,432219,Genesis,41,21,אל,prep,,C:divine-title-candidate,Torah
22788,1415608,432227,Genesis,41,24,אל,prep,,C:divine-title-candidate,Torah
22797,1415609,432230,Genesis,41,25,יוסף,nmpr,pers,A:person-candidate,Torah
22798,1415609,432230,Genesis,41,25,אל,prep,,C:divine-title-candidate,Torah
22807,1415609,432233,Genesis,41,25,אלהים,subs,,D:Elohim,Torah
22864,1415612,432245,Genesis,41,28,אל,prep,,C:divine-title-candidate,Torah
22868,1415612,432246,Genesis,41,28,אלהים,subs,,D:Elohim,Torah
22882,1415613,432249,Genesis,41,29,מצרים,nmpr,topo,F:unclassified-name,Torah
22896,1415614,432251,Genesis,41,30,מצרים,nmpr,topo,F:unclassified-name,Torah
22929,1415616,432255,Genesis,41,32,אל,prep,,C:divine-title-candidate,Torah
22939,1415616,432256,Genesis,41,32,אלהים,subs,,D:Elohim,Torah
22943,1415616,432257,Genesis,41,32,אלהים,subs,,D:Elohim,Torah
22958,1415617,432261,Genesis,41,33,מצרים,nmpr,topo,F:unclassified-name,Torah
22971,1415618,432264,Genesis,41,34,מצרים,nmpr,topo,F:unclassified-name,Torah
23020,1415620,432270,Genesis,41,36,מצרים,nmpr,topo,F:unclassified-name,Torah
23044,1415622,432273,Genesis,41,38,אל,prep,,C:divine-title-candidate,Torah
23053,1415622,432275,Genesis,41,38,אלהים,subs,,D:Elohim,Torah
23058,1415623,432276,Genesis,41,39,אל,prep,,C:divine-title-candidate,Torah
23059,1415623,432276,Genesis,41,39,יוסף,nmpr,pers,A:person-candidate,Torah
23062,1415623,432277,Genesis,41,39,אלהים,subs,,D:Elohim,Torah
23090,1415625,432282,Genesis,41,41,אל,prep,,C:divine-title-candidate,Torah
23091,1415625,432282,Genesis,41,41,יוסף,nmpr,pers,A:person-candidate,Torah
23098,1415625,432284,Genesis,41,41,מצרים,nmpr,topo,F:unclassified-name,Torah
23112,1415626,432286,Genesis,41,42,יוסף,nmpr,pers,A:person-candidate,Torah
23145,1415627,432293,Genesis,41,43,מצרים,nmpr,topo,F:unclassified-name,Torah
23149,1415628,432294,Genesis,41,44,אל,prep,,C:divine-title-candidate,Torah
23150,1415628,432294,Genesis,41,44,יוסף,nmpr,pers,A:person-candidate,Torah
23166,1415628,432296,Genesis,41,44,מצרים,nmpr,topo,F:unclassified-name,Torah
23171,1415629,432297,Genesis,41,45,יוסף,nmpr,pers,A:person-candidate,Torah
23172,1415629,432297,Genesis,41,45,צפנת פענח,nmpr,pers,A:person-candidate,Torah
23177,1415629,432298,Genesis,41,45,אסנת,nmpr,pers,A:person-candidate,Torah
23179,1415629,432298,Genesis,41,45,פוטי פרע,nmpr,pers,A:person-candidate,Torah
23181,1415629,432298,Genesis,41,45,אן,nmpr,topo,F:unclassified-name,Torah
23186,1415629,432299,Genesis,41,45,יוסף,nmpr,pers,A:person-candidate,Torah
23189,1415629,432299,Genesis,41,45,מצרים,nmpr,topo,F:unclassified-name,Torah
23191,1415630,432300,Genesis,41,46,יוסף,nmpr,pers,A:person-candidate,Torah
23200,1415630,432301,Genesis,41,46,מלך,subs,,B:deity-candidate,Torah
23201,1415630,432301,Genesis,41,46,מצרים,nmpr,topo,F:unclassified-name,Torah
23204,1415630,432302,Genesis,41,46,יוסף,nmpr,pers,A:person-candidate,Torah
23214,1415630,432303,Genesis,41,46,מצרים,nmpr,topo,F:unclassified-name,Torah
23237,1415632,432306,Genesis,41,48,מצרים,nmpr,topo,F:unclassified-name,Torah
23255,1415633,432310,Genesis,41,49,יוסף,nmpr,pers,A:person-candidate,Torah
23273,1415634,432314,Genesis,41,50,יוסף,nmpr,pers,A:person-candidate,Torah
23286,1415634,432316,Genesis,41,50,אסנת,nmpr,pers,A:person-candidate,Torah
23288,1415634,432316,Genesis,41,50,פוטי פרע,nmpr,pers,A:person-candidate,Torah
23290,1415634,432316,Genesis,41,50,אן,nmpr,topo,F:unclassified-name,Torah
23293,1415635,432317,Genesis,41,51,יוסף,nmpr,pers,A:person-candidate,Torah
23298,1415635,432317,Genesis,41,51,מנשה,nmpr,"pers,gens",F:unclassified-name,Torah
23301,1415635,432318,Genesis,41,51,אלהים,subs,,D:Elohim,Torah
23316,1415636,432319,Genesis,41,52,אפרים,nmpr,"pers,gens,topo",F:unclassified-name,Torah
23319,1415636,432320,Genesis,41,52,אלהים,subs,,D:Elohim,Torah
23333,1415637,432322,Genesis,41,53,מצרים,nmpr,topo,F:unclassified-name,Torah
23345,1415638,432325,Genesis,41,54,יוסף,nmpr,pers,A:person-candidate,Torah
23357,1415638,432327,Genesis,41,54,מצרים,nmpr,topo,F:unclassified-name,Torah
23364,1415639,432328,Genesis,41,55,מצרים,nmpr,topo,F:unclassified-name,Torah
23369,1415639,432329,Genesis,41,55,אל,prep,,C:divine-title-candidate,Torah
23379,1415639,432330,Genesis,41,55,מצרים,nmpr,topo,F:unclassified-name,Torah
23381,1415639,432331,Genesis,41,55,אל,prep,,C:divine-title-candidate,Torah
23382,1415639,432331,Genesis,41,55,יוסף,nmpr,pers,A:person-candidate,Torah
23398,1415640,432335,Genesis,41,56,יוסף,nmpr,pers,A:person-candidate,Torah
23406,1415640,432337,Genesis,41,56,מצרים,nmpr,topo,F:unclassified-name,Torah
23413,1415640,432338,Genesis,41,56,מצרים,nmpr,topo,F:unclassified-name,Torah
23419,1415641,432339,Genesis,41,57,מצרים,nmpr,topo,F:unclassified-name,Torah
23422,1415641,432340,Genesis,41,57,אל,prep,,C:divine-title-candidate,Torah
23423,1415641,432340,Genesis,41,57,יוסף,nmpr,pers,A:person-candidate,Torah
23434,1415642,432342,Genesis,42,1,יעקב,nmpr,pers,A:person-candidate,Torah
23439,1415642,432343,Genesis,42,1,מצרים,nmpr,topo,F:unclassified-name,Torah
23442,1415642,432344,Genesis,42,1,יעקב,nmpr,pers,A:person-candidate,Torah
23455,1415643,432348,Genesis,42,2,מצרים,nmpr,topo,F:unclassified-name,Torah
23471,1415644,432353,Genesis,42,3,יוסף,nmpr,pers,A:person-candidate,Torah
23477,1415644,432354,Genesis,42,3,מצרים,nmpr,topo,F:unclassified-name,Torah
23480,1415645,432355,Genesis,42,4,בנימן,nmpr,"pers,gens,topo",F:unclassified-name,Torah
23482,1415645,432355,Genesis,42,4,יוסף,nmpr,pers,A:person-candidate,Torah
23485,1415645,432355,Genesis,42,4,יעקב,nmpr,pers,A:person-candidate,Torah
23496,1415646,432358,Genesis,42,5,ישראל,nmpr,"pers,gens,topo",F:unclassified-name,Torah
23509,1415646,432361,Genesis,42,5,כנען,nmpr,"pers,gens,topo",F:unclassified-name,Torah
23511,1415647,432362,Genesis,42,6,יוסף,nmpr,pers,A:person-candidate,Torah
23529,1415647,432366,Genesis,42,6,יוסף,nmpr,pers,A:person-candidate,Torah
23537,1415648,432369,Genesis,42,7,יוסף,nmpr,pers,A:person-candidate,Torah
23544,1415648,432371,Genesis,42,7,אל,prep,,C:divine-title-candidate,Torah
23551,1415648,432373,Genesis,42,7,אל,prep,,C:divine-title-candidate,Torah
23559,1415648,432376,Genesis,42,7,כנען,nmpr,"pers,gens,topo",F:unclassified-name,Torah
23565,1415649,432378,Genesis,42,8,יוסף,nmpr,pers,A:person-candidate,Torah
23574,1415650,432380,Genesis,42,9,יוסף,nmpr,pers,A:person-candidate,Torah
23583,1415650,432382,Genesis,42,9,אל,prep,,C:divine-title-candidate,Torah
23595,1415651,432386,Genesis,42,10,אל,prep,,C:divine-title-candidate,Torah
23617,1415653,432395,Genesis,42,12,אל,prep,,C:divine-title-candidate,Torah
23638,1415654,432402,Genesis,42,13,כנען,nmpr,"pers,gens,topo",F:unclassified-name,Torah
23653,1415655,432406,Genesis,42,14,אל,prep,,C:divine-title-candidate,Torah
23654,1415655,432406,Genesis,42,14,יוסף,nmpr,pers,A:person-candidate,Torah
23658,1415655,432408,Genesis,42,14,אל,prep,,C:divine-title-candidate,Torah
23707,1415658,432424,Genesis,42,17,אל,prep,,C:divine-title-candidate,Torah
23713,1415659,432425,Genesis,42,18,אל,prep,,C:divine-title-candidate,Torah
23714,1415659,432425,Genesis,42,18,יוסף,nmpr,pers,A:person-candidate,Torah
23726,1415659,432428,Genesis,42,18,אלהים,subs,,D:Elohim,Torah
23751,1415661,432433,Genesis,42,20,אל,prep,,C:divine-title-candidate,Torah
23764,1415662,432438,Genesis,42,21,אל,prep,,C:divine-title-candidate,Torah
23777,1415662,432441,Genesis,42,21,אל,prep,,C:divine-title-candidate,Torah
23784,1415662,432443,Genesis,42,21,אל,prep,,C:divine-title-candidate,Torah
23791,1415663,432444,Genesis,42,22,ראובן,nmpr,"pers,gens,topo",F:unclassified-name,Torah
23798,1415663,432446,Genesis,42,22,אל,prep,,C:divine-title-candidate,Torah
23801,1415663,432448,Genesis,42,22,אל,nega,,C:divine-title-candidate,Torah
23820,1415664,432453,Genesis,42,23,יוסף,nmpr,pers,A:person-candidate,Torah
23833,1415665,432457,Genesis,42,24,אל,prep,,C:divine-title-candidate,Torah
23836,1415665,432458,Genesis,42,24,אל,prep,,C:divine-title-candidate,Torah
23842,1415665,432459,Genesis,42,24,שמעון,nmpr,"pers,gens,topo",F:unclassified-name,Torah
23850,1415666,432461,Genesis,42,25,יוסף,nmpr,pers,A:person-candidate,Torah
23861,1415666,432464,Genesis,42,25,אל,prep,,C:divine-title-candidate,Torah
23911,1415669,432473,Genesis,42,28,אל,prep,,C:divine-title-candidate,Torah
23926,1415669,432478,Genesis,42,28,אל,prep,,C:divine-title-candidate,Torah
23933,1415669,432480,Genesis,42,28,אלהים,subs,,D:Elohim,Torah
23937,1415670,432481,Genesis,42,29,אל,prep,,C:divine-title-candidate,Torah
23938,1415670,432481,Genesis,42,29,יעקב,nmpr,pers,A:person-candidate,Torah
23941,1415670,432481,Genesis,42,29,כנען,nmpr,"pers,gens,topo",F:unclassified-name,Torah
23970,1415672,432488,Genesis,42,31,אל,prep,,C:divine-title-candidate,Torah
23994,1415673,432496,Genesis,42,32,כנען,nmpr,"pers,gens,topo",F:unclassified-name,Torah
23997,1415674,432497,Genesis,42,33,אל,prep,,C:divine-title-candidate,Torah
24027,1415675,432503,Genesis,42,34,אל,prep,,C:divine-title-candidate,Torah
24070,1415677,432514,Genesis,42,36,אל,prep,,C:divine-title-candidate,Torah
24071,1415677,432514,Genesis,42,36,יעקב,nmpr,pers,A:person-candidate,Torah
24075,1415677,432516,Genesis,42,36,יוסף,nmpr,pers,A:person-candidate,Torah
24078,1415677,432518,Genesis,42,36,שמעון,nmpr,"pers,gens,topo",F:unclassified-name,Torah
24082,1415677,432520,Genesis,42,36,בנימן,nmpr,"pers,gens,topo",F:unclassified-name,Torah
24089,1415678,432522,Genesis,42,37,ראובן,nmpr,"pers,gens,topo",F:unclassified-name,Torah
24090,1415678,432522,Genesis,42,37,אל,prep,,C:divine-title-candidate,Torah
24101,1415678,432525,Genesis,42,37,אל,prep,,C:divine-title-candidate,Torah
24109,1415678,432527,Genesis,42,37,אל,prep,,C:divine-title-candidate,Torah
24139,1415679,432534,Genesis,42,38,שאול,subs,,A:person-candidate,Torah
24160,1415681,432539,Genesis,43,2,מצרים,nmpr,topo,F:unclassified-name,Torah
24163,1415681,432540,Genesis,43,2,אל,prep,,C:divine-title-candidate,Torah
24172,1415682,432543,Genesis,43,3,אל,prep,,C:divine-title-candidate,Torah
24173,1415682,432543,Genesis,43,3,יהודה,nmpr,"pers,gens,topo",F:unclassified-name,Torah
24210,1415684,432554,Genesis,43,5,אל,prep,,C:divine-title-candidate,Torah
24219,1415685,432557,Genesis,43,6,ישראל,nmpr,"pers,gens,topo",F:unclassified-name,Torah
24271,1415687,432570,Genesis,43,8,יהודה,nmpr,"pers,gens,topo",F:unclassified-name,Torah
24272,1415687,432570,Genesis,43,8,אל,prep,,C:divine-title-candidate,Torah
24273,1415687,432570,Genesis,43,8,ישראל,nmpr,"pers,gens,topo",F:unclassified-name,Torah
24302,1415688,432578,Genesis,43,9,אל,prep,,C:divine-title-candidate,Torah
24323,1415690,432583,Genesis,43,11,אל,prep,,C:divine-title-candidate,Torah
24324,1415690,432583,Genesis,43,11,ישראל,nmpr,"pers,gens,topo",F:unclassified-name,Torah
24383,1415692,432594,Genesis,43,13,אל,prep,,C:divine-title-candidate,Torah
24387,1415693,432595,Genesis,43,14,אל,subs,,C:divine-title-candidate,Torah
24388,1415693,432595,Genesis,43,14,שדי,nmpr,pers,C:divine-title-candidate,Torah
24404,1415693,432596,Genesis,43,14,בנימן,nmpr,"pers,gens,topo",F:unclassified-name,Torah
24428,1415694,432602,Genesis,43,15,בנימן,nmpr,"pers,gens,topo",F:unclassified-name,Torah
24433,1415694,432604,Genesis,43,15,מצרים,nmpr,topo,F:unclassified-name,Torah
24438,1415694,432605,Genesis,43,15,יוסף,nmpr,pers,A:person-candidate,Torah
24441,1415695,432606,Genesis,43,16,יוסף,nmpr,pers,A:person-candidate,Torah
24444,1415695,432606,Genesis,43,16,בנימן,nmpr,"pers,gens,topo",F:unclassified-name,Torah
24477,1415696,432614,Genesis,43,17,יוסף,nmpr,pers,A:person-candidate,Torah
24486,1415696,432615,Genesis,43,17,יוסף,nmpr,pers,A:person-candidate,Torah
24494,1415697,432617,Genesis,43,18,יוסף,nmpr,pers,A:person-candidate,Torah
24528,1415698,432624,Genesis,43,19,אל,prep,,C:divine-title-candidate,Torah
24534,1415698,432625,Genesis,43,19,יוסף,nmpr,pers,A:person-candidate,Torah
24537,1415698,432626,Genesis,43,19,אל,prep,,C:divine-title-candidate,Torah
24557,1415700,432632,Genesis,43,21,אל,prep,,C:divine-title-candidate,Torah
24599,1415702,432643,Genesis,43,23,אל,nega,,C:divine-title-candidate,Torah
24601,1415702,432644,Genesis,43,23,אלהים,subs,,D:Elohim,Torah
24603,1415702,432644,Genesis,43,23,אלהים,subs,,D:Elohim,Torah
24612,1415702,432645,Genesis,43,23,אל,prep,,C:divine-title-candidate,Torah
24615,1415702,432646,Genesis,43,23,אל,prep,,C:divine-title-candidate,Torah
24617,1415702,432646,Genesis,43,23,שמעון,nmpr,"pers,gens,topo",F:unclassified-name,Torah
24626,1415703,432647,Genesis,43,24,יוסף,nmpr,pers,A:person-candidate,Torah
24645,1415704,432652,Genesis,43,25,יוסף,nmpr,pers,A:person-candidate,Torah
24657,1415705,432655,Genesis,43,26,יוסף,nmpr,pers,A:person-candidate,Torah
24711,1415708,432670,Genesis,43,29,בנימן,nmpr,"pers,gens,topo",F:unclassified-name,Torah
24724,1415708,432673,Genesis,43,29,אל,prep,,C:divine-title-candidate,Torah
24727,1415708,432675,Genesis,43,29,אלהים,subs,,D:Elohim,Torah
24732,1415709,432677,Genesis,43,30,יוסף,nmpr,pers,A:person-candidate,Torah
24736,1415709,432678,Genesis,43,30,אל,prep,,C:divine-title-candidate,Torah
24793,1415711,432694,Genesis,43,32,מצרים,nmpr,topo,F:unclassified-name,Torah
24812,1415712,432699,Genesis,43,33,אל,prep,,C:divine-title-candidate,Torah
24820,1415713,432700,Genesis,43,34,אל,prep,,C:divine-title-candidate,Torah
24824,1415713,432701,Genesis,43,34,בנימן,nmpr,"pers,gens,topo",F:unclassified-name,Torah
24880,1415715,432713,Genesis,44,2,יוסף,nmpr,pers,A:person-candidate,Torah
24901,1415717,432719,Genesis,44,4,יוסף,nmpr,pers,A:person-candidate,Torah
24916,1415717,432724,Genesis,44,4,אל,prep,,C:divine-title-candidate,Torah
24941,1415719,432732,Genesis,44,6,אל,prep,,C:divine-title-candidate,Torah
24949,1415720,432733,Genesis,44,7,אל,prep,,C:divine-title-candidate,Torah
24976,1415721,432737,Genesis,44,8,אל,prep,,C:divine-title-candidate,Torah
24979,1415721,432737,Genesis,44,8,כנען,nmpr,"pers,gens,topo",F:unclassified-name,Torah
25051,1415725,432758,Genesis,44,12,בנימן,nmpr,"pers,gens,topo",F:unclassified-name,Torah
25066,1415727,432763,Genesis,44,14,יהודה,nmpr,"pers,gens,topo",F:unclassified-name,Torah
25070,1415727,432763,Genesis,44,14,יוסף,nmpr,pers,A:person-candidate,Torah
25083,1415728,432767,Genesis,44,15,יוסף,nmpr,pers,A:person-candidate,Torah
25102,1415729,432773,Genesis,44,16,יהודה,nmpr,"pers,gens,topo",F:unclassified-name,Torah
25113,1415729,432777,Genesis,44,16,אלהים,subs,,D:Elohim,Torah
25155,1415730,432787,Genesis,44,17,אל,prep,,C:divine-title-candidate,Torah
25159,1415731,432788,Genesis,44,18,אל,prep,,C:divine-title-candidate,Torah
25160,1415731,432788,Genesis,44,18,יהודה,nmpr,"pers,gens,topo",F:unclassified-name,Torah
25173,1415731,432792,Genesis,44,18,אל,nega,,C:divine-title-candidate,Torah
25196,1415733,432797,Genesis,44,20,אל,prep,,C:divine-title-candidate,Torah
25221,1415734,432802,Genesis,44,21,אל,prep,,C:divine-title-candidate,Torah
25224,1415734,432803,Genesis,44,21,אל,prep,,C:divine-title-candidate,Torah
25231,1415735,432805,Genesis,44,22,אל,prep,,C:divine-title-candidate,Torah
25249,1415736,432810,Genesis,44,23,אל,prep,,C:divine-title-candidate,Torah
25267,1415737,432815,Genesis,44,24,אל,prep,,C:divine-title-candidate,Torah
25316,1415740,432829,Genesis,44,27,אל,prep,,C:divine-title-candidate,Torah
25357,1415742,432838,Genesis,44,29,שאול,subs,,A:person-candidate,Torah
25362,1415743,432840,Genesis,44,30,אל,prep,,C:divine-title-candidate,Torah
25394,1415744,432848,Genesis,44,31,שאול,subs,,A:person-candidate,Torah
25409,1415745,432851,Genesis,44,32,אל,prep,,C:divine-title-candidate,Torah
25437,1415747,432856,Genesis,44,34,אל,prep,,C:divine-title-candidate,Torah
25456,1415748,432861,Genesis,45,1,יוסף,nmpr,pers,A:person-candidate,Torah
25478,1415748,432867,Genesis,45,1,יוסף,nmpr,pers,A:person-candidate,Torah
25479,1415748,432867,Genesis,45,1,אל,prep,,C:divine-title-candidate,Torah
25489,1415749,432869,Genesis,45,2,מצרים,nmpr,topo,F:unclassified-name,Torah
25496,1415750,432871,Genesis,45,3,יוסף,nmpr,pers,A:person-candidate,Torah
25497,1415750,432871,Genesis,45,3,אל,prep,,C:divine-title-candidate,Torah
25500,1415750,432872,Genesis,45,3,יוסף,nmpr,pers,A:person-candidate,Torah
25518,1415751,432877,Genesis,45,4,יוסף,nmpr,pers,A:person-candidate,Torah
25519,1415751,432877,Genesis,45,4,אל,prep,,C:divine-title-candidate,Torah
25523,1415751,432878,Genesis,45,4,אל,prep,,C:divine-title-candidate,Torah
25529,1415751,432881,Genesis,45,4,יוסף,nmpr,pers,A:person-candidate,Torah
25534,1415751,432882,Genesis,45,4,מצרים,nmpr,topo,F:unclassified-name,Torah
25537,1415752,432884,Genesis,45,5,אל,nega,,C:divine-title-candidate,Torah
25540,1415752,432885,Genesis,45,5,אל,nega,,C:divine-title-candidate,Torah
25552,1415752,432887,Genesis,45,5,אלהים,subs,,D:Elohim,Torah
25575,1415754,432891,Genesis,45,7,אלהים,subs,,D:Elohim,Torah
25601,1415755,432896,Genesis,45,8,אלהים,subs,,D:Elohim,Torah
25619,1415755,432898,Genesis,45,8,מצרים,nmpr,topo,F:unclassified-name,Torah
25623,1415756,432900,Genesis,45,9,אל,prep,,C:divine-title-candidate,Torah
25627,1415756,432901,Genesis,45,9,אל,prep,,C:divine-title-candidate,Torah
25631,1415756,432902,Genesis,45,9,יוסף,nmpr,pers,A:person-candidate,Torah
25633,1415756,432903,Genesis,45,9,אלהים,subs,,D:Elohim,Torah
25638,1415756,432903,Genesis,45,9,מצרים,nmpr,topo,F:unclassified-name,Torah
25640,1415756,432904,Genesis,45,9,אל,prep,,C:divine-title-candidate,Torah
25641,1415756,432905,Genesis,45,9,אל,nega,,C:divine-title-candidate,Torah
25647,1415757,432906,Genesis,45,10,גשן,nmpr,topo,F:unclassified-name,Torah
25651,1415757,432907,Genesis,45,10,אל,prep,,C:divine-title-candidate,Torah
25691,1415759,432913,Genesis,45,12,בנימן,nmpr,"pers,gens,topo",F:unclassified-name,Torah
25696,1415759,432915,Genesis,45,12,אל,prep,,C:divine-title-candidate,Torah
25705,1415760,432916,Genesis,45,13,מצרים,nmpr,topo,F:unclassified-name,Torah
25722,1415761,432920,Genesis,45,14,בנימן,nmpr,"pers,gens,topo",F:unclassified-name,Torah
25727,1415761,432922,Genesis,45,14,בנימן,nmpr,"pers,gens,topo",F:unclassified-name,Torah
25755,1415763,432928,Genesis,45,16,יוסף,nmpr,pers,A:person-candidate,Torah
25768,1415764,432930,Genesis,45,17,אל,prep,,C:divine-title-candidate,Torah
25769,1415764,432930,Genesis,45,17,יוסף,nmpr,pers,A:person-candidate,Torah
25771,1415764,432931,Genesis,45,17,אל,prep,,C:divine-title-candidate,Torah
25782,1415764,432935,Genesis,45,17,כנען,nmpr,"pers,gens,topo",F:unclassified-name,Torah
25792,1415765,432937,Genesis,45,18,אל,prep,,C:divine-title-candidate,Torah
25799,1415765,432938,Genesis,45,18,מצרים,nmpr,topo,F:unclassified-name,Torah
25815,1415766,432942,Genesis,45,19,מצרים,nmpr,topo,F:unclassified-name,Torah
25830,1415767,432945,Genesis,45,20,אל,nega,,C:divine-title-candidate,Torah
25838,1415767,432946,Genesis,45,20,מצרים,nmpr,topo,F:unclassified-name,Torah
25845,1415768,432948,Genesis,45,21,ישראל,nmpr,"pers,gens,topo",F:unclassified-name,Torah
25849,1415768,432949,Genesis,45,21,יוסף,nmpr,pers,A:person-candidate,Torah
25871,1415769,432952,Genesis,45,22,בנימן,nmpr,"pers,gens,topo",F:unclassified-name,Torah
25891,1415770,432954,Genesis,45,23,מצרים,nmpr,topo,F:unclassified-name,Torah
25914,1415771,432958,Genesis,45,24,אל,prep,,C:divine-title-candidate,Torah
25915,1415771,432959,Genesis,45,24,אל,nega,,C:divine-title-candidate,Torah
25923,1415772,432960,Genesis,45,25,מצרים,nmpr,topo,F:unclassified-name,Torah
25927,1415772,432961,Genesis,45,25,כנען,nmpr,"pers,gens,topo",F:unclassified-name,Torah
25928,1415772,432961,Genesis,45,25,אל,prep,,C:divine-title-candidate,Torah
25929,1415772,432961,Genesis,45,25,יעקב,nmpr,pers,A:person-candidate,Torah
25937,1415773,432964,Genesis,45,26,יוסף,nmpr,pers,A:person-candidate,Torah
25946,1415773,432965,Genesis,45,26,מצרים,nmpr,topo,F:unclassified-name,Torah
25956,1415774,432968,Genesis,45,27,אל,prep,,C:divine-title-candidate,Torah
25960,1415774,432968,Genesis,45,27,יוסף,nmpr,pers,A:person-candidate,Torah
25963,1415774,432969,Genesis,45,27,אל,prep,,C:divine-title-candidate,Torah
25971,1415774,432971,Genesis,45,27,יוסף,nmpr,pers,A:person-candidate,Torah
25978,1415774,432973,Genesis,45,27,יעקב,nmpr,pers,A:person-candidate,Torah
25982,1415775,432974,Genesis,45,28,ישראל,nmpr,"pers,gens,topo",F:unclassified-name,Torah
25985,1415775,432976,Genesis,45,28,יוסף,nmpr,pers,A:person-candidate,Torah
25996,1415776,432980,Genesis,46,1,ישראל,nmpr,"pers,gens,topo",F:unclassified-name,Torah
26004,1415776,432982,Genesis,46,1,שבע,nmpr,topo,F:unclassified-name,Torah
26009,1415776,432983,Genesis,46,1,אלהים,subs,,D:Elohim,Torah
26011,1415776,432983,Genesis,46,1,יצחק,nmpr,pers,A:person-candidate,Torah
26014,1415777,432984,Genesis,46,2,אלהים,subs,,D:Elohim,Torah
26016,1415777,432984,Genesis,46,2,ישראל,nmpr,"pers,gens,topo",F:unclassified-name,Torah
26023,1415777,432986,Genesis,46,2,יעקב,nmpr,pers,A:person-candidate,Torah
26024,1415777,432986,Genesis,46,2,יעקב,nmpr,pers,A:person-candidate,Torah
26032,1415778,432990,Genesis,46,3,אל,subs,,C:divine-title-candidate,Torah
26033,1415778,432990,Genesis,46,3,אלהים,subs,,D:Elohim,Torah
26035,1415778,432991,Genesis,46,3,אל,nega,,C:divine-title-candidate,Torah
26039,1415778,432992,Genesis,46,3,מצרים,nmpr,topo,F:unclassified-name,Torah
26049,1415779,432994,Genesis,46,4,מצרים,nmpr,topo,F:unclassified-name,Torah
26056,1415779,432996,Genesis,46,4,יוסף,nmpr,pers,A:person-candidate,Torah
26063,1415780,432997,Genesis,46,5,יעקב,nmpr,pers,A:person-candidate,Torah
26066,1415780,432997,Genesis,46,5,שבע,nmpr,topo,F:unclassified-name,Torah
26070,1415780,432998,Genesis,46,5,ישראל,nmpr,"pers,gens,topo",F:unclassified-name,Torah
26072,1415780,432998,Genesis,46,5,יעקב,nmpr,pers,A:person-candidate,Torah
26100,1415781,433002,Genesis,46,6,כנען,nmpr,"pers,gens,topo",F:unclassified-name,Torah
26103,1415781,433003,Genesis,46,6,מצרים,nmpr,topo,F:unclassified-name,Torah
26104,1415781,433003,Genesis,46,6,יעקב,nmpr,pers,A:person-candidate,Torah
26123,1415782,433004,Genesis,46,7,מצרים,nmpr,topo,F:unclassified-name,Torah
26128,1415783,433005,Genesis,46,8,ישראל,nmpr,"pers,gens,topo",F:unclassified-name,Torah
26131,1415783,433006,Genesis,46,8,מצרים,nmpr,topo,F:unclassified-name,Torah
26132,1415783,433007,Genesis,46,8,יעקב,nmpr,pers,A:person-candidate,Torah
26136,1415783,433008,Genesis,46,8,יעקב,nmpr,pers,A:person-candidate,Torah
26137,1415783,433008,Genesis,46,8,ראובן,nmpr,"pers,gens,topo",F:unclassified-name,Torah
26140,1415784,433009,Genesis,46,9,ראובן,nmpr,"pers,gens,topo",F:unclassified-name,Torah
26141,1415784,433009,Genesis,46,9,חנוך,nmpr,pers,A:person-candidate,Torah
26143,1415784,433009,Genesis,46,9,פלוא,nmpr,pers,A:person-candidate,Torah
26145,1415784,433009,Genesis,46,9,חצרון,nmpr,pers,A:person-candidate,Torah
26147,1415784,433009,Genesis,46,9,כרמי,nmpr,pers,A:person-candidate,Torah
26150,1415785,433010,Genesis,46,10,שמעון,nmpr,"pers,gens,topo",F:unclassified-name,Torah
26151,1415785,433010,Genesis,46,10,ימואל,nmpr,pers,A:person-candidate,Torah
26153,1415785,433010,Genesis,46,10,ימין,nmpr,pers,A:person-candidate,Torah
26155,1415785,433010,Genesis,46,10,אהד,nmpr,pers,A:person-candidate,Torah
26157,1415785,433010,Genesis,46,10,יכין,nmpr,pers,A:person-candidate,Torah
26159,1415785,433010,Genesis,46,10,צחר,nmpr,pers,A:person-candidate,Torah
26161,1415785,433010,Genesis,46,10,שאול,nmpr,pers,A:person-candidate,Torah
26167,1415786,433011,Genesis,46,11,לוי,nmpr,"pers,gens",F:unclassified-name,Torah
26168,1415786,433011,Genesis,46,11,גרשון,nmpr,pers,A:person-candidate,Torah
26169,1415786,433011,Genesis,46,11,קהת,nmpr,pers,A:person-candidate,Torah
26171,1415786,433011,Genesis,46,11,מררי,nmpr,pers,A:person-candidate,Torah
26174,1415787,433012,Genesis,46,12,יהודה,nmpr,"pers,gens,topo",F:unclassified-name,Torah
26175,1415787,433012,Genesis,46,12,ער,nmpr,pers,A:person-candidate,Torah
26177,1415787,433012,Genesis,46,12,אונן,nmpr,pers,A:person-candidate,Torah
26179,1415787,433012,Genesis,46,12,שלה,nmpr,pers,A:person-candidate,Torah
26181,1415787,433012,Genesis,46,12,פרץ,nmpr,pers,A:person-candidate,Torah
26183,1415787,433012,Genesis,46,12,זרח,nmpr,pers,A:person-candidate,Torah
26186,1415787,433013,Genesis,46,12,ער,nmpr,pers,A:person-candidate,Torah
26188,1415787,433013,Genesis,46,12,אונן,nmpr,pers,A:person-candidate,Torah
26191,1415787,433013,Genesis,46,12,כנען,nmpr,"pers,gens,topo",F:unclassified-name,Torah
26195,1415787,433014,Genesis,46,12,פרץ,nmpr,pers,A:person-candidate,Torah
26196,1415787,433014,Genesis,46,12,חצרון,nmpr,pers,A:person-candidate,Torah
26198,1415787,433014,Genesis,46,12,חמול,nmpr,pers,A:person-candidate,Torah
26201,1415788,433015,Genesis,46,13,יששכר,nmpr,"pers,gens,topo",F:unclassified-name,Torah
26202,1415788,433015,Genesis,46,13,תולע,nmpr,pers,A:person-candidate,Torah
26204,1415788,433015,Genesis,46,13,פוה,nmpr,pers,A:person-candidate,Torah
26206,1415788,433015,Genesis,46,13,יוב,nmpr,pers,A:person-candidate,Torah
26208,1415788,433015,Genesis,46,13,שמרון,nmpr,pers,A:person-candidate,Torah
26211,1415789,433016,Genesis,46,14,זבולן,nmpr,"pers,gens,topo",F:unclassified-name,Torah
26212,1415789,433016,Genesis,46,14,סרד,nmpr,pers,A:person-candidate,Torah
26214,1415789,433016,Genesis,46,14,אלון,nmpr,pers,A:person-candidate,Torah
26216,1415789,433016,Genesis,46,14,יחלאל,nmpr,pers,A:person-candidate,Torah
26219,1415790,433017,Genesis,46,15,לאה,nmpr,pers,A:person-candidate,Torah
26223,1415790,433018,Genesis,46,15,יעקב,nmpr,pers,A:person-candidate,Torah
26226,1415790,433018,Genesis,46,15,ארם,nmpr,topo,F:unclassified-name,Torah
26229,1415790,433019,Genesis,46,15,דינה,nmpr,pers,A:person-candidate,Torah
26241,1415791,433021,Genesis,46,16,גד,nmpr,"pers,gens,topo",B:deity-candidate,Torah
26242,1415791,433021,Genesis,46,16,צפיון,nmpr,pers,A:person-candidate,Torah
26244,1415791,433021,Genesis,46,16,חגי,nmpr,pers,A:person-candidate,Torah
26245,1415791,433021,Genesis,46,16,שוני,nmpr,pers,A:person-candidate,Torah
26247,1415791,433021,Genesis,46,16,אצבון,nmpr,pers,A:person-candidate,Torah
26248,1415791,433021,Genesis,46,16,ערי,nmpr,pers,A:person-candidate,Torah
26250,1415791,433021,Genesis,46,16,ארודי,nmpr,pers,A:person-candidate,Torah
26252,1415791,433021,Genesis,46,16,אראלי,nmpr,pers,A:person-candidate,Torah
26255,1415792,433022,Genesis,46,17,אשר,nmpr,"pers,gens,topo",F:unclassified-name,Torah
26256,1415792,433022,Genesis,46,17,ימנה,nmpr,pers,A:person-candidate,Torah
26258,1415792,433022,Genesis,46,17,ישוה,nmpr,pers,A:person-candidate,Torah
26260,1415792,433022,Genesis,46,17,ישוי,nmpr,pers,A:person-candidate,Torah
26262,1415792,433022,Genesis,46,17,בריעה,nmpr,pers,A:person-candidate,Torah
26264,1415792,433022,Genesis,46,17,שרח,nmpr,pers,A:person-candidate,Torah
26268,1415792,433023,Genesis,46,17,בריעה,nmpr,pers,A:person-candidate,Torah
26269,1415792,433023,Genesis,46,17,חבר,nmpr,pers,A:person-candidate,Torah
26271,1415792,433023,Genesis,46,17,מלכיאל,nmpr,pers,A:person-candidate,Torah
26274,1415793,433024,Genesis,46,18,זלפה,nmpr,gens,F:unclassified-name,Torah
26277,1415793,433025,Genesis,46,18,לבן,nmpr,pers,A:person-candidate,Torah
26279,1415793,433025,Genesis,46,18,לאה,nmpr,pers,A:person-candidate,Torah
26286,1415793,433026,Genesis,46,18,יעקב,nmpr,pers,A:person-candidate,Torah
26291,1415794,433027,Genesis,46,19,רחל,nmpr,pers,A:person-candidate,Torah
26293,1415794,433027,Genesis,46,19,יעקב,nmpr,pers,A:person-candidate,Torah
26294,1415794,433027,Genesis,46,19,יוסף,nmpr,pers,A:person-candidate,Torah
26296,1415794,433027,Genesis,46,19,בנימן,nmpr,"pers,gens,topo",F:unclassified-name,Torah
26300,1415795,433028,Genesis,46,20,יוסף,nmpr,pers,A:person-candidate,Torah
26303,1415795,433028,Genesis,46,20,מצרים,nmpr,topo,F:unclassified-name,Torah
26307,1415795,433029,Genesis,46,20,אסנת,nmpr,pers,A:person-candidate,Torah
26309,1415795,433029,Genesis,46,20,פוטי פרע,nmpr,pers,A:person-candidate,Torah
26311,1415795,433029,Genesis,46,20,אן,nmpr,topo,F:unclassified-name,Torah
26313,1415795,433030,Genesis,46,20,מנשה,nmpr,"pers,gens",F:unclassified-name,Torah
26316,1415795,433030,Genesis,46,20,אפרים,nmpr,"pers,gens,topo",F:unclassified-name,Torah
26319,1415796,433031,Genesis,46,21,בנימן,nmpr,"pers,gens,topo",F:unclassified-name,Torah
26320,1415796,433031,Genesis,46,21,בלע,nmpr,pers,A:person-candidate,Torah
26322,1415796,433031,Genesis,46,21,בכר,nmpr,pers,A:person-candidate,Torah
26324,1415796,433031,Genesis,46,21,אשבל,nmpr,pers,A:person-candidate,Torah
26325,1415796,433031,Genesis,46,21,גרא,nmpr,pers,A:person-candidate,Torah
26327,1415796,433031,Genesis,46,21,נעמן,nmpr,pers,A:person-candidate,Torah
26328,1415796,433031,Genesis,46,21,אחי,nmpr,pers,A:person-candidate,Torah
26330,1415796,433031,Genesis,46,21,ראש,nmpr,pers,A:person-candidate,Torah
26331,1415796,433031,Genesis,46,21,מפים,nmpr,pers,A:person-candidate,Torah
26333,1415796,433031,Genesis,46,21,חפים,nmpr,pers,A:person-candidate,Torah
26335,1415796,433031,Genesis,46,21,ארד,nmpr,pers,A:person-candidate,Torah
26338,1415797,433032,Genesis,46,22,רחל,nmpr,pers,A:person-candidate,Torah
26342,1415797,433033,Genesis,46,22,יעקב,nmpr,pers,A:person-candidate,Torah
26349,1415798,433035,Genesis,46,23,דן,nmpr,"pers,gens,topo",F:unclassified-name,Torah
26350,1415798,433035,Genesis,46,23,חושים,nmpr,pers,A:person-candidate,Torah
26353,1415799,433036,Genesis,46,24,נפתלי,nmpr,"pers,gens,topo",F:unclassified-name,Torah
26354,1415799,433036,Genesis,46,24,יחצאל,nmpr,pers,A:person-candidate,Torah
26356,1415799,433036,Genesis,46,24,גוני,nmpr,pers,A:person-candidate,Torah
26358,1415799,433036,Genesis,46,24,יצר,nmpr,pers,A:person-candidate,Torah
26360,1415799,433036,Genesis,46,24,שלם,nmpr,pers,A:person-candidate,Torah
26363,1415800,433037,Genesis,46,25,בלהה,nmpr,pers,A:person-candidate,Torah
26366,1415800,433038,Genesis,46,25,לבן,nmpr,pers,A:person-candidate,Torah
26368,1415800,433038,Genesis,46,25,רחל,nmpr,pers,A:person-candidate,Torah
26375,1415800,433039,Genesis,46,25,יעקב,nmpr,pers,A:person-candidate,Torah
26385,1415801,433042,Genesis,46,26,יעקב,nmpr,pers,A:person-candidate,Torah
26386,1415801,433042,Genesis,46,26,מצרים,nmpr,topo,F:unclassified-name,Torah
26394,1415801,433041,Genesis,46,26,יעקב,nmpr,pers,A:person-candidate,Torah
26402,1415802,433045,Genesis,46,27,יוסף,nmpr,pers,A:person-candidate,Torah
26407,1415802,433046,Genesis,46,27,מצרים,nmpr,topo,F:unclassified-name,Torah
26415,1415802,433047,Genesis,46,27,יעקב,nmpr,pers,A:person-candidate,Torah
26418,1415802,433048,Genesis,46,27,מצרים,nmpr,topo,F:unclassified-name,Torah
26422,1415803,433049,Genesis,46,28,יהודה,nmpr,"pers,gens,topo",F:unclassified-name,Torah
26426,1415803,433049,Genesis,46,28,אל,prep,,C:divine-title-candidate,Torah
26427,1415803,433049,Genesis,46,28,יוסף,nmpr,pers,A:person-candidate,Torah
26432,1415803,433050,Genesis,46,28,גשן,nmpr,topo,F:unclassified-name,Torah
26436,1415803,433051,Genesis,46,28,גשן,nmpr,topo,F:unclassified-name,Torah
26439,1415804,433052,Genesis,46,29,יוסף,nmpr,pers,A:person-candidate,Torah
26445,1415804,433054,Genesis,46,29,ישראל,nmpr,"pers,gens,topo",F:unclassified-name,Torah
26447,1415804,433053,Genesis,46,29,גשן,nmpr,topo,F:unclassified-name,Torah
26450,1415804,433055,Genesis,46,29,אל,prep,,C:divine-title-candidate,Torah
26462,1415805,433058,Genesis,46,30,ישראל,nmpr,"pers,gens,topo",F:unclassified-name,Torah
26463,1415805,433058,Genesis,46,30,אל,prep,,C:divine-title-candidate,Torah
26464,1415805,433058,Genesis,46,30,יוסף,nmpr,pers,A:person-candidate,Torah
26477,1415806,433062,Genesis,46,31,יוסף,nmpr,pers,A:person-candidate,Torah
26478,1415806,433062,Genesis,46,31,אל,prep,,C:divine-title-candidate,Torah
26481,1415806,433062,Genesis,46,31,אל,prep,,C:divine-title-candidate,Torah
26491,1415806,433065,Genesis,46,31,אל,prep,,C:divine-title-candidate,Torah
26499,1415806,433067,Genesis,46,31,כנען,nmpr,"pers,gens,topo",F:unclassified-name,Torah
26501,1415806,433066,Genesis,46,31,אל,prep,,C:divine-title-candidate,Torah
26550,1415809,433078,Genesis,46,34,גשן,nmpr,topo,F:unclassified-name,Torah
26553,1415809,433079,Genesis,46,34,מצרים,nmpr,topo,F:unclassified-name,Torah
26559,1415810,433081,Genesis,47,1,יוסף,nmpr,pers,A:person-candidate,Torah
26580,1415810,433084,Genesis,47,1,כנען,nmpr,"pers,gens,topo",F:unclassified-name,Torah
26585,1415810,433086,Genesis,47,1,גשן,nmpr,topo,F:unclassified-name,Torah
26601,1415812,433089,Genesis,47,3,אל,prep,,C:divine-title-candidate,Torah
26607,1415812,433091,Genesis,47,3,אל,prep,,C:divine-title-candidate,Torah
26618,1415813,433093,Genesis,47,4,אל,prep,,C:divine-title-candidate,Torah
26641,1415813,433098,Genesis,47,4,כנען,nmpr,"pers,gens,topo",F:unclassified-name,Torah
26649,1415813,433100,Genesis,47,4,גשן,nmpr,topo,F:unclassified-name,Torah
26653,1415814,433101,Genesis,47,5,אל,prep,,C:divine-title-candidate,Torah
26654,1415814,433101,Genesis,47,5,יוסף,nmpr,pers,A:person-candidate,Torah
26661,1415814,433103,Genesis,47,5,אל,prep,,C:divine-title-candidate,Torah
26663,1415815,433104,Genesis,47,6,מצרים,nmpr,topo,F:unclassified-name,Torah
26680,1415815,433107,Genesis,47,6,גשן,nmpr,topo,F:unclassified-name,Torah
26698,1415816,433112,Genesis,47,7,יוסף,nmpr,pers,A:person-candidate,Torah
26700,1415816,433112,Genesis,47,7,יעקב,nmpr,pers,A:person-candidate,Torah
26709,1415816,433114,Genesis,47,7,יעקב,nmpr,pers,A:person-candidate,Torah
26715,1415817,433115,Genesis,47,8,אל,prep,,C:divine-title-candidate,Torah
26716,1415817,433115,Genesis,47,8,יעקב,nmpr,pers,A:person-candidate,Torah
26724,1415818,433117,Genesis,47,9,יעקב,nmpr,pers,A:person-candidate,Torah
26725,1415818,433117,Genesis,47,9,אל,prep,,C:divine-title-candidate,Torah
26754,1415819,433121,Genesis,47,10,יעקב,nmpr,pers,A:person-candidate,Torah
26765,1415820,433123,Genesis,47,11,יוסף,nmpr,pers,A:person-candidate,Torah
26777,1415820,433124,Genesis,47,11,מצרים,nmpr,topo,F:unclassified-name,Torah
26784,1415820,433124,Genesis,47,11,רעמסס,nmpr,topo,F:unclassified-name,Torah
26791,1415821,433126,Genesis,47,12,יוסף,nmpr,pers,A:person-candidate,Torah
26822,1415822,433129,Genesis,47,13,מצרים,nmpr,topo,F:unclassified-name,Torah
26825,1415822,433129,Genesis,47,13,כנען,nmpr,"pers,gens,topo",F:unclassified-name,Torah
26832,1415823,433130,Genesis,47,14,יוסף,nmpr,pers,A:person-candidate,Torah
26841,1415823,433131,Genesis,47,14,מצרים,nmpr,topo,F:unclassified-name,Torah
26845,1415823,433131,Genesis,47,14,כנען,nmpr,"pers,gens,topo",F:unclassified-name,Torah
26854,1415823,433133,Genesis,47,14,יוסף,nmpr,pers,A:person-candidate,Torah
26866,1415824,433134,Genesis,47,15,מצרים,nmpr,topo,F:unclassified-name,Torah
26870,1415824,433134,Genesis,47,15,כנען,nmpr,"pers,gens,topo",F:unclassified-name,Torah
26874,1415824,433135,Genesis,47,15,מצרים,nmpr,topo,F:unclassified-name,Torah
26875,1415824,433135,Genesis,47,15,אל,prep,,C:divine-title-candidate,Torah
26876,1415824,433135,Genesis,47,15,יוסף,nmpr,pers,A:person-candidate,Torah
26891,1415825,433140,Genesis,47,16,יוסף,nmpr,pers,A:person-candidate,Torah
26906,1415826,433144,Genesis,47,17,אל,prep,,C:divine-title-candidate,Torah
26907,1415826,433144,Genesis,47,17,יוסף,nmpr,pers,A:person-candidate,Torah
26911,1415826,433145,Genesis,47,17,יוסף,nmpr,pers,A:person-candidate,Torah
26951,1415827,433148,Genesis,47,18,אל,prep,,C:divine-title-candidate,Torah
26973,1415827,433152,Genesis,47,18,אל,prep,,C:divine-title-candidate,Torah
27024,1415829,433162,Genesis,47,20,יוסף,nmpr,pers,A:person-candidate,Torah
27028,1415829,433162,Genesis,47,20,מצרים,nmpr,topo,F:unclassified-name,Torah
27033,1415829,433163,Genesis,47,20,מצרים,nmpr,topo,F:unclassified-name,Torah
27059,1415830,433167,Genesis,47,21,מצרים,nmpr,topo,F:unclassified-name,Torah
27093,1415832,433173,Genesis,47,23,יוסף,nmpr,pers,A:person-candidate,Torah
27094,1415832,433173,Genesis,47,23,אל,prep,,C:divine-title-candidate,Torah
27164,1415835,433186,Genesis,47,26,יוסף,nmpr,pers,A:person-candidate,Torah
27174,1415835,433186,Genesis,47,26,מצרים,nmpr,topo,F:unclassified-name,Torah
27192,1415836,433189,Genesis,47,27,ישראל,nmpr,"pers,gens,topo",F:unclassified-name,Torah
27195,1415836,433189,Genesis,47,27,מצרים,nmpr,topo,F:unclassified-name,Torah
27198,1415836,433189,Genesis,47,27,גשן,nmpr,topo,F:unclassified-name,Torah
27209,1415837,433193,Genesis,47,28,יעקב,nmpr,pers,A:person-candidate,Torah
27212,1415837,433193,Genesis,47,28,מצרים,nmpr,topo,F:unclassified-name,Torah
27219,1415837,433194,Genesis,47,28,יעקב,nmpr,pers,A:person-candidate,Torah
27232,1415838,433195,Genesis,47,29,ישראל,nmpr,"pers,gens,topo",F:unclassified-name,Torah
27240,1415838,433197,Genesis,47,29,יוסף,nmpr,pers,A:person-candidate,Torah
27261,1415838,433202,Genesis,47,29,אל,nega,,C:divine-title-candidate,Torah
27265,1415838,433202,Genesis,47,29,מצרים,nmpr,topo,F:unclassified-name,Torah
27273,1415839,433204,Genesis,47,30,מצרים,nmpr,topo,F:unclassified-name,Torah
27293,1415840,433211,Genesis,47,31,ישראל,nmpr,"pers,gens,topo",F:unclassified-name,Torah
27308,1415841,433213,Genesis,48,1,יוסף,nmpr,pers,A:person-candidate,Torah
27319,1415841,433215,Genesis,48,1,מנשה,nmpr,"pers,gens",F:unclassified-name,Torah
27322,1415841,433215,Genesis,48,1,אפרים,nmpr,"pers,gens,topo",F:unclassified-name,Torah
27326,1415842,433216,Genesis,48,2,יעקב,nmpr,pers,A:person-candidate,Torah
27331,1415842,433218,Genesis,48,2,יוסף,nmpr,pers,A:person-candidate,Torah
27333,1415842,433218,Genesis,48,2,אל,prep,,C:divine-title-candidate,Torah
27336,1415842,433219,Genesis,48,2,ישראל,nmpr,"pers,gens,topo",F:unclassified-name,Torah
27344,1415843,433221,Genesis,48,3,יעקב,nmpr,pers,A:person-candidate,Torah
27345,1415843,433221,Genesis,48,3,אל,prep,,C:divine-title-candidate,Torah
27346,1415843,433221,Genesis,48,3,יוסף,nmpr,pers,A:person-candidate,Torah
27347,1415843,433222,Genesis,48,3,אל,subs,,C:divine-title-candidate,Torah
27348,1415843,433222,Genesis,48,3,שדי,nmpr,pers,C:divine-title-candidate,Torah
27350,1415843,433222,Genesis,48,3,אל,prep,,C:divine-title-candidate,Torah
27352,1415843,433222,Genesis,48,3,לוז,nmpr,topo,F:unclassified-name,Torah
27355,1415843,433222,Genesis,48,3,כנען,nmpr,"pers,gens,topo",F:unclassified-name,Torah
27361,1415844,433224,Genesis,48,4,אל,prep,,C:divine-title-candidate,Torah
27392,1415845,433231,Genesis,48,5,מצרים,nmpr,topo,F:unclassified-name,Torah
27395,1415845,433232,Genesis,48,5,אל,prep,,C:divine-title-candidate,Torah
27396,1415845,433232,Genesis,48,5,מצרים,nmpr,topo,F:unclassified-name,Torah
27399,1415845,433234,Genesis,48,5,אפרים,nmpr,"pers,gens,topo",F:unclassified-name,Torah
27401,1415845,433234,Genesis,48,5,מנשה,nmpr,"pers,gens",F:unclassified-name,Torah
27403,1415845,433234,Genesis,48,5,ראובן,nmpr,"pers,gens,topo",F:unclassified-name,Torah
27405,1415845,433234,Genesis,48,5,שמעון,nmpr,"pers,gens,topo",F:unclassified-name,Torah
27429,1415847,433240,Genesis,48,7,רחל,nmpr,pers,A:person-candidate,Torah
27432,1415847,433240,Genesis,48,7,כנען,nmpr,"pers,gens,topo",F:unclassified-name,Torah
27442,1415847,433241,Genesis,48,7,אפרת,nmpr,"topo,pers",F:unclassified-name,Torah
27448,1415847,433242,Genesis,48,7,אפרת,nmpr,"topo,pers",F:unclassified-name,Torah
27450,1415847,433243,Genesis,48,7,בית לחם,nmpr,topo,F:unclassified-name,Torah
27453,1415848,433244,Genesis,48,8,ישראל,nmpr,"pers,gens,topo",F:unclassified-name,Torah
27456,1415848,433244,Genesis,48,8,יוסף,nmpr,pers,A:person-candidate,Torah
27463,1415849,433247,Genesis,48,9,יוסף,nmpr,pers,A:person-candidate,Torah
27464,1415849,433247,Genesis,48,9,אל,prep,,C:divine-title-candidate,Torah
27471,1415849,433249,Genesis,48,9,אלהים,subs,,D:Elohim,Torah
27478,1415849,433251,Genesis,48,9,אל,prep,,C:divine-title-candidate,Torah
27483,1415850,433253,Genesis,48,10,ישראל,nmpr,"pers,gens,topo",F:unclassified-name,Torah
27494,1415850,433256,Genesis,48,10,אל,prep,,C:divine-title-candidate,Torah
27503,1415851,433259,Genesis,48,11,ישראל,nmpr,"pers,gens,topo",F:unclassified-name,Torah
27504,1415851,433259,Genesis,48,11,אל,prep,,C:divine-title-candidate,Torah
27505,1415851,433259,Genesis,48,11,יוסף,nmpr,pers,A:person-candidate,Torah
27514,1415851,433263,Genesis,48,11,אלהים,subs,,D:Elohim,Torah
27520,1415852,433264,Genesis,48,12,יוסף,nmpr,pers,A:person-candidate,Torah
27532,1415853,433266,Genesis,48,13,יוסף,nmpr,pers,A:person-candidate,Torah
27536,1415853,433267,Genesis,48,13,אפרים,nmpr,"pers,gens,topo",F:unclassified-name,Torah
27541,1415853,433267,Genesis,48,13,ישראל,nmpr,"pers,gens,topo",F:unclassified-name,Torah
27544,1415853,433268,Genesis,48,13,מנשה,nmpr,"pers,gens",F:unclassified-name,Torah
27549,1415853,433268,Genesis,48,13,ישראל,nmpr,"pers,gens,topo",F:unclassified-name,Torah
27552,1415853,433269,Genesis,48,13,אל,prep,,C:divine-title-candidate,Torah
27555,1415854,433270,Genesis,48,14,ישראל,nmpr,"pers,gens,topo",F:unclassified-name,Torah
27562,1415854,433271,Genesis,48,14,אפרים,nmpr,"pers,gens,topo",F:unclassified-name,Torah
27572,1415854,433273,Genesis,48,14,מנשה,nmpr,"pers,gens",F:unclassified-name,Torah
27577,1415854,433275,Genesis,48,14,מנשה,nmpr,"pers,gens",F:unclassified-name,Torah
27583,1415855,433276,Genesis,48,15,יוסף,nmpr,pers,A:person-candidate,Torah
27587,1415855,433278,Genesis,48,15,אלהים,subs,,D:Elohim,Torah
27593,1415855,433279,Genesis,48,15,אברהם,nmpr,pers,A:person-candidate,Torah
27595,1415855,433279,Genesis,48,15,יצחק,nmpr,pers,A:person-candidate,Torah
27597,1415855,433280,Genesis,48,15,אלהים,subs,,D:Elohim,Torah
27627,1415856,433284,Genesis,48,16,אברהם,nmpr,pers,A:person-candidate,Torah
27629,1415856,433284,Genesis,48,16,יצחק,nmpr,pers,A:person-candidate,Torah
27640,1415857,433286,Genesis,48,17,יוסף,nmpr,pers,A:person-candidate,Torah
27648,1415857,433287,Genesis,48,17,אפרים,nmpr,"pers,gens,topo",F:unclassified-name,Torah
27663,1415857,433290,Genesis,48,17,אפרים,nmpr,"pers,gens,topo",F:unclassified-name,Torah
27666,1415857,433290,Genesis,48,17,מנשה,nmpr,"pers,gens",F:unclassified-name,Torah
27669,1415858,433291,Genesis,48,18,יוסף,nmpr,pers,A:person-candidate,Torah
27670,1415858,433291,Genesis,48,18,אל,prep,,C:divine-title-candidate,Torah
27724,1415860,433307,Genesis,48,20,ישראל,nmpr,"pers,gens,topo",F:unclassified-name,Torah
27728,1415860,433309,Genesis,48,20,אלהים,subs,,D:Elohim,Torah
27730,1415860,433309,Genesis,48,20,אפרים,nmpr,"pers,gens,topo",F:unclassified-name,Torah
27733,1415860,433309,Genesis,48,20,מנשה,nmpr,"pers,gens",F:unclassified-name,Torah
27737,1415860,433310,Genesis,48,20,אפרים,nmpr,"pers,gens,topo",F:unclassified-name,Torah
27740,1415860,433310,Genesis,48,20,מנשה,nmpr,"pers,gens",F:unclassified-name,Torah
27743,1415861,433311,Genesis,48,21,ישראל,nmpr,"pers,gens,topo",F:unclassified-name,Torah
27744,1415861,433311,Genesis,48,21,אל,prep,,C:divine-title-candidate,Torah
27745,1415861,433311,Genesis,48,21,יוסף,nmpr,pers,A:person-candidate,Torah
27751,1415861,433313,Genesis,48,21,אלהים,subs,,D:Elohim,Torah
27756,1415861,433314,Genesis,48,21,אל,prep,,C:divine-title-candidate,Torah
27780,1415863,433317,Genesis,49,1,יעקב,nmpr,pers,A:person-candidate,Torah
27781,1415863,433317,Genesis,49,1,אל,prep,,C:divine-title-candidate,Torah
27801,1415864,433324,Genesis,49,2,יעקב,nmpr,pers,A:person-candidate,Torah
27804,1415864,433325,Genesis,49,2,אל,prep,,C:divine-title-candidate,Torah
27805,1415864,433325,Genesis,49,2,ישראל,nmpr,"pers,gens,topo",F:unclassified-name,Torah
27807,1415865,433326,Genesis,49,3,ראובן,nmpr,"pers,gens,topo",F:unclassified-name,Torah
27823,1415866,433331,Genesis,49,4,אל,nega,,C:divine-title-candidate,Torah
27833,1415867,433335,Genesis,49,5,שמעון,nmpr,"pers,gens,topo",F:unclassified-name,Torah
27835,1415867,433335,Genesis,49,5,לוי,nmpr,"pers,gens",F:unclassified-name,Torah
27842,1415868,433337,Genesis,49,6,אל,nega,,C:divine-title-candidate,Torah
27847,1415868,433338,Genesis,49,6,אל,nega,,C:divine-title-candidate,Torah
27870,1415869,433345,Genesis,49,7,יעקב,nmpr,pers,A:person-candidate,Torah
27874,1415869,433346,Genesis,49,7,ישראל,nmpr,"pers,gens,topo",F:unclassified-name,Torah
27875,1415870,433347,Genesis,49,8,יהודה,nmpr,"pers,gens,topo",F:unclassified-name,Torah
27889,1415871,433352,Genesis,49,9,יהודה,nmpr,"pers,gens,topo",F:unclassified-name,Torah
27907,1415872,433358,Genesis,49,10,יהודה,nmpr,"pers,gens,topo",F:unclassified-name,Torah
27916,1415872,433360,Genesis,49,10,שלו,nmpr,topo,F:unclassified-name,Torah
27951,1415875,433368,Genesis,49,13,זבולן,nmpr,"pers,gens,topo",F:unclassified-name,Torah
27964,1415875,433371,Genesis,49,13,צידון,nmpr,topo,F:unclassified-name,Torah
27965,1415876,433372,Genesis,49,14,יששכר,nmpr,"pers,gens,topo",F:unclassified-name,Torah
27993,1415878,433381,Genesis,49,16,דן,nmpr,"pers,gens,topo",F:unclassified-name,Torah
27999,1415878,433381,Genesis,49,16,ישראל,nmpr,"pers,gens,topo",F:unclassified-name,Torah
28001,1415879,433382,Genesis,49,17,דן,nmpr,"pers,gens,topo",F:unclassified-name,Torah
28019,1415880,433387,Genesis,49,18,יהוה,nmpr,pers,E:YHWH,Torah
28020,1415881,433388,Genesis,49,19,גד,nmpr,"pers,gens,topo",B:deity-candidate,Torah
28028,1415882,433391,Genesis,49,20,אשר,nmpr,"pers,gens,topo",F:unclassified-name,Torah
28035,1415882,433393,Genesis,49,20,מלך,subs,,B:deity-candidate,Torah
28036,1415883,433394,Genesis,49,21,נפתלי,nmpr,"pers,gens,topo",F:unclassified-name,Torah
28045,1415884,433396,Genesis,49,22,יוסף,nmpr,pers,A:person-candidate,Torah
28060,1415885,433402,Genesis,49,23,בעל,subs,,B:deity-candidate,Torah
28074,1415886,433404,Genesis,49,24,יעקב,nmpr,pers,A:person-candidate,Torah
28079,1415886,433405,Genesis,49,24,ישראל,nmpr,"pers,gens,topo",F:unclassified-name,Torah
28081,1415887,433406,Genesis,49,25,אל,subs,,C:divine-title-candidate,Torah
28087,1415887,433408,Genesis,49,25,שדי,nmpr,pers,C:divine-title-candidate,Torah
28115,1415888,433412,Genesis,49,26,יוסף,nmpr,pers,A:person-candidate,Torah
28121,1415889,433413,Genesis,49,27,בנימן,nmpr,"pers,gens,topo",F:unclassified-name,Torah
28138,1415890,433417,Genesis,49,28,ישראל,nmpr,"pers,gens,topo",F:unclassified-name,Torah
28161,1415891,433425,Genesis,49,29,אל,prep,,C:divine-title-candidate,Torah
28164,1415891,433426,Genesis,49,29,אל,prep,,C:divine-title-candidate,Torah
28168,1415891,433427,Genesis,49,29,אל,prep,,C:divine-title-candidate,Torah
28170,1415891,433427,Genesis,49,29,אל,prep,,C:divine-title-candidate,Torah
28176,1415891,433428,Genesis,49,29,עפרון,nmpr,pers,A:person-candidate,Torah
28186,1415892,433430,Genesis,49,30,מכפלה,nmpr,topo,F:unclassified-name,Torah
28190,1415892,433431,Genesis,49,30,ממרא,nmpr,topo,F:unclassified-name,Torah
28193,1415892,433431,Genesis,49,30,כנען,nmpr,"pers,gens,topo",F:unclassified-name,Torah
28196,1415892,433432,Genesis,49,30,אברהם,nmpr,pers,A:person-candidate,Torah
28202,1415892,433432,Genesis,49,30,עפרון,nmpr,pers,A:person-candidate,Torah
28211,1415893,433433,Genesis,49,31,אברהם,nmpr,pers,A:person-candidate,Torah
28214,1415893,433433,Genesis,49,31,שרה,nmpr,pers,A:person-candidate,Torah
28219,1415893,433434,Genesis,49,31,יצחק,nmpr,pers,A:person-candidate,Torah
28222,1415893,433434,Genesis,49,31,רבקה,nmpr,pers,A:person-candidate,Torah
28228,1415893,433435,Genesis,49,31,לאה,nmpr,pers,A:person-candidate,Torah
28240,1415894,433436,Genesis,49,32,חת,nmpr,pers,A:person-candidate,Torah
28243,1415895,433438,Genesis,49,33,יעקב,nmpr,pers,A:person-candidate,Torah
28251,1415895,433440,Genesis,49,33,אל,prep,,C:divine-title-candidate,Torah
28258,1415895,433442,Genesis,49,33,אל,prep,,C:divine-title-candidate,Torah
28262,1415896,433443,Genesis,50,1,יוסף,nmpr,pers,A:person-candidate,Torah
28274,1415897,433446,Genesis,50,2,יוסף,nmpr,pers,A:person-candidate,Torah
28289,1415897,433448,Genesis,50,2,ישראל,nmpr,"pers,gens,topo",F:unclassified-name,Torah
28304,1415898,433451,Genesis,50,3,מצרים,nmpr,topo,F:unclassified-name,Torah
28313,1415899,433453,Genesis,50,4,יוסף,nmpr,pers,A:person-candidate,Torah
28314,1415899,433453,Genesis,50,4,אל,prep,,C:divine-title-candidate,Torah
28346,1415900,433462,Genesis,50,5,כנען,nmpr,"pers,gens,topo",F:unclassified-name,Torah
28372,1415902,433472,Genesis,50,7,יוסף,nmpr,pers,A:person-candidate,Torah
28389,1415902,433474,Genesis,50,7,מצרים,nmpr,topo,F:unclassified-name,Torah
28393,1415903,433475,Genesis,50,8,יוסף,nmpr,pers,A:person-candidate,Torah
28408,1415903,433476,Genesis,50,8,גשן,nmpr,topo,F:unclassified-name,Torah
28432,1415905,433480,Genesis,50,10,ירדן,nmpr,topo,F:unclassified-name,Torah
28468,1415906,433485,Genesis,50,11,מצרים,nmpr,topo,F:unclassified-name,Torah
28473,1415906,433486,Genesis,50,11,אבל מצרים,nmpr,topo,F:unclassified-name,Torah
28478,1415906,433487,Genesis,50,11,ירדן,nmpr,topo,F:unclassified-name,Torah
28492,1415908,433490,Genesis,50,13,כנען,nmpr,"pers,gens,topo",F:unclassified-name,Torah
28500,1415908,433491,Genesis,50,13,מכפלה,nmpr,topo,F:unclassified-name,Torah
28503,1415908,433492,Genesis,50,13,אברהם,nmpr,pers,A:person-candidate,Torah
28512,1415908,433492,Genesis,50,13,עפרון,nmpr,pers,A:person-candidate,Torah
28517,1415908,433491,Genesis,50,13,ממרא,nmpr,topo,F:unclassified-name,Torah
28520,1415909,433493,Genesis,50,14,יוסף,nmpr,pers,A:person-candidate,Torah
28521,1415909,433493,Genesis,50,14,מצרים,nmpr,topo,F:unclassified-name,Torah
28541,1415910,433497,Genesis,50,15,יוסף,nmpr,pers,A:person-candidate,Torah
28549,1415910,433500,Genesis,50,15,יוסף,nmpr,pers,A:person-candidate,Torah
28563,1415911,433503,Genesis,50,16,אל,prep,,C:divine-title-candidate,Torah
28564,1415911,433503,Genesis,50,16,יוסף,nmpr,pers,A:person-candidate,Torah
28577,1415912,433507,Genesis,50,17,יוסף,nmpr,pers,A:person-candidate,Torah
28595,1415912,433511,Genesis,50,17,אלהים,subs,,D:Elohim,Torah
28599,1415912,433512,Genesis,50,17,יוסף,nmpr,pers,A:person-candidate,Torah
28602,1415912,433513,Genesis,50,17,אל,prep,,C:divine-title-candidate,Torah
28619,1415914,433518,Genesis,50,19,אל,prep,,C:divine-title-candidate,Torah
28620,1415914,433518,Genesis,50,19,יוסף,nmpr,pers,A:person-candidate,Torah
28621,1415914,433519,Genesis,50,19,אל,nega,,C:divine-title-candidate,Torah
28626,1415914,433520,Genesis,50,19,אלהים,subs,,D:Elohim,Torah
28633,1415915,433522,Genesis,50,20,אלהים,subs,,D:Elohim,Torah
28650,1415916,433526,Genesis,50,21,אל,nega,,C:divine-title-candidate,Torah
28667,1415917,433530,Genesis,50,22,יוסף,nmpr,pers,A:person-candidate,Torah
28669,1415917,433530,Genesis,50,22,מצרים,nmpr,topo,F:unclassified-name,Torah
28676,1415917,433531,Genesis,50,22,יוסף,nmpr,pers,A:person-candidate,Torah
28683,1415918,433532,Genesis,50,23,יוסף,nmpr,pers,A:person-candidate,Torah
28685,1415918,433532,Genesis,50,23,אפרים,nmpr,"pers,gens,topo",F:unclassified-name,Torah
28690,1415918,433533,Genesis,50,23,מכיר,nmpr,"pers,gens",F:unclassified-name,Torah
28692,1415918,433533,Genesis,50,23,מנשה,nmpr,"pers,gens",F:unclassified-name,Torah
28696,1415918,433533,Genesis,50,23,יוסף,nmpr,pers,A:person-candidate,Torah
28699,1415919,433534,Genesis,50,24,יוסף,nmpr,pers,A:person-candidate,Torah
28700,1415919,433534,Genesis,50,24,אל,prep,,C:divine-title-candidate,Torah
28705,1415919,433536,Genesis,50,24,אלהים,subs,,D:Elohim,Torah
28717,1415919,433537,Genesis,50,24,אל,prep,,C:divine-title-candidate,Torah
28723,1415919,433538,Genesis,50,24,אברהם,nmpr,pers,A:person-candidate,Torah
28725,1415919,433538,Genesis,50,24,יצחק,nmpr,pers,A:person-candidate,Torah
28728,1415919,433538,Genesis,50,24,יעקב,nmpr,pers,A:person-candidate,Torah
28731,1415920,433539,Genesis,50,25,יוסף,nmpr,pers,A:person-candidate,Torah
28734,1415920,433539,Genesis,50,25,ישראל,nmpr,"pers,gens,topo",F:unclassified-name,Torah
28739,1415920,433541,Genesis,50,25,אלהים,subs,,D:Elohim,Torah
28749,1415921,433543,Genesis,50,26,יוסף,nmpr,pers,A:person-candidate,Torah
28764,1415921,433545,Genesis,50,26,מצרים,nmpr,topo,F:unclassified-name,Torah
28769,1415922,433546,Exodus,1,1,ישראל,nmpr,"pers,gens,topo",F:unclassified-name,Torah
28772,1415922,433547,Exodus,1,1,מצרים,nmpr,topo,F:unclassified-name,Torah
28774,1415922,433547,Exodus,1,1,יעקב,nmpr,pers,A:person-candidate,Torah
28779,1415923,433549,Exodus,1,2,ראובן,nmpr,"pers,gens,topo",F:unclassified-name,Torah
28780,1415923,433549,Exodus,1,2,שמעון,nmpr,"pers,gens,topo",F:unclassified-name,Torah
28781,1415923,433549,Exodus,1,2,לוי,nmpr,"pers,gens",F:unclassified-name,Torah
28783,1415923,433549,Exodus,1,2,יהודה,nmpr,"pers,gens,topo",F:unclassified-name,Torah
28784,1415924,433550,Exodus,1,3,יששכר,nmpr,"pers,gens,topo",F:unclassified-name,Torah
28785,1415924,433550,Exodus,1,3,זבולן,nmpr,"pers,gens,topo",F:unclassified-name,Torah
28787,1415924,433550,Exodus,1,3,בנימן,nmpr,"pers,gens,topo",F:unclassified-name,Torah
28788,1415925,433551,Exodus,1,4,דן,nmpr,"pers,gens,topo",F:unclassified-name,Torah
28790,1415925,433551,Exodus,1,4,נפתלי,nmpr,"pers,gens,topo",F:unclassified-name,Torah
28791,1415925,433551,Exodus,1,4,גד,nmpr,"pers,gens,topo",B:deity-candidate,Torah
28793,1415925,433551,Exodus,1,4,אשר,nmpr,"pers,gens,topo",F:unclassified-name,Torah
28800,1415926,433552,Exodus,1,5,יעקב,nmpr,pers,A:person-candidate,Torah
28804,1415926,433553,Exodus,1,5,יוסף,nmpr,pers,A:person-candidate,Torah
28807,1415926,433553,Exodus,1,5,מצרים,nmpr,topo,F:unclassified-name,Torah
28810,1415927,433554,Exodus,1,6,יוסף,nmpr,pers,A:person-candidate,Torah
28822,1415928,433555,Exodus,1,7,ישראל,nmpr,"pers,gens,topo",F:unclassified-name,Torah
28840,1415929,433560,Exodus,1,8,מלך,subs,,B:deity-candidate,Torah
28843,1415929,433560,Exodus,1,8,מצרים,nmpr,topo,F:unclassified-name,Torah
28848,1415929,433561,Exodus,1,8,יוסף,nmpr,pers,A:person-candidate,Torah
28851,1415930,433562,Exodus,1,9,אל,prep,,C:divine-title-candidate,Torah
28856,1415930,433563,Exodus,1,9,ישראל,nmpr,"pers,gens,topo",F:unclassified-name,Torah
28901,1415932,433574,Exodus,1,11,פתם,nmpr,topo,F:unclassified-name,Torah
28904,1415932,433574,Exodus,1,11,רעמסס,nmpr,topo,F:unclassified-name,Torah
28920,1415933,433578,Exodus,1,12,ישראל,nmpr,"pers,gens,topo",F:unclassified-name,Torah
28923,1415934,433579,Exodus,1,13,מצרים,nmpr,topo,F:unclassified-name,Torah
28926,1415934,433579,Exodus,1,13,ישראל,nmpr,"pers,gens,topo",F:unclassified-name,Torah
28958,1415936,433583,Exodus,1,15,מלך,subs,,B:deity-candidate,Torah
28959,1415936,433583,Exodus,1,15,מצרים,nmpr,topo,F:unclassified-name,Torah
28969,1415936,433584,Exodus,1,15,שפרה,nmpr,pers,A:person-candidate,Torah
28974,1415936,433585,Exodus,1,15,פועה,nmpr,pers,A:person-candidate,Torah
29005,1415938,433593,Exodus,1,17,אלהים,subs,,D:Elohim,Torah
29012,1415938,433595,Exodus,1,17,אל,prep,,C:divine-title-candidate,Torah
29013,1415938,433595,Exodus,1,17,מלך,subs,,B:deity-candidate,Torah
29014,1415938,433595,Exodus,1,17,מצרים,nmpr,topo,F:unclassified-name,Torah
29022,1415939,433597,Exodus,1,18,מלך,subs,,B:deity-candidate,Torah
29023,1415939,433597,Exodus,1,18,מצרים,nmpr,topo,F:unclassified-name,Torah
29045,1415940,433601,Exodus,1,19,אל,prep,,C:divine-title-candidate,Torah
29062,1415940,433604,Exodus,1,19,אל,prep,,C:divine-title-candidate,Torah
29069,1415941,433606,Exodus,1,20,אלהים,subs,,D:Elohim,Torah
29088,1415942,433610,Exodus,1,21,אלהים,subs,,D:Elohim,Torah
29107,1415943,433615,Exodus,1,22,יאר,nmpr,topo,F:unclassified-name,Torah
29119,1415944,433617,Exodus,2,1,לוי,nmpr,"pers,gens",F:unclassified-name,Torah
29124,1415944,433618,Exodus,2,1,לוי,nmpr,"pers,gens",F:unclassified-name,Torah
29175,1415946,433629,Exodus,2,3,יאר,nmpr,topo,F:unclassified-name,Torah
29194,1415948,433633,Exodus,2,5,יאר,nmpr,topo,F:unclassified-name,Torah
29201,1415948,433635,Exodus,2,5,יאר,nmpr,topo,F:unclassified-name,Torah
29241,1415950,433645,Exodus,2,7,אל,prep,,C:divine-title-candidate,Torah
29320,1415953,433662,Exodus,2,10,משה,nmpr,pers,A:person-candidate,Torah
29327,1415953,433664,Exodus,2,10,משה,verb,,A:person-candidate,Torah
29337,1415954,433666,Exodus,2,11,משה,nmpr,pers,A:person-candidate,Torah
29340,1415954,433667,Exodus,2,11,אל,prep,,C:divine-title-candidate,Torah
29419,1415957,433686,Exodus,2,14,משה,nmpr,pers,A:person-candidate,Torah
29439,1415958,433691,Exodus,2,15,משה,nmpr,pers,A:person-candidate,Torah
29442,1415958,433692,Exodus,2,15,משה,nmpr,pers,A:person-candidate,Torah
29450,1415958,433693,Exodus,2,15,מדין,nmpr,"pers,gens,topo",F:unclassified-name,Torah
29459,1415959,433695,Exodus,2,16,מדין,nmpr,"pers,gens,topo",F:unclassified-name,Torah
29483,1415960,433702,Exodus,2,17,משה,nmpr,pers,A:person-candidate,Torah
29492,1415961,433705,Exodus,2,18,אל,prep,,C:divine-title-candidate,Torah
29493,1415961,433705,Exodus,2,18,רעואל,nmpr,pers,A:person-candidate,Torah
29523,1415963,433714,Exodus,2,20,אל,prep,,C:divine-title-candidate,Torah
29540,1415964,433719,Exodus,2,21,משה,nmpr,pers,A:person-candidate,Torah
29549,1415964,433721,Exodus,2,21,צפרה,nmpr,pers,A:person-candidate,Torah
29552,1415964,433721,Exodus,2,21,משה,nmpr,pers,A:person-candidate,Torah
29560,1415965,433723,Exodus,2,22,גרשם,nmpr,pers,A:person-candidate,Torah
29579,1415966,433727,Exodus,2,23,מלך,subs,,B:deity-candidate,Torah
29580,1415966,433727,Exodus,2,23,מצרים,nmpr,topo,F:unclassified-name,Torah
29584,1415966,433728,Exodus,2,23,ישראל,nmpr,"pers,gens,topo",F:unclassified-name,Torah
29593,1415966,433730,Exodus,2,23,אל,prep,,C:divine-title-candidate,Torah
29595,1415966,433730,Exodus,2,23,אלהים,subs,,D:Elohim,Torah
29601,1415967,433731,Exodus,2,24,אלהים,subs,,D:Elohim,Torah
29606,1415967,433732,Exodus,2,24,אלהים,subs,,D:Elohim,Torah
29610,1415967,433732,Exodus,2,24,אברהם,nmpr,pers,A:person-candidate,Torah
29612,1415967,433732,Exodus,2,24,יצחק,nmpr,pers,A:person-candidate,Torah
29615,1415967,433732,Exodus,2,24,יעקב,nmpr,pers,A:person-candidate,Torah
29618,1415968,433733,Exodus,2,25,אלהים,subs,,D:Elohim,Torah
29621,1415968,433733,Exodus,2,25,ישראל,nmpr,"pers,gens,topo",F:unclassified-name,Torah
29624,1415968,433734,Exodus,2,25,אלהים,subs,,D:Elohim,Torah
29626,1415969,433735,Exodus,3,1,משה,nmpr,pers,A:person-candidate,Torah
29631,1415969,433735,Exodus,3,1,יתרו,nmpr,pers,A:person-candidate,Torah
29634,1415969,433735,Exodus,3,1,מדין,nmpr,"pers,gens,topo",F:unclassified-name,Torah
29645,1415969,433737,Exodus,3,1,אל,prep,,C:divine-title-candidate,Torah
29648,1415969,433737,Exodus,3,1,אלהים,subs,,D:Elohim,Torah
29649,1415969,433737,Exodus,3,1,חרב,nmpr,topo,F:unclassified-name,Torah
29653,1415970,433738,Exodus,3,2,יהוה,nmpr,pers,E:YHWH,Torah
29654,1415970,433738,Exodus,3,2,אל,prep,,C:divine-title-candidate,Torah
29679,1415971,433744,Exodus,3,3,משה,nmpr,pers,A:person-candidate,Torah
29698,1415972,433748,Exodus,3,4,יהוה,nmpr,pers,E:YHWH,Torah
29705,1415972,433751,Exodus,3,4,אל,prep,,C:divine-title-candidate,Torah
29706,1415972,433751,Exodus,3,4,אלהים,subs,,D:Elohim,Torah
29713,1415972,433753,Exodus,3,4,משה,nmpr,pers,A:person-candidate,Torah
29714,1415972,433753,Exodus,3,4,משה,nmpr,pers,A:person-candidate,Torah
29720,1415973,433757,Exodus,3,5,אל,nega,,C:divine-title-candidate,Torah
29741,1415974,433763,Exodus,3,6,אלהים,subs,,D:Elohim,Torah
29743,1415974,433763,Exodus,3,6,אלהים,subs,,D:Elohim,Torah
29744,1415974,433763,Exodus,3,6,אברהם,nmpr,pers,A:person-candidate,Torah
29745,1415974,433763,Exodus,3,6,אלהים,subs,,D:Elohim,Torah
29746,1415974,433763,Exodus,3,6,יצחק,nmpr,pers,A:person-candidate,Torah
29748,1415974,433763,Exodus,3,6,אלהים,subs,,D:Elohim,Torah
29749,1415974,433763,Exodus,3,6,יעקב,nmpr,pers,A:person-candidate,Torah
29752,1415974,433764,Exodus,3,6,משה,nmpr,pers,A:person-candidate,Torah
29758,1415974,433766,Exodus,3,6,אל,prep,,C:divine-title-candidate,Torah
29760,1415974,433766,Exodus,3,6,אלהים,subs,,D:Elohim,Torah
29763,1415975,433767,Exodus,3,7,יהוה,nmpr,pers,E:YHWH,Torah
29771,1415975,433769,Exodus,3,7,מצרים,nmpr,topo,F:unclassified-name,Torah
29789,1415976,433773,Exodus,3,8,מצרים,nmpr,topo,F:unclassified-name,Torah
29798,1415976,433774,Exodus,3,8,אל,prep,,C:divine-title-candidate,Torah
29803,1415976,433774,Exodus,3,8,אל,prep,,C:divine-title-candidate,Torah
29809,1415976,433774,Exodus,3,8,אל,prep,,C:divine-title-candidate,Torah
29833,1415977,433776,Exodus,3,9,ישראל,nmpr,"pers,gens,topo",F:unclassified-name,Torah
29835,1415977,433776,Exodus,3,9,אל,prep,,C:divine-title-candidate,Torah
29843,1415977,433778,Exodus,3,9,מצרים,nmpr,topo,F:unclassified-name,Torah
29851,1415978,433781,Exodus,3,10,אל,prep,,C:divine-title-candidate,Torah
29858,1415978,433782,Exodus,3,10,ישראל,nmpr,"pers,gens,topo",F:unclassified-name,Torah
29860,1415978,433782,Exodus,3,10,מצרים,nmpr,topo,F:unclassified-name,Torah
29863,1415979,433783,Exodus,3,11,משה,nmpr,pers,A:person-candidate,Torah
29864,1415979,433783,Exodus,3,11,אל,prep,,C:divine-title-candidate,Torah
29866,1415979,433783,Exodus,3,11,אלהים,subs,,D:Elohim,Torah
29871,1415979,433785,Exodus,3,11,אל,prep,,C:divine-title-candidate,Torah
29878,1415979,433786,Exodus,3,11,ישראל,nmpr,"pers,gens,topo",F:unclassified-name,Torah
29880,1415979,433786,Exodus,3,11,מצרים,nmpr,topo,F:unclassified-name,Torah
29900,1415980,433791,Exodus,3,12,מצרים,nmpr,topo,F:unclassified-name,Torah
29904,1415980,433792,Exodus,3,12,אלהים,subs,,D:Elohim,Torah
29912,1415981,433793,Exodus,3,13,משה,nmpr,pers,A:person-candidate,Torah
29913,1415981,433793,Exodus,3,13,אל,prep,,C:divine-title-candidate,Torah
29915,1415981,433793,Exodus,3,13,אלהים,subs,,D:Elohim,Torah
29919,1415981,433794,Exodus,3,13,אל,prep,,C:divine-title-candidate,Torah
29921,1415981,433794,Exodus,3,13,ישראל,nmpr,"pers,gens,topo",F:unclassified-name,Torah
29925,1415981,433796,Exodus,3,13,אלהים,subs,,D:Elohim,Torah
29928,1415981,433796,Exodus,3,13,אל,prep,,C:divine-title-candidate,Torah
29936,1415981,433799,Exodus,3,13,אל,prep,,C:divine-title-candidate,Torah
29939,1415982,433800,Exodus,3,14,אלהים,subs,,D:Elohim,Torah
29940,1415982,433800,Exodus,3,14,אל,prep,,C:divine-title-candidate,Torah
29941,1415982,433800,Exodus,3,14,משה,nmpr,pers,A:person-candidate,Torah
29951,1415982,433804,Exodus,3,14,ישראל,nmpr,"pers,gens,topo",F:unclassified-name,Torah
29954,1415982,433806,Exodus,3,14,אל,prep,,C:divine-title-candidate,Torah
29958,1415983,433807,Exodus,3,15,אלהים,subs,,D:Elohim,Torah
29959,1415983,433807,Exodus,3,15,אל,prep,,C:divine-title-candidate,Torah
29960,1415983,433807,Exodus,3,15,משה,nmpr,pers,A:person-candidate,Torah
29963,1415983,433808,Exodus,3,15,אל,prep,,C:divine-title-candidate,Torah
29965,1415983,433808,Exodus,3,15,ישראל,nmpr,"pers,gens,topo",F:unclassified-name,Torah
29966,1415983,433809,Exodus,3,15,יהוה,nmpr,pers,E:YHWH,Torah
29967,1415983,433809,Exodus,3,15,אלהים,subs,,D:Elohim,Torah
29969,1415983,433809,Exodus,3,15,אלהים,subs,,D:Elohim,Torah
29970,1415983,433809,Exodus,3,15,אברהם,nmpr,pers,A:person-candidate,Torah
29971,1415983,433809,Exodus,3,15,אלהים,subs,,D:Elohim,Torah
29972,1415983,433809,Exodus,3,15,יצחק,nmpr,pers,A:person-candidate,Torah
29974,1415983,433809,Exodus,3,15,אלהים,subs,,D:Elohim,Torah
29975,1415983,433809,Exodus,3,15,יעקב,nmpr,pers,A:person-candidate,Torah
29977,1415983,433809,Exodus,3,15,אל,prep,,C:divine-title-candidate,Torah
29993,1415984,433813,Exodus,3,16,ישראל,nmpr,"pers,gens,topo",F:unclassified-name,Torah
29996,1415984,433814,Exodus,3,16,אל,prep,,C:divine-title-candidate,Torah
29997,1415984,433815,Exodus,3,16,יהוה,nmpr,pers,E:YHWH,Torah
29998,1415984,433815,Exodus,3,16,אלהים,subs,,D:Elohim,Torah
30001,1415984,433815,Exodus,3,16,אל,prep,,C:divine-title-candidate,Torah
30002,1415984,433816,Exodus,3,16,אלהים,subs,,D:Elohim,Torah
30003,1415984,433816,Exodus,3,16,אברהם,nmpr,pers,A:person-candidate,Torah
30004,1415984,433816,Exodus,3,16,יצחק,nmpr,pers,A:person-candidate,Torah
30006,1415984,433816,Exodus,3,16,יעקב,nmpr,pers,A:person-candidate,Torah
30018,1415984,433819,Exodus,3,16,מצרים,nmpr,topo,F:unclassified-name,Torah
30025,1415985,433821,Exodus,3,17,מצרים,nmpr,topo,F:unclassified-name,Torah
30026,1415985,433821,Exodus,3,17,אל,prep,,C:divine-title-candidate,Torah
30045,1415985,433821,Exodus,3,17,אל,prep,,C:divine-title-candidate,Torah
30060,1415986,433823,Exodus,3,18,ישראל,nmpr,"pers,gens,topo",F:unclassified-name,Torah
30061,1415986,433823,Exodus,3,18,אל,prep,,C:divine-title-candidate,Torah
30062,1415986,433823,Exodus,3,18,מלך,subs,,B:deity-candidate,Torah
30063,1415986,433823,Exodus,3,18,מצרים,nmpr,topo,F:unclassified-name,Torah
30066,1415986,433824,Exodus,3,18,אל,prep,,C:divine-title-candidate,Torah
30067,1415986,433825,Exodus,3,18,יהוה,nmpr,pers,E:YHWH,Torah
30068,1415986,433825,Exodus,3,18,אלהים,subs,,D:Elohim,Torah
30086,1415986,433828,Exodus,3,18,יהוה,nmpr,pers,E:YHWH,Torah
30087,1415986,433828,Exodus,3,18,אלהים,subs,,D:Elohim,Torah
30095,1415987,433830,Exodus,3,19,מלך,subs,,B:deity-candidate,Torah
30096,1415987,433830,Exodus,3,19,מצרים,nmpr,topo,F:unclassified-name,Torah
30111,1415988,433834,Exodus,3,20,מצרים,nmpr,topo,F:unclassified-name,Torah
30134,1415989,433837,Exodus,3,21,מצרים,nmpr,topo,F:unclassified-name,Torah
30168,1415990,433843,Exodus,3,22,מצרים,nmpr,topo,F:unclassified-name,Torah
30171,1415991,433844,Exodus,4,1,משה,nmpr,pers,A:person-candidate,Torah
30188,1415991,433850,Exodus,4,1,אל,prep,,C:divine-title-candidate,Torah
30189,1415991,433850,Exodus,4,1,יהוה,nmpr,pers,E:YHWH,Torah
30192,1415992,433851,Exodus,4,2,אל,prep,,C:divine-title-candidate,Torah
30193,1415992,433851,Exodus,4,2,יהוה,nmpr,pers,E:YHWH,Torah
30214,1415993,433859,Exodus,4,3,משה,nmpr,pers,A:person-candidate,Torah
30219,1415994,433860,Exodus,4,4,יהוה,nmpr,pers,E:YHWH,Torah
30220,1415994,433860,Exodus,4,4,אל,prep,,C:divine-title-candidate,Torah
30221,1415994,433860,Exodus,4,4,משה,nmpr,pers,A:person-candidate,Torah
30244,1415995,433867,Exodus,4,5,אל,prep,,C:divine-title-candidate,Torah
30245,1415995,433867,Exodus,4,5,יהוה,nmpr,pers,E:YHWH,Torah
30246,1415995,433867,Exodus,4,5,אלהים,subs,,D:Elohim,Torah
30248,1415995,433867,Exodus,4,5,אלהים,subs,,D:Elohim,Torah
30249,1415995,433867,Exodus,4,5,אברהם,nmpr,pers,A:person-candidate,Torah
30250,1415995,433867,Exodus,4,5,אלהים,subs,,D:Elohim,Torah
30251,1415995,433867,Exodus,4,5,יצחק,nmpr,pers,A:person-candidate,Torah
30253,1415995,433867,Exodus,4,5,אלהים,subs,,D:Elohim,Torah
30254,1415995,433867,Exodus,4,5,יעקב,nmpr,pers,A:person-candidate,Torah
30257,1415996,433868,Exodus,4,6,יהוה,nmpr,pers,E:YHWH,Torah
30283,1415997,433875,Exodus,4,7,אל,prep,,C:divine-title-candidate,Torah
30288,1415997,433876,Exodus,4,7,אל,prep,,C:divine-title-candidate,Torah
30344,1415999,433887,Exodus,4,9,יאר,nmpr,topo,F:unclassified-name,Torah
30357,1415999,433890,Exodus,4,9,יאר,nmpr,topo,F:unclassified-name,Torah
30367,1416000,433892,Exodus,4,10,משה,nmpr,pers,A:person-candidate,Torah
30368,1416000,433892,Exodus,4,10,אל,prep,,C:divine-title-candidate,Torah
30369,1416000,433892,Exodus,4,10,יהוה,nmpr,pers,E:YHWH,Torah
30371,1416000,433893,Exodus,4,10,אדני,nmpr,pers,C:divine-title-candidate,Torah
30386,1416000,433895,Exodus,4,10,אל,prep,,C:divine-title-candidate,Torah
30397,1416001,433897,Exodus,4,11,יהוה,nmpr,pers,E:YHWH,Torah
30398,1416001,433897,Exodus,4,11,אל,prep,,C:divine-title-candidate,Torah
30418,1416001,433900,Exodus,4,11,יהוה,nmpr,pers,E:YHWH,Torah
30434,1416003,433907,Exodus,4,13,אדני,nmpr,pers,C:divine-title-candidate,Torah
30443,1416004,433910,Exodus,4,14,יהוה,nmpr,pers,E:YHWH,Torah
30445,1416004,433910,Exodus,4,14,משה,nmpr,pers,A:person-candidate,Torah
30450,1416004,433912,Exodus,4,14,אהרן,nmpr,pers,A:person-candidate,Torah
30474,1416005,433920,Exodus,4,15,אל,prep,,C:divine-title-candidate,Torah
30500,1416006,433925,Exodus,4,16,אל,prep,,C:divine-title-candidate,Torah
30515,1416006,433928,Exodus,4,16,אלהים,subs,,D:Elohim,Torah
30533,1416008,433931,Exodus,4,18,משה,nmpr,pers,A:person-candidate,Torah
30536,1416008,433932,Exodus,4,18,אל,prep,,C:divine-title-candidate,Torah
30537,1416008,433932,Exodus,4,18,יתר,nmpr,pers,A:person-candidate,Torah
30546,1416008,433935,Exodus,4,18,אל,prep,,C:divine-title-candidate,Torah
30550,1416008,433936,Exodus,4,18,מצרים,nmpr,topo,F:unclassified-name,Torah
30558,1416008,433939,Exodus,4,18,יתרו,nmpr,pers,A:person-candidate,Torah
30560,1416008,433939,Exodus,4,18,משה,nmpr,pers,A:person-candidate,Torah
30566,1416009,433941,Exodus,4,19,יהוה,nmpr,pers,E:YHWH,Torah
30567,1416009,433941,Exodus,4,19,אל,prep,,C:divine-title-candidate,Torah
30568,1416009,433941,Exodus,4,19,משה,nmpr,pers,A:person-candidate,Torah
30570,1416009,433941,Exodus,4,19,מדין,nmpr,"pers,gens,topo",F:unclassified-name,Torah
30573,1416009,433943,Exodus,4,19,מצרים,nmpr,topo,F:unclassified-name,Torah
30585,1416010,433946,Exodus,4,20,משה,nmpr,pers,A:person-candidate,Torah
30599,1416010,433948,Exodus,4,20,מצרים,nmpr,topo,F:unclassified-name,Torah
30602,1416010,433949,Exodus,4,20,משה,nmpr,pers,A:person-candidate,Torah
30606,1416010,433949,Exodus,4,20,אלהים,subs,,D:Elohim,Torah
30611,1416011,433950,Exodus,4,21,יהוה,nmpr,pers,E:YHWH,Torah
30612,1416011,433950,Exodus,4,21,אל,prep,,C:divine-title-candidate,Torah
30613,1416011,433950,Exodus,4,21,משה,nmpr,pers,A:person-candidate,Torah
30618,1416011,433952,Exodus,4,21,מצרים,nmpr,topo,F:unclassified-name,Torah
30645,1416012,433958,Exodus,4,22,אל,prep,,C:divine-title-candidate,Torah
30649,1416012,433959,Exodus,4,22,יהוה,nmpr,pers,E:YHWH,Torah
30652,1416012,433960,Exodus,4,22,ישראל,nmpr,"pers,gens,topo",F:unclassified-name,Torah
30655,1416013,433961,Exodus,4,23,אל,prep,,C:divine-title-candidate,Torah
30681,1416014,433968,Exodus,4,24,יהוה,nmpr,pers,E:YHWH,Torah
30687,1416015,433971,Exodus,4,25,צפרה,nmpr,pers,A:person-candidate,Torah
30717,1416017,433980,Exodus,4,27,יהוה,nmpr,pers,E:YHWH,Torah
30718,1416017,433980,Exodus,4,27,אל,prep,,C:divine-title-candidate,Torah
30719,1416017,433980,Exodus,4,27,אהרן,nmpr,pers,A:person-candidate,Torah
30723,1416017,433982,Exodus,4,27,משה,nmpr,pers,A:person-candidate,Torah
30733,1416017,433984,Exodus,4,27,אלהים,subs,,D:Elohim,Torah
30739,1416018,433986,Exodus,4,28,משה,nmpr,pers,A:person-candidate,Torah
30741,1416018,433986,Exodus,4,28,אהרן,nmpr,pers,A:person-candidate,Torah
30745,1416018,433986,Exodus,4,28,יהוה,nmpr,pers,E:YHWH,Torah
30757,1416019,433989,Exodus,4,29,משה,nmpr,pers,A:person-candidate,Torah
30759,1416019,433989,Exodus,4,29,אהרן,nmpr,pers,A:person-candidate,Torah
30766,1416019,433990,Exodus,4,29,ישראל,nmpr,"pers,gens,topo",F:unclassified-name,Torah
30769,1416020,433991,Exodus,4,30,אהרן,nmpr,pers,A:person-candidate,Torah
30776,1416020,433992,Exodus,4,30,יהוה,nmpr,pers,E:YHWH,Torah
30777,1416020,433992,Exodus,4,30,אל,prep,,C:divine-title-candidate,Torah
30778,1416020,433992,Exodus,4,30,משה,nmpr,pers,A:person-candidate,Torah
30795,1416021,433996,Exodus,4,31,יהוה,nmpr,pers,E:YHWH,Torah
30798,1416021,433996,Exodus,4,31,ישראל,nmpr,"pers,gens,topo",F:unclassified-name,Torah
30811,1416022,434000,Exodus,5,1,משה,nmpr,pers,A:person-candidate,Torah
30813,1416022,434000,Exodus,5,1,אהרן,nmpr,pers,A:person-candidate,Torah
30816,1416022,434001,Exodus,5,1,אל,prep,,C:divine-title-candidate,Torah
30820,1416022,434002,Exodus,5,1,יהוה,nmpr,pers,E:YHWH,Torah
30821,1416022,434002,Exodus,5,1,אלהים,subs,,D:Elohim,Torah
30822,1416022,434002,Exodus,5,1,ישראל,nmpr,"pers,gens,topo",F:unclassified-name,Torah
30836,1416023,434006,Exodus,5,2,יהוה,nmpr,pers,E:YHWH,Torah
30844,1416023,434008,Exodus,5,2,ישראל,nmpr,"pers,gens,topo",F:unclassified-name,Torah
30848,1416023,434009,Exodus,5,2,יהוה,nmpr,pers,E:YHWH,Torah
30852,1416023,434010,Exodus,5,2,ישראל,nmpr,"pers,gens,topo",F:unclassified-name,Torah
30857,1416024,434012,Exodus,5,3,אלהים,subs,,D:Elohim,Torah
30873,1416024,434014,Exodus,5,3,יהוה,nmpr,pers,E:YHWH,Torah
30874,1416024,434014,Exodus,5,3,אלהים,subs,,D:Elohim,Torah
30886,1416025,434016,Exodus,5,4,אל,prep,,C:divine-title-candidate,Torah
30887,1416025,434016,Exodus,5,4,מלך,subs,,B:deity-candidate,Torah
30888,1416025,434016,Exodus,5,4,מצרים,nmpr,topo,F:unclassified-name,Torah
30890,1416025,434018,Exodus,5,4,משה,nmpr,pers,A:person-candidate,Torah
30892,1416025,434018,Exodus,5,4,אהרן,nmpr,pers,A:person-candidate,Torah
30983,1416029,434038,Exodus,5,8,אלהים,subs,,D:Elohim,Torah
30994,1416030,434041,Exodus,5,9,אל,nega,,C:divine-title-candidate,Torah
31008,1416031,434043,Exodus,5,10,אל,prep,,C:divine-title-candidate,Torah
31041,1416033,434051,Exodus,5,12,מצרים,nmpr,topo,F:unclassified-name,Torah
31070,1416035,434057,Exodus,5,14,ישראל,nmpr,"pers,gens,topo",F:unclassified-name,Torah
31096,1416036,434062,Exodus,5,15,ישראל,nmpr,"pers,gens,topo",F:unclassified-name,Torah
31099,1416036,434063,Exodus,5,15,אל,prep,,C:divine-title-candidate,Torah
31137,1416038,434076,Exodus,5,17,יהוה,nmpr,pers,E:YHWH,Torah
31155,1416040,434082,Exodus,5,19,ישראל,nmpr,"pers,gens,topo",F:unclassified-name,Torah
31172,1416041,434085,Exodus,5,20,משה,nmpr,pers,A:person-candidate,Torah
31175,1416041,434085,Exodus,5,20,אהרן,nmpr,pers,A:person-candidate,Torah
31186,1416042,434089,Exodus,5,21,אל,prep,,C:divine-title-candidate,Torah
31188,1416042,434090,Exodus,5,21,יהוה,nmpr,pers,E:YHWH,Torah
31212,1416043,434095,Exodus,5,22,משה,nmpr,pers,A:person-candidate,Torah
31213,1416043,434095,Exodus,5,22,אל,prep,,C:divine-title-candidate,Torah
31214,1416043,434095,Exodus,5,22,יהוה,nmpr,pers,E:YHWH,Torah
31217,1416043,434097,Exodus,5,22,אדני,nmpr,pers,C:divine-title-candidate,Torah
31232,1416044,434100,Exodus,5,23,אל,prep,,C:divine-title-candidate,Torah
31252,1416045,434104,Exodus,6,1,יהוה,nmpr,pers,E:YHWH,Torah
31253,1416045,434104,Exodus,6,1,אל,prep,,C:divine-title-candidate,Torah
31254,1416045,434104,Exodus,6,1,משה,nmpr,pers,A:person-candidate,Torah
31275,1416046,434109,Exodus,6,2,אלהים,subs,,D:Elohim,Torah
31276,1416046,434109,Exodus,6,2,אל,prep,,C:divine-title-candidate,Torah
31277,1416046,434109,Exodus,6,2,משה,nmpr,pers,A:person-candidate,Torah
31280,1416046,434110,Exodus,6,2,אל,prep,,C:divine-title-candidate,Torah
31282,1416046,434111,Exodus,6,2,יהוה,nmpr,pers,E:YHWH,Torah
31285,1416047,434112,Exodus,6,3,אל,prep,,C:divine-title-candidate,Torah
31286,1416047,434112,Exodus,6,3,אברהם,nmpr,pers,A:person-candidate,Torah
31287,1416047,434112,Exodus,6,3,אל,prep,,C:divine-title-candidate,Torah
31288,1416047,434112,Exodus,6,3,יצחק,nmpr,pers,A:person-candidate,Torah
31290,1416047,434112,Exodus,6,3,אל,prep,,C:divine-title-candidate,Torah
31291,1416047,434112,Exodus,6,3,יעקב,nmpr,pers,A:person-candidate,Torah
31293,1416047,434112,Exodus,6,3,אל,subs,,C:divine-title-candidate,Torah
31294,1416047,434112,Exodus,6,3,שדי,nmpr,pers,C:divine-title-candidate,Torah
31297,1416047,434113,Exodus,6,3,יהוה,nmpr,pers,E:YHWH,Torah
31312,1416048,434116,Exodus,6,4,כנען,nmpr,"pers,gens,topo",F:unclassified-name,Torah
31326,1416049,434118,Exodus,6,5,ישראל,nmpr,"pers,gens,topo",F:unclassified-name,Torah
31328,1416049,434119,Exodus,6,5,מצרים,nmpr,topo,F:unclassified-name,Torah
31339,1416050,434122,Exodus,6,6,ישראל,nmpr,"pers,gens,topo",F:unclassified-name,Torah
31341,1416050,434123,Exodus,6,6,יהוה,nmpr,pers,E:YHWH,Torah
31348,1416050,434124,Exodus,6,6,מצרים,nmpr,topo,F:unclassified-name,Torah
31374,1416051,434128,Exodus,6,7,אלהים,subs,,D:Elohim,Torah
31379,1416051,434130,Exodus,6,7,יהוה,nmpr,pers,E:YHWH,Torah
31380,1416051,434130,Exodus,6,7,אלהים,subs,,D:Elohim,Torah
31387,1416051,434131,Exodus,6,7,מצרים,nmpr,topo,F:unclassified-name,Torah
31391,1416052,434132,Exodus,6,8,אל,prep,,C:divine-title-candidate,Torah
31402,1416052,434134,Exodus,6,8,אברהם,nmpr,pers,A:person-candidate,Torah
31404,1416052,434134,Exodus,6,8,יצחק,nmpr,pers,A:person-candidate,Torah
31407,1416052,434134,Exodus,6,8,יעקב,nmpr,pers,A:person-candidate,Torah
31414,1416052,434136,Exodus,6,8,יהוה,nmpr,pers,E:YHWH,Torah
31417,1416053,434137,Exodus,6,9,משה,nmpr,pers,A:person-candidate,Torah
31419,1416053,434137,Exodus,6,9,אל,prep,,C:divine-title-candidate,Torah
31421,1416053,434137,Exodus,6,9,ישראל,nmpr,"pers,gens,topo",F:unclassified-name,Torah
31425,1416053,434138,Exodus,6,9,אל,prep,,C:divine-title-candidate,Torah
31426,1416053,434138,Exodus,6,9,משה,nmpr,pers,A:person-candidate,Torah
31436,1416054,434139,Exodus,6,10,יהוה,nmpr,pers,E:YHWH,Torah
31437,1416054,434139,Exodus,6,10,אל,prep,,C:divine-title-candidate,Torah
31438,1416054,434139,Exodus,6,10,משה,nmpr,pers,A:person-candidate,Torah
31443,1416055,434142,Exodus,6,11,אל,prep,,C:divine-title-candidate,Torah
31445,1416055,434142,Exodus,6,11,מלך,subs,,B:deity-candidate,Torah
31446,1416055,434142,Exodus,6,11,מצרים,nmpr,topo,F:unclassified-name,Torah
31451,1416055,434143,Exodus,6,11,ישראל,nmpr,"pers,gens,topo",F:unclassified-name,Torah
31456,1416056,434144,Exodus,6,12,משה,nmpr,pers,A:person-candidate,Torah
31459,1416056,434144,Exodus,6,12,יהוה,nmpr,pers,E:YHWH,Torah
31464,1416056,434147,Exodus,6,12,ישראל,nmpr,"pers,gens,topo",F:unclassified-name,Torah
31467,1416056,434147,Exodus,6,12,אל,prep,,C:divine-title-candidate,Torah
31478,1416057,434150,Exodus,6,13,יהוה,nmpr,pers,E:YHWH,Torah
31479,1416057,434150,Exodus,6,13,אל,prep,,C:divine-title-candidate,Torah
31480,1416057,434150,Exodus,6,13,משה,nmpr,pers,A:person-candidate,Torah
31482,1416057,434150,Exodus,6,13,אל,prep,,C:divine-title-candidate,Torah
31483,1416057,434150,Exodus,6,13,אהרן,nmpr,pers,A:person-candidate,Torah
31486,1416057,434151,Exodus,6,13,אל,prep,,C:divine-title-candidate,Torah
31488,1416057,434151,Exodus,6,13,ישראל,nmpr,"pers,gens,topo",F:unclassified-name,Torah
31490,1416057,434151,Exodus,6,13,אל,prep,,C:divine-title-candidate,Torah
31492,1416057,434151,Exodus,6,13,מלך,subs,,B:deity-candidate,Torah
31493,1416057,434151,Exodus,6,13,מצרים,nmpr,topo,F:unclassified-name,Torah
31498,1416057,434152,Exodus,6,13,ישראל,nmpr,"pers,gens,topo",F:unclassified-name,Torah
31501,1416057,434152,Exodus,6,13,מצרים,nmpr,topo,F:unclassified-name,Torah
31507,1416058,434154,Exodus,6,14,ראובן,nmpr,"pers,gens,topo",F:unclassified-name,Torah
31509,1416058,434154,Exodus,6,14,ישראל,nmpr,"pers,gens,topo",F:unclassified-name,Torah
31510,1416058,434154,Exodus,6,14,חנוך,nmpr,pers,A:person-candidate,Torah
31512,1416058,434154,Exodus,6,14,פלוא,nmpr,pers,A:person-candidate,Torah
31513,1416058,434154,Exodus,6,14,חצרון,nmpr,pers,A:person-candidate,Torah
31515,1416058,434154,Exodus,6,14,כרמי,nmpr,pers,A:person-candidate,Torah
31518,1416058,434155,Exodus,6,14,ראובן,nmpr,"pers,gens,topo",F:unclassified-name,Torah
31521,1416059,434156,Exodus,6,15,שמעון,nmpr,"pers,gens,topo",F:unclassified-name,Torah
31522,1416059,434156,Exodus,6,15,ימואל,nmpr,pers,A:person-candidate,Torah
31524,1416059,434156,Exodus,6,15,ימין,nmpr,pers,A:person-candidate,Torah
31526,1416059,434156,Exodus,6,15,אהד,nmpr,pers,A:person-candidate,Torah
31528,1416059,434156,Exodus,6,15,יכין,nmpr,pers,A:person-candidate,Torah
31530,1416059,434156,Exodus,6,15,צחר,nmpr,pers,A:person-candidate,Torah
31532,1416059,434156,Exodus,6,15,שאול,nmpr,pers,A:person-candidate,Torah
31538,1416059,434157,Exodus,6,15,שמעון,nmpr,"pers,gens,topo",F:unclassified-name,Torah
31543,1416060,434158,Exodus,6,16,לוי,nmpr,"pers,gens",F:unclassified-name,Torah
31546,1416060,434159,Exodus,6,16,גרשון,nmpr,pers,A:person-candidate,Torah
31548,1416060,434159,Exodus,6,16,קהת,nmpr,pers,A:person-candidate,Torah
31550,1416060,434159,Exodus,6,16,מררי,nmpr,pers,A:person-candidate,Torah
31554,1416060,434160,Exodus,6,16,לוי,nmpr,"pers,gens",F:unclassified-name,Torah
31562,1416061,434161,Exodus,6,17,גרשון,nmpr,pers,A:person-candidate,Torah
31563,1416061,434161,Exodus,6,17,לבני,nmpr,pers,A:person-candidate,Torah
31565,1416061,434161,Exodus,6,17,שמעי,nmpr,pers,A:person-candidate,Torah
31570,1416062,434162,Exodus,6,18,קהת,nmpr,pers,A:person-candidate,Torah
31571,1416062,434162,Exodus,6,18,עמרם,nmpr,pers,A:person-candidate,Torah
31573,1416062,434162,Exodus,6,18,יצהר,nmpr,pers,A:person-candidate,Torah
31575,1416062,434162,Exodus,6,18,חברון,nmpr,pers,A:person-candidate,Torah
31577,1416062,434162,Exodus,6,18,עזיאל,nmpr,pers,A:person-candidate,Torah
31581,1416062,434163,Exodus,6,18,קהת,nmpr,pers,A:person-candidate,Torah
31590,1416063,434164,Exodus,6,19,מררי,nmpr,pers,A:person-candidate,Torah
31591,1416063,434164,Exodus,6,19,מחלי,nmpr,pers,A:person-candidate,Torah
31593,1416063,434164,Exodus,6,19,מושי,nmpr,pers,A:person-candidate,Torah
31602,1416064,434166,Exodus,6,20,עמרם,nmpr,pers,A:person-candidate,Torah
31604,1416064,434166,Exodus,6,20,יוכבד,nmpr,pers,A:person-candidate,Torah
31613,1416064,434167,Exodus,6,20,אהרן,nmpr,pers,A:person-candidate,Torah
31616,1416064,434167,Exodus,6,20,משה,nmpr,pers,A:person-candidate,Torah
31620,1416064,434168,Exodus,6,20,עמרם,nmpr,pers,A:person-candidate,Torah
31629,1416065,434169,Exodus,6,21,יצהר,nmpr,pers,A:person-candidate,Torah
31630,1416065,434169,Exodus,6,21,קרח,nmpr,pers,A:person-candidate,Torah
31632,1416065,434169,Exodus,6,21,נפג,nmpr,pers,A:person-candidate,Torah
31634,1416065,434169,Exodus,6,21,זכרי,nmpr,pers,A:person-candidate,Torah
31637,1416066,434170,Exodus,6,22,עזיאל,nmpr,pers,A:person-candidate,Torah
31638,1416066,434170,Exodus,6,22,מישאל,nmpr,pers,A:person-candidate,Torah
31640,1416066,434170,Exodus,6,22,אלצפן,nmpr,pers,A:person-candidate,Torah
31642,1416066,434170,Exodus,6,22,סתרי,nmpr,pers,A:person-candidate,Torah
31645,1416067,434171,Exodus,6,23,אהרן,nmpr,pers,A:person-candidate,Torah
31647,1416067,434171,Exodus,6,23,אלישבע,nmpr,pers,A:person-candidate,Torah
31649,1416067,434171,Exodus,6,23,עמינדב,nmpr,pers,A:person-candidate,Torah
31651,1416067,434171,Exodus,6,23,נחשון,nmpr,pers,A:person-candidate,Torah
31659,1416067,434172,Exodus,6,23,נדב,nmpr,pers,A:person-candidate,Torah
31662,1416067,434172,Exodus,6,23,אביהוא,nmpr,pers,A:person-candidate,Torah
31664,1416067,434172,Exodus,6,23,אלעזר,nmpr,pers,A:person-candidate,Torah
31667,1416067,434172,Exodus,6,23,איתמר,nmpr,pers,A:person-candidate,Torah
31670,1416068,434173,Exodus,6,24,קרח,nmpr,pers,A:person-candidate,Torah
31671,1416068,434173,Exodus,6,24,אסיר,nmpr,pers,A:person-candidate,Torah
31673,1416068,434173,Exodus,6,24,אלקנה,nmpr,pers,A:person-candidate,Torah
31675,1416068,434173,Exodus,6,24,אביאסף,nmpr,pers,A:person-candidate,Torah
31681,1416069,434175,Exodus,6,25,אלעזר,nmpr,pers,A:person-candidate,Torah
31683,1416069,434175,Exodus,6,25,אהרן,nmpr,pers,A:person-candidate,Torah
31688,1416069,434175,Exodus,6,25,פוטיאל,nmpr,pers,A:person-candidate,Torah
31696,1416069,434176,Exodus,6,25,פינחס,nmpr,pers,A:person-candidate,Torah
31705,1416070,434178,Exodus,6,26,אהרן,nmpr,pers,A:person-candidate,Torah
31707,1416070,434178,Exodus,6,26,משה,nmpr,pers,A:person-candidate,Torah
31710,1416070,434179,Exodus,6,26,יהוה,nmpr,pers,E:YHWH,Torah
31715,1416070,434180,Exodus,6,26,ישראל,nmpr,"pers,gens,topo",F:unclassified-name,Torah
31718,1416070,434180,Exodus,6,26,מצרים,nmpr,topo,F:unclassified-name,Torah
31724,1416071,434182,Exodus,6,27,אל,prep,,C:divine-title-candidate,Torah
31726,1416071,434182,Exodus,6,27,מלך,subs,,B:deity-candidate,Torah
31727,1416071,434182,Exodus,6,27,מצרים,nmpr,topo,F:unclassified-name,Torah
31732,1416071,434183,Exodus,6,27,ישראל,nmpr,"pers,gens,topo",F:unclassified-name,Torah
31734,1416071,434183,Exodus,6,27,מצרים,nmpr,topo,F:unclassified-name,Torah
31736,1416071,434184,Exodus,6,27,משה,nmpr,pers,A:person-candidate,Torah
31738,1416071,434184,Exodus,6,27,אהרן,nmpr,pers,A:person-candidate,Torah
31744,1416072,434186,Exodus,6,28,יהוה,nmpr,pers,E:YHWH,Torah
31745,1416072,434186,Exodus,6,28,אל,prep,,C:divine-title-candidate,Torah
31746,1416072,434186,Exodus,6,28,משה,nmpr,pers,A:person-candidate,Torah
31749,1416072,434186,Exodus,6,28,מצרים,nmpr,topo,F:unclassified-name,Torah
31752,1416073,434187,Exodus,6,29,יהוה,nmpr,pers,E:YHWH,Torah
31753,1416073,434187,Exodus,6,29,אל,prep,,C:divine-title-candidate,Torah
31754,1416073,434187,Exodus,6,29,משה,nmpr,pers,A:person-candidate,Torah
31758,1416073,434189,Exodus,6,29,יהוה,nmpr,pers,E:YHWH,Torah
31760,1416073,434190,Exodus,6,29,אל,prep,,C:divine-title-candidate,Torah
31762,1416073,434190,Exodus,6,29,מלך,subs,,B:deity-candidate,Torah
31763,1416073,434190,Exodus,6,29,מצרים,nmpr,topo,F:unclassified-name,Torah
31769,1416073,434191,Exodus,6,29,אל,prep,,C:divine-title-candidate,Torah
31772,1416074,434192,Exodus,6,30,משה,nmpr,pers,A:person-candidate,Torah
31775,1416074,434192,Exodus,6,30,יהוה,nmpr,pers,E:YHWH,Torah
31783,1416074,434194,Exodus,6,30,אל,prep,,C:divine-title-candidate,Torah
31787,1416075,434195,Exodus,7,1,יהוה,nmpr,pers,E:YHWH,Torah
31788,1416075,434195,Exodus,7,1,אל,prep,,C:divine-title-candidate,Torah
31789,1416075,434195,Exodus,7,1,משה,nmpr,pers,A:person-candidate,Torah
31792,1416075,434197,Exodus,7,1,אלהים,subs,,D:Elohim,Torah
31796,1416075,434198,Exodus,7,1,אהרן,nmpr,pers,A:person-candidate,Torah
31807,1416076,434201,Exodus,7,2,אהרן,nmpr,pers,A:person-candidate,Torah
31810,1416076,434201,Exodus,7,2,אל,prep,,C:divine-title-candidate,Torah
31816,1416076,434202,Exodus,7,2,ישראל,nmpr,"pers,gens,topo",F:unclassified-name,Torah
31834,1416077,434204,Exodus,7,3,מצרים,nmpr,topo,F:unclassified-name,Torah
31838,1416078,434205,Exodus,7,4,אל,prep,,C:divine-title-candidate,Torah
31845,1416078,434206,Exodus,7,4,מצרים,nmpr,topo,F:unclassified-name,Torah
31853,1416078,434207,Exodus,7,4,ישראל,nmpr,"pers,gens,topo",F:unclassified-name,Torah
31856,1416078,434207,Exodus,7,4,מצרים,nmpr,topo,F:unclassified-name,Torah
31862,1416079,434208,Exodus,7,5,מצרים,nmpr,topo,F:unclassified-name,Torah
31865,1416079,434209,Exodus,7,5,יהוה,nmpr,pers,E:YHWH,Torah
31871,1416079,434210,Exodus,7,5,מצרים,nmpr,topo,F:unclassified-name,Torah
31876,1416079,434211,Exodus,7,5,ישראל,nmpr,"pers,gens,topo",F:unclassified-name,Torah
31881,1416080,434212,Exodus,7,6,משה,nmpr,pers,A:person-candidate,Torah
31883,1416080,434212,Exodus,7,6,אהרן,nmpr,pers,A:person-candidate,Torah
31887,1416080,434213,Exodus,7,6,יהוה,nmpr,pers,E:YHWH,Torah
31892,1416081,434215,Exodus,7,7,משה,nmpr,pers,A:person-candidate,Torah
31897,1416081,434216,Exodus,7,7,אהרן,nmpr,pers,A:person-candidate,Torah
31905,1416081,434217,Exodus,7,7,אל,prep,,C:divine-title-candidate,Torah
31909,1416082,434218,Exodus,7,8,יהוה,nmpr,pers,E:YHWH,Torah
31910,1416082,434218,Exodus,7,8,אל,prep,,C:divine-title-candidate,Torah
31911,1416082,434218,Exodus,7,8,משה,nmpr,pers,A:person-candidate,Torah
31913,1416082,434218,Exodus,7,8,אל,prep,,C:divine-title-candidate,Torah
31914,1416082,434218,Exodus,7,8,אהרן,nmpr,pers,A:person-candidate,Torah
31919,1416083,434220,Exodus,7,9,אל,prep,,C:divine-title-candidate,Torah
31928,1416083,434223,Exodus,7,9,אל,prep,,C:divine-title-candidate,Torah
31929,1416083,434223,Exodus,7,9,אהרן,nmpr,pers,A:person-candidate,Torah
31943,1416084,434227,Exodus,7,10,משה,nmpr,pers,A:person-candidate,Torah
31945,1416084,434227,Exodus,7,10,אהרן,nmpr,pers,A:person-candidate,Torah
31946,1416084,434227,Exodus,7,10,אל,prep,,C:divine-title-candidate,Torah
31954,1416084,434229,Exodus,7,10,יהוה,nmpr,pers,E:YHWH,Torah
31957,1416084,434230,Exodus,7,10,אהרן,nmpr,pers,A:person-candidate,Torah
31987,1416085,434233,Exodus,7,11,מצרים,nmpr,topo,F:unclassified-name,Torah
32002,1416086,434237,Exodus,7,12,אהרן,nmpr,pers,A:person-candidate,Torah
32012,1416087,434239,Exodus,7,13,אל,prep,,C:divine-title-candidate,Torah
32016,1416087,434240,Exodus,7,13,יהוה,nmpr,pers,E:YHWH,Torah
32019,1416088,434241,Exodus,7,14,יהוה,nmpr,pers,E:YHWH,Torah
32020,1416088,434241,Exodus,7,14,אל,prep,,C:divine-title-candidate,Torah
32021,1416088,434241,Exodus,7,14,משה,nmpr,pers,A:person-candidate,Torah
32031,1416089,434245,Exodus,7,15,אל,prep,,C:divine-title-candidate,Torah
32047,1416089,434247,Exodus,7,15,יאר,nmpr,topo,F:unclassified-name,Torah
32060,1416090,434251,Exodus,7,16,אל,prep,,C:divine-title-candidate,Torah
32061,1416090,434252,Exodus,7,16,יהוה,nmpr,pers,E:YHWH,Torah
32062,1416090,434252,Exodus,7,16,אלהים,subs,,D:Elohim,Torah
32066,1416090,434252,Exodus,7,16,אל,prep,,C:divine-title-candidate,Torah
32085,1416091,434258,Exodus,7,17,יהוה,nmpr,pers,E:YHWH,Torah
32091,1416091,434260,Exodus,7,17,יהוה,nmpr,pers,E:YHWH,Torah
32107,1416091,434264,Exodus,7,17,יאר,nmpr,topo,F:unclassified-name,Torah
32118,1416092,434267,Exodus,7,18,יאר,nmpr,topo,F:unclassified-name,Torah
32123,1416092,434268,Exodus,7,18,יאר,nmpr,topo,F:unclassified-name,Torah
32126,1416092,434269,Exodus,7,18,מצרים,nmpr,topo,F:unclassified-name,Torah
32132,1416092,434270,Exodus,7,18,יאר,nmpr,topo,F:unclassified-name,Torah
32135,1416093,434271,Exodus,7,19,יהוה,nmpr,pers,E:YHWH,Torah
32136,1416093,434271,Exodus,7,19,אל,prep,,C:divine-title-candidate,Torah
32137,1416093,434271,Exodus,7,19,משה,nmpr,pers,A:person-candidate,Torah
32139,1416093,434272,Exodus,7,19,אל,prep,,C:divine-title-candidate,Torah
32140,1416093,434272,Exodus,7,19,אהרן,nmpr,pers,A:person-candidate,Torah
32148,1416093,434274,Exodus,7,19,מצרים,nmpr,topo,F:unclassified-name,Torah
32170,1416093,434276,Exodus,7,19,מצרים,nmpr,topo,F:unclassified-name,Torah
32182,1416094,434277,Exodus,7,20,משה,nmpr,pers,A:person-candidate,Torah
32184,1416094,434277,Exodus,7,20,אהרן,nmpr,pers,A:person-candidate,Torah
32188,1416094,434278,Exodus,7,20,יהוה,nmpr,pers,E:YHWH,Torah
32202,1416094,434281,Exodus,7,20,יאר,nmpr,topo,F:unclassified-name,Torah
32218,1416094,434283,Exodus,7,20,יאר,nmpr,topo,F:unclassified-name,Torah
32227,1416095,434285,Exodus,7,21,יאר,nmpr,topo,F:unclassified-name,Torah
32232,1416095,434286,Exodus,7,21,יאר,nmpr,topo,F:unclassified-name,Torah
32236,1416095,434287,Exodus,7,21,מצרים,nmpr,topo,F:unclassified-name,Torah
32242,1416095,434288,Exodus,7,21,יאר,nmpr,topo,F:unclassified-name,Torah
32250,1416095,434289,Exodus,7,21,מצרים,nmpr,topo,F:unclassified-name,Torah
32255,1416096,434290,Exodus,7,22,מצרים,nmpr,topo,F:unclassified-name,Torah
32265,1416096,434292,Exodus,7,22,אל,prep,,C:divine-title-candidate,Torah
32269,1416096,434293,Exodus,7,22,יהוה,nmpr,pers,E:YHWH,Torah
32275,1416097,434295,Exodus,7,23,אל,prep,,C:divine-title-candidate,Torah
32287,1416098,434297,Exodus,7,24,מצרים,nmpr,topo,F:unclassified-name,Torah
32290,1416098,434297,Exodus,7,24,יאר,nmpr,topo,F:unclassified-name,Torah
32302,1416098,434300,Exodus,7,24,יאר,nmpr,topo,F:unclassified-name,Torah
32309,1416099,434302,Exodus,7,25,יהוה,nmpr,pers,E:YHWH,Torah
32312,1416099,434302,Exodus,7,25,יאר,nmpr,topo,F:unclassified-name,Torah
32315,1416100,434303,Exodus,7,26,יהוה,nmpr,pers,E:YHWH,Torah
32316,1416100,434303,Exodus,7,26,אל,prep,,C:divine-title-candidate,Torah
32317,1416100,434303,Exodus,7,26,משה,nmpr,pers,A:person-candidate,Torah
32319,1416100,434304,Exodus,7,26,אל,prep,,C:divine-title-candidate,Torah
32323,1416100,434305,Exodus,7,26,אל,prep,,C:divine-title-candidate,Torah
32326,1416100,434306,Exodus,7,26,יהוה,nmpr,pers,E:YHWH,Torah
32350,1416102,434312,Exodus,7,28,יאר,nmpr,topo,F:unclassified-name,Torah
32392,1416104,434316,Exodus,8,1,יהוה,nmpr,pers,E:YHWH,Torah
32393,1416104,434316,Exodus,8,1,אל,prep,,C:divine-title-candidate,Torah
32394,1416104,434316,Exodus,8,1,משה,nmpr,pers,A:person-candidate,Torah
32396,1416104,434317,Exodus,8,1,אל,prep,,C:divine-title-candidate,Torah
32397,1416104,434317,Exodus,8,1,אהרן,nmpr,pers,A:person-candidate,Torah
32420,1416104,434319,Exodus,8,1,מצרים,nmpr,topo,F:unclassified-name,Torah
32423,1416105,434320,Exodus,8,2,אהרן,nmpr,pers,A:person-candidate,Torah
32428,1416105,434320,Exodus,8,2,מצרים,nmpr,topo,F:unclassified-name,Torah
32437,1416105,434322,Exodus,8,2,מצרים,nmpr,topo,F:unclassified-name,Torah
32452,1416106,434324,Exodus,8,3,מצרים,nmpr,topo,F:unclassified-name,Torah
32457,1416107,434325,Exodus,8,4,משה,nmpr,pers,A:person-candidate,Torah
32460,1416107,434325,Exodus,8,4,אהרן,nmpr,pers,A:person-candidate,Torah
32464,1416107,434327,Exodus,8,4,אל,prep,,C:divine-title-candidate,Torah
32465,1416107,434327,Exodus,8,4,יהוה,nmpr,pers,E:YHWH,Torah
32482,1416107,434330,Exodus,8,4,יהוה,nmpr,pers,E:YHWH,Torah
32485,1416108,434331,Exodus,8,5,משה,nmpr,pers,A:person-candidate,Torah
32511,1416108,434335,Exodus,8,5,יאר,nmpr,topo,F:unclassified-name,Torah
32526,1416109,434341,Exodus,8,6,יהוה,nmpr,pers,E:YHWH,Torah
32527,1416109,434341,Exodus,8,6,אלהים,subs,,D:Elohim,Torah
32545,1416110,434343,Exodus,8,7,יאר,nmpr,topo,F:unclassified-name,Torah
32549,1416111,434344,Exodus,8,8,משה,nmpr,pers,A:person-candidate,Torah
32551,1416111,434344,Exodus,8,8,אהרן,nmpr,pers,A:person-candidate,Torah
32557,1416111,434345,Exodus,8,8,משה,nmpr,pers,A:person-candidate,Torah
32558,1416111,434345,Exodus,8,8,אל,prep,,C:divine-title-candidate,Torah
32559,1416111,434345,Exodus,8,8,יהוה,nmpr,pers,E:YHWH,Torah
32570,1416112,434347,Exodus,8,9,יהוה,nmpr,pers,E:YHWH,Torah
32573,1416112,434347,Exodus,8,9,משה,nmpr,pers,A:person-candidate,Torah
32611,1416114,434354,Exodus,8,11,אל,prep,,C:divine-title-candidate,Torah
32615,1416114,434355,Exodus,8,11,יהוה,nmpr,pers,E:YHWH,Torah
32618,1416115,434356,Exodus,8,12,יהוה,nmpr,pers,E:YHWH,Torah
32619,1416115,434356,Exodus,8,12,אל,prep,,C:divine-title-candidate,Torah
32620,1416115,434356,Exodus,8,12,משה,nmpr,pers,A:person-candidate,Torah
32622,1416115,434357,Exodus,8,12,אל,prep,,C:divine-title-candidate,Torah
32623,1416115,434357,Exodus,8,12,אהרן,nmpr,pers,A:person-candidate,Torah
32640,1416115,434360,Exodus,8,12,מצרים,nmpr,topo,F:unclassified-name,Torah
32646,1416116,434362,Exodus,8,13,אהרן,nmpr,pers,A:person-candidate,Torah
32677,1416116,434365,Exodus,8,13,מצרים,nmpr,topo,F:unclassified-name,Torah
32708,1416118,434370,Exodus,8,15,אל,prep,,C:divine-title-candidate,Torah
32711,1416118,434371,Exodus,8,15,אלהים,subs,,D:Elohim,Torah
32720,1416118,434373,Exodus,8,15,אל,prep,,C:divine-title-candidate,Torah
32724,1416118,434374,Exodus,8,15,יהוה,nmpr,pers,E:YHWH,Torah
32727,1416119,434375,Exodus,8,16,יהוה,nmpr,pers,E:YHWH,Torah
32728,1416119,434375,Exodus,8,16,אל,prep,,C:divine-title-candidate,Torah
32729,1416119,434375,Exodus,8,16,משה,nmpr,pers,A:person-candidate,Torah
32745,1416119,434379,Exodus,8,16,אל,prep,,C:divine-title-candidate,Torah
32748,1416119,434380,Exodus,8,16,יהוה,nmpr,pers,E:YHWH,Torah
32777,1416120,434385,Exodus,8,17,מצרים,nmpr,topo,F:unclassified-name,Torah
32797,1416121,434388,Exodus,8,18,גשן,nmpr,topo,F:unclassified-name,Torah
32811,1416121,434392,Exodus,8,18,יהוה,nmpr,pers,E:YHWH,Torah
32833,1416123,434395,Exodus,8,20,יהוה,nmpr,pers,E:YHWH,Torah
32848,1416123,434396,Exodus,8,20,מצרים,nmpr,topo,F:unclassified-name,Torah
32859,1416124,434398,Exodus,8,21,אל,prep,,C:divine-title-candidate,Torah
32860,1416124,434398,Exodus,8,21,משה,nmpr,pers,A:person-candidate,Torah
32863,1416124,434399,Exodus,8,21,אהרן,nmpr,pers,A:person-candidate,Torah
32869,1416124,434402,Exodus,8,21,אלהים,subs,,D:Elohim,Torah
32875,1416125,434403,Exodus,8,22,משה,nmpr,pers,A:person-candidate,Torah
32883,1416125,434406,Exodus,8,22,מצרים,nmpr,topo,F:unclassified-name,Torah
32886,1416125,434407,Exodus,8,22,יהוה,nmpr,pers,E:YHWH,Torah
32887,1416125,434407,Exodus,8,22,אלהים,subs,,D:Elohim,Torah
32892,1416125,434408,Exodus,8,22,מצרים,nmpr,topo,F:unclassified-name,Torah
32908,1416126,434411,Exodus,8,23,יהוה,nmpr,pers,E:YHWH,Torah
32909,1416126,434411,Exodus,8,23,אלהים,subs,,D:Elohim,Torah
32913,1416126,434412,Exodus,8,23,אל,prep,,C:divine-title-candidate,Torah
32923,1416127,434415,Exodus,8,24,יהוה,nmpr,pers,E:YHWH,Torah
32924,1416127,434415,Exodus,8,24,אלהים,subs,,D:Elohim,Torah
32938,1416128,434419,Exodus,8,25,משה,nmpr,pers,A:person-candidate,Torah
32946,1416128,434421,Exodus,8,25,אל,prep,,C:divine-title-candidate,Torah
32947,1416128,434421,Exodus,8,25,יהוה,nmpr,pers,E:YHWH,Torah
32961,1416128,434423,Exodus,8,25,אל,nega,,C:divine-title-candidate,Torah
32974,1416128,434426,Exodus,8,25,יהוה,nmpr,pers,E:YHWH,Torah
32977,1416129,434427,Exodus,8,26,משה,nmpr,pers,A:person-candidate,Torah
32983,1416129,434428,Exodus,8,26,אל,prep,,C:divine-title-candidate,Torah
32984,1416129,434428,Exodus,8,26,יהוה,nmpr,pers,E:YHWH,Torah
32987,1416130,434429,Exodus,8,27,יהוה,nmpr,pers,E:YHWH,Torah
32990,1416130,434429,Exodus,8,27,משה,nmpr,pers,A:person-candidate,Torah
33024,1416132,434434,Exodus,9,1,יהוה,nmpr,pers,E:YHWH,Torah
33025,1416132,434434,Exodus,9,1,אל,prep,,C:divine-title-candidate,Torah
33026,1416132,434434,Exodus,9,1,משה,nmpr,pers,A:person-candidate,Torah
33028,1416132,434435,Exodus,9,1,אל,prep,,C:divine-title-candidate,Torah
33032,1416132,434436,Exodus,9,1,אל,prep,,C:divine-title-candidate,Torah
33035,1416132,434437,Exodus,9,1,יהוה,nmpr,pers,E:YHWH,Torah
33036,1416132,434437,Exodus,9,1,אלהים,subs,,D:Elohim,Torah
33056,1416134,434444,Exodus,9,3,יהוה,nmpr,pers,E:YHWH,Torah
33085,1416135,434447,Exodus,9,4,יהוה,nmpr,pers,E:YHWH,Torah
33088,1416135,434447,Exodus,9,4,ישראל,nmpr,"pers,gens,topo",F:unclassified-name,Torah
33092,1416135,434447,Exodus,9,4,מצרים,nmpr,topo,F:unclassified-name,Torah
33100,1416135,434448,Exodus,9,4,ישראל,nmpr,"pers,gens,topo",F:unclassified-name,Torah
33104,1416136,434449,Exodus,9,5,יהוה,nmpr,pers,E:YHWH,Torah
33110,1416136,434451,Exodus,9,5,יהוה,nmpr,pers,E:YHWH,Torah
33120,1416137,434452,Exodus,9,6,יהוה,nmpr,pers,E:YHWH,Torah
33132,1416137,434453,Exodus,9,6,מצרים,nmpr,topo,F:unclassified-name,Torah
33137,1416137,434454,Exodus,9,6,ישראל,nmpr,"pers,gens,topo",F:unclassified-name,Torah
33150,1416138,434457,Exodus,9,7,ישראל,nmpr,"pers,gens,topo",F:unclassified-name,Torah
33165,1416139,434460,Exodus,9,8,יהוה,nmpr,pers,E:YHWH,Torah
33166,1416139,434460,Exodus,9,8,אל,prep,,C:divine-title-candidate,Torah
33167,1416139,434460,Exodus,9,8,משה,nmpr,pers,A:person-candidate,Torah
33169,1416139,434460,Exodus,9,8,אל,prep,,C:divine-title-candidate,Torah
33170,1416139,434460,Exodus,9,8,אהרן,nmpr,pers,A:person-candidate,Torah
33179,1416139,434462,Exodus,9,8,משה,nmpr,pers,A:person-candidate,Torah
33192,1416140,434463,Exodus,9,9,מצרים,nmpr,topo,F:unclassified-name,Torah
33209,1416140,434464,Exodus,9,9,מצרים,nmpr,topo,F:unclassified-name,Torah
33224,1416141,434468,Exodus,9,10,משה,nmpr,pers,A:person-candidate,Torah
33248,1416142,434472,Exodus,9,11,משה,nmpr,pers,A:person-candidate,Torah
33263,1416142,434473,Exodus,9,11,מצרים,nmpr,topo,F:unclassified-name,Torah
33266,1416143,434474,Exodus,9,12,יהוה,nmpr,pers,E:YHWH,Torah
33273,1416143,434475,Exodus,9,12,אל,prep,,C:divine-title-candidate,Torah
33277,1416143,434476,Exodus,9,12,יהוה,nmpr,pers,E:YHWH,Torah
33278,1416143,434476,Exodus,9,12,אל,prep,,C:divine-title-candidate,Torah
33279,1416143,434476,Exodus,9,12,משה,nmpr,pers,A:person-candidate,Torah
33282,1416144,434477,Exodus,9,13,יהוה,nmpr,pers,E:YHWH,Torah
33283,1416144,434477,Exodus,9,13,אל,prep,,C:divine-title-candidate,Torah
33284,1416144,434477,Exodus,9,13,משה,nmpr,pers,A:person-candidate,Torah
33296,1416144,434480,Exodus,9,13,אל,prep,,C:divine-title-candidate,Torah
33299,1416144,434481,Exodus,9,13,יהוה,nmpr,pers,E:YHWH,Torah
33300,1416144,434481,Exodus,9,13,אלהים,subs,,D:Elohim,Torah
33319,1416145,434484,Exodus,9,14,אל,prep,,C:divine-title-candidate,Torah
33396,1416149,434498,Exodus,9,18,מצרים,nmpr,topo,F:unclassified-name,Torah
33446,1416151,434509,Exodus,9,20,יהוה,nmpr,pers,E:YHWH,Torah
33456,1416151,434511,Exodus,9,20,אל,prep,,C:divine-title-candidate,Torah
33464,1416152,434512,Exodus,9,21,אל,prep,,C:divine-title-candidate,Torah
33466,1416152,434512,Exodus,9,21,יהוה,nmpr,pers,E:YHWH,Torah
33479,1416153,434514,Exodus,9,22,יהוה,nmpr,pers,E:YHWH,Torah
33480,1416153,434514,Exodus,9,22,אל,prep,,C:divine-title-candidate,Torah
33481,1416153,434514,Exodus,9,22,משה,nmpr,pers,A:person-candidate,Torah
33494,1416153,434516,Exodus,9,22,מצרים,nmpr,topo,F:unclassified-name,Torah
33510,1416153,434516,Exodus,9,22,מצרים,nmpr,topo,F:unclassified-name,Torah
33513,1416154,434517,Exodus,9,23,משה,nmpr,pers,A:person-candidate,Torah
33520,1416154,434518,Exodus,9,23,יהוה,nmpr,pers,E:YHWH,Torah
33531,1416154,434520,Exodus,9,23,יהוה,nmpr,pers,E:YHWH,Torah
33535,1416154,434520,Exodus,9,23,מצרים,nmpr,topo,F:unclassified-name,Torah
33555,1416155,434523,Exodus,9,24,מצרים,nmpr,topo,F:unclassified-name,Torah
33568,1416156,434525,Exodus,9,25,מצרים,nmpr,topo,F:unclassified-name,Torah
33599,1416157,434529,Exodus,9,26,גשן,nmpr,topo,F:unclassified-name,Torah
33603,1416157,434530,Exodus,9,26,ישראל,nmpr,"pers,gens,topo",F:unclassified-name,Torah
33613,1416158,434532,Exodus,9,27,משה,nmpr,pers,A:person-candidate,Torah
33616,1416158,434532,Exodus,9,27,אהרן,nmpr,pers,A:person-candidate,Torah
33619,1416158,434533,Exodus,9,27,אל,prep,,C:divine-title-candidate,Torah
33623,1416158,434535,Exodus,9,27,יהוה,nmpr,pers,E:YHWH,Torah
33633,1416159,434537,Exodus,9,28,אל,prep,,C:divine-title-candidate,Torah
33634,1416159,434537,Exodus,9,28,יהוה,nmpr,pers,E:YHWH,Torah
33640,1416159,434539,Exodus,9,28,אלהים,subs,,D:Elohim,Torah
33653,1416160,434543,Exodus,9,29,אל,prep,,C:divine-title-candidate,Torah
33654,1416160,434543,Exodus,9,29,משה,nmpr,pers,A:person-candidate,Torah
33663,1416160,434545,Exodus,9,29,אל,prep,,C:divine-title-candidate,Torah
33664,1416160,434545,Exodus,9,29,יהוה,nmpr,pers,E:YHWH,Torah
33678,1416160,434549,Exodus,9,29,יהוה,nmpr,pers,E:YHWH,Torah
33691,1416161,434552,Exodus,9,30,יהוה,nmpr,pers,E:YHWH,Torah
33692,1416161,434552,Exodus,9,30,אלהים,subs,,D:Elohim,Torah
33721,1416164,434558,Exodus,9,33,משה,nmpr,pers,A:person-candidate,Torah
33731,1416164,434559,Exodus,9,33,אל,prep,,C:divine-title-candidate,Torah
33732,1416164,434559,Exodus,9,33,יהוה,nmpr,pers,E:YHWH,Torah
33777,1416166,434568,Exodus,9,35,ישראל,nmpr,"pers,gens,topo",F:unclassified-name,Torah
33781,1416166,434569,Exodus,9,35,יהוה,nmpr,pers,E:YHWH,Torah
33784,1416166,434569,Exodus,9,35,משה,nmpr,pers,A:person-candidate,Torah
33787,1416167,434570,Exodus,10,1,יהוה,nmpr,pers,E:YHWH,Torah
33788,1416167,434570,Exodus,10,1,אל,prep,,C:divine-title-candidate,Torah
33789,1416167,434570,Exodus,10,1,משה,nmpr,pers,A:person-candidate,Torah
33791,1416167,434571,Exodus,10,1,אל,prep,,C:divine-title-candidate,Torah
33821,1416168,434575,Exodus,10,2,מצרים,nmpr,topo,F:unclassified-name,Torah
33832,1416168,434579,Exodus,10,2,יהוה,nmpr,pers,E:YHWH,Torah
33835,1416169,434580,Exodus,10,3,משה,nmpr,pers,A:person-candidate,Torah
33837,1416169,434580,Exodus,10,3,אהרן,nmpr,pers,A:person-candidate,Torah
33838,1416169,434580,Exodus,10,3,אל,prep,,C:divine-title-candidate,Torah
33842,1416169,434581,Exodus,10,3,אל,prep,,C:divine-title-candidate,Torah
33845,1416169,434582,Exodus,10,3,יהוה,nmpr,pers,E:YHWH,Torah
33846,1416169,434582,Exodus,10,3,אלהים,subs,,D:Elohim,Torah
33922,1416172,434597,Exodus,10,6,מצרים,nmpr,topo,F:unclassified-name,Torah
33952,1416173,434602,Exodus,10,7,אל,prep,,C:divine-title-candidate,Torah
33967,1416173,434605,Exodus,10,7,יהוה,nmpr,pers,E:YHWH,Torah
33968,1416173,434605,Exodus,10,7,אלהים,subs,,D:Elohim,Torah
33974,1416173,434607,Exodus,10,7,מצרים,nmpr,topo,F:unclassified-name,Torah
33978,1416174,434608,Exodus,10,8,משה,nmpr,pers,A:person-candidate,Torah
33981,1416174,434608,Exodus,10,8,אהרן,nmpr,pers,A:person-candidate,Torah
33982,1416174,434608,Exodus,10,8,אל,prep,,C:divine-title-candidate,Torah
33986,1416174,434609,Exodus,10,8,אל,prep,,C:divine-title-candidate,Torah
33990,1416174,434611,Exodus,10,8,יהוה,nmpr,pers,E:YHWH,Torah
33991,1416174,434611,Exodus,10,8,אלהים,subs,,D:Elohim,Torah
33999,1416175,434614,Exodus,10,9,משה,nmpr,pers,A:person-candidate,Torah
34019,1416175,434617,Exodus,10,9,יהוה,nmpr,pers,E:YHWH,Torah
34023,1416176,434618,Exodus,10,10,אל,prep,,C:divine-title-candidate,Torah
34026,1416176,434619,Exodus,10,10,יהוה,nmpr,pers,E:YHWH,Torah
34049,1416177,434626,Exodus,10,11,יהוה,nmpr,pers,E:YHWH,Torah
34063,1416178,434629,Exodus,10,12,יהוה,nmpr,pers,E:YHWH,Torah
34064,1416178,434629,Exodus,10,12,אל,prep,,C:divine-title-candidate,Torah
34065,1416178,434629,Exodus,10,12,משה,nmpr,pers,A:person-candidate,Torah
34070,1416178,434630,Exodus,10,12,מצרים,nmpr,topo,F:unclassified-name,Torah
34078,1416178,434631,Exodus,10,12,מצרים,nmpr,topo,F:unclassified-name,Torah
34094,1416179,434634,Exodus,10,13,משה,nmpr,pers,A:person-candidate,Torah
34099,1416179,434634,Exodus,10,13,מצרים,nmpr,topo,F:unclassified-name,Torah
34101,1416179,434635,Exodus,10,13,יהוה,nmpr,pers,E:YHWH,Torah
34135,1416180,434638,Exodus,10,14,מצרים,nmpr,topo,F:unclassified-name,Torah
34141,1416180,434639,Exodus,10,14,מצרים,nmpr,topo,F:unclassified-name,Torah
34200,1416181,434647,Exodus,10,15,מצרים,nmpr,topo,F:unclassified-name,Torah
34207,1416182,434649,Exodus,10,16,משה,nmpr,pers,A:person-candidate,Torah
34210,1416182,434649,Exodus,10,16,אהרן,nmpr,pers,A:person-candidate,Torah
34215,1416182,434651,Exodus,10,16,יהוה,nmpr,pers,E:YHWH,Torah
34216,1416182,434651,Exodus,10,16,אלהים,subs,,D:Elohim,Torah
34230,1416183,434654,Exodus,10,17,יהוה,nmpr,pers,E:YHWH,Torah
34231,1416183,434654,Exodus,10,17,אלהים,subs,,D:Elohim,Torah
34249,1416184,434657,Exodus,10,18,אל,prep,,C:divine-title-candidate,Torah
34250,1416184,434657,Exodus,10,18,יהוה,nmpr,pers,E:YHWH,Torah
34253,1416185,434658,Exodus,10,19,יהוה,nmpr,pers,E:YHWH,Torah
34274,1416185,434661,Exodus,10,19,מצרים,nmpr,topo,F:unclassified-name,Torah
34277,1416186,434662,Exodus,10,20,יהוה,nmpr,pers,E:YHWH,Torah
34286,1416186,434663,Exodus,10,20,ישראל,nmpr,"pers,gens,topo",F:unclassified-name,Torah
34289,1416187,434664,Exodus,10,21,יהוה,nmpr,pers,E:YHWH,Torah
34290,1416187,434664,Exodus,10,21,אל,prep,,C:divine-title-candidate,Torah
34291,1416187,434664,Exodus,10,21,משה,nmpr,pers,A:person-candidate,Torah
34302,1416187,434666,Exodus,10,21,מצרים,nmpr,topo,F:unclassified-name,Torah
34308,1416188,434668,Exodus,10,22,משה,nmpr,pers,A:person-candidate,Torah
34321,1416188,434669,Exodus,10,22,מצרים,nmpr,topo,F:unclassified-name,Torah
34341,1416189,434674,Exodus,10,23,ישראל,nmpr,"pers,gens,topo",F:unclassified-name,Torah
34349,1416190,434675,Exodus,10,24,אל,prep,,C:divine-title-candidate,Torah
34350,1416190,434675,Exodus,10,24,משה,nmpr,pers,A:person-candidate,Torah
34356,1416190,434678,Exodus,10,24,יהוה,nmpr,pers,E:YHWH,Torah
34368,1416191,434681,Exodus,10,25,משה,nmpr,pers,A:person-candidate,Torah
34380,1416191,434683,Exodus,10,25,יהוה,nmpr,pers,E:YHWH,Torah
34381,1416191,434683,Exodus,10,25,אלהים,subs,,D:Elohim,Torah
34396,1416192,434687,Exodus,10,26,יהוה,nmpr,pers,E:YHWH,Torah
34397,1416192,434687,Exodus,10,26,אלהים,subs,,D:Elohim,Torah
34405,1416192,434689,Exodus,10,26,יהוה,nmpr,pers,E:YHWH,Torah
34411,1416193,434691,Exodus,10,27,יהוה,nmpr,pers,E:YHWH,Torah
34429,1416194,434697,Exodus,10,28,אל,nega,,C:divine-title-candidate,Torah
34441,1416195,434701,Exodus,10,29,משה,nmpr,pers,A:person-candidate,Torah
34451,1416196,434705,Exodus,11,1,יהוה,nmpr,pers,E:YHWH,Torah
34452,1416196,434705,Exodus,11,1,אל,prep,,C:divine-title-candidate,Torah
34453,1416196,434705,Exodus,11,1,משה,nmpr,pers,A:person-candidate,Torah
34462,1416196,434706,Exodus,11,1,מצרים,nmpr,topo,F:unclassified-name,Torah
34501,1416198,434714,Exodus,11,3,יהוה,nmpr,pers,E:YHWH,Torah
34508,1416198,434714,Exodus,11,3,מצרים,nmpr,topo,F:unclassified-name,Torah
34512,1416198,434715,Exodus,11,3,משה,nmpr,pers,A:person-candidate,Torah
34517,1416198,434715,Exodus,11,3,מצרים,nmpr,topo,F:unclassified-name,Torah
34529,1416199,434716,Exodus,11,4,משה,nmpr,pers,A:person-candidate,Torah
34532,1416199,434717,Exodus,11,4,יהוה,nmpr,pers,E:YHWH,Torah
34541,1416199,434718,Exodus,11,4,מצרים,nmpr,topo,F:unclassified-name,Torah
34548,1416200,434719,Exodus,11,5,מצרים,nmpr,topo,F:unclassified-name,Torah
34575,1416201,434723,Exodus,11,6,מצרים,nmpr,topo,F:unclassified-name,Torah
34588,1416202,434726,Exodus,11,7,ישראל,nmpr,"pers,gens,topo",F:unclassified-name,Torah
34603,1416202,434728,Exodus,11,7,יהוה,nmpr,pers,E:YHWH,Torah
34605,1416202,434728,Exodus,11,7,מצרים,nmpr,topo,F:unclassified-name,Torah
34608,1416202,434728,Exodus,11,7,ישראל,nmpr,"pers,gens,topo",F:unclassified-name,Torah
34614,1416203,434729,Exodus,11,8,אל,prep,,C:divine-title-candidate,Torah
34643,1416204,434736,Exodus,11,9,יהוה,nmpr,pers,E:YHWH,Torah
34644,1416204,434736,Exodus,11,9,אל,prep,,C:divine-title-candidate,Torah
34645,1416204,434736,Exodus,11,9,משה,nmpr,pers,A:person-candidate,Torah
34648,1416204,434737,Exodus,11,9,אל,prep,,C:divine-title-candidate,Torah
34655,1416204,434738,Exodus,11,9,מצרים,nmpr,topo,F:unclassified-name,Torah
34657,1416205,434739,Exodus,11,10,משה,nmpr,pers,A:person-candidate,Torah
34659,1416205,434739,Exodus,11,10,אהרן,nmpr,pers,A:person-candidate,Torah
34672,1416205,434740,Exodus,11,10,יהוה,nmpr,pers,E:YHWH,Torah
34681,1416205,434741,Exodus,11,10,ישראל,nmpr,"pers,gens,topo",F:unclassified-name,Torah
34686,1416206,434742,Exodus,12,1,יהוה,nmpr,pers,E:YHWH,Torah
34687,1416206,434742,Exodus,12,1,אל,prep,,C:divine-title-candidate,Torah
34688,1416206,434742,Exodus,12,1,משה,nmpr,pers,A:person-candidate,Torah
34690,1416206,434742,Exodus,12,1,אל,prep,,C:divine-title-candidate,Torah
34691,1416206,434742,Exodus,12,1,אהרן,nmpr,pers,A:person-candidate,Torah
34694,1416206,434742,Exodus,12,1,מצרים,nmpr,topo,F:unclassified-name,Torah
34712,1416208,434746,Exodus,12,3,אל,prep,,C:divine-title-candidate,Torah
34715,1416208,434746,Exodus,12,3,ישראל,nmpr,"pers,gens,topo",F:unclassified-name,Torah
34754,1416209,434754,Exodus,12,4,אל,prep,,C:divine-title-candidate,Torah
34802,1416211,434760,Exodus,12,6,ישראל,nmpr,"pers,gens,topo",F:unclassified-name,Torah
34845,1416214,434766,Exodus,12,9,אל,nega,,C:divine-title-candidate,Torah
34902,1416216,434777,Exodus,12,11,יהוה,nmpr,pers,E:YHWH,Torah
34907,1416217,434778,Exodus,12,12,מצרים,nmpr,topo,F:unclassified-name,Torah
34919,1416217,434779,Exodus,12,12,מצרים,nmpr,topo,F:unclassified-name,Torah
34928,1416217,434780,Exodus,12,12,אלהים,subs,,D:Elohim,Torah
34929,1416217,434780,Exodus,12,12,מצרים,nmpr,topo,F:unclassified-name,Torah
34933,1416217,434781,Exodus,12,12,יהוה,nmpr,pers,E:YHWH,Torah
34966,1416218,434787,Exodus,12,13,מצרים,nmpr,topo,F:unclassified-name,Torah
34981,1416219,434789,Exodus,12,14,יהוה,nmpr,pers,E:YHWH,Torah
35012,1416220,434795,Exodus,12,15,ישראל,nmpr,"pers,gens,topo",F:unclassified-name,Torah
35072,1416222,434802,Exodus,12,17,מצרים,nmpr,topo,F:unclassified-name,Torah
35130,1416224,434808,Exodus,12,19,ישראל,nmpr,"pers,gens,topo",F:unclassified-name,Torah
35150,1416226,434811,Exodus,12,21,משה,nmpr,pers,A:person-candidate,Torah
35154,1416226,434811,Exodus,12,21,ישראל,nmpr,"pers,gens,topo",F:unclassified-name,Torah
35157,1416226,434812,Exodus,12,21,אל,prep,,C:divine-title-candidate,Torah
35184,1416227,434819,Exodus,12,22,אל,prep,,C:divine-title-candidate,Torah
35188,1416227,434819,Exodus,12,22,אל,prep,,C:divine-title-candidate,Torah
35211,1416228,434823,Exodus,12,23,יהוה,nmpr,pers,E:YHWH,Torah
35215,1416228,434824,Exodus,12,23,מצרים,nmpr,topo,F:unclassified-name,Torah
35231,1416228,434826,Exodus,12,23,יהוה,nmpr,pers,E:YHWH,Torah
35242,1416228,434828,Exodus,12,23,אל,prep,,C:divine-title-candidate,Torah
35265,1416230,434832,Exodus,12,25,אל,prep,,C:divine-title-candidate,Torah
35270,1416230,434833,Exodus,12,25,יהוה,nmpr,pers,E:YHWH,Torah
35286,1416231,434837,Exodus,12,26,אל,prep,,C:divine-title-candidate,Torah
35300,1416232,434840,Exodus,12,27,יהוה,nmpr,pers,E:YHWH,Torah
35306,1416232,434841,Exodus,12,27,ישראל,nmpr,"pers,gens,topo",F:unclassified-name,Torah
35308,1416232,434841,Exodus,12,27,מצרים,nmpr,topo,F:unclassified-name,Torah
35312,1416232,434842,Exodus,12,27,מצרים,nmpr,topo,F:unclassified-name,Torah
35328,1416233,434847,Exodus,12,28,ישראל,nmpr,"pers,gens,topo",F:unclassified-name,Torah
35332,1416233,434848,Exodus,12,28,יהוה,nmpr,pers,E:YHWH,Torah
35334,1416233,434848,Exodus,12,28,משה,nmpr,pers,A:person-candidate,Torah
35336,1416233,434848,Exodus,12,28,אהרן,nmpr,pers,A:person-candidate,Torah
35346,1416234,434851,Exodus,12,29,יהוה,nmpr,pers,E:YHWH,Torah
35352,1416234,434851,Exodus,12,29,מצרים,nmpr,topo,F:unclassified-name,Torah
35383,1416235,434854,Exodus,12,30,מצרים,nmpr,topo,F:unclassified-name,Torah
35389,1416235,434855,Exodus,12,30,מצרים,nmpr,topo,F:unclassified-name,Torah
35400,1416236,434858,Exodus,12,31,משה,nmpr,pers,A:person-candidate,Torah
35403,1416236,434858,Exodus,12,31,אהרן,nmpr,pers,A:person-candidate,Torah
35416,1416236,434862,Exodus,12,31,ישראל,nmpr,"pers,gens,topo",F:unclassified-name,Torah
35421,1416236,434864,Exodus,12,31,יהוה,nmpr,pers,E:YHWH,Torah
35440,1416238,434870,Exodus,12,33,מצרים,nmpr,topo,F:unclassified-name,Torah
35471,1416240,434878,Exodus,12,35,ישראל,nmpr,"pers,gens,topo",F:unclassified-name,Torah
35475,1416240,434878,Exodus,12,35,משה,nmpr,pers,A:person-candidate,Torah
35479,1416240,434879,Exodus,12,35,מצרים,nmpr,topo,F:unclassified-name,Torah
35488,1416241,434880,Exodus,12,36,יהוה,nmpr,pers,E:YHWH,Torah
35496,1416241,434880,Exodus,12,36,מצרים,nmpr,topo,F:unclassified-name,Torah
35502,1416241,434882,Exodus,12,36,מצרים,nmpr,topo,F:unclassified-name,Torah
35506,1416242,434883,Exodus,12,37,ישראל,nmpr,"pers,gens,topo",F:unclassified-name,Torah
35508,1416242,434883,Exodus,12,37,רעמסס,nmpr,topo,F:unclassified-name,Torah
35509,1416242,434883,Exodus,12,37,סכות,nmpr,topo,F:unclassified-name,Torah
35542,1416244,434888,Exodus,12,39,מצרים,nmpr,topo,F:unclassified-name,Torah
35551,1416244,434890,Exodus,12,39,מצרים,nmpr,topo,F:unclassified-name,Torah
35566,1416245,434894,Exodus,12,40,ישראל,nmpr,"pers,gens,topo",F:unclassified-name,Torah
35570,1416245,434895,Exodus,12,40,מצרים,nmpr,topo,F:unclassified-name,Torah
35598,1416246,434898,Exodus,12,41,יהוה,nmpr,pers,E:YHWH,Torah
35601,1416246,434898,Exodus,12,41,מצרים,nmpr,topo,F:unclassified-name,Torah
35606,1416247,434899,Exodus,12,42,יהוה,nmpr,pers,E:YHWH,Torah
35611,1416247,434900,Exodus,12,42,מצרים,nmpr,topo,F:unclassified-name,Torah
35618,1416247,434901,Exodus,12,42,יהוה,nmpr,pers,E:YHWH,Torah
35623,1416247,434901,Exodus,12,42,ישראל,nmpr,"pers,gens,topo",F:unclassified-name,Torah
35628,1416248,434902,Exodus,12,43,יהוה,nmpr,pers,E:YHWH,Torah
35629,1416248,434902,Exodus,12,43,אל,prep,,C:divine-title-candidate,Torah
35630,1416248,434902,Exodus,12,43,משה,nmpr,pers,A:person-candidate,Torah
35632,1416248,434902,Exodus,12,43,אהרן,nmpr,pers,A:person-candidate,Torah
35681,1416252,434912,Exodus,12,47,ישראל,nmpr,"pers,gens,topo",F:unclassified-name,Torah
35693,1416253,434914,Exodus,12,48,יהוה,nmpr,pers,E:YHWH,Torah
35733,1416255,434922,Exodus,12,50,ישראל,nmpr,"pers,gens,topo",F:unclassified-name,Torah
35737,1416255,434923,Exodus,12,50,יהוה,nmpr,pers,E:YHWH,Torah
35739,1416255,434923,Exodus,12,50,משה,nmpr,pers,A:person-candidate,Torah
35742,1416255,434923,Exodus,12,50,אהרן,nmpr,pers,A:person-candidate,Torah
35754,1416256,434926,Exodus,12,51,יהוה,nmpr,pers,E:YHWH,Torah
35757,1416256,434926,Exodus,12,51,ישראל,nmpr,"pers,gens,topo",F:unclassified-name,Torah
35760,1416256,434926,Exodus,12,51,מצרים,nmpr,topo,F:unclassified-name,Torah
35765,1416257,434927,Exodus,13,1,יהוה,nmpr,pers,E:YHWH,Torah
35766,1416257,434927,Exodus,13,1,אל,prep,,C:divine-title-candidate,Torah
35767,1416257,434927,Exodus,13,1,משה,nmpr,pers,A:person-candidate,Torah
35779,1416258,434930,Exodus,13,2,ישראל,nmpr,"pers,gens,topo",F:unclassified-name,Torah
35791,1416259,434932,Exodus,13,3,משה,nmpr,pers,A:person-candidate,Torah
35792,1416259,434932,Exodus,13,3,אל,prep,,C:divine-title-candidate,Torah
35804,1416259,434934,Exodus,13,3,מצרים,nmpr,topo,F:unclassified-name,Torah
35813,1416259,434935,Exodus,13,3,יהוה,nmpr,pers,E:YHWH,Torah
35833,1416261,434939,Exodus,13,5,יהוה,nmpr,pers,E:YHWH,Torah
35834,1416261,434939,Exodus,13,5,אל,prep,,C:divine-title-candidate,Torah
35886,1416262,434944,Exodus,13,6,יהוה,nmpr,pers,E:YHWH,Torah
35921,1416264,434950,Exodus,13,8,יהוה,nmpr,pers,E:YHWH,Torah
35926,1416264,434951,Exodus,13,8,מצרים,nmpr,topo,F:unclassified-name,Torah
35942,1416265,434953,Exodus,13,9,יהוה,nmpr,pers,E:YHWH,Torah
35950,1416265,434954,Exodus,13,9,יהוה,nmpr,pers,E:YHWH,Torah
35952,1416265,434954,Exodus,13,9,מצרים,nmpr,topo,F:unclassified-name,Torah
35969,1416267,434957,Exodus,13,11,יהוה,nmpr,pers,E:YHWH,Torah
35970,1416267,434957,Exodus,13,11,אל,prep,,C:divine-title-candidate,Torah
35990,1416268,434960,Exodus,13,12,יהוה,nmpr,pers,E:YHWH,Torah
36002,1416268,434963,Exodus,13,12,יהוה,nmpr,pers,E:YHWH,Torah
36035,1416270,434972,Exodus,13,14,אל,prep,,C:divine-title-candidate,Torah
36040,1416270,434973,Exodus,13,14,יהוה,nmpr,pers,E:YHWH,Torah
36042,1416270,434973,Exodus,13,14,מצרים,nmpr,topo,F:unclassified-name,Torah
36055,1416271,434977,Exodus,13,15,יהוה,nmpr,pers,E:YHWH,Torah
36060,1416271,434977,Exodus,13,15,מצרים,nmpr,topo,F:unclassified-name,Torah
36073,1416271,434978,Exodus,13,15,יהוה,nmpr,pers,E:YHWH,Torah
36100,1416272,434981,Exodus,13,16,יהוה,nmpr,pers,E:YHWH,Torah
36102,1416272,434981,Exodus,13,16,מצרים,nmpr,topo,F:unclassified-name,Torah
36114,1416273,434984,Exodus,13,17,אלהים,subs,,D:Elohim,Torah
36123,1416273,434986,Exodus,13,17,אלהים,subs,,D:Elohim,Torah
36133,1416273,434989,Exodus,13,17,מצרים,nmpr,topo,F:unclassified-name,Torah
36136,1416274,434990,Exodus,13,18,אלהים,subs,,D:Elohim,Torah
36149,1416274,434991,Exodus,13,18,ישראל,nmpr,"pers,gens,topo",F:unclassified-name,Torah
36152,1416274,434991,Exodus,13,18,מצרים,nmpr,topo,F:unclassified-name,Torah
36155,1416275,434992,Exodus,13,19,משה,nmpr,pers,A:person-candidate,Torah
36158,1416275,434992,Exodus,13,19,יוסף,nmpr,pers,A:person-candidate,Torah
36165,1416275,434993,Exodus,13,19,ישראל,nmpr,"pers,gens,topo",F:unclassified-name,Torah
36170,1416275,434995,Exodus,13,19,אלהים,subs,,D:Elohim,Torah
36182,1416276,434997,Exodus,13,20,סכות,nmpr,topo,F:unclassified-name,Torah
36186,1416276,434998,Exodus,13,20,אתם,nmpr,topo,F:unclassified-name,Torah
36192,1416277,434999,Exodus,13,21,יהוה,nmpr,pers,E:YHWH,Torah
36234,1416279,435007,Exodus,14,1,יהוה,nmpr,pers,E:YHWH,Torah
36235,1416279,435007,Exodus,14,1,אל,prep,,C:divine-title-candidate,Torah
36236,1416279,435007,Exodus,14,1,משה,nmpr,pers,A:person-candidate,Torah
36240,1416280,435009,Exodus,14,2,אל,prep,,C:divine-title-candidate,Torah
36242,1416280,435009,Exodus,14,2,ישראל,nmpr,"pers,gens,topo",F:unclassified-name,Torah
36249,1416280,435011,Exodus,14,2,פי החירות,nmpr,topo,F:unclassified-name,Torah
36251,1416280,435011,Exodus,14,2,מגדל,nmpr,topo,F:unclassified-name,Torah
36258,1416280,435011,Exodus,14,2,בעל צפן,nmpr,topo,F:unclassified-name,Torah
36269,1416281,435013,Exodus,14,3,ישראל,nmpr,"pers,gens,topo",F:unclassified-name,Torah
36297,1416282,435019,Exodus,14,4,מצרים,nmpr,topo,F:unclassified-name,Torah
36300,1416282,435020,Exodus,14,4,יהוה,nmpr,pers,E:YHWH,Torah
36307,1416283,435022,Exodus,14,5,מלך,subs,,B:deity-candidate,Torah
36308,1416283,435022,Exodus,14,5,מצרים,nmpr,topo,F:unclassified-name,Torah
36319,1416283,435024,Exodus,14,5,אל,prep,,C:divine-title-candidate,Torah
36330,1416283,435027,Exodus,14,5,ישראל,nmpr,"pers,gens,topo",F:unclassified-name,Torah
36351,1416285,435031,Exodus,14,7,מצרים,nmpr,topo,F:unclassified-name,Torah
36358,1416286,435033,Exodus,14,8,יהוה,nmpr,pers,E:YHWH,Torah
36362,1416286,435033,Exodus,14,8,מלך,subs,,B:deity-candidate,Torah
36363,1416286,435033,Exodus,14,8,מצרים,nmpr,topo,F:unclassified-name,Torah
36368,1416286,435034,Exodus,14,8,ישראל,nmpr,"pers,gens,topo",F:unclassified-name,Torah
36371,1416286,435035,Exodus,14,8,ישראל,nmpr,"pers,gens,topo",F:unclassified-name,Torah
36378,1416287,435036,Exodus,14,9,מצרים,nmpr,topo,F:unclassified-name,Torah
36396,1416287,435037,Exodus,14,9,פי החירות,nmpr,topo,F:unclassified-name,Torah
36399,1416287,435037,Exodus,14,9,בעל צפן,nmpr,topo,F:unclassified-name,Torah
36406,1416288,435040,Exodus,14,10,ישראל,nmpr,"pers,gens,topo",F:unclassified-name,Torah
36411,1416288,435042,Exodus,14,10,מצרים,nmpr,topo,F:unclassified-name,Torah
36420,1416288,435044,Exodus,14,10,ישראל,nmpr,"pers,gens,topo",F:unclassified-name,Torah
36421,1416288,435044,Exodus,14,10,אל,prep,,C:divine-title-candidate,Torah
36422,1416288,435044,Exodus,14,10,יהוה,nmpr,pers,E:YHWH,Torah
36425,1416289,435045,Exodus,14,11,אל,prep,,C:divine-title-candidate,Torah
36426,1416289,435045,Exodus,14,11,משה,nmpr,pers,A:person-candidate,Torah
36433,1416289,435046,Exodus,14,11,מצרים,nmpr,topo,F:unclassified-name,Torah
36447,1416289,435050,Exodus,14,11,מצרים,nmpr,topo,F:unclassified-name,Torah
36455,1416290,435052,Exodus,14,12,אל,prep,,C:divine-title-candidate,Torah
36457,1416290,435052,Exodus,14,12,מצרים,nmpr,topo,F:unclassified-name,Torah
36465,1416290,435055,Exodus,14,12,מצרים,nmpr,topo,F:unclassified-name,Torah
36471,1416290,435057,Exodus,14,12,מצרים,nmpr,topo,F:unclassified-name,Torah
36479,1416291,435059,Exodus,14,13,משה,nmpr,pers,A:person-candidate,Torah
36480,1416291,435059,Exodus,14,13,אל,prep,,C:divine-title-candidate,Torah
36483,1416291,435060,Exodus,14,13,אל,nega,,C:divine-title-candidate,Torah
36490,1416291,435062,Exodus,14,13,יהוה,nmpr,pers,E:YHWH,Torah
36500,1416291,435065,Exodus,14,13,מצרים,nmpr,topo,F:unclassified-name,Torah
36510,1416292,435067,Exodus,14,14,יהוה,nmpr,pers,E:YHWH,Torah
36518,1416293,435069,Exodus,14,15,יהוה,nmpr,pers,E:YHWH,Torah
36519,1416293,435069,Exodus,14,15,אל,prep,,C:divine-title-candidate,Torah
36520,1416293,435069,Exodus,14,15,משה,nmpr,pers,A:person-candidate,Torah
36523,1416293,435070,Exodus,14,15,אל,prep,,C:divine-title-candidate,Torah
36525,1416293,435071,Exodus,14,15,אל,prep,,C:divine-title-candidate,Torah
36527,1416293,435071,Exodus,14,15,ישראל,nmpr,"pers,gens,topo",F:unclassified-name,Torah
36547,1416294,435076,Exodus,14,16,ישראל,nmpr,"pers,gens,topo",F:unclassified-name,Torah
36561,1416295,435078,Exodus,14,17,מצרים,nmpr,topo,F:unclassified-name,Torah
36580,1416296,435081,Exodus,14,18,מצרים,nmpr,topo,F:unclassified-name,Torah
36583,1416296,435082,Exodus,14,18,יהוה,nmpr,pers,E:YHWH,Torah
36597,1416297,435084,Exodus,14,19,אלהים,subs,,D:Elohim,Torah
36603,1416297,435085,Exodus,14,19,ישראל,nmpr,"pers,gens,topo",F:unclassified-name,Torah
36623,1416298,435089,Exodus,14,20,מצרים,nmpr,topo,F:unclassified-name,Torah
36627,1416298,435089,Exodus,14,20,ישראל,nmpr,"pers,gens,topo",F:unclassified-name,Torah
36644,1416298,435092,Exodus,14,20,אל,prep,,C:divine-title-candidate,Torah
36651,1416299,435093,Exodus,14,21,משה,nmpr,pers,A:person-candidate,Torah
36659,1416299,435094,Exodus,14,21,יהוה,nmpr,pers,E:YHWH,Torah
36685,1416300,435097,Exodus,14,22,ישראל,nmpr,"pers,gens,topo",F:unclassified-name,Torah
36705,1416301,435099,Exodus,14,23,מצרים,nmpr,topo,F:unclassified-name,Torah
36715,1416301,435100,Exodus,14,23,אל,prep,,C:divine-title-candidate,Torah
36727,1416302,435102,Exodus,14,24,יהוה,nmpr,pers,E:YHWH,Torah
36728,1416302,435102,Exodus,14,24,אל,prep,,C:divine-title-candidate,Torah
36730,1416302,435102,Exodus,14,24,מצרים,nmpr,topo,F:unclassified-name,Torah
36740,1416302,435103,Exodus,14,24,מצרים,nmpr,topo,F:unclassified-name,Torah
36752,1416303,435106,Exodus,14,25,מצרים,nmpr,topo,F:unclassified-name,Torah
36756,1416303,435107,Exodus,14,25,ישראל,nmpr,"pers,gens,topo",F:unclassified-name,Torah
36758,1416303,435108,Exodus,14,25,יהוה,nmpr,pers,E:YHWH,Torah
36762,1416303,435108,Exodus,14,25,מצרים,nmpr,topo,F:unclassified-name,Torah
36765,1416304,435109,Exodus,14,26,יהוה,nmpr,pers,E:YHWH,Torah
36766,1416304,435109,Exodus,14,26,אל,prep,,C:divine-title-candidate,Torah
36767,1416304,435109,Exodus,14,26,משה,nmpr,pers,A:person-candidate,Torah
36779,1416304,435111,Exodus,14,26,מצרים,nmpr,topo,F:unclassified-name,Torah
36787,1416305,435112,Exodus,14,27,משה,nmpr,pers,A:person-candidate,Torah
36803,1416305,435115,Exodus,14,27,מצרים,nmpr,topo,F:unclassified-name,Torah
36809,1416305,435117,Exodus,14,27,יהוה,nmpr,pers,E:YHWH,Torah
36811,1416305,435117,Exodus,14,27,מצרים,nmpr,topo,F:unclassified-name,Torah
36846,1416307,435122,Exodus,14,29,ישראל,nmpr,"pers,gens,topo",F:unclassified-name,Torah
36867,1416308,435124,Exodus,14,30,יהוה,nmpr,pers,E:YHWH,Torah
36874,1416308,435124,Exodus,14,30,ישראל,nmpr,"pers,gens,topo",F:unclassified-name,Torah
36877,1416308,435124,Exodus,14,30,מצרים,nmpr,topo,F:unclassified-name,Torah
36880,1416308,435125,Exodus,14,30,ישראל,nmpr,"pers,gens,topo",F:unclassified-name,Torah
36882,1416308,435125,Exodus,14,30,מצרים,nmpr,topo,F:unclassified-name,Torah
36890,1416309,435127,Exodus,14,31,ישראל,nmpr,"pers,gens,topo",F:unclassified-name,Torah
36898,1416309,435128,Exodus,14,31,יהוה,nmpr,pers,E:YHWH,Torah
36900,1416309,435128,Exodus,14,31,מצרים,nmpr,topo,F:unclassified-name,Torah
36906,1416309,435129,Exodus,14,31,יהוה,nmpr,pers,E:YHWH,Torah
36910,1416309,435130,Exodus,14,31,יהוה,nmpr,pers,E:YHWH,Torah
36913,1416309,435130,Exodus,14,31,משה,nmpr,pers,A:person-candidate,Torah
36917,1416310,435131,Exodus,15,1,משה,nmpr,pers,A:person-candidate,Torah
36920,1416310,435131,Exodus,15,1,ישראל,nmpr,"pers,gens,topo",F:unclassified-name,Torah
36927,1416310,435131,Exodus,15,1,יהוה,nmpr,pers,E:YHWH,Torah
36934,1416310,435134,Exodus,15,1,יהוה,nmpr,pers,E:YHWH,Torah
36948,1416311,435137,Exodus,15,2,יה,nmpr,pers,A:person-candidate,Torah
36955,1416311,435139,Exodus,15,2,אל,subs,,C:divine-title-candidate,Torah
36958,1416311,435141,Exodus,15,2,אלהים,subs,,D:Elohim,Torah
36962,1416312,435143,Exodus,15,3,יהוה,nmpr,pers,E:YHWH,Torah
36965,1416312,435144,Exodus,15,3,יהוה,nmpr,pers,E:YHWH,Torah
36990,1416315,435150,Exodus,15,6,יהוה,nmpr,pers,E:YHWH,Torah
36996,1416315,435153,Exodus,15,6,יהוה,nmpr,pers,E:YHWH,Torah
37054,1416320,435171,Exodus,15,11,אל,subs,,C:divine-title-candidate,Torah
37055,1416320,435172,Exodus,15,11,יהוה,nmpr,pers,E:YHWH,Torah
37079,1416322,435181,Exodus,15,13,אל,prep,,C:divine-title-candidate,Torah
37088,1416323,435184,Exodus,15,14,פלשת,nmpr,topo,F:unclassified-name,Torah
37092,1416324,435185,Exodus,15,15,אדום,nmpr,topo,F:unclassified-name,Torah
37094,1416324,435186,Exodus,15,15,מואב,nmpr,"pers,gens,topo",F:unclassified-name,Torah
37100,1416324,435188,Exodus,15,15,כנען,nmpr,"pers,gens,topo",F:unclassified-name,Torah
37116,1416325,435192,Exodus,15,16,יהוה,nmpr,pers,E:YHWH,Torah
37132,1416326,435199,Exodus,15,17,יהוה,nmpr,pers,E:YHWH,Torah
37134,1416326,435200,Exodus,15,17,אדני,nmpr,pers,C:divine-title-candidate,Torah
37137,1416327,435202,Exodus,15,18,יהוה,nmpr,pers,E:YHWH,Torah
37138,1416327,435202,Exodus,15,18,מלך,verb,,B:deity-candidate,Torah
37157,1416328,435204,Exodus,15,19,יהוה,nmpr,pers,E:YHWH,Torah
37165,1416328,435205,Exodus,15,19,ישראל,nmpr,"pers,gens,topo",F:unclassified-name,Torah
37176,1416329,435206,Exodus,15,20,מרים,nmpr,pers,A:person-candidate,Torah
37180,1416329,435206,Exodus,15,20,אהרן,nmpr,pers,A:person-candidate,Torah
37200,1416330,435208,Exodus,15,21,מרים,nmpr,pers,A:person-candidate,Torah
37203,1416330,435209,Exodus,15,21,יהוה,nmpr,pers,E:YHWH,Torah
37216,1416331,435212,Exodus,15,22,משה,nmpr,pers,A:person-candidate,Torah
37218,1416331,435212,Exodus,15,22,ישראל,nmpr,"pers,gens,topo",F:unclassified-name,Torah
37224,1416331,435213,Exodus,15,22,אל,prep,,C:divine-title-candidate,Torah
37226,1416331,435213,Exodus,15,22,שור,nmpr,topo,F:unclassified-name,Torah
37240,1416332,435216,Exodus,15,23,מרה,nmpr,topo,F:unclassified-name,Torah
37248,1416332,435218,Exodus,15,23,מרה,nmpr,topo,F:unclassified-name,Torah
37256,1416332,435220,Exodus,15,23,מרה,nmpr,topo,F:unclassified-name,Torah
37262,1416333,435221,Exodus,15,24,משה,nmpr,pers,A:person-candidate,Torah
37269,1416334,435224,Exodus,15,25,אל,prep,,C:divine-title-candidate,Torah
37270,1416334,435224,Exodus,15,25,יהוה,nmpr,pers,E:YHWH,Torah
37273,1416334,435225,Exodus,15,25,יהוה,nmpr,pers,E:YHWH,Torah
37277,1416334,435226,Exodus,15,25,אל,prep,,C:divine-title-candidate,Torah
37300,1416335,435231,Exodus,15,26,יהוה,nmpr,pers,E:YHWH,Torah
37301,1416335,435231,Exodus,15,26,אלהים,subs,,D:Elohim,Torah
37322,1416335,435237,Exodus,15,26,מצרים,nmpr,topo,F:unclassified-name,Torah
37328,1416335,435238,Exodus,15,26,יהוה,nmpr,pers,E:YHWH,Torah
37332,1416336,435239,Exodus,15,27,אילם,nmpr,topo,F:unclassified-name,Torah
37351,1416337,435242,Exodus,16,1,אילם,nmpr,topo,F:unclassified-name,Torah
37357,1416337,435243,Exodus,16,1,ישראל,nmpr,"pers,gens,topo",F:unclassified-name,Torah
37358,1416337,435243,Exodus,16,1,אל,prep,,C:divine-title-candidate,Torah
37360,1416337,435243,Exodus,16,1,סין,nmpr,topo,F:unclassified-name,Torah
37363,1416337,435244,Exodus,16,1,אילם,nmpr,topo,F:unclassified-name,Torah
37366,1416337,435244,Exodus,16,1,סיני,nmpr,topo,F:unclassified-name,Torah
37380,1416337,435245,Exodus,16,1,מצרים,nmpr,topo,F:unclassified-name,Torah
37386,1416338,435246,Exodus,16,2,ישראל,nmpr,"pers,gens,topo",F:unclassified-name,Torah
37388,1416338,435246,Exodus,16,2,משה,nmpr,pers,A:person-candidate,Torah
37391,1416338,435246,Exodus,16,2,אהרן,nmpr,pers,A:person-candidate,Torah
37397,1416339,435247,Exodus,16,3,אל,prep,,C:divine-title-candidate,Torah
37399,1416339,435247,Exodus,16,3,ישראל,nmpr,"pers,gens,topo",F:unclassified-name,Torah
37405,1416339,435249,Exodus,16,3,יהוה,nmpr,pers,E:YHWH,Torah
37408,1416339,435249,Exodus,16,3,מצרים,nmpr,topo,F:unclassified-name,Torah
37423,1416339,435252,Exodus,16,3,אל,prep,,C:divine-title-candidate,Torah
37441,1416340,435254,Exodus,16,4,יהוה,nmpr,pers,E:YHWH,Torah
37442,1416340,435254,Exodus,16,4,אל,prep,,C:divine-title-candidate,Torah
37443,1416340,435254,Exodus,16,4,משה,nmpr,pers,A:person-candidate,Torah
37491,1416342,435266,Exodus,16,6,משה,nmpr,pers,A:person-candidate,Torah
37493,1416342,435266,Exodus,16,6,אהרן,nmpr,pers,A:person-candidate,Torah
37494,1416342,435266,Exodus,16,6,אל,prep,,C:divine-title-candidate,Torah
37497,1416342,435266,Exodus,16,6,ישראל,nmpr,"pers,gens,topo",F:unclassified-name,Torah
37502,1416342,435269,Exodus,16,6,יהוה,nmpr,pers,E:YHWH,Torah
37507,1416342,435269,Exodus,16,6,מצרים,nmpr,topo,F:unclassified-name,Torah
37514,1416343,435271,Exodus,16,7,יהוה,nmpr,pers,E:YHWH,Torah
37520,1416343,435272,Exodus,16,7,יהוה,nmpr,pers,E:YHWH,Torah
37529,1416344,435276,Exodus,16,8,משה,nmpr,pers,A:person-candidate,Torah
37532,1416344,435277,Exodus,16,8,יהוה,nmpr,pers,E:YHWH,Torah
37549,1416344,435281,Exodus,16,8,יהוה,nmpr,pers,E:YHWH,Torah
37564,1416344,435286,Exodus,16,8,יהוה,nmpr,pers,E:YHWH,Torah
37567,1416345,435287,Exodus,16,9,משה,nmpr,pers,A:person-candidate,Torah
37568,1416345,435287,Exodus,16,9,אל,prep,,C:divine-title-candidate,Torah
37569,1416345,435287,Exodus,16,9,אהרן,nmpr,pers,A:person-candidate,Torah
37571,1416345,435288,Exodus,16,9,אל,prep,,C:divine-title-candidate,Torah
37575,1416345,435288,Exodus,16,9,ישראל,nmpr,"pers,gens,topo",F:unclassified-name,Torah
37579,1416345,435289,Exodus,16,9,יהוה,nmpr,pers,E:YHWH,Torah
37588,1416346,435292,Exodus,16,10,אהרן,nmpr,pers,A:person-candidate,Torah
37589,1416346,435292,Exodus,16,10,אל,prep,,C:divine-title-candidate,Torah
37593,1416346,435292,Exodus,16,10,ישראל,nmpr,"pers,gens,topo",F:unclassified-name,Torah
37596,1416346,435293,Exodus,16,10,אל,prep,,C:divine-title-candidate,Torah
37602,1416346,435295,Exodus,16,10,יהוה,nmpr,pers,E:YHWH,Torah
37609,1416347,435296,Exodus,16,11,יהוה,nmpr,pers,E:YHWH,Torah
37610,1416347,435296,Exodus,16,11,אל,prep,,C:divine-title-candidate,Torah
37611,1416347,435296,Exodus,16,11,משה,nmpr,pers,A:person-candidate,Torah
37618,1416348,435298,Exodus,16,12,ישראל,nmpr,"pers,gens,topo",F:unclassified-name,Torah
37620,1416348,435299,Exodus,16,12,אל,prep,,C:divine-title-candidate,Torah
37638,1416348,435304,Exodus,16,12,יהוה,nmpr,pers,E:YHWH,Torah
37639,1416348,435304,Exodus,16,12,אלהים,subs,,D:Elohim,Torah
37689,1416351,435313,Exodus,16,15,ישראל,nmpr,"pers,gens,topo",F:unclassified-name,Torah
37693,1416351,435315,Exodus,16,15,אל,prep,,C:divine-title-candidate,Torah
37704,1416351,435319,Exodus,16,15,משה,nmpr,pers,A:person-candidate,Torah
37705,1416351,435319,Exodus,16,15,אל,prep,,C:divine-title-candidate,Torah
37711,1416351,435321,Exodus,16,15,יהוה,nmpr,pers,E:YHWH,Torah
37720,1416352,435323,Exodus,16,16,יהוה,nmpr,pers,E:YHWH,Torah
37743,1416353,435329,Exodus,16,17,ישראל,nmpr,"pers,gens,topo",F:unclassified-name,Torah
37773,1416355,435340,Exodus,16,19,משה,nmpr,pers,A:person-candidate,Torah
37774,1416355,435340,Exodus,16,19,אל,prep,,C:divine-title-candidate,Torah
37776,1416355,435342,Exodus,16,19,אל,nega,,C:divine-title-candidate,Torah
37784,1416356,435343,Exodus,16,20,אל,prep,,C:divine-title-candidate,Torah
37785,1416356,435343,Exodus,16,20,משה,nmpr,pers,A:person-candidate,Torah
37800,1416356,435347,Exodus,16,20,משה,nmpr,pers,A:person-candidate,Torah
37845,1416358,435355,Exodus,16,22,משה,nmpr,pers,A:person-candidate,Torah
37848,1416359,435356,Exodus,16,23,אל,prep,,C:divine-title-candidate,Torah
37852,1416359,435358,Exodus,16,23,יהוה,nmpr,pers,E:YHWH,Torah
37857,1416359,435359,Exodus,16,23,יהוה,nmpr,pers,E:YHWH,Torah
37889,1416360,435366,Exodus,16,24,משה,nmpr,pers,A:person-candidate,Torah
37900,1416361,435369,Exodus,16,25,משה,nmpr,pers,A:person-candidate,Torah
37909,1416361,435371,Exodus,16,25,יהוה,nmpr,pers,E:YHWH,Torah
37948,1416364,435380,Exodus,16,28,יהוה,nmpr,pers,E:YHWH,Torah
37949,1416364,435380,Exodus,16,28,אל,prep,,C:divine-title-candidate,Torah
37950,1416364,435380,Exodus,16,28,משה,nmpr,pers,A:person-candidate,Torah
37961,1416365,435384,Exodus,16,29,יהוה,nmpr,pers,E:YHWH,Torah
37981,1416365,435388,Exodus,16,29,אל,nega,,C:divine-title-candidate,Torah
38003,1416367,435390,Exodus,16,31,ישראל,nmpr,"pers,gens,topo",F:unclassified-name,Torah
38011,1416367,435391,Exodus,16,31,גד,subs,,B:deity-candidate,Torah
38021,1416368,435393,Exodus,16,32,משה,nmpr,pers,A:person-candidate,Torah
38027,1416368,435395,Exodus,16,32,יהוה,nmpr,pers,E:YHWH,Torah
38052,1416368,435399,Exodus,16,32,מצרים,nmpr,topo,F:unclassified-name,Torah
38055,1416369,435400,Exodus,16,33,משה,nmpr,pers,A:person-candidate,Torah
38056,1416369,435400,Exodus,16,33,אל,prep,,C:divine-title-candidate,Torah
38057,1416369,435400,Exodus,16,33,אהרן,nmpr,pers,A:person-candidate,Torah
38073,1416369,435403,Exodus,16,33,יהוה,nmpr,pers,E:YHWH,Torah
38081,1416370,435404,Exodus,16,34,יהוה,nmpr,pers,E:YHWH,Torah
38082,1416370,435404,Exodus,16,34,אל,prep,,C:divine-title-candidate,Torah
38083,1416370,435404,Exodus,16,34,משה,nmpr,pers,A:person-candidate,Torah
38086,1416370,435405,Exodus,16,34,אהרן,nmpr,pers,A:person-candidate,Torah
38095,1416371,435406,Exodus,16,35,ישראל,nmpr,"pers,gens,topo",F:unclassified-name,Torah
38104,1416371,435407,Exodus,16,35,אל,prep,,C:divine-title-candidate,Torah
38113,1416371,435409,Exodus,16,35,אל,prep,,C:divine-title-candidate,Torah
38116,1416371,435409,Exodus,16,35,כנען,nmpr,"pers,gens,topo",F:unclassified-name,Torah
38129,1416373,435412,Exodus,17,1,ישראל,nmpr,"pers,gens,topo",F:unclassified-name,Torah
38132,1416373,435412,Exodus,17,1,סין,nmpr,topo,F:unclassified-name,Torah
38137,1416373,435412,Exodus,17,1,יהוה,nmpr,pers,E:YHWH,Torah
38141,1416373,435413,Exodus,17,1,רפידים,nmpr,topo,F:unclassified-name,Torah
38154,1416374,435416,Exodus,17,2,משה,nmpr,pers,A:person-candidate,Torah
38165,1416374,435420,Exodus,17,2,משה,nmpr,pers,A:person-candidate,Torah
38172,1416374,435422,Exodus,17,2,יהוה,nmpr,pers,E:YHWH,Torah
38186,1416375,435424,Exodus,17,3,משה,nmpr,pers,A:person-candidate,Torah
38193,1416375,435426,Exodus,17,3,מצרים,nmpr,topo,F:unclassified-name,Torah
38208,1416376,435428,Exodus,17,4,משה,nmpr,pers,A:person-candidate,Torah
38209,1416376,435428,Exodus,17,4,אל,prep,,C:divine-title-candidate,Torah
38210,1416376,435428,Exodus,17,4,יהוה,nmpr,pers,E:YHWH,Torah
38226,1416377,435433,Exodus,17,5,יהוה,nmpr,pers,E:YHWH,Torah
38227,1416377,435433,Exodus,17,5,אל,prep,,C:divine-title-candidate,Torah
38228,1416377,435433,Exodus,17,5,משה,nmpr,pers,A:person-candidate,Torah
38239,1416377,435435,Exodus,17,5,ישראל,nmpr,"pers,gens,topo",F:unclassified-name,Torah
38247,1416377,435437,Exodus,17,5,יאר,nmpr,topo,F:unclassified-name,Torah
38262,1416378,435439,Exodus,17,6,חרב,nmpr,topo,F:unclassified-name,Torah
38279,1416378,435443,Exodus,17,6,משה,nmpr,pers,A:person-candidate,Torah
38283,1416378,435443,Exodus,17,6,ישראל,nmpr,"pers,gens,topo",F:unclassified-name,Torah
38289,1416379,435444,Exodus,17,7,מסה,nmpr,topo,F:unclassified-name,Torah
38291,1416379,435444,Exodus,17,7,מריבה,nmpr,topo,F:unclassified-name,Torah
38295,1416379,435445,Exodus,17,7,ישראל,nmpr,"pers,gens,topo",F:unclassified-name,Torah
38300,1416379,435446,Exodus,17,7,יהוה,nmpr,pers,E:YHWH,Torah
38305,1416379,435448,Exodus,17,7,יהוה,nmpr,pers,E:YHWH,Torah
38312,1416380,435450,Exodus,17,8,עמלק,nmpr,"pers,gens",F:unclassified-name,Torah
38316,1416380,435451,Exodus,17,8,ישראל,nmpr,"pers,gens,topo",F:unclassified-name,Torah
38318,1416380,435451,Exodus,17,8,רפידים,nmpr,topo,F:unclassified-name,Torah
38321,1416381,435452,Exodus,17,9,משה,nmpr,pers,A:person-candidate,Torah
38322,1416381,435452,Exodus,17,9,אל,prep,,C:divine-title-candidate,Torah
38323,1416381,435452,Exodus,17,9,יהושע,nmpr,pers,A:person-candidate,Torah
38331,1416381,435455,Exodus,17,9,עמלק,nmpr,"pers,gens",F:unclassified-name,Torah
38342,1416381,435457,Exodus,17,9,אלהים,subs,,D:Elohim,Torah
38347,1416382,435458,Exodus,17,10,יהושע,nmpr,pers,A:person-candidate,Torah
38352,1416382,435459,Exodus,17,10,משה,nmpr,pers,A:person-candidate,Torah
38356,1416382,435460,Exodus,17,10,עמלק,nmpr,"pers,gens",F:unclassified-name,Torah
38358,1416382,435461,Exodus,17,10,משה,nmpr,pers,A:person-candidate,Torah
38359,1416382,435461,Exodus,17,10,אהרן,nmpr,pers,A:person-candidate,Torah
38361,1416382,435461,Exodus,17,10,חור,nmpr,pers,A:person-candidate,Torah
38371,1416383,435463,Exodus,17,11,משה,nmpr,pers,A:person-candidate,Torah
38375,1416383,435464,Exodus,17,11,ישראל,nmpr,"pers,gens,topo",F:unclassified-name,Torah
38383,1416383,435467,Exodus,17,11,עמלק,nmpr,"pers,gens",F:unclassified-name,Torah
38386,1416384,435468,Exodus,17,12,משה,nmpr,pers,A:person-candidate,Torah
38398,1416384,435472,Exodus,17,12,אהרן,nmpr,pers,A:person-candidate,Torah
38400,1416384,435472,Exodus,17,12,חור,nmpr,pers,A:person-candidate,Torah
38421,1416385,435477,Exodus,17,13,יהושע,nmpr,pers,A:person-candidate,Torah
38423,1416385,435477,Exodus,17,13,עמלק,nmpr,"pers,gens",F:unclassified-name,Torah
38432,1416386,435478,Exodus,17,14,יהוה,nmpr,pers,E:YHWH,Torah
38433,1416386,435478,Exodus,17,14,אל,prep,,C:divine-title-candidate,Torah
38434,1416386,435478,Exodus,17,14,משה,nmpr,pers,A:person-candidate,Torah
38445,1416386,435480,Exodus,17,14,יהושע,nmpr,pers,A:person-candidate,Torah
38451,1416386,435481,Exodus,17,14,עמלק,nmpr,"pers,gens",F:unclassified-name,Torah
38458,1416387,435482,Exodus,17,15,משה,nmpr,pers,A:person-candidate,Torah
38463,1416387,435484,Exodus,17,15,יהוה,nmpr,pers,E:YHWH,Torah
38471,1416388,435486,Exodus,17,16,יה,nmpr,pers,A:person-candidate,Torah
38474,1416388,435487,Exodus,17,16,יהוה,nmpr,pers,E:YHWH,Torah
38476,1416388,435487,Exodus,17,16,עמלק,nmpr,"pers,gens",F:unclassified-name,Torah
38482,1416389,435488,Exodus,18,1,יתרו,nmpr,pers,A:person-candidate,Torah
38484,1416389,435488,Exodus,18,1,מדין,nmpr,"pers,gens,topo",F:unclassified-name,Torah
38486,1416389,435488,Exodus,18,1,משה,nmpr,pers,A:person-candidate,Torah
38491,1416389,435489,Exodus,18,1,אלהים,subs,,D:Elohim,Torah
38493,1416389,435489,Exodus,18,1,משה,nmpr,pers,A:person-candidate,Torah
38496,1416389,435489,Exodus,18,1,ישראל,nmpr,"pers,gens,topo",F:unclassified-name,Torah
38500,1416389,435490,Exodus,18,1,יהוה,nmpr,pers,E:YHWH,Torah
38502,1416389,435490,Exodus,18,1,ישראל,nmpr,"pers,gens,topo",F:unclassified-name,Torah
38504,1416389,435490,Exodus,18,1,מצרים,nmpr,topo,F:unclassified-name,Torah
38507,1416390,435491,Exodus,18,2,יתרו,nmpr,pers,A:person-candidate,Torah
38509,1416390,435491,Exodus,18,2,משה,nmpr,pers,A:person-candidate,Torah
38511,1416390,435491,Exodus,18,2,צפרה,nmpr,pers,A:person-candidate,Torah
38513,1416390,435491,Exodus,18,2,משה,nmpr,pers,A:person-candidate,Torah
38524,1416391,435493,Exodus,18,3,גרשם,nmpr,pers,A:person-candidate,Torah
38536,1416392,435496,Exodus,18,4,אליעזר,nmpr,pers,A:person-candidate,Torah
38538,1416392,435498,Exodus,18,4,אלהים,subs,,D:Elohim,Torah
38549,1416393,435500,Exodus,18,5,יתרו,nmpr,pers,A:person-candidate,Torah
38551,1416393,435500,Exodus,18,5,משה,nmpr,pers,A:person-candidate,Torah
38556,1416393,435500,Exodus,18,5,אל,prep,,C:divine-title-candidate,Torah
38557,1416393,435500,Exodus,18,5,משה,nmpr,pers,A:person-candidate,Torah
38558,1416393,435500,Exodus,18,5,אל,prep,,C:divine-title-candidate,Torah
38567,1416393,435501,Exodus,18,5,אלהים,subs,,D:Elohim,Torah
38570,1416394,435502,Exodus,18,6,אל,prep,,C:divine-title-candidate,Torah
38571,1416394,435502,Exodus,18,6,משה,nmpr,pers,A:person-candidate,Torah
38574,1416394,435503,Exodus,18,6,יתרו,nmpr,pers,A:person-candidate,Torah
38576,1416394,435503,Exodus,18,6,אל,prep,,C:divine-title-candidate,Torah
38585,1416395,435506,Exodus,18,7,משה,nmpr,pers,A:person-candidate,Torah
38607,1416396,435513,Exodus,18,8,משה,nmpr,pers,A:person-candidate,Torah
38614,1416396,435514,Exodus,18,8,יהוה,nmpr,pers,E:YHWH,Torah
38619,1416396,435514,Exodus,18,8,מצרים,nmpr,topo,F:unclassified-name,Torah
38622,1416396,435514,Exodus,18,8,ישראל,nmpr,"pers,gens,topo",F:unclassified-name,Torah
38634,1416396,435517,Exodus,18,8,יהוה,nmpr,pers,E:YHWH,Torah
38637,1416397,435518,Exodus,18,9,יתרו,nmpr,pers,A:person-candidate,Torah
38644,1416397,435519,Exodus,18,9,יהוה,nmpr,pers,E:YHWH,Torah
38646,1416397,435519,Exodus,18,9,ישראל,nmpr,"pers,gens,topo",F:unclassified-name,Torah
38651,1416397,435520,Exodus,18,9,מצרים,nmpr,topo,F:unclassified-name,Torah
38654,1416398,435521,Exodus,18,10,יתרו,nmpr,pers,A:person-candidate,Torah
38656,1416398,435522,Exodus,18,10,יהוה,nmpr,pers,E:YHWH,Torah
38662,1416398,435523,Exodus,18,10,מצרים,nmpr,topo,F:unclassified-name,Torah
38675,1416398,435524,Exodus,18,10,מצרים,nmpr,topo,F:unclassified-name,Torah
38680,1416399,435526,Exodus,18,11,יהוה,nmpr,pers,E:YHWH,Torah
38684,1416399,435526,Exodus,18,11,אלהים,subs,,D:Elohim,Torah
38694,1416400,435529,Exodus,18,12,יתרו,nmpr,pers,A:person-candidate,Torah
38696,1416400,435529,Exodus,18,12,משה,nmpr,pers,A:person-candidate,Torah
38701,1416400,435529,Exodus,18,12,אלהים,subs,,D:Elohim,Torah
38704,1416400,435530,Exodus,18,12,אהרן,nmpr,pers,A:person-candidate,Torah
38708,1416400,435530,Exodus,18,12,ישראל,nmpr,"pers,gens,topo",F:unclassified-name,Torah
38714,1416400,435531,Exodus,18,12,משה,nmpr,pers,A:person-candidate,Torah
38718,1416400,435531,Exodus,18,12,אלהים,subs,,D:Elohim,Torah
38725,1416401,435533,Exodus,18,13,משה,nmpr,pers,A:person-candidate,Torah
38736,1416401,435535,Exodus,18,13,משה,nmpr,pers,A:person-candidate,Torah
38746,1416402,435536,Exodus,18,14,משה,nmpr,pers,A:person-candidate,Torah
38785,1416403,435543,Exodus,18,15,משה,nmpr,pers,A:person-candidate,Torah
38790,1416403,435544,Exodus,18,15,אל,prep,,C:divine-title-candidate,Torah
38795,1416403,435545,Exodus,18,15,אלהים,subs,,D:Elohim,Torah
38801,1416404,435547,Exodus,18,16,אל,prep,,C:divine-title-candidate,Torah
38814,1416404,435549,Exodus,18,16,אלהים,subs,,D:Elohim,Torah
38821,1416405,435550,Exodus,18,17,משה,nmpr,pers,A:person-candidate,Torah
38822,1416405,435550,Exodus,18,17,אל,prep,,C:divine-title-candidate,Torah
38858,1416407,435561,Exodus,18,19,אלהים,subs,,D:Elohim,Torah
38867,1416407,435562,Exodus,18,19,אלהים,subs,,D:Elohim,Torah
38874,1416407,435563,Exodus,18,19,אל,prep,,C:divine-title-candidate,Torah
38876,1416407,435563,Exodus,18,19,אלהים,subs,,D:Elohim,Torah
38911,1416409,435568,Exodus,18,21,אלהים,subs,,D:Elohim,Torah
38944,1416410,435572,Exodus,18,22,אל,prep,,C:divine-title-candidate,Torah
38969,1416411,435577,Exodus,18,23,אלהים,subs,,D:Elohim,Torah
38987,1416412,435581,Exodus,18,24,משה,nmpr,pers,A:person-candidate,Torah
38998,1416413,435584,Exodus,18,25,משה,nmpr,pers,A:person-candidate,Torah
39003,1416413,435584,Exodus,18,25,ישראל,nmpr,"pers,gens,topo",F:unclassified-name,Torah
39034,1416414,435587,Exodus,18,26,אל,prep,,C:divine-title-candidate,Torah
39035,1416414,435587,Exodus,18,26,משה,nmpr,pers,A:person-candidate,Torah
39046,1416415,435589,Exodus,18,27,משה,nmpr,pers,A:person-candidate,Torah
39052,1416415,435590,Exodus,18,27,אל,prep,,C:divine-title-candidate,Torah
39062,1416416,435592,Exodus,19,1,ישראל,nmpr,"pers,gens,topo",F:unclassified-name,Torah
39065,1416416,435592,Exodus,19,1,מצרים,nmpr,topo,F:unclassified-name,Torah
39073,1416416,435591,Exodus,19,1,סיני,nmpr,topo,F:unclassified-name,Torah
39077,1416417,435593,Exodus,19,2,רפידים,nmpr,topo,F:unclassified-name,Torah
39081,1416417,435594,Exodus,19,2,סיני,nmpr,topo,F:unclassified-name,Torah
39090,1416417,435596,Exodus,19,2,ישראל,nmpr,"pers,gens,topo",F:unclassified-name,Torah
39095,1416418,435597,Exodus,19,3,משה,nmpr,pers,A:person-candidate,Torah
39097,1416418,435597,Exodus,19,3,אל,prep,,C:divine-title-candidate,Torah
39099,1416418,435597,Exodus,19,3,אלהים,subs,,D:Elohim,Torah
39102,1416418,435598,Exodus,19,3,אל,prep,,C:divine-title-candidate,Torah
39103,1416418,435598,Exodus,19,3,יהוה,nmpr,pers,E:YHWH,Torah
39113,1416418,435600,Exodus,19,3,יעקב,nmpr,pers,A:person-candidate,Torah
39118,1416418,435601,Exodus,19,3,ישראל,nmpr,"pers,gens,topo",F:unclassified-name,Torah
39124,1416419,435603,Exodus,19,4,מצרים,nmpr,topo,F:unclassified-name,Torah
39134,1416419,435605,Exodus,19,4,אל,prep,,C:divine-title-candidate,Torah
39173,1416421,435613,Exodus,19,6,אל,prep,,C:divine-title-candidate,Torah
39175,1416421,435613,Exodus,19,6,ישראל,nmpr,"pers,gens,topo",F:unclassified-name,Torah
39178,1416422,435614,Exodus,19,7,משה,nmpr,pers,A:person-candidate,Torah
39197,1416422,435617,Exodus,19,7,יהוה,nmpr,pers,E:YHWH,Torah
39209,1416423,435621,Exodus,19,8,יהוה,nmpr,pers,E:YHWH,Torah
39213,1416423,435622,Exodus,19,8,משה,nmpr,pers,A:person-candidate,Torah
39218,1416423,435622,Exodus,19,8,אל,prep,,C:divine-title-candidate,Torah
39219,1416423,435622,Exodus,19,8,יהוה,nmpr,pers,E:YHWH,Torah
39222,1416424,435623,Exodus,19,9,יהוה,nmpr,pers,E:YHWH,Torah
39223,1416424,435623,Exodus,19,9,אל,prep,,C:divine-title-candidate,Torah
39224,1416424,435623,Exodus,19,9,משה,nmpr,pers,A:person-candidate,Torah
39228,1416424,435624,Exodus,19,9,אל,prep,,C:divine-title-candidate,Torah
39249,1416424,435628,Exodus,19,9,משה,nmpr,pers,A:person-candidate,Torah
39254,1416424,435628,Exodus,19,9,אל,prep,,C:divine-title-candidate,Torah
39255,1416424,435628,Exodus,19,9,יהוה,nmpr,pers,E:YHWH,Torah
39258,1416425,435629,Exodus,19,10,יהוה,nmpr,pers,E:YHWH,Torah
39259,1416425,435629,Exodus,19,10,אל,prep,,C:divine-title-candidate,Torah
39260,1416425,435629,Exodus,19,10,משה,nmpr,pers,A:person-candidate,Torah
39262,1416425,435630,Exodus,19,10,אל,prep,,C:divine-title-candidate,Torah
39289,1416426,435634,Exodus,19,11,יהוה,nmpr,pers,E:YHWH,Torah
39297,1416426,435634,Exodus,19,11,סיני,nmpr,topo,F:unclassified-name,Torah
39351,1416429,435650,Exodus,19,14,משה,nmpr,pers,A:person-candidate,Torah
39355,1416429,435650,Exodus,19,14,אל,prep,,C:divine-title-candidate,Torah
39368,1416430,435653,Exodus,19,15,אל,prep,,C:divine-title-candidate,Torah
39376,1416430,435655,Exodus,19,15,אל,nega,,C:divine-title-candidate,Torah
39378,1416430,435655,Exodus,19,15,אל,prep,,C:divine-title-candidate,Torah
39418,1416432,435663,Exodus,19,17,משה,nmpr,pers,A:person-candidate,Torah
39425,1416432,435664,Exodus,19,17,אלהים,subs,,D:Elohim,Torah
39437,1416433,435666,Exodus,19,18,סיני,nmpr,topo,F:unclassified-name,Torah
39445,1416433,435667,Exodus,19,18,יהוה,nmpr,pers,E:YHWH,Torah
39471,1416434,435673,Exodus,19,19,משה,nmpr,pers,A:person-candidate,Torah
39475,1416434,435674,Exodus,19,19,אלהים,subs,,D:Elohim,Torah
39481,1416435,435675,Exodus,19,20,יהוה,nmpr,pers,E:YHWH,Torah
39484,1416435,435675,Exodus,19,20,סיני,nmpr,topo,F:unclassified-name,Torah
39485,1416435,435675,Exodus,19,20,אל,prep,,C:divine-title-candidate,Torah
39491,1416435,435676,Exodus,19,20,יהוה,nmpr,pers,E:YHWH,Torah
39493,1416435,435676,Exodus,19,20,משה,nmpr,pers,A:person-candidate,Torah
39494,1416435,435676,Exodus,19,20,אל,prep,,C:divine-title-candidate,Torah
39500,1416435,435677,Exodus,19,20,משה,nmpr,pers,A:person-candidate,Torah
39503,1416436,435678,Exodus,19,21,יהוה,nmpr,pers,E:YHWH,Torah
39504,1416436,435678,Exodus,19,21,אל,prep,,C:divine-title-candidate,Torah
39505,1416436,435678,Exodus,19,21,משה,nmpr,pers,A:person-candidate,Torah
39513,1416436,435681,Exodus,19,21,אל,prep,,C:divine-title-candidate,Torah
39514,1416436,435681,Exodus,19,21,יהוה,nmpr,pers,E:YHWH,Torah
39527,1416437,435685,Exodus,19,22,אל,prep,,C:divine-title-candidate,Torah
39528,1416437,435685,Exodus,19,22,יהוה,nmpr,pers,E:YHWH,Torah
39533,1416437,435686,Exodus,19,22,יהוה,nmpr,pers,E:YHWH,Torah
39536,1416438,435687,Exodus,19,23,משה,nmpr,pers,A:person-candidate,Torah
39537,1416438,435687,Exodus,19,23,אל,prep,,C:divine-title-candidate,Torah
39538,1416438,435687,Exodus,19,23,יהוה,nmpr,pers,E:YHWH,Torah
39545,1416438,435689,Exodus,19,23,אל,prep,,C:divine-title-candidate,Torah
39547,1416438,435689,Exodus,19,23,סיני,nmpr,topo,F:unclassified-name,Torah
39562,1416439,435694,Exodus,19,24,אל,prep,,C:divine-title-candidate,Torah
39563,1416439,435694,Exodus,19,24,יהוה,nmpr,pers,E:YHWH,Torah
39570,1416439,435697,Exodus,19,24,אהרן,nmpr,pers,A:person-candidate,Torah
39578,1416439,435698,Exodus,19,24,אל,nega,,C:divine-title-candidate,Torah
39582,1416439,435699,Exodus,19,24,אל,prep,,C:divine-title-candidate,Torah
39583,1416439,435699,Exodus,19,24,יהוה,nmpr,pers,E:YHWH,Torah
39589,1416440,435701,Exodus,19,25,משה,nmpr,pers,A:person-candidate,Torah
39590,1416440,435701,Exodus,19,25,אל,prep,,C:divine-title-candidate,Torah
39595,1416440,435702,Exodus,19,25,אל,prep,,C:divine-title-candidate,Torah
39598,1416441,435703,Exodus,20,1,אלהים,subs,,D:Elohim,Torah
39608,1416442,435705,Exodus,20,2,יהוה,nmpr,pers,E:YHWH,Torah
39609,1416442,435705,Exodus,20,2,אלהים,subs,,D:Elohim,Torah
39614,1416442,435706,Exodus,20,2,מצרים,nmpr,topo,F:unclassified-name,Torah
39621,1416443,435707,Exodus,20,3,אלהים,subs,,D:Elohim,Torah
39663,1416445,435714,Exodus,20,5,יהוה,nmpr,pers,E:YHWH,Torah
39664,1416445,435714,Exodus,20,5,אלהים,subs,,D:Elohim,Torah
39665,1416445,435714,Exodus,20,5,אל,subs,,C:divine-title-candidate,Torah
39694,1416447,435718,Exodus,20,7,יהוה,nmpr,pers,E:YHWH,Torah
39695,1416447,435718,Exodus,20,7,אלהים,subs,,D:Elohim,Torah
39702,1416447,435719,Exodus,20,7,יהוה,nmpr,pers,E:YHWH,Torah
39731,1416450,435725,Exodus,20,10,יהוה,nmpr,pers,E:YHWH,Torah
39732,1416450,435725,Exodus,20,10,אלהים,subs,,D:Elohim,Torah
39756,1416451,435728,Exodus,20,11,יהוה,nmpr,pers,E:YHWH,Torah
39782,1416451,435731,Exodus,20,11,יהוה,nmpr,pers,E:YHWH,Torah
39802,1416452,435735,Exodus,20,12,יהוה,nmpr,pers,E:YHWH,Torah
39803,1416452,435735,Exodus,20,12,אלהים,subs,,D:Elohim,Torah
39873,1416459,435748,Exodus,20,19,אל,prep,,C:divine-title-candidate,Torah
39874,1416459,435748,Exodus,20,19,משה,nmpr,pers,A:person-candidate,Torah
39881,1416459,435751,Exodus,20,19,אל,nega,,C:divine-title-candidate,Torah
39884,1416459,435751,Exodus,20,19,אלהים,subs,,D:Elohim,Torah
39889,1416460,435753,Exodus,20,20,משה,nmpr,pers,A:person-candidate,Torah
39890,1416460,435753,Exodus,20,20,אל,prep,,C:divine-title-candidate,Torah
39893,1416460,435754,Exodus,20,20,אל,nega,,C:divine-title-candidate,Torah
39903,1416460,435755,Exodus,20,20,אלהים,subs,,D:Elohim,Torah
39921,1416461,435760,Exodus,20,21,משה,nmpr,pers,A:person-candidate,Torah
39923,1416461,435760,Exodus,20,21,אל,prep,,C:divine-title-candidate,Torah
39929,1416461,435761,Exodus,20,21,אלהים,subs,,D:Elohim,Torah
39932,1416462,435762,Exodus,20,22,יהוה,nmpr,pers,E:YHWH,Torah
39933,1416462,435762,Exodus,20,22,אל,prep,,C:divine-title-candidate,Torah
39934,1416462,435762,Exodus,20,22,משה,nmpr,pers,A:person-candidate,Torah
39937,1416462,435763,Exodus,20,22,אל,prep,,C:divine-title-candidate,Torah
39939,1416462,435763,Exodus,20,22,ישראל,nmpr,"pers,gens,topo",F:unclassified-name,Torah
39951,1416463,435766,Exodus,20,23,אלהים,subs,,D:Elohim,Torah
39954,1416463,435767,Exodus,20,23,אלהים,subs,,D:Elohim,Torah
39985,1416464,435770,Exodus,20,24,אל,prep,,C:divine-title-candidate,Torah
40048,1416469,435786,Exodus,21,3,בעל,subs,,B:deity-candidate,Torah
40098,1416472,435795,Exodus,21,6,אל,prep,,C:divine-title-candidate,Torah
40100,1416472,435795,Exodus,21,6,אלהים,subs,,D:Elohim,Torah
40103,1416472,435796,Exodus,21,6,אל,prep,,C:divine-title-candidate,Torah
40107,1416472,435796,Exodus,21,6,אל,prep,,C:divine-title-candidate,Torah
40201,1416479,435819,Exodus,21,13,אלהים,subs,,D:Elohim,Torah
40343,1416488,435855,Exodus,21,22,בעל,subs,,B:deity-candidate,Torah
40434,1416494,435875,Exodus,21,28,בעל,subs,,B:deity-candidate,Torah
40449,1416495,435877,Exodus,21,29,בעל,subs,,B:deity-candidate,Torah
40463,1416495,435881,Exodus,21,29,בעל,subs,,B:deity-candidate,Torah
40527,1416500,435895,Exodus,21,34,בעל,subs,,B:deity-candidate,Torah
40534,1416500,435896,Exodus,21,34,בעל,subs,,B:deity-candidate,Torah
40579,1416502,435905,Exodus,21,36,בעל,subs,,B:deity-candidate,Torah
40705,1416509,435933,Exodus,22,6,אל,prep,,C:divine-title-candidate,Torah
40731,1416510,435939,Exodus,22,7,בעל,subs,,B:deity-candidate,Torah
40734,1416510,435939,Exodus,22,7,אל,prep,,C:divine-title-candidate,Torah
40736,1416510,435939,Exodus,22,7,אלהים,subs,,D:Elohim,Torah
40766,1416511,435941,Exodus,22,8,אלהים,subs,,D:Elohim,Torah
40772,1416511,435944,Exodus,22,8,אלהים,subs,,D:Elohim,Torah
40780,1416512,435946,Exodus,22,9,אל,prep,,C:divine-title-candidate,Torah
40801,1416513,435952,Exodus,22,10,יהוה,nmpr,pers,E:YHWH,Torah
40814,1416513,435954,Exodus,22,10,בעל,subs,,B:deity-candidate,Torah
40826,1416514,435957,Exodus,22,11,בעל,subs,,B:deity-candidate,Torah
40847,1416516,435964,Exodus,22,13,בעל,subs,,B:deity-candidate,Torah
40853,1416517,435966,Exodus,22,14,בעל,subs,,B:deity-candidate,Torah
40904,1416522,435980,Exodus,22,19,אלהים,subs,,D:Elohim,Torah
40908,1416522,435982,Exodus,22,19,יהוה,nmpr,pers,E:YHWH,Torah
40923,1416523,435985,Exodus,22,20,מצרים,nmpr,topo,F:unclassified-name,Torah
40938,1416525,435988,Exodus,22,22,אל,prep,,C:divine-title-candidate,Torah
41003,1416529,436004,Exodus,22,26,אל,prep,,C:divine-title-candidate,Torah
41009,1416530,436007,Exodus,22,27,אלהים,subs,,D:Elohim,Torah
41067,1416534,436019,Exodus,23,1,אל,nega,,C:divine-title-candidate,Torah
41138,1416540,436036,Exodus,23,7,אל,nega,,C:divine-title-candidate,Torah
41173,1416542,436043,Exodus,23,9,מצרים,nmpr,topo,F:unclassified-name,Torah
41234,1416546,436056,Exodus,23,13,אל,prep,,C:divine-title-candidate,Torah
41238,1416546,436057,Exodus,23,13,אלהים,subs,,D:Elohim,Torah
41274,1416548,436063,Exodus,23,15,מצרים,nmpr,topo,F:unclassified-name,Torah
41314,1416550,436070,Exodus,23,17,אל,prep,,C:divine-title-candidate,Torah
41318,1416550,436070,Exodus,23,17,יהוה,nmpr,pers,E:YHWH,Torah
41337,1416552,436073,Exodus,23,19,יהוה,nmpr,pers,E:YHWH,Torah
41338,1416552,436073,Exodus,23,19,אלהים,subs,,D:Elohim,Torah
41359,1416553,436077,Exodus,23,20,אל,prep,,C:divine-title-candidate,Torah
41371,1416554,436081,Exodus,23,21,אל,nega,,C:divine-title-candidate,Torah
41409,1416556,436090,Exodus,23,23,אל,prep,,C:divine-title-candidate,Torah
41431,1416557,436092,Exodus,23,24,אלהים,subs,,D:Elohim,Torah
41450,1416558,436097,Exodus,23,25,יהוה,nmpr,pers,E:YHWH,Torah
41451,1416558,436097,Exodus,23,25,אלהים,subs,,D:Elohim,Torah
41494,1416560,436105,Exodus,23,27,אל,prep,,C:divine-title-candidate,Torah
41583,1416565,436117,Exodus,23,32,אלהים,subs,,D:Elohim,Torah
41596,1416566,436120,Exodus,23,33,אלהים,subs,,D:Elohim,Torah
41603,1416567,436122,Exodus,24,1,אל,prep,,C:divine-title-candidate,Torah
41604,1416567,436122,Exodus,24,1,משה,nmpr,pers,A:person-candidate,Torah
41607,1416567,436123,Exodus,24,1,אל,prep,,C:divine-title-candidate,Torah
41608,1416567,436123,Exodus,24,1,יהוה,nmpr,pers,E:YHWH,Torah
41611,1416567,436123,Exodus,24,1,אהרן,nmpr,pers,A:person-candidate,Torah
41612,1416567,436123,Exodus,24,1,נדב,nmpr,pers,A:person-candidate,Torah
41614,1416567,436123,Exodus,24,1,אביהוא,nmpr,pers,A:person-candidate,Torah
41619,1416567,436123,Exodus,24,1,ישראל,nmpr,"pers,gens,topo",F:unclassified-name,Torah
41626,1416568,436125,Exodus,24,2,משה,nmpr,pers,A:person-candidate,Torah
41629,1416568,436125,Exodus,24,2,אל,prep,,C:divine-title-candidate,Torah
41630,1416568,436125,Exodus,24,2,יהוה,nmpr,pers,E:YHWH,Torah
41643,1416569,436128,Exodus,24,3,משה,nmpr,pers,A:person-candidate,Torah
41652,1416569,436129,Exodus,24,3,יהוה,nmpr,pers,E:YHWH,Torah
41672,1416569,436133,Exodus,24,3,יהוה,nmpr,pers,E:YHWH,Torah
41676,1416570,436134,Exodus,24,4,משה,nmpr,pers,A:person-candidate,Torah
41680,1416570,436134,Exodus,24,4,יהוה,nmpr,pers,E:YHWH,Torah
41700,1416570,436137,Exodus,24,4,ישראל,nmpr,"pers,gens,topo",F:unclassified-name,Torah
41706,1416571,436138,Exodus,24,5,ישראל,nmpr,"pers,gens,topo",F:unclassified-name,Torah
41715,1416571,436140,Exodus,24,5,יהוה,nmpr,pers,E:YHWH,Torah
41719,1416572,436141,Exodus,24,6,משה,nmpr,pers,A:person-candidate,Torah
41752,1416573,436148,Exodus,24,7,יהוה,nmpr,pers,E:YHWH,Torah
41758,1416574,436150,Exodus,24,8,משה,nmpr,pers,A:person-candidate,Torah
41775,1416574,436154,Exodus,24,8,יהוה,nmpr,pers,E:YHWH,Torah
41785,1416575,436155,Exodus,24,9,משה,nmpr,pers,A:person-candidate,Torah
41787,1416575,436155,Exodus,24,9,אהרן,nmpr,pers,A:person-candidate,Torah
41788,1416575,436155,Exodus,24,9,נדב,nmpr,pers,A:person-candidate,Torah
41790,1416575,436155,Exodus,24,9,אביהוא,nmpr,pers,A:person-candidate,Torah
41795,1416575,436155,Exodus,24,9,ישראל,nmpr,"pers,gens,topo",F:unclassified-name,Torah
41799,1416576,436156,Exodus,24,10,אלהים,subs,,D:Elohim,Torah
41800,1416576,436156,Exodus,24,10,ישראל,nmpr,"pers,gens,topo",F:unclassified-name,Torah
41817,1416577,436159,Exodus,24,11,אל,prep,,C:divine-title-candidate,Torah
41820,1416577,436159,Exodus,24,11,ישראל,nmpr,"pers,gens,topo",F:unclassified-name,Torah
41828,1416577,436160,Exodus,24,11,אלהים,subs,,D:Elohim,Torah
41835,1416578,436163,Exodus,24,12,יהוה,nmpr,pers,E:YHWH,Torah
41836,1416578,436163,Exodus,24,12,אל,prep,,C:divine-title-candidate,Torah
41837,1416578,436163,Exodus,24,12,משה,nmpr,pers,A:person-candidate,Torah
41839,1416578,436164,Exodus,24,12,אל,prep,,C:divine-title-candidate,Torah
41864,1416579,436169,Exodus,24,13,משה,nmpr,pers,A:person-candidate,Torah
41866,1416579,436169,Exodus,24,13,יהושע,nmpr,pers,A:person-candidate,Torah
41870,1416579,436170,Exodus,24,13,משה,nmpr,pers,A:person-candidate,Torah
41871,1416579,436170,Exodus,24,13,אל,prep,,C:divine-title-candidate,Torah
41874,1416579,436170,Exodus,24,13,אלהים,subs,,D:Elohim,Torah
41876,1416580,436171,Exodus,24,14,אל,prep,,C:divine-title-candidate,Torah
41887,1416580,436173,Exodus,24,14,אל,prep,,C:divine-title-candidate,Torah
41890,1416580,436175,Exodus,24,14,אהרן,nmpr,pers,A:person-candidate,Torah
41892,1416580,436175,Exodus,24,14,חור,nmpr,pers,A:person-candidate,Torah
41895,1416580,436176,Exodus,24,14,בעל,subs,,B:deity-candidate,Torah
41898,1416580,436177,Exodus,24,14,אל,prep,,C:divine-title-candidate,Torah
41901,1416581,436178,Exodus,24,15,משה,nmpr,pers,A:person-candidate,Torah
41902,1416581,436178,Exodus,24,15,אל,prep,,C:divine-title-candidate,Torah
41915,1416582,436180,Exodus,24,16,יהוה,nmpr,pers,E:YHWH,Torah
41918,1416582,436180,Exodus,24,16,סיני,nmpr,topo,F:unclassified-name,Torah
41927,1416582,436182,Exodus,24,16,אל,prep,,C:divine-title-candidate,Torah
41928,1416582,436182,Exodus,24,16,משה,nmpr,pers,A:person-candidate,Torah
41941,1416583,436183,Exodus,24,17,יהוה,nmpr,pers,E:YHWH,Torah
41952,1416583,436183,Exodus,24,17,ישראל,nmpr,"pers,gens,topo",F:unclassified-name,Torah
41955,1416584,436184,Exodus,24,18,משה,nmpr,pers,A:person-candidate,Torah
41962,1416584,436185,Exodus,24,18,אל,prep,,C:divine-title-candidate,Torah
41967,1416584,436186,Exodus,24,18,משה,nmpr,pers,A:person-candidate,Torah
41978,1416585,436187,Exodus,25,1,יהוה,nmpr,pers,E:YHWH,Torah
41979,1416585,436187,Exodus,25,1,אל,prep,,C:divine-title-candidate,Torah
41980,1416585,436187,Exodus,25,1,משה,nmpr,pers,A:person-candidate,Torah
41984,1416586,436189,Exodus,25,2,אל,prep,,C:divine-title-candidate,Torah
41986,1416586,436189,Exodus,25,2,ישראל,nmpr,"pers,gens,topo",F:unclassified-name,Torah
42187,1416600,436222,Exodus,25,16,אל,prep,,C:divine-title-candidate,Torah
42195,1416600,436223,Exodus,25,16,אל,prep,,C:divine-title-candidate,Torah
42265,1416604,436235,Exodus,25,20,אל,prep,,C:divine-title-candidate,Torah
42267,1416604,436236,Exodus,25,20,אל,prep,,C:divine-title-candidate,Torah
42286,1416605,436238,Exodus,25,21,אל,prep,,C:divine-title-candidate,Torah
42295,1416605,436239,Exodus,25,21,אל,prep,,C:divine-title-candidate,Torah
42322,1416606,436243,Exodus,25,22,אל,prep,,C:divine-title-candidate,Torah
42324,1416606,436243,Exodus,25,22,ישראל,nmpr,"pers,gens,topo",F:unclassified-name,Torah
42661,1416627,436299,Exodus,26,3,אל,prep,,C:divine-title-candidate,Torah
42668,1416627,436301,Exodus,26,3,אל,prep,,C:divine-title-candidate,Torah
42725,1416629,436308,Exodus,26,5,אל,prep,,C:divine-title-candidate,Torah
42738,1416630,436311,Exodus,26,6,אל,prep,,C:divine-title-candidate,Torah
42809,1416633,436319,Exodus,26,9,אל,prep,,C:divine-title-candidate,Torah
42962,1416641,436340,Exodus,26,17,אל,prep,,C:divine-title-candidate,Torah
43078,1416648,436354,Exodus,26,24,אל,prep,,C:divine-title-candidate,Torah
43165,1416652,436365,Exodus,26,28,אל,prep,,C:divine-title-candidate,Torah
43674,1416681,436448,Exodus,27,20,ישראל,nmpr,"pers,gens,topo",F:unclassified-name,Torah
43677,1416681,436449,Exodus,27,20,אל,prep,,C:divine-title-candidate,Torah
43703,1416682,436451,Exodus,27,21,אהרן,nmpr,pers,A:person-candidate,Torah
43712,1416682,436451,Exodus,27,21,יהוה,nmpr,pers,E:YHWH,Torah
43720,1416682,436453,Exodus,27,21,ישראל,nmpr,"pers,gens,topo",F:unclassified-name,Torah
43724,1416683,436454,Exodus,28,1,אל,prep,,C:divine-title-candidate,Torah
43726,1416683,436454,Exodus,28,1,אהרן,nmpr,pers,A:person-candidate,Torah
43735,1416683,436454,Exodus,28,1,ישראל,nmpr,"pers,gens,topo",F:unclassified-name,Torah
43739,1416683,436456,Exodus,28,1,אהרן,nmpr,pers,A:person-candidate,Torah
43740,1416683,436456,Exodus,28,1,נדב,nmpr,pers,A:person-candidate,Torah
43742,1416683,436456,Exodus,28,1,אביהוא,nmpr,pers,A:person-candidate,Torah
43743,1416683,436456,Exodus,28,1,אלעזר,nmpr,pers,A:person-candidate,Torah
43745,1416683,436456,Exodus,28,1,איתמר,nmpr,pers,A:person-candidate,Torah
43747,1416683,436456,Exodus,28,1,אהרן,nmpr,pers,A:person-candidate,Torah
43753,1416684,436457,Exodus,28,2,אהרן,nmpr,pers,A:person-candidate,Torah
43763,1416685,436458,Exodus,28,3,אל,prep,,C:divine-title-candidate,Torah
43775,1416685,436460,Exodus,28,3,אהרן,nmpr,pers,A:person-candidate,Torah
43803,1416686,436466,Exodus,28,4,אהרן,nmpr,pers,A:person-candidate,Torah
43855,1416689,436471,Exodus,28,7,אל,prep,,C:divine-title-candidate,Torah
43890,1416691,436478,Exodus,28,9,ישראל,nmpr,"pers,gens,topo",F:unclassified-name,Torah
43926,1416693,436481,Exodus,28,11,ישראל,nmpr,"pers,gens,topo",F:unclassified-name,Torah
43946,1416694,436483,Exodus,28,12,ישראל,nmpr,"pers,gens,topo",F:unclassified-name,Torah
43949,1416694,436484,Exodus,28,12,אהרן,nmpr,pers,A:person-candidate,Torah
43954,1416694,436484,Exodus,28,12,יהוה,nmpr,pers,E:YHWH,Torah
44070,1416703,436503,Exodus,28,21,ישראל,nmpr,"pers,gens,topo",F:unclassified-name,Torah
44126,1416706,436509,Exodus,28,24,אל,prep,,C:divine-title-candidate,Torah
44148,1416707,436511,Exodus,28,25,אל,prep,,C:divine-title-candidate,Torah
44167,1416708,436514,Exodus,28,26,אל,prep,,C:divine-title-candidate,Torah
44207,1416710,436517,Exodus,28,28,אל,prep,,C:divine-title-candidate,Torah
44231,1416711,436520,Exodus,28,29,אהרן,nmpr,pers,A:person-candidate,Torah
44235,1416711,436520,Exodus,28,29,ישראל,nmpr,"pers,gens,topo",F:unclassified-name,Torah
44244,1416711,436521,Exodus,28,29,אל,prep,,C:divine-title-candidate,Torah
44251,1416711,436520,Exodus,28,29,יהוה,nmpr,pers,E:YHWH,Torah
44255,1416712,436522,Exodus,28,30,אל,prep,,C:divine-title-candidate,Torah
44270,1416712,436523,Exodus,28,30,אהרן,nmpr,pers,A:person-candidate,Torah
44275,1416712,436524,Exodus,28,30,יהוה,nmpr,pers,E:YHWH,Torah
44278,1416712,436525,Exodus,28,30,אהרן,nmpr,pers,A:person-candidate,Torah
44282,1416712,436525,Exodus,28,30,ישראל,nmpr,"pers,gens,topo",F:unclassified-name,Torah
44287,1416712,436525,Exodus,28,30,יהוה,nmpr,pers,E:YHWH,Torah
44321,1416715,436531,Exodus,28,33,רמון,subs,,B:deity-candidate,Torah
44340,1416716,436534,Exodus,28,34,רמון,subs,,B:deity-candidate,Torah
44344,1416716,436534,Exodus,28,34,רמון,subs,,B:deity-candidate,Torah
44353,1416717,436535,Exodus,28,35,אהרן,nmpr,pers,A:person-candidate,Torah
44361,1416717,436538,Exodus,28,35,אל,prep,,C:divine-title-candidate,Torah
44366,1416717,436538,Exodus,28,35,יהוה,nmpr,pers,E:YHWH,Torah
44385,1416718,436543,Exodus,28,36,יהוה,nmpr,pers,E:YHWH,Torah
44397,1416719,436546,Exodus,28,37,אל,prep,,C:divine-title-candidate,Torah
44407,1416720,436547,Exodus,28,38,אהרן,nmpr,pers,A:person-candidate,Torah
44410,1416720,436548,Exodus,28,38,אהרן,nmpr,pers,A:person-candidate,Torah
44418,1416720,436549,Exodus,28,38,ישראל,nmpr,"pers,gens,topo",F:unclassified-name,Torah
44433,1416720,436550,Exodus,28,38,יהוה,nmpr,pers,E:YHWH,Torah
44451,1416722,436554,Exodus,28,40,אהרן,nmpr,pers,A:person-candidate,Torah
44471,1416723,436557,Exodus,28,41,אהרן,nmpr,pers,A:person-candidate,Torah
44508,1416725,436565,Exodus,28,43,אהרן,nmpr,pers,A:person-candidate,Torah
44514,1416725,436566,Exodus,28,43,אל,prep,,C:divine-title-candidate,Torah
44520,1416725,436567,Exodus,28,43,אל,prep,,C:divine-title-candidate,Torah
44607,1416729,436584,Exodus,29,4,אהרן,nmpr,pers,A:person-candidate,Torah
44612,1416729,436584,Exodus,29,4,אל,prep,,C:divine-title-candidate,Torah
44630,1416730,436587,Exodus,29,5,אהרן,nmpr,pers,A:person-candidate,Torah
44693,1416734,436596,Exodus,29,9,אהרן,nmpr,pers,A:person-candidate,Torah
44710,1416734,436599,Exodus,29,9,אהרן,nmpr,pers,A:person-candidate,Torah
44725,1416735,436601,Exodus,29,10,אהרן,nmpr,pers,A:person-candidate,Torah
44741,1416736,436602,Exodus,29,11,יהוה,nmpr,pers,E:YHWH,Torah
44765,1416737,436605,Exodus,29,12,אל,prep,,C:divine-title-candidate,Torah
44833,1416740,436613,Exodus,29,15,אהרן,nmpr,pers,A:person-candidate,Torah
44887,1416743,436621,Exodus,29,18,יהוה,nmpr,pers,E:YHWH,Torah
44892,1416743,436622,Exodus,29,18,יהוה,nmpr,pers,E:YHWH,Torah
44903,1416744,436624,Exodus,29,19,אהרן,nmpr,pers,A:person-candidate,Torah
44926,1416745,436627,Exodus,29,20,אהרן,nmpr,pers,A:person-candidate,Torah
44972,1416746,436631,Exodus,29,21,אהרן,nmpr,pers,A:person-candidate,Torah
45058,1416748,436638,Exodus,29,23,יהוה,nmpr,pers,E:YHWH,Torah
45065,1416749,436639,Exodus,29,24,אהרן,nmpr,pers,A:person-candidate,Torah
45076,1416749,436640,Exodus,29,24,יהוה,nmpr,pers,E:YHWH,Torah
45094,1416750,436642,Exodus,29,25,יהוה,nmpr,pers,E:YHWH,Torah
45098,1416750,436643,Exodus,29,25,יהוה,nmpr,pers,E:YHWH,Torah
45110,1416751,436645,Exodus,29,26,אהרן,nmpr,pers,A:person-candidate,Torah
45117,1416751,436646,Exodus,29,26,יהוה,nmpr,pers,E:YHWH,Torah
45146,1416752,436651,Exodus,29,27,אהרן,nmpr,pers,A:person-candidate,Torah
45155,1416753,436653,Exodus,29,28,אהרן,nmpr,pers,A:person-candidate,Torah
45165,1416753,436653,Exodus,29,28,ישראל,nmpr,"pers,gens,topo",F:unclassified-name,Torah
45175,1416753,436655,Exodus,29,28,ישראל,nmpr,"pers,gens,topo",F:unclassified-name,Torah
45181,1416753,436656,Exodus,29,28,יהוה,nmpr,pers,E:YHWH,Torah
45188,1416754,436658,Exodus,29,29,אהרן,nmpr,pers,A:person-candidate,Torah
45212,1416755,436661,Exodus,29,30,אל,prep,,C:divine-title-candidate,Torah
45235,1416757,436665,Exodus,29,32,אהרן,nmpr,pers,A:person-candidate,Torah
45303,1416760,436677,Exodus,29,35,אהרן,nmpr,pers,A:person-candidate,Torah
45441,1416766,436699,Exodus,29,41,יהוה,nmpr,pers,E:YHWH,Torah
45451,1416767,436700,Exodus,29,42,יהוה,nmpr,pers,E:YHWH,Torah
45458,1416767,436702,Exodus,29,42,אל,prep,,C:divine-title-candidate,Torah
45465,1416768,436703,Exodus,29,43,ישראל,nmpr,"pers,gens,topo",F:unclassified-name,Torah
45481,1416769,436706,Exodus,29,44,אהרן,nmpr,pers,A:person-candidate,Torah
45494,1416770,436708,Exodus,29,45,ישראל,nmpr,"pers,gens,topo",F:unclassified-name,Torah
45499,1416770,436709,Exodus,29,45,אלהים,subs,,D:Elohim,Torah
45504,1416771,436711,Exodus,29,46,יהוה,nmpr,pers,E:YHWH,Torah
45505,1416771,436711,Exodus,29,46,אלהים,subs,,D:Elohim,Torah
45511,1416771,436712,Exodus,29,46,מצרים,nmpr,topo,F:unclassified-name,Torah
45517,1416771,436714,Exodus,29,46,יהוה,nmpr,pers,E:YHWH,Torah
45518,1416771,436714,Exodus,29,46,אלהים,subs,,D:Elohim,Torah
45626,1416778,436734,Exodus,30,7,אהרן,nmpr,pers,A:person-candidate,Torah
45644,1416779,436738,Exodus,30,8,אהרן,nmpr,pers,A:person-candidate,Torah
45656,1416779,436740,Exodus,30,8,יהוה,nmpr,pers,E:YHWH,Torah
45675,1416781,436743,Exodus,30,10,אהרן,nmpr,pers,A:person-candidate,Torah
45699,1416781,436745,Exodus,30,10,יהוה,nmpr,pers,E:YHWH,Torah
45702,1416782,436746,Exodus,30,11,יהוה,nmpr,pers,E:YHWH,Torah
45703,1416782,436746,Exodus,30,11,אל,prep,,C:divine-title-candidate,Torah
45704,1416782,436746,Exodus,30,11,משה,nmpr,pers,A:person-candidate,Torah
45712,1416783,436748,Exodus,30,12,ישראל,nmpr,"pers,gens,topo",F:unclassified-name,Torah
45721,1416783,436749,Exodus,30,12,יהוה,nmpr,pers,E:YHWH,Torah
45757,1416784,436757,Exodus,30,13,יהוה,nmpr,pers,E:YHWH,Torah
45772,1416785,436758,Exodus,30,14,יהוה,nmpr,pers,E:YHWH,Torah
45790,1416786,436762,Exodus,30,15,יהוה,nmpr,pers,E:YHWH,Torah
45804,1416787,436764,Exodus,30,16,ישראל,nmpr,"pers,gens,topo",F:unclassified-name,Torah
45816,1416787,436766,Exodus,30,16,ישראל,nmpr,"pers,gens,topo",F:unclassified-name,Torah
45821,1416787,436766,Exodus,30,16,יהוה,nmpr,pers,E:YHWH,Torah
45828,1416788,436768,Exodus,30,17,יהוה,nmpr,pers,E:YHWH,Torah
45829,1416788,436768,Exodus,30,17,אל,prep,,C:divine-title-candidate,Torah
45830,1416788,436768,Exodus,30,17,משה,nmpr,pers,A:person-candidate,Torah
45858,1416790,436775,Exodus,30,19,אהרן,nmpr,pers,A:person-candidate,Torah
45869,1416791,436776,Exodus,30,20,אל,prep,,C:divine-title-candidate,Torah
45880,1416791,436779,Exodus,30,20,אל,prep,,C:divine-title-candidate,Torah
45889,1416791,436781,Exodus,30,20,יהוה,nmpr,pers,E:YHWH,Torah
45911,1416793,436785,Exodus,30,22,יהוה,nmpr,pers,E:YHWH,Torah
45912,1416793,436785,Exodus,30,22,אל,prep,,C:divine-title-candidate,Torah
45913,1416793,436785,Exodus,30,22,משה,nmpr,pers,A:person-candidate,Torah
46026,1416801,436798,Exodus,30,30,אהרן,nmpr,pers,A:person-candidate,Torah
46038,1416802,436801,Exodus,30,31,אל,prep,,C:divine-title-candidate,Torah
46040,1416802,436801,Exodus,30,31,ישראל,nmpr,"pers,gens,topo",F:unclassified-name,Torah
46084,1416805,436812,Exodus,30,34,יהוה,nmpr,pers,E:YHWH,Torah
46085,1416805,436812,Exodus,30,34,אל,prep,,C:divine-title-candidate,Torah
46086,1416805,436812,Exodus,30,34,משה,nmpr,pers,A:person-candidate,Torah
46149,1416808,436823,Exodus,30,37,יהוה,nmpr,pers,E:YHWH,Torah
46163,1416810,436828,Exodus,31,1,יהוה,nmpr,pers,E:YHWH,Torah
46164,1416810,436828,Exodus,31,1,אל,prep,,C:divine-title-candidate,Torah
46165,1416810,436828,Exodus,31,1,משה,nmpr,pers,A:person-candidate,Torah
46172,1416811,436831,Exodus,31,2,בצלאל,nmpr,pers,A:person-candidate,Torah
46174,1416811,436831,Exodus,31,2,אורי,nmpr,pers,A:person-candidate,Torah
46176,1416811,436831,Exodus,31,2,חור,nmpr,pers,A:person-candidate,Torah
46179,1416811,436831,Exodus,31,2,יהודה,nmpr,"pers,gens,topo",F:unclassified-name,Torah
46184,1416812,436832,Exodus,31,3,אלהים,subs,,D:Elohim,Torah
46234,1416815,436840,Exodus,31,6,אהליאב,nmpr,pers,A:person-candidate,Torah
46236,1416815,436840,Exodus,31,6,אחיסמך,nmpr,pers,A:person-candidate,Torah
46239,1416815,436840,Exodus,31,6,דן,nmpr,"pers,gens,topo",F:unclassified-name,Torah
46325,1416819,436848,Exodus,31,10,אהרן,nmpr,pers,A:person-candidate,Torah
46354,1416821,436853,Exodus,31,12,יהוה,nmpr,pers,E:YHWH,Torah
46355,1416821,436853,Exodus,31,12,אל,prep,,C:divine-title-candidate,Torah
46356,1416821,436853,Exodus,31,12,משה,nmpr,pers,A:person-candidate,Torah
46362,1416822,436855,Exodus,31,13,אל,prep,,C:divine-title-candidate,Torah
46364,1416822,436855,Exodus,31,13,ישראל,nmpr,"pers,gens,topo",F:unclassified-name,Torah
46383,1416822,436860,Exodus,31,13,יהוה,nmpr,pers,E:YHWH,Torah
46426,1416824,436870,Exodus,31,15,יהוה,nmpr,pers,E:YHWH,Torah
46440,1416825,436873,Exodus,31,16,ישראל,nmpr,"pers,gens,topo",F:unclassified-name,Torah
46457,1416826,436875,Exodus,31,17,ישראל,nmpr,"pers,gens,topo",F:unclassified-name,Torah
46466,1416826,436876,Exodus,31,17,יהוה,nmpr,pers,E:YHWH,Torah
46485,1416827,436879,Exodus,31,18,אל,prep,,C:divine-title-candidate,Torah
46486,1416827,436879,Exodus,31,18,משה,nmpr,pers,A:person-candidate,Torah
46494,1416827,436881,Exodus,31,18,סיני,nmpr,topo,F:unclassified-name,Torah
46504,1416827,436882,Exodus,31,18,אלהים,subs,,D:Elohim,Torah
46511,1416828,436884,Exodus,32,1,משה,nmpr,pers,A:person-candidate,Torah
46522,1416828,436886,Exodus,32,1,אהרן,nmpr,pers,A:person-candidate,Torah
46525,1416828,436887,Exodus,32,1,אל,prep,,C:divine-title-candidate,Torah
46529,1416828,436889,Exodus,32,1,אלהים,subs,,D:Elohim,Torah
46536,1416828,436891,Exodus,32,1,משה,nmpr,pers,A:person-candidate,Torah
46543,1416828,436892,Exodus,32,1,מצרים,nmpr,topo,F:unclassified-name,Torah
46551,1416829,436895,Exodus,32,2,אל,prep,,C:divine-title-candidate,Torah
46552,1416829,436895,Exodus,32,2,אהרן,nmpr,pers,A:person-candidate,Torah
46566,1416829,436898,Exodus,32,2,אל,prep,,C:divine-title-candidate,Torah
46581,1416830,436901,Exodus,32,3,אל,prep,,C:divine-title-candidate,Torah
46582,1416830,436901,Exodus,32,3,אהרן,nmpr,pers,A:person-candidate,Torah
46600,1416831,436906,Exodus,32,4,אלהים,subs,,D:Elohim,Torah
46601,1416831,436907,Exodus,32,4,ישראל,nmpr,"pers,gens,topo",F:unclassified-name,Torah
46606,1416831,436908,Exodus,32,4,מצרים,nmpr,topo,F:unclassified-name,Torah
46609,1416832,436909,Exodus,32,5,אהרן,nmpr,pers,A:person-candidate,Torah
46617,1416832,436911,Exodus,32,5,אהרן,nmpr,pers,A:person-candidate,Torah
46622,1416832,436913,Exodus,32,5,יהוה,nmpr,pers,E:YHWH,Torah
46648,1416834,436922,Exodus,32,7,יהוה,nmpr,pers,E:YHWH,Torah
46649,1416834,436922,Exodus,32,7,אל,prep,,C:divine-title-candidate,Torah
46650,1416834,436922,Exodus,32,7,משה,nmpr,pers,A:person-candidate,Torah
46660,1416834,436926,Exodus,32,7,מצרים,nmpr,topo,F:unclassified-name,Torah
46681,1416835,436933,Exodus,32,8,אלהים,subs,,D:Elohim,Torah
46682,1416835,436934,Exodus,32,8,ישראל,nmpr,"pers,gens,topo",F:unclassified-name,Torah
46687,1416835,436935,Exodus,32,8,מצרים,nmpr,topo,F:unclassified-name,Torah
46690,1416836,436936,Exodus,32,9,יהוה,nmpr,pers,E:YHWH,Torah
46691,1416836,436936,Exodus,32,9,אל,prep,,C:divine-title-candidate,Torah
46692,1416836,436936,Exodus,32,9,משה,nmpr,pers,A:person-candidate,Torah
46723,1416838,436945,Exodus,32,11,משה,nmpr,pers,A:person-candidate,Torah
46726,1416838,436945,Exodus,32,11,יהוה,nmpr,pers,E:YHWH,Torah
46727,1416838,436945,Exodus,32,11,אלהים,subs,,D:Elohim,Torah
46731,1416838,436948,Exodus,32,11,יהוה,nmpr,pers,E:YHWH,Torah
46740,1416838,436949,Exodus,32,11,מצרים,nmpr,topo,F:unclassified-name,Torah
46750,1416839,436950,Exodus,32,12,מצרים,nmpr,topo,F:unclassified-name,Torah
46783,1416840,436957,Exodus,32,13,אברהם,nmpr,pers,A:person-candidate,Torah
46785,1416840,436957,Exodus,32,13,יצחק,nmpr,pers,A:person-candidate,Torah
46788,1416840,436957,Exodus,32,13,ישראל,nmpr,"pers,gens,topo",F:unclassified-name,Torah
46796,1416840,436959,Exodus,32,13,אל,prep,,C:divine-title-candidate,Torah
46821,1416841,436964,Exodus,32,14,יהוה,nmpr,pers,E:YHWH,Torah
46835,1416842,436968,Exodus,32,15,משה,nmpr,pers,A:person-candidate,Torah
46862,1416843,436973,Exodus,32,16,אלהים,subs,,D:Elohim,Torah
46868,1416843,436975,Exodus,32,16,אלהים,subs,,D:Elohim,Torah
46876,1416844,436977,Exodus,32,17,יהושע,nmpr,pers,A:person-candidate,Torah
46885,1416844,436978,Exodus,32,17,אל,prep,,C:divine-title-candidate,Torah
46886,1416844,436978,Exodus,32,17,משה,nmpr,pers,A:person-candidate,Torah
46912,1416846,436985,Exodus,32,19,אל,prep,,C:divine-title-candidate,Torah
46925,1416846,436987,Exodus,32,19,משה,nmpr,pers,A:person-candidate,Torah
46966,1416847,436996,Exodus,32,20,ישראל,nmpr,"pers,gens,topo",F:unclassified-name,Torah
46969,1416848,436997,Exodus,32,21,משה,nmpr,pers,A:person-candidate,Torah
46970,1416848,436997,Exodus,32,21,אל,prep,,C:divine-title-candidate,Torah
46971,1416848,436997,Exodus,32,21,אהרן,nmpr,pers,A:person-candidate,Torah
46986,1416849,437000,Exodus,32,22,אהרן,nmpr,pers,A:person-candidate,Torah
46987,1416849,437001,Exodus,32,22,אל,nega,,C:divine-title-candidate,Torah
47005,1416850,437005,Exodus,32,23,אלהים,subs,,D:Elohim,Torah
47012,1416850,437007,Exodus,32,23,משה,nmpr,pers,A:person-candidate,Torah
47019,1416850,437008,Exodus,32,23,מצרים,nmpr,topo,F:unclassified-name,Torah
47048,1416852,437017,Exodus,32,25,משה,nmpr,pers,A:person-candidate,Torah
47057,1416852,437019,Exodus,32,25,אהרן,nmpr,pers,A:person-candidate,Torah
47064,1416853,437020,Exodus,32,26,משה,nmpr,pers,A:person-candidate,Torah
47073,1416853,437022,Exodus,32,26,יהוה,nmpr,pers,E:YHWH,Torah
47074,1416853,437023,Exodus,32,26,אל,prep,,C:divine-title-candidate,Torah
47077,1416853,437024,Exodus,32,26,אל,prep,,C:divine-title-candidate,Torah
47080,1416853,437024,Exodus,32,26,לוי,nmpr,"pers,gens",F:unclassified-name,Torah
47086,1416854,437026,Exodus,32,27,יהוה,nmpr,pers,E:YHWH,Torah
47087,1416854,437026,Exodus,32,27,אלהים,subs,,D:Elohim,Torah
47088,1416854,437026,Exodus,32,27,ישראל,nmpr,"pers,gens,topo",F:unclassified-name,Torah
47120,1416855,437035,Exodus,32,28,לוי,nmpr,"pers,gens",F:unclassified-name,Torah
47123,1416855,437035,Exodus,32,28,משה,nmpr,pers,A:person-candidate,Torah
47140,1416856,437037,Exodus,32,29,משה,nmpr,pers,A:person-candidate,Torah
47146,1416856,437038,Exodus,32,29,יהוה,nmpr,pers,E:YHWH,Torah
47167,1416857,437042,Exodus,32,30,משה,nmpr,pers,A:person-candidate,Torah
47168,1416857,437042,Exodus,32,30,אל,prep,,C:divine-title-candidate,Torah
47178,1416857,437045,Exodus,32,30,אל,prep,,C:divine-title-candidate,Torah
47179,1416857,437045,Exodus,32,30,יהוה,nmpr,pers,E:YHWH,Torah
47186,1416858,437047,Exodus,32,31,משה,nmpr,pers,A:person-candidate,Torah
47187,1416858,437047,Exodus,32,31,אל,prep,,C:divine-title-candidate,Torah
47188,1416858,437047,Exodus,32,31,יהוה,nmpr,pers,E:YHWH,Torah
47202,1416858,437050,Exodus,32,31,אלהים,subs,,D:Elohim,Torah
47220,1416860,437056,Exodus,32,33,יהוה,nmpr,pers,E:YHWH,Torah
47221,1416860,437056,Exodus,32,33,אל,prep,,C:divine-title-candidate,Torah
47222,1416860,437056,Exodus,32,33,משה,nmpr,pers,A:person-candidate,Torah
47237,1416861,437063,Exodus,32,34,אל,prep,,C:divine-title-candidate,Torah
47256,1416862,437068,Exodus,32,35,יהוה,nmpr,pers,E:YHWH,Torah
47268,1416862,437070,Exodus,32,35,אהרן,nmpr,pers,A:person-candidate,Torah
47271,1416863,437071,Exodus,33,1,יהוה,nmpr,pers,E:YHWH,Torah
47272,1416863,437071,Exodus,33,1,אל,prep,,C:divine-title-candidate,Torah
47273,1416863,437071,Exodus,33,1,משה,nmpr,pers,A:person-candidate,Torah
47286,1416863,437074,Exodus,33,1,מצרים,nmpr,topo,F:unclassified-name,Torah
47287,1416863,437073,Exodus,33,1,אל,prep,,C:divine-title-candidate,Torah
47293,1416863,437075,Exodus,33,1,אברהם,nmpr,pers,A:person-candidate,Torah
47295,1416863,437075,Exodus,33,1,יצחק,nmpr,pers,A:person-candidate,Torah
47298,1416863,437075,Exodus,33,1,יעקב,nmpr,pers,A:person-candidate,Torah
47327,1416865,437078,Exodus,33,3,אל,prep,,C:divine-title-candidate,Torah
47369,1416867,437087,Exodus,33,5,יהוה,nmpr,pers,E:YHWH,Torah
47370,1416867,437087,Exodus,33,5,אל,prep,,C:divine-title-candidate,Torah
47371,1416867,437087,Exodus,33,5,משה,nmpr,pers,A:person-candidate,Torah
47373,1416867,437088,Exodus,33,5,אל,prep,,C:divine-title-candidate,Torah
47375,1416867,437088,Exodus,33,5,ישראל,nmpr,"pers,gens,topo",F:unclassified-name,Torah
47401,1416868,437096,Exodus,33,6,ישראל,nmpr,"pers,gens,topo",F:unclassified-name,Torah
47406,1416868,437096,Exodus,33,6,חרב,nmpr,topo,F:unclassified-name,Torah
47408,1416869,437097,Exodus,33,7,משה,nmpr,pers,A:person-candidate,Torah
47434,1416869,437103,Exodus,33,7,יהוה,nmpr,pers,E:YHWH,Torah
47436,1416869,437102,Exodus,33,7,אל,prep,,C:divine-title-candidate,Torah
47449,1416870,437106,Exodus,33,8,משה,nmpr,pers,A:person-candidate,Torah
47450,1416870,437106,Exodus,33,8,אל,prep,,C:divine-title-candidate,Torah
47465,1416870,437110,Exodus,33,8,משה,nmpr,pers,A:person-candidate,Torah
47474,1416871,437113,Exodus,33,9,משה,nmpr,pers,A:person-candidate,Torah
47489,1416871,437116,Exodus,33,9,משה,nmpr,pers,A:person-candidate,Torah
47515,1416873,437122,Exodus,33,11,יהוה,nmpr,pers,E:YHWH,Torah
47516,1416873,437122,Exodus,33,11,אל,prep,,C:divine-title-candidate,Torah
47517,1416873,437122,Exodus,33,11,משה,nmpr,pers,A:person-candidate,Torah
47519,1416873,437122,Exodus,33,11,אל,prep,,C:divine-title-candidate,Torah
47525,1416873,437123,Exodus,33,11,אל,prep,,C:divine-title-candidate,Torah
47529,1416873,437124,Exodus,33,11,אל,prep,,C:divine-title-candidate,Torah
47534,1416873,437125,Exodus,33,11,יהושע,nmpr,pers,A:person-candidate,Torah
47536,1416873,437125,Exodus,33,11,נון,nmpr,pers,A:person-candidate,Torah
47546,1416874,437126,Exodus,33,12,משה,nmpr,pers,A:person-candidate,Torah
47547,1416874,437126,Exodus,33,12,אל,prep,,C:divine-title-candidate,Torah
47548,1416874,437126,Exodus,33,12,יהוה,nmpr,pers,E:YHWH,Torah
47552,1416874,437128,Exodus,33,12,אל,prep,,C:divine-title-candidate,Torah
47615,1416877,437145,Exodus,33,15,אל,prep,,C:divine-title-candidate,Torah
47620,1416877,437147,Exodus,33,15,אל,nega,,C:divine-title-candidate,Torah
47658,1416879,437154,Exodus,33,17,יהוה,nmpr,pers,E:YHWH,Torah
47659,1416879,437154,Exodus,33,17,אל,prep,,C:divine-title-candidate,Torah
47660,1416879,437154,Exodus,33,17,משה,nmpr,pers,A:person-candidate,Torah
47697,1416881,437163,Exodus,33,19,יהוה,nmpr,pers,E:YHWH,Torah
47727,1416883,437173,Exodus,33,21,יהוה,nmpr,pers,E:YHWH,Torah
47767,1416886,437184,Exodus,34,1,יהוה,nmpr,pers,E:YHWH,Torah
47768,1416886,437184,Exodus,34,1,אל,prep,,C:divine-title-candidate,Torah
47769,1416886,437184,Exodus,34,1,משה,nmpr,pers,A:person-candidate,Torah
47806,1416887,437190,Exodus,34,2,אל,prep,,C:divine-title-candidate,Torah
47808,1416887,437190,Exodus,34,2,סיני,nmpr,topo,F:unclassified-name,Torah
47825,1416888,437193,Exodus,34,3,אל,nega,,C:divine-title-candidate,Torah
47837,1416888,437194,Exodus,34,3,אל,nega,,C:divine-title-candidate,Torah
47839,1416888,437194,Exodus,34,3,אל,prep,,C:divine-title-candidate,Torah
47855,1416889,437196,Exodus,34,4,משה,nmpr,pers,A:person-candidate,Torah
47861,1416889,437197,Exodus,34,4,אל,prep,,C:divine-title-candidate,Torah
47863,1416889,437197,Exodus,34,4,סיני,nmpr,topo,F:unclassified-name,Torah
47867,1416889,437198,Exodus,34,4,יהוה,nmpr,pers,E:YHWH,Torah
47878,1416890,437200,Exodus,34,5,יהוה,nmpr,pers,E:YHWH,Torah
47890,1416890,437202,Exodus,34,5,יהוה,nmpr,pers,E:YHWH,Torah
47893,1416891,437203,Exodus,34,6,יהוה,nmpr,pers,E:YHWH,Torah
47898,1416891,437205,Exodus,34,6,יהוה,nmpr,pers,E:YHWH,Torah
47899,1416891,437205,Exodus,34,6,יהוה,nmpr,pers,E:YHWH,Torah
47900,1416891,437206,Exodus,34,6,אל,subs,,C:divine-title-candidate,Torah
47942,1416893,437212,Exodus,34,8,משה,nmpr,pers,A:person-candidate,Torah
47956,1416894,437217,Exodus,34,9,אדני,nmpr,pers,C:divine-title-candidate,Torah
47959,1416894,437218,Exodus,34,9,אדני,nmpr,pers,C:divine-title-candidate,Torah
48010,1416895,437226,Exodus,34,10,יהוה,nmpr,pers,E:YHWH,Torah
48083,1416899,437240,Exodus,34,14,אל,subs,,C:divine-title-candidate,Torah
48086,1416899,437241,Exodus,34,14,יהוה,nmpr,pers,E:YHWH,Torah
48089,1416899,437243,Exodus,34,14,אל,subs,,C:divine-title-candidate,Torah
48102,1416900,437245,Exodus,34,15,אלהים,subs,,D:Elohim,Torah
48106,1416900,437246,Exodus,34,15,אלהים,subs,,D:Elohim,Torah
48124,1416901,437250,Exodus,34,16,אלהים,subs,,D:Elohim,Torah
48130,1416901,437251,Exodus,34,16,אלהים,subs,,D:Elohim,Torah
48131,1416902,437252,Exodus,34,17,אלהים,subs,,D:Elohim,Torah
48159,1416903,437256,Exodus,34,18,מצרים,nmpr,topo,F:unclassified-name,Torah
48238,1416908,437270,Exodus,34,23,יהוה,nmpr,pers,E:YHWH,Torah
48239,1416908,437270,Exodus,34,23,אלהים,subs,,D:Elohim,Torah
48240,1416908,437270,Exodus,34,23,ישראל,nmpr,"pers,gens,topo",F:unclassified-name,Torah
48262,1416909,437275,Exodus,34,24,יהוה,nmpr,pers,E:YHWH,Torah
48263,1416909,437275,Exodus,34,24,אלהים,subs,,D:Elohim,Torah
48290,1416911,437278,Exodus,34,26,יהוה,nmpr,pers,E:YHWH,Torah
48291,1416911,437278,Exodus,34,26,אלהים,subs,,D:Elohim,Torah
48300,1416912,437280,Exodus,34,27,יהוה,nmpr,pers,E:YHWH,Torah
48301,1416912,437280,Exodus,34,27,אל,prep,,C:divine-title-candidate,Torah
48302,1416912,437280,Exodus,34,27,משה,nmpr,pers,A:person-candidate,Torah
48322,1416912,437282,Exodus,34,27,ישראל,nmpr,"pers,gens,topo",F:unclassified-name,Torah
48327,1416913,437283,Exodus,34,28,יהוה,nmpr,pers,E:YHWH,Torah
48356,1416914,437288,Exodus,34,29,משה,nmpr,pers,A:person-candidate,Torah
48359,1416914,437288,Exodus,34,29,סיני,nmpr,topo,F:unclassified-name,Torah
48367,1416914,437289,Exodus,34,29,משה,nmpr,pers,A:person-candidate,Torah
48374,1416914,437291,Exodus,34,29,משה,nmpr,pers,A:person-candidate,Torah
48386,1416915,437294,Exodus,34,30,אהרן,nmpr,pers,A:person-candidate,Torah
48390,1416915,437294,Exodus,34,30,ישראל,nmpr,"pers,gens,topo",F:unclassified-name,Torah
48392,1416915,437294,Exodus,34,30,משה,nmpr,pers,A:person-candidate,Torah
48402,1416915,437297,Exodus,34,30,אל,prep,,C:divine-title-candidate,Torah
48405,1416916,437298,Exodus,34,31,אל,prep,,C:divine-title-candidate,Torah
48406,1416916,437298,Exodus,34,31,משה,nmpr,pers,A:person-candidate,Torah
48409,1416916,437299,Exodus,34,31,אל,prep,,C:divine-title-candidate,Torah
48410,1416916,437299,Exodus,34,31,אהרן,nmpr,pers,A:person-candidate,Torah
48420,1416916,437300,Exodus,34,31,משה,nmpr,pers,A:person-candidate,Torah
48421,1416916,437300,Exodus,34,31,אל,prep,,C:divine-title-candidate,Torah
48428,1416917,437301,Exodus,34,32,ישראל,nmpr,"pers,gens,topo",F:unclassified-name,Torah
48435,1416917,437303,Exodus,34,32,יהוה,nmpr,pers,E:YHWH,Torah
48439,1416917,437303,Exodus,34,32,סיני,nmpr,topo,F:unclassified-name,Torah
48442,1416918,437304,Exodus,34,33,משה,nmpr,pers,A:person-candidate,Torah
48454,1416919,437308,Exodus,34,34,משה,nmpr,pers,A:person-candidate,Torah
48457,1416919,437308,Exodus,34,34,יהוה,nmpr,pers,E:YHWH,Torah
48471,1416919,437312,Exodus,34,34,אל,prep,,C:divine-title-candidate,Torah
48473,1416919,437312,Exodus,34,34,ישראל,nmpr,"pers,gens,topo",F:unclassified-name,Torah
48480,1416920,437314,Exodus,34,35,ישראל,nmpr,"pers,gens,topo",F:unclassified-name,Torah
48483,1416920,437314,Exodus,34,35,משה,nmpr,pers,A:person-candidate,Torah
48488,1416920,437315,Exodus,34,35,משה,nmpr,pers,A:person-candidate,Torah
48491,1416920,437316,Exodus,34,35,משה,nmpr,pers,A:person-candidate,Torah
48504,1416921,437319,Exodus,35,1,משה,nmpr,pers,A:person-candidate,Torah
48509,1416921,437319,Exodus,35,1,ישראל,nmpr,"pers,gens,topo",F:unclassified-name,Torah
48512,1416921,437320,Exodus,35,1,אל,prep,,C:divine-title-candidate,Torah
48518,1416921,437322,Exodus,35,1,יהוה,nmpr,pers,E:YHWH,Torah
48538,1416922,437325,Exodus,35,2,יהוה,nmpr,pers,E:YHWH,Torah
48557,1416924,437329,Exodus,35,4,משה,nmpr,pers,A:person-candidate,Torah
48558,1416924,437329,Exodus,35,4,אל,prep,,C:divine-title-candidate,Torah
48562,1416924,437329,Exodus,35,4,ישראל,nmpr,"pers,gens,topo",F:unclassified-name,Torah
48570,1416924,437332,Exodus,35,4,יהוה,nmpr,pers,E:YHWH,Torah
48578,1416925,437334,Exodus,35,5,יהוה,nmpr,pers,E:YHWH,Torah
48585,1416925,437335,Exodus,35,5,יהוה,nmpr,pers,E:YHWH,Torah
48653,1416930,437342,Exodus,35,10,יהוה,nmpr,pers,E:YHWH,Torah
48810,1416939,437352,Exodus,35,19,אהרן,nmpr,pers,A:person-candidate,Torah
48824,1416940,437355,Exodus,35,20,ישראל,nmpr,"pers,gens,topo",F:unclassified-name,Torah
48828,1416940,437355,Exodus,35,20,משה,nmpr,pers,A:person-candidate,Torah
48845,1416941,437358,Exodus,35,21,יהוה,nmpr,pers,E:YHWH,Torah
48888,1416942,437363,Exodus,35,22,יהוה,nmpr,pers,E:YHWH,Torah
48922,1416944,437366,Exodus,35,24,יהוה,nmpr,pers,E:YHWH,Torah
49032,1416949,437380,Exodus,35,29,יהוה,nmpr,pers,E:YHWH,Torah
49037,1416949,437381,Exodus,35,29,משה,nmpr,pers,A:person-candidate,Torah
49040,1416949,437382,Exodus,35,29,ישראל,nmpr,"pers,gens,topo",F:unclassified-name,Torah
49043,1416949,437382,Exodus,35,29,יהוה,nmpr,pers,E:YHWH,Torah
49046,1416950,437383,Exodus,35,30,משה,nmpr,pers,A:person-candidate,Torah
49047,1416950,437383,Exodus,35,30,אל,prep,,C:divine-title-candidate,Torah
49049,1416950,437383,Exodus,35,30,ישראל,nmpr,"pers,gens,topo",F:unclassified-name,Torah
49052,1416950,437385,Exodus,35,30,יהוה,nmpr,pers,E:YHWH,Torah
49055,1416950,437385,Exodus,35,30,בצלאל,nmpr,pers,A:person-candidate,Torah
49057,1416950,437385,Exodus,35,30,אורי,nmpr,pers,A:person-candidate,Torah
49059,1416950,437385,Exodus,35,30,חור,nmpr,pers,A:person-candidate,Torah
49062,1416950,437385,Exodus,35,30,יהודה,nmpr,"pers,gens,topo",F:unclassified-name,Torah
49067,1416951,437386,Exodus,35,31,אלהים,subs,,D:Elohim,Torah
49120,1416954,437393,Exodus,35,34,אהליאב,nmpr,pers,A:person-candidate,Torah
49122,1416954,437393,Exodus,35,34,אחיסמך,nmpr,pers,A:person-candidate,Torah
49125,1416954,437393,Exodus,35,34,דן,nmpr,"pers,gens,topo",F:unclassified-name,Torah
49164,1416956,437397,Exodus,36,1,בצלאל,nmpr,pers,A:person-candidate,Torah
49166,1416956,437397,Exodus,36,1,אהליאב,nmpr,pers,A:person-candidate,Torah
49174,1416956,437398,Exodus,36,1,יהוה,nmpr,pers,E:YHWH,Torah
49194,1416956,437401,Exodus,36,1,יהוה,nmpr,pers,E:YHWH,Torah
49197,1416957,437402,Exodus,36,2,משה,nmpr,pers,A:person-candidate,Torah
49198,1416957,437402,Exodus,36,2,אל,prep,,C:divine-title-candidate,Torah
49199,1416957,437402,Exodus,36,2,בצלאל,nmpr,pers,A:person-candidate,Torah
49201,1416957,437402,Exodus,36,2,אל,prep,,C:divine-title-candidate,Torah
49202,1416957,437402,Exodus,36,2,אהליאב,nmpr,pers,A:person-candidate,Torah
49204,1416957,437402,Exodus,36,2,אל,prep,,C:divine-title-candidate,Torah
49211,1416957,437403,Exodus,36,2,יהוה,nmpr,pers,E:YHWH,Torah
49221,1416957,437405,Exodus,36,2,אל,prep,,C:divine-title-candidate,Torah
49232,1416958,437407,Exodus,36,3,משה,nmpr,pers,A:person-candidate,Torah
49240,1416958,437408,Exodus,36,3,ישראל,nmpr,"pers,gens,topo",F:unclassified-name,Torah
49252,1416958,437410,Exodus,36,3,אל,prep,,C:divine-title-candidate,Torah
49282,1416960,437415,Exodus,36,5,אל,prep,,C:divine-title-candidate,Torah
49283,1416960,437415,Exodus,36,5,משה,nmpr,pers,A:person-candidate,Torah
49300,1416960,437419,Exodus,36,5,יהוה,nmpr,pers,E:YHWH,Torah
49306,1416961,437421,Exodus,36,6,משה,nmpr,pers,A:person-candidate,Torah
49318,1416961,437424,Exodus,36,6,אל,nega,,C:divine-title-candidate,Torah
49408,1416965,437436,Exodus,36,10,אל,prep,,C:divine-title-candidate,Torah
49415,1416965,437438,Exodus,36,10,אל,prep,,C:divine-title-candidate,Torah
49471,1416967,437444,Exodus,36,12,אל,prep,,C:divine-title-candidate,Torah
49484,1416968,437447,Exodus,36,13,אל,prep,,C:divine-title-candidate,Torah
49636,1416977,437468,Exodus,36,22,אל,prep,,C:divine-title-candidate,Torah
49751,1416984,437482,Exodus,36,29,אל,prep,,C:divine-title-candidate,Torah
49753,1416984,437482,Exodus,36,29,אל,prep,,C:divine-title-candidate,Torah
49835,1416988,437490,Exodus,36,33,אל,prep,,C:divine-title-candidate,Torah
49932,1416994,437505,Exodus,37,1,בצלאל,nmpr,pers,A:person-candidate,Torah
50083,1417002,437528,Exodus,37,9,אל,prep,,C:divine-title-candidate,Torah
50085,1417002,437529,Exodus,37,9,אל,prep,,C:divine-title-candidate,Torah
50666,1417036,437626,Exodus,38,14,אל,prep,,C:divine-title-candidate,Torah
50800,1417043,437646,Exodus,38,21,משה,nmpr,pers,A:person-candidate,Torah
50806,1417043,437646,Exodus,38,21,איתמר,nmpr,pers,A:person-candidate,Torah
50808,1417043,437646,Exodus,38,21,אהרן,nmpr,pers,A:person-candidate,Torah
50812,1417044,437647,Exodus,38,22,בצלאל,nmpr,pers,A:person-candidate,Torah
50814,1417044,437647,Exodus,38,22,אורי,nmpr,pers,A:person-candidate,Torah
50816,1417044,437647,Exodus,38,22,חור,nmpr,pers,A:person-candidate,Torah
50819,1417044,437647,Exodus,38,22,יהודה,nmpr,"pers,gens,topo",F:unclassified-name,Torah
50825,1417044,437648,Exodus,38,22,יהוה,nmpr,pers,E:YHWH,Torah
50827,1417044,437648,Exodus,38,22,משה,nmpr,pers,A:person-candidate,Torah
50830,1417045,437649,Exodus,38,23,אהליאב,nmpr,pers,A:person-candidate,Torah
50832,1417045,437649,Exodus,38,23,אחיסמך,nmpr,pers,A:person-candidate,Torah
50835,1417045,437649,Exodus,38,23,דן,nmpr,"pers,gens,topo",F:unclassified-name,Torah
51086,1417054,437671,Exodus,39,1,אהרן,nmpr,pers,A:person-candidate,Torah
51090,1417054,437672,Exodus,39,1,יהוה,nmpr,pers,E:YHWH,Torah
51092,1417054,437672,Exodus,39,1,משה,nmpr,pers,A:person-candidate,Torah
51171,1417058,437686,Exodus,39,5,יהוה,nmpr,pers,E:YHWH,Torah
51173,1417058,437686,Exodus,39,5,משה,nmpr,pers,A:person-candidate,Torah
51189,1417059,437689,Exodus,39,6,ישראל,nmpr,"pers,gens,topo",F:unclassified-name,Torah
51201,1417060,437691,Exodus,39,7,ישראל,nmpr,"pers,gens,topo",F:unclassified-name,Torah
51205,1417060,437692,Exodus,39,7,יהוה,nmpr,pers,E:YHWH,Torah
51207,1417060,437692,Exodus,39,7,משה,nmpr,pers,A:person-candidate,Torah
51294,1417067,437708,Exodus,39,14,ישראל,nmpr,"pers,gens,topo",F:unclassified-name,Torah
51373,1417071,437716,Exodus,39,18,אל,prep,,C:divine-title-candidate,Torah
51391,1417072,437719,Exodus,39,19,אל,prep,,C:divine-title-candidate,Torah
51430,1417074,437722,Exodus,39,21,אל,prep,,C:divine-title-candidate,Torah
51455,1417074,437725,Exodus,39,21,יהוה,nmpr,pers,E:YHWH,Torah
51457,1417074,437725,Exodus,39,21,משה,nmpr,pers,A:person-candidate,Torah
51489,1417077,437730,Exodus,39,24,רמון,subs,,B:deity-candidate,Torah
51510,1417078,437733,Exodus,39,25,רמון,subs,,B:deity-candidate,Torah
51519,1417078,437733,Exodus,39,25,רמון,subs,,B:deity-candidate,Torah
51522,1417079,437734,Exodus,39,26,רמון,subs,,B:deity-candidate,Torah
51525,1417079,437734,Exodus,39,26,רמון,subs,,B:deity-candidate,Torah
51536,1417079,437736,Exodus,39,26,יהוה,nmpr,pers,E:YHWH,Torah
51538,1417079,437736,Exodus,39,26,משה,nmpr,pers,A:person-candidate,Torah
51548,1417080,437737,Exodus,39,27,אהרן,nmpr,pers,A:person-candidate,Torah
51588,1417082,437742,Exodus,39,29,יהוה,nmpr,pers,E:YHWH,Torah
51590,1417082,437742,Exodus,39,29,משה,nmpr,pers,A:person-candidate,Torah
51608,1417083,437745,Exodus,39,30,יהוה,nmpr,pers,E:YHWH,Torah
51625,1417084,437748,Exodus,39,31,יהוה,nmpr,pers,E:YHWH,Torah
51627,1417084,437748,Exodus,39,31,משה,nmpr,pers,A:person-candidate,Torah
51638,1417085,437750,Exodus,39,32,ישראל,nmpr,"pers,gens,topo",F:unclassified-name,Torah
51643,1417085,437751,Exodus,39,32,יהוה,nmpr,pers,E:YHWH,Torah
51645,1417085,437751,Exodus,39,32,משה,nmpr,pers,A:person-candidate,Torah
51653,1417086,437753,Exodus,39,33,אל,prep,,C:divine-title-candidate,Torah
51654,1417086,437753,Exodus,39,33,משה,nmpr,pers,A:person-candidate,Torah
51818,1417094,437762,Exodus,39,41,אהרן,nmpr,pers,A:person-candidate,Torah
51831,1417095,437766,Exodus,39,42,יהוה,nmpr,pers,E:YHWH,Torah
51833,1417095,437766,Exodus,39,42,משה,nmpr,pers,A:person-candidate,Torah
51837,1417095,437767,Exodus,39,42,ישראל,nmpr,"pers,gens,topo",F:unclassified-name,Torah
51844,1417096,437768,Exodus,39,43,משה,nmpr,pers,A:person-candidate,Torah
51856,1417096,437771,Exodus,39,43,יהוה,nmpr,pers,E:YHWH,Torah
51862,1417096,437773,Exodus,39,43,משה,nmpr,pers,A:person-candidate,Torah
51865,1417097,437774,Exodus,40,1,יהוה,nmpr,pers,E:YHWH,Torah
51866,1417097,437774,Exodus,40,1,אל,prep,,C:divine-title-candidate,Torah
51867,1417097,437774,Exodus,40,1,משה,nmpr,pers,A:person-candidate,Torah
52043,1417108,437800,Exodus,40,12,אהרן,nmpr,pers,A:person-candidate,Torah
52047,1417108,437800,Exodus,40,12,אל,prep,,C:divine-title-candidate,Torah
52060,1417109,437802,Exodus,40,13,אהרן,nmpr,pers,A:person-candidate,Torah
52106,1417112,437813,Exodus,40,16,משה,nmpr,pers,A:person-candidate,Torah
52111,1417112,437815,Exodus,40,16,יהוה,nmpr,pers,E:YHWH,Torah
52137,1417114,437819,Exodus,40,18,משה,nmpr,pers,A:person-candidate,Torah
52178,1417115,437826,Exodus,40,19,יהוה,nmpr,pers,E:YHWH,Torah
52180,1417115,437826,Exodus,40,19,משה,nmpr,pers,A:person-candidate,Torah
52188,1417116,437828,Exodus,40,20,אל,prep,,C:divine-title-candidate,Torah
52215,1417117,437831,Exodus,40,21,אל,prep,,C:divine-title-candidate,Torah
52233,1417117,437834,Exodus,40,21,יהוה,nmpr,pers,E:YHWH,Torah
52235,1417117,437834,Exodus,40,21,משה,nmpr,pers,A:person-candidate,Torah
52261,1417119,437836,Exodus,40,23,יהוה,nmpr,pers,E:YHWH,Torah
52265,1417119,437837,Exodus,40,23,יהוה,nmpr,pers,E:YHWH,Torah
52267,1417119,437837,Exodus,40,23,משה,nmpr,pers,A:person-candidate,Torah
52290,1417121,437839,Exodus,40,25,יהוה,nmpr,pers,E:YHWH,Torah
52294,1417121,437840,Exodus,40,25,יהוה,nmpr,pers,E:YHWH,Torah
52296,1417121,437840,Exodus,40,25,משה,nmpr,pers,A:person-candidate,Torah
52318,1417123,437843,Exodus,40,27,יהוה,nmpr,pers,E:YHWH,Torah
52320,1417123,437843,Exodus,40,27,משה,nmpr,pers,A:person-candidate,Torah
52353,1417125,437847,Exodus,40,29,יהוה,nmpr,pers,E:YHWH,Torah
52355,1417125,437847,Exodus,40,29,משה,nmpr,pers,A:person-candidate,Torah
52377,1417127,437851,Exodus,40,31,משה,nmpr,pers,A:person-candidate,Torah
52379,1417127,437851,Exodus,40,31,אהרן,nmpr,pers,A:person-candidate,Torah
52389,1417128,437852,Exodus,40,32,אל,prep,,C:divine-title-candidate,Torah
52395,1417128,437853,Exodus,40,32,אל,prep,,C:divine-title-candidate,Torah
52402,1417128,437855,Exodus,40,32,יהוה,nmpr,pers,E:YHWH,Torah
52404,1417128,437855,Exodus,40,32,משה,nmpr,pers,A:person-candidate,Torah
52427,1417129,437858,Exodus,40,33,משה,nmpr,pers,A:person-candidate,Torah
52440,1417130,437860,Exodus,40,34,יהוה,nmpr,pers,E:YHWH,Torah
52448,1417131,437861,Exodus,40,35,משה,nmpr,pers,A:person-candidate,Torah
52451,1417131,437862,Exodus,40,35,אל,prep,,C:divine-title-candidate,Torah
52461,1417131,437864,Exodus,40,35,יהוה,nmpr,pers,E:YHWH,Torah
52477,1417132,437865,Exodus,40,36,ישראל,nmpr,"pers,gens,topo",F:unclassified-name,Torah
52495,1417134,437870,Exodus,40,38,יהוה,nmpr,pers,E:YHWH,Torah
52509,1417134,437871,Exodus,40,38,ישראל,nmpr,"pers,gens,topo",F:unclassified-name,Torah
52515,1417135,437872,Leviticus,1,1,אל,prep,,C:divine-title-candidate,Torah
52516,1417135,437872,Leviticus,1,1,משה,nmpr,pers,A:person-candidate,Torah
52519,1417135,437873,Leviticus,1,1,יהוה,nmpr,pers,E:YHWH,Torah
52520,1417135,437873,Leviticus,1,1,אל,prep,,C:divine-title-candidate,Torah
52527,1417136,437875,Leviticus,1,2,אל,prep,,C:divine-title-candidate,Torah
52529,1417136,437875,Leviticus,1,2,ישראל,nmpr,"pers,gens,topo",F:unclassified-name,Torah
52532,1417136,437876,Leviticus,1,2,אל,prep,,C:divine-title-candidate,Torah
52539,1417136,437878,Leviticus,1,2,יהוה,nmpr,pers,E:YHWH,Torah
52562,1417137,437883,Leviticus,1,3,אל,prep,,C:divine-title-candidate,Torah
52572,1417137,437883,Leviticus,1,3,יהוה,nmpr,pers,E:YHWH,Torah
52594,1417139,437887,Leviticus,1,5,יהוה,nmpr,pers,E:YHWH,Torah
52598,1417139,437888,Leviticus,1,5,אהרן,nmpr,pers,A:person-candidate,Torah
52630,1417141,437893,Leviticus,1,7,אהרן,nmpr,pers,A:person-candidate,Torah
52646,1417142,437895,Leviticus,1,8,אהרן,nmpr,pers,A:person-candidate,Torah
52692,1417143,437901,Leviticus,1,9,יהוה,nmpr,pers,E:YHWH,Torah
52721,1417145,437905,Leviticus,1,11,יהוה,nmpr,pers,E:YHWH,Torah
52725,1417145,437906,Leviticus,1,11,אהרן,nmpr,pers,A:person-candidate,Torah
52788,1417147,437915,Leviticus,1,13,יהוה,nmpr,pers,E:YHWH,Torah
52797,1417148,437916,Leviticus,1,14,יהוה,nmpr,pers,E:YHWH,Torah
52814,1417149,437918,Leviticus,1,15,אל,prep,,C:divine-title-candidate,Torah
52845,1417150,437923,Leviticus,1,16,אל,prep,,C:divine-title-candidate,Torah
52876,1417151,437929,Leviticus,1,17,יהוה,nmpr,pers,E:YHWH,Torah
52884,1417152,437931,Leviticus,2,1,יהוה,nmpr,pers,E:YHWH,Torah
52898,1417153,437935,Leviticus,2,2,אל,prep,,C:divine-title-candidate,Torah
52900,1417153,437935,Leviticus,2,2,אהרן,nmpr,pers,A:person-candidate,Torah
52929,1417153,437938,Leviticus,2,2,יהוה,nmpr,pers,E:YHWH,Torah
52937,1417154,437939,Leviticus,2,3,אהרן,nmpr,pers,A:person-candidate,Torah
52945,1417154,437940,Leviticus,2,3,יהוה,nmpr,pers,E:YHWH,Torah
53010,1417159,437956,Leviticus,2,8,יהוה,nmpr,pers,E:YHWH,Torah
53013,1417159,437958,Leviticus,2,8,אל,prep,,C:divine-title-candidate,Torah
53018,1417159,437959,Leviticus,2,8,אל,prep,,C:divine-title-candidate,Torah
53038,1417160,437962,Leviticus,2,9,יהוה,nmpr,pers,E:YHWH,Torah
53046,1417161,437963,Leviticus,2,10,אהרן,nmpr,pers,A:person-candidate,Torah
53054,1417161,437964,Leviticus,2,10,יהוה,nmpr,pers,E:YHWH,Torah
53061,1417162,437966,Leviticus,2,11,יהוה,nmpr,pers,E:YHWH,Torah
53076,1417162,437968,Leviticus,2,11,יהוה,nmpr,pers,E:YHWH,Torah
53082,1417163,437970,Leviticus,2,12,יהוה,nmpr,pers,E:YHWH,Torah
53084,1417163,437971,Leviticus,2,12,אל,prep,,C:divine-title-candidate,Torah
53105,1417164,437973,Leviticus,2,13,אלהים,subs,,D:Elohim,Torah
53120,1417165,437975,Leviticus,2,14,יהוה,nmpr,pers,E:YHWH,Torah
53158,1417167,437982,Leviticus,2,16,יהוה,nmpr,pers,E:YHWH,Torah
53178,1417168,437987,Leviticus,3,1,יהוה,nmpr,pers,E:YHWH,Torah
53193,1417169,437990,Leviticus,3,2,אהרן,nmpr,pers,A:person-candidate,Torah
53211,1417170,437991,Leviticus,3,3,יהוה,nmpr,pers,E:YHWH,Torah
53259,1417172,437999,Leviticus,3,5,אהרן,nmpr,pers,A:person-candidate,Torah
53277,1417172,438002,Leviticus,3,5,יהוה,nmpr,pers,E:YHWH,Torah
53288,1417173,438003,Leviticus,3,6,יהוה,nmpr,pers,E:YHWH,Torah
53305,1417174,438006,Leviticus,3,7,יהוה,nmpr,pers,E:YHWH,Torah
53323,1417175,438009,Leviticus,3,8,אהרן,nmpr,pers,A:person-candidate,Torah
53338,1417176,438010,Leviticus,3,9,יהוה,nmpr,pers,E:YHWH,Torah
53401,1417178,438020,Leviticus,3,11,יהוה,nmpr,pers,E:YHWH,Torah
53410,1417179,438022,Leviticus,3,12,יהוה,nmpr,pers,E:YHWH,Torah
53427,1417180,438025,Leviticus,3,13,אהרן,nmpr,pers,A:person-candidate,Torah
53440,1417181,438026,Leviticus,3,14,יהוה,nmpr,pers,E:YHWH,Torah
53498,1417183,438036,Leviticus,3,16,יהוה,nmpr,pers,E:YHWH,Torah
53515,1417185,438039,Leviticus,4,1,יהוה,nmpr,pers,E:YHWH,Torah
53516,1417185,438039,Leviticus,4,1,אל,prep,,C:divine-title-candidate,Torah
53517,1417185,438039,Leviticus,4,1,משה,nmpr,pers,A:person-candidate,Torah
53521,1417186,438041,Leviticus,4,2,אל,prep,,C:divine-title-candidate,Torah
53523,1417186,438041,Leviticus,4,2,ישראל,nmpr,"pers,gens,topo",F:unclassified-name,Torah
53534,1417186,438044,Leviticus,4,2,יהוה,nmpr,pers,E:YHWH,Torah
53565,1417187,438049,Leviticus,4,3,יהוה,nmpr,pers,E:YHWH,Torah
53573,1417188,438051,Leviticus,4,4,אל,prep,,C:divine-title-candidate,Torah
53579,1417188,438051,Leviticus,4,4,יהוה,nmpr,pers,E:YHWH,Torah
53595,1417188,438053,Leviticus,4,4,יהוה,nmpr,pers,E:YHWH,Torah
53609,1417189,438055,Leviticus,4,5,אל,prep,,C:divine-title-candidate,Torah
53630,1417190,438057,Leviticus,4,6,יהוה,nmpr,pers,E:YHWH,Torah
53651,1417191,438058,Leviticus,4,7,יהוה,nmpr,pers,E:YHWH,Torah
53663,1417191,438060,Leviticus,4,7,אל,prep,,C:divine-title-candidate,Torah
53764,1417196,438073,Leviticus,4,12,אל,prep,,C:divine-title-candidate,Torah
53770,1417196,438073,Leviticus,4,12,אל,prep,,C:divine-title-candidate,Torah
53773,1417196,438073,Leviticus,4,12,אל,prep,,C:divine-title-candidate,Torah
53794,1417197,438076,Leviticus,4,13,ישראל,nmpr,"pers,gens,topo",F:unclassified-name,Torah
53809,1417197,438078,Leviticus,4,13,יהוה,nmpr,pers,E:YHWH,Torah
53851,1417199,438085,Leviticus,4,15,יהוה,nmpr,pers,E:YHWH,Torah
53859,1417199,438086,Leviticus,4,15,יהוה,nmpr,pers,E:YHWH,Torah
53870,1417200,438087,Leviticus,4,16,אל,prep,,C:divine-title-candidate,Torah
53887,1417201,438089,Leviticus,4,17,יהוה,nmpr,pers,E:YHWH,Torah
53904,1417202,438091,Leviticus,4,18,יהוה,nmpr,pers,E:YHWH,Torah
53915,1417202,438093,Leviticus,4,18,אל,prep,,C:divine-title-candidate,Torah
53962,1417205,438102,Leviticus,4,21,אל,prep,,C:divine-title-candidate,Torah
53992,1417206,438107,Leviticus,4,22,יהוה,nmpr,pers,E:YHWH,Torah
53993,1417206,438107,Leviticus,4,22,אלהים,subs,,D:Elohim,Torah
54003,1417207,438110,Leviticus,4,23,אל,prep,,C:divine-title-candidate,Torah
54035,1417208,438115,Leviticus,4,24,יהוה,nmpr,pers,E:YHWH,Torah
54059,1417209,438119,Leviticus,4,25,אל,prep,,C:divine-title-candidate,Torah
54102,1417211,438124,Leviticus,4,27,יהוה,nmpr,pers,E:YHWH,Torah
54110,1417212,438127,Leviticus,4,28,אל,prep,,C:divine-title-candidate,Torah
54162,1417214,438135,Leviticus,4,30,אל,prep,,C:divine-title-candidate,Torah
54190,1417215,438138,Leviticus,4,31,יהוה,nmpr,pers,E:YHWH,Torah
54251,1417218,438148,Leviticus,4,34,אל,prep,,C:divine-title-candidate,Torah
54279,1417219,438151,Leviticus,4,35,יהוה,nmpr,pers,E:YHWH,Torah
54415,1417225,438187,Leviticus,5,6,יהוה,nmpr,pers,E:YHWH,Torah
54457,1417226,438191,Leviticus,5,7,יהוה,nmpr,pers,E:YHWH,Torah
54468,1417227,438195,Leviticus,5,8,אל,prep,,C:divine-title-candidate,Torah
54506,1417228,438201,Leviticus,5,9,אל,prep,,C:divine-title-candidate,Torah
54572,1417231,438214,Leviticus,5,12,אל,prep,,C:divine-title-candidate,Torah
54590,1417231,438216,Leviticus,5,12,יהוה,nmpr,pers,E:YHWH,Torah
54619,1417233,438222,Leviticus,5,14,יהוה,nmpr,pers,E:YHWH,Torah
54620,1417233,438222,Leviticus,5,14,אל,prep,,C:divine-title-candidate,Torah
54621,1417233,438222,Leviticus,5,14,משה,nmpr,pers,A:person-candidate,Torah
54634,1417234,438226,Leviticus,5,15,יהוה,nmpr,pers,E:YHWH,Torah
54640,1417234,438227,Leviticus,5,15,יהוה,nmpr,pers,E:YHWH,Torah
54698,1417236,438237,Leviticus,5,17,יהוה,nmpr,pers,E:YHWH,Torah
54721,1417237,438242,Leviticus,5,18,אל,prep,,C:divine-title-candidate,Torah
54745,1417238,438248,Leviticus,5,19,יהוה,nmpr,pers,E:YHWH,Torah
54748,1417239,438249,Leviticus,5,20,יהוה,nmpr,pers,E:YHWH,Torah
54749,1417239,438249,Leviticus,5,20,אל,prep,,C:divine-title-candidate,Torah
54750,1417239,438249,Leviticus,5,20,משה,nmpr,pers,A:person-candidate,Torah
54760,1417240,438253,Leviticus,5,21,יהוה,nmpr,pers,E:YHWH,Torah
54863,1417244,438275,Leviticus,5,25,יהוה,nmpr,pers,E:YHWH,Torah
54873,1417244,438276,Leviticus,5,25,אל,prep,,C:divine-title-candidate,Torah
54883,1417245,438277,Leviticus,5,26,יהוה,nmpr,pers,E:YHWH,Torah
54898,1417246,438280,Leviticus,6,1,יהוה,nmpr,pers,E:YHWH,Torah
54899,1417246,438280,Leviticus,6,1,אל,prep,,C:divine-title-candidate,Torah
54900,1417246,438280,Leviticus,6,1,משה,nmpr,pers,A:person-candidate,Torah
54905,1417247,438282,Leviticus,6,2,אהרן,nmpr,pers,A:person-candidate,Torah
54980,1417249,438296,Leviticus,6,4,אל,prep,,C:divine-title-candidate,Torah
54986,1417249,438296,Leviticus,6,4,אל,prep,,C:divine-title-candidate,Torah
55038,1417252,438305,Leviticus,6,7,אהרן,nmpr,pers,A:person-candidate,Torah
55041,1417252,438305,Leviticus,6,7,יהוה,nmpr,pers,E:YHWH,Torah
55042,1417252,438305,Leviticus,6,7,אל,prep,,C:divine-title-candidate,Torah
55075,1417253,438310,Leviticus,6,8,יהוה,nmpr,pers,E:YHWH,Torah
55081,1417254,438311,Leviticus,6,9,אהרן,nmpr,pers,A:person-candidate,Torah
55116,1417256,438319,Leviticus,6,11,אהרן,nmpr,pers,A:person-candidate,Torah
55124,1417256,438320,Leviticus,6,11,יהוה,nmpr,pers,E:YHWH,Torah
55132,1417257,438323,Leviticus,6,12,יהוה,nmpr,pers,E:YHWH,Torah
55133,1417257,438323,Leviticus,6,12,אל,prep,,C:divine-title-candidate,Torah
55134,1417257,438323,Leviticus,6,12,משה,nmpr,pers,A:person-candidate,Torah
55139,1417258,438325,Leviticus,6,13,אהרן,nmpr,pers,A:person-candidate,Torah
55145,1417258,438326,Leviticus,6,13,יהוה,nmpr,pers,E:YHWH,Torah
55180,1417259,438335,Leviticus,6,14,יהוה,nmpr,pers,E:YHWH,Torah
55194,1417260,438338,Leviticus,6,15,יהוה,nmpr,pers,E:YHWH,Torah
55207,1417262,438342,Leviticus,6,17,יהוה,nmpr,pers,E:YHWH,Torah
55208,1417262,438342,Leviticus,6,17,אל,prep,,C:divine-title-candidate,Torah
55209,1417262,438342,Leviticus,6,17,משה,nmpr,pers,A:person-candidate,Torah
55213,1417263,438344,Leviticus,6,18,אל,prep,,C:divine-title-candidate,Torah
55214,1417263,438344,Leviticus,6,18,אהרן,nmpr,pers,A:person-candidate,Torah
55216,1417263,438344,Leviticus,6,18,אל,prep,,C:divine-title-candidate,Torah
55235,1417263,438347,Leviticus,6,18,יהוה,nmpr,pers,E:YHWH,Torah
55311,1417268,438366,Leviticus,6,23,אל,prep,,C:divine-title-candidate,Torah
55405,1417273,438381,Leviticus,7,5,יהוה,nmpr,pers,E:YHWH,Torah
55492,1417278,438401,Leviticus,7,10,אהרן,nmpr,pers,A:person-candidate,Torah
55506,1417279,438406,Leviticus,7,11,יהוה,nmpr,pers,E:YHWH,Torah
55557,1417282,438415,Leviticus,7,14,יהוה,nmpr,pers,E:YHWH,Torah
55684,1417288,438443,Leviticus,7,20,יהוה,nmpr,pers,E:YHWH,Torah
55724,1417289,438449,Leviticus,7,21,יהוה,nmpr,pers,E:YHWH,Torah
55735,1417290,438451,Leviticus,7,22,יהוה,nmpr,pers,E:YHWH,Torah
55736,1417290,438451,Leviticus,7,22,אל,prep,,C:divine-title-candidate,Torah
55737,1417290,438451,Leviticus,7,22,משה,nmpr,pers,A:person-candidate,Torah
55741,1417291,438453,Leviticus,7,23,אל,prep,,C:divine-title-candidate,Torah
55743,1417291,438453,Leviticus,7,23,ישראל,nmpr,"pers,gens,topo",F:unclassified-name,Torah
55781,1417293,438460,Leviticus,7,25,יהוה,nmpr,pers,E:YHWH,Torah
55821,1417296,438467,Leviticus,7,28,יהוה,nmpr,pers,E:YHWH,Torah
55822,1417296,438467,Leviticus,7,28,אל,prep,,C:divine-title-candidate,Torah
55823,1417296,438467,Leviticus,7,28,משה,nmpr,pers,A:person-candidate,Torah
55827,1417297,438469,Leviticus,7,29,אל,prep,,C:divine-title-candidate,Torah
55829,1417297,438469,Leviticus,7,29,ישראל,nmpr,"pers,gens,topo",F:unclassified-name,Torah
55838,1417297,438471,Leviticus,7,29,יהוה,nmpr,pers,E:YHWH,Torah
55843,1417297,438472,Leviticus,7,29,יהוה,nmpr,pers,E:YHWH,Torah
55851,1417298,438473,Leviticus,7,30,יהוה,nmpr,pers,E:YHWH,Torah
55868,1417298,438477,Leviticus,7,30,יהוה,nmpr,pers,E:YHWH,Torah
55883,1417299,438479,Leviticus,7,31,אהרן,nmpr,pers,A:person-candidate,Torah
55912,1417301,438482,Leviticus,7,33,אהרן,nmpr,pers,A:person-candidate,Torah
55934,1417302,438484,Leviticus,7,34,ישראל,nmpr,"pers,gens,topo",F:unclassified-name,Torah
55942,1417302,438485,Leviticus,7,34,אהרן,nmpr,pers,A:person-candidate,Torah
55954,1417302,438485,Leviticus,7,34,ישראל,nmpr,"pers,gens,topo",F:unclassified-name,Torah
55957,1417303,438486,Leviticus,7,35,אהרן,nmpr,pers,A:person-candidate,Torah
55963,1417303,438486,Leviticus,7,35,יהוה,nmpr,pers,E:YHWH,Torah
55971,1417303,438488,Leviticus,7,35,יהוה,nmpr,pers,E:YHWH,Torah
55974,1417304,438489,Leviticus,7,36,יהוה,nmpr,pers,E:YHWH,Torah
55985,1417304,438492,Leviticus,7,36,ישראל,nmpr,"pers,gens,topo",F:unclassified-name,Torah
56018,1417306,438495,Leviticus,7,38,יהוה,nmpr,pers,E:YHWH,Torah
56020,1417306,438495,Leviticus,7,38,משה,nmpr,pers,A:person-candidate,Torah
56023,1417306,438495,Leviticus,7,38,סיני,nmpr,topo,F:unclassified-name,Torah
56029,1417306,438496,Leviticus,7,38,ישראל,nmpr,"pers,gens,topo",F:unclassified-name,Torah
56035,1417306,438497,Leviticus,7,38,יהוה,nmpr,pers,E:YHWH,Torah
56038,1417306,438497,Leviticus,7,38,סיני,nmpr,topo,F:unclassified-name,Torah
56041,1417307,438498,Leviticus,8,1,יהוה,nmpr,pers,E:YHWH,Torah
56042,1417307,438498,Leviticus,8,1,אל,prep,,C:divine-title-candidate,Torah
56043,1417307,438498,Leviticus,8,1,משה,nmpr,pers,A:person-candidate,Torah
56048,1417308,438500,Leviticus,8,2,אהרן,nmpr,pers,A:person-candidate,Torah
56083,1417309,438501,Leviticus,8,3,אל,prep,,C:divine-title-candidate,Torah
56089,1417310,438502,Leviticus,8,4,משה,nmpr,pers,A:person-candidate,Torah
56093,1417310,438503,Leviticus,8,4,יהוה,nmpr,pers,E:YHWH,Torah
56099,1417310,438504,Leviticus,8,4,אל,prep,,C:divine-title-candidate,Torah
56105,1417311,438505,Leviticus,8,5,משה,nmpr,pers,A:person-candidate,Torah
56106,1417311,438505,Leviticus,8,5,אל,prep,,C:divine-title-candidate,Torah
56114,1417311,438507,Leviticus,8,5,יהוה,nmpr,pers,E:YHWH,Torah
56119,1417312,438509,Leviticus,8,6,משה,nmpr,pers,A:person-candidate,Torah
56121,1417312,438509,Leviticus,8,6,אהרן,nmpr,pers,A:person-candidate,Torah
56174,1417314,438518,Leviticus,8,8,אל,prep,,C:divine-title-candidate,Torah
56196,1417315,438520,Leviticus,8,9,אל,prep,,C:divine-title-candidate,Torah
56209,1417315,438521,Leviticus,8,9,יהוה,nmpr,pers,E:YHWH,Torah
56211,1417315,438521,Leviticus,8,9,משה,nmpr,pers,A:person-candidate,Torah
56214,1417316,438522,Leviticus,8,10,משה,nmpr,pers,A:person-candidate,Torah
56266,1417318,438529,Leviticus,8,12,אהרן,nmpr,pers,A:person-candidate,Torah
56274,1417319,438532,Leviticus,8,13,משה,nmpr,pers,A:person-candidate,Torah
56277,1417319,438532,Leviticus,8,13,אהרן,nmpr,pers,A:person-candidate,Torah
56292,1417319,438536,Leviticus,8,13,יהוה,nmpr,pers,E:YHWH,Torah
56294,1417319,438536,Leviticus,8,13,משה,nmpr,pers,A:person-candidate,Torah
56303,1417320,438538,Leviticus,8,14,אהרן,nmpr,pers,A:person-candidate,Torah
56317,1417321,438540,Leviticus,8,15,משה,nmpr,pers,A:person-candidate,Torah
56340,1417321,438543,Leviticus,8,15,אל,prep,,C:divine-title-candidate,Torah
56374,1417322,438548,Leviticus,8,16,משה,nmpr,pers,A:person-candidate,Torah
56402,1417323,438550,Leviticus,8,17,יהוה,nmpr,pers,E:YHWH,Torah
56404,1417323,438550,Leviticus,8,17,משה,nmpr,pers,A:person-candidate,Torah
56413,1417324,438552,Leviticus,8,18,אהרן,nmpr,pers,A:person-candidate,Torah
56426,1417325,438554,Leviticus,8,19,משה,nmpr,pers,A:person-candidate,Torah
56443,1417326,438556,Leviticus,8,20,משה,nmpr,pers,A:person-candidate,Torah
56469,1417327,438558,Leviticus,8,21,משה,nmpr,pers,A:person-candidate,Torah
56484,1417327,438560,Leviticus,8,21,יהוה,nmpr,pers,E:YHWH,Torah
56488,1417327,438561,Leviticus,8,21,יהוה,nmpr,pers,E:YHWH,Torah
56490,1417327,438561,Leviticus,8,21,משה,nmpr,pers,A:person-candidate,Torah
56503,1417328,438563,Leviticus,8,22,אהרן,nmpr,pers,A:person-candidate,Torah
56516,1417329,438565,Leviticus,8,23,משה,nmpr,pers,A:person-candidate,Torah
56524,1417329,438566,Leviticus,8,23,אהרן,nmpr,pers,A:person-candidate,Torah
56543,1417330,438567,Leviticus,8,24,אהרן,nmpr,pers,A:person-candidate,Torah
56546,1417330,438568,Leviticus,8,24,משה,nmpr,pers,A:person-candidate,Torah
56569,1417330,438569,Leviticus,8,24,משה,nmpr,pers,A:person-candidate,Torah
56621,1417332,438573,Leviticus,8,26,יהוה,nmpr,pers,E:YHWH,Torah
56651,1417333,438575,Leviticus,8,27,אהרן,nmpr,pers,A:person-candidate,Torah
56662,1417333,438576,Leviticus,8,27,יהוה,nmpr,pers,E:YHWH,Torah
56665,1417334,438577,Leviticus,8,28,משה,nmpr,pers,A:person-candidate,Torah
56685,1417334,438580,Leviticus,8,28,יהוה,nmpr,pers,E:YHWH,Torah
56688,1417335,438581,Leviticus,8,29,משה,nmpr,pers,A:person-candidate,Torah
56697,1417335,438582,Leviticus,8,29,יהוה,nmpr,pers,E:YHWH,Torah
56703,1417335,438583,Leviticus,8,29,משה,nmpr,pers,A:person-candidate,Torah
56710,1417335,438584,Leviticus,8,29,יהוה,nmpr,pers,E:YHWH,Torah
56712,1417335,438584,Leviticus,8,29,משה,nmpr,pers,A:person-candidate,Torah
56715,1417336,438585,Leviticus,8,30,משה,nmpr,pers,A:person-candidate,Torah
56731,1417336,438587,Leviticus,8,30,אהרן,nmpr,pers,A:person-candidate,Torah
56745,1417336,438588,Leviticus,8,30,אהרן,nmpr,pers,A:person-candidate,Torah
56758,1417337,438589,Leviticus,8,31,משה,nmpr,pers,A:person-candidate,Torah
56759,1417337,438589,Leviticus,8,31,אל,prep,,C:divine-title-candidate,Torah
56760,1417337,438589,Leviticus,8,31,אהרן,nmpr,pers,A:person-candidate,Torah
56762,1417337,438589,Leviticus,8,31,אל,prep,,C:divine-title-candidate,Torah
56789,1417337,438595,Leviticus,8,31,אהרן,nmpr,pers,A:person-candidate,Torah
56836,1417340,438602,Leviticus,8,34,יהוה,nmpr,pers,E:YHWH,Torah
56856,1417341,438606,Leviticus,8,35,יהוה,nmpr,pers,E:YHWH,Torah
56865,1417342,438609,Leviticus,8,36,אהרן,nmpr,pers,A:person-candidate,Torah
56874,1417342,438610,Leviticus,8,36,יהוה,nmpr,pers,E:YHWH,Torah
56877,1417342,438610,Leviticus,8,36,משה,nmpr,pers,A:person-candidate,Torah
56886,1417343,438612,Leviticus,9,1,משה,nmpr,pers,A:person-candidate,Torah
56888,1417343,438612,Leviticus,9,1,אהרן,nmpr,pers,A:person-candidate,Torah
56895,1417343,438612,Leviticus,9,1,ישראל,nmpr,"pers,gens,topo",F:unclassified-name,Torah
56898,1417344,438613,Leviticus,9,2,אל,prep,,C:divine-title-candidate,Torah
56899,1417344,438613,Leviticus,9,2,אהרן,nmpr,pers,A:person-candidate,Torah
56916,1417344,438615,Leviticus,9,2,יהוה,nmpr,pers,E:YHWH,Torah
56918,1417345,438616,Leviticus,9,3,אל,prep,,C:divine-title-candidate,Torah
56920,1417345,438616,Leviticus,9,3,ישראל,nmpr,"pers,gens,topo",F:unclassified-name,Torah
56948,1417346,438620,Leviticus,9,4,יהוה,nmpr,pers,E:YHWH,Torah
56958,1417346,438623,Leviticus,9,4,יהוה,nmpr,pers,E:YHWH,Torah
56960,1417346,438623,Leviticus,9,4,אל,prep,,C:divine-title-candidate,Torah
56966,1417347,438625,Leviticus,9,5,משה,nmpr,pers,A:person-candidate,Torah
56967,1417347,438624,Leviticus,9,5,אל,prep,,C:divine-title-candidate,Torah
56980,1417347,438627,Leviticus,9,5,יהוה,nmpr,pers,E:YHWH,Torah
56983,1417348,438628,Leviticus,9,6,משה,nmpr,pers,A:person-candidate,Torah
56989,1417348,438630,Leviticus,9,6,יהוה,nmpr,pers,E:YHWH,Torah
56993,1417348,438632,Leviticus,9,6,אל,prep,,C:divine-title-candidate,Torah
56995,1417348,438632,Leviticus,9,6,יהוה,nmpr,pers,E:YHWH,Torah
56998,1417349,438633,Leviticus,9,7,משה,nmpr,pers,A:person-candidate,Torah
56999,1417349,438633,Leviticus,9,7,אל,prep,,C:divine-title-candidate,Torah
57000,1417349,438633,Leviticus,9,7,אהרן,nmpr,pers,A:person-candidate,Torah
57002,1417349,438634,Leviticus,9,7,אל,prep,,C:divine-title-candidate,Torah
57031,1417349,438639,Leviticus,9,7,יהוה,nmpr,pers,E:YHWH,Torah
57034,1417350,438640,Leviticus,9,8,אהרן,nmpr,pers,A:person-candidate,Torah
57035,1417350,438640,Leviticus,9,8,אל,prep,,C:divine-title-candidate,Torah
57049,1417351,438643,Leviticus,9,9,אהרן,nmpr,pers,A:person-candidate,Torah
57053,1417351,438643,Leviticus,9,9,אל,prep,,C:divine-title-candidate,Torah
57071,1417351,438646,Leviticus,9,9,אל,prep,,C:divine-title-candidate,Torah
57099,1417352,438648,Leviticus,9,10,יהוה,nmpr,pers,E:YHWH,Torah
57101,1417352,438648,Leviticus,9,10,משה,nmpr,pers,A:person-candidate,Torah
57127,1417354,438651,Leviticus,9,12,אהרן,nmpr,pers,A:person-candidate,Torah
57128,1417354,438651,Leviticus,9,12,אל,prep,,C:divine-title-candidate,Torah
57143,1417355,438653,Leviticus,9,13,אל,prep,,C:divine-title-candidate,Torah
57243,1417360,438669,Leviticus,9,18,אהרן,nmpr,pers,A:person-candidate,Torah
57247,1417360,438669,Leviticus,9,18,אל,prep,,C:divine-title-candidate,Torah
57301,1417363,438674,Leviticus,9,21,אהרן,nmpr,pers,A:person-candidate,Torah
57305,1417363,438674,Leviticus,9,21,יהוה,nmpr,pers,E:YHWH,Torah
57309,1417363,438675,Leviticus,9,21,משה,nmpr,pers,A:person-candidate,Torah
57312,1417364,438676,Leviticus,9,22,אהרן,nmpr,pers,A:person-candidate,Torah
57315,1417364,438676,Leviticus,9,22,אל,prep,,C:divine-title-candidate,Torah
57334,1417365,438680,Leviticus,9,23,משה,nmpr,pers,A:person-candidate,Torah
57336,1417365,438680,Leviticus,9,23,אהרן,nmpr,pers,A:person-candidate,Torah
57337,1417365,438680,Leviticus,9,23,אל,prep,,C:divine-title-candidate,Torah
57350,1417365,438683,Leviticus,9,23,יהוה,nmpr,pers,E:YHWH,Torah
57351,1417365,438683,Leviticus,9,23,אל,prep,,C:divine-title-candidate,Torah
57361,1417366,438684,Leviticus,9,24,יהוה,nmpr,pers,E:YHWH,Torah
57388,1417367,438689,Leviticus,10,1,אהרן,nmpr,pers,A:person-candidate,Torah
57389,1417367,438689,Leviticus,10,1,נדב,nmpr,pers,A:person-candidate,Torah
57391,1417367,438689,Leviticus,10,1,אביהוא,nmpr,pers,A:person-candidate,Torah
57406,1417367,438692,Leviticus,10,1,יהוה,nmpr,pers,E:YHWH,Torah
57419,1417368,438694,Leviticus,10,2,יהוה,nmpr,pers,E:YHWH,Torah
57427,1417368,438696,Leviticus,10,2,יהוה,nmpr,pers,E:YHWH,Torah
57430,1417369,438697,Leviticus,10,3,משה,nmpr,pers,A:person-candidate,Torah
57431,1417369,438697,Leviticus,10,3,אל,prep,,C:divine-title-candidate,Torah
57432,1417369,438697,Leviticus,10,3,אהרן,nmpr,pers,A:person-candidate,Torah
57436,1417369,438699,Leviticus,10,3,יהוה,nmpr,pers,E:YHWH,Torah
57451,1417369,438703,Leviticus,10,3,אהרן,nmpr,pers,A:person-candidate,Torah
57454,1417370,438704,Leviticus,10,4,משה,nmpr,pers,A:person-candidate,Torah
57455,1417370,438704,Leviticus,10,4,אל,prep,,C:divine-title-candidate,Torah
57456,1417370,438704,Leviticus,10,4,מישאל,nmpr,pers,A:person-candidate,Torah
57458,1417370,438704,Leviticus,10,4,אל,prep,,C:divine-title-candidate,Torah
57459,1417370,438704,Leviticus,10,4,אלצפן,nmpr,pers,A:person-candidate,Torah
57461,1417370,438704,Leviticus,10,4,עזיאל,nmpr,pers,A:person-candidate,Torah
57462,1417370,438704,Leviticus,10,4,דוד,subs,,A:person-candidate,Torah
57463,1417370,438704,Leviticus,10,4,אהרן,nmpr,pers,A:person-candidate,Torah
57466,1417370,438705,Leviticus,10,4,אל,prep,,C:divine-title-candidate,Torah
57476,1417370,438707,Leviticus,10,4,אל,prep,,C:divine-title-candidate,Torah
57488,1417371,438709,Leviticus,10,5,אל,prep,,C:divine-title-candidate,Torah
57497,1417371,438710,Leviticus,10,5,משה,nmpr,pers,A:person-candidate,Torah
57500,1417372,438711,Leviticus,10,6,משה,nmpr,pers,A:person-candidate,Torah
57501,1417372,438711,Leviticus,10,6,אל,prep,,C:divine-title-candidate,Torah
57502,1417372,438711,Leviticus,10,6,אהרן,nmpr,pers,A:person-candidate,Torah
57505,1417372,438712,Leviticus,10,6,אלעזר,nmpr,pers,A:person-candidate,Torah
57508,1417372,438712,Leviticus,10,6,איתמר,nmpr,pers,A:person-candidate,Torah
57511,1417372,438713,Leviticus,10,6,אל,nega,,C:divine-title-candidate,Torah
57530,1417372,438717,Leviticus,10,6,ישראל,nmpr,"pers,gens,topo",F:unclassified-name,Torah
57537,1417372,438718,Leviticus,10,6,יהוה,nmpr,pers,E:YHWH,Torah
57550,1417373,438721,Leviticus,10,7,יהוה,nmpr,pers,E:YHWH,Torah
57556,1417373,438722,Leviticus,10,7,משה,nmpr,pers,A:person-candidate,Torah
57559,1417374,438723,Leviticus,10,8,יהוה,nmpr,pers,E:YHWH,Torah
57560,1417374,438723,Leviticus,10,8,אל,prep,,C:divine-title-candidate,Torah
57561,1417374,438723,Leviticus,10,8,אהרן,nmpr,pers,A:person-candidate,Torah
57567,1417375,438725,Leviticus,10,9,אל,nega,,C:divine-title-candidate,Torah
57575,1417375,438726,Leviticus,10,9,אל,prep,,C:divine-title-candidate,Torah
57608,1417377,438730,Leviticus,10,11,ישראל,nmpr,"pers,gens,topo",F:unclassified-name,Torah
57615,1417377,438731,Leviticus,10,11,יהוה,nmpr,pers,E:YHWH,Torah
57616,1417377,438731,Leviticus,10,11,אל,prep,,C:divine-title-candidate,Torah
57619,1417377,438731,Leviticus,10,11,משה,nmpr,pers,A:person-candidate,Torah
57622,1417378,438732,Leviticus,10,12,משה,nmpr,pers,A:person-candidate,Torah
57623,1417378,438732,Leviticus,10,12,אל,prep,,C:divine-title-candidate,Torah
57624,1417378,438732,Leviticus,10,12,אהרן,nmpr,pers,A:person-candidate,Torah
57626,1417378,438732,Leviticus,10,12,אל,prep,,C:divine-title-candidate,Torah
57627,1417378,438732,Leviticus,10,12,אלעזר,nmpr,pers,A:person-candidate,Torah
57629,1417378,438732,Leviticus,10,12,אל,prep,,C:divine-title-candidate,Torah
57630,1417378,438732,Leviticus,10,12,איתמר,nmpr,pers,A:person-candidate,Torah
57642,1417378,438734,Leviticus,10,12,יהוה,nmpr,pers,E:YHWH,Torah
57667,1417379,438738,Leviticus,10,13,יהוה,nmpr,pers,E:YHWH,Torah
57701,1417380,438742,Leviticus,10,14,ישראל,nmpr,"pers,gens,topo",F:unclassified-name,Torah
57719,1417381,438744,Leviticus,10,15,יהוה,nmpr,pers,E:YHWH,Torah
57733,1417381,438746,Leviticus,10,15,יהוה,nmpr,pers,E:YHWH,Torah
57741,1417382,438747,Leviticus,10,16,משה,nmpr,pers,A:person-candidate,Torah
57748,1417382,438749,Leviticus,10,16,אלעזר,nmpr,pers,A:person-candidate,Torah
57751,1417382,438749,Leviticus,10,16,איתמר,nmpr,pers,A:person-candidate,Torah
57753,1417382,438749,Leviticus,10,16,אהרן,nmpr,pers,A:person-candidate,Torah
57787,1417383,438755,Leviticus,10,17,יהוה,nmpr,pers,E:YHWH,Torah
57793,1417384,438757,Leviticus,10,18,אל,prep,,C:divine-title-candidate,Torah
57808,1417385,438760,Leviticus,10,19,אהרן,nmpr,pers,A:person-candidate,Torah
57809,1417385,438760,Leviticus,10,19,אל,prep,,C:divine-title-candidate,Torah
57810,1417385,438760,Leviticus,10,19,משה,nmpr,pers,A:person-candidate,Torah
57822,1417385,438761,Leviticus,10,19,יהוה,nmpr,pers,E:YHWH,Torah
57837,1417385,438764,Leviticus,10,19,יהוה,nmpr,pers,E:YHWH,Torah
57840,1417386,438765,Leviticus,10,20,משה,nmpr,pers,A:person-candidate,Torah
57847,1417387,438767,Leviticus,11,1,יהוה,nmpr,pers,E:YHWH,Torah
57848,1417387,438767,Leviticus,11,1,אל,prep,,C:divine-title-candidate,Torah
57849,1417387,438767,Leviticus,11,1,משה,nmpr,pers,A:person-candidate,Torah
57851,1417387,438767,Leviticus,11,1,אל,prep,,C:divine-title-candidate,Torah
57852,1417387,438767,Leviticus,11,1,אהרן,nmpr,pers,A:person-candidate,Torah
57855,1417387,438768,Leviticus,11,1,אל,prep,,C:divine-title-candidate,Torah
57857,1417388,438769,Leviticus,11,2,אל,prep,,C:divine-title-candidate,Torah
57859,1417388,438769,Leviticus,11,2,ישראל,nmpr,"pers,gens,topo",F:unclassified-name,Torah
58425,1417419,438874,Leviticus,11,33,אל,prep,,C:divine-title-candidate,Torah
58596,1417429,438918,Leviticus,11,43,אל,nega,,C:divine-title-candidate,Torah
58615,1417430,438922,Leviticus,11,44,יהוה,nmpr,pers,E:YHWH,Torah
58616,1417430,438922,Leviticus,11,44,אלהים,subs,,D:Elohim,Torah
58641,1417431,438928,Leviticus,11,45,יהוה,nmpr,pers,E:YHWH,Torah
58647,1417431,438929,Leviticus,11,45,מצרים,nmpr,topo,F:unclassified-name,Torah
58652,1417431,438930,Leviticus,11,45,אלהים,subs,,D:Elohim,Torah
58709,1417434,438940,Leviticus,12,1,יהוה,nmpr,pers,E:YHWH,Torah
58710,1417434,438940,Leviticus,12,1,אל,prep,,C:divine-title-candidate,Torah
58711,1417434,438940,Leviticus,12,1,משה,nmpr,pers,A:person-candidate,Torah
58715,1417435,438942,Leviticus,12,2,אל,prep,,C:divine-title-candidate,Torah
58717,1417435,438942,Leviticus,12,2,ישראל,nmpr,"pers,gens,topo",F:unclassified-name,Torah
58760,1417437,438952,Leviticus,12,4,אל,prep,,C:divine-title-candidate,Torah
58811,1417439,438957,Leviticus,12,6,אל,prep,,C:divine-title-candidate,Torah
58815,1417439,438957,Leviticus,12,6,אל,prep,,C:divine-title-candidate,Torah
58822,1417440,438959,Leviticus,12,7,יהוה,nmpr,pers,E:YHWH,Torah
58873,1417442,438970,Leviticus,13,1,יהוה,nmpr,pers,E:YHWH,Torah
58874,1417442,438970,Leviticus,13,1,אל,prep,,C:divine-title-candidate,Torah
58875,1417442,438970,Leviticus,13,1,משה,nmpr,pers,A:person-candidate,Torah
58877,1417442,438970,Leviticus,13,1,אל,prep,,C:divine-title-candidate,Torah
58878,1417442,438970,Leviticus,13,1,אהרן,nmpr,pers,A:person-candidate,Torah
58902,1417443,438975,Leviticus,13,2,אל,prep,,C:divine-title-candidate,Torah
58903,1417443,438975,Leviticus,13,2,אהרן,nmpr,pers,A:person-candidate,Torah
58907,1417443,438975,Leviticus,13,2,אל,prep,,C:divine-title-candidate,Torah
59054,1417448,438999,Leviticus,13,7,אל,prep,,C:divine-title-candidate,Torah
59062,1417448,439000,Leviticus,13,7,אל,prep,,C:divine-title-candidate,Torah
59091,1417450,439008,Leviticus,13,9,אל,prep,,C:divine-title-candidate,Torah
59223,1417457,439034,Leviticus,13,16,אל,prep,,C:divine-title-candidate,Torah
59270,1417460,439044,Leviticus,13,19,אל,prep,,C:divine-title-candidate,Torah
60212,1417501,439219,Leviticus,14,1,יהוה,nmpr,pers,E:YHWH,Torah
60213,1417501,439219,Leviticus,14,1,אל,prep,,C:divine-title-candidate,Torah
60214,1417501,439219,Leviticus,14,1,משה,nmpr,pers,A:person-candidate,Torah
60227,1417502,439222,Leviticus,14,2,אל,prep,,C:divine-title-candidate,Torah
60234,1417503,439223,Leviticus,14,3,אל,prep,,C:divine-title-candidate,Torah
60285,1417505,439229,Leviticus,14,5,אל,prep,,C:divine-title-candidate,Torah
60376,1417508,439242,Leviticus,14,8,אל,prep,,C:divine-title-candidate,Torah
60469,1417511,439252,Leviticus,14,11,יהוה,nmpr,pers,E:YHWH,Torah
60498,1417512,439255,Leviticus,14,12,יהוה,nmpr,pers,E:YHWH,Torah
60606,1417516,439267,Leviticus,14,16,יהוה,nmpr,pers,E:YHWH,Torah
60664,1417518,439273,Leviticus,14,18,יהוה,nmpr,pers,E:YHWH,Torah
60764,1417523,439292,Leviticus,14,23,אל,prep,,C:divine-title-candidate,Torah
60767,1417523,439292,Leviticus,14,23,אל,prep,,C:divine-title-candidate,Torah
60773,1417523,439292,Leviticus,14,23,יהוה,nmpr,pers,E:YHWH,Torah
60795,1417524,439294,Leviticus,14,24,יהוה,nmpr,pers,E:YHWH,Torah
60864,1417527,439299,Leviticus,14,27,יהוה,nmpr,pers,E:YHWH,Torah
60920,1417529,439306,Leviticus,14,29,יהוה,nmpr,pers,E:YHWH,Torah
60963,1417531,439312,Leviticus,14,31,יהוה,nmpr,pers,E:YHWH,Torah
60978,1417533,439316,Leviticus,14,33,יהוה,nmpr,pers,E:YHWH,Torah
60979,1417533,439316,Leviticus,14,33,אל,prep,,C:divine-title-candidate,Torah
60980,1417533,439316,Leviticus,14,33,משה,nmpr,pers,A:person-candidate,Torah
60982,1417533,439316,Leviticus,14,33,אל,prep,,C:divine-title-candidate,Torah
60983,1417533,439316,Leviticus,14,33,אהרן,nmpr,pers,A:person-candidate,Torah
60988,1417534,439318,Leviticus,14,34,אל,prep,,C:divine-title-candidate,Torah
60990,1417534,439318,Leviticus,14,34,כנען,nmpr,"pers,gens,topo",F:unclassified-name,Torah
61093,1417538,439337,Leviticus,14,38,אל,prep,,C:divine-title-candidate,Torah
61140,1417540,439345,Leviticus,14,40,אל,prep,,C:divine-title-candidate,Torah
61146,1417540,439345,Leviticus,14,40,אל,prep,,C:divine-title-candidate,Torah
61164,1417541,439347,Leviticus,14,41,אל,prep,,C:divine-title-candidate,Torah
61170,1417541,439347,Leviticus,14,41,אל,prep,,C:divine-title-candidate,Torah
61179,1417542,439350,Leviticus,14,42,אל,prep,,C:divine-title-candidate,Torah
61256,1417545,439364,Leviticus,14,45,אל,prep,,C:divine-title-candidate,Torah
61262,1417545,439364,Leviticus,14,45,אל,prep,,C:divine-title-candidate,Torah
61268,1417546,439366,Leviticus,14,46,אל,prep,,C:divine-title-candidate,Torah
61354,1417550,439380,Leviticus,14,50,אל,prep,,C:divine-title-candidate,Torah
61398,1417551,439383,Leviticus,14,51,אל,prep,,C:divine-title-candidate,Torah
61445,1417553,439385,Leviticus,14,53,אל,prep,,C:divine-title-candidate,Torah
61451,1417553,439385,Leviticus,14,53,אל,prep,,C:divine-title-candidate,Torah
61512,1417558,439393,Leviticus,15,1,יהוה,nmpr,pers,E:YHWH,Torah
61513,1417558,439393,Leviticus,15,1,אל,prep,,C:divine-title-candidate,Torah
61514,1417558,439393,Leviticus,15,1,משה,nmpr,pers,A:person-candidate,Torah
61516,1417558,439393,Leviticus,15,1,אל,prep,,C:divine-title-candidate,Torah
61517,1417558,439393,Leviticus,15,1,אהרן,nmpr,pers,A:person-candidate,Torah
61521,1417559,439395,Leviticus,15,2,אל,prep,,C:divine-title-candidate,Torah
61523,1417559,439395,Leviticus,15,2,ישראל,nmpr,"pers,gens,topo",F:unclassified-name,Torah
61526,1417559,439396,Leviticus,15,2,אל,prep,,C:divine-title-candidate,Torah
61778,1417571,439449,Leviticus,15,14,יהוה,nmpr,pers,E:YHWH,Torah
61779,1417571,439449,Leviticus,15,14,אל,prep,,C:divine-title-candidate,Torah
61785,1417571,439450,Leviticus,15,14,אל,prep,,C:divine-title-candidate,Torah
61806,1417572,439454,Leviticus,15,15,יהוה,nmpr,pers,E:YHWH,Torah
62091,1417586,439514,Leviticus,15,29,אל,prep,,C:divine-title-candidate,Torah
62094,1417586,439514,Leviticus,15,29,אל,prep,,C:divine-title-candidate,Torah
62118,1417587,439517,Leviticus,15,30,יהוה,nmpr,pers,E:YHWH,Torah
62126,1417588,439518,Leviticus,15,31,ישראל,nmpr,"pers,gens,topo",F:unclassified-name,Torah
62180,1417591,439529,Leviticus,16,1,יהוה,nmpr,pers,E:YHWH,Torah
62181,1417591,439529,Leviticus,16,1,אל,prep,,C:divine-title-candidate,Torah
62182,1417591,439529,Leviticus,16,1,משה,nmpr,pers,A:person-candidate,Torah
62187,1417591,439529,Leviticus,16,1,אהרן,nmpr,pers,A:person-candidate,Torah
62192,1417591,439530,Leviticus,16,1,יהוה,nmpr,pers,E:YHWH,Torah
62197,1417592,439532,Leviticus,16,2,יהוה,nmpr,pers,E:YHWH,Torah
62198,1417592,439532,Leviticus,16,2,אל,prep,,C:divine-title-candidate,Torah
62199,1417592,439532,Leviticus,16,2,משה,nmpr,pers,A:person-candidate,Torah
62201,1417592,439533,Leviticus,16,2,אל,prep,,C:divine-title-candidate,Torah
62202,1417592,439533,Leviticus,16,2,אהרן,nmpr,pers,A:person-candidate,Torah
62205,1417592,439534,Leviticus,16,2,אל,nega,,C:divine-title-candidate,Torah
62210,1417592,439534,Leviticus,16,2,אל,prep,,C:divine-title-candidate,Torah
62218,1417592,439534,Leviticus,16,2,אל,prep,,C:divine-title-candidate,Torah
62240,1417593,439538,Leviticus,16,3,אהרן,nmpr,pers,A:person-candidate,Torah
62241,1417593,439538,Leviticus,16,3,אל,prep,,C:divine-title-candidate,Torah
62291,1417595,439548,Leviticus,16,5,ישראל,nmpr,"pers,gens,topo",F:unclassified-name,Torah
62305,1417596,439549,Leviticus,16,6,אהרן,nmpr,pers,A:person-candidate,Torah
62329,1417597,439553,Leviticus,16,7,יהוה,nmpr,pers,E:YHWH,Torah
62335,1417598,439554,Leviticus,16,8,אהרן,nmpr,pers,A:person-candidate,Torah
62344,1417598,439555,Leviticus,16,8,יהוה,nmpr,pers,E:YHWH,Torah
62349,1417598,439556,Leviticus,16,8,עזאזל,nmpr,pers,A:person-candidate,Torah
62352,1417599,439557,Leviticus,16,9,אהרן,nmpr,pers,A:person-candidate,Torah
62362,1417599,439558,Leviticus,16,9,יהוה,nmpr,pers,E:YHWH,Torah
62375,1417600,439561,Leviticus,16,10,עזאזל,nmpr,pers,A:person-candidate,Torah
62380,1417600,439560,Leviticus,16,10,יהוה,nmpr,pers,E:YHWH,Torah
62388,1417600,439563,Leviticus,16,10,עזאזל,nmpr,pers,A:person-candidate,Torah
62393,1417601,439564,Leviticus,16,11,אהרן,nmpr,pers,A:person-candidate,Torah
62428,1417602,439569,Leviticus,16,12,יהוה,nmpr,pers,E:YHWH,Torah
62452,1417603,439572,Leviticus,16,13,יהוה,nmpr,pers,E:YHWH,Torah
62510,1417605,439581,Leviticus,16,15,אל,prep,,C:divine-title-candidate,Torah
62546,1417606,439586,Leviticus,16,16,ישראל,nmpr,"pers,gens,topo",F:unclassified-name,Torah
62592,1417607,439593,Leviticus,16,17,ישראל,nmpr,"pers,gens,topo",F:unclassified-name,Torah
62595,1417608,439594,Leviticus,16,18,אל,prep,,C:divine-title-candidate,Torah
62601,1417608,439595,Leviticus,16,18,יהוה,nmpr,pers,E:YHWH,Torah
62640,1417609,439601,Leviticus,16,19,ישראל,nmpr,"pers,gens,topo",F:unclassified-name,Torah
62665,1417611,439605,Leviticus,16,21,אהרן,nmpr,pers,A:person-candidate,Torah
62682,1417611,439606,Leviticus,16,21,ישראל,nmpr,"pers,gens,topo",F:unclassified-name,Torah
62713,1417612,439609,Leviticus,16,22,אל,prep,,C:divine-title-candidate,Torah
62726,1417613,439611,Leviticus,16,23,אהרן,nmpr,pers,A:person-candidate,Torah
62727,1417613,439611,Leviticus,16,23,אל,prep,,C:divine-title-candidate,Torah
62740,1417613,439614,Leviticus,16,23,אל,prep,,C:divine-title-candidate,Torah
62793,1417616,439623,Leviticus,16,26,עזאזל,nmpr,pers,A:person-candidate,Torah
62807,1417616,439625,Leviticus,16,26,אל,prep,,C:divine-title-candidate,Torah
62830,1417617,439626,Leviticus,16,27,אל,prep,,C:divine-title-candidate,Torah
62866,1417618,439633,Leviticus,16,28,אל,prep,,C:divine-title-candidate,Torah
62919,1417620,439640,Leviticus,16,30,יהוה,nmpr,pers,E:YHWH,Torah
62993,1417624,439653,Leviticus,16,34,ישראל,nmpr,"pers,gens,topo",F:unclassified-name,Torah
63006,1417624,439655,Leviticus,16,34,יהוה,nmpr,pers,E:YHWH,Torah
63008,1417624,439655,Leviticus,16,34,משה,nmpr,pers,A:person-candidate,Torah
63011,1417625,439656,Leviticus,17,1,יהוה,nmpr,pers,E:YHWH,Torah
63012,1417625,439656,Leviticus,17,1,אל,prep,,C:divine-title-candidate,Torah
63013,1417625,439656,Leviticus,17,1,משה,nmpr,pers,A:person-candidate,Torah
63017,1417626,439658,Leviticus,17,2,אל,prep,,C:divine-title-candidate,Torah
63018,1417626,439658,Leviticus,17,2,אהרן,nmpr,pers,A:person-candidate,Torah
63020,1417626,439658,Leviticus,17,2,אל,prep,,C:divine-title-candidate,Torah
63023,1417626,439658,Leviticus,17,2,אל,prep,,C:divine-title-candidate,Torah
63026,1417626,439658,Leviticus,17,2,ישראל,nmpr,"pers,gens,topo",F:unclassified-name,Torah
63029,1417626,439659,Leviticus,17,2,אל,prep,,C:divine-title-candidate,Torah
63035,1417626,439661,Leviticus,17,2,יהוה,nmpr,pers,E:YHWH,Torah
63042,1417627,439663,Leviticus,17,3,ישראל,nmpr,"pers,gens,topo",F:unclassified-name,Torah
63062,1417628,439666,Leviticus,17,4,אל,prep,,C:divine-title-candidate,Torah
63072,1417628,439667,Leviticus,17,4,יהוה,nmpr,pers,E:YHWH,Torah
63076,1417628,439667,Leviticus,17,4,יהוה,nmpr,pers,E:YHWH,Torah
63099,1417629,439671,Leviticus,17,5,ישראל,nmpr,"pers,gens,topo",F:unclassified-name,Torah
63112,1417629,439673,Leviticus,17,5,יהוה,nmpr,pers,E:YHWH,Torah
63113,1417629,439673,Leviticus,17,5,אל,prep,,C:divine-title-candidate,Torah
63117,1417629,439673,Leviticus,17,5,אל,prep,,C:divine-title-candidate,Torah
63125,1417629,439674,Leviticus,17,5,יהוה,nmpr,pers,E:YHWH,Torah
63136,1417630,439675,Leviticus,17,6,יהוה,nmpr,pers,E:YHWH,Torah
63148,1417630,439676,Leviticus,17,6,יהוה,nmpr,pers,E:YHWH,Torah
63170,1417632,439680,Leviticus,17,8,אל,prep,,C:divine-title-candidate,Torah
63176,1417632,439681,Leviticus,17,8,ישראל,nmpr,"pers,gens,topo",F:unclassified-name,Torah
63191,1417633,439684,Leviticus,17,9,אל,prep,,C:divine-title-candidate,Torah
63201,1417633,439685,Leviticus,17,9,יהוה,nmpr,pers,E:YHWH,Torah
63215,1417634,439687,Leviticus,17,10,ישראל,nmpr,"pers,gens,topo",F:unclassified-name,Torah
63277,1417636,439699,Leviticus,17,12,ישראל,nmpr,"pers,gens,topo",F:unclassified-name,Torah
63299,1417637,439703,Leviticus,17,13,ישראל,nmpr,"pers,gens,topo",F:unclassified-name,Torah
63337,1417638,439712,Leviticus,17,14,ישראל,nmpr,"pers,gens,topo",F:unclassified-name,Torah
63395,1417641,439727,Leviticus,18,1,יהוה,nmpr,pers,E:YHWH,Torah
63396,1417641,439727,Leviticus,18,1,אל,prep,,C:divine-title-candidate,Torah
63397,1417641,439727,Leviticus,18,1,משה,nmpr,pers,A:person-candidate,Torah
63401,1417642,439729,Leviticus,18,2,אל,prep,,C:divine-title-candidate,Torah
63403,1417642,439729,Leviticus,18,2,ישראל,nmpr,"pers,gens,topo",F:unclassified-name,Torah
63406,1417642,439730,Leviticus,18,2,אל,prep,,C:divine-title-candidate,Torah
63408,1417642,439731,Leviticus,18,2,יהוה,nmpr,pers,E:YHWH,Torah
63409,1417642,439731,Leviticus,18,2,אלהים,subs,,D:Elohim,Torah
63413,1417643,439732,Leviticus,18,3,מצרים,nmpr,topo,F:unclassified-name,Torah
63423,1417643,439734,Leviticus,18,3,כנען,nmpr,"pers,gens,topo",F:unclassified-name,Torah
63447,1417644,439740,Leviticus,18,4,יהוה,nmpr,pers,E:YHWH,Torah
63448,1417644,439740,Leviticus,18,4,אלהים,subs,,D:Elohim,Torah
63465,1417645,439744,Leviticus,18,5,יהוה,nmpr,pers,E:YHWH,Torah
63468,1417646,439746,Leviticus,18,6,אל,prep,,C:divine-title-candidate,Torah
63478,1417646,439748,Leviticus,18,6,יהוה,nmpr,pers,E:YHWH,Torah
63559,1417654,439767,Leviticus,18,14,אל,prep,,C:divine-title-candidate,Torah
63607,1417658,439779,Leviticus,18,18,אל,prep,,C:divine-title-candidate,Torah
63620,1417659,439782,Leviticus,18,19,אל,prep,,C:divine-title-candidate,Torah
63631,1417660,439784,Leviticus,18,20,אל,prep,,C:divine-title-candidate,Torah
63651,1417661,439787,Leviticus,18,21,מלך,nmpr,pers,B:deity-candidate,Torah
63657,1417661,439788,Leviticus,18,21,אלהים,subs,,D:Elohim,Torah
63659,1417661,439789,Leviticus,18,21,יהוה,nmpr,pers,E:YHWH,Torah
63690,1417664,439797,Leviticus,18,24,אל,nega,,C:divine-title-candidate,Torah
63753,1417667,439806,Leviticus,18,27,אל,prde,,C:divine-title-candidate,Torah
63822,1417670,439821,Leviticus,18,30,יהוה,nmpr,pers,E:YHWH,Torah
63823,1417670,439821,Leviticus,18,30,אלהים,subs,,D:Elohim,Torah
63826,1417671,439822,Leviticus,19,1,יהוה,nmpr,pers,E:YHWH,Torah
63827,1417671,439822,Leviticus,19,1,אל,prep,,C:divine-title-candidate,Torah
63828,1417671,439822,Leviticus,19,1,משה,nmpr,pers,A:person-candidate,Torah
63832,1417672,439824,Leviticus,19,2,אל,prep,,C:divine-title-candidate,Torah
63836,1417672,439824,Leviticus,19,2,ישראל,nmpr,"pers,gens,topo",F:unclassified-name,Torah
63839,1417672,439825,Leviticus,19,2,אל,prep,,C:divine-title-candidate,Torah
63845,1417672,439827,Leviticus,19,2,יהוה,nmpr,pers,E:YHWH,Torah
63846,1417672,439827,Leviticus,19,2,אלהים,subs,,D:Elohim,Torah
63857,1417673,439831,Leviticus,19,3,יהוה,nmpr,pers,E:YHWH,Torah
63858,1417673,439831,Leviticus,19,3,אלהים,subs,,D:Elohim,Torah
63859,1417674,439832,Leviticus,19,4,אל,nega,,C:divine-title-candidate,Torah
63861,1417674,439832,Leviticus,19,4,אל,prep,,C:divine-title-candidate,Torah
63865,1417674,439833,Leviticus,19,4,אלהים,subs,,D:Elohim,Torah
63871,1417674,439834,Leviticus,19,4,יהוה,nmpr,pers,E:YHWH,Torah
63872,1417674,439834,Leviticus,19,4,אלהים,subs,,D:Elohim,Torah
63879,1417675,439835,Leviticus,19,5,יהוה,nmpr,pers,E:YHWH,Torah
63921,1417678,439846,Leviticus,19,8,יהוה,nmpr,pers,E:YHWH,Torah
63967,1417680,439855,Leviticus,19,10,יהוה,nmpr,pers,E:YHWH,Torah
63968,1417680,439855,Leviticus,19,10,אלהים,subs,,D:Elohim,Torah
63992,1417682,439861,Leviticus,19,12,אלהים,subs,,D:Elohim,Torah
63994,1417682,439862,Leviticus,19,12,יהוה,nmpr,pers,E:YHWH,Torah
64022,1417684,439868,Leviticus,19,14,אלהים,subs,,D:Elohim,Torah
64024,1417684,439869,Leviticus,19,14,יהוה,nmpr,pers,E:YHWH,Torah
64055,1417686,439876,Leviticus,19,16,יהוה,nmpr,pers,E:YHWH,Torah
64085,1417688,439883,Leviticus,19,18,יהוה,nmpr,pers,E:YHWH,Torah
64139,1417691,439897,Leviticus,19,21,יהוה,nmpr,pers,E:YHWH,Torah
64140,1417691,439897,Leviticus,19,21,אל,prep,,C:divine-title-candidate,Torah
64157,1417692,439898,Leviticus,19,22,יהוה,nmpr,pers,E:YHWH,Torah
64172,1417693,439902,Leviticus,19,23,אל,prep,,C:divine-title-candidate,Torah
64204,1417694,439908,Leviticus,19,24,יהוה,nmpr,pers,E:YHWH,Torah
64219,1417695,439911,Leviticus,19,25,יהוה,nmpr,pers,E:YHWH,Torah
64220,1417695,439911,Leviticus,19,25,אלהים,subs,,D:Elohim,Torah
64256,1417698,439919,Leviticus,19,28,יהוה,nmpr,pers,E:YHWH,Torah
64257,1417699,439920,Leviticus,19,29,אל,nega,,C:divine-title-candidate,Torah
64280,1417700,439926,Leviticus,19,30,יהוה,nmpr,pers,E:YHWH,Torah
64281,1417701,439927,Leviticus,19,31,אל,nega,,C:divine-title-candidate,Torah
64283,1417701,439927,Leviticus,19,31,אל,prep,,C:divine-title-candidate,Torah
64287,1417701,439928,Leviticus,19,31,אל,prep,,C:divine-title-candidate,Torah
64290,1417701,439928,Leviticus,19,31,אל,nega,,C:divine-title-candidate,Torah
64296,1417701,439930,Leviticus,19,31,יהוה,nmpr,pers,E:YHWH,Torah
64297,1417701,439930,Leviticus,19,31,אלהים,subs,,D:Elohim,Torah
64309,1417702,439933,Leviticus,19,32,אלהים,subs,,D:Elohim,Torah
64311,1417702,439934,Leviticus,19,32,יהוה,nmpr,pers,E:YHWH,Torah
64341,1417704,439940,Leviticus,19,34,מצרים,nmpr,topo,F:unclassified-name,Torah
64343,1417704,439941,Leviticus,19,34,יהוה,nmpr,pers,E:YHWH,Torah
64344,1417704,439941,Leviticus,19,34,אלהים,subs,,D:Elohim,Torah
64373,1417706,439944,Leviticus,19,36,יהוה,nmpr,pers,E:YHWH,Torah
64374,1417706,439944,Leviticus,19,36,אלהים,subs,,D:Elohim,Torah
64380,1417706,439945,Leviticus,19,36,מצרים,nmpr,topo,F:unclassified-name,Torah
64394,1417707,439948,Leviticus,19,37,יהוה,nmpr,pers,E:YHWH,Torah
64397,1417708,439949,Leviticus,20,1,יהוה,nmpr,pers,E:YHWH,Torah
64398,1417708,439949,Leviticus,20,1,אל,prep,,C:divine-title-candidate,Torah
64399,1417708,439949,Leviticus,20,1,משה,nmpr,pers,A:person-candidate,Torah
64403,1417709,439951,Leviticus,20,2,אל,prep,,C:divine-title-candidate,Torah
64405,1417709,439951,Leviticus,20,2,ישראל,nmpr,"pers,gens,topo",F:unclassified-name,Torah
64411,1417709,439952,Leviticus,20,2,ישראל,nmpr,"pers,gens,topo",F:unclassified-name,Torah
64419,1417709,439953,Leviticus,20,2,ישראל,nmpr,"pers,gens,topo",F:unclassified-name,Torah
64426,1417709,439954,Leviticus,20,2,מלך,nmpr,pers,B:deity-candidate,Torah
64458,1417710,439958,Leviticus,20,3,מלך,nmpr,pers,B:deity-candidate,Torah
64489,1417711,439962,Leviticus,20,4,מלך,nmpr,pers,B:deity-candidate,Torah
64520,1417712,439967,Leviticus,20,5,מלך,nmpr,pers,B:deity-candidate,Torah
64529,1417713,439969,Leviticus,20,6,אל,prep,,C:divine-title-candidate,Torah
64533,1417713,439969,Leviticus,20,6,אל,prep,,C:divine-title-candidate,Torah
64561,1417714,439975,Leviticus,20,7,יהוה,nmpr,pers,E:YHWH,Torah
64562,1417714,439975,Leviticus,20,7,אלהים,subs,,D:Elohim,Torah
64571,1417715,439978,Leviticus,20,8,יהוה,nmpr,pers,E:YHWH,Torah
64695,1417723,440011,Leviticus,20,16,אל,prep,,C:divine-title-candidate,Torah
64795,1417727,440035,Leviticus,20,20,דוד,subs,,A:person-candidate,Torah
64881,1417731,440056,Leviticus,20,24,יהוה,nmpr,pers,E:YHWH,Torah
64882,1417731,440056,Leviticus,20,24,אלהים,subs,,D:Elohim,Torah
64939,1417733,440065,Leviticus,20,26,יהוה,nmpr,pers,E:YHWH,Torah
64970,1417735,440073,Leviticus,21,1,יהוה,nmpr,pers,E:YHWH,Torah
64971,1417735,440073,Leviticus,21,1,אל,prep,,C:divine-title-candidate,Torah
64972,1417735,440073,Leviticus,21,1,משה,nmpr,pers,A:person-candidate,Torah
64974,1417735,440074,Leviticus,21,1,אל,prep,,C:divine-title-candidate,Torah
64978,1417735,440074,Leviticus,21,1,אהרן,nmpr,pers,A:person-candidate,Torah
64981,1417735,440075,Leviticus,21,1,אל,prep,,C:divine-title-candidate,Torah
64994,1417736,440078,Leviticus,21,2,אל,prep,,C:divine-title-candidate,Torah
65016,1417737,440080,Leviticus,21,3,אל,prep,,C:divine-title-candidate,Torah
65026,1417738,440083,Leviticus,21,4,בעל,subs,,B:deity-candidate,Torah
65050,1417740,440088,Leviticus,21,6,אלהים,subs,,D:Elohim,Torah
65055,1417740,440089,Leviticus,21,6,אלהים,subs,,D:Elohim,Torah
65059,1417740,440090,Leviticus,21,6,יהוה,nmpr,pers,E:YHWH,Torah
65061,1417740,440090,Leviticus,21,6,אלהים,subs,,D:Elohim,Torah
65084,1417741,440095,Leviticus,21,7,אלהים,subs,,D:Elohim,Torah
65090,1417742,440097,Leviticus,21,8,אלהים,subs,,D:Elohim,Torah
65099,1417742,440099,Leviticus,21,8,יהוה,nmpr,pers,E:YHWH,Torah
65173,1417746,440116,Leviticus,21,12,אלהים,subs,,D:Elohim,Torah
65178,1417746,440117,Leviticus,21,12,אלהים,subs,,D:Elohim,Torah
65181,1417746,440118,Leviticus,21,12,יהוה,nmpr,pers,E:YHWH,Torah
65213,1417749,440124,Leviticus,21,15,יהוה,nmpr,pers,E:YHWH,Torah
65217,1417750,440126,Leviticus,21,16,יהוה,nmpr,pers,E:YHWH,Torah
65218,1417750,440126,Leviticus,21,16,אל,prep,,C:divine-title-candidate,Torah
65219,1417750,440126,Leviticus,21,16,משה,nmpr,pers,A:person-candidate,Torah
65223,1417751,440128,Leviticus,21,17,אל,prep,,C:divine-title-candidate,Torah
65224,1417751,440128,Leviticus,21,17,אהרן,nmpr,pers,A:person-candidate,Torah
65241,1417751,440132,Leviticus,21,17,אלהים,subs,,D:Elohim,Torah
65290,1417755,440138,Leviticus,21,21,אהרן,nmpr,pers,A:person-candidate,Torah
65299,1417755,440140,Leviticus,21,21,יהוה,nmpr,pers,E:YHWH,Torah
65304,1417755,440142,Leviticus,21,21,אלהים,subs,,D:Elohim,Torah
65310,1417756,440144,Leviticus,21,22,אלהים,subs,,D:Elohim,Torah
65321,1417757,440145,Leviticus,21,23,אל,prep,,C:divine-title-candidate,Torah
65327,1417757,440146,Leviticus,21,23,אל,prep,,C:divine-title-candidate,Torah
65342,1417757,440149,Leviticus,21,23,יהוה,nmpr,pers,E:YHWH,Torah
65346,1417758,440151,Leviticus,21,24,משה,nmpr,pers,A:person-candidate,Torah
65347,1417758,440151,Leviticus,21,24,אל,prep,,C:divine-title-candidate,Torah
65348,1417758,440151,Leviticus,21,24,אהרן,nmpr,pers,A:person-candidate,Torah
65350,1417758,440151,Leviticus,21,24,אל,prep,,C:divine-title-candidate,Torah
65353,1417758,440151,Leviticus,21,24,אל,prep,,C:divine-title-candidate,Torah
65356,1417758,440151,Leviticus,21,24,ישראל,nmpr,"pers,gens,topo",F:unclassified-name,Torah
65359,1417759,440152,Leviticus,22,1,יהוה,nmpr,pers,E:YHWH,Torah
65360,1417759,440152,Leviticus,22,1,אל,prep,,C:divine-title-candidate,Torah
65361,1417759,440152,Leviticus,22,1,משה,nmpr,pers,A:person-candidate,Torah
65365,1417760,440154,Leviticus,22,2,אל,prep,,C:divine-title-candidate,Torah
65366,1417760,440154,Leviticus,22,2,אהרן,nmpr,pers,A:person-candidate,Torah
65368,1417760,440154,Leviticus,22,2,אל,prep,,C:divine-title-candidate,Torah
65375,1417760,440155,Leviticus,22,2,ישראל,nmpr,"pers,gens,topo",F:unclassified-name,Torah
65387,1417760,440158,Leviticus,22,2,יהוה,nmpr,pers,E:YHWH,Torah
65389,1417761,440159,Leviticus,22,3,אל,prep,,C:divine-title-candidate,Torah
65399,1417761,440162,Leviticus,22,3,אל,prep,,C:divine-title-candidate,Torah
65405,1417761,440163,Leviticus,22,3,ישראל,nmpr,"pers,gens,topo",F:unclassified-name,Torah
65407,1417761,440163,Leviticus,22,3,יהוה,nmpr,pers,E:YHWH,Torah
65421,1417761,440166,Leviticus,22,3,יהוה,nmpr,pers,E:YHWH,Torah
65426,1417762,440167,Leviticus,22,4,אהרן,nmpr,pers,A:person-candidate,Torah
65519,1417766,440190,Leviticus,22,8,יהוה,nmpr,pers,E:YHWH,Torah
65535,1417767,440195,Leviticus,22,9,יהוה,nmpr,pers,E:YHWH,Torah
65596,1417771,440210,Leviticus,22,13,אל,prep,,C:divine-title-candidate,Torah
65636,1417773,440216,Leviticus,22,15,ישראל,nmpr,"pers,gens,topo",F:unclassified-name,Torah
65641,1417773,440217,Leviticus,22,15,יהוה,nmpr,pers,E:YHWH,Torah
65653,1417774,440220,Leviticus,22,16,יהוה,nmpr,pers,E:YHWH,Torah
65657,1417775,440222,Leviticus,22,17,יהוה,nmpr,pers,E:YHWH,Torah
65658,1417775,440222,Leviticus,22,17,אל,prep,,C:divine-title-candidate,Torah
65659,1417775,440222,Leviticus,22,17,משה,nmpr,pers,A:person-candidate,Torah
65663,1417776,440224,Leviticus,22,18,אל,prep,,C:divine-title-candidate,Torah
65664,1417776,440224,Leviticus,22,18,אהרן,nmpr,pers,A:person-candidate,Torah
65666,1417776,440224,Leviticus,22,18,אל,prep,,C:divine-title-candidate,Torah
65669,1417776,440224,Leviticus,22,18,אל,prep,,C:divine-title-candidate,Torah
65672,1417776,440224,Leviticus,22,18,ישראל,nmpr,"pers,gens,topo",F:unclassified-name,Torah
65675,1417776,440225,Leviticus,22,18,אל,prep,,C:divine-title-candidate,Torah
65680,1417776,440226,Leviticus,22,18,ישראל,nmpr,"pers,gens,topo",F:unclassified-name,Torah
65686,1417776,440226,Leviticus,22,18,ישראל,nmpr,"pers,gens,topo",F:unclassified-name,Torah
65700,1417776,440228,Leviticus,22,18,יהוה,nmpr,pers,E:YHWH,Torah
65736,1417779,440234,Leviticus,22,21,יהוה,nmpr,pers,E:YHWH,Torah
65774,1417780,440240,Leviticus,22,22,יהוה,nmpr,pers,E:YHWH,Torah
65784,1417780,440241,Leviticus,22,22,יהוה,nmpr,pers,E:YHWH,Torah
65811,1417782,440245,Leviticus,22,24,יהוה,nmpr,pers,E:YHWH,Torah
65826,1417783,440247,Leviticus,22,25,אלהים,subs,,D:Elohim,Torah
65840,1417784,440251,Leviticus,22,26,יהוה,nmpr,pers,E:YHWH,Torah
65841,1417784,440251,Leviticus,22,26,אל,prep,,C:divine-title-candidate,Torah
65842,1417784,440251,Leviticus,22,26,משה,nmpr,pers,A:person-candidate,Torah
65870,1417785,440256,Leviticus,22,27,יהוה,nmpr,pers,E:YHWH,Torah
65890,1417787,440259,Leviticus,22,29,יהוה,nmpr,pers,E:YHWH,Torah
65906,1417788,440263,Leviticus,22,30,יהוה,nmpr,pers,E:YHWH,Torah
65914,1417789,440266,Leviticus,22,31,יהוה,nmpr,pers,E:YHWH,Torah
65926,1417790,440268,Leviticus,22,32,ישראל,nmpr,"pers,gens,topo",F:unclassified-name,Torah
65928,1417790,440269,Leviticus,22,32,יהוה,nmpr,pers,E:YHWH,Torah
65935,1417791,440271,Leviticus,22,33,מצרים,nmpr,topo,F:unclassified-name,Torah
65940,1417791,440272,Leviticus,22,33,אלהים,subs,,D:Elohim,Torah
65942,1417791,440273,Leviticus,22,33,יהוה,nmpr,pers,E:YHWH,Torah
65945,1417792,440274,Leviticus,23,1,יהוה,nmpr,pers,E:YHWH,Torah
65946,1417792,440274,Leviticus,23,1,אל,prep,,C:divine-title-candidate,Torah
65947,1417792,440274,Leviticus,23,1,משה,nmpr,pers,A:person-candidate,Torah
65951,1417793,440276,Leviticus,23,2,אל,prep,,C:divine-title-candidate,Torah
65953,1417793,440276,Leviticus,23,2,ישראל,nmpr,"pers,gens,topo",F:unclassified-name,Torah
65956,1417793,440277,Leviticus,23,2,אל,prep,,C:divine-title-candidate,Torah
65958,1417793,440278,Leviticus,23,2,יהוה,nmpr,pers,E:YHWH,Torah
65988,1417794,440285,Leviticus,23,3,יהוה,nmpr,pers,E:YHWH,Torah
65994,1417795,440286,Leviticus,23,4,יהוה,nmpr,pers,E:YHWH,Torah
66018,1417796,440288,Leviticus,23,5,יהוה,nmpr,pers,E:YHWH,Torah
66033,1417797,440289,Leviticus,23,6,יהוה,nmpr,pers,E:YHWH,Torah
66056,1417799,440293,Leviticus,23,8,יהוה,nmpr,pers,E:YHWH,Torah
66073,1417800,440296,Leviticus,23,9,יהוה,nmpr,pers,E:YHWH,Torah
66074,1417800,440296,Leviticus,23,9,אל,prep,,C:divine-title-candidate,Torah
66075,1417800,440296,Leviticus,23,9,משה,nmpr,pers,A:person-candidate,Torah
66079,1417801,440298,Leviticus,23,10,אל,prep,,C:divine-title-candidate,Torah
66081,1417801,440298,Leviticus,23,10,ישראל,nmpr,"pers,gens,topo",F:unclassified-name,Torah
66084,1417801,440299,Leviticus,23,10,אל,prep,,C:divine-title-candidate,Torah
66087,1417801,440300,Leviticus,23,10,אל,prep,,C:divine-title-candidate,Torah
66104,1417801,440303,Leviticus,23,10,אל,prep,,C:divine-title-candidate,Torah
66114,1417802,440304,Leviticus,23,11,יהוה,nmpr,pers,E:YHWH,Torah
66139,1417803,440306,Leviticus,23,12,יהוה,nmpr,pers,E:YHWH,Torah
66151,1417804,440310,Leviticus,23,13,יהוה,nmpr,pers,E:YHWH,Torah
66178,1417805,440313,Leviticus,23,14,אלהים,subs,,D:Elohim,Torah
66219,1417807,440319,Leviticus,23,16,יהוה,nmpr,pers,E:YHWH,Torah
66234,1417808,440323,Leviticus,23,17,יהוה,nmpr,pers,E:YHWH,Torah
66256,1417809,440325,Leviticus,23,18,יהוה,nmpr,pers,E:YHWH,Torah
66265,1417809,440326,Leviticus,23,18,יהוה,nmpr,pers,E:YHWH,Torah
66293,1417811,440329,Leviticus,23,20,יהוה,nmpr,pers,E:YHWH,Torah
66300,1417811,440330,Leviticus,23,20,יהוה,nmpr,pers,E:YHWH,Torah
66355,1417813,440340,Leviticus,23,22,יהוה,nmpr,pers,E:YHWH,Torah
66356,1417813,440340,Leviticus,23,22,אלהים,subs,,D:Elohim,Torah
66359,1417814,440341,Leviticus,23,23,יהוה,nmpr,pers,E:YHWH,Torah
66360,1417814,440341,Leviticus,23,23,אל,prep,,C:divine-title-candidate,Torah
66361,1417814,440341,Leviticus,23,23,משה,nmpr,pers,A:person-candidate,Torah
66365,1417815,440343,Leviticus,23,24,אל,prep,,C:divine-title-candidate,Torah
66367,1417815,440343,Leviticus,23,24,ישראל,nmpr,"pers,gens,topo",F:unclassified-name,Torah
66396,1417816,440347,Leviticus,23,25,יהוה,nmpr,pers,E:YHWH,Torah
66399,1417817,440348,Leviticus,23,26,יהוה,nmpr,pers,E:YHWH,Torah
66400,1417817,440348,Leviticus,23,26,אל,prep,,C:divine-title-candidate,Torah
66401,1417817,440348,Leviticus,23,26,משה,nmpr,pers,A:person-candidate,Torah
66431,1417818,440353,Leviticus,23,27,יהוה,nmpr,pers,E:YHWH,Torah
66452,1417819,440356,Leviticus,23,28,יהוה,nmpr,pers,E:YHWH,Torah
66453,1417819,440356,Leviticus,23,28,אלהים,subs,,D:Elohim,Torah
66530,1417824,440368,Leviticus,23,33,יהוה,nmpr,pers,E:YHWH,Torah
66531,1417824,440368,Leviticus,23,33,אל,prep,,C:divine-title-candidate,Torah
66532,1417824,440368,Leviticus,23,33,משה,nmpr,pers,A:person-candidate,Torah
66536,1417825,440370,Leviticus,23,34,אל,prep,,C:divine-title-candidate,Torah
66538,1417825,440370,Leviticus,23,34,ישראל,nmpr,"pers,gens,topo",F:unclassified-name,Torah
66558,1417825,440372,Leviticus,23,34,יהוה,nmpr,pers,E:YHWH,Torah
66576,1417827,440375,Leviticus,23,36,יהוה,nmpr,pers,E:YHWH,Torah
66590,1417827,440377,Leviticus,23,36,יהוה,nmpr,pers,E:YHWH,Torah
66600,1417828,440380,Leviticus,23,37,יהוה,nmpr,pers,E:YHWH,Torah
66610,1417828,440382,Leviticus,23,37,יהוה,nmpr,pers,E:YHWH,Torah
66625,1417829,440383,Leviticus,23,38,יהוה,nmpr,pers,E:YHWH,Torah
66646,1417829,440384,Leviticus,23,38,יהוה,nmpr,pers,E:YHWH,Torah
66666,1417830,440385,Leviticus,23,39,יהוה,nmpr,pers,E:YHWH,Torah
66706,1417831,440390,Leviticus,23,40,יהוה,nmpr,pers,E:YHWH,Torah
66707,1417831,440390,Leviticus,23,40,אלהים,subs,,D:Elohim,Torah
66715,1417832,440391,Leviticus,23,41,יהוה,nmpr,pers,E:YHWH,Torah
66742,1417833,440395,Leviticus,23,42,ישראל,nmpr,"pers,gens,topo",F:unclassified-name,Torah
66757,1417834,440397,Leviticus,23,43,ישראל,nmpr,"pers,gens,topo",F:unclassified-name,Torah
66763,1417834,440398,Leviticus,23,43,מצרים,nmpr,topo,F:unclassified-name,Torah
66765,1417834,440399,Leviticus,23,43,יהוה,nmpr,pers,E:YHWH,Torah
66766,1417834,440399,Leviticus,23,43,אלהים,subs,,D:Elohim,Torah
66769,1417835,440400,Leviticus,23,44,משה,nmpr,pers,A:person-candidate,Torah
66772,1417835,440400,Leviticus,23,44,יהוה,nmpr,pers,E:YHWH,Torah
66773,1417835,440400,Leviticus,23,44,אל,prep,,C:divine-title-candidate,Torah
66775,1417835,440400,Leviticus,23,44,ישראל,nmpr,"pers,gens,topo",F:unclassified-name,Torah
66778,1417836,440401,Leviticus,24,1,יהוה,nmpr,pers,E:YHWH,Torah
66779,1417836,440401,Leviticus,24,1,אל,prep,,C:divine-title-candidate,Torah
66780,1417836,440401,Leviticus,24,1,משה,nmpr,pers,A:person-candidate,Torah
66786,1417837,440403,Leviticus,24,2,ישראל,nmpr,"pers,gens,topo",F:unclassified-name,Torah
66789,1417837,440404,Leviticus,24,2,אל,prep,,C:divine-title-candidate,Torah
66812,1417838,440406,Leviticus,24,3,אהרן,nmpr,pers,A:person-candidate,Torah
66819,1417838,440406,Leviticus,24,3,יהוה,nmpr,pers,E:YHWH,Torah
66836,1417839,440408,Leviticus,24,4,יהוה,nmpr,pers,E:YHWH,Torah
66869,1417841,440412,Leviticus,24,6,יהוה,nmpr,pers,E:YHWH,Torah
66886,1417842,440416,Leviticus,24,7,יהוה,nmpr,pers,E:YHWH,Torah
66898,1417843,440417,Leviticus,24,8,יהוה,nmpr,pers,E:YHWH,Torah
66903,1417843,440418,Leviticus,24,8,ישראל,nmpr,"pers,gens,topo",F:unclassified-name,Torah
66909,1417844,440419,Leviticus,24,9,אהרן,nmpr,pers,A:person-candidate,Torah
66925,1417844,440421,Leviticus,24,9,יהוה,nmpr,pers,E:YHWH,Torah
66941,1417845,440423,Leviticus,24,10,ישראל,nmpr,"pers,gens,topo",F:unclassified-name,Torah
66969,1417846,440428,Leviticus,24,11,אל,prep,,C:divine-title-candidate,Torah
66970,1417846,440428,Leviticus,24,11,משה,nmpr,pers,A:person-candidate,Torah
66974,1417846,440429,Leviticus,24,11,שלמית,nmpr,pers,A:person-candidate,Torah
66976,1417846,440429,Leviticus,24,11,דברי,nmpr,pers,A:person-candidate,Torah
66979,1417846,440429,Leviticus,24,11,דן,nmpr,"pers,gens,topo",F:unclassified-name,Torah
66990,1417847,440431,Leviticus,24,12,יהוה,nmpr,pers,E:YHWH,Torah
66993,1417848,440432,Leviticus,24,13,יהוה,nmpr,pers,E:YHWH,Torah
66994,1417848,440432,Leviticus,24,13,אל,prep,,C:divine-title-candidate,Torah
66995,1417848,440432,Leviticus,24,13,משה,nmpr,pers,A:person-candidate,Torah
67002,1417849,440434,Leviticus,24,14,אל,prep,,C:divine-title-candidate,Torah
67024,1417850,440437,Leviticus,24,15,אל,prep,,C:divine-title-candidate,Torah
67026,1417850,440437,Leviticus,24,15,ישראל,nmpr,"pers,gens,topo",F:unclassified-name,Torah
67034,1417850,440440,Leviticus,24,15,אלהים,subs,,D:Elohim,Torah
67041,1417851,440443,Leviticus,24,16,יהוה,nmpr,pers,E:YHWH,Torah
67130,1417857,440468,Leviticus,24,22,יהוה,nmpr,pers,E:YHWH,Torah
67131,1417857,440468,Leviticus,24,22,אלהים,subs,,D:Elohim,Torah
67134,1417858,440469,Leviticus,24,23,משה,nmpr,pers,A:person-candidate,Torah
67135,1417858,440469,Leviticus,24,23,אל,prep,,C:divine-title-candidate,Torah
67137,1417858,440469,Leviticus,24,23,ישראל,nmpr,"pers,gens,topo",F:unclassified-name,Torah
67143,1417858,440470,Leviticus,24,23,אל,prep,,C:divine-title-candidate,Torah
67155,1417858,440472,Leviticus,24,23,ישראל,nmpr,"pers,gens,topo",F:unclassified-name,Torah
67160,1417858,440473,Leviticus,24,23,יהוה,nmpr,pers,E:YHWH,Torah
67162,1417858,440473,Leviticus,24,23,משה,nmpr,pers,A:person-candidate,Torah
67165,1417859,440474,Leviticus,25,1,יהוה,nmpr,pers,E:YHWH,Torah
67166,1417859,440474,Leviticus,25,1,אל,prep,,C:divine-title-candidate,Torah
67167,1417859,440474,Leviticus,25,1,משה,nmpr,pers,A:person-candidate,Torah
67170,1417859,440474,Leviticus,25,1,סיני,nmpr,topo,F:unclassified-name,Torah
67174,1417860,440476,Leviticus,25,2,אל,prep,,C:divine-title-candidate,Torah
67176,1417860,440476,Leviticus,25,2,ישראל,nmpr,"pers,gens,topo",F:unclassified-name,Torah
67179,1417860,440477,Leviticus,25,2,אל,prep,,C:divine-title-candidate,Torah
67182,1417860,440478,Leviticus,25,2,אל,prep,,C:divine-title-candidate,Torah
67195,1417860,440480,Leviticus,25,2,יהוה,nmpr,pers,E:YHWH,Torah
67223,1417862,440484,Leviticus,25,4,יהוה,nmpr,pers,E:YHWH,Torah
67356,1417868,440503,Leviticus,25,10,אל,prep,,C:divine-title-candidate,Torah
67360,1417868,440505,Leviticus,25,10,אל,prep,,C:divine-title-candidate,Torah
67403,1417871,440514,Leviticus,25,13,אל,prep,,C:divine-title-candidate,Torah
67416,1417872,440517,Leviticus,25,14,אל,nega,,C:divine-title-candidate,Torah
67467,1417875,440526,Leviticus,25,17,אלהים,subs,,D:Elohim,Torah
67470,1417875,440527,Leviticus,25,17,יהוה,nmpr,pers,E:YHWH,Torah
67471,1417875,440527,Leviticus,25,17,אלהים,subs,,D:Elohim,Torah
67603,1417883,440552,Leviticus,25,25,אל,prep,,C:divine-title-candidate,Torah
67786,1417891,440589,Leviticus,25,33,ישראל,nmpr,"pers,gens,topo",F:unclassified-name,Torah
67815,1417894,440597,Leviticus,25,36,אל,nega,,C:divine-title-candidate,Torah
67825,1417894,440598,Leviticus,25,36,אלהים,subs,,D:Elohim,Torah
67844,1417896,440602,Leviticus,25,38,יהוה,nmpr,pers,E:YHWH,Torah
67845,1417896,440602,Leviticus,25,38,אלהים,subs,,D:Elohim,Torah
67851,1417896,440603,Leviticus,25,38,מצרים,nmpr,topo,F:unclassified-name,Torah
67857,1417896,440604,Leviticus,25,38,כנען,nmpr,"pers,gens,topo",F:unclassified-name,Torah
67862,1417896,440605,Leviticus,25,38,אלהים,subs,,D:Elohim,Torah
67898,1417899,440612,Leviticus,25,41,אל,prep,,C:divine-title-candidate,Torah
67901,1417899,440613,Leviticus,25,41,אל,prep,,C:divine-title-candidate,Torah
67913,1417900,440615,Leviticus,25,42,מצרים,nmpr,topo,F:unclassified-name,Torah
67926,1417901,440618,Leviticus,25,43,אלהים,subs,,D:Elohim,Torah
67987,1417904,440634,Leviticus,25,46,ישראל,nmpr,"pers,gens,topo",F:unclassified-name,Torah
68029,1417907,440642,Leviticus,25,49,דוד,subs,,A:person-candidate,Torah
68032,1417907,440642,Leviticus,25,49,דוד,subs,,A:person-candidate,Torah
68135,1417913,440659,Leviticus,25,55,ישראל,nmpr,"pers,gens,topo",F:unclassified-name,Torah
68144,1417913,440661,Leviticus,25,55,מצרים,nmpr,topo,F:unclassified-name,Torah
68146,1417913,440662,Leviticus,25,55,יהוה,nmpr,pers,E:YHWH,Torah
68147,1417913,440662,Leviticus,25,55,אלהים,subs,,D:Elohim,Torah
68171,1417914,440667,Leviticus,26,1,יהוה,nmpr,pers,E:YHWH,Torah
68172,1417914,440667,Leviticus,26,1,אלהים,subs,,D:Elohim,Torah
68180,1417915,440670,Leviticus,26,2,יהוה,nmpr,pers,E:YHWH,Torah
68285,1417922,440691,Leviticus,26,9,אל,prep,,C:divine-title-candidate,Torah
68325,1417925,440700,Leviticus,26,12,אלהים,subs,,D:Elohim,Torah
68333,1417926,440702,Leviticus,26,13,יהוה,nmpr,pers,E:YHWH,Torah
68334,1417926,440702,Leviticus,26,13,אלהים,subs,,D:Elohim,Torah
68340,1417926,440703,Leviticus,26,13,מצרים,nmpr,topo,F:unclassified-name,Torah
68562,1417938,440749,Leviticus,26,25,אל,prep,,C:divine-title-candidate,Torah
68853,1417955,440808,Leviticus,26,42,יעקב,nmpr,pers,A:person-candidate,Torah
68858,1417955,440809,Leviticus,26,42,יצחק,nmpr,pers,A:person-candidate,Torah
68863,1417955,440810,Leviticus,26,42,אברהם,nmpr,pers,A:person-candidate,Torah
68920,1417957,440825,Leviticus,26,44,יהוה,nmpr,pers,E:YHWH,Torah
68921,1417957,440825,Leviticus,26,44,אלהים,subs,,D:Elohim,Torah
68932,1417958,440827,Leviticus,26,45,מצרים,nmpr,topo,F:unclassified-name,Torah
68941,1417958,440828,Leviticus,26,45,אלהים,subs,,D:Elohim,Torah
68943,1417958,440829,Leviticus,26,45,יהוה,nmpr,pers,E:YHWH,Torah
68955,1417959,440831,Leviticus,26,46,יהוה,nmpr,pers,E:YHWH,Torah
68960,1417959,440831,Leviticus,26,46,ישראל,nmpr,"pers,gens,topo",F:unclassified-name,Torah
68963,1417959,440831,Leviticus,26,46,סיני,nmpr,topo,F:unclassified-name,Torah
68966,1417959,440831,Leviticus,26,46,משה,nmpr,pers,A:person-candidate,Torah
68969,1417960,440832,Leviticus,27,1,יהוה,nmpr,pers,E:YHWH,Torah
68970,1417960,440832,Leviticus,27,1,אל,prep,,C:divine-title-candidate,Torah
68971,1417960,440832,Leviticus,27,1,משה,nmpr,pers,A:person-candidate,Torah
68975,1417961,440834,Leviticus,27,2,אל,prep,,C:divine-title-candidate,Torah
68977,1417961,440834,Leviticus,27,2,ישראל,nmpr,"pers,gens,topo",F:unclassified-name,Torah
68980,1417961,440835,Leviticus,27,2,אל,prep,,C:divine-title-candidate,Torah
68989,1417961,440838,Leviticus,27,2,יהוה,nmpr,pers,E:YHWH,Torah
69130,1417968,440859,Leviticus,27,9,יהוה,nmpr,pers,E:YHWH,Torah
69136,1417968,440861,Leviticus,27,9,יהוה,nmpr,pers,E:YHWH,Torah
69177,1417970,440870,Leviticus,27,11,יהוה,nmpr,pers,E:YHWH,Torah
69220,1417973,440877,Leviticus,27,14,יהוה,nmpr,pers,E:YHWH,Torah
69262,1417975,440884,Leviticus,27,16,יהוה,nmpr,pers,E:YHWH,Torah
69364,1417980,440899,Leviticus,27,21,יהוה,nmpr,pers,E:YHWH,Torah
69386,1417981,440902,Leviticus,27,22,יהוה,nmpr,pers,E:YHWH,Torah
69412,1417982,440906,Leviticus,27,23,יהוה,nmpr,pers,E:YHWH,Torah
69449,1417985,440913,Leviticus,27,26,יהוה,nmpr,pers,E:YHWH,Torah
69461,1417985,440917,Leviticus,27,26,יהוה,nmpr,pers,E:YHWH,Torah
69493,1417987,440924,Leviticus,27,28,יהוה,nmpr,pers,E:YHWH,Torah
69517,1417987,440928,Leviticus,27,28,יהוה,nmpr,pers,E:YHWH,Torah
69543,1417989,440933,Leviticus,27,30,יהוה,nmpr,pers,E:YHWH,Torah
69547,1417989,440934,Leviticus,27,30,יהוה,nmpr,pers,E:YHWH,Torah
69575,1417991,440939,Leviticus,27,32,יהוה,nmpr,pers,E:YHWH,Torah
69603,1417993,440947,Leviticus,27,34,יהוה,nmpr,pers,E:YHWH,Torah
69605,1417993,440947,Leviticus,27,34,משה,nmpr,pers,A:person-candidate,Torah
69606,1417993,440947,Leviticus,27,34,אל,prep,,C:divine-title-candidate,Torah
69608,1417993,440947,Leviticus,27,34,ישראל,nmpr,"pers,gens,topo",F:unclassified-name,Torah
69611,1417993,440947,Leviticus,27,34,סיני,nmpr,topo,F:unclassified-name,Torah
69614,1417994,440948,Numbers,1,1,יהוה,nmpr,pers,E:YHWH,Torah
69615,1417994,440948,Numbers,1,1,אל,prep,,C:divine-title-candidate,Torah
69616,1417994,440948,Numbers,1,1,משה,nmpr,pers,A:person-candidate,Torah
69619,1417994,440948,Numbers,1,1,סיני,nmpr,topo,F:unclassified-name,Torah
69639,1417994,440949,Numbers,1,1,מצרים,nmpr,topo,F:unclassified-name,Torah
69648,1417995,440951,Numbers,1,2,ישראל,nmpr,"pers,gens,topo",F:unclassified-name,Torah
69671,1417996,440953,Numbers,1,3,ישראל,nmpr,"pers,gens,topo",F:unclassified-name,Torah
69678,1417996,440954,Numbers,1,3,אהרן,nmpr,pers,A:person-candidate,Torah
69702,1417998,440960,Numbers,1,5,ראובן,nmpr,"pers,gens,topo",F:unclassified-name,Torah
69703,1417998,440960,Numbers,1,5,אליצור,nmpr,pers,A:person-candidate,Torah
69705,1417998,440960,Numbers,1,5,שדיאור,nmpr,pers,A:person-candidate,Torah
69707,1417999,440961,Numbers,1,6,שמעון,nmpr,"pers,gens,topo",F:unclassified-name,Torah
69708,1417999,440961,Numbers,1,6,שלמיאל,nmpr,pers,A:person-candidate,Torah
69710,1417999,440961,Numbers,1,6,צורישדי,nmpr,pers,A:person-candidate,Torah
69712,1418000,440962,Numbers,1,7,יהודה,nmpr,"pers,gens,topo",F:unclassified-name,Torah
69713,1418000,440962,Numbers,1,7,נחשון,nmpr,pers,A:person-candidate,Torah
69715,1418000,440962,Numbers,1,7,עמינדב,nmpr,pers,A:person-candidate,Torah
69717,1418001,440963,Numbers,1,8,יששכר,nmpr,"pers,gens,topo",F:unclassified-name,Torah
69718,1418001,440963,Numbers,1,8,נתנאל,nmpr,pers,A:person-candidate,Torah
69720,1418001,440963,Numbers,1,8,צוער,nmpr,pers,A:person-candidate,Torah
69722,1418002,440964,Numbers,1,9,זבולן,nmpr,"pers,gens,topo",F:unclassified-name,Torah
69723,1418002,440964,Numbers,1,9,אליאב,nmpr,pers,A:person-candidate,Torah
69725,1418002,440964,Numbers,1,9,חלן,nmpr,pers,A:person-candidate,Torah
69728,1418003,440965,Numbers,1,10,יוסף,nmpr,pers,A:person-candidate,Torah
69730,1418003,440966,Numbers,1,10,אפרים,nmpr,"pers,gens,topo",F:unclassified-name,Torah
69731,1418003,440966,Numbers,1,10,אלישמע,nmpr,pers,A:person-candidate,Torah
69733,1418003,440966,Numbers,1,10,עמיהוד,nmpr,pers,A:person-candidate,Torah
69735,1418003,440967,Numbers,1,10,מנשה,nmpr,"pers,gens",F:unclassified-name,Torah
69736,1418003,440967,Numbers,1,10,גמליאל,nmpr,pers,A:person-candidate,Torah
69738,1418003,440967,Numbers,1,10,פדהצור,nmpr,pers,A:person-candidate,Torah
69740,1418004,440968,Numbers,1,11,בנימן,nmpr,"pers,gens,topo",F:unclassified-name,Torah
69741,1418004,440968,Numbers,1,11,אבידן,nmpr,pers,A:person-candidate,Torah
69743,1418004,440968,Numbers,1,11,גדעני,nmpr,pers,A:person-candidate,Torah
69745,1418005,440969,Numbers,1,12,דן,nmpr,"pers,gens,topo",F:unclassified-name,Torah
69746,1418005,440969,Numbers,1,12,אחיעזר,nmpr,pers,A:person-candidate,Torah
69748,1418005,440969,Numbers,1,12,עמישדי,nmpr,pers,A:person-candidate,Torah
69750,1418006,440970,Numbers,1,13,אשר,nmpr,"pers,gens,topo",F:unclassified-name,Torah
69751,1418006,440970,Numbers,1,13,פגעיאל,nmpr,pers,A:person-candidate,Torah
69753,1418006,440970,Numbers,1,13,עכרן,nmpr,pers,A:person-candidate,Torah
69755,1418007,440971,Numbers,1,14,גד,nmpr,"pers,gens,topo",B:deity-candidate,Torah
69756,1418007,440971,Numbers,1,14,אליסף,nmpr,pers,A:person-candidate,Torah
69758,1418007,440971,Numbers,1,14,דעואל,nmpr,pers,A:person-candidate,Torah
69760,1418008,440972,Numbers,1,15,נפתלי,nmpr,"pers,gens,topo",F:unclassified-name,Torah
69761,1418008,440972,Numbers,1,15,אחירע,nmpr,pers,A:person-candidate,Torah
69763,1418008,440972,Numbers,1,15,עינן,nmpr,pers,A:person-candidate,Torah
69773,1418009,440974,Numbers,1,16,ישראל,nmpr,"pers,gens,topo",F:unclassified-name,Torah
69777,1418010,440975,Numbers,1,17,משה,nmpr,pers,A:person-candidate,Torah
69779,1418010,440975,Numbers,1,17,אהרן,nmpr,pers,A:person-candidate,Torah
69823,1418012,440979,Numbers,1,19,יהוה,nmpr,pers,E:YHWH,Torah
69825,1418012,440979,Numbers,1,19,משה,nmpr,pers,A:person-candidate,Torah
69830,1418012,440980,Numbers,1,19,סיני,nmpr,topo,F:unclassified-name,Torah
69834,1418013,440981,Numbers,1,20,ראובן,nmpr,"pers,gens,topo",F:unclassified-name,Torah
69836,1418013,440981,Numbers,1,20,ישראל,nmpr,"pers,gens,topo",F:unclassified-name,Torah
69862,1418014,440982,Numbers,1,21,ראובן,nmpr,"pers,gens,topo",F:unclassified-name,Torah
69872,1418015,440983,Numbers,1,22,שמעון,nmpr,"pers,gens,topo",F:unclassified-name,Torah
69899,1418016,440985,Numbers,1,23,שמעון,nmpr,"pers,gens,topo",F:unclassified-name,Torah
69909,1418017,440986,Numbers,1,24,גד,nmpr,"pers,gens,topo",B:deity-candidate,Torah
69931,1418018,440988,Numbers,1,25,גד,nmpr,"pers,gens,topo",B:deity-candidate,Torah
69943,1418019,440989,Numbers,1,26,יהודה,nmpr,"pers,gens,topo",F:unclassified-name,Torah
69965,1418020,440991,Numbers,1,27,יהודה,nmpr,"pers,gens,topo",F:unclassified-name,Torah
69975,1418021,440992,Numbers,1,28,יששכר,nmpr,"pers,gens,topo",F:unclassified-name,Torah
69997,1418022,440994,Numbers,1,29,יששכר,nmpr,"pers,gens,topo",F:unclassified-name,Torah
70007,1418023,440995,Numbers,1,30,זבולן,nmpr,"pers,gens,topo",F:unclassified-name,Torah
70029,1418024,440997,Numbers,1,31,זבולן,nmpr,"pers,gens,topo",F:unclassified-name,Torah
70039,1418025,440998,Numbers,1,32,יוסף,nmpr,pers,A:person-candidate,Torah
70042,1418025,440999,Numbers,1,32,אפרים,nmpr,"pers,gens,topo",F:unclassified-name,Torah
70064,1418026,441001,Numbers,1,33,אפרים,nmpr,"pers,gens,topo",F:unclassified-name,Torah
70072,1418027,441002,Numbers,1,34,מנשה,nmpr,"pers,gens",F:unclassified-name,Torah
70094,1418028,441004,Numbers,1,35,מנשה,nmpr,"pers,gens",F:unclassified-name,Torah
70103,1418029,441005,Numbers,1,36,בנימן,nmpr,"pers,gens,topo",F:unclassified-name,Torah
70125,1418030,441007,Numbers,1,37,בנימן,nmpr,"pers,gens,topo",F:unclassified-name,Torah
70135,1418031,441008,Numbers,1,38,דן,nmpr,"pers,gens,topo",F:unclassified-name,Torah
70157,1418032,441010,Numbers,1,39,דן,nmpr,"pers,gens,topo",F:unclassified-name,Torah
70167,1418033,441011,Numbers,1,40,אשר,nmpr,"pers,gens,topo",F:unclassified-name,Torah
70189,1418034,441013,Numbers,1,41,אשר,nmpr,"pers,gens,topo",F:unclassified-name,Torah
70198,1418035,441014,Numbers,1,42,נפתלי,nmpr,"pers,gens,topo",F:unclassified-name,Torah
70220,1418036,441016,Numbers,1,43,נפתלי,nmpr,"pers,gens,topo",F:unclassified-name,Torah
70233,1418037,441018,Numbers,1,44,משה,nmpr,pers,A:person-candidate,Torah
70235,1418037,441018,Numbers,1,44,אהרן,nmpr,pers,A:person-candidate,Torah
70238,1418037,441018,Numbers,1,44,ישראל,nmpr,"pers,gens,topo",F:unclassified-name,Torah
70253,1418038,441020,Numbers,1,45,ישראל,nmpr,"pers,gens,topo",F:unclassified-name,Torah
70267,1418038,441021,Numbers,1,45,ישראל,nmpr,"pers,gens,topo",F:unclassified-name,Torah
70296,1418041,441024,Numbers,1,48,יהוה,nmpr,pers,E:YHWH,Torah
70297,1418041,441024,Numbers,1,48,אל,prep,,C:divine-title-candidate,Torah
70298,1418041,441024,Numbers,1,48,משה,nmpr,pers,A:person-candidate,Torah
70304,1418042,441026,Numbers,1,49,לוי,nmpr,"pers,gens",F:unclassified-name,Torah
70315,1418042,441027,Numbers,1,49,ישראל,nmpr,"pers,gens,topo",F:unclassified-name,Torah
70380,1418045,441039,Numbers,1,52,ישראל,nmpr,"pers,gens,topo",F:unclassified-name,Torah
70406,1418046,441043,Numbers,1,53,ישראל,nmpr,"pers,gens,topo",F:unclassified-name,Torah
70419,1418047,441045,Numbers,1,54,ישראל,nmpr,"pers,gens,topo",F:unclassified-name,Torah
70424,1418047,441046,Numbers,1,54,יהוה,nmpr,pers,E:YHWH,Torah
70426,1418047,441046,Numbers,1,54,משה,nmpr,pers,A:person-candidate,Torah
70431,1418048,441048,Numbers,2,1,יהוה,nmpr,pers,E:YHWH,Torah
70432,1418048,441048,Numbers,2,1,אל,prep,,C:divine-title-candidate,Torah
70433,1418048,441048,Numbers,2,1,משה,nmpr,pers,A:person-candidate,Torah
70435,1418048,441048,Numbers,2,1,אל,prep,,C:divine-title-candidate,Torah
70436,1418048,441048,Numbers,2,1,אהרן,nmpr,pers,A:person-candidate,Torah
70449,1418049,441051,Numbers,2,2,ישראל,nmpr,"pers,gens,topo",F:unclassified-name,Torah
70464,1418050,441053,Numbers,2,3,יהודה,nmpr,"pers,gens,topo",F:unclassified-name,Torah
70471,1418050,441055,Numbers,2,3,יהודה,nmpr,"pers,gens,topo",F:unclassified-name,Torah
70472,1418050,441055,Numbers,2,3,נחשון,nmpr,pers,A:person-candidate,Torah
70474,1418050,441055,Numbers,2,3,עמינדב,nmpr,pers,A:person-candidate,Torah
70491,1418052,441057,Numbers,2,5,יששכר,nmpr,"pers,gens,topo",F:unclassified-name,Torah
70496,1418052,441059,Numbers,2,5,יששכר,nmpr,"pers,gens,topo",F:unclassified-name,Torah
70497,1418052,441059,Numbers,2,5,נתנאל,nmpr,pers,A:person-candidate,Torah
70499,1418052,441059,Numbers,2,5,צוער,nmpr,pers,A:person-candidate,Torah
70512,1418054,441061,Numbers,2,7,זבולן,nmpr,"pers,gens,topo",F:unclassified-name,Torah
70517,1418054,441062,Numbers,2,7,זבולן,nmpr,"pers,gens,topo",F:unclassified-name,Torah
70518,1418054,441062,Numbers,2,7,אליאב,nmpr,pers,A:person-candidate,Torah
70520,1418054,441062,Numbers,2,7,חלן,nmpr,pers,A:person-candidate,Torah
70537,1418056,441064,Numbers,2,9,יהודה,nmpr,"pers,gens,topo",F:unclassified-name,Torah
70555,1418057,441066,Numbers,2,10,ראובן,nmpr,"pers,gens,topo",F:unclassified-name,Torah
70563,1418057,441067,Numbers,2,10,ראובן,nmpr,"pers,gens,topo",F:unclassified-name,Torah
70564,1418057,441067,Numbers,2,10,אליצור,nmpr,pers,A:person-candidate,Torah
70566,1418057,441067,Numbers,2,10,שדיאור,nmpr,pers,A:person-candidate,Torah
70583,1418059,441069,Numbers,2,12,שמעון,nmpr,"pers,gens,topo",F:unclassified-name,Torah
70588,1418059,441071,Numbers,2,12,שמעון,nmpr,"pers,gens,topo",F:unclassified-name,Torah
70589,1418059,441071,Numbers,2,12,שלמיאל,nmpr,pers,A:person-candidate,Torah
70591,1418059,441071,Numbers,2,12,צורישדי,nmpr,pers,A:person-candidate,Torah
70605,1418061,441073,Numbers,2,14,גד,nmpr,"pers,gens,topo",B:deity-candidate,Torah
70610,1418061,441074,Numbers,2,14,גד,nmpr,"pers,gens,topo",B:deity-candidate,Torah
70611,1418061,441074,Numbers,2,14,אליסף,nmpr,pers,A:person-candidate,Torah
70613,1418061,441074,Numbers,2,14,רעואל,nmpr,pers,A:person-candidate,Torah
70632,1418063,441076,Numbers,2,16,ראובן,nmpr,"pers,gens,topo",F:unclassified-name,Torah
70673,1418065,441082,Numbers,2,18,אפרים,nmpr,"pers,gens,topo",F:unclassified-name,Torah
70681,1418065,441083,Numbers,2,18,אפרים,nmpr,"pers,gens,topo",F:unclassified-name,Torah
70682,1418065,441083,Numbers,2,18,אלישמע,nmpr,pers,A:person-candidate,Torah
70684,1418065,441083,Numbers,2,18,עמיהוד,nmpr,pers,A:person-candidate,Torah
70697,1418067,441085,Numbers,2,20,מנשה,nmpr,"pers,gens",F:unclassified-name,Torah
70702,1418067,441086,Numbers,2,20,מנשה,nmpr,"pers,gens",F:unclassified-name,Torah
70703,1418067,441086,Numbers,2,20,גמליאל,nmpr,pers,A:person-candidate,Torah
70705,1418067,441086,Numbers,2,20,פדהצור,nmpr,pers,A:person-candidate,Torah
70718,1418069,441088,Numbers,2,22,בנימן,nmpr,"pers,gens,topo",F:unclassified-name,Torah
70723,1418069,441089,Numbers,2,22,בנימן,nmpr,"pers,gens,topo",F:unclassified-name,Torah
70724,1418069,441089,Numbers,2,22,אבידן,nmpr,pers,A:person-candidate,Torah
70726,1418069,441089,Numbers,2,22,גדעני,nmpr,pers,A:person-candidate,Torah
70743,1418071,441091,Numbers,2,24,אפרים,nmpr,"pers,gens,topo",F:unclassified-name,Torah
70758,1418072,441093,Numbers,2,25,דן,nmpr,"pers,gens,topo",F:unclassified-name,Torah
70766,1418072,441094,Numbers,2,25,דן,nmpr,"pers,gens,topo",F:unclassified-name,Torah
70767,1418072,441094,Numbers,2,25,אחיעזר,nmpr,pers,A:person-candidate,Torah
70769,1418072,441094,Numbers,2,25,עמישדי,nmpr,pers,A:person-candidate,Torah
70786,1418074,441096,Numbers,2,27,אשר,nmpr,"pers,gens,topo",F:unclassified-name,Torah
70791,1418074,441098,Numbers,2,27,אשר,nmpr,"pers,gens,topo",F:unclassified-name,Torah
70792,1418074,441098,Numbers,2,27,פגעיאל,nmpr,pers,A:person-candidate,Torah
70794,1418074,441098,Numbers,2,27,עכרן,nmpr,pers,A:person-candidate,Torah
70808,1418076,441100,Numbers,2,29,נפתלי,nmpr,"pers,gens,topo",F:unclassified-name,Torah
70813,1418076,441101,Numbers,2,29,נפתלי,nmpr,"pers,gens,topo",F:unclassified-name,Torah
70814,1418076,441101,Numbers,2,29,אחירע,nmpr,pers,A:person-candidate,Torah
70816,1418076,441101,Numbers,2,29,עינן,nmpr,pers,A:person-candidate,Torah
70833,1418078,441103,Numbers,2,31,דן,nmpr,"pers,gens,topo",F:unclassified-name,Torah
70853,1418079,441105,Numbers,2,32,ישראל,nmpr,"pers,gens,topo",F:unclassified-name,Torah
70882,1418080,441107,Numbers,2,33,ישראל,nmpr,"pers,gens,topo",F:unclassified-name,Torah
70886,1418080,441108,Numbers,2,33,יהוה,nmpr,pers,E:YHWH,Torah
70888,1418080,441108,Numbers,2,33,משה,nmpr,pers,A:person-candidate,Torah
70892,1418081,441109,Numbers,2,34,ישראל,nmpr,"pers,gens,topo",F:unclassified-name,Torah
70897,1418081,441110,Numbers,2,34,יהוה,nmpr,pers,E:YHWH,Torah
70899,1418081,441110,Numbers,2,34,משה,nmpr,pers,A:person-candidate,Torah
70916,1418082,441114,Numbers,3,1,אהרן,nmpr,pers,A:person-candidate,Torah
70918,1418082,441114,Numbers,3,1,משה,nmpr,pers,A:person-candidate,Torah
70922,1418082,441115,Numbers,3,1,יהוה,nmpr,pers,E:YHWH,Torah
70924,1418082,441115,Numbers,3,1,משה,nmpr,pers,A:person-candidate,Torah
70927,1418082,441115,Numbers,3,1,סיני,nmpr,topo,F:unclassified-name,Torah
70932,1418083,441116,Numbers,3,2,אהרן,nmpr,pers,A:person-candidate,Torah
70935,1418083,441117,Numbers,3,2,נדב,nmpr,pers,A:person-candidate,Torah
70937,1418083,441118,Numbers,3,2,אביהוא,nmpr,pers,A:person-candidate,Torah
70938,1418083,441118,Numbers,3,2,אלעזר,nmpr,pers,A:person-candidate,Torah
70940,1418083,441118,Numbers,3,2,איתמר,nmpr,pers,A:person-candidate,Torah
70944,1418084,441119,Numbers,3,3,אהרן,nmpr,pers,A:person-candidate,Torah
70956,1418085,441122,Numbers,3,4,נדב,nmpr,pers,A:person-candidate,Torah
70958,1418085,441122,Numbers,3,4,אביהוא,nmpr,pers,A:person-candidate,Torah
70961,1418085,441122,Numbers,3,4,יהוה,nmpr,pers,E:YHWH,Torah
70968,1418085,441123,Numbers,3,4,יהוה,nmpr,pers,E:YHWH,Torah
70971,1418085,441123,Numbers,3,4,סיני,nmpr,topo,F:unclassified-name,Torah
70979,1418085,441125,Numbers,3,4,אלעזר,nmpr,pers,A:person-candidate,Torah
70981,1418085,441125,Numbers,3,4,איתמר,nmpr,pers,A:person-candidate,Torah
70984,1418085,441125,Numbers,3,4,אהרן,nmpr,pers,A:person-candidate,Torah
70988,1418086,441126,Numbers,3,5,יהוה,nmpr,pers,E:YHWH,Torah
70989,1418086,441126,Numbers,3,5,אל,prep,,C:divine-title-candidate,Torah
70990,1418086,441126,Numbers,3,5,משה,nmpr,pers,A:person-candidate,Torah
70996,1418087,441128,Numbers,3,6,לוי,nmpr,"pers,gens",F:unclassified-name,Torah
71002,1418087,441129,Numbers,3,6,אהרן,nmpr,pers,A:person-candidate,Torah
71039,1418089,441133,Numbers,3,8,ישראל,nmpr,"pers,gens,topo",F:unclassified-name,Torah
71052,1418090,441135,Numbers,3,9,אהרן,nmpr,pers,A:person-candidate,Torah
71063,1418090,441137,Numbers,3,9,ישראל,nmpr,"pers,gens,topo",F:unclassified-name,Torah
71066,1418091,441138,Numbers,3,10,אהרן,nmpr,pers,A:person-candidate,Torah
71083,1418092,441141,Numbers,3,11,יהוה,nmpr,pers,E:YHWH,Torah
71084,1418092,441141,Numbers,3,11,אל,prep,,C:divine-title-candidate,Torah
71085,1418092,441141,Numbers,3,11,משה,nmpr,pers,A:person-candidate,Torah
71098,1418093,441144,Numbers,3,12,ישראל,nmpr,"pers,gens,topo",F:unclassified-name,Torah
71106,1418093,441144,Numbers,3,12,ישראל,nmpr,"pers,gens,topo",F:unclassified-name,Torah
71123,1418094,441148,Numbers,3,13,מצרים,nmpr,topo,F:unclassified-name,Torah
71129,1418094,441147,Numbers,3,13,ישראל,nmpr,"pers,gens,topo",F:unclassified-name,Torah
71137,1418094,441150,Numbers,3,13,יהוה,nmpr,pers,E:YHWH,Torah
71140,1418095,441151,Numbers,3,14,יהוה,nmpr,pers,E:YHWH,Torah
71141,1418095,441151,Numbers,3,14,אל,prep,,C:divine-title-candidate,Torah
71142,1418095,441151,Numbers,3,14,משה,nmpr,pers,A:person-candidate,Torah
71145,1418095,441151,Numbers,3,14,סיני,nmpr,topo,F:unclassified-name,Torah
71151,1418096,441153,Numbers,3,15,לוי,nmpr,"pers,gens",F:unclassified-name,Torah
71168,1418097,441156,Numbers,3,16,משה,nmpr,pers,A:person-candidate,Torah
71171,1418097,441156,Numbers,3,16,יהוה,nmpr,pers,E:YHWH,Torah
71179,1418098,441158,Numbers,3,17,לוי,nmpr,"pers,gens",F:unclassified-name,Torah
71182,1418098,441159,Numbers,3,17,גרשון,nmpr,pers,A:person-candidate,Torah
71184,1418098,441159,Numbers,3,17,קהת,nmpr,pers,A:person-candidate,Torah
71186,1418098,441159,Numbers,3,17,מררי,nmpr,pers,A:person-candidate,Torah
71191,1418099,441160,Numbers,3,18,גרשון,nmpr,pers,A:person-candidate,Torah
71194,1418099,441161,Numbers,3,18,לבני,nmpr,pers,A:person-candidate,Torah
71196,1418099,441161,Numbers,3,18,שמעי,nmpr,pers,A:person-candidate,Torah
71199,1418100,441162,Numbers,3,19,קהת,nmpr,pers,A:person-candidate,Torah
71202,1418100,441163,Numbers,3,19,עמרם,nmpr,pers,A:person-candidate,Torah
71204,1418100,441163,Numbers,3,19,יצהר,nmpr,pers,A:person-candidate,Torah
71205,1418100,441163,Numbers,3,19,חברון,nmpr,pers,A:person-candidate,Torah
71207,1418100,441163,Numbers,3,19,עזיאל,nmpr,pers,A:person-candidate,Torah
71210,1418101,441164,Numbers,3,20,מררי,nmpr,pers,A:person-candidate,Torah
71213,1418101,441165,Numbers,3,20,מחלי,nmpr,pers,A:person-candidate,Torah
71215,1418101,441165,Numbers,3,20,מושי,nmpr,pers,A:person-candidate,Torah
71225,1418102,441168,Numbers,3,21,גרשון,nmpr,pers,A:person-candidate,Torah
71269,1418105,441174,Numbers,3,24,אליסף,nmpr,pers,A:person-candidate,Torah
71271,1418105,441174,Numbers,3,24,לאל,nmpr,pers,A:person-candidate,Torah
71275,1418106,441175,Numbers,3,25,גרשון,nmpr,pers,A:person-candidate,Torah
71317,1418108,441178,Numbers,3,27,קהת,nmpr,pers,A:person-candidate,Torah
71358,1418110,441182,Numbers,3,29,קהת,nmpr,pers,A:person-candidate,Torah
71373,1418111,441183,Numbers,3,30,אליצפן,nmpr,pers,A:person-candidate,Torah
71375,1418111,441183,Numbers,3,30,עזיאל,nmpr,pers,A:person-candidate,Torah
71407,1418113,441186,Numbers,3,32,אלעזר,nmpr,pers,A:person-candidate,Torah
71409,1418113,441186,Numbers,3,32,אהרן,nmpr,pers,A:person-candidate,Torah
71418,1418114,441188,Numbers,3,33,מררי,nmpr,pers,A:person-candidate,Torah
71429,1418114,441190,Numbers,3,33,מררי,nmpr,pers,A:person-candidate,Torah
71451,1418116,441192,Numbers,3,35,מררי,nmpr,pers,A:person-candidate,Torah
71452,1418116,441192,Numbers,3,35,צוריאל,nmpr,pers,A:person-candidate,Torah
71454,1418116,441192,Numbers,3,35,אביחיל,nmpr,pers,A:person-candidate,Torah
71465,1418117,441194,Numbers,3,36,מררי,nmpr,pers,A:person-candidate,Torah
71505,1418119,441196,Numbers,3,38,משה,nmpr,pers,A:person-candidate,Torah
71507,1418119,441196,Numbers,3,38,אהרן,nmpr,pers,A:person-candidate,Torah
71517,1418119,441198,Numbers,3,38,ישראל,nmpr,"pers,gens,topo",F:unclassified-name,Torah
71530,1418120,441201,Numbers,3,39,משה,nmpr,pers,A:person-candidate,Torah
71532,1418120,441201,Numbers,3,39,אהרן,nmpr,pers,A:person-candidate,Torah
71535,1418120,441201,Numbers,3,39,יהוה,nmpr,pers,E:YHWH,Torah
71551,1418121,441202,Numbers,3,40,יהוה,nmpr,pers,E:YHWH,Torah
71552,1418121,441202,Numbers,3,40,אל,prep,,C:divine-title-candidate,Torah
71553,1418121,441202,Numbers,3,40,משה,nmpr,pers,A:person-candidate,Torah
71560,1418121,441203,Numbers,3,40,ישראל,nmpr,"pers,gens,topo",F:unclassified-name,Torah
71578,1418122,441206,Numbers,3,41,יהוה,nmpr,pers,E:YHWH,Torah
71584,1418122,441205,Numbers,3,41,ישראל,nmpr,"pers,gens,topo",F:unclassified-name,Torah
71596,1418122,441207,Numbers,3,41,ישראל,nmpr,"pers,gens,topo",F:unclassified-name,Torah
71599,1418123,441208,Numbers,3,42,משה,nmpr,pers,A:person-candidate,Torah
71603,1418123,441209,Numbers,3,42,יהוה,nmpr,pers,E:YHWH,Torah
71610,1418123,441208,Numbers,3,42,ישראל,nmpr,"pers,gens,topo",F:unclassified-name,Torah
71637,1418125,441211,Numbers,3,44,יהוה,nmpr,pers,E:YHWH,Torah
71638,1418125,441211,Numbers,3,44,אל,prep,,C:divine-title-candidate,Torah
71639,1418125,441211,Numbers,3,44,משה,nmpr,pers,A:person-candidate,Torah
71651,1418126,441213,Numbers,3,45,ישראל,nmpr,"pers,gens,topo",F:unclassified-name,Torah
71665,1418126,441216,Numbers,3,45,יהוה,nmpr,pers,E:YHWH,Torah
71685,1418127,441218,Numbers,3,46,ישראל,nmpr,"pers,gens,topo",F:unclassified-name,Torah
71708,1418129,441222,Numbers,3,48,אהרן,nmpr,pers,A:person-candidate,Torah
71718,1418130,441224,Numbers,3,49,משה,nmpr,pers,A:person-candidate,Torah
71735,1418131,441226,Numbers,3,50,ישראל,nmpr,"pers,gens,topo",F:unclassified-name,Torah
71754,1418132,441227,Numbers,3,51,משה,nmpr,pers,A:person-candidate,Torah
71760,1418132,441227,Numbers,3,51,אהרן,nmpr,pers,A:person-candidate,Torah
71766,1418132,441227,Numbers,3,51,יהוה,nmpr,pers,E:YHWH,Torah
71770,1418132,441228,Numbers,3,51,יהוה,nmpr,pers,E:YHWH,Torah
71772,1418132,441228,Numbers,3,51,משה,nmpr,pers,A:person-candidate,Torah
71775,1418133,441229,Numbers,4,1,יהוה,nmpr,pers,E:YHWH,Torah
71776,1418133,441229,Numbers,4,1,אל,prep,,C:divine-title-candidate,Torah
71777,1418133,441229,Numbers,4,1,משה,nmpr,pers,A:person-candidate,Torah
71779,1418133,441229,Numbers,4,1,אל,prep,,C:divine-title-candidate,Torah
71780,1418133,441229,Numbers,4,1,אהרן,nmpr,pers,A:person-candidate,Torah
71787,1418134,441231,Numbers,4,2,קהת,nmpr,pers,A:person-candidate,Torah
71791,1418134,441231,Numbers,4,2,לוי,nmpr,"pers,gens",F:unclassified-name,Torah
71822,1418136,441235,Numbers,4,4,קהת,nmpr,pers,A:person-candidate,Torah
71831,1418137,441236,Numbers,4,5,אהרן,nmpr,pers,A:person-candidate,Torah
71953,1418142,441252,Numbers,4,10,אל,prep,,C:divine-title-candidate,Torah
71996,1418144,441259,Numbers,4,12,אל,prep,,C:divine-title-candidate,Torah
72060,1418147,441268,Numbers,4,15,אהרן,nmpr,pers,A:person-candidate,Torah
72083,1418147,441271,Numbers,4,15,קהת,nmpr,pers,A:person-candidate,Torah
72089,1418147,441273,Numbers,4,15,אל,prep,,C:divine-title-candidate,Torah
72097,1418147,441275,Numbers,4,15,קהת,nmpr,pers,A:person-candidate,Torah
72103,1418148,441276,Numbers,4,16,אלעזר,nmpr,pers,A:person-candidate,Torah
72105,1418148,441276,Numbers,4,16,אהרן,nmpr,pers,A:person-candidate,Torah
72138,1418149,441278,Numbers,4,17,יהוה,nmpr,pers,E:YHWH,Torah
72139,1418149,441278,Numbers,4,17,אל,prep,,C:divine-title-candidate,Torah
72140,1418149,441278,Numbers,4,17,משה,nmpr,pers,A:person-candidate,Torah
72142,1418149,441278,Numbers,4,17,אל,prep,,C:divine-title-candidate,Torah
72143,1418149,441278,Numbers,4,17,אהרן,nmpr,pers,A:person-candidate,Torah
72146,1418150,441280,Numbers,4,18,אל,nega,,C:divine-title-candidate,Torah
72172,1418151,441285,Numbers,4,19,אהרן,nmpr,pers,A:person-candidate,Torah
72184,1418151,441287,Numbers,4,19,אל,prep,,C:divine-title-candidate,Torah
72200,1418153,441292,Numbers,4,21,יהוה,nmpr,pers,E:YHWH,Torah
72201,1418153,441292,Numbers,4,21,אל,prep,,C:divine-title-candidate,Torah
72202,1418153,441292,Numbers,4,21,משה,nmpr,pers,A:person-candidate,Torah
72209,1418154,441294,Numbers,4,22,גרשון,nmpr,pers,A:person-candidate,Torah
72316,1418159,441308,Numbers,4,27,אהרן,nmpr,pers,A:person-candidate,Torah
72353,1418160,441311,Numbers,4,28,איתמר,nmpr,pers,A:person-candidate,Torah
72355,1418160,441311,Numbers,4,28,אהרן,nmpr,pers,A:person-candidate,Torah
72359,1418161,441312,Numbers,4,29,מררי,nmpr,pers,A:person-candidate,Torah
