word_node,verse_node,clause_node,book,chapter,verse,lexeme,part_of_speech,nametype,candidate_group,scope
72440,1418165,441322,Numbers,4,33,מררי,nmpr,pers,A:person-candidate,Torah
72449,1418165,441322,Numbers,4,33,איתמר,nmpr,pers,A:person-candidate,Torah
72451,1418165,441322,Numbers,4,33,אהרן,nmpr,pers,A:person-candidate,Torah
72456,1418166,441323,Numbers,4,34,משה,nmpr,pers,A:person-candidate,Torah
72458,1418166,441323,Numbers,4,34,אהרן,nmpr,pers,A:person-candidate,Torah
72518,1418169,441329,Numbers,4,37,משה,nmpr,pers,A:person-candidate,Torah
72520,1418169,441329,Numbers,4,37,אהרן,nmpr,pers,A:person-candidate,Torah
72523,1418169,441329,Numbers,4,37,יהוה,nmpr,pers,E:YHWH,Torah
72526,1418169,441329,Numbers,4,37,משה,nmpr,pers,A:person-candidate,Torah
72530,1418170,441330,Numbers,4,38,גרשון,nmpr,pers,A:person-candidate,Torah
72577,1418173,441334,Numbers,4,41,גרשון,nmpr,pers,A:person-candidate,Torah
72586,1418173,441336,Numbers,4,41,משה,nmpr,pers,A:person-candidate,Torah
72588,1418173,441336,Numbers,4,41,אהרן,nmpr,pers,A:person-candidate,Torah
72591,1418173,441336,Numbers,4,41,יהוה,nmpr,pers,E:YHWH,Torah
72596,1418174,441337,Numbers,4,42,מררי,nmpr,pers,A:person-candidate,Torah
72637,1418177,441341,Numbers,4,45,מררי,nmpr,pers,A:person-candidate,Torah
72640,1418177,441342,Numbers,4,45,משה,nmpr,pers,A:person-candidate,Torah
72642,1418177,441342,Numbers,4,45,אהרן,nmpr,pers,A:person-candidate,Torah
72645,1418177,441342,Numbers,4,45,יהוה,nmpr,pers,E:YHWH,Torah
72648,1418177,441342,Numbers,4,45,משה,nmpr,pers,A:person-candidate,Torah
72654,1418178,441344,Numbers,4,46,משה,nmpr,pers,A:person-candidate,Torah
72656,1418178,441344,Numbers,4,46,אהרן,nmpr,pers,A:person-candidate,Torah
72659,1418178,441344,Numbers,4,46,ישראל,nmpr,"pers,gens,topo",F:unclassified-name,Torah
72705,1418181,441349,Numbers,4,49,יהוה,nmpr,pers,E:YHWH,Torah
72710,1418181,441349,Numbers,4,49,משה,nmpr,pers,A:person-candidate,Torah
72722,1418181,441352,Numbers,4,49,יהוה,nmpr,pers,E:YHWH,Torah
72724,1418181,441352,Numbers,4,49,משה,nmpr,pers,A:person-candidate,Torah
72727,1418182,441353,Numbers,5,1,יהוה,nmpr,pers,E:YHWH,Torah
72728,1418182,441353,Numbers,5,1,אל,prep,,C:divine-title-candidate,Torah
72729,1418182,441353,Numbers,5,1,משה,nmpr,pers,A:person-candidate,Torah
72735,1418183,441355,Numbers,5,2,ישראל,nmpr,"pers,gens,topo",F:unclassified-name,Torah
72756,1418184,441359,Numbers,5,3,אל,prep,,C:divine-title-candidate,Torah
72777,1418185,441362,Numbers,5,4,ישראל,nmpr,"pers,gens,topo",F:unclassified-name,Torah
72781,1418185,441363,Numbers,5,4,אל,prep,,C:divine-title-candidate,Torah
72790,1418185,441364,Numbers,5,4,יהוה,nmpr,pers,E:YHWH,Torah
72791,1418185,441364,Numbers,5,4,אל,prep,,C:divine-title-candidate,Torah
72792,1418185,441364,Numbers,5,4,משה,nmpr,pers,A:person-candidate,Torah
72796,1418185,441365,Numbers,5,4,ישראל,nmpr,"pers,gens,topo",F:unclassified-name,Torah
72799,1418186,441366,Numbers,5,5,יהוה,nmpr,pers,E:YHWH,Torah
72800,1418186,441366,Numbers,5,5,אל,prep,,C:divine-title-candidate,Torah
72801,1418186,441366,Numbers,5,5,משה,nmpr,pers,A:person-candidate,Torah
72805,1418187,441368,Numbers,5,6,אל,prep,,C:divine-title-candidate,Torah
72807,1418187,441368,Numbers,5,6,ישראל,nmpr,"pers,gens,topo",F:unclassified-name,Torah
72822,1418187,441371,Numbers,5,6,יהוה,nmpr,pers,E:YHWH,Torah
72862,1418189,441380,Numbers,5,8,אל,prep,,C:divine-title-candidate,Torah
72868,1418189,441381,Numbers,5,8,יהוה,nmpr,pers,E:YHWH,Torah
72889,1418190,441385,Numbers,5,9,ישראל,nmpr,"pers,gens,topo",F:unclassified-name,Torah
72913,1418192,441392,Numbers,5,11,יהוה,nmpr,pers,E:YHWH,Torah
72914,1418192,441392,Numbers,5,11,אל,prep,,C:divine-title-candidate,Torah
72915,1418192,441392,Numbers,5,11,משה,nmpr,pers,A:person-candidate,Torah
72919,1418193,441394,Numbers,5,12,אל,prep,,C:divine-title-candidate,Torah
72921,1418193,441394,Numbers,5,12,ישראל,nmpr,"pers,gens,topo",F:unclassified-name,Torah
72924,1418193,441395,Numbers,5,12,אל,prep,,C:divine-title-candidate,Torah
72989,1418196,441411,Numbers,5,15,אל,prep,,C:divine-title-candidate,Torah
73028,1418197,441419,Numbers,5,16,יהוה,nmpr,pers,E:YHWH,Torah
73053,1418198,441423,Numbers,5,17,אל,prep,,C:divine-title-candidate,Torah
73065,1418199,441424,Numbers,5,18,יהוה,nmpr,pers,E:YHWH,Torah
73101,1418200,441430,Numbers,5,19,אל,prep,,C:divine-title-candidate,Torah
73162,1418202,441440,Numbers,5,21,יהוה,nmpr,pers,E:YHWH,Torah
73174,1418202,441441,Numbers,5,21,יהוה,nmpr,pers,E:YHWH,Torah
73219,1418204,441449,Numbers,5,23,אל,prep,,C:divine-title-candidate,Torah
73262,1418206,441453,Numbers,5,25,יהוה,nmpr,pers,E:YHWH,Torah
73266,1418206,441454,Numbers,5,25,אל,prep,,C:divine-title-candidate,Torah
73372,1418211,441476,Numbers,5,30,יהוה,nmpr,pers,E:YHWH,Torah
73400,1418213,441480,Numbers,6,1,יהוה,nmpr,pers,E:YHWH,Torah
73401,1418213,441480,Numbers,6,1,אל,prep,,C:divine-title-candidate,Torah
73402,1418213,441480,Numbers,6,1,משה,nmpr,pers,A:person-candidate,Torah
73406,1418214,441482,Numbers,6,2,אל,prep,,C:divine-title-candidate,Torah
73408,1418214,441482,Numbers,6,2,ישראל,nmpr,"pers,gens,topo",F:unclassified-name,Torah
73411,1418214,441483,Numbers,6,2,אל,prep,,C:divine-title-candidate,Torah
73424,1418214,441487,Numbers,6,2,יהוה,nmpr,pers,E:YHWH,Torah
73484,1418217,441496,Numbers,6,5,יהוה,nmpr,pers,E:YHWH,Torah
73495,1418218,441500,Numbers,6,6,יהוה,nmpr,pers,E:YHWH,Torah
73518,1418219,441503,Numbers,6,7,אלהים,subs,,D:Elohim,Torah
73527,1418220,441504,Numbers,6,8,יהוה,nmpr,pers,E:YHWH,Torah
73565,1418222,441509,Numbers,6,10,אל,prep,,C:divine-title-candidate,Torah
73568,1418222,441509,Numbers,6,10,אל,prep,,C:divine-title-candidate,Torah
73604,1418224,441515,Numbers,6,12,יהוה,nmpr,pers,E:YHWH,Torah
73636,1418225,441520,Numbers,6,13,אל,prep,,C:divine-title-candidate,Torah
73645,1418226,441522,Numbers,6,14,יהוה,nmpr,pers,E:YHWH,Torah
73693,1418228,441532,Numbers,6,16,יהוה,nmpr,pers,E:YHWH,Torah
73709,1418229,441534,Numbers,6,17,יהוה,nmpr,pers,E:YHWH,Torah
73789,1418232,441545,Numbers,6,20,יהוה,nmpr,pers,E:YHWH,Torah
73818,1418233,441549,Numbers,6,21,יהוה,nmpr,pers,E:YHWH,Torah
73839,1418234,441553,Numbers,6,22,יהוה,nmpr,pers,E:YHWH,Torah
73840,1418234,441553,Numbers,6,22,אל,prep,,C:divine-title-candidate,Torah
73841,1418234,441553,Numbers,6,22,משה,nmpr,pers,A:person-candidate,Torah
73845,1418235,441555,Numbers,6,23,אל,prep,,C:divine-title-candidate,Torah
73846,1418235,441555,Numbers,6,23,אהרן,nmpr,pers,A:person-candidate,Torah
73848,1418235,441555,Numbers,6,23,אל,prep,,C:divine-title-candidate,Torah
73856,1418235,441557,Numbers,6,23,ישראל,nmpr,"pers,gens,topo",F:unclassified-name,Torah
73860,1418236,441559,Numbers,6,24,יהוה,nmpr,pers,E:YHWH,Torah
73864,1418237,441561,Numbers,6,25,יהוה,nmpr,pers,E:YHWH,Torah
73866,1418237,441561,Numbers,6,25,אל,prep,,C:divine-title-candidate,Torah
73870,1418238,441563,Numbers,6,26,יהוה,nmpr,pers,E:YHWH,Torah
73872,1418238,441563,Numbers,6,26,אל,prep,,C:divine-title-candidate,Torah
73883,1418239,441565,Numbers,6,27,ישראל,nmpr,"pers,gens,topo",F:unclassified-name,Torah
73892,1418240,441568,Numbers,7,1,משה,nmpr,pers,A:person-candidate,Torah
73924,1418241,441574,Numbers,7,2,ישראל,nmpr,"pers,gens,topo",F:unclassified-name,Torah
73944,1418242,441578,Numbers,7,3,יהוה,nmpr,pers,E:YHWH,Torah
73970,1418243,441582,Numbers,7,4,יהוה,nmpr,pers,E:YHWH,Torah
73971,1418243,441582,Numbers,7,4,אל,prep,,C:divine-title-candidate,Torah
73972,1418243,441582,Numbers,7,4,משה,nmpr,pers,A:person-candidate,Torah
73989,1418244,441587,Numbers,7,5,אל,prep,,C:divine-title-candidate,Torah
73998,1418245,441589,Numbers,7,6,משה,nmpr,pers,A:person-candidate,Torah
74009,1418245,441590,Numbers,7,6,אל,prep,,C:divine-title-candidate,Torah
74024,1418246,441591,Numbers,7,7,גרשון,nmpr,pers,A:person-candidate,Torah
74041,1418247,441592,Numbers,7,8,מררי,nmpr,pers,A:person-candidate,Torah
74047,1418247,441592,Numbers,7,8,איתמר,nmpr,pers,A:person-candidate,Torah
74049,1418247,441592,Numbers,7,8,אהרן,nmpr,pers,A:person-candidate,Torah
74055,1418248,441593,Numbers,7,9,קהת,nmpr,pers,A:person-candidate,Torah
74091,1418250,441599,Numbers,7,11,יהוה,nmpr,pers,E:YHWH,Torah
74092,1418250,441599,Numbers,7,11,אל,prep,,C:divine-title-candidate,Torah
74093,1418250,441599,Numbers,7,11,משה,nmpr,pers,A:person-candidate,Torah
74122,1418251,441603,Numbers,7,12,נחשון,nmpr,pers,A:person-candidate,Torah
74124,1418251,441603,Numbers,7,12,עמינדב,nmpr,pers,A:person-candidate,Torah
74127,1418251,441603,Numbers,7,12,יהודה,nmpr,"pers,gens,topo",F:unclassified-name,Torah
74195,1418256,441613,Numbers,7,17,נחשון,nmpr,pers,A:person-candidate,Torah
74197,1418256,441613,Numbers,7,17,עמינדב,nmpr,pers,A:person-candidate,Torah
74204,1418257,441614,Numbers,7,18,נתנאל,nmpr,pers,A:person-candidate,Torah
74206,1418257,441614,Numbers,7,18,צוער,nmpr,pers,A:person-candidate,Torah
74208,1418257,441614,Numbers,7,18,יששכר,nmpr,"pers,gens,topo",F:unclassified-name,Torah
74277,1418262,441624,Numbers,7,23,נתנאל,nmpr,pers,A:person-candidate,Torah
74279,1418262,441624,Numbers,7,23,צוער,nmpr,pers,A:person-candidate,Torah
74288,1418263,441625,Numbers,7,24,זבולן,nmpr,"pers,gens,topo",F:unclassified-name,Torah
74289,1418263,441625,Numbers,7,24,אליאב,nmpr,pers,A:person-candidate,Torah
74291,1418263,441625,Numbers,7,24,חלן,nmpr,pers,A:person-candidate,Torah
74358,1418268,441635,Numbers,7,29,אליאב,nmpr,pers,A:person-candidate,Torah
74360,1418268,441635,Numbers,7,29,חלן,nmpr,pers,A:person-candidate,Torah
74369,1418269,441636,Numbers,7,30,ראובן,nmpr,"pers,gens,topo",F:unclassified-name,Torah
74370,1418269,441636,Numbers,7,30,אליצור,nmpr,pers,A:person-candidate,Torah
74372,1418269,441636,Numbers,7,30,שדיאור,nmpr,pers,A:person-candidate,Torah
74439,1418274,441646,Numbers,7,35,אליצור,nmpr,pers,A:person-candidate,Torah
74441,1418274,441646,Numbers,7,35,שדיאור,nmpr,pers,A:person-candidate,Torah
74450,1418275,441647,Numbers,7,36,שמעון,nmpr,"pers,gens,topo",F:unclassified-name,Torah
74451,1418275,441647,Numbers,7,36,שלמיאל,nmpr,pers,A:person-candidate,Torah
74453,1418275,441647,Numbers,7,36,צורישדי,nmpr,pers,A:person-candidate,Torah
74520,1418280,441657,Numbers,7,41,שלמיאל,nmpr,pers,A:person-candidate,Torah
74522,1418280,441657,Numbers,7,41,צורישדי,nmpr,pers,A:person-candidate,Torah
74531,1418281,441658,Numbers,7,42,גד,nmpr,"pers,gens,topo",B:deity-candidate,Torah
74532,1418281,441658,Numbers,7,42,אליסף,nmpr,pers,A:person-candidate,Torah
74534,1418281,441658,Numbers,7,42,דעואל,nmpr,pers,A:person-candidate,Torah
74601,1418286,441668,Numbers,7,47,אליסף,nmpr,pers,A:person-candidate,Torah
74603,1418286,441668,Numbers,7,47,דעואל,nmpr,pers,A:person-candidate,Torah
74612,1418287,441669,Numbers,7,48,אפרים,nmpr,"pers,gens,topo",F:unclassified-name,Torah
74613,1418287,441669,Numbers,7,48,אלישמע,nmpr,pers,A:person-candidate,Torah
74615,1418287,441669,Numbers,7,48,עמיהוד,nmpr,pers,A:person-candidate,Torah
74682,1418292,441679,Numbers,7,53,אלישמע,nmpr,pers,A:person-candidate,Torah
74684,1418292,441679,Numbers,7,53,עמיהוד,nmpr,pers,A:person-candidate,Torah
74693,1418293,441680,Numbers,7,54,מנשה,nmpr,"pers,gens",F:unclassified-name,Torah
74694,1418293,441680,Numbers,7,54,גמליאל,nmpr,pers,A:person-candidate,Torah
74696,1418293,441680,Numbers,7,54,פדהצור,nmpr,pers,A:person-candidate,Torah
74763,1418298,441690,Numbers,7,59,גמליאל,nmpr,pers,A:person-candidate,Torah
74765,1418298,441690,Numbers,7,59,פדהצור,nmpr,pers,A:person-candidate,Torah
74774,1418299,441691,Numbers,7,60,בנימן,nmpr,"pers,gens,topo",F:unclassified-name,Torah
74775,1418299,441691,Numbers,7,60,אבידן,nmpr,pers,A:person-candidate,Torah
74777,1418299,441691,Numbers,7,60,גדעני,nmpr,pers,A:person-candidate,Torah
74844,1418304,441701,Numbers,7,65,אבידן,nmpr,pers,A:person-candidate,Torah
74846,1418304,441701,Numbers,7,65,גדעני,nmpr,pers,A:person-candidate,Torah
74855,1418305,441702,Numbers,7,66,דן,nmpr,"pers,gens,topo",F:unclassified-name,Torah
74856,1418305,441702,Numbers,7,66,אחיעזר,nmpr,pers,A:person-candidate,Torah
74858,1418305,441702,Numbers,7,66,עמישדי,nmpr,pers,A:person-candidate,Torah
74925,1418310,441712,Numbers,7,71,אחיעזר,nmpr,pers,A:person-candidate,Torah
74927,1418310,441712,Numbers,7,71,עמישדי,nmpr,pers,A:person-candidate,Torah
74936,1418311,441713,Numbers,7,72,אשר,nmpr,"pers,gens,topo",F:unclassified-name,Torah
74937,1418311,441713,Numbers,7,72,פגעיאל,nmpr,pers,A:person-candidate,Torah
74939,1418311,441713,Numbers,7,72,עכרן,nmpr,pers,A:person-candidate,Torah
75006,1418316,441723,Numbers,7,77,פגעיאל,nmpr,pers,A:person-candidate,Torah
75008,1418316,441723,Numbers,7,77,עכרן,nmpr,pers,A:person-candidate,Torah
75017,1418317,441724,Numbers,7,78,נפתלי,nmpr,"pers,gens,topo",F:unclassified-name,Torah
75018,1418317,441724,Numbers,7,78,אחירע,nmpr,pers,A:person-candidate,Torah
75020,1418317,441724,Numbers,7,78,עינן,nmpr,pers,A:person-candidate,Torah
75087,1418322,441734,Numbers,7,83,אחירע,nmpr,pers,A:person-candidate,Torah
75089,1418322,441734,Numbers,7,83,עינן,nmpr,pers,A:person-candidate,Torah
75101,1418323,441736,Numbers,7,84,ישראל,nmpr,"pers,gens,topo",F:unclassified-name,Torah
75215,1418328,441750,Numbers,7,89,משה,nmpr,pers,A:person-candidate,Torah
75216,1418328,441750,Numbers,7,89,אל,prep,,C:divine-title-candidate,Torah
75228,1418328,441753,Numbers,7,89,אל,prep,,C:divine-title-candidate,Torah
75245,1418328,441755,Numbers,7,89,אל,prep,,C:divine-title-candidate,Torah
75248,1418329,441756,Numbers,8,1,יהוה,nmpr,pers,E:YHWH,Torah
75249,1418329,441756,Numbers,8,1,אל,prep,,C:divine-title-candidate,Torah
75250,1418329,441756,Numbers,8,1,משה,nmpr,pers,A:person-candidate,Torah
75254,1418330,441758,Numbers,8,2,אל,prep,,C:divine-title-candidate,Torah
75255,1418330,441758,Numbers,8,2,אהרן,nmpr,pers,A:person-candidate,Torah
75258,1418330,441759,Numbers,8,2,אל,prep,,C:divine-title-candidate,Torah
75264,1418330,441761,Numbers,8,2,אל,prep,,C:divine-title-candidate,Torah
75276,1418331,441762,Numbers,8,3,אהרן,nmpr,pers,A:person-candidate,Torah
75277,1418331,441763,Numbers,8,3,אל,prep,,C:divine-title-candidate,Torah
75287,1418331,441764,Numbers,8,3,יהוה,nmpr,pers,E:YHWH,Torah
75289,1418331,441764,Numbers,8,3,משה,nmpr,pers,A:person-candidate,Torah
75308,1418332,441769,Numbers,8,4,יהוה,nmpr,pers,E:YHWH,Torah
75310,1418332,441769,Numbers,8,4,משה,nmpr,pers,A:person-candidate,Torah
75318,1418333,441770,Numbers,8,5,יהוה,nmpr,pers,E:YHWH,Torah
75319,1418333,441770,Numbers,8,5,אל,prep,,C:divine-title-candidate,Torah
75320,1418333,441770,Numbers,8,5,משה,nmpr,pers,A:person-candidate,Torah
75330,1418334,441772,Numbers,8,6,ישראל,nmpr,"pers,gens,topo",F:unclassified-name,Torah
75390,1418337,441785,Numbers,8,9,ישראל,nmpr,"pers,gens,topo",F:unclassified-name,Torah
75398,1418338,441786,Numbers,8,10,יהוה,nmpr,pers,E:YHWH,Torah
75402,1418338,441787,Numbers,8,10,ישראל,nmpr,"pers,gens,topo",F:unclassified-name,Torah
75410,1418339,441788,Numbers,8,11,אהרן,nmpr,pers,A:person-candidate,Torah
75417,1418339,441788,Numbers,8,11,יהוה,nmpr,pers,E:YHWH,Torah
75421,1418339,441788,Numbers,8,11,ישראל,nmpr,"pers,gens,topo",F:unclassified-name,Torah
75428,1418339,441790,Numbers,8,11,יהוה,nmpr,pers,E:YHWH,Torah
75451,1418340,441793,Numbers,8,12,יהוה,nmpr,pers,E:YHWH,Torah
75464,1418341,441795,Numbers,8,13,אהרן,nmpr,pers,A:person-candidate,Torah
75474,1418341,441796,Numbers,8,13,יהוה,nmpr,pers,E:YHWH,Torah
75483,1418342,441797,Numbers,8,14,ישראל,nmpr,"pers,gens,topo",F:unclassified-name,Torah
75515,1418344,441804,Numbers,8,16,ישראל,nmpr,"pers,gens,topo",F:unclassified-name,Torah
75524,1418344,441805,Numbers,8,16,ישראל,nmpr,"pers,gens,topo",F:unclassified-name,Torah
75534,1418345,441806,Numbers,8,17,ישראל,nmpr,"pers,gens,topo",F:unclassified-name,Torah
75549,1418345,441808,Numbers,8,17,מצרים,nmpr,topo,F:unclassified-name,Torah
75563,1418346,441809,Numbers,8,18,ישראל,nmpr,"pers,gens,topo",F:unclassified-name,Torah
75571,1418347,441810,Numbers,8,19,אהרן,nmpr,pers,A:person-candidate,Torah
75578,1418347,441810,Numbers,8,19,ישראל,nmpr,"pers,gens,topo",F:unclassified-name,Torah
75584,1418347,441811,Numbers,8,19,ישראל,nmpr,"pers,gens,topo",F:unclassified-name,Torah
75593,1418347,441812,Numbers,8,19,ישראל,nmpr,"pers,gens,topo",F:unclassified-name,Torah
75599,1418347,441813,Numbers,8,19,ישראל,nmpr,"pers,gens,topo",F:unclassified-name,Torah
75604,1418347,441814,Numbers,8,19,ישראל,nmpr,"pers,gens,topo",F:unclassified-name,Torah
75605,1418347,441814,Numbers,8,19,אל,prep,,C:divine-title-candidate,Torah
75610,1418348,441815,Numbers,8,20,משה,nmpr,pers,A:person-candidate,Torah
75612,1418348,441815,Numbers,8,20,אהרן,nmpr,pers,A:person-candidate,Torah
75617,1418348,441815,Numbers,8,20,ישראל,nmpr,"pers,gens,topo",F:unclassified-name,Torah
75625,1418348,441816,Numbers,8,20,יהוה,nmpr,pers,E:YHWH,Torah
75627,1418348,441816,Numbers,8,20,משה,nmpr,pers,A:person-candidate,Torah
75635,1418348,441817,Numbers,8,20,ישראל,nmpr,"pers,gens,topo",F:unclassified-name,Torah
75645,1418349,441820,Numbers,8,21,אהרן,nmpr,pers,A:person-candidate,Torah
75650,1418349,441820,Numbers,8,21,יהוה,nmpr,pers,E:YHWH,Torah
75654,1418349,441821,Numbers,8,21,אהרן,nmpr,pers,A:person-candidate,Torah
75672,1418350,441824,Numbers,8,22,אהרן,nmpr,pers,A:person-candidate,Torah
75680,1418350,441825,Numbers,8,22,יהוה,nmpr,pers,E:YHWH,Torah
75682,1418350,441825,Numbers,8,22,משה,nmpr,pers,A:person-candidate,Torah
75691,1418351,441827,Numbers,8,23,יהוה,nmpr,pers,E:YHWH,Torah
75692,1418351,441827,Numbers,8,23,אל,prep,,C:divine-title-candidate,Torah
75693,1418351,441827,Numbers,8,23,משה,nmpr,pers,A:person-candidate,Torah
75754,1418355,441839,Numbers,9,1,יהוה,nmpr,pers,E:YHWH,Torah
75755,1418355,441839,Numbers,9,1,אל,prep,,C:divine-title-candidate,Torah
75756,1418355,441839,Numbers,9,1,משה,nmpr,pers,A:person-candidate,Torah
75759,1418355,441839,Numbers,9,1,סיני,nmpr,topo,F:unclassified-name,Torah
75769,1418355,441840,Numbers,9,1,מצרים,nmpr,topo,F:unclassified-name,Torah
75780,1418356,441842,Numbers,9,2,ישראל,nmpr,"pers,gens,topo",F:unclassified-name,Torah
75813,1418358,441845,Numbers,9,4,משה,nmpr,pers,A:person-candidate,Torah
75814,1418358,441845,Numbers,9,4,אל,prep,,C:divine-title-candidate,Torah
75816,1418358,441845,Numbers,9,4,ישראל,nmpr,"pers,gens,topo",F:unclassified-name,Torah
75841,1418359,441847,Numbers,9,5,סיני,nmpr,topo,F:unclassified-name,Torah
75846,1418359,441848,Numbers,9,5,יהוה,nmpr,pers,E:YHWH,Torah
75848,1418359,441848,Numbers,9,5,משה,nmpr,pers,A:person-candidate,Torah
75852,1418359,441849,Numbers,9,5,ישראל,nmpr,"pers,gens,topo",F:unclassified-name,Torah
75878,1418360,441855,Numbers,9,6,משה,nmpr,pers,A:person-candidate,Torah
75882,1418360,441855,Numbers,9,6,אהרן,nmpr,pers,A:person-candidate,Torah
75894,1418361,441856,Numbers,9,7,אל,prep,,C:divine-title-candidate,Torah
75907,1418361,441859,Numbers,9,7,יהוה,nmpr,pers,E:YHWH,Torah
75913,1418361,441859,Numbers,9,7,ישראל,nmpr,"pers,gens,topo",F:unclassified-name,Torah
75916,1418362,441860,Numbers,9,8,אל,prep,,C:divine-title-candidate,Torah
75917,1418362,441860,Numbers,9,8,משה,nmpr,pers,A:person-candidate,Torah
75923,1418362,441863,Numbers,9,8,יהוה,nmpr,pers,E:YHWH,Torah
75927,1418363,441864,Numbers,9,9,יהוה,nmpr,pers,E:YHWH,Torah
75928,1418363,441864,Numbers,9,9,אל,prep,,C:divine-title-candidate,Torah
75929,1418363,441864,Numbers,9,9,משה,nmpr,pers,A:person-candidate,Torah
75933,1418364,441866,Numbers,9,10,אל,prep,,C:divine-title-candidate,Torah
75935,1418364,441866,Numbers,9,10,ישראל,nmpr,"pers,gens,topo",F:unclassified-name,Torah
75957,1418364,441871,Numbers,9,10,יהוה,nmpr,pers,E:YHWH,Torah
76021,1418367,441883,Numbers,9,13,יהוה,nmpr,pers,E:YHWH,Torah
76041,1418368,441886,Numbers,9,14,יהוה,nmpr,pers,E:YHWH,Torah
76119,1418371,441897,Numbers,9,17,ישראל,nmpr,"pers,gens,topo",F:unclassified-name,Torah
76131,1418371,441900,Numbers,9,17,ישראל,nmpr,"pers,gens,topo",F:unclassified-name,Torah
76134,1418372,441901,Numbers,9,18,יהוה,nmpr,pers,E:YHWH,Torah
76137,1418372,441901,Numbers,9,18,ישראל,nmpr,"pers,gens,topo",F:unclassified-name,Torah
76141,1418372,441902,Numbers,9,18,יהוה,nmpr,pers,E:YHWH,Torah
76166,1418373,441906,Numbers,9,19,ישראל,nmpr,"pers,gens,topo",F:unclassified-name,Torah
76169,1418373,441906,Numbers,9,19,יהוה,nmpr,pers,E:YHWH,Torah
76186,1418374,441910,Numbers,9,20,יהוה,nmpr,pers,E:YHWH,Torah
76191,1418374,441911,Numbers,9,20,יהוה,nmpr,pers,E:YHWH,Torah
76240,1418376,441922,Numbers,9,22,ישראל,nmpr,"pers,gens,topo",F:unclassified-name,Torah
76250,1418377,441926,Numbers,9,23,יהוה,nmpr,pers,E:YHWH,Torah
76255,1418377,441927,Numbers,9,23,יהוה,nmpr,pers,E:YHWH,Torah
76259,1418377,441928,Numbers,9,23,יהוה,nmpr,pers,E:YHWH,Torah
76263,1418377,441928,Numbers,9,23,יהוה,nmpr,pers,E:YHWH,Torah
76266,1418377,441928,Numbers,9,23,משה,nmpr,pers,A:person-candidate,Torah
76269,1418378,441929,Numbers,10,1,יהוה,nmpr,pers,E:YHWH,Torah
76270,1418378,441929,Numbers,10,1,אל,prep,,C:divine-title-candidate,Torah
76271,1418378,441929,Numbers,10,1,משה,nmpr,pers,A:person-candidate,Torah
76300,1418380,441935,Numbers,10,3,אל,prep,,C:divine-title-candidate,Torah
76304,1418380,441935,Numbers,10,3,אל,prep,,C:divine-title-candidate,Torah
76315,1418381,441937,Numbers,10,4,אל,prep,,C:divine-title-candidate,Torah
76320,1418381,441937,Numbers,10,4,ישראל,nmpr,"pers,gens,topo",F:unclassified-name,Torah
76358,1418385,441948,Numbers,10,8,אהרן,nmpr,pers,A:person-candidate,Torah
76392,1418386,441953,Numbers,10,9,יהוה,nmpr,pers,E:YHWH,Torah
76393,1418386,441953,Numbers,10,9,אלהים,subs,,D:Elohim,Torah
76426,1418387,441957,Numbers,10,10,אלהים,subs,,D:Elohim,Torah
76428,1418387,441958,Numbers,10,10,יהוה,nmpr,pers,E:YHWH,Torah
76429,1418387,441958,Numbers,10,10,אלהים,subs,,D:Elohim,Torah
76458,1418389,441961,Numbers,10,12,ישראל,nmpr,"pers,gens,topo",F:unclassified-name,Torah
76463,1418389,441961,Numbers,10,12,סיני,nmpr,topo,F:unclassified-name,Torah
76470,1418389,441962,Numbers,10,12,פארן,nmpr,topo,F:unclassified-name,Torah
76478,1418390,441963,Numbers,10,13,יהוה,nmpr,pers,E:YHWH,Torah
76481,1418390,441963,Numbers,10,13,משה,nmpr,pers,A:person-candidate,Torah
76487,1418391,441964,Numbers,10,14,יהודה,nmpr,"pers,gens,topo",F:unclassified-name,Torah
76496,1418391,441965,Numbers,10,14,נחשון,nmpr,pers,A:person-candidate,Torah
76498,1418391,441965,Numbers,10,14,עמינדב,nmpr,pers,A:person-candidate,Torah
76504,1418392,441966,Numbers,10,15,יששכר,nmpr,"pers,gens,topo",F:unclassified-name,Torah
76505,1418392,441966,Numbers,10,15,נתנאל,nmpr,pers,A:person-candidate,Torah
76507,1418392,441966,Numbers,10,15,צוער,nmpr,pers,A:person-candidate,Torah
76513,1418393,441967,Numbers,10,16,זבולן,nmpr,"pers,gens,topo",F:unclassified-name,Torah
76514,1418393,441967,Numbers,10,16,אליאב,nmpr,pers,A:person-candidate,Torah
76516,1418393,441967,Numbers,10,16,חלן,nmpr,pers,A:person-candidate,Torah
76524,1418394,441969,Numbers,10,17,גרשון,nmpr,pers,A:person-candidate,Torah
76527,1418394,441969,Numbers,10,17,מררי,nmpr,pers,A:person-candidate,Torah
76535,1418395,441970,Numbers,10,18,ראובן,nmpr,"pers,gens,topo",F:unclassified-name,Torah
76541,1418395,441971,Numbers,10,18,אליצור,nmpr,pers,A:person-candidate,Torah
76543,1418395,441971,Numbers,10,18,שדיאור,nmpr,pers,A:person-candidate,Torah
76549,1418396,441972,Numbers,10,19,שמעון,nmpr,"pers,gens,topo",F:unclassified-name,Torah
76550,1418396,441972,Numbers,10,19,שלמיאל,nmpr,pers,A:person-candidate,Torah
76552,1418396,441972,Numbers,10,19,צורישדי,nmpr,pers,A:person-candidate,Torah
76558,1418397,441973,Numbers,10,20,גד,nmpr,"pers,gens,topo",B:deity-candidate,Torah
76559,1418397,441973,Numbers,10,20,אליסף,nmpr,pers,A:person-candidate,Torah
76561,1418397,441973,Numbers,10,20,דעואל,nmpr,pers,A:person-candidate,Torah
76581,1418399,441977,Numbers,10,22,אפרים,nmpr,"pers,gens,topo",F:unclassified-name,Torah
76587,1418399,441978,Numbers,10,22,אלישמע,nmpr,pers,A:person-candidate,Torah
76589,1418399,441978,Numbers,10,22,עמיהוד,nmpr,pers,A:person-candidate,Torah
76595,1418400,441979,Numbers,10,23,מנשה,nmpr,"pers,gens",F:unclassified-name,Torah
76596,1418400,441979,Numbers,10,23,גמליאל,nmpr,pers,A:person-candidate,Torah
76598,1418400,441979,Numbers,10,23,פדהצור,nmpr,pers,A:person-candidate,Torah
76604,1418401,441980,Numbers,10,24,בנימן,nmpr,"pers,gens,topo",F:unclassified-name,Torah
76605,1418401,441980,Numbers,10,24,אבידן,nmpr,pers,A:person-candidate,Torah
76607,1418401,441980,Numbers,10,24,גדעני,nmpr,pers,A:person-candidate,Torah
76613,1418402,441981,Numbers,10,25,דן,nmpr,"pers,gens,topo",F:unclassified-name,Torah
76624,1418402,441983,Numbers,10,25,אחיעזר,nmpr,pers,A:person-candidate,Torah
76626,1418402,441983,Numbers,10,25,עמישדי,nmpr,pers,A:person-candidate,Torah
76632,1418403,441984,Numbers,10,26,אשר,nmpr,"pers,gens,topo",F:unclassified-name,Torah
76633,1418403,441984,Numbers,10,26,פגעיאל,nmpr,pers,A:person-candidate,Torah
76635,1418403,441984,Numbers,10,26,עכרן,nmpr,pers,A:person-candidate,Torah
76641,1418404,441985,Numbers,10,27,נפתלי,nmpr,"pers,gens,topo",F:unclassified-name,Torah
76642,1418404,441985,Numbers,10,27,אחירע,nmpr,pers,A:person-candidate,Torah
76644,1418404,441985,Numbers,10,27,עינן,nmpr,pers,A:person-candidate,Torah
76648,1418405,441986,Numbers,10,28,ישראל,nmpr,"pers,gens,topo",F:unclassified-name,Torah
76655,1418406,441988,Numbers,10,29,משה,nmpr,pers,A:person-candidate,Torah
76657,1418406,441988,Numbers,10,29,חבב,nmpr,pers,A:person-candidate,Torah
76659,1418406,441988,Numbers,10,29,רעואל,nmpr,pers,A:person-candidate,Torah
76663,1418406,441988,Numbers,10,29,משה,nmpr,pers,A:person-candidate,Torah
76666,1418406,441989,Numbers,10,29,אל,prep,,C:divine-title-candidate,Torah
76671,1418406,441990,Numbers,10,29,יהוה,nmpr,pers,E:YHWH,Torah
76681,1418406,441994,Numbers,10,29,יהוה,nmpr,pers,E:YHWH,Torah
76685,1418406,441994,Numbers,10,29,ישראל,nmpr,"pers,gens,topo",F:unclassified-name,Torah
76688,1418407,441995,Numbers,10,30,אל,prep,,C:divine-title-candidate,Torah
76693,1418407,441997,Numbers,10,30,אל,prep,,C:divine-title-candidate,Torah
76696,1418407,441997,Numbers,10,30,אל,prep,,C:divine-title-candidate,Torah
76701,1418408,441999,Numbers,10,31,אל,nega,,C:divine-title-candidate,Torah
76731,1418409,442006,Numbers,10,32,יהוה,nmpr,pers,E:YHWH,Torah
76740,1418410,442008,Numbers,10,33,יהוה,nmpr,pers,E:YHWH,Torah
76747,1418410,442009,Numbers,10,33,יהוה,nmpr,pers,E:YHWH,Torah
76760,1418411,442011,Numbers,10,34,יהוה,nmpr,pers,E:YHWH,Torah
76776,1418412,442015,Numbers,10,35,משה,nmpr,pers,A:person-candidate,Torah
76778,1418412,442017,Numbers,10,35,יהוה,nmpr,pers,E:YHWH,Torah
76792,1418413,442023,Numbers,10,36,יהוה,nmpr,pers,E:YHWH,Torah
76795,1418413,442022,Numbers,10,36,ישראל,nmpr,"pers,gens,topo",F:unclassified-name,Torah
76805,1418414,442025,Numbers,11,1,יהוה,nmpr,pers,E:YHWH,Torah
76808,1418414,442026,Numbers,11,1,יהוה,nmpr,pers,E:YHWH,Torah
76816,1418414,442028,Numbers,11,1,יהוה,nmpr,pers,E:YHWH,Torah
76827,1418415,442030,Numbers,11,2,אל,prep,,C:divine-title-candidate,Torah
76828,1418415,442030,Numbers,11,2,משה,nmpr,pers,A:person-candidate,Torah
76831,1418415,442031,Numbers,11,2,משה,nmpr,pers,A:person-candidate,Torah
76832,1418415,442031,Numbers,11,2,אל,prep,,C:divine-title-candidate,Torah
76833,1418415,442031,Numbers,11,2,יהוה,nmpr,pers,E:YHWH,Torah
76845,1418416,442033,Numbers,11,3,תבערה,nmpr,topo,F:unclassified-name,Torah
76850,1418416,442034,Numbers,11,3,יהוה,nmpr,pers,E:YHWH,Torah
76865,1418417,442038,Numbers,11,4,ישראל,nmpr,"pers,gens,topo",F:unclassified-name,Torah
76878,1418418,442042,Numbers,11,5,מצרים,nmpr,topo,F:unclassified-name,Torah
76906,1418419,442045,Numbers,11,6,אל,prep,,C:divine-title-candidate,Torah
76915,1418420,442047,Numbers,11,7,גד,subs,,B:deity-candidate,Torah
76970,1418423,442058,Numbers,11,10,משה,nmpr,pers,A:person-candidate,Torah
76984,1418423,442061,Numbers,11,10,יהוה,nmpr,pers,E:YHWH,Torah
76989,1418423,442062,Numbers,11,10,משה,nmpr,pers,A:person-candidate,Torah
76993,1418424,442063,Numbers,11,11,משה,nmpr,pers,A:person-candidate,Torah
76994,1418424,442063,Numbers,11,11,אל,prep,,C:divine-title-candidate,Torah
76995,1418424,442063,Numbers,11,11,יהוה,nmpr,pers,E:YHWH,Torah
77031,1418425,442069,Numbers,11,12,אל,prep,,C:divine-title-candidate,Torah
77103,1418428,442085,Numbers,11,15,אל,nega,,C:divine-title-candidate,Torah
77109,1418429,442086,Numbers,11,16,יהוה,nmpr,pers,E:YHWH,Torah
77110,1418429,442086,Numbers,11,16,אל,prep,,C:divine-title-candidate,Torah
77111,1418429,442086,Numbers,11,16,משה,nmpr,pers,A:person-candidate,Torah
77118,1418429,442087,Numbers,11,16,ישראל,nmpr,"pers,gens,topo",F:unclassified-name,Torah
77131,1418429,442090,Numbers,11,16,אל,prep,,C:divine-title-candidate,Torah
77168,1418431,442099,Numbers,11,18,אל,prep,,C:divine-title-candidate,Torah
77182,1418431,442102,Numbers,11,18,יהוה,nmpr,pers,E:YHWH,Torah
77192,1418431,442105,Numbers,11,18,מצרים,nmpr,topo,F:unclassified-name,Torah
77195,1418431,442106,Numbers,11,18,יהוה,nmpr,pers,E:YHWH,Torah
77236,1418433,442116,Numbers,11,20,יהוה,nmpr,pers,E:YHWH,Torah
77250,1418433,442120,Numbers,11,20,מצרים,nmpr,topo,F:unclassified-name,Torah
77253,1418434,442121,Numbers,11,21,משה,nmpr,pers,A:person-candidate,Torah
77296,1418436,442131,Numbers,11,23,יהוה,nmpr,pers,E:YHWH,Torah
77297,1418436,442131,Numbers,11,23,אל,prep,,C:divine-title-candidate,Torah
77298,1418436,442131,Numbers,11,23,משה,nmpr,pers,A:person-candidate,Torah
77301,1418436,442132,Numbers,11,23,יהוה,nmpr,pers,E:YHWH,Torah
77312,1418437,442136,Numbers,11,24,משה,nmpr,pers,A:person-candidate,Torah
77315,1418437,442137,Numbers,11,24,אל,prep,,C:divine-title-candidate,Torah
77320,1418437,442137,Numbers,11,24,יהוה,nmpr,pers,E:YHWH,Torah
77337,1418438,442140,Numbers,11,25,יהוה,nmpr,pers,E:YHWH,Torah
77343,1418438,442141,Numbers,11,25,אל,prep,,C:divine-title-candidate,Torah
77380,1418439,442150,Numbers,11,26,אלדד,nmpr,pers,A:person-candidate,Torah
77385,1418439,442151,Numbers,11,26,מידד,nmpr,pers,A:person-candidate,Torah
77413,1418440,442157,Numbers,11,27,משה,nmpr,pers,A:person-candidate,Torah
77416,1418440,442159,Numbers,11,27,אלדד,nmpr,pers,A:person-candidate,Torah
77418,1418440,442159,Numbers,11,27,מידד,nmpr,pers,A:person-candidate,Torah
77425,1418441,442160,Numbers,11,28,יהושע,nmpr,pers,A:person-candidate,Torah
77427,1418441,442160,Numbers,11,28,נון,nmpr,pers,A:person-candidate,Torah
77429,1418441,442160,Numbers,11,28,משה,nmpr,pers,A:person-candidate,Torah
77435,1418441,442162,Numbers,11,28,משה,nmpr,pers,A:person-candidate,Torah
77440,1418442,442164,Numbers,11,29,משה,nmpr,pers,A:person-candidate,Torah
77450,1418442,442167,Numbers,11,29,יהוה,nmpr,pers,E:YHWH,Torah
77454,1418442,442168,Numbers,11,29,יהוה,nmpr,pers,E:YHWH,Torah
77460,1418443,442169,Numbers,11,30,משה,nmpr,pers,A:person-candidate,Torah
77461,1418443,442169,Numbers,11,30,אל,prep,,C:divine-title-candidate,Torah
77467,1418443,442169,Numbers,11,30,ישראל,nmpr,"pers,gens,topo",F:unclassified-name,Torah
77473,1418444,442170,Numbers,11,31,יהוה,nmpr,pers,E:YHWH,Torah
77548,1418446,442180,Numbers,11,33,יהוה,nmpr,pers,E:YHWH,Torah
77555,1418446,442181,Numbers,11,33,יהוה,nmpr,pers,E:YHWH,Torah
77570,1418447,442182,Numbers,11,34,קברות התאוה,nmpr,topo,F:unclassified-name,Torah
77580,1418448,442184,Numbers,11,35,קברות התאוה,nmpr,topo,F:unclassified-name,Torah
77584,1418448,442184,Numbers,11,35,חצרות,nmpr,topo,F:unclassified-name,Torah
77588,1418448,442185,Numbers,11,35,חצרות,nmpr,topo,F:unclassified-name,Torah
77591,1418449,442186,Numbers,12,1,מרים,nmpr,pers,A:person-candidate,Torah
77593,1418449,442186,Numbers,12,1,אהרן,nmpr,pers,A:person-candidate,Torah
77595,1418449,442186,Numbers,12,1,משה,nmpr,pers,A:person-candidate,Torah
77614,1418450,442190,Numbers,12,2,משה,nmpr,pers,A:person-candidate,Torah
77616,1418450,442190,Numbers,12,2,יהוה,nmpr,pers,E:YHWH,Torah
77624,1418450,442192,Numbers,12,2,יהוה,nmpr,pers,E:YHWH,Torah
77628,1418451,442193,Numbers,12,3,משה,nmpr,pers,A:person-candidate,Torah
77642,1418452,442195,Numbers,12,4,יהוה,nmpr,pers,E:YHWH,Torah
77644,1418452,442195,Numbers,12,4,אל,prep,,C:divine-title-candidate,Torah
77645,1418452,442195,Numbers,12,4,משה,nmpr,pers,A:person-candidate,Torah
77647,1418452,442195,Numbers,12,4,אל,prep,,C:divine-title-candidate,Torah
77648,1418452,442195,Numbers,12,4,אהרן,nmpr,pers,A:person-candidate,Torah
77650,1418452,442195,Numbers,12,4,אל,prep,,C:divine-title-candidate,Torah
77651,1418452,442195,Numbers,12,4,מרים,nmpr,pers,A:person-candidate,Torah
77654,1418452,442196,Numbers,12,4,אל,prep,,C:divine-title-candidate,Torah
77662,1418453,442198,Numbers,12,5,יהוה,nmpr,pers,E:YHWH,Torah
77673,1418453,442200,Numbers,12,5,אהרן,nmpr,pers,A:person-candidate,Torah
77675,1418453,442200,Numbers,12,5,מרים,nmpr,pers,A:person-candidate,Torah
77687,1418454,442205,Numbers,12,6,יהוה,nmpr,pers,E:YHWH,Torah
77691,1418454,442206,Numbers,12,6,אל,prep,,C:divine-title-candidate,Torah
77701,1418455,442208,Numbers,12,7,משה,nmpr,pers,A:person-candidate,Torah
77708,1418456,442210,Numbers,12,8,אל,prep,,C:divine-title-candidate,Torah
77720,1418456,442213,Numbers,12,8,יהוה,nmpr,pers,E:YHWH,Torah
77731,1418456,442215,Numbers,12,8,משה,nmpr,pers,A:person-candidate,Torah
77735,1418457,442216,Numbers,12,9,יהוה,nmpr,pers,E:YHWH,Torah
77749,1418458,442220,Numbers,12,10,מרים,nmpr,pers,A:person-candidate,Torah
77756,1418458,442221,Numbers,12,10,אהרן,nmpr,pers,A:person-candidate,Torah
77757,1418458,442221,Numbers,12,10,אל,prep,,C:divine-title-candidate,Torah
77758,1418458,442221,Numbers,12,10,מרים,nmpr,pers,A:person-candidate,Torah
77764,1418459,442223,Numbers,12,11,אהרן,nmpr,pers,A:person-candidate,Torah
77765,1418459,442223,Numbers,12,11,אל,prep,,C:divine-title-candidate,Torah
77766,1418459,442223,Numbers,12,11,משה,nmpr,pers,A:person-candidate,Torah
77769,1418459,442225,Numbers,12,11,אל,nega,,C:divine-title-candidate,Torah
77779,1418460,442228,Numbers,12,12,אל,nega,,C:divine-title-candidate,Torah
77797,1418461,442231,Numbers,12,13,משה,nmpr,pers,A:person-candidate,Torah
77798,1418461,442231,Numbers,12,13,אל,prep,,C:divine-title-candidate,Torah
77799,1418461,442231,Numbers,12,13,יהוה,nmpr,pers,E:YHWH,Torah
77802,1418461,442233,Numbers,12,13,אל,subs,,C:divine-title-candidate,Torah
77809,1418462,442235,Numbers,12,14,יהוה,nmpr,pers,E:YHWH,Torah
77810,1418462,442235,Numbers,12,14,אל,prep,,C:divine-title-candidate,Torah
77811,1418462,442235,Numbers,12,14,משה,nmpr,pers,A:person-candidate,Torah
77836,1418463,442240,Numbers,12,15,מרים,nmpr,pers,A:person-candidate,Torah
77851,1418463,442242,Numbers,12,15,מרים,nmpr,pers,A:person-candidate,Torah
77858,1418464,442243,Numbers,12,16,חצרות,nmpr,topo,F:unclassified-name,Torah
77863,1418464,442244,Numbers,12,16,פארן,nmpr,topo,F:unclassified-name,Torah
77866,1418465,442245,Numbers,13,1,יהוה,nmpr,pers,E:YHWH,Torah
77867,1418465,442245,Numbers,13,1,אל,prep,,C:divine-title-candidate,Torah
77868,1418465,442245,Numbers,13,1,משה,nmpr,pers,A:person-candidate,Torah
77878,1418466,442248,Numbers,13,2,כנען,nmpr,"pers,gens,topo",F:unclassified-name,Torah
77884,1418466,442249,Numbers,13,2,ישראל,nmpr,"pers,gens,topo",F:unclassified-name,Torah
77899,1418467,442252,Numbers,13,3,משה,nmpr,pers,A:person-candidate,Torah
77902,1418467,442252,Numbers,13,3,פארן,nmpr,topo,F:unclassified-name,Torah
77905,1418467,442252,Numbers,13,3,יהוה,nmpr,pers,E:YHWH,Torah
77910,1418467,442254,Numbers,13,3,ישראל,nmpr,"pers,gens,topo",F:unclassified-name,Torah
77917,1418468,442256,Numbers,13,4,ראובן,nmpr,"pers,gens,topo",F:unclassified-name,Torah
77918,1418468,442256,Numbers,13,4,שמוע,nmpr,pers,A:person-candidate,Torah
77920,1418468,442256,Numbers,13,4,זכור,nmpr,gens,F:unclassified-name,Torah
77923,1418469,442257,Numbers,13,5,שמעון,nmpr,"pers,gens,topo",F:unclassified-name,Torah
77924,1418469,442257,Numbers,13,5,שפט,nmpr,pers,A:person-candidate,Torah
77926,1418469,442257,Numbers,13,5,חרי,nmpr,pers,A:person-candidate,Torah
77929,1418470,442258,Numbers,13,6,יהודה,nmpr,"pers,gens,topo",F:unclassified-name,Torah
77930,1418470,442258,Numbers,13,6,כלב,nmpr,pers,A:person-candidate,Torah
77932,1418470,442258,Numbers,13,6,יפנה,nmpr,pers,A:person-candidate,Torah
77935,1418471,442259,Numbers,13,7,יששכר,nmpr,"pers,gens,topo",F:unclassified-name,Torah
77936,1418471,442259,Numbers,13,7,יגאל,nmpr,pers,A:person-candidate,Torah
77938,1418471,442259,Numbers,13,7,יוסף,nmpr,pers,A:person-candidate,Torah
77941,1418472,442260,Numbers,13,8,אפרים,nmpr,"pers,gens,topo",F:unclassified-name,Torah
77942,1418472,442260,Numbers,13,8,הושע,nmpr,pers,A:person-candidate,Torah
77944,1418472,442260,Numbers,13,8,נון,nmpr,pers,A:person-candidate,Torah
77947,1418473,442261,Numbers,13,9,בנימן,nmpr,"pers,gens,topo",F:unclassified-name,Torah
77948,1418473,442261,Numbers,13,9,פלטי,nmpr,pers,A:person-candidate,Torah
77950,1418473,442261,Numbers,13,9,רפוא,nmpr,pers,A:person-candidate,Torah
77953,1418474,442262,Numbers,13,10,זבולן,nmpr,"pers,gens,topo",F:unclassified-name,Torah
77954,1418474,442262,Numbers,13,10,גדיאל,nmpr,pers,A:person-candidate,Torah
77956,1418474,442262,Numbers,13,10,סודי,nmpr,pers,A:person-candidate,Torah
77959,1418475,442263,Numbers,13,11,יוסף,nmpr,pers,A:person-candidate,Torah
77962,1418475,442264,Numbers,13,11,מנשה,nmpr,"pers,gens",F:unclassified-name,Torah
77963,1418475,442264,Numbers,13,11,גדי,nmpr,pers,A:person-candidate,Torah
77965,1418475,442264,Numbers,13,11,סוסי,nmpr,pers,A:person-candidate,Torah
77968,1418476,442265,Numbers,13,12,דן,nmpr,"pers,gens,topo",F:unclassified-name,Torah
77969,1418476,442265,Numbers,13,12,עמיאל,nmpr,pers,A:person-candidate,Torah
77971,1418476,442265,Numbers,13,12,גמלי,nmpr,pers,A:person-candidate,Torah
77974,1418477,442266,Numbers,13,13,אשר,nmpr,"pers,gens,topo",F:unclassified-name,Torah
77975,1418477,442266,Numbers,13,13,סתור,nmpr,pers,A:person-candidate,Torah
77977,1418477,442266,Numbers,13,13,מיכאל,nmpr,pers,A:person-candidate,Torah
77980,1418478,442267,Numbers,13,14,נפתלי,nmpr,"pers,gens,topo",F:unclassified-name,Torah
77981,1418478,442267,Numbers,13,14,נחבי,nmpr,pers,A:person-candidate,Torah
77983,1418478,442267,Numbers,13,14,ופסי,nmpr,pers,A:person-candidate,Torah
77986,1418479,442268,Numbers,13,15,גד,nmpr,"pers,gens,topo",B:deity-candidate,Torah
77987,1418479,442268,Numbers,13,15,גאואל,nmpr,pers,A:person-candidate,Torah
77989,1418479,442268,Numbers,13,15,מכי,nmpr,pers,A:person-candidate,Torah
77996,1418480,442270,Numbers,13,16,משה,nmpr,pers,A:person-candidate,Torah
78004,1418480,442272,Numbers,13,16,משה,nmpr,pers,A:person-candidate,Torah
78006,1418480,442272,Numbers,13,16,הושע,nmpr,pers,A:person-candidate,Torah
78008,1418480,442272,Numbers,13,16,נון,nmpr,pers,A:person-candidate,Torah
78009,1418480,442272,Numbers,13,16,יהושע,nmpr,pers,A:person-candidate,Torah
78013,1418481,442273,Numbers,13,17,משה,nmpr,pers,A:person-candidate,Torah
78018,1418481,442274,Numbers,13,17,כנען,nmpr,"pers,gens,topo",F:unclassified-name,Torah
78021,1418481,442275,Numbers,13,17,אל,prep,,C:divine-title-candidate,Torah
78122,1418485,442303,Numbers,13,21,צן,nmpr,topo,F:unclassified-name,Torah
78124,1418485,442303,Numbers,13,21,רחב,nmpr,topo,F:unclassified-name,Torah
78127,1418485,442304,Numbers,13,21,חמת,nmpr,topo,F:unclassified-name,Torah
78136,1418486,442306,Numbers,13,22,חברון,nmpr,topo,F:unclassified-name,Torah
78139,1418486,442307,Numbers,13,22,אחימן,nmpr,pers,A:person-candidate,Torah
78140,1418486,442307,Numbers,13,22,ששי,nmpr,pers,A:person-candidate,Torah
78142,1418486,442307,Numbers,13,22,תלמי,nmpr,pers,A:person-candidate,Torah
78147,1418486,442308,Numbers,13,22,חברון,nmpr,topo,F:unclassified-name,Torah
78153,1418486,442308,Numbers,13,22,צען,nmpr,topo,F:unclassified-name,Torah
78154,1418486,442308,Numbers,13,22,מצרים,nmpr,topo,F:unclassified-name,Torah
78159,1418487,442309,Numbers,13,23,אשכל,nmpr,topo,F:unclassified-name,Torah
78179,1418487,442312,Numbers,13,23,רמון,subs,,B:deity-candidate,Torah
78191,1418488,442313,Numbers,13,24,אשכל,nmpr,topo,F:unclassified-name,Torah
78201,1418488,442314,Numbers,13,24,ישראל,nmpr,"pers,gens,topo",F:unclassified-name,Torah
78216,1418490,442318,Numbers,13,26,אל,prep,,C:divine-title-candidate,Torah
78217,1418490,442318,Numbers,13,26,משה,nmpr,pers,A:person-candidate,Torah
78219,1418490,442318,Numbers,13,26,אל,prep,,C:divine-title-candidate,Torah
78220,1418490,442318,Numbers,13,26,אהרן,nmpr,pers,A:person-candidate,Torah
78222,1418490,442318,Numbers,13,26,אל,prep,,C:divine-title-candidate,Torah
78226,1418490,442318,Numbers,13,26,ישראל,nmpr,"pers,gens,topo",F:unclassified-name,Torah
78227,1418490,442318,Numbers,13,26,אל,prep,,C:divine-title-candidate,Torah
78229,1418490,442318,Numbers,13,26,פארן,nmpr,topo,F:unclassified-name,Torah
78230,1418490,442318,Numbers,13,26,קדש,nmpr,topo,F:unclassified-name,Torah
78252,1418491,442323,Numbers,13,27,אל,prep,,C:divine-title-candidate,Torah
78290,1418493,442331,Numbers,13,29,עמלק,nmpr,"pers,gens",F:unclassified-name,Torah
78320,1418493,442333,Numbers,13,29,ירדן,nmpr,topo,F:unclassified-name,Torah
78323,1418494,442334,Numbers,13,30,כלב,nmpr,pers,A:person-candidate,Torah
78327,1418494,442334,Numbers,13,30,אל,prep,,C:divine-title-candidate,Torah
78328,1418494,442334,Numbers,13,30,משה,nmpr,pers,A:person-candidate,Torah
78351,1418495,442342,Numbers,13,31,אל,prep,,C:divine-title-candidate,Torah
78366,1418496,442344,Numbers,13,32,אל,prep,,C:divine-title-candidate,Torah
78368,1418496,442344,Numbers,13,32,ישראל,nmpr,"pers,gens,topo",F:unclassified-name,Torah
78436,1418499,442360,Numbers,14,2,משה,nmpr,pers,A:person-candidate,Torah
78439,1418499,442360,Numbers,14,2,אהרן,nmpr,pers,A:person-candidate,Torah
78442,1418499,442360,Numbers,14,2,ישראל,nmpr,"pers,gens,topo",F:unclassified-name,Torah
78445,1418499,442361,Numbers,14,2,אל,prep,,C:divine-title-candidate,Torah
78453,1418499,442362,Numbers,14,2,מצרים,nmpr,topo,F:unclassified-name,Torah
78464,1418500,442364,Numbers,14,3,יהוה,nmpr,pers,E:YHWH,Torah
78467,1418500,442364,Numbers,14,3,אל,prep,,C:divine-title-candidate,Torah
78488,1418500,442368,Numbers,14,3,מצרים,nmpr,topo,F:unclassified-name,Torah
78492,1418501,442370,Numbers,14,4,אל,prep,,C:divine-title-candidate,Torah
78498,1418501,442372,Numbers,14,4,מצרים,nmpr,topo,F:unclassified-name,Torah
78501,1418502,442373,Numbers,14,5,משה,nmpr,pers,A:person-candidate,Torah
78503,1418502,442373,Numbers,14,5,אהרן,nmpr,pers,A:person-candidate,Torah
78512,1418502,442373,Numbers,14,5,ישראל,nmpr,"pers,gens,topo",F:unclassified-name,Torah
78514,1418503,442374,Numbers,14,6,יהושע,nmpr,pers,A:person-candidate,Torah
78516,1418503,442374,Numbers,14,6,נון,nmpr,pers,A:person-candidate,Torah
78518,1418503,442374,Numbers,14,6,כלב,nmpr,pers,A:person-candidate,Torah
78520,1418503,442374,Numbers,14,6,יפנה,nmpr,pers,A:person-candidate,Torah
78531,1418504,442376,Numbers,14,7,אל,prep,,C:divine-title-candidate,Torah
78535,1418504,442376,Numbers,14,7,ישראל,nmpr,"pers,gens,topo",F:unclassified-name,Torah
78554,1418505,442382,Numbers,14,8,יהוה,nmpr,pers,E:YHWH,Torah
78558,1418505,442383,Numbers,14,8,אל,prep,,C:divine-title-candidate,Torah
78575,1418506,442387,Numbers,14,9,יהוה,nmpr,pers,E:YHWH,Torah
78576,1418506,442387,Numbers,14,9,אל,nega,,C:divine-title-candidate,Torah
78580,1418506,442388,Numbers,14,9,אל,nega,,C:divine-title-candidate,Torah
78594,1418506,442391,Numbers,14,9,יהוה,nmpr,pers,E:YHWH,Torah
78596,1418506,442392,Numbers,14,9,אל,nega,,C:divine-title-candidate,Torah
78611,1418507,442395,Numbers,14,10,יהוה,nmpr,pers,E:YHWH,Torah
78616,1418507,442395,Numbers,14,10,אל,prep,,C:divine-title-candidate,Torah
78619,1418507,442395,Numbers,14,10,ישראל,nmpr,"pers,gens,topo",F:unclassified-name,Torah
78622,1418508,442396,Numbers,14,11,יהוה,nmpr,pers,E:YHWH,Torah
78623,1418508,442396,Numbers,14,11,אל,prep,,C:divine-title-candidate,Torah
78624,1418508,442396,Numbers,14,11,משה,nmpr,pers,A:person-candidate,Torah
78663,1418510,442403,Numbers,14,13,משה,nmpr,pers,A:person-candidate,Torah
78664,1418510,442403,Numbers,14,13,אל,prep,,C:divine-title-candidate,Torah
78665,1418510,442403,Numbers,14,13,יהוה,nmpr,pers,E:YHWH,Torah
78668,1418510,442404,Numbers,14,13,מצרים,nmpr,topo,F:unclassified-name,Torah
78682,1418511,442406,Numbers,14,14,אל,prep,,C:divine-title-candidate,Torah
78691,1418511,442409,Numbers,14,14,יהוה,nmpr,pers,E:YHWH,Torah
78704,1418511,442411,Numbers,14,14,יהוה,nmpr,pers,E:YHWH,Torah
78746,1418513,442419,Numbers,14,16,יהוה,nmpr,pers,E:YHWH,Torah
78754,1418513,442420,Numbers,14,16,אל,prep,,C:divine-title-candidate,Torah
78770,1418514,442424,Numbers,14,17,אדני,nmpr,pers,C:divine-title-candidate,Torah
78776,1418515,442427,Numbers,14,18,יהוה,nmpr,pers,E:YHWH,Torah
78821,1418516,442432,Numbers,14,19,מצרים,nmpr,topo,F:unclassified-name,Torah
78827,1418517,442433,Numbers,14,20,יהוה,nmpr,pers,E:YHWH,Torah
78838,1418518,442436,Numbers,14,21,יהוה,nmpr,pers,E:YHWH,Torah
78857,1418519,442439,Numbers,14,22,מצרים,nmpr,topo,F:unclassified-name,Torah
78889,1418521,442445,Numbers,14,24,כלב,nmpr,pers,A:person-candidate,Torah
78900,1418521,442448,Numbers,14,24,אל,prep,,C:divine-title-candidate,Torah
78931,1418523,442454,Numbers,14,26,יהוה,nmpr,pers,E:YHWH,Torah
78932,1418523,442454,Numbers,14,26,אל,prep,,C:divine-title-candidate,Torah
78933,1418523,442454,Numbers,14,26,משה,nmpr,pers,A:person-candidate,Torah
78935,1418523,442454,Numbers,14,26,אל,prep,,C:divine-title-candidate,Torah
78936,1418523,442454,Numbers,14,26,אהרן,nmpr,pers,A:person-candidate,Torah
78955,1418524,442458,Numbers,14,27,ישראל,nmpr,"pers,gens,topo",F:unclassified-name,Torah
78962,1418525,442460,Numbers,14,28,אל,prep,,C:divine-title-candidate,Torah
78966,1418525,442462,Numbers,14,28,יהוה,nmpr,pers,E:YHWH,Torah
79002,1418527,442467,Numbers,14,30,אל,prep,,C:divine-title-candidate,Torah
79015,1418527,442470,Numbers,14,30,כלב,nmpr,pers,A:person-candidate,Torah
79017,1418527,442470,Numbers,14,30,יפנה,nmpr,pers,A:person-candidate,Torah
79019,1418527,442470,Numbers,14,30,יהושע,nmpr,pers,A:person-candidate,Torah
79021,1418527,442470,Numbers,14,30,נון,nmpr,pers,A:person-candidate,Torah
79097,1418532,442484,Numbers,14,35,יהוה,nmpr,pers,E:YHWH,Torah
79128,1418533,442490,Numbers,14,36,משה,nmpr,pers,A:person-candidate,Torah
79163,1418534,442495,Numbers,14,37,יהוה,nmpr,pers,E:YHWH,Torah
79165,1418535,442497,Numbers,14,38,יהושע,nmpr,pers,A:person-candidate,Torah
79167,1418535,442497,Numbers,14,38,נון,nmpr,pers,A:person-candidate,Torah
79169,1418535,442497,Numbers,14,38,כלב,nmpr,pers,A:person-candidate,Torah
79171,1418535,442497,Numbers,14,38,יפנה,nmpr,pers,A:person-candidate,Torah
79187,1418536,442500,Numbers,14,39,משה,nmpr,pers,A:person-candidate,Torah
79193,1418536,442500,Numbers,14,39,אל,prep,,C:divine-title-candidate,Torah
79196,1418536,442500,Numbers,14,39,ישראל,nmpr,"pers,gens,topo",F:unclassified-name,Torah
79209,1418537,442503,Numbers,14,40,אל,prep,,C:divine-title-candidate,Torah
79218,1418537,442506,Numbers,14,40,אל,prep,,C:divine-title-candidate,Torah
79223,1418537,442507,Numbers,14,40,יהוה,nmpr,pers,E:YHWH,Torah
79228,1418538,442509,Numbers,14,41,משה,nmpr,pers,A:person-candidate,Torah
79235,1418538,442510,Numbers,14,41,יהוה,nmpr,pers,E:YHWH,Torah
79240,1418539,442512,Numbers,14,42,אל,nega,,C:divine-title-candidate,Torah
79244,1418539,442513,Numbers,14,42,יהוה,nmpr,pers,E:YHWH,Torah
79273,1418540,442517,Numbers,14,43,יהוה,nmpr,pers,E:YHWH,Torah
79277,1418540,442518,Numbers,14,43,יהוה,nmpr,pers,E:YHWH,Torah
79283,1418541,442520,Numbers,14,44,אל,prep,,C:divine-title-candidate,Torah
79290,1418541,442521,Numbers,14,44,יהוה,nmpr,pers,E:YHWH,Torah
79292,1418541,442521,Numbers,14,44,משה,nmpr,pers,A:person-candidate,Torah
79319,1418542,442525,Numbers,14,45,חרמה,nmpr,topo,F:unclassified-name,Torah
79322,1418543,442526,Numbers,15,1,יהוה,nmpr,pers,E:YHWH,Torah
79323,1418543,442526,Numbers,15,1,אל,prep,,C:divine-title-candidate,Torah
79324,1418543,442526,Numbers,15,1,משה,nmpr,pers,A:person-candidate,Torah
79328,1418544,442528,Numbers,15,2,אל,prep,,C:divine-title-candidate,Torah
79330,1418544,442528,Numbers,15,2,ישראל,nmpr,"pers,gens,topo",F:unclassified-name,Torah
79333,1418544,442529,Numbers,15,2,אל,prep,,C:divine-title-candidate,Torah
79336,1418544,442530,Numbers,15,2,אל,prep,,C:divine-title-candidate,Torah
79347,1418545,442532,Numbers,15,3,יהוה,nmpr,pers,E:YHWH,Torah
79365,1418545,442535,Numbers,15,3,יהוה,nmpr,pers,E:YHWH,Torah
79379,1418546,442537,Numbers,15,4,יהוה,nmpr,pers,E:YHWH,Torah
79438,1418549,442543,Numbers,15,7,יהוה,nmpr,pers,E:YHWH,Torah
79453,1418550,442546,Numbers,15,8,יהוה,nmpr,pers,E:YHWH,Torah
79484,1418552,442550,Numbers,15,10,יהוה,nmpr,pers,E:YHWH,Torah
79534,1418555,442555,Numbers,15,13,יהוה,nmpr,pers,E:YHWH,Torah
79552,1418556,442558,Numbers,15,14,יהוה,nmpr,pers,E:YHWH,Torah
79580,1418557,442564,Numbers,15,15,יהוה,nmpr,pers,E:YHWH,Torah
79597,1418559,442567,Numbers,15,17,יהוה,nmpr,pers,E:YHWH,Torah
79598,1418559,442567,Numbers,15,17,אל,prep,,C:divine-title-candidate,Torah
79599,1418559,442567,Numbers,15,17,משה,nmpr,pers,A:person-candidate,Torah
79603,1418560,442569,Numbers,15,18,אל,prep,,C:divine-title-candidate,Torah
79605,1418560,442569,Numbers,15,18,ישראל,nmpr,"pers,gens,topo",F:unclassified-name,Torah
79608,1418560,442570,Numbers,15,18,אל,prep,,C:divine-title-candidate,Torah
79611,1418560,442571,Numbers,15,18,אל,prep,,C:divine-title-candidate,Torah
79630,1418561,442575,Numbers,15,19,יהוה,nmpr,pers,E:YHWH,Torah
79647,1418563,442578,Numbers,15,21,יהוה,nmpr,pers,E:YHWH,Torah
79665,1418564,442581,Numbers,15,22,יהוה,nmpr,pers,E:YHWH,Torah
79666,1418564,442581,Numbers,15,22,אל,prep,,C:divine-title-candidate,Torah
79667,1418564,442581,Numbers,15,22,משה,nmpr,pers,A:person-candidate,Torah
79672,1418565,442582,Numbers,15,23,יהוה,nmpr,pers,E:YHWH,Torah
79673,1418565,442582,Numbers,15,23,אל,prep,,C:divine-title-candidate,Torah
79676,1418565,442582,Numbers,15,23,משה,nmpr,pers,A:person-candidate,Torah
79682,1418565,442583,Numbers,15,23,יהוה,nmpr,pers,E:YHWH,Torah
79712,1418566,442586,Numbers,15,24,יהוה,nmpr,pers,E:YHWH,Torah
79734,1418567,442589,Numbers,15,25,ישראל,nmpr,"pers,gens,topo",F:unclassified-name,Torah
79748,1418567,442592,Numbers,15,25,יהוה,nmpr,pers,E:YHWH,Torah
79753,1418567,442593,Numbers,15,25,יהוה,nmpr,pers,E:YHWH,Torah
79762,1418568,442594,Numbers,15,26,ישראל,nmpr,"pers,gens,topo",F:unclassified-name,Torah
79807,1418570,442600,Numbers,15,28,יהוה,nmpr,pers,E:YHWH,Torah
79818,1418571,442603,Numbers,15,29,ישראל,nmpr,"pers,gens,topo",F:unclassified-name,Torah
79852,1418572,442609,Numbers,15,30,יהוה,nmpr,pers,E:YHWH,Torah
79866,1418573,442611,Numbers,15,31,יהוה,nmpr,pers,E:YHWH,Torah
79883,1418574,442615,Numbers,15,32,ישראל,nmpr,"pers,gens,topo",F:unclassified-name,Torah
79904,1418575,442618,Numbers,15,33,אל,prep,,C:divine-title-candidate,Torah
79905,1418575,442618,Numbers,15,33,משה,nmpr,pers,A:person-candidate,Torah
79907,1418575,442618,Numbers,15,33,אל,prep,,C:divine-title-candidate,Torah
79908,1418575,442618,Numbers,15,33,אהרן,nmpr,pers,A:person-candidate,Torah
79910,1418575,442618,Numbers,15,33,אל,prep,,C:divine-title-candidate,Torah
79928,1418577,442624,Numbers,15,35,יהוה,nmpr,pers,E:YHWH,Torah
79929,1418577,442624,Numbers,15,35,אל,prep,,C:divine-title-candidate,Torah
79930,1418577,442624,Numbers,15,35,משה,nmpr,pers,A:person-candidate,Torah
79954,1418578,442627,Numbers,15,36,אל,prep,,C:divine-title-candidate,Torah
79971,1418578,442630,Numbers,15,36,יהוה,nmpr,pers,E:YHWH,Torah
79973,1418578,442630,Numbers,15,36,משה,nmpr,pers,A:person-candidate,Torah
79976,1418579,442631,Numbers,15,37,יהוה,nmpr,pers,E:YHWH,Torah
79977,1418579,442631,Numbers,15,37,אל,prep,,C:divine-title-candidate,Torah
79978,1418579,442631,Numbers,15,37,משה,nmpr,pers,A:person-candidate,Torah
79982,1418580,442633,Numbers,15,38,אל,prep,,C:divine-title-candidate,Torah
79984,1418580,442633,Numbers,15,38,ישראל,nmpr,"pers,gens,topo",F:unclassified-name,Torah
79987,1418580,442634,Numbers,15,38,אל,prep,,C:divine-title-candidate,Torah
80018,1418581,442639,Numbers,15,39,יהוה,nmpr,pers,E:YHWH,Torah
80045,1418582,442645,Numbers,15,40,אלהים,subs,,D:Elohim,Torah
80047,1418583,442646,Numbers,15,41,יהוה,nmpr,pers,E:YHWH,Torah
80048,1418583,442646,Numbers,15,41,אלהים,subs,,D:Elohim,Torah
80054,1418583,442647,Numbers,15,41,מצרים,nmpr,topo,F:unclassified-name,Torah
80059,1418583,442648,Numbers,15,41,אלהים,subs,,D:Elohim,Torah
80061,1418583,442649,Numbers,15,41,יהוה,nmpr,pers,E:YHWH,Torah
80062,1418583,442649,Numbers,15,41,אלהים,subs,,D:Elohim,Torah
80065,1418584,442650,Numbers,16,1,קרח,nmpr,pers,A:person-candidate,Torah
80067,1418584,442650,Numbers,16,1,יצהר,nmpr,pers,A:person-candidate,Torah
80069,1418584,442650,Numbers,16,1,קהת,nmpr,pers,A:person-candidate,Torah
80071,1418584,442650,Numbers,16,1,לוי,nmpr,"pers,gens",F:unclassified-name,Torah
80073,1418584,442650,Numbers,16,1,דתן,nmpr,pers,A:person-candidate,Torah
80075,1418584,442650,Numbers,16,1,אבירם,nmpr,pers,A:person-candidate,Torah
80077,1418584,442650,Numbers,16,1,אליאב,nmpr,pers,A:person-candidate,Torah
80079,1418584,442650,Numbers,16,1,און,nmpr,pers,A:person-candidate,Torah
80081,1418584,442650,Numbers,16,1,פלת,nmpr,pers,A:person-candidate,Torah
80083,1418584,442650,Numbers,16,1,ראובן,nmpr,"pers,gens,topo",F:unclassified-name,Torah
80088,1418585,442651,Numbers,16,2,משה,nmpr,pers,A:person-candidate,Torah
80093,1418585,442652,Numbers,16,2,ישראל,nmpr,"pers,gens,topo",F:unclassified-name,Torah
80106,1418586,442653,Numbers,16,3,משה,nmpr,pers,A:person-candidate,Torah
80109,1418586,442653,Numbers,16,3,אהרן,nmpr,pers,A:person-candidate,Torah
80112,1418586,442654,Numbers,16,3,אל,prep,,C:divine-title-candidate,Torah
80124,1418586,442658,Numbers,16,3,יהוה,nmpr,pers,E:YHWH,Torah
80130,1418586,442659,Numbers,16,3,יהוה,nmpr,pers,E:YHWH,Torah
80133,1418587,442660,Numbers,16,4,משה,nmpr,pers,A:person-candidate,Torah
80140,1418588,442662,Numbers,16,5,אל,prep,,C:divine-title-candidate,Torah
80141,1418588,442662,Numbers,16,5,קרח,nmpr,pers,A:person-candidate,Torah
80143,1418588,442662,Numbers,16,5,אל,prep,,C:divine-title-candidate,Torah
80151,1418588,442665,Numbers,16,5,יהוה,nmpr,pers,E:YHWH,Torah
80161,1418588,442668,Numbers,16,5,אל,prep,,C:divine-title-candidate,Torah
80168,1418588,442669,Numbers,16,5,אל,prep,,C:divine-title-candidate,Torah
80174,1418589,442673,Numbers,16,6,קרח,nmpr,pers,A:person-candidate,Torah
80188,1418590,442675,Numbers,16,7,יהוה,nmpr,pers,E:YHWH,Torah
80196,1418590,442678,Numbers,16,7,יהוה,nmpr,pers,E:YHWH,Torah
80203,1418590,442681,Numbers,16,7,לוי,nmpr,"pers,gens",F:unclassified-name,Torah
80206,1418591,442682,Numbers,16,8,משה,nmpr,pers,A:person-candidate,Torah
80207,1418591,442682,Numbers,16,8,אל,prep,,C:divine-title-candidate,Torah
80208,1418591,442682,Numbers,16,8,קרח,nmpr,pers,A:person-candidate,Torah
80212,1418591,442684,Numbers,16,8,לוי,nmpr,"pers,gens",F:unclassified-name,Torah
80218,1418592,442686,Numbers,16,9,אלהים,subs,,D:Elohim,Torah
80219,1418592,442686,Numbers,16,9,ישראל,nmpr,"pers,gens,topo",F:unclassified-name,Torah
80223,1418592,442686,Numbers,16,9,ישראל,nmpr,"pers,gens,topo",F:unclassified-name,Torah
80227,1418592,442687,Numbers,16,9,אל,prep,,C:divine-title-candidate,Torah
80233,1418592,442688,Numbers,16,9,יהוה,nmpr,pers,E:YHWH,Torah
80251,1418593,442691,Numbers,16,10,לוי,nmpr,"pers,gens",F:unclassified-name,Torah
80265,1418594,442694,Numbers,16,11,יהוה,nmpr,pers,E:YHWH,Torah
80267,1418594,442695,Numbers,16,11,אהרן,nmpr,pers,A:person-candidate,Torah
80275,1418595,442698,Numbers,16,12,משה,nmpr,pers,A:person-candidate,Torah
80279,1418595,442699,Numbers,16,12,דתן,nmpr,pers,A:person-candidate,Torah
80282,1418595,442699,Numbers,16,12,אבירם,nmpr,pers,A:person-candidate,Torah
80284,1418595,442699,Numbers,16,12,אליאב,nmpr,pers,A:person-candidate,Torah
80311,1418597,442706,Numbers,16,14,אל,prep,,C:divine-title-candidate,Torah
80337,1418598,442710,Numbers,16,15,משה,nmpr,pers,A:person-candidate,Torah
80341,1418598,442711,Numbers,16,15,אל,prep,,C:divine-title-candidate,Torah
80342,1418598,442711,Numbers,16,15,יהוה,nmpr,pers,E:YHWH,Torah
80343,1418598,442712,Numbers,16,15,אל,nega,,C:divine-title-candidate,Torah
80345,1418598,442712,Numbers,16,15,אל,prep,,C:divine-title-candidate,Torah
80360,1418599,442715,Numbers,16,16,משה,nmpr,pers,A:person-candidate,Torah
80361,1418599,442715,Numbers,16,16,אל,prep,,C:divine-title-candidate,Torah
80362,1418599,442715,Numbers,16,16,קרח,nmpr,pers,A:person-candidate,Torah
80370,1418599,442716,Numbers,16,16,יהוה,nmpr,pers,E:YHWH,Torah
80375,1418599,442716,Numbers,16,16,אהרן,nmpr,pers,A:person-candidate,Torah
80389,1418600,442720,Numbers,16,17,יהוה,nmpr,pers,E:YHWH,Torah
80399,1418600,442722,Numbers,16,17,אהרן,nmpr,pers,A:person-candidate,Torah
80420,1418601,442729,Numbers,16,18,משה,nmpr,pers,A:person-candidate,Torah
80422,1418601,442729,Numbers,16,18,אהרן,nmpr,pers,A:person-candidate,Torah
80426,1418602,442730,Numbers,16,19,קרח,nmpr,pers,A:person-candidate,Torah
80431,1418602,442730,Numbers,16,19,אל,prep,,C:divine-title-candidate,Torah
80438,1418602,442731,Numbers,16,19,יהוה,nmpr,pers,E:YHWH,Torah
80439,1418602,442731,Numbers,16,19,אל,prep,,C:divine-title-candidate,Torah
80445,1418603,442732,Numbers,16,20,יהוה,nmpr,pers,E:YHWH,Torah
80446,1418603,442732,Numbers,16,20,אל,prep,,C:divine-title-candidate,Torah
80447,1418603,442732,Numbers,16,20,משה,nmpr,pers,A:person-candidate,Torah
80449,1418603,442732,Numbers,16,20,אל,prep,,C:divine-title-candidate,Torah
80450,1418603,442732,Numbers,16,20,אהרן,nmpr,pers,A:person-candidate,Torah
80471,1418605,442738,Numbers,16,22,אל,subs,,C:divine-title-candidate,Torah
80472,1418605,442738,Numbers,16,22,אלהים,subs,,D:Elohim,Torah
80490,1418606,442741,Numbers,16,23,יהוה,nmpr,pers,E:YHWH,Torah
80491,1418606,442741,Numbers,16,23,אל,prep,,C:divine-title-candidate,Torah
80492,1418606,442741,Numbers,16,23,משה,nmpr,pers,A:person-candidate,Torah
80496,1418607,442743,Numbers,16,24,אל,prep,,C:divine-title-candidate,Torah
80506,1418607,442745,Numbers,16,24,קרח,nmpr,pers,A:person-candidate,Torah
80507,1418607,442745,Numbers,16,24,דתן,nmpr,pers,A:person-candidate,Torah
80509,1418607,442745,Numbers,16,24,אבירם,nmpr,pers,A:person-candidate,Torah
80512,1418608,442746,Numbers,16,25,משה,nmpr,pers,A:person-candidate,Torah
80515,1418608,442747,Numbers,16,25,אל,prep,,C:divine-title-candidate,Torah
80516,1418608,442747,Numbers,16,25,דתן,nmpr,pers,A:person-candidate,Torah
80518,1418608,442747,Numbers,16,25,אבירם,nmpr,pers,A:person-candidate,Torah
80523,1418608,442748,Numbers,16,25,ישראל,nmpr,"pers,gens,topo",F:unclassified-name,Torah
80526,1418609,442749,Numbers,16,26,אל,prep,,C:divine-title-candidate,Torah
80543,1418609,442752,Numbers,16,26,אל,nega,,C:divine-title-candidate,Torah
80559,1418610,442755,Numbers,16,27,קרח,nmpr,pers,A:person-candidate,Torah
80560,1418610,442755,Numbers,16,27,דתן,nmpr,pers,A:person-candidate,Torah
80562,1418610,442755,Numbers,16,27,אבירם,nmpr,pers,A:person-candidate,Torah
80566,1418610,442756,Numbers,16,27,דתן,nmpr,pers,A:person-candidate,Torah
80568,1418610,442756,Numbers,16,27,אבירם,nmpr,pers,A:person-candidate,Torah
80581,1418611,442759,Numbers,16,28,משה,nmpr,pers,A:person-candidate,Torah
80586,1418611,442761,Numbers,16,28,יהוה,nmpr,pers,E:YHWH,Torah
80616,1418612,442766,Numbers,16,29,יהוה,nmpr,pers,E:YHWH,Torah
80622,1418613,442767,Numbers,16,30,יהוה,nmpr,pers,E:YHWH,Torah
80640,1418613,442771,Numbers,16,30,שאול,subs,,A:person-candidate,Torah
80650,1418613,442773,Numbers,16,30,יהוה,nmpr,pers,E:YHWH,Torah
80688,1418615,442781,Numbers,16,32,קרח,nmpr,pers,A:person-candidate,Torah
80702,1418616,442782,Numbers,16,33,שאול,subs,,A:person-candidate,Torah
80716,1418617,442786,Numbers,16,34,ישראל,nmpr,"pers,gens,topo",F:unclassified-name,Torah
80733,1418618,442790,Numbers,16,35,יהוה,nmpr,pers,E:YHWH,Torah
80747,1418619,442793,Numbers,17,1,יהוה,nmpr,pers,E:YHWH,Torah
80748,1418619,442793,Numbers,17,1,אל,prep,,C:divine-title-candidate,Torah
80749,1418619,442793,Numbers,17,1,משה,nmpr,pers,A:person-candidate,Torah
80753,1418620,442795,Numbers,17,2,אל,prep,,C:divine-title-candidate,Torah
80754,1418620,442795,Numbers,17,2,אלעזר,nmpr,pers,A:person-candidate,Torah
80756,1418620,442795,Numbers,17,2,אהרן,nmpr,pers,A:person-candidate,Torah
80797,1418621,442801,Numbers,17,3,יהוה,nmpr,pers,E:YHWH,Torah
80806,1418621,442803,Numbers,17,3,ישראל,nmpr,"pers,gens,topo",F:unclassified-name,Torah
80809,1418622,442804,Numbers,17,4,אלעזר,nmpr,pers,A:person-candidate,Torah
80829,1418623,442807,Numbers,17,5,ישראל,nmpr,"pers,gens,topo",F:unclassified-name,Torah
80840,1418623,442809,Numbers,17,5,אהרן,nmpr,pers,A:person-candidate,Torah
80847,1418623,442810,Numbers,17,5,יהוה,nmpr,pers,E:YHWH,Torah
80852,1418623,442811,Numbers,17,5,קרח,nmpr,pers,A:person-candidate,Torah
80859,1418623,442812,Numbers,17,5,יהוה,nmpr,pers,E:YHWH,Torah
80862,1418623,442812,Numbers,17,5,משה,nmpr,pers,A:person-candidate,Torah
80869,1418624,442813,Numbers,17,6,ישראל,nmpr,"pers,gens,topo",F:unclassified-name,Torah
80873,1418624,442813,Numbers,17,6,משה,nmpr,pers,A:person-candidate,Torah
80876,1418624,442813,Numbers,17,6,אהרן,nmpr,pers,A:person-candidate,Torah
80883,1418624,442815,Numbers,17,6,יהוה,nmpr,pers,E:YHWH,Torah
80891,1418625,442817,Numbers,17,7,משה,nmpr,pers,A:person-candidate,Torah
80894,1418625,442817,Numbers,17,7,אהרן,nmpr,pers,A:person-candidate,Torah
80897,1418625,442818,Numbers,17,7,אל,prep,,C:divine-title-candidate,Torah
80908,1418625,442820,Numbers,17,7,יהוה,nmpr,pers,E:YHWH,Torah
80911,1418626,442821,Numbers,17,8,משה,nmpr,pers,A:person-candidate,Torah
80913,1418626,442821,Numbers,17,8,אהרן,nmpr,pers,A:person-candidate,Torah
80914,1418626,442821,Numbers,17,8,אל,prep,,C:divine-title-candidate,Torah
80920,1418627,442822,Numbers,17,9,יהוה,nmpr,pers,E:YHWH,Torah
80921,1418627,442822,Numbers,17,9,אל,prep,,C:divine-title-candidate,Torah
80922,1418627,442822,Numbers,17,9,משה,nmpr,pers,A:person-candidate,Torah
80943,1418629,442827,Numbers,17,11,משה,nmpr,pers,A:person-candidate,Torah
80944,1418629,442827,Numbers,17,11,אל,prep,,C:divine-title-candidate,Torah
80945,1418629,442827,Numbers,17,11,אהרן,nmpr,pers,A:person-candidate,Torah
80964,1418629,442831,Numbers,17,11,אל,prep,,C:divine-title-candidate,Torah
80977,1418629,442833,Numbers,17,11,יהוה,nmpr,pers,E:YHWH,Torah
80983,1418630,442835,Numbers,17,12,אהרן,nmpr,pers,A:person-candidate,Torah
80987,1418630,442836,Numbers,17,12,משה,nmpr,pers,A:person-candidate,Torah
80990,1418630,442837,Numbers,17,12,אל,prep,,C:divine-title-candidate,Torah
81045,1418632,442845,Numbers,17,14,קרח,nmpr,pers,A:person-candidate,Torah
81048,1418633,442846,Numbers,17,15,אהרן,nmpr,pers,A:person-candidate,Torah
81049,1418633,442846,Numbers,17,15,אל,prep,,C:divine-title-candidate,Torah
81050,1418633,442846,Numbers,17,15,משה,nmpr,pers,A:person-candidate,Torah
81051,1418633,442846,Numbers,17,15,אל,prep,,C:divine-title-candidate,Torah
81061,1418634,442848,Numbers,17,16,יהוה,nmpr,pers,E:YHWH,Torah
81062,1418634,442848,Numbers,17,16,אל,prep,,C:divine-title-candidate,Torah
81063,1418634,442848,Numbers,17,16,משה,nmpr,pers,A:person-candidate,Torah
81067,1418635,442850,Numbers,17,17,אל,prep,,C:divine-title-candidate,Torah
81069,1418635,442850,Numbers,17,17,ישראל,nmpr,"pers,gens,topo",F:unclassified-name,Torah
81098,1418636,442854,Numbers,17,18,אהרן,nmpr,pers,A:person-candidate,Torah
81102,1418636,442854,Numbers,17,18,לוי,nmpr,"pers,gens",F:unclassified-name,Torah
81139,1418638,442862,Numbers,17,20,ישראל,nmpr,"pers,gens,topo",F:unclassified-name,Torah
81146,1418639,442864,Numbers,17,21,משה,nmpr,pers,A:person-candidate,Torah
81147,1418639,442864,Numbers,17,21,אל,prep,,C:divine-title-candidate,Torah
81149,1418639,442864,Numbers,17,21,ישראל,nmpr,"pers,gens,topo",F:unclassified-name,Torah
81152,1418639,442865,Numbers,17,21,אל,prep,,C:divine-title-candidate,Torah
81171,1418639,442866,Numbers,17,21,אהרן,nmpr,pers,A:person-candidate,Torah
81177,1418640,442867,Numbers,17,22,משה,nmpr,pers,A:person-candidate,Torah
81183,1418640,442867,Numbers,17,22,יהוה,nmpr,pers,E:YHWH,Torah
81194,1418641,442869,Numbers,17,23,משה,nmpr,pers,A:person-candidate,Torah
81195,1418641,442869,Numbers,17,23,אל,prep,,C:divine-title-candidate,Torah
81203,1418641,442870,Numbers,17,23,אהרן,nmpr,pers,A:person-candidate,Torah
81206,1418641,442870,Numbers,17,23,לוי,nmpr,"pers,gens",F:unclassified-name,Torah
81218,1418642,442874,Numbers,17,24,משה,nmpr,pers,A:person-candidate,Torah
81226,1418642,442874,Numbers,17,24,יהוה,nmpr,pers,E:YHWH,Torah
81227,1418642,442874,Numbers,17,24,אל,prep,,C:divine-title-candidate,Torah
81230,1418642,442874,Numbers,17,24,ישראל,nmpr,"pers,gens,topo",F:unclassified-name,Torah
81239,1418643,442878,Numbers,17,25,יהוה,nmpr,pers,E:YHWH,Torah
81240,1418643,442878,Numbers,17,25,אל,prep,,C:divine-title-candidate,Torah
81241,1418643,442878,Numbers,17,25,משה,nmpr,pers,A:person-candidate,Torah
81245,1418643,442879,Numbers,17,25,אהרן,nmpr,pers,A:person-candidate,Torah
81267,1418644,442882,Numbers,17,26,משה,nmpr,pers,A:person-candidate,Torah
81271,1418644,442883,Numbers,17,26,יהוה,nmpr,pers,E:YHWH,Torah
81278,1418645,442885,Numbers,17,27,ישראל,nmpr,"pers,gens,topo",F:unclassified-name,Torah
81279,1418645,442885,Numbers,17,27,אל,prep,,C:divine-title-candidate,Torah
81280,1418645,442885,Numbers,17,27,משה,nmpr,pers,A:person-candidate,Torah
81293,1418646,442892,Numbers,17,28,אל,prep,,C:divine-title-candidate,Torah
81295,1418646,442892,Numbers,17,28,יהוה,nmpr,pers,E:YHWH,Torah
81304,1418647,442895,Numbers,18,1,יהוה,nmpr,pers,E:YHWH,Torah
81305,1418647,442895,Numbers,18,1,אל,prep,,C:divine-title-candidate,Torah
81306,1418647,442895,Numbers,18,1,אהרן,nmpr,pers,A:person-candidate,Torah
81333,1418648,442898,Numbers,18,2,לוי,nmpr,"pers,gens",F:unclassified-name,Torah
81362,1418649,442903,Numbers,18,3,אל,prep,,C:divine-title-candidate,Torah
81367,1418649,442903,Numbers,18,3,אל,prep,,C:divine-title-candidate,Torah
81397,1418650,442907,Numbers,18,4,אל,prep,,C:divine-title-candidate,Torah
81416,1418651,442909,Numbers,18,5,ישראל,nmpr,"pers,gens,topo",F:unclassified-name,Torah
81428,1418652,442911,Numbers,18,6,ישראל,nmpr,"pers,gens,topo",F:unclassified-name,Torah
81433,1418652,442912,Numbers,18,6,יהוה,nmpr,pers,E:YHWH,Torah
81475,1418654,442919,Numbers,18,8,יהוה,nmpr,pers,E:YHWH,Torah
81476,1418654,442919,Numbers,18,8,אל,prep,,C:divine-title-candidate,Torah
81477,1418654,442919,Numbers,18,8,אהרן,nmpr,pers,A:person-candidate,Torah
81490,1418654,442922,Numbers,18,8,ישראל,nmpr,"pers,gens,topo",F:unclassified-name,Torah
81555,1418657,442933,Numbers,18,11,ישראל,nmpr,"pers,gens,topo",F:unclassified-name,Torah
81587,1418658,442938,Numbers,18,12,יהוה,nmpr,pers,E:YHWH,Torah
81598,1418659,442942,Numbers,18,13,יהוה,nmpr,pers,E:YHWH,Torah
81609,1418660,442944,Numbers,18,14,ישראל,nmpr,"pers,gens,topo",F:unclassified-name,Torah
81621,1418661,442946,Numbers,18,15,יהוה,nmpr,pers,E:YHWH,Torah
81692,1418663,442954,Numbers,18,17,יהוה,nmpr,pers,E:YHWH,Torah
81715,1418665,442958,Numbers,18,19,ישראל,nmpr,"pers,gens,topo",F:unclassified-name,Torah
81717,1418665,442958,Numbers,18,19,יהוה,nmpr,pers,E:YHWH,Torah
81736,1418665,442959,Numbers,18,19,יהוה,nmpr,pers,E:YHWH,Torah
81744,1418666,442960,Numbers,18,20,יהוה,nmpr,pers,E:YHWH,Torah
81745,1418666,442960,Numbers,18,20,אל,prep,,C:divine-title-candidate,Torah
81746,1418666,442960,Numbers,18,20,אהרן,nmpr,pers,A:person-candidate,Torah
81765,1418666,442963,Numbers,18,20,ישראל,nmpr,"pers,gens,topo",F:unclassified-name,Torah
81769,1418667,442964,Numbers,18,21,לוי,nmpr,"pers,gens",F:unclassified-name,Torah
81775,1418667,442965,Numbers,18,21,ישראל,nmpr,"pers,gens,topo",F:unclassified-name,Torah
81792,1418668,442967,Numbers,18,22,ישראל,nmpr,"pers,gens,topo",F:unclassified-name,Torah
81793,1418668,442967,Numbers,18,22,אל,prep,,C:divine-title-candidate,Torah
81822,1418669,442973,Numbers,18,23,ישראל,nmpr,"pers,gens,topo",F:unclassified-name,Torah
81830,1418670,442974,Numbers,18,24,ישראל,nmpr,"pers,gens,topo",F:unclassified-name,Torah
81834,1418670,442975,Numbers,18,24,יהוה,nmpr,pers,E:YHWH,Torah
81849,1418670,442977,Numbers,18,24,ישראל,nmpr,"pers,gens,topo",F:unclassified-name,Torah
81855,1418671,442978,Numbers,18,25,יהוה,nmpr,pers,E:YHWH,Torah
81856,1418671,442978,Numbers,18,25,אל,prep,,C:divine-title-candidate,Torah
81857,1418671,442978,Numbers,18,25,משה,nmpr,pers,A:person-candidate,Torah
81861,1418672,442980,Numbers,18,26,אל,prep,,C:divine-title-candidate,Torah
81867,1418672,442981,Numbers,18,26,אל,prep,,C:divine-title-candidate,Torah
81873,1418672,442982,Numbers,18,26,ישראל,nmpr,"pers,gens,topo",F:unclassified-name,Torah
81888,1418672,442984,Numbers,18,26,יהוה,nmpr,pers,E:YHWH,Torah
81915,1418674,442986,Numbers,18,28,יהוה,nmpr,pers,E:YHWH,Torah
81924,1418674,442987,Numbers,18,28,ישראל,nmpr,"pers,gens,topo",F:unclassified-name,Torah
81930,1418674,442988,Numbers,18,28,יהוה,nmpr,pers,E:YHWH,Torah
81932,1418674,442988,Numbers,18,28,אהרן,nmpr,pers,A:person-candidate,Torah
81942,1418675,442989,Numbers,18,29,יהוה,nmpr,pers,E:YHWH,Torah
81951,1418676,442991,Numbers,18,30,אל,prep,,C:divine-title-candidate,Torah
82001,1418678,442998,Numbers,18,32,ישראל,nmpr,"pers,gens,topo",F:unclassified-name,Torah
82009,1418679,443000,Numbers,19,1,יהוה,nmpr,pers,E:YHWH,Torah
82010,1418679,443000,Numbers,19,1,אל,prep,,C:divine-title-candidate,Torah
82011,1418679,443000,Numbers,19,1,משה,nmpr,pers,A:person-candidate,Torah
82013,1418679,443000,Numbers,19,1,אל,prep,,C:divine-title-candidate,Torah
82014,1418679,443000,Numbers,19,1,אהרן,nmpr,pers,A:person-candidate,Torah
82023,1418680,443003,Numbers,19,2,יהוה,nmpr,pers,E:YHWH,Torah
82027,1418680,443005,Numbers,19,2,אל,prep,,C:divine-title-candidate,Torah
82029,1418680,443005,Numbers,19,2,ישראל,nmpr,"pers,gens,topo",F:unclassified-name,Torah
82032,1418680,443006,Numbers,19,2,אל,prep,,C:divine-title-candidate,Torah
82048,1418681,443009,Numbers,19,3,אל,prep,,C:divine-title-candidate,Torah
82049,1418681,443009,Numbers,19,3,אלעזר,nmpr,pers,A:person-candidate,Torah
82055,1418681,443010,Numbers,19,3,אל,prep,,C:divine-title-candidate,Torah
82068,1418682,443012,Numbers,19,4,אלעזר,nmpr,pers,A:person-candidate,Torah
82077,1418682,443013,Numbers,19,4,אל,prep,,C:divine-title-candidate,Torah
82117,1418684,443017,Numbers,19,6,אל,prep,,C:divine-title-candidate,Torah
82136,1418685,443020,Numbers,19,7,אל,prep,,C:divine-title-candidate,Torah
82189,1418687,443028,Numbers,19,9,ישראל,nmpr,"pers,gens,topo",F:unclassified-name,Torah
82216,1418688,443033,Numbers,19,10,ישראל,nmpr,"pers,gens,topo",F:unclassified-name,Torah
82288,1418691,443045,Numbers,19,13,יהוה,nmpr,pers,E:YHWH,Torah
82297,1418691,443046,Numbers,19,13,ישראל,nmpr,"pers,gens,topo",F:unclassified-name,Torah
82320,1418692,443054,Numbers,19,14,אל,prep,,C:divine-title-candidate,Torah
82382,1418695,443062,Numbers,19,17,אל,prep,,C:divine-title-candidate,Torah
82488,1418698,443077,Numbers,19,20,יהוה,nmpr,pers,E:YHWH,Torah
82541,1418701,443088,Numbers,20,1,ישראל,nmpr,"pers,gens,topo",F:unclassified-name,Torah
82546,1418701,443088,Numbers,20,1,צן,nmpr,topo,F:unclassified-name,Torah
82557,1418701,443089,Numbers,20,1,קדש,nmpr,topo,F:unclassified-name,Torah
82561,1418701,443090,Numbers,20,1,מרים,nmpr,pers,A:person-candidate,Torah
82575,1418702,443093,Numbers,20,2,משה,nmpr,pers,A:person-candidate,Torah
82578,1418702,443093,Numbers,20,2,אהרן,nmpr,pers,A:person-candidate,Torah
82584,1418703,443094,Numbers,20,3,משה,nmpr,pers,A:person-candidate,Torah
82597,1418703,443098,Numbers,20,3,יהוה,nmpr,pers,E:YHWH,Torah
82603,1418704,443099,Numbers,20,4,יהוה,nmpr,pers,E:YHWH,Torah
82604,1418704,443099,Numbers,20,4,אל,prep,,C:divine-title-candidate,Torah
82619,1418705,443101,Numbers,20,5,מצרים,nmpr,topo,F:unclassified-name,Torah
82623,1418705,443102,Numbers,20,5,אל,prep,,C:divine-title-candidate,Torah
82638,1418705,443103,Numbers,20,5,רמון,subs,,B:deity-candidate,Torah
82646,1418706,443106,Numbers,20,6,משה,nmpr,pers,A:person-candidate,Torah
82648,1418706,443106,Numbers,20,6,אהרן,nmpr,pers,A:person-candidate,Torah
82653,1418706,443106,Numbers,20,6,אל,prep,,C:divine-title-candidate,Torah
82664,1418706,443108,Numbers,20,6,יהוה,nmpr,pers,E:YHWH,Torah
82665,1418706,443108,Numbers,20,6,אל,prep,,C:divine-title-candidate,Torah
82668,1418707,443109,Numbers,20,7,יהוה,nmpr,pers,E:YHWH,Torah
82669,1418707,443109,Numbers,20,7,אל,prep,,C:divine-title-candidate,Torah
82670,1418707,443109,Numbers,20,7,משה,nmpr,pers,A:person-candidate,Torah
82684,1418708,443112,Numbers,20,8,אהרן,nmpr,pers,A:person-candidate,Torah
82688,1418708,443113,Numbers,20,8,אל,prep,,C:divine-title-candidate,Torah
82713,1418709,443117,Numbers,20,9,משה,nmpr,pers,A:person-candidate,Torah
82720,1418709,443117,Numbers,20,9,יהוה,nmpr,pers,E:YHWH,Torah
82726,1418710,443119,Numbers,20,10,משה,nmpr,pers,A:person-candidate,Torah
82728,1418710,443119,Numbers,20,10,אהרן,nmpr,pers,A:person-candidate,Torah
82732,1418710,443119,Numbers,20,10,אל,prep,,C:divine-title-candidate,Torah
82754,1418711,443124,Numbers,20,11,משה,nmpr,pers,A:person-candidate,Torah
82777,1418712,443128,Numbers,20,12,יהוה,nmpr,pers,E:YHWH,Torah
82778,1418712,443128,Numbers,20,12,אל,prep,,C:divine-title-candidate,Torah
82779,1418712,443128,Numbers,20,12,משה,nmpr,pers,A:person-candidate,Torah
82781,1418712,443128,Numbers,20,12,אל,prep,,C:divine-title-candidate,Torah
82782,1418712,443128,Numbers,20,12,אהרן,nmpr,pers,A:person-candidate,Torah
82792,1418712,443130,Numbers,20,12,ישראל,nmpr,"pers,gens,topo",F:unclassified-name,Torah
82801,1418712,443131,Numbers,20,12,אל,prep,,C:divine-title-candidate,Torah
82809,1418713,443133,Numbers,20,13,מריבה,nmpr,topo,F:unclassified-name,Torah
82813,1418713,443134,Numbers,20,13,ישראל,nmpr,"pers,gens,topo",F:unclassified-name,Torah
82815,1418713,443134,Numbers,20,13,יהוה,nmpr,pers,E:YHWH,Torah
82821,1418714,443136,Numbers,20,14,משה,nmpr,pers,A:person-candidate,Torah
82824,1418714,443136,Numbers,20,14,קדש,nmpr,topo,F:unclassified-name,Torah
82825,1418714,443136,Numbers,20,14,אל,prep,,C:divine-title-candidate,Torah
82826,1418714,443136,Numbers,20,14,מלך,subs,,B:deity-candidate,Torah
82827,1418714,443136,Numbers,20,14,אדום,nmpr,topo,F:unclassified-name,Torah
82831,1418714,443137,Numbers,20,14,ישראל,nmpr,"pers,gens,topo",F:unclassified-name,Torah
82843,1418715,443140,Numbers,20,15,מצרים,nmpr,topo,F:unclassified-name,Torah
82847,1418715,443141,Numbers,20,15,מצרים,nmpr,topo,F:unclassified-name,Torah
82853,1418715,443142,Numbers,20,15,מצרים,nmpr,topo,F:unclassified-name,Torah
82859,1418716,443143,Numbers,20,16,אל,prep,,C:divine-title-candidate,Torah
82860,1418716,443143,Numbers,20,16,יהוה,nmpr,pers,E:YHWH,Torah
82870,1418716,443146,Numbers,20,16,מצרים,nmpr,topo,F:unclassified-name,Torah
82875,1418716,443147,Numbers,20,16,קדש,nmpr,topo,F:unclassified-name,Torah
82897,1418717,443151,Numbers,20,17,מלך,subs,,B:deity-candidate,Torah
82910,1418718,443154,Numbers,20,18,אל,prep,,C:divine-title-candidate,Torah
82911,1418718,443154,Numbers,20,18,אדום,nmpr,topo,F:unclassified-name,Torah
82924,1418719,443158,Numbers,20,19,אל,prep,,C:divine-title-candidate,Torah
82926,1418719,443158,Numbers,20,19,ישראל,nmpr,"pers,gens,topo",F:unclassified-name,Torah
82953,1418720,443166,Numbers,20,20,אדום,nmpr,topo,F:unclassified-name,Torah
82965,1418721,443168,Numbers,20,21,אדום,nmpr,topo,F:unclassified-name,Torah
82968,1418721,443169,Numbers,20,21,ישראל,nmpr,"pers,gens,topo",F:unclassified-name,Torah
82974,1418721,443171,Numbers,20,21,ישראל,nmpr,"pers,gens,topo",F:unclassified-name,Torah
82980,1418722,443172,Numbers,20,22,קדש,nmpr,topo,F:unclassified-name,Torah
82984,1418722,443173,Numbers,20,22,ישראל,nmpr,"pers,gens,topo",F:unclassified-name,Torah
82988,1418722,443173,Numbers,20,22,הר,nmpr,topo,F:unclassified-name,Torah
82993,1418723,443174,Numbers,20,23,יהוה,nmpr,pers,E:YHWH,Torah
82994,1418723,443174,Numbers,20,23,אל,prep,,C:divine-title-candidate,Torah
82995,1418723,443174,Numbers,20,23,משה,nmpr,pers,A:person-candidate,Torah
82997,1418723,443174,Numbers,20,23,אל,prep,,C:divine-title-candidate,Torah
82998,1418723,443174,Numbers,20,23,אהרן,nmpr,pers,A:person-candidate,Torah
83000,1418723,443174,Numbers,20,23,הר,nmpr,topo,F:unclassified-name,Torah
83006,1418723,443174,Numbers,20,23,אדום,nmpr,topo,F:unclassified-name,Torah
83010,1418724,443176,Numbers,20,24,אהרן,nmpr,pers,A:person-candidate,Torah
83011,1418724,443176,Numbers,20,24,אל,prep,,C:divine-title-candidate,Torah
83016,1418724,443177,Numbers,20,24,אל,prep,,C:divine-title-candidate,Torah
83023,1418724,443178,Numbers,20,24,ישראל,nmpr,"pers,gens,topo",F:unclassified-name,Torah
83031,1418724,443179,Numbers,20,24,מריבה,nmpr,topo,F:unclassified-name,Torah
83034,1418725,443180,Numbers,20,25,אהרן,nmpr,pers,A:person-candidate,Torah
83037,1418725,443180,Numbers,20,25,אלעזר,nmpr,pers,A:person-candidate,Torah
83042,1418725,443181,Numbers,20,25,הר,nmpr,topo,F:unclassified-name,Torah
83048,1418726,443182,Numbers,20,26,אהרן,nmpr,pers,A:person-candidate,Torah
83054,1418726,443183,Numbers,20,26,אלעזר,nmpr,pers,A:person-candidate,Torah
83057,1418726,443184,Numbers,20,26,אהרן,nmpr,pers,A:person-candidate,Torah
83064,1418727,443186,Numbers,20,27,משה,nmpr,pers,A:person-candidate,Torah
83068,1418727,443187,Numbers,20,27,יהוה,nmpr,pers,E:YHWH,Torah
83071,1418727,443188,Numbers,20,27,אל,prep,,C:divine-title-candidate,Torah
83072,1418727,443188,Numbers,20,27,הר,nmpr,topo,F:unclassified-name,Torah
83082,1418728,443189,Numbers,20,28,משה,nmpr,pers,A:person-candidate,Torah
83084,1418728,443189,Numbers,20,28,אהרן,nmpr,pers,A:person-candidate,Torah
83091,1418728,443190,Numbers,20,28,אלעזר,nmpr,pers,A:person-candidate,Torah
83095,1418728,443191,Numbers,20,28,אהרן,nmpr,pers,A:person-candidate,Torah
83103,1418728,443192,Numbers,20,28,משה,nmpr,pers,A:person-candidate,Torah
83105,1418728,443192,Numbers,20,28,אלעזר,nmpr,pers,A:person-candidate,Torah
83116,1418729,443194,Numbers,20,29,אהרן,nmpr,pers,A:person-candidate,Torah
83120,1418729,443195,Numbers,20,29,אהרן,nmpr,pers,A:person-candidate,Torah
83125,1418729,443195,Numbers,20,29,ישראל,nmpr,"pers,gens,topo",F:unclassified-name,Torah
83130,1418730,443196,Numbers,21,1,מלך,subs,,B:deity-candidate,Torah
83131,1418730,443196,Numbers,21,1,ערד,nmpr,topo,F:unclassified-name,Torah
83137,1418730,443198,Numbers,21,1,ישראל,nmpr,"pers,gens,topo",F:unclassified-name,Torah
83140,1418730,443198,Numbers,21,1,אתרים,nmpr,topo,F:unclassified-name,Torah
83144,1418730,443199,Numbers,21,1,ישראל,nmpr,"pers,gens,topo",F:unclassified-name,Torah
83151,1418731,443201,Numbers,21,2,ישראל,nmpr,"pers,gens,topo",F:unclassified-name,Torah
83154,1418731,443201,Numbers,21,2,יהוה,nmpr,pers,E:YHWH,Torah
83173,1418732,443205,Numbers,21,3,יהוה,nmpr,pers,E:YHWH,Torah
83176,1418732,443205,Numbers,21,3,ישראל,nmpr,"pers,gens,topo",F:unclassified-name,Torah
83193,1418732,443208,Numbers,21,3,חרמה,nmpr,topo,F:unclassified-name,Torah
83197,1418733,443209,Numbers,21,4,הר,nmpr,topo,F:unclassified-name,Torah
83207,1418733,443210,Numbers,21,4,אדום,nmpr,topo,F:unclassified-name,Torah
83221,1418734,443212,Numbers,21,5,אלהים,subs,,D:Elohim,Torah
83224,1418734,443212,Numbers,21,5,משה,nmpr,pers,A:person-candidate,Torah
83228,1418734,443213,Numbers,21,5,מצרים,nmpr,topo,F:unclassified-name,Torah
83250,1418735,443218,Numbers,21,6,יהוה,nmpr,pers,E:YHWH,Torah
83269,1418735,443220,Numbers,21,6,ישראל,nmpr,"pers,gens,topo",F:unclassified-name,Torah
83274,1418736,443221,Numbers,21,7,אל,prep,,C:divine-title-candidate,Torah
83275,1418736,443221,Numbers,21,7,משה,nmpr,pers,A:person-candidate,Torah
83282,1418736,443224,Numbers,21,7,יהוה,nmpr,pers,E:YHWH,Torah
83286,1418736,443225,Numbers,21,7,אל,prep,,C:divine-title-candidate,Torah
83287,1418736,443225,Numbers,21,7,יהוה,nmpr,pers,E:YHWH,Torah
83297,1418736,443227,Numbers,21,7,משה,nmpr,pers,A:person-candidate,Torah
83303,1418737,443228,Numbers,21,8,יהוה,nmpr,pers,E:YHWH,Torah
83304,1418737,443228,Numbers,21,8,אל,prep,,C:divine-title-candidate,Torah
83305,1418737,443228,Numbers,21,8,משה,nmpr,pers,A:person-candidate,Torah
83326,1418738,443234,Numbers,21,9,משה,nmpr,pers,A:person-candidate,Torah
83344,1418738,443238,Numbers,21,9,אל,prep,,C:divine-title-candidate,Torah
83353,1418739,443240,Numbers,21,10,ישראל,nmpr,"pers,gens,topo",F:unclassified-name,Torah
83357,1418739,443241,Numbers,21,10,אבת,nmpr,topo,F:unclassified-name,Torah
83361,1418740,443242,Numbers,21,11,אבת,nmpr,topo,F:unclassified-name,Torah
83365,1418740,443243,Numbers,21,11,עיי העברים,nmpr,topo,F:unclassified-name,Torah
83372,1418740,443244,Numbers,21,11,מואב,nmpr,"pers,gens,topo",F:unclassified-name,Torah
83384,1418741,443246,Numbers,21,12,זרד,nmpr,topo,F:unclassified-name,Torah
83392,1418742,443248,Numbers,21,13,ארנון,nmpr,topo,F:unclassified-name,Torah
83404,1418742,443251,Numbers,21,13,ארנון,nmpr,topo,F:unclassified-name,Torah
83406,1418742,443251,Numbers,21,13,מואב,nmpr,"pers,gens,topo",F:unclassified-name,Torah
83408,1418742,443251,Numbers,21,13,מואב,nmpr,"pers,gens,topo",F:unclassified-name,Torah
83419,1418743,443252,Numbers,21,14,יהוה,nmpr,pers,E:YHWH,Torah
83421,1418743,443253,Numbers,21,14,והב,nmpr,topo,F:unclassified-name,Torah
83423,1418743,443253,Numbers,21,14,סופה,nmpr,topo,F:unclassified-name,Torah
83428,1418743,443254,Numbers,21,14,ארנון,nmpr,topo,F:unclassified-name,Torah
83437,1418744,443257,Numbers,21,15,ער,nmpr,topo,F:unclassified-name,Torah
83442,1418744,443258,Numbers,21,15,מואב,nmpr,"pers,gens,topo",F:unclassified-name,Torah
83446,1418745,443259,Numbers,21,16,באר,nmpr,topo,F:unclassified-name,Torah
83452,1418745,443261,Numbers,21,16,יהוה,nmpr,pers,E:YHWH,Torah
83454,1418745,443261,Numbers,21,16,משה,nmpr,pers,A:person-candidate,Torah
83465,1418746,443264,Numbers,21,17,ישראל,nmpr,"pers,gens,topo",F:unclassified-name,Torah
83489,1418747,443271,Numbers,21,18,מתנה,nmpr,topo,F:unclassified-name,Torah
83492,1418748,443272,Numbers,21,19,מתנה,nmpr,topo,F:unclassified-name,Torah
83493,1418748,443272,Numbers,21,19,נחליאל,nmpr,topo,F:unclassified-name,Torah
83496,1418748,443273,Numbers,21,19,נחליאל,nmpr,topo,F:unclassified-name,Torah
83497,1418748,443273,Numbers,21,19,במות,nmpr,topo,F:unclassified-name,Torah
83500,1418749,443274,Numbers,21,20,במות,nmpr,topo,F:unclassified-name,Torah
83506,1418749,443275,Numbers,21,20,מואב,nmpr,"pers,gens,topo",F:unclassified-name,Torah
83509,1418749,443274,Numbers,21,20,פסגה,nmpr,topo,F:unclassified-name,Torah
83515,1418749,443276,Numbers,21,20,ישימן,nmpr,topo,F:unclassified-name,Torah
83518,1418750,443277,Numbers,21,21,ישראל,nmpr,"pers,gens,topo",F:unclassified-name,Torah
83520,1418750,443277,Numbers,21,21,אל,prep,,C:divine-title-candidate,Torah
83521,1418750,443277,Numbers,21,21,סיחון,nmpr,pers,A:person-candidate,Torah
83522,1418750,443277,Numbers,21,21,מלך,subs,,B:deity-candidate,Torah
83544,1418751,443282,Numbers,21,22,מלך,subs,,B:deity-candidate,Torah
83553,1418752,443284,Numbers,21,23,סיחון,nmpr,pers,A:person-candidate,Torah
83555,1418752,443284,Numbers,21,23,ישראל,nmpr,"pers,gens,topo",F:unclassified-name,Torah
83561,1418752,443286,Numbers,21,23,סיחון,nmpr,pers,A:person-candidate,Torah
83569,1418752,443288,Numbers,21,23,ישראל,nmpr,"pers,gens,topo",F:unclassified-name,Torah
83574,1418752,443289,Numbers,21,23,יהצה,nmpr,topo,F:unclassified-name,Torah
83578,1418752,443290,Numbers,21,23,ישראל,nmpr,"pers,gens,topo",F:unclassified-name,Torah
83581,1418753,443291,Numbers,21,24,ישראל,nmpr,"pers,gens,topo",F:unclassified-name,Torah
83590,1418753,443292,Numbers,21,24,ארנון,nmpr,topo,F:unclassified-name,Torah
83592,1418753,443292,Numbers,21,24,יבק,nmpr,topo,F:unclassified-name,Torah
83595,1418753,443292,Numbers,21,24,עמון,nmpr,gens,F:unclassified-name,Torah
83600,1418753,443293,Numbers,21,24,עמון,nmpr,gens,F:unclassified-name,Torah
83603,1418754,443294,Numbers,21,25,ישראל,nmpr,"pers,gens,topo",F:unclassified-name,Torah
83612,1418754,443295,Numbers,21,25,ישראל,nmpr,"pers,gens,topo",F:unclassified-name,Torah
83619,1418754,443295,Numbers,21,25,חשבון,nmpr,topo,F:unclassified-name,Torah
83625,1418755,443296,Numbers,21,26,חשבון,nmpr,topo,F:unclassified-name,Torah
83627,1418755,443297,Numbers,21,26,סיחון,nmpr,pers,A:person-candidate,Torah
83628,1418755,443297,Numbers,21,26,מלך,subs,,B:deity-candidate,Torah
83636,1418755,443298,Numbers,21,26,מלך,subs,,B:deity-candidate,Torah
83637,1418755,443298,Numbers,21,26,מואב,nmpr,"pers,gens,topo",F:unclassified-name,Torah
83648,1418755,443299,Numbers,21,26,ארנון,nmpr,topo,F:unclassified-name,Torah
83655,1418756,443302,Numbers,21,27,חשבון,nmpr,topo,F:unclassified-name,Torah
83660,1418756,443303,Numbers,21,27,סיחון,nmpr,pers,A:person-candidate,Torah
83665,1418757,443304,Numbers,21,28,חשבון,nmpr,topo,F:unclassified-name,Torah
83669,1418757,443305,Numbers,21,28,סיחון,nmpr,pers,A:person-candidate,Torah
83671,1418757,443306,Numbers,21,28,ער,nmpr,topo,F:unclassified-name,Torah
83672,1418757,443306,Numbers,21,28,מואב,nmpr,"pers,gens,topo",F:unclassified-name,Torah
83673,1418757,443307,Numbers,21,28,בעל,subs,,B:deity-candidate,Torah
83675,1418757,443307,Numbers,21,28,ארנון,nmpr,topo,F:unclassified-name,Torah
83678,1418758,443309,Numbers,21,29,מואב,nmpr,"pers,gens,topo",F:unclassified-name,Torah
83681,1418758,443311,Numbers,21,29,כמוש,nmpr,pers,B:deity-candidate,Torah
83691,1418758,443313,Numbers,21,29,מלך,subs,,B:deity-candidate,Torah
83693,1418758,443313,Numbers,21,29,סיחון,nmpr,pers,A:person-candidate,Torah
83697,1418759,443315,Numbers,21,30,חשבון,nmpr,topo,F:unclassified-name,Torah
83699,1418759,443315,Numbers,21,30,דיבן,nmpr,topo,F:unclassified-name,Torah
83703,1418759,443316,Numbers,21,30,נפח,nmpr,topo,F:unclassified-name,Torah
83706,1418759,443317,Numbers,21,30,מידבא,nmpr,topo,F:unclassified-name,Torah
83709,1418760,443318,Numbers,21,31,ישראל,nmpr,"pers,gens,topo",F:unclassified-name,Torah
83716,1418761,443319,Numbers,21,32,משה,nmpr,pers,A:person-candidate,Torah
83720,1418761,443320,Numbers,21,32,יעזר,nmpr,topo,F:unclassified-name,Torah
83737,1418762,443325,Numbers,21,33,בשן,nmpr,topo,F:unclassified-name,Torah
83740,1418762,443326,Numbers,21,33,עוג,nmpr,pers,A:person-candidate,Torah
83741,1418762,443326,Numbers,21,33,מלך,subs,,B:deity-candidate,Torah
83743,1418762,443326,Numbers,21,33,בשן,nmpr,topo,F:unclassified-name,Torah
83753,1418762,443326,Numbers,21,33,אדרעי,nmpr,topo,F:unclassified-name,Torah
83756,1418763,443328,Numbers,21,34,יהוה,nmpr,pers,E:YHWH,Torah
83757,1418763,443328,Numbers,21,34,אל,prep,,C:divine-title-candidate,Torah
83758,1418763,443328,Numbers,21,34,משה,nmpr,pers,A:person-candidate,Torah
83759,1418763,443329,Numbers,21,34,אל,nega,,C:divine-title-candidate,Torah
83781,1418763,443332,Numbers,21,34,סיחון,nmpr,pers,A:person-candidate,Torah
83782,1418763,443332,Numbers,21,34,מלך,subs,,B:deity-candidate,Torah
83788,1418763,443333,Numbers,21,34,חשבון,nmpr,topo,F:unclassified-name,Torah
83811,1418765,443337,Numbers,22,1,ישראל,nmpr,"pers,gens,topo",F:unclassified-name,Torah
83816,1418765,443338,Numbers,22,1,מואב,nmpr,"pers,gens,topo",F:unclassified-name,Torah
83820,1418765,443338,Numbers,22,1,ירדן,nmpr,topo,F:unclassified-name,Torah
83821,1418765,443338,Numbers,22,1,יריחו,nmpr,topo,F:unclassified-name,Torah
83824,1418766,443339,Numbers,22,2,בלק,nmpr,pers,A:person-candidate,Torah
83826,1418766,443339,Numbers,22,2,צפור,nmpr,pers,A:person-candidate,Torah
83831,1418766,443340,Numbers,22,2,ישראל,nmpr,"pers,gens,topo",F:unclassified-name,Torah
83837,1418767,443341,Numbers,22,3,מואב,nmpr,"pers,gens,topo",F:unclassified-name,Torah
83848,1418767,443343,Numbers,22,3,מואב,nmpr,"pers,gens,topo",F:unclassified-name,Torah
83852,1418767,443343,Numbers,22,3,ישראל,nmpr,"pers,gens,topo",F:unclassified-name,Torah
83855,1418768,443344,Numbers,22,4,מואב,nmpr,"pers,gens,topo",F:unclassified-name,Torah
83856,1418768,443344,Numbers,22,4,אל,prep,,C:divine-title-candidate,Torah
83858,1418768,443344,Numbers,22,4,מדין,nmpr,"pers,gens,topo",F:unclassified-name,Torah
83875,1418768,443347,Numbers,22,4,בלק,nmpr,pers,A:person-candidate,Torah
83877,1418768,443347,Numbers,22,4,צפור,nmpr,pers,A:person-candidate,Torah
83878,1418768,443347,Numbers,22,4,מלך,subs,,B:deity-candidate,Torah
83880,1418768,443347,Numbers,22,4,מואב,nmpr,"pers,gens,topo",F:unclassified-name,Torah
83889,1418769,443348,Numbers,22,5,אל,prep,,C:divine-title-candidate,Torah
83890,1418769,443348,Numbers,22,5,בלעם,nmpr,pers,A:person-candidate,Torah
83892,1418769,443348,Numbers,22,5,בעור,nmpr,pers,A:person-candidate,Torah
83893,1418769,443348,Numbers,22,5,פתור,nmpr,topo,F:unclassified-name,Torah
83910,1418769,443352,Numbers,22,5,מצרים,nmpr,topo,F:unclassified-name,Torah
83959,1418771,443367,Numbers,22,7,מואב,nmpr,"pers,gens,topo",F:unclassified-name,Torah
83962,1418771,443367,Numbers,22,7,מדין,nmpr,"pers,gens,topo",F:unclassified-name,Torah
83969,1418771,443369,Numbers,22,7,אל,prep,,C:divine-title-candidate,Torah
83970,1418771,443369,Numbers,22,7,בלעם,nmpr,pers,A:person-candidate,Torah
83973,1418771,443370,Numbers,22,7,אל,prep,,C:divine-title-candidate,Torah
83975,1418771,443370,Numbers,22,7,בלק,nmpr,pers,A:person-candidate,Torah
83978,1418772,443371,Numbers,22,8,אל,prep,,C:divine-title-candidate,Torah
83990,1418772,443374,Numbers,22,8,יהוה,nmpr,pers,E:YHWH,Torah
83991,1418772,443374,Numbers,22,8,אל,prep,,C:divine-title-candidate,Torah
83995,1418772,443375,Numbers,22,8,מואב,nmpr,"pers,gens,topo",F:unclassified-name,Torah
83997,1418772,443375,Numbers,22,8,בלעם,nmpr,pers,A:person-candidate,Torah
84000,1418773,443376,Numbers,22,9,אלהים,subs,,D:Elohim,Torah
84001,1418773,443376,Numbers,22,9,אל,prep,,C:divine-title-candidate,Torah
84002,1418773,443376,Numbers,22,9,בלעם,nmpr,pers,A:person-candidate,Torah
84013,1418774,443379,Numbers,22,10,בלעם,nmpr,pers,A:person-candidate,Torah
84014,1418774,443379,Numbers,22,10,אל,prep,,C:divine-title-candidate,Torah
84016,1418774,443379,Numbers,22,10,אלהים,subs,,D:Elohim,Torah
84017,1418774,443380,Numbers,22,10,בלק,nmpr,pers,A:person-candidate,Torah
84019,1418774,443380,Numbers,22,10,צפור,nmpr,pers,A:person-candidate,Torah
84020,1418774,443380,Numbers,22,10,מלך,subs,,B:deity-candidate,Torah
84021,1418774,443380,Numbers,22,10,מואב,nmpr,"pers,gens,topo",F:unclassified-name,Torah
84023,1418774,443380,Numbers,22,10,אל,prep,,C:divine-title-candidate,Torah
84030,1418775,443382,Numbers,22,11,מצרים,nmpr,topo,F:unclassified-name,Torah
84051,1418776,443389,Numbers,22,12,אלהים,subs,,D:Elohim,Torah
84052,1418776,443389,Numbers,22,12,אל,prep,,C:divine-title-candidate,Torah
84053,1418776,443389,Numbers,22,12,בלעם,nmpr,pers,A:person-candidate,Torah
84067,1418777,443393,Numbers,22,13,בלעם,nmpr,pers,A:person-candidate,Torah
84073,1418777,443394,Numbers,22,13,אל,prep,,C:divine-title-candidate,Torah
84075,1418777,443394,Numbers,22,13,בלק,nmpr,pers,A:person-candidate,Torah
84077,1418777,443395,Numbers,22,13,אל,prep,,C:divine-title-candidate,Torah
84081,1418777,443396,Numbers,22,13,יהוה,nmpr,pers,E:YHWH,Torah
84090,1418778,443399,Numbers,22,14,מואב,nmpr,"pers,gens,topo",F:unclassified-name,Torah
84093,1418778,443400,Numbers,22,14,אל,prep,,C:divine-title-candidate,Torah
84094,1418778,443400,Numbers,22,14,בלק,nmpr,pers,A:person-candidate,Torah
84098,1418778,443402,Numbers,22,14,בלעם,nmpr,pers,A:person-candidate,Torah
84104,1418779,443404,Numbers,22,15,בלק,nmpr,pers,A:person-candidate,Torah
84114,1418780,443406,Numbers,22,16,אל,prep,,C:divine-title-candidate,Torah
84115,1418780,443406,Numbers,22,16,בלעם,nmpr,pers,A:person-candidate,Torah
84121,1418780,443408,Numbers,22,16,בלק,nmpr,pers,A:person-candidate,Torah
84123,1418780,443408,Numbers,22,16,צפור,nmpr,pers,A:person-candidate,Torah
84124,1418780,443409,Numbers,22,16,אל,nega,,C:divine-title-candidate,Torah
84129,1418780,443410,Numbers,22,16,אל,prep,,C:divine-title-candidate,Torah
84138,1418781,443413,Numbers,22,17,אל,prep,,C:divine-title-candidate,Torah
84152,1418782,443416,Numbers,22,18,בלעם,nmpr,pers,A:person-candidate,Torah
84155,1418782,443417,Numbers,22,18,אל,prep,,C:divine-title-candidate,Torah
84157,1418782,443417,Numbers,22,18,בלק,nmpr,pers,A:person-candidate,Torah
84161,1418782,443418,Numbers,22,18,בלק,nmpr,pers,A:person-candidate,Torah
84173,1418782,443420,Numbers,22,18,יהוה,nmpr,pers,E:YHWH,Torah
84174,1418782,443420,Numbers,22,18,אלהים,subs,,D:Elohim,Torah
84194,1418783,443425,Numbers,22,19,יהוה,nmpr,pers,E:YHWH,Torah
84199,1418784,443427,Numbers,22,20,אלהים,subs,,D:Elohim,Torah
84200,1418784,443427,Numbers,22,20,אל,prep,,C:divine-title-candidate,Torah
84201,1418784,443427,Numbers,22,20,בלעם,nmpr,pers,A:person-candidate,Torah
84223,1418784,443434,Numbers,22,20,אל,prep,,C:divine-title-candidate,Torah
84228,1418785,443436,Numbers,22,21,בלעם,nmpr,pers,A:person-candidate,Torah
84240,1418785,443438,Numbers,22,21,מואב,nmpr,"pers,gens,topo",F:unclassified-name,Torah
84244,1418786,443439,Numbers,22,22,אלהים,subs,,D:Elohim,Torah
84251,1418786,443441,Numbers,22,22,יהוה,nmpr,pers,E:YHWH,Torah
84273,1418787,443444,Numbers,22,23,יהוה,nmpr,pers,E:YHWH,Torah
84297,1418787,443449,Numbers,22,23,בלעם,nmpr,pers,A:person-candidate,Torah
84308,1418788,443451,Numbers,22,24,יהוה,nmpr,pers,E:YHWH,Torah
84326,1418789,443454,Numbers,22,25,יהוה,nmpr,pers,E:YHWH,Torah
84329,1418789,443455,Numbers,22,25,אל,prep,,C:divine-title-candidate,Torah
84336,1418789,443456,Numbers,22,25,בלעם,nmpr,pers,A:person-candidate,Torah
84337,1418789,443456,Numbers,22,25,אל,prep,,C:divine-title-candidate,Torah
84347,1418790,443459,Numbers,22,26,יהוה,nmpr,pers,E:YHWH,Torah
84368,1418791,443464,Numbers,22,27,יהוה,nmpr,pers,E:YHWH,Torah
84372,1418791,443465,Numbers,22,27,בלעם,nmpr,pers,A:person-candidate,Torah
84376,1418791,443466,Numbers,22,27,בלעם,nmpr,pers,A:person-candidate,Torah
84387,1418792,443468,Numbers,22,28,יהוה,nmpr,pers,E:YHWH,Torah
84395,1418792,443469,Numbers,22,28,בלעם,nmpr,pers,A:person-candidate,Torah
84406,1418793,443472,Numbers,22,29,בלעם,nmpr,pers,A:person-candidate,Torah
84425,1418794,443476,Numbers,22,30,אל,prep,,C:divine-title-candidate,Torah
84426,1418794,443476,Numbers,22,30,בלעם,nmpr,pers,A:person-candidate,Torah
84453,1418795,443483,Numbers,22,31,יהוה,nmpr,pers,E:YHWH,Torah
84456,1418795,443483,Numbers,22,31,בלעם,nmpr,pers,A:person-candidate,Torah
84461,1418795,443484,Numbers,22,31,יהוה,nmpr,pers,E:YHWH,Torah
84479,1418796,443489,Numbers,22,32,אל,prep,,C:divine-title-candidate,Torah
84481,1418796,443489,Numbers,22,32,יהוה,nmpr,pers,E:YHWH,Torah
84526,1418798,443498,Numbers,22,34,בלעם,nmpr,pers,A:person-candidate,Torah
84527,1418798,443498,Numbers,22,34,אל,prep,,C:divine-title-candidate,Torah
84529,1418798,443498,Numbers,22,34,יהוה,nmpr,pers,E:YHWH,Torah
84553,1418799,443506,Numbers,22,35,יהוה,nmpr,pers,E:YHWH,Torah
84554,1418799,443506,Numbers,22,35,אל,prep,,C:divine-title-candidate,Torah
84555,1418799,443506,Numbers,22,35,בלעם,nmpr,pers,A:person-candidate,Torah
84567,1418799,443509,Numbers,22,35,אל,prep,,C:divine-title-candidate,Torah
84572,1418799,443511,Numbers,22,35,בלעם,nmpr,pers,A:person-candidate,Torah
84575,1418799,443511,Numbers,22,35,בלק,nmpr,pers,A:person-candidate,Torah
84578,1418800,443512,Numbers,22,36,בלק,nmpr,pers,A:person-candidate,Torah
84581,1418800,443513,Numbers,22,36,בלעם,nmpr,pers,A:person-candidate,Torah
84586,1418800,443514,Numbers,22,36,אל,prep,,C:divine-title-candidate,Torah
84588,1418800,443514,Numbers,22,36,מואב,nmpr,"pers,gens,topo",F:unclassified-name,Torah
84592,1418800,443516,Numbers,22,36,ארנון,nmpr,topo,F:unclassified-name,Torah
84600,1418801,443518,Numbers,22,37,בלק,nmpr,pers,A:person-candidate,Torah
84601,1418801,443518,Numbers,22,37,אל,prep,,C:divine-title-candidate,Torah
84602,1418801,443518,Numbers,22,37,בלעם,nmpr,pers,A:person-candidate,Torah
84607,1418801,443519,Numbers,22,37,אל,prep,,C:divine-title-candidate,Torah
84614,1418801,443521,Numbers,22,37,אל,prep,,C:divine-title-candidate,Torah
84622,1418802,443524,Numbers,22,38,בלעם,nmpr,pers,A:person-candidate,Torah
84623,1418802,443524,Numbers,22,38,אל,prep,,C:divine-title-candidate,Torah
84624,1418802,443524,Numbers,22,38,בלק,nmpr,pers,A:person-candidate,Torah
84627,1418802,443525,Numbers,22,38,אל,prep,,C:divine-title-candidate,Torah
84638,1418802,443530,Numbers,22,38,אלהים,subs,,D:Elohim,Torah
84645,1418803,443532,Numbers,22,39,בלעם,nmpr,pers,A:person-candidate,Torah
84647,1418803,443532,Numbers,22,39,בלק,nmpr,pers,A:person-candidate,Torah
84650,1418803,443533,Numbers,22,39,קרית חצות,nmpr,topo,F:unclassified-name,Torah
84653,1418804,443534,Numbers,22,40,בלק,nmpr,pers,A:person-candidate,Torah
84660,1418804,443535,Numbers,22,40,בלעם,nmpr,pers,A:person-candidate,Torah
84674,1418805,443538,Numbers,22,41,בלק,nmpr,pers,A:person-candidate,Torah
84676,1418805,443538,Numbers,22,41,בלעם,nmpr,pers,A:person-candidate,Torah
84679,1418805,443539,Numbers,22,41,במות בעל,nmpr,topo,F:unclassified-name,Torah
84689,1418806,443541,Numbers,23,1,בלעם,nmpr,pers,A:person-candidate,Torah
84690,1418806,443541,Numbers,23,1,אל,prep,,C:divine-title-candidate,Torah
84691,1418806,443541,Numbers,23,1,בלק,nmpr,pers,A:person-candidate,Torah
84710,1418807,443544,Numbers,23,2,בלק,nmpr,pers,A:person-candidate,Torah
84714,1418807,443545,Numbers,23,2,בלעם,nmpr,pers,A:person-candidate,Torah
84717,1418807,443546,Numbers,23,2,בלק,nmpr,pers,A:person-candidate,Torah
84719,1418807,443546,Numbers,23,2,בלעם,nmpr,pers,A:person-candidate,Torah
84728,1418808,443547,Numbers,23,3,בלעם,nmpr,pers,A:person-candidate,Torah
84730,1418808,443547,Numbers,23,3,בלק,nmpr,pers,A:person-candidate,Torah
84738,1418808,443550,Numbers,23,3,יהוה,nmpr,pers,E:YHWH,Torah
84753,1418809,443556,Numbers,23,4,אלהים,subs,,D:Elohim,Torah
84754,1418809,443556,Numbers,23,4,אל,prep,,C:divine-title-candidate,Torah
84755,1418809,443556,Numbers,23,4,בלעם,nmpr,pers,A:person-candidate,Torah
84758,1418809,443557,Numbers,23,4,אל,prep,,C:divine-title-candidate,Torah
84774,1418810,443560,Numbers,23,5,יהוה,nmpr,pers,E:YHWH,Torah
84778,1418810,443560,Numbers,23,5,בלעם,nmpr,pers,A:person-candidate,Torah
84782,1418810,443562,Numbers,23,5,אל,prep,,C:divine-title-candidate,Torah
84783,1418810,443562,Numbers,23,5,בלק,nmpr,pers,A:person-candidate,Torah
84789,1418811,443564,Numbers,23,6,אל,prep,,C:divine-title-candidate,Torah
84799,1418811,443565,Numbers,23,6,מואב,nmpr,"pers,gens,topo",F:unclassified-name,Torah
84806,1418812,443568,Numbers,23,7,ארם,nmpr,topo,F:unclassified-name,Torah
84808,1418812,443568,Numbers,23,7,בלק,nmpr,pers,A:person-candidate,Torah
84809,1418812,443568,Numbers,23,7,מלך,subs,,B:deity-candidate,Torah
84810,1418812,443568,Numbers,23,7,מואב,nmpr,"pers,gens,topo",F:unclassified-name,Torah
84817,1418812,443570,Numbers,23,7,יעקב,nmpr,pers,A:person-candidate,Torah
84821,1418812,443572,Numbers,23,7,ישראל,nmpr,"pers,gens,topo",F:unclassified-name,Torah
84826,1418813,443574,Numbers,23,8,אל,subs,,C:divine-title-candidate,Torah
84832,1418813,443576,Numbers,23,8,יהוה,nmpr,pers,E:YHWH,Torah
84856,1418815,443581,Numbers,23,10,יעקב,nmpr,pers,A:person-candidate,Torah
84861,1418815,443581,Numbers,23,10,ישראל,nmpr,"pers,gens,topo",F:unclassified-name,Torah
84872,1418816,443584,Numbers,23,11,בלק,nmpr,pers,A:person-candidate,Torah
84873,1418816,443584,Numbers,23,11,אל,prep,,C:divine-title-candidate,Torah
84874,1418816,443584,Numbers,23,11,בלעם,nmpr,pers,A:person-candidate,Torah
84895,1418817,443592,Numbers,23,12,יהוה,nmpr,pers,E:YHWH,Torah
84904,1418818,443595,Numbers,23,13,אל,prep,,C:divine-title-candidate,Torah
84905,1418818,443595,Numbers,23,13,בלק,nmpr,pers,A:person-candidate,Torah
84909,1418818,443596,Numbers,23,13,אל,prep,,C:divine-title-candidate,Torah
84932,1418819,443601,Numbers,23,14,אל,prep,,C:divine-title-candidate,Torah
84935,1418819,443601,Numbers,23,14,פסגה,nmpr,topo,F:unclassified-name,Torah
84950,1418820,443604,Numbers,23,15,אל,prep,,C:divine-title-candidate,Torah
84951,1418820,443604,Numbers,23,15,בלק,nmpr,pers,A:person-candidate,Torah
84962,1418821,443607,Numbers,23,16,יהוה,nmpr,pers,E:YHWH,Torah
84963,1418821,443607,Numbers,23,16,אל,prep,,C:divine-title-candidate,Torah
84964,1418821,443607,Numbers,23,16,בלעם,nmpr,pers,A:person-candidate,Torah
84973,1418821,443610,Numbers,23,16,אל,prep,,C:divine-title-candidate,Torah
84974,1418821,443610,Numbers,23,16,בלק,nmpr,pers,A:person-candidate,Torah
84980,1418822,443612,Numbers,23,17,אל,prep,,C:divine-title-candidate,Torah
84988,1418822,443614,Numbers,23,17,מואב,nmpr,"pers,gens,topo",F:unclassified-name,Torah
84993,1418822,443615,Numbers,23,17,בלק,nmpr,pers,A:person-candidate,Torah
84996,1418822,443616,Numbers,23,17,יהוה,nmpr,pers,E:YHWH,Torah
85003,1418823,443620,Numbers,23,18,בלק,nmpr,pers,A:person-candidate,Torah
85009,1418823,443623,Numbers,23,18,צפור,nmpr,pers,A:person-candidate,Torah
85012,1418824,443624,Numbers,23,19,אל,subs,,C:divine-title-candidate,Torah
85043,1418826,443636,Numbers,23,21,יעקב,nmpr,pers,A:person-candidate,Torah
85049,1418826,443637,Numbers,23,21,ישראל,nmpr,"pers,gens,topo",F:unclassified-name,Torah
85050,1418826,443638,Numbers,23,21,יהוה,nmpr,pers,E:YHWH,Torah
85051,1418826,443638,Numbers,23,21,אלהים,subs,,D:Elohim,Torah
85055,1418826,443639,Numbers,23,21,מלך,subs,,B:deity-candidate,Torah
85057,1418827,443640,Numbers,23,22,אל,subs,,C:divine-title-candidate,Torah
85060,1418827,443640,Numbers,23,22,מצרים,nmpr,topo,F:unclassified-name,Torah
85069,1418828,443642,Numbers,23,23,יעקב,nmpr,pers,A:person-candidate,Torah
85074,1418828,443643,Numbers,23,23,ישראל,nmpr,"pers,gens,topo",F:unclassified-name,Torah
85080,1418828,443644,Numbers,23,23,יעקב,nmpr,pers,A:person-candidate,Torah
85083,1418828,443644,Numbers,23,23,ישראל,nmpr,"pers,gens,topo",F:unclassified-name,Torah
85086,1418828,443645,Numbers,23,23,אל,subs,,C:divine-title-candidate,Torah
85107,1418830,443651,Numbers,23,25,בלק,nmpr,pers,A:person-candidate,Torah
85108,1418830,443651,Numbers,23,25,אל,prep,,C:divine-title-candidate,Torah
85109,1418830,443651,Numbers,23,25,בלעם,nmpr,pers,A:person-candidate,Torah
85120,1418831,443654,Numbers,23,26,בלעם,nmpr,pers,A:person-candidate,Torah
85123,1418831,443655,Numbers,23,26,אל,prep,,C:divine-title-candidate,Torah
85124,1418831,443655,Numbers,23,26,בלק,nmpr,pers,A:person-candidate,Torah
85128,1418831,443656,Numbers,23,26,אל,prep,,C:divine-title-candidate,Torah
85134,1418831,443659,Numbers,23,26,יהוה,nmpr,pers,E:YHWH,Torah
85139,1418832,443661,Numbers,23,27,בלק,nmpr,pers,A:person-candidate,Torah
85140,1418832,443661,Numbers,23,27,אל,prep,,C:divine-title-candidate,Torah
85141,1418832,443661,Numbers,23,27,בלעם,nmpr,pers,A:person-candidate,Torah
85145,1418832,443663,Numbers,23,27,אל,prep,,C:divine-title-candidate,Torah
85153,1418832,443664,Numbers,23,27,אלהים,subs,,D:Elohim,Torah
85161,1418833,443666,Numbers,23,28,בלק,nmpr,pers,A:person-candidate,Torah
85163,1418833,443666,Numbers,23,28,בלעם,nmpr,pers,A:person-candidate,Torah
85166,1418833,443666,Numbers,23,28,פעור,nmpr,topo,F:unclassified-name,Torah
85172,1418833,443667,Numbers,23,28,ישימן,nmpr,topo,F:unclassified-name,Torah
85175,1418834,443668,Numbers,23,29,בלעם,nmpr,pers,A:person-candidate,Torah
85176,1418834,443668,Numbers,23,29,אל,prep,,C:divine-title-candidate,Torah
85177,1418834,443668,Numbers,23,29,בלק,nmpr,pers,A:person-candidate,Torah
85196,1418835,443671,Numbers,23,30,בלק,nmpr,pers,A:person-candidate,Torah
85200,1418835,443672,Numbers,23,30,בלעם,nmpr,pers,A:person-candidate,Torah
85211,1418836,443674,Numbers,24,1,בלעם,nmpr,pers,A:person-candidate,Torah
85216,1418836,443675,Numbers,24,1,יהוה,nmpr,pers,E:YHWH,Torah
85220,1418836,443676,Numbers,24,1,ישראל,nmpr,"pers,gens,topo",F:unclassified-name,Torah
85233,1418836,443679,Numbers,24,1,אל,prep,,C:divine-title-candidate,Torah
85239,1418837,443680,Numbers,24,2,בלעם,nmpr,pers,A:person-candidate,Torah
85245,1418837,443681,Numbers,24,2,ישראל,nmpr,"pers,gens,topo",F:unclassified-name,Torah
85253,1418837,443683,Numbers,24,2,אלהים,subs,,D:Elohim,Torah
85260,1418838,443686,Numbers,24,3,בלעם,nmpr,pers,A:person-candidate,Torah
85262,1418838,443686,Numbers,24,3,בעור,nmpr,pers,A:person-candidate,Torah
85273,1418839,443689,Numbers,24,4,אל,subs,,C:divine-title-candidate,Torah
85276,1418839,443690,Numbers,24,4,שדי,nmpr,pers,C:divine-title-candidate,Torah
85285,1418840,443692,Numbers,24,5,יעקב,nmpr,pers,A:person-candidate,Torah
85287,1418840,443694,Numbers,24,5,ישראל,nmpr,"pers,gens,topo",F:unclassified-name,Torah
85298,1418841,443696,Numbers,24,6,יהוה,nmpr,pers,E:YHWH,Torah
85315,1418842,443699,Numbers,24,7,אגג,nmpr,pers,A:person-candidate,Torah
85316,1418842,443699,Numbers,24,7,מלך,subs,,B:deity-candidate,Torah
85320,1418843,443701,Numbers,24,8,אל,subs,,C:divine-title-candidate,Torah
85323,1418843,443701,Numbers,24,8,מצרים,nmpr,topo,F:unclassified-name,Torah
85354,1418845,443713,Numbers,24,10,בלק,nmpr,pers,A:person-candidate,Torah
85355,1418845,443713,Numbers,24,10,אל,prep,,C:divine-title-candidate,Torah
85356,1418845,443713,Numbers,24,10,בלעם,nmpr,pers,A:person-candidate,Torah
85363,1418845,443715,Numbers,24,10,בלק,nmpr,pers,A:person-candidate,Torah
85364,1418845,443715,Numbers,24,10,אל,prep,,C:divine-title-candidate,Torah
85365,1418845,443715,Numbers,24,10,בלעם,nmpr,pers,A:person-candidate,Torah
85381,1418846,443720,Numbers,24,11,אל,prep,,C:divine-title-candidate,Torah
85389,1418846,443723,Numbers,24,11,יהוה,nmpr,pers,E:YHWH,Torah
85394,1418847,443724,Numbers,24,12,בלעם,nmpr,pers,A:person-candidate,Torah
85395,1418847,443724,Numbers,24,12,אל,prep,,C:divine-title-candidate,Torah
85396,1418847,443724,Numbers,24,12,בלק,nmpr,pers,A:person-candidate,Torah
85400,1418847,443725,Numbers,24,12,אל,prep,,C:divine-title-candidate,Torah
85404,1418847,443726,Numbers,24,12,אל,prep,,C:divine-title-candidate,Torah
85411,1418848,443728,Numbers,24,13,בלק,nmpr,pers,A:person-candidate,Torah
85423,1418848,443730,Numbers,24,13,יהוה,nmpr,pers,E:YHWH,Torah
85433,1418848,443732,Numbers,24,13,יהוה,nmpr,pers,E:YHWH,Torah
85462,1418850,443741,Numbers,24,15,בלעם,nmpr,pers,A:person-candidate,Torah
85464,1418850,443741,Numbers,24,15,בעור,nmpr,pers,A:person-candidate,Torah
85475,1418851,443744,Numbers,24,16,אל,subs,,C:divine-title-candidate,Torah
85479,1418851,443745,Numbers,24,16,עליון,adjv,,C:divine-title-candidate,Torah
85481,1418851,443746,Numbers,24,16,שדי,nmpr,pers,C:divine-title-candidate,Torah
85498,1418852,443751,Numbers,24,17,יעקב,nmpr,pers,A:person-candidate,Torah
85503,1418852,443752,Numbers,24,17,ישראל,nmpr,"pers,gens,topo",F:unclassified-name,Torah
85507,1418852,443753,Numbers,24,17,מואב,nmpr,"pers,gens,topo",F:unclassified-name,Torah
85515,1418853,443754,Numbers,24,18,אדום,nmpr,topo,F:unclassified-name,Torah
85520,1418853,443755,Numbers,24,18,שעיר,nmpr,topo,F:unclassified-name,Torah
85523,1418853,443756,Numbers,24,18,ישראל,nmpr,"pers,gens,topo",F:unclassified-name,Torah
85529,1418854,443757,Numbers,24,19,יעקב,nmpr,pers,A:person-candidate,Torah
85538,1418855,443759,Numbers,24,20,עמלק,nmpr,"pers,gens",F:unclassified-name,Torah
85546,1418855,443762,Numbers,24,20,עמלק,nmpr,"pers,gens",F:unclassified-name,Torah
85574,1418857,443769,Numbers,24,22,קין,nmpr,gens,F:unclassified-name,Torah
85577,1418857,443771,Numbers,24,22,אשור,nmpr,topo,F:unclassified-name,Torah
85589,1418858,443776,Numbers,24,23,אל,subs,,C:divine-title-candidate,Torah
85597,1418859,443778,Numbers,24,24,אשור,nmpr,topo,F:unclassified-name,Torah
85600,1418859,443779,Numbers,24,24,עבר,nmpr,pers,A:person-candidate,Torah
85608,1418860,443781,Numbers,24,25,בלעם,nmpr,pers,A:person-candidate,Torah
85617,1418860,443784,Numbers,24,25,בלק,nmpr,pers,A:person-candidate,Torah
85623,1418861,443785,Numbers,25,1,ישראל,nmpr,"pers,gens,topo",F:unclassified-name,Torah
85626,1418861,443785,Numbers,25,1,שטים,nmpr,topo,F:unclassified-name,Torah
85633,1418861,443787,Numbers,25,1,אל,prep,,C:divine-title-candidate,Torah
85635,1418861,443787,Numbers,25,1,מואב,nmpr,"pers,gens,topo",F:unclassified-name,Torah
85643,1418862,443788,Numbers,25,2,אלהים,subs,,D:Elohim,Torah
85651,1418862,443790,Numbers,25,2,אלהים,subs,,D:Elohim,Torah
85654,1418863,443791,Numbers,25,3,ישראל,nmpr,"pers,gens,topo",F:unclassified-name,Torah
85656,1418863,443791,Numbers,25,3,בעל פעור,nmpr,pers,A:person-candidate,Torah
85660,1418863,443792,Numbers,25,3,יהוה,nmpr,pers,E:YHWH,Torah
85662,1418863,443792,Numbers,25,3,ישראל,nmpr,"pers,gens,topo",F:unclassified-name,Torah
85665,1418864,443793,Numbers,25,4,יהוה,nmpr,pers,E:YHWH,Torah
85666,1418864,443793,Numbers,25,4,אל,prep,,C:divine-title-candidate,Torah
85667,1418864,443793,Numbers,25,4,משה,nmpr,pers,A:person-candidate,Torah
85678,1418864,443795,Numbers,25,4,יהוה,nmpr,pers,E:YHWH,Torah
85686,1418864,443796,Numbers,25,4,יהוה,nmpr,pers,E:YHWH,Torah
85688,1418864,443796,Numbers,25,4,ישראל,nmpr,"pers,gens,topo",F:unclassified-name,Torah
85691,1418865,443797,Numbers,25,5,משה,nmpr,pers,A:person-candidate,Torah
85692,1418865,443797,Numbers,25,5,אל,prep,,C:divine-title-candidate,Torah
85694,1418865,443797,Numbers,25,5,ישראל,nmpr,"pers,gens,topo",F:unclassified-name,Torah
85701,1418865,443800,Numbers,25,5,בעל פעור,nmpr,pers,A:person-candidate,Torah
85707,1418866,443801,Numbers,25,6,ישראל,nmpr,"pers,gens,topo",F:unclassified-name,Torah
85711,1418866,443802,Numbers,25,6,אל,prep,,C:divine-title-candidate,Torah
85718,1418866,443802,Numbers,25,6,משה,nmpr,pers,A:person-candidate,Torah
85725,1418866,443802,Numbers,25,6,ישראל,nmpr,"pers,gens,topo",F:unclassified-name,Torah
85734,1418867,443804,Numbers,25,7,פינחס,nmpr,pers,A:person-candidate,Torah
85736,1418867,443804,Numbers,25,7,אלעזר,nmpr,pers,A:person-candidate,Torah
85738,1418867,443804,Numbers,25,7,אהרן,nmpr,pers,A:person-candidate,Torah
85756,1418868,443807,Numbers,25,8,ישראל,nmpr,"pers,gens,topo",F:unclassified-name,Torah
85757,1418868,443807,Numbers,25,8,אל,prep,,C:divine-title-candidate,Torah
85766,1418868,443808,Numbers,25,8,ישראל,nmpr,"pers,gens,topo",F:unclassified-name,Torah
85771,1418868,443808,Numbers,25,8,אל,prep,,C:divine-title-candidate,Torah
85780,1418868,443809,Numbers,25,8,ישראל,nmpr,"pers,gens,topo",F:unclassified-name,Torah
85794,1418870,443812,Numbers,25,10,יהוה,nmpr,pers,E:YHWH,Torah
85795,1418870,443812,Numbers,25,10,אל,prep,,C:divine-title-candidate,Torah
85796,1418870,443812,Numbers,25,10,משה,nmpr,pers,A:person-candidate,Torah
85799,1418871,443814,Numbers,25,11,פינחס,nmpr,pers,A:person-candidate,Torah
85801,1418871,443814,Numbers,25,11,אלעזר,nmpr,pers,A:person-candidate,Torah
85803,1418871,443814,Numbers,25,11,אהרן,nmpr,pers,A:person-candidate,Torah
85812,1418871,443814,Numbers,25,11,ישראל,nmpr,"pers,gens,topo",F:unclassified-name,Torah
85824,1418871,443816,Numbers,25,11,ישראל,nmpr,"pers,gens,topo",F:unclassified-name,Torah
85849,1418873,443820,Numbers,25,13,אלהים,subs,,D:Elohim,Torah
85854,1418873,443821,Numbers,25,13,ישראל,nmpr,"pers,gens,topo",F:unclassified-name,Torah
85858,1418874,443822,Numbers,25,14,ישראל,nmpr,"pers,gens,topo",F:unclassified-name,Torah
85866,1418874,443822,Numbers,25,14,זמרי,nmpr,pers,A:person-candidate,Torah
85868,1418874,443822,Numbers,25,14,סלוא,nmpr,pers,A:person-candidate,Torah
85883,1418875,443825,Numbers,25,15,כזבי,nmpr,pers,A:person-candidate,Torah
85885,1418875,443825,Numbers,25,15,צור,nmpr,pers,A:person-candidate,Torah
85891,1418875,443827,Numbers,25,15,מדין,nmpr,"pers,gens,topo",F:unclassified-name,Torah
85895,1418876,443828,Numbers,25,16,יהוה,nmpr,pers,E:YHWH,Torah
85896,1418876,443828,Numbers,25,16,אל,prep,,C:divine-title-candidate,Torah
85897,1418876,443828,Numbers,25,16,משה,nmpr,pers,A:person-candidate,Torah
85918,1418878,443832,Numbers,25,18,פעור,nmpr,topo,F:unclassified-name,Torah
85922,1418878,443832,Numbers,25,18,כזבי,nmpr,pers,A:person-candidate,Torah
85925,1418878,443832,Numbers,25,18,מדין,nmpr,"pers,gens,topo",F:unclassified-name,Torah
85935,1418878,443834,Numbers,25,18,פעור,nmpr,topo,F:unclassified-name,Torah
85943,1418880,443836,Numbers,26,1,יהוה,nmpr,pers,E:YHWH,Torah
85944,1418880,443836,Numbers,26,1,אל,prep,,C:divine-title-candidate,Torah
85945,1418880,443836,Numbers,26,1,משה,nmpr,pers,A:person-candidate,Torah
85947,1418880,443836,Numbers,26,1,אל,prep,,C:divine-title-candidate,Torah
85948,1418880,443836,Numbers,26,1,אלעזר,nmpr,pers,A:person-candidate,Torah
85950,1418880,443836,Numbers,26,1,אהרן,nmpr,pers,A:person-candidate,Torah
85961,1418881,443838,Numbers,26,2,ישראל,nmpr,"pers,gens,topo",F:unclassified-name,Torah
85975,1418881,443839,Numbers,26,2,ישראל,nmpr,"pers,gens,topo",F:unclassified-name,Torah
85978,1418882,443840,Numbers,26,3,משה,nmpr,pers,A:person-candidate,Torah
85980,1418882,443840,Numbers,26,3,אלעזר,nmpr,pers,A:person-candidate,Torah
85986,1418882,443840,Numbers,26,3,מואב,nmpr,"pers,gens,topo",F:unclassified-name,Torah
85988,1418882,443840,Numbers,26,3,ירדן,nmpr,topo,F:unclassified-name,Torah
85989,1418882,443840,Numbers,26,3,יריחו,nmpr,topo,F:unclassified-name,Torah
86001,1418883,443843,Numbers,26,4,יהוה,nmpr,pers,E:YHWH,Torah
86003,1418883,443843,Numbers,26,4,משה,nmpr,pers,A:person-candidate,Torah
86006,1418883,443843,Numbers,26,4,ישראל,nmpr,"pers,gens,topo",F:unclassified-name,Torah
86011,1418883,443844,Numbers,26,4,מצרים,nmpr,topo,F:unclassified-name,Torah
86012,1418884,443845,Numbers,26,5,ראובן,nmpr,"pers,gens,topo",F:unclassified-name,Torah
86014,1418884,443845,Numbers,26,5,ישראל,nmpr,"pers,gens,topo",F:unclassified-name,Torah
86016,1418884,443846,Numbers,26,5,ראובן,nmpr,"pers,gens,topo",F:unclassified-name,Torah
86017,1418884,443846,Numbers,26,5,חנוך,nmpr,pers,A:person-candidate,Torah
86022,1418884,443847,Numbers,26,5,פלוא,nmpr,pers,A:person-candidate,Torah
86027,1418885,443848,Numbers,26,6,חצרון,nmpr,pers,A:person-candidate,Torah
86032,1418885,443849,Numbers,26,6,כרמי,nmpr,pers,A:person-candidate,Torah
86054,1418887,443852,Numbers,26,8,פלוא,nmpr,pers,A:person-candidate,Torah
86055,1418887,443852,Numbers,26,8,אליאב,nmpr,pers,A:person-candidate,Torah
86058,1418888,443853,Numbers,26,9,אליאב,nmpr,pers,A:person-candidate,Torah
86059,1418888,443853,Numbers,26,9,נמואל,nmpr,pers,A:person-candidate,Torah
86061,1418888,443853,Numbers,26,9,דתן,nmpr,pers,A:person-candidate,Torah
86063,1418888,443853,Numbers,26,9,אבירם,nmpr,pers,A:person-candidate,Torah
86065,1418888,443854,Numbers,26,9,דתן,nmpr,pers,A:person-candidate,Torah
86067,1418888,443854,Numbers,26,9,אבירם,nmpr,pers,A:person-candidate,Torah
86074,1418888,443855,Numbers,26,9,משה,nmpr,pers,A:person-candidate,Torah
86077,1418888,443855,Numbers,26,9,אהרן,nmpr,pers,A:person-candidate,Torah
86080,1418888,443855,Numbers,26,9,קרח,nmpr,pers,A:person-candidate,Torah
86084,1418888,443856,Numbers,26,9,יהוה,nmpr,pers,E:YHWH,Torah
86096,1418889,443858,Numbers,26,10,קרח,nmpr,pers,A:person-candidate,Torah
86116,1418890,443861,Numbers,26,11,קרח,nmpr,pers,A:person-candidate,Torah
86120,1418891,443862,Numbers,26,12,שמעון,nmpr,"pers,gens,topo",F:unclassified-name,Torah
86124,1418891,443863,Numbers,26,12,נמואל,nmpr,pers,A:person-candidate,Torah
86129,1418891,443864,Numbers,26,12,ימין,nmpr,pers,A:person-candidate,Torah
86134,1418891,443865,Numbers,26,12,יכין,nmpr,pers,A:person-candidate,Torah
86139,1418892,443866,Numbers,26,13,זרח,nmpr,pers,A:person-candidate,Torah
86144,1418892,443867,Numbers,26,13,שאול,nmpr,pers,A:person-candidate,Torah
86159,1418894,443869,Numbers,26,15,גד,nmpr,"pers,gens,topo",B:deity-candidate,Torah
86163,1418894,443870,Numbers,26,15,צפון,nmpr,pers,A:person-candidate,Torah
86168,1418894,443871,Numbers,26,15,חגי,nmpr,pers,A:person-candidate,Torah
86173,1418894,443872,Numbers,26,15,שוני,nmpr,pers,A:person-candidate,Torah
86178,1418895,443873,Numbers,26,16,אזני,nmpr,pers,A:person-candidate,Torah
86183,1418895,443874,Numbers,26,16,ערי,nmpr,pers,A:person-candidate,Torah
86188,1418896,443875,Numbers,26,17,ארוד,nmpr,pers,A:person-candidate,Torah
86193,1418896,443876,Numbers,26,17,אראלי,nmpr,pers,A:person-candidate,Torah
86200,1418897,443877,Numbers,26,18,גד,nmpr,"pers,gens,topo",B:deity-candidate,Torah
86209,1418898,443878,Numbers,26,19,יהודה,nmpr,"pers,gens,topo",F:unclassified-name,Torah
86210,1418898,443878,Numbers,26,19,ער,nmpr,pers,A:person-candidate,Torah
86212,1418898,443878,Numbers,26,19,אונן,nmpr,pers,A:person-candidate,Torah
86215,1418898,443879,Numbers,26,19,ער,nmpr,pers,A:person-candidate,Torah
86217,1418898,443879,Numbers,26,19,אונן,nmpr,pers,A:person-candidate,Torah
86220,1418898,443879,Numbers,26,19,כנען,nmpr,"pers,gens,topo",F:unclassified-name,Torah
86224,1418899,443880,Numbers,26,20,יהודה,nmpr,"pers,gens,topo",F:unclassified-name,Torah
86228,1418899,443881,Numbers,26,20,שלה,nmpr,pers,A:person-candidate,Torah
86233,1418899,443882,Numbers,26,20,פרץ,nmpr,pers,A:person-candidate,Torah
86238,1418899,443883,Numbers,26,20,זרח,nmpr,pers,A:person-candidate,Torah
86245,1418900,443884,Numbers,26,21,פרץ,nmpr,pers,A:person-candidate,Torah
86247,1418900,443885,Numbers,26,21,חצרון,nmpr,pers,A:person-candidate,Torah
86252,1418900,443886,Numbers,26,21,חמול,nmpr,pers,A:person-candidate,Torah
86258,1418901,443887,Numbers,26,22,יהודה,nmpr,"pers,gens,topo",F:unclassified-name,Torah
86269,1418902,443888,Numbers,26,23,יששכר,nmpr,"pers,gens,topo",F:unclassified-name,Torah
86272,1418902,443889,Numbers,26,23,תולע,nmpr,pers,A:person-candidate,Torah
86277,1418902,443890,Numbers,26,23,פוה,nmpr,pers,A:person-candidate,Torah
86282,1418903,443891,Numbers,26,24,ישוב,nmpr,pers,A:person-candidate,Torah
86287,1418903,443892,Numbers,26,24,שמרון,nmpr,pers,A:person-candidate,Torah
86293,1418904,443893,Numbers,26,25,יששכר,nmpr,"pers,gens,topo",F:unclassified-name,Torah
86304,1418905,443894,Numbers,26,26,זבולן,nmpr,"pers,gens,topo",F:unclassified-name,Torah
86308,1418905,443895,Numbers,26,26,סרד,nmpr,pers,A:person-candidate,Torah
86313,1418905,443896,Numbers,26,26,אלון,nmpr,pers,A:person-candidate,Torah
86318,1418905,443897,Numbers,26,26,יחלאל,nmpr,pers,A:person-candidate,Torah
86334,1418907,443899,Numbers,26,28,יוסף,nmpr,pers,A:person-candidate,Torah
86337,1418907,443899,Numbers,26,28,מנשה,nmpr,"pers,gens",F:unclassified-name,Torah
86339,1418907,443899,Numbers,26,28,אפרים,nmpr,"pers,gens,topo",F:unclassified-name,Torah
86341,1418908,443900,Numbers,26,29,מנשה,nmpr,"pers,gens",F:unclassified-name,Torah
86343,1418908,443901,Numbers,26,29,מכיר,nmpr,"pers,gens",F:unclassified-name,Torah
86348,1418908,443902,Numbers,26,29,מכיר,nmpr,"pers,gens",F:unclassified-name,Torah
86351,1418908,443902,Numbers,26,29,גלעד,nmpr,topo,F:unclassified-name,Torah
86353,1418908,443903,Numbers,26,29,גלעד,nmpr,topo,F:unclassified-name,Torah
86359,1418909,443904,Numbers,26,30,גלעד,nmpr,topo,F:unclassified-name,Torah
86360,1418909,443905,Numbers,26,30,איעזר,nmpr,pers,A:person-candidate,Torah
86365,1418909,443906,Numbers,26,30,חלק,nmpr,pers,A:person-candidate,Torah
86370,1418910,443907,Numbers,26,31,אשריאל,nmpr,pers,A:person-candidate,Torah
86375,1418910,443908,Numbers,26,31,שכם,nmpr,pers,A:person-candidate,Torah
86380,1418911,443909,Numbers,26,32,שמידע,nmpr,pers,A:person-candidate,Torah
86385,1418911,443910,Numbers,26,32,חפר,nmpr,pers,A:person-candidate,Torah
86390,1418912,443911,Numbers,26,33,צלפחד,nmpr,pers,A:person-candidate,Torah
86392,1418912,443911,Numbers,26,33,חפר,nmpr,pers,A:person-candidate,Torah
86403,1418912,443914,Numbers,26,33,צלפחד,nmpr,pers,A:person-candidate,Torah
86404,1418912,443914,Numbers,26,33,מחלה,nmpr,pers,A:person-candidate,Torah
86406,1418912,443914,Numbers,26,33,נעה,nmpr,pers,A:person-candidate,Torah
86407,1418912,443914,Numbers,26,33,חגלה,nmpr,pers,A:person-candidate,Torah
86408,1418912,443914,Numbers,26,33,מלכה,nmpr,pers,A:person-candidate,Torah
86410,1418912,443914,Numbers,26,33,תרצה,nmpr,pers,A:person-candidate,Torah
86413,1418913,443915,Numbers,26,34,מנשה,nmpr,"pers,gens",F:unclassified-name,Torah
86425,1418914,443917,Numbers,26,35,אפרים,nmpr,"pers,gens,topo",F:unclassified-name,Torah
86429,1418914,443918,Numbers,26,35,שותלח,nmpr,pers,A:person-candidate,Torah
86434,1418914,443919,Numbers,26,35,בכר,nmpr,pers,A:person-candidate,Torah
86439,1418914,443920,Numbers,26,35,תחן,nmpr,pers,A:person-candidate,Torah
86446,1418915,443921,Numbers,26,36,שותלח,nmpr,pers,A:person-candidate,Torah
86448,1418915,443922,Numbers,26,36,ערן,nmpr,pers,A:person-candidate,Torah
86455,1418916,443923,Numbers,26,37,אפרים,nmpr,"pers,gens,topo",F:unclassified-name,Torah
86467,1418916,443924,Numbers,26,37,יוסף,nmpr,pers,A:person-candidate,Torah
86471,1418917,443925,Numbers,26,38,בנימן,nmpr,"pers,gens,topo",F:unclassified-name,Torah
86475,1418917,443926,Numbers,26,38,בלע,nmpr,pers,A:person-candidate,Torah
86480,1418917,443927,Numbers,26,38,אשבל,nmpr,pers,A:person-candidate,Torah
86485,1418917,443928,Numbers,26,38,אחירם,nmpr,pers,A:person-candidate,Torah
86490,1418918,443929,Numbers,26,39,שפופם,nmpr,pers,A:person-candidate,Torah
86495,1418918,443930,Numbers,26,39,חופם,nmpr,pers,A:person-candidate,Torah
86502,1418919,443931,Numbers,26,40,בלע,nmpr,pers,A:person-candidate,Torah
86503,1418919,443931,Numbers,26,40,ארד,nmpr,pers,A:person-candidate,Torah
86505,1418919,443931,Numbers,26,40,נעמן,nmpr,pers,A:person-candidate,Torah
86510,1418919,443932,Numbers,26,40,נעמן,nmpr,pers,A:person-candidate,Torah
86516,1418920,443933,Numbers,26,41,בנימן,nmpr,"pers,gens,topo",F:unclassified-name,Torah
86530,1418921,443935,Numbers,26,42,דן,nmpr,"pers,gens,topo",F:unclassified-name,Torah
86534,1418921,443936,Numbers,26,42,שוחם,nmpr,pers,A:person-candidate,Torah
86540,1418921,443937,Numbers,26,42,דן,nmpr,"pers,gens,topo",F:unclassified-name,Torah
86557,1418923,443939,Numbers,26,44,אשר,nmpr,"pers,gens,topo",F:unclassified-name,Torah
86561,1418923,443940,Numbers,26,44,ימנה,nmpr,pers,A:person-candidate,Torah
86564,1418923,443940,Numbers,26,44,ימנה,nmpr,pers,A:person-candidate,Torah
86566,1418923,443941,Numbers,26,44,ישוי,nmpr,pers,A:person-candidate,Torah
86571,1418923,443942,Numbers,26,44,בריעה,nmpr,pers,A:person-candidate,Torah
86577,1418924,443943,Numbers,26,45,בריעה,nmpr,pers,A:person-candidate,Torah
86579,1418924,443944,Numbers,26,45,חבר,nmpr,pers,A:person-candidate,Torah
86584,1418924,443945,Numbers,26,45,מלכיאל,nmpr,pers,A:person-candidate,Torah
86591,1418925,443946,Numbers,26,46,אשר,nmpr,"pers,gens,topo",F:unclassified-name,Torah
86592,1418925,443946,Numbers,26,46,שרח,nmpr,pers,A:person-candidate,Torah
86596,1418926,443947,Numbers,26,47,אשר,nmpr,"pers,gens,topo",F:unclassified-name,Torah
86607,1418927,443948,Numbers,26,48,נפתלי,nmpr,"pers,gens,topo",F:unclassified-name,Torah
86611,1418927,443949,Numbers,26,48,יחצאל,nmpr,pers,A:person-candidate,Torah
86616,1418927,443950,Numbers,26,48,גוני,nmpr,pers,A:person-candidate,Torah
86621,1418928,443951,Numbers,26,49,יצר,nmpr,pers,A:person-candidate,Torah
86626,1418928,443952,Numbers,26,49,שלם,nmpr,pers,A:person-candidate,Torah
86632,1418929,443953,Numbers,26,50,נפתלי,nmpr,"pers,gens,topo",F:unclassified-name,Torah
86647,1418930,443955,Numbers,26,51,ישראל,nmpr,"pers,gens,topo",F:unclassified-name,Torah
86659,1418931,443956,Numbers,26,52,יהוה,nmpr,pers,E:YHWH,Torah
86660,1418931,443956,Numbers,26,52,אל,prep,,C:divine-title-candidate,Torah
86661,1418931,443956,Numbers,26,52,משה,nmpr,pers,A:person-candidate,Torah
86721,1418936,443966,Numbers,26,57,גרשון,nmpr,pers,A:person-candidate,Torah
86726,1418936,443967,Numbers,26,57,קהת,nmpr,pers,A:person-candidate,Torah
86731,1418936,443968,Numbers,26,57,מררי,nmpr,pers,A:person-candidate,Torah
86737,1418937,443969,Numbers,26,58,לוי,nmpr,"pers,gens",F:unclassified-name,Torah
86754,1418937,443970,Numbers,26,58,קהת,nmpr,pers,A:person-candidate,Torah
86757,1418937,443970,Numbers,26,58,עמרם,nmpr,pers,A:person-candidate,Torah
86761,1418938,443971,Numbers,26,59,עמרם,nmpr,pers,A:person-candidate,Torah
86762,1418938,443971,Numbers,26,59,יוכבד,nmpr,pers,A:person-candidate,Torah
86764,1418938,443971,Numbers,26,59,לוי,nmpr,"pers,gens",F:unclassified-name,Torah
86769,1418938,443972,Numbers,26,59,לוי,nmpr,"pers,gens",F:unclassified-name,Torah
86771,1418938,443972,Numbers,26,59,מצרים,nmpr,topo,F:unclassified-name,Torah
86775,1418938,443973,Numbers,26,59,עמרם,nmpr,pers,A:person-candidate,Torah
86777,1418938,443973,Numbers,26,59,אהרן,nmpr,pers,A:person-candidate,Torah
86780,1418938,443973,Numbers,26,59,משה,nmpr,pers,A:person-candidate,Torah
86783,1418938,443973,Numbers,26,59,מרים,nmpr,pers,A:person-candidate,Torah
86788,1418939,443974,Numbers,26,60,אהרן,nmpr,pers,A:person-candidate,Torah
86790,1418939,443974,Numbers,26,60,נדב,nmpr,pers,A:person-candidate,Torah
86793,1418939,443974,Numbers,26,60,אביהוא,nmpr,pers,A:person-candidate,Torah
86795,1418939,443974,Numbers,26,60,אלעזר,nmpr,pers,A:person-candidate,Torah
86798,1418939,443974,Numbers,26,60,איתמר,nmpr,pers,A:person-candidate,Torah
86801,1418940,443975,Numbers,26,61,נדב,nmpr,pers,A:person-candidate,Torah
86803,1418940,443975,Numbers,26,61,אביהוא,nmpr,pers,A:person-candidate,Torah
86810,1418940,443976,Numbers,26,61,יהוה,nmpr,pers,E:YHWH,Torah
86831,1418941,443978,Numbers,26,62,ישראל,nmpr,"pers,gens,topo",F:unclassified-name,Torah
86840,1418941,443979,Numbers,26,62,ישראל,nmpr,"pers,gens,topo",F:unclassified-name,Torah
86843,1418942,443980,Numbers,26,63,משה,nmpr,pers,A:person-candidate,Torah
86845,1418942,443980,Numbers,26,63,אלעזר,nmpr,pers,A:person-candidate,Torah
86852,1418942,443981,Numbers,26,63,ישראל,nmpr,"pers,gens,topo",F:unclassified-name,Torah
86855,1418942,443981,Numbers,26,63,מואב,nmpr,"pers,gens,topo",F:unclassified-name,Torah
86857,1418942,443981,Numbers,26,63,ירדן,nmpr,topo,F:unclassified-name,Torah
86858,1418942,443981,Numbers,26,63,יריחו,nmpr,topo,F:unclassified-name,Torah
86867,1418943,443982,Numbers,26,64,משה,nmpr,pers,A:person-candidate,Torah
86869,1418943,443982,Numbers,26,64,אהרן,nmpr,pers,A:person-candidate,Torah
86876,1418943,443983,Numbers,26,64,ישראל,nmpr,"pers,gens,topo",F:unclassified-name,Torah
86879,1418943,443983,Numbers,26,64,סיני,nmpr,topo,F:unclassified-name,Torah
86882,1418944,443984,Numbers,26,65,יהוה,nmpr,pers,E:YHWH,Torah
86896,1418944,443987,Numbers,26,65,כלב,nmpr,pers,A:person-candidate,Torah
86898,1418944,443987,Numbers,26,65,יפנה,nmpr,pers,A:person-candidate,Torah
86900,1418944,443987,Numbers,26,65,יהושע,nmpr,pers,A:person-candidate,Torah
86902,1418944,443987,Numbers,26,65,נון,nmpr,pers,A:person-candidate,Torah
86906,1418945,443988,Numbers,27,1,צלפחד,nmpr,pers,A:person-candidate,Torah
86908,1418945,443988,Numbers,27,1,חפר,nmpr,pers,A:person-candidate,Torah
86910,1418945,443988,Numbers,27,1,גלעד,nmpr,topo,F:unclassified-name,Torah
86912,1418945,443988,Numbers,27,1,מכיר,nmpr,"pers,gens",F:unclassified-name,Torah
86914,1418945,443988,Numbers,27,1,מנשה,nmpr,"pers,gens",F:unclassified-name,Torah
86917,1418945,443988,Numbers,27,1,מנשה,nmpr,"pers,gens",F:unclassified-name,Torah
86919,1418945,443988,Numbers,27,1,יוסף,nmpr,pers,A:person-candidate,Torah
86924,1418945,443990,Numbers,27,1,מחלה,nmpr,pers,A:person-candidate,Torah
86925,1418945,443990,Numbers,27,1,נעה,nmpr,pers,A:person-candidate,Torah
86927,1418945,443990,Numbers,27,1,חגלה,nmpr,pers,A:person-candidate,Torah
86929,1418945,443990,Numbers,27,1,מלכה,nmpr,pers,A:person-candidate,Torah
86931,1418945,443990,Numbers,27,1,תרצה,nmpr,pers,A:person-candidate,Torah
86936,1418946,443991,Numbers,27,2,משה,nmpr,pers,A:person-candidate,Torah
86940,1418946,443991,Numbers,27,2,אלעזר,nmpr,pers,A:person-candidate,Torah
86973,1418947,443995,Numbers,27,3,יהוה,nmpr,pers,E:YHWH,Torah
86976,1418947,443995,Numbers,27,3,קרח,nmpr,pers,A:person-candidate,Torah
87006,1418949,444001,Numbers,27,5,משה,nmpr,pers,A:person-candidate,Torah
87011,1418949,444001,Numbers,27,5,יהוה,nmpr,pers,E:YHWH,Torah
87014,1418950,444002,Numbers,27,6,יהוה,nmpr,pers,E:YHWH,Torah
87015,1418950,444002,Numbers,27,6,אל,prep,,C:divine-title-candidate,Torah
87016,1418950,444002,Numbers,27,6,משה,nmpr,pers,A:person-candidate,Torah
87021,1418951,444004,Numbers,27,7,צלפחד,nmpr,pers,A:person-candidate,Torah
87039,1418952,444007,Numbers,27,8,אל,prep,,C:divine-title-candidate,Torah
87041,1418952,444007,Numbers,27,8,ישראל,nmpr,"pers,gens,topo",F:unclassified-name,Torah
87095,1418955,444019,Numbers,27,11,אל,prep,,C:divine-title-candidate,Torah
87105,1418955,444021,Numbers,27,11,ישראל,nmpr,"pers,gens,topo",F:unclassified-name,Torah
87112,1418955,444022,Numbers,27,11,יהוה,nmpr,pers,E:YHWH,Torah
87114,1418955,444022,Numbers,27,11,משה,nmpr,pers,A:person-candidate,Torah
87117,1418956,444023,Numbers,27,12,יהוה,nmpr,pers,E:YHWH,Torah
87118,1418956,444023,Numbers,27,12,אל,prep,,C:divine-title-candidate,Torah
87119,1418956,444023,Numbers,27,12,משה,nmpr,pers,A:person-candidate,Torah
87121,1418956,444024,Numbers,27,12,אל,prep,,C:divine-title-candidate,Torah
87124,1418956,444024,Numbers,27,12,עברים,nmpr,topo,F:unclassified-name,Torah
87136,1418956,444026,Numbers,27,12,ישראל,nmpr,"pers,gens,topo",F:unclassified-name,Torah
87142,1418957,444028,Numbers,27,13,אל,prep,,C:divine-title-candidate,Torah
87149,1418957,444029,Numbers,27,13,אהרן,nmpr,pers,A:person-candidate,Torah
87157,1418958,444030,Numbers,27,14,צן,nmpr,topo,F:unclassified-name,Torah
87172,1418958,444032,Numbers,27,14,קדש,nmpr,topo,F:unclassified-name,Torah
87174,1418958,444032,Numbers,27,14,צן,nmpr,topo,F:unclassified-name,Torah
87177,1418959,444033,Numbers,27,15,משה,nmpr,pers,A:person-candidate,Torah
87178,1418959,444033,Numbers,27,15,אל,prep,,C:divine-title-candidate,Torah
87179,1418959,444033,Numbers,27,15,יהוה,nmpr,pers,E:YHWH,Torah
87183,1418960,444035,Numbers,27,16,יהוה,nmpr,pers,E:YHWH,Torah
87184,1418960,444035,Numbers,27,16,אלהים,subs,,D:Elohim,Torah
87213,1418961,444040,Numbers,27,17,יהוה,nmpr,pers,E:YHWH,Torah
87223,1418962,444042,Numbers,27,18,יהוה,nmpr,pers,E:YHWH,Torah
87224,1418962,444042,Numbers,27,18,אל,prep,,C:divine-title-candidate,Torah
87225,1418962,444042,Numbers,27,18,משה,nmpr,pers,A:person-candidate,Torah
87229,1418962,444043,Numbers,27,18,יהושע,nmpr,pers,A:person-candidate,Torah
87231,1418962,444043,Numbers,27,18,נון,nmpr,pers,A:person-candidate,Torah
87246,1418963,444046,Numbers,27,19,אלעזר,nmpr,pers,A:person-candidate,Torah
87270,1418964,444049,Numbers,27,20,ישראל,nmpr,"pers,gens,topo",F:unclassified-name,Torah
87274,1418965,444050,Numbers,27,21,אלעזר,nmpr,pers,A:person-candidate,Torah
87287,1418965,444051,Numbers,27,21,יהוה,nmpr,pers,E:YHWH,Torah
87299,1418965,444053,Numbers,27,21,ישראל,nmpr,"pers,gens,topo",F:unclassified-name,Torah
87307,1418966,444054,Numbers,27,22,משה,nmpr,pers,A:person-candidate,Torah
87311,1418966,444055,Numbers,27,22,יהוה,nmpr,pers,E:YHWH,Torah
87316,1418966,444056,Numbers,27,22,יהושע,nmpr,pers,A:person-candidate,Torah
87321,1418966,444057,Numbers,27,22,אלעזר,nmpr,pers,A:person-candidate,Torah
87340,1418967,444060,Numbers,27,23,יהוה,nmpr,pers,E:YHWH,Torah
87343,1418967,444060,Numbers,27,23,משה,nmpr,pers,A:person-candidate,Torah
87346,1418968,444061,Numbers,28,1,יהוה,nmpr,pers,E:YHWH,Torah
87347,1418968,444061,Numbers,28,1,אל,prep,,C:divine-title-candidate,Torah
87348,1418968,444061,Numbers,28,1,משה,nmpr,pers,A:person-candidate,Torah
87354,1418969,444063,Numbers,28,2,ישראל,nmpr,"pers,gens,topo",F:unclassified-name,Torah
87357,1418969,444064,Numbers,28,2,אל,prep,,C:divine-title-candidate,Torah
87380,1418970,444069,Numbers,28,3,יהוה,nmpr,pers,E:YHWH,Torah
87429,1418973,444076,Numbers,28,6,סיני,nmpr,topo,F:unclassified-name,Torah
87435,1418973,444076,Numbers,28,6,יהוה,nmpr,pers,E:YHWH,Torah
87453,1418974,444078,Numbers,28,7,יהוה,nmpr,pers,E:YHWH,Torah
87476,1418975,444081,Numbers,28,8,יהוה,nmpr,pers,E:YHWH,Torah
87515,1418978,444086,Numbers,28,11,יהוה,nmpr,pers,E:YHWH,Torah
87575,1418980,444094,Numbers,28,13,יהוה,nmpr,pers,E:YHWH,Torah
87616,1418982,444100,Numbers,28,15,יהוה,nmpr,pers,E:YHWH,Torah
87639,1418983,444102,Numbers,28,16,יהוה,nmpr,pers,E:YHWH,Torah
87672,1418986,444107,Numbers,28,19,יהוה,nmpr,pers,E:YHWH,Torah
87753,1418991,444118,Numbers,28,24,יהוה,nmpr,pers,E:YHWH,Torah
87786,1418993,444124,Numbers,28,26,יהוה,nmpr,pers,E:YHWH,Torah
87805,1418994,444126,Numbers,28,27,יהוה,nmpr,pers,E:YHWH,Torah
87899,1419000,444141,Numbers,29,2,יהוה,nmpr,pers,E:YHWH,Torah
87971,1419004,444147,Numbers,29,6,יהוה,nmpr,pers,E:YHWH,Torah
87999,1419006,444152,Numbers,29,8,יהוה,nmpr,pers,E:YHWH,Torah
88086,1419010,444162,Numbers,29,12,יהוה,nmpr,pers,E:YHWH,Torah
88096,1419011,444163,Numbers,29,13,יהוה,nmpr,pers,E:YHWH,Torah
88481,1419034,444191,Numbers,29,36,יהוה,nmpr,pers,E:YHWH,Torah
88526,1419037,444194,Numbers,29,39,יהוה,nmpr,pers,E:YHWH,Torah
88548,1419038,444195,Numbers,30,1,משה,nmpr,pers,A:person-candidate,Torah
88549,1419038,444195,Numbers,30,1,אל,prep,,C:divine-title-candidate,Torah
88551,1419038,444195,Numbers,30,1,ישראל,nmpr,"pers,gens,topo",F:unclassified-name,Torah
88556,1419038,444196,Numbers,30,1,יהוה,nmpr,pers,E:YHWH,Torah
88558,1419038,444196,Numbers,30,1,משה,nmpr,pers,A:person-candidate,Torah
88561,1419039,444197,Numbers,30,2,משה,nmpr,pers,A:person-candidate,Torah
88562,1419039,444197,Numbers,30,2,אל,prep,,C:divine-title-candidate,Torah
88568,1419039,444197,Numbers,30,2,ישראל,nmpr,"pers,gens,topo",F:unclassified-name,Torah
88576,1419039,444200,Numbers,30,2,יהוה,nmpr,pers,E:YHWH,Torah
88582,1419040,444202,Numbers,30,3,יהוה,nmpr,pers,E:YHWH,Torah
88607,1419041,444209,Numbers,30,4,יהוה,nmpr,pers,E:YHWH,Torah
88662,1419043,444221,Numbers,30,6,יהוה,nmpr,pers,E:YHWH,Torah
88727,1419046,444238,Numbers,30,9,יהוה,nmpr,pers,E:YHWH,Torah
88798,1419050,444254,Numbers,30,13,יהוה,nmpr,pers,E:YHWH,Torah
88823,1419052,444259,Numbers,30,15,אל,prep,,C:divine-title-candidate,Torah
88860,1419054,444269,Numbers,30,17,יהוה,nmpr,pers,E:YHWH,Torah
88862,1419054,444269,Numbers,30,17,משה,nmpr,pers,A:person-candidate,Torah
88877,1419055,444270,Numbers,31,1,יהוה,nmpr,pers,E:YHWH,Torah
88878,1419055,444270,Numbers,31,1,אל,prep,,C:divine-title-candidate,Torah
88879,1419055,444270,Numbers,31,1,משה,nmpr,pers,A:person-candidate,Torah
88885,1419056,444272,Numbers,31,2,ישראל,nmpr,"pers,gens,topo",F:unclassified-name,Torah
88892,1419056,444273,Numbers,31,2,אל,prep,,C:divine-title-candidate,Torah
88896,1419057,444274,Numbers,31,3,משה,nmpr,pers,A:person-candidate,Torah
88897,1419057,444274,Numbers,31,3,אל,prep,,C:divine-title-candidate,Torah
88912,1419057,444277,Numbers,31,3,מדין,nmpr,"pers,gens,topo",F:unclassified-name,Torah
88916,1419057,444278,Numbers,31,3,יהוה,nmpr,pers,E:YHWH,Torah
88918,1419057,444278,Numbers,31,3,מדין,nmpr,"pers,gens,topo",F:unclassified-name,Torah
88930,1419058,444279,Numbers,31,4,ישראל,nmpr,"pers,gens,topo",F:unclassified-name,Torah
88939,1419059,444280,Numbers,31,5,ישראל,nmpr,"pers,gens,topo",F:unclassified-name,Torah
88952,1419060,444281,Numbers,31,6,משה,nmpr,pers,A:person-candidate,Torah
88963,1419060,444282,Numbers,31,6,פינחס,nmpr,pers,A:person-candidate,Torah
88965,1419060,444282,Numbers,31,6,אלעזר,nmpr,pers,A:person-candidate,Torah
88984,1419061,444284,Numbers,31,7,מדין,nmpr,"pers,gens,topo",F:unclassified-name,Torah
88988,1419061,444285,Numbers,31,7,יהוה,nmpr,pers,E:YHWH,Torah
88990,1419061,444285,Numbers,31,7,משה,nmpr,pers,A:person-candidate,Torah
88997,1419062,444287,Numbers,31,8,מלך,subs,,B:deity-candidate,Torah
88998,1419062,444287,Numbers,31,8,מדין,nmpr,"pers,gens,topo",F:unclassified-name,Torah
89003,1419062,444287,Numbers,31,8,אוי,nmpr,pers,A:person-candidate,Torah
89006,1419062,444287,Numbers,31,8,רקם,nmpr,pers,A:person-candidate,Torah
89009,1419062,444287,Numbers,31,8,צור,nmpr,pers,A:person-candidate,Torah
89012,1419062,444287,Numbers,31,8,חור,nmpr,pers,A:person-candidate,Torah
89015,1419062,444287,Numbers,31,8,רבע,nmpr,pers,A:person-candidate,Torah
89017,1419062,444287,Numbers,31,8,מלך,subs,,B:deity-candidate,Torah
89018,1419062,444287,Numbers,31,8,מדין,nmpr,"pers,gens,topo",F:unclassified-name,Torah
89021,1419062,444288,Numbers,31,8,בלעם,nmpr,pers,A:person-candidate,Torah
89023,1419062,444288,Numbers,31,8,בעור,nmpr,pers,A:person-candidate,Torah
89031,1419063,444289,Numbers,31,9,ישראל,nmpr,"pers,gens,topo",F:unclassified-name,Torah
89034,1419063,444289,Numbers,31,9,מדין,nmpr,"pers,gens,topo",F:unclassified-name,Torah
89085,1419066,444293,Numbers,31,12,אל,prep,,C:divine-title-candidate,Torah
89086,1419066,444293,Numbers,31,12,משה,nmpr,pers,A:person-candidate,Torah
89088,1419066,444293,Numbers,31,12,אל,prep,,C:divine-title-candidate,Torah
89089,1419066,444293,Numbers,31,12,אלעזר,nmpr,pers,A:person-candidate,Torah
89093,1419066,444293,Numbers,31,12,אל,prep,,C:divine-title-candidate,Torah
89096,1419066,444293,Numbers,31,12,ישראל,nmpr,"pers,gens,topo",F:unclassified-name,Torah
89108,1419066,444293,Numbers,31,12,אל,prep,,C:divine-title-candidate,Torah
89111,1419066,444293,Numbers,31,12,אל,prep,,C:divine-title-candidate,Torah
89113,1419066,444293,Numbers,31,12,מואב,nmpr,"pers,gens,topo",F:unclassified-name,Torah
89116,1419066,444294,Numbers,31,12,ירדן,nmpr,topo,F:unclassified-name,Torah
89117,1419066,444294,Numbers,31,12,יריחו,nmpr,topo,F:unclassified-name,Torah
89120,1419067,444295,Numbers,31,13,משה,nmpr,pers,A:person-candidate,Torah
89122,1419067,444295,Numbers,31,13,אלעזר,nmpr,pers,A:person-candidate,Torah
89132,1419067,444295,Numbers,31,13,אל,prep,,C:divine-title-candidate,Torah
89140,1419068,444297,Numbers,31,14,משה,nmpr,pers,A:person-candidate,Torah
89160,1419069,444299,Numbers,31,15,אל,prep,,C:divine-title-candidate,Torah
89161,1419069,444299,Numbers,31,15,משה,nmpr,pers,A:person-candidate,Torah
89171,1419070,444301,Numbers,31,16,ישראל,nmpr,"pers,gens,topo",F:unclassified-name,Torah
89174,1419070,444301,Numbers,31,16,בלעם,nmpr,pers,A:person-candidate,Torah
89179,1419070,444302,Numbers,31,16,יהוה,nmpr,pers,E:YHWH,Torah
89182,1419070,444302,Numbers,31,16,פעור,nmpr,topo,F:unclassified-name,Torah
89189,1419070,444303,Numbers,31,16,יהוה,nmpr,pers,E:YHWH,Torah
89273,1419075,444316,Numbers,31,21,אלעזר,nmpr,pers,A:person-candidate,Torah
89276,1419075,444316,Numbers,31,21,אל,prep,,C:divine-title-candidate,Torah
89291,1419075,444319,Numbers,31,21,יהוה,nmpr,pers,E:YHWH,Torah
89293,1419075,444319,Numbers,31,21,משה,nmpr,pers,A:person-candidate,Torah
89358,1419078,444329,Numbers,31,24,אל,prep,,C:divine-title-candidate,Torah
89363,1419079,444330,Numbers,31,25,יהוה,nmpr,pers,E:YHWH,Torah
89364,1419079,444330,Numbers,31,25,אל,prep,,C:divine-title-candidate,Torah
89365,1419079,444330,Numbers,31,25,משה,nmpr,pers,A:person-candidate,Torah
89383,1419080,444332,Numbers,31,26,אלעזר,nmpr,pers,A:person-candidate,Torah
89414,1419082,444335,Numbers,31,28,יהוה,nmpr,pers,E:YHWH,Torah
89452,1419083,444338,Numbers,31,29,אלעזר,nmpr,pers,A:person-candidate,Torah
89456,1419083,444338,Numbers,31,29,יהוה,nmpr,pers,E:YHWH,Torah
89461,1419084,444339,Numbers,31,30,ישראל,nmpr,"pers,gens,topo",F:unclassified-name,Torah
89494,1419084,444340,Numbers,31,30,יהוה,nmpr,pers,E:YHWH,Torah
89497,1419085,444341,Numbers,31,31,משה,nmpr,pers,A:person-candidate,Torah
89499,1419085,444341,Numbers,31,31,אלעזר,nmpr,pers,A:person-candidate,Torah
89505,1419085,444342,Numbers,31,31,יהוה,nmpr,pers,E:YHWH,Torah
89507,1419085,444342,Numbers,31,31,משה,nmpr,pers,A:person-candidate,Torah
89589,1419091,444352,Numbers,31,37,יהוה,nmpr,pers,E:YHWH,Torah
89608,1419092,444354,Numbers,31,38,יהוה,nmpr,pers,E:YHWH,Torah
89622,1419093,444356,Numbers,31,39,יהוה,nmpr,pers,E:YHWH,Torah
89635,1419094,444358,Numbers,31,40,יהוה,nmpr,pers,E:YHWH,Torah
89642,1419095,444359,Numbers,31,41,משה,nmpr,pers,A:person-candidate,Torah
89646,1419095,444359,Numbers,31,41,יהוה,nmpr,pers,E:YHWH,Torah
89648,1419095,444359,Numbers,31,41,אלעזר,nmpr,pers,A:person-candidate,Torah
89654,1419095,444360,Numbers,31,41,יהוה,nmpr,pers,E:YHWH,Torah
89656,1419095,444360,Numbers,31,41,משה,nmpr,pers,A:person-candidate,Torah
89661,1419096,444361,Numbers,31,42,ישראל,nmpr,"pers,gens,topo",F:unclassified-name,Torah
89664,1419096,444362,Numbers,31,42,משה,nmpr,pers,A:person-candidate,Torah
89710,1419101,444368,Numbers,31,47,משה,nmpr,pers,A:person-candidate,Torah
89714,1419101,444368,Numbers,31,47,ישראל,nmpr,"pers,gens,topo",F:unclassified-name,Torah
89738,1419101,444369,Numbers,31,47,יהוה,nmpr,pers,E:YHWH,Torah
89742,1419101,444370,Numbers,31,47,יהוה,nmpr,pers,E:YHWH,Torah
89744,1419101,444370,Numbers,31,47,משה,nmpr,pers,A:person-candidate,Torah
89747,1419102,444371,Numbers,31,48,אל,prep,,C:divine-title-candidate,Torah
89748,1419102,444371,Numbers,31,48,משה,nmpr,pers,A:person-candidate,Torah
89765,1419103,444373,Numbers,31,49,אל,prep,,C:divine-title-candidate,Torah
89766,1419103,444373,Numbers,31,49,משה,nmpr,pers,A:person-candidate,Torah
89786,1419104,444377,Numbers,31,50,יהוה,nmpr,pers,E:YHWH,Torah
89805,1419104,444381,Numbers,31,50,יהוה,nmpr,pers,E:YHWH,Torah
89808,1419105,444382,Numbers,31,51,משה,nmpr,pers,A:person-candidate,Torah
89810,1419105,444382,Numbers,31,51,אלעזר,nmpr,pers,A:person-candidate,Torah
89830,1419106,444384,Numbers,31,52,יהוה,nmpr,pers,E:YHWH,Torah
89858,1419108,444387,Numbers,31,54,משה,nmpr,pers,A:person-candidate,Torah
89860,1419108,444387,Numbers,31,54,אלעזר,nmpr,pers,A:person-candidate,Torah
89877,1419108,444388,Numbers,31,54,אל,prep,,C:divine-title-candidate,Torah
89883,1419108,444388,Numbers,31,54,ישראל,nmpr,"pers,gens,topo",F:unclassified-name,Torah
89886,1419108,444388,Numbers,31,54,יהוה,nmpr,pers,E:YHWH,Torah
89893,1419109,444389,Numbers,32,1,ראובן,nmpr,"pers,gens,topo",F:unclassified-name,Torah
89897,1419109,444389,Numbers,32,1,גד,nmpr,"pers,gens,topo",B:deity-candidate,Torah
89904,1419109,444391,Numbers,32,1,יעזר,nmpr,topo,F:unclassified-name,Torah
89908,1419109,444391,Numbers,32,1,גלעד,nmpr,topo,F:unclassified-name,Torah
89918,1419110,444393,Numbers,32,2,גד,nmpr,"pers,gens,topo",B:deity-candidate,Torah
89921,1419110,444393,Numbers,32,2,ראובן,nmpr,"pers,gens,topo",F:unclassified-name,Torah
89924,1419110,444394,Numbers,32,2,אל,prep,,C:divine-title-candidate,Torah
89925,1419110,444394,Numbers,32,2,משה,nmpr,pers,A:person-candidate,Torah
89927,1419110,444394,Numbers,32,2,אל,prep,,C:divine-title-candidate,Torah
89928,1419110,444394,Numbers,32,2,אלעזר,nmpr,pers,A:person-candidate,Torah
89932,1419110,444394,Numbers,32,2,אל,prep,,C:divine-title-candidate,Torah
89938,1419111,444396,Numbers,32,3,עטרות,nmpr,topo,F:unclassified-name,Torah
89940,1419111,444396,Numbers,32,3,דיבן,nmpr,topo,F:unclassified-name,Torah
89942,1419111,444396,Numbers,32,3,יעזר,nmpr,topo,F:unclassified-name,Torah
89944,1419111,444396,Numbers,32,3,נמרה,nmpr,topo,F:unclassified-name,Torah
89946,1419111,444396,Numbers,32,3,חשבון,nmpr,topo,F:unclassified-name,Torah
89948,1419111,444396,Numbers,32,3,אלעלה,nmpr,topo,F:unclassified-name,Torah
89950,1419111,444396,Numbers,32,3,שבם,nmpr,topo,F:unclassified-name,Torah
89952,1419111,444396,Numbers,32,3,נבו,nmpr,topo,F:unclassified-name,Torah
89954,1419111,444396,Numbers,32,3,בען,nmpr,topo,F:unclassified-name,Torah
89959,1419112,444398,Numbers,32,4,יהוה,nmpr,pers,E:YHWH,Torah
89963,1419112,444398,Numbers,32,4,ישראל,nmpr,"pers,gens,topo",F:unclassified-name,Torah
89988,1419113,444404,Numbers,32,5,אל,nega,,C:divine-title-candidate,Torah
89992,1419113,444404,Numbers,32,5,ירדן,nmpr,topo,F:unclassified-name,Torah
89995,1419114,444405,Numbers,32,6,משה,nmpr,pers,A:person-candidate,Torah
89998,1419114,444405,Numbers,32,6,גד,nmpr,"pers,gens,topo",B:deity-candidate,Torah
90002,1419114,444405,Numbers,32,6,ראובן,nmpr,"pers,gens,topo",F:unclassified-name,Torah
90019,1419115,444408,Numbers,32,7,ישראל,nmpr,"pers,gens,topo",F:unclassified-name,Torah
90022,1419115,444409,Numbers,32,7,אל,prep,,C:divine-title-candidate,Torah
90028,1419115,444410,Numbers,32,7,יהוה,nmpr,pers,E:YHWH,Torah
90036,1419116,444412,Numbers,32,8,קדש ברנע,nmpr,topo,F:unclassified-name,Torah
90046,1419117,444414,Numbers,32,9,אשכל,nmpr,topo,F:unclassified-name,Torah
90057,1419117,444416,Numbers,32,9,ישראל,nmpr,"pers,gens,topo",F:unclassified-name,Torah
90061,1419117,444417,Numbers,32,9,אל,prep,,C:divine-title-candidate,Torah
90067,1419117,444418,Numbers,32,9,יהוה,nmpr,pers,E:YHWH,Torah
90071,1419118,444419,Numbers,32,10,יהוה,nmpr,pers,E:YHWH,Torah
90088,1419119,444423,Numbers,32,11,מצרים,nmpr,topo,F:unclassified-name,Torah
90101,1419119,444424,Numbers,32,11,אברהם,nmpr,pers,A:person-candidate,Torah
90103,1419119,444424,Numbers,32,11,יצחק,nmpr,pers,A:person-candidate,Torah
90106,1419119,444424,Numbers,32,11,יעקב,nmpr,pers,A:person-candidate,Torah
90112,1419120,444426,Numbers,32,12,כלב,nmpr,pers,A:person-candidate,Torah
90114,1419120,444426,Numbers,32,12,יפנה,nmpr,pers,A:person-candidate,Torah
90118,1419120,444426,Numbers,32,12,יהושע,nmpr,pers,A:person-candidate,Torah
90120,1419120,444426,Numbers,32,12,נון,nmpr,pers,A:person-candidate,Torah
90124,1419120,444427,Numbers,32,12,יהוה,nmpr,pers,E:YHWH,Torah
90128,1419121,444428,Numbers,32,13,יהוה,nmpr,pers,E:YHWH,Torah
90130,1419121,444428,Numbers,32,13,ישראל,nmpr,"pers,gens,topo",F:unclassified-name,Torah
90149,1419121,444432,Numbers,32,13,יהוה,nmpr,pers,E:YHWH,Torah
90164,1419122,444434,Numbers,32,14,יהוה,nmpr,pers,E:YHWH,Torah
90165,1419122,444434,Numbers,32,14,אל,prep,,C:divine-title-candidate,Torah
90166,1419122,444434,Numbers,32,14,ישראל,nmpr,"pers,gens,topo",F:unclassified-name,Torah
90189,1419124,444439,Numbers,32,16,אל,prep,,C:divine-title-candidate,Torah
90209,1419125,444444,Numbers,32,17,ישראל,nmpr,"pers,gens,topo",F:unclassified-name,Torah
90214,1419125,444445,Numbers,32,17,אל,prep,,C:divine-title-candidate,Torah
90230,1419126,444447,Numbers,32,18,אל,prep,,C:divine-title-candidate,Torah
90235,1419126,444448,Numbers,32,18,ישראל,nmpr,"pers,gens,topo",F:unclassified-name,Torah
90246,1419127,444450,Numbers,32,19,ירדן,nmpr,topo,F:unclassified-name,Torah
90252,1419127,444451,Numbers,32,19,אל,prep,,C:divine-title-candidate,Torah
90256,1419127,444451,Numbers,32,19,ירדן,nmpr,topo,F:unclassified-name,Torah
90260,1419128,444452,Numbers,32,20,אל,prep,,C:divine-title-candidate,Torah
90261,1419128,444452,Numbers,32,20,משה,nmpr,pers,A:person-candidate,Torah
90273,1419128,444454,Numbers,32,20,יהוה,nmpr,pers,E:YHWH,Torah
90284,1419129,444455,Numbers,32,21,ירדן,nmpr,topo,F:unclassified-name,Torah
90287,1419129,444455,Numbers,32,21,יהוה,nmpr,pers,E:YHWH,Torah
90300,1419130,444457,Numbers,32,22,יהוה,nmpr,pers,E:YHWH,Torah
90308,1419130,444459,Numbers,32,22,יהוה,nmpr,pers,E:YHWH,Torah
90311,1419130,444459,Numbers,32,22,ישראל,nmpr,"pers,gens,topo",F:unclassified-name,Torah
90323,1419130,444460,Numbers,32,22,יהוה,nmpr,pers,E:YHWH,Torah
90332,1419131,444462,Numbers,32,23,יהוה,nmpr,pers,E:YHWH,Torah
90357,1419133,444469,Numbers,32,25,גד,nmpr,"pers,gens,topo",B:deity-candidate,Torah
90360,1419133,444469,Numbers,32,25,ראובן,nmpr,"pers,gens,topo",F:unclassified-name,Torah
90361,1419133,444469,Numbers,32,25,אל,prep,,C:divine-title-candidate,Torah
90362,1419133,444469,Numbers,32,25,משה,nmpr,pers,A:person-candidate,Torah
90382,1419134,444473,Numbers,32,26,גלעד,nmpr,topo,F:unclassified-name,Torah
90391,1419135,444474,Numbers,32,27,יהוה,nmpr,pers,E:YHWH,Torah
90402,1419136,444476,Numbers,32,28,משה,nmpr,pers,A:person-candidate,Torah
90404,1419136,444476,Numbers,32,28,אלעזר,nmpr,pers,A:person-candidate,Torah
90409,1419136,444476,Numbers,32,28,יהושע,nmpr,pers,A:person-candidate,Torah
90411,1419136,444476,Numbers,32,28,נון,nmpr,pers,A:person-candidate,Torah
90420,1419136,444476,Numbers,32,28,ישראל,nmpr,"pers,gens,topo",F:unclassified-name,Torah
90423,1419137,444477,Numbers,32,29,משה,nmpr,pers,A:person-candidate,Torah
90424,1419137,444477,Numbers,32,29,אל,prep,,C:divine-title-candidate,Torah
90428,1419137,444478,Numbers,32,29,גד,nmpr,"pers,gens,topo",B:deity-candidate,Torah
90431,1419137,444478,Numbers,32,29,ראובן,nmpr,"pers,gens,topo",F:unclassified-name,Torah
90435,1419137,444478,Numbers,32,29,ירדן,nmpr,topo,F:unclassified-name,Torah
90443,1419137,444478,Numbers,32,29,יהוה,nmpr,pers,E:YHWH,Torah
90456,1419137,444480,Numbers,32,29,גלעד,nmpr,topo,F:unclassified-name,Torah
90471,1419138,444482,Numbers,32,30,כנען,nmpr,"pers,gens,topo",F:unclassified-name,Torah
90475,1419139,444483,Numbers,32,31,גד,nmpr,"pers,gens,topo",B:deity-candidate,Torah
90478,1419139,444483,Numbers,32,31,ראובן,nmpr,"pers,gens,topo",F:unclassified-name,Torah
90484,1419139,444485,Numbers,32,31,יהוה,nmpr,pers,E:YHWH,Torah
90485,1419139,444485,Numbers,32,31,אל,prep,,C:divine-title-candidate,Torah
90494,1419140,444487,Numbers,32,32,יהוה,nmpr,pers,E:YHWH,Torah
90496,1419140,444487,Numbers,32,32,כנען,nmpr,"pers,gens,topo",F:unclassified-name,Torah
90505,1419140,444488,Numbers,32,32,ירדן,nmpr,topo,F:unclassified-name,Torah
90509,1419141,444489,Numbers,32,33,משה,nmpr,pers,A:person-candidate,Torah
90512,1419141,444489,Numbers,32,33,גד,nmpr,"pers,gens,topo",B:deity-candidate,Torah
90516,1419141,444489,Numbers,32,33,ראובן,nmpr,"pers,gens,topo",F:unclassified-name,Torah
90521,1419141,444489,Numbers,32,33,מנשה,nmpr,"pers,gens",F:unclassified-name,Torah
90523,1419141,444489,Numbers,32,33,יוסף,nmpr,pers,A:person-candidate,Torah
90526,1419141,444489,Numbers,32,33,סיחון,nmpr,pers,A:person-candidate,Torah
90527,1419141,444489,Numbers,32,33,מלך,subs,,B:deity-candidate,Torah
90533,1419141,444489,Numbers,32,33,עוג,nmpr,pers,A:person-candidate,Torah
90534,1419141,444489,Numbers,32,33,מלך,subs,,B:deity-candidate,Torah
90536,1419141,444489,Numbers,32,33,בשן,nmpr,topo,F:unclassified-name,Torah
90550,1419142,444490,Numbers,32,34,גד,nmpr,"pers,gens,topo",B:deity-candidate,Torah
90552,1419142,444490,Numbers,32,34,דיבן,nmpr,topo,F:unclassified-name,Torah
90555,1419142,444490,Numbers,32,34,עטרות,nmpr,topo,F:unclassified-name,Torah
90558,1419142,444490,Numbers,32,34,ערוער,nmpr,topo,F:unclassified-name,Torah
90561,1419143,444491,Numbers,32,35,עטרות שופן,nmpr,topo,F:unclassified-name,Torah
90564,1419143,444491,Numbers,32,35,יעזר,nmpr,topo,F:unclassified-name,Torah
90566,1419143,444491,Numbers,32,35,יגבהה,nmpr,topo,F:unclassified-name,Torah
90569,1419144,444492,Numbers,32,36,בית נמרה,nmpr,topo,F:unclassified-name,Torah
90572,1419144,444492,Numbers,32,36,בית הרן,nmpr,topo,F:unclassified-name,Torah
90580,1419145,444493,Numbers,32,37,ראובן,nmpr,"pers,gens,topo",F:unclassified-name,Torah
90583,1419145,444493,Numbers,32,37,חשבון,nmpr,topo,F:unclassified-name,Torah
90586,1419145,444493,Numbers,32,37,אלעלה,nmpr,topo,F:unclassified-name,Torah
90589,1419145,444493,Numbers,32,37,קריתים,nmpr,topo,F:unclassified-name,Torah
90592,1419146,444494,Numbers,32,38,נבו,nmpr,topo,F:unclassified-name,Torah
90595,1419146,444494,Numbers,32,38,בעל מעון,nmpr,topo,F:unclassified-name,Torah
90600,1419146,444494,Numbers,32,38,שבמה,nmpr,topo,F:unclassified-name,Torah
90614,1419147,444498,Numbers,32,39,מכיר,nmpr,"pers,gens",F:unclassified-name,Torah
90616,1419147,444498,Numbers,32,39,מנשה,nmpr,"pers,gens",F:unclassified-name,Torah
90617,1419147,444498,Numbers,32,39,גלעד,nmpr,topo,F:unclassified-name,Torah
90629,1419148,444502,Numbers,32,40,משה,nmpr,pers,A:person-candidate,Torah
90632,1419148,444502,Numbers,32,40,גלעד,nmpr,topo,F:unclassified-name,Torah
90634,1419148,444502,Numbers,32,40,מכיר,nmpr,"pers,gens",F:unclassified-name,Torah
90636,1419148,444502,Numbers,32,40,מנשה,nmpr,"pers,gens",F:unclassified-name,Torah
90641,1419149,444504,Numbers,32,41,יאיר,nmpr,pers,A:person-candidate,Torah
90643,1419149,444504,Numbers,32,41,מנשה,nmpr,"pers,gens",F:unclassified-name,Torah
90653,1419149,444506,Numbers,32,41,יאיר,nmpr,pers,A:person-candidate,Torah
90655,1419150,444507,Numbers,32,42,נבח,nmpr,pers,A:person-candidate,Torah
90660,1419150,444508,Numbers,32,42,קנת,nmpr,topo,F:unclassified-name,Torah
90667,1419150,444509,Numbers,32,42,נבח,nmpr,topo,F:unclassified-name,Torah
90673,1419151,444510,Numbers,33,1,ישראל,nmpr,"pers,gens,topo",F:unclassified-name,Torah
90678,1419151,444511,Numbers,33,1,מצרים,nmpr,topo,F:unclassified-name,Torah
90683,1419151,444511,Numbers,33,1,משה,nmpr,pers,A:person-candidate,Torah
90685,1419151,444511,Numbers,33,1,אהרן,nmpr,pers,A:person-candidate,Torah
90688,1419152,444512,Numbers,33,2,משה,nmpr,pers,A:person-candidate,Torah
90695,1419152,444512,Numbers,33,2,יהוה,nmpr,pers,E:YHWH,Torah
90704,1419153,444514,Numbers,33,3,רעמסס,nmpr,topo,F:unclassified-name,Torah
90725,1419153,444515,Numbers,33,3,ישראל,nmpr,"pers,gens,topo",F:unclassified-name,Torah
90732,1419153,444515,Numbers,33,3,מצרים,nmpr,topo,F:unclassified-name,Torah
90734,1419154,444516,Numbers,33,4,מצרים,nmpr,topo,F:unclassified-name,Torah
90739,1419154,444517,Numbers,33,4,יהוה,nmpr,pers,E:YHWH,Torah
90745,1419154,444519,Numbers,33,4,אלהים,subs,,D:Elohim,Torah
90747,1419154,444519,Numbers,33,4,יהוה,nmpr,pers,E:YHWH,Torah
90752,1419155,444520,Numbers,33,5,ישראל,nmpr,"pers,gens,topo",F:unclassified-name,Torah
90754,1419155,444520,Numbers,33,5,רעמסס,nmpr,topo,F:unclassified-name,Torah
90758,1419155,444521,Numbers,33,5,סכות,nmpr,topo,F:unclassified-name,Torah
90762,1419156,444522,Numbers,33,6,סכות,nmpr,topo,F:unclassified-name,Torah
90766,1419156,444523,Numbers,33,6,אתם,nmpr,topo,F:unclassified-name,Torah
90775,1419157,444525,Numbers,33,7,אתם,nmpr,topo,F:unclassified-name,Torah
90779,1419157,444526,Numbers,33,7,פי החירות,nmpr,topo,F:unclassified-name,Torah
90783,1419157,444527,Numbers,33,7,בעל צפן,nmpr,topo,F:unclassified-name,Torah
90788,1419157,444528,Numbers,33,7,מגדל,nmpr,topo,F:unclassified-name,Torah
90793,1419158,444529,Numbers,33,8,החירות,nmpr,topo,F:unclassified-name,Torah
90809,1419158,444531,Numbers,33,8,אתם,nmpr,topo,F:unclassified-name,Torah
90813,1419158,444532,Numbers,33,8,מרה,nmpr,topo,F:unclassified-name,Torah
90817,1419159,444533,Numbers,33,9,מרה,nmpr,topo,F:unclassified-name,Torah
90820,1419159,444534,Numbers,33,9,אילם,nmpr,topo,F:unclassified-name,Torah
90823,1419159,444535,Numbers,33,9,אילם,nmpr,topo,F:unclassified-name,Torah
90837,1419160,444537,Numbers,33,10,אילם,nmpr,topo,F:unclassified-name,Torah
90852,1419161,444540,Numbers,33,11,סין,nmpr,topo,F:unclassified-name,Torah
90857,1419162,444541,Numbers,33,12,סין,nmpr,topo,F:unclassified-name,Torah
90861,1419162,444542,Numbers,33,12,דפקה,nmpr,topo,F:unclassified-name,Torah
90865,1419163,444543,Numbers,33,13,דפקה,nmpr,topo,F:unclassified-name,Torah
90869,1419163,444544,Numbers,33,13,אלוש,nmpr,topo,F:unclassified-name,Torah
90873,1419164,444545,Numbers,33,14,אלוש,nmpr,topo,F:unclassified-name,Torah
90877,1419164,444546,Numbers,33,14,רפידים,nmpr,topo,F:unclassified-name,Torah
90891,1419165,444549,Numbers,33,15,רפידים,nmpr,topo,F:unclassified-name,Torah
90896,1419165,444550,Numbers,33,15,סיני,nmpr,topo,F:unclassified-name,Torah
90901,1419166,444551,Numbers,33,16,סיני,nmpr,topo,F:unclassified-name,Torah
90905,1419166,444552,Numbers,33,16,קברות התאוה,nmpr,topo,F:unclassified-name,Torah
90909,1419167,444553,Numbers,33,17,קברות התאוה,nmpr,topo,F:unclassified-name,Torah
90913,1419167,444554,Numbers,33,17,חצרות,nmpr,topo,F:unclassified-name,Torah
90917,1419168,444555,Numbers,33,18,חצרות,nmpr,topo,F:unclassified-name,Torah
90921,1419168,444556,Numbers,33,18,רתמה,nmpr,topo,F:unclassified-name,Torah
90925,1419169,444557,Numbers,33,19,רתמה,nmpr,topo,F:unclassified-name,Torah
90929,1419169,444558,Numbers,33,19,רמון פרץ,nmpr,topo,F:unclassified-name,Torah
90933,1419170,444559,Numbers,33,20,רמון פרץ,nmpr,topo,F:unclassified-name,Torah
90937,1419170,444560,Numbers,33,20,לבנה,nmpr,topo,F:unclassified-name,Torah
90941,1419171,444561,Numbers,33,21,לבנה,nmpr,topo,F:unclassified-name,Torah
90945,1419171,444562,Numbers,33,21,רסה,nmpr,topo,F:unclassified-name,Torah
90949,1419172,444563,Numbers,33,22,רסה,nmpr,topo,F:unclassified-name,Torah
90953,1419172,444564,Numbers,33,22,קהלתה,nmpr,topo,F:unclassified-name,Torah
90957,1419173,444565,Numbers,33,23,קהלתה,nmpr,topo,F:unclassified-name,Torah
90962,1419173,444566,Numbers,33,23,שפר,nmpr,topo,F:unclassified-name,Torah
90967,1419174,444567,Numbers,33,24,שפר,nmpr,topo,F:unclassified-name,Torah
90971,1419174,444568,Numbers,33,24,חרדה,nmpr,topo,F:unclassified-name,Torah
90975,1419175,444569,Numbers,33,25,חרדה,nmpr,topo,F:unclassified-name,Torah
90979,1419175,444570,Numbers,33,25,מקהלת,nmpr,topo,F:unclassified-name,Torah
90983,1419176,444571,Numbers,33,26,מקהלת,nmpr,topo,F:unclassified-name,Torah
90987,1419176,444572,Numbers,33,26,תחת,nmpr,topo,F:unclassified-name,Torah
90991,1419177,444573,Numbers,33,27,תחת,nmpr,topo,F:unclassified-name,Torah
90995,1419177,444574,Numbers,33,27,תרח,nmpr,topo,F:unclassified-name,Torah
90999,1419178,444575,Numbers,33,28,תרח,nmpr,topo,F:unclassified-name,Torah
91003,1419178,444576,Numbers,33,28,מתקה,nmpr,topo,F:unclassified-name,Torah
91007,1419179,444577,Numbers,33,29,מתקה,nmpr,topo,F:unclassified-name,Torah
91011,1419179,444578,Numbers,33,29,חשמנה,nmpr,topo,F:unclassified-name,Torah
91015,1419180,444579,Numbers,33,30,חשמנה,nmpr,topo,F:unclassified-name,Torah
91019,1419180,444580,Numbers,33,30,מסרות,nmpr,topo,F:unclassified-name,Torah
91023,1419181,444581,Numbers,33,31,מסרות,nmpr,topo,F:unclassified-name,Torah
91027,1419181,444582,Numbers,33,31,בני יעקן,nmpr,topo,F:unclassified-name,Torah
91031,1419182,444583,Numbers,33,32,בני יעקן,nmpr,topo,F:unclassified-name,Torah
91035,1419182,444584,Numbers,33,32,חר הגדגד,nmpr,topo,F:unclassified-name,Torah
91039,1419183,444585,Numbers,33,33,חר הגדגד,nmpr,topo,F:unclassified-name,Torah
91043,1419183,444586,Numbers,33,33,יטבתה,nmpr,topo,F:unclassified-name,Torah
91047,1419184,444587,Numbers,33,34,יטבתה,nmpr,topo,F:unclassified-name,Torah
91051,1419184,444588,Numbers,33,34,עברנה,nmpr,topo,F:unclassified-name,Torah
91055,1419185,444589,Numbers,33,35,עברנה,nmpr,topo,F:unclassified-name,Torah
91059,1419185,444590,Numbers,33,35,עציון גבר,nmpr,topo,F:unclassified-name,Torah
91063,1419186,444591,Numbers,33,36,עציון גבר,nmpr,topo,F:unclassified-name,Torah
91068,1419186,444592,Numbers,33,36,צן,nmpr,topo,F:unclassified-name,Torah
91070,1419186,444593,Numbers,33,36,קדש,nmpr,topo,F:unclassified-name,Torah
91074,1419187,444594,Numbers,33,37,קדש,nmpr,topo,F:unclassified-name,Torah
91078,1419187,444595,Numbers,33,37,הר,nmpr,topo,F:unclassified-name,Torah
91084,1419187,444595,Numbers,33,37,אדום,nmpr,topo,F:unclassified-name,Torah
91087,1419188,444596,Numbers,33,38,אהרן,nmpr,pers,A:person-candidate,Torah
91090,1419188,444596,Numbers,33,38,אל,prep,,C:divine-title-candidate,Torah
91091,1419188,444596,Numbers,33,38,הר,nmpr,topo,F:unclassified-name,Torah
91096,1419188,444596,Numbers,33,38,יהוה,nmpr,pers,E:YHWH,Torah
91107,1419188,444598,Numbers,33,38,ישראל,nmpr,"pers,gens,topo",F:unclassified-name,Torah
91110,1419188,444598,Numbers,33,38,מצרים,nmpr,topo,F:unclassified-name,Torah
91122,1419189,444599,Numbers,33,39,אהרן,nmpr,pers,A:person-candidate,Torah
91133,1419189,444599,Numbers,33,39,הר,nmpr,topo,F:unclassified-name,Torah
91140,1419190,444600,Numbers,33,40,מלך,subs,,B:deity-candidate,Torah
91141,1419190,444600,Numbers,33,40,ערד,nmpr,topo,F:unclassified-name,Torah
91150,1419190,444601,Numbers,33,40,כנען,nmpr,"pers,gens,topo",F:unclassified-name,Torah
91154,1419190,444602,Numbers,33,40,ישראל,nmpr,"pers,gens,topo",F:unclassified-name,Torah
91158,1419191,444603,Numbers,33,41,הר,nmpr,topo,F:unclassified-name,Torah
91164,1419191,444604,Numbers,33,41,צלמנה,nmpr,topo,F:unclassified-name,Torah
91168,1419192,444605,Numbers,33,42,צלמנה,nmpr,topo,F:unclassified-name,Torah
91172,1419192,444606,Numbers,33,42,פונן,nmpr,topo,F:unclassified-name,Torah
91176,1419193,444607,Numbers,33,43,פונן,nmpr,topo,F:unclassified-name,Torah
91180,1419193,444608,Numbers,33,43,אבת,nmpr,topo,F:unclassified-name,Torah
91184,1419194,444609,Numbers,33,44,אבת,nmpr,topo,F:unclassified-name,Torah
91188,1419194,444610,Numbers,33,44,עיי העברים,nmpr,topo,F:unclassified-name,Torah
91191,1419194,444610,Numbers,33,44,מואב,nmpr,"pers,gens,topo",F:unclassified-name,Torah
91195,1419195,444611,Numbers,33,45,עיים,nmpr,topo,F:unclassified-name,Torah
91199,1419195,444612,Numbers,33,45,דיבן,nmpr,topo,F:unclassified-name,Torah
91200,1419195,444612,Numbers,33,45,גד,nmpr,"pers,gens,topo",B:deity-candidate,Torah
91204,1419196,444613,Numbers,33,46,דיבן,nmpr,topo,F:unclassified-name,Torah
91205,1419196,444613,Numbers,33,46,גד,nmpr,"pers,gens,topo",B:deity-candidate,Torah
91209,1419196,444614,Numbers,33,46,עלמון דבלתימה,nmpr,topo,F:unclassified-name,Torah
91213,1419197,444615,Numbers,33,47,עלמון דבלתימה,nmpr,topo,F:unclassified-name,Torah
91219,1419197,444616,Numbers,33,47,עברים,nmpr,topo,F:unclassified-name,Torah
91222,1419197,444616,Numbers,33,47,נבו,nmpr,topo,F:unclassified-name,Torah
91228,1419198,444617,Numbers,33,48,עברים,nmpr,topo,F:unclassified-name,Torah
91233,1419198,444618,Numbers,33,48,מואב,nmpr,"pers,gens,topo",F:unclassified-name,Torah
91235,1419198,444618,Numbers,33,48,ירדן,nmpr,topo,F:unclassified-name,Torah
91236,1419198,444618,Numbers,33,48,יריחו,nmpr,topo,F:unclassified-name,Torah
91241,1419199,444619,Numbers,33,49,ירדן,nmpr,topo,F:unclassified-name,Torah
91243,1419199,444619,Numbers,33,49,בית הישמות,nmpr,topo,F:unclassified-name,Torah
91245,1419199,444619,Numbers,33,49,אבל השטים,nmpr,topo,F:unclassified-name,Torah
91248,1419199,444619,Numbers,33,49,מואב,nmpr,"pers,gens,topo",F:unclassified-name,Torah
91251,1419200,444620,Numbers,33,50,יהוה,nmpr,pers,E:YHWH,Torah
91252,1419200,444620,Numbers,33,50,אל,prep,,C:divine-title-candidate,Torah
91253,1419200,444620,Numbers,33,50,משה,nmpr,pers,A:person-candidate,Torah
91256,1419200,444620,Numbers,33,50,מואב,nmpr,"pers,gens,topo",F:unclassified-name,Torah
91258,1419200,444620,Numbers,33,50,ירדן,nmpr,topo,F:unclassified-name,Torah
91259,1419200,444620,Numbers,33,50,יריחו,nmpr,topo,F:unclassified-name,Torah
91263,1419201,444622,Numbers,33,51,אל,prep,,C:divine-title-candidate,Torah
91265,1419201,444622,Numbers,33,51,ישראל,nmpr,"pers,gens,topo",F:unclassified-name,Torah
91268,1419201,444623,Numbers,33,51,אל,prep,,C:divine-title-candidate,Torah
91274,1419201,444624,Numbers,33,51,ירדן,nmpr,topo,F:unclassified-name,Torah
91275,1419201,444624,Numbers,33,51,אל,prep,,C:divine-title-candidate,Torah
91277,1419201,444624,Numbers,33,51,כנען,nmpr,"pers,gens,topo",F:unclassified-name,Torah
91342,1419204,444636,Numbers,33,54,אל,prep,,C:divine-title-candidate,Torah
91401,1419207,444650,Numbers,34,1,יהוה,nmpr,pers,E:YHWH,Torah
91402,1419207,444650,Numbers,34,1,אל,prep,,C:divine-title-candidate,Torah
91403,1419207,444650,Numbers,34,1,משה,nmpr,pers,A:person-candidate,Torah
91409,1419208,444652,Numbers,34,2,ישראל,nmpr,"pers,gens,topo",F:unclassified-name,Torah
91412,1419208,444653,Numbers,34,2,אל,prep,,C:divine-title-candidate,Torah
91416,1419208,444654,Numbers,34,2,אל,prep,,C:divine-title-candidate,Torah
91419,1419208,444654,Numbers,34,2,כנען,nmpr,"pers,gens,topo",F:unclassified-name,Torah
91429,1419208,444655,Numbers,34,2,כנען,nmpr,"pers,gens,topo",F:unclassified-name,Torah
91439,1419209,444657,Numbers,34,3,צן,nmpr,topo,F:unclassified-name,Torah
91442,1419209,444657,Numbers,34,3,אדום,nmpr,topo,F:unclassified-name,Torah
91462,1419210,444659,Numbers,34,4,מעלה עקרבים,nmpr,topo,F:unclassified-name,Torah
91465,1419210,444660,Numbers,34,4,צן,nmpr,topo,F:unclassified-name,Torah
91472,1419210,444661,Numbers,34,4,קדש ברנע,nmpr,topo,F:unclassified-name,Torah
91475,1419210,444662,Numbers,34,4,חצר אדר,nmpr,topo,F:unclassified-name,Torah
91478,1419210,444663,Numbers,34,4,עצמון,nmpr,topo,F:unclassified-name,Torah
91484,1419211,444664,Numbers,34,5,עצמון,nmpr,topo,F:unclassified-name,Torah
91486,1419211,444664,Numbers,34,5,מצרים,nmpr,topo,F:unclassified-name,Torah
91522,1419213,444671,Numbers,34,7,הר,nmpr,topo,F:unclassified-name,Torah
91526,1419214,444672,Numbers,34,8,הר,nmpr,topo,F:unclassified-name,Torah
91532,1419214,444673,Numbers,34,8,חמת,nmpr,topo,F:unclassified-name,Torah
91538,1419214,444674,Numbers,34,8,צדד,nmpr,topo,F:unclassified-name,Torah
91543,1419215,444675,Numbers,34,9,זפרון,nmpr,topo,F:unclassified-name,Torah
91547,1419215,444676,Numbers,34,9,חצר עינן,nmpr,topo,F:unclassified-name,Torah
91560,1419216,444678,Numbers,34,10,חצר עינן,nmpr,topo,F:unclassified-name,Torah
91561,1419216,444678,Numbers,34,10,שפם,nmpr,topo,F:unclassified-name,Torah
91567,1419217,444679,Numbers,34,11,שפם,nmpr,topo,F:unclassified-name,Torah
91569,1419217,444679,Numbers,34,11,רבלה,nmpr,topo,F:unclassified-name,Torah
91574,1419217,444679,Numbers,34,11,עין,nmpr,topo,F:unclassified-name,Torah
91584,1419217,444681,Numbers,34,11,כנרת,nmpr,topo,F:unclassified-name,Torah
91591,1419218,444682,Numbers,34,12,ירדן,nmpr,topo,F:unclassified-name,Torah
91608,1419219,444685,Numbers,34,13,משה,nmpr,pers,A:person-candidate,Torah
91611,1419219,444685,Numbers,34,13,ישראל,nmpr,"pers,gens,topo",F:unclassified-name,Torah
91624,1419219,444689,Numbers,34,13,יהוה,nmpr,pers,E:YHWH,Torah
91655,1419220,444692,Numbers,34,14,מנשה,nmpr,"pers,gens",F:unclassified-name,Torah
91670,1419221,444693,Numbers,34,15,ירדן,nmpr,topo,F:unclassified-name,Torah
91671,1419221,444693,Numbers,34,15,יריחו,nmpr,topo,F:unclassified-name,Torah
91676,1419222,444694,Numbers,34,16,יהוה,nmpr,pers,E:YHWH,Torah
91677,1419222,444694,Numbers,34,16,אל,prep,,C:divine-title-candidate,Torah
91678,1419222,444694,Numbers,34,16,משה,nmpr,pers,A:person-candidate,Torah
91691,1419223,444698,Numbers,34,17,אלעזר,nmpr,pers,A:person-candidate,Torah
91695,1419223,444698,Numbers,34,17,יהושע,nmpr,pers,A:person-candidate,Torah
91697,1419223,444698,Numbers,34,17,נון,nmpr,pers,A:person-candidate,Torah
91718,1419225,444702,Numbers,34,19,יהודה,nmpr,"pers,gens,topo",F:unclassified-name,Torah
91719,1419225,444702,Numbers,34,19,כלב,nmpr,pers,A:person-candidate,Torah
91721,1419225,444702,Numbers,34,19,יפנה,nmpr,pers,A:person-candidate,Torah
91726,1419226,444703,Numbers,34,20,שמעון,nmpr,"pers,gens,topo",F:unclassified-name,Torah
91727,1419226,444703,Numbers,34,20,שמואל,nmpr,pers,A:person-candidate,Torah
91729,1419226,444703,Numbers,34,20,עמיהוד,nmpr,pers,A:person-candidate,Torah
91732,1419227,444704,Numbers,34,21,בנימן,nmpr,"pers,gens,topo",F:unclassified-name,Torah
91733,1419227,444704,Numbers,34,21,אלידד,nmpr,pers,A:person-candidate,Torah
91735,1419227,444704,Numbers,34,21,כסלון,nmpr,pers,A:person-candidate,Torah
91740,1419228,444705,Numbers,34,22,דן,nmpr,"pers,gens,topo",F:unclassified-name,Torah
91742,1419228,444705,Numbers,34,22,בקי,nmpr,pers,A:person-candidate,Torah
91744,1419228,444705,Numbers,34,22,יגלי,nmpr,pers,A:person-candidate,Torah
91747,1419229,444706,Numbers,34,23,יוסף,nmpr,pers,A:person-candidate,Torah
91751,1419229,444707,Numbers,34,23,מנשה,nmpr,"pers,gens",F:unclassified-name,Torah
91753,1419229,444707,Numbers,34,23,חניאל,nmpr,pers,A:person-candidate,Torah
91755,1419229,444707,Numbers,34,23,אפד,nmpr,pers,A:person-candidate,Torah
91760,1419230,444708,Numbers,34,24,אפרים,nmpr,"pers,gens,topo",F:unclassified-name,Torah
91762,1419230,444708,Numbers,34,24,קמואל,nmpr,pers,A:person-candidate,Torah
91764,1419230,444708,Numbers,34,24,שפטן,nmpr,pers,A:person-candidate,Torah
91769,1419231,444709,Numbers,34,25,זבולן,nmpr,"pers,gens,topo",F:unclassified-name,Torah
91771,1419231,444709,Numbers,34,25,אליצפן,nmpr,pers,A:person-candidate,Torah
91773,1419231,444709,Numbers,34,25,פרנך,nmpr,pers,A:person-candidate,Torah
91778,1419232,444710,Numbers,34,26,יששכר,nmpr,"pers,gens,topo",F:unclassified-name,Torah
91780,1419232,444710,Numbers,34,26,פלטיאל,nmpr,pers,A:person-candidate,Torah
91782,1419232,444710,Numbers,34,26,עזן,nmpr,pers,A:person-candidate,Torah
91787,1419233,444711,Numbers,34,27,אשר,nmpr,"pers,gens,topo",F:unclassified-name,Torah
91789,1419233,444711,Numbers,34,27,אחיהוד,nmpr,pers,A:person-candidate,Torah
91791,1419233,444711,Numbers,34,27,שלמי,nmpr,pers,A:person-candidate,Torah
91796,1419234,444712,Numbers,34,28,נפתלי,nmpr,"pers,gens,topo",F:unclassified-name,Torah
91798,1419234,444712,Numbers,34,28,פדהאל,nmpr,pers,A:person-candidate,Torah
91800,1419234,444712,Numbers,34,28,עמיהוד,nmpr,pers,A:person-candidate,Torah
91804,1419235,444714,Numbers,34,29,יהוה,nmpr,pers,E:YHWH,Torah
91809,1419235,444715,Numbers,34,29,ישראל,nmpr,"pers,gens,topo",F:unclassified-name,Torah
91812,1419235,444715,Numbers,34,29,כנען,nmpr,"pers,gens,topo",F:unclassified-name,Torah
91815,1419236,444716,Numbers,35,1,יהוה,nmpr,pers,E:YHWH,Torah
91816,1419236,444716,Numbers,35,1,אל,prep,,C:divine-title-candidate,Torah
91817,1419236,444716,Numbers,35,1,משה,nmpr,pers,A:person-candidate,Torah
91820,1419236,444716,Numbers,35,1,מואב,nmpr,"pers,gens,topo",F:unclassified-name,Torah
91822,1419236,444716,Numbers,35,1,ירדן,nmpr,topo,F:unclassified-name,Torah
91823,1419236,444716,Numbers,35,1,יריחו,nmpr,topo,F:unclassified-name,Torah
91829,1419237,444718,Numbers,35,2,ישראל,nmpr,"pers,gens,topo",F:unclassified-name,Torah
91990,1419243,444741,Numbers,35,8,ישראל,nmpr,"pers,gens,topo",F:unclassified-name,Torah
92016,1419244,444746,Numbers,35,9,יהוה,nmpr,pers,E:YHWH,Torah
92017,1419244,444746,Numbers,35,9,אל,prep,,C:divine-title-candidate,Torah
92018,1419244,444746,Numbers,35,9,משה,nmpr,pers,A:person-candidate,Torah
92022,1419245,444748,Numbers,35,10,אל,prep,,C:divine-title-candidate,Torah
92024,1419245,444748,Numbers,35,10,ישראל,nmpr,"pers,gens,topo",F:unclassified-name,Torah
92027,1419245,444749,Numbers,35,10,אל,prep,,C:divine-title-candidate,Torah
92033,1419245,444750,Numbers,35,10,ירדן,nmpr,topo,F:unclassified-name,Torah
92035,1419245,444750,Numbers,35,10,כנען,nmpr,"pers,gens,topo",F:unclassified-name,Torah
92094,1419249,444761,Numbers,35,14,ירדן,nmpr,topo,F:unclassified-name,Torah
92103,1419249,444762,Numbers,35,14,כנען,nmpr,"pers,gens,topo",F:unclassified-name,Torah
92109,1419250,444764,Numbers,35,15,ישראל,nmpr,"pers,gens,topo",F:unclassified-name,Torah
92307,1419260,444805,Numbers,35,25,אל,prep,,C:divine-title-candidate,Torah
92386,1419263,444815,Numbers,35,28,אל,prep,,C:divine-title-candidate,Torah
92441,1419267,444826,Numbers,35,32,אל,prep,,C:divine-title-candidate,Torah
92506,1419269,444839,Numbers,35,34,יהוה,nmpr,pers,E:YHWH,Torah
92511,1419269,444839,Numbers,35,34,ישראל,nmpr,"pers,gens,topo",F:unclassified-name,Torah
92520,1419270,444840,Numbers,36,1,גלעד,nmpr,topo,F:unclassified-name,Torah
92522,1419270,444840,Numbers,36,1,מכיר,nmpr,"pers,gens",F:unclassified-name,Torah
92524,1419270,444840,Numbers,36,1,מנשה,nmpr,"pers,gens",F:unclassified-name,Torah
92528,1419270,444840,Numbers,36,1,יוסף,nmpr,pers,A:person-candidate,Torah
92533,1419270,444841,Numbers,36,1,משה,nmpr,pers,A:person-candidate,Torah
92543,1419270,444841,Numbers,36,1,ישראל,nmpr,"pers,gens,topo",F:unclassified-name,Torah
92549,1419271,444843,Numbers,36,2,יהוה,nmpr,pers,E:YHWH,Torah
92561,1419271,444844,Numbers,36,2,ישראל,nmpr,"pers,gens,topo",F:unclassified-name,Torah
92566,1419271,444845,Numbers,36,2,יהוה,nmpr,pers,E:YHWH,Torah
92571,1419271,444846,Numbers,36,2,צלפחד,nmpr,pers,A:person-candidate,Torah
92583,1419272,444847,Numbers,36,3,ישראל,nmpr,"pers,gens,topo",F:unclassified-name,Torah
92613,1419273,444852,Numbers,36,4,ישראל,nmpr,"pers,gens,topo",F:unclassified-name,Torah
92633,1419274,444856,Numbers,36,5,משה,nmpr,pers,A:person-candidate,Torah
92636,1419274,444856,Numbers,36,5,ישראל,nmpr,"pers,gens,topo",F:unclassified-name,Torah
92639,1419274,444856,Numbers,36,5,יהוה,nmpr,pers,E:YHWH,Torah
92645,1419274,444858,Numbers,36,5,יוסף,nmpr,pers,A:person-candidate,Torah
92652,1419275,444860,Numbers,36,6,יהוה,nmpr,pers,E:YHWH,Torah
92655,1419275,444860,Numbers,36,6,צלפחד,nmpr,pers,A:person-candidate,Torah
92680,1419276,444864,Numbers,36,7,ישראל,nmpr,"pers,gens,topo",F:unclassified-name,Torah
92683,1419276,444864,Numbers,36,7,אל,prep,,C:divine-title-candidate,Torah
92693,1419276,444866,Numbers,36,7,ישראל,nmpr,"pers,gens,topo",F:unclassified-name,Torah
92702,1419277,444868,Numbers,36,8,ישראל,nmpr,"pers,gens,topo",F:unclassified-name,Torah
92715,1419277,444869,Numbers,36,8,ישראל,nmpr,"pers,gens,topo",F:unclassified-name,Torah
92735,1419278,444873,Numbers,36,9,ישראל,nmpr,"pers,gens,topo",F:unclassified-name,Torah
92739,1419279,444874,Numbers,36,10,יהוה,nmpr,pers,E:YHWH,Torah
92741,1419279,444874,Numbers,36,10,משה,nmpr,pers,A:person-candidate,Torah
92745,1419279,444875,Numbers,36,10,צלפחד,nmpr,pers,A:person-candidate,Torah
92748,1419280,444876,Numbers,36,11,מחלה,nmpr,pers,A:person-candidate,Torah
92749,1419280,444876,Numbers,36,11,תרצה,nmpr,pers,A:person-candidate,Torah
92751,1419280,444876,Numbers,36,11,חגלה,nmpr,pers,A:person-candidate,Torah
92753,1419280,444876,Numbers,36,11,מלכה,nmpr,pers,A:person-candidate,Torah
92755,1419280,444876,Numbers,36,11,נעה,nmpr,pers,A:person-candidate,Torah
92757,1419280,444876,Numbers,36,11,צלפחד,nmpr,pers,A:person-candidate,Torah
92760,1419280,444876,Numbers,36,11,דוד,subs,,A:person-candidate,Torah
92766,1419281,444877,Numbers,36,12,מנשה,nmpr,"pers,gens",F:unclassified-name,Torah
92768,1419281,444877,Numbers,36,12,יוסף,nmpr,pers,A:person-candidate,Torah
92787,1419282,444880,Numbers,36,13,יהוה,nmpr,pers,E:YHWH,Torah
92790,1419282,444880,Numbers,36,13,משה,nmpr,pers,A:person-candidate,Torah
92791,1419282,444880,Numbers,36,13,אל,prep,,C:divine-title-candidate,Torah
92793,1419282,444880,Numbers,36,13,ישראל,nmpr,"pers,gens,topo",F:unclassified-name,Torah
92796,1419282,444880,Numbers,36,13,מואב,nmpr,"pers,gens,topo",F:unclassified-name,Torah
92798,1419282,444880,Numbers,36,13,ירדן,nmpr,topo,F:unclassified-name,Torah
92799,1419282,444880,Numbers,36,13,יריחו,nmpr,topo,F:unclassified-name,Torah
92805,1419283,444882,Deuteronomy,1,1,משה,nmpr,pers,A:person-candidate,Torah
92806,1419283,444882,Deuteronomy,1,1,אל,prep,,C:divine-title-candidate,Torah
92808,1419283,444882,Deuteronomy,1,1,ישראל,nmpr,"pers,gens,topo",F:unclassified-name,Torah
92812,1419283,444882,Deuteronomy,1,1,ירדן,nmpr,topo,F:unclassified-name,Torah
92820,1419283,444882,Deuteronomy,1,1,סוף,nmpr,topo,F:unclassified-name,Torah
92822,1419283,444882,Deuteronomy,1,1,פארן,nmpr,topo,F:unclassified-name,Torah
92825,1419283,444882,Deuteronomy,1,1,תפל,nmpr,topo,F:unclassified-name,Torah
92827,1419283,444882,Deuteronomy,1,1,לבן,nmpr,topo,F:unclassified-name,Torah
92829,1419283,444882,Deuteronomy,1,1,חצרות,nmpr,topo,F:unclassified-name,Torah
92831,1419283,444882,Deuteronomy,1,1,די זהב,nmpr,topo,F:unclassified-name,Torah
92836,1419284,444883,Deuteronomy,1,2,חרב,nmpr,topo,F:unclassified-name,Torah
92839,1419284,444883,Deuteronomy,1,2,שעיר,nmpr,topo,F:unclassified-name,Torah
92841,1419284,444883,Deuteronomy,1,2,קדש ברנע,nmpr,topo,F:unclassified-name,Torah
92857,1419285,444885,Deuteronomy,1,3,משה,nmpr,pers,A:person-candidate,Torah
92858,1419285,444885,Deuteronomy,1,3,אל,prep,,C:divine-title-candidate,Torah
92860,1419285,444885,Deuteronomy,1,3,ישראל,nmpr,"pers,gens,topo",F:unclassified-name,Torah
92865,1419285,444886,Deuteronomy,1,3,יהוה,nmpr,pers,E:YHWH,Torah
92867,1419285,444886,Deuteronomy,1,3,אל,prep,,C:divine-title-candidate,Torah
92871,1419286,444887,Deuteronomy,1,4,סיחון,nmpr,pers,A:person-candidate,Torah
92872,1419286,444887,Deuteronomy,1,4,מלך,subs,,B:deity-candidate,Torah
92878,1419286,444888,Deuteronomy,1,4,חשבון,nmpr,topo,F:unclassified-name,Torah
92881,1419286,444887,Deuteronomy,1,4,עוג,nmpr,pers,A:person-candidate,Torah
92882,1419286,444887,Deuteronomy,1,4,מלך,subs,,B:deity-candidate,Torah
92884,1419286,444887,Deuteronomy,1,4,בשן,nmpr,topo,F:unclassified-name,Torah
92888,1419286,444889,Deuteronomy,1,4,עשתרות,nmpr,topo,F:unclassified-name,Torah
92890,1419286,444887,Deuteronomy,1,4,אדרעי,nmpr,topo,F:unclassified-name,Torah
92894,1419287,444890,Deuteronomy,1,5,ירדן,nmpr,topo,F:unclassified-name,Torah
92897,1419287,444890,Deuteronomy,1,5,מואב,nmpr,"pers,gens,topo",F:unclassified-name,Torah
92899,1419287,444890,Deuteronomy,1,5,משה,nmpr,pers,A:person-candidate,Torah
92908,1419288,444893,Deuteronomy,1,6,יהוה,nmpr,pers,E:YHWH,Torah
92909,1419288,444893,Deuteronomy,1,6,אלהים,subs,,D:Elohim,Torah
92911,1419288,444893,Deuteronomy,1,6,אל,prep,,C:divine-title-candidate,Torah
92913,1419288,444893,Deuteronomy,1,6,חרב,nmpr,topo,F:unclassified-name,Torah
92934,1419289,444900,Deuteronomy,1,7,אל,prep,,C:divine-title-candidate,Torah
92961,1419289,444901,Deuteronomy,1,7,לבנון,nmpr,topo,F:unclassified-name,Torah
92968,1419289,444901,Deuteronomy,1,7,פרת,nmpr,topo,F:unclassified-name,Torah
92984,1419290,444906,Deuteronomy,1,8,יהוה,nmpr,pers,E:YHWH,Torah
92988,1419290,444906,Deuteronomy,1,8,אברהם,nmpr,pers,A:person-candidate,Torah
92990,1419290,444906,Deuteronomy,1,8,יצחק,nmpr,pers,A:person-candidate,Torah
92993,1419290,444906,Deuteronomy,1,8,יעקב,nmpr,pers,A:person-candidate,Torah
93003,1419291,444908,Deuteronomy,1,9,אל,prep,,C:divine-title-candidate,Torah
93017,1419292,444912,Deuteronomy,1,10,יהוה,nmpr,pers,E:YHWH,Torah
93018,1419292,444912,Deuteronomy,1,10,אלהים,subs,,D:Elohim,Torah
93031,1419293,444914,Deuteronomy,1,11,יהוה,nmpr,pers,E:YHWH,Torah
93032,1419293,444914,Deuteronomy,1,11,אלהים,subs,,D:Elohim,Torah
93157,1419299,444936,Deuteronomy,1,17,אלהים,subs,,D:Elohim,Torah
93166,1419299,444937,Deuteronomy,1,17,אל,prep,,C:divine-title-candidate,Torah
93186,1419301,444942,Deuteronomy,1,19,חרב,nmpr,topo,F:unclassified-name,Torah
93209,1419301,444945,Deuteronomy,1,19,יהוה,nmpr,pers,E:YHWH,Torah
93210,1419301,444945,Deuteronomy,1,19,אלהים,subs,,D:Elohim,Torah
93215,1419301,444946,Deuteronomy,1,19,קדש ברנע,nmpr,topo,F:unclassified-name,Torah
93218,1419302,444947,Deuteronomy,1,20,אל,prep,,C:divine-title-candidate,Torah
93225,1419302,444949,Deuteronomy,1,20,יהוה,nmpr,pers,E:YHWH,Torah
93226,1419302,444949,Deuteronomy,1,20,אלהים,subs,,D:Elohim,Torah
93231,1419303,444951,Deuteronomy,1,21,יהוה,nmpr,pers,E:YHWH,Torah
93232,1419303,444951,Deuteronomy,1,21,אלהים,subs,,D:Elohim,Torah
93243,1419303,444954,Deuteronomy,1,21,יהוה,nmpr,pers,E:YHWH,Torah
93244,1419303,444954,Deuteronomy,1,21,אלהים,subs,,D:Elohim,Torah
93247,1419303,444955,Deuteronomy,1,21,אל,nega,,C:divine-title-candidate,Torah
93250,1419303,444956,Deuteronomy,1,21,אל,nega,,C:divine-title-candidate,Torah
93254,1419304,444957,Deuteronomy,1,22,אל,prep,,C:divine-title-candidate,Torah
93284,1419304,444963,Deuteronomy,1,22,אל,prep,,C:divine-title-candidate,Torah
93312,1419306,444969,Deuteronomy,1,24,אשכל,nmpr,topo,F:unclassified-name,Torah
93326,1419307,444972,Deuteronomy,1,25,אל,prep,,C:divine-title-candidate,Torah
93337,1419307,444976,Deuteronomy,1,25,יהוה,nmpr,pers,E:YHWH,Torah
93338,1419307,444976,Deuteronomy,1,25,אלהים,subs,,D:Elohim,Torah
93350,1419308,444979,Deuteronomy,1,26,יהוה,nmpr,pers,E:YHWH,Torah
93351,1419308,444979,Deuteronomy,1,26,אלהים,subs,,D:Elohim,Torah
93360,1419309,444982,Deuteronomy,1,27,יהוה,nmpr,pers,E:YHWH,Torah
93365,1419309,444982,Deuteronomy,1,27,מצרים,nmpr,topo,F:unclassified-name,Torah
93404,1419311,444991,Deuteronomy,1,29,אל,prep,,C:divine-title-candidate,Torah
93411,1419312,444994,Deuteronomy,1,30,יהוה,nmpr,pers,E:YHWH,Torah
93412,1419312,444994,Deuteronomy,1,30,אלהים,subs,,D:Elohim,Torah
93426,1419312,444997,Deuteronomy,1,30,מצרים,nmpr,topo,F:unclassified-name,Torah
93437,1419313,445000,Deuteronomy,1,31,יהוה,nmpr,pers,E:YHWH,Torah
93438,1419313,445000,Deuteronomy,1,31,אלהים,subs,,D:Elohim,Torah
93467,1419314,445004,Deuteronomy,1,32,יהוה,nmpr,pers,E:YHWH,Torah
93468,1419314,445004,Deuteronomy,1,32,אלהים,subs,,D:Elohim,Torah
93501,1419316,445011,Deuteronomy,1,34,יהוה,nmpr,pers,E:YHWH,Torah
93537,1419318,445018,Deuteronomy,1,36,כלב,nmpr,pers,A:person-candidate,Torah
93539,1419318,445018,Deuteronomy,1,36,יפנה,nmpr,pers,A:person-candidate,Torah
93558,1419318,445022,Deuteronomy,1,36,יהוה,nmpr,pers,E:YHWH,Torah
93562,1419319,445023,Deuteronomy,1,37,יהוה,nmpr,pers,E:YHWH,Torah
93572,1419320,445026,Deuteronomy,1,38,יהושע,nmpr,pers,A:person-candidate,Torah
93574,1419320,445026,Deuteronomy,1,38,נון,nmpr,pers,A:person-candidate,Torah
93588,1419320,445030,Deuteronomy,1,38,ישראל,nmpr,"pers,gens,topo",F:unclassified-name,Torah
93630,1419323,445041,Deuteronomy,1,41,אל,prep,,C:divine-title-candidate,Torah
93633,1419323,445042,Deuteronomy,1,41,יהוה,nmpr,pers,E:YHWH,Torah
93642,1419323,445046,Deuteronomy,1,41,יהוה,nmpr,pers,E:YHWH,Torah
93643,1419323,445046,Deuteronomy,1,41,אלהים,subs,,D:Elohim,Torah
93658,1419324,445051,Deuteronomy,1,42,יהוה,nmpr,pers,E:YHWH,Torah
93659,1419324,445051,Deuteronomy,1,42,אל,prep,,C:divine-title-candidate,Torah
93679,1419325,445057,Deuteronomy,1,43,אל,prep,,C:divine-title-candidate,Torah
93687,1419325,445059,Deuteronomy,1,43,יהוה,nmpr,pers,E:YHWH,Torah
93719,1419326,445067,Deuteronomy,1,44,שעיר,nmpr,topo,F:unclassified-name,Torah
93721,1419326,445067,Deuteronomy,1,44,חרמה,nmpr,topo,F:unclassified-name,Torah
93728,1419327,445069,Deuteronomy,1,45,יהוה,nmpr,pers,E:YHWH,Torah
93732,1419327,445070,Deuteronomy,1,45,יהוה,nmpr,pers,E:YHWH,Torah
93738,1419327,445071,Deuteronomy,1,45,אל,prep,,C:divine-title-candidate,Torah
93742,1419328,445072,Deuteronomy,1,46,קדש,nmpr,topo,F:unclassified-name,Torah
93762,1419329,445076,Deuteronomy,2,1,יהוה,nmpr,pers,E:YHWH,Torah
93763,1419329,445076,Deuteronomy,2,1,אל,prep,,C:divine-title-candidate,Torah
93768,1419329,445077,Deuteronomy,2,1,שעיר,nmpr,topo,F:unclassified-name,Torah
93773,1419330,445078,Deuteronomy,2,2,יהוה,nmpr,pers,E:YHWH,Torah
93774,1419330,445078,Deuteronomy,2,2,אל,prep,,C:divine-title-candidate,Torah
93801,1419332,445085,Deuteronomy,2,4,עשו,nmpr,pers,A:person-candidate,Torah
93805,1419332,445086,Deuteronomy,2,4,שעיר,nmpr,topo,F:unclassified-name,Torah
93812,1419333,445089,Deuteronomy,2,5,אל,nega,,C:divine-title-candidate,Torah
93828,1419333,445091,Deuteronomy,2,5,עשו,nmpr,pers,A:person-candidate,Torah
93832,1419333,445091,Deuteronomy,2,5,שעיר,nmpr,topo,F:unclassified-name,Torah
93854,1419335,445096,Deuteronomy,2,7,יהוה,nmpr,pers,E:YHWH,Torah
93855,1419335,445096,Deuteronomy,2,7,אלהים,subs,,D:Elohim,Torah
93873,1419335,445099,Deuteronomy,2,7,יהוה,nmpr,pers,E:YHWH,Torah
93874,1419335,445099,Deuteronomy,2,7,אלהים,subs,,D:Elohim,Torah
93885,1419336,445101,Deuteronomy,2,8,עשו,nmpr,pers,A:person-candidate,Torah
93889,1419336,445102,Deuteronomy,2,8,שעיר,nmpr,topo,F:unclassified-name,Torah
93895,1419336,445101,Deuteronomy,2,8,אילת,nmpr,topo,F:unclassified-name,Torah
93898,1419336,445101,Deuteronomy,2,8,עציון גבר,nmpr,topo,F:unclassified-name,Torah
93905,1419336,445104,Deuteronomy,2,8,מואב,nmpr,"pers,gens,topo",F:unclassified-name,Torah
93908,1419337,445105,Deuteronomy,2,9,יהוה,nmpr,pers,E:YHWH,Torah
93909,1419337,445105,Deuteronomy,2,9,אל,prep,,C:divine-title-candidate,Torah
93910,1419337,445106,Deuteronomy,2,9,אל,prep,,C:divine-title-candidate,Torah
93913,1419337,445106,Deuteronomy,2,9,מואב,nmpr,"pers,gens,topo",F:unclassified-name,Torah
93915,1419337,445107,Deuteronomy,2,9,אל,nega,,C:divine-title-candidate,Torah
93929,1419337,445109,Deuteronomy,2,9,לוט,nmpr,pers,A:person-candidate,Torah
93932,1419337,445109,Deuteronomy,2,9,ער,nmpr,topo,F:unclassified-name,Torah
93949,1419339,445111,Deuteronomy,2,11,רפאים,nmpr,gens,F:unclassified-name,Torah
93964,1419340,445113,Deuteronomy,2,12,שעיר,nmpr,topo,F:unclassified-name,Torah
93972,1419340,445114,Deuteronomy,2,12,עשו,nmpr,pers,A:person-candidate,Torah
93984,1419340,445117,Deuteronomy,2,12,ישראל,nmpr,"pers,gens,topo",F:unclassified-name,Torah
93990,1419340,445118,Deuteronomy,2,12,יהוה,nmpr,pers,E:YHWH,Torah
93999,1419341,445120,Deuteronomy,2,13,זרד,nmpr,topo,F:unclassified-name,Torah
94004,1419341,445121,Deuteronomy,2,13,זרד,nmpr,topo,F:unclassified-name,Torah
94011,1419342,445123,Deuteronomy,2,14,קדש ברנע,nmpr,topo,F:unclassified-name,Torah
94017,1419342,445124,Deuteronomy,2,14,זרד,nmpr,topo,F:unclassified-name,Torah
94037,1419342,445126,Deuteronomy,2,14,יהוה,nmpr,pers,E:YHWH,Torah
94042,1419343,445127,Deuteronomy,2,15,יהוה,nmpr,pers,E:YHWH,Torah
94070,1419345,445134,Deuteronomy,2,17,יהוה,nmpr,pers,E:YHWH,Torah
94071,1419345,445134,Deuteronomy,2,17,אל,prep,,C:divine-title-candidate,Torah
94080,1419346,445136,Deuteronomy,2,18,מואב,nmpr,"pers,gens,topo",F:unclassified-name,Torah
94082,1419346,445136,Deuteronomy,2,18,ער,nmpr,topo,F:unclassified-name,Torah
94087,1419347,445137,Deuteronomy,2,19,עמון,nmpr,gens,F:unclassified-name,Torah
94088,1419347,445138,Deuteronomy,2,19,אל,nega,,C:divine-title-candidate,Torah
94091,1419347,445139,Deuteronomy,2,19,אל,nega,,C:divine-title-candidate,Torah
94100,1419347,445140,Deuteronomy,2,19,עמון,nmpr,gens,F:unclassified-name,Torah
94106,1419347,445141,Deuteronomy,2,19,לוט,nmpr,pers,A:person-candidate,Torah
94110,1419348,445142,Deuteronomy,2,20,רפאים,nmpr,gens,F:unclassified-name,Torah
94114,1419348,445143,Deuteronomy,2,20,רפאים,nmpr,gens,F:unclassified-name,Torah
94124,1419348,445144,Deuteronomy,2,20,זמזמים,nmpr,gens,F:unclassified-name,Torah
94136,1419349,445146,Deuteronomy,2,21,יהוה,nmpr,pers,E:YHWH,Torah
94149,1419350,445149,Deuteronomy,2,22,עשו,nmpr,pers,A:person-candidate,Torah
94153,1419350,445150,Deuteronomy,2,22,שעיר,nmpr,topo,F:unclassified-name,Torah
94179,1419351,445155,Deuteronomy,2,23,עזה,nmpr,topo,F:unclassified-name,Torah
94184,1419351,445157,Deuteronomy,2,23,כפתור,nmpr,topo,F:unclassified-name,Torah
94195,1419352,445161,Deuteronomy,2,24,ארנון,nmpr,topo,F:unclassified-name,Torah
94201,1419352,445163,Deuteronomy,2,24,סיחון,nmpr,pers,A:person-candidate,Torah
94202,1419352,445163,Deuteronomy,2,24,מלך,subs,,B:deity-candidate,Torah
94203,1419352,445163,Deuteronomy,2,24,חשבון,nmpr,topo,F:unclassified-name,Torah
94246,1419354,445172,Deuteronomy,2,26,קדמות,nmpr,topo,F:unclassified-name,Torah
94247,1419354,445172,Deuteronomy,2,26,אל,prep,,C:divine-title-candidate,Torah
94248,1419354,445172,Deuteronomy,2,26,סיחון,nmpr,pers,A:person-candidate,Torah
94249,1419354,445172,Deuteronomy,2,26,מלך,subs,,B:deity-candidate,Torah
94250,1419354,445172,Deuteronomy,2,26,חשבון,nmpr,topo,F:unclassified-name,Torah
94295,1419357,445182,Deuteronomy,2,29,עשו,nmpr,pers,A:person-candidate,Torah
94299,1419357,445183,Deuteronomy,2,29,שעיר,nmpr,topo,F:unclassified-name,Torah
94306,1419357,445184,Deuteronomy,2,29,ער,nmpr,topo,F:unclassified-name,Torah
94312,1419357,445185,Deuteronomy,2,29,ירדן,nmpr,topo,F:unclassified-name,Torah
94313,1419357,445185,Deuteronomy,2,29,אל,prep,,C:divine-title-candidate,Torah
94317,1419357,445186,Deuteronomy,2,29,יהוה,nmpr,pers,E:YHWH,Torah
94318,1419357,445186,Deuteronomy,2,29,אלהים,subs,,D:Elohim,Torah
94324,1419358,445187,Deuteronomy,2,30,סיחון,nmpr,pers,A:person-candidate,Torah
94325,1419358,445187,Deuteronomy,2,30,מלך,subs,,B:deity-candidate,Torah
94326,1419358,445187,Deuteronomy,2,30,חשבון,nmpr,topo,F:unclassified-name,Torah
94331,1419358,445189,Deuteronomy,2,30,יהוה,nmpr,pers,E:YHWH,Torah
94332,1419358,445189,Deuteronomy,2,30,אלהים,subs,,D:Elohim,Torah
94350,1419359,445193,Deuteronomy,2,31,יהוה,nmpr,pers,E:YHWH,Torah
94351,1419359,445193,Deuteronomy,2,31,אל,prep,,C:divine-title-candidate,Torah
94358,1419359,445196,Deuteronomy,2,31,סיחון,nmpr,pers,A:person-candidate,Torah
94370,1419360,445200,Deuteronomy,2,32,סיחון,nmpr,pers,A:person-candidate,Torah
94380,1419360,445200,Deuteronomy,2,32,יהצה,nmpr,topo,F:unclassified-name,Torah
94383,1419361,445202,Deuteronomy,2,33,יהוה,nmpr,pers,E:YHWH,Torah
94384,1419361,445202,Deuteronomy,2,33,אלהים,subs,,D:Elohim,Torah
94434,1419364,445210,Deuteronomy,2,36,ערוער,nmpr,topo,F:unclassified-name,Torah
94439,1419364,445211,Deuteronomy,2,36,ארנון,nmpr,topo,F:unclassified-name,Torah
94450,1419364,445210,Deuteronomy,2,36,גלעד,nmpr,topo,F:unclassified-name,Torah
94461,1419364,445214,Deuteronomy,2,36,יהוה,nmpr,pers,E:YHWH,Torah
94462,1419364,445214,Deuteronomy,2,36,אלהים,subs,,D:Elohim,Torah
94466,1419365,445215,Deuteronomy,2,37,אל,prep,,C:divine-title-candidate,Torah
94469,1419365,445215,Deuteronomy,2,37,עמון,nmpr,gens,F:unclassified-name,Torah
94475,1419365,445215,Deuteronomy,2,37,יבק,nmpr,topo,F:unclassified-name,Torah
94484,1419365,445216,Deuteronomy,2,37,יהוה,nmpr,pers,E:YHWH,Torah
94485,1419365,445216,Deuteronomy,2,37,אלהים,subs,,D:Elohim,Torah
94492,1419366,445218,Deuteronomy,3,1,בשן,nmpr,topo,F:unclassified-name,Torah
94495,1419366,445219,Deuteronomy,3,1,עוג,nmpr,pers,A:person-candidate,Torah
94496,1419366,445219,Deuteronomy,3,1,מלך,subs,,B:deity-candidate,Torah
94498,1419366,445219,Deuteronomy,3,1,בשן,nmpr,topo,F:unclassified-name,Torah
94508,1419366,445219,Deuteronomy,3,1,אדרעי,nmpr,topo,F:unclassified-name,Torah
94511,1419367,445221,Deuteronomy,3,2,יהוה,nmpr,pers,E:YHWH,Torah
94512,1419367,445221,Deuteronomy,3,2,אל,prep,,C:divine-title-candidate,Torah
94513,1419367,445222,Deuteronomy,3,2,אל,nega,,C:divine-title-candidate,Torah
94535,1419367,445225,Deuteronomy,3,2,סיחון,nmpr,pers,A:person-candidate,Torah
94536,1419367,445225,Deuteronomy,3,2,מלך,subs,,B:deity-candidate,Torah
94542,1419367,445226,Deuteronomy,3,2,חשבון,nmpr,topo,F:unclassified-name,Torah
94545,1419368,445227,Deuteronomy,3,3,יהוה,nmpr,pers,E:YHWH,Torah
94546,1419368,445227,Deuteronomy,3,3,אלהים,subs,,D:Elohim,Torah
94551,1419368,445227,Deuteronomy,3,3,עוג,nmpr,pers,A:person-candidate,Torah
94552,1419368,445227,Deuteronomy,3,3,מלך,subs,,B:deity-candidate,Torah
94554,1419368,445227,Deuteronomy,3,3,בשן,nmpr,topo,F:unclassified-name,Torah
94588,1419369,445231,Deuteronomy,3,4,ארגב,nmpr,topo,F:unclassified-name,Torah
94590,1419369,445231,Deuteronomy,3,4,עוג,nmpr,pers,A:person-candidate,Torah
94593,1419369,445231,Deuteronomy,3,4,בשן,nmpr,topo,F:unclassified-name,Torah
94618,1419371,445235,Deuteronomy,3,6,סיחון,nmpr,pers,A:person-candidate,Torah
94619,1419371,445235,Deuteronomy,3,6,מלך,subs,,B:deity-candidate,Torah
94620,1419371,445235,Deuteronomy,3,6,חשבון,nmpr,topo,F:unclassified-name,Torah
94653,1419373,445238,Deuteronomy,3,8,מלך,subs,,B:deity-candidate,Torah
94660,1419373,445239,Deuteronomy,3,8,ירדן,nmpr,topo,F:unclassified-name,Torah
94663,1419373,445238,Deuteronomy,3,8,ארנון,nmpr,topo,F:unclassified-name,Torah
94666,1419373,445238,Deuteronomy,3,8,חרמון,nmpr,topo,F:unclassified-name,Torah
94670,1419374,445240,Deuteronomy,3,9,חרמון,nmpr,topo,F:unclassified-name,Torah
94671,1419374,445240,Deuteronomy,3,9,שרין,nmpr,topo,F:unclassified-name,Torah
94677,1419374,445241,Deuteronomy,3,9,שניר,nmpr,topo,F:unclassified-name,Torah
94685,1419375,445242,Deuteronomy,3,10,גלעד,nmpr,topo,F:unclassified-name,Torah
94689,1419375,445242,Deuteronomy,3,10,בשן,nmpr,topo,F:unclassified-name,Torah
94691,1419375,445242,Deuteronomy,3,10,סלכה,nmpr,topo,F:unclassified-name,Torah
94693,1419375,445242,Deuteronomy,3,10,אדרעי,nmpr,topo,F:unclassified-name,Torah
94696,1419375,445242,Deuteronomy,3,10,עוג,nmpr,pers,A:person-candidate,Torah
94699,1419375,445242,Deuteronomy,3,10,בשן,nmpr,topo,F:unclassified-name,Torah
94702,1419376,445243,Deuteronomy,3,11,עוג,nmpr,pers,A:person-candidate,Torah
94703,1419376,445243,Deuteronomy,3,11,מלך,subs,,B:deity-candidate,Torah
94705,1419376,445243,Deuteronomy,3,11,בשן,nmpr,topo,F:unclassified-name,Torah
94710,1419376,445243,Deuteronomy,3,11,רפאים,nmpr,gens,F:unclassified-name,Torah
94719,1419376,445245,Deuteronomy,3,11,רבה,nmpr,topo,F:unclassified-name,Torah
94721,1419376,445245,Deuteronomy,3,11,עמון,nmpr,gens,F:unclassified-name,Torah
94745,1419377,445249,Deuteronomy,3,12,ערוער,nmpr,topo,F:unclassified-name,Torah
94749,1419377,445250,Deuteronomy,3,12,ארנון,nmpr,topo,F:unclassified-name,Torah
94754,1419377,445249,Deuteronomy,3,12,גלעד,nmpr,topo,F:unclassified-name,Torah
94768,1419378,445251,Deuteronomy,3,13,גלעד,nmpr,topo,F:unclassified-name,Torah
94772,1419378,445251,Deuteronomy,3,13,בשן,nmpr,topo,F:unclassified-name,Torah
94774,1419378,445251,Deuteronomy,3,13,עוג,nmpr,pers,A:person-candidate,Torah
94780,1419378,445251,Deuteronomy,3,13,מנשה,nmpr,"pers,gens",F:unclassified-name,Torah
94784,1419378,445251,Deuteronomy,3,13,ארגב,nmpr,topo,F:unclassified-name,Torah
94788,1419378,445252,Deuteronomy,3,13,בשן,nmpr,topo,F:unclassified-name,Torah
94793,1419378,445252,Deuteronomy,3,13,רפאים,nmpr,gens,F:unclassified-name,Torah
94794,1419379,445253,Deuteronomy,3,14,יאיר,nmpr,pers,A:person-candidate,Torah
94796,1419379,445253,Deuteronomy,3,14,מנשה,nmpr,"pers,gens",F:unclassified-name,Torah
94801,1419379,445253,Deuteronomy,3,14,ארגב,nmpr,topo,F:unclassified-name,Torah
94816,1419379,445255,Deuteronomy,3,14,בשן,nmpr,topo,F:unclassified-name,Torah
94818,1419379,445255,Deuteronomy,3,14,יאיר,nmpr,pers,A:person-candidate,Torah
94826,1419380,445256,Deuteronomy,3,15,מכיר,nmpr,"pers,gens",F:unclassified-name,Torah
94830,1419380,445256,Deuteronomy,3,15,גלעד,nmpr,topo,F:unclassified-name,Torah
94842,1419381,445257,Deuteronomy,3,16,גלעד,nmpr,topo,F:unclassified-name,Torah
94846,1419381,445257,Deuteronomy,3,16,ארנון,nmpr,topo,F:unclassified-name,Torah
94854,1419381,445258,Deuteronomy,3,16,יבק,nmpr,topo,F:unclassified-name,Torah
94859,1419381,445258,Deuteronomy,3,16,עמון,nmpr,gens,F:unclassified-name,Torah
94865,1419382,445259,Deuteronomy,3,17,ירדן,nmpr,topo,F:unclassified-name,Torah
94869,1419382,445259,Deuteronomy,3,17,כנרת,nmpr,topo,F:unclassified-name,Torah
94881,1419382,445259,Deuteronomy,3,17,פסגה,nmpr,topo,F:unclassified-name,Torah
94893,1419383,445262,Deuteronomy,3,18,יהוה,nmpr,pers,E:YHWH,Torah
94894,1419383,445262,Deuteronomy,3,18,אלהים,subs,,D:Elohim,Torah
94910,1419383,445264,Deuteronomy,3,18,ישראל,nmpr,"pers,gens,topo",F:unclassified-name,Torah
94934,1419385,445270,Deuteronomy,3,20,יהוה,nmpr,pers,E:YHWH,Torah
94946,1419385,445272,Deuteronomy,3,20,יהוה,nmpr,pers,E:YHWH,Torah
94947,1419385,445272,Deuteronomy,3,20,אלהים,subs,,D:Elohim,Torah
94953,1419385,445272,Deuteronomy,3,20,ירדן,nmpr,topo,F:unclassified-name,Torah
94964,1419386,445276,Deuteronomy,3,21,יהושע,nmpr,pers,A:person-candidate,Torah
94980,1419386,445280,Deuteronomy,3,21,יהוה,nmpr,pers,E:YHWH,Torah
94981,1419386,445280,Deuteronomy,3,21,אלהים,subs,,D:Elohim,Torah
94985,1419386,445280,Deuteronomy,3,21,מלך,subs,,B:deity-candidate,Torah
94990,1419386,445281,Deuteronomy,3,21,יהוה,nmpr,pers,E:YHWH,Torah
95002,1419387,445284,Deuteronomy,3,22,יהוה,nmpr,pers,E:YHWH,Torah
95003,1419387,445284,Deuteronomy,3,22,אלהים,subs,,D:Elohim,Torah
95010,1419388,445287,Deuteronomy,3,23,אל,prep,,C:divine-title-candidate,Torah
95011,1419388,445287,Deuteronomy,3,23,יהוה,nmpr,pers,E:YHWH,Torah
95019,1419389,445289,Deuteronomy,3,24,אדני,nmpr,pers,C:divine-title-candidate,Torah
95020,1419389,445289,Deuteronomy,3,24,יהוה,nmpr,pers,E:YHWH,Torah
95036,1419389,445292,Deuteronomy,3,24,אל,subs,,C:divine-title-candidate,Torah
95064,1419390,445296,Deuteronomy,3,25,ירדן,nmpr,topo,F:unclassified-name,Torah
95073,1419390,445295,Deuteronomy,3,25,לבנון,nmpr,topo,F:unclassified-name,Torah
95076,1419391,445297,Deuteronomy,3,26,יהוה,nmpr,pers,E:YHWH,Torah
95082,1419391,445298,Deuteronomy,3,26,אל,prep,,C:divine-title-candidate,Torah
95085,1419391,445299,Deuteronomy,3,26,יהוה,nmpr,pers,E:YHWH,Torah
95086,1419391,445299,Deuteronomy,3,26,אל,prep,,C:divine-title-candidate,Torah
95089,1419391,445301,Deuteronomy,3,26,אל,nega,,C:divine-title-candidate,Torah
95092,1419391,445302,Deuteronomy,3,26,אל,prep,,C:divine-title-candidate,Torah
95102,1419392,445303,Deuteronomy,3,27,פסגה,nmpr,topo,F:unclassified-name,Torah
95122,1419392,445306,Deuteronomy,3,27,ירדן,nmpr,topo,F:unclassified-name,Torah
95128,1419393,445307,Deuteronomy,3,28,יהושע,nmpr,pers,A:person-candidate,Torah
95157,1419394,445313,Deuteronomy,3,29,בית פעור,nmpr,topo,F:unclassified-name,Torah
95160,1419395,445315,Deuteronomy,4,1,ישראל,nmpr,"pers,gens,topo",F:unclassified-name,Torah
95162,1419395,445316,Deuteronomy,4,1,אל,prep,,C:divine-title-candidate,Torah
95166,1419395,445316,Deuteronomy,4,1,אל,prep,,C:divine-title-candidate,Torah
95185,1419395,445322,Deuteronomy,4,1,יהוה,nmpr,pers,E:YHWH,Torah
95186,1419395,445322,Deuteronomy,4,1,אלהים,subs,,D:Elohim,Torah
95207,1419396,445326,Deuteronomy,4,2,יהוה,nmpr,pers,E:YHWH,Torah
95208,1419396,445326,Deuteronomy,4,2,אלהים,subs,,D:Elohim,Torah
95219,1419397,445330,Deuteronomy,4,3,יהוה,nmpr,pers,E:YHWH,Torah
95221,1419397,445330,Deuteronomy,4,3,בעל פעור,nmpr,pers,A:person-candidate,Torah
95229,1419397,445332,Deuteronomy,4,3,בעל פעור,nmpr,pers,A:person-candidate,Torah
95231,1419397,445333,Deuteronomy,4,3,יהוה,nmpr,pers,E:YHWH,Torah
95232,1419397,445333,Deuteronomy,4,3,אלהים,subs,,D:Elohim,Torah
95240,1419398,445335,Deuteronomy,4,4,יהוה,nmpr,pers,E:YHWH,Torah
95241,1419398,445335,Deuteronomy,4,4,אלהים,subs,,D:Elohim,Torah
95255,1419399,445339,Deuteronomy,4,5,יהוה,nmpr,pers,E:YHWH,Torah
95256,1419399,445339,Deuteronomy,4,5,אלהים,subs,,D:Elohim,Torah
95310,1419401,445350,Deuteronomy,4,7,אלהים,subs,,D:Elohim,Torah
95312,1419401,445351,Deuteronomy,4,7,אל,prep,,C:divine-title-candidate,Torah
95314,1419401,445352,Deuteronomy,4,7,יהוה,nmpr,pers,E:YHWH,Torah
95315,1419401,445352,Deuteronomy,4,7,אלהים,subs,,D:Elohim,Torah
95319,1419401,445353,Deuteronomy,4,7,אל,prep,,C:divine-title-candidate,Torah
95379,1419404,445364,Deuteronomy,4,10,יהוה,nmpr,pers,E:YHWH,Torah
95380,1419404,445364,Deuteronomy,4,10,אלהים,subs,,D:Elohim,Torah
95382,1419404,445364,Deuteronomy,4,10,חרב,nmpr,topo,F:unclassified-name,Torah
95385,1419404,445365,Deuteronomy,4,10,יהוה,nmpr,pers,E:YHWH,Torah
95386,1419404,445365,Deuteronomy,4,10,אל,prep,,C:divine-title-candidate,Torah
95438,1419406,445375,Deuteronomy,4,12,יהוה,nmpr,pers,E:YHWH,Torah
95439,1419406,445375,Deuteronomy,4,12,אל,prep,,C:divine-title-candidate,Torah
95476,1419408,445383,Deuteronomy,4,14,יהוה,nmpr,pers,E:YHWH,Torah
95513,1419409,445390,Deuteronomy,4,15,יהוה,nmpr,pers,E:YHWH,Torah
95514,1419409,445390,Deuteronomy,4,15,אל,prep,,C:divine-title-candidate,Torah
95516,1419409,445390,Deuteronomy,4,15,חרב,nmpr,topo,F:unclassified-name,Torah
95600,1419413,445403,Deuteronomy,4,19,יהוה,nmpr,pers,E:YHWH,Torah
95601,1419413,445403,Deuteronomy,4,19,אלהים,subs,,D:Elohim,Torah
95614,1419414,445404,Deuteronomy,4,20,יהוה,nmpr,pers,E:YHWH,Torah
95623,1419414,445405,Deuteronomy,4,20,מצרים,nmpr,topo,F:unclassified-name,Torah
95636,1419415,445408,Deuteronomy,4,21,יהוה,nmpr,pers,E:YHWH,Torah
95648,1419415,445410,Deuteronomy,4,21,ירדן,nmpr,topo,F:unclassified-name,Torah
95653,1419415,445411,Deuteronomy,4,21,אל,prep,,C:divine-title-candidate,Torah
95659,1419415,445412,Deuteronomy,4,21,יהוה,nmpr,pers,E:YHWH,Torah
95660,1419415,445412,Deuteronomy,4,21,אלהים,subs,,D:Elohim,Torah
95676,1419416,445414,Deuteronomy,4,22,ירדן,nmpr,topo,F:unclassified-name,Torah
95695,1419417,445418,Deuteronomy,4,23,יהוה,nmpr,pers,E:YHWH,Torah
95696,1419417,445418,Deuteronomy,4,23,אלהים,subs,,D:Elohim,Torah
95708,1419417,445421,Deuteronomy,4,23,יהוה,nmpr,pers,E:YHWH,Torah
95709,1419417,445421,Deuteronomy,4,23,אלהים,subs,,D:Elohim,Torah
95711,1419418,445422,Deuteronomy,4,24,יהוה,nmpr,pers,E:YHWH,Torah
95712,1419418,445422,Deuteronomy,4,24,אלהים,subs,,D:Elohim,Torah
95716,1419418,445424,Deuteronomy,4,24,אל,subs,,C:divine-title-candidate,Torah
95742,1419419,445430,Deuteronomy,4,25,יהוה,nmpr,pers,E:YHWH,Torah
95743,1419419,445430,Deuteronomy,4,25,אלהים,subs,,D:Elohim,Torah
95770,1419420,445434,Deuteronomy,4,26,ירדן,nmpr,topo,F:unclassified-name,Torah
95783,1419421,445438,Deuteronomy,4,27,יהוה,nmpr,pers,E:YHWH,Torah
95797,1419421,445440,Deuteronomy,4,27,יהוה,nmpr,pers,E:YHWH,Torah
95803,1419422,445441,Deuteronomy,4,28,אלהים,subs,,D:Elohim,Torah
95827,1419423,445446,Deuteronomy,4,29,יהוה,nmpr,pers,E:YHWH,Torah
95828,1419423,445446,Deuteronomy,4,29,אלהים,subs,,D:Elohim,Torah
95858,1419424,445451,Deuteronomy,4,30,יהוה,nmpr,pers,E:YHWH,Torah
95859,1419424,445451,Deuteronomy,4,30,אלהים,subs,,D:Elohim,Torah
95865,1419425,445453,Deuteronomy,4,31,אל,subs,,C:divine-title-candidate,Torah
95867,1419425,445453,Deuteronomy,4,31,יהוה,nmpr,pers,E:YHWH,Torah
95868,1419425,445453,Deuteronomy,4,31,אלהים,subs,,D:Elohim,Torah
95899,1419426,445460,Deuteronomy,4,32,אלהים,subs,,D:Elohim,Torah
95932,1419427,445463,Deuteronomy,4,33,אלהים,subs,,D:Elohim,Torah
95947,1419428,445467,Deuteronomy,4,34,אלהים,subs,,D:Elohim,Torah
95984,1419428,445470,Deuteronomy,4,34,יהוה,nmpr,pers,E:YHWH,Torah
95985,1419428,445470,Deuteronomy,4,34,אלהים,subs,,D:Elohim,Torah
95987,1419428,445470,Deuteronomy,4,34,מצרים,nmpr,topo,F:unclassified-name,Torah
95995,1419429,445473,Deuteronomy,4,35,יהוה,nmpr,pers,E:YHWH,Torah
95998,1419429,445474,Deuteronomy,4,35,אלהים,subs,,D:Elohim,Torah
96048,1419431,445482,Deuteronomy,4,37,מצרים,nmpr,topo,F:unclassified-name,Torah
96077,1419433,445488,Deuteronomy,4,39,אל,prep,,C:divine-title-candidate,Torah
96080,1419433,445489,Deuteronomy,4,39,יהוה,nmpr,pers,E:YHWH,Torah
96083,1419433,445490,Deuteronomy,4,39,אלהים,subs,,D:Elohim,Torah
96124,1419434,445496,Deuteronomy,4,40,יהוה,nmpr,pers,E:YHWH,Torah
96125,1419434,445496,Deuteronomy,4,40,אלהים,subs,,D:Elohim,Torah
96133,1419435,445497,Deuteronomy,4,41,משה,nmpr,pers,A:person-candidate,Torah
96139,1419435,445497,Deuteronomy,4,41,ירדן,nmpr,topo,F:unclassified-name,Torah
96163,1419436,445501,Deuteronomy,4,42,אל,prep,,C:divine-title-candidate,Torah
96169,1419436,445501,Deuteronomy,4,42,אל,prde,,C:divine-title-candidate,Torah
96173,1419437,445503,Deuteronomy,4,43,בצר,nmpr,topo,F:unclassified-name,Torah
96186,1419437,445504,Deuteronomy,4,43,רמת,nmpr,topo,F:unclassified-name,Torah
96189,1419437,445504,Deuteronomy,4,43,גלעד,nmpr,topo,F:unclassified-name,Torah
96195,1419437,445505,Deuteronomy,4,43,גולן,nmpr,topo,F:unclassified-name,Torah
96198,1419437,445505,Deuteronomy,4,43,בשן,nmpr,topo,F:unclassified-name,Torah
96208,1419438,445507,Deuteronomy,4,44,משה,nmpr,pers,A:person-candidate,Torah
96212,1419438,445507,Deuteronomy,4,44,ישראל,nmpr,"pers,gens,topo",F:unclassified-name,Torah
96224,1419439,445509,Deuteronomy,4,45,משה,nmpr,pers,A:person-candidate,Torah
96225,1419439,445509,Deuteronomy,4,45,אל,prep,,C:divine-title-candidate,Torah
96227,1419439,445509,Deuteronomy,4,45,ישראל,nmpr,"pers,gens,topo",F:unclassified-name,Torah
96231,1419439,445510,Deuteronomy,4,45,מצרים,nmpr,topo,F:unclassified-name,Torah
96235,1419440,445509,Deuteronomy,4,46,ירדן,nmpr,topo,F:unclassified-name,Torah
96240,1419440,445509,Deuteronomy,4,46,בית פעור,nmpr,topo,F:unclassified-name,Torah
96243,1419440,445509,Deuteronomy,4,46,סיחון,nmpr,pers,A:person-candidate,Torah
96244,1419440,445509,Deuteronomy,4,46,מלך,subs,,B:deity-candidate,Torah
96250,1419440,445511,Deuteronomy,4,46,חשבון,nmpr,topo,F:unclassified-name,Torah
96253,1419440,445512,Deuteronomy,4,46,משה,nmpr,pers,A:person-candidate,Torah
96256,1419440,445512,Deuteronomy,4,46,ישראל,nmpr,"pers,gens,topo",F:unclassified-name,Torah
96260,1419440,445513,Deuteronomy,4,46,מצרים,nmpr,topo,F:unclassified-name,Torah
96268,1419441,445514,Deuteronomy,4,47,עוג,nmpr,pers,A:person-candidate,Torah
96269,1419441,445514,Deuteronomy,4,47,מלך,subs,,B:deity-candidate,Torah
96271,1419441,445514,Deuteronomy,4,47,בשן,nmpr,topo,F:unclassified-name,Torah
96273,1419441,445514,Deuteronomy,4,47,מלך,subs,,B:deity-candidate,Torah
96280,1419441,445515,Deuteronomy,4,47,ירדן,nmpr,topo,F:unclassified-name,Torah
96284,1419442,445514,Deuteronomy,4,48,ערוער,nmpr,topo,F:unclassified-name,Torah
96289,1419442,445516,Deuteronomy,4,48,ארנון,nmpr,topo,F:unclassified-name,Torah
96293,1419442,445514,Deuteronomy,4,48,שיאן,nmpr,topo,F:unclassified-name,Torah
96295,1419442,445517,Deuteronomy,4,48,חרמון,nmpr,topo,F:unclassified-name,Torah
96302,1419443,445514,Deuteronomy,4,49,ירדן,nmpr,topo,F:unclassified-name,Torah
96312,1419443,445514,Deuteronomy,4,49,פסגה,nmpr,topo,F:unclassified-name,Torah
96315,1419444,445518,Deuteronomy,5,1,משה,nmpr,pers,A:person-candidate,Torah
96316,1419444,445518,Deuteronomy,5,1,אל,prep,,C:divine-title-candidate,Torah
96318,1419444,445518,Deuteronomy,5,1,ישראל,nmpr,"pers,gens,topo",F:unclassified-name,Torah
96321,1419444,445519,Deuteronomy,5,1,אל,prep,,C:divine-title-candidate,Torah
96323,1419444,445521,Deuteronomy,5,1,ישראל,nmpr,"pers,gens,topo",F:unclassified-name,Torah
96345,1419445,445526,Deuteronomy,5,2,יהוה,nmpr,pers,E:YHWH,Torah
96346,1419445,445526,Deuteronomy,5,2,אלהים,subs,,D:Elohim,Torah
96351,1419445,445526,Deuteronomy,5,2,חרב,nmpr,topo,F:unclassified-name,Torah
96356,1419446,445527,Deuteronomy,5,3,יהוה,nmpr,pers,E:YHWH,Torah
96375,1419447,445530,Deuteronomy,5,4,יהוה,nmpr,pers,E:YHWH,Torah
96387,1419448,445531,Deuteronomy,5,5,יהוה,nmpr,pers,E:YHWH,Torah
96400,1419448,445532,Deuteronomy,5,5,יהוה,nmpr,pers,E:YHWH,Torah
96416,1419449,445536,Deuteronomy,5,6,יהוה,nmpr,pers,E:YHWH,Torah
96417,1419449,445536,Deuteronomy,5,6,אלהים,subs,,D:Elohim,Torah
96422,1419449,445537,Deuteronomy,5,6,מצרים,nmpr,topo,F:unclassified-name,Torah
96429,1419450,445538,Deuteronomy,5,7,אלהים,subs,,D:Elohim,Torah
96470,1419452,445545,Deuteronomy,5,9,יהוה,nmpr,pers,E:YHWH,Torah
96471,1419452,445545,Deuteronomy,5,9,אלהים,subs,,D:Elohim,Torah
96472,1419452,445545,Deuteronomy,5,9,אל,subs,,C:divine-title-candidate,Torah
96502,1419454,445548,Deuteronomy,5,11,יהוה,nmpr,pers,E:YHWH,Torah
96503,1419454,445548,Deuteronomy,5,11,אלהים,subs,,D:Elohim,Torah
96510,1419454,445549,Deuteronomy,5,11,יהוה,nmpr,pers,E:YHWH,Torah
96529,1419455,445553,Deuteronomy,5,12,יהוה,nmpr,pers,E:YHWH,Torah
96530,1419455,445553,Deuteronomy,5,12,אלהים,subs,,D:Elohim,Torah
96544,1419457,445556,Deuteronomy,5,14,יהוה,nmpr,pers,E:YHWH,Torah
96545,1419457,445556,Deuteronomy,5,14,אלהים,subs,,D:Elohim,Torah
96584,1419458,445561,Deuteronomy,5,15,מצרים,nmpr,topo,F:unclassified-name,Torah
96587,1419458,445562,Deuteronomy,5,15,יהוה,nmpr,pers,E:YHWH,Torah
96588,1419458,445562,Deuteronomy,5,15,אלהים,subs,,D:Elohim,Torah
96601,1419458,445563,Deuteronomy,5,15,יהוה,nmpr,pers,E:YHWH,Torah
96602,1419458,445563,Deuteronomy,5,15,אלהים,subs,,D:Elohim,Torah
96618,1419459,445566,Deuteronomy,5,16,יהוה,nmpr,pers,E:YHWH,Torah
96619,1419459,445566,Deuteronomy,5,16,אלהים,subs,,D:Elohim,Torah
96631,1419459,445569,Deuteronomy,5,16,יהוה,nmpr,pers,E:YHWH,Torah
96632,1419459,445569,Deuteronomy,5,16,אלהים,subs,,D:Elohim,Torah
96679,1419465,445577,Deuteronomy,5,22,יהוה,nmpr,pers,E:YHWH,Torah
96680,1419465,445577,Deuteronomy,5,22,אל,prep,,C:divine-title-candidate,Torah
96708,1419465,445580,Deuteronomy,5,22,אל,prep,,C:divine-title-candidate,Torah
96729,1419466,445584,Deuteronomy,5,23,אל,prep,,C:divine-title-candidate,Torah
96739,1419467,445587,Deuteronomy,5,24,יהוה,nmpr,pers,E:YHWH,Torah
96740,1419467,445587,Deuteronomy,5,24,אלהים,subs,,D:Elohim,Torah
96761,1419467,445590,Deuteronomy,5,24,אלהים,subs,,D:Elohim,Torah
96786,1419468,445596,Deuteronomy,5,25,יהוה,nmpr,pers,E:YHWH,Torah
96787,1419468,445596,Deuteronomy,5,25,אלהים,subs,,D:Elohim,Torah
96798,1419469,445599,Deuteronomy,5,26,אלהים,subs,,D:Elohim,Torah
96816,1419470,445604,Deuteronomy,5,27,יהוה,nmpr,pers,E:YHWH,Torah
96817,1419470,445604,Deuteronomy,5,27,אלהים,subs,,D:Elohim,Torah
96821,1419470,445605,Deuteronomy,5,27,אל,prep,,C:divine-title-candidate,Torah
96826,1419470,445606,Deuteronomy,5,27,יהוה,nmpr,pers,E:YHWH,Torah
96827,1419470,445606,Deuteronomy,5,27,אלהים,subs,,D:Elohim,Torah
96828,1419470,445606,Deuteronomy,5,27,אל,prep,,C:divine-title-candidate,Torah
96835,1419471,445609,Deuteronomy,5,28,יהוה,nmpr,pers,E:YHWH,Torah
96841,1419471,445610,Deuteronomy,5,28,אל,prep,,C:divine-title-candidate,Torah
96844,1419471,445611,Deuteronomy,5,28,יהוה,nmpr,pers,E:YHWH,Torah
96845,1419471,445611,Deuteronomy,5,28,אל,prep,,C:divine-title-candidate,Torah
96856,1419471,445613,Deuteronomy,5,28,אל,prep,,C:divine-title-candidate,Torah
96902,1419474,445626,Deuteronomy,5,31,אל,prep,,C:divine-title-candidate,Torah
96933,1419475,445633,Deuteronomy,5,32,יהוה,nmpr,pers,E:YHWH,Torah
96934,1419475,445633,Deuteronomy,5,32,אלהים,subs,,D:Elohim,Torah
96947,1419476,445636,Deuteronomy,5,33,יהוה,nmpr,pers,E:YHWH,Torah
96948,1419476,445636,Deuteronomy,5,33,אלהים,subs,,D:Elohim,Torah
96975,1419477,445642,Deuteronomy,6,1,יהוה,nmpr,pers,E:YHWH,Torah
96976,1419477,445642,Deuteronomy,6,1,אלהים,subs,,D:Elohim,Torah
96994,1419478,445647,Deuteronomy,6,2,יהוה,nmpr,pers,E:YHWH,Torah
96995,1419478,445647,Deuteronomy,6,2,אלהים,subs,,D:Elohim,Torah
97021,1419479,445652,Deuteronomy,6,3,ישראל,nmpr,"pers,gens,topo",F:unclassified-name,Torah
97036,1419479,445657,Deuteronomy,6,3,יהוה,nmpr,pers,E:YHWH,Torah
97037,1419479,445657,Deuteronomy,6,3,אלהים,subs,,D:Elohim,Torah
97046,1419480,445659,Deuteronomy,6,4,ישראל,nmpr,"pers,gens,topo",F:unclassified-name,Torah
97047,1419480,445660,Deuteronomy,6,4,יהוה,nmpr,pers,E:YHWH,Torah
97048,1419480,445660,Deuteronomy,6,4,אלהים,subs,,D:Elohim,Torah
97049,1419480,445661,Deuteronomy,6,4,יהוה,nmpr,pers,E:YHWH,Torah
97054,1419481,445662,Deuteronomy,6,5,יהוה,nmpr,pers,E:YHWH,Torah
97055,1419481,445662,Deuteronomy,6,5,אלהים,subs,,D:Elohim,Torah
97127,1419486,445676,Deuteronomy,6,10,יהוה,nmpr,pers,E:YHWH,Torah
97128,1419486,445676,Deuteronomy,6,10,אלהים,subs,,D:Elohim,Torah
97129,1419486,445676,Deuteronomy,6,10,אל,prep,,C:divine-title-candidate,Torah
97137,1419486,445677,Deuteronomy,6,10,אברהם,nmpr,pers,A:person-candidate,Torah
97139,1419486,445677,Deuteronomy,6,10,יצחק,nmpr,pers,A:person-candidate,Torah
97142,1419486,445677,Deuteronomy,6,10,יעקב,nmpr,pers,A:person-candidate,Torah
97182,1419488,445687,Deuteronomy,6,12,יהוה,nmpr,pers,E:YHWH,Torah
97187,1419488,445688,Deuteronomy,6,12,מצרים,nmpr,topo,F:unclassified-name,Torah
97192,1419489,445689,Deuteronomy,6,13,יהוה,nmpr,pers,E:YHWH,Torah
97193,1419489,445689,Deuteronomy,6,13,אלהים,subs,,D:Elohim,Torah
97205,1419490,445692,Deuteronomy,6,14,אלהים,subs,,D:Elohim,Torah
97208,1419490,445692,Deuteronomy,6,14,אלהים,subs,,D:Elohim,Torah
97214,1419491,445694,Deuteronomy,6,15,אל,subs,,C:divine-title-candidate,Torah
97216,1419491,445694,Deuteronomy,6,15,יהוה,nmpr,pers,E:YHWH,Torah
97217,1419491,445694,Deuteronomy,6,15,אלהים,subs,,D:Elohim,Torah
97223,1419491,445695,Deuteronomy,6,15,יהוה,nmpr,pers,E:YHWH,Torah
97224,1419491,445695,Deuteronomy,6,15,אלהים,subs,,D:Elohim,Torah
97236,1419492,445697,Deuteronomy,6,16,יהוה,nmpr,pers,E:YHWH,Torah
97237,1419492,445697,Deuteronomy,6,16,אלהים,subs,,D:Elohim,Torah
97243,1419492,445698,Deuteronomy,6,16,מסה,nmpr,topo,F:unclassified-name,Torah
97248,1419493,445699,Deuteronomy,6,17,יהוה,nmpr,pers,E:YHWH,Torah
97249,1419493,445699,Deuteronomy,6,17,אלהים,subs,,D:Elohim,Torah
97265,1419494,445701,Deuteronomy,6,18,יהוה,nmpr,pers,E:YHWH,Torah
97280,1419494,445705,Deuteronomy,6,18,יהוה,nmpr,pers,E:YHWH,Torah
97293,1419495,445707,Deuteronomy,6,19,יהוה,nmpr,pers,E:YHWH,Torah
97311,1419496,445711,Deuteronomy,6,20,יהוה,nmpr,pers,E:YHWH,Torah
97312,1419496,445711,Deuteronomy,6,20,אלהים,subs,,D:Elohim,Torah
97323,1419497,445713,Deuteronomy,6,21,מצרים,nmpr,topo,F:unclassified-name,Torah
97326,1419497,445714,Deuteronomy,6,21,יהוה,nmpr,pers,E:YHWH,Torah
97328,1419497,445714,Deuteronomy,6,21,מצרים,nmpr,topo,F:unclassified-name,Torah
97334,1419498,445715,Deuteronomy,6,22,יהוה,nmpr,pers,E:YHWH,Torah
97342,1419498,445715,Deuteronomy,6,22,מצרים,nmpr,topo,F:unclassified-name,Torah
97371,1419500,445720,Deuteronomy,6,24,יהוה,nmpr,pers,E:YHWH,Torah
97383,1419500,445722,Deuteronomy,6,24,יהוה,nmpr,pers,E:YHWH,Torah
97384,1419500,445722,Deuteronomy,6,24,אלהים,subs,,D:Elohim,Torah
97414,1419501,445728,Deuteronomy,6,25,יהוה,nmpr,pers,E:YHWH,Torah
97415,1419501,445728,Deuteronomy,6,25,אלהים,subs,,D:Elohim,Torah
97421,1419502,445730,Deuteronomy,7,1,יהוה,nmpr,pers,E:YHWH,Torah
97422,1419502,445730,Deuteronomy,7,1,אלהים,subs,,D:Elohim,Torah
97423,1419502,445730,Deuteronomy,7,1,אל,prep,,C:divine-title-candidate,Torah
97466,1419503,445735,Deuteronomy,7,2,יהוה,nmpr,pers,E:YHWH,Torah
97467,1419503,445735,Deuteronomy,7,2,אלהים,subs,,D:Elohim,Torah
97505,1419505,445744,Deuteronomy,7,4,אלהים,subs,,D:Elohim,Torah
97510,1419505,445745,Deuteronomy,7,4,יהוה,nmpr,pers,E:YHWH,Torah
97539,1419507,445752,Deuteronomy,7,6,יהוה,nmpr,pers,E:YHWH,Torah
97540,1419507,445752,Deuteronomy,7,6,אלהים,subs,,D:Elohim,Torah
97543,1419507,445753,Deuteronomy,7,6,יהוה,nmpr,pers,E:YHWH,Torah
97544,1419507,445753,Deuteronomy,7,6,אלהים,subs,,D:Elohim,Torah
97568,1419508,445756,Deuteronomy,7,7,יהוה,nmpr,pers,E:YHWH,Torah
97584,1419509,445761,Deuteronomy,7,8,יהוה,nmpr,pers,E:YHWH,Torah
97597,1419509,445760,Deuteronomy,7,8,יהוה,nmpr,pers,E:YHWH,Torah
97610,1419509,445764,Deuteronomy,7,8,מלך,subs,,B:deity-candidate,Torah
97611,1419509,445764,Deuteronomy,7,8,מצרים,nmpr,topo,F:unclassified-name,Torah
97615,1419510,445766,Deuteronomy,7,9,יהוה,nmpr,pers,E:YHWH,Torah
97616,1419510,445766,Deuteronomy,7,9,אלהים,subs,,D:Elohim,Torah
97619,1419510,445767,Deuteronomy,7,9,אלהים,subs,,D:Elohim,Torah
97621,1419510,445767,Deuteronomy,7,9,אל,subs,,C:divine-title-candidate,Torah
97643,1419511,445769,Deuteronomy,7,10,אל,prep,,C:divine-title-candidate,Torah
97651,1419511,445772,Deuteronomy,7,10,אל,prep,,C:divine-title-candidate,Torah
97691,1419513,445780,Deuteronomy,7,12,יהוה,nmpr,pers,E:YHWH,Torah
97692,1419513,445780,Deuteronomy,7,12,אלהים,subs,,D:Elohim,Torah
97726,1419514,445785,Deuteronomy,7,13,עשתרת,subs,,B:deity-candidate,Torah
97755,1419516,445791,Deuteronomy,7,15,יהוה,nmpr,pers,E:YHWH,Torah
97762,1419516,445792,Deuteronomy,7,15,מצרים,nmpr,topo,F:unclassified-name,Torah
97782,1419517,445797,Deuteronomy,7,16,יהוה,nmpr,pers,E:YHWH,Torah
97783,1419517,445797,Deuteronomy,7,16,אלהים,subs,,D:Elohim,Torah
97794,1419517,445799,Deuteronomy,7,16,אלהים,subs,,D:Elohim,Torah
97821,1419519,445807,Deuteronomy,7,18,יהוה,nmpr,pers,E:YHWH,Torah
97822,1419519,445807,Deuteronomy,7,18,אלהים,subs,,D:Elohim,Torah
97828,1419519,445807,Deuteronomy,7,18,מצרים,nmpr,topo,F:unclassified-name,Torah
97854,1419520,445810,Deuteronomy,7,19,יהוה,nmpr,pers,E:YHWH,Torah
97855,1419520,445810,Deuteronomy,7,19,אלהים,subs,,D:Elohim,Torah
97858,1419520,445811,Deuteronomy,7,19,יהוה,nmpr,pers,E:YHWH,Torah
97859,1419520,445811,Deuteronomy,7,19,אלהים,subs,,D:Elohim,Torah
97875,1419521,445813,Deuteronomy,7,20,יהוה,nmpr,pers,E:YHWH,Torah
97876,1419521,445813,Deuteronomy,7,20,אלהים,subs,,D:Elohim,Torah
97892,1419522,445816,Deuteronomy,7,21,יהוה,nmpr,pers,E:YHWH,Torah
97893,1419522,445816,Deuteronomy,7,21,אלהים,subs,,D:Elohim,Torah
97896,1419522,445817,Deuteronomy,7,21,אל,subs,,C:divine-title-candidate,Torah
97902,1419523,445818,Deuteronomy,7,22,יהוה,nmpr,pers,E:YHWH,Torah
97903,1419523,445818,Deuteronomy,7,22,אלהים,subs,,D:Elohim,Torah
97908,1419523,445818,Deuteronomy,7,22,אל,prde,,C:divine-title-candidate,Torah
97925,1419524,445822,Deuteronomy,7,23,יהוה,nmpr,pers,E:YHWH,Torah
97926,1419524,445822,Deuteronomy,7,23,אלהים,subs,,D:Elohim,Torah
97937,1419525,445825,Deuteronomy,7,24,מלך,subs,,B:deity-candidate,Torah
97957,1419526,445829,Deuteronomy,7,25,אלהים,subs,,D:Elohim,Torah
97976,1419526,445833,Deuteronomy,7,25,יהוה,nmpr,pers,E:YHWH,Torah
97977,1419526,445833,Deuteronomy,7,25,אלהים,subs,,D:Elohim,Torah
97983,1419527,445834,Deuteronomy,7,26,אל,prep,,C:divine-title-candidate,Torah
98021,1419528,445846,Deuteronomy,8,1,יהוה,nmpr,pers,E:YHWH,Torah
98032,1419529,445848,Deuteronomy,8,2,יהוה,nmpr,pers,E:YHWH,Torah
98033,1419529,445848,Deuteronomy,8,2,אלהים,subs,,D:Elohim,Torah
98088,1419530,445862,Deuteronomy,8,3,יהוה,nmpr,pers,E:YHWH,Torah
98115,1419532,445866,Deuteronomy,8,5,יהוה,nmpr,pers,E:YHWH,Torah
98116,1419532,445866,Deuteronomy,8,5,אלהים,subs,,D:Elohim,Torah
98122,1419533,445868,Deuteronomy,8,6,יהוה,nmpr,pers,E:YHWH,Torah
98123,1419533,445868,Deuteronomy,8,6,אלהים,subs,,D:Elohim,Torah
98133,1419534,445871,Deuteronomy,8,7,יהוה,nmpr,pers,E:YHWH,Torah
98134,1419534,445871,Deuteronomy,8,7,אלהים,subs,,D:Elohim,Torah
98136,1419534,445871,Deuteronomy,8,7,אל,prep,,C:divine-title-candidate,Torah
98162,1419535,445873,Deuteronomy,8,8,רמון,subs,,B:deity-candidate,Torah
98196,1419537,445882,Deuteronomy,8,10,יהוה,nmpr,pers,E:YHWH,Torah
98197,1419537,445882,Deuteronomy,8,10,אלהים,subs,,D:Elohim,Torah
98211,1419538,445885,Deuteronomy,8,11,יהוה,nmpr,pers,E:YHWH,Torah
98212,1419538,445885,Deuteronomy,8,11,אלהים,subs,,D:Elohim,Torah
98258,1419541,445897,Deuteronomy,8,14,יהוה,nmpr,pers,E:YHWH,Torah
98259,1419541,445897,Deuteronomy,8,14,אלהים,subs,,D:Elohim,Torah
98264,1419541,445898,Deuteronomy,8,14,מצרים,nmpr,topo,F:unclassified-name,Torah
98332,1419545,445909,Deuteronomy,8,18,יהוה,nmpr,pers,E:YHWH,Torah
98333,1419545,445909,Deuteronomy,8,18,אלהים,subs,,D:Elohim,Torah
98362,1419546,445917,Deuteronomy,8,19,יהוה,nmpr,pers,E:YHWH,Torah
98363,1419546,445917,Deuteronomy,8,19,אלהים,subs,,D:Elohim,Torah
98367,1419546,445918,Deuteronomy,8,19,אלהים,subs,,D:Elohim,Torah
98385,1419547,445924,Deuteronomy,8,20,יהוה,nmpr,pers,E:YHWH,Torah
98396,1419547,445926,Deuteronomy,8,20,יהוה,nmpr,pers,E:YHWH,Torah
98397,1419547,445926,Deuteronomy,8,20,אלהים,subs,,D:Elohim,Torah
98399,1419548,445928,Deuteronomy,9,1,ישראל,nmpr,"pers,gens,topo",F:unclassified-name,Torah
98406,1419548,445929,Deuteronomy,9,1,ירדן,nmpr,topo,F:unclassified-name,Torah
98446,1419550,445938,Deuteronomy,9,3,יהוה,nmpr,pers,E:YHWH,Torah
98447,1419550,445938,Deuteronomy,9,3,אלהים,subs,,D:Elohim,Torah
98470,1419550,445945,Deuteronomy,9,3,יהוה,nmpr,pers,E:YHWH,Torah
98472,1419551,445946,Deuteronomy,9,4,אל,nega,,C:divine-title-candidate,Torah
98478,1419551,445947,Deuteronomy,9,4,יהוה,nmpr,pers,E:YHWH,Torah
98479,1419551,445947,Deuteronomy,9,4,אלהים,subs,,D:Elohim,Torah
98489,1419551,445949,Deuteronomy,9,4,יהוה,nmpr,pers,E:YHWH,Torah
98504,1419551,445951,Deuteronomy,9,4,יהוה,nmpr,pers,E:YHWH,Torah
98528,1419552,445954,Deuteronomy,9,5,יהוה,nmpr,pers,E:YHWH,Torah
98529,1419552,445954,Deuteronomy,9,5,אלהים,subs,,D:Elohim,Torah
98541,1419552,445956,Deuteronomy,9,5,יהוה,nmpr,pers,E:YHWH,Torah
98545,1419552,445956,Deuteronomy,9,5,אברהם,nmpr,pers,A:person-candidate,Torah
98547,1419552,445956,Deuteronomy,9,5,יצחק,nmpr,pers,A:person-candidate,Torah
98550,1419552,445956,Deuteronomy,9,5,יעקב,nmpr,pers,A:person-candidate,Torah
98557,1419553,445958,Deuteronomy,9,6,יהוה,nmpr,pers,E:YHWH,Torah
98558,1419553,445958,Deuteronomy,9,6,אלהים,subs,,D:Elohim,Torah
98576,1419554,445962,Deuteronomy,9,7,אל,nega,,C:divine-title-candidate,Torah
98582,1419554,445963,Deuteronomy,9,7,יהוה,nmpr,pers,E:YHWH,Torah
98583,1419554,445963,Deuteronomy,9,7,אלהים,subs,,D:Elohim,Torah
98595,1419554,445965,Deuteronomy,9,7,מצרים,nmpr,topo,F:unclassified-name,Torah
98606,1419554,445964,Deuteronomy,9,7,יהוה,nmpr,pers,E:YHWH,Torah
98609,1419555,445967,Deuteronomy,9,8,חרב,nmpr,topo,F:unclassified-name,Torah
98612,1419555,445967,Deuteronomy,9,8,יהוה,nmpr,pers,E:YHWH,Torah
98615,1419555,445968,Deuteronomy,9,8,יהוה,nmpr,pers,E:YHWH,Torah
98634,1419556,445972,Deuteronomy,9,9,יהוה,nmpr,pers,E:YHWH,Torah
98655,1419557,445976,Deuteronomy,9,10,יהוה,nmpr,pers,E:YHWH,Torah
98656,1419557,445976,Deuteronomy,9,10,אל,prep,,C:divine-title-candidate,Torah
98665,1419557,445977,Deuteronomy,9,10,אלהים,subs,,D:Elohim,Torah
98674,1419557,445979,Deuteronomy,9,10,יהוה,nmpr,pers,E:YHWH,Torah
98697,1419558,445981,Deuteronomy,9,11,יהוה,nmpr,pers,E:YHWH,Torah
98698,1419558,445981,Deuteronomy,9,11,אל,prep,,C:divine-title-candidate,Torah
98709,1419559,445982,Deuteronomy,9,12,יהוה,nmpr,pers,E:YHWH,Torah
98710,1419559,445982,Deuteronomy,9,12,אל,prep,,C:divine-title-candidate,Torah
98722,1419559,445986,Deuteronomy,9,12,מצרים,nmpr,topo,F:unclassified-name,Torah
98735,1419560,445990,Deuteronomy,9,13,יהוה,nmpr,pers,E:YHWH,Torah
98736,1419560,445990,Deuteronomy,9,13,אל,prep,,C:divine-title-candidate,Torah
98800,1419563,446005,Deuteronomy,9,16,יהוה,nmpr,pers,E:YHWH,Torah
98801,1419563,446005,Deuteronomy,9,16,אלהים,subs,,D:Elohim,Torah
98813,1419563,446008,Deuteronomy,9,16,יהוה,nmpr,pers,E:YHWH,Torah
98835,1419565,446012,Deuteronomy,9,18,יהוה,nmpr,pers,E:YHWH,Torah
98862,1419565,446017,Deuteronomy,9,18,יהוה,nmpr,pers,E:YHWH,Torah
98876,1419566,446020,Deuteronomy,9,19,יהוה,nmpr,pers,E:YHWH,Torah
98883,1419566,446022,Deuteronomy,9,19,יהוה,nmpr,pers,E:YHWH,Torah
98884,1419566,446022,Deuteronomy,9,19,אל,prep,,C:divine-title-candidate,Torah
98893,1419567,446023,Deuteronomy,9,20,אהרן,nmpr,pers,A:person-candidate,Torah
98895,1419567,446023,Deuteronomy,9,20,יהוה,nmpr,pers,E:YHWH,Torah
98903,1419567,446025,Deuteronomy,9,20,אהרן,nmpr,pers,A:person-candidate,Torah
98938,1419568,446032,Deuteronomy,9,21,אל,prep,,C:divine-title-candidate,Torah
98948,1419569,446034,Deuteronomy,9,22,תבערה,nmpr,topo,F:unclassified-name,Torah
98951,1419569,446034,Deuteronomy,9,22,מסה,nmpr,topo,F:unclassified-name,Torah
98954,1419569,446034,Deuteronomy,9,22,קברות התאוה,nmpr,topo,F:unclassified-name,Torah
98958,1419569,446034,Deuteronomy,9,22,יהוה,nmpr,pers,E:YHWH,Torah
98962,1419570,446035,Deuteronomy,9,23,יהוה,nmpr,pers,E:YHWH,Torah
98965,1419570,446035,Deuteronomy,9,23,קדש ברנע,nmpr,topo,F:unclassified-name,Torah
98981,1419570,446040,Deuteronomy,9,23,יהוה,nmpr,pers,E:YHWH,Torah
98982,1419570,446040,Deuteronomy,9,23,אלהים,subs,,D:Elohim,Torah
98995,1419571,446043,Deuteronomy,9,24,יהוה,nmpr,pers,E:YHWH,Torah
99004,1419572,446045,Deuteronomy,9,25,יהוה,nmpr,pers,E:YHWH,Torah
99018,1419572,446047,Deuteronomy,9,25,יהוה,nmpr,pers,E:YHWH,Torah
99024,1419573,446049,Deuteronomy,9,26,אל,prep,,C:divine-title-candidate,Torah
99025,1419573,446049,Deuteronomy,9,26,יהוה,nmpr,pers,E:YHWH,Torah
99028,1419573,446051,Deuteronomy,9,26,אדני,nmpr,pers,C:divine-title-candidate,Torah
99029,1419573,446051,Deuteronomy,9,26,יהוה,nmpr,pers,E:YHWH,Torah
99030,1419573,446052,Deuteronomy,9,26,אל,nega,,C:divine-title-candidate,Torah
99042,1419573,446054,Deuteronomy,9,26,מצרים,nmpr,topo,F:unclassified-name,Torah
99050,1419574,446055,Deuteronomy,9,27,אברהם,nmpr,pers,A:person-candidate,Torah
99052,1419574,446055,Deuteronomy,9,27,יצחק,nmpr,pers,A:person-candidate,Torah
99055,1419574,446055,Deuteronomy,9,27,יעקב,nmpr,pers,A:person-candidate,Torah
99056,1419574,446056,Deuteronomy,9,27,אל,nega,,C:divine-title-candidate,Torah
99058,1419574,446056,Deuteronomy,9,27,אל,prep,,C:divine-title-candidate,Torah
99065,1419574,446056,Deuteronomy,9,27,אל,prep,,C:divine-title-candidate,Torah
99068,1419574,446056,Deuteronomy,9,27,אל,prep,,C:divine-title-candidate,Torah
99081,1419575,446059,Deuteronomy,9,28,יהוה,nmpr,pers,E:YHWH,Torah
99084,1419575,446060,Deuteronomy,9,28,אל,prep,,C:divine-title-candidate,Torah
99122,1419577,446067,Deuteronomy,10,1,יהוה,nmpr,pers,E:YHWH,Torah
99123,1419577,446067,Deuteronomy,10,1,אל,prep,,C:divine-title-candidate,Torah
99134,1419577,446069,Deuteronomy,10,1,אל,prep,,C:divine-title-candidate,Torah
99203,1419580,446080,Deuteronomy,10,4,יהוה,nmpr,pers,E:YHWH,Torah
99204,1419580,446080,Deuteronomy,10,4,אל,prep,,C:divine-title-candidate,Torah
99218,1419580,446081,Deuteronomy,10,4,יהוה,nmpr,pers,E:YHWH,Torah
99219,1419580,446081,Deuteronomy,10,4,אל,prep,,C:divine-title-candidate,Torah
99243,1419581,446087,Deuteronomy,10,5,יהוה,nmpr,pers,E:YHWH,Torah
99246,1419582,446088,Deuteronomy,10,6,ישראל,nmpr,"pers,gens,topo",F:unclassified-name,Torah
99249,1419582,446088,Deuteronomy,10,6,בארת בני יעקן,nmpr,topo,F:unclassified-name,Torah
99250,1419582,446088,Deuteronomy,10,6,מוסרה,nmpr,topo,F:unclassified-name,Torah
99253,1419582,446089,Deuteronomy,10,6,אהרן,nmpr,pers,A:person-candidate,Torah
99259,1419582,446091,Deuteronomy,10,6,אלעזר,nmpr,pers,A:person-candidate,Torah
99266,1419583,446092,Deuteronomy,10,7,גדגד,nmpr,topo,F:unclassified-name,Torah
99270,1419583,446093,Deuteronomy,10,7,גדגד,nmpr,topo,F:unclassified-name,Torah
99271,1419583,446093,Deuteronomy,10,7,יטבתה,nmpr,topo,F:unclassified-name,Torah
99281,1419584,446094,Deuteronomy,10,8,יהוה,nmpr,pers,E:YHWH,Torah
99291,1419584,446095,Deuteronomy,10,8,יהוה,nmpr,pers,E:YHWH,Torah
99296,1419584,446096,Deuteronomy,10,8,יהוה,nmpr,pers,E:YHWH,Torah
99314,1419585,446099,Deuteronomy,10,9,לוי,nmpr,"pers,gens",F:unclassified-name,Torah
99320,1419585,446100,Deuteronomy,10,9,יהוה,nmpr,pers,E:YHWH,Torah
99326,1419585,446102,Deuteronomy,10,9,יהוה,nmpr,pers,E:YHWH,Torah
99327,1419585,446102,Deuteronomy,10,9,אלהים,subs,,D:Elohim,Torah
99347,1419586,446104,Deuteronomy,10,10,יהוה,nmpr,pers,E:YHWH,Torah
99348,1419586,446104,Deuteronomy,10,10,אל,prep,,C:divine-title-candidate,Torah
99357,1419586,446105,Deuteronomy,10,10,יהוה,nmpr,pers,E:YHWH,Torah
99361,1419587,446107,Deuteronomy,10,11,יהוה,nmpr,pers,E:YHWH,Torah
99362,1419587,446107,Deuteronomy,10,11,אל,prep,,C:divine-title-candidate,Torah
99387,1419588,446115,Deuteronomy,10,12,ישראל,nmpr,"pers,gens,topo",F:unclassified-name,Torah
99389,1419588,446116,Deuteronomy,10,12,יהוה,nmpr,pers,E:YHWH,Torah
99390,1419588,446116,Deuteronomy,10,12,אלהים,subs,,D:Elohim,Torah
99399,1419588,446118,Deuteronomy,10,12,יהוה,nmpr,pers,E:YHWH,Torah
99400,1419588,446118,Deuteronomy,10,12,אלהים,subs,,D:Elohim,Torah
99414,1419588,446121,Deuteronomy,10,12,יהוה,nmpr,pers,E:YHWH,Torah
99415,1419588,446121,Deuteronomy,10,12,אלהים,subs,,D:Elohim,Torah
99427,1419589,446122,Deuteronomy,10,13,יהוה,nmpr,pers,E:YHWH,Torah
99441,1419590,446126,Deuteronomy,10,14,יהוה,nmpr,pers,E:YHWH,Torah
99442,1419590,446126,Deuteronomy,10,14,אלהים,subs,,D:Elohim,Torah
99459,1419591,446128,Deuteronomy,10,15,יהוה,nmpr,pers,E:YHWH,Torah
99489,1419593,446133,Deuteronomy,10,17,יהוה,nmpr,pers,E:YHWH,Torah
99490,1419593,446133,Deuteronomy,10,17,אלהים,subs,,D:Elohim,Torah
99492,1419593,446134,Deuteronomy,10,17,אלהים,subs,,D:Elohim,Torah
99494,1419593,446134,Deuteronomy,10,17,אלהים,subs,,D:Elohim,Torah
99500,1419593,446134,Deuteronomy,10,17,אל,subs,,C:divine-title-candidate,Torah
99540,1419595,446141,Deuteronomy,10,19,מצרים,nmpr,topo,F:unclassified-name,Torah
99542,1419596,446142,Deuteronomy,10,20,יהוה,nmpr,pers,E:YHWH,Torah
99543,1419596,446142,Deuteronomy,10,20,אלהים,subs,,D:Elohim,Torah
99558,1419597,446147,Deuteronomy,10,21,אלהים,subs,,D:Elohim,Torah
99579,1419598,446150,Deuteronomy,10,22,מצרים,nmpr,topo,F:unclassified-name,Torah
99583,1419598,446151,Deuteronomy,10,22,יהוה,nmpr,pers,E:YHWH,Torah
99584,1419598,446151,Deuteronomy,10,22,אלהים,subs,,D:Elohim,Torah
99594,1419599,446152,Deuteronomy,11,1,יהוה,nmpr,pers,E:YHWH,Torah
99595,1419599,446152,Deuteronomy,11,1,אלהים,subs,,D:Elohim,Torah
99625,1419600,446157,Deuteronomy,11,2,יהוה,nmpr,pers,E:YHWH,Torah
99626,1419600,446157,Deuteronomy,11,2,אלהים,subs,,D:Elohim,Torah
99647,1419601,446159,Deuteronomy,11,3,מצרים,nmpr,topo,F:unclassified-name,Torah
99650,1419601,446159,Deuteronomy,11,3,מלך,subs,,B:deity-candidate,Torah
99651,1419601,446159,Deuteronomy,11,3,מצרים,nmpr,topo,F:unclassified-name,Torah
99661,1419602,446160,Deuteronomy,11,4,מצרים,nmpr,topo,F:unclassified-name,Torah
99680,1419602,446163,Deuteronomy,11,4,יהוה,nmpr,pers,E:YHWH,Torah
99704,1419604,446166,Deuteronomy,11,6,דתן,nmpr,pers,A:person-candidate,Torah
99707,1419604,446166,Deuteronomy,11,6,אבירם,nmpr,pers,A:person-candidate,Torah
99709,1419604,446166,Deuteronomy,11,6,אליאב,nmpr,pers,A:person-candidate,Torah
99711,1419604,446166,Deuteronomy,11,6,ראובן,nmpr,"pers,gens,topo",F:unclassified-name,Torah
99737,1419604,446169,Deuteronomy,11,6,ישראל,nmpr,"pers,gens,topo",F:unclassified-name,Torah
99745,1419605,446172,Deuteronomy,11,7,יהוה,nmpr,pers,E:YHWH,Torah
99785,1419607,446182,Deuteronomy,11,9,יהוה,nmpr,pers,E:YHWH,Torah
99811,1419608,446187,Deuteronomy,11,10,מצרים,nmpr,topo,F:unclassified-name,Torah
99850,1419610,446196,Deuteronomy,11,12,יהוה,nmpr,pers,E:YHWH,Torah
99851,1419610,446196,Deuteronomy,11,12,אלהים,subs,,D:Elohim,Torah
99856,1419610,446197,Deuteronomy,11,12,יהוה,nmpr,pers,E:YHWH,Torah
99857,1419610,446197,Deuteronomy,11,12,אלהים,subs,,D:Elohim,Torah
99872,1419611,446199,Deuteronomy,11,13,אל,prep,,C:divine-title-candidate,Torah
99883,1419611,446201,Deuteronomy,11,13,יהוה,nmpr,pers,E:YHWH,Torah
99884,1419611,446201,Deuteronomy,11,13,אלהים,subs,,D:Elohim,Torah
99931,1419614,446211,Deuteronomy,11,16,אלהים,subs,,D:Elohim,Torah
99939,1419615,446213,Deuteronomy,11,17,יהוה,nmpr,pers,E:YHWH,Torah
99967,1419615,446218,Deuteronomy,11,17,יהוה,nmpr,pers,E:YHWH,Torah
100036,1419619,446230,Deuteronomy,11,21,יהוה,nmpr,pers,E:YHWH,Torah
100068,1419620,446235,Deuteronomy,11,22,יהוה,nmpr,pers,E:YHWH,Torah
100069,1419620,446235,Deuteronomy,11,22,אלהים,subs,,D:Elohim,Torah
100081,1419621,446238,Deuteronomy,11,23,יהוה,nmpr,pers,E:YHWH,Torah
100113,1419622,446243,Deuteronomy,11,24,לבנון,nmpr,topo,F:unclassified-name,Torah
100118,1419622,446243,Deuteronomy,11,24,פרת,nmpr,topo,F:unclassified-name,Torah
100136,1419623,446245,Deuteronomy,11,25,יהוה,nmpr,pers,E:YHWH,Torah
100137,1419623,446245,Deuteronomy,11,25,אלהים,subs,,D:Elohim,Torah
100165,1419625,446251,Deuteronomy,11,27,אל,prep,,C:divine-title-candidate,Torah
100167,1419625,446251,Deuteronomy,11,27,יהוה,nmpr,pers,E:YHWH,Torah
100168,1419625,446251,Deuteronomy,11,27,אלהים,subs,,D:Elohim,Torah
100181,1419626,446254,Deuteronomy,11,28,אל,prep,,C:divine-title-candidate,Torah
100183,1419626,446254,Deuteronomy,11,28,יהוה,nmpr,pers,E:YHWH,Torah
100184,1419626,446254,Deuteronomy,11,28,אלהים,subs,,D:Elohim,Torah
100199,1419626,446257,Deuteronomy,11,28,אלהים,subs,,D:Elohim,Torah
100208,1419627,446260,Deuteronomy,11,29,יהוה,nmpr,pers,E:YHWH,Torah
100209,1419627,446260,Deuteronomy,11,29,אלהים,subs,,D:Elohim,Torah
100210,1419627,446260,Deuteronomy,11,29,אל,prep,,C:divine-title-candidate,Torah
100226,1419627,446263,Deuteronomy,11,29,גרזים,nmpr,topo,F:unclassified-name,Torah
100233,1419627,446264,Deuteronomy,11,29,עיבל,nmpr,topo,F:unclassified-name,Torah
100240,1419628,446265,Deuteronomy,11,30,ירדן,nmpr,topo,F:unclassified-name,Torah
100257,1419628,446266,Deuteronomy,11,30,גלגל,nmpr,topo,F:unclassified-name,Torah
100260,1419628,446266,Deuteronomy,11,30,מורה,nmpr,topo,F:unclassified-name,Torah
100266,1419629,446267,Deuteronomy,11,31,ירדן,nmpr,topo,F:unclassified-name,Torah
100275,1419629,446270,Deuteronomy,11,31,יהוה,nmpr,pers,E:YHWH,Torah
100276,1419629,446270,Deuteronomy,11,31,אלהים,subs,,D:Elohim,Torah
100319,1419631,446279,Deuteronomy,12,1,יהוה,nmpr,pers,E:YHWH,Torah
100320,1419631,446279,Deuteronomy,12,1,אלהים,subs,,D:Elohim,Torah
100350,1419632,446283,Deuteronomy,12,2,אלהים,subs,,D:Elohim,Torah
100381,1419633,446288,Deuteronomy,12,3,אלהים,subs,,D:Elohim,Torah
100396,1419634,446290,Deuteronomy,12,4,יהוה,nmpr,pers,E:YHWH,Torah
100397,1419634,446290,Deuteronomy,12,4,אלהים,subs,,D:Elohim,Torah
100400,1419635,446291,Deuteronomy,12,5,אל,prep,,C:divine-title-candidate,Torah
100405,1419635,446292,Deuteronomy,12,5,יהוה,nmpr,pers,E:YHWH,Torah
100406,1419635,446292,Deuteronomy,12,5,אלהים,subs,,D:Elohim,Torah
100448,1419637,446297,Deuteronomy,12,7,יהוה,nmpr,pers,E:YHWH,Torah
100449,1419637,446297,Deuteronomy,12,7,אלהים,subs,,D:Elohim,Torah
100461,1419637,446299,Deuteronomy,12,7,יהוה,nmpr,pers,E:YHWH,Torah
100462,1419637,446299,Deuteronomy,12,7,אלהים,subs,,D:Elohim,Torah
100484,1419639,446304,Deuteronomy,12,9,אל,prep,,C:divine-title-candidate,Torah
100488,1419639,446304,Deuteronomy,12,9,אל,prep,,C:divine-title-candidate,Torah
100492,1419639,446305,Deuteronomy,12,9,יהוה,nmpr,pers,E:YHWH,Torah
100493,1419639,446305,Deuteronomy,12,9,אלהים,subs,,D:Elohim,Torah
100500,1419640,446306,Deuteronomy,12,10,ירדן,nmpr,topo,F:unclassified-name,Torah
100507,1419640,446308,Deuteronomy,12,10,יהוה,nmpr,pers,E:YHWH,Torah
100508,1419640,446308,Deuteronomy,12,10,אלהים,subs,,D:Elohim,Torah
100528,1419641,446313,Deuteronomy,12,11,יהוה,nmpr,pers,E:YHWH,Torah
100529,1419641,446313,Deuteronomy,12,11,אלהים,subs,,D:Elohim,Torah
100557,1419641,446317,Deuteronomy,12,11,יהוה,nmpr,pers,E:YHWH,Torah
100562,1419642,446318,Deuteronomy,12,12,יהוה,nmpr,pers,E:YHWH,Torah
100563,1419642,446318,Deuteronomy,12,12,אלהים,subs,,D:Elohim,Torah
100603,1419644,446325,Deuteronomy,12,14,יהוה,nmpr,pers,E:YHWH,Torah
100628,1419645,446330,Deuteronomy,12,15,יהוה,nmpr,pers,E:YHWH,Torah
100629,1419645,446330,Deuteronomy,12,15,אלהים,subs,,D:Elohim,Torah
100692,1419648,446338,Deuteronomy,12,18,יהוה,nmpr,pers,E:YHWH,Torah
100693,1419648,446338,Deuteronomy,12,18,אלהים,subs,,D:Elohim,Torah
100700,1419648,446339,Deuteronomy,12,18,יהוה,nmpr,pers,E:YHWH,Torah
100701,1419648,446339,Deuteronomy,12,18,אלהים,subs,,D:Elohim,Torah
100722,1419648,446341,Deuteronomy,12,18,יהוה,nmpr,pers,E:YHWH,Torah
100723,1419648,446341,Deuteronomy,12,18,אלהים,subs,,D:Elohim,Torah
100741,1419650,446344,Deuteronomy,12,20,יהוה,nmpr,pers,E:YHWH,Torah
100742,1419650,446344,Deuteronomy,12,20,אלהים,subs,,D:Elohim,Torah
100772,1419651,446352,Deuteronomy,12,21,יהוה,nmpr,pers,E:YHWH,Torah
100773,1419651,446352,Deuteronomy,12,21,אלהים,subs,,D:Elohim,Torah
100787,1419651,446355,Deuteronomy,12,21,יהוה,nmpr,pers,E:YHWH,Torah
100865,1419655,446371,Deuteronomy,12,25,יהוה,nmpr,pers,E:YHWH,Torah
100876,1419656,446374,Deuteronomy,12,26,אל,prep,,C:divine-title-candidate,Torah
100881,1419656,446375,Deuteronomy,12,26,יהוה,nmpr,pers,E:YHWH,Torah
100892,1419657,446376,Deuteronomy,12,27,יהוה,nmpr,pers,E:YHWH,Torah
100893,1419657,446376,Deuteronomy,12,27,אלהים,subs,,D:Elohim,Torah
100900,1419657,446377,Deuteronomy,12,27,יהוה,nmpr,pers,E:YHWH,Torah
100901,1419657,446377,Deuteronomy,12,27,אלהים,subs,,D:Elohim,Torah
100936,1419658,446385,Deuteronomy,12,28,יהוה,nmpr,pers,E:YHWH,Torah
100937,1419658,446385,Deuteronomy,12,28,אלהים,subs,,D:Elohim,Torah
100940,1419659,446386,Deuteronomy,12,29,יהוה,nmpr,pers,E:YHWH,Torah
100941,1419659,446386,Deuteronomy,12,29,אלהים,subs,,D:Elohim,Torah
100974,1419660,446394,Deuteronomy,12,30,אלהים,subs,,D:Elohim,Torah
100984,1419660,446396,Deuteronomy,12,30,אלהים,subs,,D:Elohim,Torah
100994,1419661,446398,Deuteronomy,12,31,יהוה,nmpr,pers,E:YHWH,Torah
100995,1419661,446398,Deuteronomy,12,31,אלהים,subs,,D:Elohim,Torah
100999,1419661,446399,Deuteronomy,12,31,יהוה,nmpr,pers,E:YHWH,Torah
101004,1419661,446399,Deuteronomy,12,31,אלהים,subs,,D:Elohim,Torah
101017,1419661,446401,Deuteronomy,12,31,אלהים,subs,,D:Elohim,Torah
101047,1419663,446409,Deuteronomy,13,2,אל,prep,,C:divine-title-candidate,Torah
101060,1419664,446411,Deuteronomy,13,3,אל,prep,,C:divine-title-candidate,Torah
101065,1419664,446413,Deuteronomy,13,3,אלהים,subs,,D:Elohim,Torah
101074,1419665,446416,Deuteronomy,13,4,אל,prep,,C:divine-title-candidate,Torah
101081,1419665,446416,Deuteronomy,13,4,אל,prep,,C:divine-title-candidate,Torah
101089,1419665,446417,Deuteronomy,13,4,יהוה,nmpr,pers,E:YHWH,Torah
101090,1419665,446417,Deuteronomy,13,4,אלהים,subs,,D:Elohim,Torah
101098,1419665,446419,Deuteronomy,13,4,יהוה,nmpr,pers,E:YHWH,Torah
101099,1419665,446419,Deuteronomy,13,4,אלהים,subs,,D:Elohim,Torah
101108,1419666,446420,Deuteronomy,13,5,יהוה,nmpr,pers,E:YHWH,Torah
101109,1419666,446420,Deuteronomy,13,5,אלהים,subs,,D:Elohim,Torah
101144,1419667,446427,Deuteronomy,13,6,יהוה,nmpr,pers,E:YHWH,Torah
101145,1419667,446427,Deuteronomy,13,6,אלהים,subs,,D:Elohim,Torah
101151,1419667,446428,Deuteronomy,13,6,מצרים,nmpr,topo,F:unclassified-name,Torah
101165,1419667,446431,Deuteronomy,13,6,יהוה,nmpr,pers,E:YHWH,Torah
101166,1419667,446431,Deuteronomy,13,6,אלהים,subs,,D:Elohim,Torah
101201,1419668,446438,Deuteronomy,13,7,אלהים,subs,,D:Elohim,Torah
101210,1419669,446438,Deuteronomy,13,8,אלהים,subs,,D:Elohim,Torah
101217,1419669,446441,Deuteronomy,13,8,אל,prep,,C:divine-title-candidate,Torah
101237,1419670,446444,Deuteronomy,13,9,אל,prep,,C:divine-title-candidate,Torah
101282,1419672,446455,Deuteronomy,13,11,יהוה,nmpr,pers,E:YHWH,Torah
101283,1419672,446455,Deuteronomy,13,11,אלהים,subs,,D:Elohim,Torah
101288,1419672,446456,Deuteronomy,13,11,מצרים,nmpr,topo,F:unclassified-name,Torah
101294,1419673,446457,Deuteronomy,13,12,ישראל,nmpr,"pers,gens,topo",F:unclassified-name,Torah
101318,1419674,446462,Deuteronomy,13,13,יהוה,nmpr,pers,E:YHWH,Torah
101319,1419674,446462,Deuteronomy,13,13,אלהים,subs,,D:Elohim,Torah
101343,1419675,446469,Deuteronomy,13,14,אלהים,subs,,D:Elohim,Torah
101397,1419678,446480,Deuteronomy,13,17,אל,prep,,C:divine-title-candidate,Torah
101414,1419678,446481,Deuteronomy,13,17,יהוה,nmpr,pers,E:YHWH,Torah
101415,1419678,446481,Deuteronomy,13,17,אלהים,subs,,D:Elohim,Torah
101434,1419679,446485,Deuteronomy,13,18,יהוה,nmpr,pers,E:YHWH,Torah
101455,1419680,446490,Deuteronomy,13,19,יהוה,nmpr,pers,E:YHWH,Torah
101456,1419680,446490,Deuteronomy,13,19,אלהים,subs,,D:Elohim,Torah
101473,1419680,446494,Deuteronomy,13,19,יהוה,nmpr,pers,E:YHWH,Torah
101474,1419680,446494,Deuteronomy,13,19,אלהים,subs,,D:Elohim,Torah
101478,1419681,446495,Deuteronomy,14,1,יהוה,nmpr,pers,E:YHWH,Torah
101479,1419681,446495,Deuteronomy,14,1,אלהים,subs,,D:Elohim,Torah
101495,1419682,446498,Deuteronomy,14,2,יהוה,nmpr,pers,E:YHWH,Torah
101496,1419682,446498,Deuteronomy,14,2,אלהים,subs,,D:Elohim,Torah
101500,1419682,446499,Deuteronomy,14,2,יהוה,nmpr,pers,E:YHWH,Torah
101777,1419701,446549,Deuteronomy,14,21,יהוה,nmpr,pers,E:YHWH,Torah
101778,1419701,446549,Deuteronomy,14,21,אלהים,subs,,D:Elohim,Torah
101801,1419703,446553,Deuteronomy,14,23,יהוה,nmpr,pers,E:YHWH,Torah
101802,1419703,446553,Deuteronomy,14,23,אלהים,subs,,D:Elohim,Torah
101827,1419703,446557,Deuteronomy,14,23,יהוה,nmpr,pers,E:YHWH,Torah
101828,1419703,446557,Deuteronomy,14,23,אלהים,subs,,D:Elohim,Torah
101849,1419704,446562,Deuteronomy,14,24,יהוה,nmpr,pers,E:YHWH,Torah
101850,1419704,446562,Deuteronomy,14,24,אלהים,subs,,D:Elohim,Torah
101857,1419704,446564,Deuteronomy,14,24,יהוה,nmpr,pers,E:YHWH,Torah
101858,1419704,446564,Deuteronomy,14,24,אלהים,subs,,D:Elohim,Torah
101872,1419705,446567,Deuteronomy,14,25,אל,prep,,C:divine-title-candidate,Torah
101877,1419705,446568,Deuteronomy,14,25,יהוה,nmpr,pers,E:YHWH,Torah
101878,1419705,446568,Deuteronomy,14,25,אלהים,subs,,D:Elohim,Torah
101915,1419706,446572,Deuteronomy,14,26,יהוה,nmpr,pers,E:YHWH,Torah
101916,1419706,446572,Deuteronomy,14,26,אלהים,subs,,D:Elohim,Torah
101984,1419709,446585,Deuteronomy,14,29,יהוה,nmpr,pers,E:YHWH,Torah
101985,1419709,446585,Deuteronomy,14,29,אלהים,subs,,D:Elohim,Torah
102005,1419711,446589,Deuteronomy,15,2,בעל,subs,,B:deity-candidate,Torah
102006,1419711,446589,Deuteronomy,15,2,משה,subs,,A:person-candidate,Torah
102023,1419711,446592,Deuteronomy,15,2,יהוה,nmpr,pers,E:YHWH,Torah
102045,1419713,446597,Deuteronomy,15,4,יהוה,nmpr,pers,E:YHWH,Torah
102050,1419713,446598,Deuteronomy,15,4,יהוה,nmpr,pers,E:YHWH,Torah
102051,1419713,446598,Deuteronomy,15,4,אלהים,subs,,D:Elohim,Torah
102063,1419714,446601,Deuteronomy,15,5,יהוה,nmpr,pers,E:YHWH,Torah
102064,1419714,446601,Deuteronomy,15,5,אלהים,subs,,D:Elohim,Torah
102081,1419715,446605,Deuteronomy,15,6,יהוה,nmpr,pers,E:YHWH,Torah
102082,1419715,446605,Deuteronomy,15,6,אלהים,subs,,D:Elohim,Torah
102118,1419716,446612,Deuteronomy,15,7,יהוה,nmpr,pers,E:YHWH,Torah
102119,1419716,446612,Deuteronomy,15,7,אלהים,subs,,D:Elohim,Torah
102180,1419718,446624,Deuteronomy,15,9,אל,prep,,C:divine-title-candidate,Torah
102181,1419718,446624,Deuteronomy,15,9,יהוה,nmpr,pers,E:YHWH,Torah
102204,1419719,446629,Deuteronomy,15,10,יהוה,nmpr,pers,E:YHWH,Torah
102205,1419719,446629,Deuteronomy,15,10,אלהים,subs,,D:Elohim,Torah
102286,1419723,446640,Deuteronomy,15,14,יהוה,nmpr,pers,E:YHWH,Torah
102287,1419723,446640,Deuteronomy,15,14,אלהים,subs,,D:Elohim,Torah
102297,1419724,446643,Deuteronomy,15,15,מצרים,nmpr,topo,F:unclassified-name,Torah
102300,1419724,446644,Deuteronomy,15,15,יהוה,nmpr,pers,E:YHWH,Torah
102301,1419724,446644,Deuteronomy,15,15,אלהים,subs,,D:Elohim,Torah
102317,1419725,446647,Deuteronomy,15,16,אל,prep,,C:divine-title-candidate,Torah
102374,1419727,446659,Deuteronomy,15,18,יהוה,nmpr,pers,E:YHWH,Torah
102375,1419727,446659,Deuteronomy,15,18,אלהים,subs,,D:Elohim,Torah
102394,1419728,446663,Deuteronomy,15,19,יהוה,nmpr,pers,E:YHWH,Torah
102395,1419728,446663,Deuteronomy,15,19,אלהים,subs,,D:Elohim,Torah
102408,1419729,446666,Deuteronomy,15,20,יהוה,nmpr,pers,E:YHWH,Torah
102409,1419729,446666,Deuteronomy,15,20,אלהים,subs,,D:Elohim,Torah
102419,1419729,446667,Deuteronomy,15,20,יהוה,nmpr,pers,E:YHWH,Torah
102437,1419730,446669,Deuteronomy,15,21,יהוה,nmpr,pers,E:YHWH,Torah
102438,1419730,446669,Deuteronomy,15,21,אלהים,subs,,D:Elohim,Torah
102476,1419733,446675,Deuteronomy,16,1,יהוה,nmpr,pers,E:YHWH,Torah
102477,1419733,446675,Deuteronomy,16,1,אלהים,subs,,D:Elohim,Torah
102484,1419733,446676,Deuteronomy,16,1,יהוה,nmpr,pers,E:YHWH,Torah
102485,1419733,446676,Deuteronomy,16,1,אלהים,subs,,D:Elohim,Torah
102487,1419733,446676,Deuteronomy,16,1,מצרים,nmpr,topo,F:unclassified-name,Torah
102493,1419734,446677,Deuteronomy,16,2,יהוה,nmpr,pers,E:YHWH,Torah
102494,1419734,446677,Deuteronomy,16,2,אלהים,subs,,D:Elohim,Torah
102503,1419734,446678,Deuteronomy,16,2,יהוה,nmpr,pers,E:YHWH,Torah
102525,1419735,446682,Deuteronomy,16,3,מצרים,nmpr,topo,F:unclassified-name,Torah
102533,1419735,446684,Deuteronomy,16,3,מצרים,nmpr,topo,F:unclassified-name,Torah
102577,1419737,446690,Deuteronomy,16,5,יהוה,nmpr,pers,E:YHWH,Torah
102578,1419737,446690,Deuteronomy,16,5,אלהים,subs,,D:Elohim,Torah
102583,1419738,446691,Deuteronomy,16,6,אל,prep,,C:divine-title-candidate,Torah
102588,1419738,446692,Deuteronomy,16,6,יהוה,nmpr,pers,E:YHWH,Torah
102589,1419738,446692,Deuteronomy,16,6,אלהים,subs,,D:Elohim,Torah
102608,1419738,446695,Deuteronomy,16,6,מצרים,nmpr,topo,F:unclassified-name,Torah
102618,1419739,446698,Deuteronomy,16,7,יהוה,nmpr,pers,E:YHWH,Torah
102619,1419739,446698,Deuteronomy,16,7,אלהים,subs,,D:Elohim,Torah
102642,1419740,446702,Deuteronomy,16,8,יהוה,nmpr,pers,E:YHWH,Torah
102643,1419740,446702,Deuteronomy,16,8,אלהים,subs,,D:Elohim,Torah
102667,1419742,446708,Deuteronomy,16,10,יהוה,nmpr,pers,E:YHWH,Torah
102668,1419742,446708,Deuteronomy,16,10,אלהים,subs,,D:Elohim,Torah
102677,1419742,446710,Deuteronomy,16,10,יהוה,nmpr,pers,E:YHWH,Torah
102678,1419742,446710,Deuteronomy,16,10,אלהים,subs,,D:Elohim,Torah
102683,1419743,446711,Deuteronomy,16,11,יהוה,nmpr,pers,E:YHWH,Torah
102684,1419743,446711,Deuteronomy,16,11,אלהים,subs,,D:Elohim,Torah
102717,1419743,446714,Deuteronomy,16,11,יהוה,nmpr,pers,E:YHWH,Torah
102718,1419743,446714,Deuteronomy,16,11,אלהים,subs,,D:Elohim,Torah
102729,1419744,446717,Deuteronomy,16,12,מצרים,nmpr,topo,F:unclassified-name,Torah
102785,1419747,446724,Deuteronomy,16,15,יהוה,nmpr,pers,E:YHWH,Torah
102786,1419747,446724,Deuteronomy,16,15,אלהים,subs,,D:Elohim,Torah
102792,1419747,446725,Deuteronomy,16,15,יהוה,nmpr,pers,E:YHWH,Torah
102795,1419747,446726,Deuteronomy,16,15,יהוה,nmpr,pers,E:YHWH,Torah
102796,1419747,446726,Deuteronomy,16,15,אלהים,subs,,D:Elohim,Torah
102819,1419748,446728,Deuteronomy,16,16,יהוה,nmpr,pers,E:YHWH,Torah
102820,1419748,446728,Deuteronomy,16,16,אלהים,subs,,D:Elohim,Torah
102845,1419748,446730,Deuteronomy,16,16,יהוה,nmpr,pers,E:YHWH,Torah
102853,1419749,446731,Deuteronomy,16,17,יהוה,nmpr,pers,E:YHWH,Torah
102854,1419749,446731,Deuteronomy,16,17,אלהים,subs,,D:Elohim,Torah
102867,1419750,446734,Deuteronomy,16,18,יהוה,nmpr,pers,E:YHWH,Torah
102868,1419750,446734,Deuteronomy,16,18,אלהים,subs,,D:Elohim,Torah
102911,1419752,446744,Deuteronomy,16,20,יהוה,nmpr,pers,E:YHWH,Torah
102912,1419752,446744,Deuteronomy,16,20,אלהים,subs,,D:Elohim,Torah
102923,1419753,446745,Deuteronomy,16,21,יהוה,nmpr,pers,E:YHWH,Torah
102924,1419753,446745,Deuteronomy,16,21,אלהים,subs,,D:Elohim,Torah
102935,1419754,446748,Deuteronomy,16,22,יהוה,nmpr,pers,E:YHWH,Torah
102936,1419754,446748,Deuteronomy,16,22,אלהים,subs,,D:Elohim,Torah
102940,1419755,446749,Deuteronomy,17,1,יהוה,nmpr,pers,E:YHWH,Torah
102941,1419755,446749,Deuteronomy,17,1,אלהים,subs,,D:Elohim,Torah
102954,1419755,446751,Deuteronomy,17,1,יהוה,nmpr,pers,E:YHWH,Torah
102955,1419755,446751,Deuteronomy,17,1,אלהים,subs,,D:Elohim,Torah
102965,1419756,446753,Deuteronomy,17,2,יהוה,nmpr,pers,E:YHWH,Torah
102966,1419756,446753,Deuteronomy,17,2,אלהים,subs,,D:Elohim,Torah
102979,1419756,446755,Deuteronomy,17,2,יהוה,nmpr,pers,E:YHWH,Torah
102980,1419756,446755,Deuteronomy,17,2,אלהים,subs,,D:Elohim,Torah
102988,1419757,446758,Deuteronomy,17,3,אלהים,subs,,D:Elohim,Torah
103030,1419758,446766,Deuteronomy,17,4,ישראל,nmpr,"pers,gens,topo",F:unclassified-name,Torah
103053,1419759,446767,Deuteronomy,17,5,אל,prep,,C:divine-title-candidate,Torah
103137,1419762,446781,Deuteronomy,17,8,אל,prep,,C:divine-title-candidate,Torah
103142,1419762,446782,Deuteronomy,17,8,יהוה,nmpr,pers,E:YHWH,Torah
103143,1419762,446782,Deuteronomy,17,8,אלהים,subs,,D:Elohim,Torah
103147,1419763,446783,Deuteronomy,17,9,אל,prep,,C:divine-title-candidate,Torah
103153,1419763,446783,Deuteronomy,17,9,אל,prep,,C:divine-title-candidate,Torah
103188,1419764,446789,Deuteronomy,17,10,יהוה,nmpr,pers,E:YHWH,Torah
103232,1419766,446800,Deuteronomy,17,12,אל,prep,,C:divine-title-candidate,Torah
103241,1419766,446802,Deuteronomy,17,12,יהוה,nmpr,pers,E:YHWH,Torah
103242,1419766,446802,Deuteronomy,17,12,אלהים,subs,,D:Elohim,Torah
103244,1419766,446800,Deuteronomy,17,12,אל,prep,,C:divine-title-candidate,Torah
103258,1419766,446804,Deuteronomy,17,12,ישראל,nmpr,"pers,gens,topo",F:unclassified-name,Torah
103272,1419768,446808,Deuteronomy,17,14,אל,prep,,C:divine-title-candidate,Torah
103276,1419768,446809,Deuteronomy,17,14,יהוה,nmpr,pers,E:YHWH,Torah
103277,1419768,446809,Deuteronomy,17,14,אלהים,subs,,D:Elohim,Torah
103289,1419768,446813,Deuteronomy,17,14,מלך,subs,,B:deity-candidate,Torah
103299,1419769,446815,Deuteronomy,17,15,מלך,subs,,B:deity-candidate,Torah
103302,1419769,446816,Deuteronomy,17,15,יהוה,nmpr,pers,E:YHWH,Torah
103303,1419769,446816,Deuteronomy,17,15,אלהים,subs,,D:Elohim,Torah
103310,1419769,446817,Deuteronomy,17,15,מלך,subs,,B:deity-candidate,Torah
103333,1419770,446822,Deuteronomy,17,16,מצרים,nmpr,topo,F:unclassified-name,Torah
103338,1419770,446824,Deuteronomy,17,16,יהוה,nmpr,pers,E:YHWH,Torah
103407,1419773,446836,Deuteronomy,17,19,יהוה,nmpr,pers,E:YHWH,Torah
103408,1419773,446836,Deuteronomy,17,19,אלהים,subs,,D:Elohim,Torah
103452,1419774,446841,Deuteronomy,17,20,ישראל,nmpr,"pers,gens,topo",F:unclassified-name,Torah
103462,1419775,446842,Deuteronomy,18,1,לוי,nmpr,"pers,gens",F:unclassified-name,Torah
103467,1419775,446842,Deuteronomy,18,1,ישראל,nmpr,"pers,gens,topo",F:unclassified-name,Torah
103469,1419775,446843,Deuteronomy,18,1,יהוה,nmpr,pers,E:YHWH,Torah
103481,1419776,446845,Deuteronomy,18,2,יהוה,nmpr,pers,E:YHWH,Torah
103534,1419779,446853,Deuteronomy,18,5,יהוה,nmpr,pers,E:YHWH,Torah
103535,1419779,446853,Deuteronomy,18,5,אלהים,subs,,D:Elohim,Torah
103545,1419779,446855,Deuteronomy,18,5,יהוה,nmpr,pers,E:YHWH,Torah
103562,1419780,446856,Deuteronomy,18,6,ישראל,nmpr,"pers,gens,topo",F:unclassified-name,Torah
103573,1419780,446858,Deuteronomy,18,6,אל,prep,,C:divine-title-candidate,Torah
103578,1419780,446859,Deuteronomy,18,6,יהוה,nmpr,pers,E:YHWH,Torah
103583,1419781,446860,Deuteronomy,18,7,יהוה,nmpr,pers,E:YHWH,Torah
103584,1419781,446860,Deuteronomy,18,7,אלהים,subs,,D:Elohim,Torah
103595,1419781,446861,Deuteronomy,18,7,יהוה,nmpr,pers,E:YHWH,Torah
103609,1419783,446863,Deuteronomy,18,9,אל,prep,,C:divine-title-candidate,Torah
103613,1419783,446864,Deuteronomy,18,9,יהוה,nmpr,pers,E:YHWH,Torah
103614,1419783,446864,Deuteronomy,18,9,אלהים,subs,,D:Elohim,Torah
103654,1419785,446873,Deuteronomy,18,11,אל,prep,,C:divine-title-candidate,Torah
103659,1419786,446874,Deuteronomy,18,12,יהוה,nmpr,pers,E:YHWH,Torah
103670,1419786,446876,Deuteronomy,18,12,יהוה,nmpr,pers,E:YHWH,Torah
103671,1419786,446876,Deuteronomy,18,12,אלהים,subs,,D:Elohim,Torah
103679,1419787,446877,Deuteronomy,18,13,יהוה,nmpr,pers,E:YHWH,Torah
103680,1419787,446877,Deuteronomy,18,13,אלהים,subs,,D:Elohim,Torah
103690,1419788,446878,Deuteronomy,18,14,אל,prep,,C:divine-title-candidate,Torah
103693,1419788,446878,Deuteronomy,18,14,אל,prep,,C:divine-title-candidate,Torah
103702,1419788,446881,Deuteronomy,18,14,יהוה,nmpr,pers,E:YHWH,Torah
103703,1419788,446881,Deuteronomy,18,14,אלהים,subs,,D:Elohim,Torah
103712,1419789,446882,Deuteronomy,18,15,יהוה,nmpr,pers,E:YHWH,Torah
103713,1419789,446882,Deuteronomy,18,15,אלהים,subs,,D:Elohim,Torah
103714,1419789,446883,Deuteronomy,18,15,אל,prep,,C:divine-title-candidate,Torah
103722,1419790,446885,Deuteronomy,18,16,יהוה,nmpr,pers,E:YHWH,Torah
103723,1419790,446885,Deuteronomy,18,16,אלהים,subs,,D:Elohim,Torah
103725,1419790,446885,Deuteronomy,18,16,חרב,nmpr,topo,F:unclassified-name,Torah
103738,1419790,446888,Deuteronomy,18,16,יהוה,nmpr,pers,E:YHWH,Torah
103739,1419790,446888,Deuteronomy,18,16,אלהים,subs,,D:Elohim,Torah
103756,1419791,446891,Deuteronomy,18,17,יהוה,nmpr,pers,E:YHWH,Torah
103757,1419791,446891,Deuteronomy,18,17,אל,prep,,C:divine-title-candidate,Torah
103775,1419792,446896,Deuteronomy,18,18,אל,prep,,C:divine-title-candidate,Torah
103787,1419793,446900,Deuteronomy,18,19,אל,prep,,C:divine-title-candidate,Torah
103818,1419794,446908,Deuteronomy,18,20,אלהים,subs,,D:Elohim,Torah
103839,1419795,446912,Deuteronomy,18,21,יהוה,nmpr,pers,E:YHWH,Torah
103846,1419796,446913,Deuteronomy,18,22,יהוה,nmpr,pers,E:YHWH,Torah
103861,1419796,446917,Deuteronomy,18,22,יהוה,nmpr,pers,E:YHWH,Torah
103872,1419797,446920,Deuteronomy,19,1,יהוה,nmpr,pers,E:YHWH,Torah
103873,1419797,446920,Deuteronomy,19,1,אלהים,subs,,D:Elohim,Torah
103878,1419797,446921,Deuteronomy,19,1,יהוה,nmpr,pers,E:YHWH,Torah
103879,1419797,446921,Deuteronomy,19,1,אלהים,subs,,D:Elohim,Torah
103901,1419798,446925,Deuteronomy,19,2,יהוה,nmpr,pers,E:YHWH,Torah
103902,1419798,446925,Deuteronomy,19,2,אלהים,subs,,D:Elohim,Torah
103918,1419799,446929,Deuteronomy,19,3,יהוה,nmpr,pers,E:YHWH,Torah
103919,1419799,446929,Deuteronomy,19,3,אלהים,subs,,D:Elohim,Torah
103988,1419801,446944,Deuteronomy,19,5,אל,prep,,C:divine-title-candidate,Torah
104042,1419804,446956,Deuteronomy,19,8,יהוה,nmpr,pers,E:YHWH,Torah
104043,1419804,446956,Deuteronomy,19,8,אלהים,subs,,D:Elohim,Torah
104082,1419805,446964,Deuteronomy,19,9,יהוה,nmpr,pers,E:YHWH,Torah
104083,1419805,446964,Deuteronomy,19,9,אלהים,subs,,D:Elohim,Torah
104112,1419806,446968,Deuteronomy,19,10,יהוה,nmpr,pers,E:YHWH,Torah
104113,1419806,446968,Deuteronomy,19,10,אלהים,subs,,D:Elohim,Torah
104141,1419807,446976,Deuteronomy,19,11,אל,prep,,C:divine-title-candidate,Torah
104146,1419807,446976,Deuteronomy,19,11,אל,prde,,C:divine-title-candidate,Torah
104176,1419809,446982,Deuteronomy,19,13,ישראל,nmpr,"pers,gens,topo",F:unclassified-name,Torah
104195,1419810,446987,Deuteronomy,19,14,יהוה,nmpr,pers,E:YHWH,Torah
104196,1419810,446987,Deuteronomy,19,14,אלהים,subs,,D:Elohim,Torah
104251,1419813,446995,Deuteronomy,19,17,יהוה,nmpr,pers,E:YHWH,Torah
104356,1419818,447019,Deuteronomy,20,1,יהוה,nmpr,pers,E:YHWH,Torah
104357,1419818,447019,Deuteronomy,20,1,אלהים,subs,,D:Elohim,Torah
104363,1419818,447020,Deuteronomy,20,1,מצרים,nmpr,topo,F:unclassified-name,Torah
104368,1419819,447022,Deuteronomy,20,2,אל,prep,,C:divine-title-candidate,Torah
104377,1419819,447024,Deuteronomy,20,2,אל,prep,,C:divine-title-candidate,Torah
104382,1419820,447025,Deuteronomy,20,3,אל,prep,,C:divine-title-candidate,Torah
104384,1419820,447027,Deuteronomy,20,3,ישראל,nmpr,"pers,gens,topo",F:unclassified-name,Torah
104394,1419820,447029,Deuteronomy,20,3,אל,nega,,C:divine-title-candidate,Torah
104397,1419820,447030,Deuteronomy,20,3,אל,nega,,C:divine-title-candidate,Torah
104400,1419820,447031,Deuteronomy,20,3,אל,nega,,C:divine-title-candidate,Torah
104403,1419820,447032,Deuteronomy,20,3,אל,nega,,C:divine-title-candidate,Torah
104408,1419821,447033,Deuteronomy,20,4,יהוה,nmpr,pers,E:YHWH,Torah
104409,1419821,447033,Deuteronomy,20,4,אלהים,subs,,D:Elohim,Torah
104425,1419822,447037,Deuteronomy,20,5,אל,prep,,C:divine-title-candidate,Torah
104508,1419825,447061,Deuteronomy,20,8,אל,prep,,C:divine-title-candidate,Torah
104543,1419826,447069,Deuteronomy,20,9,אל,prep,,C:divine-title-candidate,Torah
104556,1419827,447071,Deuteronomy,20,10,אל,prep,,C:divine-title-candidate,Torah
104563,1419827,447073,Deuteronomy,20,10,אל,prep,,C:divine-title-candidate,Torah
104602,1419830,447084,Deuteronomy,20,13,יהוה,nmpr,pers,E:YHWH,Torah
104603,1419830,447084,Deuteronomy,20,13,אלהים,subs,,D:Elohim,Torah
104641,1419831,447089,Deuteronomy,20,14,יהוה,nmpr,pers,E:YHWH,Torah
104642,1419831,447089,Deuteronomy,20,14,אלהים,subs,,D:Elohim,Torah
104671,1419833,447094,Deuteronomy,20,16,יהוה,nmpr,pers,E:YHWH,Torah
104672,1419833,447094,Deuteronomy,20,16,אלהים,subs,,D:Elohim,Torah
104701,1419834,447096,Deuteronomy,20,17,יהוה,nmpr,pers,E:YHWH,Torah
104702,1419834,447096,Deuteronomy,20,17,אלהים,subs,,D:Elohim,Torah
104716,1419835,447099,Deuteronomy,20,18,אלהים,subs,,D:Elohim,Torah
104720,1419835,447100,Deuteronomy,20,18,יהוה,nmpr,pers,E:YHWH,Torah
104721,1419835,447100,Deuteronomy,20,18,אלהים,subs,,D:Elohim,Torah
104724,1419836,447101,Deuteronomy,20,19,אל,prep,,C:divine-title-candidate,Torah
104794,1419838,447119,Deuteronomy,21,1,יהוה,nmpr,pers,E:YHWH,Torah
104795,1419838,447119,Deuteronomy,21,1,אלהים,subs,,D:Elohim,Torah
104815,1419839,447125,Deuteronomy,21,2,אל,prep,,C:divine-title-candidate,Torah
104828,1419840,447129,Deuteronomy,21,3,אל,prep,,C:divine-title-candidate,Torah
104859,1419841,447133,Deuteronomy,21,4,אל,prep,,C:divine-title-candidate,Torah
104883,1419842,447137,Deuteronomy,21,5,לוי,nmpr,"pers,gens",F:unclassified-name,Torah
104887,1419842,447138,Deuteronomy,21,5,יהוה,nmpr,pers,E:YHWH,Torah
104888,1419842,447138,Deuteronomy,21,5,אלהים,subs,,D:Elohim,Torah
104896,1419842,447140,Deuteronomy,21,5,יהוה,nmpr,pers,E:YHWH,Torah
104915,1419843,447143,Deuteronomy,21,6,אל,prep,,C:divine-title-candidate,Torah
104948,1419845,447149,Deuteronomy,21,8,ישראל,nmpr,"pers,gens,topo",F:unclassified-name,Torah
104951,1419845,447151,Deuteronomy,21,8,יהוה,nmpr,pers,E:YHWH,Torah
104953,1419845,447152,Deuteronomy,21,8,אל,nega,,C:divine-title-candidate,Torah
104960,1419845,447152,Deuteronomy,21,8,ישראל,nmpr,"pers,gens,topo",F:unclassified-name,Torah
104981,1419846,447156,Deuteronomy,21,9,יהוה,nmpr,pers,E:YHWH,Torah
104991,1419847,447158,Deuteronomy,21,10,יהוה,nmpr,pers,E:YHWH,Torah
104992,1419847,447158,Deuteronomy,21,10,אלהים,subs,,D:Elohim,Torah
105016,1419849,447163,Deuteronomy,21,12,אל,prep,,C:divine-title-candidate,Torah
105051,1419850,447169,Deuteronomy,21,13,אל,prep,,C:divine-title-candidate,Torah
105053,1419850,447170,Deuteronomy,21,13,בעל,verb,,B:deity-candidate,Torah
105188,1419855,447196,Deuteronomy,21,18,אל,prep,,C:divine-title-candidate,Torah
105198,1419856,447198,Deuteronomy,21,19,אל,prep,,C:divine-title-candidate,Torah
105202,1419856,447198,Deuteronomy,21,19,אל,prep,,C:divine-title-candidate,Torah
105207,1419857,447199,Deuteronomy,21,20,אל,prep,,C:divine-title-candidate,Torah
105240,1419858,447206,Deuteronomy,21,21,ישראל,nmpr,"pers,gens,topo",F:unclassified-name,Torah
105275,1419860,447213,Deuteronomy,21,23,אלהים,subs,,D:Elohim,Torah
105283,1419860,447215,Deuteronomy,21,23,יהוה,nmpr,pers,E:YHWH,Torah
105284,1419860,447215,Deuteronomy,21,23,אלהים,subs,,D:Elohim,Torah
105309,1419862,447220,Deuteronomy,22,2,אל,prep,,C:divine-title-candidate,Torah
105315,1419862,447222,Deuteronomy,22,2,אל,prep,,C:divine-title-candidate,Torah
105385,1419865,447239,Deuteronomy,22,5,יהוה,nmpr,pers,E:YHWH,Torah
105386,1419865,447239,Deuteronomy,22,5,אלהים,subs,,D:Elohim,Torah
105511,1419873,447262,Deuteronomy,22,13,אל,prep,,C:divine-title-candidate,Torah
105534,1419874,447268,Deuteronomy,22,14,אל,prep,,C:divine-title-candidate,Torah
105553,1419875,447271,Deuteronomy,22,15,אל,prep,,C:divine-title-candidate,Torah
105564,1419876,447272,Deuteronomy,22,16,אל,prep,,C:divine-title-candidate,Torah
105635,1419879,447285,Deuteronomy,22,19,ישראל,nmpr,"pers,gens,topo",F:unclassified-name,Torah
105666,1419881,447291,Deuteronomy,22,21,אל,prep,,C:divine-title-candidate,Torah
105683,1419881,447294,Deuteronomy,22,21,ישראל,nmpr,"pers,gens,topo",F:unclassified-name,Torah
105700,1419882,447298,Deuteronomy,22,22,בעל,verb,,B:deity-candidate,Torah
105701,1419882,447298,Deuteronomy,22,22,בעל,subs,,B:deity-candidate,Torah
105721,1419882,447302,Deuteronomy,22,22,ישראל,nmpr,"pers,gens,topo",F:unclassified-name,Torah
105742,1419884,447307,Deuteronomy,22,24,אל,prep,,C:divine-title-candidate,Torah
105917,1419891,447343,Deuteronomy,23,2,יהוה,nmpr,pers,E:YHWH,Torah
105923,1419892,447344,Deuteronomy,23,3,יהוה,nmpr,pers,E:YHWH,Torah
105932,1419892,447345,Deuteronomy,23,3,יהוה,nmpr,pers,E:YHWH,Torah
105940,1419893,447346,Deuteronomy,23,4,יהוה,nmpr,pers,E:YHWH,Torah
105949,1419893,447347,Deuteronomy,23,4,יהוה,nmpr,pers,E:YHWH,Torah
105971,1419894,447349,Deuteronomy,23,5,מצרים,nmpr,topo,F:unclassified-name,Torah
105977,1419894,447350,Deuteronomy,23,5,בלעם,nmpr,pers,A:person-candidate,Torah
105979,1419894,447350,Deuteronomy,23,5,בעור,nmpr,pers,A:person-candidate,Torah
105981,1419894,447350,Deuteronomy,23,5,פתור,nmpr,topo,F:unclassified-name,Torah
105982,1419894,447350,Deuteronomy,23,5,ארם,nmpr,topo,F:unclassified-name,Torah
105989,1419895,447352,Deuteronomy,23,6,יהוה,nmpr,pers,E:YHWH,Torah
105990,1419895,447352,Deuteronomy,23,6,אלהים,subs,,D:Elohim,Torah
105993,1419895,447353,Deuteronomy,23,6,אל,prep,,C:divine-title-candidate,Torah
105994,1419895,447353,Deuteronomy,23,6,בלעם,nmpr,pers,A:person-candidate,Torah
105997,1419895,447354,Deuteronomy,23,6,יהוה,nmpr,pers,E:YHWH,Torah
105998,1419895,447354,Deuteronomy,23,6,אלהים,subs,,D:Elohim,Torah
106007,1419895,447355,Deuteronomy,23,6,יהוה,nmpr,pers,E:YHWH,Torah
106008,1419895,447355,Deuteronomy,23,6,אלהים,subs,,D:Elohim,Torah
106042,1419898,447363,Deuteronomy,23,9,יהוה,nmpr,pers,E:YHWH,Torah
106067,1419900,447368,Deuteronomy,23,11,אל,prep,,C:divine-title-candidate,Torah
106075,1419900,447369,Deuteronomy,23,11,אל,prep,,C:divine-title-candidate,Torah
106094,1419901,447375,Deuteronomy,23,12,אל,prep,,C:divine-title-candidate,Torah
106132,1419904,447384,Deuteronomy,23,15,יהוה,nmpr,pers,E:YHWH,Torah
106133,1419904,447384,Deuteronomy,23,15,אלהים,subs,,D:Elohim,Torah
106163,1419905,447390,Deuteronomy,23,16,אל,prep,,C:divine-title-candidate,Torah
106167,1419905,447391,Deuteronomy,23,16,אל,prep,,C:divine-title-candidate,Torah
106194,1419907,447396,Deuteronomy,23,18,ישראל,nmpr,"pers,gens,topo",F:unclassified-name,Torah
106201,1419907,447397,Deuteronomy,23,18,ישראל,nmpr,"pers,gens,topo",F:unclassified-name,Torah
106210,1419908,447398,Deuteronomy,23,19,יהוה,nmpr,pers,E:YHWH,Torah
106211,1419908,447398,Deuteronomy,23,19,אלהים,subs,,D:Elohim,Torah
106217,1419908,447399,Deuteronomy,23,19,יהוה,nmpr,pers,E:YHWH,Torah
106218,1419908,447399,Deuteronomy,23,19,אלהים,subs,,D:Elohim,Torah
106245,1419910,447404,Deuteronomy,23,21,יהוה,nmpr,pers,E:YHWH,Torah
106246,1419910,447404,Deuteronomy,23,21,אלהים,subs,,D:Elohim,Torah
106264,1419911,447407,Deuteronomy,23,22,יהוה,nmpr,pers,E:YHWH,Torah
106265,1419911,447407,Deuteronomy,23,22,אלהים,subs,,D:Elohim,Torah
106273,1419911,447410,Deuteronomy,23,22,יהוה,nmpr,pers,E:YHWH,Torah
106274,1419911,447410,Deuteronomy,23,22,אלהים,subs,,D:Elohim,Torah
106299,1419913,447417,Deuteronomy,23,24,יהוה,nmpr,pers,E:YHWH,Torah
106300,1419913,447417,Deuteronomy,23,24,אלהים,subs,,D:Elohim,Torah
106318,1419914,447421,Deuteronomy,23,25,אל,prep,,C:divine-title-candidate,Torah
106344,1419916,447426,Deuteronomy,24,1,בעל,verb,,B:deity-candidate,Torah
106415,1419919,447442,Deuteronomy,24,4,בעל,subs,,B:deity-candidate,Torah
106437,1419919,447448,Deuteronomy,24,4,יהוה,nmpr,pers,E:YHWH,Torah
106445,1419919,447450,Deuteronomy,24,4,יהוה,nmpr,pers,E:YHWH,Torah
106446,1419919,447450,Deuteronomy,24,4,אלהים,subs,,D:Elohim,Torah
106497,1419922,447460,Deuteronomy,24,7,ישראל,nmpr,"pers,gens,topo",F:unclassified-name,Torah
106545,1419924,447473,Deuteronomy,24,9,יהוה,nmpr,pers,E:YHWH,Torah
106546,1419924,447473,Deuteronomy,24,9,אלהים,subs,,D:Elohim,Torah
106548,1419924,447473,Deuteronomy,24,9,מרים,nmpr,pers,A:person-candidate,Torah
106555,1419924,447474,Deuteronomy,24,9,מצרים,nmpr,topo,F:unclassified-name,Torah
106564,1419925,447476,Deuteronomy,24,10,אל,prep,,C:divine-title-candidate,Torah
106581,1419926,447479,Deuteronomy,24,11,אל,prep,,C:divine-title-candidate,Torah
106618,1419928,447487,Deuteronomy,24,13,יהוה,nmpr,pers,E:YHWH,Torah
106619,1419928,447487,Deuteronomy,24,13,אלהים,subs,,D:Elohim,Torah
106650,1419930,447493,Deuteronomy,24,15,אל,prep,,C:divine-title-candidate,Torah
106659,1419930,447494,Deuteronomy,24,15,אל,prep,,C:divine-title-candidate,Torah
106660,1419930,447494,Deuteronomy,24,15,יהוה,nmpr,pers,E:YHWH,Torah
106696,1419933,447503,Deuteronomy,24,18,מצרים,nmpr,topo,F:unclassified-name,Torah
106699,1419933,447504,Deuteronomy,24,18,יהוה,nmpr,pers,E:YHWH,Torah
106700,1419933,447504,Deuteronomy,24,18,אלהים,subs,,D:Elohim,Torah
106742,1419934,447512,Deuteronomy,24,19,יהוה,nmpr,pers,E:YHWH,Torah
106743,1419934,447512,Deuteronomy,24,19,אלהים,subs,,D:Elohim,Torah
106789,1419937,447520,Deuteronomy,24,22,מצרים,nmpr,topo,F:unclassified-name,Torah
106808,1419938,447524,Deuteronomy,25,1,אל,prep,,C:divine-title-candidate,Torah
106914,1419943,447549,Deuteronomy,25,6,ישראל,nmpr,"pers,gens,topo",F:unclassified-name,Torah
106930,1419944,447552,Deuteronomy,25,7,אל,prep,,C:divine-title-candidate,Torah
106943,1419944,447555,Deuteronomy,25,7,ישראל,nmpr,"pers,gens,topo",F:unclassified-name,Torah
106954,1419945,447559,Deuteronomy,25,8,אל,prep,,C:divine-title-candidate,Torah
106966,1419946,447564,Deuteronomy,25,9,אל,prep,,C:divine-title-candidate,Torah
107000,1419947,447571,Deuteronomy,25,10,ישראל,nmpr,"pers,gens,topo",F:unclassified-name,Torah
107079,1419952,447585,Deuteronomy,25,15,יהוה,nmpr,pers,E:YHWH,Torah
107080,1419952,447585,Deuteronomy,25,15,אלהים,subs,,D:Elohim,Torah
107085,1419953,447586,Deuteronomy,25,16,יהוה,nmpr,pers,E:YHWH,Torah
107086,1419953,447586,Deuteronomy,25,16,אלהים,subs,,D:Elohim,Torah
107098,1419954,447588,Deuteronomy,25,17,עמלק,nmpr,"pers,gens",F:unclassified-name,Torah
107105,1419954,447589,Deuteronomy,25,17,מצרים,nmpr,topo,F:unclassified-name,Torah
107126,1419955,447594,Deuteronomy,25,18,אלהים,subs,,D:Elohim,Torah
107131,1419956,447596,Deuteronomy,25,19,יהוה,nmpr,pers,E:YHWH,Torah
107132,1419956,447596,Deuteronomy,25,19,אלהים,subs,,D:Elohim,Torah
107143,1419956,447597,Deuteronomy,25,19,יהוה,nmpr,pers,E:YHWH,Torah
107144,1419956,447597,Deuteronomy,25,19,אלהים,subs,,D:Elohim,Torah
107153,1419956,447599,Deuteronomy,25,19,עמלק,nmpr,"pers,gens",F:unclassified-name,Torah
107164,1419957,447602,Deuteronomy,26,1,אל,prep,,C:divine-title-candidate,Torah
107168,1419957,447603,Deuteronomy,26,1,יהוה,nmpr,pers,E:YHWH,Torah
107169,1419957,447603,Deuteronomy,26,1,אלהים,subs,,D:Elohim,Torah
107191,1419958,447608,Deuteronomy,26,2,יהוה,nmpr,pers,E:YHWH,Torah
107192,1419958,447608,Deuteronomy,26,2,אלהים,subs,,D:Elohim,Torah
107202,1419958,447610,Deuteronomy,26,2,אל,prep,,C:divine-title-candidate,Torah
107207,1419958,447611,Deuteronomy,26,2,יהוה,nmpr,pers,E:YHWH,Torah
107208,1419958,447611,Deuteronomy,26,2,אלהים,subs,,D:Elohim,Torah
107215,1419959,447613,Deuteronomy,26,3,אל,prep,,C:divine-title-candidate,Torah
107227,1419959,447615,Deuteronomy,26,3,אל,prep,,C:divine-title-candidate,Torah
107232,1419959,447616,Deuteronomy,26,3,יהוה,nmpr,pers,E:YHWH,Torah
107233,1419959,447616,Deuteronomy,26,3,אלהים,subs,,D:Elohim,Torah
107236,1419959,447617,Deuteronomy,26,3,אל,prep,,C:divine-title-candidate,Torah
107241,1419959,447618,Deuteronomy,26,3,יהוה,nmpr,pers,E:YHWH,Torah
107260,1419960,447621,Deuteronomy,26,4,יהוה,nmpr,pers,E:YHWH,Torah
107261,1419960,447621,Deuteronomy,26,4,אלהים,subs,,D:Elohim,Torah
107268,1419961,447623,Deuteronomy,26,5,יהוה,nmpr,pers,E:YHWH,Torah
107269,1419961,447623,Deuteronomy,26,5,אלהים,subs,,D:Elohim,Torah
107275,1419961,447625,Deuteronomy,26,5,מצרים,nmpr,topo,F:unclassified-name,Torah
107305,1419963,447631,Deuteronomy,26,7,אל,prep,,C:divine-title-candidate,Torah
107306,1419963,447631,Deuteronomy,26,7,יהוה,nmpr,pers,E:YHWH,Torah
107307,1419963,447631,Deuteronomy,26,7,אלהים,subs,,D:Elohim,Torah
107311,1419963,447632,Deuteronomy,26,7,יהוה,nmpr,pers,E:YHWH,Torah
107326,1419964,447634,Deuteronomy,26,8,יהוה,nmpr,pers,E:YHWH,Torah
107328,1419964,447634,Deuteronomy,26,8,מצרים,nmpr,topo,F:unclassified-name,Torah
107348,1419965,447635,Deuteronomy,26,9,אל,prep,,C:divine-title-candidate,Torah
107378,1419966,447640,Deuteronomy,26,10,יהוה,nmpr,pers,E:YHWH,Torah
107383,1419966,447641,Deuteronomy,26,10,יהוה,nmpr,pers,E:YHWH,Torah
107384,1419966,447641,Deuteronomy,26,10,אלהים,subs,,D:Elohim,Torah
107389,1419966,447642,Deuteronomy,26,10,יהוה,nmpr,pers,E:YHWH,Torah
107390,1419966,447642,Deuteronomy,26,10,אלהים,subs,,D:Elohim,Torah
107400,1419967,447644,Deuteronomy,26,11,יהוה,nmpr,pers,E:YHWH,Torah
107401,1419967,447644,Deuteronomy,26,11,אלהים,subs,,D:Elohim,Torah
107456,1419969,447651,Deuteronomy,26,13,יהוה,nmpr,pers,E:YHWH,Torah
107457,1419969,447651,Deuteronomy,26,13,אלהים,subs,,D:Elohim,Torah
107513,1419970,447660,Deuteronomy,26,14,יהוה,nmpr,pers,E:YHWH,Torah
107514,1419970,447660,Deuteronomy,26,14,אלהים,subs,,D:Elohim,Torah
107532,1419971,447664,Deuteronomy,26,15,ישראל,nmpr,"pers,gens,topo",F:unclassified-name,Torah
107554,1419972,447667,Deuteronomy,26,16,יהוה,nmpr,pers,E:YHWH,Torah
107555,1419972,447667,Deuteronomy,26,16,אלהים,subs,,D:Elohim,Torah
107581,1419973,447671,Deuteronomy,26,17,יהוה,nmpr,pers,E:YHWH,Torah
107589,1419973,447672,Deuteronomy,26,17,אלהים,subs,,D:Elohim,Torah
107609,1419974,447676,Deuteronomy,26,18,יהוה,nmpr,pers,E:YHWH,Torah
107631,1419975,447680,Deuteronomy,26,19,עליון,adjv,,C:divine-title-candidate,Torah
107652,1419975,447683,Deuteronomy,26,19,יהוה,nmpr,pers,E:YHWH,Torah
107653,1419975,447683,Deuteronomy,26,19,אלהים,subs,,D:Elohim,Torah
107659,1419976,447685,Deuteronomy,27,1,משה,nmpr,pers,A:person-candidate,Torah
107662,1419976,447685,Deuteronomy,27,1,ישראל,nmpr,"pers,gens,topo",F:unclassified-name,Torah
107688,1419977,447690,Deuteronomy,27,2,ירדן,nmpr,topo,F:unclassified-name,Torah
107689,1419977,447690,Deuteronomy,27,2,אל,prep,,C:divine-title-candidate,Torah
107693,1419977,447691,Deuteronomy,27,2,יהוה,nmpr,pers,E:YHWH,Torah
107694,1419977,447691,Deuteronomy,27,2,אלהים,subs,,D:Elohim,Torah
107723,1419978,447696,Deuteronomy,27,3,אל,prep,,C:divine-title-candidate,Torah
107727,1419978,447697,Deuteronomy,27,3,יהוה,nmpr,pers,E:YHWH,Torah
107728,1419978,447697,Deuteronomy,27,3,אלהים,subs,,D:Elohim,Torah
107739,1419978,447698,Deuteronomy,27,3,יהוה,nmpr,pers,E:YHWH,Torah
107740,1419978,447698,Deuteronomy,27,3,אלהים,subs,,D:Elohim,Torah
107749,1419979,447700,Deuteronomy,27,4,ירדן,nmpr,topo,F:unclassified-name,Torah
107764,1419979,447701,Deuteronomy,27,4,עיבל,nmpr,topo,F:unclassified-name,Torah
107776,1419980,447704,Deuteronomy,27,5,יהוה,nmpr,pers,E:YHWH,Torah
107777,1419980,447704,Deuteronomy,27,5,אלהים,subs,,D:Elohim,Torah
107789,1419981,447707,Deuteronomy,27,6,יהוה,nmpr,pers,E:YHWH,Torah
107790,1419981,447707,Deuteronomy,27,6,אלהים,subs,,D:Elohim,Torah
107796,1419981,447708,Deuteronomy,27,6,יהוה,nmpr,pers,E:YHWH,Torah
107797,1419981,447708,Deuteronomy,27,6,אלהים,subs,,D:Elohim,Torah
107808,1419982,447711,Deuteronomy,27,7,יהוה,nmpr,pers,E:YHWH,Torah
107809,1419982,447711,Deuteronomy,27,7,אלהים,subs,,D:Elohim,Torah
107826,1419984,447714,Deuteronomy,27,9,משה,nmpr,pers,A:person-candidate,Torah
107832,1419984,447714,Deuteronomy,27,9,אל,prep,,C:divine-title-candidate,Torah
107834,1419984,447714,Deuteronomy,27,9,ישראל,nmpr,"pers,gens,topo",F:unclassified-name,Torah
107840,1419984,447718,Deuteronomy,27,9,ישראל,nmpr,"pers,gens,topo",F:unclassified-name,Torah
107849,1419984,447719,Deuteronomy,27,9,יהוה,nmpr,pers,E:YHWH,Torah
107850,1419984,447719,Deuteronomy,27,9,אלהים,subs,,D:Elohim,Torah
107855,1419985,447720,Deuteronomy,27,10,יהוה,nmpr,pers,E:YHWH,Torah
107856,1419985,447720,Deuteronomy,27,10,אלהים,subs,,D:Elohim,Torah
107871,1419986,447723,Deuteronomy,27,11,משה,nmpr,pers,A:person-candidate,Torah
107891,1419987,447725,Deuteronomy,27,12,גרזים,nmpr,topo,F:unclassified-name,Torah
107896,1419987,447727,Deuteronomy,27,12,ירדן,nmpr,topo,F:unclassified-name,Torah
107897,1419987,447728,Deuteronomy,27,12,שמעון,nmpr,"pers,gens,topo",F:unclassified-name,Torah
107899,1419987,447728,Deuteronomy,27,12,לוי,nmpr,"pers,gens",F:unclassified-name,Torah
107901,1419987,447728,Deuteronomy,27,12,יהודה,nmpr,"pers,gens,topo",F:unclassified-name,Torah
107903,1419987,447728,Deuteronomy,27,12,יששכר,nmpr,"pers,gens,topo",F:unclassified-name,Torah
107905,1419987,447728,Deuteronomy,27,12,יוסף,nmpr,pers,A:person-candidate,Torah
107907,1419987,447728,Deuteronomy,27,12,בנימן,nmpr,"pers,gens,topo",F:unclassified-name,Torah
107916,1419988,447729,Deuteronomy,27,13,עיבל,nmpr,topo,F:unclassified-name,Torah
107917,1419988,447730,Deuteronomy,27,13,ראובן,nmpr,"pers,gens,topo",F:unclassified-name,Torah
107918,1419988,447730,Deuteronomy,27,13,גד,nmpr,"pers,gens,topo",B:deity-candidate,Torah
107920,1419988,447730,Deuteronomy,27,13,אשר,nmpr,"pers,gens,topo",F:unclassified-name,Torah
107922,1419988,447730,Deuteronomy,27,13,זבולן,nmpr,"pers,gens,topo",F:unclassified-name,Torah
107923,1419988,447730,Deuteronomy,27,13,דן,nmpr,"pers,gens,topo",F:unclassified-name,Torah
107925,1419988,447730,Deuteronomy,27,13,נפתלי,nmpr,"pers,gens,topo",F:unclassified-name,Torah
107932,1419989,447732,Deuteronomy,27,14,אל,prep,,C:divine-title-candidate,Torah
107935,1419989,447732,Deuteronomy,27,14,ישראל,nmpr,"pers,gens,topo",F:unclassified-name,Torah
107947,1419990,447734,Deuteronomy,27,15,יהוה,nmpr,pers,E:YHWH,Torah
108113,1420002,447787,Deuteronomy,28,1,יהוה,nmpr,pers,E:YHWH,Torah
108114,1420002,447787,Deuteronomy,28,1,אלהים,subs,,D:Elohim,Torah
108129,1420002,447791,Deuteronomy,28,1,יהוה,nmpr,pers,E:YHWH,Torah
108130,1420002,447791,Deuteronomy,28,1,אלהים,subs,,D:Elohim,Torah
108131,1420002,447791,Deuteronomy,28,1,עליון,adjv,,C:divine-title-candidate,Torah
108151,1420003,447794,Deuteronomy,28,2,יהוה,nmpr,pers,E:YHWH,Torah
108152,1420003,447794,Deuteronomy,28,2,אלהים,subs,,D:Elohim,Torah
108176,1420005,447797,Deuteronomy,28,4,עשתרת,subs,,B:deity-candidate,Torah
108192,1420008,447803,Deuteronomy,28,7,יהוה,nmpr,pers,E:YHWH,Torah
108205,1420008,447806,Deuteronomy,28,7,אל,prep,,C:divine-title-candidate,Torah
108214,1420009,447808,Deuteronomy,28,8,יהוה,nmpr,pers,E:YHWH,Torah
108232,1420009,447810,Deuteronomy,28,8,יהוה,nmpr,pers,E:YHWH,Torah
108233,1420009,447810,Deuteronomy,28,8,אלהים,subs,,D:Elohim,Torah
108237,1420010,447811,Deuteronomy,28,9,יהוה,nmpr,pers,E:YHWH,Torah
108250,1420010,447813,Deuteronomy,28,9,יהוה,nmpr,pers,E:YHWH,Torah
108251,1420010,447813,Deuteronomy,28,9,אלהים,subs,,D:Elohim,Torah
108264,1420011,447816,Deuteronomy,28,10,יהוה,nmpr,pers,E:YHWH,Torah
108272,1420012,447818,Deuteronomy,28,11,יהוה,nmpr,pers,E:YHWH,Torah
108291,1420012,447819,Deuteronomy,28,11,יהוה,nmpr,pers,E:YHWH,Torah
108298,1420013,447821,Deuteronomy,28,12,יהוה,nmpr,pers,E:YHWH,Torah
108330,1420014,447826,Deuteronomy,28,13,יהוה,nmpr,pers,E:YHWH,Torah
108349,1420014,447830,Deuteronomy,28,13,אל,prep,,C:divine-title-candidate,Torah
108351,1420014,447830,Deuteronomy,28,13,יהוה,nmpr,pers,E:YHWH,Torah
108352,1420014,447830,Deuteronomy,28,13,אלהים,subs,,D:Elohim,Torah
108382,1420015,447836,Deuteronomy,28,14,אלהים,subs,,D:Elohim,Torah
108393,1420016,447839,Deuteronomy,28,15,יהוה,nmpr,pers,E:YHWH,Torah
108394,1420016,447839,Deuteronomy,28,15,אלהים,subs,,D:Elohim,Torah
108443,1420019,447848,Deuteronomy,28,18,עשתרת,subs,,B:deity-candidate,Torah
108455,1420021,447853,Deuteronomy,28,20,יהוה,nmpr,pers,E:YHWH,Torah
108486,1420022,447858,Deuteronomy,28,21,יהוה,nmpr,pers,E:YHWH,Torah
108505,1420023,447862,Deuteronomy,28,22,יהוה,nmpr,pers,E:YHWH,Torah
108551,1420025,447869,Deuteronomy,28,24,יהוה,nmpr,pers,E:YHWH,Torah
108566,1420026,447872,Deuteronomy,28,25,יהוה,nmpr,pers,E:YHWH,Torah
108575,1420026,447874,Deuteronomy,28,25,אל,prep,,C:divine-title-candidate,Torah
108611,1420028,447879,Deuteronomy,28,27,יהוה,nmpr,pers,E:YHWH,Torah
108614,1420028,447879,Deuteronomy,28,27,מצרים,nmpr,topo,F:unclassified-name,Torah
108633,1420029,447882,Deuteronomy,28,28,יהוה,nmpr,pers,E:YHWH,Torah
108728,1420033,447902,Deuteronomy,28,32,אל,prep,,C:divine-title-candidate,Torah
108735,1420033,447903,Deuteronomy,28,32,אל,subs,,C:divine-title-candidate,Torah
108765,1420036,447909,Deuteronomy,28,35,יהוה,nmpr,pers,E:YHWH,Torah
108788,1420037,447912,Deuteronomy,28,36,יהוה,nmpr,pers,E:YHWH,Torah
108792,1420037,447912,Deuteronomy,28,36,מלך,subs,,B:deity-candidate,Torah
108796,1420037,447912,Deuteronomy,28,36,אל,prep,,C:divine-title-candidate,Torah
108807,1420037,447915,Deuteronomy,28,36,אלהים,subs,,D:Elohim,Torah
108827,1420038,447917,Deuteronomy,28,37,יהוה,nmpr,pers,E:YHWH,Torah
108938,1420046,447944,Deuteronomy,28,45,יהוה,nmpr,pers,E:YHWH,Torah
108939,1420046,447944,Deuteronomy,28,45,אלהים,subs,,D:Elohim,Torah
108965,1420048,447949,Deuteronomy,28,47,יהוה,nmpr,pers,E:YHWH,Torah
108966,1420048,447949,Deuteronomy,28,47,אלהים,subs,,D:Elohim,Torah
108982,1420049,447951,Deuteronomy,28,48,יהוה,nmpr,pers,E:YHWH,Torah
109006,1420050,447954,Deuteronomy,28,49,יהוה,nmpr,pers,E:YHWH,Torah
109058,1420052,447962,Deuteronomy,28,51,עשתרת,subs,,B:deity-candidate,Torah
109095,1420053,447968,Deuteronomy,28,52,יהוה,nmpr,pers,E:YHWH,Torah
109096,1420053,447968,Deuteronomy,28,52,אלהים,subs,,D:Elohim,Torah
109109,1420054,447970,Deuteronomy,28,53,יהוה,nmpr,pers,E:YHWH,Torah
109110,1420054,447970,Deuteronomy,28,53,אלהים,subs,,D:Elohim,Torah
109265,1420059,447995,Deuteronomy,28,58,יהוה,nmpr,pers,E:YHWH,Torah
109266,1420059,447995,Deuteronomy,28,58,אלהים,subs,,D:Elohim,Torah
109269,1420060,447996,Deuteronomy,28,59,יהוה,nmpr,pers,E:YHWH,Torah
109291,1420061,447997,Deuteronomy,28,60,מצרים,nmpr,topo,F:unclassified-name,Torah
109315,1420062,448000,Deuteronomy,28,61,יהוה,nmpr,pers,E:YHWH,Torah
109338,1420063,448005,Deuteronomy,28,62,יהוה,nmpr,pers,E:YHWH,Torah
109339,1420063,448005,Deuteronomy,28,62,אלהים,subs,,D:Elohim,Torah
109345,1420064,448007,Deuteronomy,28,63,יהוה,nmpr,pers,E:YHWH,Torah
109356,1420064,448010,Deuteronomy,28,63,יהוה,nmpr,pers,E:YHWH,Torah
109379,1420065,448016,Deuteronomy,28,64,יהוה,nmpr,pers,E:YHWH,Torah
109396,1420065,448017,Deuteronomy,28,64,אלהים,subs,,D:Elohim,Torah
109424,1420066,448021,Deuteronomy,28,65,יהוה,nmpr,pers,E:YHWH,Torah
109480,1420069,448032,Deuteronomy,28,68,יהוה,nmpr,pers,E:YHWH,Torah
109481,1420069,448032,Deuteronomy,28,68,מצרים,nmpr,topo,F:unclassified-name,Torah
109514,1420070,448039,Deuteronomy,28,69,יהוה,nmpr,pers,E:YHWH,Torah
109516,1420070,448039,Deuteronomy,28,69,משה,nmpr,pers,A:person-candidate,Torah
109521,1420070,448040,Deuteronomy,28,69,ישראל,nmpr,"pers,gens,topo",F:unclassified-name,Torah
109524,1420070,448040,Deuteronomy,28,69,מואב,nmpr,"pers,gens,topo",F:unclassified-name,Torah
109534,1420070,448042,Deuteronomy,28,69,חרב,nmpr,topo,F:unclassified-name,Torah
109537,1420071,448043,Deuteronomy,29,1,משה,nmpr,pers,A:person-candidate,Torah
109538,1420071,448043,Deuteronomy,29,1,אל,prep,,C:divine-title-candidate,Torah
109540,1420071,448043,Deuteronomy,29,1,ישראל,nmpr,"pers,gens,topo",F:unclassified-name,Torah
109543,1420071,448044,Deuteronomy,29,1,אל,prep,,C:divine-title-candidate,Torah
109550,1420071,448046,Deuteronomy,29,1,יהוה,nmpr,pers,E:YHWH,Torah
109555,1420071,448046,Deuteronomy,29,1,מצרים,nmpr,topo,F:unclassified-name,Torah
109585,1420073,448048,Deuteronomy,29,3,יהוה,nmpr,pers,E:YHWH,Torah
109636,1420075,448058,Deuteronomy,29,5,יהוה,nmpr,pers,E:YHWH,Torah
109637,1420075,448058,Deuteronomy,29,5,אלהים,subs,,D:Elohim,Torah
109640,1420076,448059,Deuteronomy,29,6,אל,prep,,C:divine-title-candidate,Torah
109647,1420076,448060,Deuteronomy,29,6,סיחון,nmpr,pers,A:person-candidate,Torah
109648,1420076,448060,Deuteronomy,29,6,מלך,subs,,B:deity-candidate,Torah
109649,1420076,448060,Deuteronomy,29,6,חשבון,nmpr,topo,F:unclassified-name,Torah
109651,1420076,448060,Deuteronomy,29,6,עוג,nmpr,pers,A:person-candidate,Torah
109652,1420076,448060,Deuteronomy,29,6,מלך,subs,,B:deity-candidate,Torah
109654,1420076,448060,Deuteronomy,29,6,בשן,nmpr,topo,F:unclassified-name,Torah
109707,1420079,448069,Deuteronomy,29,9,יהוה,nmpr,pers,E:YHWH,Torah
109708,1420079,448069,Deuteronomy,29,9,אלהים,subs,,D:Elohim,Torah
109716,1420079,448069,Deuteronomy,29,9,ישראל,nmpr,"pers,gens,topo",F:unclassified-name,Torah
109735,1420081,448072,Deuteronomy,29,11,יהוה,nmpr,pers,E:YHWH,Torah
109736,1420081,448072,Deuteronomy,29,11,אלהים,subs,,D:Elohim,Torah
109741,1420081,448073,Deuteronomy,29,11,יהוה,nmpr,pers,E:YHWH,Torah
109742,1420081,448073,Deuteronomy,29,11,אלהים,subs,,D:Elohim,Torah
109760,1420082,448075,Deuteronomy,29,12,אלהים,subs,,D:Elohim,Torah
109772,1420082,448077,Deuteronomy,29,12,אברהם,nmpr,pers,A:person-candidate,Torah
109774,1420082,448077,Deuteronomy,29,12,יצחק,nmpr,pers,A:person-candidate,Torah
109777,1420082,448077,Deuteronomy,29,12,יעקב,nmpr,pers,A:person-candidate,Torah
109807,1420084,448081,Deuteronomy,29,14,יהוה,nmpr,pers,E:YHWH,Torah
109808,1420084,448081,Deuteronomy,29,14,אלהים,subs,,D:Elohim,Torah
109825,1420085,448084,Deuteronomy,29,15,מצרים,nmpr,topo,F:unclassified-name,Torah
109868,1420087,448090,Deuteronomy,29,17,יהוה,nmpr,pers,E:YHWH,Torah
109869,1420087,448090,Deuteronomy,29,17,אלהים,subs,,D:Elohim,Torah
109875,1420087,448092,Deuteronomy,29,17,אלהים,subs,,D:Elohim,Torah
109921,1420089,448102,Deuteronomy,29,19,יהוה,nmpr,pers,E:YHWH,Torah
109928,1420089,448104,Deuteronomy,29,19,יהוה,nmpr,pers,E:YHWH,Torah
109951,1420089,448107,Deuteronomy,29,19,יהוה,nmpr,pers,E:YHWH,Torah
109960,1420090,448108,Deuteronomy,29,20,יהוה,nmpr,pers,E:YHWH,Torah
109966,1420090,448108,Deuteronomy,29,20,ישראל,nmpr,"pers,gens,topo",F:unclassified-name,Torah
110012,1420091,448114,Deuteronomy,29,21,יהוה,nmpr,pers,E:YHWH,Torah
110033,1420092,448120,Deuteronomy,29,22,סדם,nmpr,topo,F:unclassified-name,Torah
110035,1420092,448120,Deuteronomy,29,22,עמרה,nmpr,topo,F:unclassified-name,Torah
110036,1420092,448120,Deuteronomy,29,22,אדמה,nmpr,topo,F:unclassified-name,Torah
110038,1420092,448120,Deuteronomy,29,22,צבאים,nmpr,topo,F:unclassified-name,Torah
110041,1420092,448121,Deuteronomy,29,22,יהוה,nmpr,pers,E:YHWH,Torah
110055,1420093,448123,Deuteronomy,29,23,יהוה,nmpr,pers,E:YHWH,Torah
110077,1420094,448126,Deuteronomy,29,24,יהוה,nmpr,pers,E:YHWH,Torah
110078,1420094,448126,Deuteronomy,29,24,אלהים,subs,,D:Elohim,Torah
110088,1420094,448128,Deuteronomy,29,24,מצרים,nmpr,topo,F:unclassified-name,Torah
110093,1420095,448130,Deuteronomy,29,25,אלהים,subs,,D:Elohim,Torah
110098,1420095,448130,Deuteronomy,29,25,אלהים,subs,,D:Elohim,Torah
110109,1420096,448134,Deuteronomy,29,26,יהוה,nmpr,pers,E:YHWH,Torah
110131,1420097,448137,Deuteronomy,29,27,יהוה,nmpr,pers,E:YHWH,Torah
110146,1420097,448138,Deuteronomy,29,27,אל,prep,,C:divine-title-candidate,Torah
110157,1420098,448140,Deuteronomy,29,28,יהוה,nmpr,pers,E:YHWH,Torah
110158,1420098,448140,Deuteronomy,29,28,אלהים,subs,,D:Elohim,Torah
110198,1420099,448146,Deuteronomy,30,1,אל,prep,,C:divine-title-candidate,Torah
110206,1420099,448147,Deuteronomy,30,1,יהוה,nmpr,pers,E:YHWH,Torah
110207,1420099,448147,Deuteronomy,30,1,אלהים,subs,,D:Elohim,Torah
110212,1420100,448148,Deuteronomy,30,2,יהוה,nmpr,pers,E:YHWH,Torah
110213,1420100,448148,Deuteronomy,30,2,אלהים,subs,,D:Elohim,Torah
110237,1420101,448151,Deuteronomy,30,3,יהוה,nmpr,pers,E:YHWH,Torah
110238,1420101,448151,Deuteronomy,30,3,אלהים,subs,,D:Elohim,Torah
110253,1420101,448155,Deuteronomy,30,3,יהוה,nmpr,pers,E:YHWH,Torah
110254,1420101,448155,Deuteronomy,30,3,אלהים,subs,,D:Elohim,Torah
110266,1420102,448157,Deuteronomy,30,4,יהוה,nmpr,pers,E:YHWH,Torah
110267,1420102,448157,Deuteronomy,30,4,אלהים,subs,,D:Elohim,Torah
110274,1420103,448159,Deuteronomy,30,5,יהוה,nmpr,pers,E:YHWH,Torah
110275,1420103,448159,Deuteronomy,30,5,אלהים,subs,,D:Elohim,Torah
110276,1420103,448159,Deuteronomy,30,5,אל,prep,,C:divine-title-candidate,Torah
110292,1420104,448164,Deuteronomy,30,6,יהוה,nmpr,pers,E:YHWH,Torah
110293,1420104,448164,Deuteronomy,30,6,אלהים,subs,,D:Elohim,Torah
110303,1420104,448165,Deuteronomy,30,6,יהוה,nmpr,pers,E:YHWH,Torah
110304,1420104,448165,Deuteronomy,30,6,אלהים,subs,,D:Elohim,Torah
110316,1420105,448167,Deuteronomy,30,7,יהוה,nmpr,pers,E:YHWH,Torah
110317,1420105,448167,Deuteronomy,30,7,אלהים,subs,,D:Elohim,Torah
110338,1420106,448170,Deuteronomy,30,8,יהוה,nmpr,pers,E:YHWH,Torah
110351,1420107,448173,Deuteronomy,30,9,יהוה,nmpr,pers,E:YHWH,Torah
110352,1420107,448173,Deuteronomy,30,9,אלהים,subs,,D:Elohim,Torah
110372,1420107,448174,Deuteronomy,30,9,יהוה,nmpr,pers,E:YHWH,Torah
110387,1420108,448177,Deuteronomy,30,10,יהוה,nmpr,pers,E:YHWH,Torah
110388,1420108,448177,Deuteronomy,30,10,אלהים,subs,,D:Elohim,Torah
110404,1420108,448180,Deuteronomy,30,10,אל,prep,,C:divine-title-candidate,Torah
110405,1420108,448180,Deuteronomy,30,10,יהוה,nmpr,pers,E:YHWH,Torah
110406,1420108,448180,Deuteronomy,30,10,אלהים,subs,,D:Elohim,Torah
110465,1420111,448193,Deuteronomy,30,13,אל,prep,,C:divine-title-candidate,Torah
110479,1420112,448197,Deuteronomy,30,14,אל,prep,,C:divine-title-candidate,Torah
110519,1420114,448203,Deuteronomy,30,16,יהוה,nmpr,pers,E:YHWH,Torah
110520,1420114,448203,Deuteronomy,30,16,אלהים,subs,,D:Elohim,Torah
110539,1420114,448208,Deuteronomy,30,16,יהוה,nmpr,pers,E:YHWH,Torah
110540,1420114,448208,Deuteronomy,30,16,אלהים,subs,,D:Elohim,Torah
110562,1420115,448214,Deuteronomy,30,17,אלהים,subs,,D:Elohim,Torah
110584,1420116,448219,Deuteronomy,30,18,ירדן,nmpr,topo,F:unclassified-name,Torah
110627,1420118,448227,Deuteronomy,30,20,יהוה,nmpr,pers,E:YHWH,Torah
110628,1420118,448227,Deuteronomy,30,20,אלהים,subs,,D:Elohim,Torah
110650,1420118,448232,Deuteronomy,30,20,יהוה,nmpr,pers,E:YHWH,Torah
110654,1420118,448232,Deuteronomy,30,20,אברהם,nmpr,pers,A:person-candidate,Torah
110656,1420118,448232,Deuteronomy,30,20,יצחק,nmpr,pers,A:person-candidate,Torah
110659,1420118,448232,Deuteronomy,30,20,יעקב,nmpr,pers,A:person-candidate,Torah
110665,1420119,448234,Deuteronomy,31,1,משה,nmpr,pers,A:person-candidate,Torah
110673,1420119,448235,Deuteronomy,31,1,אל,prep,,C:divine-title-candidate,Torah
110675,1420119,448235,Deuteronomy,31,1,ישראל,nmpr,"pers,gens,topo",F:unclassified-name,Torah
110678,1420120,448236,Deuteronomy,31,2,אל,prep,,C:divine-title-candidate,Torah
110696,1420120,448241,Deuteronomy,31,2,יהוה,nmpr,pers,E:YHWH,Torah
110698,1420120,448241,Deuteronomy,31,2,אל,prep,,C:divine-title-candidate,Torah
110703,1420120,448242,Deuteronomy,31,2,ירדן,nmpr,topo,F:unclassified-name,Torah
110706,1420121,448243,Deuteronomy,31,3,יהוה,nmpr,pers,E:YHWH,Torah
110707,1420121,448243,Deuteronomy,31,3,אלהים,subs,,D:Elohim,Torah
110724,1420121,448247,Deuteronomy,31,3,יהושע,nmpr,pers,A:person-candidate,Torah
110732,1420121,448249,Deuteronomy,31,3,יהוה,nmpr,pers,E:YHWH,Torah
110735,1420122,448250,Deuteronomy,31,4,יהוה,nmpr,pers,E:YHWH,Torah
110741,1420122,448251,Deuteronomy,31,4,סיחון,nmpr,pers,A:person-candidate,Torah
110744,1420122,448251,Deuteronomy,31,4,עוג,nmpr,pers,A:person-candidate,Torah
110745,1420122,448251,Deuteronomy,31,4,מלך,subs,,B:deity-candidate,Torah
110756,1420123,448253,Deuteronomy,31,5,יהוה,nmpr,pers,E:YHWH,Torah
110772,1420124,448258,Deuteronomy,31,6,אל,nega,,C:divine-title-candidate,Torah
110775,1420124,448259,Deuteronomy,31,6,אל,nega,,C:divine-title-candidate,Torah
110780,1420124,448260,Deuteronomy,31,6,יהוה,nmpr,pers,E:YHWH,Torah
110781,1420124,448260,Deuteronomy,31,6,אלהים,subs,,D:Elohim,Torah
110793,1420125,448265,Deuteronomy,31,7,משה,nmpr,pers,A:person-candidate,Torah
110795,1420125,448265,Deuteronomy,31,7,יהושע,nmpr,pers,A:person-candidate,Torah
110798,1420125,448266,Deuteronomy,31,7,אל,prep,,C:divine-title-candidate,Torah
110802,1420125,448266,Deuteronomy,31,7,ישראל,nmpr,"pers,gens,topo",F:unclassified-name,Torah
110814,1420125,448269,Deuteronomy,31,7,אל,prep,,C:divine-title-candidate,Torah
110819,1420125,448270,Deuteronomy,31,7,יהוה,nmpr,pers,E:YHWH,Torah
110830,1420126,448273,Deuteronomy,31,8,יהוה,nmpr,pers,E:YHWH,Torah
110851,1420127,448281,Deuteronomy,31,9,משה,nmpr,pers,A:person-candidate,Torah
110859,1420127,448282,Deuteronomy,31,9,אל,prep,,C:divine-title-candidate,Torah
110863,1420127,448282,Deuteronomy,31,9,לוי,nmpr,"pers,gens",F:unclassified-name,Torah
110869,1420127,448283,Deuteronomy,31,9,יהוה,nmpr,pers,E:YHWH,Torah
110871,1420127,448282,Deuteronomy,31,9,אל,prep,,C:divine-title-candidate,Torah
110874,1420127,448282,Deuteronomy,31,9,ישראל,nmpr,"pers,gens,topo",F:unclassified-name,Torah
110877,1420128,448284,Deuteronomy,31,10,משה,nmpr,pers,A:person-candidate,Torah
110897,1420129,448287,Deuteronomy,31,11,ישראל,nmpr,"pers,gens,topo",F:unclassified-name,Torah
110902,1420129,448288,Deuteronomy,31,11,יהוה,nmpr,pers,E:YHWH,Torah
110903,1420129,448288,Deuteronomy,31,11,אלהים,subs,,D:Elohim,Torah
110917,1420129,448286,Deuteronomy,31,11,ישראל,nmpr,"pers,gens,topo",F:unclassified-name,Torah
110945,1420130,448294,Deuteronomy,31,12,יהוה,nmpr,pers,E:YHWH,Torah
110946,1420130,448294,Deuteronomy,31,12,אלהים,subs,,D:Elohim,Torah
110969,1420131,448300,Deuteronomy,31,13,יהוה,nmpr,pers,E:YHWH,Torah
110970,1420131,448300,Deuteronomy,31,13,אלהים,subs,,D:Elohim,Torah
110985,1420131,448302,Deuteronomy,31,13,ירדן,nmpr,topo,F:unclassified-name,Torah
110991,1420132,448304,Deuteronomy,31,14,יהוה,nmpr,pers,E:YHWH,Torah
110992,1420132,448304,Deuteronomy,31,14,אל,prep,,C:divine-title-candidate,Torah
110993,1420132,448304,Deuteronomy,31,14,משה,nmpr,pers,A:person-candidate,Torah
111001,1420132,448307,Deuteronomy,31,14,יהושע,nmpr,pers,A:person-candidate,Torah
111011,1420132,448310,Deuteronomy,31,14,משה,nmpr,pers,A:person-candidate,Torah
111013,1420132,448310,Deuteronomy,31,14,יהושע,nmpr,pers,A:person-candidate,Torah
111021,1420133,448312,Deuteronomy,31,15,יהוה,nmpr,pers,E:YHWH,Torah
111039,1420134,448314,Deuteronomy,31,16,יהוה,nmpr,pers,E:YHWH,Torah
111040,1420134,448314,Deuteronomy,31,16,אל,prep,,C:divine-title-candidate,Torah
111041,1420134,448314,Deuteronomy,31,16,משה,nmpr,pers,A:person-candidate,Torah
111055,1420134,448317,Deuteronomy,31,16,אלהים,subs,,D:Elohim,Torah
111111,1420135,448330,Deuteronomy,31,17,אלהים,subs,,D:Elohim,Torah
111137,1420136,448333,Deuteronomy,31,18,אל,prep,,C:divine-title-candidate,Torah
111138,1420136,448333,Deuteronomy,31,18,אלהים,subs,,D:Elohim,Torah
111153,1420137,448336,Deuteronomy,31,19,ישראל,nmpr,"pers,gens,topo",F:unclassified-name,Torah
111168,1420137,448338,Deuteronomy,31,19,ישראל,nmpr,"pers,gens,topo",F:unclassified-name,Torah
111171,1420138,448339,Deuteronomy,31,20,אל,prep,,C:divine-title-candidate,Torah
111190,1420138,448345,Deuteronomy,31,20,אל,prep,,C:divine-title-candidate,Torah
111191,1420138,448345,Deuteronomy,31,20,אלהים,subs,,D:Elohim,Torah
111238,1420139,448355,Deuteronomy,31,21,אל,prep,,C:divine-title-candidate,Torah
111245,1420140,448357,Deuteronomy,31,22,משה,nmpr,pers,A:person-candidate,Torah
111260,1420140,448358,Deuteronomy,31,22,ישראל,nmpr,"pers,gens,topo",F:unclassified-name,Torah
111264,1420141,448359,Deuteronomy,31,23,יהושע,nmpr,pers,A:person-candidate,Torah
111266,1420141,448359,Deuteronomy,31,23,נון,nmpr,pers,A:person-candidate,Torah
111277,1420141,448363,Deuteronomy,31,23,ישראל,nmpr,"pers,gens,topo",F:unclassified-name,Torah
111278,1420141,448363,Deuteronomy,31,23,אל,prep,,C:divine-title-candidate,Torah
111292,1420142,448367,Deuteronomy,31,24,משה,nmpr,pers,A:person-candidate,Torah
111307,1420143,448370,Deuteronomy,31,25,משה,nmpr,pers,A:person-candidate,Torah
111314,1420143,448370,Deuteronomy,31,25,יהוה,nmpr,pers,E:YHWH,Torah
111331,1420144,448373,Deuteronomy,31,26,יהוה,nmpr,pers,E:YHWH,Torah
111332,1420144,448373,Deuteronomy,31,26,אלהים,subs,,D:Elohim,Torah
111359,1420145,448378,Deuteronomy,31,27,יהוה,nmpr,pers,E:YHWH,Torah
111366,1420146,448380,Deuteronomy,31,28,אל,prep,,C:divine-title-candidate,Torah
111423,1420147,448389,Deuteronomy,31,29,יהוה,nmpr,pers,E:YHWH,Torah
111431,1420148,448391,Deuteronomy,31,30,משה,nmpr,pers,A:person-candidate,Torah
111436,1420148,448391,Deuteronomy,31,30,ישראל,nmpr,"pers,gens,topo",F:unclassified-name,Torah
111477,1420151,448401,Deuteronomy,32,3,יהוה,nmpr,pers,E:YHWH,Torah
111482,1420151,448402,Deuteronomy,32,3,אלהים,subs,,D:Elohim,Torah
111491,1420152,448406,Deuteronomy,32,4,אל,subs,,C:divine-title-candidate,Torah
111511,1420154,448411,Deuteronomy,32,6,יהוה,nmpr,pers,E:YHWH,Torah
111546,1420156,448423,Deuteronomy,32,8,עליון,adjv,,C:divine-title-candidate,Torah
111558,1420156,448425,Deuteronomy,32,8,ישראל,nmpr,"pers,gens,topo",F:unclassified-name,Torah
111561,1420157,448426,Deuteronomy,32,9,יהוה,nmpr,pers,E:YHWH,Torah
111563,1420157,448427,Deuteronomy,32,9,יעקב,nmpr,pers,A:person-candidate,Torah
111594,1420160,448432,Deuteronomy,32,12,יהוה,nmpr,pers,E:YHWH,Torah
111600,1420160,448438,Deuteronomy,32,12,אל,subs,,C:divine-title-candidate,Torah
111609,1420161,448440,Deuteronomy,32,13,שדי,subs,,C:divine-title-candidate,Torah
111631,1420162,448444,Deuteronomy,32,14,בשן,nmpr,topo,F:unclassified-name,Torah
111645,1420163,448446,Deuteronomy,32,15,ישרון,nmpr,pers,A:person-candidate,Torah
111653,1420163,448451,Deuteronomy,32,15,אלוה,subs,,C:divine-title-candidate,Torah
111670,1420165,448457,Deuteronomy,32,17,אלוה,subs,,C:divine-title-candidate,Torah
111671,1420165,448458,Deuteronomy,32,17,אלהים,subs,,D:Elohim,Torah
111686,1420166,448464,Deuteronomy,32,18,אל,subs,,C:divine-title-candidate,Torah
111690,1420167,448466,Deuteronomy,32,19,יהוה,nmpr,pers,E:YHWH,Torah
111718,1420169,448475,Deuteronomy,32,21,אל,subs,,C:divine-title-candidate,Torah
111740,1420170,448480,Deuteronomy,32,22,שאול,subs,,A:person-candidate,Torah
111809,1420175,448498,Deuteronomy,32,27,יהוה,nmpr,pers,E:YHWH,Torah
111843,1420178,448508,Deuteronomy,32,30,יהוה,nmpr,pers,E:YHWH,Torah
111856,1420180,448511,Deuteronomy,32,32,סדם,nmpr,topo,F:unclassified-name,Torah
111861,1420180,448512,Deuteronomy,32,32,עמרה,nmpr,topo,F:unclassified-name,Torah
111901,1420184,448524,Deuteronomy,32,36,יהוה,nmpr,pers,E:YHWH,Torah
111920,1420185,448530,Deuteronomy,32,37,אלהים,subs,,D:Elohim,Torah
111945,1420187,448541,Deuteronomy,32,39,אלהים,subs,,D:Elohim,Torah
111962,1420188,448547,Deuteronomy,32,40,אל,prep,,C:divine-title-candidate,Torah
112023,1420192,448561,Deuteronomy,32,44,משה,nmpr,pers,A:person-candidate,Torah
112039,1420192,448562,Deuteronomy,32,44,הושע,nmpr,pers,A:person-candidate,Torah
112041,1420192,448562,Deuteronomy,32,44,נון,nmpr,pers,A:person-candidate,Torah
112044,1420193,448563,Deuteronomy,32,45,משה,nmpr,pers,A:person-candidate,Torah
112053,1420193,448564,Deuteronomy,32,45,אל,prep,,C:divine-title-candidate,Torah
112055,1420193,448564,Deuteronomy,32,45,ישראל,nmpr,"pers,gens,topo",F:unclassified-name,Torah
112058,1420194,448565,Deuteronomy,32,46,אל,prep,,C:divine-title-candidate,Torah
112111,1420195,448574,Deuteronomy,32,47,ירדן,nmpr,topo,F:unclassified-name,Torah
112117,1420196,448576,Deuteronomy,32,48,יהוה,nmpr,pers,E:YHWH,Torah
112118,1420196,448576,Deuteronomy,32,48,אל,prep,,C:divine-title-candidate,Torah
112119,1420196,448576,Deuteronomy,32,48,משה,nmpr,pers,A:person-candidate,Torah
112129,1420197,448578,Deuteronomy,32,49,אל,prep,,C:divine-title-candidate,Torah
112132,1420197,448578,Deuteronomy,32,49,עברים,nmpr,topo,F:unclassified-name,Torah
112136,1420197,448578,Deuteronomy,32,49,נבו,nmpr,topo,F:unclassified-name,Torah
112140,1420197,448579,Deuteronomy,32,49,מואב,nmpr,"pers,gens,topo",F:unclassified-name,Torah
112144,1420197,448580,Deuteronomy,32,49,יריחו,nmpr,topo,F:unclassified-name,Torah
112149,1420197,448581,Deuteronomy,32,49,כנען,nmpr,"pers,gens,topo",F:unclassified-name,Torah
112155,1420197,448582,Deuteronomy,32,49,ישראל,nmpr,"pers,gens,topo",F:unclassified-name,Torah
112169,1420198,448585,Deuteronomy,32,50,אל,prep,,C:divine-title-candidate,Torah
112174,1420198,448586,Deuteronomy,32,50,אהרן,nmpr,pers,A:person-candidate,Torah
112177,1420198,448586,Deuteronomy,32,50,הר,nmpr,topo,F:unclassified-name,Torah
112182,1420198,448587,Deuteronomy,32,50,אל,prep,,C:divine-title-candidate,Torah
112191,1420199,448588,Deuteronomy,32,51,ישראל,nmpr,"pers,gens,topo",F:unclassified-name,Torah
112195,1420199,448588,Deuteronomy,32,51,קדש,nmpr,topo,F:unclassified-name,Torah
112197,1420199,448588,Deuteronomy,32,51,צן,nmpr,topo,F:unclassified-name,Torah
112206,1420199,448589,Deuteronomy,32,51,ישראל,nmpr,"pers,gens,topo",F:unclassified-name,Torah
112218,1420200,448591,Deuteronomy,32,52,אל,prep,,C:divine-title-candidate,Torah
112226,1420200,448592,Deuteronomy,32,52,ישראל,nmpr,"pers,gens,topo",F:unclassified-name,Torah
112233,1420201,448594,Deuteronomy,33,1,משה,nmpr,pers,A:person-candidate,Torah
112236,1420201,448594,Deuteronomy,33,1,אלהים,subs,,D:Elohim,Torah
112239,1420201,448594,Deuteronomy,33,1,ישראל,nmpr,"pers,gens,topo",F:unclassified-name,Torah
112245,1420202,448596,Deuteronomy,33,2,יהוה,nmpr,pers,E:YHWH,Torah
112247,1420202,448596,Deuteronomy,33,2,סיני,nmpr,topo,F:unclassified-name,Torah
112252,1420202,448597,Deuteronomy,33,2,שעיר,nmpr,topo,F:unclassified-name,Torah
112257,1420202,448598,Deuteronomy,33,2,פארן,nmpr,topo,F:unclassified-name,Torah
112286,1420204,448605,Deuteronomy,33,4,משה,nmpr,pers,A:person-candidate,Torah
112289,1420204,448606,Deuteronomy,33,4,יעקב,nmpr,pers,A:person-candidate,Torah
112293,1420205,448607,Deuteronomy,33,5,ישרון,nmpr,pers,A:person-candidate,Torah
112294,1420205,448607,Deuteronomy,33,5,מלך,subs,,B:deity-candidate,Torah
112301,1420205,448608,Deuteronomy,33,5,ישראל,nmpr,"pers,gens,topo",F:unclassified-name,Torah
112303,1420206,448609,Deuteronomy,33,6,ראובן,nmpr,"pers,gens,topo",F:unclassified-name,Torah
112305,1420206,448610,Deuteronomy,33,6,אל,nega,,C:divine-title-candidate,Torah
112314,1420207,448612,Deuteronomy,33,7,יהודה,nmpr,"pers,gens,topo",F:unclassified-name,Torah
112318,1420207,448615,Deuteronomy,33,7,יהוה,nmpr,pers,E:YHWH,Torah
112320,1420207,448614,Deuteronomy,33,7,יהודה,nmpr,"pers,gens,topo",F:unclassified-name,Torah
112322,1420207,448616,Deuteronomy,33,7,אל,prep,,C:divine-title-candidate,Torah
112335,1420208,448619,Deuteronomy,33,8,לוי,nmpr,"pers,gens",F:unclassified-name,Torah
112346,1420208,448621,Deuteronomy,33,8,מסה,nmpr,topo,F:unclassified-name,Torah
112350,1420208,448622,Deuteronomy,33,8,מריבה,nmpr,topo,F:unclassified-name,Torah
112379,1420210,448629,Deuteronomy,33,10,יעקב,nmpr,pers,A:person-candidate,Torah
112383,1420210,448630,Deuteronomy,33,10,ישראל,nmpr,"pers,gens,topo",F:unclassified-name,Torah
112393,1420211,448634,Deuteronomy,33,11,יהוה,nmpr,pers,E:YHWH,Torah
112407,1420212,448638,Deuteronomy,33,12,בנימן,nmpr,"pers,gens,topo",F:unclassified-name,Torah
112410,1420212,448639,Deuteronomy,33,12,יהוה,nmpr,pers,E:YHWH,Torah
112426,1420213,448642,Deuteronomy,33,13,יוסף,nmpr,pers,A:person-candidate,Torah
112429,1420213,448643,Deuteronomy,33,13,יהוה,nmpr,pers,E:YHWH,Torah
112474,1420216,448651,Deuteronomy,33,16,יוסף,nmpr,pers,A:person-candidate,Torah
112497,1420217,448656,Deuteronomy,33,17,אפרים,nmpr,"pers,gens,topo",F:unclassified-name,Torah
112501,1420217,448657,Deuteronomy,33,17,מנשה,nmpr,"pers,gens",F:unclassified-name,Torah
112504,1420218,448658,Deuteronomy,33,18,זבולן,nmpr,"pers,gens,topo",F:unclassified-name,Torah
112507,1420218,448660,Deuteronomy,33,18,זבולן,nmpr,"pers,gens,topo",F:unclassified-name,Torah
112511,1420218,448663,Deuteronomy,33,18,יששכר,nmpr,"pers,gens,topo",F:unclassified-name,Torah
112531,1420220,448668,Deuteronomy,33,20,גד,nmpr,"pers,gens,topo",B:deity-candidate,Torah
112535,1420220,448669,Deuteronomy,33,20,גד,nmpr,"pers,gens,topo",B:deity-candidate,Torah
112558,1420221,448676,Deuteronomy,33,21,יהוה,nmpr,pers,E:YHWH,Torah
112563,1420221,448677,Deuteronomy,33,21,ישראל,nmpr,"pers,gens,topo",F:unclassified-name,Torah
112566,1420222,448678,Deuteronomy,33,22,דן,nmpr,"pers,gens,topo",F:unclassified-name,Torah
112568,1420222,448679,Deuteronomy,33,22,דן,nmpr,"pers,gens,topo",F:unclassified-name,Torah
112574,1420222,448680,Deuteronomy,33,22,בשן,nmpr,topo,F:unclassified-name,Torah
112577,1420223,448681,Deuteronomy,33,23,נפתלי,nmpr,"pers,gens,topo",F:unclassified-name,Torah
112579,1420223,448682,Deuteronomy,33,23,נפתלי,nmpr,"pers,gens,topo",F:unclassified-name,Torah
112585,1420223,448683,Deuteronomy,33,23,יהוה,nmpr,pers,E:YHWH,Torah
112592,1420224,448685,Deuteronomy,33,24,אשר,nmpr,"pers,gens,topo",F:unclassified-name,Torah
112597,1420224,448686,Deuteronomy,33,24,אשר,nmpr,"pers,gens,topo",F:unclassified-name,Torah
112618,1420226,448691,Deuteronomy,33,26,אל,subs,,C:divine-title-candidate,Torah
112619,1420226,448692,Deuteronomy,33,26,ישרון,nmpr,pers,A:person-candidate,Torah
112629,1420227,448695,Deuteronomy,33,27,אלהים,subs,,D:Elohim,Torah
112646,1420228,448700,Deuteronomy,33,28,ישראל,nmpr,"pers,gens,topo",F:unclassified-name,Torah
112650,1420228,448701,Deuteronomy,33,28,יעקב,nmpr,pers,A:person-candidate,Torah
112651,1420228,448701,Deuteronomy,33,28,אל,prep,,C:divine-title-candidate,Torah
112661,1420229,448703,Deuteronomy,33,29,ישראל,nmpr,"pers,gens,topo",F:unclassified-name,Torah
112667,1420229,448706,Deuteronomy,33,29,יהוה,nmpr,pers,E:YHWH,Torah
112685,1420230,448710,Deuteronomy,34,1,משה,nmpr,pers,A:person-candidate,Torah
112688,1420230,448710,Deuteronomy,34,1,מואב,nmpr,"pers,gens,topo",F:unclassified-name,Torah
112689,1420230,448710,Deuteronomy,34,1,אל,prep,,C:divine-title-candidate,Torah
112691,1420230,448710,Deuteronomy,34,1,נבו,nmpr,topo,F:unclassified-name,Torah
112694,1420230,448710,Deuteronomy,34,1,פסגה,nmpr,topo,F:unclassified-name,Torah
112698,1420230,448711,Deuteronomy,34,1,יריחו,nmpr,topo,F:unclassified-name,Torah
112701,1420230,448712,Deuteronomy,34,1,יהוה,nmpr,pers,E:YHWH,Torah
112708,1420230,448712,Deuteronomy,34,1,גלעד,nmpr,topo,F:unclassified-name,Torah
112710,1420230,448712,Deuteronomy,34,1,דן,nmpr,"pers,gens,topo",F:unclassified-name,Torah
112714,1420231,448713,Deuteronomy,34,2,נפתלי,nmpr,"pers,gens,topo",F:unclassified-name,Torah
112718,1420231,448713,Deuteronomy,34,2,אפרים,nmpr,"pers,gens,topo",F:unclassified-name,Torah
112720,1420231,448713,Deuteronomy,34,2,מנשה,nmpr,"pers,gens",F:unclassified-name,Torah
112725,1420231,448713,Deuteronomy,34,2,יהודה,nmpr,"pers,gens,topo",F:unclassified-name,Torah
112740,1420232,448714,Deuteronomy,34,3,יריחו,nmpr,topo,F:unclassified-name,Torah
112745,1420232,448714,Deuteronomy,34,3,צער,nmpr,topo,F:unclassified-name,Torah
112748,1420233,448715,Deuteronomy,34,4,יהוה,nmpr,pers,E:YHWH,Torah
112749,1420233,448715,Deuteronomy,34,4,אל,prep,,C:divine-title-candidate,Torah
112756,1420233,448717,Deuteronomy,34,4,אברהם,nmpr,pers,A:person-candidate,Torah
112758,1420233,448717,Deuteronomy,34,4,יצחק,nmpr,pers,A:person-candidate,Torah
112761,1420233,448717,Deuteronomy,34,4,יעקב,nmpr,pers,A:person-candidate,Torah
112777,1420234,448722,Deuteronomy,34,5,משה,nmpr,pers,A:person-candidate,Torah
112779,1420234,448722,Deuteronomy,34,5,יהוה,nmpr,pers,E:YHWH,Torah
112782,1420234,448722,Deuteronomy,34,5,מואב,nmpr,"pers,gens,topo",F:unclassified-name,Torah
112785,1420234,448722,Deuteronomy,34,5,יהוה,nmpr,pers,E:YHWH,Torah
112794,1420235,448723,Deuteronomy,34,6,מואב,nmpr,"pers,gens,topo",F:unclassified-name,Torah
112796,1420235,448723,Deuteronomy,34,6,בית פעור,nmpr,topo,F:unclassified-name,Torah
112809,1420236,448725,Deuteronomy,34,7,משה,nmpr,pers,A:person-candidate,Torah
112827,1420237,448728,Deuteronomy,34,8,ישראל,nmpr,"pers,gens,topo",F:unclassified-name,Torah
112829,1420237,448728,Deuteronomy,34,8,משה,nmpr,pers,A:person-candidate,Torah
112832,1420237,448728,Deuteronomy,34,8,מואב,nmpr,"pers,gens,topo",F:unclassified-name,Torah
112840,1420237,448729,Deuteronomy,34,8,משה,nmpr,pers,A:person-candidate,Torah
112842,1420238,448730,Deuteronomy,34,9,יהושע,nmpr,pers,A:person-candidate,Torah
112844,1420238,448730,Deuteronomy,34,9,נון,nmpr,pers,A:person-candidate,Torah
112850,1420238,448731,Deuteronomy,34,9,משה,nmpr,pers,A:person-candidate,Torah
112856,1420238,448732,Deuteronomy,34,9,אל,prep,,C:divine-title-candidate,Torah
112858,1420238,448732,Deuteronomy,34,9,ישראל,nmpr,"pers,gens,topo",F:unclassified-name,Torah
112864,1420238,448734,Deuteronomy,34,9,יהוה,nmpr,pers,E:YHWH,Torah
112866,1420238,448734,Deuteronomy,34,9,משה,nmpr,pers,A:person-candidate,Torah
112873,1420239,448735,Deuteronomy,34,10,ישראל,nmpr,"pers,gens,topo",F:unclassified-name,Torah
112875,1420239,448735,Deuteronomy,34,10,משה,nmpr,pers,A:person-candidate,Torah
112878,1420239,448736,Deuteronomy,34,10,יהוה,nmpr,pers,E:YHWH,Torah
112880,1420239,448736,Deuteronomy,34,10,אל,prep,,C:divine-title-candidate,Torah
112891,1420240,448737,Deuteronomy,34,11,יהוה,nmpr,pers,E:YHWH,Torah
112896,1420240,448738,Deuteronomy,34,11,מצרים,nmpr,topo,F:unclassified-name,Torah
112923,1420241,448739,Deuteronomy,34,12,משה,nmpr,pers,A:person-candidate,Torah
112927,1420241,448739,Deuteronomy,34,12,ישראל,nmpr,"pers,gens,topo",F:unclassified-name,Torah
112932,1420242,448740,Joshua,1,1,משה,nmpr,pers,A:person-candidate,Other Tanakh
112934,1420242,448740,Joshua,1,1,יהוה,nmpr,pers,E:YHWH,Other Tanakh
112937,1420242,448741,Joshua,1,1,יהוה,nmpr,pers,E:YHWH,Other Tanakh
112938,1420242,448741,Joshua,1,1,אל,prep,,C:divine-title-candidate,Other Tanakh
112939,1420242,448741,Joshua,1,1,יהושע,nmpr,pers,A:person-candidate,Other Tanakh
112941,1420242,448741,Joshua,1,1,נון,nmpr,pers,A:person-candidate,Other Tanakh
112943,1420242,448741,Joshua,1,1,משה,nmpr,pers,A:person-candidate,Other Tanakh
112946,1420243,448743,Joshua,1,2,משה,nmpr,pers,A:person-candidate,Other Tanakh
112955,1420243,448746,Joshua,1,2,ירדן,nmpr,topo,F:unclassified-name,Other Tanakh
112965,1420243,448746,Joshua,1,2,אל,prep,,C:divine-title-candidate,Other Tanakh
112974,1420243,448747,Joshua,1,2,ישראל,nmpr,"pers,gens,topo",F:unclassified-name,Other Tanakh
112987,1420244,448751,Joshua,1,3,אל,prep,,C:divine-title-candidate,Other Tanakh
112988,1420244,448751,Joshua,1,3,משה,nmpr,pers,A:person-candidate,Other Tanakh
112994,1420245,448752,Joshua,1,4,לבנון,nmpr,topo,F:unclassified-name,Other Tanakh
113004,1420245,448752,Joshua,1,4,פרת,nmpr,topo,F:unclassified-name,Other Tanakh
113032,1420246,448754,Joshua,1,5,משה,nmpr,pers,A:person-candidate,Other Tanakh
113076,1420248,448767,Joshua,1,7,משה,nmpr,pers,A:person-candidate,Other Tanakh
113078,1420248,448768,Joshua,1,7,אל,nega,,C:divine-title-candidate,Other Tanakh
113128,1420250,448781,Joshua,1,9,אל,nega,,C:divine-title-candidate,Other Tanakh
113131,1420250,448782,Joshua,1,9,אל,nega,,C:divine-title-candidate,Other Tanakh
113135,1420250,448783,Joshua,1,9,יהוה,nmpr,pers,E:YHWH,Other Tanakh
113136,1420250,448783,Joshua,1,9,אלהים,subs,,D:Elohim,Other Tanakh
113143,1420251,448785,Joshua,1,10,יהושע,nmpr,pers,A:person-candidate,Other Tanakh
113174,1420252,448791,Joshua,1,11,ירדן,nmpr,topo,F:unclassified-name,Other Tanakh
113185,1420252,448794,Joshua,1,11,יהוה,nmpr,pers,E:YHWH,Other Tanakh
113186,1420252,448794,Joshua,1,11,אלהים,subs,,D:Elohim,Other Tanakh
113204,1420253,448796,Joshua,1,12,מנשה,nmpr,"pers,gens",F:unclassified-name,Other Tanakh
113206,1420253,448796,Joshua,1,12,יהושע,nmpr,pers,A:person-candidate,Other Tanakh
113216,1420254,448799,Joshua,1,13,משה,nmpr,pers,A:person-candidate,Other Tanakh
113218,1420254,448799,Joshua,1,13,יהוה,nmpr,pers,E:YHWH,Other Tanakh
113221,1420254,448801,Joshua,1,13,יהוה,nmpr,pers,E:YHWH,Other Tanakh
113222,1420254,448801,Joshua,1,13,אלהים,subs,,D:Elohim,Other Tanakh
113244,1420255,448804,Joshua,1,14,משה,nmpr,pers,A:person-candidate,Other Tanakh
113248,1420255,448804,Joshua,1,14,ירדן,nmpr,topo,F:unclassified-name,Other Tanakh
113266,1420256,448807,Joshua,1,15,יהוה,nmpr,pers,E:YHWH,Other Tanakh
113278,1420256,448809,Joshua,1,15,יהוה,nmpr,pers,E:YHWH,Other Tanakh
113279,1420256,448809,Joshua,1,15,אלהים,subs,,D:Elohim,Other Tanakh
113293,1420256,448812,Joshua,1,15,משה,nmpr,pers,A:person-candidate,Other Tanakh
113295,1420256,448812,Joshua,1,15,יהוה,nmpr,pers,E:YHWH,Other Tanakh
113299,1420256,448812,Joshua,1,15,ירדן,nmpr,topo,F:unclassified-name,Other Tanakh
113306,1420257,448813,Joshua,1,16,יהושע,nmpr,pers,A:person-candidate,Other Tanakh
113314,1420257,448817,Joshua,1,16,אל,prep,,C:divine-title-candidate,Other Tanakh
113323,1420258,448820,Joshua,1,17,אל,prep,,C:divine-title-candidate,Other Tanakh
113324,1420258,448820,Joshua,1,17,משה,nmpr,pers,A:person-candidate,Other Tanakh
113327,1420258,448821,Joshua,1,17,אל,prep,,C:divine-title-candidate,Other Tanakh
113330,1420258,448822,Joshua,1,17,יהוה,nmpr,pers,E:YHWH,Other Tanakh
113331,1420258,448822,Joshua,1,17,אלהים,subs,,D:Elohim,Other Tanakh
113337,1420258,448823,Joshua,1,17,משה,nmpr,pers,A:person-candidate,Other Tanakh
113360,1420260,448830,Joshua,2,1,יהושע,nmpr,pers,A:person-candidate,Other Tanakh
113362,1420260,448830,Joshua,2,1,נון,nmpr,pers,A:person-candidate,Other Tanakh
113365,1420260,448830,Joshua,2,1,שטים,nmpr,topo,F:unclassified-name,Other Tanakh
113379,1420260,448834,Joshua,2,1,יריחו,nmpr,topo,F:unclassified-name,Other Tanakh
113389,1420260,448837,Joshua,2,1,רחב,nmpr,pers,A:person-candidate,Other Tanakh
113396,1420261,448839,Joshua,2,2,מלך,subs,,B:deity-candidate,Other Tanakh
113397,1420261,448839,Joshua,2,2,יריחו,nmpr,topo,F:unclassified-name,Other Tanakh
113408,1420261,448842,Joshua,2,2,ישראל,nmpr,"pers,gens,topo",F:unclassified-name,Other Tanakh
113416,1420262,448844,Joshua,2,3,מלך,subs,,B:deity-candidate,Other Tanakh
113417,1420262,448844,Joshua,2,3,יריחו,nmpr,topo,F:unclassified-name,Other Tanakh
113418,1420262,448844,Joshua,2,3,אל,prep,,C:divine-title-candidate,Other Tanakh
113419,1420262,448844,Joshua,2,3,רחב,nmpr,pers,A:person-candidate,Other Tanakh
113427,1420262,448847,Joshua,2,3,אל,prep,,C:divine-title-candidate,Other Tanakh
113454,1420263,448854,Joshua,2,4,אל,prep,,C:divine-title-candidate,Other Tanakh
113511,1420266,448868,Joshua,2,7,ירדן,nmpr,topo,F:unclassified-name,Other Tanakh
113539,1420268,448875,Joshua,2,9,אל,prep,,C:divine-title-candidate,Other Tanakh
113545,1420268,448877,Joshua,2,9,יהוה,nmpr,pers,E:YHWH,Other Tanakh
113569,1420269,448881,Joshua,2,10,יהוה,nmpr,pers,E:YHWH,Other Tanakh
113579,1420269,448882,Joshua,2,10,מצרים,nmpr,topo,F:unclassified-name,Other Tanakh
113585,1420269,448883,Joshua,2,10,מלך,subs,,B:deity-candidate,Other Tanakh
113592,1420269,448884,Joshua,2,10,ירדן,nmpr,topo,F:unclassified-name,Other Tanakh
113594,1420269,448883,Joshua,2,10,סיחון,nmpr,pers,A:person-candidate,Other Tanakh
113597,1420269,448883,Joshua,2,10,עוג,nmpr,pers,A:person-candidate,Other Tanakh
113616,1420270,448889,Joshua,2,11,יהוה,nmpr,pers,E:YHWH,Other Tanakh
113617,1420270,448889,Joshua,2,11,אלהים,subs,,D:Elohim,Other Tanakh
113619,1420270,448890,Joshua,2,11,אלהים,subs,,D:Elohim,Other Tanakh
113637,1420271,448892,Joshua,2,12,יהוה,nmpr,pers,E:YHWH,Other Tanakh
113698,1420273,448904,Joshua,2,14,יהוה,nmpr,pers,E:YHWH,Other Tanakh
113756,1420276,448915,Joshua,2,17,אל,prep,,C:divine-title-candidate,Other Tanakh
113802,1420277,448921,Joshua,2,18,אל,prep,,C:divine-title-candidate,Other Tanakh
113908,1420282,448949,Joshua,2,23,אל,prep,,C:divine-title-candidate,Other Tanakh
113909,1420282,448949,Joshua,2,23,יהושע,nmpr,pers,A:person-candidate,Other Tanakh
113911,1420282,448949,Joshua,2,23,נון,nmpr,pers,A:person-candidate,Other Tanakh
113922,1420283,448952,Joshua,2,24,אל,prep,,C:divine-title-candidate,Other Tanakh
113923,1420283,448952,Joshua,2,24,יהושע,nmpr,pers,A:person-candidate,Other Tanakh
113926,1420283,448953,Joshua,2,24,יהוה,nmpr,pers,E:YHWH,Other Tanakh
113944,1420284,448955,Joshua,3,1,יהושע,nmpr,pers,A:person-candidate,Other Tanakh
113952,1420284,448956,Joshua,3,1,שטים,nmpr,topo,F:unclassified-name,Other Tanakh
113957,1420284,448957,Joshua,3,1,ירדן,nmpr,topo,F:unclassified-name,Other Tanakh
113962,1420284,448957,Joshua,3,1,ישראל,nmpr,"pers,gens,topo",F:unclassified-name,Other Tanakh
113994,1420286,448964,Joshua,3,3,יהוה,nmpr,pers,E:YHWH,Other Tanakh
113995,1420286,448964,Joshua,3,3,אלהים,subs,,D:Elohim,Other Tanakh
114023,1420287,448969,Joshua,3,4,אל,nega,,C:divine-title-candidate,Other Tanakh
114025,1420287,448969,Joshua,3,4,אל,prep,,C:divine-title-candidate,Other Tanakh
114046,1420288,448973,Joshua,3,5,יהושע,nmpr,pers,A:person-candidate,Other Tanakh
114047,1420288,448973,Joshua,3,5,אל,prep,,C:divine-title-candidate,Other Tanakh
114054,1420288,448975,Joshua,3,5,יהוה,nmpr,pers,E:YHWH,Other Tanakh
114060,1420289,448976,Joshua,3,6,יהושע,nmpr,pers,A:person-candidate,Other Tanakh
114061,1420289,448976,Joshua,3,6,אל,prep,,C:divine-title-candidate,Other Tanakh
114091,1420290,448982,Joshua,3,7,יהוה,nmpr,pers,E:YHWH,Other Tanakh
114092,1420290,448982,Joshua,3,7,אל,prep,,C:divine-title-candidate,Other Tanakh
114093,1420290,448982,Joshua,3,7,יהושע,nmpr,pers,A:person-candidate,Other Tanakh
114103,1420290,448984,Joshua,3,7,ישראל,nmpr,"pers,gens,topo",F:unclassified-name,Other Tanakh
114111,1420290,448987,Joshua,3,7,משה,nmpr,pers,A:person-candidate,Other Tanakh
114132,1420291,448990,Joshua,3,8,ירדן,nmpr,topo,F:unclassified-name,Other Tanakh
114135,1420291,448991,Joshua,3,8,ירדן,nmpr,topo,F:unclassified-name,Other Tanakh
114139,1420292,448992,Joshua,3,9,יהושע,nmpr,pers,A:person-candidate,Other Tanakh
114140,1420292,448992,Joshua,3,9,אל,prep,,C:divine-title-candidate,Other Tanakh
114142,1420292,448992,Joshua,3,9,ישראל,nmpr,"pers,gens,topo",F:unclassified-name,Other Tanakh
114149,1420292,448994,Joshua,3,9,יהוה,nmpr,pers,E:YHWH,Other Tanakh
114150,1420292,448994,Joshua,3,9,אלהים,subs,,D:Elohim,Other Tanakh
114153,1420293,448995,Joshua,3,10,יהושע,nmpr,pers,A:person-candidate,Other Tanakh
114158,1420293,448997,Joshua,3,10,אל,subs,,C:divine-title-candidate,Other Tanakh
114205,1420294,448999,Joshua,3,11,ירדן,nmpr,topo,F:unclassified-name,Other Tanakh
114215,1420295,449001,Joshua,3,12,ישראל,nmpr,"pers,gens,topo",F:unclassified-name,Other Tanakh
114233,1420296,449004,Joshua,3,13,יהוה,nmpr,pers,E:YHWH,Other Tanakh
114241,1420296,449004,Joshua,3,13,ירדן,nmpr,topo,F:unclassified-name,Other Tanakh
114244,1420296,449005,Joshua,3,13,ירדן,nmpr,topo,F:unclassified-name,Other Tanakh
114269,1420297,449011,Joshua,3,14,ירדן,nmpr,topo,F:unclassified-name,Other Tanakh
114290,1420298,449013,Joshua,3,15,ירדן,nmpr,topo,F:unclassified-name,Other Tanakh
114305,1420298,449015,Joshua,3,15,ירדן,nmpr,topo,F:unclassified-name,Other Tanakh
114328,1420299,449018,Joshua,3,16,אדם,nmpr,topo,F:unclassified-name,Other Tanakh
114334,1420299,449019,Joshua,3,16,צרתן,nmpr,topo,F:unclassified-name,Other Tanakh
114352,1420299,449023,Joshua,3,16,יריחו,nmpr,topo,F:unclassified-name,Other Tanakh
114361,1420300,449024,Joshua,3,17,יהוה,nmpr,pers,E:YHWH,Other Tanakh
114368,1420300,449024,Joshua,3,17,ירדן,nmpr,topo,F:unclassified-name,Other Tanakh
114372,1420300,449025,Joshua,3,17,ישראל,nmpr,"pers,gens,topo",F:unclassified-name,Other Tanakh
114387,1420300,449027,Joshua,3,17,ירדן,nmpr,topo,F:unclassified-name,Other Tanakh
114400,1420301,449030,Joshua,4,1,ירדן,nmpr,topo,F:unclassified-name,Other Tanakh
114403,1420301,449031,Joshua,4,1,יהוה,nmpr,pers,E:YHWH,Other Tanakh
114404,1420301,449031,Joshua,4,1,אל,prep,,C:divine-title-candidate,Other Tanakh
114405,1420301,449031,Joshua,4,1,יהושע,nmpr,pers,A:person-candidate,Other Tanakh
114434,1420303,449037,Joshua,4,3,ירדן,nmpr,topo,F:unclassified-name,Other Tanakh
114461,1420304,449042,Joshua,4,4,יהושע,nmpr,pers,A:person-candidate,Other Tanakh
114462,1420304,449042,Joshua,4,4,אל,prep,,C:divine-title-candidate,Other Tanakh
114471,1420304,449042,Joshua,4,4,ישראל,nmpr,"pers,gens,topo",F:unclassified-name,Other Tanakh
114481,1420305,449044,Joshua,4,5,יהושע,nmpr,pers,A:person-candidate,Other Tanakh
114486,1420305,449045,Joshua,4,5,יהוה,nmpr,pers,E:YHWH,Other Tanakh
114487,1420305,449045,Joshua,4,5,אלהים,subs,,D:Elohim,Other Tanakh
114488,1420305,449045,Joshua,4,5,אל,prep,,C:divine-title-candidate,Other Tanakh
114491,1420305,449045,Joshua,4,5,ירדן,nmpr,topo,F:unclassified-name,Other Tanakh
114504,1420305,449047,Joshua,4,5,ישראל,nmpr,"pers,gens,topo",F:unclassified-name,Other Tanakh
114530,1420307,449053,Joshua,4,7,ירדן,nmpr,topo,F:unclassified-name,Other Tanakh
114535,1420307,449053,Joshua,4,7,יהוה,nmpr,pers,E:YHWH,Other Tanakh
114540,1420307,449054,Joshua,4,7,ירדן,nmpr,topo,F:unclassified-name,Other Tanakh
114544,1420307,449055,Joshua,4,7,ירדן,nmpr,topo,F:unclassified-name,Other Tanakh
114555,1420307,449056,Joshua,4,7,ישראל,nmpr,"pers,gens,topo",F:unclassified-name,Other Tanakh
114562,1420308,449057,Joshua,4,8,ישראל,nmpr,"pers,gens,topo",F:unclassified-name,Other Tanakh
114566,1420308,449058,Joshua,4,8,יהושע,nmpr,pers,A:person-candidate,Other Tanakh
114575,1420308,449059,Joshua,4,8,ירדן,nmpr,topo,F:unclassified-name,Other Tanakh
114579,1420308,449060,Joshua,4,8,יהוה,nmpr,pers,E:YHWH,Other Tanakh
114580,1420308,449060,Joshua,4,8,אל,prep,,C:divine-title-candidate,Other Tanakh
114581,1420308,449060,Joshua,4,8,יהושע,nmpr,pers,A:person-candidate,Other Tanakh
114586,1420308,449059,Joshua,4,8,ישראל,nmpr,"pers,gens,topo",F:unclassified-name,Other Tanakh
114590,1420308,449061,Joshua,4,8,אל,prep,,C:divine-title-candidate,Other Tanakh
114601,1420309,449063,Joshua,4,9,יהושע,nmpr,pers,A:person-candidate,Other Tanakh
114605,1420309,449063,Joshua,4,9,ירדן,nmpr,topo,F:unclassified-name,Other Tanakh
114633,1420310,449065,Joshua,4,10,ירדן,nmpr,topo,F:unclassified-name,Other Tanakh
114641,1420310,449067,Joshua,4,10,יהוה,nmpr,pers,E:YHWH,Other Tanakh
114643,1420310,449067,Joshua,4,10,יהושע,nmpr,pers,A:person-candidate,Other Tanakh
114646,1420310,449068,Joshua,4,10,אל,prep,,C:divine-title-candidate,Other Tanakh
114653,1420310,449069,Joshua,4,10,משה,nmpr,pers,A:person-candidate,Other Tanakh
114655,1420310,449069,Joshua,4,10,יהושע,nmpr,pers,A:person-candidate,Other Tanakh
114675,1420311,449075,Joshua,4,11,יהוה,nmpr,pers,E:YHWH,Other Tanakh
114686,1420312,449076,Joshua,4,12,ראובן,nmpr,"pers,gens,topo",F:unclassified-name,Other Tanakh
114689,1420312,449076,Joshua,4,12,גד,nmpr,"pers,gens,topo",B:deity-candidate,Other Tanakh
114694,1420312,449076,Joshua,4,12,מנשה,nmpr,"pers,gens",F:unclassified-name,Other Tanakh
114699,1420312,449076,Joshua,4,12,ישראל,nmpr,"pers,gens,topo",F:unclassified-name,Other Tanakh
114703,1420312,449077,Joshua,4,12,אל,prep,,C:divine-title-candidate,Other Tanakh
114704,1420312,449077,Joshua,4,12,משה,nmpr,pers,A:person-candidate,Other Tanakh
114714,1420313,449078,Joshua,4,13,יהוה,nmpr,pers,E:YHWH,Other Tanakh
114718,1420313,449078,Joshua,4,13,אל,prep,,C:divine-title-candidate,Other Tanakh
114720,1420313,449078,Joshua,4,13,יריחו,nmpr,topo,F:unclassified-name,Other Tanakh
114727,1420314,449079,Joshua,4,14,יהוה,nmpr,pers,E:YHWH,Other Tanakh
114729,1420314,449079,Joshua,4,14,יהושע,nmpr,pers,A:person-candidate,Other Tanakh
114733,1420314,449079,Joshua,4,14,ישראל,nmpr,"pers,gens,topo",F:unclassified-name,Other Tanakh
114741,1420314,449081,Joshua,4,14,משה,nmpr,pers,A:person-candidate,Other Tanakh
114747,1420315,449082,Joshua,4,15,יהוה,nmpr,pers,E:YHWH,Other Tanakh
114748,1420315,449082,Joshua,4,15,אל,prep,,C:divine-title-candidate,Other Tanakh
114749,1420315,449082,Joshua,4,15,יהושע,nmpr,pers,A:person-candidate,Other Tanakh
114764,1420316,449085,Joshua,4,16,ירדן,nmpr,topo,F:unclassified-name,Other Tanakh
114767,1420317,449086,Joshua,4,17,יהושע,nmpr,pers,A:person-candidate,Other Tanakh
114776,1420317,449088,Joshua,4,17,ירדן,nmpr,topo,F:unclassified-name,Other Tanakh
114786,1420318,449090,Joshua,4,18,יהוה,nmpr,pers,E:YHWH,Other Tanakh
114790,1420318,449090,Joshua,4,18,ירדן,nmpr,topo,F:unclassified-name,Other Tanakh
114796,1420318,449091,Joshua,4,18,אל,prep,,C:divine-title-candidate,Other Tanakh
114803,1420318,449092,Joshua,4,18,ירדן,nmpr,topo,F:unclassified-name,Other Tanakh
114820,1420319,449094,Joshua,4,19,ירדן,nmpr,topo,F:unclassified-name,Other Tanakh
114833,1420319,449095,Joshua,4,19,גלגל,nmpr,topo,F:unclassified-name,Other Tanakh
114837,1420319,449095,Joshua,4,19,יריחו,nmpr,topo,F:unclassified-name,Other Tanakh
114850,1420320,449097,Joshua,4,20,ירדן,nmpr,topo,F:unclassified-name,Other Tanakh
114852,1420320,449096,Joshua,4,20,יהושע,nmpr,pers,A:person-candidate,Other Tanakh
114855,1420320,449096,Joshua,4,20,גלגל,nmpr,topo,F:unclassified-name,Other Tanakh
114858,1420321,449098,Joshua,4,21,אל,prep,,C:divine-title-candidate,Other Tanakh
114860,1420321,449098,Joshua,4,21,ישראל,nmpr,"pers,gens,topo",F:unclassified-name,Other Tanakh
114886,1420322,449105,Joshua,4,22,ישראל,nmpr,"pers,gens,topo",F:unclassified-name,Other Tanakh
114889,1420322,449105,Joshua,4,22,ירדן,nmpr,topo,F:unclassified-name,Other Tanakh
114894,1420323,449106,Joshua,4,23,יהוה,nmpr,pers,E:YHWH,Other Tanakh
114895,1420323,449106,Joshua,4,23,אלהים,subs,,D:Elohim,Other Tanakh
114899,1420323,449106,Joshua,4,23,ירדן,nmpr,topo,F:unclassified-name,Other Tanakh
114907,1420323,449108,Joshua,4,23,יהוה,nmpr,pers,E:YHWH,Other Tanakh
114908,1420323,449108,Joshua,4,23,אלהים,subs,,D:Elohim,Other Tanakh
114926,1420324,449111,Joshua,4,24,יהוה,nmpr,pers,E:YHWH,Other Tanakh
114933,1420324,449113,Joshua,4,24,יהוה,nmpr,pers,E:YHWH,Other Tanakh
114934,1420324,449113,Joshua,4,24,אלהים,subs,,D:Elohim,Other Tanakh
114943,1420325,449115,Joshua,5,1,מלך,subs,,B:deity-candidate,Other Tanakh
114950,1420325,449116,Joshua,5,1,ירדן,nmpr,topo,F:unclassified-name,Other Tanakh
114954,1420325,449115,Joshua,5,1,מלך,subs,,B:deity-candidate,Other Tanakh
114964,1420325,449118,Joshua,5,1,יהוה,nmpr,pers,E:YHWH,Other Tanakh
114968,1420325,449118,Joshua,5,1,ירדן,nmpr,topo,F:unclassified-name,Other Tanakh
114972,1420325,449118,Joshua,5,1,ישראל,nmpr,"pers,gens,topo",F:unclassified-name,Other Tanakh
114987,1420325,449121,Joshua,5,1,ישראל,nmpr,"pers,gens,topo",F:unclassified-name,Other Tanakh
114994,1420326,449122,Joshua,5,2,יהוה,nmpr,pers,E:YHWH,Other Tanakh
114995,1420326,449122,Joshua,5,2,אל,prep,,C:divine-title-candidate,Other Tanakh
114996,1420326,449122,Joshua,5,2,יהושע,nmpr,pers,A:person-candidate,Other Tanakh
115006,1420326,449125,Joshua,5,2,ישראל,nmpr,"pers,gens,topo",F:unclassified-name,Other Tanakh
115011,1420327,449126,Joshua,5,3,יהושע,nmpr,pers,A:person-candidate,Other Tanakh
115018,1420327,449127,Joshua,5,3,ישראל,nmpr,"pers,gens,topo",F:unclassified-name,Other Tanakh
115019,1420327,449127,Joshua,5,3,אל,prep,,C:divine-title-candidate,Other Tanakh
115029,1420328,449129,Joshua,5,4,יהושע,nmpr,pers,A:person-candidate,Other Tanakh
115036,1420328,449131,Joshua,5,4,מצרים,nmpr,topo,F:unclassified-name,Other Tanakh
115053,1420328,449133,Joshua,5,4,מצרים,nmpr,topo,F:unclassified-name,Other Tanakh
115077,1420329,449138,Joshua,5,5,מצרים,nmpr,topo,F:unclassified-name,Other Tanakh
115085,1420330,449139,Joshua,5,6,ישראל,nmpr,"pers,gens,topo",F:unclassified-name,Other Tanakh
115100,1420330,449141,Joshua,5,6,מצרים,nmpr,topo,F:unclassified-name,Other Tanakh
115106,1420330,449142,Joshua,5,6,יהוה,nmpr,pers,E:YHWH,Other Tanakh
115109,1420330,449143,Joshua,5,6,יהוה,nmpr,pers,E:YHWH,Other Tanakh
115119,1420330,449145,Joshua,5,6,יהוה,nmpr,pers,E:YHWH,Other Tanakh
115137,1420331,449148,Joshua,5,7,יהושע,nmpr,pers,A:person-candidate,Other Tanakh
115168,1420333,449156,Joshua,5,9,יהוה,nmpr,pers,E:YHWH,Other Tanakh
115169,1420333,449156,Joshua,5,9,אל,prep,,C:divine-title-candidate,Other Tanakh
115170,1420333,449156,Joshua,5,9,יהושע,nmpr,pers,A:person-candidate,Other Tanakh
115176,1420333,449157,Joshua,5,9,מצרים,nmpr,topo,F:unclassified-name,Other Tanakh
115186,1420333,449158,Joshua,5,9,גלגל,nmpr,topo,F:unclassified-name,Other Tanakh
115195,1420334,449159,Joshua,5,10,ישראל,nmpr,"pers,gens,topo",F:unclassified-name,Other Tanakh
115198,1420334,449159,Joshua,5,10,גלגל,nmpr,topo,F:unclassified-name,Other Tanakh
115216,1420334,449160,Joshua,5,10,יריחו,nmpr,topo,F:unclassified-name,Other Tanakh
115254,1420336,449164,Joshua,5,12,ישראל,nmpr,"pers,gens,topo",F:unclassified-name,Other Tanakh
115261,1420336,449165,Joshua,5,12,כנען,nmpr,"pers,gens,topo",F:unclassified-name,Other Tanakh
115271,1420337,449167,Joshua,5,13,יהושע,nmpr,pers,A:person-candidate,Other Tanakh
115273,1420337,449167,Joshua,5,13,יריחו,nmpr,topo,F:unclassified-name,Other Tanakh
115292,1420337,449172,Joshua,5,13,יהושע,nmpr,pers,A:person-candidate,Other Tanakh
115293,1420337,449172,Joshua,5,13,אל,prep,,C:divine-title-candidate,Other Tanakh
115310,1420338,449178,Joshua,5,14,יהוה,nmpr,pers,E:YHWH,Other Tanakh
115315,1420338,449180,Joshua,5,14,יהושע,nmpr,pers,A:person-candidate,Other Tanakh
115316,1420338,449180,Joshua,5,14,אל,prep,,C:divine-title-candidate,Other Tanakh
115327,1420338,449183,Joshua,5,14,אל,prep,,C:divine-title-candidate,Other Tanakh
115333,1420339,449184,Joshua,5,15,יהוה,nmpr,pers,E:YHWH,Other Tanakh
115334,1420339,449184,Joshua,5,15,אל,prep,,C:divine-title-candidate,Other Tanakh
115335,1420339,449184,Joshua,5,15,יהושע,nmpr,pers,A:person-candidate,Other Tanakh
115352,1420339,449189,Joshua,5,15,יהושע,nmpr,pers,A:person-candidate,Other Tanakh
115355,1420340,449190,Joshua,6,1,יריחו,nmpr,topo,F:unclassified-name,Other Tanakh
115362,1420340,449191,Joshua,6,1,ישראל,nmpr,"pers,gens,topo",F:unclassified-name,Other Tanakh
115370,1420341,449194,Joshua,6,2,יהוה,nmpr,pers,E:YHWH,Other Tanakh
115371,1420341,449194,Joshua,6,2,אל,prep,,C:divine-title-candidate,Other Tanakh
115372,1420341,449194,Joshua,6,2,יהושע,nmpr,pers,A:person-candidate,Other Tanakh
115378,1420341,449196,Joshua,6,2,יריחו,nmpr,topo,F:unclassified-name,Other Tanakh
115381,1420341,449196,Joshua,6,2,מלך,subs,,B:deity-candidate,Other Tanakh
115469,1420345,449210,Joshua,6,6,יהושע,nmpr,pers,A:person-candidate,Other Tanakh
115471,1420345,449210,Joshua,6,6,נון,nmpr,pers,A:person-candidate,Other Tanakh
115472,1420345,449210,Joshua,6,6,אל,prep,,C:divine-title-candidate,Other Tanakh
115477,1420345,449211,Joshua,6,6,אל,prep,,C:divine-title-candidate,Other Tanakh
115493,1420345,449213,Joshua,6,6,יהוה,nmpr,pers,E:YHWH,Other Tanakh
115496,1420346,449214,Joshua,6,7,אל,prep,,C:divine-title-candidate,Other Tanakh
115512,1420346,449217,Joshua,6,7,יהוה,nmpr,pers,E:YHWH,Other Tanakh
115517,1420347,449219,Joshua,6,8,יהושע,nmpr,pers,A:person-candidate,Other Tanakh
115518,1420347,449219,Joshua,6,8,אל,prep,,C:divine-title-candidate,Other Tanakh
115532,1420347,449221,Joshua,6,8,יהוה,nmpr,pers,E:YHWH,Other Tanakh
115542,1420347,449224,Joshua,6,8,יהוה,nmpr,pers,E:YHWH,Other Tanakh
115574,1420349,449229,Joshua,6,10,יהושע,nmpr,pers,A:person-candidate,Other Tanakh
115593,1420349,449234,Joshua,6,10,אל,prep,,C:divine-title-candidate,Other Tanakh
115600,1420350,449237,Joshua,6,11,יהוה,nmpr,pers,E:YHWH,Other Tanakh
115618,1420351,449241,Joshua,6,12,יהושע,nmpr,pers,A:person-candidate,Other Tanakh
115628,1420351,449242,Joshua,6,12,יהוה,nmpr,pers,E:YHWH,Other Tanakh
115641,1420352,449244,Joshua,6,13,יהוה,nmpr,pers,E:YHWH,Other Tanakh
115661,1420352,449248,Joshua,6,13,יהוה,nmpr,pers,E:YHWH,Other Tanakh
115740,1420355,449261,Joshua,6,16,יהושע,nmpr,pers,A:person-candidate,Other Tanakh
115741,1420355,449261,Joshua,6,16,אל,prep,,C:divine-title-candidate,Other Tanakh
115747,1420355,449263,Joshua,6,16,יהוה,nmpr,pers,E:YHWH,Other Tanakh
115763,1420356,449264,Joshua,6,17,יהוה,nmpr,pers,E:YHWH,Other Tanakh
115765,1420356,449266,Joshua,6,17,רחב,nmpr,pers,A:person-candidate,Other Tanakh
115802,1420357,449273,Joshua,6,18,ישראל,nmpr,"pers,gens,topo",F:unclassified-name,Other Tanakh
115821,1420358,449276,Joshua,6,19,יהוה,nmpr,pers,E:YHWH,Other Tanakh
115823,1420358,449277,Joshua,6,19,יהוה,nmpr,pers,E:YHWH,Other Tanakh
115907,1420361,449289,Joshua,6,22,יהושע,nmpr,pers,A:person-candidate,Other Tanakh
115939,1420362,449296,Joshua,6,23,רחב,nmpr,pers,A:person-candidate,Other Tanakh
115965,1420362,449299,Joshua,6,23,ישראל,nmpr,"pers,gens,topo",F:unclassified-name,Other Tanakh
115993,1420363,449302,Joshua,6,24,יהוה,nmpr,pers,E:YHWH,Other Tanakh
115996,1420364,449303,Joshua,6,25,רחב,nmpr,pers,A:person-candidate,Other Tanakh
116009,1420364,449303,Joshua,6,25,יהושע,nmpr,pers,A:person-candidate,Other Tanakh
116014,1420364,449305,Joshua,6,25,ישראל,nmpr,"pers,gens,topo",F:unclassified-name,Other Tanakh
116027,1420364,449307,Joshua,6,25,יהושע,nmpr,pers,A:person-candidate,Other Tanakh
116031,1420364,449308,Joshua,6,25,יריחו,nmpr,topo,F:unclassified-name,Other Tanakh
116034,1420365,449309,Joshua,6,26,יהושע,nmpr,pers,A:person-candidate,Other Tanakh
116047,1420365,449311,Joshua,6,26,יהוה,nmpr,pers,E:YHWH,Other Tanakh
116058,1420365,449313,Joshua,6,26,יריחו,nmpr,topo,F:unclassified-name,Other Tanakh
116069,1420366,449316,Joshua,6,27,יהוה,nmpr,pers,E:YHWH,Other Tanakh
116071,1420366,449316,Joshua,6,27,יהושע,nmpr,pers,A:person-candidate,Other Tanakh
116082,1420367,449318,Joshua,7,1,ישראל,nmpr,"pers,gens,topo",F:unclassified-name,Other Tanakh
116089,1420367,449319,Joshua,7,1,עכן,nmpr,pers,A:person-candidate,Other Tanakh
116091,1420367,449319,Joshua,7,1,כרמי,nmpr,pers,A:person-candidate,Other Tanakh
116093,1420367,449319,Joshua,7,1,זבדי,nmpr,pers,A:person-candidate,Other Tanakh
116095,1420367,449319,Joshua,7,1,זרח,nmpr,pers,A:person-candidate,Other Tanakh
116098,1420367,449319,Joshua,7,1,יהודה,nmpr,"pers,gens,topo",F:unclassified-name,Other Tanakh
116105,1420367,449320,Joshua,7,1,יהוה,nmpr,pers,E:YHWH,Other Tanakh
116108,1420367,449320,Joshua,7,1,ישראל,nmpr,"pers,gens,topo",F:unclassified-name,Other Tanakh
116111,1420368,449321,Joshua,7,2,יהושע,nmpr,pers,A:person-candidate,Other Tanakh
116114,1420368,449321,Joshua,7,2,יריחו,nmpr,topo,F:unclassified-name,Other Tanakh
116116,1420368,449321,Joshua,7,2,עי,nmpr,topo,F:unclassified-name,Other Tanakh
116119,1420368,449322,Joshua,7,2,בית און,nmpr,topo,F:unclassified-name,Other Tanakh
116123,1420368,449322,Joshua,7,2,בית אל,nmpr,topo,F:unclassified-name,Other Tanakh
116126,1420368,449323,Joshua,7,2,אל,prep,,C:divine-title-candidate,Other Tanakh
116143,1420368,449328,Joshua,7,2,עי,nmpr,topo,F:unclassified-name,Other Tanakh
116146,1420369,449329,Joshua,7,3,אל,prep,,C:divine-title-candidate,Other Tanakh
116147,1420369,449329,Joshua,7,3,יהושע,nmpr,pers,A:person-candidate,Other Tanakh
116150,1420369,449330,Joshua,7,3,אל,prep,,C:divine-title-candidate,Other Tanakh
116151,1420369,449331,Joshua,7,3,אל,nega,,C:divine-title-candidate,Other Tanakh
116169,1420369,449333,Joshua,7,3,עי,nmpr,topo,F:unclassified-name,Other Tanakh
116170,1420369,449334,Joshua,7,3,אל,nega,,C:divine-title-candidate,Other Tanakh
116196,1420370,449337,Joshua,7,4,עי,nmpr,topo,F:unclassified-name,Other Tanakh
116202,1420371,449338,Joshua,7,5,עי,nmpr,topo,F:unclassified-name,Other Tanakh
116216,1420371,449339,Joshua,7,5,שברים,nmpr,topo,F:unclassified-name,Other Tanakh
116233,1420372,449343,Joshua,7,6,יהושע,nmpr,pers,A:person-candidate,Other Tanakh
116243,1420372,449344,Joshua,7,6,יהוה,nmpr,pers,E:YHWH,Other Tanakh
116250,1420372,449344,Joshua,7,6,ישראל,nmpr,"pers,gens,topo",F:unclassified-name,Other Tanakh
116258,1420373,449346,Joshua,7,7,יהושע,nmpr,pers,A:person-candidate,Other Tanakh
116260,1420373,449347,Joshua,7,7,אדני,nmpr,pers,C:divine-title-candidate,Other Tanakh
116261,1420373,449347,Joshua,7,7,יהוה,nmpr,pers,E:YHWH,Other Tanakh
116272,1420373,449348,Joshua,7,7,ירדן,nmpr,topo,F:unclassified-name,Other Tanakh
116290,1420373,449352,Joshua,7,7,ירדן,nmpr,topo,F:unclassified-name,Other Tanakh
116292,1420374,449353,Joshua,7,8,אדני,nmpr,pers,C:divine-title-candidate,Other Tanakh
116298,1420374,449355,Joshua,7,8,ישראל,nmpr,"pers,gens,topo",F:unclassified-name,Other Tanakh
116331,1420376,449360,Joshua,7,10,יהוה,nmpr,pers,E:YHWH,Other Tanakh
116332,1420376,449360,Joshua,7,10,אל,prep,,C:divine-title-candidate,Other Tanakh
116333,1420376,449360,Joshua,7,10,יהושע,nmpr,pers,A:person-candidate,Other Tanakh
116343,1420377,449363,Joshua,7,11,ישראל,nmpr,"pers,gens,topo",F:unclassified-name,Other Tanakh
116373,1420378,449370,Joshua,7,12,ישראל,nmpr,"pers,gens,topo",F:unclassified-name,Other Tanakh
116413,1420379,449381,Joshua,7,13,יהוה,nmpr,pers,E:YHWH,Other Tanakh
116414,1420379,449381,Joshua,7,13,אלהים,subs,,D:Elohim,Other Tanakh
116415,1420379,449381,Joshua,7,13,ישראל,nmpr,"pers,gens,topo",F:unclassified-name,Other Tanakh
116419,1420379,449383,Joshua,7,13,ישראל,nmpr,"pers,gens,topo",F:unclassified-name,Other Tanakh
116446,1420380,449390,Joshua,7,14,יהוה,nmpr,pers,E:YHWH,Other Tanakh
116456,1420380,449392,Joshua,7,14,יהוה,nmpr,pers,E:YHWH,Other Tanakh
116466,1420380,449394,Joshua,7,14,יהוה,nmpr,pers,E:YHWH,Other Tanakh
116492,1420381,449400,Joshua,7,15,יהוה,nmpr,pers,E:YHWH,Other Tanakh
116498,1420381,449401,Joshua,7,15,ישראל,nmpr,"pers,gens,topo",F:unclassified-name,Other Tanakh
116501,1420382,449402,Joshua,7,16,יהושע,nmpr,pers,A:person-candidate,Other Tanakh
116508,1420382,449403,Joshua,7,16,ישראל,nmpr,"pers,gens,topo",F:unclassified-name,Other Tanakh
116514,1420382,449404,Joshua,7,16,יהודה,nmpr,"pers,gens,topo",F:unclassified-name,Other Tanakh
116519,1420383,449405,Joshua,7,17,יהודה,nmpr,"pers,gens,topo",F:unclassified-name,Other Tanakh
116537,1420383,449408,Joshua,7,17,זבדי,nmpr,pers,A:person-candidate,Other Tanakh
116547,1420384,449410,Joshua,7,18,עכן,nmpr,pers,A:person-candidate,Other Tanakh
116549,1420384,449410,Joshua,7,18,כרמי,nmpr,pers,A:person-candidate,Other Tanakh
116551,1420384,449410,Joshua,7,18,זבדי,nmpr,pers,A:person-candidate,Other Tanakh
116553,1420384,449410,Joshua,7,18,זרח,nmpr,pers,A:person-candidate,Other Tanakh
116556,1420384,449410,Joshua,7,18,יהודה,nmpr,"pers,gens,topo",F:unclassified-name,Other Tanakh
116559,1420385,449411,Joshua,7,19,יהושע,nmpr,pers,A:person-candidate,Other Tanakh
116560,1420385,449411,Joshua,7,19,אל,prep,,C:divine-title-candidate,Other Tanakh
116561,1420385,449411,Joshua,7,19,עכן,nmpr,pers,A:person-candidate,Other Tanakh
116567,1420385,449413,Joshua,7,19,יהוה,nmpr,pers,E:YHWH,Other Tanakh
116568,1420385,449413,Joshua,7,19,אלהים,subs,,D:Elohim,Other Tanakh
116569,1420385,449413,Joshua,7,19,ישראל,nmpr,"pers,gens,topo",F:unclassified-name,Other Tanakh
116580,1420385,449417,Joshua,7,19,אל,nega,,C:divine-title-candidate,Other Tanakh
116585,1420386,449418,Joshua,7,20,עכן,nmpr,pers,A:person-candidate,Other Tanakh
116587,1420386,449418,Joshua,7,20,יהושע,nmpr,pers,A:person-candidate,Other Tanakh
116594,1420386,449420,Joshua,7,20,יהוה,nmpr,pers,E:YHWH,Other Tanakh
116595,1420386,449420,Joshua,7,20,אלהים,subs,,D:Elohim,Other Tanakh
116596,1420386,449420,Joshua,7,20,ישראל,nmpr,"pers,gens,topo",F:unclassified-name,Other Tanakh
116610,1420387,449422,Joshua,7,21,שנער,nmpr,topo,F:unclassified-name,Other Tanakh
116644,1420388,449428,Joshua,7,22,יהושע,nmpr,pers,A:person-candidate,Other Tanakh
116667,1420389,449433,Joshua,7,23,אל,prep,,C:divine-title-candidate,Other Tanakh
116668,1420389,449433,Joshua,7,23,יהושע,nmpr,pers,A:person-candidate,Other Tanakh
116670,1420389,449433,Joshua,7,23,אל,prep,,C:divine-title-candidate,Other Tanakh
116673,1420389,449433,Joshua,7,23,ישראל,nmpr,"pers,gens,topo",F:unclassified-name,Other Tanakh
116678,1420389,449434,Joshua,7,23,יהוה,nmpr,pers,E:YHWH,Other Tanakh
116681,1420390,449435,Joshua,7,24,יהושע,nmpr,pers,A:person-candidate,Other Tanakh
116683,1420390,449435,Joshua,7,24,עכן,nmpr,pers,A:person-candidate,Other Tanakh
116685,1420390,449435,Joshua,7,24,זרח,nmpr,pers,A:person-candidate,Other Tanakh
116724,1420390,449435,Joshua,7,24,ישראל,nmpr,"pers,gens,topo",F:unclassified-name,Other Tanakh
116730,1420390,449437,Joshua,7,24,עכור,nmpr,topo,F:unclassified-name,Other Tanakh
116733,1420391,449438,Joshua,7,25,יהושע,nmpr,pers,A:person-candidate,Other Tanakh
116737,1420391,449440,Joshua,7,25,יהוה,nmpr,pers,E:YHWH,Other Tanakh
116747,1420391,449441,Joshua,7,25,ישראל,nmpr,"pers,gens,topo",F:unclassified-name,Other Tanakh
116774,1420392,449445,Joshua,7,26,יהוה,nmpr,pers,E:YHWH,Other Tanakh
116787,1420392,449446,Joshua,7,26,עכור,nmpr,topo,F:unclassified-name,Other Tanakh
116795,1420393,449447,Joshua,8,1,יהוה,nmpr,pers,E:YHWH,Other Tanakh
116796,1420393,449447,Joshua,8,1,אל,prep,,C:divine-title-candidate,Other Tanakh
116797,1420393,449447,Joshua,8,1,יהושע,nmpr,pers,A:person-candidate,Other Tanakh
116798,1420393,449448,Joshua,8,1,אל,nega,,C:divine-title-candidate,Other Tanakh
116801,1420393,449449,Joshua,8,1,אל,nega,,C:divine-title-candidate,Other Tanakh
116814,1420393,449452,Joshua,8,1,עי,nmpr,topo,F:unclassified-name,Other Tanakh
116820,1420393,449454,Joshua,8,1,מלך,subs,,B:deity-candidate,Other Tanakh
116822,1420393,449454,Joshua,8,1,עי,nmpr,topo,F:unclassified-name,Other Tanakh
116836,1420394,449455,Joshua,8,2,עי,nmpr,topo,F:unclassified-name,Other Tanakh
116839,1420394,449455,Joshua,8,2,מלך,subs,,B:deity-candidate,Other Tanakh
116844,1420394,449456,Joshua,8,2,יריחו,nmpr,topo,F:unclassified-name,Other Tanakh
116847,1420394,449456,Joshua,8,2,מלך,subs,,B:deity-candidate,Other Tanakh
116864,1420395,449460,Joshua,8,3,יהושע,nmpr,pers,A:person-candidate,Other Tanakh
116873,1420395,449461,Joshua,8,3,עי,nmpr,topo,F:unclassified-name,Other Tanakh
116876,1420395,449462,Joshua,8,3,יהושע,nmpr,pers,A:person-candidate,Other Tanakh
116901,1420396,449468,Joshua,8,4,אל,nega,,C:divine-title-candidate,Other Tanakh
116920,1420397,449470,Joshua,8,5,אל,prep,,C:divine-title-candidate,Other Tanakh
116974,1420399,449485,Joshua,8,7,יהוה,nmpr,pers,E:YHWH,Other Tanakh
116975,1420399,449485,Joshua,8,7,אלהים,subs,,D:Elohim,Other Tanakh
116994,1420400,449489,Joshua,8,8,יהוה,nmpr,pers,E:YHWH,Other Tanakh
117001,1420401,449492,Joshua,8,9,יהושע,nmpr,pers,A:person-candidate,Other Tanakh
117004,1420401,449493,Joshua,8,9,אל,prep,,C:divine-title-candidate,Other Tanakh
117010,1420401,449494,Joshua,8,9,בית אל,nmpr,topo,F:unclassified-name,Other Tanakh
117014,1420401,449494,Joshua,8,9,עי,nmpr,topo,F:unclassified-name,Other Tanakh
117019,1420401,449494,Joshua,8,9,עי,nmpr,topo,F:unclassified-name,Other Tanakh
117022,1420401,449495,Joshua,8,9,יהושע,nmpr,pers,A:person-candidate,Other Tanakh
117034,1420402,449496,Joshua,8,10,יהושע,nmpr,pers,A:person-candidate,Other Tanakh
117048,1420402,449498,Joshua,8,10,ישראל,nmpr,"pers,gens,topo",F:unclassified-name,Other Tanakh
117054,1420402,449498,Joshua,8,10,עי,nmpr,topo,F:unclassified-name,Other Tanakh
117077,1420403,449503,Joshua,8,11,עי,nmpr,topo,F:unclassified-name,Other Tanakh
117085,1420403,449504,Joshua,8,11,עי,nmpr,topo,F:unclassified-name,Other Tanakh
117097,1420404,449506,Joshua,8,12,בית אל,nmpr,topo,F:unclassified-name,Other Tanakh
117101,1420404,449506,Joshua,8,12,עי,nmpr,topo,F:unclassified-name,Other Tanakh
117131,1420405,449510,Joshua,8,13,יהושע,nmpr,pers,A:person-candidate,Other Tanakh
117145,1420406,449512,Joshua,8,14,מלך,subs,,B:deity-candidate,Other Tanakh
117147,1420406,449512,Joshua,8,14,עי,nmpr,topo,F:unclassified-name,Other Tanakh
117159,1420406,449516,Joshua,8,14,ישראל,nmpr,"pers,gens,topo",F:unclassified-name,Other Tanakh
117187,1420407,449520,Joshua,8,15,יהושע,nmpr,pers,A:person-candidate,Other Tanakh
117190,1420407,449520,Joshua,8,15,ישראל,nmpr,"pers,gens,topo",F:unclassified-name,Other Tanakh
117206,1420408,449523,Joshua,8,16,עי,nmpr,topo,F:unclassified-name,Other Tanakh
117213,1420408,449525,Joshua,8,16,יהושע,nmpr,pers,A:person-candidate,Other Tanakh
117225,1420409,449527,Joshua,8,17,עי,nmpr,topo,F:unclassified-name,Other Tanakh
117227,1420409,449527,Joshua,8,17,בית אל,nmpr,topo,F:unclassified-name,Other Tanakh
117232,1420409,449528,Joshua,8,17,ישראל,nmpr,"pers,gens,topo",F:unclassified-name,Other Tanakh
117242,1420409,449530,Joshua,8,17,ישראל,nmpr,"pers,gens,topo",F:unclassified-name,Other Tanakh
117245,1420410,449531,Joshua,8,18,יהוה,nmpr,pers,E:YHWH,Other Tanakh
117246,1420410,449531,Joshua,8,18,אל,prep,,C:divine-title-candidate,Other Tanakh
117247,1420410,449531,Joshua,8,18,יהושע,nmpr,pers,A:person-candidate,Other Tanakh
117255,1420410,449532,Joshua,8,18,אל,prep,,C:divine-title-candidate,Other Tanakh
117257,1420410,449532,Joshua,8,18,עי,nmpr,topo,F:unclassified-name,Other Tanakh
117264,1420410,449535,Joshua,8,18,יהושע,nmpr,pers,A:person-candidate,Other Tanakh
117271,1420410,449535,Joshua,8,18,אל,prep,,C:divine-title-candidate,Other Tanakh
117306,1420412,449544,Joshua,8,20,עי,nmpr,topo,F:unclassified-name,Other Tanakh
117336,1420412,449549,Joshua,8,20,אל,prep,,C:divine-title-candidate,Other Tanakh
117340,1420413,449551,Joshua,8,21,יהושע,nmpr,pers,A:person-candidate,Other Tanakh
117343,1420413,449551,Joshua,8,21,ישראל,nmpr,"pers,gens,topo",F:unclassified-name,Other Tanakh
117365,1420413,449555,Joshua,8,21,עי,nmpr,topo,F:unclassified-name,Other Tanakh
117377,1420414,449558,Joshua,8,22,ישראל,nmpr,"pers,gens,topo",F:unclassified-name,Other Tanakh
117400,1420415,449563,Joshua,8,23,מלך,subs,,B:deity-candidate,Other Tanakh
117402,1420415,449563,Joshua,8,23,עי,nmpr,topo,F:unclassified-name,Other Tanakh
117408,1420415,449564,Joshua,8,23,אל,prep,,C:divine-title-candidate,Other Tanakh
117409,1420415,449564,Joshua,8,23,יהושע,nmpr,pers,A:person-candidate,Other Tanakh
117414,1420416,449566,Joshua,8,24,ישראל,nmpr,"pers,gens,topo",F:unclassified-name,Other Tanakh
117421,1420416,449567,Joshua,8,24,עי,nmpr,topo,F:unclassified-name,Other Tanakh
117442,1420416,449571,Joshua,8,24,ישראל,nmpr,"pers,gens,topo",F:unclassified-name,Other Tanakh
117444,1420416,449571,Joshua,8,24,עי,nmpr,topo,F:unclassified-name,Other Tanakh
117472,1420417,449573,Joshua,8,25,עי,nmpr,topo,F:unclassified-name,Other Tanakh
117474,1420418,449575,Joshua,8,26,יהושע,nmpr,pers,A:person-candidate,Other Tanakh
117490,1420418,449577,Joshua,8,26,עי,nmpr,topo,F:unclassified-name,Other Tanakh
117502,1420419,449578,Joshua,8,27,ישראל,nmpr,"pers,gens,topo",F:unclassified-name,Other Tanakh
117505,1420419,449578,Joshua,8,27,יהוה,nmpr,pers,E:YHWH,Other Tanakh
117509,1420419,449579,Joshua,8,27,יהושע,nmpr,pers,A:person-candidate,Other Tanakh
117512,1420420,449580,Joshua,8,28,יהושע,nmpr,pers,A:person-candidate,Other Tanakh
117515,1420420,449580,Joshua,8,28,עי,nmpr,topo,F:unclassified-name,Other Tanakh
117528,1420421,449582,Joshua,8,29,מלך,subs,,B:deity-candidate,Other Tanakh
117530,1420421,449582,Joshua,8,29,עי,nmpr,topo,F:unclassified-name,Other Tanakh
117545,1420421,449583,Joshua,8,29,יהושע,nmpr,pers,A:person-candidate,Other Tanakh
117556,1420421,449586,Joshua,8,29,אל,prep,,C:divine-title-candidate,Other Tanakh
117574,1420422,449588,Joshua,8,30,יהושע,nmpr,pers,A:person-candidate,Other Tanakh
117577,1420422,449588,Joshua,8,30,יהוה,nmpr,pers,E:YHWH,Other Tanakh
117578,1420422,449588,Joshua,8,30,אלהים,subs,,D:Elohim,Other Tanakh
117579,1420422,449588,Joshua,8,30,ישראל,nmpr,"pers,gens,topo",F:unclassified-name,Other Tanakh
117582,1420422,449588,Joshua,8,30,עיבל,nmpr,topo,F:unclassified-name,Other Tanakh
117586,1420423,449589,Joshua,8,31,משה,nmpr,pers,A:person-candidate,Other Tanakh
117588,1420423,449589,Joshua,8,31,יהוה,nmpr,pers,E:YHWH,Other Tanakh
117591,1420423,449589,Joshua,8,31,ישראל,nmpr,"pers,gens,topo",F:unclassified-name,Other Tanakh
117598,1420423,449590,Joshua,8,31,משה,nmpr,pers,A:person-candidate,Other Tanakh
117612,1420423,449593,Joshua,8,31,יהוה,nmpr,pers,E:YHWH,Other Tanakh
117625,1420424,449595,Joshua,8,32,משה,nmpr,pers,A:person-candidate,Other Tanakh
117631,1420424,449596,Joshua,8,32,ישראל,nmpr,"pers,gens,topo",F:unclassified-name,Other Tanakh
117634,1420425,449597,Joshua,8,33,ישראל,nmpr,"pers,gens,topo",F:unclassified-name,Other Tanakh
117658,1420425,449597,Joshua,8,33,יהוה,nmpr,pers,E:YHWH,Other Tanakh
117666,1420425,449598,Joshua,8,33,אל,prep,,C:divine-title-candidate,Other Tanakh
117669,1420425,449598,Joshua,8,33,גרזים,nmpr,topo,F:unclassified-name,Other Tanakh
117673,1420425,449599,Joshua,8,33,אל,prep,,C:divine-title-candidate,Other Tanakh
117676,1420425,449599,Joshua,8,33,עיבל,nmpr,topo,F:unclassified-name,Other Tanakh
117680,1420425,449600,Joshua,8,33,משה,nmpr,pers,A:person-candidate,Other Tanakh
117682,1420425,449600,Joshua,8,33,יהוה,nmpr,pers,E:YHWH,Other Tanakh
117688,1420425,449601,Joshua,8,33,ישראל,nmpr,"pers,gens,topo",F:unclassified-name,Other Tanakh
117721,1420427,449605,Joshua,8,35,משה,nmpr,pers,A:person-candidate,Other Tanakh
117725,1420427,449606,Joshua,8,35,יהושע,nmpr,pers,A:person-candidate,Other Tanakh
117729,1420427,449606,Joshua,8,35,ישראל,nmpr,"pers,gens,topo",F:unclassified-name,Other Tanakh
117749,1420428,449609,Joshua,9,1,מלך,subs,,B:deity-candidate,Other Tanakh
117754,1420428,449610,Joshua,9,1,ירדן,nmpr,topo,F:unclassified-name,Other Tanakh
117770,1420428,449610,Joshua,9,1,אל,prep,,C:divine-title-candidate,Other Tanakh
117773,1420428,449610,Joshua,9,1,לבנון,nmpr,topo,F:unclassified-name,Other Tanakh
117794,1420429,449612,Joshua,9,2,יהושע,nmpr,pers,A:person-candidate,Other Tanakh
117797,1420429,449612,Joshua,9,2,ישראל,nmpr,"pers,gens,topo",F:unclassified-name,Other Tanakh
117802,1420430,449613,Joshua,9,3,גבעון,nmpr,topo,F:unclassified-name,Other Tanakh
117807,1420430,449614,Joshua,9,3,יהושע,nmpr,pers,A:person-candidate,Other Tanakh
117809,1420430,449614,Joshua,9,3,יריחו,nmpr,topo,F:unclassified-name,Other Tanakh
117813,1420430,449614,Joshua,9,3,עי,nmpr,topo,F:unclassified-name,Other Tanakh
117858,1420433,449623,Joshua,9,6,אל,prep,,C:divine-title-candidate,Other Tanakh
117859,1420433,449623,Joshua,9,6,יהושע,nmpr,pers,A:person-candidate,Other Tanakh
117860,1420433,449623,Joshua,9,6,אל,prep,,C:divine-title-candidate,Other Tanakh
117864,1420433,449623,Joshua,9,6,גלגל,nmpr,topo,F:unclassified-name,Other Tanakh
117867,1420433,449624,Joshua,9,6,אל,prep,,C:divine-title-candidate,Other Tanakh
117869,1420433,449624,Joshua,9,6,אל,prep,,C:divine-title-candidate,Other Tanakh
117871,1420433,449624,Joshua,9,6,ישראל,nmpr,"pers,gens,topo",F:unclassified-name,Other Tanakh
117884,1420434,449628,Joshua,9,7,ישראל,nmpr,"pers,gens,topo",F:unclassified-name,Other Tanakh
117885,1420434,449628,Joshua,9,7,אל,prep,,C:divine-title-candidate,Other Tanakh
117900,1420435,449631,Joshua,9,8,אל,prep,,C:divine-title-candidate,Other Tanakh
117901,1420435,449631,Joshua,9,8,יהושע,nmpr,pers,A:person-candidate,Other Tanakh
117906,1420435,449633,Joshua,9,8,אל,prep,,C:divine-title-candidate,Other Tanakh
117907,1420435,449633,Joshua,9,8,יהושע,nmpr,pers,A:person-candidate,Other Tanakh
117916,1420436,449636,Joshua,9,9,אל,prep,,C:divine-title-candidate,Other Tanakh
117925,1420436,449637,Joshua,9,9,יהוה,nmpr,pers,E:YHWH,Other Tanakh
117926,1420436,449637,Joshua,9,9,אלהים,subs,,D:Elohim,Other Tanakh
117936,1420436,449640,Joshua,9,9,מצרים,nmpr,topo,F:unclassified-name,Other Tanakh
117944,1420437,449641,Joshua,9,10,מלך,subs,,B:deity-candidate,Other Tanakh
117951,1420437,449642,Joshua,9,10,ירדן,nmpr,topo,F:unclassified-name,Other Tanakh
117953,1420437,449641,Joshua,9,10,סיחון,nmpr,pers,A:person-candidate,Other Tanakh
117954,1420437,449641,Joshua,9,10,מלך,subs,,B:deity-candidate,Other Tanakh
117955,1420437,449641,Joshua,9,10,חשבון,nmpr,topo,F:unclassified-name,Other Tanakh
117958,1420437,449641,Joshua,9,10,עוג,nmpr,pers,A:person-candidate,Other Tanakh
117959,1420437,449641,Joshua,9,10,מלך,subs,,B:deity-candidate,Other Tanakh
117961,1420437,449641,Joshua,9,10,בשן,nmpr,topo,F:unclassified-name,Other Tanakh
117964,1420437,449643,Joshua,9,10,עשתרות,nmpr,topo,F:unclassified-name,Other Tanakh
117967,1420438,449644,Joshua,9,11,אל,prep,,C:divine-title-candidate,Other Tanakh
117988,1420438,449649,Joshua,9,11,אל,prep,,C:divine-title-candidate,Other Tanakh
118008,1420439,449656,Joshua,9,12,אל,prep,,C:divine-title-candidate,Other Tanakh
118047,1420441,449666,Joshua,9,14,יהוה,nmpr,pers,E:YHWH,Other Tanakh
118053,1420442,449667,Joshua,9,15,יהושע,nmpr,pers,A:person-candidate,Other Tanakh
118083,1420443,449674,Joshua,9,16,אל,prep,,C:divine-title-candidate,Other Tanakh
118092,1420444,449676,Joshua,9,17,ישראל,nmpr,"pers,gens,topo",F:unclassified-name,Other Tanakh
118095,1420444,449677,Joshua,9,17,אל,prep,,C:divine-title-candidate,Other Tanakh
118104,1420444,449678,Joshua,9,17,גבעון,nmpr,topo,F:unclassified-name,Other Tanakh
118107,1420444,449678,Joshua,9,17,כפירה,nmpr,topo,F:unclassified-name,Other Tanakh
118109,1420444,449678,Joshua,9,17,בארות,nmpr,topo,F:unclassified-name,Other Tanakh
118111,1420444,449678,Joshua,9,17,קרית יערים,nmpr,topo,F:unclassified-name,Other Tanakh
118116,1420445,449679,Joshua,9,18,ישראל,nmpr,"pers,gens,topo",F:unclassified-name,Other Tanakh
118124,1420445,449680,Joshua,9,18,יהוה,nmpr,pers,E:YHWH,Other Tanakh
118125,1420445,449680,Joshua,9,18,אלהים,subs,,D:Elohim,Other Tanakh
118126,1420445,449680,Joshua,9,18,ישראל,nmpr,"pers,gens,topo",F:unclassified-name,Other Tanakh
118140,1420446,449682,Joshua,9,19,אל,prep,,C:divine-title-candidate,Other Tanakh
118148,1420446,449683,Joshua,9,19,יהוה,nmpr,pers,E:YHWH,Other Tanakh
118149,1420446,449683,Joshua,9,19,אלהים,subs,,D:Elohim,Other Tanakh
118150,1420446,449683,Joshua,9,19,ישראל,nmpr,"pers,gens,topo",F:unclassified-name,Other Tanakh
118177,1420448,449690,Joshua,9,21,אל,prep,,C:divine-title-candidate,Other Tanakh
118201,1420449,449694,Joshua,9,22,יהושע,nmpr,pers,A:person-candidate,Other Tanakh
118204,1420449,449695,Joshua,9,22,אל,prep,,C:divine-title-candidate,Other Tanakh
118238,1420450,449703,Joshua,9,23,אלהים,subs,,D:Elohim,Other Tanakh
118242,1420451,449704,Joshua,9,24,יהושע,nmpr,pers,A:person-candidate,Other Tanakh
118253,1420451,449707,Joshua,9,24,יהוה,nmpr,pers,E:YHWH,Other Tanakh
118254,1420451,449707,Joshua,9,24,אלהים,subs,,D:Elohim,Other Tanakh
118256,1420451,449707,Joshua,9,24,משה,nmpr,pers,A:person-candidate,Other Tanakh
118317,1420453,449717,Joshua,9,26,ישראל,nmpr,"pers,gens,topo",F:unclassified-name,Other Tanakh
118323,1420454,449719,Joshua,9,27,יהושע,nmpr,pers,A:person-candidate,Other Tanakh
118340,1420454,449719,Joshua,9,27,יהוה,nmpr,pers,E:YHWH,Other Tanakh
118346,1420454,449719,Joshua,9,27,אל,prep,,C:divine-title-candidate,Other Tanakh
118355,1420455,449722,Joshua,10,1,אדני צדק,nmpr,pers,A:person-candidate,Other Tanakh
118356,1420455,449722,Joshua,10,1,מלך,subs,,B:deity-candidate,Other Tanakh
118357,1420455,449722,Joshua,10,1,ירושלם,nmpr,topo,F:unclassified-name,Other Tanakh
118360,1420455,449723,Joshua,10,1,יהושע,nmpr,pers,A:person-candidate,Other Tanakh
118363,1420455,449723,Joshua,10,1,עי,nmpr,topo,F:unclassified-name,Other Tanakh
118370,1420455,449725,Joshua,10,1,יריחו,nmpr,topo,F:unclassified-name,Other Tanakh
118373,1420455,449725,Joshua,10,1,מלך,subs,,B:deity-candidate,Other Tanakh
118378,1420455,449726,Joshua,10,1,עי,nmpr,topo,F:unclassified-name,Other Tanakh
118381,1420455,449726,Joshua,10,1,מלך,subs,,B:deity-candidate,Other Tanakh
118386,1420455,449727,Joshua,10,1,גבעון,nmpr,topo,F:unclassified-name,Other Tanakh
118388,1420455,449727,Joshua,10,1,ישראל,nmpr,"pers,gens,topo",F:unclassified-name,Other Tanakh
118399,1420456,449730,Joshua,10,2,גבעון,nmpr,topo,F:unclassified-name,Other Tanakh
118411,1420456,449731,Joshua,10,2,עי,nmpr,topo,F:unclassified-name,Other Tanakh
118418,1420457,449733,Joshua,10,3,אדני צדק,nmpr,pers,A:person-candidate,Other Tanakh
118419,1420457,449733,Joshua,10,3,מלך,subs,,B:deity-candidate,Other Tanakh
118420,1420457,449733,Joshua,10,3,ירושלם,nmpr,topo,F:unclassified-name,Other Tanakh
118421,1420457,449733,Joshua,10,3,אל,prep,,C:divine-title-candidate,Other Tanakh
118422,1420457,449733,Joshua,10,3,הוהם,nmpr,pers,A:person-candidate,Other Tanakh
118423,1420457,449733,Joshua,10,3,מלך,subs,,B:deity-candidate,Other Tanakh
118424,1420457,449733,Joshua,10,3,חברון,nmpr,topo,F:unclassified-name,Other Tanakh
118426,1420457,449733,Joshua,10,3,אל,prep,,C:divine-title-candidate,Other Tanakh
118427,1420457,449733,Joshua,10,3,פראם,nmpr,pers,A:person-candidate,Other Tanakh
118428,1420457,449733,Joshua,10,3,מלך,subs,,B:deity-candidate,Other Tanakh
118429,1420457,449733,Joshua,10,3,ירמות,nmpr,topo,F:unclassified-name,Other Tanakh
118431,1420457,449733,Joshua,10,3,אל,prep,,C:divine-title-candidate,Other Tanakh
118432,1420457,449733,Joshua,10,3,יפיע,nmpr,pers,A:person-candidate,Other Tanakh
118433,1420457,449733,Joshua,10,3,מלך,subs,,B:deity-candidate,Other Tanakh
118434,1420457,449733,Joshua,10,3,לכיש,nmpr,topo,F:unclassified-name,Other Tanakh
118436,1420457,449733,Joshua,10,3,אל,prep,,C:divine-title-candidate,Other Tanakh
118437,1420457,449733,Joshua,10,3,דביר,nmpr,pers,A:person-candidate,Other Tanakh
118438,1420457,449733,Joshua,10,3,מלך,subs,,B:deity-candidate,Other Tanakh
118439,1420457,449733,Joshua,10,3,עגלון,nmpr,topo,F:unclassified-name,Other Tanakh
118443,1420458,449735,Joshua,10,4,אל,prep,,C:divine-title-candidate,Other Tanakh
118449,1420458,449737,Joshua,10,4,גבעון,nmpr,topo,F:unclassified-name,Other Tanakh
118453,1420458,449738,Joshua,10,4,יהושע,nmpr,pers,A:person-candidate,Other Tanakh
118457,1420458,449738,Joshua,10,4,ישראל,nmpr,"pers,gens,topo",F:unclassified-name,Other Tanakh
118463,1420459,449740,Joshua,10,5,מלך,subs,,B:deity-candidate,Other Tanakh
118466,1420459,449740,Joshua,10,5,מלך,subs,,B:deity-candidate,Other Tanakh
118467,1420459,449740,Joshua,10,5,ירושלם,nmpr,topo,F:unclassified-name,Other Tanakh
118468,1420459,449740,Joshua,10,5,מלך,subs,,B:deity-candidate,Other Tanakh
118469,1420459,449740,Joshua,10,5,חברון,nmpr,topo,F:unclassified-name,Other Tanakh
118470,1420459,449740,Joshua,10,5,מלך,subs,,B:deity-candidate,Other Tanakh
118471,1420459,449740,Joshua,10,5,ירמות,nmpr,topo,F:unclassified-name,Other Tanakh
118472,1420459,449740,Joshua,10,5,מלך,subs,,B:deity-candidate,Other Tanakh
118473,1420459,449740,Joshua,10,5,לכיש,nmpr,topo,F:unclassified-name,Other Tanakh
118474,1420459,449740,Joshua,10,5,מלך,subs,,B:deity-candidate,Other Tanakh
118475,1420459,449740,Joshua,10,5,עגלון,nmpr,topo,F:unclassified-name,Other Tanakh
118483,1420459,449741,Joshua,10,5,גבעון,nmpr,topo,F:unclassified-name,Other Tanakh
118490,1420460,449743,Joshua,10,6,גבעון,nmpr,topo,F:unclassified-name,Other Tanakh
118491,1420460,449743,Joshua,10,6,אל,prep,,C:divine-title-candidate,Other Tanakh
118492,1420460,449743,Joshua,10,6,יהושע,nmpr,pers,A:person-candidate,Other Tanakh
118493,1420460,449743,Joshua,10,6,אל,prep,,C:divine-title-candidate,Other Tanakh
118497,1420460,449743,Joshua,10,6,גלגל,nmpr,topo,F:unclassified-name,Other Tanakh
118500,1420460,449745,Joshua,10,6,אל,nega,,C:divine-title-candidate,Other Tanakh
118506,1420460,449746,Joshua,10,6,אל,prep,,C:divine-title-candidate,Other Tanakh
118515,1420460,449749,Joshua,10,6,אל,prep,,C:divine-title-candidate,Other Tanakh
118517,1420460,449749,Joshua,10,6,מלך,subs,,B:deity-candidate,Other Tanakh
118525,1420461,449750,Joshua,10,7,יהושע,nmpr,pers,A:person-candidate,Other Tanakh
118528,1420461,449750,Joshua,10,7,גלגל,nmpr,topo,F:unclassified-name,Other Tanakh
118543,1420462,449751,Joshua,10,8,יהוה,nmpr,pers,E:YHWH,Other Tanakh
118544,1420462,449751,Joshua,10,8,אל,prep,,C:divine-title-candidate,Other Tanakh
118545,1420462,449751,Joshua,10,8,יהושע,nmpr,pers,A:person-candidate,Other Tanakh
118546,1420462,449752,Joshua,10,8,אל,nega,,C:divine-title-candidate,Other Tanakh
118561,1420463,449755,Joshua,10,9,אל,prep,,C:divine-title-candidate,Other Tanakh
118562,1420463,449755,Joshua,10,9,יהושע,nmpr,pers,A:person-candidate,Other Tanakh
118570,1420463,449756,Joshua,10,9,גלגל,nmpr,topo,F:unclassified-name,Other Tanakh
118573,1420464,449757,Joshua,10,10,יהוה,nmpr,pers,E:YHWH,Other Tanakh
118576,1420464,449757,Joshua,10,10,ישראל,nmpr,"pers,gens,topo",F:unclassified-name,Other Tanakh
118582,1420464,449758,Joshua,10,10,גבעון,nmpr,topo,F:unclassified-name,Other Tanakh
118587,1420464,449759,Joshua,10,10,בית חורון,nmpr,topo,F:unclassified-name,Other Tanakh
118591,1420464,449760,Joshua,10,10,עזקה,nmpr,topo,F:unclassified-name,Other Tanakh
118594,1420464,449760,Joshua,10,10,מקדה,nmpr,topo,F:unclassified-name,Other Tanakh
118601,1420465,449762,Joshua,10,11,ישראל,nmpr,"pers,gens,topo",F:unclassified-name,Other Tanakh
118605,1420465,449763,Joshua,10,11,בית חורון,nmpr,topo,F:unclassified-name,Other Tanakh
118607,1420465,449764,Joshua,10,11,יהוה,nmpr,pers,E:YHWH,Other Tanakh
118616,1420465,449764,Joshua,10,11,עזקה,nmpr,topo,F:unclassified-name,Other Tanakh
118630,1420465,449768,Joshua,10,11,ישראל,nmpr,"pers,gens,topo",F:unclassified-name,Other Tanakh
118636,1420466,449769,Joshua,10,12,יהושע,nmpr,pers,A:person-candidate,Other Tanakh
118638,1420466,449769,Joshua,10,12,יהוה,nmpr,pers,E:YHWH,Other Tanakh
118642,1420466,449770,Joshua,10,12,יהוה,nmpr,pers,E:YHWH,Other Tanakh
118649,1420466,449770,Joshua,10,12,ישראל,nmpr,"pers,gens,topo",F:unclassified-name,Other Tanakh
118654,1420466,449771,Joshua,10,12,ישראל,nmpr,"pers,gens,topo",F:unclassified-name,Other Tanakh
118657,1420466,449773,Joshua,10,12,גבעון,nmpr,topo,F:unclassified-name,Other Tanakh
118663,1420466,449774,Joshua,10,12,אילון,nmpr,topo,F:unclassified-name,Other Tanakh
118713,1420468,449784,Joshua,10,14,יהוה,nmpr,pers,E:YHWH,Other Tanakh
118718,1420468,449785,Joshua,10,14,יהוה,nmpr,pers,E:YHWH,Other Tanakh
118721,1420468,449785,Joshua,10,14,ישראל,nmpr,"pers,gens,topo",F:unclassified-name,Other Tanakh
118724,1420469,449786,Joshua,10,15,יהושע,nmpr,pers,A:person-candidate,Other Tanakh
118727,1420469,449786,Joshua,10,15,ישראל,nmpr,"pers,gens,topo",F:unclassified-name,Other Tanakh
118729,1420469,449786,Joshua,10,15,אל,prep,,C:divine-title-candidate,Other Tanakh
118733,1420469,449786,Joshua,10,15,גלגל,nmpr,topo,F:unclassified-name,Other Tanakh
118738,1420470,449787,Joshua,10,16,מלך,subs,,B:deity-candidate,Other Tanakh
118747,1420470,449788,Joshua,10,16,מקדה,nmpr,topo,F:unclassified-name,Other Tanakh
118751,1420471,449789,Joshua,10,17,יהושע,nmpr,pers,A:person-candidate,Other Tanakh
118757,1420471,449791,Joshua,10,17,מלך,subs,,B:deity-candidate,Other Tanakh
118763,1420471,449792,Joshua,10,17,מקדה,nmpr,topo,F:unclassified-name,Other Tanakh
118766,1420472,449793,Joshua,10,18,יהושע,nmpr,pers,A:person-candidate,Other Tanakh
118770,1420472,449794,Joshua,10,18,אל,prep,,C:divine-title-candidate,Other Tanakh
118782,1420473,449797,Joshua,10,19,אל,nega,,C:divine-title-candidate,Other Tanakh
118790,1420473,449800,Joshua,10,19,אל,nega,,C:divine-title-candidate,Other Tanakh
118794,1420473,449801,Joshua,10,19,אל,prep,,C:divine-title-candidate,Other Tanakh
118798,1420473,449802,Joshua,10,19,יהוה,nmpr,pers,E:YHWH,Other Tanakh
118799,1420473,449802,Joshua,10,19,אלהים,subs,,D:Elohim,Other Tanakh
118806,1420474,449804,Joshua,10,20,יהושע,nmpr,pers,A:person-candidate,Other Tanakh
118809,1420474,449804,Joshua,10,20,ישראל,nmpr,"pers,gens,topo",F:unclassified-name,Other Tanakh
118824,1420474,449808,Joshua,10,20,אל,prep,,C:divine-title-candidate,Other Tanakh
118833,1420475,449809,Joshua,10,21,אל,prep,,C:divine-title-candidate,Other Tanakh
118836,1420475,449809,Joshua,10,21,אל,prep,,C:divine-title-candidate,Other Tanakh
118837,1420475,449809,Joshua,10,21,יהושע,nmpr,pers,A:person-candidate,Other Tanakh
118838,1420475,449809,Joshua,10,21,מקדה,nmpr,topo,F:unclassified-name,Other Tanakh
118845,1420475,449810,Joshua,10,21,ישראל,nmpr,"pers,gens,topo",F:unclassified-name,Other Tanakh
118852,1420476,449811,Joshua,10,22,יהושע,nmpr,pers,A:person-candidate,Other Tanakh
118860,1420476,449813,Joshua,10,22,אל,prep,,C:divine-title-candidate,Other Tanakh
118864,1420476,449813,Joshua,10,22,מלך,subs,,B:deity-candidate,Other Tanakh
118875,1420477,449815,Joshua,10,23,אל,prep,,C:divine-title-candidate,Other Tanakh
118879,1420477,449815,Joshua,10,23,מלך,subs,,B:deity-candidate,Other Tanakh
118886,1420477,449815,Joshua,10,23,מלך,subs,,B:deity-candidate,Other Tanakh
118887,1420477,449815,Joshua,10,23,ירושלם,nmpr,topo,F:unclassified-name,Other Tanakh
118889,1420477,449815,Joshua,10,23,מלך,subs,,B:deity-candidate,Other Tanakh
118890,1420477,449815,Joshua,10,23,חברון,nmpr,topo,F:unclassified-name,Other Tanakh
118892,1420477,449815,Joshua,10,23,מלך,subs,,B:deity-candidate,Other Tanakh
118893,1420477,449815,Joshua,10,23,ירמות,nmpr,topo,F:unclassified-name,Other Tanakh
118895,1420477,449815,Joshua,10,23,מלך,subs,,B:deity-candidate,Other Tanakh
118896,1420477,449815,Joshua,10,23,לכיש,nmpr,topo,F:unclassified-name,Other Tanakh
118898,1420477,449815,Joshua,10,23,מלך,subs,,B:deity-candidate,Other Tanakh
118899,1420477,449815,Joshua,10,23,עגלון,nmpr,topo,F:unclassified-name,Other Tanakh
118906,1420478,449817,Joshua,10,24,מלך,subs,,B:deity-candidate,Other Tanakh
118909,1420478,449817,Joshua,10,24,אל,prep,,C:divine-title-candidate,Other Tanakh
118910,1420478,449817,Joshua,10,24,יהושע,nmpr,pers,A:person-candidate,Other Tanakh
118913,1420478,449818,Joshua,10,24,יהושע,nmpr,pers,A:person-candidate,Other Tanakh
118914,1420478,449818,Joshua,10,24,אל,prep,,C:divine-title-candidate,Other Tanakh
118917,1420478,449818,Joshua,10,24,ישראל,nmpr,"pers,gens,topo",F:unclassified-name,Other Tanakh
118920,1420478,449819,Joshua,10,24,אל,prep,,C:divine-title-candidate,Other Tanakh
118935,1420478,449822,Joshua,10,24,מלך,subs,,B:deity-candidate,Other Tanakh
118948,1420479,449825,Joshua,10,25,אל,prep,,C:divine-title-candidate,Other Tanakh
118949,1420479,449825,Joshua,10,25,יהושע,nmpr,pers,A:person-candidate,Other Tanakh
118950,1420479,449826,Joshua,10,25,אל,nega,,C:divine-title-candidate,Other Tanakh
118953,1420479,449827,Joshua,10,25,אל,nega,,C:divine-title-candidate,Other Tanakh
118961,1420479,449830,Joshua,10,25,יהוה,nmpr,pers,E:YHWH,Other Tanakh
118971,1420480,449832,Joshua,10,26,יהושע,nmpr,pers,A:person-candidate,Other Tanakh
118998,1420481,449839,Joshua,10,27,יהושע,nmpr,pers,A:person-candidate,Other Tanakh
119007,1420481,449841,Joshua,10,27,אל,prep,,C:divine-title-candidate,Other Tanakh
119029,1420482,449844,Joshua,10,28,מקדה,nmpr,topo,F:unclassified-name,Other Tanakh
119031,1420482,449844,Joshua,10,28,יהושע,nmpr,pers,A:person-candidate,Other Tanakh
119044,1420482,449846,Joshua,10,28,מלך,subs,,B:deity-candidate,Other Tanakh
119060,1420482,449849,Joshua,10,28,מלך,subs,,B:deity-candidate,Other Tanakh
119061,1420482,449849,Joshua,10,28,מקדה,nmpr,topo,F:unclassified-name,Other Tanakh
119066,1420482,449850,Joshua,10,28,מלך,subs,,B:deity-candidate,Other Tanakh
119067,1420482,449850,Joshua,10,28,יריחו,nmpr,topo,F:unclassified-name,Other Tanakh
119070,1420483,449851,Joshua,10,29,יהושע,nmpr,pers,A:person-candidate,Other Tanakh
119073,1420483,449851,Joshua,10,29,ישראל,nmpr,"pers,gens,topo",F:unclassified-name,Other Tanakh
119076,1420483,449851,Joshua,10,29,מקדה,nmpr,topo,F:unclassified-name,Other Tanakh
119077,1420483,449851,Joshua,10,29,לבנה,nmpr,topo,F:unclassified-name,Other Tanakh
119081,1420483,449852,Joshua,10,29,לבנה,nmpr,topo,F:unclassified-name,Other Tanakh
119084,1420484,449853,Joshua,10,30,יהוה,nmpr,pers,E:YHWH,Other Tanakh
119089,1420484,449853,Joshua,10,30,ישראל,nmpr,"pers,gens,topo",F:unclassified-name,Other Tanakh
119092,1420484,449853,Joshua,10,30,מלך,subs,,B:deity-candidate,Other Tanakh
119112,1420484,449858,Joshua,10,30,מלך,subs,,B:deity-candidate,Other Tanakh
119117,1420484,449859,Joshua,10,30,מלך,subs,,B:deity-candidate,Other Tanakh
119118,1420484,449859,Joshua,10,30,יריחו,nmpr,topo,F:unclassified-name,Other Tanakh
119121,1420485,449860,Joshua,10,31,יהושע,nmpr,pers,A:person-candidate,Other Tanakh
119124,1420485,449860,Joshua,10,31,ישראל,nmpr,"pers,gens,topo",F:unclassified-name,Other Tanakh
119127,1420485,449860,Joshua,10,31,לבנה,nmpr,topo,F:unclassified-name,Other Tanakh
119128,1420485,449860,Joshua,10,31,לכיש,nmpr,topo,F:unclassified-name,Other Tanakh
119137,1420486,449863,Joshua,10,32,יהוה,nmpr,pers,E:YHWH,Other Tanakh
119139,1420486,449863,Joshua,10,32,לכיש,nmpr,topo,F:unclassified-name,Other Tanakh
119142,1420486,449863,Joshua,10,32,ישראל,nmpr,"pers,gens,topo",F:unclassified-name,Other Tanakh
119167,1420486,449868,Joshua,10,32,לבנה,nmpr,topo,F:unclassified-name,Other Tanakh
119170,1420487,449869,Joshua,10,33,הרם,nmpr,pers,A:person-candidate,Other Tanakh
119171,1420487,449869,Joshua,10,33,מלך,subs,,B:deity-candidate,Other Tanakh
119172,1420487,449869,Joshua,10,33,גזר,nmpr,topo,F:unclassified-name,Other Tanakh
119176,1420487,449870,Joshua,10,33,לכיש,nmpr,topo,F:unclassified-name,Other Tanakh
119179,1420487,449871,Joshua,10,33,יהושע,nmpr,pers,A:person-candidate,Other Tanakh
119190,1420488,449874,Joshua,10,34,יהושע,nmpr,pers,A:person-candidate,Other Tanakh
119193,1420488,449874,Joshua,10,34,ישראל,nmpr,"pers,gens,topo",F:unclassified-name,Other Tanakh
119196,1420488,449874,Joshua,10,34,לכיש,nmpr,topo,F:unclassified-name,Other Tanakh
119197,1420488,449874,Joshua,10,34,עגלון,nmpr,topo,F:unclassified-name,Other Tanakh
119234,1420489,449881,Joshua,10,35,לכיש,nmpr,topo,F:unclassified-name,Other Tanakh
119237,1420490,449882,Joshua,10,36,יהושע,nmpr,pers,A:person-candidate,Other Tanakh
119240,1420490,449882,Joshua,10,36,ישראל,nmpr,"pers,gens,topo",F:unclassified-name,Other Tanakh
119243,1420490,449882,Joshua,10,36,עגלון,nmpr,topo,F:unclassified-name,Other Tanakh
119244,1420490,449882,Joshua,10,36,חברון,nmpr,topo,F:unclassified-name,Other Tanakh
119257,1420491,449886,Joshua,10,37,מלך,subs,,B:deity-candidate,Other Tanakh
119277,1420491,449889,Joshua,10,37,עגלון,nmpr,topo,F:unclassified-name,Other Tanakh
119290,1420492,449892,Joshua,10,38,יהושע,nmpr,pers,A:person-candidate,Other Tanakh
119293,1420492,449892,Joshua,10,38,ישראל,nmpr,"pers,gens,topo",F:unclassified-name,Other Tanakh
119295,1420492,449892,Joshua,10,38,דבר,nmpr,topo,F:unclassified-name,Other Tanakh
119303,1420493,449895,Joshua,10,39,מלך,subs,,B:deity-candidate,Other Tanakh
119327,1420493,449900,Joshua,10,39,חברון,nmpr,topo,F:unclassified-name,Other Tanakh
119331,1420493,449901,Joshua,10,39,דבר,nmpr,topo,F:unclassified-name,Other Tanakh
119334,1420493,449901,Joshua,10,39,מלך,subs,,B:deity-candidate,Other Tanakh
119340,1420493,449902,Joshua,10,39,לבנה,nmpr,topo,F:unclassified-name,Other Tanakh
119343,1420493,449902,Joshua,10,39,מלך,subs,,B:deity-candidate,Other Tanakh
119346,1420494,449903,Joshua,10,40,יהושע,nmpr,pers,A:person-candidate,Other Tanakh
119365,1420494,449903,Joshua,10,40,מלך,subs,,B:deity-candidate,Other Tanakh
119378,1420494,449906,Joshua,10,40,יהוה,nmpr,pers,E:YHWH,Other Tanakh
119379,1420494,449906,Joshua,10,40,אלהים,subs,,D:Elohim,Other Tanakh
119380,1420494,449906,Joshua,10,40,ישראל,nmpr,"pers,gens,topo",F:unclassified-name,Other Tanakh
119383,1420495,449907,Joshua,10,41,יהושע,nmpr,pers,A:person-candidate,Other Tanakh
119385,1420495,449907,Joshua,10,41,קדש ברנע,nmpr,topo,F:unclassified-name,Other Tanakh
119388,1420495,449907,Joshua,10,41,עזה,nmpr,topo,F:unclassified-name,Other Tanakh
119393,1420495,449908,Joshua,10,41,גשן,nmpr,topo,F:unclassified-name,Other Tanakh
119396,1420495,449908,Joshua,10,41,גבעון,nmpr,topo,F:unclassified-name,Other Tanakh
119401,1420496,449909,Joshua,10,42,מלך,subs,,B:deity-candidate,Other Tanakh
119408,1420496,449909,Joshua,10,42,יהושע,nmpr,pers,A:person-candidate,Other Tanakh
119412,1420496,449910,Joshua,10,42,יהוה,nmpr,pers,E:YHWH,Other Tanakh
119413,1420496,449910,Joshua,10,42,אלהים,subs,,D:Elohim,Other Tanakh
119414,1420496,449910,Joshua,10,42,ישראל,nmpr,"pers,gens,topo",F:unclassified-name,Other Tanakh
119417,1420496,449910,Joshua,10,42,ישראל,nmpr,"pers,gens,topo",F:unclassified-name,Other Tanakh
119420,1420497,449911,Joshua,10,43,יהושע,nmpr,pers,A:person-candidate,Other Tanakh
119423,1420497,449911,Joshua,10,43,ישראל,nmpr,"pers,gens,topo",F:unclassified-name,Other Tanakh
119425,1420497,449911,Joshua,10,43,אל,prep,,C:divine-title-candidate,Other Tanakh
119429,1420497,449911,Joshua,10,43,גלגל,nmpr,topo,F:unclassified-name,Other Tanakh
119434,1420498,449913,Joshua,11,1,יבין,nmpr,pers,A:person-candidate,Other Tanakh
119435,1420498,449913,Joshua,11,1,מלך,subs,,B:deity-candidate,Other Tanakh
119436,1420498,449913,Joshua,11,1,חצור,nmpr,topo,F:unclassified-name,Other Tanakh
119439,1420498,449914,Joshua,11,1,אל,prep,,C:divine-title-candidate,Other Tanakh
119440,1420498,449914,Joshua,11,1,יובב,nmpr,pers,A:person-candidate,Other Tanakh
119441,1420498,449914,Joshua,11,1,מלך,subs,,B:deity-candidate,Other Tanakh
119442,1420498,449914,Joshua,11,1,מדון,nmpr,topo,F:unclassified-name,Other Tanakh
119444,1420498,449914,Joshua,11,1,אל,prep,,C:divine-title-candidate,Other Tanakh
119445,1420498,449914,Joshua,11,1,מלך,subs,,B:deity-candidate,Other Tanakh
119446,1420498,449914,Joshua,11,1,שמרון,nmpr,topo,F:unclassified-name,Other Tanakh
119448,1420498,449914,Joshua,11,1,אל,prep,,C:divine-title-candidate,Other Tanakh
119449,1420498,449914,Joshua,11,1,מלך,subs,,B:deity-candidate,Other Tanakh
119450,1420498,449914,Joshua,11,1,אכשף,nmpr,topo,F:unclassified-name,Other Tanakh
119452,1420499,449915,Joshua,11,2,אל,prep,,C:divine-title-candidate,Other Tanakh
119454,1420499,449915,Joshua,11,2,מלך,subs,,B:deity-candidate,Other Tanakh
119466,1420499,449917,Joshua,11,2,כנרת,nmpr,topo,F:unclassified-name,Other Tanakh
119474,1420499,449919,Joshua,11,2,דור,nmpr,topo,F:unclassified-name,Other Tanakh
119503,1420500,449922,Joshua,11,3,חרמון,nmpr,topo,F:unclassified-name,Other Tanakh
119507,1420500,449922,Joshua,11,3,מצפה,nmpr,topo,F:unclassified-name,Other Tanakh
119537,1420502,449926,Joshua,11,5,מלך,subs,,B:deity-candidate,Other Tanakh
119545,1420502,449928,Joshua,11,5,אל,prep,,C:divine-title-candidate,Other Tanakh
119547,1420502,449928,Joshua,11,5,מרום,nmpr,topo,F:unclassified-name,Other Tanakh
119551,1420502,449929,Joshua,11,5,ישראל,nmpr,"pers,gens,topo",F:unclassified-name,Other Tanakh
119554,1420503,449930,Joshua,11,6,יהוה,nmpr,pers,E:YHWH,Other Tanakh
119555,1420503,449930,Joshua,11,6,אל,prep,,C:divine-title-candidate,Other Tanakh
119556,1420503,449930,Joshua,11,6,יהושע,nmpr,pers,A:person-candidate,Other Tanakh
119557,1420503,449931,Joshua,11,6,אל,nega,,C:divine-title-candidate,Other Tanakh
119575,1420503,449932,Joshua,11,6,ישראל,nmpr,"pers,gens,topo",F:unclassified-name,Other Tanakh
119588,1420504,449935,Joshua,11,7,יהושע,nmpr,pers,A:person-candidate,Other Tanakh
119598,1420504,449935,Joshua,11,7,מרום,nmpr,topo,F:unclassified-name,Other Tanakh
119605,1420505,449937,Joshua,11,8,יהוה,nmpr,pers,E:YHWH,Other Tanakh
119608,1420505,449937,Joshua,11,8,ישראל,nmpr,"pers,gens,topo",F:unclassified-name,Other Tanakh
119614,1420505,449939,Joshua,11,8,צידון,nmpr,topo,F:unclassified-name,Other Tanakh
119618,1420505,449939,Joshua,11,8,משרפות מים,nmpr,topo,F:unclassified-name,Other Tanakh
119622,1420505,449939,Joshua,11,8,מצפה,nmpr,topo,F:unclassified-name,Other Tanakh
119634,1420506,449942,Joshua,11,9,יהושע,nmpr,pers,A:person-candidate,Other Tanakh
119639,1420506,449943,Joshua,11,9,יהוה,nmpr,pers,E:YHWH,Other Tanakh
119652,1420507,449946,Joshua,11,10,יהושע,nmpr,pers,A:person-candidate,Other Tanakh
119661,1420507,449947,Joshua,11,10,חצור,nmpr,topo,F:unclassified-name,Other Tanakh
119664,1420507,449948,Joshua,11,10,מלך,subs,,B:deity-candidate,Other Tanakh
119670,1420507,449949,Joshua,11,10,חצור,nmpr,topo,F:unclassified-name,Other Tanakh
119698,1420508,449955,Joshua,11,11,חצור,nmpr,topo,F:unclassified-name,Other Tanakh
119708,1420509,449956,Joshua,11,12,מלך,subs,,B:deity-candidate,Other Tanakh
119714,1420509,449956,Joshua,11,12,מלך,subs,,B:deity-candidate,Other Tanakh
119716,1420509,449956,Joshua,11,12,יהושע,nmpr,pers,A:person-candidate,Other Tanakh
119727,1420509,449959,Joshua,11,12,משה,nmpr,pers,A:person-candidate,Other Tanakh
119729,1420509,449959,Joshua,11,12,יהוה,nmpr,pers,E:YHWH,Other Tanakh
119740,1420510,449962,Joshua,11,13,ישראל,nmpr,"pers,gens,topo",F:unclassified-name,Other Tanakh
119743,1420510,449963,Joshua,11,13,חצור,nmpr,topo,F:unclassified-name,Other Tanakh
119747,1420510,449963,Joshua,11,13,יהושע,nmpr,pers,A:person-candidate,Other Tanakh
119761,1420511,449964,Joshua,11,14,ישראל,nmpr,"pers,gens,topo",F:unclassified-name,Other Tanakh
119781,1420512,449968,Joshua,11,15,יהוה,nmpr,pers,E:YHWH,Other Tanakh
119783,1420512,449968,Joshua,11,15,משה,nmpr,pers,A:person-candidate,Other Tanakh
119787,1420512,449969,Joshua,11,15,משה,nmpr,pers,A:person-candidate,Other Tanakh
119789,1420512,449969,Joshua,11,15,יהושע,nmpr,pers,A:person-candidate,Other Tanakh
119793,1420512,449970,Joshua,11,15,יהושע,nmpr,pers,A:person-candidate,Other Tanakh
119801,1420512,449972,Joshua,11,15,יהוה,nmpr,pers,E:YHWH,Other Tanakh
119803,1420512,449972,Joshua,11,15,משה,nmpr,pers,A:person-candidate,Other Tanakh
119806,1420513,449973,Joshua,11,16,יהושע,nmpr,pers,A:person-candidate,Other Tanakh
119825,1420513,449973,Joshua,11,16,גשן,nmpr,topo,F:unclassified-name,Other Tanakh
119837,1420513,449973,Joshua,11,16,ישראל,nmpr,"pers,gens,topo",F:unclassified-name,Other Tanakh
119847,1420514,449975,Joshua,11,17,שעיר,nmpr,topo,F:unclassified-name,Other Tanakh
119850,1420514,449974,Joshua,11,17,בעל גד,nmpr,topo,F:unclassified-name,Other Tanakh
119854,1420514,449974,Joshua,11,17,לבנון,nmpr,topo,F:unclassified-name,Other Tanakh
119857,1420514,449974,Joshua,11,17,חרמון,nmpr,topo,F:unclassified-name,Other Tanakh
119861,1420514,449976,Joshua,11,17,מלך,subs,,B:deity-candidate,Other Tanakh
119870,1420515,449979,Joshua,11,18,יהושע,nmpr,pers,A:person-candidate,Other Tanakh
119874,1420515,449979,Joshua,11,18,מלך,subs,,B:deity-candidate,Other Tanakh
119883,1420516,449981,Joshua,11,19,אל,prep,,C:divine-title-candidate,Other Tanakh
119885,1420516,449981,Joshua,11,19,ישראל,nmpr,"pers,gens,topo",F:unclassified-name,Other Tanakh
119890,1420516,449980,Joshua,11,19,גבעון,nmpr,topo,F:unclassified-name,Other Tanakh
119901,1420517,449983,Joshua,11,20,יהוה,nmpr,pers,E:YHWH,Other Tanakh
119912,1420517,449985,Joshua,11,20,ישראל,nmpr,"pers,gens,topo",F:unclassified-name,Other Tanakh
119926,1420517,449989,Joshua,11,20,יהוה,nmpr,pers,E:YHWH,Other Tanakh
119928,1420517,449989,Joshua,11,20,משה,nmpr,pers,A:person-candidate,Other Tanakh
119931,1420518,449990,Joshua,11,21,יהושע,nmpr,pers,A:person-candidate,Other Tanakh
119946,1420518,449991,Joshua,11,21,חברון,nmpr,topo,F:unclassified-name,Other Tanakh
119948,1420518,449991,Joshua,11,21,דבר,nmpr,topo,F:unclassified-name,Other Tanakh
119950,1420518,449991,Joshua,11,21,ענב,nmpr,topo,F:unclassified-name,Other Tanakh
119955,1420518,449991,Joshua,11,21,יהודה,nmpr,"pers,gens,topo",F:unclassified-name,Other Tanakh
119960,1420518,449991,Joshua,11,21,ישראל,nmpr,"pers,gens,topo",F:unclassified-name,Other Tanakh
119964,1420518,449992,Joshua,11,21,יהושע,nmpr,pers,A:person-candidate,Other Tanakh
119971,1420519,449993,Joshua,11,22,ישראל,nmpr,"pers,gens,topo",F:unclassified-name,Other Tanakh
119974,1420519,449994,Joshua,11,22,עזה,nmpr,topo,F:unclassified-name,Other Tanakh
119976,1420519,449994,Joshua,11,22,גת,nmpr,topo,F:unclassified-name,Other Tanakh
119979,1420519,449994,Joshua,11,22,אשדוד,nmpr,topo,F:unclassified-name,Other Tanakh
119983,1420520,449995,Joshua,11,23,יהושע,nmpr,pers,A:person-candidate,Other Tanakh
119992,1420520,449996,Joshua,11,23,יהוה,nmpr,pers,E:YHWH,Other Tanakh
119993,1420520,449996,Joshua,11,23,אל,prep,,C:divine-title-candidate,Other Tanakh
119994,1420520,449996,Joshua,11,23,משה,nmpr,pers,A:person-candidate,Other Tanakh
119997,1420520,449997,Joshua,11,23,יהושע,nmpr,pers,A:person-candidate,Other Tanakh
120001,1420520,449997,Joshua,11,23,ישראל,nmpr,"pers,gens,topo",F:unclassified-name,Other Tanakh
120014,1420521,449999,Joshua,12,1,מלך,subs,,B:deity-candidate,Other Tanakh
120020,1420521,450000,Joshua,12,1,ישראל,nmpr,"pers,gens,topo",F:unclassified-name,Other Tanakh
120028,1420521,450001,Joshua,12,1,ירדן,nmpr,topo,F:unclassified-name,Other Tanakh
120034,1420521,450001,Joshua,12,1,ארנון,nmpr,topo,F:unclassified-name,Other Tanakh
120037,1420521,450001,Joshua,12,1,חרמון,nmpr,topo,F:unclassified-name,Other Tanakh
120043,1420522,450002,Joshua,12,2,סיחון,nmpr,pers,A:person-candidate,Other Tanakh
120044,1420522,450002,Joshua,12,2,מלך,subs,,B:deity-candidate,Other Tanakh
120050,1420522,450003,Joshua,12,2,חשבון,nmpr,topo,F:unclassified-name,Other Tanakh
120053,1420522,450004,Joshua,12,2,ערוער,nmpr,topo,F:unclassified-name,Other Tanakh
120058,1420522,450005,Joshua,12,2,ארנון,nmpr,topo,F:unclassified-name,Other Tanakh
120066,1420522,450004,Joshua,12,2,גלעד,nmpr,topo,F:unclassified-name,Other Tanakh
120069,1420522,450004,Joshua,12,2,יבק,nmpr,topo,F:unclassified-name,Other Tanakh
120074,1420522,450004,Joshua,12,2,עמון,nmpr,gens,F:unclassified-name,Other Tanakh
120080,1420523,450006,Joshua,12,3,כנרת,nmpr,topo,F:unclassified-name,Other Tanakh
120092,1420523,450006,Joshua,12,3,בית הישמות,nmpr,topo,F:unclassified-name,Other Tanakh
120099,1420523,450006,Joshua,12,3,פסגה,nmpr,topo,F:unclassified-name,Other Tanakh
120102,1420524,450007,Joshua,12,4,עוג,nmpr,pers,A:person-candidate,Other Tanakh
120103,1420524,450007,Joshua,12,4,מלך,subs,,B:deity-candidate,Other Tanakh
120105,1420524,450007,Joshua,12,4,בשן,nmpr,topo,F:unclassified-name,Other Tanakh
120109,1420524,450007,Joshua,12,4,רפאים,nmpr,gens,F:unclassified-name,Other Tanakh
120113,1420524,450008,Joshua,12,4,עשתרות,nmpr,topo,F:unclassified-name,Other Tanakh
120116,1420524,450008,Joshua,12,4,אדרעי,nmpr,topo,F:unclassified-name,Other Tanakh
120121,1420525,450009,Joshua,12,5,חרמון,nmpr,topo,F:unclassified-name,Other Tanakh
120124,1420525,450009,Joshua,12,5,סלכה,nmpr,topo,F:unclassified-name,Other Tanakh
120129,1420525,450009,Joshua,12,5,בשן,nmpr,topo,F:unclassified-name,Other Tanakh
120140,1420525,450009,Joshua,12,5,גלעד,nmpr,topo,F:unclassified-name,Other Tanakh
120142,1420525,450009,Joshua,12,5,סיחון,nmpr,pers,A:person-candidate,Other Tanakh
120143,1420525,450009,Joshua,12,5,מלך,subs,,B:deity-candidate,Other Tanakh
120144,1420525,450009,Joshua,12,5,חשבון,nmpr,topo,F:unclassified-name,Other Tanakh
120145,1420526,450010,Joshua,12,6,משה,nmpr,pers,A:person-candidate,Other Tanakh
120147,1420526,450010,Joshua,12,6,יהוה,nmpr,pers,E:YHWH,Other Tanakh
120150,1420526,450010,Joshua,12,6,ישראל,nmpr,"pers,gens,topo",F:unclassified-name,Other Tanakh
120154,1420526,450011,Joshua,12,6,משה,nmpr,pers,A:person-candidate,Other Tanakh
120156,1420526,450011,Joshua,12,6,יהוה,nmpr,pers,E:YHWH,Other Tanakh
120170,1420526,450011,Joshua,12,6,מנשה,nmpr,"pers,gens",F:unclassified-name,Other Tanakh
120173,1420527,450012,Joshua,12,7,מלך,subs,,B:deity-candidate,Other Tanakh
120178,1420527,450013,Joshua,12,7,יהושע,nmpr,pers,A:person-candidate,Other Tanakh
120181,1420527,450013,Joshua,12,7,ישראל,nmpr,"pers,gens,topo",F:unclassified-name,Other Tanakh
120185,1420527,450013,Joshua,12,7,ירדן,nmpr,topo,F:unclassified-name,Other Tanakh
120188,1420527,450013,Joshua,12,7,בעל גד,nmpr,topo,F:unclassified-name,Other Tanakh
120192,1420527,450013,Joshua,12,7,לבנון,nmpr,topo,F:unclassified-name,Other Tanakh
120201,1420527,450014,Joshua,12,7,שעיר,nmpr,topo,F:unclassified-name,Other Tanakh
120204,1420527,450015,Joshua,12,7,יהושע,nmpr,pers,A:person-candidate,Other Tanakh
120207,1420527,450015,Joshua,12,7,ישראל,nmpr,"pers,gens,topo",F:unclassified-name,Other Tanakh
120248,1420529,450017,Joshua,12,9,מלך,subs,,B:deity-candidate,Other Tanakh
120249,1420529,450017,Joshua,12,9,יריחו,nmpr,topo,F:unclassified-name,Other Tanakh
120251,1420529,450018,Joshua,12,9,מלך,subs,,B:deity-candidate,Other Tanakh
120253,1420529,450018,Joshua,12,9,עי,nmpr,topo,F:unclassified-name,Other Tanakh
120257,1420529,450019,Joshua,12,9,בית אל,nmpr,topo,F:unclassified-name,Other Tanakh
120259,1420530,450020,Joshua,12,10,מלך,subs,,B:deity-candidate,Other Tanakh
120260,1420530,450020,Joshua,12,10,ירושלם,nmpr,topo,F:unclassified-name,Other Tanakh
120262,1420530,450021,Joshua,12,10,מלך,subs,,B:deity-candidate,Other Tanakh
120263,1420530,450021,Joshua,12,10,חברון,nmpr,topo,F:unclassified-name,Other Tanakh
120265,1420531,450022,Joshua,12,11,מלך,subs,,B:deity-candidate,Other Tanakh
120266,1420531,450022,Joshua,12,11,ירמות,nmpr,topo,F:unclassified-name,Other Tanakh
120268,1420531,450023,Joshua,12,11,מלך,subs,,B:deity-candidate,Other Tanakh
120269,1420531,450023,Joshua,12,11,לכיש,nmpr,topo,F:unclassified-name,Other Tanakh
120271,1420532,450024,Joshua,12,12,מלך,subs,,B:deity-candidate,Other Tanakh
120272,1420532,450024,Joshua,12,12,עגלון,nmpr,topo,F:unclassified-name,Other Tanakh
120274,1420532,450025,Joshua,12,12,מלך,subs,,B:deity-candidate,Other Tanakh
120275,1420532,450025,Joshua,12,12,גזר,nmpr,topo,F:unclassified-name,Other Tanakh
120277,1420533,450026,Joshua,12,13,מלך,subs,,B:deity-candidate,Other Tanakh
120278,1420533,450026,Joshua,12,13,דבר,nmpr,topo,F:unclassified-name,Other Tanakh
120280,1420533,450027,Joshua,12,13,מלך,subs,,B:deity-candidate,Other Tanakh
120281,1420533,450027,Joshua,12,13,גדר,nmpr,topo,F:unclassified-name,Other Tanakh
120283,1420534,450028,Joshua,12,14,מלך,subs,,B:deity-candidate,Other Tanakh
120284,1420534,450028,Joshua,12,14,חרמה,nmpr,topo,F:unclassified-name,Other Tanakh
120286,1420534,450029,Joshua,12,14,מלך,subs,,B:deity-candidate,Other Tanakh
120287,1420534,450029,Joshua,12,14,ערד,nmpr,topo,F:unclassified-name,Other Tanakh
120289,1420535,450030,Joshua,12,15,מלך,subs,,B:deity-candidate,Other Tanakh
120290,1420535,450030,Joshua,12,15,לבנה,nmpr,topo,F:unclassified-name,Other Tanakh
120292,1420535,450031,Joshua,12,15,מלך,subs,,B:deity-candidate,Other Tanakh
120293,1420535,450031,Joshua,12,15,עדלם,nmpr,topo,F:unclassified-name,Other Tanakh
120295,1420536,450032,Joshua,12,16,מלך,subs,,B:deity-candidate,Other Tanakh
120296,1420536,450032,Joshua,12,16,מקדה,nmpr,topo,F:unclassified-name,Other Tanakh
120298,1420536,450033,Joshua,12,16,מלך,subs,,B:deity-candidate,Other Tanakh
120299,1420536,450033,Joshua,12,16,בית אל,nmpr,topo,F:unclassified-name,Other Tanakh
120301,1420537,450034,Joshua,12,17,מלך,subs,,B:deity-candidate,Other Tanakh
120302,1420537,450034,Joshua,12,17,תפוח,nmpr,topo,F:unclassified-name,Other Tanakh
120304,1420537,450035,Joshua,12,17,מלך,subs,,B:deity-candidate,Other Tanakh
120305,1420537,450035,Joshua,12,17,חפר,nmpr,topo,F:unclassified-name,Other Tanakh
120307,1420538,450036,Joshua,12,18,מלך,subs,,B:deity-candidate,Other Tanakh
120308,1420538,450036,Joshua,12,18,אפק,nmpr,topo,F:unclassified-name,Other Tanakh
120310,1420538,450037,Joshua,12,18,מלך,subs,,B:deity-candidate,Other Tanakh
120313,1420538,450037,Joshua,12,18,שרון,nmpr,topo,F:unclassified-name,Other Tanakh
120315,1420539,450038,Joshua,12,19,מלך,subs,,B:deity-candidate,Other Tanakh
120316,1420539,450038,Joshua,12,19,מדון,nmpr,topo,F:unclassified-name,Other Tanakh
120318,1420539,450039,Joshua,12,19,מלך,subs,,B:deity-candidate,Other Tanakh
120319,1420539,450039,Joshua,12,19,חצור,nmpr,topo,F:unclassified-name,Other Tanakh
120321,1420540,450040,Joshua,12,20,מלך,subs,,B:deity-candidate,Other Tanakh
120322,1420540,450040,Joshua,12,20,שמרון מראון,nmpr,topo,F:unclassified-name,Other Tanakh
120324,1420540,450041,Joshua,12,20,מלך,subs,,B:deity-candidate,Other Tanakh
120325,1420540,450041,Joshua,12,20,אכשף,nmpr,topo,F:unclassified-name,Other Tanakh
120327,1420541,450042,Joshua,12,21,מלך,subs,,B:deity-candidate,Other Tanakh
120328,1420541,450042,Joshua,12,21,תענך,nmpr,topo,F:unclassified-name,Other Tanakh
120330,1420541,450043,Joshua,12,21,מלך,subs,,B:deity-candidate,Other Tanakh
120331,1420541,450043,Joshua,12,21,מגדו,nmpr,topo,F:unclassified-name,Other Tanakh
120333,1420542,450044,Joshua,12,22,מלך,subs,,B:deity-candidate,Other Tanakh
120334,1420542,450044,Joshua,12,22,קדש,nmpr,topo,F:unclassified-name,Other Tanakh
120336,1420542,450045,Joshua,12,22,מלך,subs,,B:deity-candidate,Other Tanakh
120337,1420542,450045,Joshua,12,22,יקנעם,nmpr,topo,F:unclassified-name,Other Tanakh
120340,1420542,450045,Joshua,12,22,כרמל,nmpr,topo,F:unclassified-name,Other Tanakh
120342,1420543,450046,Joshua,12,23,מלך,subs,,B:deity-candidate,Other Tanakh
120343,1420543,450046,Joshua,12,23,דור,nmpr,topo,F:unclassified-name,Other Tanakh
120346,1420543,450046,Joshua,12,23,דור,nmpr,topo,F:unclassified-name,Other Tanakh
120348,1420543,450047,Joshua,12,23,מלך,subs,,B:deity-candidate,Other Tanakh
120349,1420543,450047,Joshua,12,23,גוים,nmpr,topo,F:unclassified-name,Other Tanakh
120351,1420543,450047,Joshua,12,23,גלגל,nmpr,topo,F:unclassified-name,Other Tanakh
120353,1420544,450048,Joshua,12,24,מלך,subs,,B:deity-candidate,Other Tanakh
120354,1420544,450048,Joshua,12,24,תרצה,nmpr,topo,F:unclassified-name,Other Tanakh
120357,1420544,450049,Joshua,12,24,מלך,subs,,B:deity-candidate,Other Tanakh
120362,1420545,450050,Joshua,13,1,יהושע,nmpr,pers,A:person-candidate,Other Tanakh
120370,1420545,450052,Joshua,13,1,יהוה,nmpr,pers,E:YHWH,Other Tanakh
120371,1420545,450052,Joshua,13,1,אל,prep,,C:divine-title-candidate,Other Tanakh
120401,1420547,450060,Joshua,13,3,שיחור,nmpr,topo,F:unclassified-name,Other Tanakh
120405,1420547,450061,Joshua,13,3,מצרים,nmpr,topo,F:unclassified-name,Other Tanakh
120409,1420547,450060,Joshua,13,3,עקרון,nmpr,topo,F:unclassified-name,Other Tanakh
120440,1420548,450062,Joshua,13,4,מערה,nmpr,topo,F:unclassified-name,Other Tanakh
120446,1420548,450062,Joshua,13,4,אפק,nmpr,topo,F:unclassified-name,Other Tanakh
120459,1420549,450064,Joshua,13,5,לבנון,nmpr,topo,F:unclassified-name,Other Tanakh
120464,1420549,450064,Joshua,13,5,בעל גד,nmpr,topo,F:unclassified-name,Other Tanakh
120467,1420549,450064,Joshua,13,5,חרמון,nmpr,topo,F:unclassified-name,Other Tanakh
120471,1420549,450065,Joshua,13,5,חמת,nmpr,topo,F:unclassified-name,Other Tanakh
120478,1420550,450066,Joshua,13,6,לבנון,nmpr,topo,F:unclassified-name,Other Tanakh
120480,1420550,450066,Joshua,13,6,משרפות מים,nmpr,topo,F:unclassified-name,Other Tanakh
120488,1420550,450067,Joshua,13,6,ישראל,nmpr,"pers,gens,topo",F:unclassified-name,Other Tanakh
120492,1420550,450068,Joshua,13,6,ישראל,nmpr,"pers,gens,topo",F:unclassified-name,Other Tanakh
120517,1420551,450071,Joshua,13,7,מנשה,nmpr,"pers,gens",F:unclassified-name,Other Tanakh
120529,1420552,450073,Joshua,13,8,משה,nmpr,pers,A:person-candidate,Other Tanakh
120533,1420552,450072,Joshua,13,8,ירדן,nmpr,topo,F:unclassified-name,Other Tanakh
120539,1420552,450074,Joshua,13,8,משה,nmpr,pers,A:person-candidate,Other Tanakh
120541,1420552,450074,Joshua,13,8,יהוה,nmpr,pers,E:YHWH,Other Tanakh
120543,1420553,450075,Joshua,13,9,ערוער,nmpr,topo,F:unclassified-name,Other Tanakh
120548,1420553,450076,Joshua,13,9,ארנון,nmpr,topo,F:unclassified-name,Other Tanakh
120561,1420553,450075,Joshua,13,9,מידבא,nmpr,topo,F:unclassified-name,Other Tanakh
120563,1420553,450075,Joshua,13,9,דיבן,nmpr,topo,F:unclassified-name,Other Tanakh
120567,1420554,450078,Joshua,13,10,סיחון,nmpr,pers,A:person-candidate,Other Tanakh
120568,1420554,450078,Joshua,13,10,מלך,subs,,B:deity-candidate,Other Tanakh
120572,1420554,450079,Joshua,13,10,מלך,verb,,B:deity-candidate,Other Tanakh
120574,1420554,450079,Joshua,13,10,חשבון,nmpr,topo,F:unclassified-name,Other Tanakh
120578,1420554,450078,Joshua,13,10,עמון,nmpr,gens,F:unclassified-name,Other Tanakh
120581,1420555,450080,Joshua,13,11,גלעד,nmpr,topo,F:unclassified-name,Other Tanakh
120592,1420555,450080,Joshua,13,11,חרמון,nmpr,topo,F:unclassified-name,Other Tanakh
120596,1420555,450080,Joshua,13,11,בשן,nmpr,topo,F:unclassified-name,Other Tanakh
120598,1420555,450080,Joshua,13,11,סלכה,nmpr,topo,F:unclassified-name,Other Tanakh
120601,1420556,450081,Joshua,13,12,עוג,nmpr,pers,A:person-candidate,Other Tanakh
120604,1420556,450081,Joshua,13,12,בשן,nmpr,topo,F:unclassified-name,Other Tanakh
120606,1420556,450082,Joshua,13,12,מלך,verb,,B:deity-candidate,Other Tanakh
120608,1420556,450082,Joshua,13,12,עשתרות,nmpr,topo,F:unclassified-name,Other Tanakh
120611,1420556,450082,Joshua,13,12,אדרעי,nmpr,topo,F:unclassified-name,Other Tanakh
120617,1420556,450083,Joshua,13,12,רפאים,nmpr,gens,F:unclassified-name,Other Tanakh
120620,1420556,450084,Joshua,13,12,משה,nmpr,pers,A:person-candidate,Other Tanakh
120627,1420557,450086,Joshua,13,13,ישראל,nmpr,"pers,gens,topo",F:unclassified-name,Other Tanakh
120637,1420557,450087,Joshua,13,13,גשור,nmpr,topo,F:unclassified-name,Other Tanakh
120639,1420557,450087,Joshua,13,13,מעכת,nmpr,gens,F:unclassified-name,Other Tanakh
120642,1420557,450087,Joshua,13,13,ישראל,nmpr,"pers,gens,topo",F:unclassified-name,Other Tanakh
120657,1420558,450089,Joshua,13,14,יהוה,nmpr,pers,E:YHWH,Other Tanakh
120658,1420558,450089,Joshua,13,14,אלהים,subs,,D:Elohim,Other Tanakh
120659,1420558,450089,Joshua,13,14,ישראל,nmpr,"pers,gens,topo",F:unclassified-name,Other Tanakh
120668,1420559,450092,Joshua,13,15,משה,nmpr,pers,A:person-candidate,Other Tanakh
120672,1420559,450092,Joshua,13,15,ראובן,nmpr,"pers,gens,topo",F:unclassified-name,Other Tanakh
120681,1420560,450093,Joshua,13,16,ערוער,nmpr,topo,F:unclassified-name,Other Tanakh
120686,1420560,450094,Joshua,13,16,ארנון,nmpr,topo,F:unclassified-name,Other Tanakh
120700,1420560,450093,Joshua,13,16,מידבא,nmpr,topo,F:unclassified-name,Other Tanakh
120701,1420561,450096,Joshua,13,17,חשבון,nmpr,topo,F:unclassified-name,Other Tanakh
120709,1420561,450098,Joshua,13,17,דיבן,nmpr,topo,F:unclassified-name,Other Tanakh
120711,1420561,450098,Joshua,13,17,במות בעל,nmpr,topo,F:unclassified-name,Other Tanakh
120713,1420561,450098,Joshua,13,17,בית בעל מעון,nmpr,topo,F:unclassified-name,Other Tanakh
120715,1420562,450099,Joshua,13,18,יהצה,nmpr,topo,F:unclassified-name,Other Tanakh
120717,1420562,450099,Joshua,13,18,קדמות,nmpr,topo,F:unclassified-name,Other Tanakh
120719,1420562,450099,Joshua,13,18,מיפעת,nmpr,topo,F:unclassified-name,Other Tanakh
120721,1420563,450100,Joshua,13,19,קריתים,nmpr,topo,F:unclassified-name,Other Tanakh
120723,1420563,450100,Joshua,13,19,שבמה,nmpr,topo,F:unclassified-name,Other Tanakh
120725,1420563,450100,Joshua,13,19,צרת השחר,nmpr,topo,F:unclassified-name,Other Tanakh
120731,1420564,450101,Joshua,13,20,בית פעור,nmpr,topo,F:unclassified-name,Other Tanakh
120735,1420564,450101,Joshua,13,20,פסגה,nmpr,topo,F:unclassified-name,Other Tanakh
120737,1420564,450101,Joshua,13,20,בית הישמות,nmpr,topo,F:unclassified-name,Other Tanakh
120746,1420565,450102,Joshua,13,21,סיחון,nmpr,pers,A:person-candidate,Other Tanakh
120747,1420565,450102,Joshua,13,21,מלך,subs,,B:deity-candidate,Other Tanakh
120751,1420565,450103,Joshua,13,21,מלך,verb,,B:deity-candidate,Other Tanakh
120753,1420565,450103,Joshua,13,21,חשבון,nmpr,topo,F:unclassified-name,Other Tanakh
120756,1420565,450104,Joshua,13,21,משה,nmpr,pers,A:person-candidate,Other Tanakh
120761,1420565,450104,Joshua,13,21,מדין,nmpr,"pers,gens,topo",F:unclassified-name,Other Tanakh
120763,1420565,450104,Joshua,13,21,אוי,nmpr,pers,A:person-candidate,Other Tanakh
120766,1420565,450104,Joshua,13,21,רקם,nmpr,pers,A:person-candidate,Other Tanakh
120769,1420565,450104,Joshua,13,21,צור,nmpr,pers,A:person-candidate,Other Tanakh
120772,1420565,450104,Joshua,13,21,חור,nmpr,pers,A:person-candidate,Other Tanakh
120775,1420565,450104,Joshua,13,21,רבע,nmpr,pers,A:person-candidate,Other Tanakh
120777,1420565,450104,Joshua,13,21,סיחון,nmpr,pers,A:person-candidate,Other Tanakh
120783,1420566,450105,Joshua,13,22,בלעם,nmpr,pers,A:person-candidate,Other Tanakh
120785,1420566,450105,Joshua,13,22,בעור,nmpr,pers,A:person-candidate,Other Tanakh
120790,1420566,450105,Joshua,13,22,ישראל,nmpr,"pers,gens,topo",F:unclassified-name,Other Tanakh
120794,1420566,450105,Joshua,13,22,אל,prep,,C:divine-title-candidate,Other Tanakh
120800,1420567,450106,Joshua,13,23,ראובן,nmpr,"pers,gens,topo",F:unclassified-name,Other Tanakh
120802,1420567,450106,Joshua,13,23,ירדן,nmpr,topo,F:unclassified-name,Other Tanakh
120808,1420567,450107,Joshua,13,23,ראובן,nmpr,"pers,gens,topo",F:unclassified-name,Other Tanakh
120817,1420568,450108,Joshua,13,24,משה,nmpr,pers,A:person-candidate,Other Tanakh
120820,1420568,450108,Joshua,13,24,גד,nmpr,"pers,gens,topo",B:deity-candidate,Other Tanakh
120823,1420568,450108,Joshua,13,24,גד,nmpr,"pers,gens,topo",B:deity-candidate,Other Tanakh
120831,1420569,450109,Joshua,13,25,יעזר,nmpr,topo,F:unclassified-name,Other Tanakh
120836,1420569,450109,Joshua,13,25,גלעד,nmpr,topo,F:unclassified-name,Other Tanakh
120841,1420569,450109,Joshua,13,25,עמון,nmpr,gens,F:unclassified-name,Other Tanakh
120843,1420569,450109,Joshua,13,25,ערוער,nmpr,topo,F:unclassified-name,Other Tanakh
120847,1420569,450110,Joshua,13,25,רבה,nmpr,topo,F:unclassified-name,Other Tanakh
120850,1420570,450111,Joshua,13,26,חשבון,nmpr,topo,F:unclassified-name,Other Tanakh
120856,1420570,450111,Joshua,13,26,בטנים,nmpr,topo,F:unclassified-name,Other Tanakh
120859,1420570,450112,Joshua,13,26,מחנים,nmpr,topo,F:unclassified-name,Other Tanakh
120862,1420570,450112,Joshua,13,26,לדבר,nmpr,topo,F:unclassified-name,Other Tanakh
120867,1420571,450113,Joshua,13,27,בית הרם,nmpr,topo,F:unclassified-name,Other Tanakh
120869,1420571,450113,Joshua,13,27,בית נמרה,nmpr,topo,F:unclassified-name,Other Tanakh
120871,1420571,450113,Joshua,13,27,סכות,nmpr,topo,F:unclassified-name,Other Tanakh
120873,1420571,450113,Joshua,13,27,צפון,nmpr,topo,F:unclassified-name,Other Tanakh
120876,1420571,450113,Joshua,13,27,סיחון,nmpr,pers,A:person-candidate,Other Tanakh
120877,1420571,450113,Joshua,13,27,מלך,subs,,B:deity-candidate,Other Tanakh
120878,1420571,450113,Joshua,13,27,חשבון,nmpr,topo,F:unclassified-name,Other Tanakh
120880,1420571,450113,Joshua,13,27,ירדן,nmpr,topo,F:unclassified-name,Other Tanakh
120886,1420571,450113,Joshua,13,27,כנרת,nmpr,topo,F:unclassified-name,Other Tanakh
120889,1420571,450113,Joshua,13,27,ירדן,nmpr,topo,F:unclassified-name,Other Tanakh
120894,1420572,450114,Joshua,13,28,גד,nmpr,"pers,gens,topo",B:deity-candidate,Other Tanakh
120903,1420573,450115,Joshua,13,29,משה,nmpr,pers,A:person-candidate,Other Tanakh
120907,1420573,450115,Joshua,13,29,מנשה,nmpr,"pers,gens",F:unclassified-name,Other Tanakh
120914,1420573,450116,Joshua,13,29,מנשה,nmpr,"pers,gens",F:unclassified-name,Other Tanakh
120921,1420574,450117,Joshua,13,30,מחנים,nmpr,topo,F:unclassified-name,Other Tanakh
120924,1420574,450117,Joshua,13,30,בשן,nmpr,topo,F:unclassified-name,Other Tanakh
120927,1420574,450117,Joshua,13,30,עוג,nmpr,pers,A:person-candidate,Other Tanakh
120928,1420574,450117,Joshua,13,30,מלך,subs,,B:deity-candidate,Other Tanakh
120930,1420574,450117,Joshua,13,30,בשן,nmpr,topo,F:unclassified-name,Other Tanakh
120934,1420574,450117,Joshua,13,30,יאיר,nmpr,pers,A:person-candidate,Other Tanakh
120938,1420574,450118,Joshua,13,30,בשן,nmpr,topo,F:unclassified-name,Other Tanakh
120944,1420575,450119,Joshua,13,31,גלעד,nmpr,topo,F:unclassified-name,Other Tanakh
120946,1420575,450119,Joshua,13,31,עשתרות,nmpr,topo,F:unclassified-name,Other Tanakh
120948,1420575,450119,Joshua,13,31,אדרעי,nmpr,topo,F:unclassified-name,Other Tanakh
120951,1420575,450119,Joshua,13,31,עוג,nmpr,pers,A:person-candidate,Other Tanakh
120954,1420575,450119,Joshua,13,31,בשן,nmpr,topo,F:unclassified-name,Other Tanakh
120957,1420575,450119,Joshua,13,31,מכיר,nmpr,"pers,gens",F:unclassified-name,Other Tanakh
120959,1420575,450119,Joshua,13,31,מנשה,nmpr,"pers,gens",F:unclassified-name,Other Tanakh
120963,1420575,450120,Joshua,13,31,מכיר,nmpr,"pers,gens",F:unclassified-name,Other Tanakh
120969,1420576,450122,Joshua,13,32,משה,nmpr,pers,A:person-candidate,Other Tanakh
120972,1420576,450122,Joshua,13,32,מואב,nmpr,"pers,gens,topo",F:unclassified-name,Other Tanakh
120976,1420576,450122,Joshua,13,32,ירדן,nmpr,topo,F:unclassified-name,Other Tanakh
120977,1420576,450122,Joshua,13,32,יריחו,nmpr,topo,F:unclassified-name,Other Tanakh
120986,1420577,450123,Joshua,13,33,משה,nmpr,pers,A:person-candidate,Other Tanakh
120988,1420577,450124,Joshua,13,33,יהוה,nmpr,pers,E:YHWH,Other Tanakh
120989,1420577,450124,Joshua,13,33,אלהים,subs,,D:Elohim,Other Tanakh
120990,1420577,450124,Joshua,13,33,ישראל,nmpr,"pers,gens,topo",F:unclassified-name,Other Tanakh
121002,1420578,450128,Joshua,14,1,ישראל,nmpr,"pers,gens,topo",F:unclassified-name,Other Tanakh
121005,1420578,450128,Joshua,14,1,כנען,nmpr,"pers,gens,topo",F:unclassified-name,Other Tanakh
121009,1420578,450129,Joshua,14,1,אלעזר,nmpr,pers,A:person-candidate,Other Tanakh
121013,1420578,450129,Joshua,14,1,יהושע,nmpr,pers,A:person-candidate,Other Tanakh
121015,1420578,450129,Joshua,14,1,נון,nmpr,pers,A:person-candidate,Other Tanakh
121023,1420578,450129,Joshua,14,1,ישראל,nmpr,"pers,gens,topo",F:unclassified-name,Other Tanakh
121030,1420579,450131,Joshua,14,2,יהוה,nmpr,pers,E:YHWH,Other Tanakh
121033,1420579,450131,Joshua,14,2,משה,nmpr,pers,A:person-candidate,Other Tanakh
121044,1420580,450132,Joshua,14,3,משה,nmpr,pers,A:person-candidate,Other Tanakh
121057,1420580,450132,Joshua,14,3,ירדן,nmpr,topo,F:unclassified-name,Other Tanakh
121070,1420581,450134,Joshua,14,4,יוסף,nmpr,pers,A:person-candidate,Other Tanakh
121073,1420581,450134,Joshua,14,4,מנשה,nmpr,"pers,gens",F:unclassified-name,Other Tanakh
121075,1420581,450134,Joshua,14,4,אפרים,nmpr,"pers,gens,topo",F:unclassified-name,Other Tanakh
121101,1420582,450139,Joshua,14,5,יהוה,nmpr,pers,E:YHWH,Other Tanakh
121103,1420582,450139,Joshua,14,5,משה,nmpr,pers,A:person-candidate,Other Tanakh
121107,1420582,450140,Joshua,14,5,ישראל,nmpr,"pers,gens,topo",F:unclassified-name,Other Tanakh
121116,1420583,450142,Joshua,14,6,יהודה,nmpr,"pers,gens,topo",F:unclassified-name,Other Tanakh
121117,1420583,450142,Joshua,14,6,אל,prep,,C:divine-title-candidate,Other Tanakh
121118,1420583,450142,Joshua,14,6,יהושע,nmpr,pers,A:person-candidate,Other Tanakh
121121,1420583,450142,Joshua,14,6,גלגל,nmpr,topo,F:unclassified-name,Other Tanakh
121124,1420583,450143,Joshua,14,6,אל,prep,,C:divine-title-candidate,Other Tanakh
121125,1420583,450143,Joshua,14,6,כלב,nmpr,pers,A:person-candidate,Other Tanakh
121127,1420583,450143,Joshua,14,6,יפנה,nmpr,pers,A:person-candidate,Other Tanakh
121137,1420583,450145,Joshua,14,6,יהוה,nmpr,pers,E:YHWH,Other Tanakh
121138,1420583,450145,Joshua,14,6,אל,prep,,C:divine-title-candidate,Other Tanakh
121139,1420583,450145,Joshua,14,6,משה,nmpr,pers,A:person-candidate,Other Tanakh
121142,1420583,450145,Joshua,14,6,אלהים,subs,,D:Elohim,Other Tanakh
121149,1420583,450145,Joshua,14,6,קדש ברנע,nmpr,topo,F:unclassified-name,Other Tanakh
121156,1420584,450147,Joshua,14,7,משה,nmpr,pers,A:person-candidate,Other Tanakh
121158,1420584,450147,Joshua,14,7,יהוה,nmpr,pers,E:YHWH,Other Tanakh
121161,1420584,450147,Joshua,14,7,קדש ברנע,nmpr,topo,F:unclassified-name,Other Tanakh
121189,1420585,450153,Joshua,14,8,יהוה,nmpr,pers,E:YHWH,Other Tanakh
121190,1420585,450153,Joshua,14,8,אלהים,subs,,D:Elohim,Other Tanakh
121193,1420586,450154,Joshua,14,9,משה,nmpr,pers,A:person-candidate,Other Tanakh
121221,1420586,450159,Joshua,14,9,יהוה,nmpr,pers,E:YHWH,Other Tanakh
121222,1420586,450159,Joshua,14,9,אלהים,subs,,D:Elohim,Other Tanakh
121227,1420587,450161,Joshua,14,10,יהוה,nmpr,pers,E:YHWH,Other Tanakh
121240,1420587,450163,Joshua,14,10,יהוה,nmpr,pers,E:YHWH,Other Tanakh
121246,1420587,450163,Joshua,14,10,אל,prep,,C:divine-title-candidate,Other Tanakh
121247,1420587,450163,Joshua,14,10,משה,nmpr,pers,A:person-candidate,Other Tanakh
121250,1420587,450164,Joshua,14,10,ישראל,nmpr,"pers,gens,topo",F:unclassified-name,Other Tanakh
121275,1420588,450169,Joshua,14,11,משה,nmpr,pers,A:person-candidate,Other Tanakh
121303,1420589,450176,Joshua,14,12,יהוה,nmpr,pers,E:YHWH,Other Tanakh
121325,1420589,450180,Joshua,14,12,יהוה,nmpr,pers,E:YHWH,Other Tanakh
121332,1420589,450182,Joshua,14,12,יהוה,nmpr,pers,E:YHWH,Other Tanakh
121335,1420590,450183,Joshua,14,13,יהושע,nmpr,pers,A:person-candidate,Other Tanakh
121339,1420590,450184,Joshua,14,13,חברון,nmpr,topo,F:unclassified-name,Other Tanakh
121341,1420590,450184,Joshua,14,13,כלב,nmpr,pers,A:person-candidate,Other Tanakh
121343,1420590,450184,Joshua,14,13,יפנה,nmpr,pers,A:person-candidate,Other Tanakh
121349,1420591,450185,Joshua,14,14,חברון,nmpr,topo,F:unclassified-name,Other Tanakh
121351,1420591,450185,Joshua,14,14,כלב,nmpr,pers,A:person-candidate,Other Tanakh
121353,1420591,450185,Joshua,14,14,יפנה,nmpr,pers,A:person-candidate,Other Tanakh
121367,1420591,450186,Joshua,14,14,יהוה,nmpr,pers,E:YHWH,Other Tanakh
121368,1420591,450186,Joshua,14,14,אלהים,subs,,D:Elohim,Other Tanakh
121369,1420591,450186,Joshua,14,14,ישראל,nmpr,"pers,gens,topo",F:unclassified-name,Other Tanakh
121372,1420592,450187,Joshua,14,15,חברון,nmpr,topo,F:unclassified-name,Other Tanakh
121375,1420592,450187,Joshua,14,15,קרית ארבע,nmpr,topo,F:unclassified-name,Other Tanakh
121397,1420593,450190,Joshua,15,1,יהודה,nmpr,"pers,gens,topo",F:unclassified-name,Other Tanakh
121400,1420593,450190,Joshua,15,1,אל,prep,,C:divine-title-candidate,Other Tanakh
121402,1420593,450190,Joshua,15,1,אדום,nmpr,topo,F:unclassified-name,Other Tanakh
121404,1420593,450190,Joshua,15,1,צן,nmpr,topo,F:unclassified-name,Other Tanakh
121427,1420595,450193,Joshua,15,3,אל,prep,,C:divine-title-candidate,Other Tanakh
121431,1420595,450193,Joshua,15,3,מעלה עקרבים,nmpr,topo,F:unclassified-name,Other Tanakh
121434,1420595,450194,Joshua,15,3,צן,nmpr,topo,F:unclassified-name,Other Tanakh
121440,1420595,450195,Joshua,15,3,קדש ברנע,nmpr,topo,F:unclassified-name,Other Tanakh
121443,1420595,450196,Joshua,15,3,חצרון,nmpr,topo,F:unclassified-name,Other Tanakh
121446,1420595,450197,Joshua,15,3,אדר,nmpr,topo,F:unclassified-name,Other Tanakh
121450,1420595,450198,Joshua,15,3,קרקע,nmpr,topo,F:unclassified-name,Other Tanakh
121453,1420596,450199,Joshua,15,4,עצמון,nmpr,topo,F:unclassified-name,Other Tanakh
121457,1420596,450200,Joshua,15,4,מצרים,nmpr,topo,F:unclassified-name,Other Tanakh
121478,1420597,450203,Joshua,15,5,ירדן,nmpr,topo,F:unclassified-name,Other Tanakh
121491,1420597,450204,Joshua,15,5,ירדן,nmpr,topo,F:unclassified-name,Other Tanakh
121496,1420598,450205,Joshua,15,6,בית חגלה,nmpr,topo,F:unclassified-name,Other Tanakh
121502,1420598,450206,Joshua,15,6,בית הערבה,nmpr,topo,F:unclassified-name,Other Tanakh
121508,1420598,450207,Joshua,15,6,בהן,nmpr,pers,A:person-candidate,Other Tanakh
121510,1420598,450207,Joshua,15,6,ראובן,nmpr,"pers,gens,topo",F:unclassified-name,Other Tanakh
121515,1420599,450208,Joshua,15,7,דבר,nmpr,topo,F:unclassified-name,Other Tanakh
121518,1420599,450208,Joshua,15,7,עכור,nmpr,topo,F:unclassified-name,Other Tanakh
121522,1420599,450209,Joshua,15,7,אל,prep,,C:divine-title-candidate,Other Tanakh
121524,1420599,450209,Joshua,15,7,גלגל,nmpr,topo,F:unclassified-name,Other Tanakh
121528,1420599,450210,Joshua,15,7,מעלה אדמים,nmpr,topo,F:unclassified-name,Other Tanakh
121539,1420599,450212,Joshua,15,7,אל,prep,,C:divine-title-candidate,Other Tanakh
121541,1420599,450212,Joshua,15,7,עין שמש,nmpr,topo,F:unclassified-name,Other Tanakh
121545,1420599,450213,Joshua,15,7,אל,prep,,C:divine-title-candidate,Other Tanakh
121546,1420599,450213,Joshua,15,7,עין רגל,nmpr,topo,F:unclassified-name,Other Tanakh
121552,1420600,450214,Joshua,15,8,בן הנם,nmpr,topo,F:unclassified-name,Other Tanakh
121553,1420600,450214,Joshua,15,8,אל,prep,,C:divine-title-candidate,Other Tanakh
121560,1420600,450215,Joshua,15,8,ירושלם,nmpr,topo,F:unclassified-name,Other Tanakh
121565,1420600,450216,Joshua,15,8,אל,prep,,C:divine-title-candidate,Other Tanakh
121573,1420600,450217,Joshua,15,8,הנם,nmpr,pers,A:person-candidate,Other Tanakh
121579,1420600,450218,Joshua,15,8,רפאים,nmpr,topo,F:unclassified-name,Other Tanakh
121589,1420601,450219,Joshua,15,9,אל,prep,,C:divine-title-candidate,Other Tanakh
121592,1420601,450219,Joshua,15,9,נפתוח,nmpr,topo,F:unclassified-name,Other Tanakh
121595,1420601,450220,Joshua,15,9,אל,prep,,C:divine-title-candidate,Other Tanakh
121598,1420601,450220,Joshua,15,9,עפרון,nmpr,topo,F:unclassified-name,Other Tanakh
121603,1420601,450221,Joshua,15,9,בעלה,nmpr,topo,F:unclassified-name,Other Tanakh
121605,1420601,450222,Joshua,15,9,קרית יערים,nmpr,topo,F:unclassified-name,Other Tanakh
121611,1420602,450223,Joshua,15,10,בעלה,nmpr,topo,F:unclassified-name,Other Tanakh
121613,1420602,450223,Joshua,15,10,אל,prep,,C:divine-title-candidate,Other Tanakh
121615,1420602,450223,Joshua,15,10,שעיר,nmpr,topo,F:unclassified-name,Other Tanakh
121618,1420602,450224,Joshua,15,10,אל,prep,,C:divine-title-candidate,Other Tanakh
121621,1420602,450224,Joshua,15,10,יערים,nmpr,topo,F:unclassified-name,Other Tanakh
121625,1420602,450225,Joshua,15,10,כסלון,nmpr,topo,F:unclassified-name,Other Tanakh
121628,1420602,450226,Joshua,15,10,בית שמש,nmpr,topo,F:unclassified-name,Other Tanakh
121631,1420602,450227,Joshua,15,10,תמנה,nmpr,topo,F:unclassified-name,Other Tanakh
121636,1420603,450228,Joshua,15,11,אל,prep,,C:divine-title-candidate,Other Tanakh
121638,1420603,450228,Joshua,15,11,עקרון,nmpr,topo,F:unclassified-name,Other Tanakh
121644,1420603,450229,Joshua,15,11,שכרון,nmpr,topo,F:unclassified-name,Other Tanakh
121649,1420603,450230,Joshua,15,11,בעלה,nmpr,topo,F:unclassified-name,Other Tanakh
121652,1420603,450231,Joshua,15,11,יבנאל,nmpr,topo,F:unclassified-name,Other Tanakh
121671,1420604,450235,Joshua,15,12,יהודה,nmpr,"pers,gens,topo",F:unclassified-name,Other Tanakh
121677,1420605,450236,Joshua,15,13,כלב,nmpr,pers,A:person-candidate,Other Tanakh
121679,1420605,450236,Joshua,15,13,יפנה,nmpr,pers,A:person-candidate,Other Tanakh
121685,1420605,450236,Joshua,15,13,יהודה,nmpr,"pers,gens,topo",F:unclassified-name,Other Tanakh
121686,1420605,450236,Joshua,15,13,אל,prep,,C:divine-title-candidate,Other Tanakh
121688,1420605,450236,Joshua,15,13,יהוה,nmpr,pers,E:YHWH,Other Tanakh
121690,1420605,450236,Joshua,15,13,יהושע,nmpr,pers,A:person-candidate,Other Tanakh
121692,1420605,450236,Joshua,15,13,קרית ארבע,nmpr,topo,F:unclassified-name,Other Tanakh
121697,1420605,450237,Joshua,15,13,חברון,nmpr,topo,F:unclassified-name,Other Tanakh
121702,1420606,450238,Joshua,15,14,כלב,nmpr,pers,A:person-candidate,Other Tanakh
121709,1420606,450238,Joshua,15,14,ששי,nmpr,pers,A:person-candidate,Other Tanakh
121712,1420606,450238,Joshua,15,14,אחימן,nmpr,pers,A:person-candidate,Other Tanakh
121715,1420606,450238,Joshua,15,14,תלמי,nmpr,pers,A:person-candidate,Other Tanakh
121723,1420607,450239,Joshua,15,15,אל,prep,,C:divine-title-candidate,Other Tanakh
121725,1420607,450239,Joshua,15,15,דבר,nmpr,topo,F:unclassified-name,Other Tanakh
121728,1420607,450240,Joshua,15,15,דבר,nmpr,topo,F:unclassified-name,Other Tanakh
121731,1420607,450240,Joshua,15,15,קרית ספר,nmpr,topo,F:unclassified-name,Other Tanakh
121734,1420608,450241,Joshua,15,16,כלב,nmpr,pers,A:person-candidate,Other Tanakh
121738,1420608,450242,Joshua,15,16,קרית ספר,nmpr,topo,F:unclassified-name,Other Tanakh
121745,1420608,450244,Joshua,15,16,עכסה,nmpr,pers,A:person-candidate,Other Tanakh
121751,1420609,450245,Joshua,15,17,עתניאל,nmpr,pers,A:person-candidate,Other Tanakh
121753,1420609,450245,Joshua,15,17,קנז,nmpr,"pers,gens",F:unclassified-name,Other Tanakh
121755,1420609,450245,Joshua,15,17,כלב,nmpr,pers,A:person-candidate,Other Tanakh
121760,1420609,450246,Joshua,15,17,עכסה,nmpr,pers,A:person-candidate,Other Tanakh
121785,1420610,450252,Joshua,15,18,כלב,nmpr,pers,A:person-candidate,Other Tanakh
121817,1420612,450259,Joshua,15,20,יהודה,nmpr,"pers,gens,topo",F:unclassified-name,Other Tanakh
121829,1420613,450260,Joshua,15,21,יהודה,nmpr,"pers,gens,topo",F:unclassified-name,Other Tanakh
121830,1420613,450260,Joshua,15,21,אל,prep,,C:divine-title-candidate,Other Tanakh
121832,1420613,450260,Joshua,15,21,אדום,nmpr,topo,F:unclassified-name,Other Tanakh
121836,1420613,450260,Joshua,15,21,קבצאל,nmpr,topo,F:unclassified-name,Other Tanakh
121838,1420613,450260,Joshua,15,21,עדר,nmpr,topo,F:unclassified-name,Other Tanakh
121840,1420613,450260,Joshua,15,21,יגור,nmpr,topo,F:unclassified-name,Other Tanakh
121842,1420614,450261,Joshua,15,22,קינה,nmpr,topo,F:unclassified-name,Other Tanakh
121844,1420614,450261,Joshua,15,22,דימונה,nmpr,topo,F:unclassified-name,Other Tanakh
121846,1420614,450261,Joshua,15,22,עדעדה,nmpr,topo,F:unclassified-name,Other Tanakh
121848,1420615,450262,Joshua,15,23,קדש,nmpr,topo,F:unclassified-name,Other Tanakh
121850,1420615,450262,Joshua,15,23,חצור,nmpr,topo,F:unclassified-name,Other Tanakh
121852,1420615,450262,Joshua,15,23,יתנן,nmpr,topo,F:unclassified-name,Other Tanakh
121853,1420616,450263,Joshua,15,24,זיף,nmpr,topo,F:unclassified-name,Other Tanakh
121855,1420616,450263,Joshua,15,24,טלם,nmpr,topo,F:unclassified-name,Other Tanakh
121857,1420616,450263,Joshua,15,24,בעלות,nmpr,topo,F:unclassified-name,Other Tanakh
121859,1420617,450264,Joshua,15,25,חצור חדתה,nmpr,topo,F:unclassified-name,Other Tanakh
121861,1420617,450264,Joshua,15,25,קריות,nmpr,topo,F:unclassified-name,Other Tanakh
121862,1420617,450264,Joshua,15,25,חצרון,nmpr,topo,F:unclassified-name,Other Tanakh
121864,1420617,450265,Joshua,15,25,חצור,nmpr,topo,F:unclassified-name,Other Tanakh
121865,1420618,450266,Joshua,15,26,אמם,nmpr,topo,F:unclassified-name,Other Tanakh
121867,1420618,450266,Joshua,15,26,שמע,nmpr,topo,F:unclassified-name,Other Tanakh
121869,1420618,450266,Joshua,15,26,מולדה,nmpr,topo,F:unclassified-name,Other Tanakh
121871,1420619,450267,Joshua,15,27,חצר גדה,nmpr,topo,F:unclassified-name,Other Tanakh
121873,1420619,450267,Joshua,15,27,חשמון,nmpr,topo,F:unclassified-name,Other Tanakh
121875,1420619,450267,Joshua,15,27,בית פלט,nmpr,topo,F:unclassified-name,Other Tanakh
121877,1420620,450268,Joshua,15,28,חצר שועל,nmpr,topo,F:unclassified-name,Other Tanakh
121880,1420620,450268,Joshua,15,28,שבע,nmpr,topo,F:unclassified-name,Other Tanakh
121882,1420620,450268,Joshua,15,28,בזיותיה,nmpr,topo,F:unclassified-name,Other Tanakh
121883,1420621,450269,Joshua,15,29,בעלה,nmpr,topo,F:unclassified-name,Other Tanakh
121885,1420621,450269,Joshua,15,29,עיים,nmpr,topo,F:unclassified-name,Other Tanakh
121887,1420621,450269,Joshua,15,29,עצם,nmpr,topo,F:unclassified-name,Other Tanakh
121889,1420622,450270,Joshua,15,30,אלתולד,nmpr,topo,F:unclassified-name,Other Tanakh
121891,1420622,450270,Joshua,15,30,כסיל,nmpr,topo,F:unclassified-name,Other Tanakh
121893,1420622,450270,Joshua,15,30,חרמה,nmpr,topo,F:unclassified-name,Other Tanakh
121895,1420623,450271,Joshua,15,31,צקלג,nmpr,topo,F:unclassified-name,Other Tanakh
121897,1420623,450271,Joshua,15,31,מדמנה,nmpr,topo,F:unclassified-name,Other Tanakh
121899,1420623,450271,Joshua,15,31,סנסנה,nmpr,topo,F:unclassified-name,Other Tanakh
121901,1420624,450272,Joshua,15,32,לבאות,nmpr,topo,F:unclassified-name,Other Tanakh
121903,1420624,450272,Joshua,15,32,שלחים,nmpr,topo,F:unclassified-name,Other Tanakh
121905,1420624,450272,Joshua,15,32,עין רמון,nmpr,topo,F:unclassified-name,Other Tanakh
121916,1420625,450274,Joshua,15,33,אשתאל,nmpr,topo,F:unclassified-name,Other Tanakh
121918,1420625,450274,Joshua,15,33,צרעה,nmpr,topo,F:unclassified-name,Other Tanakh
121920,1420625,450274,Joshua,15,33,אשנה,nmpr,topo,F:unclassified-name,Other Tanakh
121922,1420626,450275,Joshua,15,34,זנוח,nmpr,topo,F:unclassified-name,Other Tanakh
121924,1420626,450275,Joshua,15,34,עין גנים,nmpr,topo,F:unclassified-name,Other Tanakh
121925,1420626,450275,Joshua,15,34,תפוח,nmpr,topo,F:unclassified-name,Other Tanakh
121928,1420626,450275,Joshua,15,34,עינם,nmpr,topo,F:unclassified-name,Other Tanakh
121929,1420627,450276,Joshua,15,35,ירמות,nmpr,topo,F:unclassified-name,Other Tanakh
121931,1420627,450276,Joshua,15,35,עדלם,nmpr,topo,F:unclassified-name,Other Tanakh
121932,1420627,450276,Joshua,15,35,שוכה,nmpr,topo,F:unclassified-name,Other Tanakh
121934,1420627,450276,Joshua,15,35,עזקה,nmpr,topo,F:unclassified-name,Other Tanakh
121936,1420628,450277,Joshua,15,36,שערים,nmpr,topo,F:unclassified-name,Other Tanakh
121938,1420628,450277,Joshua,15,36,עדיתים,nmpr,topo,F:unclassified-name,Other Tanakh
121941,1420628,450277,Joshua,15,36,גדרה,nmpr,topo,F:unclassified-name,Other Tanakh
121943,1420628,450277,Joshua,15,36,גדרתים,nmpr,topo,F:unclassified-name,Other Tanakh
121949,1420629,450279,Joshua,15,37,צנן,nmpr,topo,F:unclassified-name,Other Tanakh
121951,1420629,450279,Joshua,15,37,חדשה,nmpr,topo,F:unclassified-name,Other Tanakh
121953,1420629,450279,Joshua,15,37,מגדל גד,nmpr,topo,F:unclassified-name,Other Tanakh
121955,1420630,450280,Joshua,15,38,דלען,nmpr,topo,F:unclassified-name,Other Tanakh
121958,1420630,450280,Joshua,15,38,מצפה,nmpr,topo,F:unclassified-name,Other Tanakh
121960,1420630,450280,Joshua,15,38,יקתאל,nmpr,topo,F:unclassified-name,Other Tanakh
121961,1420631,450281,Joshua,15,39,לכיש,nmpr,topo,F:unclassified-name,Other Tanakh
121963,1420631,450281,Joshua,15,39,בצקת,nmpr,topo,F:unclassified-name,Other Tanakh
121965,1420631,450281,Joshua,15,39,עגלון,nmpr,topo,F:unclassified-name,Other Tanakh
121967,1420632,450282,Joshua,15,40,כבון,nmpr,topo,F:unclassified-name,Other Tanakh
121969,1420632,450282,Joshua,15,40,לחמס,nmpr,topo,F:unclassified-name,Other Tanakh
121971,1420632,450282,Joshua,15,40,כתליש,nmpr,topo,F:unclassified-name,Other Tanakh
121973,1420633,450283,Joshua,15,41,גדרות,nmpr,topo,F:unclassified-name,Other Tanakh
121974,1420633,450283,Joshua,15,41,בית דגון,nmpr,topo,F:unclassified-name,Other Tanakh
121976,1420633,450283,Joshua,15,41,נעמה,nmpr,topo,F:unclassified-name,Other Tanakh
121978,1420633,450283,Joshua,15,41,מקדה,nmpr,topo,F:unclassified-name,Other Tanakh
121984,1420634,450285,Joshua,15,42,לבנה,nmpr,topo,F:unclassified-name,Other Tanakh
121986,1420634,450285,Joshua,15,42,עתר,nmpr,topo,F:unclassified-name,Other Tanakh
121988,1420634,450285,Joshua,15,42,עשן,nmpr,topo,F:unclassified-name,Other Tanakh
121990,1420635,450286,Joshua,15,43,יפתח,nmpr,topo,F:unclassified-name,Other Tanakh
121992,1420635,450286,Joshua,15,43,אשנה,nmpr,topo,F:unclassified-name,Other Tanakh
121994,1420635,450286,Joshua,15,43,נציב,nmpr,topo,F:unclassified-name,Other Tanakh
121996,1420636,450287,Joshua,15,44,קעילה,nmpr,topo,F:unclassified-name,Other Tanakh
121998,1420636,450287,Joshua,15,44,אכזיב,nmpr,topo,F:unclassified-name,Other Tanakh
122000,1420636,450287,Joshua,15,44,מרשה,nmpr,topo,F:unclassified-name,Other Tanakh
122005,1420637,450289,Joshua,15,45,עקרון,nmpr,topo,F:unclassified-name,Other Tanakh
122011,1420638,450290,Joshua,15,46,עקרון,nmpr,topo,F:unclassified-name,Other Tanakh
122018,1420638,450291,Joshua,15,46,אשדוד,nmpr,topo,F:unclassified-name,Other Tanakh
122021,1420639,450292,Joshua,15,47,אשדוד,nmpr,topo,F:unclassified-name,Other Tanakh
122025,1420639,450293,Joshua,15,47,עזה,nmpr,topo,F:unclassified-name,Other Tanakh
122031,1420639,450293,Joshua,15,47,מצרים,nmpr,topo,F:unclassified-name,Other Tanakh
122043,1420640,450294,Joshua,15,48,שמיר,nmpr,topo,F:unclassified-name,Other Tanakh
122045,1420640,450294,Joshua,15,48,יתר,nmpr,topo,F:unclassified-name,Other Tanakh
122047,1420640,450294,Joshua,15,48,שוכה,nmpr,topo,F:unclassified-name,Other Tanakh
122049,1420641,450295,Joshua,15,49,דנה,nmpr,topo,F:unclassified-name,Other Tanakh
122051,1420641,450295,Joshua,15,49,קרית סנה,nmpr,topo,F:unclassified-name,Other Tanakh
122053,1420641,450296,Joshua,15,49,דבר,nmpr,topo,F:unclassified-name,Other Tanakh
122055,1420642,450297,Joshua,15,50,ענב,nmpr,topo,F:unclassified-name,Other Tanakh
122057,1420642,450297,Joshua,15,50,אשתמע,nmpr,topo,F:unclassified-name,Other Tanakh
122059,1420642,450297,Joshua,15,50,ענים,nmpr,topo,F:unclassified-name,Other Tanakh
122061,1420643,450298,Joshua,15,51,גשן,nmpr,topo,F:unclassified-name,Other Tanakh
122063,1420643,450298,Joshua,15,51,חלן,nmpr,topo,F:unclassified-name,Other Tanakh
122065,1420643,450298,Joshua,15,51,גלה,nmpr,topo,F:unclassified-name,Other Tanakh
122071,1420644,450300,Joshua,15,52,ארב,nmpr,topo,F:unclassified-name,Other Tanakh
122073,1420644,450300,Joshua,15,52,רומה,nmpr,topo,F:unclassified-name,Other Tanakh
122075,1420644,450300,Joshua,15,52,אשען,nmpr,topo,F:unclassified-name,Other Tanakh
122077,1420645,450301,Joshua,15,53,ינום,nmpr,topo,F:unclassified-name,Other Tanakh
122079,1420645,450301,Joshua,15,53,בית תפוח,nmpr,topo,F:unclassified-name,Other Tanakh
122081,1420645,450301,Joshua,15,53,אפקה,nmpr,topo,F:unclassified-name,Other Tanakh
122083,1420646,450302,Joshua,15,54,חמטה,nmpr,topo,F:unclassified-name,Other Tanakh
122085,1420646,450302,Joshua,15,54,קרית ארבע,nmpr,topo,F:unclassified-name,Other Tanakh
122087,1420646,450303,Joshua,15,54,חברון,nmpr,topo,F:unclassified-name,Other Tanakh
122089,1420646,450302,Joshua,15,54,ציער,nmpr,topo,F:unclassified-name,Other Tanakh
122094,1420647,450305,Joshua,15,55,מעון,nmpr,topo,F:unclassified-name,Other Tanakh
122095,1420647,450305,Joshua,15,55,כרמל,nmpr,topo,F:unclassified-name,Other Tanakh
122097,1420647,450305,Joshua,15,55,זיף,nmpr,topo,F:unclassified-name,Other Tanakh
122099,1420647,450305,Joshua,15,55,יוטה,nmpr,topo,F:unclassified-name,Other Tanakh
122101,1420648,450306,Joshua,15,56,יזרעאל,nmpr,topo,F:unclassified-name,Other Tanakh
122103,1420648,450306,Joshua,15,56,יקדעם,nmpr,topo,F:unclassified-name,Other Tanakh
122105,1420648,450306,Joshua,15,56,זנוח,nmpr,topo,F:unclassified-name,Other Tanakh
122107,1420649,450307,Joshua,15,57,קין,nmpr,topo,F:unclassified-name,Other Tanakh
122108,1420649,450307,Joshua,15,57,גבעה,nmpr,topo,F:unclassified-name,Other Tanakh
122110,1420649,450307,Joshua,15,57,תמנה,nmpr,topo,F:unclassified-name,Other Tanakh
122115,1420650,450309,Joshua,15,58,חלחול,nmpr,topo,F:unclassified-name,Other Tanakh
122116,1420650,450309,Joshua,15,58,בית צור,nmpr,topo,F:unclassified-name,Other Tanakh
122118,1420650,450309,Joshua,15,58,גדר,nmpr,topo,F:unclassified-name,Other Tanakh
122120,1420651,450310,Joshua,15,59,מערת,nmpr,topo,F:unclassified-name,Other Tanakh
122122,1420651,450310,Joshua,15,59,בית ענות,nmpr,topo,F:unclassified-name,Other Tanakh
122124,1420651,450310,Joshua,15,59,אלתקן,nmpr,topo,F:unclassified-name,Other Tanakh
122129,1420652,450312,Joshua,15,60,קרית בעל,nmpr,topo,F:unclassified-name,Other Tanakh
122131,1420652,450313,Joshua,15,60,קרית יערים,nmpr,topo,F:unclassified-name,Other Tanakh
122134,1420652,450312,Joshua,15,60,רבה,nmpr,topo,F:unclassified-name,Other Tanakh
122142,1420653,450315,Joshua,15,61,בית הערבה,nmpr,topo,F:unclassified-name,Other Tanakh
122143,1420653,450315,Joshua,15,61,מדין,nmpr,topo,F:unclassified-name,Other Tanakh
122145,1420653,450315,Joshua,15,61,סככה,nmpr,topo,F:unclassified-name,Other Tanakh
122148,1420654,450316,Joshua,15,62,נבשן,nmpr,topo,F:unclassified-name,Other Tanakh
122150,1420654,450316,Joshua,15,62,עיר המלח,nmpr,topo,F:unclassified-name,Other Tanakh
122152,1420654,450316,Joshua,15,62,עין גדי,nmpr,topo,F:unclassified-name,Other Tanakh
122162,1420655,450318,Joshua,15,63,ירושלם,nmpr,topo,F:unclassified-name,Other Tanakh
122166,1420655,450318,Joshua,15,63,יהודה,nmpr,"pers,gens,topo",F:unclassified-name,Other Tanakh
122175,1420655,450320,Joshua,15,63,יהודה,nmpr,"pers,gens,topo",F:unclassified-name,Other Tanakh
122177,1420655,450320,Joshua,15,63,ירושלם,nmpr,topo,F:unclassified-name,Other Tanakh
122189,1420656,450321,Joshua,16,1,יוסף,nmpr,pers,A:person-candidate,Other Tanakh
122191,1420656,450321,Joshua,16,1,ירדן,nmpr,topo,F:unclassified-name,Other Tanakh
122192,1420656,450321,Joshua,16,1,יריחו,nmpr,topo,F:unclassified-name,Other Tanakh
122195,1420656,450321,Joshua,16,1,יריחו,nmpr,topo,F:unclassified-name,Other Tanakh
122201,1420656,450322,Joshua,16,1,יריחו,nmpr,topo,F:unclassified-name,Other Tanakh
122205,1420656,450322,Joshua,16,1,בית אל,nmpr,topo,F:unclassified-name,Other Tanakh
122209,1420657,450323,Joshua,16,2,בית אל,nmpr,topo,F:unclassified-name,Other Tanakh
122210,1420657,450323,Joshua,16,2,לוז,nmpr,topo,F:unclassified-name,Other Tanakh
122213,1420657,450324,Joshua,16,2,אל,prep,,C:divine-title-candidate,Other Tanakh
122217,1420657,450324,Joshua,16,2,עטרות,nmpr,topo,F:unclassified-name,Other Tanakh
122221,1420658,450325,Joshua,16,3,אל,prep,,C:divine-title-candidate,Other Tanakh
122227,1420658,450325,Joshua,16,3,בית חורון,nmpr,topo,F:unclassified-name,Other Tanakh
122231,1420658,450325,Joshua,16,3,גזר,nmpr,topo,F:unclassified-name,Other Tanakh
122239,1420659,450327,Joshua,16,4,יוסף,nmpr,pers,A:person-candidate,Other Tanakh
122240,1420659,450327,Joshua,16,4,מנשה,nmpr,"pers,gens",F:unclassified-name,Other Tanakh
122242,1420659,450327,Joshua,16,4,אפרים,nmpr,"pers,gens,topo",F:unclassified-name,Other Tanakh
122247,1420660,450328,Joshua,16,5,אפרים,nmpr,"pers,gens,topo",F:unclassified-name,Other Tanakh
122255,1420660,450329,Joshua,16,5,עטרות אדר,nmpr,topo,F:unclassified-name,Other Tanakh
122257,1420660,450329,Joshua,16,5,בית חורון,nmpr,topo,F:unclassified-name,Other Tanakh
122258,1420660,450329,Joshua,16,5,עליון,adjv,,C:divine-title-candidate,Other Tanakh
122266,1420661,450330,Joshua,16,6,מכמתת,nmpr,topo,F:unclassified-name,Other Tanakh
122274,1420661,450331,Joshua,16,6,תאנת שלה,nmpr,topo,F:unclassified-name,Other Tanakh
122280,1420661,450332,Joshua,16,6,ינוחה,nmpr,topo,F:unclassified-name,Other Tanakh
122284,1420662,450333,Joshua,16,7,ינוחה,nmpr,topo,F:unclassified-name,Other Tanakh
122285,1420662,450333,Joshua,16,7,עטרות,nmpr,topo,F:unclassified-name,Other Tanakh
122287,1420662,450334,Joshua,16,7,נערה,nmpr,topo,F:unclassified-name,Other Tanakh
122291,1420662,450335,Joshua,16,7,יריחו,nmpr,topo,F:unclassified-name,Other Tanakh
122295,1420662,450336,Joshua,16,7,ירדן,nmpr,topo,F:unclassified-name,Other Tanakh
122297,1420663,450337,Joshua,16,8,תפוח,nmpr,topo,F:unclassified-name,Other Tanakh
122303,1420663,450337,Joshua,16,8,קנה,nmpr,topo,F:unclassified-name,Other Tanakh
122313,1420663,450339,Joshua,16,8,אפרים,nmpr,"pers,gens,topo",F:unclassified-name,Other Tanakh
122323,1420664,450340,Joshua,16,9,אפרים,nmpr,"pers,gens,topo",F:unclassified-name,Other Tanakh
122328,1420664,450340,Joshua,16,9,מנשה,nmpr,"pers,gens",F:unclassified-name,Other Tanakh
122343,1420665,450342,Joshua,16,10,גזר,nmpr,topo,F:unclassified-name,Other Tanakh
122350,1420665,450343,Joshua,16,10,אפרים,nmpr,"pers,gens,topo",F:unclassified-name,Other Tanakh
122367,1420666,450345,Joshua,17,1,מנשה,nmpr,"pers,gens",F:unclassified-name,Other Tanakh
122371,1420666,450346,Joshua,17,1,יוסף,nmpr,pers,A:person-candidate,Other Tanakh
122373,1420666,450347,Joshua,17,1,מכיר,nmpr,"pers,gens",F:unclassified-name,Other Tanakh
122375,1420666,450347,Joshua,17,1,מנשה,nmpr,"pers,gens",F:unclassified-name,Other Tanakh
122378,1420666,450347,Joshua,17,1,גלעד,nmpr,topo,F:unclassified-name,Other Tanakh
122388,1420666,450349,Joshua,17,1,גלעד,nmpr,topo,F:unclassified-name,Other Tanakh
122391,1420666,450349,Joshua,17,1,בשן,nmpr,topo,F:unclassified-name,Other Tanakh
122396,1420667,450350,Joshua,17,2,מנשה,nmpr,"pers,gens",F:unclassified-name,Other Tanakh
122403,1420667,450350,Joshua,17,2,אביעזר,nmpr,pers,A:person-candidate,Other Tanakh
122407,1420667,450350,Joshua,17,2,חלק,nmpr,pers,A:person-candidate,Other Tanakh
122411,1420667,450350,Joshua,17,2,אשריאל,nmpr,pers,A:person-candidate,Other Tanakh
122415,1420667,450350,Joshua,17,2,שכם,nmpr,pers,A:person-candidate,Other Tanakh
122419,1420667,450350,Joshua,17,2,חפר,nmpr,pers,A:person-candidate,Other Tanakh
122423,1420667,450350,Joshua,17,2,שמידע,nmpr,pers,A:person-candidate,Other Tanakh
122426,1420667,450351,Joshua,17,2,מנשה,nmpr,"pers,gens",F:unclassified-name,Other Tanakh
122428,1420667,450351,Joshua,17,2,יוסף,nmpr,pers,A:person-candidate,Other Tanakh
122435,1420668,450352,Joshua,17,3,צלפחד,nmpr,pers,A:person-candidate,Other Tanakh
122437,1420668,450352,Joshua,17,3,חפר,nmpr,pers,A:person-candidate,Other Tanakh
122439,1420668,450352,Joshua,17,3,גלעד,nmpr,topo,F:unclassified-name,Other Tanakh
122441,1420668,450352,Joshua,17,3,מכיר,nmpr,"pers,gens",F:unclassified-name,Other Tanakh
122443,1420668,450352,Joshua,17,3,מנשה,nmpr,"pers,gens",F:unclassified-name,Other Tanakh
122455,1420668,450356,Joshua,17,3,מחלה,nmpr,pers,A:person-candidate,Other Tanakh
122457,1420668,450356,Joshua,17,3,נעה,nmpr,pers,A:person-candidate,Other Tanakh
122458,1420668,450356,Joshua,17,3,חגלה,nmpr,pers,A:person-candidate,Other Tanakh
122459,1420668,450356,Joshua,17,3,מלכה,nmpr,pers,A:person-candidate,Other Tanakh
122461,1420668,450356,Joshua,17,3,תרצה,nmpr,pers,A:person-candidate,Other Tanakh
122466,1420669,450357,Joshua,17,4,אלעזר,nmpr,pers,A:person-candidate,Other Tanakh
122472,1420669,450357,Joshua,17,4,יהושע,nmpr,pers,A:person-candidate,Other Tanakh
122474,1420669,450357,Joshua,17,4,נון,nmpr,pers,A:person-candidate,Other Tanakh
122482,1420669,450359,Joshua,17,4,יהוה,nmpr,pers,E:YHWH,Other Tanakh
122485,1420669,450359,Joshua,17,4,משה,nmpr,pers,A:person-candidate,Other Tanakh
122496,1420669,450361,Joshua,17,4,אל,prep,,C:divine-title-candidate,Other Tanakh
122498,1420669,450361,Joshua,17,4,יהוה,nmpr,pers,E:YHWH,Other Tanakh
122507,1420670,450362,Joshua,17,5,מנשה,nmpr,"pers,gens",F:unclassified-name,Other Tanakh
122514,1420670,450362,Joshua,17,5,גלעד,nmpr,topo,F:unclassified-name,Other Tanakh
122517,1420670,450362,Joshua,17,5,בשן,nmpr,topo,F:unclassified-name,Other Tanakh
122523,1420670,450363,Joshua,17,5,ירדן,nmpr,topo,F:unclassified-name,Other Tanakh
122526,1420671,450364,Joshua,17,6,מנשה,nmpr,"pers,gens",F:unclassified-name,Other Tanakh
122535,1420671,450365,Joshua,17,6,גלעד,nmpr,topo,F:unclassified-name,Other Tanakh
122539,1420671,450365,Joshua,17,6,מנשה,nmpr,"pers,gens",F:unclassified-name,Other Tanakh
122545,1420672,450366,Joshua,17,7,מנשה,nmpr,"pers,gens",F:unclassified-name,Other Tanakh
122547,1420672,450366,Joshua,17,7,אשר,nmpr,"pers,gens,topo",F:unclassified-name,Other Tanakh
122549,1420672,450366,Joshua,17,7,מכמתת,nmpr,topo,F:unclassified-name,Other Tanakh
122553,1420672,450367,Joshua,17,7,שכם,nmpr,topo,F:unclassified-name,Other Tanakh
122558,1420672,450368,Joshua,17,7,אל,prep,,C:divine-title-candidate,Other Tanakh
122561,1420672,450368,Joshua,17,7,אל,prep,,C:divine-title-candidate,Other Tanakh
122563,1420672,450368,Joshua,17,7,עין תפוח,nmpr,topo,F:unclassified-name,Other Tanakh
122565,1420673,450369,Joshua,17,8,מנשה,nmpr,"pers,gens",F:unclassified-name,Other Tanakh
122568,1420673,450369,Joshua,17,8,תפוח,nmpr,topo,F:unclassified-name,Other Tanakh
122570,1420673,450370,Joshua,17,8,תפוח,nmpr,topo,F:unclassified-name,Other Tanakh
122571,1420673,450370,Joshua,17,8,אל,prep,,C:divine-title-candidate,Other Tanakh
122573,1420673,450370,Joshua,17,8,מנשה,nmpr,"pers,gens",F:unclassified-name,Other Tanakh
122576,1420673,450370,Joshua,17,8,אפרים,nmpr,"pers,gens,topo",F:unclassified-name,Other Tanakh
122582,1420674,450371,Joshua,17,9,קנה,nmpr,topo,F:unclassified-name,Other Tanakh
122591,1420674,450372,Joshua,17,9,אפרים,nmpr,"pers,gens,topo",F:unclassified-name,Other Tanakh
122595,1420674,450372,Joshua,17,9,מנשה,nmpr,"pers,gens",F:unclassified-name,Other Tanakh
122598,1420674,450373,Joshua,17,9,מנשה,nmpr,"pers,gens",F:unclassified-name,Other Tanakh
122611,1420675,450375,Joshua,17,10,אפרים,nmpr,"pers,gens,topo",F:unclassified-name,Other Tanakh
122615,1420675,450376,Joshua,17,10,מנשה,nmpr,"pers,gens",F:unclassified-name,Other Tanakh
122623,1420675,450378,Joshua,17,10,אשר,nmpr,"pers,gens,topo",F:unclassified-name,Other Tanakh
122629,1420675,450379,Joshua,17,10,יששכר,nmpr,"pers,gens,topo",F:unclassified-name,Other Tanakh
122635,1420676,450380,Joshua,17,11,מנשה,nmpr,"pers,gens",F:unclassified-name,Other Tanakh
122637,1420676,450380,Joshua,17,11,יששכר,nmpr,"pers,gens,topo",F:unclassified-name,Other Tanakh
122640,1420676,450380,Joshua,17,11,אשר,nmpr,"pers,gens,topo",F:unclassified-name,Other Tanakh
122641,1420676,450380,Joshua,17,11,בית שאן,nmpr,topo,F:unclassified-name,Other Tanakh
122645,1420676,450380,Joshua,17,11,יבלעם,nmpr,topo,F:unclassified-name,Other Tanakh
122651,1420676,450380,Joshua,17,11,דאר,nmpr,topo,F:unclassified-name,Other Tanakh
122656,1420676,450380,Joshua,17,11,עין דור,nmpr,topo,F:unclassified-name,Other Tanakh
122661,1420676,450380,Joshua,17,11,תענך,nmpr,topo,F:unclassified-name,Other Tanakh
122666,1420676,450380,Joshua,17,11,מגדו,nmpr,topo,F:unclassified-name,Other Tanakh
122676,1420677,450381,Joshua,17,12,מנשה,nmpr,"pers,gens",F:unclassified-name,Other Tanakh
122700,1420678,450386,Joshua,17,13,ישראל,nmpr,"pers,gens,topo",F:unclassified-name,Other Tanakh
122715,1420679,450389,Joshua,17,14,יוסף,nmpr,pers,A:person-candidate,Other Tanakh
122717,1420679,450389,Joshua,17,14,יהושע,nmpr,pers,A:person-candidate,Other Tanakh
122738,1420679,450393,Joshua,17,14,יהוה,nmpr,pers,E:YHWH,Other Tanakh
122741,1420680,450394,Joshua,17,15,אל,prep,,C:divine-title-candidate,Other Tanakh
122742,1420680,450394,Joshua,17,15,יהושע,nmpr,pers,A:person-candidate,Other Tanakh
122761,1420680,450397,Joshua,17,15,רפאים,nmpr,gens,F:unclassified-name,Other Tanakh
122766,1420680,450398,Joshua,17,15,אפרים,nmpr,"pers,gens,topo",F:unclassified-name,Other Tanakh
122770,1420681,450399,Joshua,17,16,יוסף,nmpr,pers,A:person-candidate,Other Tanakh
122792,1420681,450403,Joshua,17,16,בית שאן,nmpr,topo,F:unclassified-name,Other Tanakh
122800,1420681,450404,Joshua,17,16,יזרעאל,nmpr,topo,F:unclassified-name,Other Tanakh
122803,1420682,450405,Joshua,17,17,יהושע,nmpr,pers,A:person-candidate,Other Tanakh
122804,1420682,450405,Joshua,17,17,אל,prep,,C:divine-title-candidate,Other Tanakh
122806,1420682,450405,Joshua,17,17,יוסף,nmpr,pers,A:person-candidate,Other Tanakh
122808,1420682,450405,Joshua,17,17,אפרים,nmpr,"pers,gens,topo",F:unclassified-name,Other Tanakh
122811,1420682,450405,Joshua,17,17,מנשה,nmpr,"pers,gens",F:unclassified-name,Other Tanakh
122856,1420684,450417,Joshua,18,1,ישראל,nmpr,"pers,gens,topo",F:unclassified-name,Other Tanakh
122857,1420684,450417,Joshua,18,1,שלה,nmpr,topo,F:unclassified-name,Other Tanakh
122874,1420685,450420,Joshua,18,2,ישראל,nmpr,"pers,gens,topo",F:unclassified-name,Other Tanakh
122884,1420686,450422,Joshua,18,3,יהושע,nmpr,pers,A:person-candidate,Other Tanakh
122885,1420686,450422,Joshua,18,3,אל,prep,,C:divine-title-candidate,Other Tanakh
122887,1420686,450422,Joshua,18,3,ישראל,nmpr,"pers,gens,topo",F:unclassified-name,Other Tanakh
122902,1420686,450426,Joshua,18,3,יהוה,nmpr,pers,E:YHWH,Other Tanakh
122903,1420686,450426,Joshua,18,3,אלהים,subs,,D:Elohim,Other Tanakh
122929,1420687,450432,Joshua,18,4,אל,prep,,C:divine-title-candidate,Other Tanakh
122936,1420688,450434,Joshua,18,5,יהודה,nmpr,"pers,gens,topo",F:unclassified-name,Other Tanakh
122944,1420688,450435,Joshua,18,5,יוסף,nmpr,pers,A:person-candidate,Other Tanakh
122960,1420689,450437,Joshua,18,6,אל,prep,,C:divine-title-candidate,Other Tanakh
122969,1420689,450438,Joshua,18,6,יהוה,nmpr,pers,E:YHWH,Other Tanakh
122970,1420689,450438,Joshua,18,6,אלהים,subs,,D:Elohim,Other Tanakh
122981,1420690,450440,Joshua,18,7,יהוה,nmpr,pers,E:YHWH,Other Tanakh
122984,1420690,450441,Joshua,18,7,גד,nmpr,"pers,gens,topo",B:deity-candidate,Other Tanakh
122986,1420690,450441,Joshua,18,7,ראובן,nmpr,"pers,gens,topo",F:unclassified-name,Other Tanakh
122991,1420690,450441,Joshua,18,7,מנשה,nmpr,"pers,gens",F:unclassified-name,Other Tanakh
122998,1420690,450441,Joshua,18,7,ירדן,nmpr,topo,F:unclassified-name,Other Tanakh
123003,1420690,450442,Joshua,18,7,משה,nmpr,pers,A:person-candidate,Other Tanakh
123005,1420690,450442,Joshua,18,7,יהוה,nmpr,pers,E:YHWH,Other Tanakh
123014,1420691,450445,Joshua,18,8,יהושע,nmpr,pers,A:person-candidate,Other Tanakh
123036,1420691,450451,Joshua,18,8,אל,prep,,C:divine-title-candidate,Other Tanakh
123044,1420691,450452,Joshua,18,8,יהוה,nmpr,pers,E:YHWH,Other Tanakh
123046,1420691,450452,Joshua,18,8,שלה,nmpr,topo,F:unclassified-name,Other Tanakh
123068,1420692,450456,Joshua,18,9,אל,prep,,C:divine-title-candidate,Other Tanakh
123069,1420692,450456,Joshua,18,9,יהושע,nmpr,pers,A:person-candidate,Other Tanakh
123070,1420692,450456,Joshua,18,9,אל,prep,,C:divine-title-candidate,Other Tanakh
123073,1420692,450456,Joshua,18,9,שלה,nmpr,topo,F:unclassified-name,Other Tanakh
123077,1420693,450457,Joshua,18,10,יהושע,nmpr,pers,A:person-candidate,Other Tanakh
123080,1420693,450457,Joshua,18,10,שלה,nmpr,topo,F:unclassified-name,Other Tanakh
123083,1420693,450457,Joshua,18,10,יהוה,nmpr,pers,E:YHWH,Other Tanakh
123087,1420693,450458,Joshua,18,10,יהושע,nmpr,pers,A:person-candidate,Other Tanakh
123093,1420693,450458,Joshua,18,10,ישראל,nmpr,"pers,gens,topo",F:unclassified-name,Other Tanakh
123101,1420694,450459,Joshua,18,11,בנימן,nmpr,"pers,gens,topo",F:unclassified-name,Other Tanakh
123110,1420694,450460,Joshua,18,11,יהודה,nmpr,"pers,gens,topo",F:unclassified-name,Other Tanakh
123114,1420694,450460,Joshua,18,11,יוסף,nmpr,pers,A:person-candidate,Other Tanakh
123125,1420695,450461,Joshua,18,12,ירדן,nmpr,topo,F:unclassified-name,Other Tanakh
123130,1420695,450462,Joshua,18,12,אל,prep,,C:divine-title-candidate,Other Tanakh
123132,1420695,450462,Joshua,18,12,יריחו,nmpr,topo,F:unclassified-name,Other Tanakh
123145,1420695,450464,Joshua,18,12,בית און,nmpr,topo,F:unclassified-name,Other Tanakh
123152,1420696,450465,Joshua,18,13,לוז,nmpr,topo,F:unclassified-name,Other Tanakh
123153,1420696,450465,Joshua,18,13,אל,prep,,C:divine-title-candidate,Other Tanakh
123155,1420696,450465,Joshua,18,13,לוז,nmpr,topo,F:unclassified-name,Other Tanakh
123158,1420696,450466,Joshua,18,13,בית אל,nmpr,topo,F:unclassified-name,Other Tanakh
123163,1420696,450467,Joshua,18,13,עטרות אדר,nmpr,topo,F:unclassified-name,Other Tanakh
123171,1420696,450468,Joshua,18,13,בית חורון,nmpr,topo,F:unclassified-name,Other Tanakh
123189,1420697,450471,Joshua,18,14,בית חורון,nmpr,topo,F:unclassified-name,Other Tanakh
123194,1420697,450472,Joshua,18,14,אל,prep,,C:divine-title-candidate,Other Tanakh
123195,1420697,450472,Joshua,18,14,קרית בעל,nmpr,topo,F:unclassified-name,Other Tanakh
123197,1420697,450473,Joshua,18,14,קרית יערים,nmpr,topo,F:unclassified-name,Other Tanakh
123200,1420697,450473,Joshua,18,14,יהודה,nmpr,"pers,gens,topo",F:unclassified-name,Other Tanakh
123209,1420698,450475,Joshua,18,15,קרית יערים,nmpr,topo,F:unclassified-name,Other Tanakh
123217,1420698,450477,Joshua,18,15,אל,prep,,C:divine-title-candidate,Other Tanakh
123220,1420698,450477,Joshua,18,15,נפתוח,nmpr,topo,F:unclassified-name,Other Tanakh
123225,1420699,450478,Joshua,18,16,אל,prep,,C:divine-title-candidate,Other Tanakh
123233,1420699,450479,Joshua,18,16,בן הנם,nmpr,topo,F:unclassified-name,Other Tanakh
123237,1420699,450480,Joshua,18,16,רפאים,nmpr,topo,F:unclassified-name,Other Tanakh
123242,1420699,450481,Joshua,18,16,הנם,nmpr,pers,A:person-candidate,Other Tanakh
123243,1420699,450481,Joshua,18,16,אל,prep,,C:divine-title-candidate,Other Tanakh
123250,1420699,450482,Joshua,18,16,עין רגל,nmpr,topo,F:unclassified-name,Other Tanakh
123257,1420700,450484,Joshua,18,17,עין שמש,nmpr,topo,F:unclassified-name,Other Tanakh
123260,1420700,450485,Joshua,18,17,אל,prep,,C:divine-title-candidate,Other Tanakh
123261,1420700,450485,Joshua,18,17,גלילות,nmpr,topo,F:unclassified-name,Other Tanakh
123264,1420700,450486,Joshua,18,17,מעלה אדמים,nmpr,topo,F:unclassified-name,Other Tanakh
123268,1420700,450487,Joshua,18,17,בהן,nmpr,pers,A:person-candidate,Other Tanakh
123270,1420700,450487,Joshua,18,17,ראובן,nmpr,"pers,gens,topo",F:unclassified-name,Other Tanakh
123273,1420701,450488,Joshua,18,18,אל,prep,,C:divine-title-candidate,Other Tanakh
123287,1420702,450490,Joshua,18,19,אל,prep,,C:divine-title-candidate,Other Tanakh
123289,1420702,450490,Joshua,18,19,בית חגלה,nmpr,topo,F:unclassified-name,Other Tanakh
123296,1420702,450491,Joshua,18,19,אל,prep,,C:divine-title-candidate,Other Tanakh
123302,1420702,450491,Joshua,18,19,אל,prep,,C:divine-title-candidate,Other Tanakh
123305,1420702,450491,Joshua,18,19,ירדן,nmpr,topo,F:unclassified-name,Other Tanakh
123312,1420703,450493,Joshua,18,20,ירדן,nmpr,topo,F:unclassified-name,Other Tanakh
123321,1420703,450494,Joshua,18,20,בנימן,nmpr,"pers,gens,topo",F:unclassified-name,Other Tanakh
123334,1420704,450495,Joshua,18,21,בנימן,nmpr,"pers,gens,topo",F:unclassified-name,Other Tanakh
123337,1420704,450495,Joshua,18,21,יריחו,nmpr,topo,F:unclassified-name,Other Tanakh
123339,1420704,450495,Joshua,18,21,בית חגלה,nmpr,topo,F:unclassified-name,Other Tanakh
123342,1420704,450495,Joshua,18,21,קציץ,nmpr,topo,F:unclassified-name,Other Tanakh
123344,1420705,450496,Joshua,18,22,בית הערבה,nmpr,topo,F:unclassified-name,Other Tanakh
123346,1420705,450496,Joshua,18,22,צמרים,nmpr,topo,F:unclassified-name,Other Tanakh
123348,1420705,450496,Joshua,18,22,בית אל,nmpr,topo,F:unclassified-name,Other Tanakh
123354,1420706,450497,Joshua,18,23,פרה,nmpr,topo,F:unclassified-name,Other Tanakh
123356,1420706,450497,Joshua,18,23,עפרה,nmpr,topo,F:unclassified-name,Other Tanakh
123360,1420707,450498,Joshua,18,24,עמנה,nmpr,topo,F:unclassified-name,Other Tanakh
123363,1420707,450498,Joshua,18,24,עפני,nmpr,topo,F:unclassified-name,Other Tanakh
123365,1420707,450498,Joshua,18,24,גבע,nmpr,topo,F:unclassified-name,Other Tanakh
123371,1420708,450499,Joshua,18,25,גבעון,nmpr,topo,F:unclassified-name,Other Tanakh
123374,1420708,450499,Joshua,18,25,רמה,nmpr,topo,F:unclassified-name,Other Tanakh
123376,1420708,450499,Joshua,18,25,בארות,nmpr,topo,F:unclassified-name,Other Tanakh
123379,1420709,450500,Joshua,18,26,מצפה,nmpr,topo,F:unclassified-name,Other Tanakh
123382,1420709,450500,Joshua,18,26,כפירה,nmpr,topo,F:unclassified-name,Other Tanakh
123385,1420709,450500,Joshua,18,26,מצה,nmpr,topo,F:unclassified-name,Other Tanakh
123387,1420710,450501,Joshua,18,27,רקם,nmpr,topo,F:unclassified-name,Other Tanakh
123389,1420710,450501,Joshua,18,27,ירפאל,nmpr,topo,F:unclassified-name,Other Tanakh
123391,1420710,450501,Joshua,18,27,תראלה,nmpr,topo,F:unclassified-name,Other Tanakh
123393,1420711,450502,Joshua,18,28,צלע,nmpr,topo,F:unclassified-name,Other Tanakh
123395,1420711,450502,Joshua,18,28,אלף,nmpr,topo,F:unclassified-name,Other Tanakh
123400,1420711,450503,Joshua,18,28,ירושלם,nmpr,topo,F:unclassified-name,Other Tanakh
123401,1420711,450504,Joshua,18,28,גבעת,nmpr,topo,F:unclassified-name,Other Tanakh
123402,1420711,450504,Joshua,18,28,קרית,nmpr,topo,F:unclassified-name,Other Tanakh
123411,1420711,450505,Joshua,18,28,בנימן,nmpr,"pers,gens,topo",F:unclassified-name,Other Tanakh
123421,1420712,450506,Joshua,19,1,שמעון,nmpr,"pers,gens,topo",F:unclassified-name,Other Tanakh
123425,1420712,450506,Joshua,19,1,שמעון,nmpr,"pers,gens,topo",F:unclassified-name,Other Tanakh
123435,1420712,450507,Joshua,19,1,יהודה,nmpr,"pers,gens,topo",F:unclassified-name,Other Tanakh
123442,1420713,450508,Joshua,19,2,שבע,nmpr,topo,F:unclassified-name,Other Tanakh
123444,1420713,450508,Joshua,19,2,שבע,nmpr,topo,F:unclassified-name,Other Tanakh
123446,1420713,450508,Joshua,19,2,מולדה,nmpr,topo,F:unclassified-name,Other Tanakh
123448,1420714,450509,Joshua,19,3,חצר שועל,nmpr,topo,F:unclassified-name,Other Tanakh
123450,1420714,450509,Joshua,19,3,בלה,nmpr,topo,F:unclassified-name,Other Tanakh
123452,1420714,450509,Joshua,19,3,עצם,nmpr,topo,F:unclassified-name,Other Tanakh
123454,1420715,450510,Joshua,19,4,אלתולד,nmpr,topo,F:unclassified-name,Other Tanakh
123456,1420715,450510,Joshua,19,4,בתואל,nmpr,topo,F:unclassified-name,Other Tanakh
123458,1420715,450510,Joshua,19,4,חרמה,nmpr,topo,F:unclassified-name,Other Tanakh
123460,1420716,450511,Joshua,19,5,צקלג,nmpr,topo,F:unclassified-name,Other Tanakh
123462,1420716,450511,Joshua,19,5,בית המרכבות,nmpr,topo,F:unclassified-name,Other Tanakh
123464,1420716,450511,Joshua,19,5,חצר סוסה,nmpr,topo,F:unclassified-name,Other Tanakh
123466,1420717,450512,Joshua,19,6,בית לבאות,nmpr,topo,F:unclassified-name,Other Tanakh
123468,1420717,450512,Joshua,19,6,שרוחן,nmpr,topo,F:unclassified-name,Other Tanakh
123474,1420718,450513,Joshua,19,7,עין,nmpr,topo,F:unclassified-name,Other Tanakh
123475,1420718,450513,Joshua,19,7,רמון,nmpr,topo,B:deity-candidate,Other Tanakh
123477,1420718,450513,Joshua,19,7,עתר,nmpr,topo,F:unclassified-name,Other Tanakh
123479,1420718,450513,Joshua,19,7,עשן,nmpr,topo,F:unclassified-name,Other Tanakh
123495,1420719,450514,Joshua,19,8,בעלת באר,nmpr,topo,F:unclassified-name,Other Tanakh
123502,1420719,450516,Joshua,19,8,שמעון,nmpr,"pers,gens,topo",F:unclassified-name,Other Tanakh
123508,1420720,450517,Joshua,19,9,יהודה,nmpr,"pers,gens,topo",F:unclassified-name,Other Tanakh
123511,1420720,450517,Joshua,19,9,שמעון,nmpr,"pers,gens,topo",F:unclassified-name,Other Tanakh
123516,1420720,450518,Joshua,19,9,יהודה,nmpr,"pers,gens,topo",F:unclassified-name,Other Tanakh
123522,1420720,450519,Joshua,19,9,שמעון,nmpr,"pers,gens,topo",F:unclassified-name,Other Tanakh
123534,1420721,450520,Joshua,19,10,זבולן,nmpr,"pers,gens,topo",F:unclassified-name,Other Tanakh
123542,1420721,450521,Joshua,19,10,שריד,nmpr,topo,F:unclassified-name,Other Tanakh
123550,1420722,450522,Joshua,19,11,מרעלה,nmpr,topo,F:unclassified-name,Other Tanakh
123554,1420722,450523,Joshua,19,11,דבשת,nmpr,topo,F:unclassified-name,Other Tanakh
123557,1420722,450524,Joshua,19,11,אל,prep,,C:divine-title-candidate,Other Tanakh
123563,1420722,450525,Joshua,19,11,יקנעם,nmpr,topo,F:unclassified-name,Other Tanakh
123567,1420723,450526,Joshua,19,12,שריד,nmpr,topo,F:unclassified-name,Other Tanakh
123574,1420723,450526,Joshua,19,12,כסלת תבר,nmpr,topo,F:unclassified-name,Other Tanakh
123577,1420723,450527,Joshua,19,12,אל,prep,,C:divine-title-candidate,Other Tanakh
123579,1420723,450527,Joshua,19,12,דברת,nmpr,topo,F:unclassified-name,Other Tanakh
123582,1420723,450528,Joshua,19,12,יפיע,nmpr,topo,F:unclassified-name,Other Tanakh
123590,1420724,450529,Joshua,19,13,חפר,nmpr,topo,F:unclassified-name,Other Tanakh
123595,1420724,450530,Joshua,19,13,רמון,nmpr,topo,B:deity-candidate,Other Tanakh
123599,1420724,450531,Joshua,19,13,נעה,nmpr,topo,F:unclassified-name,Other Tanakh
123607,1420725,450532,Joshua,19,14,חנתן,nmpr,topo,F:unclassified-name,Other Tanakh
123612,1420725,450533,Joshua,19,14,יפתח אל,nmpr,topo,F:unclassified-name,Other Tanakh
123614,1420726,450534,Joshua,19,15,קטת,nmpr,topo,F:unclassified-name,Other Tanakh
123616,1420726,450534,Joshua,19,15,נהלל,nmpr,topo,F:unclassified-name,Other Tanakh
123618,1420726,450534,Joshua,19,15,שמרון,nmpr,topo,F:unclassified-name,Other Tanakh
123620,1420726,450534,Joshua,19,15,ידאלה,nmpr,topo,F:unclassified-name,Other Tanakh
123622,1420726,450534,Joshua,19,15,בית לחם,nmpr,topo,F:unclassified-name,Other Tanakh
123631,1420727,450535,Joshua,19,16,זבולן,nmpr,"pers,gens,topo",F:unclassified-name,Other Tanakh
123641,1420728,450536,Joshua,19,17,יששכר,nmpr,"pers,gens,topo",F:unclassified-name,Other Tanakh
123649,1420728,450536,Joshua,19,17,יששכר,nmpr,"pers,gens,topo",F:unclassified-name,Other Tanakh
123655,1420729,450537,Joshua,19,18,יזרעאל,nmpr,topo,F:unclassified-name,Other Tanakh
123658,1420729,450537,Joshua,19,18,כסולת,nmpr,topo,F:unclassified-name,Other Tanakh
123660,1420729,450537,Joshua,19,18,שונם,nmpr,topo,F:unclassified-name,Other Tanakh
123662,1420730,450538,Joshua,19,19,חפרים,nmpr,topo,F:unclassified-name,Other Tanakh
123664,1420730,450538,Joshua,19,19,שיאן,nmpr,topo,F:unclassified-name,Other Tanakh
123666,1420730,450538,Joshua,19,19,אנחרת,nmpr,topo,F:unclassified-name,Other Tanakh
123669,1420731,450539,Joshua,19,20,רבית,nmpr,topo,F:unclassified-name,Other Tanakh
123671,1420731,450539,Joshua,19,20,קשיון,nmpr,topo,F:unclassified-name,Other Tanakh
123673,1420731,450539,Joshua,19,20,אבץ,nmpr,topo,F:unclassified-name,Other Tanakh
123675,1420732,450540,Joshua,19,21,רמת,nmpr,topo,F:unclassified-name,Other Tanakh
123677,1420732,450540,Joshua,19,21,עין גנים,nmpr,topo,F:unclassified-name,Other Tanakh
123679,1420732,450540,Joshua,19,21,עין חדה,nmpr,topo,F:unclassified-name,Other Tanakh
123681,1420732,450540,Joshua,19,21,בית פצץ,nmpr,topo,F:unclassified-name,Other Tanakh
123687,1420733,450541,Joshua,19,22,תבור,nmpr,topo,F:unclassified-name,Other Tanakh
123689,1420733,450541,Joshua,19,22,שחצימה,nmpr,topo,F:unclassified-name,Other Tanakh
123691,1420733,450541,Joshua,19,22,בית שמש,nmpr,topo,F:unclassified-name,Other Tanakh
123697,1420733,450542,Joshua,19,22,ירדן,nmpr,topo,F:unclassified-name,Other Tanakh
123707,1420734,450543,Joshua,19,23,יששכר,nmpr,"pers,gens,topo",F:unclassified-name,Other Tanakh
123723,1420735,450544,Joshua,19,24,אשר,nmpr,"pers,gens,topo",F:unclassified-name,Other Tanakh
123729,1420736,450545,Joshua,19,25,חלקת,nmpr,topo,F:unclassified-name,Other Tanakh
123731,1420736,450545,Joshua,19,25,חלי,nmpr,topo,F:unclassified-name,Other Tanakh
123733,1420736,450545,Joshua,19,25,בטן,nmpr,topo,F:unclassified-name,Other Tanakh
123735,1420736,450545,Joshua,19,25,אכשף,nmpr,topo,F:unclassified-name,Other Tanakh
123737,1420737,450546,Joshua,19,26,אלמלך,nmpr,topo,F:unclassified-name,Other Tanakh
123739,1420737,450546,Joshua,19,26,עמעד,nmpr,topo,F:unclassified-name,Other Tanakh
123741,1420737,450546,Joshua,19,26,משאל,nmpr,topo,F:unclassified-name,Other Tanakh
123745,1420737,450547,Joshua,19,26,כרמל,nmpr,topo,F:unclassified-name,Other Tanakh
123750,1420737,450548,Joshua,19,26,שיחור לבנת,nmpr,topo,F:unclassified-name,Other Tanakh
123756,1420738,450549,Joshua,19,27,בית דגון,nmpr,topo,F:unclassified-name,Other Tanakh
123760,1420738,450550,Joshua,19,27,זבולן,nmpr,"pers,gens,topo",F:unclassified-name,Other Tanakh
123764,1420738,450550,Joshua,19,27,יפתח אל,nmpr,topo,F:unclassified-name,Other Tanakh
123766,1420738,450550,Joshua,19,27,בית העמק,nmpr,topo,F:unclassified-name,Other Tanakh
123768,1420738,450550,Joshua,19,27,נעיאל,nmpr,topo,F:unclassified-name,Other Tanakh
123771,1420738,450551,Joshua,19,27,אל,prep,,C:divine-title-candidate,Other Tanakh
123772,1420738,450551,Joshua,19,27,כבול,nmpr,topo,F:unclassified-name,Other Tanakh
123776,1420739,450552,Joshua,19,28,עברן,nmpr,topo,F:unclassified-name,Other Tanakh
123778,1420739,450552,Joshua,19,28,רחב,nmpr,topo,F:unclassified-name,Other Tanakh
123780,1420739,450552,Joshua,19,28,חמון,nmpr,topo,F:unclassified-name,Other Tanakh
123782,1420739,450552,Joshua,19,28,קנה,nmpr,topo,F:unclassified-name,Other Tanakh
123784,1420739,450552,Joshua,19,28,צידון,nmpr,topo,F:unclassified-name,Other Tanakh
123791,1420740,450553,Joshua,19,29,רמה,nmpr,topo,F:unclassified-name,Other Tanakh
123796,1420740,450553,Joshua,19,29,צר,nmpr,topo,F:unclassified-name,Other Tanakh
123801,1420740,450554,Joshua,19,29,חסה,nmpr,topo,F:unclassified-name,Other Tanakh
123809,1420740,450555,Joshua,19,29,אכזיב,nmpr,topo,F:unclassified-name,Other Tanakh
123811,1420741,450556,Joshua,19,30,עמה,nmpr,topo,F:unclassified-name,Other Tanakh
123813,1420741,450556,Joshua,19,30,אפק,nmpr,topo,F:unclassified-name,Other Tanakh
123815,1420741,450556,Joshua,19,30,רחב,nmpr,topo,F:unclassified-name,Other Tanakh
123826,1420742,450557,Joshua,19,31,אשר,nmpr,"pers,gens,topo",F:unclassified-name,Other Tanakh
123837,1420743,450558,Joshua,19,32,נפתלי,nmpr,"pers,gens,topo",F:unclassified-name,Other Tanakh
123845,1420743,450558,Joshua,19,32,נפתלי,nmpr,"pers,gens,topo",F:unclassified-name,Other Tanakh
123852,1420744,450559,Joshua,19,33,חלף,nmpr,topo,F:unclassified-name,Other Tanakh
123856,1420744,450559,Joshua,19,33,צעננים,nmpr,topo,F:unclassified-name,Other Tanakh
123858,1420744,450559,Joshua,19,33,אדמי הנקב,nmpr,topo,F:unclassified-name,Other Tanakh
123860,1420744,450559,Joshua,19,33,יבנאל,nmpr,topo,F:unclassified-name,Other Tanakh
123862,1420744,450559,Joshua,19,33,לקום,nmpr,topo,F:unclassified-name,Other Tanakh
123867,1420744,450560,Joshua,19,33,ירדן,nmpr,topo,F:unclassified-name,Other Tanakh
123873,1420745,450561,Joshua,19,34,אזנות תבור,nmpr,topo,F:unclassified-name,Other Tanakh
123878,1420745,450562,Joshua,19,34,חקק,nmpr,topo,F:unclassified-name,Other Tanakh
123882,1420745,450563,Joshua,19,34,זבולן,nmpr,"pers,gens,topo",F:unclassified-name,Other Tanakh
123887,1420745,450564,Joshua,19,34,אשר,nmpr,"pers,gens,topo",F:unclassified-name,Other Tanakh
123893,1420745,450565,Joshua,19,34,יהודה,nmpr,"pers,gens,topo",F:unclassified-name,Other Tanakh
123895,1420745,450565,Joshua,19,34,ירדן,nmpr,topo,F:unclassified-name,Other Tanakh
123903,1420746,450566,Joshua,19,35,צדים,nmpr,topo,F:unclassified-name,Other Tanakh
123904,1420746,450566,Joshua,19,35,צר,nmpr,topo,F:unclassified-name,Other Tanakh
123906,1420746,450566,Joshua,19,35,חמת,nmpr,topo,F:unclassified-name,Other Tanakh
123907,1420746,450566,Joshua,19,35,רקת,nmpr,topo,F:unclassified-name,Other Tanakh
123909,1420746,450566,Joshua,19,35,כנרת,nmpr,topo,F:unclassified-name,Other Tanakh
123911,1420747,450567,Joshua,19,36,אדמה,nmpr,topo,F:unclassified-name,Other Tanakh
123914,1420747,450567,Joshua,19,36,רמה,nmpr,topo,F:unclassified-name,Other Tanakh
123916,1420747,450567,Joshua,19,36,חצור,nmpr,topo,F:unclassified-name,Other Tanakh
123918,1420748,450568,Joshua,19,37,קדש,nmpr,topo,F:unclassified-name,Other Tanakh
123920,1420748,450568,Joshua,19,37,אדרעי,nmpr,topo,F:unclassified-name,Other Tanakh
123922,1420748,450568,Joshua,19,37,עין חצור,nmpr,topo,F:unclassified-name,Other Tanakh
123924,1420749,450569,Joshua,19,38,יראון,nmpr,topo,F:unclassified-name,Other Tanakh
123926,1420749,450569,Joshua,19,38,מגדל אל,nmpr,topo,F:unclassified-name,Other Tanakh
123927,1420749,450569,Joshua,19,38,חרם,nmpr,topo,F:unclassified-name,Other Tanakh
123929,1420749,450569,Joshua,19,38,בית ענת,nmpr,topo,F:unclassified-name,Other Tanakh
123931,1420749,450569,Joshua,19,38,בית שמש,nmpr,topo,F:unclassified-name,Other Tanakh
123941,1420750,450570,Joshua,19,39,נפתלי,nmpr,"pers,gens,topo",F:unclassified-name,Other Tanakh
123951,1420751,450571,Joshua,19,40,דן,nmpr,"pers,gens,topo",F:unclassified-name,Other Tanakh
123963,1420752,450572,Joshua,19,41,צרעה,nmpr,topo,F:unclassified-name,Other Tanakh
123965,1420752,450572,Joshua,19,41,אשתאל,nmpr,topo,F:unclassified-name,Other Tanakh
123967,1420752,450572,Joshua,19,41,עיר שמש,nmpr,topo,F:unclassified-name,Other Tanakh
123969,1420753,450573,Joshua,19,42,שעלבין,nmpr,topo,F:unclassified-name,Other Tanakh
123971,1420753,450573,Joshua,19,42,אילון,nmpr,topo,F:unclassified-name,Other Tanakh
123973,1420753,450573,Joshua,19,42,יתלה,nmpr,topo,F:unclassified-name,Other Tanakh
123975,1420754,450574,Joshua,19,43,אילון,nmpr,topo,F:unclassified-name,Other Tanakh
123977,1420754,450574,Joshua,19,43,תמנה,nmpr,topo,F:unclassified-name,Other Tanakh
123979,1420754,450574,Joshua,19,43,עקרון,nmpr,topo,F:unclassified-name,Other Tanakh
123981,1420755,450575,Joshua,19,44,אלתקא,nmpr,topo,F:unclassified-name,Other Tanakh
123983,1420755,450575,Joshua,19,44,גבתון,nmpr,topo,F:unclassified-name,Other Tanakh
123985,1420755,450575,Joshua,19,44,בעלת,nmpr,topo,F:unclassified-name,Other Tanakh
123987,1420756,450576,Joshua,19,45,יהד,nmpr,topo,F:unclassified-name,Other Tanakh
123989,1420756,450576,Joshua,19,45,בני ברק,nmpr,topo,F:unclassified-name,Other Tanakh
123991,1420756,450576,Joshua,19,45,גת רמון,nmpr,topo,F:unclassified-name,Other Tanakh
123995,1420757,450577,Joshua,19,46,ירקון,nmpr,topo,F:unclassified-name,Other Tanakh
123998,1420757,450577,Joshua,19,46,רקון,nmpr,topo,F:unclassified-name,Other Tanakh
124003,1420757,450577,Joshua,19,46,יפו,nmpr,topo,F:unclassified-name,Other Tanakh
124008,1420758,450578,Joshua,19,47,דן,nmpr,"pers,gens,topo",F:unclassified-name,Other Tanakh
124013,1420758,450579,Joshua,19,47,דן,nmpr,"pers,gens,topo",F:unclassified-name,Other Tanakh
124017,1420758,450580,Joshua,19,47,לשם,nmpr,topo,F:unclassified-name,Other Tanakh
124036,1420758,450585,Joshua,19,47,לשם,nmpr,topo,F:unclassified-name,Other Tanakh
124037,1420758,450585,Joshua,19,47,דן,nmpr,"pers,gens,topo",F:unclassified-name,Other Tanakh
124040,1420758,450585,Joshua,19,47,דן,nmpr,"pers,gens,topo",F:unclassified-name,Other Tanakh
124046,1420759,450586,Joshua,19,48,דן,nmpr,"pers,gens,topo",F:unclassified-name,Other Tanakh
124067,1420760,450589,Joshua,19,49,ישראל,nmpr,"pers,gens,topo",F:unclassified-name,Other Tanakh
124070,1420760,450589,Joshua,19,49,יהושע,nmpr,pers,A:person-candidate,Other Tanakh
124072,1420760,450589,Joshua,19,49,נון,nmpr,pers,A:person-candidate,Other Tanakh
124077,1420761,450590,Joshua,19,50,יהוה,nmpr,pers,E:YHWH,Other Tanakh
124086,1420761,450590,Joshua,19,50,תמנת סרח,nmpr,topo,F:unclassified-name,Other Tanakh
124089,1420761,450590,Joshua,19,50,אפרים,nmpr,"pers,gens,topo",F:unclassified-name,Other Tanakh
124103,1420762,450595,Joshua,19,51,אלעזר,nmpr,pers,A:person-candidate,Other Tanakh
124107,1420762,450595,Joshua,19,51,יהושע,nmpr,pers,A:person-candidate,Other Tanakh
124109,1420762,450595,Joshua,19,51,נון,nmpr,pers,A:person-candidate,Other Tanakh
124117,1420762,450595,Joshua,19,51,ישראל,nmpr,"pers,gens,topo",F:unclassified-name,Other Tanakh
124121,1420762,450595,Joshua,19,51,שלה,nmpr,topo,F:unclassified-name,Other Tanakh
124124,1420762,450595,Joshua,19,51,יהוה,nmpr,pers,E:YHWH,Other Tanakh
124137,1420763,450598,Joshua,20,1,יהוה,nmpr,pers,E:YHWH,Other Tanakh
124138,1420763,450598,Joshua,20,1,אל,prep,,C:divine-title-candidate,Other Tanakh
124139,1420763,450598,Joshua,20,1,יהושע,nmpr,pers,A:person-candidate,Other Tanakh
124143,1420764,450600,Joshua,20,2,אל,prep,,C:divine-title-candidate,Other Tanakh
124145,1420764,450600,Joshua,20,2,ישראל,nmpr,"pers,gens,topo",F:unclassified-name,Other Tanakh
124156,1420764,450603,Joshua,20,2,אל,prep,,C:divine-title-candidate,Other Tanakh
124159,1420764,450603,Joshua,20,2,משה,nmpr,pers,A:person-candidate,Other Tanakh
124182,1420766,450606,Joshua,20,4,אל,prep,,C:divine-title-candidate,Other Tanakh
124211,1420766,450609,Joshua,20,4,אל,prep,,C:divine-title-candidate,Other Tanakh
124284,1420768,450621,Joshua,20,6,אל,prep,,C:divine-title-candidate,Other Tanakh
124287,1420768,450621,Joshua,20,6,אל,prep,,C:divine-title-candidate,Other Tanakh
124289,1420768,450621,Joshua,20,6,אל,prep,,C:divine-title-candidate,Other Tanakh
124299,1420769,450623,Joshua,20,7,קדש,nmpr,topo,F:unclassified-name,Other Tanakh
124302,1420769,450623,Joshua,20,7,גליל,nmpr,topo,F:unclassified-name,Other Tanakh
124305,1420769,450623,Joshua,20,7,נפתלי,nmpr,"pers,gens,topo",F:unclassified-name,Other Tanakh
124308,1420769,450623,Joshua,20,7,שכם,nmpr,topo,F:unclassified-name,Other Tanakh
124311,1420769,450623,Joshua,20,7,אפרים,nmpr,"pers,gens,topo",F:unclassified-name,Other Tanakh
124314,1420769,450623,Joshua,20,7,קרית ארבע,nmpr,topo,F:unclassified-name,Other Tanakh
124316,1420769,450624,Joshua,20,7,חברון,nmpr,topo,F:unclassified-name,Other Tanakh
124319,1420769,450623,Joshua,20,7,יהודה,nmpr,"pers,gens,topo",F:unclassified-name,Other Tanakh
124324,1420770,450625,Joshua,20,8,ירדן,nmpr,topo,F:unclassified-name,Other Tanakh
124325,1420770,450625,Joshua,20,8,יריחו,nmpr,topo,F:unclassified-name,Other Tanakh
124329,1420770,450625,Joshua,20,8,בצר,nmpr,topo,F:unclassified-name,Other Tanakh
124338,1420770,450625,Joshua,20,8,ראובן,nmpr,"pers,gens,topo",F:unclassified-name,Other Tanakh
124341,1420770,450626,Joshua,20,8,רמת,nmpr,topo,F:unclassified-name,Other Tanakh
124344,1420770,450626,Joshua,20,8,גלעד,nmpr,topo,F:unclassified-name,Other Tanakh
124347,1420770,450626,Joshua,20,8,גד,nmpr,"pers,gens,topo",B:deity-candidate,Other Tanakh
124350,1420770,450627,Joshua,20,8,גולן,nmpr,topo,F:unclassified-name,Other Tanakh
124353,1420770,450627,Joshua,20,8,בשן,nmpr,topo,F:unclassified-name,Other Tanakh
124356,1420770,450627,Joshua,20,8,מנשה,nmpr,"pers,gens",F:unclassified-name,Other Tanakh
124365,1420771,450628,Joshua,20,9,ישראל,nmpr,"pers,gens,topo",F:unclassified-name,Other Tanakh
124402,1420772,450633,Joshua,21,1,אל,prep,,C:divine-title-candidate,Other Tanakh
124403,1420772,450633,Joshua,21,1,אלעזר,nmpr,pers,A:person-candidate,Other Tanakh
124407,1420772,450633,Joshua,21,1,אל,prep,,C:divine-title-candidate,Other Tanakh
124408,1420772,450633,Joshua,21,1,יהושע,nmpr,pers,A:person-candidate,Other Tanakh
124410,1420772,450633,Joshua,21,1,נון,nmpr,pers,A:person-candidate,Other Tanakh
124412,1420772,450633,Joshua,21,1,אל,prep,,C:divine-title-candidate,Other Tanakh
124419,1420772,450633,Joshua,21,1,ישראל,nmpr,"pers,gens,topo",F:unclassified-name,Other Tanakh
124422,1420773,450634,Joshua,21,2,אל,prep,,C:divine-title-candidate,Other Tanakh
124424,1420773,450634,Joshua,21,2,שלה,nmpr,topo,F:unclassified-name,Other Tanakh
124427,1420773,450634,Joshua,21,2,כנען,nmpr,"pers,gens,topo",F:unclassified-name,Other Tanakh
124430,1420773,450636,Joshua,21,2,יהוה,nmpr,pers,E:YHWH,Other Tanakh
124434,1420773,450636,Joshua,21,2,משה,nmpr,pers,A:person-candidate,Other Tanakh
124448,1420774,450639,Joshua,21,3,ישראל,nmpr,"pers,gens,topo",F:unclassified-name,Other Tanakh
124454,1420774,450639,Joshua,21,3,אל,prep,,C:divine-title-candidate,Other Tanakh
124456,1420774,450639,Joshua,21,3,יהוה,nmpr,pers,E:YHWH,Other Tanakh
124477,1420775,450641,Joshua,21,4,אהרן,nmpr,pers,A:person-candidate,Other Tanakh
124485,1420775,450641,Joshua,21,4,יהודה,nmpr,"pers,gens,topo",F:unclassified-name,Other Tanakh
124494,1420775,450641,Joshua,21,4,בנימן,nmpr,"pers,gens,topo",F:unclassified-name,Other Tanakh
124504,1420776,450642,Joshua,21,5,קהת,nmpr,pers,A:person-candidate,Other Tanakh
124510,1420776,450642,Joshua,21,5,אפרים,nmpr,"pers,gens,topo",F:unclassified-name,Other Tanakh
124514,1420776,450642,Joshua,21,5,דן,nmpr,"pers,gens,topo",F:unclassified-name,Other Tanakh
124519,1420776,450642,Joshua,21,5,מנשה,nmpr,"pers,gens",F:unclassified-name,Other Tanakh
124528,1420777,450643,Joshua,21,6,גרשון,nmpr,pers,A:person-candidate,Other Tanakh
124532,1420777,450643,Joshua,21,6,יששכר,nmpr,"pers,gens,topo",F:unclassified-name,Other Tanakh
124536,1420777,450643,Joshua,21,6,אשר,nmpr,"pers,gens,topo",F:unclassified-name,Other Tanakh
124540,1420777,450643,Joshua,21,6,נפתלי,nmpr,"pers,gens,topo",F:unclassified-name,Other Tanakh
124545,1420777,450643,Joshua,21,6,מנשה,nmpr,"pers,gens",F:unclassified-name,Other Tanakh
124548,1420777,450643,Joshua,21,6,בשן,nmpr,topo,F:unclassified-name,Other Tanakh
124557,1420778,450644,Joshua,21,7,מררי,nmpr,pers,A:person-candidate,Other Tanakh
124562,1420778,450644,Joshua,21,7,ראובן,nmpr,"pers,gens,topo",F:unclassified-name,Other Tanakh
124566,1420778,450644,Joshua,21,7,גד,nmpr,"pers,gens,topo",B:deity-candidate,Other Tanakh
124570,1420778,450644,Joshua,21,7,זבולן,nmpr,"pers,gens,topo",F:unclassified-name,Other Tanakh
124577,1420779,450645,Joshua,21,8,ישראל,nmpr,"pers,gens,topo",F:unclassified-name,Other Tanakh
124592,1420779,450646,Joshua,21,8,יהוה,nmpr,pers,E:YHWH,Other Tanakh
124595,1420779,450646,Joshua,21,8,משה,nmpr,pers,A:person-candidate,Other Tanakh
124604,1420780,450647,Joshua,21,9,יהודה,nmpr,"pers,gens,topo",F:unclassified-name,Other Tanakh
124609,1420780,450647,Joshua,21,9,שמעון,nmpr,"pers,gens,topo",F:unclassified-name,Other Tanakh
124624,1420781,450649,Joshua,21,10,אהרן,nmpr,pers,A:person-candidate,Other Tanakh
124631,1420781,450649,Joshua,21,10,לוי,nmpr,"pers,gens",F:unclassified-name,Other Tanakh
124642,1420782,450651,Joshua,21,11,קרית ארבע,nmpr,topo,F:unclassified-name,Other Tanakh
124645,1420782,450651,Joshua,21,11,ענוק,nmpr,pers,A:person-candidate,Other Tanakh
124647,1420782,450652,Joshua,21,11,חברון,nmpr,topo,F:unclassified-name,Other Tanakh
124650,1420782,450651,Joshua,21,11,יהודה,nmpr,"pers,gens,topo",F:unclassified-name,Other Tanakh
124665,1420783,450653,Joshua,21,12,כלב,nmpr,pers,A:person-candidate,Other Tanakh
124667,1420783,450653,Joshua,21,12,יפנה,nmpr,pers,A:person-candidate,Other Tanakh
124673,1420784,450654,Joshua,21,13,אהרן,nmpr,pers,A:person-candidate,Other Tanakh
124683,1420784,450654,Joshua,21,13,חברון,nmpr,topo,F:unclassified-name,Other Tanakh
124689,1420784,450655,Joshua,21,13,לבנה,nmpr,topo,F:unclassified-name,Other Tanakh
124695,1420785,450656,Joshua,21,14,יתר,nmpr,topo,F:unclassified-name,Other Tanakh
124701,1420785,450657,Joshua,21,14,אשתמע,nmpr,topo,F:unclassified-name,Other Tanakh
124707,1420786,450658,Joshua,21,15,חלן,nmpr,topo,F:unclassified-name,Other Tanakh
124713,1420786,450659,Joshua,21,15,דבר,nmpr,topo,F:unclassified-name,Other Tanakh
124719,1420787,450660,Joshua,21,16,עין,nmpr,topo,F:unclassified-name,Other Tanakh
124725,1420787,450661,Joshua,21,16,יוטה,nmpr,topo,F:unclassified-name,Other Tanakh
124730,1420787,450662,Joshua,21,16,בית שמש,nmpr,topo,F:unclassified-name,Other Tanakh
124746,1420788,450664,Joshua,21,17,בנימן,nmpr,"pers,gens,topo",F:unclassified-name,Other Tanakh
124748,1420788,450664,Joshua,21,17,גבעון,nmpr,topo,F:unclassified-name,Other Tanakh
124753,1420788,450665,Joshua,21,17,גבע,nmpr,topo,F:unclassified-name,Other Tanakh
124758,1420789,450666,Joshua,21,18,ענתות,nmpr,topo,F:unclassified-name,Other Tanakh
124764,1420789,450667,Joshua,21,18,עלמון,nmpr,topo,F:unclassified-name,Other Tanakh
124773,1420790,450669,Joshua,21,19,אהרן,nmpr,pers,A:person-candidate,Other Tanakh
124785,1420791,450670,Joshua,21,20,קהת,nmpr,pers,A:person-candidate,Other Tanakh
124792,1420791,450671,Joshua,21,20,קהת,nmpr,pers,A:person-candidate,Other Tanakh
124799,1420791,450672,Joshua,21,20,אפרים,nmpr,"pers,gens,topo",F:unclassified-name,Other Tanakh
124809,1420792,450673,Joshua,21,21,שכם,nmpr,topo,F:unclassified-name,Other Tanakh
124815,1420792,450673,Joshua,21,21,אפרים,nmpr,"pers,gens,topo",F:unclassified-name,Other Tanakh
124818,1420792,450674,Joshua,21,21,גזר,nmpr,topo,F:unclassified-name,Other Tanakh
124824,1420793,450675,Joshua,21,22,קבצים,nmpr,topo,F:unclassified-name,Other Tanakh
124830,1420793,450676,Joshua,21,22,בית חורון,nmpr,topo,F:unclassified-name,Other Tanakh
124839,1420794,450678,Joshua,21,23,דן,nmpr,"pers,gens,topo",F:unclassified-name,Other Tanakh
124841,1420794,450678,Joshua,21,23,אלתקא,nmpr,topo,F:unclassified-name,Other Tanakh
124846,1420794,450679,Joshua,21,23,גבתון,nmpr,topo,F:unclassified-name,Other Tanakh
124851,1420795,450680,Joshua,21,24,אילון,nmpr,topo,F:unclassified-name,Other Tanakh
124856,1420795,450681,Joshua,21,24,גת רמון,nmpr,topo,F:unclassified-name,Other Tanakh
124866,1420796,450683,Joshua,21,25,מנשה,nmpr,"pers,gens",F:unclassified-name,Other Tanakh
124868,1420796,450683,Joshua,21,25,תענך,nmpr,topo,F:unclassified-name,Other Tanakh
124874,1420796,450684,Joshua,21,25,גת רמון,nmpr,topo,F:unclassified-name,Other Tanakh
124888,1420797,450686,Joshua,21,26,קהת,nmpr,pers,A:person-candidate,Other Tanakh
124894,1420798,450687,Joshua,21,27,גרשון,nmpr,pers,A:person-candidate,Other Tanakh
124902,1420798,450687,Joshua,21,27,מנשה,nmpr,"pers,gens",F:unclassified-name,Other Tanakh
124909,1420798,450687,Joshua,21,27,גולן,nmpr,topo,F:unclassified-name,Other Tanakh
124912,1420798,450687,Joshua,21,27,בשן,nmpr,topo,F:unclassified-name,Other Tanakh
124918,1420798,450688,Joshua,21,27,בעשתרה,nmpr,topo,F:unclassified-name,Other Tanakh
124927,1420799,450690,Joshua,21,28,יששכר,nmpr,"pers,gens,topo",F:unclassified-name,Other Tanakh
124929,1420799,450690,Joshua,21,28,קשיון,nmpr,topo,F:unclassified-name,Other Tanakh
124934,1420799,450691,Joshua,21,28,דברת,nmpr,topo,F:unclassified-name,Other Tanakh
124939,1420800,450692,Joshua,21,29,ירמות,nmpr,topo,F:unclassified-name,Other Tanakh
124944,1420800,450693,Joshua,21,29,עין גנים,nmpr,topo,F:unclassified-name,Other Tanakh
124953,1420801,450695,Joshua,21,30,אשר,nmpr,"pers,gens,topo",F:unclassified-name,Other Tanakh
124955,1420801,450695,Joshua,21,30,משאל,nmpr,topo,F:unclassified-name,Other Tanakh
124960,1420801,450696,Joshua,21,30,עבדון,nmpr,topo,F:unclassified-name,Other Tanakh
124965,1420802,450697,Joshua,21,31,חלקת,nmpr,topo,F:unclassified-name,Other Tanakh
124971,1420802,450698,Joshua,21,31,רחב,nmpr,topo,F:unclassified-name,Other Tanakh
124980,1420803,450700,Joshua,21,32,נפתלי,nmpr,"pers,gens,topo",F:unclassified-name,Other Tanakh
124987,1420803,450700,Joshua,21,32,קדש,nmpr,topo,F:unclassified-name,Other Tanakh
124990,1420803,450700,Joshua,21,32,גליל,nmpr,topo,F:unclassified-name,Other Tanakh
124996,1420803,450701,Joshua,21,32,חמת דאר,nmpr,topo,F:unclassified-name,Other Tanakh
125002,1420803,450702,Joshua,21,32,קרתן,nmpr,topo,F:unclassified-name,Other Tanakh
125023,1420805,450705,Joshua,21,34,מררי,nmpr,pers,A:person-candidate,Other Tanakh
125031,1420805,450705,Joshua,21,34,זבולן,nmpr,"pers,gens,topo",F:unclassified-name,Other Tanakh
125033,1420805,450705,Joshua,21,34,יקנעם,nmpr,topo,F:unclassified-name,Other Tanakh
125038,1420805,450706,Joshua,21,34,קרתה,nmpr,topo,F:unclassified-name,Other Tanakh
125043,1420806,450707,Joshua,21,35,דמנה,nmpr,topo,F:unclassified-name,Other Tanakh
125048,1420806,450708,Joshua,21,35,נהלל,nmpr,topo,F:unclassified-name,Other Tanakh
125057,1420807,450710,Joshua,21,36,ראובן,nmpr,"pers,gens,topo",F:unclassified-name,Other Tanakh
125059,1420807,450710,Joshua,21,36,בצר,nmpr,topo,F:unclassified-name,Other Tanakh
125065,1420807,450711,Joshua,21,36,יהצה,nmpr,topo,F:unclassified-name,Other Tanakh
125070,1420808,450712,Joshua,21,37,קדמות,nmpr,topo,F:unclassified-name,Other Tanakh
125076,1420808,450713,Joshua,21,37,מיפעת,nmpr,topo,F:unclassified-name,Other Tanakh
125085,1420809,450715,Joshua,21,38,גד,nmpr,"pers,gens,topo",B:deity-candidate,Other Tanakh
125092,1420809,450715,Joshua,21,38,רמת,nmpr,topo,F:unclassified-name,Other Tanakh
125095,1420809,450715,Joshua,21,38,גלעד,nmpr,topo,F:unclassified-name,Other Tanakh
125101,1420809,450716,Joshua,21,38,מחנים,nmpr,topo,F:unclassified-name,Other Tanakh
125106,1420810,450717,Joshua,21,39,חשבון,nmpr,topo,F:unclassified-name,Other Tanakh
125111,1420810,450718,Joshua,21,39,יעזר,nmpr,topo,F:unclassified-name,Other Tanakh
125123,1420811,450720,Joshua,21,40,מררי,nmpr,pers,A:person-candidate,Other Tanakh
125146,1420812,450723,Joshua,21,41,ישראל,nmpr,"pers,gens,topo",F:unclassified-name,Other Tanakh
125172,1420814,450727,Joshua,21,43,יהוה,nmpr,pers,E:YHWH,Other Tanakh
125174,1420814,450727,Joshua,21,43,ישראל,nmpr,"pers,gens,topo",F:unclassified-name,Other Tanakh
125192,1420815,450732,Joshua,21,44,יהוה,nmpr,pers,E:YHWH,Other Tanakh
125215,1420815,450735,Joshua,21,44,יהוה,nmpr,pers,E:YHWH,Other Tanakh
125229,1420816,450737,Joshua,21,45,יהוה,nmpr,pers,E:YHWH,Other Tanakh
125230,1420816,450737,Joshua,21,45,אל,prep,,C:divine-title-candidate,Other Tanakh
125232,1420816,450737,Joshua,21,45,ישראל,nmpr,"pers,gens,topo",F:unclassified-name,Other Tanakh
125238,1420817,450739,Joshua,22,1,יהושע,nmpr,pers,A:person-candidate,Other Tanakh
125250,1420817,450739,Joshua,22,1,מנשה,nmpr,"pers,gens",F:unclassified-name,Other Tanakh
125253,1420818,450740,Joshua,22,2,אל,prep,,C:divine-title-candidate,Other Tanakh
125261,1420818,450742,Joshua,22,2,משה,nmpr,pers,A:person-candidate,Other Tanakh
125263,1420818,450742,Joshua,22,2,יהוה,nmpr,pers,E:YHWH,Other Tanakh
125290,1420819,450746,Joshua,22,3,יהוה,nmpr,pers,E:YHWH,Other Tanakh
125291,1420819,450746,Joshua,22,3,אלהים,subs,,D:Elohim,Other Tanakh
125295,1420820,450747,Joshua,22,4,יהוה,nmpr,pers,E:YHWH,Other Tanakh
125296,1420820,450747,Joshua,22,4,אלהים,subs,,D:Elohim,Other Tanakh
125311,1420820,450751,Joshua,22,4,אל,prep,,C:divine-title-candidate,Other Tanakh
125317,1420820,450752,Joshua,22,4,משה,nmpr,pers,A:person-candidate,Other Tanakh
125319,1420820,450752,Joshua,22,4,יהוה,nmpr,pers,E:YHWH,Other Tanakh
125323,1420820,450752,Joshua,22,4,ירדן,nmpr,topo,F:unclassified-name,Other Tanakh
125339,1420821,450755,Joshua,22,5,משה,nmpr,pers,A:person-candidate,Other Tanakh
125341,1420821,450755,Joshua,22,5,יהוה,nmpr,pers,E:YHWH,Other Tanakh
125345,1420821,450756,Joshua,22,5,יהוה,nmpr,pers,E:YHWH,Other Tanakh
125346,1420821,450756,Joshua,22,5,אלהים,subs,,D:Elohim,Other Tanakh
125373,1420822,450761,Joshua,22,6,יהושע,nmpr,pers,A:person-candidate,Other Tanakh
125378,1420822,450763,Joshua,22,6,אל,prep,,C:divine-title-candidate,Other Tanakh
125385,1420823,450764,Joshua,22,7,מנשה,nmpr,"pers,gens",F:unclassified-name,Other Tanakh
125387,1420823,450764,Joshua,22,7,משה,nmpr,pers,A:person-candidate,Other Tanakh
125390,1420823,450764,Joshua,22,7,בשן,nmpr,topo,F:unclassified-name,Other Tanakh
125395,1420823,450765,Joshua,22,7,יהושע,nmpr,pers,A:person-candidate,Other Tanakh
125401,1420823,450765,Joshua,22,7,ירדן,nmpr,topo,F:unclassified-name,Other Tanakh
125407,1420823,450766,Joshua,22,7,יהושע,nmpr,pers,A:person-candidate,Other Tanakh
125408,1420823,450766,Joshua,22,7,אל,prep,,C:divine-title-candidate,Other Tanakh
125414,1420824,450768,Joshua,22,8,אל,prep,,C:divine-title-candidate,Other Tanakh
125421,1420824,450770,Joshua,22,8,אל,prep,,C:divine-title-candidate,Other Tanakh
125454,1420825,450773,Joshua,22,9,ראובן,nmpr,"pers,gens,topo",F:unclassified-name,Other Tanakh
125457,1420825,450773,Joshua,22,9,גד,nmpr,"pers,gens,topo",B:deity-candidate,Other Tanakh
125462,1420825,450773,Joshua,22,9,מנשה,nmpr,"pers,gens",F:unclassified-name,Other Tanakh
125466,1420825,450773,Joshua,22,9,ישראל,nmpr,"pers,gens,topo",F:unclassified-name,Other Tanakh
125468,1420825,450773,Joshua,22,9,שלה,nmpr,topo,F:unclassified-name,Other Tanakh
125472,1420825,450774,Joshua,22,9,כנען,nmpr,"pers,gens,topo",F:unclassified-name,Other Tanakh
125475,1420825,450775,Joshua,22,9,אל,prep,,C:divine-title-candidate,Other Tanakh
125478,1420825,450775,Joshua,22,9,גלעד,nmpr,topo,F:unclassified-name,Other Tanakh
125479,1420825,450775,Joshua,22,9,אל,prep,,C:divine-title-candidate,Other Tanakh
125487,1420825,450776,Joshua,22,9,יהוה,nmpr,pers,E:YHWH,Other Tanakh
125490,1420825,450776,Joshua,22,9,משה,nmpr,pers,A:person-candidate,Other Tanakh
125493,1420826,450777,Joshua,22,10,אל,prep,,C:divine-title-candidate,Other Tanakh
125496,1420826,450777,Joshua,22,10,ירדן,nmpr,topo,F:unclassified-name,Other Tanakh
125500,1420826,450778,Joshua,22,10,כנען,nmpr,"pers,gens,topo",F:unclassified-name,Other Tanakh
125504,1420826,450779,Joshua,22,10,ראובן,nmpr,"pers,gens,topo",F:unclassified-name,Other Tanakh
125507,1420826,450779,Joshua,22,10,גד,nmpr,"pers,gens,topo",B:deity-candidate,Other Tanakh
125512,1420826,450779,Joshua,22,10,מנשה,nmpr,"pers,gens",F:unclassified-name,Other Tanakh
125517,1420826,450779,Joshua,22,10,ירדן,nmpr,topo,F:unclassified-name,Other Tanakh
125525,1420827,450781,Joshua,22,11,ישראל,nmpr,"pers,gens,topo",F:unclassified-name,Other Tanakh
125531,1420827,450783,Joshua,22,11,ראובן,nmpr,"pers,gens,topo",F:unclassified-name,Other Tanakh
125534,1420827,450783,Joshua,22,11,גד,nmpr,"pers,gens,topo",B:deity-candidate,Other Tanakh
125539,1420827,450783,Joshua,22,11,מנשה,nmpr,"pers,gens",F:unclassified-name,Other Tanakh
125543,1420827,450783,Joshua,22,11,אל,prep,,C:divine-title-candidate,Other Tanakh
125546,1420827,450783,Joshua,22,11,כנען,nmpr,"pers,gens,topo",F:unclassified-name,Other Tanakh
125547,1420827,450783,Joshua,22,11,אל,prep,,C:divine-title-candidate,Other Tanakh
125550,1420827,450783,Joshua,22,11,ירדן,nmpr,topo,F:unclassified-name,Other Tanakh
125551,1420827,450783,Joshua,22,11,אל,prep,,C:divine-title-candidate,Other Tanakh
125554,1420827,450783,Joshua,22,11,ישראל,nmpr,"pers,gens,topo",F:unclassified-name,Other Tanakh
125558,1420828,450784,Joshua,22,12,ישראל,nmpr,"pers,gens,topo",F:unclassified-name,Other Tanakh
125564,1420828,450785,Joshua,22,12,ישראל,nmpr,"pers,gens,topo",F:unclassified-name,Other Tanakh
125565,1420828,450785,Joshua,22,12,שלה,nmpr,topo,F:unclassified-name,Other Tanakh
125575,1420829,450787,Joshua,22,13,ישראל,nmpr,"pers,gens,topo",F:unclassified-name,Other Tanakh
125576,1420829,450787,Joshua,22,13,אל,prep,,C:divine-title-candidate,Other Tanakh
125578,1420829,450787,Joshua,22,13,ראובן,nmpr,"pers,gens,topo",F:unclassified-name,Other Tanakh
125580,1420829,450787,Joshua,22,13,אל,prep,,C:divine-title-candidate,Other Tanakh
125582,1420829,450787,Joshua,22,13,גד,nmpr,"pers,gens,topo",B:deity-candidate,Other Tanakh
125584,1420829,450787,Joshua,22,13,אל,prep,,C:divine-title-candidate,Other Tanakh
125587,1420829,450787,Joshua,22,13,מנשה,nmpr,"pers,gens",F:unclassified-name,Other Tanakh
125588,1420829,450787,Joshua,22,13,אל,prep,,C:divine-title-candidate,Other Tanakh
125591,1420829,450787,Joshua,22,13,גלעד,nmpr,topo,F:unclassified-name,Other Tanakh
125593,1420829,450787,Joshua,22,13,פינחס,nmpr,pers,A:person-candidate,Other Tanakh
125595,1420829,450787,Joshua,22,13,אלעזר,nmpr,pers,A:person-candidate,Other Tanakh
125612,1420830,450789,Joshua,22,14,ישראל,nmpr,"pers,gens,topo",F:unclassified-name,Other Tanakh
125621,1420830,450791,Joshua,22,14,ישראל,nmpr,"pers,gens,topo",F:unclassified-name,Other Tanakh
125624,1420831,450792,Joshua,22,15,אל,prep,,C:divine-title-candidate,Other Tanakh
125626,1420831,450792,Joshua,22,15,ראובן,nmpr,"pers,gens,topo",F:unclassified-name,Other Tanakh
125628,1420831,450792,Joshua,22,15,אל,prep,,C:divine-title-candidate,Other Tanakh
125630,1420831,450792,Joshua,22,15,גד,nmpr,"pers,gens,topo",B:deity-candidate,Other Tanakh
125632,1420831,450792,Joshua,22,15,אל,prep,,C:divine-title-candidate,Other Tanakh
125635,1420831,450792,Joshua,22,15,מנשה,nmpr,"pers,gens",F:unclassified-name,Other Tanakh
125636,1420831,450792,Joshua,22,15,אל,prep,,C:divine-title-candidate,Other Tanakh
125639,1420831,450792,Joshua,22,15,גלעד,nmpr,topo,F:unclassified-name,Other Tanakh
125649,1420832,450795,Joshua,22,16,יהוה,nmpr,pers,E:YHWH,Other Tanakh
125658,1420832,450797,Joshua,22,16,אלהים,subs,,D:Elohim,Other Tanakh
125659,1420832,450797,Joshua,22,16,ישראל,nmpr,"pers,gens,topo",F:unclassified-name,Other Tanakh
125666,1420832,450798,Joshua,22,16,יהוה,nmpr,pers,E:YHWH,Other Tanakh
125676,1420832,450800,Joshua,22,16,יהוה,nmpr,pers,E:YHWH,Other Tanakh
125682,1420833,450801,Joshua,22,17,פעור,nmpr,topo,F:unclassified-name,Other Tanakh
125698,1420833,450803,Joshua,22,17,יהוה,nmpr,pers,E:YHWH,Other Tanakh
125706,1420834,450804,Joshua,22,18,יהוה,nmpr,pers,E:YHWH,Other Tanakh
125714,1420834,450806,Joshua,22,18,יהוה,nmpr,pers,E:YHWH,Other Tanakh
125717,1420834,450807,Joshua,22,18,אל,prep,,C:divine-title-candidate,Other Tanakh
125720,1420834,450807,Joshua,22,18,ישראל,nmpr,"pers,gens,topo",F:unclassified-name,Other Tanakh
125730,1420835,450809,Joshua,22,19,אל,prep,,C:divine-title-candidate,Other Tanakh
125733,1420835,450809,Joshua,22,19,יהוה,nmpr,pers,E:YHWH,Other Tanakh
125738,1420835,450810,Joshua,22,19,יהוה,nmpr,pers,E:YHWH,Other Tanakh
125745,1420835,450812,Joshua,22,19,יהוה,nmpr,pers,E:YHWH,Other Tanakh
125746,1420835,450812,Joshua,22,19,אל,nega,,C:divine-title-candidate,Other Tanakh
125750,1420835,450813,Joshua,22,19,אל,prep,,C:divine-title-candidate,Other Tanakh
125759,1420835,450814,Joshua,22,19,יהוה,nmpr,pers,E:YHWH,Other Tanakh
125760,1420835,450814,Joshua,22,19,אלהים,subs,,D:Elohim,Other Tanakh
125763,1420836,450815,Joshua,22,20,עכן,nmpr,pers,A:person-candidate,Other Tanakh
125765,1420836,450815,Joshua,22,20,זרח,nmpr,pers,A:person-candidate,Other Tanakh
125775,1420836,450816,Joshua,22,20,ישראל,nmpr,"pers,gens,topo",F:unclassified-name,Other Tanakh
125789,1420837,450819,Joshua,22,21,ראובן,nmpr,"pers,gens,topo",F:unclassified-name,Other Tanakh
125792,1420837,450819,Joshua,22,21,גד,nmpr,"pers,gens,topo",B:deity-candidate,Other Tanakh
125797,1420837,450819,Joshua,22,21,מנשה,nmpr,"pers,gens",F:unclassified-name,Other Tanakh
125803,1420837,450820,Joshua,22,21,ישראל,nmpr,"pers,gens,topo",F:unclassified-name,Other Tanakh
125804,1420838,450821,Joshua,22,22,אל,subs,,C:divine-title-candidate,Other Tanakh
125805,1420838,450821,Joshua,22,22,אלהים,subs,,D:Elohim,Other Tanakh
125806,1420838,450821,Joshua,22,22,יהוה,nmpr,pers,E:YHWH,Other Tanakh
125807,1420838,450821,Joshua,22,22,אל,subs,,C:divine-title-candidate,Other Tanakh
125808,1420838,450821,Joshua,22,22,אלהים,subs,,D:Elohim,Other Tanakh
125809,1420838,450821,Joshua,22,22,יהוה,nmpr,pers,E:YHWH,Other Tanakh
125813,1420838,450823,Joshua,22,22,ישראל,nmpr,"pers,gens,topo",F:unclassified-name,Other Tanakh
125824,1420838,450826,Joshua,22,22,יהוה,nmpr,pers,E:YHWH,Other Tanakh
125825,1420838,450827,Joshua,22,22,אל,nega,,C:divine-title-candidate,Other Tanakh
125839,1420839,450829,Joshua,22,23,יהוה,nmpr,pers,E:YHWH,Other Tanakh
125855,1420839,450832,Joshua,22,23,יהוה,nmpr,pers,E:YHWH,Other Tanakh
125881,1420840,450838,Joshua,22,24,יהוה,nmpr,pers,E:YHWH,Other Tanakh
125882,1420840,450838,Joshua,22,24,אלהים,subs,,D:Elohim,Other Tanakh
125883,1420840,450838,Joshua,22,24,ישראל,nmpr,"pers,gens,topo",F:unclassified-name,Other Tanakh
125887,1420841,450839,Joshua,22,25,יהוה,nmpr,pers,E:YHWH,Other Tanakh
125892,1420841,450840,Joshua,22,25,ראובן,nmpr,"pers,gens,topo",F:unclassified-name,Other Tanakh
125895,1420841,450840,Joshua,22,25,גד,nmpr,"pers,gens,topo",B:deity-candidate,Other Tanakh
125898,1420841,450839,Joshua,22,25,ירדן,nmpr,topo,F:unclassified-name,Other Tanakh
125903,1420841,450841,Joshua,22,25,יהוה,nmpr,pers,E:YHWH,Other Tanakh
125913,1420841,450843,Joshua,22,25,יהוה,nmpr,pers,E:YHWH,Other Tanakh
125945,1420843,450850,Joshua,22,27,יהוה,nmpr,pers,E:YHWH,Other Tanakh
125967,1420843,450852,Joshua,22,27,יהוה,nmpr,pers,E:YHWH,Other Tanakh
125974,1420844,450855,Joshua,22,28,אל,prep,,C:divine-title-candidate,Other Tanakh
125976,1420844,450855,Joshua,22,28,אל,prep,,C:divine-title-candidate,Other Tanakh
125985,1420844,450857,Joshua,22,28,יהוה,nmpr,pers,E:YHWH,Other Tanakh
126008,1420845,450863,Joshua,22,29,יהוה,nmpr,pers,E:YHWH,Other Tanakh
126016,1420845,450864,Joshua,22,29,יהוה,nmpr,pers,E:YHWH,Other Tanakh
126031,1420845,450865,Joshua,22,29,יהוה,nmpr,pers,E:YHWH,Other Tanakh
126032,1420845,450865,Joshua,22,29,אלהים,subs,,D:Elohim,Other Tanakh
126039,1420846,450867,Joshua,22,30,פינחס,nmpr,pers,A:person-candidate,Other Tanakh
126049,1420846,450867,Joshua,22,30,ישראל,nmpr,"pers,gens,topo",F:unclassified-name,Other Tanakh
126058,1420846,450869,Joshua,22,30,ראובן,nmpr,"pers,gens,topo",F:unclassified-name,Other Tanakh
126061,1420846,450869,Joshua,22,30,גד,nmpr,"pers,gens,topo",B:deity-candidate,Other Tanakh
126064,1420846,450869,Joshua,22,30,מנשה,nmpr,"pers,gens",F:unclassified-name,Other Tanakh
126071,1420847,450871,Joshua,22,31,פינחס,nmpr,pers,A:person-candidate,Other Tanakh
126073,1420847,450871,Joshua,22,31,אלעזר,nmpr,pers,A:person-candidate,Other Tanakh
126076,1420847,450871,Joshua,22,31,אל,prep,,C:divine-title-candidate,Other Tanakh
126078,1420847,450871,Joshua,22,31,ראובן,nmpr,"pers,gens,topo",F:unclassified-name,Other Tanakh
126080,1420847,450871,Joshua,22,31,אל,prep,,C:divine-title-candidate,Other Tanakh
126082,1420847,450871,Joshua,22,31,גד,nmpr,"pers,gens,topo",B:deity-candidate,Other Tanakh
126084,1420847,450871,Joshua,22,31,אל,prep,,C:divine-title-candidate,Other Tanakh
126086,1420847,450871,Joshua,22,31,מנשה,nmpr,"pers,gens",F:unclassified-name,Other Tanakh
126093,1420847,450873,Joshua,22,31,יהוה,nmpr,pers,E:YHWH,Other Tanakh
126098,1420847,450874,Joshua,22,31,יהוה,nmpr,pers,E:YHWH,Other Tanakh
126107,1420847,450875,Joshua,22,31,ישראל,nmpr,"pers,gens,topo",F:unclassified-name,Other Tanakh
126110,1420847,450875,Joshua,22,31,יהוה,nmpr,pers,E:YHWH,Other Tanakh
126113,1420848,450876,Joshua,22,32,פינחס,nmpr,pers,A:person-candidate,Other Tanakh
126115,1420848,450876,Joshua,22,32,אלעזר,nmpr,pers,A:person-candidate,Other Tanakh
126124,1420848,450876,Joshua,22,32,ראובן,nmpr,"pers,gens,topo",F:unclassified-name,Other Tanakh
126129,1420848,450876,Joshua,22,32,גד,nmpr,"pers,gens,topo",B:deity-candidate,Other Tanakh
126133,1420848,450876,Joshua,22,32,גלעד,nmpr,topo,F:unclassified-name,Other Tanakh
126134,1420848,450876,Joshua,22,32,אל,prep,,C:divine-title-candidate,Other Tanakh
126136,1420848,450876,Joshua,22,32,כנען,nmpr,"pers,gens,topo",F:unclassified-name,Other Tanakh
126137,1420848,450876,Joshua,22,32,אל,prep,,C:divine-title-candidate,Other Tanakh
126139,1420848,450876,Joshua,22,32,ישראל,nmpr,"pers,gens,topo",F:unclassified-name,Other Tanakh
126151,1420849,450878,Joshua,22,33,ישראל,nmpr,"pers,gens,topo",F:unclassified-name,Other Tanakh
126154,1420849,450879,Joshua,22,33,אלהים,subs,,D:Elohim,Other Tanakh
126156,1420849,450879,Joshua,22,33,ישראל,nmpr,"pers,gens,topo",F:unclassified-name,Other Tanakh
126173,1420849,450883,Joshua,22,33,ראובן,nmpr,"pers,gens,topo",F:unclassified-name,Other Tanakh
126176,1420849,450883,Joshua,22,33,גד,nmpr,"pers,gens,topo",B:deity-candidate,Other Tanakh
126182,1420850,450884,Joshua,22,34,ראובן,nmpr,"pers,gens,topo",F:unclassified-name,Other Tanakh
126185,1420850,450884,Joshua,22,34,גד,nmpr,"pers,gens,topo",B:deity-candidate,Other Tanakh
126194,1420850,450886,Joshua,22,34,יהוה,nmpr,pers,E:YHWH,Other Tanakh
126196,1420850,450886,Joshua,22,34,אלהים,subs,,D:Elohim,Other Tanakh
126205,1420851,450888,Joshua,23,1,יהוה,nmpr,pers,E:YHWH,Other Tanakh
126207,1420851,450888,Joshua,23,1,ישראל,nmpr,"pers,gens,topo",F:unclassified-name,Other Tanakh
126214,1420851,450889,Joshua,23,1,יהושע,nmpr,pers,A:person-candidate,Other Tanakh
126222,1420852,450891,Joshua,23,2,יהושע,nmpr,pers,A:person-candidate,Other Tanakh
126225,1420852,450891,Joshua,23,2,ישראל,nmpr,"pers,gens,topo",F:unclassified-name,Other Tanakh
126239,1420852,450892,Joshua,23,2,אל,prep,,C:divine-title-candidate,Other Tanakh
126253,1420853,450896,Joshua,23,3,יהוה,nmpr,pers,E:YHWH,Other Tanakh
126254,1420853,450896,Joshua,23,3,אלהים,subs,,D:Elohim,Other Tanakh
126264,1420853,450897,Joshua,23,3,יהוה,nmpr,pers,E:YHWH,Other Tanakh
126265,1420853,450897,Joshua,23,3,אלהים,subs,,D:Elohim,Other Tanakh
126286,1420854,450901,Joshua,23,4,ירדן,nmpr,topo,F:unclassified-name,Other Tanakh
126302,1420855,450904,Joshua,23,5,יהוה,nmpr,pers,E:YHWH,Other Tanakh
126303,1420855,450904,Joshua,23,5,אלהים,subs,,D:Elohim,Other Tanakh
126321,1420855,450908,Joshua,23,5,יהוה,nmpr,pers,E:YHWH,Other Tanakh
126322,1420855,450908,Joshua,23,5,אלהים,subs,,D:Elohim,Other Tanakh
126339,1420856,450912,Joshua,23,6,משה,nmpr,pers,A:person-candidate,Other Tanakh
126363,1420857,450915,Joshua,23,7,אלהים,subs,,D:Elohim,Other Tanakh
126379,1420858,450919,Joshua,23,8,יהוה,nmpr,pers,E:YHWH,Other Tanakh
126380,1420858,450919,Joshua,23,8,אלהים,subs,,D:Elohim,Other Tanakh
126392,1420859,450921,Joshua,23,9,יהוה,nmpr,pers,E:YHWH,Other Tanakh
126417,1420860,450925,Joshua,23,10,יהוה,nmpr,pers,E:YHWH,Other Tanakh
126418,1420860,450925,Joshua,23,10,אלהים,subs,,D:Elohim,Other Tanakh
126435,1420861,450930,Joshua,23,11,יהוה,nmpr,pers,E:YHWH,Other Tanakh
126436,1420861,450930,Joshua,23,11,אלהים,subs,,D:Elohim,Other Tanakh
126468,1420863,450937,Joshua,23,13,יהוה,nmpr,pers,E:YHWH,Other Tanakh
126469,1420863,450937,Joshua,23,13,אלהים,subs,,D:Elohim,Other Tanakh
126511,1420863,450941,Joshua,23,13,יהוה,nmpr,pers,E:YHWH,Other Tanakh
126512,1420863,450941,Joshua,23,13,אלהים,subs,,D:Elohim,Other Tanakh
126546,1420864,450946,Joshua,23,14,יהוה,nmpr,pers,E:YHWH,Other Tanakh
126547,1420864,450946,Joshua,23,14,אלהים,subs,,D:Elohim,Other Tanakh
126571,1420865,450951,Joshua,23,15,יהוה,nmpr,pers,E:YHWH,Other Tanakh
126572,1420865,450951,Joshua,23,15,אלהים,subs,,D:Elohim,Other Tanakh
126573,1420865,450951,Joshua,23,15,אל,prep,,C:divine-title-candidate,Other Tanakh
126576,1420865,450952,Joshua,23,15,יהוה,nmpr,pers,E:YHWH,Other Tanakh
126598,1420865,450954,Joshua,23,15,יהוה,nmpr,pers,E:YHWH,Other Tanakh
126599,1420865,450954,Joshua,23,15,אלהים,subs,,D:Elohim,Other Tanakh
126604,1420866,450955,Joshua,23,16,יהוה,nmpr,pers,E:YHWH,Other Tanakh
126605,1420866,450955,Joshua,23,16,אלהים,subs,,D:Elohim,Other Tanakh
126613,1420866,450958,Joshua,23,16,אלהים,subs,,D:Elohim,Other Tanakh
126621,1420866,450960,Joshua,23,16,יהוה,nmpr,pers,E:YHWH,Other Tanakh
126637,1420867,450963,Joshua,24,1,יהושע,nmpr,pers,A:person-candidate,Other Tanakh
126641,1420867,450963,Joshua,24,1,ישראל,nmpr,"pers,gens,topo",F:unclassified-name,Other Tanakh
126642,1420867,450963,Joshua,24,1,שכם,nmpr,topo,F:unclassified-name,Other Tanakh
126647,1420867,450964,Joshua,24,1,ישראל,nmpr,"pers,gens,topo",F:unclassified-name,Other Tanakh
126662,1420867,450965,Joshua,24,1,אלהים,subs,,D:Elohim,Other Tanakh
126665,1420868,450966,Joshua,24,2,יהושע,nmpr,pers,A:person-candidate,Other Tanakh
126666,1420868,450966,Joshua,24,2,אל,prep,,C:divine-title-candidate,Other Tanakh
126672,1420868,450967,Joshua,24,2,יהוה,nmpr,pers,E:YHWH,Other Tanakh
126673,1420868,450967,Joshua,24,2,אלהים,subs,,D:Elohim,Other Tanakh
126674,1420868,450967,Joshua,24,2,ישראל,nmpr,"pers,gens,topo",F:unclassified-name,Other Tanakh
126683,1420868,450968,Joshua,24,2,תרח,nmpr,pers,A:person-candidate,Other Tanakh
126685,1420868,450968,Joshua,24,2,אברהם,nmpr,pers,A:person-candidate,Other Tanakh
126688,1420868,450968,Joshua,24,2,נחור,nmpr,pers,A:person-candidate,Other Tanakh
126691,1420868,450969,Joshua,24,2,אלהים,subs,,D:Elohim,Other Tanakh
126698,1420869,450970,Joshua,24,3,אברהם,nmpr,pers,A:person-candidate,Other Tanakh
126709,1420869,450971,Joshua,24,3,כנען,nmpr,"pers,gens,topo",F:unclassified-name,Other Tanakh
126718,1420869,450973,Joshua,24,3,יצחק,nmpr,pers,A:person-candidate,Other Tanakh
126722,1420870,450974,Joshua,24,4,יצחק,nmpr,pers,A:person-candidate,Other Tanakh
126724,1420870,450974,Joshua,24,4,יעקב,nmpr,pers,A:person-candidate,Other Tanakh
126727,1420870,450974,Joshua,24,4,עשו,nmpr,pers,A:person-candidate,Other Tanakh
126731,1420870,450975,Joshua,24,4,עשו,nmpr,pers,A:person-candidate,Other Tanakh
126734,1420870,450975,Joshua,24,4,שעיר,nmpr,topo,F:unclassified-name,Other Tanakh
126739,1420870,450977,Joshua,24,4,יעקב,nmpr,pers,A:person-candidate,Other Tanakh
126743,1420870,450977,Joshua,24,4,מצרים,nmpr,topo,F:unclassified-name,Other Tanakh
126747,1420871,450978,Joshua,24,5,משה,nmpr,pers,A:person-candidate,Other Tanakh
126750,1420871,450978,Joshua,24,5,אהרן,nmpr,pers,A:person-candidate,Other Tanakh
126754,1420871,450979,Joshua,24,5,מצרים,nmpr,topo,F:unclassified-name,Other Tanakh
126769,1420872,450982,Joshua,24,6,מצרים,nmpr,topo,F:unclassified-name,Other Tanakh
126776,1420872,450984,Joshua,24,6,מצרים,nmpr,topo,F:unclassified-name,Other Tanakh
126788,1420873,450985,Joshua,24,7,אל,prep,,C:divine-title-candidate,Other Tanakh
126789,1420873,450985,Joshua,24,7,יהוה,nmpr,pers,E:YHWH,Other Tanakh
126813,1420873,450990,Joshua,24,7,מצרים,nmpr,topo,F:unclassified-name,Other Tanakh
126824,1420874,450992,Joshua,24,8,אל,prep,,C:divine-title-candidate,Other Tanakh
126833,1420874,450993,Joshua,24,8,ירדן,nmpr,topo,F:unclassified-name,Other Tanakh
126852,1420875,450998,Joshua,24,9,בלק,nmpr,pers,A:person-candidate,Other Tanakh
126854,1420875,450998,Joshua,24,9,צפור,nmpr,pers,A:person-candidate,Other Tanakh
126855,1420875,450998,Joshua,24,9,מלך,subs,,B:deity-candidate,Other Tanakh
126856,1420875,450998,Joshua,24,9,מואב,nmpr,"pers,gens,topo",F:unclassified-name,Other Tanakh
126860,1420875,450999,Joshua,24,9,ישראל,nmpr,"pers,gens,topo",F:unclassified-name,Other Tanakh
126866,1420875,451001,Joshua,24,9,בלעם,nmpr,pers,A:person-candidate,Other Tanakh
126868,1420875,451001,Joshua,24,9,בעור,nmpr,pers,A:person-candidate,Other Tanakh
126878,1420876,451004,Joshua,24,10,בלעם,nmpr,pers,A:person-candidate,Other Tanakh
126892,1420877,451007,Joshua,24,11,ירדן,nmpr,topo,F:unclassified-name,Other Tanakh
126895,1420877,451008,Joshua,24,11,אל,prep,,C:divine-title-candidate,Other Tanakh
126896,1420877,451008,Joshua,24,11,יריחו,nmpr,topo,F:unclassified-name,Other Tanakh
126900,1420877,451009,Joshua,24,11,בעל,subs,,B:deity-candidate,Other Tanakh
126901,1420877,451009,Joshua,24,11,יריחו,nmpr,topo,F:unclassified-name,Other Tanakh
126939,1420878,451012,Joshua,24,12,מלך,subs,,B:deity-candidate,Other Tanakh
126977,1420880,451022,Joshua,24,14,יהוה,nmpr,pers,E:YHWH,Other Tanakh
126989,1420880,451024,Joshua,24,14,אלהים,subs,,D:Elohim,Other Tanakh
126999,1420880,451025,Joshua,24,14,מצרים,nmpr,topo,F:unclassified-name,Other Tanakh
127003,1420880,451026,Joshua,24,14,יהוה,nmpr,pers,E:YHWH,Other Tanakh
127012,1420881,451028,Joshua,24,15,יהוה,nmpr,pers,E:YHWH,Other Tanakh
127022,1420881,451031,Joshua,24,15,אלהים,subs,,D:Elohim,Other Tanakh
127034,1420881,451034,Joshua,24,15,אלהים,subs,,D:Elohim,Other Tanakh
127048,1420881,451036,Joshua,24,15,יהוה,nmpr,pers,E:YHWH,Other Tanakh
127060,1420882,451040,Joshua,24,16,יהוה,nmpr,pers,E:YHWH,Other Tanakh
127063,1420882,451041,Joshua,24,16,אלהים,subs,,D:Elohim,Other Tanakh
127066,1420883,451042,Joshua,24,17,יהוה,nmpr,pers,E:YHWH,Other Tanakh
127067,1420883,451042,Joshua,24,17,אלהים,subs,,D:Elohim,Other Tanakh
127077,1420883,451044,Joshua,24,17,מצרים,nmpr,topo,F:unclassified-name,Other Tanakh
127113,1420884,451049,Joshua,24,18,יהוה,nmpr,pers,E:YHWH,Other Tanakh
127131,1420884,451051,Joshua,24,18,יהוה,nmpr,pers,E:YHWH,Other Tanakh
127134,1420884,451052,Joshua,24,18,אלהים,subs,,D:Elohim,Other Tanakh
127137,1420885,451053,Joshua,24,19,יהושע,nmpr,pers,A:person-candidate,Other Tanakh
127138,1420885,451053,Joshua,24,19,אל,prep,,C:divine-title-candidate,Other Tanakh
127146,1420885,451055,Joshua,24,19,יהוה,nmpr,pers,E:YHWH,Other Tanakh
127148,1420885,451056,Joshua,24,19,אלהים,subs,,D:Elohim,Other Tanakh
127151,1420885,451057,Joshua,24,19,אל,subs,,C:divine-title-candidate,Other Tanakh
127164,1420886,451059,Joshua,24,20,יהוה,nmpr,pers,E:YHWH,Other Tanakh
127167,1420886,451060,Joshua,24,20,אלהים,subs,,D:Elohim,Other Tanakh
127185,1420887,451065,Joshua,24,21,אל,prep,,C:divine-title-candidate,Other Tanakh
127186,1420887,451065,Joshua,24,21,יהושע,nmpr,pers,A:person-candidate,Other Tanakh
127190,1420887,451067,Joshua,24,21,יהוה,nmpr,pers,E:YHWH,Other Tanakh
127194,1420888,451068,Joshua,24,22,יהושע,nmpr,pers,A:person-candidate,Other Tanakh
127195,1420888,451068,Joshua,24,22,אל,prep,,C:divine-title-candidate,Other Tanakh
127206,1420888,451070,Joshua,24,22,יהוה,nmpr,pers,E:YHWH,Other Tanakh
127217,1420889,451075,Joshua,24,23,אלהים,subs,,D:Elohim,Other Tanakh
127227,1420889,451077,Joshua,24,23,אל,prep,,C:divine-title-candidate,Other Tanakh
127228,1420889,451077,Joshua,24,23,יהוה,nmpr,pers,E:YHWH,Other Tanakh
127229,1420889,451077,Joshua,24,23,אלהים,subs,,D:Elohim,Other Tanakh
127230,1420889,451077,Joshua,24,23,ישראל,nmpr,"pers,gens,topo",F:unclassified-name,Other Tanakh
127235,1420890,451078,Joshua,24,24,אל,prep,,C:divine-title-candidate,Other Tanakh
127236,1420890,451078,Joshua,24,24,יהושע,nmpr,pers,A:person-candidate,Other Tanakh
127238,1420890,451079,Joshua,24,24,יהוה,nmpr,pers,E:YHWH,Other Tanakh
127239,1420890,451079,Joshua,24,24,אלהים,subs,,D:Elohim,Other Tanakh
127247,1420891,451081,Joshua,24,25,יהושע,nmpr,pers,A:person-candidate,Other Tanakh
127264,1420891,451082,Joshua,24,25,שכם,nmpr,topo,F:unclassified-name,Other Tanakh
127267,1420892,451083,Joshua,24,26,יהושע,nmpr,pers,A:person-candidate,Other Tanakh
127276,1420892,451083,Joshua,24,26,אלהים,subs,,D:Elohim,Other Tanakh
127290,1420892,451086,Joshua,24,26,יהוה,nmpr,pers,E:YHWH,Other Tanakh
127293,1420893,451087,Joshua,24,27,יהושע,nmpr,pers,A:person-candidate,Other Tanakh
127294,1420893,451087,Joshua,24,27,אל,prep,,C:divine-title-candidate,Other Tanakh
127313,1420893,451089,Joshua,24,27,יהוה,nmpr,pers,E:YHWH,Other Tanakh
127325,1420893,451092,Joshua,24,27,אלהים,subs,,D:Elohim,Other Tanakh
127328,1420894,451093,Joshua,24,28,יהושע,nmpr,pers,A:person-candidate,Other Tanakh
127344,1420895,451095,Joshua,24,29,יהושע,nmpr,pers,A:person-candidate,Other Tanakh
127346,1420895,451095,Joshua,24,29,נון,nmpr,pers,A:person-candidate,Other Tanakh
127348,1420895,451095,Joshua,24,29,יהוה,nmpr,pers,E:YHWH,Other Tanakh
127361,1420896,451096,Joshua,24,30,תמנת סרח,nmpr,topo,F:unclassified-name,Other Tanakh
127365,1420896,451097,Joshua,24,30,אפרים,nmpr,"pers,gens,topo",F:unclassified-name,Other Tanakh
127370,1420896,451097,Joshua,24,30,געש,nmpr,topo,F:unclassified-name,Other Tanakh
127373,1420897,451098,Joshua,24,31,ישראל,nmpr,"pers,gens,topo",F:unclassified-name,Other Tanakh
127375,1420897,451098,Joshua,24,31,יהוה,nmpr,pers,E:YHWH,Other Tanakh
127378,1420897,451098,Joshua,24,31,יהושע,nmpr,pers,A:person-candidate,Other Tanakh
127388,1420897,451099,Joshua,24,31,יהושע,nmpr,pers,A:person-candidate,Other Tanakh
127395,1420897,451100,Joshua,24,31,יהוה,nmpr,pers,E:YHWH,Other Tanakh
127399,1420897,451101,Joshua,24,31,ישראל,nmpr,"pers,gens,topo",F:unclassified-name,Other Tanakh
127403,1420898,451102,Joshua,24,32,יוסף,nmpr,pers,A:person-candidate,Other Tanakh
127407,1420898,451103,Joshua,24,32,ישראל,nmpr,"pers,gens,topo",F:unclassified-name,Other Tanakh
127409,1420898,451103,Joshua,24,32,מצרים,nmpr,topo,F:unclassified-name,Other Tanakh
127412,1420898,451102,Joshua,24,32,שכם,nmpr,topo,F:unclassified-name,Other Tanakh
127419,1420898,451104,Joshua,24,32,יעקב,nmpr,pers,A:person-candidate,Other Tanakh
127423,1420898,451104,Joshua,24,32,חמור,nmpr,pers,A:person-candidate,Other Tanakh
127425,1420898,451104,Joshua,24,32,שכם,nmpr,pers,A:person-candidate,Other Tanakh
127433,1420898,451105,Joshua,24,32,יוסף,nmpr,pers,A:person-candidate,Other Tanakh
127437,1420899,451106,Joshua,24,33,אלעזר,nmpr,pers,A:person-candidate,Other Tanakh
127439,1420899,451106,Joshua,24,33,אהרן,nmpr,pers,A:person-candidate,Other Tanakh
127446,1420899,451107,Joshua,24,33,פינחס,nmpr,pers,A:person-candidate,Other Tanakh
127453,1420899,451108,Joshua,24,33,אפרים,nmpr,"pers,gens,topo",F:unclassified-name,Other Tanakh
127458,1420900,451109,Judges,1,1,יהושע,nmpr,pers,A:person-candidate,Other Tanakh
127462,1420900,451110,Judges,1,1,ישראל,nmpr,"pers,gens,topo",F:unclassified-name,Other Tanakh
127464,1420900,451110,Judges,1,1,יהוה,nmpr,pers,E:YHWH,Other Tanakh
127470,1420900,451112,Judges,1,1,אל,prep,,C:divine-title-candidate,Other Tanakh
127481,1420901,451114,Judges,1,2,יהוה,nmpr,pers,E:YHWH,Other Tanakh
127482,1420901,451115,Judges,1,2,יהודה,nmpr,"pers,gens,topo",F:unclassified-name,Other Tanakh
127493,1420902,451117,Judges,1,3,יהודה,nmpr,"pers,gens,topo",F:unclassified-name,Other Tanakh
127495,1420902,451117,Judges,1,3,שמעון,nmpr,"pers,gens,topo",F:unclassified-name,Other Tanakh
127516,1420902,451121,Judges,1,3,שמעון,nmpr,"pers,gens,topo",F:unclassified-name,Other Tanakh
127519,1420903,451122,Judges,1,4,יהודה,nmpr,"pers,gens,topo",F:unclassified-name,Other Tanakh
127522,1420903,451123,Judges,1,4,יהוה,nmpr,pers,E:YHWH,Other Tanakh
127534,1420903,451124,Judges,1,4,בזק,nmpr,topo,F:unclassified-name,Other Tanakh
127541,1420904,451125,Judges,1,5,אדני בזק,nmpr,pers,A:person-candidate,Other Tanakh
127543,1420904,451125,Judges,1,5,בזק,nmpr,topo,F:unclassified-name,Other Tanakh
127558,1420905,451128,Judges,1,6,אדני בזק,nmpr,pers,A:person-candidate,Other Tanakh
127574,1420906,451132,Judges,1,7,אדני בזק,nmpr,pers,A:person-candidate,Other Tanakh
127576,1420906,451133,Judges,1,7,מלך,subs,,B:deity-candidate,Other Tanakh
127592,1420906,451136,Judges,1,7,אלהים,subs,,D:Elohim,Other Tanakh
127595,1420906,451137,Judges,1,7,ירושלם,nmpr,topo,F:unclassified-name,Other Tanakh
127602,1420907,451139,Judges,1,8,יהודה,nmpr,"pers,gens,topo",F:unclassified-name,Other Tanakh
127604,1420907,451139,Judges,1,8,ירושלם,nmpr,topo,F:unclassified-name,Other Tanakh
127625,1420908,451143,Judges,1,9,יהודה,nmpr,"pers,gens,topo",F:unclassified-name,Other Tanakh
127642,1420909,451146,Judges,1,10,יהודה,nmpr,"pers,gens,topo",F:unclassified-name,Other Tanakh
127643,1420909,451146,Judges,1,10,אל,prep,,C:divine-title-candidate,Other Tanakh
127649,1420909,451147,Judges,1,10,חברון,nmpr,topo,F:unclassified-name,Other Tanakh
127652,1420909,451148,Judges,1,10,חברון,nmpr,topo,F:unclassified-name,Other Tanakh
127655,1420909,451148,Judges,1,10,קרית ארבע,nmpr,topo,F:unclassified-name,Other Tanakh
127659,1420909,451149,Judges,1,10,ששי,nmpr,pers,A:person-candidate,Other Tanakh
127662,1420909,451149,Judges,1,10,אחימן,nmpr,pers,A:person-candidate,Other Tanakh
127665,1420909,451149,Judges,1,10,תלמי,nmpr,pers,A:person-candidate,Other Tanakh
127670,1420910,451150,Judges,1,11,אל,prep,,C:divine-title-candidate,Other Tanakh
127672,1420910,451150,Judges,1,11,דבר,nmpr,topo,F:unclassified-name,Other Tanakh
127675,1420910,451151,Judges,1,11,דבר,nmpr,topo,F:unclassified-name,Other Tanakh
127678,1420910,451151,Judges,1,11,קרית ספר,nmpr,topo,F:unclassified-name,Other Tanakh
127681,1420911,451152,Judges,1,12,כלב,nmpr,pers,A:person-candidate,Other Tanakh
127685,1420911,451153,Judges,1,12,קרית ספר,nmpr,topo,F:unclassified-name,Other Tanakh
127692,1420911,451155,Judges,1,12,עכסה,nmpr,pers,A:person-candidate,Other Tanakh
127698,1420912,451156,Judges,1,13,עתניאל,nmpr,pers,A:person-candidate,Other Tanakh
127700,1420912,451156,Judges,1,13,קנז,nmpr,"pers,gens",F:unclassified-name,Other Tanakh
127702,1420912,451156,Judges,1,13,כלב,nmpr,pers,A:person-candidate,Other Tanakh
127710,1420912,451158,Judges,1,13,עכסה,nmpr,pers,A:person-candidate,Other Tanakh
127736,1420913,451164,Judges,1,14,כלב,nmpr,pers,A:person-candidate,Other Tanakh
127758,1420914,451170,Judges,1,15,כלב,nmpr,pers,A:person-candidate,Other Tanakh
127770,1420915,451171,Judges,1,16,משה,nmpr,pers,A:person-candidate,Other Tanakh
127778,1420915,451171,Judges,1,16,יהודה,nmpr,"pers,gens,topo",F:unclassified-name,Other Tanakh
127780,1420915,451171,Judges,1,16,יהודה,nmpr,"pers,gens,topo",F:unclassified-name,Other Tanakh
127784,1420915,451172,Judges,1,16,ערד,nmpr,topo,F:unclassified-name,Other Tanakh
127794,1420916,451175,Judges,1,17,יהודה,nmpr,"pers,gens,topo",F:unclassified-name,Other Tanakh
127796,1420916,451175,Judges,1,17,שמעון,nmpr,"pers,gens,topo",F:unclassified-name,Other Tanakh
127804,1420916,451177,Judges,1,17,צפת,nmpr,topo,F:unclassified-name,Other Tanakh
127814,1420916,451179,Judges,1,17,חרמה,nmpr,topo,F:unclassified-name,Other Tanakh
127817,1420917,451180,Judges,1,18,יהודה,nmpr,"pers,gens,topo",F:unclassified-name,Other Tanakh
127819,1420917,451180,Judges,1,18,עזה,nmpr,topo,F:unclassified-name,Other Tanakh
127825,1420917,451180,Judges,1,18,אשקלון,nmpr,topo,F:unclassified-name,Other Tanakh
127831,1420917,451180,Judges,1,18,עקרון,nmpr,topo,F:unclassified-name,Other Tanakh
127837,1420918,451181,Judges,1,19,יהוה,nmpr,pers,E:YHWH,Other Tanakh
127839,1420918,451181,Judges,1,19,יהודה,nmpr,"pers,gens,topo",F:unclassified-name,Other Tanakh
127860,1420919,451186,Judges,1,20,כלב,nmpr,pers,A:person-candidate,Other Tanakh
127862,1420919,451186,Judges,1,20,חברון,nmpr,topo,F:unclassified-name,Other Tanakh
127866,1420919,451187,Judges,1,20,משה,nmpr,pers,A:person-candidate,Other Tanakh
127881,1420920,451190,Judges,1,21,ירושלם,nmpr,topo,F:unclassified-name,Other Tanakh
127885,1420920,451189,Judges,1,21,בנימן,nmpr,"pers,gens,topo",F:unclassified-name,Other Tanakh
127892,1420920,451191,Judges,1,21,בנימן,nmpr,"pers,gens,topo",F:unclassified-name,Other Tanakh
127894,1420920,451191,Judges,1,21,ירושלם,nmpr,topo,F:unclassified-name,Other Tanakh
127903,1420921,451192,Judges,1,22,יוסף,nmpr,pers,A:person-candidate,Other Tanakh
127906,1420921,451192,Judges,1,22,בית אל,nmpr,topo,F:unclassified-name,Other Tanakh
127908,1420921,451193,Judges,1,22,יהוה,nmpr,pers,E:YHWH,Other Tanakh
127913,1420922,451194,Judges,1,23,יוסף,nmpr,pers,A:person-candidate,Other Tanakh
127915,1420922,451194,Judges,1,23,בית אל,nmpr,topo,F:unclassified-name,Other Tanakh
127922,1420922,451195,Judges,1,23,לוז,nmpr,topo,F:unclassified-name,Other Tanakh
127981,1420925,451206,Judges,1,26,לוז,nmpr,topo,F:unclassified-name,Other Tanakh
127992,1420926,451208,Judges,1,27,מנשה,nmpr,"pers,gens",F:unclassified-name,Other Tanakh
127994,1420926,451208,Judges,1,27,בית שאן,nmpr,topo,F:unclassified-name,Other Tanakh
128000,1420926,451208,Judges,1,27,תענך,nmpr,topo,F:unclassified-name,Other Tanakh
128007,1420926,451208,Judges,1,27,דור,nmpr,topo,F:unclassified-name,Other Tanakh
128014,1420926,451208,Judges,1,27,יבלעם,nmpr,topo,F:unclassified-name,Other Tanakh
128021,1420926,451208,Judges,1,27,מגדו,nmpr,topo,F:unclassified-name,Other Tanakh
128040,1420927,451212,Judges,1,28,ישראל,nmpr,"pers,gens,topo",F:unclassified-name,Other Tanakh
128053,1420928,451215,Judges,1,29,אפרים,nmpr,"pers,gens,topo",F:unclassified-name,Other Tanakh
128062,1420928,451216,Judges,1,29,גזר,nmpr,topo,F:unclassified-name,Other Tanakh
128070,1420928,451217,Judges,1,29,גזר,nmpr,topo,F:unclassified-name,Other Tanakh
128071,1420929,451218,Judges,1,30,זבולן,nmpr,"pers,gens,topo",F:unclassified-name,Other Tanakh
128076,1420929,451218,Judges,1,30,קטרון,nmpr,topo,F:unclassified-name,Other Tanakh
128080,1420929,451218,Judges,1,30,נהלל,nmpr,topo,F:unclassified-name,Other Tanakh
128091,1420930,451221,Judges,1,31,אשר,nmpr,"pers,gens,topo",F:unclassified-name,Other Tanakh
128096,1420930,451221,Judges,1,31,עכו,nmpr,topo,F:unclassified-name,Other Tanakh
128100,1420930,451221,Judges,1,31,צידון,nmpr,topo,F:unclassified-name,Other Tanakh
128103,1420930,451221,Judges,1,31,אחלב,nmpr,topo,F:unclassified-name,Other Tanakh
128106,1420930,451221,Judges,1,31,אכזיב,nmpr,topo,F:unclassified-name,Other Tanakh
128109,1420930,451221,Judges,1,31,חלבה,nmpr,topo,F:unclassified-name,Other Tanakh
128112,1420930,451221,Judges,1,31,אפיק,nmpr,topo,F:unclassified-name,Other Tanakh
128115,1420930,451221,Judges,1,31,רחב,nmpr,topo,F:unclassified-name,Other Tanakh
128130,1420932,451224,Judges,1,33,נפתלי,nmpr,"pers,gens,topo",F:unclassified-name,Other Tanakh
128135,1420932,451224,Judges,1,33,בית שמש,nmpr,topo,F:unclassified-name,Other Tanakh
128139,1420932,451224,Judges,1,33,בית ענת,nmpr,topo,F:unclassified-name,Other Tanakh
128151,1420932,451226,Judges,1,33,בית שמש,nmpr,topo,F:unclassified-name,Other Tanakh
128153,1420932,451226,Judges,1,33,בית ענת,nmpr,topo,F:unclassified-name,Other Tanakh
128164,1420933,451227,Judges,1,34,דן,nmpr,"pers,gens,topo",F:unclassified-name,Other Tanakh
128182,1420934,451231,Judges,1,35,הר חרס,nmpr,topo,F:unclassified-name,Other Tanakh
128184,1420934,451231,Judges,1,35,אילון,nmpr,topo,F:unclassified-name,Other Tanakh
128187,1420934,451231,Judges,1,35,שעלבים,nmpr,topo,F:unclassified-name,Other Tanakh
128192,1420934,451232,Judges,1,35,יוסף,nmpr,pers,A:person-candidate,Other Tanakh
128202,1420935,451234,Judges,1,36,מעלה עקרבים,nmpr,topo,F:unclassified-name,Other Tanakh
128205,1420935,451234,Judges,1,36,סלע,nmpr,topo,F:unclassified-name,Other Tanakh
128211,1420936,451235,Judges,2,1,יהוה,nmpr,pers,E:YHWH,Other Tanakh
128214,1420936,451235,Judges,2,1,גלגל,nmpr,topo,F:unclassified-name,Other Tanakh
128215,1420936,451235,Judges,2,1,אל,prep,,C:divine-title-candidate,Other Tanakh
128217,1420936,451235,Judges,2,1,בכים,nmpr,topo,F:unclassified-name,Other Tanakh
128223,1420936,451237,Judges,2,1,מצרים,nmpr,topo,F:unclassified-name,Other Tanakh
128227,1420936,451238,Judges,2,1,אל,prep,,C:divine-title-candidate,Other Tanakh
128277,1420938,451250,Judges,2,3,אלהים,subs,,D:Elohim,Other Tanakh
128287,1420939,451252,Judges,2,4,יהוה,nmpr,pers,E:YHWH,Other Tanakh
128293,1420939,451252,Judges,2,4,אל,prep,,C:divine-title-candidate,Other Tanakh
128296,1420939,451252,Judges,2,4,ישראל,nmpr,"pers,gens,topo",F:unclassified-name,Other Tanakh
128312,1420940,451255,Judges,2,5,בכים,nmpr,topo,F:unclassified-name,Other Tanakh
128317,1420940,451256,Judges,2,5,יהוה,nmpr,pers,E:YHWH,Other Tanakh
128320,1420941,451257,Judges,2,6,יהושע,nmpr,pers,A:person-candidate,Other Tanakh
128327,1420941,451258,Judges,2,6,ישראל,nmpr,"pers,gens,topo",F:unclassified-name,Other Tanakh
128341,1420942,451261,Judges,2,7,יהוה,nmpr,pers,E:YHWH,Other Tanakh
128344,1420942,451261,Judges,2,7,יהושע,nmpr,pers,A:person-candidate,Other Tanakh
128354,1420942,451262,Judges,2,7,יהושע,nmpr,pers,A:person-candidate,Other Tanakh
128360,1420942,451263,Judges,2,7,יהוה,nmpr,pers,E:YHWH,Other Tanakh
128366,1420942,451264,Judges,2,7,ישראל,nmpr,"pers,gens,topo",F:unclassified-name,Other Tanakh
128369,1420943,451265,Judges,2,8,יהושע,nmpr,pers,A:person-candidate,Other Tanakh
128371,1420943,451265,Judges,2,8,נון,nmpr,pers,A:person-candidate,Other Tanakh
128373,1420943,451265,Judges,2,8,יהוה,nmpr,pers,E:YHWH,Other Tanakh
128386,1420944,451266,Judges,2,9,תמנת חרס,nmpr,topo,F:unclassified-name,Other Tanakh
128389,1420944,451266,Judges,2,9,אפרים,nmpr,"pers,gens,topo",F:unclassified-name,Other Tanakh
128394,1420944,451266,Judges,2,9,געש,nmpr,topo,F:unclassified-name,Other Tanakh
128403,1420945,451267,Judges,2,10,אל,prep,,C:divine-title-candidate,Other Tanakh
128414,1420945,451269,Judges,2,10,יהוה,nmpr,pers,E:YHWH,Other Tanakh
128423,1420945,451271,Judges,2,10,ישראל,nmpr,"pers,gens,topo",F:unclassified-name,Other Tanakh
128427,1420946,451272,Judges,2,11,ישראל,nmpr,"pers,gens,topo",F:unclassified-name,Other Tanakh
128433,1420946,451273,Judges,2,11,יהוה,nmpr,pers,E:YHWH,Other Tanakh
128438,1420946,451274,Judges,2,11,בעל,subs,,B:deity-candidate,Other Tanakh
128442,1420947,451275,Judges,2,12,יהוה,nmpr,pers,E:YHWH,Other Tanakh
128443,1420947,451275,Judges,2,12,אלהים,subs,,D:Elohim,Other Tanakh
128450,1420947,451276,Judges,2,12,מצרים,nmpr,topo,F:unclassified-name,Other Tanakh
128454,1420947,451277,Judges,2,12,אלהים,subs,,D:Elohim,Other Tanakh
128457,1420947,451277,Judges,2,12,אלהים,subs,,D:Elohim,Other Tanakh
128468,1420947,451280,Judges,2,12,יהוה,nmpr,pers,E:YHWH,Other Tanakh
128472,1420948,451281,Judges,2,13,יהוה,nmpr,pers,E:YHWH,Other Tanakh
128477,1420948,451282,Judges,2,13,בעל,subs,,B:deity-candidate,Other Tanakh
128481,1420948,451282,Judges,2,13,עשתרת,subs,,B:deity-candidate,Other Tanakh
128485,1420949,451283,Judges,2,14,יהוה,nmpr,pers,E:YHWH,Other Tanakh
128487,1420949,451283,Judges,2,14,ישראל,nmpr,"pers,gens,topo",F:unclassified-name,Other Tanakh
128517,1420950,451289,Judges,2,15,יהוה,nmpr,pers,E:YHWH,Other Tanakh
128525,1420950,451291,Judges,2,15,יהוה,nmpr,pers,E:YHWH,Other Tanakh
128530,1420950,451292,Judges,2,15,יהוה,nmpr,pers,E:YHWH,Other Tanakh
128538,1420951,451294,Judges,2,16,יהוה,nmpr,pers,E:YHWH,Other Tanakh
128547,1420952,451296,Judges,2,17,אל,prep,,C:divine-title-candidate,Other Tanakh
128554,1420952,451297,Judges,2,17,אלהים,subs,,D:Elohim,Other Tanakh
128570,1420952,451301,Judges,2,17,יהוה,nmpr,pers,E:YHWH,Other Tanakh
128577,1420953,451303,Judges,2,18,יהוה,nmpr,pers,E:YHWH,Other Tanakh
128582,1420953,451304,Judges,2,18,יהוה,nmpr,pers,E:YHWH,Other Tanakh
128597,1420953,451306,Judges,2,18,יהוה,nmpr,pers,E:YHWH,Other Tanakh
128619,1420954,451310,Judges,2,19,אלהים,subs,,D:Elohim,Other Tanakh
128639,1420955,451314,Judges,2,20,יהוה,nmpr,pers,E:YHWH,Other Tanakh
128641,1420955,451314,Judges,2,20,ישראל,nmpr,"pers,gens,topo",F:unclassified-name,Other Tanakh
128676,1420956,451321,Judges,2,21,יהושע,nmpr,pers,A:person-candidate,Other Tanakh
128683,1420957,451323,Judges,2,22,ישראל,nmpr,"pers,gens,topo",F:unclassified-name,Other Tanakh
128689,1420957,451324,Judges,2,22,יהוה,nmpr,pers,E:YHWH,Other Tanakh
128701,1420958,451328,Judges,2,23,יהוה,nmpr,pers,E:YHWH,Other Tanakh
128716,1420958,451330,Judges,2,23,יהושע,nmpr,pers,A:person-candidate,Other Tanakh
128723,1420959,451332,Judges,3,1,יהוה,nmpr,pers,E:YHWH,Other Tanakh
128728,1420959,451333,Judges,3,1,ישראל,nmpr,"pers,gens,topo",F:unclassified-name,Other Tanakh
128737,1420959,451334,Judges,3,1,כנען,nmpr,"pers,gens,topo",F:unclassified-name,Other Tanakh
128743,1420960,451335,Judges,3,2,ישראל,nmpr,"pers,gens,topo",F:unclassified-name,Other Tanakh
128769,1420961,451339,Judges,3,3,לבנון,nmpr,topo,F:unclassified-name,Other Tanakh
128772,1420961,451339,Judges,3,3,בעל חרמון,nmpr,topo,F:unclassified-name,Other Tanakh
128776,1420961,451340,Judges,3,3,חמת,nmpr,topo,F:unclassified-name,Other Tanakh
128783,1420962,451342,Judges,3,4,ישראל,nmpr,"pers,gens,topo",F:unclassified-name,Other Tanakh
128790,1420962,451344,Judges,3,4,יהוה,nmpr,pers,E:YHWH,Other Tanakh
128797,1420962,451345,Judges,3,4,משה,nmpr,pers,A:person-candidate,Other Tanakh
128800,1420963,451346,Judges,3,5,ישראל,nmpr,"pers,gens,topo",F:unclassified-name,Other Tanakh
128836,1420964,451349,Judges,3,6,אלהים,subs,,D:Elohim,Other Tanakh
128840,1420965,451350,Judges,3,7,ישראל,nmpr,"pers,gens,topo",F:unclassified-name,Other Tanakh
128846,1420965,451351,Judges,3,7,יהוה,nmpr,pers,E:YHWH,Other Tanakh
128850,1420965,451352,Judges,3,7,יהוה,nmpr,pers,E:YHWH,Other Tanakh
128851,1420965,451352,Judges,3,7,אלהים,subs,,D:Elohim,Other Tanakh
128856,1420965,451353,Judges,3,7,בעל,subs,,B:deity-candidate,Other Tanakh
128864,1420966,451354,Judges,3,8,יהוה,nmpr,pers,E:YHWH,Other Tanakh
128866,1420966,451354,Judges,3,8,ישראל,nmpr,"pers,gens,topo",F:unclassified-name,Other Tanakh
128871,1420966,451355,Judges,3,8,כושן רשעתים,nmpr,pers,A:person-candidate,Other Tanakh
128872,1420966,451355,Judges,3,8,מלך,subs,,B:deity-candidate,Other Tanakh
128873,1420966,451355,Judges,3,8,ארם,nmpr,topo,F:unclassified-name,Other Tanakh
128878,1420966,451356,Judges,3,8,ישראל,nmpr,"pers,gens,topo",F:unclassified-name,Other Tanakh
128880,1420966,451356,Judges,3,8,כושן רשעתים,nmpr,pers,A:person-candidate,Other Tanakh
128886,1420967,451357,Judges,3,9,ישראל,nmpr,"pers,gens,topo",F:unclassified-name,Other Tanakh
128887,1420967,451357,Judges,3,9,אל,prep,,C:divine-title-candidate,Other Tanakh
128888,1420967,451357,Judges,3,9,יהוה,nmpr,pers,E:YHWH,Other Tanakh
128891,1420967,451358,Judges,3,9,יהוה,nmpr,pers,E:YHWH,Other Tanakh
128895,1420967,451358,Judges,3,9,ישראל,nmpr,"pers,gens,topo",F:unclassified-name,Other Tanakh
128899,1420967,451358,Judges,3,9,עתניאל,nmpr,pers,A:person-candidate,Other Tanakh
128901,1420967,451358,Judges,3,9,קנז,nmpr,"pers,gens",F:unclassified-name,Other Tanakh
128903,1420967,451358,Judges,3,9,כלב,nmpr,pers,A:person-candidate,Other Tanakh
128911,1420968,451361,Judges,3,10,יהוה,nmpr,pers,E:YHWH,Other Tanakh
128915,1420968,451362,Judges,3,10,ישראל,nmpr,"pers,gens,topo",F:unclassified-name,Other Tanakh
128923,1420968,451364,Judges,3,10,יהוה,nmpr,pers,E:YHWH,Other Tanakh
128927,1420968,451364,Judges,3,10,כושן רשעתים,nmpr,pers,A:person-candidate,Other Tanakh
128928,1420968,451364,Judges,3,10,מלך,subs,,B:deity-candidate,Other Tanakh
128929,1420968,451364,Judges,3,10,ארם,nmpr,topo,F:unclassified-name,Other Tanakh
128934,1420968,451365,Judges,3,10,כושן רשעתים,nmpr,pers,A:person-candidate,Other Tanakh
128943,1420969,451367,Judges,3,11,עתניאל,nmpr,pers,A:person-candidate,Other Tanakh
128945,1420969,451367,Judges,3,11,קנז,nmpr,"pers,gens",F:unclassified-name,Other Tanakh
128949,1420970,451368,Judges,3,12,ישראל,nmpr,"pers,gens,topo",F:unclassified-name,Other Tanakh
128956,1420970,451370,Judges,3,12,יהוה,nmpr,pers,E:YHWH,Other Tanakh
128959,1420970,451371,Judges,3,12,יהוה,nmpr,pers,E:YHWH,Other Tanakh
128961,1420970,451371,Judges,3,12,עגלון,nmpr,pers,A:person-candidate,Other Tanakh
128962,1420970,451371,Judges,3,12,מלך,subs,,B:deity-candidate,Other Tanakh
128963,1420970,451371,Judges,3,12,מואב,nmpr,"pers,gens,topo",F:unclassified-name,Other Tanakh
128965,1420970,451371,Judges,3,12,ישראל,nmpr,"pers,gens,topo",F:unclassified-name,Other Tanakh
128974,1420970,451373,Judges,3,12,יהוה,nmpr,pers,E:YHWH,Other Tanakh
128977,1420971,451374,Judges,3,13,אל,prep,,C:divine-title-candidate,Other Tanakh
128980,1420971,451374,Judges,3,13,עמון,nmpr,gens,F:unclassified-name,Other Tanakh
128982,1420971,451374,Judges,3,13,עמלק,nmpr,"pers,gens",F:unclassified-name,Other Tanakh
128988,1420971,451376,Judges,3,13,ישראל,nmpr,"pers,gens,topo",F:unclassified-name,Other Tanakh
128998,1420972,451378,Judges,3,14,ישראל,nmpr,"pers,gens,topo",F:unclassified-name,Other Tanakh
129000,1420972,451378,Judges,3,14,עגלון,nmpr,pers,A:person-candidate,Other Tanakh
129001,1420972,451378,Judges,3,14,מלך,subs,,B:deity-candidate,Other Tanakh
129002,1420972,451378,Judges,3,14,מואב,nmpr,"pers,gens,topo",F:unclassified-name,Other Tanakh
129009,1420973,451379,Judges,3,15,ישראל,nmpr,"pers,gens,topo",F:unclassified-name,Other Tanakh
129010,1420973,451379,Judges,3,15,אל,prep,,C:divine-title-candidate,Other Tanakh
129011,1420973,451379,Judges,3,15,יהוה,nmpr,pers,E:YHWH,Other Tanakh
129014,1420973,451380,Judges,3,15,יהוה,nmpr,pers,E:YHWH,Other Tanakh
129018,1420973,451380,Judges,3,15,אהוד,nmpr,pers,A:person-candidate,Other Tanakh
129020,1420973,451380,Judges,3,15,גרא,nmpr,pers,A:person-candidate,Other Tanakh
129031,1420973,451381,Judges,3,15,ישראל,nmpr,"pers,gens,topo",F:unclassified-name,Other Tanakh
129036,1420973,451381,Judges,3,15,עגלון,nmpr,pers,A:person-candidate,Other Tanakh
129037,1420973,451381,Judges,3,15,מלך,subs,,B:deity-candidate,Other Tanakh
129038,1420973,451381,Judges,3,15,מואב,nmpr,"pers,gens,topo",F:unclassified-name,Other Tanakh
129042,1420974,451382,Judges,3,16,אהוד,nmpr,pers,A:person-candidate,Other Tanakh
129066,1420975,451386,Judges,3,17,עגלון,nmpr,pers,A:person-candidate,Other Tanakh
129067,1420975,451386,Judges,3,17,מלך,subs,,B:deity-candidate,Other Tanakh
129068,1420975,451386,Judges,3,17,מואב,nmpr,"pers,gens,topo",F:unclassified-name,Other Tanakh
129070,1420975,451387,Judges,3,17,עגלון,nmpr,pers,A:person-candidate,Other Tanakh
129101,1420977,451393,Judges,3,19,גלגל,nmpr,topo,F:unclassified-name,Other Tanakh
129107,1420977,451395,Judges,3,19,אל,prep,,C:divine-title-candidate,Other Tanakh
129109,1420977,451396,Judges,3,19,מלך,subs,,B:deity-candidate,Other Tanakh
129122,1420978,451401,Judges,3,20,אהוד,nmpr,pers,A:person-candidate,Other Tanakh
129124,1420978,451401,Judges,3,20,אל,prep,,C:divine-title-candidate,Other Tanakh
129138,1420978,451404,Judges,3,20,אהוד,nmpr,pers,A:person-candidate,Other Tanakh
129140,1420978,451405,Judges,3,20,אלהים,subs,,D:Elohim,Other Tanakh
