word_node,verse_node,clause_node,book,chapter,verse,lexeme,part_of_speech,nametype,candidate_group,scope
387373,1435634,509242,Nehemia,8,7,פלאיה,nmpr,pers,A:person-candidate,Other Tanakh
387397,1435635,509244,Nehemia,8,8,אלהים,subs,,D:Elohim,Other Tanakh
387409,1435636,509247,Nehemia,8,9,נחמיה,nmpr,pers,A:person-candidate,Other Tanakh
387414,1435636,509247,Nehemia,8,9,עזרא,nmpr,pers,A:person-candidate,Other Tanakh
387436,1435636,509251,Nehemia,8,9,יהוה,nmpr,pers,E:YHWH,Other Tanakh
387437,1435636,509251,Nehemia,8,9,אלהים,subs,,D:Elohim,Other Tanakh
387438,1435636,509252,Nehemia,8,9,אל,nega,,C:divine-title-candidate,Other Tanakh
387441,1435636,509253,Nehemia,8,9,אל,nega,,C:divine-title-candidate,Other Tanakh
387477,1435637,509263,Nehemia,8,10,אל,nega,,C:divine-title-candidate,Other Tanakh
387481,1435637,509264,Nehemia,8,10,יהוה,nmpr,pers,E:YHWH,Other Tanakh
387500,1435638,509270,Nehemia,8,11,אל,nega,,C:divine-title-candidate,Other Tanakh
387548,1435640,509278,Nehemia,8,13,אל,prep,,C:divine-title-candidate,Other Tanakh
387549,1435640,509278,Nehemia,8,13,עזרא,nmpr,pers,A:person-candidate,Other Tanakh
387555,1435640,509279,Nehemia,8,13,אל,prep,,C:divine-title-candidate,Other Tanakh
387567,1435641,509282,Nehemia,8,14,יהוה,nmpr,pers,E:YHWH,Other Tanakh
387570,1435641,509282,Nehemia,8,14,משה,nmpr,pers,A:person-candidate,Other Tanakh
387574,1435641,509283,Nehemia,8,14,ישראל,nmpr,"pers,gens,topo",F:unclassified-name,Other Tanakh
387597,1435642,509285,Nehemia,8,15,ירושלם,nmpr,topo,F:unclassified-name,Other Tanakh
387648,1435643,509294,Nehemia,8,16,אלהים,subs,,D:Elohim,Other Tanakh
387659,1435643,509294,Nehemia,8,16,אפרים,nmpr,"pers,gens,topo",F:unclassified-name,Other Tanakh
387681,1435644,509298,Nehemia,8,17,ישוע,nmpr,pers,A:person-candidate,Other Tanakh
387683,1435644,509298,Nehemia,8,17,נון,nmpr,pers,A:person-candidate,Other Tanakh
387686,1435644,509298,Nehemia,8,17,ישראל,nmpr,"pers,gens,topo",F:unclassified-name,Other Tanakh
387703,1435645,509300,Nehemia,8,18,אלהים,subs,,D:Elohim,Other Tanakh
387745,1435646,509303,Nehemia,9,1,ישראל,nmpr,"pers,gens,topo",F:unclassified-name,Other Tanakh
387757,1435647,509305,Nehemia,9,2,ישראל,nmpr,"pers,gens,topo",F:unclassified-name,Other Tanakh
387780,1435648,509309,Nehemia,9,3,יהוה,nmpr,pers,E:YHWH,Other Tanakh
387781,1435648,509309,Nehemia,9,3,אלהים,subs,,D:Elohim,Other Tanakh
387791,1435648,509311,Nehemia,9,3,יהוה,nmpr,pers,E:YHWH,Other Tanakh
387792,1435648,509311,Nehemia,9,3,אלהים,subs,,D:Elohim,Other Tanakh
387799,1435649,509312,Nehemia,9,4,ישוע,nmpr,pers,A:person-candidate,Other Tanakh
387801,1435649,509312,Nehemia,9,4,בני,nmpr,pers,A:person-candidate,Other Tanakh
387802,1435649,509312,Nehemia,9,4,קדמיאל,nmpr,pers,A:person-candidate,Other Tanakh
387803,1435649,509312,Nehemia,9,4,שבניה,nmpr,pers,A:person-candidate,Other Tanakh
387804,1435649,509312,Nehemia,9,4,בני,nmpr,pers,A:person-candidate,Other Tanakh
387805,1435649,509312,Nehemia,9,4,שרביה,nmpr,pers,A:person-candidate,Other Tanakh
387806,1435649,509312,Nehemia,9,4,בני,nmpr,pers,A:person-candidate,Other Tanakh
387807,1435649,509312,Nehemia,9,4,כנני,nmpr,pers,A:person-candidate,Other Tanakh
387813,1435649,509313,Nehemia,9,4,אל,prep,,C:divine-title-candidate,Other Tanakh
387814,1435649,509313,Nehemia,9,4,יהוה,nmpr,pers,E:YHWH,Other Tanakh
387815,1435649,509313,Nehemia,9,4,אלהים,subs,,D:Elohim,Other Tanakh
387820,1435650,509314,Nehemia,9,5,ישוע,nmpr,pers,A:person-candidate,Other Tanakh
387822,1435650,509314,Nehemia,9,5,קדמיאל,nmpr,pers,A:person-candidate,Other Tanakh
387823,1435650,509314,Nehemia,9,5,בני,nmpr,pers,A:person-candidate,Other Tanakh
387824,1435650,509314,Nehemia,9,5,חשבניה,nmpr,pers,A:person-candidate,Other Tanakh
387825,1435650,509314,Nehemia,9,5,שרביה,nmpr,pers,A:person-candidate,Other Tanakh
387826,1435650,509314,Nehemia,9,5,הודיה,nmpr,pers,A:person-candidate,Other Tanakh
387827,1435650,509314,Nehemia,9,5,שבניה,nmpr,pers,A:person-candidate,Other Tanakh
387828,1435650,509314,Nehemia,9,5,פתחיה,nmpr,pers,A:person-candidate,Other Tanakh
387832,1435650,509316,Nehemia,9,5,יהוה,nmpr,pers,E:YHWH,Other Tanakh
387833,1435650,509316,Nehemia,9,5,אלהים,subs,,D:Elohim,Other Tanakh
387853,1435651,509319,Nehemia,9,6,יהוה,nmpr,pers,E:YHWH,Other Tanakh
387892,1435652,509327,Nehemia,9,7,יהוה,nmpr,pers,E:YHWH,Other Tanakh
387894,1435652,509327,Nehemia,9,7,אלהים,subs,,D:Elohim,Other Tanakh
387898,1435652,509328,Nehemia,9,7,אברם,nmpr,pers,A:person-candidate,Other Tanakh
387902,1435652,509329,Nehemia,9,7,אור,nmpr,topo,F:unclassified-name,Other Tanakh
387903,1435652,509329,Nehemia,9,7,כשדים,nmpr,topo,F:unclassified-name,Other Tanakh
387907,1435652,509330,Nehemia,9,7,אברהם,nmpr,pers,A:person-candidate,Other Tanakh
387956,1435654,509338,Nehemia,9,9,מצרים,nmpr,topo,F:unclassified-name,Other Tanakh
388043,1435658,509352,Nehemia,9,13,סיני,nmpr,topo,F:unclassified-name,Other Tanakh
388078,1435659,509356,Nehemia,9,14,משה,nmpr,pers,A:person-candidate,Other Tanakh
388125,1435661,509366,Nehemia,9,16,אל,prep,,C:divine-title-candidate,Other Tanakh
388153,1435662,509374,Nehemia,9,17,אלוה,subs,,C:divine-title-candidate,Other Tanakh
388175,1435663,509379,Nehemia,9,18,אלהים,subs,,D:Elohim,Other Tanakh
388179,1435663,509380,Nehemia,9,18,מצרים,nmpr,topo,F:unclassified-name,Other Tanakh
388276,1435667,509399,Nehemia,9,22,סיחון,nmpr,pers,A:person-candidate,Other Tanakh
388280,1435667,509399,Nehemia,9,22,מלך,subs,,B:deity-candidate,Other Tanakh
388281,1435667,509399,Nehemia,9,22,חשבון,nmpr,topo,F:unclassified-name,Other Tanakh
388285,1435667,509399,Nehemia,9,22,עוג,nmpr,pers,A:person-candidate,Other Tanakh
388286,1435667,509399,Nehemia,9,22,מלך,subs,,B:deity-candidate,Other Tanakh
388288,1435667,509399,Nehemia,9,22,בשן,nmpr,topo,F:unclassified-name,Other Tanakh
388298,1435668,509401,Nehemia,9,23,אל,prep,,C:divine-title-candidate,Other Tanakh
388334,1435669,509409,Nehemia,9,24,מלך,subs,,B:deity-candidate,Other Tanakh
388400,1435671,509423,Nehemia,9,26,אל,prep,,C:divine-title-candidate,Other Tanakh
388418,1435672,509427,Nehemia,9,27,אל,prep,,C:divine-title-candidate,Other Tanakh
388475,1435674,509441,Nehemia,9,29,אל,prep,,C:divine-title-candidate,Other Tanakh
388541,1435676,509456,Nehemia,9,31,אל,subs,,C:divine-title-candidate,Other Tanakh
388548,1435677,509458,Nehemia,9,32,אלהים,subs,,D:Elohim,Other Tanakh
388550,1435677,509458,Nehemia,9,32,אל,subs,,C:divine-title-candidate,Other Tanakh
388564,1435677,509460,Nehemia,9,32,אל,nega,,C:divine-title-candidate,Other Tanakh
388575,1435677,509461,Nehemia,9,32,מלך,subs,,B:deity-candidate,Other Tanakh
388593,1435677,509460,Nehemia,9,32,מלך,subs,,B:deity-candidate,Other Tanakh
388594,1435677,509460,Nehemia,9,32,אשור,nmpr,topo,F:unclassified-name,Other Tanakh
388616,1435679,509466,Nehemia,9,34,מלך,subs,,B:deity-candidate,Other Tanakh
388627,1435679,509467,Nehemia,9,34,אל,prep,,C:divine-title-candidate,Other Tanakh
388696,1435682,509478,Nehemia,9,37,מלך,subs,,B:deity-candidate,Other Tanakh
388736,1435684,509486,Nehemia,10,2,נחמיה,nmpr,pers,A:person-candidate,Other Tanakh
388740,1435684,509486,Nehemia,10,2,חכליה,nmpr,pers,A:person-candidate,Other Tanakh
388742,1435684,509486,Nehemia,10,2,צדקיה,nmpr,pers,A:person-candidate,Other Tanakh
388743,1435685,509487,Nehemia,10,3,שריה,nmpr,pers,A:person-candidate,Other Tanakh
388744,1435685,509487,Nehemia,10,3,עזריה,nmpr,pers,A:person-candidate,Other Tanakh
388745,1435685,509487,Nehemia,10,3,ירמיה,nmpr,pers,A:person-candidate,Other Tanakh
388746,1435686,509488,Nehemia,10,4,פשחור,nmpr,pers,A:person-candidate,Other Tanakh
388747,1435686,509488,Nehemia,10,4,אמריה,nmpr,pers,A:person-candidate,Other Tanakh
388748,1435686,509488,Nehemia,10,4,מלכיה,nmpr,pers,A:person-candidate,Other Tanakh
388749,1435687,509489,Nehemia,10,5,חטוש,nmpr,pers,A:person-candidate,Other Tanakh
388750,1435687,509489,Nehemia,10,5,שבניה,nmpr,pers,A:person-candidate,Other Tanakh
388751,1435687,509489,Nehemia,10,5,מלוך,nmpr,pers,A:person-candidate,Other Tanakh
388752,1435688,509490,Nehemia,10,6,חרם,nmpr,pers,A:person-candidate,Other Tanakh
388753,1435688,509490,Nehemia,10,6,מרמות,nmpr,pers,A:person-candidate,Other Tanakh
388754,1435688,509490,Nehemia,10,6,עבדיה,nmpr,pers,A:person-candidate,Other Tanakh
388755,1435689,509491,Nehemia,10,7,דניאל,nmpr,pers,A:person-candidate,Other Tanakh
388756,1435689,509491,Nehemia,10,7,גנתון,nmpr,pers,A:person-candidate,Other Tanakh
388757,1435689,509491,Nehemia,10,7,ברוך,nmpr,pers,A:person-candidate,Other Tanakh
388758,1435690,509492,Nehemia,10,8,משלם,nmpr,pers,A:person-candidate,Other Tanakh
388759,1435690,509492,Nehemia,10,8,אביה,nmpr,pers,A:person-candidate,Other Tanakh
388760,1435690,509492,Nehemia,10,8,מימן,nmpr,pers,A:person-candidate,Other Tanakh
388761,1435691,509493,Nehemia,10,9,מעזיה,nmpr,pers,A:person-candidate,Other Tanakh
388762,1435691,509493,Nehemia,10,9,בלגי,nmpr,pers,A:person-candidate,Other Tanakh
388763,1435691,509493,Nehemia,10,9,שמעיה,nmpr,pers,A:person-candidate,Other Tanakh
388771,1435692,509496,Nehemia,10,10,ישוע,nmpr,pers,A:person-candidate,Other Tanakh
388773,1435692,509496,Nehemia,10,10,אזניה,nmpr,pers,A:person-candidate,Other Tanakh
388774,1435692,509496,Nehemia,10,10,בנוי,nmpr,pers,A:person-candidate,Other Tanakh
388777,1435692,509497,Nehemia,10,10,חנדד,nmpr,pers,A:person-candidate,Other Tanakh
388778,1435692,509497,Nehemia,10,10,קדמיאל,nmpr,pers,A:person-candidate,Other Tanakh
388781,1435693,509499,Nehemia,10,11,שבניה,nmpr,pers,A:person-candidate,Other Tanakh
388782,1435693,509499,Nehemia,10,11,הודיה,nmpr,pers,A:person-candidate,Other Tanakh
388783,1435693,509499,Nehemia,10,11,קליטא,nmpr,pers,A:person-candidate,Other Tanakh
388784,1435693,509499,Nehemia,10,11,פלאיה,nmpr,pers,A:person-candidate,Other Tanakh
388785,1435693,509499,Nehemia,10,11,חנן,nmpr,pers,A:person-candidate,Other Tanakh
388786,1435694,509500,Nehemia,10,12,מיכא,nmpr,pers,A:person-candidate,Other Tanakh
388787,1435694,509500,Nehemia,10,12,רחב,nmpr,pers,A:person-candidate,Other Tanakh
388788,1435694,509500,Nehemia,10,12,חשביה,nmpr,pers,A:person-candidate,Other Tanakh
388789,1435695,509501,Nehemia,10,13,זכור,nmpr,gens,F:unclassified-name,Other Tanakh
388790,1435695,509501,Nehemia,10,13,שרביה,nmpr,pers,A:person-candidate,Other Tanakh
388791,1435695,509501,Nehemia,10,13,שבניה,nmpr,pers,A:person-candidate,Other Tanakh
388792,1435696,509502,Nehemia,10,14,הודיה,nmpr,pers,A:person-candidate,Other Tanakh
388793,1435696,509502,Nehemia,10,14,בני,nmpr,pers,A:person-candidate,Other Tanakh
388794,1435696,509502,Nehemia,10,14,בנינו,nmpr,pers,A:person-candidate,Other Tanakh
388798,1435697,509504,Nehemia,10,15,פרעש,nmpr,pers,A:person-candidate,Other Tanakh
388799,1435697,509504,Nehemia,10,15,פחת מואב,nmpr,pers,A:person-candidate,Other Tanakh
388800,1435697,509504,Nehemia,10,15,עילם,nmpr,"pers,gens,topo",F:unclassified-name,Other Tanakh
388801,1435697,509504,Nehemia,10,15,זתוא,nmpr,pers,A:person-candidate,Other Tanakh
388802,1435697,509504,Nehemia,10,15,בני,nmpr,pers,A:person-candidate,Other Tanakh
388803,1435698,509505,Nehemia,10,16,בני,nmpr,pers,A:person-candidate,Other Tanakh
388804,1435698,509505,Nehemia,10,16,עזגד,nmpr,pers,A:person-candidate,Other Tanakh
388805,1435698,509505,Nehemia,10,16,בבי,nmpr,pers,A:person-candidate,Other Tanakh
388806,1435699,509506,Nehemia,10,17,אדניה,nmpr,pers,A:person-candidate,Other Tanakh
388807,1435699,509506,Nehemia,10,17,בגוי,nmpr,pers,A:person-candidate,Other Tanakh
388808,1435699,509506,Nehemia,10,17,עדין,nmpr,pers,A:person-candidate,Other Tanakh
388809,1435700,509507,Nehemia,10,18,אטר,nmpr,pers,A:person-candidate,Other Tanakh
388810,1435700,509507,Nehemia,10,18,חזקיה,nmpr,pers,A:person-candidate,Other Tanakh
388811,1435700,509507,Nehemia,10,18,עזור,nmpr,pers,A:person-candidate,Other Tanakh
388812,1435701,509508,Nehemia,10,19,הודיה,nmpr,pers,A:person-candidate,Other Tanakh
388813,1435701,509508,Nehemia,10,19,חשם,nmpr,pers,A:person-candidate,Other Tanakh
388814,1435701,509508,Nehemia,10,19,בצי,nmpr,pers,A:person-candidate,Other Tanakh
388815,1435702,509509,Nehemia,10,20,חריף,nmpr,pers,A:person-candidate,Other Tanakh
388816,1435702,509509,Nehemia,10,20,ענתות,nmpr,pers,A:person-candidate,Other Tanakh
388817,1435702,509509,Nehemia,10,20,ניבי,nmpr,pers,A:person-candidate,Other Tanakh
388818,1435703,509510,Nehemia,10,21,מגפיעש,nmpr,pers,A:person-candidate,Other Tanakh
388819,1435703,509510,Nehemia,10,21,משלם,nmpr,pers,A:person-candidate,Other Tanakh
388820,1435703,509510,Nehemia,10,21,חזיר,nmpr,pers,A:person-candidate,Other Tanakh
388821,1435704,509511,Nehemia,10,22,משיזבאל,nmpr,pers,A:person-candidate,Other Tanakh
388822,1435704,509511,Nehemia,10,22,צדוק,nmpr,pers,A:person-candidate,Other Tanakh
388823,1435704,509511,Nehemia,10,22,ידוע,nmpr,pers,A:person-candidate,Other Tanakh
388824,1435705,509512,Nehemia,10,23,פלטיה,nmpr,pers,A:person-candidate,Other Tanakh
388825,1435705,509512,Nehemia,10,23,חנן,nmpr,pers,A:person-candidate,Other Tanakh
388826,1435705,509512,Nehemia,10,23,עניה,nmpr,pers,A:person-candidate,Other Tanakh
388827,1435706,509513,Nehemia,10,24,הושע,nmpr,pers,A:person-candidate,Other Tanakh
388828,1435706,509513,Nehemia,10,24,חנניה,nmpr,pers,A:person-candidate,Other Tanakh
388829,1435706,509513,Nehemia,10,24,חשוב,nmpr,pers,A:person-candidate,Other Tanakh
388831,1435707,509514,Nehemia,10,25,לוחש,nmpr,pers,A:person-candidate,Other Tanakh
388832,1435707,509514,Nehemia,10,25,פלחא,nmpr,pers,A:person-candidate,Other Tanakh
388833,1435707,509514,Nehemia,10,25,שובק,nmpr,pers,A:person-candidate,Other Tanakh
388834,1435708,509515,Nehemia,10,26,רחום,nmpr,pers,A:person-candidate,Other Tanakh
388835,1435708,509515,Nehemia,10,26,חשבנה,nmpr,pers,A:person-candidate,Other Tanakh
388836,1435708,509515,Nehemia,10,26,מעשיה,nmpr,pers,A:person-candidate,Other Tanakh
388838,1435709,509516,Nehemia,10,27,אחיה,nmpr,pers,A:person-candidate,Other Tanakh
388839,1435709,509516,Nehemia,10,27,חנן,nmpr,pers,A:person-candidate,Other Tanakh
388840,1435709,509516,Nehemia,10,27,ענן,nmpr,pers,A:person-candidate,Other Tanakh
388841,1435710,509517,Nehemia,10,28,מלוך,nmpr,pers,A:person-candidate,Other Tanakh
388842,1435710,509517,Nehemia,10,28,חרם,nmpr,pers,A:person-candidate,Other Tanakh
388843,1435710,509517,Nehemia,10,28,בענה,nmpr,pers,A:person-candidate,Other Tanakh
388866,1435711,509519,Nehemia,10,29,אל,prep,,C:divine-title-candidate,Other Tanakh
388869,1435711,509519,Nehemia,10,29,אלהים,subs,,D:Elohim,Other Tanakh
388893,1435712,509524,Nehemia,10,30,אלהים,subs,,D:Elohim,Other Tanakh
388898,1435712,509525,Nehemia,10,30,משה,nmpr,pers,A:person-candidate,Other Tanakh
388901,1435712,509525,Nehemia,10,30,אלהים,subs,,D:Elohim,Other Tanakh
388911,1435712,509527,Nehemia,10,30,יהוה,nmpr,pers,E:YHWH,Other Tanakh
388988,1435715,509536,Nehemia,10,33,אלהים,subs,,D:Elohim,Other Tanakh
389020,1435716,509538,Nehemia,10,34,ישראל,nmpr,"pers,gens,topo",F:unclassified-name,Other Tanakh
389025,1435716,509537,Nehemia,10,34,אלהים,subs,,D:Elohim,Other Tanakh
389045,1435717,509541,Nehemia,10,35,אלהים,subs,,D:Elohim,Other Tanakh
389059,1435717,509542,Nehemia,10,35,יהוה,nmpr,pers,E:YHWH,Other Tanakh
389060,1435717,509542,Nehemia,10,35,אלהים,subs,,D:Elohim,Other Tanakh
389084,1435718,509544,Nehemia,10,36,יהוה,nmpr,pers,E:YHWH,Other Tanakh
389107,1435719,509547,Nehemia,10,37,אלהים,subs,,D:Elohim,Other Tanakh
389115,1435719,509548,Nehemia,10,37,אלהים,subs,,D:Elohim,Other Tanakh
389133,1435720,509549,Nehemia,10,38,אל,prep,,C:divine-title-candidate,Other Tanakh
389136,1435720,509549,Nehemia,10,38,אלהים,subs,,D:Elohim,Other Tanakh
389158,1435721,509553,Nehemia,10,39,אהרן,nmpr,pers,A:person-candidate,Other Tanakh
389176,1435721,509555,Nehemia,10,39,אלהים,subs,,D:Elohim,Other Tanakh
389177,1435721,509555,Nehemia,10,39,אל,prep,,C:divine-title-candidate,Other Tanakh
389185,1435722,509556,Nehemia,10,40,אל,prep,,C:divine-title-candidate,Other Tanakh
389190,1435722,509556,Nehemia,10,40,ישראל,nmpr,"pers,gens,topo",F:unclassified-name,Other Tanakh
389225,1435722,509559,Nehemia,10,40,אלהים,subs,,D:Elohim,Other Tanakh
389232,1435723,509560,Nehemia,11,1,ירושלם,nmpr,topo,F:unclassified-name,Other Tanakh
389248,1435723,509563,Nehemia,11,1,ירושלם,nmpr,topo,F:unclassified-name,Other Tanakh
389272,1435724,509567,Nehemia,11,2,ירושלם,nmpr,topo,F:unclassified-name,Other Tanakh
389281,1435725,509569,Nehemia,11,3,ירושלם,nmpr,topo,F:unclassified-name,Other Tanakh
389285,1435725,509570,Nehemia,11,3,יהודה,nmpr,"pers,gens,topo",F:unclassified-name,Other Tanakh
389292,1435725,509570,Nehemia,11,3,ישראל,nmpr,"pers,gens,topo",F:unclassified-name,Other Tanakh
389304,1435725,509570,Nehemia,11,3,שלמה,nmpr,pers,A:person-candidate,Other Tanakh
389307,1435726,509572,Nehemia,11,4,ירושלם,nmpr,topo,F:unclassified-name,Other Tanakh
389311,1435726,509572,Nehemia,11,4,יהודה,nmpr,"pers,gens,topo",F:unclassified-name,Other Tanakh
389315,1435726,509572,Nehemia,11,4,בנימן,nmpr,"pers,gens,topo",F:unclassified-name,Other Tanakh
389318,1435726,509573,Nehemia,11,4,יהודה,nmpr,"pers,gens,topo",F:unclassified-name,Other Tanakh
389319,1435726,509574,Nehemia,11,4,עתיה,nmpr,pers,A:person-candidate,Other Tanakh
389321,1435726,509574,Nehemia,11,4,עזיה,nmpr,pers,A:person-candidate,Other Tanakh
389323,1435726,509574,Nehemia,11,4,זכריה,nmpr,pers,A:person-candidate,Other Tanakh
389325,1435726,509574,Nehemia,11,4,אמריה,nmpr,pers,A:person-candidate,Other Tanakh
389327,1435726,509574,Nehemia,11,4,שפטיה,nmpr,pers,A:person-candidate,Other Tanakh
389329,1435726,509574,Nehemia,11,4,מהללאל,nmpr,pers,A:person-candidate,Other Tanakh
389332,1435726,509574,Nehemia,11,4,פרץ,nmpr,pers,A:person-candidate,Other Tanakh
389334,1435727,509575,Nehemia,11,5,מעשיה,nmpr,pers,A:person-candidate,Other Tanakh
389336,1435727,509575,Nehemia,11,5,ברוך,nmpr,pers,A:person-candidate,Other Tanakh
389338,1435727,509575,Nehemia,11,5,כל חזה,nmpr,pers,A:person-candidate,Other Tanakh
389340,1435727,509575,Nehemia,11,5,חזיה,nmpr,pers,A:person-candidate,Other Tanakh
389342,1435727,509575,Nehemia,11,5,עדיה,nmpr,pers,A:person-candidate,Other Tanakh
389344,1435727,509575,Nehemia,11,5,יויריב,nmpr,pers,A:person-candidate,Other Tanakh
389346,1435727,509575,Nehemia,11,5,זכריה,nmpr,pers,A:person-candidate,Other Tanakh
389352,1435728,509576,Nehemia,11,6,פרץ,nmpr,pers,A:person-candidate,Other Tanakh
389356,1435728,509577,Nehemia,11,6,ירושלם,nmpr,topo,F:unclassified-name,Other Tanakh
389367,1435729,509578,Nehemia,11,7,בנימן,nmpr,"pers,gens,topo",F:unclassified-name,Other Tanakh
389368,1435729,509579,Nehemia,11,7,סלוא,nmpr,pers,A:person-candidate,Other Tanakh
389370,1435729,509579,Nehemia,11,7,משלם,nmpr,pers,A:person-candidate,Other Tanakh
389372,1435729,509579,Nehemia,11,7,יועד,nmpr,pers,A:person-candidate,Other Tanakh
389374,1435729,509579,Nehemia,11,7,פדיה,nmpr,pers,A:person-candidate,Other Tanakh
389376,1435729,509579,Nehemia,11,7,קוליה,nmpr,pers,A:person-candidate,Other Tanakh
389378,1435729,509579,Nehemia,11,7,מעשיה,nmpr,pers,A:person-candidate,Other Tanakh
389380,1435729,509579,Nehemia,11,7,איתיאל,nmpr,pers,A:person-candidate,Other Tanakh
389382,1435729,509579,Nehemia,11,7,ישעיה,nmpr,pers,A:person-candidate,Other Tanakh
389385,1435730,509580,Nehemia,11,8,גבי,nmpr,pers,A:person-candidate,Other Tanakh
389386,1435730,509580,Nehemia,11,8,סלי,nmpr,pers,A:person-candidate,Other Tanakh
389393,1435731,509582,Nehemia,11,9,יואל,nmpr,pers,A:person-candidate,Other Tanakh
389395,1435731,509582,Nehemia,11,9,זכרי,nmpr,pers,A:person-candidate,Other Tanakh
389399,1435731,509583,Nehemia,11,9,יהודה,nmpr,"pers,gens,topo",F:unclassified-name,Other Tanakh
389402,1435731,509583,Nehemia,11,9,סנואה,nmpr,pers,A:person-candidate,Other Tanakh
389410,1435732,509585,Nehemia,11,10,ידעיה,nmpr,pers,A:person-candidate,Other Tanakh
389412,1435732,509585,Nehemia,11,10,יויריב,nmpr,pers,A:person-candidate,Other Tanakh
389413,1435732,509585,Nehemia,11,10,יכין,nmpr,pers,A:person-candidate,Other Tanakh
389414,1435733,509586,Nehemia,11,11,שריה,nmpr,pers,A:person-candidate,Other Tanakh
389416,1435733,509586,Nehemia,11,11,חלקיה,nmpr,pers,A:person-candidate,Other Tanakh
389418,1435733,509586,Nehemia,11,11,משלם,nmpr,pers,A:person-candidate,Other Tanakh
389420,1435733,509586,Nehemia,11,11,צדוק,nmpr,pers,A:person-candidate,Other Tanakh
389422,1435733,509586,Nehemia,11,11,מריות,nmpr,pers,A:person-candidate,Other Tanakh
389424,1435733,509586,Nehemia,11,11,אחיטוב,nmpr,pers,A:person-candidate,Other Tanakh
389428,1435733,509586,Nehemia,11,11,אלהים,subs,,D:Elohim,Other Tanakh
389443,1435734,509589,Nehemia,11,12,עדיה,nmpr,pers,A:person-candidate,Other Tanakh
389445,1435734,509589,Nehemia,11,12,ירחם,nmpr,pers,A:person-candidate,Other Tanakh
389447,1435734,509589,Nehemia,11,12,פלליה,nmpr,pers,A:person-candidate,Other Tanakh
389449,1435734,509589,Nehemia,11,12,אמצי,nmpr,pers,A:person-candidate,Other Tanakh
389451,1435734,509589,Nehemia,11,12,זכריה,nmpr,pers,A:person-candidate,Other Tanakh
389453,1435734,509589,Nehemia,11,12,פשחור,nmpr,pers,A:person-candidate,Other Tanakh
389455,1435734,509589,Nehemia,11,12,מלכיה,nmpr,pers,A:person-candidate,Other Tanakh
389466,1435735,509592,Nehemia,11,13,עמשסי,nmpr,pers,A:person-candidate,Other Tanakh
389468,1435735,509592,Nehemia,11,13,עזראל,nmpr,pers,A:person-candidate,Other Tanakh
389470,1435735,509592,Nehemia,11,13,אחזי,nmpr,pers,A:person-candidate,Other Tanakh
389472,1435735,509592,Nehemia,11,13,משלמות,nmpr,pers,A:person-candidate,Other Tanakh
389474,1435735,509592,Nehemia,11,13,אמר,nmpr,pers,A:person-candidate,Other Tanakh
389486,1435736,509595,Nehemia,11,14,זבדיאל,nmpr,pers,A:person-candidate,Other Tanakh
389494,1435737,509597,Nehemia,11,15,שמעיה,nmpr,pers,A:person-candidate,Other Tanakh
389496,1435737,509597,Nehemia,11,15,חשוב,nmpr,pers,A:person-candidate,Other Tanakh
389498,1435737,509597,Nehemia,11,15,עזריקם,nmpr,pers,A:person-candidate,Other Tanakh
389500,1435737,509597,Nehemia,11,15,חשביה,nmpr,pers,A:person-candidate,Other Tanakh
389502,1435737,509597,Nehemia,11,15,בוני,nmpr,pers,A:person-candidate,Other Tanakh
389504,1435738,509598,Nehemia,11,16,שבתי,nmpr,pers,A:person-candidate,Other Tanakh
389506,1435738,509598,Nehemia,11,16,יוזבד,nmpr,pers,A:person-candidate,Other Tanakh
389515,1435738,509599,Nehemia,11,16,אלהים,subs,,D:Elohim,Other Tanakh
389521,1435739,509600,Nehemia,11,17,מתניה,nmpr,pers,A:person-candidate,Other Tanakh
389523,1435739,509600,Nehemia,11,17,מיכה,nmpr,pers,A:person-candidate,Other Tanakh
389525,1435739,509600,Nehemia,11,17,זבדי,nmpr,pers,A:person-candidate,Other Tanakh
389527,1435739,509600,Nehemia,11,17,אסף,nmpr,pers,A:person-candidate,Other Tanakh
389536,1435739,509600,Nehemia,11,17,בקבקיה,nmpr,pers,A:person-candidate,Other Tanakh
389541,1435739,509600,Nehemia,11,17,עבדא,nmpr,pers,A:person-candidate,Other Tanakh
389543,1435739,509600,Nehemia,11,17,שמוע,nmpr,pers,A:person-candidate,Other Tanakh
389545,1435739,509600,Nehemia,11,17,גלל,nmpr,pers,A:person-candidate,Other Tanakh
389547,1435739,509600,Nehemia,11,17,ידותון,nmpr,pers,A:person-candidate,Other Tanakh
389562,1435741,509604,Nehemia,11,19,עקוב,nmpr,pers,A:person-candidate,Other Tanakh
389563,1435741,509604,Nehemia,11,19,טלמון,nmpr,pers,A:person-candidate,Other Tanakh
389577,1435742,509606,Nehemia,11,20,ישראל,nmpr,"pers,gens,topo",F:unclassified-name,Other Tanakh
389585,1435742,509606,Nehemia,11,20,יהודה,nmpr,"pers,gens,topo",F:unclassified-name,Other Tanakh
389595,1435743,509608,Nehemia,11,21,עפל,nmpr,topo,F:unclassified-name,Other Tanakh
389597,1435743,509609,Nehemia,11,21,ציחא,nmpr,pers,A:person-candidate,Other Tanakh
389599,1435743,509609,Nehemia,11,21,גשפא,nmpr,pers,A:person-candidate,Other Tanakh
389608,1435744,509610,Nehemia,11,22,ירושלם,nmpr,topo,F:unclassified-name,Other Tanakh
389609,1435744,509610,Nehemia,11,22,עזי,nmpr,pers,A:person-candidate,Other Tanakh
389611,1435744,509610,Nehemia,11,22,בני,nmpr,pers,A:person-candidate,Other Tanakh
389613,1435744,509610,Nehemia,11,22,חשביה,nmpr,pers,A:person-candidate,Other Tanakh
389615,1435744,509610,Nehemia,11,22,מתניה,nmpr,pers,A:person-candidate,Other Tanakh
389617,1435744,509610,Nehemia,11,22,מיכא,nmpr,pers,A:person-candidate,Other Tanakh
389620,1435744,509611,Nehemia,11,22,אסף,nmpr,pers,A:person-candidate,Other Tanakh
389628,1435744,509610,Nehemia,11,22,אלהים,subs,,D:Elohim,Other Tanakh
389632,1435745,509612,Nehemia,11,23,מלך,subs,,B:deity-candidate,Other Tanakh
389644,1435746,509614,Nehemia,11,24,פתחיה,nmpr,pers,A:person-candidate,Other Tanakh
389646,1435746,509614,Nehemia,11,24,משיזבאל,nmpr,pers,A:person-candidate,Other Tanakh
389649,1435746,509614,Nehemia,11,24,זרח,nmpr,pers,A:person-candidate,Other Tanakh
389651,1435746,509614,Nehemia,11,24,יהודה,nmpr,"pers,gens,topo",F:unclassified-name,Other Tanakh
389655,1435746,509614,Nehemia,11,24,מלך,subs,,B:deity-candidate,Other Tanakh
389663,1435747,509615,Nehemia,11,25,אל,prep,,C:divine-title-candidate,Other Tanakh
389670,1435747,509616,Nehemia,11,25,יהודה,nmpr,"pers,gens,topo",F:unclassified-name,Other Tanakh
389673,1435747,509616,Nehemia,11,25,קרית ארבע,nmpr,topo,F:unclassified-name,Other Tanakh
389678,1435747,509616,Nehemia,11,25,דיבן,nmpr,topo,F:unclassified-name,Other Tanakh
389683,1435747,509616,Nehemia,11,25,יקבצאל,nmpr,topo,F:unclassified-name,Other Tanakh
389688,1435748,509617,Nehemia,11,26,ישוע,nmpr,topo,F:unclassified-name,Other Tanakh
389691,1435748,509617,Nehemia,11,26,מולדה,nmpr,topo,F:unclassified-name,Other Tanakh
389694,1435748,509617,Nehemia,11,26,בית פלט,nmpr,topo,F:unclassified-name,Other Tanakh
389697,1435749,509618,Nehemia,11,27,חצר שועל,nmpr,topo,F:unclassified-name,Other Tanakh
389701,1435749,509618,Nehemia,11,27,שבע,nmpr,topo,F:unclassified-name,Other Tanakh
389706,1435750,509619,Nehemia,11,28,צקלג,nmpr,topo,F:unclassified-name,Other Tanakh
389709,1435750,509619,Nehemia,11,28,מכנה,nmpr,topo,F:unclassified-name,Other Tanakh
389715,1435751,509620,Nehemia,11,29,עין רמון,nmpr,topo,F:unclassified-name,Other Tanakh
389718,1435751,509620,Nehemia,11,29,צרעה,nmpr,topo,F:unclassified-name,Other Tanakh
389721,1435751,509620,Nehemia,11,29,ירמות,nmpr,topo,F:unclassified-name,Other Tanakh
389722,1435752,509621,Nehemia,11,30,זנוח,nmpr,topo,F:unclassified-name,Other Tanakh
389723,1435752,509621,Nehemia,11,30,עדלם,nmpr,topo,F:unclassified-name,Other Tanakh
389726,1435752,509622,Nehemia,11,30,לכיש,nmpr,topo,F:unclassified-name,Other Tanakh
389729,1435752,509623,Nehemia,11,30,עזקה,nmpr,topo,F:unclassified-name,Other Tanakh
389736,1435752,509624,Nehemia,11,30,שבע,nmpr,topo,F:unclassified-name,Other Tanakh
389739,1435752,509624,Nehemia,11,30,הנם,nmpr,pers,A:person-candidate,Other Tanakh
389742,1435753,509625,Nehemia,11,31,בנימן,nmpr,"pers,gens,topo",F:unclassified-name,Other Tanakh
389744,1435753,509625,Nehemia,11,31,גבע,nmpr,topo,F:unclassified-name,Other Tanakh
389745,1435753,509625,Nehemia,11,31,מכמש,nmpr,topo,F:unclassified-name,Other Tanakh
389747,1435753,509625,Nehemia,11,31,עיה,nmpr,topo,F:unclassified-name,Other Tanakh
389749,1435753,509625,Nehemia,11,31,בית אל,nmpr,topo,F:unclassified-name,Other Tanakh
389752,1435754,509626,Nehemia,11,32,ענתות,nmpr,topo,F:unclassified-name,Other Tanakh
389753,1435754,509626,Nehemia,11,32,נב,nmpr,topo,F:unclassified-name,Other Tanakh
389754,1435754,509626,Nehemia,11,32,ענניה,nmpr,topo,F:unclassified-name,Other Tanakh
389755,1435755,509627,Nehemia,11,33,חצור,nmpr,topo,F:unclassified-name,Other Tanakh
389756,1435755,509627,Nehemia,11,33,רמה,nmpr,topo,F:unclassified-name,Other Tanakh
389757,1435755,509627,Nehemia,11,33,גתים,nmpr,topo,F:unclassified-name,Other Tanakh
389758,1435756,509628,Nehemia,11,34,חדיד,nmpr,topo,F:unclassified-name,Other Tanakh
389759,1435756,509628,Nehemia,11,34,צבעים,nmpr,topo,F:unclassified-name,Other Tanakh
389760,1435756,509628,Nehemia,11,34,נבלט,nmpr,topo,F:unclassified-name,Other Tanakh
389761,1435757,509629,Nehemia,11,35,לד,nmpr,topo,F:unclassified-name,Other Tanakh
389763,1435757,509629,Nehemia,11,35,אונו,nmpr,topo,F:unclassified-name,Other Tanakh
389772,1435758,509630,Nehemia,11,36,יהודה,nmpr,"pers,gens,topo",F:unclassified-name,Other Tanakh
389774,1435758,509630,Nehemia,11,36,בנימן,nmpr,"pers,gens,topo",F:unclassified-name,Other Tanakh
389785,1435759,509632,Nehemia,12,1,זרבבל,nmpr,pers,A:person-candidate,Other Tanakh
389787,1435759,509632,Nehemia,12,1,שאלתיאל,nmpr,pers,A:person-candidate,Other Tanakh
389789,1435759,509632,Nehemia,12,1,ישוע,nmpr,pers,A:person-candidate,Other Tanakh
389790,1435759,509633,Nehemia,12,1,שריה,nmpr,pers,A:person-candidate,Other Tanakh
389791,1435759,509633,Nehemia,12,1,ירמיה,nmpr,pers,A:person-candidate,Other Tanakh
389792,1435759,509633,Nehemia,12,1,עזרא,nmpr,pers,A:person-candidate,Other Tanakh
389793,1435760,509634,Nehemia,12,2,אמריה,nmpr,pers,A:person-candidate,Other Tanakh
389794,1435760,509634,Nehemia,12,2,מלוך,nmpr,pers,A:person-candidate,Other Tanakh
389795,1435760,509634,Nehemia,12,2,חטוש,nmpr,pers,A:person-candidate,Other Tanakh
389796,1435761,509635,Nehemia,12,3,שכניה,nmpr,pers,A:person-candidate,Other Tanakh
389797,1435761,509635,Nehemia,12,3,רחום,nmpr,pers,A:person-candidate,Other Tanakh
389798,1435761,509635,Nehemia,12,3,מרמות,nmpr,pers,A:person-candidate,Other Tanakh
389799,1435762,509636,Nehemia,12,4,עדוא,nmpr,pers,A:person-candidate,Other Tanakh
389800,1435762,509636,Nehemia,12,4,גנתוי,nmpr,pers,A:person-candidate,Other Tanakh
389801,1435762,509636,Nehemia,12,4,אביה,nmpr,pers,A:person-candidate,Other Tanakh
389802,1435763,509637,Nehemia,12,5,מימן,nmpr,pers,A:person-candidate,Other Tanakh
389803,1435763,509637,Nehemia,12,5,מעדיה,nmpr,pers,A:person-candidate,Other Tanakh
389804,1435763,509637,Nehemia,12,5,בלגה,nmpr,pers,A:person-candidate,Other Tanakh
389805,1435764,509638,Nehemia,12,6,שמעיה,nmpr,pers,A:person-candidate,Other Tanakh
389807,1435764,509638,Nehemia,12,6,יויריב,nmpr,pers,A:person-candidate,Other Tanakh
389808,1435764,509638,Nehemia,12,6,ידעיה,nmpr,pers,A:person-candidate,Other Tanakh
389809,1435765,509639,Nehemia,12,7,סלי,nmpr,pers,A:person-candidate,Other Tanakh
389810,1435765,509639,Nehemia,12,7,עמוק,nmpr,pers,A:person-candidate,Other Tanakh
389811,1435765,509639,Nehemia,12,7,חלקיה,nmpr,pers,A:person-candidate,Other Tanakh
389812,1435765,509639,Nehemia,12,7,ידעיה,nmpr,pers,A:person-candidate,Other Tanakh
389821,1435765,509640,Nehemia,12,7,ישוע,nmpr,pers,A:person-candidate,Other Tanakh
389825,1435766,509641,Nehemia,12,8,ישוע,nmpr,pers,A:person-candidate,Other Tanakh
389826,1435766,509641,Nehemia,12,8,בנוי,nmpr,pers,A:person-candidate,Other Tanakh
389827,1435766,509641,Nehemia,12,8,קדמיאל,nmpr,pers,A:person-candidate,Other Tanakh
389828,1435766,509641,Nehemia,12,8,שרביה,nmpr,pers,A:person-candidate,Other Tanakh
389829,1435766,509641,Nehemia,12,8,יהודה,nmpr,"pers,gens,topo",F:unclassified-name,Other Tanakh
389830,1435766,509641,Nehemia,12,8,מתניה,nmpr,pers,A:person-candidate,Other Tanakh
389837,1435767,509643,Nehemia,12,9,בקבקיה,nmpr,pers,A:person-candidate,Other Tanakh
389839,1435767,509643,Nehemia,12,9,עני,nmpr,pers,A:person-candidate,Other Tanakh
389846,1435768,509644,Nehemia,12,10,ישוע,nmpr,pers,A:person-candidate,Other Tanakh
389849,1435768,509644,Nehemia,12,10,יויקים,nmpr,pers,A:person-candidate,Other Tanakh
389851,1435768,509645,Nehemia,12,10,יויקים,nmpr,pers,A:person-candidate,Other Tanakh
389854,1435768,509645,Nehemia,12,10,אלישיב,nmpr,pers,A:person-candidate,Other Tanakh
389856,1435768,509646,Nehemia,12,10,אלישיב,nmpr,pers,A:person-candidate,Other Tanakh
389858,1435768,509646,Nehemia,12,10,יוידע,nmpr,pers,A:person-candidate,Other Tanakh
389860,1435769,509647,Nehemia,12,11,יוידע,nmpr,pers,A:person-candidate,Other Tanakh
389863,1435769,509647,Nehemia,12,11,יונתן,nmpr,pers,A:person-candidate,Other Tanakh
389865,1435769,509648,Nehemia,12,11,יונתן,nmpr,pers,A:person-candidate,Other Tanakh
389868,1435769,509648,Nehemia,12,11,ידוע,nmpr,pers,A:person-candidate,Other Tanakh
389872,1435770,509649,Nehemia,12,12,יויקים,nmpr,pers,A:person-candidate,Other Tanakh
389879,1435770,509650,Nehemia,12,12,שריה,nmpr,pers,A:person-candidate,Other Tanakh
389880,1435770,509650,Nehemia,12,12,מריה,nmpr,pers,A:person-candidate,Other Tanakh
389882,1435770,509651,Nehemia,12,12,ירמיה,nmpr,pers,A:person-candidate,Other Tanakh
389883,1435770,509651,Nehemia,12,12,חנניה,nmpr,pers,A:person-candidate,Other Tanakh
389885,1435771,509652,Nehemia,12,13,עזרא,nmpr,pers,A:person-candidate,Other Tanakh
389886,1435771,509652,Nehemia,12,13,משלם,nmpr,pers,A:person-candidate,Other Tanakh
389888,1435771,509653,Nehemia,12,13,אמריה,nmpr,pers,A:person-candidate,Other Tanakh
389889,1435771,509653,Nehemia,12,13,יהוחנן,nmpr,pers,A:person-candidate,Other Tanakh
389891,1435772,509654,Nehemia,12,14,מליכו,nmpr,pers,A:person-candidate,Other Tanakh
389892,1435772,509654,Nehemia,12,14,יונתן,nmpr,pers,A:person-candidate,Other Tanakh
389894,1435772,509655,Nehemia,12,14,שבניה,nmpr,pers,A:person-candidate,Other Tanakh
389895,1435772,509655,Nehemia,12,14,יוסף,nmpr,pers,A:person-candidate,Other Tanakh
389897,1435773,509656,Nehemia,12,15,חרם,nmpr,pers,A:person-candidate,Other Tanakh
389898,1435773,509656,Nehemia,12,15,עדנא,nmpr,pers,A:person-candidate,Other Tanakh
389900,1435773,509657,Nehemia,12,15,מריות,nmpr,pers,A:person-candidate,Other Tanakh
389901,1435773,509657,Nehemia,12,15,חלקי,nmpr,pers,A:person-candidate,Other Tanakh
389903,1435774,509658,Nehemia,12,16,עדוא,nmpr,pers,A:person-candidate,Other Tanakh
389904,1435774,509658,Nehemia,12,16,זכריה,nmpr,pers,A:person-candidate,Other Tanakh
389906,1435774,509659,Nehemia,12,16,גנתון,nmpr,pers,A:person-candidate,Other Tanakh
389907,1435774,509659,Nehemia,12,16,משלם,nmpr,pers,A:person-candidate,Other Tanakh
389909,1435775,509660,Nehemia,12,17,אביה,nmpr,pers,A:person-candidate,Other Tanakh
389910,1435775,509660,Nehemia,12,17,זכרי,nmpr,pers,A:person-candidate,Other Tanakh
389912,1435775,509661,Nehemia,12,17,מנימין,nmpr,pers,A:person-candidate,Other Tanakh
389914,1435775,509662,Nehemia,12,17,מועדיה,nmpr,pers,A:person-candidate,Other Tanakh
389915,1435775,509662,Nehemia,12,17,פלטי,nmpr,pers,A:person-candidate,Other Tanakh
389917,1435776,509663,Nehemia,12,18,בלגה,nmpr,pers,A:person-candidate,Other Tanakh
389918,1435776,509663,Nehemia,12,18,שמוע,nmpr,pers,A:person-candidate,Other Tanakh
389920,1435776,509664,Nehemia,12,18,שמעיה,nmpr,pers,A:person-candidate,Other Tanakh
389921,1435776,509664,Nehemia,12,18,יהונתן,nmpr,pers,A:person-candidate,Other Tanakh
389924,1435777,509665,Nehemia,12,19,יויריב,nmpr,pers,A:person-candidate,Other Tanakh
389925,1435777,509665,Nehemia,12,19,מתני,nmpr,pers,A:person-candidate,Other Tanakh
389927,1435777,509666,Nehemia,12,19,ידעיה,nmpr,pers,A:person-candidate,Other Tanakh
389928,1435777,509666,Nehemia,12,19,עזי,nmpr,pers,A:person-candidate,Other Tanakh
389930,1435778,509667,Nehemia,12,20,סלי,nmpr,pers,A:person-candidate,Other Tanakh
389931,1435778,509667,Nehemia,12,20,קלי,nmpr,pers,A:person-candidate,Other Tanakh
389933,1435778,509668,Nehemia,12,20,עמוק,nmpr,pers,A:person-candidate,Other Tanakh
389934,1435778,509668,Nehemia,12,20,עבר,nmpr,pers,A:person-candidate,Other Tanakh
389936,1435779,509669,Nehemia,12,21,חלקיה,nmpr,pers,A:person-candidate,Other Tanakh
389937,1435779,509669,Nehemia,12,21,חשביה,nmpr,pers,A:person-candidate,Other Tanakh
389939,1435779,509670,Nehemia,12,21,ידעיה,nmpr,pers,A:person-candidate,Other Tanakh
389940,1435779,509670,Nehemia,12,21,נתנאל,nmpr,pers,A:person-candidate,Other Tanakh
389945,1435780,509672,Nehemia,12,22,אלישיב,nmpr,pers,A:person-candidate,Other Tanakh
389946,1435780,509672,Nehemia,12,22,יוידע,nmpr,pers,A:person-candidate,Other Tanakh
389948,1435780,509672,Nehemia,12,22,יוחנן,nmpr,pers,A:person-candidate,Other Tanakh
389950,1435780,509672,Nehemia,12,22,ידוע,nmpr,pers,A:person-candidate,Other Tanakh
389959,1435780,509673,Nehemia,12,22,דריוש,nmpr,pers,A:person-candidate,Other Tanakh
389963,1435781,509674,Nehemia,12,23,לוי,nmpr,"pers,gens",F:unclassified-name,Other Tanakh
389976,1435781,509676,Nehemia,12,23,יוחנן,nmpr,pers,A:person-candidate,Other Tanakh
389978,1435781,509676,Nehemia,12,23,אלישיב,nmpr,pers,A:person-candidate,Other Tanakh
389983,1435782,509677,Nehemia,12,24,חשביה,nmpr,pers,A:person-candidate,Other Tanakh
389984,1435782,509677,Nehemia,12,24,שרביה,nmpr,pers,A:person-candidate,Other Tanakh
389986,1435782,509677,Nehemia,12,24,ישוע,nmpr,pers,A:person-candidate,Other Tanakh
389988,1435782,509677,Nehemia,12,24,קדמיאל,nmpr,pers,A:person-candidate,Other Tanakh
389999,1435782,509678,Nehemia,12,24,דוד,nmpr,pers,A:person-candidate,Other Tanakh
390002,1435782,509678,Nehemia,12,24,אלהים,subs,,D:Elohim,Other Tanakh
390007,1435783,509681,Nehemia,12,25,מתניה,nmpr,pers,A:person-candidate,Other Tanakh
390009,1435783,509681,Nehemia,12,25,בקבקיה,nmpr,pers,A:person-candidate,Other Tanakh
390010,1435783,509681,Nehemia,12,25,עבדיה,nmpr,pers,A:person-candidate,Other Tanakh
390011,1435783,509681,Nehemia,12,25,משלם,nmpr,pers,A:person-candidate,Other Tanakh
390012,1435783,509681,Nehemia,12,25,טלמון,nmpr,pers,A:person-candidate,Other Tanakh
390013,1435783,509681,Nehemia,12,25,עקוב,nmpr,pers,A:person-candidate,Other Tanakh
390024,1435784,509682,Nehemia,12,26,יויקים,nmpr,pers,A:person-candidate,Other Tanakh
390026,1435784,509682,Nehemia,12,26,ישוע,nmpr,pers,A:person-candidate,Other Tanakh
390028,1435784,509682,Nehemia,12,26,יוצדק,nmpr,pers,A:person-candidate,Other Tanakh
390032,1435784,509682,Nehemia,12,26,נחמיה,nmpr,pers,A:person-candidate,Other Tanakh
390036,1435784,509682,Nehemia,12,26,עזרא,nmpr,pers,A:person-candidate,Other Tanakh
390045,1435785,509683,Nehemia,12,27,ירושלם,nmpr,topo,F:unclassified-name,Other Tanakh
390056,1435785,509684,Nehemia,12,27,ירושלם,nmpr,topo,F:unclassified-name,Other Tanakh
390083,1435786,509688,Nehemia,12,28,ירושלם,nmpr,topo,F:unclassified-name,Other Tanakh
390090,1435787,509690,Nehemia,12,29,בית הגלגל,nmpr,topo,F:unclassified-name,Other Tanakh
390094,1435787,509691,Nehemia,12,29,גבע,nmpr,topo,F:unclassified-name,Other Tanakh
390096,1435787,509691,Nehemia,12,29,עזמות,nmpr,pers,A:person-candidate,Other Tanakh
390104,1435787,509692,Nehemia,12,29,ירושלם,nmpr,topo,F:unclassified-name,Other Tanakh
390129,1435789,509695,Nehemia,12,31,יהודה,nmpr,"pers,gens,topo",F:unclassified-name,Other Tanakh
390157,1435790,509698,Nehemia,12,32,הושעיה,nmpr,pers,A:person-candidate,Other Tanakh
390161,1435790,509698,Nehemia,12,32,יהודה,nmpr,"pers,gens,topo",F:unclassified-name,Other Tanakh
390163,1435791,509699,Nehemia,12,33,עזריה,nmpr,pers,A:person-candidate,Other Tanakh
390164,1435791,509699,Nehemia,12,33,עזרא,nmpr,pers,A:person-candidate,Other Tanakh
390166,1435791,509699,Nehemia,12,33,משלם,nmpr,pers,A:person-candidate,Other Tanakh
390167,1435792,509700,Nehemia,12,34,יהודה,nmpr,"pers,gens,topo",F:unclassified-name,Other Tanakh
390169,1435792,509700,Nehemia,12,34,בנימן,nmpr,"pers,gens,topo",F:unclassified-name,Other Tanakh
390171,1435792,509700,Nehemia,12,34,שמעיה,nmpr,pers,A:person-candidate,Other Tanakh
390173,1435792,509700,Nehemia,12,34,ירמיה,nmpr,pers,A:person-candidate,Other Tanakh
390181,1435793,509701,Nehemia,12,35,זכריה,nmpr,pers,A:person-candidate,Other Tanakh
390183,1435793,509701,Nehemia,12,35,יונתן,nmpr,pers,A:person-candidate,Other Tanakh
390185,1435793,509701,Nehemia,12,35,שמעיה,nmpr,pers,A:person-candidate,Other Tanakh
390187,1435793,509701,Nehemia,12,35,מתניה,nmpr,pers,A:person-candidate,Other Tanakh
390189,1435793,509701,Nehemia,12,35,מיכיה,nmpr,pers,A:person-candidate,Other Tanakh
390191,1435793,509701,Nehemia,12,35,זכור,nmpr,gens,F:unclassified-name,Other Tanakh
390193,1435793,509701,Nehemia,12,35,אסף,nmpr,pers,A:person-candidate,Other Tanakh
390196,1435794,509702,Nehemia,12,36,שמעיה,nmpr,pers,A:person-candidate,Other Tanakh
390198,1435794,509702,Nehemia,12,36,עזראל,nmpr,pers,A:person-candidate,Other Tanakh
390199,1435794,509702,Nehemia,12,36,מללי,nmpr,pers,A:person-candidate,Other Tanakh
390200,1435794,509702,Nehemia,12,36,גללי,nmpr,pers,A:person-candidate,Other Tanakh
390201,1435794,509702,Nehemia,12,36,מעי,nmpr,pers,A:person-candidate,Other Tanakh
390202,1435794,509702,Nehemia,12,36,נתנאל,nmpr,pers,A:person-candidate,Other Tanakh
390204,1435794,509702,Nehemia,12,36,יהודה,nmpr,"pers,gens,topo",F:unclassified-name,Other Tanakh
390205,1435794,509702,Nehemia,12,36,חנני,nmpr,pers,A:person-candidate,Other Tanakh
390209,1435794,509702,Nehemia,12,36,דוד,nmpr,pers,A:person-candidate,Other Tanakh
390212,1435794,509702,Nehemia,12,36,אלהים,subs,,D:Elohim,Other Tanakh
390214,1435794,509703,Nehemia,12,36,עזרא,nmpr,pers,A:person-candidate,Other Tanakh
390230,1435795,509705,Nehemia,12,37,דוד,nmpr,pers,A:person-candidate,Other Tanakh
390241,1435795,509705,Nehemia,12,37,דוד,nmpr,pers,A:person-candidate,Other Tanakh
390286,1435797,509709,Nehemia,12,39,אפרים,nmpr,"pers,gens,topo",F:unclassified-name,Other Tanakh
390299,1435797,509709,Nehemia,12,39,חננאל,nmpr,topo,F:unclassified-name,Other Tanakh
390303,1435797,509709,Nehemia,12,39,מאה,nmpr,topo,F:unclassified-name,Other Tanakh
390323,1435798,509711,Nehemia,12,40,אלהים,subs,,D:Elohim,Other Tanakh
390334,1435799,509714,Nehemia,12,41,אליקים,nmpr,pers,A:person-candidate,Other Tanakh
390335,1435799,509714,Nehemia,12,41,מעשיה,nmpr,pers,A:person-candidate,Other Tanakh
390336,1435799,509714,Nehemia,12,41,מנימין,nmpr,pers,A:person-candidate,Other Tanakh
390337,1435799,509714,Nehemia,12,41,מיכיה,nmpr,pers,A:person-candidate,Other Tanakh
390338,1435799,509714,Nehemia,12,41,אליועיני,nmpr,pers,A:person-candidate,Other Tanakh
390339,1435799,509714,Nehemia,12,41,זכריה,nmpr,pers,A:person-candidate,Other Tanakh
390340,1435799,509714,Nehemia,12,41,חנניה,nmpr,pers,A:person-candidate,Other Tanakh
390344,1435800,509715,Nehemia,12,42,מעשיה,nmpr,pers,A:person-candidate,Other Tanakh
390346,1435800,509715,Nehemia,12,42,שמעיה,nmpr,pers,A:person-candidate,Other Tanakh
390348,1435800,509715,Nehemia,12,42,אלעזר,nmpr,pers,A:person-candidate,Other Tanakh
390350,1435800,509715,Nehemia,12,42,עזי,nmpr,pers,A:person-candidate,Other Tanakh
390352,1435800,509715,Nehemia,12,42,יהוחנן,nmpr,pers,A:person-candidate,Other Tanakh
390354,1435800,509715,Nehemia,12,42,מלכיה,nmpr,pers,A:person-candidate,Other Tanakh
390356,1435800,509715,Nehemia,12,42,עילם,nmpr,"pers,gens,topo",F:unclassified-name,Other Tanakh
390358,1435800,509715,Nehemia,12,42,עזר,nmpr,pers,A:person-candidate,Other Tanakh
390364,1435800,509716,Nehemia,12,42,יזרחיה,nmpr,pers,A:person-candidate,Other Tanakh
390380,1435801,509719,Nehemia,12,43,אלהים,subs,,D:Elohim,Other Tanakh
390395,1435801,509721,Nehemia,12,43,ירושלם,nmpr,topo,F:unclassified-name,Other Tanakh
390441,1435802,509724,Nehemia,12,44,יהודה,nmpr,"pers,gens,topo",F:unclassified-name,Other Tanakh
390454,1435803,509726,Nehemia,12,45,אלהים,subs,,D:Elohim,Other Tanakh
390467,1435803,509726,Nehemia,12,45,דוד,nmpr,pers,A:person-candidate,Other Tanakh
390468,1435803,509726,Nehemia,12,45,שלמה,nmpr,pers,A:person-candidate,Other Tanakh
390473,1435804,509728,Nehemia,12,46,דוד,nmpr,pers,A:person-candidate,Other Tanakh
390475,1435804,509728,Nehemia,12,46,אסף,nmpr,pers,A:person-candidate,Other Tanakh
390487,1435804,509728,Nehemia,12,46,אלהים,subs,,D:Elohim,Other Tanakh
390490,1435805,509729,Nehemia,12,47,ישראל,nmpr,"pers,gens,topo",F:unclassified-name,Other Tanakh
390493,1435805,509729,Nehemia,12,47,זרבבל,nmpr,pers,A:person-candidate,Other Tanakh
390497,1435805,509729,Nehemia,12,47,נחמיה,nmpr,pers,A:person-candidate,Other Tanakh
390520,1435805,509731,Nehemia,12,47,אהרן,nmpr,pers,A:person-candidate,Other Tanakh
390529,1435806,509732,Nehemia,13,1,משה,nmpr,pers,A:person-candidate,Other Tanakh
390547,1435806,509735,Nehemia,13,1,אלהים,subs,,D:Elohim,Other Tanakh
390555,1435807,509736,Nehemia,13,2,ישראל,nmpr,"pers,gens,topo",F:unclassified-name,Other Tanakh
390567,1435807,509737,Nehemia,13,2,בלעם,nmpr,pers,A:person-candidate,Other Tanakh
390572,1435807,509739,Nehemia,13,2,אלהים,subs,,D:Elohim,Other Tanakh
390589,1435808,509742,Nehemia,13,3,ישראל,nmpr,"pers,gens,topo",F:unclassified-name,Other Tanakh
390595,1435809,509743,Nehemia,13,4,אלישיב,nmpr,pers,A:person-candidate,Other Tanakh
390602,1435809,509744,Nehemia,13,4,אלהים,subs,,D:Elohim,Other Tanakh
390605,1435809,509745,Nehemia,13,4,טוביה,nmpr,pers,A:person-candidate,Other Tanakh
390654,1435811,509749,Nehemia,13,6,ירושלם,nmpr,topo,F:unclassified-name,Other Tanakh
390662,1435811,509750,Nehemia,13,6,ארתחשסתא,nmpr,pers,A:person-candidate,Other Tanakh
390663,1435811,509750,Nehemia,13,6,מלך,subs,,B:deity-candidate,Other Tanakh
390664,1435811,509750,Nehemia,13,6,בבל,nmpr,topo,F:unclassified-name,Other Tanakh
390666,1435811,509750,Nehemia,13,6,אל,prep,,C:divine-title-candidate,Other Tanakh
390668,1435811,509750,Nehemia,13,6,מלך,subs,,B:deity-candidate,Other Tanakh
390676,1435811,509751,Nehemia,13,6,מלך,subs,,B:deity-candidate,Other Tanakh
390680,1435812,509752,Nehemia,13,7,ירושלם,nmpr,topo,F:unclassified-name,Other Tanakh
390688,1435812,509754,Nehemia,13,7,אלישיב,nmpr,pers,A:person-candidate,Other Tanakh
390690,1435812,509754,Nehemia,13,7,טוביה,nmpr,pers,A:person-candidate,Other Tanakh
390699,1435812,509755,Nehemia,13,7,אלהים,subs,,D:Elohim,Other Tanakh
390710,1435813,509757,Nehemia,13,8,טוביה,nmpr,pers,A:person-candidate,Other Tanakh
390728,1435814,509760,Nehemia,13,9,אלהים,subs,,D:Elohim,Other Tanakh
390767,1435816,509768,Nehemia,13,11,אלהים,subs,,D:Elohim,Other Tanakh
390776,1435817,509771,Nehemia,13,12,יהודה,nmpr,"pers,gens,topo",F:unclassified-name,Other Tanakh
390794,1435818,509772,Nehemia,13,13,שלמיה,nmpr,pers,A:person-candidate,Other Tanakh
390798,1435818,509772,Nehemia,13,13,צדוק,nmpr,pers,A:person-candidate,Other Tanakh
390802,1435818,509772,Nehemia,13,13,פדיה,nmpr,pers,A:person-candidate,Other Tanakh
390809,1435818,509773,Nehemia,13,13,חנן,nmpr,pers,A:person-candidate,Other Tanakh
390811,1435818,509773,Nehemia,13,13,זכור,nmpr,gens,F:unclassified-name,Other Tanakh
390813,1435818,509773,Nehemia,13,13,מתניה,nmpr,pers,A:person-candidate,Other Tanakh
390825,1435819,509778,Nehemia,13,14,אלהים,subs,,D:Elohim,Other Tanakh
390829,1435819,509779,Nehemia,13,14,אל,nega,,C:divine-title-candidate,Other Tanakh
390836,1435819,509780,Nehemia,13,14,אלהים,subs,,D:Elohim,Other Tanakh
390847,1435820,509781,Nehemia,13,15,יהודה,nmpr,"pers,gens,topo",F:unclassified-name,Other Tanakh
390873,1435820,509786,Nehemia,13,15,ירושלם,nmpr,topo,F:unclassified-name,Other Tanakh
390901,1435821,509791,Nehemia,13,16,יהודה,nmpr,"pers,gens,topo",F:unclassified-name,Other Tanakh
390904,1435821,509792,Nehemia,13,16,ירושלם,nmpr,topo,F:unclassified-name,Other Tanakh
390909,1435822,509793,Nehemia,13,17,יהודה,nmpr,"pers,gens,topo",F:unclassified-name,Other Tanakh
390936,1435823,509799,Nehemia,13,18,אלהים,subs,,D:Elohim,Other Tanakh
390955,1435823,509800,Nehemia,13,18,ישראל,nmpr,"pers,gens,topo",F:unclassified-name,Other Tanakh
390967,1435824,509803,Nehemia,13,19,ירושלם,nmpr,topo,F:unclassified-name,Other Tanakh
391012,1435825,509810,Nehemia,13,20,ירושלם,nmpr,topo,F:unclassified-name,Other Tanakh
391021,1435826,509812,Nehemia,13,21,אל,prep,,C:divine-title-candidate,Other Tanakh
391066,1435827,509823,Nehemia,13,22,אלהים,subs,,D:Elohim,Other Tanakh
391119,1435830,509836,Nehemia,13,25,אלהים,subs,,D:Elohim,Other Tanakh
391139,1435831,509839,Nehemia,13,26,שלמה,nmpr,pers,A:person-candidate,Other Tanakh
391140,1435831,509839,Nehemia,13,26,מלך,subs,,B:deity-candidate,Other Tanakh
391141,1435831,509839,Nehemia,13,26,ישראל,nmpr,"pers,gens,topo",F:unclassified-name,Other Tanakh
391150,1435831,509840,Nehemia,13,26,מלך,subs,,B:deity-candidate,Other Tanakh
391155,1435831,509841,Nehemia,13,26,אלהים,subs,,D:Elohim,Other Tanakh
391159,1435831,509842,Nehemia,13,26,אלהים,subs,,D:Elohim,Other Tanakh
391160,1435831,509842,Nehemia,13,26,מלך,subs,,B:deity-candidate,Other Tanakh
391163,1435831,509842,Nehemia,13,26,ישראל,nmpr,"pers,gens,topo",F:unclassified-name,Other Tanakh
391188,1435832,509847,Nehemia,13,27,אלהים,subs,,D:Elohim,Other Tanakh
391196,1435833,509849,Nehemia,13,28,יוידע,nmpr,pers,A:person-candidate,Other Tanakh
391198,1435833,509849,Nehemia,13,28,אלישיב,nmpr,pers,A:person-candidate,Other Tanakh
391205,1435833,509849,Nehemia,13,28,סנבלט,nmpr,pers,A:person-candidate,Other Tanakh
391214,1435834,509852,Nehemia,13,29,אלהים,subs,,D:Elohim,Other Tanakh
391258,1435836,509858,Nehemia,13,31,אלהים,subs,,D:Elohim,Other Tanakh
391261,1435837,509859,1 Chronicles,1,1,אדם,nmpr,pers,A:person-candidate,Other Tanakh
391262,1435837,509859,1 Chronicles,1,1,שת,nmpr,pers,A:person-candidate,Other Tanakh
391263,1435837,509859,1 Chronicles,1,1,אנוש,nmpr,pers,A:person-candidate,Other Tanakh
391264,1435838,509860,1 Chronicles,1,2,קינן,nmpr,pers,A:person-candidate,Other Tanakh
391265,1435838,509860,1 Chronicles,1,2,מהללאל,nmpr,pers,A:person-candidate,Other Tanakh
391266,1435838,509860,1 Chronicles,1,2,ירד,nmpr,pers,A:person-candidate,Other Tanakh
391267,1435839,509861,1 Chronicles,1,3,חנוך,nmpr,pers,A:person-candidate,Other Tanakh
391268,1435839,509861,1 Chronicles,1,3,מתושלח,nmpr,pers,A:person-candidate,Other Tanakh
391269,1435839,509861,1 Chronicles,1,3,למך,nmpr,pers,A:person-candidate,Other Tanakh
391270,1435840,509862,1 Chronicles,1,4,נח,nmpr,pers,A:person-candidate,Other Tanakh
391271,1435840,509862,1 Chronicles,1,4,שם,nmpr,pers,A:person-candidate,Other Tanakh
391272,1435840,509862,1 Chronicles,1,4,חם,nmpr,"pers,gens",F:unclassified-name,Other Tanakh
391274,1435840,509862,1 Chronicles,1,4,יפת,nmpr,pers,A:person-candidate,Other Tanakh
391276,1435841,509863,1 Chronicles,1,5,יפת,nmpr,pers,A:person-candidate,Other Tanakh
391277,1435841,509863,1 Chronicles,1,5,גמר,nmpr,pers,A:person-candidate,Other Tanakh
391279,1435841,509863,1 Chronicles,1,5,מגוג,nmpr,topo,F:unclassified-name,Other Tanakh
391281,1435841,509863,1 Chronicles,1,5,מדי,nmpr,"pers,gens,topo",F:unclassified-name,Other Tanakh
391283,1435841,509863,1 Chronicles,1,5,יון,nmpr,"pers,gens,topo",F:unclassified-name,Other Tanakh
391285,1435841,509863,1 Chronicles,1,5,תבל,nmpr,gens,F:unclassified-name,Other Tanakh
391287,1435841,509863,1 Chronicles,1,5,משך,nmpr,gens,F:unclassified-name,Other Tanakh
391289,1435841,509863,1 Chronicles,1,5,תירס,nmpr,"pers,gens",F:unclassified-name,Other Tanakh
391292,1435842,509864,1 Chronicles,1,6,גמר,nmpr,pers,A:person-candidate,Other Tanakh
391293,1435842,509864,1 Chronicles,1,6,אשכנז,nmpr,gens,F:unclassified-name,Other Tanakh
391295,1435842,509864,1 Chronicles,1,6,דיפת,nmpr,pers,A:person-candidate,Other Tanakh
391297,1435842,509864,1 Chronicles,1,6,תוגרמה,nmpr,topo,F:unclassified-name,Other Tanakh
391300,1435843,509865,1 Chronicles,1,7,יון,nmpr,"pers,gens,topo",F:unclassified-name,Other Tanakh
391301,1435843,509865,1 Chronicles,1,7,אלישה,nmpr,topo,F:unclassified-name,Other Tanakh
391303,1435843,509865,1 Chronicles,1,7,תרשיש,nmpr,topo,F:unclassified-name,Other Tanakh
391308,1435844,509866,1 Chronicles,1,8,חם,nmpr,"pers,gens",F:unclassified-name,Other Tanakh
391309,1435844,509866,1 Chronicles,1,8,כוש,nmpr,topo,F:unclassified-name,Other Tanakh
391311,1435844,509866,1 Chronicles,1,8,מצרים,nmpr,topo,F:unclassified-name,Other Tanakh
391312,1435844,509866,1 Chronicles,1,8,פוט,nmpr,gens,F:unclassified-name,Other Tanakh
391314,1435844,509866,1 Chronicles,1,8,כנען,nmpr,"pers,gens,topo",F:unclassified-name,Other Tanakh
391317,1435845,509867,1 Chronicles,1,9,כוש,nmpr,pers,A:person-candidate,Other Tanakh
391318,1435845,509867,1 Chronicles,1,9,סבא,nmpr,"pers,gens,topo",F:unclassified-name,Other Tanakh
391320,1435845,509867,1 Chronicles,1,9,חוילה,nmpr,topo,F:unclassified-name,Other Tanakh
391322,1435845,509867,1 Chronicles,1,9,סבתא,nmpr,"pers,gens,topo",F:unclassified-name,Other Tanakh
391324,1435845,509867,1 Chronicles,1,9,רעמה,nmpr,"pers,gens",F:unclassified-name,Other Tanakh
391326,1435845,509867,1 Chronicles,1,9,סבתכא,nmpr,"pers,gens,topo",F:unclassified-name,Other Tanakh
391329,1435845,509868,1 Chronicles,1,9,רעמה,nmpr,"pers,gens",F:unclassified-name,Other Tanakh
391330,1435845,509868,1 Chronicles,1,9,שבא,nmpr,topo,F:unclassified-name,Other Tanakh
391332,1435845,509868,1 Chronicles,1,9,דדן,nmpr,topo,F:unclassified-name,Other Tanakh
391334,1435846,509869,1 Chronicles,1,10,כוש,nmpr,pers,A:person-candidate,Other Tanakh
391337,1435846,509869,1 Chronicles,1,10,נמרד,nmpr,pers,A:person-candidate,Other Tanakh
391347,1435847,509872,1 Chronicles,1,11,מצרים,nmpr,topo,F:unclassified-name,Other Tanakh
391350,1435847,509872,1 Chronicles,1,11,לודים,nmpr,gens,F:unclassified-name,Other Tanakh
391353,1435847,509872,1 Chronicles,1,11,ענמים,nmpr,gens,F:unclassified-name,Other Tanakh
391356,1435847,509872,1 Chronicles,1,11,להבים,nmpr,gens,F:unclassified-name,Other Tanakh
391359,1435847,509872,1 Chronicles,1,11,נפתחים,nmpr,gens,F:unclassified-name,Other Tanakh
391362,1435848,509873,1 Chronicles,1,12,פתרסים,nmpr,gens,F:unclassified-name,Other Tanakh
391365,1435848,509873,1 Chronicles,1,12,כסלחים,nmpr,gens,F:unclassified-name,Other Tanakh
391375,1435849,509876,1 Chronicles,1,13,כנען,nmpr,"pers,gens,topo",F:unclassified-name,Other Tanakh
391378,1435849,509876,1 Chronicles,1,13,צידון,nmpr,topo,F:unclassified-name,Other Tanakh
391382,1435849,509876,1 Chronicles,1,13,חת,nmpr,pers,A:person-candidate,Other Tanakh
391420,1435853,509880,1 Chronicles,1,17,שם,nmpr,pers,A:person-candidate,Other Tanakh
391421,1435853,509880,1 Chronicles,1,17,עילם,nmpr,"pers,gens,topo",F:unclassified-name,Other Tanakh
391423,1435853,509880,1 Chronicles,1,17,אשור,nmpr,topo,F:unclassified-name,Other Tanakh
391425,1435853,509880,1 Chronicles,1,17,ארפכשד,nmpr,pers,A:person-candidate,Other Tanakh
391427,1435853,509880,1 Chronicles,1,17,לוד,nmpr,pers,A:person-candidate,Other Tanakh
391429,1435853,509880,1 Chronicles,1,17,ארם,nmpr,topo,F:unclassified-name,Other Tanakh
391431,1435853,509880,1 Chronicles,1,17,עוץ,nmpr,pers,A:person-candidate,Other Tanakh
391433,1435853,509880,1 Chronicles,1,17,חול,nmpr,topo,F:unclassified-name,Other Tanakh
391435,1435853,509880,1 Chronicles,1,17,גתר,nmpr,pers,A:person-candidate,Other Tanakh
391437,1435853,509880,1 Chronicles,1,17,משך,nmpr,gens,F:unclassified-name,Other Tanakh
391439,1435854,509881,1 Chronicles,1,18,ארפכשד,nmpr,pers,A:person-candidate,Other Tanakh
391442,1435854,509881,1 Chronicles,1,18,שלח,nmpr,pers,A:person-candidate,Other Tanakh
391444,1435854,509882,1 Chronicles,1,18,שלח,nmpr,pers,A:person-candidate,Other Tanakh
391447,1435854,509882,1 Chronicles,1,18,עבר,nmpr,pers,A:person-candidate,Other Tanakh
391450,1435855,509883,1 Chronicles,1,19,עבר,nmpr,pers,A:person-candidate,Other Tanakh
391457,1435855,509884,1 Chronicles,1,19,פלג,nmpr,pers,A:person-candidate,Other Tanakh
391467,1435855,509886,1 Chronicles,1,19,יקטן,nmpr,pers,A:person-candidate,Other Tanakh
391469,1435856,509887,1 Chronicles,1,20,יקטן,nmpr,pers,A:person-candidate,Other Tanakh
391472,1435856,509887,1 Chronicles,1,20,אלמודד,nmpr,pers,A:person-candidate,Other Tanakh
391475,1435856,509887,1 Chronicles,1,20,שלף,nmpr,topo,F:unclassified-name,Other Tanakh
391478,1435856,509887,1 Chronicles,1,20,חצרמות,nmpr,topo,F:unclassified-name,Other Tanakh
391481,1435856,509887,1 Chronicles,1,20,ירח,nmpr,pers,A:person-candidate,Other Tanakh
391484,1435857,509888,1 Chronicles,1,21,הדורם,nmpr,pers,A:person-candidate,Other Tanakh
391487,1435857,509888,1 Chronicles,1,21,אוזל,nmpr,pers,A:person-candidate,Other Tanakh
391490,1435857,509888,1 Chronicles,1,21,דקלה,nmpr,pers,A:person-candidate,Other Tanakh
391493,1435858,509889,1 Chronicles,1,22,עיבל,nmpr,pers,A:person-candidate,Other Tanakh
391496,1435858,509889,1 Chronicles,1,22,אבימאל,nmpr,pers,A:person-candidate,Other Tanakh
391499,1435858,509889,1 Chronicles,1,22,שבא,nmpr,topo,F:unclassified-name,Other Tanakh
391502,1435859,509890,1 Chronicles,1,23,אופיר,nmpr,pers,A:person-candidate,Other Tanakh
391505,1435859,509890,1 Chronicles,1,23,חוילה,nmpr,topo,F:unclassified-name,Other Tanakh
391508,1435859,509890,1 Chronicles,1,23,יובב,nmpr,gens,F:unclassified-name,Other Tanakh
391512,1435859,509891,1 Chronicles,1,23,יקטן,nmpr,pers,A:person-candidate,Other Tanakh
391513,1435860,509892,1 Chronicles,1,24,שם,nmpr,pers,A:person-candidate,Other Tanakh
391514,1435860,509892,1 Chronicles,1,24,ארפכשד,nmpr,pers,A:person-candidate,Other Tanakh
391515,1435860,509892,1 Chronicles,1,24,שלח,nmpr,pers,A:person-candidate,Other Tanakh
391516,1435861,509893,1 Chronicles,1,25,עבר,nmpr,pers,A:person-candidate,Other Tanakh
391517,1435861,509893,1 Chronicles,1,25,פלג,nmpr,pers,A:person-candidate,Other Tanakh
391518,1435861,509893,1 Chronicles,1,25,רעו,nmpr,pers,A:person-candidate,Other Tanakh
391519,1435862,509894,1 Chronicles,1,26,שרוג,nmpr,pers,A:person-candidate,Other Tanakh
391520,1435862,509894,1 Chronicles,1,26,נחור,nmpr,pers,A:person-candidate,Other Tanakh
391521,1435862,509894,1 Chronicles,1,26,תרח,nmpr,pers,A:person-candidate,Other Tanakh
391522,1435863,509895,1 Chronicles,1,27,אברם,nmpr,pers,A:person-candidate,Other Tanakh
391524,1435863,509896,1 Chronicles,1,27,אברהם,nmpr,pers,A:person-candidate,Other Tanakh
391526,1435864,509897,1 Chronicles,1,28,אברהם,nmpr,pers,A:person-candidate,Other Tanakh
391527,1435864,509897,1 Chronicles,1,28,יצחק,nmpr,pers,A:person-candidate,Other Tanakh
391529,1435864,509897,1 Chronicles,1,28,ישמעאל,nmpr,pers,A:person-candidate,Other Tanakh
391533,1435865,509899,1 Chronicles,1,29,ישמעאל,nmpr,pers,A:person-candidate,Other Tanakh
391534,1435865,509899,1 Chronicles,1,29,נביות,nmpr,gens,F:unclassified-name,Other Tanakh
391536,1435865,509900,1 Chronicles,1,29,קדר,nmpr,"pers,gens",F:unclassified-name,Other Tanakh
391538,1435865,509900,1 Chronicles,1,29,אדבאל,nmpr,pers,A:person-candidate,Other Tanakh
391540,1435865,509900,1 Chronicles,1,29,מבשם,nmpr,pers,A:person-candidate,Other Tanakh
391541,1435866,509901,1 Chronicles,1,30,משמע,nmpr,pers,A:person-candidate,Other Tanakh
391543,1435866,509901,1 Chronicles,1,30,דומה,nmpr,topo,F:unclassified-name,Other Tanakh
391544,1435866,509901,1 Chronicles,1,30,משא,nmpr,pers,A:person-candidate,Other Tanakh
391545,1435866,509901,1 Chronicles,1,30,חדד,nmpr,pers,A:person-candidate,Other Tanakh
391547,1435866,509901,1 Chronicles,1,30,תימא,nmpr,topo,F:unclassified-name,Other Tanakh
391548,1435867,509902,1 Chronicles,1,31,יטור,nmpr,pers,A:person-candidate,Other Tanakh
391549,1435867,509902,1 Chronicles,1,31,נפיש,nmpr,pers,A:person-candidate,Other Tanakh
391551,1435867,509902,1 Chronicles,1,31,קדמה,nmpr,pers,A:person-candidate,Other Tanakh
391555,1435867,509904,1 Chronicles,1,31,ישמעאל,nmpr,pers,A:person-candidate,Other Tanakh
391558,1435868,509905,1 Chronicles,1,32,קטורה,nmpr,pers,A:person-candidate,Other Tanakh
391560,1435868,509905,1 Chronicles,1,32,אברהם,nmpr,pers,A:person-candidate,Other Tanakh
391563,1435868,509906,1 Chronicles,1,32,זמרן,nmpr,pers,A:person-candidate,Other Tanakh
391565,1435868,509906,1 Chronicles,1,32,יקשן,nmpr,pers,A:person-candidate,Other Tanakh
391567,1435868,509906,1 Chronicles,1,32,מדן,nmpr,pers,A:person-candidate,Other Tanakh
391569,1435868,509906,1 Chronicles,1,32,מדין,nmpr,"pers,gens,topo",F:unclassified-name,Other Tanakh
391571,1435868,509906,1 Chronicles,1,32,ישבק,nmpr,pers,A:person-candidate,Other Tanakh
391573,1435868,509906,1 Chronicles,1,32,שוח,nmpr,pers,A:person-candidate,Other Tanakh
391576,1435868,509907,1 Chronicles,1,32,יקשן,nmpr,pers,A:person-candidate,Other Tanakh
391577,1435868,509907,1 Chronicles,1,32,שבא,nmpr,topo,F:unclassified-name,Other Tanakh
391579,1435868,509907,1 Chronicles,1,32,דדן,nmpr,topo,F:unclassified-name,Other Tanakh
391582,1435869,509908,1 Chronicles,1,33,מדין,nmpr,"pers,gens,topo",F:unclassified-name,Other Tanakh
391583,1435869,509908,1 Chronicles,1,33,עיפה,nmpr,pers,A:person-candidate,Other Tanakh
391585,1435869,509908,1 Chronicles,1,33,עפר,nmpr,pers,A:person-candidate,Other Tanakh
391587,1435869,509908,1 Chronicles,1,33,חנוך,nmpr,pers,A:person-candidate,Other Tanakh
391589,1435869,509908,1 Chronicles,1,33,אבידע,nmpr,pers,A:person-candidate,Other Tanakh
391591,1435869,509908,1 Chronicles,1,33,אלדעה,nmpr,pers,A:person-candidate,Other Tanakh
391595,1435869,509909,1 Chronicles,1,33,קטורה,nmpr,pers,A:person-candidate,Other Tanakh
391598,1435870,509910,1 Chronicles,1,34,אברהם,nmpr,pers,A:person-candidate,Other Tanakh
391600,1435870,509910,1 Chronicles,1,34,יצחק,nmpr,pers,A:person-candidate,Other Tanakh
391602,1435870,509911,1 Chronicles,1,34,יצחק,nmpr,pers,A:person-candidate,Other Tanakh
391603,1435870,509911,1 Chronicles,1,34,עשו,nmpr,pers,A:person-candidate,Other Tanakh
391605,1435870,509911,1 Chronicles,1,34,ישראל,nmpr,"pers,gens,topo",F:unclassified-name,Other Tanakh
391607,1435871,509912,1 Chronicles,1,35,עשו,nmpr,pers,A:person-candidate,Other Tanakh
391608,1435871,509912,1 Chronicles,1,35,אליפז,nmpr,pers,A:person-candidate,Other Tanakh
391609,1435871,509912,1 Chronicles,1,35,רעואל,nmpr,pers,A:person-candidate,Other Tanakh
391611,1435871,509912,1 Chronicles,1,35,יעוש,nmpr,pers,A:person-candidate,Other Tanakh
391613,1435871,509912,1 Chronicles,1,35,יעלם,nmpr,pers,A:person-candidate,Other Tanakh
391615,1435871,509912,1 Chronicles,1,35,קרח,nmpr,pers,A:person-candidate,Other Tanakh
391617,1435872,509913,1 Chronicles,1,36,אליפז,nmpr,pers,A:person-candidate,Other Tanakh
391618,1435872,509913,1 Chronicles,1,36,תימן,nmpr,topo,F:unclassified-name,Other Tanakh
391620,1435872,509913,1 Chronicles,1,36,אומר,nmpr,pers,A:person-candidate,Other Tanakh
391621,1435872,509913,1 Chronicles,1,36,צפי,nmpr,pers,A:person-candidate,Other Tanakh
391623,1435872,509913,1 Chronicles,1,36,געתם,nmpr,pers,A:person-candidate,Other Tanakh
391624,1435872,509913,1 Chronicles,1,36,קנז,nmpr,"pers,gens",F:unclassified-name,Other Tanakh
391626,1435872,509913,1 Chronicles,1,36,תמנע,nmpr,"pers,gens",F:unclassified-name,Other Tanakh
391628,1435872,509913,1 Chronicles,1,36,עמלק,nmpr,"pers,gens",F:unclassified-name,Other Tanakh
391630,1435873,509914,1 Chronicles,1,37,רעואל,nmpr,pers,A:person-candidate,Other Tanakh
391631,1435873,509914,1 Chronicles,1,37,נחת,nmpr,pers,A:person-candidate,Other Tanakh
391632,1435873,509914,1 Chronicles,1,37,זרח,nmpr,pers,A:person-candidate,Other Tanakh
391633,1435873,509914,1 Chronicles,1,37,שמה,nmpr,pers,A:person-candidate,Other Tanakh
391635,1435873,509914,1 Chronicles,1,37,מזה,nmpr,pers,A:person-candidate,Other Tanakh
391638,1435874,509915,1 Chronicles,1,38,שעיר,nmpr,topo,F:unclassified-name,Other Tanakh
391639,1435874,509915,1 Chronicles,1,38,לוטן,nmpr,pers,A:person-candidate,Other Tanakh
391641,1435874,509915,1 Chronicles,1,38,שובל,nmpr,pers,A:person-candidate,Other Tanakh
391643,1435874,509915,1 Chronicles,1,38,צבעון,nmpr,pers,A:person-candidate,Other Tanakh
391645,1435874,509915,1 Chronicles,1,38,ענה,nmpr,pers,A:person-candidate,Other Tanakh
391647,1435874,509915,1 Chronicles,1,38,דישון,nmpr,pers,A:person-candidate,Other Tanakh
391649,1435874,509915,1 Chronicles,1,38,אצר,nmpr,pers,A:person-candidate,Other Tanakh
391651,1435874,509915,1 Chronicles,1,38,דישן,nmpr,pers,A:person-candidate,Other Tanakh
391654,1435875,509916,1 Chronicles,1,39,לוטן,nmpr,pers,A:person-candidate,Other Tanakh
391655,1435875,509916,1 Chronicles,1,39,חרי,nmpr,pers,A:person-candidate,Other Tanakh
391657,1435875,509916,1 Chronicles,1,39,הומם,nmpr,pers,A:person-candidate,Other Tanakh
391660,1435875,509917,1 Chronicles,1,39,לוטן,nmpr,pers,A:person-candidate,Other Tanakh
391661,1435875,509917,1 Chronicles,1,39,תמנע,nmpr,"pers,gens",F:unclassified-name,Other Tanakh
391663,1435876,509918,1 Chronicles,1,40,שובל,nmpr,pers,A:person-candidate,Other Tanakh
391664,1435876,509918,1 Chronicles,1,40,עלין,nmpr,pers,A:person-candidate,Other Tanakh
391666,1435876,509918,1 Chronicles,1,40,מנחת,nmpr,pers,A:person-candidate,Other Tanakh
391668,1435876,509918,1 Chronicles,1,40,עיבל,nmpr,pers,A:person-candidate,Other Tanakh
391669,1435876,509918,1 Chronicles,1,40,שפי,nmpr,pers,A:person-candidate,Other Tanakh
391671,1435876,509918,1 Chronicles,1,40,אונם,nmpr,pers,A:person-candidate,Other Tanakh
391674,1435876,509919,1 Chronicles,1,40,צבעון,nmpr,pers,A:person-candidate,Other Tanakh
391675,1435876,509919,1 Chronicles,1,40,איה,nmpr,pers,A:person-candidate,Other Tanakh
391677,1435876,509919,1 Chronicles,1,40,ענה,nmpr,pers,A:person-candidate,Other Tanakh
391679,1435877,509920,1 Chronicles,1,41,ענה,nmpr,pers,A:person-candidate,Other Tanakh
391680,1435877,509920,1 Chronicles,1,41,דישון,nmpr,pers,A:person-candidate,Other Tanakh
391683,1435877,509921,1 Chronicles,1,41,דישון,nmpr,pers,A:person-candidate,Other Tanakh
391684,1435877,509921,1 Chronicles,1,41,חמרן,nmpr,pers,A:person-candidate,Other Tanakh
391686,1435877,509921,1 Chronicles,1,41,אשבן,nmpr,pers,A:person-candidate,Other Tanakh
391688,1435877,509921,1 Chronicles,1,41,יתרן,nmpr,pers,A:person-candidate,Other Tanakh
391690,1435877,509921,1 Chronicles,1,41,כרן,nmpr,pers,A:person-candidate,Other Tanakh
391692,1435878,509922,1 Chronicles,1,42,אצר,nmpr,pers,A:person-candidate,Other Tanakh
391693,1435878,509922,1 Chronicles,1,42,בלהן,nmpr,pers,A:person-candidate,Other Tanakh
391695,1435878,509922,1 Chronicles,1,42,זעון,nmpr,pers,A:person-candidate,Other Tanakh
391696,1435878,509922,1 Chronicles,1,42,יעקן,nmpr,pers,A:person-candidate,Other Tanakh
391698,1435878,509923,1 Chronicles,1,42,דישון,nmpr,pers,A:person-candidate,Other Tanakh
391699,1435878,509923,1 Chronicles,1,42,עוץ,nmpr,pers,A:person-candidate,Other Tanakh
391701,1435878,509923,1 Chronicles,1,42,ארן,nmpr,pers,A:person-candidate,Other Tanakh
391705,1435879,509924,1 Chronicles,1,43,מלך,subs,,B:deity-candidate,Other Tanakh
391707,1435879,509925,1 Chronicles,1,43,מלך,verb,,B:deity-candidate,Other Tanakh
391710,1435879,509925,1 Chronicles,1,43,אדום,nmpr,topo,F:unclassified-name,Other Tanakh
391713,1435879,509926,1 Chronicles,1,43,מלך,verb,,B:deity-candidate,Other Tanakh
391714,1435879,509926,1 Chronicles,1,43,מלך,subs,,B:deity-candidate,Other Tanakh
391717,1435879,509926,1 Chronicles,1,43,ישראל,nmpr,"pers,gens,topo",F:unclassified-name,Other Tanakh
391718,1435879,509927,1 Chronicles,1,43,בלע,nmpr,pers,A:person-candidate,Other Tanakh
391720,1435879,509927,1 Chronicles,1,43,בעור,nmpr,pers,A:person-candidate,Other Tanakh
391724,1435879,509928,1 Chronicles,1,43,דנהבה,nmpr,topo,F:unclassified-name,Other Tanakh
391727,1435880,509929,1 Chronicles,1,44,בלע,nmpr,pers,A:person-candidate,Other Tanakh
391729,1435880,509930,1 Chronicles,1,44,מלך,verb,,B:deity-candidate,Other Tanakh
391731,1435880,509930,1 Chronicles,1,44,יובב,nmpr,pers,A:person-candidate,Other Tanakh
391733,1435880,509930,1 Chronicles,1,44,זרח,nmpr,pers,A:person-candidate,Other Tanakh
391735,1435880,509930,1 Chronicles,1,44,בצרה,nmpr,topo,F:unclassified-name,Other Tanakh
391738,1435881,509931,1 Chronicles,1,45,יובב,nmpr,pers,A:person-candidate,Other Tanakh
391740,1435881,509932,1 Chronicles,1,45,מלך,verb,,B:deity-candidate,Other Tanakh
391742,1435881,509932,1 Chronicles,1,45,חשם,nmpr,pers,A:person-candidate,Other Tanakh
391749,1435882,509933,1 Chronicles,1,46,חשם,nmpr,pers,A:person-candidate,Other Tanakh
391751,1435882,509934,1 Chronicles,1,46,מלך,verb,,B:deity-candidate,Other Tanakh
391753,1435882,509934,1 Chronicles,1,46,הדד,nmpr,pers,A:person-candidate,Other Tanakh
391755,1435882,509934,1 Chronicles,1,46,בדד,nmpr,pers,A:person-candidate,Other Tanakh
391759,1435882,509935,1 Chronicles,1,46,מדין,nmpr,"pers,gens,topo",F:unclassified-name,Other Tanakh
391762,1435882,509935,1 Chronicles,1,46,מואב,nmpr,"pers,gens,topo",F:unclassified-name,Other Tanakh
391766,1435882,509936,1 Chronicles,1,46,עוית,nmpr,topo,F:unclassified-name,Other Tanakh
391769,1435883,509937,1 Chronicles,1,47,הדד,nmpr,pers,A:person-candidate,Other Tanakh
391771,1435883,509938,1 Chronicles,1,47,מלך,verb,,B:deity-candidate,Other Tanakh
391773,1435883,509938,1 Chronicles,1,47,שמלה,nmpr,pers,A:person-candidate,Other Tanakh
391775,1435883,509938,1 Chronicles,1,47,משרקה,nmpr,topo,F:unclassified-name,Other Tanakh
391778,1435884,509939,1 Chronicles,1,48,שמלה,nmpr,pers,A:person-candidate,Other Tanakh
391780,1435884,509940,1 Chronicles,1,48,מלך,verb,,B:deity-candidate,Other Tanakh
391782,1435884,509940,1 Chronicles,1,48,שאול,nmpr,pers,A:person-candidate,Other Tanakh
391784,1435884,509940,1 Chronicles,1,48,רחבות,nmpr,topo,F:unclassified-name,Other Tanakh
391789,1435885,509941,1 Chronicles,1,49,שאול,nmpr,pers,A:person-candidate,Other Tanakh
391791,1435885,509942,1 Chronicles,1,49,מלך,verb,,B:deity-candidate,Other Tanakh
391793,1435885,509942,1 Chronicles,1,49,בעל חנן,nmpr,pers,A:person-candidate,Other Tanakh
391795,1435885,509942,1 Chronicles,1,49,עכבור,nmpr,pers,A:person-candidate,Other Tanakh
391798,1435886,509943,1 Chronicles,1,50,בעל חנן,nmpr,pers,A:person-candidate,Other Tanakh
391800,1435886,509944,1 Chronicles,1,50,מלך,verb,,B:deity-candidate,Other Tanakh
391802,1435886,509944,1 Chronicles,1,50,הדד,nmpr,pers,A:person-candidate,Other Tanakh
391806,1435886,509945,1 Chronicles,1,50,פעי,nmpr,topo,F:unclassified-name,Other Tanakh
391810,1435886,509946,1 Chronicles,1,50,מהיטבאל,nmpr,pers,A:person-candidate,Other Tanakh
391812,1435886,509946,1 Chronicles,1,50,מטרד,nmpr,pers,A:person-candidate,Other Tanakh
391814,1435886,509946,1 Chronicles,1,50,מי זהב,nmpr,pers,A:person-candidate,Other Tanakh
391817,1435887,509947,1 Chronicles,1,51,הדד,nmpr,pers,A:person-candidate,Other Tanakh
391821,1435887,509948,1 Chronicles,1,51,אדום,nmpr,topo,F:unclassified-name,Other Tanakh
391823,1435887,509948,1 Chronicles,1,51,תמנע,nmpr,"pers,gens",F:unclassified-name,Other Tanakh
391825,1435887,509948,1 Chronicles,1,51,עלוה,nmpr,topo,F:unclassified-name,Other Tanakh
391827,1435887,509948,1 Chronicles,1,51,יתת,nmpr,pers,A:person-candidate,Other Tanakh
391829,1435888,509949,1 Chronicles,1,52,אהליבמה,nmpr,gens,F:unclassified-name,Other Tanakh
391831,1435888,509949,1 Chronicles,1,52,אלה,nmpr,pers,A:person-candidate,Other Tanakh
391833,1435888,509949,1 Chronicles,1,52,פינן,nmpr,pers,A:person-candidate,Other Tanakh
391835,1435889,509950,1 Chronicles,1,53,קנז,nmpr,"pers,gens",F:unclassified-name,Other Tanakh
391837,1435889,509950,1 Chronicles,1,53,תימן,nmpr,topo,F:unclassified-name,Other Tanakh
391839,1435889,509950,1 Chronicles,1,53,מבצר,nmpr,pers,A:person-candidate,Other Tanakh
391841,1435890,509951,1 Chronicles,1,54,מגדיאל,nmpr,pers,A:person-candidate,Other Tanakh
391843,1435890,509951,1 Chronicles,1,54,עירם,nmpr,pers,A:person-candidate,Other Tanakh
391846,1435890,509952,1 Chronicles,1,54,אדום,nmpr,topo,F:unclassified-name,Other Tanakh
391849,1435891,509953,1 Chronicles,2,1,ישראל,nmpr,"pers,gens,topo",F:unclassified-name,Other Tanakh
391850,1435891,509954,1 Chronicles,2,1,ראובן,nmpr,"pers,gens,topo",F:unclassified-name,Other Tanakh
391851,1435891,509954,1 Chronicles,2,1,שמעון,nmpr,"pers,gens,topo",F:unclassified-name,Other Tanakh
391852,1435891,509954,1 Chronicles,2,1,לוי,nmpr,"pers,gens",F:unclassified-name,Other Tanakh
391854,1435891,509954,1 Chronicles,2,1,יהודה,nmpr,"pers,gens,topo",F:unclassified-name,Other Tanakh
391855,1435891,509954,1 Chronicles,2,1,יששכר,nmpr,"pers,gens,topo",F:unclassified-name,Other Tanakh
391857,1435891,509954,1 Chronicles,2,1,זבולן,nmpr,"pers,gens,topo",F:unclassified-name,Other Tanakh
391858,1435892,509955,1 Chronicles,2,2,דן,nmpr,"pers,gens,topo",F:unclassified-name,Other Tanakh
391859,1435892,509955,1 Chronicles,2,2,יוסף,nmpr,pers,A:person-candidate,Other Tanakh
391861,1435892,509955,1 Chronicles,2,2,בנימן,nmpr,"pers,gens,topo",F:unclassified-name,Other Tanakh
391862,1435892,509955,1 Chronicles,2,2,נפתלי,nmpr,"pers,gens,topo",F:unclassified-name,Other Tanakh
391863,1435892,509955,1 Chronicles,2,2,גד,nmpr,"pers,gens,topo",B:deity-candidate,Other Tanakh
391865,1435892,509955,1 Chronicles,2,2,אשר,nmpr,"pers,gens,topo",F:unclassified-name,Other Tanakh
391867,1435893,509956,1 Chronicles,2,3,יהודה,nmpr,"pers,gens,topo",F:unclassified-name,Other Tanakh
391868,1435893,509956,1 Chronicles,2,3,ער,nmpr,pers,A:person-candidate,Other Tanakh
391870,1435893,509956,1 Chronicles,2,3,אונן,nmpr,pers,A:person-candidate,Other Tanakh
391872,1435893,509956,1 Chronicles,2,3,שלה,nmpr,pers,A:person-candidate,Other Tanakh
391878,1435893,509957,1 Chronicles,2,3,שוע,nmpr,pers,A:person-candidate,Other Tanakh
391883,1435893,509959,1 Chronicles,2,3,ער,nmpr,pers,A:person-candidate,Other Tanakh
391885,1435893,509959,1 Chronicles,2,3,יהודה,nmpr,"pers,gens,topo",F:unclassified-name,Other Tanakh
391889,1435893,509959,1 Chronicles,2,3,יהוה,nmpr,pers,E:YHWH,Other Tanakh
391893,1435894,509961,1 Chronicles,2,4,תמר,nmpr,pers,A:person-candidate,Other Tanakh
391898,1435894,509961,1 Chronicles,2,4,פרץ,nmpr,pers,A:person-candidate,Other Tanakh
391901,1435894,509961,1 Chronicles,2,4,זרח,nmpr,pers,A:person-candidate,Other Tanakh
391904,1435894,509962,1 Chronicles,2,4,יהודה,nmpr,"pers,gens,topo",F:unclassified-name,Other Tanakh
391907,1435895,509963,1 Chronicles,2,5,פרץ,nmpr,pers,A:person-candidate,Other Tanakh
391908,1435895,509963,1 Chronicles,2,5,חצרון,nmpr,pers,A:person-candidate,Other Tanakh
391910,1435895,509963,1 Chronicles,2,5,חמול,nmpr,pers,A:person-candidate,Other Tanakh
391913,1435896,509964,1 Chronicles,2,6,זרח,nmpr,pers,A:person-candidate,Other Tanakh
391914,1435896,509964,1 Chronicles,2,6,זמרי,nmpr,pers,A:person-candidate,Other Tanakh
391916,1435896,509964,1 Chronicles,2,6,איתן,nmpr,pers,A:person-candidate,Other Tanakh
391918,1435896,509964,1 Chronicles,2,6,הימן,nmpr,pers,A:person-candidate,Other Tanakh
391920,1435896,509964,1 Chronicles,2,6,כלכל,nmpr,pers,A:person-candidate,Other Tanakh
391922,1435896,509964,1 Chronicles,2,6,דרע,nmpr,pers,A:person-candidate,Other Tanakh
391927,1435897,509966,1 Chronicles,2,7,כרמי,nmpr,pers,A:person-candidate,Other Tanakh
391928,1435897,509966,1 Chronicles,2,7,עכר,nmpr,pers,A:person-candidate,Other Tanakh
391930,1435897,509967,1 Chronicles,2,7,ישראל,nmpr,"pers,gens,topo",F:unclassified-name,Other Tanakh
391938,1435898,509969,1 Chronicles,2,8,איתן,nmpr,pers,A:person-candidate,Other Tanakh
391939,1435898,509969,1 Chronicles,2,8,עזריה,nmpr,pers,A:person-candidate,Other Tanakh
391942,1435899,509970,1 Chronicles,2,9,חצרון,nmpr,pers,A:person-candidate,Other Tanakh
391947,1435899,509970,1 Chronicles,2,9,ירחמאל,nmpr,pers,A:person-candidate,Other Tanakh
391950,1435899,509970,1 Chronicles,2,9,רם,nmpr,pers,A:person-candidate,Other Tanakh
391953,1435899,509970,1 Chronicles,2,9,כלובי,nmpr,pers,A:person-candidate,Other Tanakh
391955,1435900,509972,1 Chronicles,2,10,רם,nmpr,pers,A:person-candidate,Other Tanakh
391958,1435900,509972,1 Chronicles,2,10,עמינדב,nmpr,pers,A:person-candidate,Other Tanakh
391960,1435900,509973,1 Chronicles,2,10,עמינדב,nmpr,pers,A:person-candidate,Other Tanakh
391963,1435900,509973,1 Chronicles,2,10,נחשון,nmpr,pers,A:person-candidate,Other Tanakh
391966,1435900,509973,1 Chronicles,2,10,יהודה,nmpr,"pers,gens,topo",F:unclassified-name,Other Tanakh
391968,1435901,509974,1 Chronicles,2,11,נחשון,nmpr,pers,A:person-candidate,Other Tanakh
391971,1435901,509974,1 Chronicles,2,11,שלמא,nmpr,pers,A:person-candidate,Other Tanakh
391973,1435901,509975,1 Chronicles,2,11,שלמא,nmpr,pers,A:person-candidate,Other Tanakh
391976,1435901,509975,1 Chronicles,2,11,בעז,nmpr,pers,A:person-candidate,Other Tanakh
391978,1435902,509976,1 Chronicles,2,12,בעז,nmpr,pers,A:person-candidate,Other Tanakh
391981,1435902,509976,1 Chronicles,2,12,עובד,nmpr,pers,A:person-candidate,Other Tanakh
391983,1435902,509977,1 Chronicles,2,12,עובד,nmpr,pers,A:person-candidate,Other Tanakh
391986,1435902,509977,1 Chronicles,2,12,ישי,nmpr,pers,A:person-candidate,Other Tanakh
391988,1435903,509978,1 Chronicles,2,13,ישי,nmpr,pers,A:person-candidate,Other Tanakh
391993,1435903,509978,1 Chronicles,2,13,אליאב,nmpr,pers,A:person-candidate,Other Tanakh
391995,1435903,509978,1 Chronicles,2,13,אבינדב,nmpr,pers,A:person-candidate,Other Tanakh
391999,1435903,509978,1 Chronicles,2,13,שמעא,nmpr,pers,A:person-candidate,Other Tanakh
392002,1435904,509979,1 Chronicles,2,14,נתנאל,nmpr,pers,A:person-candidate,Other Tanakh
392005,1435904,509979,1 Chronicles,2,14,רדי,nmpr,pers,A:person-candidate,Other Tanakh
392008,1435905,509980,1 Chronicles,2,15,אצם,nmpr,pers,A:person-candidate,Other Tanakh
392011,1435905,509980,1 Chronicles,2,15,דוד,nmpr,pers,A:person-candidate,Other Tanakh
392016,1435906,509981,1 Chronicles,2,16,צרויה,nmpr,pers,A:person-candidate,Other Tanakh
392018,1435906,509981,1 Chronicles,2,16,אביגיל,nmpr,pers,A:person-candidate,Other Tanakh
392021,1435906,509982,1 Chronicles,2,16,צרויה,nmpr,pers,A:person-candidate,Other Tanakh
392022,1435906,509982,1 Chronicles,2,16,אבשי,nmpr,pers,A:person-candidate,Other Tanakh
392024,1435906,509982,1 Chronicles,2,16,יואב,nmpr,pers,A:person-candidate,Other Tanakh
392026,1435906,509982,1 Chronicles,2,16,עשהאל,nmpr,pers,A:person-candidate,Other Tanakh
392029,1435907,509983,1 Chronicles,2,17,אביגיל,nmpr,pers,A:person-candidate,Other Tanakh
392032,1435907,509983,1 Chronicles,2,17,עמשא,nmpr,pers,A:person-candidate,Other Tanakh
392035,1435907,509984,1 Chronicles,2,17,עמשא,nmpr,pers,A:person-candidate,Other Tanakh
392036,1435907,509984,1 Chronicles,2,17,יתר,nmpr,pers,A:person-candidate,Other Tanakh
392040,1435908,509985,1 Chronicles,2,18,כלב,nmpr,pers,A:person-candidate,Other Tanakh
392042,1435908,509985,1 Chronicles,2,18,חצרון,nmpr,pers,A:person-candidate,Other Tanakh
392045,1435908,509985,1 Chronicles,2,18,עזובה,nmpr,pers,A:person-candidate,Other Tanakh
392049,1435908,509985,1 Chronicles,2,18,יריעות,nmpr,pers,A:person-candidate,Other Tanakh
392053,1435908,509987,1 Chronicles,2,18,ישר,nmpr,pers,A:person-candidate,Other Tanakh
392055,1435908,509987,1 Chronicles,2,18,שובב,nmpr,pers,A:person-candidate,Other Tanakh
392057,1435908,509987,1 Chronicles,2,18,ארדון,nmpr,pers,A:person-candidate,Other Tanakh
392060,1435909,509988,1 Chronicles,2,19,עזובה,nmpr,pers,A:person-candidate,Other Tanakh
392064,1435909,509989,1 Chronicles,2,19,כלב,nmpr,pers,A:person-candidate,Other Tanakh
392066,1435909,509989,1 Chronicles,2,19,אפרת,nmpr,"topo,pers",F:unclassified-name,Other Tanakh
392071,1435909,509990,1 Chronicles,2,19,חור,nmpr,pers,A:person-candidate,Other Tanakh
392073,1435910,509991,1 Chronicles,2,20,חור,nmpr,pers,A:person-candidate,Other Tanakh
392076,1435910,509991,1 Chronicles,2,20,אורי,nmpr,pers,A:person-candidate,Other Tanakh
392078,1435910,509992,1 Chronicles,2,20,אורי,nmpr,pers,A:person-candidate,Other Tanakh
392081,1435910,509992,1 Chronicles,2,20,בצלאל,nmpr,pers,A:person-candidate,Other Tanakh
392085,1435911,509993,1 Chronicles,2,21,חצרון,nmpr,pers,A:person-candidate,Other Tanakh
392086,1435911,509993,1 Chronicles,2,21,אל,prep,,C:divine-title-candidate,Other Tanakh
392088,1435911,509993,1 Chronicles,2,21,מכיר,nmpr,"pers,gens",F:unclassified-name,Other Tanakh
392090,1435911,509993,1 Chronicles,2,21,גלעד,nmpr,topo,F:unclassified-name,Other Tanakh
392103,1435911,509996,1 Chronicles,2,21,שגוב,nmpr,pers,A:person-candidate,Other Tanakh
392105,1435912,509997,1 Chronicles,2,22,שגוב,nmpr,pers,A:person-candidate,Other Tanakh
392108,1435912,509997,1 Chronicles,2,22,יאיר,nmpr,pers,A:person-candidate,Other Tanakh
392119,1435912,509998,1 Chronicles,2,22,גלעד,nmpr,topo,F:unclassified-name,Other Tanakh
392122,1435913,509999,1 Chronicles,2,23,גשור,nmpr,topo,F:unclassified-name,Other Tanakh
392124,1435913,509999,1 Chronicles,2,23,ארם,nmpr,topo,F:unclassified-name,Other Tanakh
392127,1435913,509999,1 Chronicles,2,23,יאיר,nmpr,pers,A:person-candidate,Other Tanakh
392131,1435913,509999,1 Chronicles,2,23,קנת,nmpr,topo,F:unclassified-name,Other Tanakh
392140,1435913,510000,1 Chronicles,2,23,מכיר,nmpr,"pers,gens",F:unclassified-name,Other Tanakh
392142,1435913,510000,1 Chronicles,2,23,גלעד,nmpr,topo,F:unclassified-name,Other Tanakh
392146,1435914,510001,1 Chronicles,2,24,חצרון,nmpr,pers,A:person-candidate,Other Tanakh
392148,1435914,510001,1 Chronicles,2,24,כלב,nmpr,pers,A:person-candidate,Other Tanakh
392149,1435914,510001,1 Chronicles,2,24,אפרתה,nmpr,"topo,pers",F:unclassified-name,Other Tanakh
392152,1435914,510002,1 Chronicles,2,24,חצרון,nmpr,pers,A:person-candidate,Other Tanakh
392153,1435914,510002,1 Chronicles,2,24,אביה,nmpr,pers,A:person-candidate,Other Tanakh
392158,1435914,510003,1 Chronicles,2,24,אשחור,nmpr,pers,A:person-candidate,Other Tanakh
392160,1435914,510003,1 Chronicles,2,24,תקוע,nmpr,topo,F:unclassified-name,Other Tanakh
392164,1435915,510004,1 Chronicles,2,25,ירחמאל,nmpr,pers,A:person-candidate,Other Tanakh
392166,1435915,510004,1 Chronicles,2,25,חצרון,nmpr,pers,A:person-candidate,Other Tanakh
392169,1435915,510005,1 Chronicles,2,25,רם,nmpr,pers,A:person-candidate,Other Tanakh
392171,1435915,510006,1 Chronicles,2,25,בונה,nmpr,pers,A:person-candidate,Other Tanakh
392173,1435915,510006,1 Chronicles,2,25,ארן,nmpr,pers,A:person-candidate,Other Tanakh
392175,1435915,510006,1 Chronicles,2,25,אצם,nmpr,pers,A:person-candidate,Other Tanakh
392176,1435915,510006,1 Chronicles,2,25,אחיה,nmpr,pers,A:person-candidate,Other Tanakh
392182,1435916,510007,1 Chronicles,2,26,ירחמאל,nmpr,pers,A:person-candidate,Other Tanakh
392185,1435916,510008,1 Chronicles,2,26,עטרה,nmpr,pers,A:person-candidate,Other Tanakh
392188,1435916,510009,1 Chronicles,2,26,אונם,nmpr,pers,A:person-candidate,Other Tanakh
392192,1435917,510010,1 Chronicles,2,27,רם,nmpr,pers,A:person-candidate,Other Tanakh
392194,1435917,510010,1 Chronicles,2,27,ירחמאל,nmpr,pers,A:person-candidate,Other Tanakh
392195,1435917,510010,1 Chronicles,2,27,מעץ,nmpr,pers,A:person-candidate,Other Tanakh
392197,1435917,510010,1 Chronicles,2,27,ימין,nmpr,pers,A:person-candidate,Other Tanakh
392199,1435917,510010,1 Chronicles,2,27,עקר,nmpr,pers,A:person-candidate,Other Tanakh
392203,1435918,510011,1 Chronicles,2,28,אונם,nmpr,pers,A:person-candidate,Other Tanakh
392204,1435918,510011,1 Chronicles,2,28,שמי,nmpr,pers,A:person-candidate,Other Tanakh
392206,1435918,510011,1 Chronicles,2,28,ידע,nmpr,pers,A:person-candidate,Other Tanakh
392209,1435918,510012,1 Chronicles,2,28,שמי,nmpr,pers,A:person-candidate,Other Tanakh
392210,1435918,510012,1 Chronicles,2,28,נדב,nmpr,pers,A:person-candidate,Other Tanakh
392212,1435918,510012,1 Chronicles,2,28,אבישור,nmpr,pers,A:person-candidate,Other Tanakh
392216,1435919,510013,1 Chronicles,2,29,אבישור,nmpr,pers,A:person-candidate,Other Tanakh
392217,1435919,510013,1 Chronicles,2,29,אביהיל,nmpr,pers,A:person-candidate,Other Tanakh
392222,1435919,510014,1 Chronicles,2,29,אחבן,nmpr,pers,A:person-candidate,Other Tanakh
392225,1435919,510014,1 Chronicles,2,29,מוליד,nmpr,pers,A:person-candidate,Other Tanakh
392228,1435920,510015,1 Chronicles,2,30,נדב,nmpr,pers,A:person-candidate,Other Tanakh
392229,1435920,510015,1 Chronicles,2,30,סלד,nmpr,pers,A:person-candidate,Other Tanakh
392231,1435920,510015,1 Chronicles,2,30,אפים,nmpr,pers,A:person-candidate,Other Tanakh
392234,1435920,510016,1 Chronicles,2,30,סלד,nmpr,pers,A:person-candidate,Other Tanakh
392239,1435921,510018,1 Chronicles,2,31,אפים,nmpr,pers,A:person-candidate,Other Tanakh
392240,1435921,510018,1 Chronicles,2,31,ישעי,nmpr,pers,A:person-candidate,Other Tanakh
392243,1435921,510019,1 Chronicles,2,31,ישעי,nmpr,pers,A:person-candidate,Other Tanakh
392244,1435921,510019,1 Chronicles,2,31,ששן,nmpr,pers,A:person-candidate,Other Tanakh
392247,1435921,510020,1 Chronicles,2,31,ששן,nmpr,pers,A:person-candidate,Other Tanakh
392248,1435921,510020,1 Chronicles,2,31,אחלי,nmpr,pers,A:person-candidate,Other Tanakh
392251,1435922,510021,1 Chronicles,2,32,ידע,nmpr,pers,A:person-candidate,Other Tanakh
392253,1435922,510021,1 Chronicles,2,32,שמי,nmpr,pers,A:person-candidate,Other Tanakh
392254,1435922,510021,1 Chronicles,2,32,יתר,nmpr,pers,A:person-candidate,Other Tanakh
392256,1435922,510021,1 Chronicles,2,32,יונתן,nmpr,pers,A:person-candidate,Other Tanakh
392259,1435922,510022,1 Chronicles,2,32,יתר,nmpr,pers,A:person-candidate,Other Tanakh
392264,1435923,510024,1 Chronicles,2,33,יונתן,nmpr,pers,A:person-candidate,Other Tanakh
392265,1435923,510024,1 Chronicles,2,33,פלת,nmpr,pers,A:person-candidate,Other Tanakh
392267,1435923,510024,1 Chronicles,2,33,זזא,nmpr,pers,A:person-candidate,Other Tanakh
392271,1435923,510025,1 Chronicles,2,33,ירחמאל,nmpr,pers,A:person-candidate,Other Tanakh
392276,1435924,510026,1 Chronicles,2,34,ששן,nmpr,pers,A:person-candidate,Other Tanakh
392283,1435924,510028,1 Chronicles,2,34,ששן,nmpr,pers,A:person-candidate,Other Tanakh
392288,1435924,510029,1 Chronicles,2,34,ירחע,nmpr,pers,A:person-candidate,Other Tanakh
392291,1435925,510030,1 Chronicles,2,35,ששן,nmpr,pers,A:person-candidate,Other Tanakh
392295,1435925,510030,1 Chronicles,2,35,ירחע,nmpr,pers,A:person-candidate,Other Tanakh
392303,1435925,510031,1 Chronicles,2,35,עתי,nmpr,pers,A:person-candidate,Other Tanakh
392305,1435926,510032,1 Chronicles,2,36,עתי,nmpr,pers,A:person-candidate,Other Tanakh
392308,1435926,510032,1 Chronicles,2,36,נתן,nmpr,pers,A:person-candidate,Other Tanakh
392310,1435926,510033,1 Chronicles,2,36,נתן,nmpr,pers,A:person-candidate,Other Tanakh
392313,1435926,510033,1 Chronicles,2,36,זבד,nmpr,pers,A:person-candidate,Other Tanakh
392315,1435927,510034,1 Chronicles,2,37,זבד,nmpr,pers,A:person-candidate,Other Tanakh
392318,1435927,510034,1 Chronicles,2,37,אפלל,nmpr,pers,A:person-candidate,Other Tanakh
392320,1435927,510035,1 Chronicles,2,37,אפלל,nmpr,pers,A:person-candidate,Other Tanakh
392323,1435927,510035,1 Chronicles,2,37,עובד,nmpr,pers,A:person-candidate,Other Tanakh
392325,1435928,510036,1 Chronicles,2,38,עובד,nmpr,pers,A:person-candidate,Other Tanakh
392328,1435928,510036,1 Chronicles,2,38,יהוא,nmpr,pers,A:person-candidate,Other Tanakh
392330,1435928,510037,1 Chronicles,2,38,יהוא,nmpr,pers,A:person-candidate,Other Tanakh
392333,1435928,510037,1 Chronicles,2,38,עזריה,nmpr,pers,A:person-candidate,Other Tanakh
392335,1435929,510038,1 Chronicles,2,39,עזריה,nmpr,pers,A:person-candidate,Other Tanakh
392338,1435929,510038,1 Chronicles,2,39,חלץ,nmpr,pers,A:person-candidate,Other Tanakh
392340,1435929,510039,1 Chronicles,2,39,חלץ,nmpr,pers,A:person-candidate,Other Tanakh
392343,1435929,510039,1 Chronicles,2,39,אלעשה,nmpr,pers,A:person-candidate,Other Tanakh
392345,1435930,510040,1 Chronicles,2,40,אלעשה,nmpr,pers,A:person-candidate,Other Tanakh
392348,1435930,510040,1 Chronicles,2,40,ססמי,nmpr,pers,A:person-candidate,Other Tanakh
392350,1435930,510041,1 Chronicles,2,40,ססמי,nmpr,pers,A:person-candidate,Other Tanakh
392353,1435930,510041,1 Chronicles,2,40,שלום,nmpr,pers,A:person-candidate,Other Tanakh
392355,1435931,510042,1 Chronicles,2,41,שלום,nmpr,pers,A:person-candidate,Other Tanakh
392358,1435931,510042,1 Chronicles,2,41,יקמיה,nmpr,pers,A:person-candidate,Other Tanakh
392360,1435931,510043,1 Chronicles,2,41,יקמיה,nmpr,pers,A:person-candidate,Other Tanakh
392363,1435931,510043,1 Chronicles,2,41,אלישמע,nmpr,pers,A:person-candidate,Other Tanakh
392366,1435932,510044,1 Chronicles,2,42,כלב,nmpr,pers,A:person-candidate,Other Tanakh
392368,1435932,510044,1 Chronicles,2,42,ירחמאל,nmpr,pers,A:person-candidate,Other Tanakh
392369,1435932,510044,1 Chronicles,2,42,מישע,nmpr,pers,A:person-candidate,Other Tanakh
392373,1435932,510045,1 Chronicles,2,42,זיף,nmpr,topo,F:unclassified-name,Other Tanakh
392376,1435932,510044,1 Chronicles,2,42,מרשה,nmpr,pers,A:person-candidate,Other Tanakh
392378,1435932,510044,1 Chronicles,2,42,חברון,nmpr,pers,A:person-candidate,Other Tanakh
392381,1435933,510046,1 Chronicles,2,43,חברון,nmpr,pers,A:person-candidate,Other Tanakh
392382,1435933,510046,1 Chronicles,2,43,קרח,nmpr,pers,A:person-candidate,Other Tanakh
392384,1435933,510046,1 Chronicles,2,43,תפח,nmpr,pers,A:person-candidate,Other Tanakh
392386,1435933,510046,1 Chronicles,2,43,רקם,nmpr,pers,A:person-candidate,Other Tanakh
392388,1435933,510046,1 Chronicles,2,43,שמע,nmpr,pers,A:person-candidate,Other Tanakh
392390,1435934,510047,1 Chronicles,2,44,שמע,nmpr,pers,A:person-candidate,Other Tanakh
392393,1435934,510047,1 Chronicles,2,44,רחם,nmpr,pers,A:person-candidate,Other Tanakh
392395,1435934,510047,1 Chronicles,2,44,ירקעם,nmpr,topo,F:unclassified-name,Other Tanakh
392397,1435934,510048,1 Chronicles,2,44,רקם,nmpr,pers,A:person-candidate,Other Tanakh
392400,1435934,510048,1 Chronicles,2,44,שמי,nmpr,pers,A:person-candidate,Other Tanakh
392403,1435935,510049,1 Chronicles,2,45,שמי,nmpr,pers,A:person-candidate,Other Tanakh
392404,1435935,510049,1 Chronicles,2,45,מעון,nmpr,pers,A:person-candidate,Other Tanakh
392406,1435935,510050,1 Chronicles,2,45,מעון,nmpr,pers,A:person-candidate,Other Tanakh
392408,1435935,510050,1 Chronicles,2,45,בית צור,nmpr,topo,F:unclassified-name,Other Tanakh
392410,1435936,510051,1 Chronicles,2,46,עיפה,nmpr,pers,A:person-candidate,Other Tanakh
392412,1435936,510051,1 Chronicles,2,46,כלב,nmpr,pers,A:person-candidate,Other Tanakh
392415,1435936,510051,1 Chronicles,2,46,חרן,nmpr,pers,A:person-candidate,Other Tanakh
392418,1435936,510051,1 Chronicles,2,46,מוצא,nmpr,pers,A:person-candidate,Other Tanakh
392421,1435936,510051,1 Chronicles,2,46,גזז,nmpr,pers,A:person-candidate,Other Tanakh
392423,1435936,510052,1 Chronicles,2,46,חרן,nmpr,pers,A:person-candidate,Other Tanakh
392426,1435936,510052,1 Chronicles,2,46,גזז,nmpr,pers,A:person-candidate,Other Tanakh
392429,1435937,510053,1 Chronicles,2,47,יהדי,nmpr,pers,A:person-candidate,Other Tanakh
392430,1435937,510053,1 Chronicles,2,47,רגם,nmpr,pers,A:person-candidate,Other Tanakh
392432,1435937,510053,1 Chronicles,2,47,יותם,nmpr,pers,A:person-candidate,Other Tanakh
392434,1435937,510053,1 Chronicles,2,47,גישן,nmpr,pers,A:person-candidate,Other Tanakh
392436,1435937,510053,1 Chronicles,2,47,פלט,nmpr,pers,A:person-candidate,Other Tanakh
392438,1435937,510053,1 Chronicles,2,47,עיפה,nmpr,pers,A:person-candidate,Other Tanakh
392440,1435937,510053,1 Chronicles,2,47,שעף,nmpr,pers,A:person-candidate,Other Tanakh
392442,1435938,510054,1 Chronicles,2,48,כלב,nmpr,pers,A:person-candidate,Other Tanakh
392443,1435938,510054,1 Chronicles,2,48,מעכה,nmpr,pers,A:person-candidate,Other Tanakh
392445,1435938,510054,1 Chronicles,2,48,שבר,nmpr,pers,A:person-candidate,Other Tanakh
392448,1435938,510054,1 Chronicles,2,48,תרחנה,nmpr,pers,A:person-candidate,Other Tanakh
392451,1435939,510055,1 Chronicles,2,49,שעף,nmpr,pers,A:person-candidate,Other Tanakh
392453,1435939,510055,1 Chronicles,2,49,מדמנה,nmpr,pers,A:person-candidate,Other Tanakh
392455,1435939,510055,1 Chronicles,2,49,שוא,nmpr,pers,A:person-candidate,Other Tanakh
392457,1435939,510055,1 Chronicles,2,49,מכבנה,nmpr,pers,A:person-candidate,Other Tanakh
392460,1435939,510055,1 Chronicles,2,49,גבעא,nmpr,pers,A:person-candidate,Other Tanakh
392463,1435939,510056,1 Chronicles,2,49,כלב,nmpr,pers,A:person-candidate,Other Tanakh
392464,1435939,510056,1 Chronicles,2,49,עכסה,nmpr,pers,A:person-candidate,Other Tanakh
392468,1435940,510057,1 Chronicles,2,50,כלב,nmpr,pers,A:person-candidate,Other Tanakh
392470,1435940,510057,1 Chronicles,2,50,חור,nmpr,pers,A:person-candidate,Other Tanakh
392472,1435940,510057,1 Chronicles,2,50,אפרתה,nmpr,"topo,pers",F:unclassified-name,Other Tanakh
392473,1435940,510058,1 Chronicles,2,50,שובל,nmpr,pers,A:person-candidate,Other Tanakh
392475,1435940,510058,1 Chronicles,2,50,קרית יערים,nmpr,topo,F:unclassified-name,Other Tanakh
392476,1435941,510059,1 Chronicles,2,51,שלמא,nmpr,pers,A:person-candidate,Other Tanakh
392478,1435941,510059,1 Chronicles,2,51,בית לחם,nmpr,topo,F:unclassified-name,Other Tanakh
392479,1435941,510059,1 Chronicles,2,51,חרף,nmpr,pers,A:person-candidate,Other Tanakh
392481,1435941,510059,1 Chronicles,2,51,בית גדר,nmpr,topo,F:unclassified-name,Other Tanakh
392486,1435942,510060,1 Chronicles,2,52,שובל,nmpr,pers,A:person-candidate,Other Tanakh
392488,1435942,510060,1 Chronicles,2,52,קרית יערים,nmpr,topo,F:unclassified-name,Other Tanakh
392489,1435942,510061,1 Chronicles,2,52,הראה,nmpr,pers,A:person-candidate,Other Tanakh
392495,1435943,510062,1 Chronicles,2,53,קרית יערים,nmpr,topo,F:unclassified-name,Other Tanakh
392516,1435944,510064,1 Chronicles,2,54,שלמא,nmpr,pers,A:person-candidate,Other Tanakh
392517,1435944,510064,1 Chronicles,2,54,בית לחם,nmpr,topo,F:unclassified-name,Other Tanakh
392520,1435944,510064,1 Chronicles,2,54,עטרות בית יואב,nmpr,topo,F:unclassified-name,Other Tanakh
392531,1435945,510066,1 Chronicles,2,55,יעבץ,nmpr,topo,F:unclassified-name,Other Tanakh
392541,1435945,510068,1 Chronicles,2,55,חמת,nmpr,pers,A:person-candidate,Other Tanakh
392544,1435945,510068,1 Chronicles,2,55,רכב,nmpr,pers,A:person-candidate,Other Tanakh
392549,1435946,510069,1 Chronicles,3,1,דוד,nmpr,pers,A:person-candidate,Other Tanakh
392554,1435946,510070,1 Chronicles,3,1,חברון,nmpr,topo,F:unclassified-name,Other Tanakh
392557,1435946,510071,1 Chronicles,3,1,אמנון,nmpr,pers,A:person-candidate,Other Tanakh
392559,1435946,510071,1 Chronicles,3,1,אחינעם,nmpr,pers,A:person-candidate,Other Tanakh
392563,1435946,510072,1 Chronicles,3,1,דניאל,nmpr,pers,A:person-candidate,Other Tanakh
392565,1435946,510072,1 Chronicles,3,1,אביגיל,nmpr,pers,A:person-candidate,Other Tanakh
392571,1435947,510073,1 Chronicles,3,2,אבשלום,nmpr,pers,A:person-candidate,Other Tanakh
392573,1435947,510073,1 Chronicles,3,2,מעכה,nmpr,pers,A:person-candidate,Other Tanakh
392575,1435947,510073,1 Chronicles,3,2,תלמי,nmpr,pers,A:person-candidate,Other Tanakh
392576,1435947,510073,1 Chronicles,3,2,מלך,subs,,B:deity-candidate,Other Tanakh
392577,1435947,510073,1 Chronicles,3,2,גשור,nmpr,topo,F:unclassified-name,Other Tanakh
392580,1435947,510074,1 Chronicles,3,2,אדניה,nmpr,pers,A:person-candidate,Other Tanakh
392582,1435947,510074,1 Chronicles,3,2,חגית,nmpr,pers,A:person-candidate,Other Tanakh
392585,1435948,510075,1 Chronicles,3,3,שפטיה,nmpr,pers,A:person-candidate,Other Tanakh
392587,1435948,510075,1 Chronicles,3,3,אביטל,nmpr,pers,A:person-candidate,Other Tanakh
392590,1435948,510076,1 Chronicles,3,3,יתרעם,nmpr,pers,A:person-candidate,Other Tanakh
392592,1435948,510076,1 Chronicles,3,3,עגלה,nmpr,pers,A:person-candidate,Other Tanakh
392598,1435949,510077,1 Chronicles,3,4,חברון,nmpr,topo,F:unclassified-name,Other Tanakh
392600,1435949,510078,1 Chronicles,3,4,מלך,verb,,B:deity-candidate,Other Tanakh
392612,1435949,510079,1 Chronicles,3,4,מלך,verb,,B:deity-candidate,Other Tanakh
392614,1435949,510079,1 Chronicles,3,4,ירושלם,nmpr,topo,F:unclassified-name,Other Tanakh
392620,1435950,510080,1 Chronicles,3,5,ירושלם,nmpr,topo,F:unclassified-name,Other Tanakh
392621,1435950,510081,1 Chronicles,3,5,שמעא,nmpr,pers,A:person-candidate,Other Tanakh
392623,1435950,510081,1 Chronicles,3,5,שובב,nmpr,pers,A:person-candidate,Other Tanakh
392625,1435950,510081,1 Chronicles,3,5,נתן,nmpr,pers,A:person-candidate,Other Tanakh
392627,1435950,510081,1 Chronicles,3,5,שלמה,nmpr,pers,A:person-candidate,Other Tanakh
392630,1435950,510081,1 Chronicles,3,5,בת שוע,nmpr,pers,A:person-candidate,Other Tanakh
392632,1435950,510081,1 Chronicles,3,5,עמיאל,nmpr,pers,A:person-candidate,Other Tanakh
392634,1435951,510082,1 Chronicles,3,6,יבחר,nmpr,pers,A:person-candidate,Other Tanakh
392636,1435951,510082,1 Chronicles,3,6,אלישמע,nmpr,pers,A:person-candidate,Other Tanakh
392638,1435951,510082,1 Chronicles,3,6,אליפלט,nmpr,pers,A:person-candidate,Other Tanakh
392640,1435952,510083,1 Chronicles,3,7,נגה,nmpr,pers,A:person-candidate,Other Tanakh
392642,1435952,510083,1 Chronicles,3,7,נפג,nmpr,pers,A:person-candidate,Other Tanakh
392644,1435952,510083,1 Chronicles,3,7,יפיע,nmpr,pers,A:person-candidate,Other Tanakh
392646,1435953,510084,1 Chronicles,3,8,אלישמע,nmpr,pers,A:person-candidate,Other Tanakh
392648,1435953,510084,1 Chronicles,3,8,אלידע,nmpr,pers,A:person-candidate,Other Tanakh
392650,1435953,510084,1 Chronicles,3,8,אליפלט,nmpr,pers,A:person-candidate,Other Tanakh
392654,1435954,510085,1 Chronicles,3,9,דוד,nmpr,pers,A:person-candidate,Other Tanakh
392661,1435954,510086,1 Chronicles,3,9,תמר,nmpr,pers,A:person-candidate,Other Tanakh
392665,1435955,510087,1 Chronicles,3,10,שלמה,nmpr,pers,A:person-candidate,Other Tanakh
392666,1435955,510087,1 Chronicles,3,10,רחבעם,nmpr,pers,A:person-candidate,Other Tanakh
392667,1435955,510088,1 Chronicles,3,10,אביה,nmpr,pers,A:person-candidate,Other Tanakh
392669,1435955,510089,1 Chronicles,3,10,אסא,nmpr,pers,A:person-candidate,Other Tanakh
392671,1435955,510090,1 Chronicles,3,10,יהושפט,nmpr,pers,A:person-candidate,Other Tanakh
392673,1435956,510091,1 Chronicles,3,11,יורם,nmpr,pers,A:person-candidate,Other Tanakh
392675,1435956,510092,1 Chronicles,3,11,אחזיהו,nmpr,pers,A:person-candidate,Other Tanakh
392677,1435956,510093,1 Chronicles,3,11,יואש,nmpr,pers,A:person-candidate,Other Tanakh
392679,1435957,510094,1 Chronicles,3,12,אמציהו,nmpr,pers,A:person-candidate,Other Tanakh
392681,1435957,510095,1 Chronicles,3,12,עזריה,nmpr,pers,A:person-candidate,Other Tanakh
392683,1435957,510096,1 Chronicles,3,12,יותם,nmpr,pers,A:person-candidate,Other Tanakh
392685,1435958,510097,1 Chronicles,3,13,אחז,nmpr,pers,A:person-candidate,Other Tanakh
392687,1435958,510098,1 Chronicles,3,13,חזקיהו,nmpr,pers,A:person-candidate,Other Tanakh
392689,1435958,510099,1 Chronicles,3,13,מנשה,nmpr,"pers,gens",F:unclassified-name,Other Tanakh
392691,1435959,510100,1 Chronicles,3,14,אמון,nmpr,pers,A:person-candidate,Other Tanakh
392693,1435959,510101,1 Chronicles,3,14,יאשיהו,nmpr,pers,A:person-candidate,Other Tanakh
392697,1435960,510102,1 Chronicles,3,15,יאשיהו,nmpr,pers,A:person-candidate,Other Tanakh
392700,1435960,510103,1 Chronicles,3,15,יוחנן,nmpr,pers,A:person-candidate,Other Tanakh
392703,1435960,510104,1 Chronicles,3,15,יהויקים,nmpr,pers,A:person-candidate,Other Tanakh
392706,1435960,510105,1 Chronicles,3,15,צדקיהו,nmpr,pers,A:person-candidate,Other Tanakh
392709,1435960,510106,1 Chronicles,3,15,שלום,nmpr,pers,A:person-candidate,Other Tanakh
392712,1435961,510107,1 Chronicles,3,16,יהויקים,nmpr,pers,A:person-candidate,Other Tanakh
392713,1435961,510107,1 Chronicles,3,16,יכניה,nmpr,pers,A:person-candidate,Other Tanakh
392715,1435961,510107,1 Chronicles,3,16,צדקיה,nmpr,pers,A:person-candidate,Other Tanakh
392719,1435962,510108,1 Chronicles,3,17,יכניה,nmpr,pers,A:person-candidate,Other Tanakh
392720,1435962,510108,1 Chronicles,3,17,אסר,nmpr,pers,A:person-candidate,Other Tanakh
392721,1435962,510108,1 Chronicles,3,17,שאלתיאל,nmpr,pers,A:person-candidate,Other Tanakh
392724,1435963,510109,1 Chronicles,3,18,מלכירם,nmpr,pers,A:person-candidate,Other Tanakh
392726,1435963,510109,1 Chronicles,3,18,פדיה,nmpr,pers,A:person-candidate,Other Tanakh
392728,1435963,510109,1 Chronicles,3,18,שנאצר,nmpr,pers,A:person-candidate,Other Tanakh
392729,1435963,510109,1 Chronicles,3,18,יקמיה,nmpr,pers,A:person-candidate,Other Tanakh
392730,1435963,510109,1 Chronicles,3,18,הושמע,nmpr,pers,A:person-candidate,Other Tanakh
392732,1435963,510109,1 Chronicles,3,18,נדביה,nmpr,pers,A:person-candidate,Other Tanakh
392735,1435964,510110,1 Chronicles,3,19,פדיה,nmpr,pers,A:person-candidate,Other Tanakh
392736,1435964,510110,1 Chronicles,3,19,זרבבל,nmpr,pers,A:person-candidate,Other Tanakh
392738,1435964,510110,1 Chronicles,3,19,שמעי,nmpr,pers,A:person-candidate,Other Tanakh
392741,1435964,510111,1 Chronicles,3,19,זרבבל,nmpr,pers,A:person-candidate,Other Tanakh
392742,1435964,510111,1 Chronicles,3,19,משלם,nmpr,pers,A:person-candidate,Other Tanakh
392744,1435964,510111,1 Chronicles,3,19,חנניה,nmpr,pers,A:person-candidate,Other Tanakh
392746,1435964,510112,1 Chronicles,3,19,שלמית,nmpr,pers,A:person-candidate,Other Tanakh
392749,1435965,510113,1 Chronicles,3,20,חשבה,nmpr,pers,A:person-candidate,Other Tanakh
392751,1435965,510113,1 Chronicles,3,20,אהל,nmpr,pers,A:person-candidate,Other Tanakh
392753,1435965,510113,1 Chronicles,3,20,ברכיה,nmpr,pers,A:person-candidate,Other Tanakh
392755,1435965,510113,1 Chronicles,3,20,חסדיה,nmpr,pers,A:person-candidate,Other Tanakh
392756,1435965,510113,1 Chronicles,3,20,יושב חסד,nmpr,pers,A:person-candidate,Other Tanakh
392760,1435966,510114,1 Chronicles,3,21,חנניה,nmpr,pers,A:person-candidate,Other Tanakh
392761,1435966,510114,1 Chronicles,3,21,פלטיה,nmpr,pers,A:person-candidate,Other Tanakh
392763,1435966,510114,1 Chronicles,3,21,ישעיה,nmpr,pers,A:person-candidate,Other Tanakh
392765,1435966,510115,1 Chronicles,3,21,רפיה,nmpr,pers,A:person-candidate,Other Tanakh
392767,1435966,510116,1 Chronicles,3,21,ארנן,nmpr,pers,A:person-candidate,Other Tanakh
392769,1435966,510117,1 Chronicles,3,21,עבדיה,nmpr,pers,A:person-candidate,Other Tanakh
392771,1435966,510118,1 Chronicles,3,21,שכניה,nmpr,pers,A:person-candidate,Other Tanakh
392774,1435967,510119,1 Chronicles,3,22,שכניה,nmpr,pers,A:person-candidate,Other Tanakh
392775,1435967,510119,1 Chronicles,3,22,שמעיה,nmpr,pers,A:person-candidate,Other Tanakh
392778,1435967,510120,1 Chronicles,3,22,שמעיה,nmpr,pers,A:person-candidate,Other Tanakh
392779,1435967,510120,1 Chronicles,3,22,חטוש,nmpr,pers,A:person-candidate,Other Tanakh
392781,1435967,510120,1 Chronicles,3,22,יגאל,nmpr,pers,A:person-candidate,Other Tanakh
392783,1435967,510120,1 Chronicles,3,22,בריח,nmpr,pers,A:person-candidate,Other Tanakh
392785,1435967,510120,1 Chronicles,3,22,נעריה,nmpr,pers,A:person-candidate,Other Tanakh
392787,1435967,510120,1 Chronicles,3,22,שפט,nmpr,pers,A:person-candidate,Other Tanakh
392791,1435968,510121,1 Chronicles,3,23,נעריה,nmpr,pers,A:person-candidate,Other Tanakh
392792,1435968,510121,1 Chronicles,3,23,אליועיני,nmpr,pers,A:person-candidate,Other Tanakh
392794,1435968,510121,1 Chronicles,3,23,חזקיה,nmpr,pers,A:person-candidate,Other Tanakh
392796,1435968,510121,1 Chronicles,3,23,עזריקם,nmpr,pers,A:person-candidate,Other Tanakh
392800,1435969,510122,1 Chronicles,3,24,אליועיני,nmpr,pers,A:person-candidate,Other Tanakh
392801,1435969,510122,1 Chronicles,3,24,הודויהו,nmpr,pers,A:person-candidate,Other Tanakh
392803,1435969,510122,1 Chronicles,3,24,אלישיב,nmpr,pers,A:person-candidate,Other Tanakh
392805,1435969,510122,1 Chronicles,3,24,פליה,nmpr,pers,A:person-candidate,Other Tanakh
392807,1435969,510122,1 Chronicles,3,24,עקוב,nmpr,pers,A:person-candidate,Other Tanakh
392809,1435969,510122,1 Chronicles,3,24,יוחנן,nmpr,pers,A:person-candidate,Other Tanakh
392811,1435969,510122,1 Chronicles,3,24,דליה,nmpr,pers,A:person-candidate,Other Tanakh
392813,1435969,510122,1 Chronicles,3,24,ענני,nmpr,pers,A:person-candidate,Other Tanakh
392816,1435970,510123,1 Chronicles,4,1,יהודה,nmpr,"pers,gens,topo",F:unclassified-name,Other Tanakh
392817,1435970,510123,1 Chronicles,4,1,פרץ,nmpr,pers,A:person-candidate,Other Tanakh
392818,1435970,510123,1 Chronicles,4,1,חצרון,nmpr,pers,A:person-candidate,Other Tanakh
392820,1435970,510123,1 Chronicles,4,1,כרמי,nmpr,pers,A:person-candidate,Other Tanakh
392822,1435970,510123,1 Chronicles,4,1,חור,nmpr,pers,A:person-candidate,Other Tanakh
392824,1435970,510123,1 Chronicles,4,1,שובל,nmpr,pers,A:person-candidate,Other Tanakh
392826,1435971,510124,1 Chronicles,4,2,ראיה,nmpr,pers,A:person-candidate,Other Tanakh
392828,1435971,510124,1 Chronicles,4,2,שובל,nmpr,pers,A:person-candidate,Other Tanakh
392831,1435971,510124,1 Chronicles,4,2,יחת,nmpr,pers,A:person-candidate,Other Tanakh
392833,1435971,510125,1 Chronicles,4,2,יחת,nmpr,pers,A:person-candidate,Other Tanakh
392836,1435971,510125,1 Chronicles,4,2,אחומי,nmpr,pers,A:person-candidate,Other Tanakh
392839,1435971,510125,1 Chronicles,4,2,להד,nmpr,pers,A:person-candidate,Other Tanakh
392847,1435972,510127,1 Chronicles,4,3,עיטם,nmpr,topo,F:unclassified-name,Other Tanakh
392848,1435972,510128,1 Chronicles,4,3,יזרעאל,nmpr,pers,A:person-candidate,Other Tanakh
392850,1435972,510128,1 Chronicles,4,3,ישמא,nmpr,pers,A:person-candidate,Other Tanakh
392852,1435972,510128,1 Chronicles,4,3,ידבש,nmpr,pers,A:person-candidate,Other Tanakh
392856,1435972,510129,1 Chronicles,4,3,הצללפוני,nmpr,pers,A:person-candidate,Other Tanakh
392858,1435973,510130,1 Chronicles,4,4,פנואל,nmpr,pers,A:person-candidate,Other Tanakh
392860,1435973,510130,1 Chronicles,4,4,גדר,nmpr,topo,F:unclassified-name,Other Tanakh
392862,1435973,510130,1 Chronicles,4,4,עזר,nmpr,pers,A:person-candidate,Other Tanakh
392864,1435973,510130,1 Chronicles,4,4,חושה,nmpr,pers,A:person-candidate,Other Tanakh
392867,1435973,510131,1 Chronicles,4,4,חור,nmpr,pers,A:person-candidate,Other Tanakh
392869,1435973,510131,1 Chronicles,4,4,אפרתה,nmpr,"topo,pers",F:unclassified-name,Other Tanakh
392871,1435973,510131,1 Chronicles,4,4,בית לחם,nmpr,topo,F:unclassified-name,Other Tanakh
392874,1435974,510132,1 Chronicles,4,5,אשחור,nmpr,pers,A:person-candidate,Other Tanakh
392876,1435974,510132,1 Chronicles,4,5,תקוע,nmpr,topo,F:unclassified-name,Other Tanakh
392880,1435974,510132,1 Chronicles,4,5,חלאה,nmpr,pers,A:person-candidate,Other Tanakh
392882,1435974,510132,1 Chronicles,4,5,נערה,nmpr,pers,A:person-candidate,Other Tanakh
392886,1435975,510133,1 Chronicles,4,6,נערה,nmpr,pers,A:person-candidate,Other Tanakh
392888,1435975,510133,1 Chronicles,4,6,אחזם,nmpr,pers,A:person-candidate,Other Tanakh
392891,1435975,510133,1 Chronicles,4,6,חפר,nmpr,pers,A:person-candidate,Other Tanakh
392901,1435975,510134,1 Chronicles,4,6,נערה,nmpr,pers,A:person-candidate,Other Tanakh
392904,1435976,510135,1 Chronicles,4,7,חלאה,nmpr,pers,A:person-candidate,Other Tanakh
392905,1435976,510135,1 Chronicles,4,7,צרת,nmpr,pers,A:person-candidate,Other Tanakh
392907,1435976,510135,1 Chronicles,4,7,צחר,nmpr,pers,A:person-candidate,Other Tanakh
392909,1435976,510135,1 Chronicles,4,7,אתנן,nmpr,pers,A:person-candidate,Other Tanakh
392911,1435977,510136,1 Chronicles,4,8,קוץ,nmpr,pers,A:person-candidate,Other Tanakh
392914,1435977,510136,1 Chronicles,4,8,ענוב,nmpr,pers,A:person-candidate,Other Tanakh
392917,1435977,510136,1 Chronicles,4,8,הצבבה,nmpr,pers,A:person-candidate,Other Tanakh
392920,1435977,510136,1 Chronicles,4,8,אחרחל,nmpr,pers,A:person-candidate,Other Tanakh
392922,1435977,510136,1 Chronicles,4,8,הרום,nmpr,pers,A:person-candidate,Other Tanakh
392925,1435978,510138,1 Chronicles,4,9,יעבץ,nmpr,topo,F:unclassified-name,Other Tanakh
392933,1435978,510139,1 Chronicles,4,9,יעבץ,nmpr,topo,F:unclassified-name,Other Tanakh
392942,1435979,510142,1 Chronicles,4,10,יעבץ,nmpr,topo,F:unclassified-name,Other Tanakh
392944,1435979,510142,1 Chronicles,4,10,אלהים,subs,,D:Elohim,Other Tanakh
392945,1435979,510142,1 Chronicles,4,10,ישראל,nmpr,"pers,gens,topo",F:unclassified-name,Other Tanakh
392968,1435979,510149,1 Chronicles,4,10,אלהים,subs,,D:Elohim,Other Tanakh
392973,1435980,510151,1 Chronicles,4,11,כלוב,nmpr,pers,A:person-candidate,Other Tanakh
392975,1435980,510151,1 Chronicles,4,11,שוחה,nmpr,pers,A:person-candidate,Other Tanakh
392978,1435980,510151,1 Chronicles,4,11,מחיר,nmpr,pers,A:person-candidate,Other Tanakh
392981,1435980,510152,1 Chronicles,4,11,אשתון,nmpr,pers,A:person-candidate,Other Tanakh
392983,1435981,510153,1 Chronicles,4,12,אשתון,nmpr,pers,A:person-candidate,Other Tanakh
392987,1435981,510153,1 Chronicles,4,12,רפא,nmpr,pers,A:person-candidate,Other Tanakh
392990,1435981,510153,1 Chronicles,4,12,פסח,nmpr,pers,A:person-candidate,Other Tanakh
392993,1435981,510153,1 Chronicles,4,12,תחנה,nmpr,pers,A:person-candidate,Other Tanakh
392995,1435981,510153,1 Chronicles,4,12,עיר נחש,nmpr,topo,F:unclassified-name,Other Tanakh
392998,1435981,510154,1 Chronicles,4,12,רכה,nmpr,topo,F:unclassified-name,Other Tanakh
393001,1435982,510155,1 Chronicles,4,13,קנז,nmpr,"pers,gens",F:unclassified-name,Other Tanakh
393002,1435982,510155,1 Chronicles,4,13,עתניאל,nmpr,pers,A:person-candidate,Other Tanakh
393004,1435982,510155,1 Chronicles,4,13,שריה,nmpr,pers,A:person-candidate,Other Tanakh
393007,1435982,510156,1 Chronicles,4,13,עתניאל,nmpr,pers,A:person-candidate,Other Tanakh
393008,1435982,510156,1 Chronicles,4,13,חתת,nmpr,pers,A:person-candidate,Other Tanakh
393010,1435983,510157,1 Chronicles,4,14,מעונתי,nmpr,pers,A:person-candidate,Other Tanakh
393013,1435983,510157,1 Chronicles,4,14,עפרה,nmpr,pers,A:person-candidate,Other Tanakh
393015,1435983,510158,1 Chronicles,4,14,שריה,nmpr,pers,A:person-candidate,Other Tanakh
393018,1435983,510158,1 Chronicles,4,14,יואב,nmpr,pers,A:person-candidate,Other Tanakh
393027,1435984,510160,1 Chronicles,4,15,כלב,nmpr,pers,A:person-candidate,Other Tanakh
393029,1435984,510160,1 Chronicles,4,15,יפנה,nmpr,pers,A:person-candidate,Other Tanakh
393030,1435984,510160,1 Chronicles,4,15,עירו,nmpr,pers,A:person-candidate,Other Tanakh
393031,1435984,510160,1 Chronicles,4,15,אלה,nmpr,pers,A:person-candidate,Other Tanakh
393033,1435984,510160,1 Chronicles,4,15,נעם,nmpr,pers,A:person-candidate,Other Tanakh
393036,1435984,510161,1 Chronicles,4,15,אלה,nmpr,pers,A:person-candidate,Other Tanakh
393038,1435984,510162,1 Chronicles,4,15,קנז,nmpr,"pers,gens",F:unclassified-name,Other Tanakh
393041,1435985,510163,1 Chronicles,4,16,יהללאל,nmpr,pers,A:person-candidate,Other Tanakh
393042,1435985,510163,1 Chronicles,4,16,זיף,nmpr,gens,F:unclassified-name,Other Tanakh
393044,1435985,510163,1 Chronicles,4,16,זיפה,nmpr,gens,F:unclassified-name,Other Tanakh
393045,1435985,510163,1 Chronicles,4,16,תיריא,nmpr,pers,A:person-candidate,Other Tanakh
393047,1435985,510163,1 Chronicles,4,16,אשראל,nmpr,pers,A:person-candidate,Other Tanakh
393050,1435986,510164,1 Chronicles,4,17,עזרה,nmpr,pers,A:person-candidate,Other Tanakh
393051,1435986,510164,1 Chronicles,4,17,יתר,nmpr,pers,A:person-candidate,Other Tanakh
393053,1435986,510164,1 Chronicles,4,17,מרד,nmpr,pers,A:person-candidate,Other Tanakh
393055,1435986,510164,1 Chronicles,4,17,עפר,nmpr,pers,A:person-candidate,Other Tanakh
393057,1435986,510164,1 Chronicles,4,17,ילון,nmpr,pers,A:person-candidate,Other Tanakh
393061,1435986,510165,1 Chronicles,4,17,מרים,nmpr,pers,A:person-candidate,Other Tanakh
393064,1435986,510165,1 Chronicles,4,17,שמי,nmpr,pers,A:person-candidate,Other Tanakh
393067,1435986,510165,1 Chronicles,4,17,ישבח,nmpr,pers,A:person-candidate,Other Tanakh
393069,1435986,510165,1 Chronicles,4,17,אשתמע,nmpr,topo,F:unclassified-name,Other Tanakh
393076,1435987,510166,1 Chronicles,4,18,ירד,nmpr,pers,A:person-candidate,Other Tanakh
393078,1435987,510166,1 Chronicles,4,18,גדור,nmpr,pers,A:person-candidate,Other Tanakh
393081,1435987,510166,1 Chronicles,4,18,חבר,nmpr,pers,A:person-candidate,Other Tanakh
393083,1435987,510166,1 Chronicles,4,18,שוכה,nmpr,topo,F:unclassified-name,Other Tanakh
393086,1435987,510166,1 Chronicles,4,18,יקותיאל,nmpr,pers,A:person-candidate,Other Tanakh
393088,1435987,510166,1 Chronicles,4,18,זנוח,nmpr,pers,A:person-candidate,Other Tanakh
393092,1435987,510167,1 Chronicles,4,18,בתיה,nmpr,pers,A:person-candidate,Other Tanakh
393097,1435987,510168,1 Chronicles,4,18,מרד,nmpr,pers,A:person-candidate,Other Tanakh
393101,1435988,510169,1 Chronicles,4,19,הודיה,nmpr,pers,A:person-candidate,Other Tanakh
393103,1435988,510169,1 Chronicles,4,19,נחם,nmpr,pers,A:person-candidate,Other Tanakh
393105,1435988,510169,1 Chronicles,4,19,קעילה,nmpr,topo,F:unclassified-name,Other Tanakh
393109,1435988,510169,1 Chronicles,4,19,אשתמע,nmpr,topo,F:unclassified-name,Other Tanakh
393114,1435989,510170,1 Chronicles,4,20,שימון,nmpr,pers,A:person-candidate,Other Tanakh
393115,1435989,510170,1 Chronicles,4,20,אמנון,nmpr,pers,A:person-candidate,Other Tanakh
393117,1435989,510170,1 Chronicles,4,20,רנה,nmpr,pers,A:person-candidate,Other Tanakh
393118,1435989,510170,1 Chronicles,4,20,בן חנן,nmpr,pers,A:person-candidate,Other Tanakh
393120,1435989,510170,1 Chronicles,4,20,תילון,nmpr,pers,A:person-candidate,Other Tanakh
393123,1435989,510171,1 Chronicles,4,20,ישעי,nmpr,pers,A:person-candidate,Other Tanakh
393124,1435989,510171,1 Chronicles,4,20,זוחת,nmpr,pers,A:person-candidate,Other Tanakh
393126,1435989,510171,1 Chronicles,4,20,בן זוחת,nmpr,pers,A:person-candidate,Other Tanakh
393128,1435990,510172,1 Chronicles,4,21,שלה,nmpr,pers,A:person-candidate,Other Tanakh
393130,1435990,510172,1 Chronicles,4,21,יהודה,nmpr,"pers,gens,topo",F:unclassified-name,Other Tanakh
393131,1435990,510172,1 Chronicles,4,21,ער,nmpr,pers,A:person-candidate,Other Tanakh
393133,1435990,510172,1 Chronicles,4,21,לכה,nmpr,topo,F:unclassified-name,Other Tanakh
393135,1435990,510172,1 Chronicles,4,21,לעדה,nmpr,pers,A:person-candidate,Other Tanakh
393137,1435990,510172,1 Chronicles,4,21,מרשה,nmpr,topo,F:unclassified-name,Other Tanakh
393146,1435990,510172,1 Chronicles,4,21,אשבע,nmpr,pers,A:person-candidate,Other Tanakh
393148,1435991,510173,1 Chronicles,4,22,יוקים,nmpr,pers,A:person-candidate,Other Tanakh
393151,1435991,510173,1 Chronicles,4,22,כזבא,nmpr,topo,F:unclassified-name,Other Tanakh
393153,1435991,510173,1 Chronicles,4,22,יואש,nmpr,pers,A:person-candidate,Other Tanakh
393155,1435991,510173,1 Chronicles,4,22,שרף,nmpr,pers,A:person-candidate,Other Tanakh
393157,1435991,510174,1 Chronicles,4,22,בעל,verb,,B:deity-candidate,Other Tanakh
393159,1435991,510174,1 Chronicles,4,22,מואב,nmpr,"pers,gens,topo",F:unclassified-name,Other Tanakh
393161,1435991,510174,1 Chronicles,4,22,ישבי לחם,nmpr,pers,A:person-candidate,Other Tanakh
393171,1435992,510176,1 Chronicles,4,23,נטעים,nmpr,topo,F:unclassified-name,Other Tanakh
393173,1435992,510176,1 Chronicles,4,23,גדרה,nmpr,topo,F:unclassified-name,Other Tanakh
393176,1435992,510177,1 Chronicles,4,23,מלך,subs,,B:deity-candidate,Other Tanakh
393182,1435993,510178,1 Chronicles,4,24,שמעון,nmpr,"pers,gens,topo",F:unclassified-name,Other Tanakh
393183,1435993,510178,1 Chronicles,4,24,נמואל,nmpr,pers,A:person-candidate,Other Tanakh
393185,1435993,510178,1 Chronicles,4,24,ימין,nmpr,pers,A:person-candidate,Other Tanakh
393186,1435993,510178,1 Chronicles,4,24,יריב,nmpr,pers,A:person-candidate,Other Tanakh
393187,1435993,510178,1 Chronicles,4,24,זרח,nmpr,pers,A:person-candidate,Other Tanakh
393188,1435993,510178,1 Chronicles,4,24,שאול,nmpr,pers,A:person-candidate,Other Tanakh
393189,1435994,510179,1 Chronicles,4,25,שלום,nmpr,pers,A:person-candidate,Other Tanakh
393191,1435994,510179,1 Chronicles,4,25,מבשם,nmpr,pers,A:person-candidate,Other Tanakh
393193,1435994,510179,1 Chronicles,4,25,משמע,nmpr,pers,A:person-candidate,Other Tanakh
393197,1435995,510180,1 Chronicles,4,26,משמע,nmpr,pers,A:person-candidate,Other Tanakh
393198,1435995,510180,1 Chronicles,4,26,חמואל,nmpr,pers,A:person-candidate,Other Tanakh
393200,1435995,510180,1 Chronicles,4,26,זכור,nmpr,gens,F:unclassified-name,Other Tanakh
393202,1435995,510180,1 Chronicles,4,26,שמעי,nmpr,pers,A:person-candidate,Other Tanakh
393206,1435996,510181,1 Chronicles,4,27,שמעי,nmpr,pers,A:person-candidate,Other Tanakh
393226,1435996,510183,1 Chronicles,4,27,יהודה,nmpr,"pers,gens,topo",F:unclassified-name,Other Tanakh
393231,1435997,510184,1 Chronicles,4,28,שבע,nmpr,topo,F:unclassified-name,Other Tanakh
393233,1435997,510184,1 Chronicles,4,28,מולדה,nmpr,topo,F:unclassified-name,Other Tanakh
393235,1435997,510184,1 Chronicles,4,28,חצר שועל,nmpr,topo,F:unclassified-name,Other Tanakh
393238,1435998,510185,1 Chronicles,4,29,בלהה,nmpr,topo,F:unclassified-name,Other Tanakh
393241,1435998,510185,1 Chronicles,4,29,עצם,nmpr,topo,F:unclassified-name,Other Tanakh
393244,1435998,510185,1 Chronicles,4,29,תולד,nmpr,topo,F:unclassified-name,Other Tanakh
393247,1435999,510186,1 Chronicles,4,30,בתואל,nmpr,topo,F:unclassified-name,Other Tanakh
393250,1435999,510186,1 Chronicles,4,30,חרמה,nmpr,topo,F:unclassified-name,Other Tanakh
393253,1435999,510186,1 Chronicles,4,30,צקלג,nmpr,topo,F:unclassified-name,Other Tanakh
393256,1436000,510187,1 Chronicles,4,31,בית מרכבות,nmpr,topo,F:unclassified-name,Other Tanakh
393259,1436000,510187,1 Chronicles,4,31,חצר סוסים,nmpr,topo,F:unclassified-name,Other Tanakh
393262,1436000,510187,1 Chronicles,4,31,בית בראי,nmpr,topo,F:unclassified-name,Other Tanakh
393265,1436000,510187,1 Chronicles,4,31,שערים,nmpr,topo,F:unclassified-name,Other Tanakh
393269,1436000,510189,1 Chronicles,4,31,מלך,verb,,B:deity-candidate,Other Tanakh
393270,1436000,510189,1 Chronicles,4,31,דוד,nmpr,pers,A:person-candidate,Other Tanakh
393273,1436001,510190,1 Chronicles,4,32,עיטם,nmpr,topo,F:unclassified-name,Other Tanakh
393275,1436001,510190,1 Chronicles,4,32,עין רמון,nmpr,topo,F:unclassified-name,Other Tanakh
393277,1436001,510190,1 Chronicles,4,32,תכן,nmpr,topo,F:unclassified-name,Other Tanakh
393279,1436001,510190,1 Chronicles,4,32,עשן,nmpr,topo,F:unclassified-name,Other Tanakh
393292,1436002,510192,1 Chronicles,4,33,בעל,nmpr,topo,B:deity-candidate,Other Tanakh
393299,1436003,510195,1 Chronicles,4,34,משובב,nmpr,pers,A:person-candidate,Other Tanakh
393301,1436003,510195,1 Chronicles,4,34,ימלך,nmpr,pers,A:person-candidate,Other Tanakh
393303,1436003,510195,1 Chronicles,4,34,יושה,nmpr,pers,A:person-candidate,Other Tanakh
393305,1436003,510195,1 Chronicles,4,34,אמציה,nmpr,pers,A:person-candidate,Other Tanakh
393307,1436004,510196,1 Chronicles,4,35,יואל,nmpr,pers,A:person-candidate,Other Tanakh
393309,1436004,510196,1 Chronicles,4,35,יהוא,nmpr,pers,A:person-candidate,Other Tanakh
393311,1436004,510196,1 Chronicles,4,35,יושביה,nmpr,pers,A:person-candidate,Other Tanakh
393313,1436004,510196,1 Chronicles,4,35,שריה,nmpr,pers,A:person-candidate,Other Tanakh
393315,1436004,510196,1 Chronicles,4,35,עשיאל,nmpr,pers,A:person-candidate,Other Tanakh
393317,1436005,510197,1 Chronicles,4,36,אליועיני,nmpr,pers,A:person-candidate,Other Tanakh
393319,1436005,510197,1 Chronicles,4,36,יעקבה,nmpr,pers,A:person-candidate,Other Tanakh
393321,1436005,510197,1 Chronicles,4,36,ישוחיה,nmpr,pers,A:person-candidate,Other Tanakh
393323,1436005,510197,1 Chronicles,4,36,עשיה,nmpr,pers,A:person-candidate,Other Tanakh
393325,1436005,510197,1 Chronicles,4,36,עדיאל,nmpr,pers,A:person-candidate,Other Tanakh
393327,1436005,510197,1 Chronicles,4,36,ישימאל,nmpr,pers,A:person-candidate,Other Tanakh
393329,1436005,510197,1 Chronicles,4,36,בניה,nmpr,pers,A:person-candidate,Other Tanakh
393331,1436006,510198,1 Chronicles,4,37,זיזא,nmpr,pers,A:person-candidate,Other Tanakh
393333,1436006,510198,1 Chronicles,4,37,שפעי,nmpr,pers,A:person-candidate,Other Tanakh
393335,1436006,510198,1 Chronicles,4,37,אלון,nmpr,pers,A:person-candidate,Other Tanakh
393337,1436006,510198,1 Chronicles,4,37,ידיה,nmpr,pers,A:person-candidate,Other Tanakh
393339,1436006,510198,1 Chronicles,4,37,שמרי,nmpr,pers,A:person-candidate,Other Tanakh
393341,1436006,510198,1 Chronicles,4,37,שמעיה,nmpr,pers,A:person-candidate,Other Tanakh
393360,1436008,510202,1 Chronicles,4,39,גדר,nmpr,topo,F:unclassified-name,Other Tanakh
393388,1436009,510206,1 Chronicles,4,40,חם,nmpr,"pers,gens",F:unclassified-name,Other Tanakh
393403,1436010,510210,1 Chronicles,4,41,יחזקיהו,nmpr,pers,A:person-candidate,Other Tanakh
393404,1436010,510210,1 Chronicles,4,41,מלך,subs,,B:deity-candidate,Other Tanakh
393405,1436010,510210,1 Chronicles,4,41,יהודה,nmpr,"pers,gens,topo",F:unclassified-name,Other Tanakh
393436,1436011,510216,1 Chronicles,4,42,שמעון,nmpr,"pers,gens,topo",F:unclassified-name,Other Tanakh
393440,1436011,510216,1 Chronicles,4,42,שעיר,nmpr,topo,F:unclassified-name,Other Tanakh
393445,1436011,510217,1 Chronicles,4,42,פלטיה,nmpr,pers,A:person-candidate,Other Tanakh
393447,1436011,510217,1 Chronicles,4,42,נעריה,nmpr,pers,A:person-candidate,Other Tanakh
393449,1436011,510217,1 Chronicles,4,42,רפיה,nmpr,pers,A:person-candidate,Other Tanakh
393451,1436011,510217,1 Chronicles,4,42,עזיאל,nmpr,pers,A:person-candidate,Other Tanakh
393453,1436011,510217,1 Chronicles,4,42,ישעי,nmpr,pers,A:person-candidate,Other Tanakh
393463,1436012,510218,1 Chronicles,4,43,עמלק,nmpr,"pers,gens",F:unclassified-name,Other Tanakh
393474,1436013,510220,1 Chronicles,5,1,ראובן,nmpr,"pers,gens,topo",F:unclassified-name,Other Tanakh
393476,1436013,510220,1 Chronicles,5,1,ישראל,nmpr,"pers,gens,topo",F:unclassified-name,Other Tanakh
393490,1436013,510222,1 Chronicles,5,1,יוסף,nmpr,pers,A:person-candidate,Other Tanakh
393492,1436013,510222,1 Chronicles,5,1,ישראל,nmpr,"pers,gens,topo",F:unclassified-name,Other Tanakh
393501,1436014,510226,1 Chronicles,5,2,יהודה,nmpr,"pers,gens,topo",F:unclassified-name,Other Tanakh
393513,1436014,510228,1 Chronicles,5,2,יוסף,nmpr,pers,A:person-candidate,Other Tanakh
393515,1436015,510229,1 Chronicles,5,3,ראובן,nmpr,"pers,gens,topo",F:unclassified-name,Other Tanakh
393517,1436015,510229,1 Chronicles,5,3,ישראל,nmpr,"pers,gens,topo",F:unclassified-name,Other Tanakh
393518,1436015,510229,1 Chronicles,5,3,חנוך,nmpr,pers,A:person-candidate,Other Tanakh
393520,1436015,510229,1 Chronicles,5,3,פלוא,nmpr,pers,A:person-candidate,Other Tanakh
393521,1436015,510229,1 Chronicles,5,3,חצרון,nmpr,pers,A:person-candidate,Other Tanakh
393523,1436015,510229,1 Chronicles,5,3,כרמי,nmpr,pers,A:person-candidate,Other Tanakh
393525,1436016,510230,1 Chronicles,5,4,יואל,nmpr,pers,A:person-candidate,Other Tanakh
393526,1436016,510230,1 Chronicles,5,4,שמעיה,nmpr,pers,A:person-candidate,Other Tanakh
393528,1436016,510230,1 Chronicles,5,4,גוג,nmpr,pers,A:person-candidate,Other Tanakh
393530,1436016,510230,1 Chronicles,5,4,שמעי,nmpr,pers,A:person-candidate,Other Tanakh
393532,1436017,510231,1 Chronicles,5,5,מיכה,nmpr,pers,A:person-candidate,Other Tanakh
393534,1436017,510231,1 Chronicles,5,5,ראיה,nmpr,pers,A:person-candidate,Other Tanakh
393536,1436017,510231,1 Chronicles,5,5,בעל,nmpr,pers,B:deity-candidate,Other Tanakh
393538,1436018,510232,1 Chronicles,5,6,בארה,nmpr,pers,A:person-candidate,Other Tanakh
393542,1436018,510233,1 Chronicles,5,6,תלגת פלנאסר,nmpr,pers,A:person-candidate,Other Tanakh
393543,1436018,510233,1 Chronicles,5,6,מלך,subs,,B:deity-candidate,Other Tanakh
393544,1436018,510233,1 Chronicles,5,6,אשור,nmpr,topo,F:unclassified-name,Other Tanakh
393560,1436019,510237,1 Chronicles,5,7,יעיאל,nmpr,pers,A:person-candidate,Other Tanakh
393562,1436019,510237,1 Chronicles,5,7,זכריהו,nmpr,pers,A:person-candidate,Other Tanakh
393564,1436020,510238,1 Chronicles,5,8,בלע,nmpr,pers,A:person-candidate,Other Tanakh
393566,1436020,510238,1 Chronicles,5,8,עזז,nmpr,pers,A:person-candidate,Other Tanakh
393568,1436020,510238,1 Chronicles,5,8,שמע,nmpr,pers,A:person-candidate,Other Tanakh
393570,1436020,510238,1 Chronicles,5,8,יואל,nmpr,pers,A:person-candidate,Other Tanakh
393574,1436020,510239,1 Chronicles,5,8,ערוער,nmpr,topo,F:unclassified-name,Other Tanakh
393577,1436020,510239,1 Chronicles,5,8,נבו,nmpr,topo,F:unclassified-name,Other Tanakh
393579,1436020,510239,1 Chronicles,5,8,בעל מעון,nmpr,topo,F:unclassified-name,Other Tanakh
393593,1436021,510241,1 Chronicles,5,9,פרת,nmpr,topo,F:unclassified-name,Other Tanakh
393599,1436021,510242,1 Chronicles,5,9,גלעד,nmpr,topo,F:unclassified-name,Other Tanakh
393603,1436022,510243,1 Chronicles,5,10,שאול,nmpr,pers,A:person-candidate,Other Tanakh
393623,1436022,510245,1 Chronicles,5,10,גלעד,nmpr,topo,F:unclassified-name,Other Tanakh
393626,1436023,510246,1 Chronicles,5,11,גד,nmpr,"pers,gens,topo",B:deity-candidate,Other Tanakh
393633,1436023,510246,1 Chronicles,5,11,בשן,nmpr,topo,F:unclassified-name,Other Tanakh
393635,1436023,510246,1 Chronicles,5,11,סלכה,nmpr,topo,F:unclassified-name,Other Tanakh
393636,1436024,510247,1 Chronicles,5,12,יואל,nmpr,pers,A:person-candidate,Other Tanakh
393640,1436024,510247,1 Chronicles,5,12,שפם,nmpr,pers,A:person-candidate,Other Tanakh
393644,1436024,510247,1 Chronicles,5,12,יעני,nmpr,pers,A:person-candidate,Other Tanakh
393646,1436024,510247,1 Chronicles,5,12,שפט,nmpr,pers,A:person-candidate,Other Tanakh
393649,1436024,510247,1 Chronicles,5,12,בשן,nmpr,topo,F:unclassified-name,Other Tanakh
393655,1436025,510248,1 Chronicles,5,13,מיכאל,nmpr,pers,A:person-candidate,Other Tanakh
393657,1436025,510248,1 Chronicles,5,13,משלם,nmpr,pers,A:person-candidate,Other Tanakh
393659,1436025,510248,1 Chronicles,5,13,שבע,nmpr,pers,A:person-candidate,Other Tanakh
393661,1436025,510248,1 Chronicles,5,13,יורי,nmpr,pers,A:person-candidate,Other Tanakh
393663,1436025,510248,1 Chronicles,5,13,יעכן,nmpr,pers,A:person-candidate,Other Tanakh
393665,1436025,510248,1 Chronicles,5,13,זיע,nmpr,pers,A:person-candidate,Other Tanakh
393667,1436025,510248,1 Chronicles,5,13,עבר,nmpr,pers,A:person-candidate,Other Tanakh
393671,1436026,510249,1 Chronicles,5,14,אביחיל,nmpr,pers,A:person-candidate,Other Tanakh
393673,1436026,510249,1 Chronicles,5,14,חורי,nmpr,pers,A:person-candidate,Other Tanakh
393675,1436026,510249,1 Chronicles,5,14,ירוח,nmpr,pers,A:person-candidate,Other Tanakh
393677,1436026,510249,1 Chronicles,5,14,גלעד,nmpr,topo,F:unclassified-name,Other Tanakh
393679,1436026,510249,1 Chronicles,5,14,מיכאל,nmpr,pers,A:person-candidate,Other Tanakh
393681,1436026,510249,1 Chronicles,5,14,ישישי,nmpr,pers,A:person-candidate,Other Tanakh
393683,1436026,510249,1 Chronicles,5,14,יחדו,nmpr,pers,A:person-candidate,Other Tanakh
393685,1436026,510249,1 Chronicles,5,14,בוז,nmpr,pers,A:person-candidate,Other Tanakh
393686,1436027,510250,1 Chronicles,5,15,אחי,nmpr,pers,A:person-candidate,Other Tanakh
393688,1436027,510250,1 Chronicles,5,15,עבדיאל,nmpr,pers,A:person-candidate,Other Tanakh
393690,1436027,510250,1 Chronicles,5,15,גוני,nmpr,pers,A:person-candidate,Other Tanakh
393699,1436028,510251,1 Chronicles,5,16,גלעד,nmpr,topo,F:unclassified-name,Other Tanakh
393702,1436028,510251,1 Chronicles,5,16,בשן,nmpr,topo,F:unclassified-name,Other Tanakh
393710,1436028,510251,1 Chronicles,5,16,שרון,nmpr,topo,F:unclassified-name,Other Tanakh
393717,1436029,510252,1 Chronicles,5,17,יותם,nmpr,pers,A:person-candidate,Other Tanakh
393718,1436029,510252,1 Chronicles,5,17,מלך,subs,,B:deity-candidate,Other Tanakh
393719,1436029,510252,1 Chronicles,5,17,יהודה,nmpr,"pers,gens,topo",F:unclassified-name,Other Tanakh
393723,1436029,510252,1 Chronicles,5,17,ירבעם,nmpr,pers,A:person-candidate,Other Tanakh
393724,1436029,510252,1 Chronicles,5,17,מלך,subs,,B:deity-candidate,Other Tanakh
393725,1436029,510252,1 Chronicles,5,17,ישראל,nmpr,"pers,gens,topo",F:unclassified-name,Other Tanakh
393727,1436030,510253,1 Chronicles,5,18,ראובן,nmpr,"pers,gens,topo",F:unclassified-name,Other Tanakh
393733,1436030,510253,1 Chronicles,5,18,מנשה,nmpr,"pers,gens",F:unclassified-name,Other Tanakh
393766,1436031,510259,1 Chronicles,5,19,יטור,nmpr,pers,A:person-candidate,Other Tanakh
393768,1436031,510259,1 Chronicles,5,19,נפיש,nmpr,pers,A:person-candidate,Other Tanakh
393770,1436031,510259,1 Chronicles,5,19,נודב,nmpr,gens,F:unclassified-name,Other Tanakh
393786,1436032,510263,1 Chronicles,5,20,אלהים,subs,,D:Elohim,Other Tanakh
393824,1436034,510268,1 Chronicles,5,22,אלהים,subs,,D:Elohim,Other Tanakh
393837,1436035,510270,1 Chronicles,5,23,מנשה,nmpr,"pers,gens",F:unclassified-name,Other Tanakh
393843,1436035,510271,1 Chronicles,5,23,בשן,nmpr,topo,F:unclassified-name,Other Tanakh
393845,1436035,510271,1 Chronicles,5,23,בעל חרמון,nmpr,topo,F:unclassified-name,Other Tanakh
393847,1436035,510271,1 Chronicles,5,23,שניר,nmpr,topo,F:unclassified-name,Other Tanakh
393850,1436035,510271,1 Chronicles,5,23,חרמון,nmpr,topo,F:unclassified-name,Other Tanakh
393859,1436036,510273,1 Chronicles,5,24,עפר,nmpr,pers,A:person-candidate,Other Tanakh
393861,1436036,510273,1 Chronicles,5,24,ישעי,nmpr,pers,A:person-candidate,Other Tanakh
393863,1436036,510273,1 Chronicles,5,24,אליאל,nmpr,pers,A:person-candidate,Other Tanakh
393865,1436036,510273,1 Chronicles,5,24,עזריאל,nmpr,pers,A:person-candidate,Other Tanakh
393867,1436036,510273,1 Chronicles,5,24,ירמיה,nmpr,pers,A:person-candidate,Other Tanakh
393869,1436036,510273,1 Chronicles,5,24,הודויה,nmpr,pers,A:person-candidate,Other Tanakh
393871,1436036,510273,1 Chronicles,5,24,יחדיאל,nmpr,pers,A:person-candidate,Other Tanakh
393884,1436037,510276,1 Chronicles,5,25,אלהים,subs,,D:Elohim,Other Tanakh
393889,1436037,510277,1 Chronicles,5,25,אלהים,subs,,D:Elohim,Other Tanakh
393895,1436037,510278,1 Chronicles,5,25,אלהים,subs,,D:Elohim,Other Tanakh
393900,1436038,510279,1 Chronicles,5,26,אלהים,subs,,D:Elohim,Other Tanakh
393901,1436038,510279,1 Chronicles,5,26,ישראל,nmpr,"pers,gens,topo",F:unclassified-name,Other Tanakh
393904,1436038,510279,1 Chronicles,5,26,פול,nmpr,pers,A:person-candidate,Other Tanakh
393905,1436038,510279,1 Chronicles,5,26,מלך,subs,,B:deity-candidate,Other Tanakh
393906,1436038,510279,1 Chronicles,5,26,אשור,nmpr,topo,F:unclassified-name,Other Tanakh
393910,1436038,510279,1 Chronicles,5,26,תלגת פלנאסר,nmpr,pers,A:person-candidate,Other Tanakh
393911,1436038,510279,1 Chronicles,5,26,מלך,subs,,B:deity-candidate,Other Tanakh
393912,1436038,510279,1 Chronicles,5,26,אשור,nmpr,topo,F:unclassified-name,Other Tanakh
393926,1436038,510280,1 Chronicles,5,26,מנשה,nmpr,"pers,gens",F:unclassified-name,Other Tanakh
393930,1436038,510281,1 Chronicles,5,26,חלח,nmpr,topo,F:unclassified-name,Other Tanakh
393932,1436038,510281,1 Chronicles,5,26,חבור,nmpr,topo,F:unclassified-name,Other Tanakh
393934,1436038,510281,1 Chronicles,5,26,הרא,nmpr,topo,F:unclassified-name,Other Tanakh
393937,1436038,510281,1 Chronicles,5,26,גוזן,nmpr,topo,F:unclassified-name,Other Tanakh
393944,1436039,510282,1 Chronicles,5,27,לוי,nmpr,"pers,gens",F:unclassified-name,Other Tanakh
393945,1436039,510282,1 Chronicles,5,27,גרשון,nmpr,pers,A:person-candidate,Other Tanakh
393946,1436039,510282,1 Chronicles,5,27,קהת,nmpr,pers,A:person-candidate,Other Tanakh
393948,1436039,510282,1 Chronicles,5,27,מררי,nmpr,pers,A:person-candidate,Other Tanakh
393951,1436040,510283,1 Chronicles,5,28,קהת,nmpr,pers,A:person-candidate,Other Tanakh
393952,1436040,510283,1 Chronicles,5,28,עמרם,nmpr,pers,A:person-candidate,Other Tanakh
393953,1436040,510283,1 Chronicles,5,28,יצהר,nmpr,pers,A:person-candidate,Other Tanakh
393955,1436040,510283,1 Chronicles,5,28,חברון,nmpr,pers,A:person-candidate,Other Tanakh
393957,1436040,510283,1 Chronicles,5,28,עזיאל,nmpr,pers,A:person-candidate,Other Tanakh
393960,1436041,510284,1 Chronicles,5,29,עמרם,nmpr,pers,A:person-candidate,Other Tanakh
393961,1436041,510284,1 Chronicles,5,29,אהרן,nmpr,pers,A:person-candidate,Other Tanakh
393963,1436041,510284,1 Chronicles,5,29,משה,nmpr,pers,A:person-candidate,Other Tanakh
393965,1436041,510284,1 Chronicles,5,29,מרים,nmpr,pers,A:person-candidate,Other Tanakh
393968,1436041,510285,1 Chronicles,5,29,אהרן,nmpr,pers,A:person-candidate,Other Tanakh
393969,1436041,510285,1 Chronicles,5,29,נדב,nmpr,pers,A:person-candidate,Other Tanakh
393971,1436041,510285,1 Chronicles,5,29,אביהוא,nmpr,pers,A:person-candidate,Other Tanakh
393972,1436041,510285,1 Chronicles,5,29,אלעזר,nmpr,pers,A:person-candidate,Other Tanakh
393974,1436041,510285,1 Chronicles,5,29,איתמר,nmpr,pers,A:person-candidate,Other Tanakh
393975,1436042,510286,1 Chronicles,5,30,אלעזר,nmpr,pers,A:person-candidate,Other Tanakh
393978,1436042,510286,1 Chronicles,5,30,פינחס,nmpr,pers,A:person-candidate,Other Tanakh
393979,1436042,510287,1 Chronicles,5,30,פינחס,nmpr,pers,A:person-candidate,Other Tanakh
393982,1436042,510287,1 Chronicles,5,30,אבישוע,nmpr,pers,A:person-candidate,Other Tanakh
393984,1436043,510288,1 Chronicles,5,31,אבישוע,nmpr,pers,A:person-candidate,Other Tanakh
393987,1436043,510288,1 Chronicles,5,31,בקי,nmpr,pers,A:person-candidate,Other Tanakh
393989,1436043,510289,1 Chronicles,5,31,בקי,nmpr,pers,A:person-candidate,Other Tanakh
393992,1436043,510289,1 Chronicles,5,31,עזי,nmpr,pers,A:person-candidate,Other Tanakh
393994,1436044,510290,1 Chronicles,5,32,עזי,nmpr,pers,A:person-candidate,Other Tanakh
393997,1436044,510290,1 Chronicles,5,32,זרחיה,nmpr,pers,A:person-candidate,Other Tanakh
393999,1436044,510291,1 Chronicles,5,32,זרחיה,nmpr,pers,A:person-candidate,Other Tanakh
394002,1436044,510291,1 Chronicles,5,32,מריות,nmpr,pers,A:person-candidate,Other Tanakh
394003,1436045,510292,1 Chronicles,5,33,מריות,nmpr,pers,A:person-candidate,Other Tanakh
394006,1436045,510292,1 Chronicles,5,33,אמריה,nmpr,pers,A:person-candidate,Other Tanakh
394008,1436045,510293,1 Chronicles,5,33,אמריה,nmpr,pers,A:person-candidate,Other Tanakh
394011,1436045,510293,1 Chronicles,5,33,אחיטוב,nmpr,pers,A:person-candidate,Other Tanakh
394013,1436046,510294,1 Chronicles,5,34,אחיטוב,nmpr,pers,A:person-candidate,Other Tanakh
394016,1436046,510294,1 Chronicles,5,34,צדוק,nmpr,pers,A:person-candidate,Other Tanakh
394018,1436046,510295,1 Chronicles,5,34,צדוק,nmpr,pers,A:person-candidate,Other Tanakh
394021,1436046,510295,1 Chronicles,5,34,אחימעץ,nmpr,pers,A:person-candidate,Other Tanakh
394023,1436047,510296,1 Chronicles,5,35,אחימעץ,nmpr,pers,A:person-candidate,Other Tanakh
394026,1436047,510296,1 Chronicles,5,35,עזריה,nmpr,pers,A:person-candidate,Other Tanakh
394028,1436047,510297,1 Chronicles,5,35,עזריה,nmpr,pers,A:person-candidate,Other Tanakh
394031,1436047,510297,1 Chronicles,5,35,יוחנן,nmpr,pers,A:person-candidate,Other Tanakh
394033,1436048,510298,1 Chronicles,5,36,יוחנן,nmpr,pers,A:person-candidate,Other Tanakh
394036,1436048,510298,1 Chronicles,5,36,עזריה,nmpr,pers,A:person-candidate,Other Tanakh
394045,1436048,510301,1 Chronicles,5,36,שלמה,nmpr,pers,A:person-candidate,Other Tanakh
394047,1436048,510301,1 Chronicles,5,36,ירושלם,nmpr,topo,F:unclassified-name,Other Tanakh
394050,1436049,510302,1 Chronicles,5,37,עזריה,nmpr,pers,A:person-candidate,Other Tanakh
394052,1436049,510302,1 Chronicles,5,37,אמריה,nmpr,pers,A:person-candidate,Other Tanakh
394054,1436049,510303,1 Chronicles,5,37,אמריה,nmpr,pers,A:person-candidate,Other Tanakh
394057,1436049,510303,1 Chronicles,5,37,אחיטוב,nmpr,pers,A:person-candidate,Other Tanakh
394059,1436050,510304,1 Chronicles,5,38,אחיטוב,nmpr,pers,A:person-candidate,Other Tanakh
394062,1436050,510304,1 Chronicles,5,38,צדוק,nmpr,pers,A:person-candidate,Other Tanakh
394064,1436050,510305,1 Chronicles,5,38,צדוק,nmpr,pers,A:person-candidate,Other Tanakh
394067,1436050,510305,1 Chronicles,5,38,שלום,nmpr,pers,A:person-candidate,Other Tanakh
394069,1436051,510306,1 Chronicles,5,39,שלום,nmpr,pers,A:person-candidate,Other Tanakh
394072,1436051,510306,1 Chronicles,5,39,חלקיה,nmpr,pers,A:person-candidate,Other Tanakh
394074,1436051,510307,1 Chronicles,5,39,חלקיה,nmpr,pers,A:person-candidate,Other Tanakh
394077,1436051,510307,1 Chronicles,5,39,עזריה,nmpr,pers,A:person-candidate,Other Tanakh
394079,1436052,510308,1 Chronicles,5,40,עזריה,nmpr,pers,A:person-candidate,Other Tanakh
394082,1436052,510308,1 Chronicles,5,40,שריה,nmpr,pers,A:person-candidate,Other Tanakh
394084,1436052,510309,1 Chronicles,5,40,שריה,nmpr,pers,A:person-candidate,Other Tanakh
394087,1436052,510309,1 Chronicles,5,40,יהוצדק,nmpr,pers,A:person-candidate,Other Tanakh
394089,1436053,510310,1 Chronicles,5,41,יהוצדק,nmpr,pers,A:person-candidate,Other Tanakh
394093,1436053,510311,1 Chronicles,5,41,יהוה,nmpr,pers,E:YHWH,Other Tanakh
394095,1436053,510311,1 Chronicles,5,41,יהודה,nmpr,"pers,gens,topo",F:unclassified-name,Other Tanakh
394097,1436053,510311,1 Chronicles,5,41,ירושלם,nmpr,topo,F:unclassified-name,Other Tanakh
394100,1436053,510311,1 Chronicles,5,41,נבוכדנאצר,nmpr,pers,A:person-candidate,Other Tanakh
394102,1436054,510312,1 Chronicles,6,1,לוי,nmpr,"pers,gens",F:unclassified-name,Other Tanakh
394103,1436054,510312,1 Chronicles,6,1,גרשם,nmpr,pers,A:person-candidate,Other Tanakh
394104,1436054,510312,1 Chronicles,6,1,קהת,nmpr,pers,A:person-candidate,Other Tanakh
394106,1436054,510312,1 Chronicles,6,1,מררי,nmpr,pers,A:person-candidate,Other Tanakh
394111,1436055,510313,1 Chronicles,6,2,גרשם,nmpr,pers,A:person-candidate,Other Tanakh
394112,1436055,510314,1 Chronicles,6,2,לבני,nmpr,pers,A:person-candidate,Other Tanakh
394114,1436055,510314,1 Chronicles,6,2,שמעי,nmpr,pers,A:person-candidate,Other Tanakh
394117,1436056,510315,1 Chronicles,6,3,קהת,nmpr,pers,A:person-candidate,Other Tanakh
394118,1436056,510315,1 Chronicles,6,3,עמרם,nmpr,pers,A:person-candidate,Other Tanakh
394120,1436056,510315,1 Chronicles,6,3,יצהר,nmpr,pers,A:person-candidate,Other Tanakh
394122,1436056,510315,1 Chronicles,6,3,חברון,nmpr,pers,A:person-candidate,Other Tanakh
394124,1436056,510315,1 Chronicles,6,3,עזיאל,nmpr,pers,A:person-candidate,Other Tanakh
394126,1436057,510316,1 Chronicles,6,4,מררי,nmpr,pers,A:person-candidate,Other Tanakh
394127,1436057,510316,1 Chronicles,6,4,מחלי,nmpr,pers,A:person-candidate,Other Tanakh
394129,1436057,510316,1 Chronicles,6,4,מושי,nmpr,pers,A:person-candidate,Other Tanakh
394138,1436058,510318,1 Chronicles,6,5,גרשם,nmpr,pers,A:person-candidate,Other Tanakh
394139,1436058,510318,1 Chronicles,6,5,לבני,nmpr,pers,A:person-candidate,Other Tanakh
394141,1436058,510318,1 Chronicles,6,5,יחת,nmpr,pers,A:person-candidate,Other Tanakh
394143,1436058,510318,1 Chronicles,6,5,זמה,nmpr,pers,A:person-candidate,Other Tanakh
394145,1436059,510319,1 Chronicles,6,6,יואח,nmpr,pers,A:person-candidate,Other Tanakh
394147,1436059,510319,1 Chronicles,6,6,עדו,nmpr,pers,A:person-candidate,Other Tanakh
394149,1436059,510319,1 Chronicles,6,6,זרח,nmpr,pers,A:person-candidate,Other Tanakh
394151,1436059,510319,1 Chronicles,6,6,יאתרי,nmpr,pers,A:person-candidate,Other Tanakh
394154,1436060,510320,1 Chronicles,6,7,קהת,nmpr,pers,A:person-candidate,Other Tanakh
394155,1436060,510320,1 Chronicles,6,7,עמינדב,nmpr,pers,A:person-candidate,Other Tanakh
394157,1436060,510320,1 Chronicles,6,7,קרח,nmpr,pers,A:person-candidate,Other Tanakh
394159,1436060,510320,1 Chronicles,6,7,אסיר,nmpr,pers,A:person-candidate,Other Tanakh
394161,1436061,510321,1 Chronicles,6,8,אלקנה,nmpr,pers,A:person-candidate,Other Tanakh
394164,1436061,510321,1 Chronicles,6,8,אביסף,nmpr,pers,A:person-candidate,Other Tanakh
394167,1436061,510321,1 Chronicles,6,8,אסיר,nmpr,pers,A:person-candidate,Other Tanakh
394169,1436062,510322,1 Chronicles,6,9,תחת,nmpr,pers,A:person-candidate,Other Tanakh
394171,1436062,510322,1 Chronicles,6,9,אוריאל,nmpr,pers,A:person-candidate,Other Tanakh
394173,1436062,510322,1 Chronicles,6,9,עזיה,nmpr,pers,A:person-candidate,Other Tanakh
394176,1436062,510322,1 Chronicles,6,9,שאול,nmpr,pers,A:person-candidate,Other Tanakh
394180,1436063,510323,1 Chronicles,6,10,אלקנה,nmpr,pers,A:person-candidate,Other Tanakh
394181,1436063,510323,1 Chronicles,6,10,עמשי,nmpr,pers,A:person-candidate,Other Tanakh
394183,1436063,510323,1 Chronicles,6,10,אחימות,nmpr,pers,A:person-candidate,Other Tanakh
394184,1436064,510324,1 Chronicles,6,11,אלקנה,nmpr,pers,A:person-candidate,Other Tanakh
394186,1436064,510325,1 Chronicles,6,11,אלקנה,nmpr,pers,A:person-candidate,Other Tanakh
394187,1436064,510325,1 Chronicles,6,11,צופי,nmpr,pers,A:person-candidate,Other Tanakh
394190,1436064,510325,1 Chronicles,6,11,נחת,nmpr,pers,A:person-candidate,Other Tanakh
394192,1436065,510326,1 Chronicles,6,12,אליאב,nmpr,pers,A:person-candidate,Other Tanakh
394194,1436065,510326,1 Chronicles,6,12,ירחם,nmpr,pers,A:person-candidate,Other Tanakh
394196,1436065,510326,1 Chronicles,6,12,אלקנה,nmpr,pers,A:person-candidate,Other Tanakh
394200,1436066,510327,1 Chronicles,6,13,שמואל,nmpr,pers,A:person-candidate,Other Tanakh
394203,1436066,510327,1 Chronicles,6,13,ושני,nmpr,pers,A:person-candidate,Other Tanakh
394205,1436066,510327,1 Chronicles,6,13,אביה,nmpr,pers,A:person-candidate,Other Tanakh
394207,1436067,510328,1 Chronicles,6,14,מררי,nmpr,pers,A:person-candidate,Other Tanakh
394208,1436067,510328,1 Chronicles,6,14,מחלי,nmpr,pers,A:person-candidate,Other Tanakh
394209,1436067,510328,1 Chronicles,6,14,לבני,nmpr,pers,A:person-candidate,Other Tanakh
394211,1436067,510328,1 Chronicles,6,14,שמעי,nmpr,pers,A:person-candidate,Other Tanakh
394213,1436067,510328,1 Chronicles,6,14,עזה,nmpr,pers,A:person-candidate,Other Tanakh
394215,1436068,510329,1 Chronicles,6,15,שמעא,nmpr,pers,A:person-candidate,Other Tanakh
394217,1436068,510329,1 Chronicles,6,15,חגיה,nmpr,pers,A:person-candidate,Other Tanakh
394219,1436068,510329,1 Chronicles,6,15,עשיה,nmpr,pers,A:person-candidate,Other Tanakh
394225,1436069,510331,1 Chronicles,6,16,דוד,nmpr,pers,A:person-candidate,Other Tanakh
394230,1436069,510331,1 Chronicles,6,16,יהוה,nmpr,pers,E:YHWH,Other Tanakh
394248,1436070,510333,1 Chronicles,6,17,שלמה,nmpr,pers,A:person-candidate,Other Tanakh
394251,1436070,510333,1 Chronicles,6,17,יהוה,nmpr,pers,E:YHWH,Other Tanakh
394253,1436070,510333,1 Chronicles,6,17,ירושלם,nmpr,topo,F:unclassified-name,Other Tanakh
394270,1436071,510338,1 Chronicles,6,18,הימן,nmpr,pers,A:person-candidate,Other Tanakh
394274,1436071,510338,1 Chronicles,6,18,יואל,nmpr,pers,A:person-candidate,Other Tanakh
394276,1436071,510338,1 Chronicles,6,18,שמואל,nmpr,pers,A:person-candidate,Other Tanakh
394278,1436072,510339,1 Chronicles,6,19,אלקנה,nmpr,pers,A:person-candidate,Other Tanakh
394280,1436072,510339,1 Chronicles,6,19,ירחם,nmpr,pers,A:person-candidate,Other Tanakh
394282,1436072,510339,1 Chronicles,6,19,אליאל,nmpr,pers,A:person-candidate,Other Tanakh
394284,1436072,510339,1 Chronicles,6,19,תוח,nmpr,pers,A:person-candidate,Other Tanakh
394286,1436073,510340,1 Chronicles,6,20,צוף,nmpr,pers,A:person-candidate,Other Tanakh
394288,1436073,510340,1 Chronicles,6,20,אלקנה,nmpr,pers,A:person-candidate,Other Tanakh
394290,1436073,510340,1 Chronicles,6,20,מחת,nmpr,pers,A:person-candidate,Other Tanakh
394292,1436073,510340,1 Chronicles,6,20,עמשי,nmpr,pers,A:person-candidate,Other Tanakh
394294,1436074,510341,1 Chronicles,6,21,אלקנה,nmpr,pers,A:person-candidate,Other Tanakh
394296,1436074,510341,1 Chronicles,6,21,יואל,nmpr,pers,A:person-candidate,Other Tanakh
394298,1436074,510341,1 Chronicles,6,21,עזריה,nmpr,pers,A:person-candidate,Other Tanakh
394300,1436074,510341,1 Chronicles,6,21,צפניה,nmpr,pers,A:person-candidate,Other Tanakh
394302,1436075,510342,1 Chronicles,6,22,תחת,nmpr,pers,A:person-candidate,Other Tanakh
394304,1436075,510342,1 Chronicles,6,22,אסיר,nmpr,pers,A:person-candidate,Other Tanakh
394306,1436075,510342,1 Chronicles,6,22,אביסף,nmpr,pers,A:person-candidate,Other Tanakh
394308,1436075,510342,1 Chronicles,6,22,קרח,nmpr,pers,A:person-candidate,Other Tanakh
394310,1436076,510343,1 Chronicles,6,23,יצהר,nmpr,pers,A:person-candidate,Other Tanakh
394312,1436076,510343,1 Chronicles,6,23,קהת,nmpr,pers,A:person-candidate,Other Tanakh
394314,1436076,510343,1 Chronicles,6,23,לוי,nmpr,"pers,gens",F:unclassified-name,Other Tanakh
394316,1436076,510343,1 Chronicles,6,23,ישראל,nmpr,"pers,gens,topo",F:unclassified-name,Other Tanakh
394319,1436077,510344,1 Chronicles,6,24,אסף,nmpr,pers,A:person-candidate,Other Tanakh
394324,1436077,510346,1 Chronicles,6,24,אסף,nmpr,pers,A:person-candidate,Other Tanakh
394326,1436077,510346,1 Chronicles,6,24,ברכיהו,nmpr,pers,A:person-candidate,Other Tanakh
394328,1436077,510346,1 Chronicles,6,24,שמעא,nmpr,pers,A:person-candidate,Other Tanakh
394330,1436078,510347,1 Chronicles,6,25,מיכאל,nmpr,pers,A:person-candidate,Other Tanakh
394332,1436078,510347,1 Chronicles,6,25,בעשיה,nmpr,pers,A:person-candidate,Other Tanakh
394334,1436078,510347,1 Chronicles,6,25,מלכיה,nmpr,pers,A:person-candidate,Other Tanakh
394336,1436079,510348,1 Chronicles,6,26,אתני,nmpr,pers,A:person-candidate,Other Tanakh
394338,1436079,510348,1 Chronicles,6,26,זרח,nmpr,pers,A:person-candidate,Other Tanakh
394340,1436079,510348,1 Chronicles,6,26,עדיה,nmpr,pers,A:person-candidate,Other Tanakh
394342,1436080,510349,1 Chronicles,6,27,איתן,nmpr,pers,A:person-candidate,Other Tanakh
394344,1436080,510349,1 Chronicles,6,27,זמה,nmpr,pers,A:person-candidate,Other Tanakh
394346,1436080,510349,1 Chronicles,6,27,שמעי,nmpr,pers,A:person-candidate,Other Tanakh
394348,1436081,510350,1 Chronicles,6,28,יחת,nmpr,pers,A:person-candidate,Other Tanakh
394350,1436081,510350,1 Chronicles,6,28,גרשם,nmpr,pers,A:person-candidate,Other Tanakh
394352,1436081,510350,1 Chronicles,6,28,לוי,nmpr,"pers,gens",F:unclassified-name,Other Tanakh
394355,1436082,510351,1 Chronicles,6,29,מררי,nmpr,pers,A:person-candidate,Other Tanakh
394360,1436082,510352,1 Chronicles,6,29,איתן,nmpr,pers,A:person-candidate,Other Tanakh
394362,1436082,510352,1 Chronicles,6,29,קישי,nmpr,pers,A:person-candidate,Other Tanakh
394364,1436082,510352,1 Chronicles,6,29,עבדי,nmpr,pers,A:person-candidate,Other Tanakh
394366,1436082,510352,1 Chronicles,6,29,מלוך,nmpr,pers,A:person-candidate,Other Tanakh
394368,1436083,510353,1 Chronicles,6,30,חשביה,nmpr,pers,A:person-candidate,Other Tanakh
394370,1436083,510353,1 Chronicles,6,30,אמציה,nmpr,pers,A:person-candidate,Other Tanakh
394372,1436083,510353,1 Chronicles,6,30,חלקיה,nmpr,pers,A:person-candidate,Other Tanakh
394374,1436084,510354,1 Chronicles,6,31,אמצי,nmpr,pers,A:person-candidate,Other Tanakh
394376,1436084,510354,1 Chronicles,6,31,בני,nmpr,pers,A:person-candidate,Other Tanakh
394378,1436084,510354,1 Chronicles,6,31,שמר,nmpr,pers,A:person-candidate,Other Tanakh
394380,1436085,510355,1 Chronicles,6,32,מחלי,nmpr,pers,A:person-candidate,Other Tanakh
394382,1436085,510355,1 Chronicles,6,32,מושי,nmpr,pers,A:person-candidate,Other Tanakh
394384,1436085,510355,1 Chronicles,6,32,מררי,nmpr,pers,A:person-candidate,Other Tanakh
394386,1436085,510355,1 Chronicles,6,32,לוי,nmpr,"pers,gens",F:unclassified-name,Other Tanakh
394398,1436086,510356,1 Chronicles,6,33,אלהים,subs,,D:Elohim,Other Tanakh
394400,1436087,510357,1 Chronicles,6,34,אהרן,nmpr,pers,A:person-candidate,Other Tanakh
394423,1436087,510358,1 Chronicles,6,34,ישראל,nmpr,"pers,gens,topo",F:unclassified-name,Other Tanakh
394428,1436087,510359,1 Chronicles,6,34,משה,nmpr,pers,A:person-candidate,Other Tanakh
394431,1436087,510359,1 Chronicles,6,34,אלהים,subs,,D:Elohim,Other Tanakh
394435,1436088,510360,1 Chronicles,6,35,אהרן,nmpr,pers,A:person-candidate,Other Tanakh
394436,1436088,510361,1 Chronicles,6,35,אלעזר,nmpr,pers,A:person-candidate,Other Tanakh
394438,1436088,510361,1 Chronicles,6,35,פינחס,nmpr,pers,A:person-candidate,Other Tanakh
394440,1436088,510361,1 Chronicles,6,35,אבישוע,nmpr,pers,A:person-candidate,Other Tanakh
394442,1436089,510362,1 Chronicles,6,36,בקי,nmpr,pers,A:person-candidate,Other Tanakh
394444,1436089,510362,1 Chronicles,6,36,עזי,nmpr,pers,A:person-candidate,Other Tanakh
394446,1436089,510362,1 Chronicles,6,36,זרחיה,nmpr,pers,A:person-candidate,Other Tanakh
394448,1436090,510363,1 Chronicles,6,37,מריות,nmpr,pers,A:person-candidate,Other Tanakh
394450,1436090,510363,1 Chronicles,6,37,אמריה,nmpr,pers,A:person-candidate,Other Tanakh
394452,1436090,510363,1 Chronicles,6,37,אחיטוב,nmpr,pers,A:person-candidate,Other Tanakh
394454,1436091,510364,1 Chronicles,6,38,צדוק,nmpr,pers,A:person-candidate,Other Tanakh
394456,1436091,510364,1 Chronicles,6,38,אחימעץ,nmpr,pers,A:person-candidate,Other Tanakh
394467,1436092,510365,1 Chronicles,6,39,אהרן,nmpr,pers,A:person-candidate,Other Tanakh
394481,1436093,510367,1 Chronicles,6,40,חברון,nmpr,topo,F:unclassified-name,Other Tanakh
394484,1436093,510367,1 Chronicles,6,40,יהודה,nmpr,"pers,gens,topo",F:unclassified-name,Other Tanakh
394499,1436094,510368,1 Chronicles,6,41,כלב,nmpr,pers,A:person-candidate,Other Tanakh
394501,1436094,510368,1 Chronicles,6,41,יפנה,nmpr,pers,A:person-candidate,Other Tanakh
394505,1436095,510369,1 Chronicles,6,42,אהרן,nmpr,pers,A:person-candidate,Other Tanakh
394512,1436095,510369,1 Chronicles,6,42,חברון,nmpr,topo,F:unclassified-name,Other Tanakh
394515,1436095,510369,1 Chronicles,6,42,לבנה,nmpr,topo,F:unclassified-name,Other Tanakh
394521,1436095,510369,1 Chronicles,6,42,יתר,nmpr,topo,F:unclassified-name,Other Tanakh
394524,1436095,510369,1 Chronicles,6,42,אשתמע,nmpr,topo,F:unclassified-name,Other Tanakh
394530,1436096,510370,1 Chronicles,6,43,חילז,nmpr,topo,F:unclassified-name,Other Tanakh
394535,1436096,510370,1 Chronicles,6,43,דבר,nmpr,topo,F:unclassified-name,Other Tanakh
394541,1436097,510371,1 Chronicles,6,44,עשן,nmpr,topo,F:unclassified-name,Other Tanakh
394547,1436097,510371,1 Chronicles,6,44,בית שמש,nmpr,topo,F:unclassified-name,Other Tanakh
394554,1436098,510372,1 Chronicles,6,45,בנימן,nmpr,"pers,gens,topo",F:unclassified-name,Other Tanakh
394556,1436098,510372,1 Chronicles,6,45,גבע,nmpr,topo,F:unclassified-name,Other Tanakh
394562,1436098,510372,1 Chronicles,6,45,עלמת,nmpr,topo,F:unclassified-name,Other Tanakh
394568,1436098,510372,1 Chronicles,6,45,ענתות,nmpr,topo,F:unclassified-name,Other Tanakh
394582,1436099,510374,1 Chronicles,6,46,קהת,nmpr,pers,A:person-candidate,Other Tanakh
394593,1436099,510374,1 Chronicles,6,46,מנשה,nmpr,"pers,gens",F:unclassified-name,Other Tanakh
394602,1436100,510376,1 Chronicles,6,47,גרשם,nmpr,pers,A:person-candidate,Other Tanakh
394607,1436100,510376,1 Chronicles,6,47,יששכר,nmpr,"pers,gens,topo",F:unclassified-name,Other Tanakh
394611,1436100,510376,1 Chronicles,6,47,אשר,nmpr,"pers,gens,topo",F:unclassified-name,Other Tanakh
394615,1436100,510376,1 Chronicles,6,47,נפתלי,nmpr,"pers,gens,topo",F:unclassified-name,Other Tanakh
394619,1436100,510376,1 Chronicles,6,47,מנשה,nmpr,"pers,gens",F:unclassified-name,Other Tanakh
394622,1436100,510376,1 Chronicles,6,47,בשן,nmpr,topo,F:unclassified-name,Other Tanakh
394628,1436101,510377,1 Chronicles,6,48,מררי,nmpr,pers,A:person-candidate,Other Tanakh
394633,1436101,510377,1 Chronicles,6,48,ראובן,nmpr,"pers,gens,topo",F:unclassified-name,Other Tanakh
394637,1436101,510377,1 Chronicles,6,48,גד,nmpr,"pers,gens,topo",B:deity-candidate,Other Tanakh
394641,1436101,510377,1 Chronicles,6,48,זבולן,nmpr,"pers,gens,topo",F:unclassified-name,Other Tanakh
394651,1436102,510378,1 Chronicles,6,49,ישראל,nmpr,"pers,gens,topo",F:unclassified-name,Other Tanakh
394669,1436103,510379,1 Chronicles,6,50,יהודה,nmpr,"pers,gens,topo",F:unclassified-name,Other Tanakh
394674,1436103,510379,1 Chronicles,6,50,שמעון,nmpr,"pers,gens,topo",F:unclassified-name,Other Tanakh
394679,1436103,510379,1 Chronicles,6,50,בנימן,nmpr,"pers,gens,topo",F:unclassified-name,Other Tanakh
394694,1436104,510381,1 Chronicles,6,51,קהת,nmpr,pers,A:person-candidate,Other Tanakh
394701,1436104,510382,1 Chronicles,6,51,אפרים,nmpr,"pers,gens,topo",F:unclassified-name,Other Tanakh
394710,1436105,510383,1 Chronicles,6,52,שכם,nmpr,topo,F:unclassified-name,Other Tanakh
394716,1436105,510383,1 Chronicles,6,52,אפרים,nmpr,"pers,gens,topo",F:unclassified-name,Other Tanakh
394719,1436105,510383,1 Chronicles,6,52,גזר,nmpr,topo,F:unclassified-name,Other Tanakh
394725,1436106,510384,1 Chronicles,6,53,יקמעם,nmpr,topo,F:unclassified-name,Other Tanakh
394731,1436106,510384,1 Chronicles,6,53,בית חורון,nmpr,topo,F:unclassified-name,Other Tanakh
394737,1436107,510385,1 Chronicles,6,54,אילון,nmpr,topo,F:unclassified-name,Other Tanakh
394743,1436107,510385,1 Chronicles,6,54,גת רמון,nmpr,topo,F:unclassified-name,Other Tanakh
394751,1436108,510386,1 Chronicles,6,55,מנשה,nmpr,"pers,gens",F:unclassified-name,Other Tanakh
394753,1436108,510386,1 Chronicles,6,55,ענר,nmpr,topo,F:unclassified-name,Other Tanakh
394759,1436108,510386,1 Chronicles,6,55,בלעם,nmpr,topo,F:unclassified-name,Other Tanakh
394767,1436108,510386,1 Chronicles,6,55,קהת,nmpr,pers,A:person-candidate,Other Tanakh
394772,1436109,510388,1 Chronicles,6,56,גרשם,nmpr,pers,A:person-candidate,Other Tanakh
394777,1436109,510388,1 Chronicles,6,56,מנשה,nmpr,"pers,gens",F:unclassified-name,Other Tanakh
394779,1436109,510388,1 Chronicles,6,56,גולן,nmpr,topo,F:unclassified-name,Other Tanakh
394782,1436109,510388,1 Chronicles,6,56,בשן,nmpr,topo,F:unclassified-name,Other Tanakh
394788,1436109,510388,1 Chronicles,6,56,עשתרות,nmpr,topo,F:unclassified-name,Other Tanakh
394795,1436110,510389,1 Chronicles,6,57,יששכר,nmpr,"pers,gens,topo",F:unclassified-name,Other Tanakh
394797,1436110,510389,1 Chronicles,6,57,קדש,nmpr,topo,F:unclassified-name,Other Tanakh
394802,1436110,510389,1 Chronicles,6,57,דברת,nmpr,topo,F:unclassified-name,Other Tanakh
394808,1436111,510390,1 Chronicles,6,58,רמת,nmpr,topo,F:unclassified-name,Other Tanakh
394814,1436111,510390,1 Chronicles,6,58,ענם,nmpr,topo,F:unclassified-name,Other Tanakh
394821,1436112,510391,1 Chronicles,6,59,אשר,nmpr,"pers,gens,topo",F:unclassified-name,Other Tanakh
394823,1436112,510391,1 Chronicles,6,59,משל,nmpr,topo,F:unclassified-name,Other Tanakh
394829,1436112,510391,1 Chronicles,6,59,עבדון,nmpr,topo,F:unclassified-name,Other Tanakh
394835,1436113,510392,1 Chronicles,6,60,חוקק,nmpr,topo,F:unclassified-name,Other Tanakh
394841,1436113,510392,1 Chronicles,6,60,רחב,nmpr,topo,F:unclassified-name,Other Tanakh
394848,1436114,510393,1 Chronicles,6,61,נפתלי,nmpr,"pers,gens,topo",F:unclassified-name,Other Tanakh
394850,1436114,510393,1 Chronicles,6,61,קדש,nmpr,topo,F:unclassified-name,Other Tanakh
394853,1436114,510393,1 Chronicles,6,61,גליל,nmpr,topo,F:unclassified-name,Other Tanakh
394859,1436114,510393,1 Chronicles,6,61,חמון,nmpr,topo,F:unclassified-name,Other Tanakh
394865,1436114,510393,1 Chronicles,6,61,קריתים,nmpr,topo,F:unclassified-name,Other Tanakh
394871,1436115,510394,1 Chronicles,6,62,מררי,nmpr,pers,A:person-candidate,Other Tanakh
394876,1436115,510394,1 Chronicles,6,62,זבולן,nmpr,"pers,gens,topo",F:unclassified-name,Other Tanakh
394878,1436115,510394,1 Chronicles,6,62,רמונו,nmpr,topo,F:unclassified-name,Other Tanakh
394883,1436115,510394,1 Chronicles,6,62,תבור,nmpr,topo,F:unclassified-name,Other Tanakh
394891,1436116,510396,1 Chronicles,6,63,ירדן,nmpr,topo,F:unclassified-name,Other Tanakh
394892,1436116,510396,1 Chronicles,6,63,יריחו,nmpr,topo,F:unclassified-name,Other Tanakh
394896,1436116,510396,1 Chronicles,6,63,ירדן,nmpr,topo,F:unclassified-name,Other Tanakh
394899,1436116,510396,1 Chronicles,6,63,ראובן,nmpr,"pers,gens,topo",F:unclassified-name,Other Tanakh
394901,1436116,510396,1 Chronicles,6,63,בצר,nmpr,topo,F:unclassified-name,Other Tanakh
394910,1436116,510396,1 Chronicles,6,63,יהצה,nmpr,topo,F:unclassified-name,Other Tanakh
394916,1436117,510397,1 Chronicles,6,64,קדמות,nmpr,topo,F:unclassified-name,Other Tanakh
394922,1436117,510397,1 Chronicles,6,64,מיפעת,nmpr,topo,F:unclassified-name,Other Tanakh
394929,1436118,510398,1 Chronicles,6,65,גד,nmpr,"pers,gens,topo",B:deity-candidate,Other Tanakh
394931,1436118,510398,1 Chronicles,6,65,רמת,nmpr,topo,F:unclassified-name,Other Tanakh
394934,1436118,510398,1 Chronicles,6,65,גלעד,nmpr,topo,F:unclassified-name,Other Tanakh
394940,1436118,510398,1 Chronicles,6,65,מחנים,nmpr,topo,F:unclassified-name,Other Tanakh
394946,1436119,510399,1 Chronicles,6,66,חשבון,nmpr,topo,F:unclassified-name,Other Tanakh
394952,1436119,510399,1 Chronicles,6,66,יעזר,nmpr,topo,F:unclassified-name,Other Tanakh
394959,1436120,510400,1 Chronicles,7,1,יששכר,nmpr,"pers,gens,topo",F:unclassified-name,Other Tanakh
394960,1436120,510400,1 Chronicles,7,1,תולע,nmpr,pers,A:person-candidate,Other Tanakh
394962,1436120,510400,1 Chronicles,7,1,פואה,nmpr,pers,A:person-candidate,Other Tanakh
394963,1436120,510400,1 Chronicles,7,1,ישוב,nmpr,pers,A:person-candidate,Other Tanakh
394965,1436120,510400,1 Chronicles,7,1,שמרון,nmpr,pers,A:person-candidate,Other Tanakh
394969,1436121,510401,1 Chronicles,7,2,תולע,nmpr,pers,A:person-candidate,Other Tanakh
394970,1436121,510401,1 Chronicles,7,2,עזי,nmpr,pers,A:person-candidate,Other Tanakh
394972,1436121,510401,1 Chronicles,7,2,רפיה,nmpr,pers,A:person-candidate,Other Tanakh
394974,1436121,510401,1 Chronicles,7,2,יריאל,nmpr,pers,A:person-candidate,Other Tanakh
394976,1436121,510401,1 Chronicles,7,2,יחמי,nmpr,pers,A:person-candidate,Other Tanakh
394978,1436121,510401,1 Chronicles,7,2,יבשם,nmpr,pers,A:person-candidate,Other Tanakh
394980,1436121,510401,1 Chronicles,7,2,שמואל,nmpr,pers,A:person-candidate,Other Tanakh
394986,1436121,510402,1 Chronicles,7,2,תולע,nmpr,pers,A:person-candidate,Other Tanakh
394994,1436121,510404,1 Chronicles,7,2,דוד,nmpr,pers,A:person-candidate,Other Tanakh
395004,1436122,510405,1 Chronicles,7,3,עזי,nmpr,pers,A:person-candidate,Other Tanakh
395005,1436122,510405,1 Chronicles,7,3,יזרחיה,nmpr,pers,A:person-candidate,Other Tanakh
395008,1436122,510406,1 Chronicles,7,3,יזרחיה,nmpr,pers,A:person-candidate,Other Tanakh
395009,1436122,510406,1 Chronicles,7,3,מיכאל,nmpr,pers,A:person-candidate,Other Tanakh
395011,1436122,510406,1 Chronicles,7,3,עבדיה,nmpr,pers,A:person-candidate,Other Tanakh
395013,1436122,510406,1 Chronicles,7,3,יואל,nmpr,pers,A:person-candidate,Other Tanakh
395014,1436122,510406,1 Chronicles,7,3,ישיה,nmpr,pers,A:person-candidate,Other Tanakh
395042,1436124,510410,1 Chronicles,7,5,יששכר,nmpr,"pers,gens,topo",F:unclassified-name,Other Tanakh
395053,1436125,510412,1 Chronicles,7,6,בנימן,nmpr,"pers,gens,topo",F:unclassified-name,Other Tanakh
395054,1436125,510412,1 Chronicles,7,6,בלע,nmpr,pers,A:person-candidate,Other Tanakh
395056,1436125,510412,1 Chronicles,7,6,בכר,nmpr,pers,A:person-candidate,Other Tanakh
395058,1436125,510412,1 Chronicles,7,6,ידיעאל,nmpr,pers,A:person-candidate,Other Tanakh
395062,1436126,510413,1 Chronicles,7,7,בלע,nmpr,pers,A:person-candidate,Other Tanakh
395063,1436126,510413,1 Chronicles,7,7,אצבון,nmpr,pers,A:person-candidate,Other Tanakh
395065,1436126,510413,1 Chronicles,7,7,עזי,nmpr,pers,A:person-candidate,Other Tanakh
395067,1436126,510413,1 Chronicles,7,7,עזיאל,nmpr,pers,A:person-candidate,Other Tanakh
395069,1436126,510413,1 Chronicles,7,7,ירימות,nmpr,pers,A:person-candidate,Other Tanakh
395071,1436126,510413,1 Chronicles,7,7,עירי,nmpr,pers,A:person-candidate,Other Tanakh
395090,1436127,510417,1 Chronicles,7,8,בכר,nmpr,pers,A:person-candidate,Other Tanakh
395091,1436127,510417,1 Chronicles,7,8,זמירה,nmpr,pers,A:person-candidate,Other Tanakh
395093,1436127,510417,1 Chronicles,7,8,יועש,nmpr,pers,A:person-candidate,Other Tanakh
395095,1436127,510417,1 Chronicles,7,8,אליעזר,nmpr,pers,A:person-candidate,Other Tanakh
395097,1436127,510417,1 Chronicles,7,8,אליועיני,nmpr,pers,A:person-candidate,Other Tanakh
395099,1436127,510417,1 Chronicles,7,8,עמרי,nmpr,pers,A:person-candidate,Other Tanakh
395101,1436127,510417,1 Chronicles,7,8,ירמות,nmpr,pers,A:person-candidate,Other Tanakh
395103,1436127,510417,1 Chronicles,7,8,אביה,nmpr,pers,A:person-candidate,Other Tanakh
395105,1436127,510417,1 Chronicles,7,8,ענתות,nmpr,pers,A:person-candidate,Other Tanakh
395107,1436127,510417,1 Chronicles,7,8,עלמת,nmpr,pers,A:person-candidate,Other Tanakh
395111,1436127,510418,1 Chronicles,7,8,בכר,nmpr,pers,A:person-candidate,Other Tanakh
395127,1436129,510420,1 Chronicles,7,10,ידיעאל,nmpr,pers,A:person-candidate,Other Tanakh
395128,1436129,510420,1 Chronicles,7,10,בלהן,nmpr,pers,A:person-candidate,Other Tanakh
395131,1436129,510421,1 Chronicles,7,10,בלהן,nmpr,pers,A:person-candidate,Other Tanakh
395132,1436129,510421,1 Chronicles,7,10,יעוש,nmpr,pers,A:person-candidate,Other Tanakh
395134,1436129,510421,1 Chronicles,7,10,בנימן,nmpr,"pers,gens,topo",F:unclassified-name,Other Tanakh
395136,1436129,510421,1 Chronicles,7,10,אהוד,nmpr,pers,A:person-candidate,Other Tanakh
395138,1436129,510421,1 Chronicles,7,10,כנענה,nmpr,pers,A:person-candidate,Other Tanakh
395140,1436129,510421,1 Chronicles,7,10,זיתן,nmpr,gens,F:unclassified-name,Other Tanakh
395142,1436129,510421,1 Chronicles,7,10,תרשיש,nmpr,pers,A:person-candidate,Other Tanakh
395144,1436129,510421,1 Chronicles,7,10,אחישחר,nmpr,pers,A:person-candidate,Other Tanakh
395148,1436130,510422,1 Chronicles,7,11,ידיעאל,nmpr,pers,A:person-candidate,Other Tanakh
395166,1436131,510424,1 Chronicles,7,12,שפים,nmpr,pers,A:person-candidate,Other Tanakh
395168,1436131,510424,1 Chronicles,7,12,חפים,nmpr,pers,A:person-candidate,Other Tanakh
395170,1436131,510424,1 Chronicles,7,12,עיר,nmpr,pers,A:person-candidate,Other Tanakh
395171,1436131,510424,1 Chronicles,7,12,חשם,nmpr,gens,F:unclassified-name,Other Tanakh
395173,1436131,510424,1 Chronicles,7,12,אחר,nmpr,pers,A:person-candidate,Other Tanakh
395175,1436132,510425,1 Chronicles,7,13,נפתלי,nmpr,"pers,gens,topo",F:unclassified-name,Other Tanakh
395176,1436132,510425,1 Chronicles,7,13,יחציאל,nmpr,pers,A:person-candidate,Other Tanakh
395178,1436132,510425,1 Chronicles,7,13,גוני,nmpr,pers,A:person-candidate,Other Tanakh
395180,1436132,510425,1 Chronicles,7,13,יצר,nmpr,pers,A:person-candidate,Other Tanakh
395182,1436132,510425,1 Chronicles,7,13,שלום,nmpr,pers,A:person-candidate,Other Tanakh
395184,1436132,510425,1 Chronicles,7,13,בלהה,nmpr,pers,A:person-candidate,Other Tanakh
395186,1436133,510426,1 Chronicles,7,14,מנשה,nmpr,"pers,gens",F:unclassified-name,Other Tanakh
395187,1436133,510426,1 Chronicles,7,14,אשריאל,nmpr,pers,A:person-candidate,Other Tanakh
395195,1436133,510428,1 Chronicles,7,14,מכיר,nmpr,"pers,gens",F:unclassified-name,Other Tanakh
395197,1436133,510428,1 Chronicles,7,14,גלעד,nmpr,topo,F:unclassified-name,Other Tanakh
395199,1436134,510429,1 Chronicles,7,15,מכיר,nmpr,"pers,gens",F:unclassified-name,Other Tanakh
395203,1436134,510429,1 Chronicles,7,15,חפים,nmpr,pers,A:person-candidate,Other Tanakh
395206,1436134,510429,1 Chronicles,7,15,שפים,nmpr,pers,A:person-candidate,Other Tanakh
395210,1436134,510430,1 Chronicles,7,15,מעכה,nmpr,pers,A:person-candidate,Other Tanakh
395215,1436134,510431,1 Chronicles,7,15,צלפחד,nmpr,pers,A:person-candidate,Other Tanakh
395219,1436134,510432,1 Chronicles,7,15,צלפחד,nmpr,pers,A:person-candidate,Other Tanakh
395223,1436135,510433,1 Chronicles,7,16,מעכה,nmpr,pers,A:person-candidate,Other Tanakh
395225,1436135,510433,1 Chronicles,7,16,מכיר,nmpr,"pers,gens",F:unclassified-name,Other Tanakh
395230,1436135,510434,1 Chronicles,7,16,פרש,nmpr,pers,A:person-candidate,Other Tanakh
395234,1436135,510435,1 Chronicles,7,16,שרש,nmpr,pers,A:person-candidate,Other Tanakh
395237,1436135,510436,1 Chronicles,7,16,אולם,nmpr,pers,A:person-candidate,Other Tanakh
395239,1436135,510436,1 Chronicles,7,16,רקם,nmpr,pers,A:person-candidate,Other Tanakh
395242,1436136,510437,1 Chronicles,7,17,אולם,nmpr,pers,A:person-candidate,Other Tanakh
395243,1436136,510437,1 Chronicles,7,17,בדן,nmpr,pers,A:person-candidate,Other Tanakh
395246,1436136,510438,1 Chronicles,7,17,גלעד,nmpr,topo,F:unclassified-name,Other Tanakh
395248,1436136,510438,1 Chronicles,7,17,מכיר,nmpr,"pers,gens",F:unclassified-name,Other Tanakh
395250,1436136,510438,1 Chronicles,7,17,מנשה,nmpr,"pers,gens",F:unclassified-name,Other Tanakh
395254,1436137,510439,1 Chronicles,7,18,מלכת,nmpr,pers,A:person-candidate,Other Tanakh
395257,1436137,510439,1 Chronicles,7,18,אישהוד,nmpr,pers,A:person-candidate,Other Tanakh
395260,1436137,510439,1 Chronicles,7,18,אביעזר,nmpr,pers,A:person-candidate,Other Tanakh
395263,1436137,510439,1 Chronicles,7,18,מחלה,nmpr,pers,A:person-candidate,Other Tanakh
395267,1436138,510440,1 Chronicles,7,19,שמידע,nmpr,pers,A:person-candidate,Other Tanakh
395268,1436138,510440,1 Chronicles,7,19,אחין,nmpr,pers,A:person-candidate,Other Tanakh
395270,1436138,510440,1 Chronicles,7,19,שכם,nmpr,pers,A:person-candidate,Other Tanakh
395272,1436138,510440,1 Chronicles,7,19,לקחי,nmpr,pers,A:person-candidate,Other Tanakh
395274,1436138,510440,1 Chronicles,7,19,אניעם,nmpr,pers,A:person-candidate,Other Tanakh
395277,1436139,510441,1 Chronicles,7,20,אפרים,nmpr,"pers,gens,topo",F:unclassified-name,Other Tanakh
395278,1436139,510441,1 Chronicles,7,20,שותלח,nmpr,pers,A:person-candidate,Other Tanakh
395280,1436139,510441,1 Chronicles,7,20,ברד,nmpr,pers,A:person-candidate,Other Tanakh
395283,1436139,510441,1 Chronicles,7,20,תחת,nmpr,pers,A:person-candidate,Other Tanakh
395286,1436139,510441,1 Chronicles,7,20,אלעדה,nmpr,pers,A:person-candidate,Other Tanakh
395289,1436139,510441,1 Chronicles,7,20,תחת,nmpr,pers,A:person-candidate,Other Tanakh
395292,1436140,510442,1 Chronicles,7,21,זבד,nmpr,pers,A:person-candidate,Other Tanakh
395295,1436140,510442,1 Chronicles,7,21,שותלח,nmpr,pers,A:person-candidate,Other Tanakh
395298,1436140,510442,1 Chronicles,7,21,עזר,nmpr,pers,A:person-candidate,Other Tanakh
395300,1436140,510442,1 Chronicles,7,21,אלעד,nmpr,pers,A:person-candidate,Other Tanakh
395304,1436140,510443,1 Chronicles,7,21,גת,nmpr,topo,F:unclassified-name,Other Tanakh
395318,1436141,510447,1 Chronicles,7,22,אפרים,nmpr,"pers,gens,topo",F:unclassified-name,Other Tanakh
395329,1436142,510450,1 Chronicles,7,23,אל,prep,,C:divine-title-candidate,Other Tanakh
395340,1436142,510453,1 Chronicles,7,23,בריעה,nmpr,pers,A:person-candidate,Other Tanakh
395349,1436143,510455,1 Chronicles,7,24,שארה,nmpr,pers,A:person-candidate,Other Tanakh
395353,1436143,510456,1 Chronicles,7,24,בית חורון,nmpr,topo,F:unclassified-name,Other Tanakh
395359,1436143,510456,1 Chronicles,7,24,עליון,adjv,,C:divine-title-candidate,Other Tanakh
395362,1436143,510456,1 Chronicles,7,24,אזן שארה,nmpr,topo,F:unclassified-name,Other Tanakh
395364,1436144,510457,1 Chronicles,7,25,רפח,nmpr,pers,A:person-candidate,Other Tanakh
395367,1436144,510458,1 Chronicles,7,25,רשף,nmpr,pers,A:person-candidate,Other Tanakh
395369,1436144,510459,1 Chronicles,7,25,תלח,nmpr,pers,A:person-candidate,Other Tanakh
395372,1436144,510460,1 Chronicles,7,25,תחן,nmpr,pers,A:person-candidate,Other Tanakh
395374,1436145,510461,1 Chronicles,7,26,לעדן,nmpr,pers,A:person-candidate,Other Tanakh
395376,1436145,510462,1 Chronicles,7,26,עמיהוד,nmpr,pers,A:person-candidate,Other Tanakh
395378,1436145,510463,1 Chronicles,7,26,אלישמע,nmpr,pers,A:person-candidate,Other Tanakh
395380,1436146,510464,1 Chronicles,7,27,נון,nmpr,pers,A:person-candidate,Other Tanakh
395382,1436146,510465,1 Chronicles,7,27,יהושע,nmpr,pers,A:person-candidate,Other Tanakh
395388,1436147,510466,1 Chronicles,7,28,בית אל,nmpr,topo,F:unclassified-name,Other Tanakh
395395,1436147,510467,1 Chronicles,7,28,נערן,nmpr,topo,F:unclassified-name,Other Tanakh
395400,1436147,510468,1 Chronicles,7,28,גזר,nmpr,topo,F:unclassified-name,Other Tanakh
395404,1436147,510468,1 Chronicles,7,28,שכם,nmpr,topo,F:unclassified-name,Other Tanakh
395408,1436147,510468,1 Chronicles,7,28,עיה,nmpr,topo,F:unclassified-name,Other Tanakh
395415,1436148,510469,1 Chronicles,7,29,מנשה,nmpr,"pers,gens",F:unclassified-name,Other Tanakh
395416,1436148,510469,1 Chronicles,7,29,בית שאן,nmpr,topo,F:unclassified-name,Other Tanakh
395419,1436148,510469,1 Chronicles,7,29,תענך,nmpr,topo,F:unclassified-name,Other Tanakh
395422,1436148,510469,1 Chronicles,7,29,מגדו,nmpr,topo,F:unclassified-name,Other Tanakh
395425,1436148,510469,1 Chronicles,7,29,דור,nmpr,topo,F:unclassified-name,Other Tanakh
395432,1436148,510470,1 Chronicles,7,29,יוסף,nmpr,pers,A:person-candidate,Other Tanakh
395434,1436148,510470,1 Chronicles,7,29,ישראל,nmpr,"pers,gens,topo",F:unclassified-name,Other Tanakh
395436,1436149,510471,1 Chronicles,7,30,אשר,nmpr,"pers,gens,topo",F:unclassified-name,Other Tanakh
395437,1436149,510471,1 Chronicles,7,30,ימנה,nmpr,pers,A:person-candidate,Other Tanakh
395439,1436149,510471,1 Chronicles,7,30,ישוה,nmpr,pers,A:person-candidate,Other Tanakh
395441,1436149,510471,1 Chronicles,7,30,ישוי,nmpr,pers,A:person-candidate,Other Tanakh
395443,1436149,510471,1 Chronicles,7,30,בריעה,nmpr,pers,A:person-candidate,Other Tanakh
395445,1436149,510472,1 Chronicles,7,30,שרח,nmpr,pers,A:person-candidate,Other Tanakh
395449,1436150,510473,1 Chronicles,7,31,בריעה,nmpr,pers,A:person-candidate,Other Tanakh
395450,1436150,510473,1 Chronicles,7,31,חבר,nmpr,pers,A:person-candidate,Other Tanakh
395452,1436150,510473,1 Chronicles,7,31,מלכיאל,nmpr,pers,A:person-candidate,Other Tanakh
395455,1436150,510474,1 Chronicles,7,31,ברזית,nmpr,pers,A:person-candidate,Other Tanakh
395457,1436151,510475,1 Chronicles,7,32,חבר,nmpr,pers,A:person-candidate,Other Tanakh
395460,1436151,510475,1 Chronicles,7,32,יפלט,nmpr,pers,A:person-candidate,Other Tanakh
395463,1436151,510475,1 Chronicles,7,32,שומר,nmpr,pers,A:person-candidate,Other Tanakh
395466,1436151,510475,1 Chronicles,7,32,חותם,nmpr,pers,A:person-candidate,Other Tanakh
395469,1436151,510475,1 Chronicles,7,32,שועא,nmpr,pers,A:person-candidate,Other Tanakh
395473,1436152,510476,1 Chronicles,7,33,יפלט,nmpr,pers,A:person-candidate,Other Tanakh
395474,1436152,510476,1 Chronicles,7,33,פסך,nmpr,pers,A:person-candidate,Other Tanakh
395476,1436152,510476,1 Chronicles,7,33,במהל,nmpr,pers,A:person-candidate,Other Tanakh
395478,1436152,510476,1 Chronicles,7,33,עשות,nmpr,pers,A:person-candidate,Other Tanakh
395481,1436152,510477,1 Chronicles,7,33,יפלט,nmpr,pers,A:person-candidate,Other Tanakh
395484,1436153,510478,1 Chronicles,7,34,שמר,nmpr,pers,A:person-candidate,Other Tanakh
395485,1436153,510478,1 Chronicles,7,34,אחי,nmpr,pers,A:person-candidate,Other Tanakh
395487,1436153,510478,1 Chronicles,7,34,רהגה,nmpr,pers,A:person-candidate,Other Tanakh
395489,1436153,510478,1 Chronicles,7,34,חבה,nmpr,pers,A:person-candidate,Other Tanakh
395491,1436153,510478,1 Chronicles,7,34,ארם,nmpr,topo,F:unclassified-name,Other Tanakh
395494,1436154,510479,1 Chronicles,7,35,הלם,nmpr,pers,A:person-candidate,Other Tanakh
395496,1436154,510479,1 Chronicles,7,35,צופח,nmpr,pers,A:person-candidate,Other Tanakh
395498,1436154,510479,1 Chronicles,7,35,ימנע,nmpr,pers,A:person-candidate,Other Tanakh
395500,1436154,510479,1 Chronicles,7,35,שלש,nmpr,pers,A:person-candidate,Other Tanakh
395502,1436154,510479,1 Chronicles,7,35,עמל,nmpr,pers,A:person-candidate,Other Tanakh
395504,1436155,510480,1 Chronicles,7,36,צופח,nmpr,pers,A:person-candidate,Other Tanakh
395505,1436155,510480,1 Chronicles,7,36,סוח,nmpr,pers,A:person-candidate,Other Tanakh
395507,1436155,510480,1 Chronicles,7,36,חרנפר,nmpr,pers,A:person-candidate,Other Tanakh
395509,1436155,510480,1 Chronicles,7,36,שועל,nmpr,pers,A:person-candidate,Other Tanakh
395511,1436155,510480,1 Chronicles,7,36,ברי,nmpr,pers,A:person-candidate,Other Tanakh
395513,1436155,510480,1 Chronicles,7,36,ימרה,nmpr,pers,A:person-candidate,Other Tanakh
395514,1436156,510481,1 Chronicles,7,37,בצר,nmpr,pers,A:person-candidate,Other Tanakh
395516,1436156,510481,1 Chronicles,7,37,הוד,nmpr,pers,A:person-candidate,Other Tanakh
395518,1436156,510481,1 Chronicles,7,37,שמא,nmpr,pers,A:person-candidate,Other Tanakh
395520,1436156,510481,1 Chronicles,7,37,שלשה,nmpr,pers,A:person-candidate,Other Tanakh
395522,1436156,510481,1 Chronicles,7,37,יתרן,nmpr,pers,A:person-candidate,Other Tanakh
395524,1436156,510481,1 Chronicles,7,37,בארא,nmpr,pers,A:person-candidate,Other Tanakh
395527,1436157,510482,1 Chronicles,7,38,יתר,nmpr,pers,A:person-candidate,Other Tanakh
395528,1436157,510482,1 Chronicles,7,38,יפנה,nmpr,pers,A:person-candidate,Other Tanakh
395530,1436157,510482,1 Chronicles,7,38,פספה,nmpr,pers,A:person-candidate,Other Tanakh
395532,1436157,510482,1 Chronicles,7,38,ארא,nmpr,pers,A:person-candidate,Other Tanakh
395535,1436158,510483,1 Chronicles,7,39,עלא,nmpr,pers,A:person-candidate,Other Tanakh
395536,1436158,510483,1 Chronicles,7,39,ארח,nmpr,pers,A:person-candidate,Other Tanakh
395538,1436158,510483,1 Chronicles,7,39,חניאל,nmpr,pers,A:person-candidate,Other Tanakh
395540,1436158,510483,1 Chronicles,7,39,רציא,nmpr,pers,A:person-candidate,Other Tanakh
395544,1436159,510484,1 Chronicles,7,40,אשר,nmpr,"pers,gens,topo",F:unclassified-name,Other Tanakh
395570,1436160,510490,1 Chronicles,8,1,בנימן,nmpr,"pers,gens,topo",F:unclassified-name,Other Tanakh
395573,1436160,510490,1 Chronicles,8,1,בלע,nmpr,pers,A:person-candidate,Other Tanakh
395575,1436160,510490,1 Chronicles,8,1,אשבל,nmpr,pers,A:person-candidate,Other Tanakh
395579,1436160,510490,1 Chronicles,8,1,אחרח,nmpr,pers,A:person-candidate,Other Tanakh
395582,1436161,510491,1 Chronicles,8,2,נוחה,nmpr,pers,A:person-candidate,Other Tanakh
395586,1436161,510491,1 Chronicles,8,2,רפא,nmpr,pers,A:person-candidate,Other Tanakh
395593,1436162,510492,1 Chronicles,8,3,בלע,nmpr,pers,A:person-candidate,Other Tanakh
395594,1436162,510493,1 Chronicles,8,3,אדר,nmpr,pers,A:person-candidate,Other Tanakh
395596,1436162,510493,1 Chronicles,8,3,גרא,nmpr,pers,A:person-candidate,Other Tanakh
395598,1436162,510493,1 Chronicles,8,3,אביהוד,nmpr,pers,A:person-candidate,Other Tanakh
395600,1436163,510494,1 Chronicles,8,4,אבישוע,nmpr,pers,A:person-candidate,Other Tanakh
395602,1436163,510494,1 Chronicles,8,4,נעמן,nmpr,pers,A:person-candidate,Other Tanakh
395604,1436163,510494,1 Chronicles,8,4,אחוח,nmpr,pers,A:person-candidate,Other Tanakh
395606,1436164,510495,1 Chronicles,8,5,גרא,nmpr,pers,A:person-candidate,Other Tanakh
395608,1436164,510495,1 Chronicles,8,5,שפופן,nmpr,pers,A:person-candidate,Other Tanakh
395610,1436164,510495,1 Chronicles,8,5,חורם,nmpr,pers,A:person-candidate,Other Tanakh
395614,1436165,510496,1 Chronicles,8,6,אחוד,nmpr,pers,A:person-candidate,Other Tanakh
395621,1436165,510498,1 Chronicles,8,6,גבע,nmpr,topo,F:unclassified-name,Other Tanakh
395624,1436165,510499,1 Chronicles,8,6,אל,prep,,C:divine-title-candidate,Other Tanakh
395625,1436165,510499,1 Chronicles,8,6,מנחת,nmpr,topo,F:unclassified-name,Other Tanakh
395627,1436166,510500,1 Chronicles,8,7,נעמן,nmpr,pers,A:person-candidate,Other Tanakh
395629,1436166,510500,1 Chronicles,8,7,אחיה,nmpr,pers,A:person-candidate,Other Tanakh
395631,1436166,510500,1 Chronicles,8,7,גרא,nmpr,pers,A:person-candidate,Other Tanakh
395637,1436166,510502,1 Chronicles,8,7,עזא,nmpr,pers,A:person-candidate,Other Tanakh
395640,1436166,510502,1 Chronicles,8,7,אחיחד,nmpr,pers,A:person-candidate,Other Tanakh
395642,1436167,510503,1 Chronicles,8,8,שחרים,nmpr,pers,A:person-candidate,Other Tanakh
395646,1436167,510503,1 Chronicles,8,8,מואב,nmpr,"pers,gens,topo",F:unclassified-name,Other Tanakh
395650,1436167,510505,1 Chronicles,8,8,חושים,nmpr,pers,A:person-candidate,Other Tanakh
395653,1436167,510505,1 Chronicles,8,8,בערא,nmpr,pers,A:person-candidate,Other Tanakh
395658,1436168,510506,1 Chronicles,8,9,חדש,nmpr,pers,A:person-candidate,Other Tanakh
395661,1436168,510506,1 Chronicles,8,9,יובב,nmpr,pers,A:person-candidate,Other Tanakh
395664,1436168,510506,1 Chronicles,8,9,צביא,nmpr,pers,A:person-candidate,Other Tanakh
395667,1436168,510506,1 Chronicles,8,9,מישא,nmpr,pers,A:person-candidate,Other Tanakh
395670,1436168,510506,1 Chronicles,8,9,מלכם,nmpr,pers,B:deity-candidate,Other Tanakh
395673,1436169,510507,1 Chronicles,8,10,יעוץ,nmpr,pers,A:person-candidate,Other Tanakh
395676,1436169,510507,1 Chronicles,8,10,שכיה,nmpr,pers,A:person-candidate,Other Tanakh
395679,1436169,510507,1 Chronicles,8,10,מרמה,nmpr,pers,A:person-candidate,Other Tanakh
395686,1436170,510510,1 Chronicles,8,11,חושים,nmpr,pers,A:person-candidate,Other Tanakh
395689,1436170,510510,1 Chronicles,8,11,אביטוב,nmpr,pers,A:person-candidate,Other Tanakh
395692,1436170,510510,1 Chronicles,8,11,אלפעל,nmpr,pers,A:person-candidate,Other Tanakh
395695,1436171,510511,1 Chronicles,8,12,אלפעל,nmpr,pers,A:person-candidate,Other Tanakh
395696,1436171,510511,1 Chronicles,8,12,עבר,nmpr,pers,A:person-candidate,Other Tanakh
395698,1436171,510511,1 Chronicles,8,12,משעם,nmpr,pers,A:person-candidate,Other Tanakh
395700,1436171,510511,1 Chronicles,8,12,שמד,nmpr,pers,A:person-candidate,Other Tanakh
395704,1436171,510512,1 Chronicles,8,12,אונו,nmpr,topo,F:unclassified-name,Other Tanakh
395707,1436171,510512,1 Chronicles,8,12,לד,nmpr,topo,F:unclassified-name,Other Tanakh
395711,1436172,510513,1 Chronicles,8,13,בריעה,nmpr,pers,A:person-candidate,Other Tanakh
395713,1436172,510513,1 Chronicles,8,13,שמע,nmpr,pers,A:person-candidate,Other Tanakh
395720,1436172,510514,1 Chronicles,8,13,אילון,nmpr,topo,F:unclassified-name,Other Tanakh
395725,1436172,510515,1 Chronicles,8,13,גת,nmpr,topo,F:unclassified-name,Other Tanakh
395727,1436173,510516,1 Chronicles,8,14,אחיו,nmpr,pers,A:person-candidate,Other Tanakh
395728,1436173,510516,1 Chronicles,8,14,ששק,nmpr,pers,A:person-candidate,Other Tanakh
395730,1436173,510516,1 Chronicles,8,14,ירמות,nmpr,pers,A:person-candidate,Other Tanakh
395732,1436174,510517,1 Chronicles,8,15,זבדיה,nmpr,pers,A:person-candidate,Other Tanakh
395734,1436174,510517,1 Chronicles,8,15,ערד,nmpr,pers,A:person-candidate,Other Tanakh
395736,1436174,510517,1 Chronicles,8,15,עדר,nmpr,pers,A:person-candidate,Other Tanakh
395738,1436175,510518,1 Chronicles,8,16,מיכאל,nmpr,pers,A:person-candidate,Other Tanakh
395740,1436175,510518,1 Chronicles,8,16,ישפה,nmpr,pers,A:person-candidate,Other Tanakh
395742,1436175,510518,1 Chronicles,8,16,יוחא,nmpr,pers,A:person-candidate,Other Tanakh
395744,1436175,510518,1 Chronicles,8,16,בריעה,nmpr,pers,A:person-candidate,Other Tanakh
395746,1436176,510519,1 Chronicles,8,17,זבדיה,nmpr,pers,A:person-candidate,Other Tanakh
395748,1436176,510519,1 Chronicles,8,17,משלם,nmpr,pers,A:person-candidate,Other Tanakh
395750,1436176,510519,1 Chronicles,8,17,חזקי,nmpr,pers,A:person-candidate,Other Tanakh
395752,1436176,510519,1 Chronicles,8,17,חבר,nmpr,pers,A:person-candidate,Other Tanakh
395754,1436177,510520,1 Chronicles,8,18,ישמרי,nmpr,pers,A:person-candidate,Other Tanakh
395756,1436177,510520,1 Chronicles,8,18,יזליאה,nmpr,pers,A:person-candidate,Other Tanakh
395758,1436177,510520,1 Chronicles,8,18,יובב,nmpr,pers,A:person-candidate,Other Tanakh
395760,1436177,510520,1 Chronicles,8,18,אלפעל,nmpr,pers,A:person-candidate,Other Tanakh
395762,1436178,510521,1 Chronicles,8,19,יקים,nmpr,pers,A:person-candidate,Other Tanakh
395764,1436178,510521,1 Chronicles,8,19,זכרי,nmpr,pers,A:person-candidate,Other Tanakh
395766,1436178,510521,1 Chronicles,8,19,זבדי,nmpr,pers,A:person-candidate,Other Tanakh
395768,1436179,510522,1 Chronicles,8,20,אליעני,nmpr,pers,A:person-candidate,Other Tanakh
395770,1436179,510522,1 Chronicles,8,20,צלתי,nmpr,pers,A:person-candidate,Other Tanakh
395772,1436179,510522,1 Chronicles,8,20,אליאל,nmpr,pers,A:person-candidate,Other Tanakh
395774,1436180,510523,1 Chronicles,8,21,עדיה,nmpr,pers,A:person-candidate,Other Tanakh
395776,1436180,510523,1 Chronicles,8,21,בראיה,nmpr,pers,A:person-candidate,Other Tanakh
395778,1436180,510523,1 Chronicles,8,21,שמרת,nmpr,pers,A:person-candidate,Other Tanakh
395780,1436180,510523,1 Chronicles,8,21,שמעי,nmpr,pers,A:person-candidate,Other Tanakh
395782,1436181,510524,1 Chronicles,8,22,ישפן,nmpr,pers,A:person-candidate,Other Tanakh
395784,1436181,510524,1 Chronicles,8,22,עבר,nmpr,pers,A:person-candidate,Other Tanakh
395786,1436181,510524,1 Chronicles,8,22,אליאל,nmpr,pers,A:person-candidate,Other Tanakh
395788,1436182,510525,1 Chronicles,8,23,עבדון,nmpr,pers,A:person-candidate,Other Tanakh
395790,1436182,510525,1 Chronicles,8,23,זכרי,nmpr,pers,A:person-candidate,Other Tanakh
395792,1436182,510525,1 Chronicles,8,23,חנן,nmpr,pers,A:person-candidate,Other Tanakh
395794,1436183,510526,1 Chronicles,8,24,חנניה,nmpr,pers,A:person-candidate,Other Tanakh
395796,1436183,510526,1 Chronicles,8,24,עילם,nmpr,"pers,gens,topo",F:unclassified-name,Other Tanakh
395798,1436183,510526,1 Chronicles,8,24,ענתתיה,nmpr,pers,A:person-candidate,Other Tanakh
395800,1436184,510527,1 Chronicles,8,25,יפדיה,nmpr,pers,A:person-candidate,Other Tanakh
395802,1436184,510527,1 Chronicles,8,25,פנואל,nmpr,pers,A:person-candidate,Other Tanakh
395804,1436184,510527,1 Chronicles,8,25,ששק,nmpr,pers,A:person-candidate,Other Tanakh
395806,1436185,510528,1 Chronicles,8,26,שמשרי,nmpr,pers,A:person-candidate,Other Tanakh
395808,1436185,510528,1 Chronicles,8,26,שחריה,nmpr,pers,A:person-candidate,Other Tanakh
395810,1436185,510528,1 Chronicles,8,26,עתליה,nmpr,pers,A:person-candidate,Other Tanakh
395812,1436186,510529,1 Chronicles,8,27,יערשיה,nmpr,pers,A:person-candidate,Other Tanakh
395814,1436186,510529,1 Chronicles,8,27,אליה,nmpr,pers,A:person-candidate,Other Tanakh
395816,1436186,510529,1 Chronicles,8,27,זכרי,nmpr,pers,A:person-candidate,Other Tanakh
395818,1436186,510529,1 Chronicles,8,27,ירחם,nmpr,pers,A:person-candidate,Other Tanakh
395828,1436187,510532,1 Chronicles,8,28,ירושלם,nmpr,topo,F:unclassified-name,Other Tanakh
395831,1436188,510533,1 Chronicles,8,29,גבעון,nmpr,topo,F:unclassified-name,Other Tanakh
395834,1436188,510533,1 Chronicles,8,29,גבעון,nmpr,topo,F:unclassified-name,Other Tanakh
395838,1436188,510534,1 Chronicles,8,29,מעכה,nmpr,pers,A:person-candidate,Other Tanakh
395843,1436189,510535,1 Chronicles,8,30,עבדון,nmpr,pers,A:person-candidate,Other Tanakh
395845,1436189,510536,1 Chronicles,8,30,צור,nmpr,pers,A:person-candidate,Other Tanakh
395847,1436189,510536,1 Chronicles,8,30,קיש,nmpr,pers,A:person-candidate,Other Tanakh
395849,1436189,510536,1 Chronicles,8,30,בעל,nmpr,pers,B:deity-candidate,Other Tanakh
395851,1436189,510536,1 Chronicles,8,30,נדב,nmpr,pers,A:person-candidate,Other Tanakh
395853,1436190,510537,1 Chronicles,8,31,גדור,nmpr,pers,A:person-candidate,Other Tanakh
395855,1436190,510537,1 Chronicles,8,31,אחיו,nmpr,pers,A:person-candidate,Other Tanakh
395857,1436190,510537,1 Chronicles,8,31,זכר,nmpr,gens,F:unclassified-name,Other Tanakh
395859,1436191,510538,1 Chronicles,8,32,מקלות,nmpr,pers,A:person-candidate,Other Tanakh
395862,1436191,510538,1 Chronicles,8,32,שמאה,nmpr,pers,A:person-candidate,Other Tanakh
395870,1436191,510539,1 Chronicles,8,32,ירושלם,nmpr,topo,F:unclassified-name,Other Tanakh
395874,1436192,510540,1 Chronicles,8,33,נר,nmpr,pers,A:person-candidate,Other Tanakh
395877,1436192,510540,1 Chronicles,8,33,קיש,nmpr,pers,A:person-candidate,Other Tanakh
395879,1436192,510541,1 Chronicles,8,33,קיש,nmpr,pers,A:person-candidate,Other Tanakh
395882,1436192,510541,1 Chronicles,8,33,שאול,nmpr,pers,A:person-candidate,Other Tanakh
395884,1436192,510542,1 Chronicles,8,33,שאול,nmpr,pers,A:person-candidate,Other Tanakh
395887,1436192,510542,1 Chronicles,8,33,יהונתן,nmpr,pers,A:person-candidate,Other Tanakh
395890,1436192,510542,1 Chronicles,8,33,מלכי שוע,nmpr,pers,A:person-candidate,Other Tanakh
395893,1436192,510542,1 Chronicles,8,33,אבינדב,nmpr,pers,A:person-candidate,Other Tanakh
395896,1436192,510542,1 Chronicles,8,33,אשבעל,nmpr,pers,A:person-candidate,Other Tanakh
395899,1436193,510543,1 Chronicles,8,34,יהונתן,nmpr,pers,A:person-candidate,Other Tanakh
395900,1436193,510543,1 Chronicles,8,34,מריב בעל,nmpr,pers,A:person-candidate,Other Tanakh
395902,1436193,510544,1 Chronicles,8,34,מריב בעל,nmpr,pers,A:person-candidate,Other Tanakh
395905,1436193,510544,1 Chronicles,8,34,מיכה,nmpr,pers,A:person-candidate,Other Tanakh
395908,1436194,510545,1 Chronicles,8,35,מיכה,nmpr,pers,A:person-candidate,Other Tanakh
395909,1436194,510545,1 Chronicles,8,35,פיתון,nmpr,pers,A:person-candidate,Other Tanakh
395911,1436194,510545,1 Chronicles,8,35,מלך,nmpr,pers,B:deity-candidate,Other Tanakh
395913,1436194,510545,1 Chronicles,8,35,תארע,nmpr,pers,A:person-candidate,Other Tanakh
395915,1436194,510545,1 Chronicles,8,35,אחז,nmpr,pers,A:person-candidate,Other Tanakh
395917,1436195,510546,1 Chronicles,8,36,אחז,nmpr,pers,A:person-candidate,Other Tanakh
395920,1436195,510546,1 Chronicles,8,36,יהועדה,nmpr,pers,A:person-candidate,Other Tanakh
395922,1436195,510547,1 Chronicles,8,36,יהועדה,nmpr,pers,A:person-candidate,Other Tanakh
395925,1436195,510547,1 Chronicles,8,36,עלמת,nmpr,pers,A:person-candidate,Other Tanakh
395928,1436195,510547,1 Chronicles,8,36,עזמות,nmpr,pers,A:person-candidate,Other Tanakh
395931,1436195,510547,1 Chronicles,8,36,זמרי,nmpr,pers,A:person-candidate,Other Tanakh
395933,1436195,510548,1 Chronicles,8,36,זמרי,nmpr,pers,A:person-candidate,Other Tanakh
395936,1436195,510548,1 Chronicles,8,36,מוצא,nmpr,pers,A:person-candidate,Other Tanakh
395938,1436196,510549,1 Chronicles,8,37,מוצא,nmpr,pers,A:person-candidate,Other Tanakh
395941,1436196,510549,1 Chronicles,8,37,בנעא,nmpr,pers,A:person-candidate,Other Tanakh
395942,1436196,510550,1 Chronicles,8,37,רפה,nmpr,pers,A:person-candidate,Other Tanakh
395944,1436196,510551,1 Chronicles,8,37,אלעשה,nmpr,pers,A:person-candidate,Other Tanakh
395946,1436196,510552,1 Chronicles,8,37,אצל,nmpr,pers,A:person-candidate,Other Tanakh
395950,1436197,510553,1 Chronicles,8,38,אצל,nmpr,pers,A:person-candidate,Other Tanakh
395956,1436197,510555,1 Chronicles,8,38,עזריקם,nmpr,pers,A:person-candidate,Other Tanakh
395957,1436197,510555,1 Chronicles,8,38,בכרו,nmpr,pers,A:person-candidate,Other Tanakh
395959,1436197,510555,1 Chronicles,8,38,ישמעאל,nmpr,pers,A:person-candidate,Other Tanakh
395961,1436197,510555,1 Chronicles,8,38,שעריה,nmpr,pers,A:person-candidate,Other Tanakh
395963,1436197,510555,1 Chronicles,8,38,עבדיה,nmpr,pers,A:person-candidate,Other Tanakh
395965,1436197,510555,1 Chronicles,8,38,חנן,nmpr,pers,A:person-candidate,Other Tanakh
395969,1436197,510556,1 Chronicles,8,38,אצל,nmpr,pers,A:person-candidate,Other Tanakh
395972,1436198,510557,1 Chronicles,8,39,עשק,nmpr,pers,A:person-candidate,Other Tanakh
395974,1436198,510557,1 Chronicles,8,39,אולם,nmpr,pers,A:person-candidate,Other Tanakh
395976,1436198,510557,1 Chronicles,8,39,יעוש,nmpr,pers,A:person-candidate,Other Tanakh
395980,1436198,510557,1 Chronicles,8,39,אליפלט,nmpr,pers,A:person-candidate,Other Tanakh
395986,1436199,510558,1 Chronicles,8,40,אולם,nmpr,pers,A:person-candidate,Other Tanakh
396005,1436199,510561,1 Chronicles,8,40,בנימן,nmpr,"pers,gens,topo",F:unclassified-name,Other Tanakh
396008,1436200,510562,1 Chronicles,9,1,ישראל,nmpr,"pers,gens,topo",F:unclassified-name,Other Tanakh
396015,1436200,510563,1 Chronicles,9,1,מלך,subs,,B:deity-candidate,Other Tanakh
396016,1436200,510563,1 Chronicles,9,1,ישראל,nmpr,"pers,gens,topo",F:unclassified-name,Other Tanakh
396018,1436200,510563,1 Chronicles,9,1,יהודה,nmpr,"pers,gens,topo",F:unclassified-name,Other Tanakh
396021,1436200,510564,1 Chronicles,9,1,בבל,nmpr,topo,F:unclassified-name,Other Tanakh
396034,1436201,510565,1 Chronicles,9,2,ישראל,nmpr,"pers,gens,topo",F:unclassified-name,Other Tanakh
396044,1436202,510567,1 Chronicles,9,3,ירושלם,nmpr,topo,F:unclassified-name,Other Tanakh
396048,1436202,510567,1 Chronicles,9,3,יהודה,nmpr,"pers,gens,topo",F:unclassified-name,Other Tanakh
396052,1436202,510567,1 Chronicles,9,3,בנימן,nmpr,"pers,gens,topo",F:unclassified-name,Other Tanakh
396056,1436202,510567,1 Chronicles,9,3,אפרים,nmpr,"pers,gens,topo",F:unclassified-name,Other Tanakh
396058,1436202,510567,1 Chronicles,9,3,מנשה,nmpr,"pers,gens",F:unclassified-name,Other Tanakh
396059,1436203,510568,1 Chronicles,9,4,עותי,nmpr,pers,A:person-candidate,Other Tanakh
396061,1436203,510568,1 Chronicles,9,4,עמיהוד,nmpr,pers,A:person-candidate,Other Tanakh
396063,1436203,510568,1 Chronicles,9,4,עמרי,nmpr,pers,A:person-candidate,Other Tanakh
396065,1436203,510568,1 Chronicles,9,4,אמרי,nmpr,pers,A:person-candidate,Other Tanakh
396067,1436203,510568,1 Chronicles,9,4,בני,nmpr,pers,A:person-candidate,Other Tanakh
396070,1436203,510568,1 Chronicles,9,4,פרץ,nmpr,pers,A:person-candidate,Other Tanakh
396072,1436203,510568,1 Chronicles,9,4,יהודה,nmpr,"pers,gens,topo",F:unclassified-name,Other Tanakh
396077,1436204,510569,1 Chronicles,9,5,עשיה,nmpr,pers,A:person-candidate,Other Tanakh
396085,1436205,510570,1 Chronicles,9,6,זרח,nmpr,pers,A:person-candidate,Other Tanakh
396086,1436205,510570,1 Chronicles,9,6,יעואל,nmpr,pers,A:person-candidate,Other Tanakh
396096,1436206,510571,1 Chronicles,9,7,בנימן,nmpr,"pers,gens,topo",F:unclassified-name,Other Tanakh
396097,1436206,510571,1 Chronicles,9,7,סלוא,nmpr,pers,A:person-candidate,Other Tanakh
396099,1436206,510571,1 Chronicles,9,7,משלם,nmpr,pers,A:person-candidate,Other Tanakh
396101,1436206,510571,1 Chronicles,9,7,הודויה,nmpr,pers,A:person-candidate,Other Tanakh
396104,1436206,510571,1 Chronicles,9,7,סנואה,nmpr,pers,A:person-candidate,Other Tanakh
396106,1436207,510572,1 Chronicles,9,8,יבניה,nmpr,pers,A:person-candidate,Other Tanakh
396108,1436207,510572,1 Chronicles,9,8,ירחם,nmpr,pers,A:person-candidate,Other Tanakh
396110,1436207,510572,1 Chronicles,9,8,אלה,nmpr,pers,A:person-candidate,Other Tanakh
396112,1436207,510572,1 Chronicles,9,8,עזי,nmpr,pers,A:person-candidate,Other Tanakh
396114,1436207,510572,1 Chronicles,9,8,מכרי,nmpr,pers,A:person-candidate,Other Tanakh
396116,1436207,510572,1 Chronicles,9,8,משלם,nmpr,pers,A:person-candidate,Other Tanakh
396118,1436207,510572,1 Chronicles,9,8,שפטיה,nmpr,pers,A:person-candidate,Other Tanakh
396120,1436207,510572,1 Chronicles,9,8,רעואל,nmpr,pers,A:person-candidate,Other Tanakh
396122,1436207,510572,1 Chronicles,9,8,יבניה,nmpr,pers,A:person-candidate,Other Tanakh
396145,1436209,510575,1 Chronicles,9,10,ידעיה,nmpr,pers,A:person-candidate,Other Tanakh
396147,1436209,510575,1 Chronicles,9,10,יהויריב,nmpr,pers,A:person-candidate,Other Tanakh
396149,1436209,510575,1 Chronicles,9,10,יכין,nmpr,pers,A:person-candidate,Other Tanakh
396151,1436210,510576,1 Chronicles,9,11,עזריה,nmpr,pers,A:person-candidate,Other Tanakh
396153,1436210,510576,1 Chronicles,9,11,חלקיה,nmpr,pers,A:person-candidate,Other Tanakh
396155,1436210,510576,1 Chronicles,9,11,משלם,nmpr,pers,A:person-candidate,Other Tanakh
396157,1436210,510576,1 Chronicles,9,11,צדוק,nmpr,pers,A:person-candidate,Other Tanakh
396159,1436210,510576,1 Chronicles,9,11,מריות,nmpr,pers,A:person-candidate,Other Tanakh
396161,1436210,510576,1 Chronicles,9,11,אחיטוב,nmpr,pers,A:person-candidate,Other Tanakh
396165,1436210,510576,1 Chronicles,9,11,אלהים,subs,,D:Elohim,Other Tanakh
396167,1436211,510577,1 Chronicles,9,12,עדיה,nmpr,pers,A:person-candidate,Other Tanakh
396169,1436211,510577,1 Chronicles,9,12,ירחם,nmpr,pers,A:person-candidate,Other Tanakh
396171,1436211,510577,1 Chronicles,9,12,פשחור,nmpr,pers,A:person-candidate,Other Tanakh
396173,1436211,510577,1 Chronicles,9,12,מלכיה,nmpr,pers,A:person-candidate,Other Tanakh
396175,1436211,510577,1 Chronicles,9,12,מעשי,nmpr,pers,A:person-candidate,Other Tanakh
396177,1436211,510577,1 Chronicles,9,12,עדיאל,nmpr,pers,A:person-candidate,Other Tanakh
396179,1436211,510577,1 Chronicles,9,12,יחזרה,nmpr,pers,A:person-candidate,Other Tanakh
396181,1436211,510577,1 Chronicles,9,12,משלם,nmpr,pers,A:person-candidate,Other Tanakh
396183,1436211,510577,1 Chronicles,9,12,משלמית,nmpr,pers,A:person-candidate,Other Tanakh
396185,1436211,510577,1 Chronicles,9,12,אמר,nmpr,pers,A:person-candidate,Other Tanakh
396204,1436212,510579,1 Chronicles,9,13,אלהים,subs,,D:Elohim,Other Tanakh
396209,1436213,510580,1 Chronicles,9,14,שמעיה,nmpr,pers,A:person-candidate,Other Tanakh
396211,1436213,510580,1 Chronicles,9,14,חשוב,nmpr,pers,A:person-candidate,Other Tanakh
396213,1436213,510580,1 Chronicles,9,14,עזריקם,nmpr,pers,A:person-candidate,Other Tanakh
396215,1436213,510580,1 Chronicles,9,14,חשביה,nmpr,pers,A:person-candidate,Other Tanakh
396218,1436213,510580,1 Chronicles,9,14,מררי,nmpr,pers,A:person-candidate,Other Tanakh
396220,1436214,510581,1 Chronicles,9,15,בקבקר,nmpr,pers,A:person-candidate,Other Tanakh
396221,1436214,510581,1 Chronicles,9,15,חרש,nmpr,pers,A:person-candidate,Other Tanakh
396223,1436214,510581,1 Chronicles,9,15,גלל,nmpr,pers,A:person-candidate,Other Tanakh
396225,1436214,510581,1 Chronicles,9,15,מתניה,nmpr,pers,A:person-candidate,Other Tanakh
396227,1436214,510581,1 Chronicles,9,15,מיכא,nmpr,pers,A:person-candidate,Other Tanakh
396229,1436214,510581,1 Chronicles,9,15,זכרי,nmpr,pers,A:person-candidate,Other Tanakh
396231,1436214,510581,1 Chronicles,9,15,אסף,nmpr,pers,A:person-candidate,Other Tanakh
396233,1436215,510582,1 Chronicles,9,16,עבדיה,nmpr,pers,A:person-candidate,Other Tanakh
396235,1436215,510582,1 Chronicles,9,16,שמעיה,nmpr,pers,A:person-candidate,Other Tanakh
396237,1436215,510582,1 Chronicles,9,16,גלל,nmpr,pers,A:person-candidate,Other Tanakh
396239,1436215,510582,1 Chronicles,9,16,ידותון,nmpr,pers,A:person-candidate,Other Tanakh
396241,1436215,510582,1 Chronicles,9,16,ברכיה,nmpr,pers,A:person-candidate,Other Tanakh
396243,1436215,510582,1 Chronicles,9,16,אסא,nmpr,pers,A:person-candidate,Other Tanakh
396245,1436215,510582,1 Chronicles,9,16,אלקנה,nmpr,pers,A:person-candidate,Other Tanakh
396254,1436216,510584,1 Chronicles,9,17,שלום,nmpr,pers,A:person-candidate,Other Tanakh
396256,1436216,510584,1 Chronicles,9,17,עקוב,nmpr,pers,A:person-candidate,Other Tanakh
396258,1436216,510584,1 Chronicles,9,17,טלמון,nmpr,pers,A:person-candidate,Other Tanakh
396260,1436216,510584,1 Chronicles,9,17,אחימן,nmpr,pers,A:person-candidate,Other Tanakh
396263,1436216,510585,1 Chronicles,9,17,שלום,nmpr,pers,A:person-candidate,Other Tanakh
396272,1436217,510586,1 Chronicles,9,18,מלך,subs,,B:deity-candidate,Other Tanakh
396280,1436217,510587,1 Chronicles,9,18,לוי,nmpr,"pers,gens",F:unclassified-name,Other Tanakh
396282,1436218,510588,1 Chronicles,9,19,שלום,nmpr,pers,A:person-candidate,Other Tanakh
396284,1436218,510588,1 Chronicles,9,19,קורא,nmpr,pers,A:person-candidate,Other Tanakh
396286,1436218,510588,1 Chronicles,9,19,אביסף,nmpr,pers,A:person-candidate,Other Tanakh
396288,1436218,510588,1 Chronicles,9,19,קרח,nmpr,pers,A:person-candidate,Other Tanakh
396310,1436218,510590,1 Chronicles,9,19,יהוה,nmpr,pers,E:YHWH,Other Tanakh
396315,1436219,510592,1 Chronicles,9,20,פינחס,nmpr,pers,A:person-candidate,Other Tanakh
396317,1436219,510592,1 Chronicles,9,20,אלעזר,nmpr,pers,A:person-candidate,Other Tanakh
396323,1436219,510593,1 Chronicles,9,20,יהוה,nmpr,pers,E:YHWH,Other Tanakh
396325,1436220,510594,1 Chronicles,9,21,זכריה,nmpr,pers,A:person-candidate,Other Tanakh
396327,1436220,510594,1 Chronicles,9,21,משלמיה,nmpr,pers,A:person-candidate,Other Tanakh
396351,1436221,510600,1 Chronicles,9,22,דוד,nmpr,pers,A:person-candidate,Other Tanakh
396353,1436221,510600,1 Chronicles,9,22,שמואל,nmpr,pers,A:person-candidate,Other Tanakh
396367,1436222,510601,1 Chronicles,9,23,יהוה,nmpr,pers,E:YHWH,Other Tanakh
396397,1436224,510604,1 Chronicles,9,25,אל,prep,,C:divine-title-candidate,Other Tanakh
396423,1436225,510607,1 Chronicles,9,26,אלהים,subs,,D:Elohim,Other Tanakh
396428,1436226,510608,1 Chronicles,9,27,אלהים,subs,,D:Elohim,Other Tanakh
396499,1436230,510617,1 Chronicles,9,31,מתתיה,nmpr,pers,A:person-candidate,Other Tanakh
396507,1436230,510618,1 Chronicles,9,31,שלום,nmpr,pers,A:person-candidate,Other Tanakh
396565,1436233,510627,1 Chronicles,9,34,ירושלם,nmpr,topo,F:unclassified-name,Other Tanakh
396568,1436234,510628,1 Chronicles,9,35,גבעון,nmpr,topo,F:unclassified-name,Other Tanakh
396571,1436234,510628,1 Chronicles,9,35,גבעון,nmpr,topo,F:unclassified-name,Other Tanakh
396572,1436234,510628,1 Chronicles,9,35,יעיאל,nmpr,pers,A:person-candidate,Other Tanakh
396576,1436234,510629,1 Chronicles,9,35,מעכה,nmpr,pers,A:person-candidate,Other Tanakh
396581,1436235,510630,1 Chronicles,9,36,עבדון,nmpr,pers,A:person-candidate,Other Tanakh
396583,1436235,510631,1 Chronicles,9,36,צור,nmpr,pers,A:person-candidate,Other Tanakh
396585,1436235,510631,1 Chronicles,9,36,קיש,nmpr,pers,A:person-candidate,Other Tanakh
396587,1436235,510631,1 Chronicles,9,36,בעל,nmpr,pers,B:deity-candidate,Other Tanakh
396589,1436235,510631,1 Chronicles,9,36,נר,nmpr,pers,A:person-candidate,Other Tanakh
396591,1436235,510631,1 Chronicles,9,36,נדב,nmpr,pers,A:person-candidate,Other Tanakh
396593,1436236,510632,1 Chronicles,9,37,גדור,nmpr,pers,A:person-candidate,Other Tanakh
396595,1436236,510632,1 Chronicles,9,37,אחיו,nmpr,pers,A:person-candidate,Other Tanakh
396597,1436236,510632,1 Chronicles,9,37,זכריה,nmpr,pers,A:person-candidate,Other Tanakh
396599,1436236,510632,1 Chronicles,9,37,מקלות,nmpr,pers,A:person-candidate,Other Tanakh
396601,1436237,510633,1 Chronicles,9,38,מקלות,nmpr,pers,A:person-candidate,Other Tanakh
396604,1436237,510633,1 Chronicles,9,38,שמאם,nmpr,pers,A:person-candidate,Other Tanakh
396612,1436237,510634,1 Chronicles,9,38,ירושלם,nmpr,topo,F:unclassified-name,Other Tanakh
396616,1436238,510635,1 Chronicles,9,39,נר,nmpr,pers,A:person-candidate,Other Tanakh
396619,1436238,510635,1 Chronicles,9,39,קיש,nmpr,pers,A:person-candidate,Other Tanakh
396621,1436238,510636,1 Chronicles,9,39,קיש,nmpr,pers,A:person-candidate,Other Tanakh
396624,1436238,510636,1 Chronicles,9,39,שאול,nmpr,pers,A:person-candidate,Other Tanakh
396626,1436238,510637,1 Chronicles,9,39,שאול,nmpr,pers,A:person-candidate,Other Tanakh
396629,1436238,510637,1 Chronicles,9,39,יהונתן,nmpr,pers,A:person-candidate,Other Tanakh
396632,1436238,510637,1 Chronicles,9,39,מלכי שוע,nmpr,pers,A:person-candidate,Other Tanakh
396635,1436238,510637,1 Chronicles,9,39,אבינדב,nmpr,pers,A:person-candidate,Other Tanakh
396638,1436238,510637,1 Chronicles,9,39,אשבעל,nmpr,pers,A:person-candidate,Other Tanakh
396641,1436239,510638,1 Chronicles,9,40,יהונתן,nmpr,pers,A:person-candidate,Other Tanakh
396642,1436239,510638,1 Chronicles,9,40,מריב בעל,nmpr,pers,A:person-candidate,Other Tanakh
396644,1436239,510639,1 Chronicles,9,40,מריב בעל,nmpr,pers,A:person-candidate,Other Tanakh
396647,1436239,510639,1 Chronicles,9,40,מיכה,nmpr,pers,A:person-candidate,Other Tanakh
396650,1436240,510640,1 Chronicles,9,41,מיכה,nmpr,pers,A:person-candidate,Other Tanakh
396651,1436240,510640,1 Chronicles,9,41,פיתון,nmpr,pers,A:person-candidate,Other Tanakh
396653,1436240,510640,1 Chronicles,9,41,מלך,nmpr,pers,B:deity-candidate,Other Tanakh
396655,1436240,510640,1 Chronicles,9,41,תחרע,nmpr,pers,A:person-candidate,Other Tanakh
396657,1436241,510641,1 Chronicles,9,42,אחז,nmpr,pers,A:person-candidate,Other Tanakh
396660,1436241,510641,1 Chronicles,9,42,יערה,nmpr,pers,A:person-candidate,Other Tanakh
396662,1436241,510642,1 Chronicles,9,42,יערה,nmpr,pers,A:person-candidate,Other Tanakh
396665,1436241,510642,1 Chronicles,9,42,עלמת,nmpr,pers,A:person-candidate,Other Tanakh
396668,1436241,510642,1 Chronicles,9,42,עזמות,nmpr,pers,A:person-candidate,Other Tanakh
396671,1436241,510642,1 Chronicles,9,42,זמרי,nmpr,pers,A:person-candidate,Other Tanakh
396673,1436241,510643,1 Chronicles,9,42,זמרי,nmpr,pers,A:person-candidate,Other Tanakh
396676,1436241,510643,1 Chronicles,9,42,מוצא,nmpr,pers,A:person-candidate,Other Tanakh
396678,1436242,510644,1 Chronicles,9,43,מוצא,nmpr,pers,A:person-candidate,Other Tanakh
396681,1436242,510644,1 Chronicles,9,43,בנעא,nmpr,pers,A:person-candidate,Other Tanakh
396683,1436242,510645,1 Chronicles,9,43,רפיה,nmpr,pers,A:person-candidate,Other Tanakh
396685,1436242,510646,1 Chronicles,9,43,אלעשה,nmpr,pers,A:person-candidate,Other Tanakh
396687,1436242,510647,1 Chronicles,9,43,אצל,nmpr,pers,A:person-candidate,Other Tanakh
396691,1436243,510648,1 Chronicles,9,44,אצל,nmpr,pers,A:person-candidate,Other Tanakh
396697,1436243,510650,1 Chronicles,9,44,עזריקם,nmpr,pers,A:person-candidate,Other Tanakh
396698,1436243,510650,1 Chronicles,9,44,בכרו,nmpr,pers,A:person-candidate,Other Tanakh
396700,1436243,510650,1 Chronicles,9,44,ישמעאל,nmpr,pers,A:person-candidate,Other Tanakh
396702,1436243,510650,1 Chronicles,9,44,שעריה,nmpr,pers,A:person-candidate,Other Tanakh
396704,1436243,510650,1 Chronicles,9,44,עבדיה,nmpr,pers,A:person-candidate,Other Tanakh
396706,1436243,510650,1 Chronicles,9,44,חנן,nmpr,pers,A:person-candidate,Other Tanakh
396709,1436243,510651,1 Chronicles,9,44,אצל,nmpr,pers,A:person-candidate,Other Tanakh
396714,1436244,510652,1 Chronicles,10,1,ישראל,nmpr,"pers,gens,topo",F:unclassified-name,Other Tanakh
396718,1436244,510653,1 Chronicles,10,1,ישראל,nmpr,"pers,gens,topo",F:unclassified-name,Other Tanakh
396727,1436244,510654,1 Chronicles,10,1,גלבע,nmpr,topo,F:unclassified-name,Other Tanakh
396732,1436245,510655,1 Chronicles,10,2,שאול,nmpr,pers,A:person-candidate,Other Tanakh
396740,1436245,510656,1 Chronicles,10,2,יונתן,nmpr,pers,A:person-candidate,Other Tanakh
396743,1436245,510656,1 Chronicles,10,2,אבינדב,nmpr,pers,A:person-candidate,Other Tanakh
396746,1436245,510656,1 Chronicles,10,2,מלכי שוע,nmpr,pers,A:person-candidate,Other Tanakh
396748,1436245,510656,1 Chronicles,10,2,שאול,nmpr,pers,A:person-candidate,Other Tanakh
396754,1436246,510657,1 Chronicles,10,3,שאול,nmpr,pers,A:person-candidate,Other Tanakh
396769,1436247,510661,1 Chronicles,10,4,שאול,nmpr,pers,A:person-candidate,Other Tanakh
396770,1436247,510661,1 Chronicles,10,4,אל,prep,,C:divine-title-candidate,Other Tanakh
396797,1436247,510668,1 Chronicles,10,4,שאול,nmpr,pers,A:person-candidate,Other Tanakh
396810,1436248,510671,1 Chronicles,10,5,שאול,nmpr,pers,A:person-candidate,Other Tanakh
396822,1436249,510674,1 Chronicles,10,6,שאול,nmpr,pers,A:person-candidate,Other Tanakh
396835,1436250,510676,1 Chronicles,10,7,ישראל,nmpr,"pers,gens,topo",F:unclassified-name,Other Tanakh
396845,1436250,510679,1 Chronicles,10,7,שאול,nmpr,pers,A:person-candidate,Other Tanakh
396874,1436251,510687,1 Chronicles,10,8,שאול,nmpr,pers,A:person-candidate,Other Tanakh
396881,1436251,510688,1 Chronicles,10,8,גלבע,nmpr,topo,F:unclassified-name,Other Tanakh
396910,1436253,510693,1 Chronicles,10,10,אלהים,subs,,D:Elohim,Other Tanakh
396916,1436253,510694,1 Chronicles,10,10,דגון,nmpr,pers,B:deity-candidate,Other Tanakh
396920,1436254,510695,1 Chronicles,10,11,יביש,nmpr,topo,F:unclassified-name,Other Tanakh
396921,1436254,510695,1 Chronicles,10,11,גלעד,nmpr,topo,F:unclassified-name,Other Tanakh
396928,1436254,510696,1 Chronicles,10,11,שאול,nmpr,pers,A:person-candidate,Other Tanakh
396938,1436255,510698,1 Chronicles,10,12,שאול,nmpr,pers,A:person-candidate,Other Tanakh
396945,1436255,510699,1 Chronicles,10,12,יביש,nmpr,topo,F:unclassified-name,Other Tanakh
396954,1436255,510700,1 Chronicles,10,12,יביש,nmpr,topo,F:unclassified-name,Other Tanakh
396961,1436256,510702,1 Chronicles,10,13,שאול,nmpr,pers,A:person-candidate,Other Tanakh
396967,1436256,510703,1 Chronicles,10,13,יהוה,nmpr,pers,E:YHWH,Other Tanakh
396970,1436256,510702,1 Chronicles,10,13,יהוה,nmpr,pers,E:YHWH,Other Tanakh
396987,1436257,510707,1 Chronicles,10,14,יהוה,nmpr,pers,E:YHWH,Other Tanakh
396996,1436257,510709,1 Chronicles,10,14,דוד,nmpr,pers,A:person-candidate,Other Tanakh
396998,1436257,510709,1 Chronicles,10,14,ישי,nmpr,pers,A:person-candidate,Other Tanakh
397002,1436258,510710,1 Chronicles,11,1,ישראל,nmpr,"pers,gens,topo",F:unclassified-name,Other Tanakh
397003,1436258,510710,1 Chronicles,11,1,אל,prep,,C:divine-title-candidate,Other Tanakh
397004,1436258,510710,1 Chronicles,11,1,דוד,nmpr,pers,A:person-candidate,Other Tanakh
397005,1436258,510710,1 Chronicles,11,1,חברון,nmpr,topo,F:unclassified-name,Other Tanakh
397020,1436259,510714,1 Chronicles,11,2,שאול,nmpr,pers,A:person-candidate,Other Tanakh
397021,1436259,510714,1 Chronicles,11,2,מלך,subs,,B:deity-candidate,Other Tanakh
397029,1436259,510716,1 Chronicles,11,2,ישראל,nmpr,"pers,gens,topo",F:unclassified-name,Other Tanakh
397032,1436259,510717,1 Chronicles,11,2,יהוה,nmpr,pers,E:YHWH,Other Tanakh
397033,1436259,510717,1 Chronicles,11,2,אלהים,subs,,D:Elohim,Other Tanakh
397040,1436259,510718,1 Chronicles,11,2,ישראל,nmpr,"pers,gens,topo",F:unclassified-name,Other Tanakh
397047,1436259,510719,1 Chronicles,11,2,ישראל,nmpr,"pers,gens,topo",F:unclassified-name,Other Tanakh
397052,1436260,510720,1 Chronicles,11,3,ישראל,nmpr,"pers,gens,topo",F:unclassified-name,Other Tanakh
397053,1436260,510720,1 Chronicles,11,3,אל,prep,,C:divine-title-candidate,Other Tanakh
397055,1436260,510720,1 Chronicles,11,3,מלך,subs,,B:deity-candidate,Other Tanakh
397056,1436260,510720,1 Chronicles,11,3,חברון,nmpr,topo,F:unclassified-name,Other Tanakh
397060,1436260,510721,1 Chronicles,11,3,דוד,nmpr,pers,A:person-candidate,Other Tanakh
397063,1436260,510721,1 Chronicles,11,3,חברון,nmpr,topo,F:unclassified-name,Other Tanakh
397066,1436260,510721,1 Chronicles,11,3,יהוה,nmpr,pers,E:YHWH,Other Tanakh
397070,1436260,510722,1 Chronicles,11,3,דוד,nmpr,pers,A:person-candidate,Other Tanakh
397072,1436260,510722,1 Chronicles,11,3,מלך,subs,,B:deity-candidate,Other Tanakh
397074,1436260,510722,1 Chronicles,11,3,ישראל,nmpr,"pers,gens,topo",F:unclassified-name,Other Tanakh
397077,1436260,510722,1 Chronicles,11,3,יהוה,nmpr,pers,E:YHWH,Other Tanakh
397080,1436260,510722,1 Chronicles,11,3,שמואל,nmpr,pers,A:person-candidate,Other Tanakh
397083,1436261,510723,1 Chronicles,11,4,דוד,nmpr,pers,A:person-candidate,Other Tanakh
397086,1436261,510723,1 Chronicles,11,4,ישראל,nmpr,"pers,gens,topo",F:unclassified-name,Other Tanakh
397087,1436261,510723,1 Chronicles,11,4,ירושלם,nmpr,topo,F:unclassified-name,Other Tanakh
397089,1436261,510724,1 Chronicles,11,4,יבוס,nmpr,topo,F:unclassified-name,Other Tanakh
397100,1436262,510726,1 Chronicles,11,5,יבוס,nmpr,topo,F:unclassified-name,Other Tanakh
397102,1436262,510726,1 Chronicles,11,5,דוד,nmpr,pers,A:person-candidate,Other Tanakh
397108,1436262,510728,1 Chronicles,11,5,דוד,nmpr,pers,A:person-candidate,Other Tanakh
397111,1436262,510728,1 Chronicles,11,5,ציון,nmpr,topo,F:unclassified-name,Other Tanakh
397114,1436262,510729,1 Chronicles,11,5,דוד,nmpr,pers,A:person-candidate,Other Tanakh
397117,1436263,510730,1 Chronicles,11,6,דוד,nmpr,pers,A:person-candidate,Other Tanakh
397135,1436263,510733,1 Chronicles,11,6,יואב,nmpr,pers,A:person-candidate,Other Tanakh
397137,1436263,510733,1 Chronicles,11,6,צרויה,nmpr,pers,A:person-candidate,Other Tanakh
397144,1436264,510735,1 Chronicles,11,7,דוד,nmpr,pers,A:person-candidate,Other Tanakh
397153,1436264,510736,1 Chronicles,11,7,דוד,nmpr,pers,A:person-candidate,Other Tanakh
397168,1436265,510738,1 Chronicles,11,8,יואב,nmpr,pers,A:person-candidate,Other Tanakh
397176,1436266,510739,1 Chronicles,11,9,דוד,nmpr,pers,A:person-candidate,Other Tanakh
397181,1436266,510740,1 Chronicles,11,9,יהוה,nmpr,pers,E:YHWH,Other Tanakh
397191,1436267,510742,1 Chronicles,11,10,דוד,nmpr,pers,A:person-candidate,Other Tanakh
397199,1436267,510743,1 Chronicles,11,10,ישראל,nmpr,"pers,gens,topo",F:unclassified-name,Other Tanakh
397201,1436267,510744,1 Chronicles,11,10,מלך,verb,,B:deity-candidate,Other Tanakh
397204,1436267,510744,1 Chronicles,11,10,יהוה,nmpr,pers,E:YHWH,Other Tanakh
397206,1436267,510744,1 Chronicles,11,10,ישראל,nmpr,"pers,gens,topo",F:unclassified-name,Other Tanakh
397214,1436268,510746,1 Chronicles,11,11,דוד,nmpr,pers,A:person-candidate,Other Tanakh
397215,1436268,510747,1 Chronicles,11,11,ישבעם,nmpr,pers,A:person-candidate,Other Tanakh
397217,1436268,510747,1 Chronicles,11,11,חכמוני,nmpr,pers,A:person-candidate,Other Tanakh
397234,1436269,510750,1 Chronicles,11,12,אלעזר,nmpr,pers,A:person-candidate,Other Tanakh
397236,1436269,510750,1 Chronicles,11,12,דודו,nmpr,pers,A:person-candidate,Other Tanakh
397247,1436270,510752,1 Chronicles,11,13,דוד,nmpr,pers,A:person-candidate,Other Tanakh
397250,1436270,510752,1 Chronicles,11,13,אפס דמים,nmpr,topo,F:unclassified-name,Other Tanakh
397287,1436271,510760,1 Chronicles,11,14,יהוה,nmpr,pers,E:YHWH,Other Tanakh
397300,1436272,510761,1 Chronicles,11,15,אל,prep,,C:divine-title-candidate,Other Tanakh
397301,1436272,510761,1 Chronicles,11,15,דוד,nmpr,pers,A:person-candidate,Other Tanakh
397302,1436272,510761,1 Chronicles,11,15,אל,prep,,C:divine-title-candidate,Other Tanakh
397304,1436272,510761,1 Chronicles,11,15,עדלם,nmpr,topo,F:unclassified-name,Other Tanakh
397311,1436272,510762,1 Chronicles,11,15,רפאים,nmpr,gens,F:unclassified-name,Other Tanakh
397313,1436273,510763,1 Chronicles,11,16,דוד,nmpr,pers,A:person-candidate,Other Tanakh
397323,1436273,510764,1 Chronicles,11,16,בית לחם,nmpr,topo,F:unclassified-name,Other Tanakh
397326,1436274,510765,1 Chronicles,11,17,דוד,nmpr,pers,A:person-candidate,Other Tanakh
397334,1436274,510767,1 Chronicles,11,17,בית לחם,nmpr,topo,F:unclassified-name,Other Tanakh
397351,1436275,510770,1 Chronicles,11,18,בית לחם,nmpr,topo,F:unclassified-name,Other Tanakh
397360,1436275,510773,1 Chronicles,11,18,אל,prep,,C:divine-title-candidate,Other Tanakh
397361,1436275,510773,1 Chronicles,11,18,דוד,nmpr,pers,A:person-candidate,Other Tanakh
397365,1436275,510774,1 Chronicles,11,18,דוד,nmpr,pers,A:person-candidate,Other Tanakh
397372,1436275,510776,1 Chronicles,11,18,יהוה,nmpr,pers,E:YHWH,Other Tanakh
397378,1436276,510778,1 Chronicles,11,19,אלהים,subs,,D:Elohim,Other Tanakh
397406,1436277,510785,1 Chronicles,11,20,אבשי,nmpr,pers,A:person-candidate,Other Tanakh
397408,1436277,510785,1 Chronicles,11,20,יואב,nmpr,pers,A:person-candidate,Other Tanakh
397447,1436279,510792,1 Chronicles,11,22,בניה,nmpr,pers,A:person-candidate,Other Tanakh
397449,1436279,510792,1 Chronicles,11,22,יהוידע,nmpr,pers,A:person-candidate,Other Tanakh
397456,1436279,510792,1 Chronicles,11,22,קבצאל,nmpr,topo,F:unclassified-name,Other Tanakh
397461,1436279,510793,1 Chronicles,11,22,אריאל,nmpr,pers,A:person-candidate,Other Tanakh
397462,1436279,510793,1 Chronicles,11,22,מואב,nmpr,"pers,gens,topo",F:unclassified-name,Other Tanakh
397504,1436280,510798,1 Chronicles,11,23,אל,prep,,C:divine-title-candidate,Other Tanakh
397523,1436281,510801,1 Chronicles,11,24,בניהו,nmpr,pers,A:person-candidate,Other Tanakh
397525,1436281,510801,1 Chronicles,11,24,יהוידע,nmpr,pers,A:person-candidate,Other Tanakh
397540,1436282,510805,1 Chronicles,11,25,אל,prep,,C:divine-title-candidate,Other Tanakh
397547,1436282,510806,1 Chronicles,11,25,דוד,nmpr,pers,A:person-candidate,Other Tanakh
397554,1436283,510807,1 Chronicles,11,26,עשהאל,nmpr,pers,A:person-candidate,Other Tanakh
397556,1436283,510807,1 Chronicles,11,26,יואב,nmpr,pers,A:person-candidate,Other Tanakh
397557,1436283,510807,1 Chronicles,11,26,אלחנן,nmpr,pers,A:person-candidate,Other Tanakh
397559,1436283,510807,1 Chronicles,11,26,דודו,nmpr,pers,A:person-candidate,Other Tanakh
397561,1436283,510807,1 Chronicles,11,26,בית לחם,nmpr,topo,F:unclassified-name,Other Tanakh
397562,1436284,510808,1 Chronicles,11,27,שמות,nmpr,pers,A:person-candidate,Other Tanakh
397565,1436284,510808,1 Chronicles,11,27,חלץ,nmpr,pers,A:person-candidate,Other Tanakh
397568,1436285,510809,1 Chronicles,11,28,עירא,nmpr,pers,A:person-candidate,Other Tanakh
397570,1436285,510809,1 Chronicles,11,28,עקש,nmpr,pers,A:person-candidate,Other Tanakh
397573,1436285,510809,1 Chronicles,11,28,אביעזר,nmpr,pers,A:person-candidate,Other Tanakh
397576,1436286,510810,1 Chronicles,11,29,סבכי,nmpr,pers,A:person-candidate,Other Tanakh
397579,1436286,510810,1 Chronicles,11,29,עילי,nmpr,pers,A:person-candidate,Other Tanakh
397582,1436287,510811,1 Chronicles,11,30,מהרי,nmpr,pers,A:person-candidate,Other Tanakh
397585,1436287,510811,1 Chronicles,11,30,חלד,nmpr,pers,A:person-candidate,Other Tanakh
397587,1436287,510811,1 Chronicles,11,30,בענה,nmpr,pers,A:person-candidate,Other Tanakh
397590,1436288,510812,1 Chronicles,11,31,אתי,nmpr,pers,A:person-candidate,Other Tanakh
397592,1436288,510812,1 Chronicles,11,31,ריבי,nmpr,pers,A:person-candidate,Other Tanakh
397596,1436288,510812,1 Chronicles,11,31,בנימן,nmpr,"pers,gens,topo",F:unclassified-name,Other Tanakh
397597,1436288,510812,1 Chronicles,11,31,בניה,nmpr,pers,A:person-candidate,Other Tanakh
397600,1436289,510813,1 Chronicles,11,32,חורי,nmpr,pers,A:person-candidate,Other Tanakh
397603,1436289,510813,1 Chronicles,11,32,געש,nmpr,topo,F:unclassified-name,Other Tanakh
397604,1436289,510813,1 Chronicles,11,32,אביאל,nmpr,pers,A:person-candidate,Other Tanakh
397607,1436290,510814,1 Chronicles,11,33,עזמות,nmpr,pers,A:person-candidate,Other Tanakh
397610,1436290,510814,1 Chronicles,11,33,אליחבא,nmpr,pers,A:person-candidate,Other Tanakh
397614,1436291,510815,1 Chronicles,11,34,השם,nmpr,pers,A:person-candidate,Other Tanakh
397617,1436291,510815,1 Chronicles,11,34,יונתן,nmpr,pers,A:person-candidate,Other Tanakh
397619,1436291,510815,1 Chronicles,11,34,שגה,nmpr,pers,A:person-candidate,Other Tanakh
397622,1436292,510816,1 Chronicles,11,35,אחיאם,nmpr,pers,A:person-candidate,Other Tanakh
397624,1436292,510816,1 Chronicles,11,35,שכר,nmpr,pers,A:person-candidate,Other Tanakh
397627,1436292,510816,1 Chronicles,11,35,אליפל,nmpr,pers,A:person-candidate,Other Tanakh
397629,1436292,510816,1 Chronicles,11,35,אור,nmpr,pers,A:person-candidate,Other Tanakh
397630,1436293,510817,1 Chronicles,11,36,חפר,nmpr,pers,A:person-candidate,Other Tanakh
397633,1436293,510817,1 Chronicles,11,36,אחיה,nmpr,pers,A:person-candidate,Other Tanakh
397636,1436294,510818,1 Chronicles,11,37,חצרו,nmpr,pers,A:person-candidate,Other Tanakh
397639,1436294,510818,1 Chronicles,11,37,נערי,nmpr,pers,A:person-candidate,Other Tanakh
397641,1436294,510818,1 Chronicles,11,37,אזבי,nmpr,pers,A:person-candidate,Other Tanakh
397642,1436295,510819,1 Chronicles,11,38,יואל,nmpr,pers,A:person-candidate,Other Tanakh
397644,1436295,510819,1 Chronicles,11,38,נתן,nmpr,pers,A:person-candidate,Other Tanakh
397645,1436295,510819,1 Chronicles,11,38,מבחר,nmpr,pers,A:person-candidate,Other Tanakh
397647,1436295,510819,1 Chronicles,11,38,הגרי,nmpr,pers,A:person-candidate,Other Tanakh
397648,1436296,510820,1 Chronicles,11,39,צלק,nmpr,pers,A:person-candidate,Other Tanakh
397651,1436296,510820,1 Chronicles,11,39,נחרי,nmpr,pers,A:person-candidate,Other Tanakh
397656,1436296,510821,1 Chronicles,11,39,יואב,nmpr,pers,A:person-candidate,Other Tanakh
397658,1436296,510821,1 Chronicles,11,39,צרויה,nmpr,pers,A:person-candidate,Other Tanakh
397659,1436297,510822,1 Chronicles,11,40,עירא,nmpr,pers,A:person-candidate,Other Tanakh
397662,1436297,510822,1 Chronicles,11,40,גרב,nmpr,pers,A:person-candidate,Other Tanakh
397665,1436298,510823,1 Chronicles,11,41,אוריה,nmpr,pers,A:person-candidate,Other Tanakh
397668,1436298,510823,1 Chronicles,11,41,זבד,nmpr,pers,A:person-candidate,Other Tanakh
397670,1436298,510823,1 Chronicles,11,41,אחלי,nmpr,pers,A:person-candidate,Other Tanakh
397671,1436299,510824,1 Chronicles,11,42,עדינא,nmpr,pers,A:person-candidate,Other Tanakh
397673,1436299,510824,1 Chronicles,11,42,שיזא,nmpr,pers,A:person-candidate,Other Tanakh
397683,1436300,510826,1 Chronicles,11,43,חנן,nmpr,pers,A:person-candidate,Other Tanakh
397685,1436300,510826,1 Chronicles,11,43,מעכה,nmpr,pers,A:person-candidate,Other Tanakh
397687,1436300,510826,1 Chronicles,11,43,יושפט,nmpr,pers,A:person-candidate,Other Tanakh
397690,1436301,510827,1 Chronicles,11,44,עזיא,nmpr,pers,A:person-candidate,Other Tanakh
397693,1436301,510827,1 Chronicles,11,44,שמע,nmpr,pers,A:person-candidate,Other Tanakh
397695,1436301,510827,1 Chronicles,11,44,יעיאל,nmpr,pers,A:person-candidate,Other Tanakh
397697,1436301,510827,1 Chronicles,11,44,חותם,nmpr,pers,A:person-candidate,Other Tanakh
397700,1436302,510828,1 Chronicles,11,45,ידיעאל,nmpr,pers,A:person-candidate,Other Tanakh
397702,1436302,510828,1 Chronicles,11,45,שמרי,nmpr,pers,A:person-candidate,Other Tanakh
397704,1436302,510828,1 Chronicles,11,45,יוחא,nmpr,pers,A:person-candidate,Other Tanakh
397708,1436303,510829,1 Chronicles,11,46,אליאל,nmpr,pers,A:person-candidate,Other Tanakh
397712,1436303,510829,1 Chronicles,11,46,יריבי,nmpr,pers,A:person-candidate,Other Tanakh
397714,1436303,510829,1 Chronicles,11,46,יושויה,nmpr,pers,A:person-candidate,Other Tanakh
397716,1436303,510829,1 Chronicles,11,46,אלנעם,nmpr,pers,A:person-candidate,Other Tanakh
397718,1436303,510829,1 Chronicles,11,46,יתמה,nmpr,pers,A:person-candidate,Other Tanakh
397721,1436304,510830,1 Chronicles,11,47,אליאל,nmpr,pers,A:person-candidate,Other Tanakh
397723,1436304,510830,1 Chronicles,11,47,עובד,nmpr,pers,A:person-candidate,Other Tanakh
397725,1436304,510830,1 Chronicles,11,47,יעשיאל,nmpr,pers,A:person-candidate,Other Tanakh
397727,1436304,510830,1 Chronicles,11,47,מצביה,nmpr,pers,A:person-candidate,Other Tanakh
397732,1436305,510832,1 Chronicles,12,1,אל,prep,,C:divine-title-candidate,Other Tanakh
397733,1436305,510832,1 Chronicles,12,1,דוד,nmpr,pers,A:person-candidate,Other Tanakh
397735,1436305,510832,1 Chronicles,12,1,צקלג,nmpr,topo,F:unclassified-name,Other Tanakh
397740,1436305,510833,1 Chronicles,12,1,שאול,nmpr,pers,A:person-candidate,Other Tanakh
397742,1436305,510833,1 Chronicles,12,1,קיש,nmpr,pers,A:person-candidate,Other Tanakh
397768,1436306,510837,1 Chronicles,12,2,שאול,nmpr,pers,A:person-candidate,Other Tanakh
397770,1436306,510837,1 Chronicles,12,2,בנימן,nmpr,"pers,gens,topo",F:unclassified-name,Other Tanakh
397773,1436307,510838,1 Chronicles,12,3,אחיעזר,nmpr,pers,A:person-candidate,Other Tanakh
397775,1436307,510839,1 Chronicles,12,3,יואש,nmpr,pers,A:person-candidate,Other Tanakh
397778,1436307,510839,1 Chronicles,12,3,שמעה,nmpr,pers,A:person-candidate,Other Tanakh
397782,1436307,510839,1 Chronicles,12,3,יזיאל,nmpr,pers,A:person-candidate,Other Tanakh
397784,1436307,510839,1 Chronicles,12,3,פלט,nmpr,pers,A:person-candidate,Other Tanakh
397786,1436307,510839,1 Chronicles,12,3,עזמות,nmpr,pers,A:person-candidate,Other Tanakh
397788,1436307,510839,1 Chronicles,12,3,ברכה,nmpr,pers,A:person-candidate,Other Tanakh
397790,1436307,510839,1 Chronicles,12,3,יהוא,nmpr,pers,A:person-candidate,Other Tanakh
397794,1436308,510840,1 Chronicles,12,4,ישמעיה,nmpr,pers,A:person-candidate,Other Tanakh
397806,1436309,510842,1 Chronicles,12,5,ירמיה,nmpr,pers,A:person-candidate,Other Tanakh
397808,1436309,510842,1 Chronicles,12,5,יחזיאל,nmpr,pers,A:person-candidate,Other Tanakh
397810,1436309,510842,1 Chronicles,12,5,יוחנן,nmpr,pers,A:person-candidate,Other Tanakh
397812,1436309,510842,1 Chronicles,12,5,יוזבד,nmpr,pers,A:person-candidate,Other Tanakh
397815,1436310,510843,1 Chronicles,12,6,אלעוזי,nmpr,pers,A:person-candidate,Other Tanakh
397817,1436310,510843,1 Chronicles,12,6,ירימות,nmpr,pers,A:person-candidate,Other Tanakh
397819,1436310,510843,1 Chronicles,12,6,בעליה,nmpr,pers,A:person-candidate,Other Tanakh
397821,1436310,510843,1 Chronicles,12,6,שמריהו,nmpr,pers,A:person-candidate,Other Tanakh
397823,1436310,510843,1 Chronicles,12,6,שפטיהו,nmpr,pers,A:person-candidate,Other Tanakh
397826,1436311,510844,1 Chronicles,12,7,אלקנה,nmpr,pers,A:person-candidate,Other Tanakh
397828,1436311,510844,1 Chronicles,12,7,ישיהו,nmpr,pers,A:person-candidate,Other Tanakh
397830,1436311,510844,1 Chronicles,12,7,עזראל,nmpr,pers,A:person-candidate,Other Tanakh
397832,1436311,510844,1 Chronicles,12,7,יועזר,nmpr,pers,A:person-candidate,Other Tanakh
397834,1436311,510844,1 Chronicles,12,7,ישבעם,nmpr,pers,A:person-candidate,Other Tanakh
397838,1436312,510845,1 Chronicles,12,8,יועאלה,nmpr,pers,A:person-candidate,Other Tanakh
397840,1436312,510845,1 Chronicles,12,8,זבדיה,nmpr,pers,A:person-candidate,Other Tanakh
397842,1436312,510845,1 Chronicles,12,8,ירחם,nmpr,pers,A:person-candidate,Other Tanakh
397845,1436312,510845,1 Chronicles,12,8,גדר,nmpr,topo,F:unclassified-name,Other Tanakh
397851,1436313,510846,1 Chronicles,12,9,אל,prep,,C:divine-title-candidate,Other Tanakh
397852,1436313,510846,1 Chronicles,12,9,דוד,nmpr,pers,A:person-candidate,Other Tanakh
397881,1436314,510851,1 Chronicles,12,10,עזר,nmpr,pers,A:person-candidate,Other Tanakh
397884,1436314,510852,1 Chronicles,12,10,עבדיה,nmpr,pers,A:person-candidate,Other Tanakh
397887,1436314,510853,1 Chronicles,12,10,אליאב,nmpr,pers,A:person-candidate,Other Tanakh
397890,1436315,510854,1 Chronicles,12,11,משמנה,nmpr,pers,A:person-candidate,Other Tanakh
397893,1436315,510855,1 Chronicles,12,11,ירמיה,nmpr,pers,A:person-candidate,Other Tanakh
397896,1436316,510856,1 Chronicles,12,12,עתי,nmpr,pers,A:person-candidate,Other Tanakh
397899,1436316,510857,1 Chronicles,12,12,אליאל,nmpr,pers,A:person-candidate,Other Tanakh
397902,1436317,510858,1 Chronicles,12,13,יוחנן,nmpr,pers,A:person-candidate,Other Tanakh
397905,1436317,510859,1 Chronicles,12,13,אלזבד,nmpr,pers,A:person-candidate,Other Tanakh
397908,1436318,510860,1 Chronicles,12,14,ירמיהו,nmpr,pers,A:person-candidate,Other Tanakh
397911,1436318,510861,1 Chronicles,12,14,מכבני,nmpr,pers,A:person-candidate,Other Tanakh
397917,1436319,510862,1 Chronicles,12,15,גד,nmpr,"pers,gens,topo",B:deity-candidate,Other Tanakh
397937,1436320,510866,1 Chronicles,12,16,ירדן,nmpr,topo,F:unclassified-name,Other Tanakh
397966,1436321,510869,1 Chronicles,12,17,בנימן,nmpr,"pers,gens,topo",F:unclassified-name,Other Tanakh
397968,1436321,510869,1 Chronicles,12,17,יהודה,nmpr,"pers,gens,topo",F:unclassified-name,Other Tanakh
397974,1436321,510869,1 Chronicles,12,17,דוד,nmpr,pers,A:person-candidate,Other Tanakh
397977,1436322,510870,1 Chronicles,12,18,דוד,nmpr,pers,A:person-candidate,Other Tanakh
397989,1436322,510873,1 Chronicles,12,18,אל,prep,,C:divine-title-candidate,Other Tanakh
398010,1436322,510878,1 Chronicles,12,18,אלהים,subs,,D:Elohim,Other Tanakh
398018,1436323,510880,1 Chronicles,12,19,עמשי,nmpr,pers,A:person-candidate,Other Tanakh
398023,1436323,510882,1 Chronicles,12,19,דוד,nmpr,pers,A:person-candidate,Other Tanakh
398027,1436323,510884,1 Chronicles,12,19,ישי,nmpr,pers,A:person-candidate,Other Tanakh
398037,1436323,510887,1 Chronicles,12,19,אלהים,subs,,D:Elohim,Other Tanakh
398040,1436323,510888,1 Chronicles,12,19,דוד,nmpr,pers,A:person-candidate,Other Tanakh
398049,1436324,510890,1 Chronicles,12,20,מנשה,nmpr,"pers,gens",F:unclassified-name,Other Tanakh
398052,1436324,510890,1 Chronicles,12,20,דוד,nmpr,pers,A:person-candidate,Other Tanakh
398058,1436324,510891,1 Chronicles,12,20,שאול,nmpr,pers,A:person-candidate,Other Tanakh
398076,1436324,510895,1 Chronicles,12,20,אל,prep,,C:divine-title-candidate,Other Tanakh
398078,1436324,510895,1 Chronicles,12,20,שאול,nmpr,pers,A:person-candidate,Other Tanakh
398081,1436325,510896,1 Chronicles,12,21,אל,prep,,C:divine-title-candidate,Other Tanakh
398082,1436325,510896,1 Chronicles,12,21,צקלג,nmpr,topo,F:unclassified-name,Other Tanakh
398086,1436325,510897,1 Chronicles,12,21,מנשה,nmpr,"pers,gens",F:unclassified-name,Other Tanakh
398087,1436325,510897,1 Chronicles,12,21,עדנח,nmpr,pers,A:person-candidate,Other Tanakh
398089,1436325,510897,1 Chronicles,12,21,יוזבד,nmpr,pers,A:person-candidate,Other Tanakh
398091,1436325,510897,1 Chronicles,12,21,ידיעאל,nmpr,pers,A:person-candidate,Other Tanakh
398093,1436325,510897,1 Chronicles,12,21,מיכאל,nmpr,pers,A:person-candidate,Other Tanakh
398095,1436325,510897,1 Chronicles,12,21,יוזבד,nmpr,pers,A:person-candidate,Other Tanakh
398097,1436325,510897,1 Chronicles,12,21,אליהוא,nmpr,pers,A:person-candidate,Other Tanakh
398099,1436325,510897,1 Chronicles,12,21,צלתי,nmpr,pers,A:person-candidate,Other Tanakh
398105,1436325,510898,1 Chronicles,12,21,מנשה,nmpr,"pers,gens",F:unclassified-name,Other Tanakh
398110,1436326,510899,1 Chronicles,12,22,דוד,nmpr,pers,A:person-candidate,Other Tanakh
398132,1436327,510902,1 Chronicles,12,23,דוד,nmpr,pers,A:person-candidate,Other Tanakh
398141,1436327,510902,1 Chronicles,12,23,אלהים,subs,,D:Elohim,Other Tanakh
398153,1436328,510905,1 Chronicles,12,24,דוד,nmpr,pers,A:person-candidate,Other Tanakh
398154,1436328,510905,1 Chronicles,12,24,חברון,nmpr,topo,F:unclassified-name,Other Tanakh
398158,1436328,510906,1 Chronicles,12,24,שאול,nmpr,pers,A:person-candidate,Other Tanakh
398159,1436328,510906,1 Chronicles,12,24,אל,prep,,C:divine-title-candidate,Other Tanakh
398162,1436328,510906,1 Chronicles,12,24,יהוה,nmpr,pers,E:YHWH,Other Tanakh
398164,1436329,510907,1 Chronicles,12,25,יהודה,nmpr,"pers,gens,topo",F:unclassified-name,Other Tanakh
398178,1436330,510909,1 Chronicles,12,26,שמעון,nmpr,"pers,gens,topo",F:unclassified-name,Other Tanakh
398198,1436332,510911,1 Chronicles,12,28,יהוידע,nmpr,pers,A:person-candidate,Other Tanakh
398202,1436332,510911,1 Chronicles,12,28,אהרן,nmpr,pers,A:person-candidate,Other Tanakh
398211,1436333,510913,1 Chronicles,12,29,צדוק,nmpr,pers,A:person-candidate,Other Tanakh
398225,1436334,510915,1 Chronicles,12,30,בנימן,nmpr,"pers,gens,topo",F:unclassified-name,Other Tanakh
398227,1436334,510915,1 Chronicles,12,30,שאול,nmpr,pers,A:person-candidate,Other Tanakh
398237,1436334,510916,1 Chronicles,12,30,שאול,nmpr,pers,A:person-candidate,Other Tanakh
398241,1436335,510917,1 Chronicles,12,31,אפרים,nmpr,"pers,gens,topo",F:unclassified-name,Other Tanakh
398258,1436336,510918,1 Chronicles,12,32,מנשה,nmpr,"pers,gens",F:unclassified-name,Other Tanakh
398269,1436336,510921,1 Chronicles,12,32,מלך,verb,,B:deity-candidate,Other Tanakh
398271,1436336,510921,1 Chronicles,12,32,דוד,nmpr,pers,A:person-candidate,Other Tanakh
398275,1436337,510922,1 Chronicles,12,33,יששכר,nmpr,"pers,gens,topo",F:unclassified-name,Other Tanakh
398285,1436337,510925,1 Chronicles,12,33,ישראל,nmpr,"pers,gens,topo",F:unclassified-name,Other Tanakh
398294,1436338,510928,1 Chronicles,12,34,זבולן,nmpr,"pers,gens,topo",F:unclassified-name,Other Tanakh
398315,1436339,510933,1 Chronicles,12,35,נפתלי,nmpr,"pers,gens,topo",F:unclassified-name,Other Tanakh
398343,1436341,510937,1 Chronicles,12,37,אשר,nmpr,"pers,gens,topo",F:unclassified-name,Other Tanakh
398356,1436342,510940,1 Chronicles,12,38,ירדן,nmpr,topo,F:unclassified-name,Other Tanakh
398366,1436342,510940,1 Chronicles,12,38,מנשה,nmpr,"pers,gens",F:unclassified-name,Other Tanakh
398386,1436343,510943,1 Chronicles,12,39,חברון,nmpr,topo,F:unclassified-name,Other Tanakh
398388,1436343,510944,1 Chronicles,12,39,מלך,verb,,B:deity-candidate,Other Tanakh
398390,1436343,510944,1 Chronicles,12,39,דוד,nmpr,pers,A:person-candidate,Other Tanakh
398393,1436343,510944,1 Chronicles,12,39,ישראל,nmpr,"pers,gens,topo",F:unclassified-name,Other Tanakh
398398,1436343,510945,1 Chronicles,12,39,ישראל,nmpr,"pers,gens,topo",F:unclassified-name,Other Tanakh
398402,1436343,510946,1 Chronicles,12,39,מלך,verb,,B:deity-candidate,Other Tanakh
398404,1436343,510946,1 Chronicles,12,39,דוד,nmpr,pers,A:person-candidate,Other Tanakh
398409,1436344,510947,1 Chronicles,12,40,דוד,nmpr,pers,A:person-candidate,Other Tanakh
398423,1436345,510952,1 Chronicles,12,41,אל,prep,,C:divine-title-candidate,Other Tanakh
398425,1436345,510952,1 Chronicles,12,41,יששכר,nmpr,"pers,gens,topo",F:unclassified-name,Other Tanakh
398427,1436345,510952,1 Chronicles,12,41,זבולן,nmpr,"pers,gens,topo",F:unclassified-name,Other Tanakh
398429,1436345,510952,1 Chronicles,12,41,נפתלי,nmpr,"pers,gens,topo",F:unclassified-name,Other Tanakh
398465,1436345,510954,1 Chronicles,12,41,ישראל,nmpr,"pers,gens,topo",F:unclassified-name,Other Tanakh
398468,1436346,510955,1 Chronicles,13,1,דוד,nmpr,pers,A:person-candidate,Other Tanakh
398481,1436347,510956,1 Chronicles,13,2,דוד,nmpr,pers,A:person-candidate,Other Tanakh
398485,1436347,510956,1 Chronicles,13,2,ישראל,nmpr,"pers,gens,topo",F:unclassified-name,Other Tanakh
398491,1436347,510958,1 Chronicles,13,2,יהוה,nmpr,pers,E:YHWH,Other Tanakh
398492,1436347,510958,1 Chronicles,13,2,אלהים,subs,,D:Elohim,Other Tanakh
398502,1436347,510961,1 Chronicles,13,2,ישראל,nmpr,"pers,gens,topo",F:unclassified-name,Other Tanakh
398515,1436347,510963,1 Chronicles,13,2,אל,prep,,C:divine-title-candidate,Other Tanakh
398520,1436348,510964,1 Chronicles,13,3,אלהים,subs,,D:Elohim,Other Tanakh
398521,1436348,510964,1 Chronicles,13,3,אל,prep,,C:divine-title-candidate,Other Tanakh
398527,1436348,510965,1 Chronicles,13,3,שאול,nmpr,pers,A:person-candidate,Other Tanakh
398547,1436350,510969,1 Chronicles,13,5,דוד,nmpr,pers,A:person-candidate,Other Tanakh
398550,1436350,510969,1 Chronicles,13,5,ישראל,nmpr,"pers,gens,topo",F:unclassified-name,Other Tanakh
398552,1436350,510969,1 Chronicles,13,5,שיחור,nmpr,topo,F:unclassified-name,Other Tanakh
398553,1436350,510969,1 Chronicles,13,5,מצרים,nmpr,topo,F:unclassified-name,Other Tanakh
398558,1436350,510970,1 Chronicles,13,5,חמת,nmpr,topo,F:unclassified-name,Other Tanakh
398564,1436350,510971,1 Chronicles,13,5,אלהים,subs,,D:Elohim,Other Tanakh
398566,1436350,510971,1 Chronicles,13,5,קרית יערים,nmpr,topo,F:unclassified-name,Other Tanakh
398569,1436351,510972,1 Chronicles,13,6,דוד,nmpr,pers,A:person-candidate,Other Tanakh
398572,1436351,510972,1 Chronicles,13,6,ישראל,nmpr,"pers,gens,topo",F:unclassified-name,Other Tanakh
398573,1436351,510972,1 Chronicles,13,6,בעלה,nmpr,topo,F:unclassified-name,Other Tanakh
398574,1436351,510972,1 Chronicles,13,6,אל,prep,,C:divine-title-candidate,Other Tanakh
398575,1436351,510972,1 Chronicles,13,6,קרית יערים,nmpr,topo,F:unclassified-name,Other Tanakh
398578,1436351,510973,1 Chronicles,13,6,יהודה,nmpr,"pers,gens,topo",F:unclassified-name,Other Tanakh
398586,1436351,510974,1 Chronicles,13,6,אלהים,subs,,D:Elohim,Other Tanakh
398587,1436351,510974,1 Chronicles,13,6,יהוה,nmpr,pers,E:YHWH,Other Tanakh
398599,1436352,510977,1 Chronicles,13,7,אלהים,subs,,D:Elohim,Other Tanakh
398605,1436352,510977,1 Chronicles,13,7,אבינדב,nmpr,pers,A:person-candidate,Other Tanakh
398607,1436352,510978,1 Chronicles,13,7,עזא,nmpr,pers,A:person-candidate,Other Tanakh
398609,1436352,510978,1 Chronicles,13,7,אחיו,nmpr,pers,A:person-candidate,Other Tanakh
398615,1436353,510979,1 Chronicles,13,8,דוד,nmpr,pers,A:person-candidate,Other Tanakh
398618,1436353,510979,1 Chronicles,13,8,ישראל,nmpr,"pers,gens,topo",F:unclassified-name,Other Tanakh
398623,1436353,510979,1 Chronicles,13,8,אלהים,subs,,D:Elohim,Other Tanakh
398649,1436354,510981,1 Chronicles,13,9,כידן,nmpr,pers,A:person-candidate,Other Tanakh
398652,1436354,510982,1 Chronicles,13,9,עזא,nmpr,pers,A:person-candidate,Other Tanakh
398667,1436355,510985,1 Chronicles,13,10,יהוה,nmpr,pers,E:YHWH,Other Tanakh
398669,1436355,510985,1 Chronicles,13,10,עזא,nmpr,pers,A:person-candidate,Other Tanakh
398684,1436355,510988,1 Chronicles,13,10,אלהים,subs,,D:Elohim,Other Tanakh
398688,1436356,510989,1 Chronicles,13,11,דוד,nmpr,pers,A:person-candidate,Other Tanakh
398691,1436356,510990,1 Chronicles,13,11,יהוה,nmpr,pers,E:YHWH,Other Tanakh
398694,1436356,510990,1 Chronicles,13,11,עזא,nmpr,pers,A:person-candidate,Other Tanakh
398702,1436356,510991,1 Chronicles,13,11,פרץ עזה,nmpr,topo,F:unclassified-name,Other Tanakh
398710,1436357,510992,1 Chronicles,13,12,דוד,nmpr,pers,A:person-candidate,Other Tanakh
398713,1436357,510992,1 Chronicles,13,12,אלהים,subs,,D:Elohim,Other Tanakh
398723,1436357,510994,1 Chronicles,13,12,אל,prep,,C:divine-title-candidate,Other Tanakh
398727,1436357,510994,1 Chronicles,13,12,אלהים,subs,,D:Elohim,Other Tanakh
398731,1436358,510995,1 Chronicles,13,13,דוד,nmpr,pers,A:person-candidate,Other Tanakh
398735,1436358,510995,1 Chronicles,13,13,אל,prep,,C:divine-title-candidate,Other Tanakh
398736,1436358,510995,1 Chronicles,13,13,אל,prep,,C:divine-title-candidate,Other Tanakh
398738,1436358,510995,1 Chronicles,13,13,דוד,nmpr,pers,A:person-candidate,Other Tanakh
398741,1436358,510996,1 Chronicles,13,13,אל,prep,,C:divine-title-candidate,Other Tanakh
398743,1436358,510996,1 Chronicles,13,13,עבד אדום,nmpr,pers,A:person-candidate,Other Tanakh
398750,1436359,510997,1 Chronicles,13,14,אלהים,subs,,D:Elohim,Other Tanakh
398753,1436359,510997,1 Chronicles,13,14,עבד אדום,nmpr,pers,A:person-candidate,Other Tanakh
398760,1436359,510998,1 Chronicles,13,14,יהוה,nmpr,pers,E:YHWH,Other Tanakh
398763,1436359,510998,1 Chronicles,13,14,עבד אדום,nmpr,pers,A:person-candidate,Other Tanakh
398771,1436360,511000,1 Chronicles,14,1,חירם,nmpr,pers,A:person-candidate,Other Tanakh
398772,1436360,511000,1 Chronicles,14,1,מלך,subs,,B:deity-candidate,Other Tanakh
398773,1436360,511000,1 Chronicles,14,1,צר,nmpr,topo,F:unclassified-name,Other Tanakh
398775,1436360,511000,1 Chronicles,14,1,אל,prep,,C:divine-title-candidate,Other Tanakh
398776,1436360,511000,1 Chronicles,14,1,דוד,nmpr,pers,A:person-candidate,Other Tanakh
398792,1436361,511003,1 Chronicles,14,2,דוד,nmpr,pers,A:person-candidate,Other Tanakh
398795,1436361,511004,1 Chronicles,14,2,יהוה,nmpr,pers,E:YHWH,Other Tanakh
398797,1436361,511004,1 Chronicles,14,2,מלך,subs,,B:deity-candidate,Other Tanakh
398799,1436361,511004,1 Chronicles,14,2,ישראל,nmpr,"pers,gens,topo",F:unclassified-name,Other Tanakh
398808,1436361,511005,1 Chronicles,14,2,ישראל,nmpr,"pers,gens,topo",F:unclassified-name,Other Tanakh
398811,1436362,511006,1 Chronicles,14,3,דוד,nmpr,pers,A:person-candidate,Other Tanakh
398815,1436362,511006,1 Chronicles,14,3,ירושלם,nmpr,topo,F:unclassified-name,Other Tanakh
398818,1436362,511007,1 Chronicles,14,3,דוד,nmpr,pers,A:person-candidate,Other Tanakh
398832,1436363,511009,1 Chronicles,14,4,ירושלם,nmpr,topo,F:unclassified-name,Other Tanakh
398833,1436363,511010,1 Chronicles,14,4,שמוע,nmpr,pers,A:person-candidate,Other Tanakh
398835,1436363,511010,1 Chronicles,14,4,שובב,nmpr,pers,A:person-candidate,Other Tanakh
398836,1436363,511010,1 Chronicles,14,4,נתן,nmpr,pers,A:person-candidate,Other Tanakh
398838,1436363,511010,1 Chronicles,14,4,שלמה,nmpr,pers,A:person-candidate,Other Tanakh
398840,1436364,511011,1 Chronicles,14,5,יבחר,nmpr,pers,A:person-candidate,Other Tanakh
398842,1436364,511011,1 Chronicles,14,5,אלישוע,nmpr,pers,A:person-candidate,Other Tanakh
398844,1436364,511011,1 Chronicles,14,5,אלפלט,nmpr,pers,A:person-candidate,Other Tanakh
398846,1436365,511012,1 Chronicles,14,6,נגה,nmpr,pers,A:person-candidate,Other Tanakh
398848,1436365,511012,1 Chronicles,14,6,נפג,nmpr,pers,A:person-candidate,Other Tanakh
398850,1436365,511012,1 Chronicles,14,6,יפיע,nmpr,pers,A:person-candidate,Other Tanakh
398852,1436366,511013,1 Chronicles,14,7,אלישמע,nmpr,pers,A:person-candidate,Other Tanakh
398854,1436366,511013,1 Chronicles,14,7,בעלידע,nmpr,pers,A:person-candidate,Other Tanakh
398856,1436366,511013,1 Chronicles,14,7,אליפלט,nmpr,pers,A:person-candidate,Other Tanakh
398862,1436367,511015,1 Chronicles,14,8,דוד,nmpr,pers,A:person-candidate,Other Tanakh
398864,1436367,511015,1 Chronicles,14,8,מלך,subs,,B:deity-candidate,Other Tanakh
398867,1436367,511015,1 Chronicles,14,8,ישראל,nmpr,"pers,gens,topo",F:unclassified-name,Other Tanakh
398875,1436367,511017,1 Chronicles,14,8,דוד,nmpr,pers,A:person-candidate,Other Tanakh
398878,1436367,511018,1 Chronicles,14,8,דוד,nmpr,pers,A:person-candidate,Other Tanakh
398890,1436368,511021,1 Chronicles,14,9,רפאים,nmpr,gens,F:unclassified-name,Other Tanakh
398893,1436369,511022,1 Chronicles,14,10,דוד,nmpr,pers,A:person-candidate,Other Tanakh
398895,1436369,511022,1 Chronicles,14,10,אלהים,subs,,D:Elohim,Other Tanakh
398909,1436369,511026,1 Chronicles,14,10,יהוה,nmpr,pers,E:YHWH,Other Tanakh
398918,1436370,511029,1 Chronicles,14,11,בעל פרצים,nmpr,topo,F:unclassified-name,Other Tanakh
398922,1436370,511030,1 Chronicles,14,11,דוד,nmpr,pers,A:person-candidate,Other Tanakh
398925,1436370,511031,1 Chronicles,14,11,דוד,nmpr,pers,A:person-candidate,Other Tanakh
398928,1436370,511032,1 Chronicles,14,11,אלהים,subs,,D:Elohim,Other Tanakh
398944,1436370,511033,1 Chronicles,14,11,בעל פרצים,nmpr,topo,F:unclassified-name,Other Tanakh
398949,1436371,511034,1 Chronicles,14,12,אלהים,subs,,D:Elohim,Other Tanakh
398952,1436371,511035,1 Chronicles,14,12,דוד,nmpr,pers,A:person-candidate,Other Tanakh
398970,1436373,511039,1 Chronicles,14,14,דוד,nmpr,pers,A:person-candidate,Other Tanakh
398972,1436373,511039,1 Chronicles,14,14,אלהים,subs,,D:Elohim,Other Tanakh
398977,1436373,511040,1 Chronicles,14,14,אלהים,subs,,D:Elohim,Other Tanakh
399011,1436374,511047,1 Chronicles,14,15,אלהים,subs,,D:Elohim,Other Tanakh
399021,1436375,511049,1 Chronicles,14,16,דוד,nmpr,pers,A:person-candidate,Other Tanakh
399026,1436375,511050,1 Chronicles,14,16,אלהים,subs,,D:Elohim,Other Tanakh
399033,1436375,511051,1 Chronicles,14,16,גבעון,nmpr,topo,F:unclassified-name,Other Tanakh
399036,1436375,511051,1 Chronicles,14,16,גזר,nmpr,topo,F:unclassified-name,Other Tanakh
399040,1436376,511052,1 Chronicles,14,17,דוד,nmpr,pers,A:person-candidate,Other Tanakh
399046,1436376,511053,1 Chronicles,14,17,יהוה,nmpr,pers,E:YHWH,Other Tanakh
399060,1436377,511054,1 Chronicles,15,1,דוד,nmpr,pers,A:person-candidate,Other Tanakh
399067,1436377,511055,1 Chronicles,15,1,אלהים,subs,,D:Elohim,Other Tanakh
399074,1436378,511057,1 Chronicles,15,2,דוד,nmpr,pers,A:person-candidate,Other Tanakh
399081,1436378,511059,1 Chronicles,15,2,אלהים,subs,,D:Elohim,Other Tanakh
399089,1436378,511061,1 Chronicles,15,2,יהוה,nmpr,pers,E:YHWH,Other Tanakh
399094,1436378,511062,1 Chronicles,15,2,יהוה,nmpr,pers,E:YHWH,Other Tanakh
399102,1436379,511064,1 Chronicles,15,3,דוד,nmpr,pers,A:person-candidate,Other Tanakh
399105,1436379,511064,1 Chronicles,15,3,ישראל,nmpr,"pers,gens,topo",F:unclassified-name,Other Tanakh
399106,1436379,511064,1 Chronicles,15,3,אל,prep,,C:divine-title-candidate,Other Tanakh
399107,1436379,511064,1 Chronicles,15,3,ירושלם,nmpr,topo,F:unclassified-name,Other Tanakh
399112,1436379,511065,1 Chronicles,15,3,יהוה,nmpr,pers,E:YHWH,Other Tanakh
399113,1436379,511065,1 Chronicles,15,3,אל,prep,,C:divine-title-candidate,Other Tanakh
399120,1436380,511067,1 Chronicles,15,4,דוד,nmpr,pers,A:person-candidate,Other Tanakh
399123,1436380,511067,1 Chronicles,15,4,אהרן,nmpr,pers,A:person-candidate,Other Tanakh
399130,1436381,511068,1 Chronicles,15,5,קהת,nmpr,pers,A:person-candidate,Other Tanakh
399131,1436381,511068,1 Chronicles,15,5,אוריאל,nmpr,pers,A:person-candidate,Other Tanakh
399141,1436382,511070,1 Chronicles,15,6,מררי,nmpr,pers,A:person-candidate,Other Tanakh
399142,1436382,511070,1 Chronicles,15,6,עשיה,nmpr,pers,A:person-candidate,Other Tanakh
399152,1436383,511072,1 Chronicles,15,7,גרשם,nmpr,pers,A:person-candidate,Other Tanakh
399153,1436383,511072,1 Chronicles,15,7,יואל,nmpr,pers,A:person-candidate,Other Tanakh
399163,1436384,511074,1 Chronicles,15,8,אליצפן,nmpr,pers,A:person-candidate,Other Tanakh
399164,1436384,511074,1 Chronicles,15,8,שמעיה,nmpr,pers,A:person-candidate,Other Tanakh
399172,1436385,511076,1 Chronicles,15,9,חברון,nmpr,pers,A:person-candidate,Other Tanakh
399173,1436385,511076,1 Chronicles,15,9,אליאל,nmpr,pers,A:person-candidate,Other Tanakh
399181,1436386,511078,1 Chronicles,15,10,עזיאל,nmpr,pers,A:person-candidate,Other Tanakh
399182,1436386,511078,1 Chronicles,15,10,עמינדב,nmpr,pers,A:person-candidate,Other Tanakh
399193,1436387,511080,1 Chronicles,15,11,דוד,nmpr,pers,A:person-candidate,Other Tanakh
399195,1436387,511080,1 Chronicles,15,11,צדוק,nmpr,pers,A:person-candidate,Other Tanakh
399198,1436387,511080,1 Chronicles,15,11,אביתר,nmpr,pers,A:person-candidate,Other Tanakh
399206,1436387,511080,1 Chronicles,15,11,אוריאל,nmpr,pers,A:person-candidate,Other Tanakh
399207,1436387,511080,1 Chronicles,15,11,עשיה,nmpr,pers,A:person-candidate,Other Tanakh
399209,1436387,511080,1 Chronicles,15,11,יואל,nmpr,pers,A:person-candidate,Other Tanakh
399210,1436387,511080,1 Chronicles,15,11,שמעיה,nmpr,pers,A:person-candidate,Other Tanakh
399212,1436387,511080,1 Chronicles,15,11,אליאל,nmpr,pers,A:person-candidate,Other Tanakh
399214,1436387,511080,1 Chronicles,15,11,עמינדב,nmpr,pers,A:person-candidate,Other Tanakh
399233,1436388,511084,1 Chronicles,15,12,יהוה,nmpr,pers,E:YHWH,Other Tanakh
399234,1436388,511084,1 Chronicles,15,12,אלהים,subs,,D:Elohim,Other Tanakh
399235,1436388,511084,1 Chronicles,15,12,ישראל,nmpr,"pers,gens,topo",F:unclassified-name,Other Tanakh
399236,1436388,511085,1 Chronicles,15,12,אל,prep,,C:divine-title-candidate,Other Tanakh
399248,1436389,511087,1 Chronicles,15,13,יהוה,nmpr,pers,E:YHWH,Other Tanakh
399249,1436389,511087,1 Chronicles,15,13,אלהים,subs,,D:Elohim,Other Tanakh
399268,1436390,511090,1 Chronicles,15,14,יהוה,nmpr,pers,E:YHWH,Other Tanakh
399269,1436390,511090,1 Chronicles,15,14,אלהים,subs,,D:Elohim,Other Tanakh
399270,1436390,511090,1 Chronicles,15,14,ישראל,nmpr,"pers,gens,topo",F:unclassified-name,Other Tanakh
399279,1436391,511091,1 Chronicles,15,15,אלהים,subs,,D:Elohim,Other Tanakh
399283,1436391,511092,1 Chronicles,15,15,משה,nmpr,pers,A:person-candidate,Other Tanakh
399286,1436391,511092,1 Chronicles,15,15,יהוה,nmpr,pers,E:YHWH,Other Tanakh
399295,1436392,511093,1 Chronicles,15,16,דוד,nmpr,pers,A:person-candidate,Other Tanakh
399326,1436393,511098,1 Chronicles,15,17,הימן,nmpr,pers,A:person-candidate,Other Tanakh
399328,1436393,511098,1 Chronicles,15,17,יואל,nmpr,pers,A:person-candidate,Other Tanakh
399332,1436393,511099,1 Chronicles,15,17,אסף,nmpr,pers,A:person-candidate,Other Tanakh
399334,1436393,511099,1 Chronicles,15,17,ברכיהו,nmpr,pers,A:person-candidate,Other Tanakh
399338,1436393,511100,1 Chronicles,15,17,מררי,nmpr,pers,A:person-candidate,Other Tanakh
399340,1436393,511100,1 Chronicles,15,17,איתן,nmpr,pers,A:person-candidate,Other Tanakh
399342,1436393,511100,1 Chronicles,15,17,קושיהו,nmpr,pers,A:person-candidate,Other Tanakh
399348,1436394,511101,1 Chronicles,15,18,זכריהו,nmpr,pers,A:person-candidate,Other Tanakh
399349,1436394,511101,1 Chronicles,15,18,בן,nmpr,pers,A:person-candidate,Other Tanakh
399351,1436394,511101,1 Chronicles,15,18,יעזיאל,nmpr,pers,A:person-candidate,Other Tanakh
399353,1436394,511101,1 Chronicles,15,18,שמירמות,nmpr,pers,A:person-candidate,Other Tanakh
399355,1436394,511101,1 Chronicles,15,18,יחיאל,nmpr,pers,A:person-candidate,Other Tanakh
399357,1436394,511101,1 Chronicles,15,18,עני,nmpr,pers,A:person-candidate,Other Tanakh
399358,1436394,511101,1 Chronicles,15,18,אליאב,nmpr,pers,A:person-candidate,Other Tanakh
399360,1436394,511101,1 Chronicles,15,18,בניהו,nmpr,pers,A:person-candidate,Other Tanakh
399362,1436394,511101,1 Chronicles,15,18,מעשיהו,nmpr,pers,A:person-candidate,Other Tanakh
399364,1436394,511101,1 Chronicles,15,18,מתתיהו,nmpr,pers,A:person-candidate,Other Tanakh
399366,1436394,511101,1 Chronicles,15,18,אליפלהו,nmpr,pers,A:person-candidate,Other Tanakh
399368,1436394,511101,1 Chronicles,15,18,מקניהו,nmpr,pers,A:person-candidate,Other Tanakh
399370,1436394,511101,1 Chronicles,15,18,עבד אדום,nmpr,pers,A:person-candidate,Other Tanakh
399372,1436394,511101,1 Chronicles,15,18,יעיאל,nmpr,pers,A:person-candidate,Other Tanakh
399378,1436395,511102,1 Chronicles,15,19,הימן,nmpr,pers,A:person-candidate,Other Tanakh
399379,1436395,511102,1 Chronicles,15,19,אסף,nmpr,pers,A:person-candidate,Other Tanakh
399381,1436395,511102,1 Chronicles,15,19,איתן,nmpr,pers,A:person-candidate,Other Tanakh
399388,1436396,511104,1 Chronicles,15,20,זכריה,nmpr,pers,A:person-candidate,Other Tanakh
399390,1436396,511104,1 Chronicles,15,20,עזיאל,nmpr,pers,A:person-candidate,Other Tanakh
399392,1436396,511104,1 Chronicles,15,20,שמירמות,nmpr,pers,A:person-candidate,Other Tanakh
399394,1436396,511104,1 Chronicles,15,20,יחיאל,nmpr,pers,A:person-candidate,Other Tanakh
399396,1436396,511104,1 Chronicles,15,20,עני,nmpr,pers,A:person-candidate,Other Tanakh
399398,1436396,511104,1 Chronicles,15,20,אליאב,nmpr,pers,A:person-candidate,Other Tanakh
399400,1436396,511104,1 Chronicles,15,20,מעשיהו,nmpr,pers,A:person-candidate,Other Tanakh
399402,1436396,511104,1 Chronicles,15,20,בניהו,nmpr,pers,A:person-candidate,Other Tanakh
399408,1436397,511105,1 Chronicles,15,21,מתתיהו,nmpr,pers,A:person-candidate,Other Tanakh
399410,1436397,511105,1 Chronicles,15,21,אליפלהו,nmpr,pers,A:person-candidate,Other Tanakh
399412,1436397,511105,1 Chronicles,15,21,מקניהו,nmpr,pers,A:person-candidate,Other Tanakh
399414,1436397,511105,1 Chronicles,15,21,עבד אדום,nmpr,pers,A:person-candidate,Other Tanakh
399416,1436397,511105,1 Chronicles,15,21,יעיאל,nmpr,pers,A:person-candidate,Other Tanakh
399418,1436397,511105,1 Chronicles,15,21,עזזיהו,nmpr,pers,A:person-candidate,Other Tanakh
399427,1436398,511107,1 Chronicles,15,22,כנניהו,nmpr,pers,A:person-candidate,Other Tanakh
399441,1436399,511110,1 Chronicles,15,23,ברכיה,nmpr,pers,A:person-candidate,Other Tanakh
399443,1436399,511110,1 Chronicles,15,23,אלקנה,nmpr,pers,A:person-candidate,Other Tanakh
399449,1436400,511111,1 Chronicles,15,24,שבניהו,nmpr,pers,A:person-candidate,Other Tanakh
399451,1436400,511111,1 Chronicles,15,24,יושפט,nmpr,pers,A:person-candidate,Other Tanakh
399453,1436400,511111,1 Chronicles,15,24,נתנאל,nmpr,pers,A:person-candidate,Other Tanakh
399455,1436400,511111,1 Chronicles,15,24,עמשי,nmpr,pers,A:person-candidate,Other Tanakh
399457,1436400,511111,1 Chronicles,15,24,זכריהו,nmpr,pers,A:person-candidate,Other Tanakh
399459,1436400,511111,1 Chronicles,15,24,בניהו,nmpr,pers,A:person-candidate,Other Tanakh
399461,1436400,511111,1 Chronicles,15,24,אליעזר,nmpr,pers,A:person-candidate,Other Tanakh
399471,1436400,511111,1 Chronicles,15,24,אלהים,subs,,D:Elohim,Other Tanakh
399473,1436400,511112,1 Chronicles,15,24,עבד אדום,nmpr,pers,A:person-candidate,Other Tanakh
399475,1436400,511112,1 Chronicles,15,24,יחיה,nmpr,pers,A:person-candidate,Other Tanakh
399482,1436401,511114,1 Chronicles,15,25,דוד,nmpr,pers,A:person-candidate,Other Tanakh
399485,1436401,511114,1 Chronicles,15,25,ישראל,nmpr,"pers,gens,topo",F:unclassified-name,Other Tanakh
399497,1436401,511116,1 Chronicles,15,25,יהוה,nmpr,pers,E:YHWH,Other Tanakh
399500,1436401,511116,1 Chronicles,15,25,עבד אדום,nmpr,pers,A:person-candidate,Other Tanakh
399508,1436402,511118,1 Chronicles,15,26,אלהים,subs,,D:Elohim,Other Tanakh
399515,1436402,511119,1 Chronicles,15,26,יהוה,nmpr,pers,E:YHWH,Other Tanakh
399524,1436403,511121,1 Chronicles,15,27,דוד,nmpr,pers,A:person-candidate,Other Tanakh
399542,1436403,511124,1 Chronicles,15,27,כנניה,nmpr,pers,A:person-candidate,Other Tanakh
399551,1436403,511125,1 Chronicles,15,27,דוד,nmpr,pers,A:person-candidate,Other Tanakh
399556,1436404,511126,1 Chronicles,15,28,ישראל,nmpr,"pers,gens,topo",F:unclassified-name,Other Tanakh
399561,1436404,511126,1 Chronicles,15,28,יהוה,nmpr,pers,E:YHWH,Other Tanakh
399583,1436405,511129,1 Chronicles,15,29,יהוה,nmpr,pers,E:YHWH,Other Tanakh
399587,1436405,511129,1 Chronicles,15,29,דוד,nmpr,pers,A:person-candidate,Other Tanakh
399589,1436405,511130,1 Chronicles,15,29,מיכל,nmpr,pers,A:person-candidate,Other Tanakh
399591,1436405,511130,1 Chronicles,15,29,שאול,nmpr,pers,A:person-candidate,Other Tanakh
399600,1436405,511131,1 Chronicles,15,29,מלך,subs,,B:deity-candidate,Other Tanakh
399601,1436405,511131,1 Chronicles,15,29,דוד,nmpr,pers,A:person-candidate,Other Tanakh
399615,1436406,511135,1 Chronicles,16,1,אלהים,subs,,D:Elohim,Other Tanakh
399626,1436406,511137,1 Chronicles,16,1,דוד,nmpr,pers,A:person-candidate,Other Tanakh
399635,1436406,511138,1 Chronicles,16,1,אלהים,subs,,D:Elohim,Other Tanakh
399638,1436407,511139,1 Chronicles,16,2,דוד,nmpr,pers,A:person-candidate,Other Tanakh
399653,1436407,511141,1 Chronicles,16,2,יהוה,nmpr,pers,E:YHWH,Other Tanakh
399659,1436408,511142,1 Chronicles,16,3,ישראל,nmpr,"pers,gens,topo",F:unclassified-name,Other Tanakh
399678,1436409,511144,1 Chronicles,16,4,יהוה,nmpr,pers,E:YHWH,Other Tanakh
399693,1436409,511147,1 Chronicles,16,4,יהוה,nmpr,pers,E:YHWH,Other Tanakh
399694,1436409,511147,1 Chronicles,16,4,אלהים,subs,,D:Elohim,Other Tanakh
399695,1436409,511147,1 Chronicles,16,4,ישראל,nmpr,"pers,gens,topo",F:unclassified-name,Other Tanakh
399696,1436410,511148,1 Chronicles,16,5,אסף,nmpr,pers,A:person-candidate,Other Tanakh
399701,1436410,511149,1 Chronicles,16,5,זכריה,nmpr,pers,A:person-candidate,Other Tanakh
399702,1436410,511150,1 Chronicles,16,5,יעיאל,nmpr,pers,A:person-candidate,Other Tanakh
399704,1436410,511150,1 Chronicles,16,5,שמירמות,nmpr,pers,A:person-candidate,Other Tanakh
399706,1436410,511150,1 Chronicles,16,5,יחיאל,nmpr,pers,A:person-candidate,Other Tanakh
399708,1436410,511150,1 Chronicles,16,5,מתתיה,nmpr,pers,A:person-candidate,Other Tanakh
399710,1436410,511150,1 Chronicles,16,5,אליאב,nmpr,pers,A:person-candidate,Other Tanakh
399712,1436410,511150,1 Chronicles,16,5,בניהו,nmpr,pers,A:person-candidate,Other Tanakh
399714,1436410,511150,1 Chronicles,16,5,עבד אדום,nmpr,pers,A:person-candidate,Other Tanakh
399716,1436410,511150,1 Chronicles,16,5,יעיאל,nmpr,pers,A:person-candidate,Other Tanakh
399724,1436410,511151,1 Chronicles,16,5,אסף,nmpr,pers,A:person-candidate,Other Tanakh
399730,1436411,511152,1 Chronicles,16,6,בניהו,nmpr,pers,A:person-candidate,Other Tanakh
399732,1436411,511152,1 Chronicles,16,6,יחזיאל,nmpr,pers,A:person-candidate,Other Tanakh
399743,1436411,511152,1 Chronicles,16,6,אלהים,subs,,D:Elohim,Other Tanakh
399751,1436412,511153,1 Chronicles,16,7,דוד,nmpr,pers,A:person-candidate,Other Tanakh
399758,1436412,511154,1 Chronicles,16,7,יהוה,nmpr,pers,E:YHWH,Other Tanakh
399761,1436412,511154,1 Chronicles,16,7,אסף,nmpr,pers,A:person-candidate,Other Tanakh
399766,1436413,511155,1 Chronicles,16,8,יהוה,nmpr,pers,E:YHWH,Other Tanakh
399790,1436415,511163,1 Chronicles,16,10,יהוה,nmpr,pers,E:YHWH,Other Tanakh
399792,1436416,511164,1 Chronicles,16,11,יהוה,nmpr,pers,E:YHWH,Other Tanakh
399807,1436418,511169,1 Chronicles,16,13,ישראל,nmpr,"pers,gens,topo",F:unclassified-name,Other Tanakh
399810,1436418,511170,1 Chronicles,16,13,יעקב,nmpr,pers,A:person-candidate,Other Tanakh
399813,1436419,511171,1 Chronicles,16,14,יהוה,nmpr,pers,E:YHWH,Other Tanakh
399814,1436419,511171,1 Chronicles,16,14,אלהים,subs,,D:Elohim,Other Tanakh
399832,1436421,511176,1 Chronicles,16,16,אברהם,nmpr,pers,A:person-candidate,Other Tanakh
399836,1436421,511177,1 Chronicles,16,16,יצחק,nmpr,pers,A:person-candidate,Other Tanakh
399840,1436422,511178,1 Chronicles,16,17,יעקב,nmpr,pers,A:person-candidate,Other Tanakh
399844,1436422,511179,1 Chronicles,16,17,ישראל,nmpr,"pers,gens,topo",F:unclassified-name,Other Tanakh
399852,1436423,511181,1 Chronicles,16,18,כנען,nmpr,"pers,gens,topo",F:unclassified-name,Other Tanakh
399868,1436425,511184,1 Chronicles,16,20,אל,prep,,C:divine-title-candidate,Other Tanakh
399873,1436425,511185,1 Chronicles,16,20,אל,prep,,C:divine-title-candidate,Other Tanakh
399885,1436426,511188,1 Chronicles,16,21,מלך,subs,,B:deity-candidate,Other Tanakh
399886,1436427,511189,1 Chronicles,16,22,אל,nega,,C:divine-title-candidate,Other Tanakh
399893,1436427,511190,1 Chronicles,16,22,אל,nega,,C:divine-title-candidate,Other Tanakh
399897,1436428,511191,1 Chronicles,16,23,יהוה,nmpr,pers,E:YHWH,Other Tanakh
399904,1436428,511193,1 Chronicles,16,23,אל,prep,,C:divine-title-candidate,Other Tanakh
399920,1436430,511196,1 Chronicles,16,25,יהוה,nmpr,pers,E:YHWH,Other Tanakh
399929,1436430,511198,1 Chronicles,16,25,אלהים,subs,,D:Elohim,Other Tanakh
399932,1436431,511199,1 Chronicles,16,26,אלהים,subs,,D:Elohim,Other Tanakh
399937,1436431,511200,1 Chronicles,16,26,יהוה,nmpr,pers,E:YHWH,Other Tanakh
399952,1436433,511203,1 Chronicles,16,28,יהוה,nmpr,pers,E:YHWH,Other Tanakh
399957,1436433,511205,1 Chronicles,16,28,יהוה,nmpr,pers,E:YHWH,Other Tanakh
399963,1436434,511206,1 Chronicles,16,29,יהוה,nmpr,pers,E:YHWH,Other Tanakh
399974,1436434,511209,1 Chronicles,16,29,יהוה,nmpr,pers,E:YHWH,Other Tanakh
400002,1436436,511217,1 Chronicles,16,31,יהוה,nmpr,pers,E:YHWH,Other Tanakh
400003,1436436,511217,1 Chronicles,16,31,מלך,verb,,B:deity-candidate,Other Tanakh
400024,1436438,511221,1 Chronicles,16,33,יהוה,nmpr,pers,E:YHWH,Other Tanakh
400034,1436439,511224,1 Chronicles,16,34,יהוה,nmpr,pers,E:YHWH,Other Tanakh
400044,1436440,511229,1 Chronicles,16,35,אלהים,subs,,D:Elohim,Other Tanakh
400063,1436441,511234,1 Chronicles,16,36,יהוה,nmpr,pers,E:YHWH,Other Tanakh
400064,1436441,511234,1 Chronicles,16,36,אלהים,subs,,D:Elohim,Other Tanakh
400065,1436441,511234,1 Chronicles,16,36,ישראל,nmpr,"pers,gens,topo",F:unclassified-name,Other Tanakh
400082,1436441,511237,1 Chronicles,16,36,יהוה,nmpr,pers,E:YHWH,Other Tanakh
400090,1436442,511238,1 Chronicles,16,37,יהוה,nmpr,pers,E:YHWH,Other Tanakh
400092,1436442,511238,1 Chronicles,16,37,אסף,nmpr,pers,A:person-candidate,Other Tanakh
400109,1436443,511240,1 Chronicles,16,38,עבד אדום,nmpr,pers,A:person-candidate,Other Tanakh
400116,1436443,511241,1 Chronicles,16,38,עבד אדום,nmpr,pers,A:person-candidate,Other Tanakh
400118,1436443,511241,1 Chronicles,16,38,ידותון,nmpr,pers,A:person-candidate,Other Tanakh
400120,1436443,511241,1 Chronicles,16,38,חסה,nmpr,pers,A:person-candidate,Other Tanakh
400125,1436444,511242,1 Chronicles,16,39,צדוק,nmpr,pers,A:person-candidate,Other Tanakh
400135,1436444,511242,1 Chronicles,16,39,יהוה,nmpr,pers,E:YHWH,Other Tanakh
400141,1436444,511243,1 Chronicles,16,39,גבעון,nmpr,topo,F:unclassified-name,Other Tanakh
400146,1436445,511244,1 Chronicles,16,40,יהוה,nmpr,pers,E:YHWH,Other Tanakh
400166,1436445,511246,1 Chronicles,16,40,יהוה,nmpr,pers,E:YHWH,Other Tanakh
400170,1436445,511247,1 Chronicles,16,40,ישראל,nmpr,"pers,gens,topo",F:unclassified-name,Other Tanakh
400173,1436446,511248,1 Chronicles,16,41,הימן,nmpr,pers,A:person-candidate,Other Tanakh
400175,1436446,511248,1 Chronicles,16,41,ידותון,nmpr,pers,A:person-candidate,Other Tanakh
400187,1436446,511251,1 Chronicles,16,41,יהוה,nmpr,pers,E:YHWH,Other Tanakh
400194,1436447,511253,1 Chronicles,16,42,הימן,nmpr,pers,A:person-candidate,Other Tanakh
400196,1436447,511253,1 Chronicles,16,42,ידותון,nmpr,pers,A:person-candidate,Other Tanakh
400206,1436447,511255,1 Chronicles,16,42,אלהים,subs,,D:Elohim,Other Tanakh
400209,1436447,511256,1 Chronicles,16,42,ידותון,nmpr,pers,A:person-candidate,Other Tanakh
400223,1436448,511259,1 Chronicles,16,43,דוד,nmpr,pers,A:person-candidate,Other Tanakh
400233,1436449,511262,1 Chronicles,17,1,דוד,nmpr,pers,A:person-candidate,Other Tanakh
400238,1436449,511263,1 Chronicles,17,1,דוד,nmpr,pers,A:person-candidate,Other Tanakh
400239,1436449,511263,1 Chronicles,17,1,אל,prep,,C:divine-title-candidate,Other Tanakh
400240,1436449,511263,1 Chronicles,17,1,נתן,nmpr,pers,A:person-candidate,Other Tanakh
400253,1436449,511265,1 Chronicles,17,1,יהוה,nmpr,pers,E:YHWH,Other Tanakh
400258,1436450,511266,1 Chronicles,17,2,נתן,nmpr,pers,A:person-candidate,Other Tanakh
400259,1436450,511266,1 Chronicles,17,2,אל,prep,,C:divine-title-candidate,Other Tanakh
400260,1436450,511266,1 Chronicles,17,2,דוד,nmpr,pers,A:person-candidate,Other Tanakh
400268,1436450,511269,1 Chronicles,17,2,אלהים,subs,,D:Elohim,Other Tanakh
400280,1436451,511271,1 Chronicles,17,3,אלהים,subs,,D:Elohim,Other Tanakh
400281,1436451,511271,1 Chronicles,17,3,אל,prep,,C:divine-title-candidate,Other Tanakh
400282,1436451,511271,1 Chronicles,17,3,נתן,nmpr,pers,A:person-candidate,Other Tanakh
400288,1436452,511274,1 Chronicles,17,4,אל,prep,,C:divine-title-candidate,Other Tanakh
400289,1436452,511274,1 Chronicles,17,4,דוד,nmpr,pers,A:person-candidate,Other Tanakh
400293,1436452,511275,1 Chronicles,17,4,יהוה,nmpr,pers,E:YHWH,Other Tanakh
400313,1436453,511279,1 Chronicles,17,5,ישראל,nmpr,"pers,gens,topo",F:unclassified-name,Other Tanakh
400323,1436453,511280,1 Chronicles,17,5,אל,prep,,C:divine-title-candidate,Other Tanakh
400334,1436454,511282,1 Chronicles,17,6,ישראל,nmpr,"pers,gens,topo",F:unclassified-name,Other Tanakh
400341,1436454,511281,1 Chronicles,17,6,ישראל,nmpr,"pers,gens,topo",F:unclassified-name,Other Tanakh
400363,1436455,511288,1 Chronicles,17,7,דוד,nmpr,pers,A:person-candidate,Other Tanakh
400366,1436455,511289,1 Chronicles,17,7,יהוה,nmpr,pers,E:YHWH,Other Tanakh
400382,1436455,511291,1 Chronicles,17,7,ישראל,nmpr,"pers,gens,topo",F:unclassified-name,Other Tanakh
400414,1436457,511297,1 Chronicles,17,9,ישראל,nmpr,"pers,gens,topo",F:unclassified-name,Other Tanakh
400445,1436458,511305,1 Chronicles,17,10,ישראל,nmpr,"pers,gens,topo",F:unclassified-name,Other Tanakh
400458,1436458,511308,1 Chronicles,17,10,יהוה,nmpr,pers,E:YHWH,Other Tanakh
400547,1436463,511325,1 Chronicles,17,15,נתן,nmpr,pers,A:person-candidate,Other Tanakh
400548,1436463,511325,1 Chronicles,17,15,אל,prep,,C:divine-title-candidate,Other Tanakh
400549,1436463,511325,1 Chronicles,17,15,דוד,nmpr,pers,A:person-candidate,Other Tanakh
400553,1436464,511326,1 Chronicles,17,16,מלך,subs,,B:deity-candidate,Other Tanakh
400554,1436464,511326,1 Chronicles,17,16,דוד,nmpr,pers,A:person-candidate,Other Tanakh
400559,1436464,511327,1 Chronicles,17,16,יהוה,nmpr,pers,E:YHWH,Other Tanakh
400564,1436464,511330,1 Chronicles,17,16,יהוה,nmpr,pers,E:YHWH,Other Tanakh
400565,1436464,511330,1 Chronicles,17,16,אלהים,subs,,D:Elohim,Other Tanakh
400578,1436465,511334,1 Chronicles,17,17,אלהים,subs,,D:Elohim,Other Tanakh
400595,1436465,511337,1 Chronicles,17,17,יהוה,nmpr,pers,E:YHWH,Other Tanakh
400596,1436465,511337,1 Chronicles,17,17,אלהים,subs,,D:Elohim,Other Tanakh
400600,1436466,511338,1 Chronicles,17,18,דוד,nmpr,pers,A:person-candidate,Other Tanakh
400601,1436466,511338,1 Chronicles,17,18,אל,prep,,C:divine-title-candidate,Other Tanakh
400611,1436467,511340,1 Chronicles,17,19,יהוה,nmpr,pers,E:YHWH,Other Tanakh
400631,1436468,511343,1 Chronicles,17,20,יהוה,nmpr,pers,E:YHWH,Other Tanakh
400636,1436468,511345,1 Chronicles,17,20,אלהים,subs,,D:Elohim,Other Tanakh
400648,1436469,511347,1 Chronicles,17,21,ישראל,nmpr,"pers,gens,topo",F:unclassified-name,Other Tanakh
400657,1436469,511348,1 Chronicles,17,21,אלהים,subs,,D:Elohim,Other Tanakh
400677,1436469,511352,1 Chronicles,17,21,מצרים,nmpr,topo,F:unclassified-name,Other Tanakh
400683,1436470,511353,1 Chronicles,17,22,ישראל,nmpr,"pers,gens,topo",F:unclassified-name,Other Tanakh
400691,1436470,511355,1 Chronicles,17,22,יהוה,nmpr,pers,E:YHWH,Other Tanakh
400695,1436470,511354,1 Chronicles,17,22,אלהים,subs,,D:Elohim,Other Tanakh
400698,1436471,511357,1 Chronicles,17,23,יהוה,nmpr,pers,E:YHWH,Other Tanakh
400725,1436472,511365,1 Chronicles,17,24,יהוה,nmpr,pers,E:YHWH,Other Tanakh
400727,1436472,511365,1 Chronicles,17,24,אלהים,subs,,D:Elohim,Other Tanakh
400728,1436472,511365,1 Chronicles,17,24,ישראל,nmpr,"pers,gens,topo",F:unclassified-name,Other Tanakh
400729,1436472,511365,1 Chronicles,17,24,אלהים,subs,,D:Elohim,Other Tanakh
400731,1436472,511365,1 Chronicles,17,24,ישראל,nmpr,"pers,gens,topo",F:unclassified-name,Other Tanakh
400734,1436472,511366,1 Chronicles,17,24,דוד,nmpr,pers,A:person-candidate,Other Tanakh
400741,1436473,511368,1 Chronicles,17,25,אלהים,subs,,D:Elohim,Other Tanakh
400760,1436474,511373,1 Chronicles,17,26,יהוה,nmpr,pers,E:YHWH,Other Tanakh
400764,1436474,511374,1 Chronicles,17,26,אלהים,subs,,D:Elohim,Other Tanakh
400789,1436475,511381,1 Chronicles,17,27,יהוה,nmpr,pers,E:YHWH,Other Tanakh
400801,1436476,511384,1 Chronicles,18,1,דוד,nmpr,pers,A:person-candidate,Other Tanakh
400809,1436476,511386,1 Chronicles,18,1,גת,nmpr,topo,F:unclassified-name,Other Tanakh
400818,1436477,511387,1 Chronicles,18,2,מואב,nmpr,"pers,gens,topo",F:unclassified-name,Other Tanakh
400821,1436477,511388,1 Chronicles,18,2,מואב,nmpr,"pers,gens,topo",F:unclassified-name,Other Tanakh
400824,1436477,511388,1 Chronicles,18,2,דוד,nmpr,pers,A:person-candidate,Other Tanakh
400829,1436478,511390,1 Chronicles,18,3,דוד,nmpr,pers,A:person-candidate,Other Tanakh
400831,1436478,511390,1 Chronicles,18,3,הדדעזר,nmpr,pers,A:person-candidate,Other Tanakh
400832,1436478,511390,1 Chronicles,18,3,מלך,subs,,B:deity-candidate,Other Tanakh
400833,1436478,511390,1 Chronicles,18,3,צובא,nmpr,topo,F:unclassified-name,Other Tanakh
400834,1436478,511390,1 Chronicles,18,3,חמת,nmpr,topo,F:unclassified-name,Other Tanakh
400842,1436478,511392,1 Chronicles,18,3,פרת,nmpr,topo,F:unclassified-name,Other Tanakh
400845,1436479,511393,1 Chronicles,18,4,דוד,nmpr,pers,A:person-candidate,Other Tanakh
400860,1436479,511394,1 Chronicles,18,4,דוד,nmpr,pers,A:person-candidate,Other Tanakh
400872,1436480,511396,1 Chronicles,18,5,ארם,nmpr,topo,F:unclassified-name,Other Tanakh
400873,1436480,511396,1 Chronicles,18,5,דרמשק,nmpr,topo,F:unclassified-name,Other Tanakh
400877,1436480,511397,1 Chronicles,18,5,הדדעזר,nmpr,pers,A:person-candidate,Other Tanakh
400878,1436480,511397,1 Chronicles,18,5,מלך,subs,,B:deity-candidate,Other Tanakh
400879,1436480,511397,1 Chronicles,18,5,צובא,nmpr,topo,F:unclassified-name,Other Tanakh
400882,1436480,511398,1 Chronicles,18,5,דוד,nmpr,pers,A:person-candidate,Other Tanakh
400884,1436480,511398,1 Chronicles,18,5,ארם,nmpr,topo,F:unclassified-name,Other Tanakh
400892,1436481,511399,1 Chronicles,18,6,דוד,nmpr,pers,A:person-candidate,Other Tanakh
400894,1436481,511399,1 Chronicles,18,6,ארם,nmpr,topo,F:unclassified-name,Other Tanakh
400895,1436481,511399,1 Chronicles,18,6,דרמשק,nmpr,topo,F:unclassified-name,Other Tanakh
400898,1436481,511400,1 Chronicles,18,6,ארם,nmpr,topo,F:unclassified-name,Other Tanakh
400900,1436481,511400,1 Chronicles,18,6,דוד,nmpr,pers,A:person-candidate,Other Tanakh
400906,1436481,511402,1 Chronicles,18,6,יהוה,nmpr,pers,E:YHWH,Other Tanakh
400908,1436481,511402,1 Chronicles,18,6,דוד,nmpr,pers,A:person-candidate,Other Tanakh
400915,1436482,511404,1 Chronicles,18,7,דוד,nmpr,pers,A:person-candidate,Other Tanakh
400924,1436482,511405,1 Chronicles,18,7,הדדעזר,nmpr,pers,A:person-candidate,Other Tanakh
400927,1436482,511406,1 Chronicles,18,7,ירושלם,nmpr,topo,F:unclassified-name,Other Tanakh
400930,1436483,511407,1 Chronicles,18,8,טבחת,nmpr,topo,F:unclassified-name,Other Tanakh
400933,1436483,511407,1 Chronicles,18,8,כון,nmpr,topo,F:unclassified-name,Other Tanakh
400935,1436483,511407,1 Chronicles,18,8,הדדעזר,nmpr,pers,A:person-candidate,Other Tanakh
400937,1436483,511407,1 Chronicles,18,8,דוד,nmpr,pers,A:person-candidate,Other Tanakh
400943,1436483,511408,1 Chronicles,18,8,שלמה,nmpr,pers,A:person-candidate,Other Tanakh
400959,1436484,511409,1 Chronicles,18,9,תעו,nmpr,pers,A:person-candidate,Other Tanakh
400960,1436484,511409,1 Chronicles,18,9,מלך,subs,,B:deity-candidate,Other Tanakh
400961,1436484,511409,1 Chronicles,18,9,חמת,nmpr,topo,F:unclassified-name,Other Tanakh
400964,1436484,511410,1 Chronicles,18,9,דוד,nmpr,pers,A:person-candidate,Other Tanakh
400968,1436484,511410,1 Chronicles,18,9,הדדעזר,nmpr,pers,A:person-candidate,Other Tanakh
400969,1436484,511410,1 Chronicles,18,9,מלך,subs,,B:deity-candidate,Other Tanakh
400970,1436484,511410,1 Chronicles,18,9,צובא,nmpr,topo,F:unclassified-name,Other Tanakh
400974,1436485,511411,1 Chronicles,18,10,הדורם,nmpr,pers,A:person-candidate,Other Tanakh
400976,1436485,511411,1 Chronicles,18,10,אל,prep,,C:divine-title-candidate,Other Tanakh
400978,1436485,511411,1 Chronicles,18,10,מלך,subs,,B:deity-candidate,Other Tanakh
400979,1436485,511411,1 Chronicles,18,10,דוד,nmpr,pers,A:person-candidate,Other Tanakh
400992,1436485,511414,1 Chronicles,18,10,הדדעזר,nmpr,pers,A:person-candidate,Other Tanakh
400998,1436485,511416,1 Chronicles,18,10,תעו,nmpr,pers,A:person-candidate,Other Tanakh
401000,1436485,511416,1 Chronicles,18,10,הדדעזר,nmpr,pers,A:person-candidate,Other Tanakh
401013,1436486,511418,1 Chronicles,18,11,מלך,subs,,B:deity-candidate,Other Tanakh
401014,1436486,511418,1 Chronicles,18,11,דוד,nmpr,pers,A:person-candidate,Other Tanakh
401016,1436486,511418,1 Chronicles,18,11,יהוה,nmpr,pers,E:YHWH,Other Tanakh
401030,1436486,511419,1 Chronicles,18,11,אדום,nmpr,topo,F:unclassified-name,Other Tanakh
401033,1436486,511419,1 Chronicles,18,11,מואב,nmpr,"pers,gens,topo",F:unclassified-name,Other Tanakh
401037,1436486,511419,1 Chronicles,18,11,עמון,nmpr,gens,F:unclassified-name,Other Tanakh
401043,1436486,511419,1 Chronicles,18,11,עמלק,nmpr,"pers,gens",F:unclassified-name,Other Tanakh
401045,1436487,511420,1 Chronicles,18,12,אבשי,nmpr,pers,A:person-candidate,Other Tanakh
401047,1436487,511420,1 Chronicles,18,12,צרויה,nmpr,pers,A:person-candidate,Other Tanakh
401050,1436487,511420,1 Chronicles,18,12,אדום,nmpr,topo,F:unclassified-name,Other Tanakh
401061,1436488,511421,1 Chronicles,18,13,אדום,nmpr,topo,F:unclassified-name,Other Tanakh
401066,1436488,511422,1 Chronicles,18,13,אדום,nmpr,topo,F:unclassified-name,Other Tanakh
401069,1436488,511422,1 Chronicles,18,13,דוד,nmpr,pers,A:person-candidate,Other Tanakh
401072,1436488,511423,1 Chronicles,18,13,יהוה,nmpr,pers,E:YHWH,Other Tanakh
401074,1436488,511423,1 Chronicles,18,13,דוד,nmpr,pers,A:person-candidate,Other Tanakh
401080,1436489,511425,1 Chronicles,18,14,מלך,verb,,B:deity-candidate,Other Tanakh
401081,1436489,511425,1 Chronicles,18,14,דוד,nmpr,pers,A:person-candidate,Other Tanakh
401084,1436489,511425,1 Chronicles,18,14,ישראל,nmpr,"pers,gens,topo",F:unclassified-name,Other Tanakh
401095,1436490,511427,1 Chronicles,18,15,יואב,nmpr,pers,A:person-candidate,Other Tanakh
401097,1436490,511427,1 Chronicles,18,15,צרויה,nmpr,pers,A:person-candidate,Other Tanakh
401102,1436490,511428,1 Chronicles,18,15,יהושפט,nmpr,pers,A:person-candidate,Other Tanakh
401104,1436490,511428,1 Chronicles,18,15,אחילוד,nmpr,pers,A:person-candidate,Other Tanakh
401107,1436491,511429,1 Chronicles,18,16,צדוק,nmpr,pers,A:person-candidate,Other Tanakh
401109,1436491,511429,1 Chronicles,18,16,אחיטוב,nmpr,pers,A:person-candidate,Other Tanakh
401111,1436491,511429,1 Chronicles,18,16,אבימלך,nmpr,pers,A:person-candidate,Other Tanakh
401113,1436491,511429,1 Chronicles,18,16,אביתר,nmpr,pers,A:person-candidate,Other Tanakh
401116,1436491,511430,1 Chronicles,18,16,שושא,nmpr,pers,A:person-candidate,Other Tanakh
401119,1436492,511431,1 Chronicles,18,17,בניהו,nmpr,pers,A:person-candidate,Other Tanakh
401121,1436492,511431,1 Chronicles,18,17,יהוידע,nmpr,pers,A:person-candidate,Other Tanakh
401130,1436492,511432,1 Chronicles,18,17,דוד,nmpr,pers,A:person-candidate,Other Tanakh
401136,1436492,511432,1 Chronicles,18,17,מלך,subs,,B:deity-candidate,Other Tanakh
401143,1436493,511434,1 Chronicles,19,1,נחש,nmpr,pers,A:person-candidate,Other Tanakh
401144,1436493,511434,1 Chronicles,19,1,מלך,subs,,B:deity-candidate,Other Tanakh
401146,1436493,511434,1 Chronicles,19,1,עמון,nmpr,gens,F:unclassified-name,Other Tanakh
401148,1436493,511435,1 Chronicles,19,1,מלך,verb,,B:deity-candidate,Other Tanakh
401153,1436494,511436,1 Chronicles,19,2,דוד,nmpr,pers,A:person-candidate,Other Tanakh
401157,1436494,511437,1 Chronicles,19,2,חנון,nmpr,pers,A:person-candidate,Other Tanakh
401159,1436494,511437,1 Chronicles,19,2,נחש,nmpr,pers,A:person-candidate,Other Tanakh
401167,1436494,511439,1 Chronicles,19,2,דוד,nmpr,pers,A:person-candidate,Other Tanakh
401176,1436494,511441,1 Chronicles,19,2,דוד,nmpr,pers,A:person-candidate,Other Tanakh
401177,1436494,511441,1 Chronicles,19,2,אל,prep,,C:divine-title-candidate,Other Tanakh
401180,1436494,511441,1 Chronicles,19,2,עמון,nmpr,gens,F:unclassified-name,Other Tanakh
401181,1436494,511441,1 Chronicles,19,2,אל,prep,,C:divine-title-candidate,Other Tanakh
401182,1436494,511441,1 Chronicles,19,2,חנון,nmpr,pers,A:person-candidate,Other Tanakh
401189,1436495,511443,1 Chronicles,19,3,עמון,nmpr,gens,F:unclassified-name,Other Tanakh
401191,1436495,511443,1 Chronicles,19,3,חנון,nmpr,pers,A:person-candidate,Other Tanakh
401194,1436495,511444,1 Chronicles,19,3,דוד,nmpr,pers,A:person-candidate,Other Tanakh
401219,1436495,511446,1 Chronicles,19,3,אל,prep,,C:divine-title-candidate,Other Tanakh
401222,1436496,511450,1 Chronicles,19,4,חנון,nmpr,pers,A:person-candidate,Other Tanakh
401225,1436496,511450,1 Chronicles,19,4,דוד,nmpr,pers,A:person-candidate,Other Tanakh
401245,1436497,511455,1 Chronicles,19,5,דוד,nmpr,pers,A:person-candidate,Other Tanakh
401262,1436497,511459,1 Chronicles,19,5,מלך,subs,,B:deity-candidate,Other Tanakh
401265,1436497,511460,1 Chronicles,19,5,יריחו,nmpr,topo,F:unclassified-name,Other Tanakh
401275,1436498,511463,1 Chronicles,19,6,עמון,nmpr,gens,F:unclassified-name,Other Tanakh
401279,1436498,511464,1 Chronicles,19,6,דוד,nmpr,pers,A:person-candidate,Other Tanakh
401282,1436498,511465,1 Chronicles,19,6,חנון,nmpr,pers,A:person-candidate,Other Tanakh
401285,1436498,511465,1 Chronicles,19,6,עמון,nmpr,gens,F:unclassified-name,Other Tanakh
401293,1436498,511466,1 Chronicles,19,6,ארם,nmpr,topo,F:unclassified-name,Other Tanakh
401297,1436498,511466,1 Chronicles,19,6,ארם,nmpr,topo,F:unclassified-name,Other Tanakh
401298,1436498,511466,1 Chronicles,19,6,מעכה,nmpr,topo,F:unclassified-name,Other Tanakh
401301,1436498,511466,1 Chronicles,19,6,צובא,nmpr,topo,F:unclassified-name,Other Tanakh
401315,1436499,511467,1 Chronicles,19,7,מלך,subs,,B:deity-candidate,Other Tanakh
401316,1436499,511467,1 Chronicles,19,7,מעכה,nmpr,topo,F:unclassified-name,Other Tanakh
401326,1436499,511469,1 Chronicles,19,7,מידבא,nmpr,topo,F:unclassified-name,Other Tanakh
401329,1436499,511470,1 Chronicles,19,7,עמון,nmpr,gens,F:unclassified-name,Other Tanakh
401340,1436500,511472,1 Chronicles,19,8,דוד,nmpr,pers,A:person-candidate,Other Tanakh
401344,1436500,511473,1 Chronicles,19,8,יואב,nmpr,pers,A:person-candidate,Other Tanakh
401354,1436501,511474,1 Chronicles,19,9,עמון,nmpr,gens,F:unclassified-name,Other Tanakh
401363,1436501,511476,1 Chronicles,19,9,מלך,subs,,B:deity-candidate,Other Tanakh
401373,1436502,511478,1 Chronicles,19,10,יואב,nmpr,pers,A:person-candidate,Other Tanakh
401379,1436502,511479,1 Chronicles,19,10,אל,prep,,C:divine-title-candidate,Other Tanakh
401389,1436502,511480,1 Chronicles,19,10,ישראל,nmpr,"pers,gens,topo",F:unclassified-name,Other Tanakh
401394,1436502,511482,1 Chronicles,19,10,ארם,nmpr,topo,F:unclassified-name,Other Tanakh
401403,1436503,511483,1 Chronicles,19,11,אבשי,nmpr,pers,A:person-candidate,Other Tanakh
401410,1436503,511485,1 Chronicles,19,11,עמון,nmpr,gens,F:unclassified-name,Other Tanakh
401416,1436504,511487,1 Chronicles,19,12,ארם,nmpr,topo,F:unclassified-name,Other Tanakh
401425,1436504,511489,1 Chronicles,19,12,עמון,nmpr,gens,F:unclassified-name,Other Tanakh
401438,1436505,511492,1 Chronicles,19,13,אלהים,subs,,D:Elohim,Other Tanakh
401440,1436505,511493,1 Chronicles,19,13,יהוה,nmpr,pers,E:YHWH,Other Tanakh
401448,1436506,511495,1 Chronicles,19,14,יואב,nmpr,pers,A:person-candidate,Other Tanakh
401456,1436506,511495,1 Chronicles,19,14,ארם,nmpr,topo,F:unclassified-name,Other Tanakh
401466,1436507,511498,1 Chronicles,19,15,עמון,nmpr,gens,F:unclassified-name,Other Tanakh
401470,1436507,511499,1 Chronicles,19,15,ארם,nmpr,topo,F:unclassified-name,Other Tanakh
401477,1436507,511500,1 Chronicles,19,15,אבשי,nmpr,pers,A:person-candidate,Other Tanakh
401485,1436507,511502,1 Chronicles,19,15,יואב,nmpr,pers,A:person-candidate,Other Tanakh
401486,1436507,511502,1 Chronicles,19,15,ירושלם,nmpr,topo,F:unclassified-name,Other Tanakh
401489,1436508,511503,1 Chronicles,19,16,ארם,nmpr,topo,F:unclassified-name,Other Tanakh
401494,1436508,511504,1 Chronicles,19,16,ישראל,nmpr,"pers,gens,topo",F:unclassified-name,Other Tanakh
401501,1436508,511506,1 Chronicles,19,16,ארם,nmpr,topo,F:unclassified-name,Other Tanakh
401508,1436508,511508,1 Chronicles,19,16,שופך,nmpr,pers,A:person-candidate,Other Tanakh
401511,1436508,511508,1 Chronicles,19,16,הדדעזר,nmpr,pers,A:person-candidate,Other Tanakh
401517,1436509,511509,1 Chronicles,19,17,דוד,nmpr,pers,A:person-candidate,Other Tanakh
401522,1436509,511510,1 Chronicles,19,17,ישראל,nmpr,"pers,gens,topo",F:unclassified-name,Other Tanakh
401526,1436509,511511,1 Chronicles,19,17,ירדן,nmpr,topo,F:unclassified-name,Other Tanakh
401529,1436509,511512,1 Chronicles,19,17,אל,prep,,C:divine-title-candidate,Other Tanakh
401532,1436509,511513,1 Chronicles,19,17,אל,prep,,C:divine-title-candidate,Other Tanakh
401535,1436509,511514,1 Chronicles,19,17,דוד,nmpr,pers,A:person-candidate,Other Tanakh
401538,1436509,511515,1 Chronicles,19,17,ארם,nmpr,topo,F:unclassified-name,Other Tanakh
401545,1436510,511517,1 Chronicles,19,18,ארם,nmpr,topo,F:unclassified-name,Other Tanakh
401549,1436510,511517,1 Chronicles,19,18,ישראל,nmpr,"pers,gens,topo",F:unclassified-name,Other Tanakh
401552,1436510,511518,1 Chronicles,19,18,דוד,nmpr,pers,A:person-candidate,Other Tanakh
401554,1436510,511518,1 Chronicles,19,18,ארם,nmpr,topo,F:unclassified-name,Other Tanakh
401565,1436510,511519,1 Chronicles,19,18,שופך,nmpr,pers,A:person-candidate,Other Tanakh
401573,1436511,511520,1 Chronicles,19,19,הדדעזר,nmpr,pers,A:person-candidate,Other Tanakh
401578,1436511,511521,1 Chronicles,19,19,ישראל,nmpr,"pers,gens,topo",F:unclassified-name,Other Tanakh
401582,1436511,511522,1 Chronicles,19,19,דוד,nmpr,pers,A:person-candidate,Other Tanakh
401588,1436511,511524,1 Chronicles,19,19,ארם,nmpr,topo,F:unclassified-name,Other Tanakh
401593,1436511,511525,1 Chronicles,19,19,עמון,nmpr,gens,F:unclassified-name,Other Tanakh
401606,1436512,511527,1 Chronicles,20,1,מלך,subs,,B:deity-candidate,Other Tanakh
401609,1436512,511528,1 Chronicles,20,1,יואב,nmpr,pers,A:person-candidate,Other Tanakh
401619,1436512,511529,1 Chronicles,20,1,עמון,nmpr,gens,F:unclassified-name,Other Tanakh
401625,1436512,511531,1 Chronicles,20,1,רבה,nmpr,topo,F:unclassified-name,Other Tanakh
401627,1436512,511532,1 Chronicles,20,1,דוד,nmpr,pers,A:person-candidate,Other Tanakh
401630,1436512,511532,1 Chronicles,20,1,ירושלם,nmpr,topo,F:unclassified-name,Other Tanakh
401633,1436512,511533,1 Chronicles,20,1,יואב,nmpr,pers,A:person-candidate,Other Tanakh
401635,1436512,511533,1 Chronicles,20,1,רבה,nmpr,topo,F:unclassified-name,Other Tanakh
401640,1436513,511535,1 Chronicles,20,2,דוד,nmpr,pers,A:person-candidate,Other Tanakh
401643,1436513,511535,1 Chronicles,20,2,מלך,subs,,B:deity-candidate,Other Tanakh
401660,1436513,511538,1 Chronicles,20,2,דוד,nmpr,pers,A:person-candidate,Other Tanakh
401692,1436514,511543,1 Chronicles,20,3,דוד,nmpr,pers,A:person-candidate,Other Tanakh
401697,1436514,511543,1 Chronicles,20,3,עמון,nmpr,gens,F:unclassified-name,Other Tanakh
401700,1436514,511544,1 Chronicles,20,3,דוד,nmpr,pers,A:person-candidate,Other Tanakh
401705,1436514,511544,1 Chronicles,20,3,ירושלם,nmpr,topo,F:unclassified-name,Other Tanakh
401714,1436515,511546,1 Chronicles,20,4,גזר,nmpr,topo,F:unclassified-name,Other Tanakh
401719,1436515,511547,1 Chronicles,20,4,סבכי,nmpr,pers,A:person-candidate,Other Tanakh
401723,1436515,511547,1 Chronicles,20,4,ספי,nmpr,pers,A:person-candidate,Other Tanakh
401727,1436515,511547,1 Chronicles,20,4,רפאים,nmpr,gens,F:unclassified-name,Other Tanakh
401738,1436516,511550,1 Chronicles,20,5,אלחנן,nmpr,pers,A:person-candidate,Other Tanakh
401740,1436516,511550,1 Chronicles,20,5,יעיר,nmpr,pers,A:person-candidate,Other Tanakh
401742,1436516,511550,1 Chronicles,20,5,לחמי,nmpr,pers,A:person-candidate,Other Tanakh
401744,1436516,511550,1 Chronicles,20,5,גלית,nmpr,pers,A:person-candidate,Other Tanakh
401758,1436517,511552,1 Chronicles,20,6,גת,nmpr,topo,F:unclassified-name,Other Tanakh
401777,1436517,511556,1 Chronicles,20,6,רפא,nmpr,pers,A:person-candidate,Other Tanakh
401781,1436518,511557,1 Chronicles,20,7,ישראל,nmpr,"pers,gens,topo",F:unclassified-name,Other Tanakh
401784,1436518,511558,1 Chronicles,20,7,יהונתן,nmpr,pers,A:person-candidate,Other Tanakh
401786,1436518,511558,1 Chronicles,20,7,שמעא,nmpr,pers,A:person-candidate,Other Tanakh
401788,1436518,511558,1 Chronicles,20,7,דוד,nmpr,pers,A:person-candidate,Other Tanakh
401789,1436519,511559,1 Chronicles,20,8,אל,prde,,C:divine-title-candidate,Other Tanakh
401793,1436519,511559,1 Chronicles,20,8,רפא,nmpr,pers,A:person-candidate,Other Tanakh
401795,1436519,511559,1 Chronicles,20,8,גת,nmpr,topo,F:unclassified-name,Other Tanakh
401800,1436519,511560,1 Chronicles,20,8,דוד,nmpr,pers,A:person-candidate,Other Tanakh
401809,1436520,511561,1 Chronicles,21,1,ישראל,nmpr,"pers,gens,topo",F:unclassified-name,Other Tanakh
401813,1436520,511562,1 Chronicles,21,1,דוד,nmpr,pers,A:person-candidate,Other Tanakh
401817,1436520,511563,1 Chronicles,21,1,ישראל,nmpr,"pers,gens,topo",F:unclassified-name,Other Tanakh
401820,1436521,511564,1 Chronicles,21,2,דוד,nmpr,pers,A:person-candidate,Other Tanakh
401821,1436521,511564,1 Chronicles,21,2,אל,prep,,C:divine-title-candidate,Other Tanakh
401822,1436521,511564,1 Chronicles,21,2,יואב,nmpr,pers,A:person-candidate,Other Tanakh
401824,1436521,511564,1 Chronicles,21,2,אל,prep,,C:divine-title-candidate,Other Tanakh
401831,1436521,511566,1 Chronicles,21,2,ישראל,nmpr,"pers,gens,topo",F:unclassified-name,Other Tanakh
401834,1436521,511566,1 Chronicles,21,2,שבע,nmpr,topo,F:unclassified-name,Other Tanakh
401837,1436521,511566,1 Chronicles,21,2,דן,nmpr,"pers,gens,topo",F:unclassified-name,Other Tanakh
401840,1436521,511567,1 Chronicles,21,2,אל,prep,,C:divine-title-candidate,Other Tanakh
401847,1436522,511569,1 Chronicles,21,3,יואב,nmpr,pers,A:person-candidate,Other Tanakh
401849,1436522,511570,1 Chronicles,21,3,יהוה,nmpr,pers,E:YHWH,Other Tanakh
401859,1436522,511572,1 Chronicles,21,3,מלך,subs,,B:deity-candidate,Other Tanakh
401874,1436522,511574,1 Chronicles,21,3,ישראל,nmpr,"pers,gens,topo",F:unclassified-name,Other Tanakh
401878,1436523,511575,1 Chronicles,21,4,מלך,subs,,B:deity-candidate,Other Tanakh
401881,1436523,511575,1 Chronicles,21,4,יואב,nmpr,pers,A:person-candidate,Other Tanakh
401884,1436523,511576,1 Chronicles,21,4,יואב,nmpr,pers,A:person-candidate,Other Tanakh
401889,1436523,511577,1 Chronicles,21,4,ישראל,nmpr,"pers,gens,topo",F:unclassified-name,Other Tanakh
401892,1436523,511578,1 Chronicles,21,4,ירושלם,nmpr,topo,F:unclassified-name,Other Tanakh
401895,1436524,511579,1 Chronicles,21,5,יואב,nmpr,pers,A:person-candidate,Other Tanakh
401901,1436524,511579,1 Chronicles,21,5,אל,prep,,C:divine-title-candidate,Other Tanakh
401902,1436524,511579,1 Chronicles,21,5,דוד,nmpr,pers,A:person-candidate,Other Tanakh
401906,1436524,511580,1 Chronicles,21,5,ישראל,nmpr,"pers,gens,topo",F:unclassified-name,Other Tanakh
401916,1436524,511582,1 Chronicles,21,5,יהודה,nmpr,"pers,gens,topo",F:unclassified-name,Other Tanakh
401926,1436525,511584,1 Chronicles,21,6,לוי,nmpr,"pers,gens",F:unclassified-name,Other Tanakh
401928,1436525,511584,1 Chronicles,21,6,בנימן,nmpr,"pers,gens,topo",F:unclassified-name,Other Tanakh
401937,1436525,511585,1 Chronicles,21,6,מלך,subs,,B:deity-candidate,Other Tanakh
401939,1436525,511585,1 Chronicles,21,6,יואב,nmpr,pers,A:person-candidate,Other Tanakh
401945,1436526,511586,1 Chronicles,21,7,אלהים,subs,,D:Elohim,Other Tanakh
401954,1436526,511587,1 Chronicles,21,7,ישראל,nmpr,"pers,gens,topo",F:unclassified-name,Other Tanakh
401957,1436527,511588,1 Chronicles,21,8,דוד,nmpr,pers,A:person-candidate,Other Tanakh
401958,1436527,511588,1 Chronicles,21,8,אל,prep,,C:divine-title-candidate,Other Tanakh
401960,1436527,511588,1 Chronicles,21,8,אלהים,subs,,D:Elohim,Other Tanakh
401982,1436528,511594,1 Chronicles,21,9,יהוה,nmpr,pers,E:YHWH,Other Tanakh
401983,1436528,511594,1 Chronicles,21,9,אל,prep,,C:divine-title-candidate,Other Tanakh
401984,1436528,511594,1 Chronicles,21,9,גד,nmpr,"pers,gens,topo",B:deity-candidate,Other Tanakh
401986,1436528,511594,1 Chronicles,21,9,דוד,nmpr,pers,A:person-candidate,Other Tanakh
401992,1436529,511597,1 Chronicles,21,10,אל,prep,,C:divine-title-candidate,Other Tanakh
401993,1436529,511597,1 Chronicles,21,10,דוד,nmpr,pers,A:person-candidate,Other Tanakh
401998,1436529,511599,1 Chronicles,21,10,יהוה,nmpr,pers,E:YHWH,Other Tanakh
402013,1436530,511603,1 Chronicles,21,11,גד,nmpr,"pers,gens,topo",B:deity-candidate,Other Tanakh
402014,1436530,511603,1 Chronicles,21,11,אל,prep,,C:divine-title-candidate,Other Tanakh
402015,1436530,511603,1 Chronicles,21,11,דוד,nmpr,pers,A:person-candidate,Other Tanakh
402021,1436530,511605,1 Chronicles,21,11,יהוה,nmpr,pers,E:YHWH,Other Tanakh
402046,1436531,511610,1 Chronicles,21,12,יהוה,nmpr,pers,E:YHWH,Other Tanakh
402054,1436531,511612,1 Chronicles,21,12,יהוה,nmpr,pers,E:YHWH,Other Tanakh
402059,1436531,511612,1 Chronicles,21,12,ישראל,nmpr,"pers,gens,topo",F:unclassified-name,Other Tanakh
402070,1436532,511616,1 Chronicles,21,13,דוד,nmpr,pers,A:person-candidate,Other Tanakh
402071,1436532,511616,1 Chronicles,21,13,אל,prep,,C:divine-title-candidate,Other Tanakh
402072,1436532,511616,1 Chronicles,21,13,גד,nmpr,"pers,gens,topo",B:deity-candidate,Other Tanakh
402080,1436532,511618,1 Chronicles,21,13,יהוה,nmpr,pers,E:YHWH,Other Tanakh
402089,1436532,511620,1 Chronicles,21,13,אל,nega,,C:divine-title-candidate,Other Tanakh
402093,1436533,511621,1 Chronicles,21,14,יהוה,nmpr,pers,E:YHWH,Other Tanakh
402096,1436533,511621,1 Chronicles,21,14,ישראל,nmpr,"pers,gens,topo",F:unclassified-name,Other Tanakh
402100,1436533,511622,1 Chronicles,21,14,ישראל,nmpr,"pers,gens,topo",F:unclassified-name,Other Tanakh
402107,1436534,511623,1 Chronicles,21,15,אלהים,subs,,D:Elohim,Other Tanakh
402110,1436534,511623,1 Chronicles,21,15,ירושלם,nmpr,topo,F:unclassified-name,Other Tanakh
402117,1436534,511625,1 Chronicles,21,15,יהוה,nmpr,pers,E:YHWH,Other Tanakh
402136,1436534,511631,1 Chronicles,21,15,יהוה,nmpr,pers,E:YHWH,Other Tanakh
402140,1436534,511631,1 Chronicles,21,15,ארנן,nmpr,pers,A:person-candidate,Other Tanakh
402145,1436535,511632,1 Chronicles,21,16,דוד,nmpr,pers,A:person-candidate,Other Tanakh
402152,1436535,511633,1 Chronicles,21,16,יהוה,nmpr,pers,E:YHWH,Other Tanakh
402168,1436535,511636,1 Chronicles,21,16,ירושלם,nmpr,topo,F:unclassified-name,Other Tanakh
402171,1436535,511637,1 Chronicles,21,16,דוד,nmpr,pers,A:person-candidate,Other Tanakh
402183,1436536,511639,1 Chronicles,21,17,דוד,nmpr,pers,A:person-candidate,Other Tanakh
402184,1436536,511639,1 Chronicles,21,17,אל,prep,,C:divine-title-candidate,Other Tanakh
402186,1436536,511639,1 Chronicles,21,17,אלהים,subs,,D:Elohim,Other Tanakh
402210,1436536,511647,1 Chronicles,21,17,יהוה,nmpr,pers,E:YHWH,Other Tanakh
402211,1436536,511647,1 Chronicles,21,17,אלהים,subs,,D:Elohim,Other Tanakh
402228,1436537,511650,1 Chronicles,21,18,יהוה,nmpr,pers,E:YHWH,Other Tanakh
402230,1436537,511650,1 Chronicles,21,18,אל,prep,,C:divine-title-candidate,Other Tanakh
402231,1436537,511650,1 Chronicles,21,18,גד,nmpr,"pers,gens,topo",B:deity-candidate,Other Tanakh
402235,1436537,511651,1 Chronicles,21,18,דוד,nmpr,pers,A:person-candidate,Other Tanakh
402238,1436537,511652,1 Chronicles,21,18,דוד,nmpr,pers,A:person-candidate,Other Tanakh
402243,1436537,511653,1 Chronicles,21,18,יהוה,nmpr,pers,E:YHWH,Other Tanakh
402246,1436537,511653,1 Chronicles,21,18,ארנן,nmpr,pers,A:person-candidate,Other Tanakh
402251,1436538,511654,1 Chronicles,21,19,דוד,nmpr,pers,A:person-candidate,Other Tanakh
402254,1436538,511654,1 Chronicles,21,19,גד,nmpr,"pers,gens,topo",B:deity-candidate,Other Tanakh
402259,1436538,511655,1 Chronicles,21,19,יהוה,nmpr,pers,E:YHWH,Other Tanakh
402262,1436539,511656,1 Chronicles,21,20,ארנן,nmpr,pers,A:person-candidate,Other Tanakh
402274,1436539,511659,1 Chronicles,21,20,ארנן,nmpr,pers,A:person-candidate,Other Tanakh
402279,1436540,511660,1 Chronicles,21,21,דוד,nmpr,pers,A:person-candidate,Other Tanakh
402281,1436540,511660,1 Chronicles,21,21,ארנן,nmpr,pers,A:person-candidate,Other Tanakh
402284,1436540,511661,1 Chronicles,21,21,ארנן,nmpr,pers,A:person-candidate,Other Tanakh
402288,1436540,511662,1 Chronicles,21,21,דוד,nmpr,pers,A:person-candidate,Other Tanakh
402297,1436540,511664,1 Chronicles,21,21,דוד,nmpr,pers,A:person-candidate,Other Tanakh
402302,1436541,511666,1 Chronicles,21,22,דוד,nmpr,pers,A:person-candidate,Other Tanakh
402303,1436541,511666,1 Chronicles,21,22,אל,prep,,C:divine-title-candidate,Other Tanakh
402304,1436541,511666,1 Chronicles,21,22,ארנן,nmpr,pers,A:person-candidate,Other Tanakh
402315,1436541,511668,1 Chronicles,21,22,יהוה,nmpr,pers,E:YHWH,Other Tanakh
402331,1436542,511671,1 Chronicles,21,23,ארנן,nmpr,pers,A:person-candidate,Other Tanakh
402332,1436542,511671,1 Chronicles,21,23,אל,prep,,C:divine-title-candidate,Other Tanakh
402333,1436542,511671,1 Chronicles,21,23,דוד,nmpr,pers,A:person-candidate,Other Tanakh
402340,1436542,511673,1 Chronicles,21,23,מלך,subs,,B:deity-candidate,Other Tanakh
402370,1436543,511680,1 Chronicles,21,24,מלך,subs,,B:deity-candidate,Other Tanakh
402371,1436543,511680,1 Chronicles,21,24,דוד,nmpr,pers,A:person-candidate,Other Tanakh
402373,1436543,511680,1 Chronicles,21,24,ארנן,nmpr,pers,A:person-candidate,Other Tanakh
402387,1436543,511683,1 Chronicles,21,24,יהוה,nmpr,pers,E:YHWH,Other Tanakh
402394,1436544,511686,1 Chronicles,21,25,דוד,nmpr,pers,A:person-candidate,Other Tanakh
402396,1436544,511686,1 Chronicles,21,25,ארנן,nmpr,pers,A:person-candidate,Other Tanakh
402408,1436545,511687,1 Chronicles,21,26,דוד,nmpr,pers,A:person-candidate,Other Tanakh
402411,1436545,511687,1 Chronicles,21,26,יהוה,nmpr,pers,E:YHWH,Other Tanakh
402419,1436545,511689,1 Chronicles,21,26,אל,prep,,C:divine-title-candidate,Other Tanakh
402420,1436545,511689,1 Chronicles,21,26,יהוה,nmpr,pers,E:YHWH,Other Tanakh
402435,1436546,511691,1 Chronicles,21,27,יהוה,nmpr,pers,E:YHWH,Other Tanakh
402442,1436546,511692,1 Chronicles,21,27,אל,prep,,C:divine-title-candidate,Other Tanakh
402451,1436547,511694,1 Chronicles,21,28,דוד,nmpr,pers,A:person-candidate,Other Tanakh
402454,1436547,511695,1 Chronicles,21,28,יהוה,nmpr,pers,E:YHWH,Other Tanakh
402457,1436547,511695,1 Chronicles,21,28,ארנן,nmpr,pers,A:person-candidate,Other Tanakh
402465,1436548,511697,1 Chronicles,21,29,יהוה,nmpr,pers,E:YHWH,Other Tanakh
402468,1436548,511698,1 Chronicles,21,29,משה,nmpr,pers,A:person-candidate,Other Tanakh
402485,1436548,511697,1 Chronicles,21,29,גבעון,nmpr,topo,F:unclassified-name,Other Tanakh
402489,1436549,511699,1 Chronicles,21,30,דוד,nmpr,pers,A:person-candidate,Other Tanakh
402496,1436549,511701,1 Chronicles,21,30,אלהים,subs,,D:Elohim,Other Tanakh
402503,1436549,511702,1 Chronicles,21,30,יהוה,nmpr,pers,E:YHWH,Other Tanakh
402506,1436550,511703,1 Chronicles,22,1,דוד,nmpr,pers,A:person-candidate,Other Tanakh
402510,1436550,511705,1 Chronicles,22,1,יהוה,nmpr,pers,E:YHWH,Other Tanakh
402512,1436550,511705,1 Chronicles,22,1,אלהים,subs,,D:Elohim,Other Tanakh
402519,1436550,511706,1 Chronicles,22,1,ישראל,nmpr,"pers,gens,topo",F:unclassified-name,Other Tanakh
402522,1436551,511707,1 Chronicles,22,2,דוד,nmpr,pers,A:person-candidate,Other Tanakh
402531,1436551,511709,1 Chronicles,22,2,ישראל,nmpr,"pers,gens,topo",F:unclassified-name,Other Tanakh
402543,1436551,511712,1 Chronicles,22,2,אלהים,subs,,D:Elohim,Other Tanakh
402560,1436552,511713,1 Chronicles,22,3,דוד,nmpr,pers,A:person-candidate,Other Tanakh
402585,1436553,511717,1 Chronicles,22,4,דוד,nmpr,pers,A:person-candidate,Other Tanakh
402588,1436554,511718,1 Chronicles,22,5,דוד,nmpr,pers,A:person-candidate,Other Tanakh
402589,1436554,511719,1 Chronicles,22,5,שלמה,nmpr,pers,A:person-candidate,Other Tanakh
402600,1436554,511721,1 Chronicles,22,5,יהוה,nmpr,pers,E:YHWH,Other Tanakh
402619,1436554,511724,1 Chronicles,22,5,דוד,nmpr,pers,A:person-candidate,Other Tanakh
402628,1436555,511725,1 Chronicles,22,6,שלמה,nmpr,pers,A:person-candidate,Other Tanakh
402636,1436555,511727,1 Chronicles,22,6,יהוה,nmpr,pers,E:YHWH,Other Tanakh
402637,1436555,511727,1 Chronicles,22,6,אלהים,subs,,D:Elohim,Other Tanakh
402638,1436555,511727,1 Chronicles,22,6,ישראל,nmpr,"pers,gens,topo",F:unclassified-name,Other Tanakh
402641,1436556,511728,1 Chronicles,22,7,דוד,nmpr,pers,A:person-candidate,Other Tanakh
402643,1436556,511728,1 Chronicles,22,7,שלמה,nmpr,pers,A:person-candidate,Other Tanakh
402654,1436556,511732,1 Chronicles,22,7,יהוה,nmpr,pers,E:YHWH,Other Tanakh
402655,1436556,511732,1 Chronicles,22,7,אלהים,subs,,D:Elohim,Other Tanakh
402660,1436557,511733,1 Chronicles,22,8,יהוה,nmpr,pers,E:YHWH,Other Tanakh
402700,1436558,511742,1 Chronicles,22,9,שלמה,nmpr,pers,A:person-candidate,Other Tanakh
402709,1436558,511743,1 Chronicles,22,9,ישראל,nmpr,"pers,gens,topo",F:unclassified-name,Other Tanakh
402733,1436559,511747,1 Chronicles,22,10,ישראל,nmpr,"pers,gens,topo",F:unclassified-name,Other Tanakh
402739,1436560,511750,1 Chronicles,22,11,יהוה,nmpr,pers,E:YHWH,Other Tanakh
402746,1436560,511752,1 Chronicles,22,11,יהוה,nmpr,pers,E:YHWH,Other Tanakh
402747,1436560,511752,1 Chronicles,22,11,אלהים,subs,,D:Elohim,Other Tanakh
402755,1436561,511754,1 Chronicles,22,12,יהוה,nmpr,pers,E:YHWH,Other Tanakh
402762,1436561,511755,1 Chronicles,22,12,ישראל,nmpr,"pers,gens,topo",F:unclassified-name,Other Tanakh
402768,1436561,511756,1 Chronicles,22,12,יהוה,nmpr,pers,E:YHWH,Other Tanakh
402769,1436561,511756,1 Chronicles,22,12,אלהים,subs,,D:Elohim,Other Tanakh
402785,1436562,511760,1 Chronicles,22,13,יהוה,nmpr,pers,E:YHWH,Other Tanakh
402787,1436562,511760,1 Chronicles,22,13,משה,nmpr,pers,A:person-candidate,Other Tanakh
402789,1436562,511760,1 Chronicles,22,13,ישראל,nmpr,"pers,gens,topo",F:unclassified-name,Other Tanakh
402793,1436562,511763,1 Chronicles,22,13,אל,nega,,C:divine-title-candidate,Other Tanakh
402796,1436562,511764,1 Chronicles,22,13,אל,nega,,C:divine-title-candidate,Other Tanakh
402805,1436563,511766,1 Chronicles,22,14,יהוה,nmpr,pers,E:YHWH,Other Tanakh
402876,1436565,511775,1 Chronicles,22,16,יהוה,nmpr,pers,E:YHWH,Other Tanakh
402880,1436566,511776,1 Chronicles,22,17,דוד,nmpr,pers,A:person-candidate,Other Tanakh
402884,1436566,511776,1 Chronicles,22,17,ישראל,nmpr,"pers,gens,topo",F:unclassified-name,Other Tanakh
402888,1436566,511777,1 Chronicles,22,17,שלמה,nmpr,pers,A:person-candidate,Other Tanakh
402892,1436567,511778,1 Chronicles,22,18,יהוה,nmpr,pers,E:YHWH,Other Tanakh
402893,1436567,511778,1 Chronicles,22,18,אלהים,subs,,D:Elohim,Other Tanakh
402914,1436567,511781,1 Chronicles,22,18,יהוה,nmpr,pers,E:YHWH,Other Tanakh
402927,1436568,511783,1 Chronicles,22,19,יהוה,nmpr,pers,E:YHWH,Other Tanakh
402928,1436568,511783,1 Chronicles,22,19,אלהים,subs,,D:Elohim,Other Tanakh
402935,1436568,511785,1 Chronicles,22,19,יהוה,nmpr,pers,E:YHWH,Other Tanakh
402937,1436568,511785,1 Chronicles,22,19,אלהים,subs,,D:Elohim,Other Tanakh
402943,1436568,511786,1 Chronicles,22,19,יהוה,nmpr,pers,E:YHWH,Other Tanakh
402948,1436568,511786,1 Chronicles,22,19,אלהים,subs,,D:Elohim,Other Tanakh
402956,1436568,511787,1 Chronicles,22,19,יהוה,nmpr,pers,E:YHWH,Other Tanakh
402958,1436569,511788,1 Chronicles,23,1,דוד,nmpr,pers,A:person-candidate,Other Tanakh
402964,1436569,511790,1 Chronicles,23,1,מלך,verb,,B:deity-candidate,Other Tanakh
402966,1436569,511790,1 Chronicles,23,1,שלמה,nmpr,pers,A:person-candidate,Other Tanakh
402969,1436569,511790,1 Chronicles,23,1,ישראל,nmpr,"pers,gens,topo",F:unclassified-name,Other Tanakh
402975,1436570,511791,1 Chronicles,23,2,ישראל,nmpr,"pers,gens,topo",F:unclassified-name,Other Tanakh
403010,1436572,511795,1 Chronicles,23,4,יהוה,nmpr,pers,E:YHWH,Other Tanakh
403030,1436573,511798,1 Chronicles,23,5,יהוה,nmpr,pers,E:YHWH,Other Tanakh
403040,1436574,511801,1 Chronicles,23,6,דוד,nmpr,pers,A:person-candidate,Other Tanakh
403044,1436574,511802,1 Chronicles,23,6,לוי,nmpr,"pers,gens",F:unclassified-name,Other Tanakh
403046,1436574,511802,1 Chronicles,23,6,גרשון,nmpr,pers,A:person-candidate,Other Tanakh
403047,1436574,511802,1 Chronicles,23,6,קהת,nmpr,pers,A:person-candidate,Other Tanakh
403049,1436574,511802,1 Chronicles,23,6,מררי,nmpr,pers,A:person-candidate,Other Tanakh
403053,1436575,511803,1 Chronicles,23,7,לעדן,nmpr,pers,A:person-candidate,Other Tanakh
403055,1436575,511803,1 Chronicles,23,7,שמעי,nmpr,pers,A:person-candidate,Other Tanakh
403057,1436576,511804,1 Chronicles,23,8,לעדן,nmpr,pers,A:person-candidate,Other Tanakh
403060,1436576,511805,1 Chronicles,23,8,יחיאל,nmpr,pers,A:person-candidate,Other Tanakh
403062,1436576,511806,1 Chronicles,23,8,זתם,nmpr,pers,A:person-candidate,Other Tanakh
403064,1436576,511806,1 Chronicles,23,8,יואל,nmpr,pers,A:person-candidate,Other Tanakh
403067,1436577,511807,1 Chronicles,23,9,שמעי,nmpr,pers,A:person-candidate,Other Tanakh
403068,1436577,511807,1 Chronicles,23,9,שלמית,nmpr,pers,A:person-candidate,Other Tanakh
403070,1436577,511807,1 Chronicles,23,9,חזיאל,nmpr,pers,A:person-candidate,Other Tanakh
403072,1436577,511807,1 Chronicles,23,9,הרן,nmpr,pers,A:person-candidate,Other Tanakh
403079,1436577,511808,1 Chronicles,23,9,לעדן,nmpr,pers,A:person-candidate,Other Tanakh
403082,1436578,511809,1 Chronicles,23,10,שמעי,nmpr,pers,A:person-candidate,Other Tanakh
403083,1436578,511809,1 Chronicles,23,10,יחת,nmpr,pers,A:person-candidate,Other Tanakh
403084,1436578,511809,1 Chronicles,23,10,זינא,nmpr,pers,A:person-candidate,Other Tanakh
403086,1436578,511809,1 Chronicles,23,10,יעוש,nmpr,pers,A:person-candidate,Other Tanakh
403088,1436578,511809,1 Chronicles,23,10,בריעה,nmpr,pers,A:person-candidate,Other Tanakh
403091,1436578,511810,1 Chronicles,23,10,שמעי,nmpr,pers,A:person-candidate,Other Tanakh
403095,1436579,511811,1 Chronicles,23,11,יחת,nmpr,pers,A:person-candidate,Other Tanakh
403099,1436579,511812,1 Chronicles,23,11,זיזה,nmpr,pers,A:person-candidate,Other Tanakh
403103,1436579,511813,1 Chronicles,23,11,יעוש,nmpr,pers,A:person-candidate,Other Tanakh
403105,1436579,511813,1 Chronicles,23,11,בריעה,nmpr,pers,A:person-candidate,Other Tanakh
403118,1436580,511815,1 Chronicles,23,12,קהת,nmpr,pers,A:person-candidate,Other Tanakh
403119,1436580,511815,1 Chronicles,23,12,עמרם,nmpr,pers,A:person-candidate,Other Tanakh
403120,1436580,511815,1 Chronicles,23,12,יצהר,nmpr,pers,A:person-candidate,Other Tanakh
403121,1436580,511815,1 Chronicles,23,12,חברון,nmpr,pers,A:person-candidate,Other Tanakh
403123,1436580,511815,1 Chronicles,23,12,עזיאל,nmpr,pers,A:person-candidate,Other Tanakh
403126,1436581,511816,1 Chronicles,23,13,עמרם,nmpr,pers,A:person-candidate,Other Tanakh
403127,1436581,511816,1 Chronicles,23,13,אהרן,nmpr,pers,A:person-candidate,Other Tanakh
403129,1436581,511816,1 Chronicles,23,13,משה,nmpr,pers,A:person-candidate,Other Tanakh
403132,1436581,511817,1 Chronicles,23,13,אהרן,nmpr,pers,A:person-candidate,Other Tanakh
403146,1436581,511820,1 Chronicles,23,13,יהוה,nmpr,pers,E:YHWH,Other Tanakh
403157,1436582,511823,1 Chronicles,23,14,משה,nmpr,pers,A:person-candidate,Other Tanakh
403160,1436582,511823,1 Chronicles,23,14,אלהים,subs,,D:Elohim,Other Tanakh
403168,1436583,511825,1 Chronicles,23,15,משה,nmpr,pers,A:person-candidate,Other Tanakh
403169,1436583,511825,1 Chronicles,23,15,גרשם,nmpr,pers,A:person-candidate,Other Tanakh
403171,1436583,511825,1 Chronicles,23,15,אליעזר,nmpr,pers,A:person-candidate,Other Tanakh
403173,1436584,511826,1 Chronicles,23,16,גרשם,nmpr,pers,A:person-candidate,Other Tanakh
403174,1436584,511827,1 Chronicles,23,16,שבואל,nmpr,pers,A:person-candidate,Other Tanakh
403180,1436585,511828,1 Chronicles,23,17,אליעזר,nmpr,pers,A:person-candidate,Other Tanakh
403181,1436585,511829,1 Chronicles,23,17,רחביה,nmpr,pers,A:person-candidate,Other Tanakh
403188,1436585,511830,1 Chronicles,23,17,אליעזר,nmpr,pers,A:person-candidate,Other Tanakh
403193,1436585,511831,1 Chronicles,23,17,רחביה,nmpr,pers,A:person-candidate,Other Tanakh
403198,1436586,511832,1 Chronicles,23,18,יצהר,nmpr,pers,A:person-candidate,Other Tanakh
403199,1436586,511833,1 Chronicles,23,18,שלמית,nmpr,pers,A:person-candidate,Other Tanakh
403203,1436587,511834,1 Chronicles,23,19,חברון,nmpr,pers,A:person-candidate,Other Tanakh
403204,1436587,511835,1 Chronicles,23,19,יריהו,nmpr,pers,A:person-candidate,Other Tanakh
403207,1436587,511836,1 Chronicles,23,19,אמריה,nmpr,pers,A:person-candidate,Other Tanakh
403210,1436587,511837,1 Chronicles,23,19,יחזיאל,nmpr,pers,A:person-candidate,Other Tanakh
403214,1436587,511838,1 Chronicles,23,19,יקמעם,nmpr,pers,A:person-candidate,Other Tanakh
403218,1436588,511839,1 Chronicles,23,20,עזיאל,nmpr,pers,A:person-candidate,Other Tanakh
403219,1436588,511840,1 Chronicles,23,20,מיכה,nmpr,pers,A:person-candidate,Other Tanakh
403223,1436588,511841,1 Chronicles,23,20,ישיה,nmpr,pers,A:person-candidate,Other Tanakh
403227,1436589,511842,1 Chronicles,23,21,מררי,nmpr,pers,A:person-candidate,Other Tanakh
403228,1436589,511842,1 Chronicles,23,21,מחלי,nmpr,pers,A:person-candidate,Other Tanakh
403230,1436589,511842,1 Chronicles,23,21,מושי,nmpr,pers,A:person-candidate,Other Tanakh
403232,1436589,511843,1 Chronicles,23,21,מחלי,nmpr,pers,A:person-candidate,Other Tanakh
403233,1436589,511843,1 Chronicles,23,21,אלעזר,nmpr,pers,A:person-candidate,Other Tanakh
403235,1436589,511843,1 Chronicles,23,21,קיש,nmpr,pers,A:person-candidate,Other Tanakh
403238,1436590,511844,1 Chronicles,23,22,אלעזר,nmpr,pers,A:person-candidate,Other Tanakh
403250,1436590,511847,1 Chronicles,23,22,קיש,nmpr,pers,A:person-candidate,Other Tanakh
403253,1436591,511848,1 Chronicles,23,23,מושי,nmpr,pers,A:person-candidate,Other Tanakh
403254,1436591,511848,1 Chronicles,23,23,מחלי,nmpr,pers,A:person-candidate,Other Tanakh
403256,1436591,511848,1 Chronicles,23,23,עדר,nmpr,pers,A:person-candidate,Other Tanakh
403258,1436591,511848,1 Chronicles,23,23,ירמות,nmpr,pers,A:person-candidate,Other Tanakh
403262,1436592,511849,1 Chronicles,23,24,לוי,nmpr,"pers,gens",F:unclassified-name,Other Tanakh
403282,1436592,511850,1 Chronicles,23,24,יהוה,nmpr,pers,E:YHWH,Other Tanakh
403291,1436593,511851,1 Chronicles,23,25,דוד,nmpr,pers,A:person-candidate,Other Tanakh
403293,1436593,511852,1 Chronicles,23,25,יהוה,nmpr,pers,E:YHWH,Other Tanakh
403294,1436593,511852,1 Chronicles,23,25,אלהים,subs,,D:Elohim,Other Tanakh
403295,1436593,511852,1 Chronicles,23,25,ישראל,nmpr,"pers,gens,topo",F:unclassified-name,Other Tanakh
403301,1436593,511853,1 Chronicles,23,25,ירושלם,nmpr,topo,F:unclassified-name,Other Tanakh
403325,1436595,511856,1 Chronicles,23,27,דוד,nmpr,pers,A:person-candidate,Other Tanakh
403331,1436595,511856,1 Chronicles,23,27,לוי,nmpr,"pers,gens",F:unclassified-name,Other Tanakh
403344,1436596,511857,1 Chronicles,23,28,אהרן,nmpr,pers,A:person-candidate,Other Tanakh
403348,1436596,511857,1 Chronicles,23,28,יהוה,nmpr,pers,E:YHWH,Other Tanakh
403367,1436596,511858,1 Chronicles,23,28,אלהים,subs,,D:Elohim,Other Tanakh
403412,1436598,511862,1 Chronicles,23,30,יהוה,nmpr,pers,E:YHWH,Other Tanakh
403424,1436599,511865,1 Chronicles,23,31,יהוה,nmpr,pers,E:YHWH,Other Tanakh
403443,1436599,511865,1 Chronicles,23,31,יהוה,nmpr,pers,E:YHWH,Other Tanakh
403458,1436600,511866,1 Chronicles,23,32,אהרן,nmpr,pers,A:person-candidate,Other Tanakh
403463,1436600,511866,1 Chronicles,23,32,יהוה,nmpr,pers,E:YHWH,Other Tanakh
403467,1436601,511867,1 Chronicles,24,1,אהרן,nmpr,pers,A:person-candidate,Other Tanakh
403470,1436601,511868,1 Chronicles,24,1,אהרן,nmpr,pers,A:person-candidate,Other Tanakh
403471,1436601,511868,1 Chronicles,24,1,נדב,nmpr,pers,A:person-candidate,Other Tanakh
403473,1436601,511868,1 Chronicles,24,1,אביהוא,nmpr,pers,A:person-candidate,Other Tanakh
403474,1436601,511868,1 Chronicles,24,1,אלעזר,nmpr,pers,A:person-candidate,Other Tanakh
403476,1436601,511868,1 Chronicles,24,1,איתמר,nmpr,pers,A:person-candidate,Other Tanakh
403479,1436602,511869,1 Chronicles,24,2,נדב,nmpr,pers,A:person-candidate,Other Tanakh
403481,1436602,511869,1 Chronicles,24,2,אביהוא,nmpr,pers,A:person-candidate,Other Tanakh
403492,1436602,511871,1 Chronicles,24,2,אלעזר,nmpr,pers,A:person-candidate,Other Tanakh
403494,1436602,511871,1 Chronicles,24,2,איתמר,nmpr,pers,A:person-candidate,Other Tanakh
403497,1436603,511872,1 Chronicles,24,3,דוד,nmpr,pers,A:person-candidate,Other Tanakh
403499,1436603,511873,1 Chronicles,24,3,צדוק,nmpr,pers,A:person-candidate,Other Tanakh
403502,1436603,511873,1 Chronicles,24,3,אלעזר,nmpr,pers,A:person-candidate,Other Tanakh
403504,1436603,511873,1 Chronicles,24,3,אחימלך,nmpr,pers,A:person-candidate,Other Tanakh
403507,1436603,511873,1 Chronicles,24,3,איתמר,nmpr,pers,A:person-candidate,Other Tanakh
403515,1436604,511874,1 Chronicles,24,4,אלעזר,nmpr,pers,A:person-candidate,Other Tanakh
403523,1436604,511875,1 Chronicles,24,4,איתמר,nmpr,pers,A:person-candidate,Other Tanakh
403528,1436604,511877,1 Chronicles,24,4,אלעזר,nmpr,pers,A:person-candidate,Other Tanakh
403538,1436604,511878,1 Chronicles,24,4,איתמר,nmpr,pers,A:person-candidate,Other Tanakh
403557,1436605,511881,1 Chronicles,24,5,אלהים,subs,,D:Elohim,Other Tanakh
403560,1436605,511881,1 Chronicles,24,5,אלעזר,nmpr,pers,A:person-candidate,Other Tanakh
403564,1436605,511881,1 Chronicles,24,5,איתמר,nmpr,pers,A:person-candidate,Other Tanakh
403567,1436606,511882,1 Chronicles,24,6,שמעיה,nmpr,pers,A:person-candidate,Other Tanakh
403569,1436606,511882,1 Chronicles,24,6,נתנאל,nmpr,pers,A:person-candidate,Other Tanakh
403578,1436606,511882,1 Chronicles,24,6,מלך,subs,,B:deity-candidate,Other Tanakh
403583,1436606,511882,1 Chronicles,24,6,צדוק,nmpr,pers,A:person-candidate,Other Tanakh
403587,1436606,511882,1 Chronicles,24,6,אחימלך,nmpr,pers,A:person-candidate,Other Tanakh
403589,1436606,511882,1 Chronicles,24,6,אביתר,nmpr,pers,A:person-candidate,Other Tanakh
403606,1436606,511883,1 Chronicles,24,6,אלעזר,nmpr,pers,A:person-candidate,Other Tanakh
403611,1436606,511884,1 Chronicles,24,6,איתמר,nmpr,pers,A:person-candidate,Other Tanakh
403619,1436607,511885,1 Chronicles,24,7,יהויריב,nmpr,pers,A:person-candidate,Other Tanakh
403621,1436607,511886,1 Chronicles,24,7,ידעיה,nmpr,pers,A:person-candidate,Other Tanakh
403625,1436608,511887,1 Chronicles,24,8,חרם,nmpr,pers,A:person-candidate,Other Tanakh
403629,1436608,511888,1 Chronicles,24,8,שערים,nmpr,pers,A:person-candidate,Other Tanakh
403633,1436609,511889,1 Chronicles,24,9,מלכיה,nmpr,pers,A:person-candidate,Other Tanakh
403637,1436609,511890,1 Chronicles,24,9,מימן,nmpr,pers,A:person-candidate,Other Tanakh
403642,1436610,511891,1 Chronicles,24,10,קוץ,nmpr,pers,A:person-candidate,Other Tanakh
403646,1436610,511892,1 Chronicles,24,10,אביה,nmpr,pers,A:person-candidate,Other Tanakh
403650,1436611,511893,1 Chronicles,24,11,ישוע,nmpr,pers,A:person-candidate,Other Tanakh
403654,1436611,511894,1 Chronicles,24,11,שכניהו,nmpr,pers,A:person-candidate,Other Tanakh
403658,1436612,511895,1 Chronicles,24,12,אלישיב,nmpr,pers,A:person-candidate,Other Tanakh
403662,1436612,511896,1 Chronicles,24,12,יקים,nmpr,pers,A:person-candidate,Other Tanakh
403666,1436613,511897,1 Chronicles,24,13,חפה,nmpr,pers,A:person-candidate,Other Tanakh
403670,1436613,511898,1 Chronicles,24,13,ישבאב,nmpr,pers,A:person-candidate,Other Tanakh
403674,1436614,511899,1 Chronicles,24,14,בלגה,nmpr,pers,A:person-candidate,Other Tanakh
403678,1436614,511900,1 Chronicles,24,14,אמר,nmpr,pers,A:person-candidate,Other Tanakh
403682,1436615,511901,1 Chronicles,24,15,חזיר,nmpr,pers,A:person-candidate,Other Tanakh
403686,1436615,511902,1 Chronicles,24,15,הפצץ,nmpr,pers,A:person-candidate,Other Tanakh
403690,1436616,511903,1 Chronicles,24,16,פתחיה,nmpr,pers,A:person-candidate,Other Tanakh
403694,1436616,511904,1 Chronicles,24,16,יחזקאל,nmpr,pers,A:person-candidate,Other Tanakh
403698,1436617,511905,1 Chronicles,24,17,יכין,nmpr,pers,A:person-candidate,Other Tanakh
403703,1436617,511906,1 Chronicles,24,17,גמול,nmpr,pers,A:person-candidate,Other Tanakh
403708,1436618,511907,1 Chronicles,24,18,דליהו,nmpr,pers,A:person-candidate,Other Tanakh
403713,1436618,511908,1 Chronicles,24,18,מעזיהו,nmpr,pers,A:person-candidate,Other Tanakh
403725,1436619,511910,1 Chronicles,24,19,יהוה,nmpr,pers,E:YHWH,Other Tanakh
403730,1436619,511910,1 Chronicles,24,19,אהרן,nmpr,pers,A:person-candidate,Other Tanakh
403735,1436619,511911,1 Chronicles,24,19,יהוה,nmpr,pers,E:YHWH,Other Tanakh
403736,1436619,511911,1 Chronicles,24,19,אלהים,subs,,D:Elohim,Other Tanakh
403737,1436619,511911,1 Chronicles,24,19,ישראל,nmpr,"pers,gens,topo",F:unclassified-name,Other Tanakh
403741,1436620,511912,1 Chronicles,24,20,לוי,nmpr,"pers,gens",F:unclassified-name,Other Tanakh
403746,1436620,511914,1 Chronicles,24,20,עמרם,nmpr,pers,A:person-candidate,Other Tanakh
403747,1436620,511914,1 Chronicles,24,20,שובאל,nmpr,pers,A:person-candidate,Other Tanakh
403750,1436620,511915,1 Chronicles,24,20,שובאל,nmpr,pers,A:person-candidate,Other Tanakh
403751,1436620,511915,1 Chronicles,24,20,יחדיהו,nmpr,pers,A:person-candidate,Other Tanakh
403753,1436621,511916,1 Chronicles,24,21,רחביהו,nmpr,pers,A:person-candidate,Other Tanakh
403756,1436621,511916,1 Chronicles,24,21,רחביהו,nmpr,pers,A:person-candidate,Other Tanakh
403759,1436621,511917,1 Chronicles,24,21,ישיה,nmpr,pers,A:person-candidate,Other Tanakh
403763,1436622,511918,1 Chronicles,24,22,שלמות,nmpr,pers,A:person-candidate,Other Tanakh
403766,1436622,511919,1 Chronicles,24,22,שלמות,nmpr,pers,A:person-candidate,Other Tanakh
403767,1436622,511919,1 Chronicles,24,22,יחת,nmpr,pers,A:person-candidate,Other Tanakh
403770,1436623,511920,1 Chronicles,24,23,יריהו,nmpr,pers,A:person-candidate,Other Tanakh
403771,1436623,511921,1 Chronicles,24,23,אמריהו,nmpr,pers,A:person-candidate,Other Tanakh
403774,1436623,511922,1 Chronicles,24,23,יחזיאל,nmpr,pers,A:person-candidate,Other Tanakh
403777,1436623,511923,1 Chronicles,24,23,יקמעם,nmpr,pers,A:person-candidate,Other Tanakh
403781,1436624,511924,1 Chronicles,24,24,עזיאל,nmpr,pers,A:person-candidate,Other Tanakh
403782,1436624,511924,1 Chronicles,24,24,מיכה,nmpr,pers,A:person-candidate,Other Tanakh
403785,1436624,511925,1 Chronicles,24,24,מיכה,nmpr,pers,A:person-candidate,Other Tanakh
403786,1436624,511925,1 Chronicles,24,24,שמיר,nmpr,pers,A:person-candidate,Other Tanakh
403788,1436625,511926,1 Chronicles,24,25,מיכה,nmpr,pers,A:person-candidate,Other Tanakh
403789,1436625,511926,1 Chronicles,24,25,ישיה,nmpr,pers,A:person-candidate,Other Tanakh
403792,1436625,511927,1 Chronicles,24,25,ישיה,nmpr,pers,A:person-candidate,Other Tanakh
403793,1436625,511927,1 Chronicles,24,25,זכריהו,nmpr,pers,A:person-candidate,Other Tanakh
403795,1436626,511928,1 Chronicles,24,26,מררי,nmpr,pers,A:person-candidate,Other Tanakh
403796,1436626,511928,1 Chronicles,24,26,מחלי,nmpr,pers,A:person-candidate,Other Tanakh
403798,1436626,511928,1 Chronicles,24,26,מושי,nmpr,pers,A:person-candidate,Other Tanakh
403800,1436626,511929,1 Chronicles,24,26,יעזיהו,nmpr,pers,A:person-candidate,Other Tanakh
403803,1436627,511930,1 Chronicles,24,27,מררי,nmpr,pers,A:person-candidate,Other Tanakh
403805,1436627,511930,1 Chronicles,24,27,יעזיהו,nmpr,pers,A:person-candidate,Other Tanakh
403808,1436627,511931,1 Chronicles,24,27,שהם,nmpr,pers,A:person-candidate,Other Tanakh
403810,1436627,511931,1 Chronicles,24,27,זכור,nmpr,gens,F:unclassified-name,Other Tanakh
403812,1436627,511931,1 Chronicles,24,27,עברי,nmpr,pers,A:person-candidate,Other Tanakh
403814,1436628,511932,1 Chronicles,24,28,מחלי,nmpr,pers,A:person-candidate,Other Tanakh
403815,1436628,511932,1 Chronicles,24,28,אלעזר,nmpr,pers,A:person-candidate,Other Tanakh
403822,1436629,511934,1 Chronicles,24,29,קיש,nmpr,pers,A:person-candidate,Other Tanakh
403824,1436629,511935,1 Chronicles,24,29,קיש,nmpr,pers,A:person-candidate,Other Tanakh
403825,1436629,511935,1 Chronicles,24,29,ירחמאל,nmpr,pers,A:person-candidate,Other Tanakh
403828,1436630,511936,1 Chronicles,24,30,מושי,nmpr,pers,A:person-candidate,Other Tanakh
403829,1436630,511936,1 Chronicles,24,30,מחלי,nmpr,pers,A:person-candidate,Other Tanakh
403831,1436630,511936,1 Chronicles,24,30,עדר,nmpr,pers,A:person-candidate,Other Tanakh
403833,1436630,511936,1 Chronicles,24,30,ירימות,nmpr,pers,A:person-candidate,Other Tanakh
403850,1436631,511938,1 Chronicles,24,31,אהרן,nmpr,pers,A:person-candidate,Other Tanakh
403853,1436631,511938,1 Chronicles,24,31,דוד,nmpr,pers,A:person-candidate,Other Tanakh
403855,1436631,511938,1 Chronicles,24,31,מלך,subs,,B:deity-candidate,Other Tanakh
403857,1436631,511938,1 Chronicles,24,31,צדוק,nmpr,pers,A:person-candidate,Other Tanakh
403859,1436631,511938,1 Chronicles,24,31,אחימלך,nmpr,pers,A:person-candidate,Other Tanakh
403881,1436632,511940,1 Chronicles,25,1,דוד,nmpr,pers,A:person-candidate,Other Tanakh
403890,1436632,511940,1 Chronicles,25,1,אסף,nmpr,pers,A:person-candidate,Other Tanakh
403892,1436632,511940,1 Chronicles,25,1,הימן,nmpr,pers,A:person-candidate,Other Tanakh
403894,1436632,511940,1 Chronicles,25,1,ידותון,nmpr,pers,A:person-candidate,Other Tanakh
403913,1436633,511943,1 Chronicles,25,2,אסף,nmpr,pers,A:person-candidate,Other Tanakh
403914,1436633,511943,1 Chronicles,25,2,זכור,nmpr,gens,F:unclassified-name,Other Tanakh
403916,1436633,511943,1 Chronicles,25,2,יוסף,nmpr,pers,A:person-candidate,Other Tanakh
403918,1436633,511943,1 Chronicles,25,2,נתניה,nmpr,pers,A:person-candidate,Other Tanakh
403920,1436633,511943,1 Chronicles,25,2,אשראלה,nmpr,pers,A:person-candidate,Other Tanakh
403922,1436633,511944,1 Chronicles,25,2,אסף,nmpr,pers,A:person-candidate,Other Tanakh
403925,1436633,511944,1 Chronicles,25,2,אסף,nmpr,pers,A:person-candidate,Other Tanakh
403931,1436633,511945,1 Chronicles,25,2,מלך,subs,,B:deity-candidate,Other Tanakh
403933,1436634,511946,1 Chronicles,25,3,ידותון,nmpr,pers,A:person-candidate,Other Tanakh
403935,1436634,511947,1 Chronicles,25,3,ידותון,nmpr,pers,A:person-candidate,Other Tanakh
403936,1436634,511947,1 Chronicles,25,3,גדליהו,nmpr,pers,A:person-candidate,Other Tanakh
403938,1436634,511947,1 Chronicles,25,3,צרי,nmpr,pers,A:person-candidate,Other Tanakh
403940,1436634,511947,1 Chronicles,25,3,ישעיהו,nmpr,pers,A:person-candidate,Other Tanakh
403941,1436634,511947,1 Chronicles,25,3,חשביהו,nmpr,pers,A:person-candidate,Other Tanakh
403943,1436634,511947,1 Chronicles,25,3,מתתיהו,nmpr,pers,A:person-candidate,Other Tanakh
403948,1436634,511948,1 Chronicles,25,3,ידותון,nmpr,pers,A:person-candidate,Other Tanakh
403959,1436634,511951,1 Chronicles,25,3,יהוה,nmpr,pers,E:YHWH,Other Tanakh
403961,1436635,511952,1 Chronicles,25,4,הימן,nmpr,pers,A:person-candidate,Other Tanakh
403963,1436635,511953,1 Chronicles,25,4,הימן,nmpr,pers,A:person-candidate,Other Tanakh
403964,1436635,511953,1 Chronicles,25,4,בקיהו,nmpr,pers,A:person-candidate,Other Tanakh
403965,1436635,511953,1 Chronicles,25,4,מתניהו,nmpr,pers,A:person-candidate,Other Tanakh
403966,1436635,511953,1 Chronicles,25,4,עזיאל,nmpr,pers,A:person-candidate,Other Tanakh
403967,1436635,511953,1 Chronicles,25,4,שבואל,nmpr,pers,A:person-candidate,Other Tanakh
403969,1436635,511953,1 Chronicles,25,4,ירימות,nmpr,pers,A:person-candidate,Other Tanakh
403970,1436635,511953,1 Chronicles,25,4,חנניה,nmpr,pers,A:person-candidate,Other Tanakh
403971,1436635,511953,1 Chronicles,25,4,חנני,nmpr,pers,A:person-candidate,Other Tanakh
403972,1436635,511953,1 Chronicles,25,4,אליאתה,nmpr,pers,A:person-candidate,Other Tanakh
403973,1436635,511953,1 Chronicles,25,4,גדלתי,nmpr,pers,A:person-candidate,Other Tanakh
403975,1436635,511953,1 Chronicles,25,4,רממתי עזר,nmpr,pers,A:person-candidate,Other Tanakh
403976,1436635,511953,1 Chronicles,25,4,ישבקשה,nmpr,pers,A:person-candidate,Other Tanakh
403977,1436635,511953,1 Chronicles,25,4,מלותי,nmpr,pers,A:person-candidate,Other Tanakh
403978,1436635,511953,1 Chronicles,25,4,הותיר,nmpr,pers,A:person-candidate,Other Tanakh
403979,1436635,511953,1 Chronicles,25,4,מחזיאות,nmpr,pers,A:person-candidate,Other Tanakh
403984,1436636,511954,1 Chronicles,25,5,הימן,nmpr,pers,A:person-candidate,Other Tanakh
403987,1436636,511954,1 Chronicles,25,5,מלך,subs,,B:deity-candidate,Other Tanakh
403991,1436636,511954,1 Chronicles,25,5,אלהים,subs,,D:Elohim,Other Tanakh
403998,1436636,511956,1 Chronicles,25,5,אלהים,subs,,D:Elohim,Other Tanakh
404000,1436636,511956,1 Chronicles,25,5,הימן,nmpr,pers,A:person-candidate,Other Tanakh
404016,1436637,511957,1 Chronicles,25,6,יהוה,nmpr,pers,E:YHWH,Other Tanakh
404026,1436637,511957,1 Chronicles,25,6,אלהים,subs,,D:Elohim,Other Tanakh
404030,1436637,511957,1 Chronicles,25,6,מלך,subs,,B:deity-candidate,Other Tanakh
404031,1436637,511957,1 Chronicles,25,6,אסף,nmpr,pers,A:person-candidate,Other Tanakh
404033,1436637,511957,1 Chronicles,25,6,ידותון,nmpr,pers,A:person-candidate,Other Tanakh
404035,1436637,511957,1 Chronicles,25,6,הימן,nmpr,pers,A:person-candidate,Other Tanakh
404044,1436638,511958,1 Chronicles,25,7,יהוה,nmpr,pers,E:YHWH,Other Tanakh
404074,1436640,511962,1 Chronicles,25,9,אסף,nmpr,pers,A:person-candidate,Other Tanakh
404076,1436640,511962,1 Chronicles,25,9,יוסף,nmpr,pers,A:person-candidate,Other Tanakh
404077,1436640,511963,1 Chronicles,25,9,גדליהו,nmpr,pers,A:person-candidate,Other Tanakh
404089,1436641,511965,1 Chronicles,25,10,זכור,nmpr,gens,F:unclassified-name,Other Tanakh
404107,1436643,511969,1 Chronicles,25,12,נתניהו,nmpr,pers,A:person-candidate,Other Tanakh
404115,1436644,511971,1 Chronicles,25,13,בקיהו,nmpr,pers,A:person-candidate,Other Tanakh
404123,1436645,511973,1 Chronicles,25,14,ישראלה,nmpr,pers,A:person-candidate,Other Tanakh
404131,1436646,511975,1 Chronicles,25,15,ישעיהו,nmpr,pers,A:person-candidate,Other Tanakh
404139,1436647,511977,1 Chronicles,25,16,מתניהו,nmpr,pers,A:person-candidate,Other Tanakh
404147,1436648,511979,1 Chronicles,25,17,שמעי,nmpr,pers,A:person-candidate,Other Tanakh
404155,1436649,511981,1 Chronicles,25,18,עזראל,nmpr,pers,A:person-candidate,Other Tanakh
404165,1436650,511983,1 Chronicles,25,19,חשביה,nmpr,pers,A:person-candidate,Other Tanakh
404174,1436651,511985,1 Chronicles,25,20,שובאל,nmpr,pers,A:person-candidate,Other Tanakh
404183,1436652,511987,1 Chronicles,25,21,מתתיהו,nmpr,pers,A:person-candidate,Other Tanakh
404193,1436653,511989,1 Chronicles,25,22,ירמות,nmpr,pers,A:person-candidate,Other Tanakh
404203,1436654,511991,1 Chronicles,25,23,חנניהו,nmpr,pers,A:person-candidate,Other Tanakh
404213,1436655,511993,1 Chronicles,25,24,ישבקשה,nmpr,pers,A:person-candidate,Other Tanakh
404223,1436656,511995,1 Chronicles,25,25,חנני,nmpr,pers,A:person-candidate,Other Tanakh
404233,1436657,511997,1 Chronicles,25,26,מלותי,nmpr,pers,A:person-candidate,Other Tanakh
404242,1436658,511999,1 Chronicles,25,27,אליתה,nmpr,pers,A:person-candidate,Other Tanakh
404253,1436659,512001,1 Chronicles,25,28,הותיר,nmpr,pers,A:person-candidate,Other Tanakh
404264,1436660,512003,1 Chronicles,25,29,גדלתי,nmpr,pers,A:person-candidate,Other Tanakh
404275,1436661,512005,1 Chronicles,25,30,מחזיאות,nmpr,pers,A:person-candidate,Other Tanakh
404286,1436662,512007,1 Chronicles,25,31,רממתי עזר,nmpr,pers,A:person-candidate,Other Tanakh
404299,1436663,512010,1 Chronicles,26,1,משלמיהו,nmpr,pers,A:person-candidate,Other Tanakh
404301,1436663,512010,1 Chronicles,26,1,קורא,nmpr,pers,A:person-candidate,Other Tanakh
404304,1436663,512010,1 Chronicles,26,1,אסף,nmpr,pers,A:person-candidate,Other Tanakh
404307,1436664,512011,1 Chronicles,26,2,משלמיהו,nmpr,pers,A:person-candidate,Other Tanakh
404309,1436664,512012,1 Chronicles,26,2,זכריהו,nmpr,pers,A:person-candidate,Other Tanakh
404312,1436664,512013,1 Chronicles,26,2,ידיעאל,nmpr,pers,A:person-candidate,Other Tanakh
404315,1436664,512014,1 Chronicles,26,2,זבדיהו,nmpr,pers,A:person-candidate,Other Tanakh
404318,1436664,512015,1 Chronicles,26,2,יתניאל,nmpr,pers,A:person-candidate,Other Tanakh
404321,1436665,512016,1 Chronicles,26,3,עילם,nmpr,"pers,gens,topo",F:unclassified-name,Other Tanakh
404324,1436665,512017,1 Chronicles,26,3,יהוחנן,nmpr,pers,A:person-candidate,Other Tanakh
404327,1436665,512018,1 Chronicles,26,3,אליהועיני,nmpr,pers,A:person-candidate,Other Tanakh
404332,1436666,512019,1 Chronicles,26,4,עבד אדום,nmpr,pers,A:person-candidate,Other Tanakh
404334,1436666,512020,1 Chronicles,26,4,שמעיה,nmpr,pers,A:person-candidate,Other Tanakh
404337,1436666,512021,1 Chronicles,26,4,יהוזבד,nmpr,pers,A:person-candidate,Other Tanakh
404340,1436666,512022,1 Chronicles,26,4,יואח,nmpr,pers,A:person-candidate,Other Tanakh
404344,1436666,512023,1 Chronicles,26,4,שכר,nmpr,pers,A:person-candidate,Other Tanakh
404348,1436666,512024,1 Chronicles,26,4,נתנאל,nmpr,pers,A:person-candidate,Other Tanakh
404351,1436667,512025,1 Chronicles,26,5,עמיאל,nmpr,pers,A:person-candidate,Other Tanakh
404354,1436667,512026,1 Chronicles,26,5,יששכר,nmpr,"pers,gens,topo",F:unclassified-name,Other Tanakh
404357,1436667,512027,1 Chronicles,26,5,פעלתי,nmpr,pers,A:person-candidate,Other Tanakh
404362,1436667,512028,1 Chronicles,26,5,אלהים,subs,,D:Elohim,Other Tanakh
404365,1436668,512029,1 Chronicles,26,6,שמעיה,nmpr,pers,A:person-candidate,Other Tanakh
404379,1436669,512031,1 Chronicles,26,7,שמעיה,nmpr,pers,A:person-candidate,Other Tanakh
404380,1436669,512031,1 Chronicles,26,7,עתני,nmpr,pers,A:person-candidate,Other Tanakh
404382,1436669,512031,1 Chronicles,26,7,רפאל,nmpr,pers,A:person-candidate,Other Tanakh
404384,1436669,512031,1 Chronicles,26,7,עובד,nmpr,pers,A:person-candidate,Other Tanakh
404385,1436669,512031,1 Chronicles,26,7,אלזבד,nmpr,pers,A:person-candidate,Other Tanakh
404389,1436669,512033,1 Chronicles,26,7,אליהו,nmpr,pers,A:person-candidate,Other Tanakh
404391,1436669,512033,1 Chronicles,26,7,סמכיהו,nmpr,pers,A:person-candidate,Other Tanakh
404396,1436670,512034,1 Chronicles,26,8,עבד אדום,nmpr,pers,A:person-candidate,Other Tanakh
404413,1436670,512034,1 Chronicles,26,8,עבד אדום,nmpr,pers,A:person-candidate,Other Tanakh
404416,1436671,512036,1 Chronicles,26,9,משלמיהו,nmpr,pers,A:person-candidate,Other Tanakh
404426,1436672,512037,1 Chronicles,26,10,חסה,nmpr,pers,A:person-candidate,Other Tanakh
404429,1436672,512037,1 Chronicles,26,10,מררי,nmpr,pers,A:person-candidate,Other Tanakh
404431,1436672,512038,1 Chronicles,26,10,שמרי,nmpr,pers,A:person-candidate,Other Tanakh
404443,1436673,512041,1 Chronicles,26,11,חלקיהו,nmpr,pers,A:person-candidate,Other Tanakh
404446,1436673,512042,1 Chronicles,26,11,טבליהו,nmpr,pers,A:person-candidate,Other Tanakh
404449,1436673,512043,1 Chronicles,26,11,זכריהו,nmpr,pers,A:person-candidate,Other Tanakh
404457,1436673,512044,1 Chronicles,26,11,חסה,nmpr,pers,A:person-candidate,Other Tanakh
404477,1436674,512046,1 Chronicles,26,12,יהוה,nmpr,pers,E:YHWH,Other Tanakh
404500,1436676,512048,1 Chronicles,26,14,שלמיהו,nmpr,pers,A:person-candidate,Other Tanakh
404502,1436676,512049,1 Chronicles,26,14,זכריהו,nmpr,pers,A:person-candidate,Other Tanakh
404514,1436677,512052,1 Chronicles,26,15,עבד אדום,nmpr,pers,A:person-candidate,Other Tanakh
404523,1436678,512054,1 Chronicles,26,16,שפים,nmpr,pers,A:person-candidate,Other Tanakh
404526,1436678,512054,1 Chronicles,26,16,חסה,nmpr,pers,A:person-candidate,Other Tanakh
404532,1436678,512054,1 Chronicles,26,16,שלכת,nmpr,topo,F:unclassified-name,Other Tanakh
404593,1436681,512063,1 Chronicles,26,19,מררי,nmpr,pers,A:person-candidate,Other Tanakh
404597,1436682,512065,1 Chronicles,26,20,אחיה,nmpr,pers,A:person-candidate,Other Tanakh
404602,1436682,512065,1 Chronicles,26,20,אלהים,subs,,D:Elohim,Other Tanakh
404609,1436683,512066,1 Chronicles,26,21,לעדן,nmpr,pers,A:person-candidate,Other Tanakh
404614,1436683,512067,1 Chronicles,26,21,לעדן,nmpr,pers,A:person-candidate,Other Tanakh
404619,1436683,512067,1 Chronicles,26,21,לעדן,nmpr,pers,A:person-candidate,Other Tanakh
404625,1436684,512070,1 Chronicles,26,22,זתם,nmpr,pers,A:person-candidate,Other Tanakh
404627,1436684,512070,1 Chronicles,26,22,יואל,nmpr,pers,A:person-candidate,Other Tanakh
404632,1436684,512070,1 Chronicles,26,22,יהוה,nmpr,pers,E:YHWH,Other Tanakh
404646,1436686,512072,1 Chronicles,26,24,שבואל,nmpr,pers,A:person-candidate,Other Tanakh
404648,1436686,512072,1 Chronicles,26,24,גרשם,nmpr,pers,A:person-candidate,Other Tanakh
404650,1436686,512072,1 Chronicles,26,24,משה,nmpr,pers,A:person-candidate,Other Tanakh
404658,1436687,512073,1 Chronicles,26,25,אליעזר,nmpr,pers,A:person-candidate,Other Tanakh
404659,1436687,512073,1 Chronicles,26,25,רחביהו,nmpr,pers,A:person-candidate,Other Tanakh
404662,1436687,512073,1 Chronicles,26,25,ישעיהו,nmpr,pers,A:person-candidate,Other Tanakh
404665,1436687,512073,1 Chronicles,26,25,יורם,nmpr,pers,A:person-candidate,Other Tanakh
404668,1436687,512073,1 Chronicles,26,25,זכרי,nmpr,pers,A:person-candidate,Other Tanakh
404671,1436687,512073,1 Chronicles,26,25,שלמית,nmpr,pers,A:person-candidate,Other Tanakh
404674,1436688,512074,1 Chronicles,26,26,שלמות,nmpr,pers,A:person-candidate,Other Tanakh
404684,1436688,512075,1 Chronicles,26,26,דוד,nmpr,pers,A:person-candidate,Other Tanakh
404686,1436688,512075,1 Chronicles,26,26,מלך,subs,,B:deity-candidate,Other Tanakh
404714,1436689,512077,1 Chronicles,26,27,יהוה,nmpr,pers,E:YHWH,Other Tanakh
404719,1436690,512079,1 Chronicles,26,28,שמואל,nmpr,pers,A:person-candidate,Other Tanakh
404723,1436690,512079,1 Chronicles,26,28,שאול,nmpr,pers,A:person-candidate,Other Tanakh
404725,1436690,512079,1 Chronicles,26,28,קיש,nmpr,pers,A:person-candidate,Other Tanakh
404727,1436690,512079,1 Chronicles,26,28,אבנר,nmpr,pers,A:person-candidate,Other Tanakh
404729,1436690,512079,1 Chronicles,26,28,נר,nmpr,pers,A:person-candidate,Other Tanakh
404731,1436690,512079,1 Chronicles,26,28,יואב,nmpr,pers,A:person-candidate,Other Tanakh
404733,1436690,512079,1 Chronicles,26,28,צרויה,nmpr,pers,A:person-candidate,Other Tanakh
404739,1436690,512078,1 Chronicles,26,28,שלמית,nmpr,pers,A:person-candidate,Other Tanakh
404745,1436691,512082,1 Chronicles,26,29,כנניהו,nmpr,pers,A:person-candidate,Other Tanakh
404754,1436691,512082,1 Chronicles,26,29,ישראל,nmpr,"pers,gens,topo",F:unclassified-name,Other Tanakh
404763,1436692,512084,1 Chronicles,26,30,חשביהו,nmpr,pers,A:person-candidate,Other Tanakh
404774,1436692,512084,1 Chronicles,26,30,ישראל,nmpr,"pers,gens,topo",F:unclassified-name,Other Tanakh
404779,1436692,512084,1 Chronicles,26,30,ירדן,nmpr,topo,F:unclassified-name,Other Tanakh
404784,1436692,512084,1 Chronicles,26,30,יהוה,nmpr,pers,E:YHWH,Other Tanakh
404789,1436692,512084,1 Chronicles,26,30,מלך,subs,,B:deity-candidate,Other Tanakh
404793,1436693,512086,1 Chronicles,26,31,יריה,nmpr,pers,A:person-candidate,Other Tanakh
404809,1436693,512087,1 Chronicles,26,31,דוד,nmpr,pers,A:person-candidate,Other Tanakh
404817,1436693,512088,1 Chronicles,26,31,יעזר,nmpr,topo,F:unclassified-name,Other Tanakh
404818,1436693,512088,1 Chronicles,26,31,גלעד,nmpr,topo,F:unclassified-name,Other Tanakh
404832,1436694,512090,1 Chronicles,26,32,דוד,nmpr,pers,A:person-candidate,Other Tanakh
404834,1436694,512090,1 Chronicles,26,32,מלך,subs,,B:deity-candidate,Other Tanakh
404850,1436694,512090,1 Chronicles,26,32,אלהים,subs,,D:Elohim,Other Tanakh
404854,1436694,512090,1 Chronicles,26,32,מלך,subs,,B:deity-candidate,Other Tanakh
404857,1436695,512091,1 Chronicles,27,1,ישראל,nmpr,"pers,gens,topo",F:unclassified-name,Other Tanakh
404876,1436695,512092,1 Chronicles,27,1,מלך,subs,,B:deity-candidate,Other Tanakh
404913,1436696,512096,1 Chronicles,27,2,ישבעם,nmpr,pers,A:person-candidate,Other Tanakh
404915,1436696,512096,1 Chronicles,27,2,זבדיאל,nmpr,pers,A:person-candidate,Other Tanakh
404925,1436697,512098,1 Chronicles,27,3,פרץ,nmpr,pers,A:person-candidate,Other Tanakh
404945,1436698,512099,1 Chronicles,27,4,דודי,nmpr,pers,A:person-candidate,Other Tanakh
404951,1436698,512100,1 Chronicles,27,4,מקלות,nmpr,pers,A:person-candidate,Other Tanakh
404971,1436699,512102,1 Chronicles,27,5,בניהו,nmpr,pers,A:person-candidate,Other Tanakh
404973,1436699,512102,1 Chronicles,27,5,יהוידע,nmpr,pers,A:person-candidate,Other Tanakh
404985,1436700,512104,1 Chronicles,27,6,בניהו,nmpr,pers,A:person-candidate,Other Tanakh
404995,1436700,512106,1 Chronicles,27,6,עמיזבד,nmpr,pers,A:person-candidate,Other Tanakh
405004,1436701,512107,1 Chronicles,27,7,עשהאל,nmpr,pers,A:person-candidate,Other Tanakh
405006,1436701,512107,1 Chronicles,27,7,יואב,nmpr,pers,A:person-candidate,Other Tanakh
405008,1436701,512108,1 Chronicles,27,7,זבדיה,nmpr,pers,A:person-candidate,Other Tanakh
405027,1436702,512110,1 Chronicles,27,8,שמהות,nmpr,pers,A:person-candidate,Other Tanakh
405044,1436703,512112,1 Chronicles,27,9,עירא,nmpr,pers,A:person-candidate,Other Tanakh
405046,1436703,512112,1 Chronicles,27,9,עקש,nmpr,pers,A:person-candidate,Other Tanakh
405063,1436704,512114,1 Chronicles,27,10,חלץ,nmpr,pers,A:person-candidate,Other Tanakh
405068,1436704,512114,1 Chronicles,27,10,אפרים,nmpr,"pers,gens,topo",F:unclassified-name,Other Tanakh
405083,1436705,512116,1 Chronicles,27,11,סבכי,nmpr,pers,A:person-candidate,Other Tanakh
405103,1436706,512118,1 Chronicles,27,12,אביעזר,nmpr,pers,A:person-candidate,Other Tanakh
405124,1436707,512120,1 Chronicles,27,13,מהרי,nmpr,pers,A:person-candidate,Other Tanakh
405144,1436708,512122,1 Chronicles,27,14,בניה,nmpr,pers,A:person-candidate,Other Tanakh
405149,1436708,512122,1 Chronicles,27,14,אפרים,nmpr,"pers,gens,topo",F:unclassified-name,Other Tanakh
405165,1436709,512124,1 Chronicles,27,15,חלדי,nmpr,pers,A:person-candidate,Other Tanakh
405169,1436709,512124,1 Chronicles,27,15,עתניאל,nmpr,pers,A:person-candidate,Other Tanakh
405180,1436710,512126,1 Chronicles,27,16,ישראל,nmpr,"pers,gens,topo",F:unclassified-name,Other Tanakh
405185,1436710,512127,1 Chronicles,27,16,אליעזר,nmpr,pers,A:person-candidate,Other Tanakh
405187,1436710,512127,1 Chronicles,27,16,זכרי,nmpr,pers,A:person-candidate,Other Tanakh
405191,1436710,512128,1 Chronicles,27,16,שפטיהו,nmpr,pers,A:person-candidate,Other Tanakh
405193,1436710,512128,1 Chronicles,27,16,מעכה,nmpr,pers,A:person-candidate,Other Tanakh
405195,1436711,512129,1 Chronicles,27,17,לוי,nmpr,"pers,gens",F:unclassified-name,Other Tanakh
405196,1436711,512129,1 Chronicles,27,17,חשביה,nmpr,pers,A:person-candidate,Other Tanakh
405198,1436711,512129,1 Chronicles,27,17,קמואל,nmpr,pers,A:person-candidate,Other Tanakh
405200,1436711,512130,1 Chronicles,27,17,אהרן,nmpr,pers,A:person-candidate,Other Tanakh
405201,1436711,512130,1 Chronicles,27,17,צדוק,nmpr,pers,A:person-candidate,Other Tanakh
405203,1436712,512131,1 Chronicles,27,18,יהודה,nmpr,"pers,gens,topo",F:unclassified-name,Other Tanakh
405204,1436712,512131,1 Chronicles,27,18,אליהו,nmpr,pers,A:person-candidate,Other Tanakh
405207,1436712,512131,1 Chronicles,27,18,דוד,nmpr,pers,A:person-candidate,Other Tanakh
405209,1436712,512132,1 Chronicles,27,18,יששכר,nmpr,"pers,gens,topo",F:unclassified-name,Other Tanakh
405210,1436712,512132,1 Chronicles,27,18,עמרי,nmpr,pers,A:person-candidate,Other Tanakh
405212,1436712,512132,1 Chronicles,27,18,מיכאל,nmpr,pers,A:person-candidate,Other Tanakh
405214,1436713,512133,1 Chronicles,27,19,זבולן,nmpr,"pers,gens,topo",F:unclassified-name,Other Tanakh
405215,1436713,512133,1 Chronicles,27,19,ישמעיהו,nmpr,pers,A:person-candidate,Other Tanakh
405217,1436713,512133,1 Chronicles,27,19,עבדיהו,nmpr,pers,A:person-candidate,Other Tanakh
405219,1436713,512134,1 Chronicles,27,19,נפתלי,nmpr,"pers,gens,topo",F:unclassified-name,Other Tanakh
405220,1436713,512134,1 Chronicles,27,19,ירימות,nmpr,pers,A:person-candidate,Other Tanakh
405222,1436713,512134,1 Chronicles,27,19,עזריאל,nmpr,pers,A:person-candidate,Other Tanakh
405225,1436714,512135,1 Chronicles,27,20,אפרים,nmpr,"pers,gens,topo",F:unclassified-name,Other Tanakh
405226,1436714,512135,1 Chronicles,27,20,הושע,nmpr,pers,A:person-candidate,Other Tanakh
405228,1436714,512135,1 Chronicles,27,20,עזזיהו,nmpr,pers,A:person-candidate,Other Tanakh
405232,1436714,512136,1 Chronicles,27,20,מנשה,nmpr,"pers,gens",F:unclassified-name,Other Tanakh
405233,1436714,512136,1 Chronicles,27,20,יואל,nmpr,pers,A:person-candidate,Other Tanakh
405235,1436714,512136,1 Chronicles,27,20,פדיהו,nmpr,pers,A:person-candidate,Other Tanakh
405239,1436715,512137,1 Chronicles,27,21,מנשה,nmpr,"pers,gens",F:unclassified-name,Other Tanakh
405240,1436715,512137,1 Chronicles,27,21,גלעד,nmpr,topo,F:unclassified-name,Other Tanakh
405241,1436715,512137,1 Chronicles,27,21,ידו,nmpr,pers,A:person-candidate,Other Tanakh
405243,1436715,512137,1 Chronicles,27,21,זכריהו,nmpr,pers,A:person-candidate,Other Tanakh
405245,1436715,512138,1 Chronicles,27,21,בנימן,nmpr,"pers,gens,topo",F:unclassified-name,Other Tanakh
405246,1436715,512138,1 Chronicles,27,21,יעשיאל,nmpr,pers,A:person-candidate,Other Tanakh
405248,1436715,512138,1 Chronicles,27,21,אבנר,nmpr,pers,A:person-candidate,Other Tanakh
405250,1436716,512139,1 Chronicles,27,22,דן,nmpr,"pers,gens,topo",F:unclassified-name,Other Tanakh
405251,1436716,512139,1 Chronicles,27,22,עזראל,nmpr,pers,A:person-candidate,Other Tanakh
405253,1436716,512139,1 Chronicles,27,22,ירחם,nmpr,pers,A:person-candidate,Other Tanakh
405257,1436716,512140,1 Chronicles,27,22,ישראל,nmpr,"pers,gens,topo",F:unclassified-name,Other Tanakh
405261,1436717,512141,1 Chronicles,27,23,דוד,nmpr,pers,A:person-candidate,Other Tanakh
405273,1436717,512142,1 Chronicles,27,23,יהוה,nmpr,pers,E:YHWH,Other Tanakh
405277,1436717,512143,1 Chronicles,27,23,ישראל,nmpr,"pers,gens,topo",F:unclassified-name,Other Tanakh
405282,1436718,512144,1 Chronicles,27,24,יואב,nmpr,pers,A:person-candidate,Other Tanakh
405284,1436718,512144,1 Chronicles,27,24,צרויה,nmpr,pers,A:person-candidate,Other Tanakh
405297,1436718,512148,1 Chronicles,27,24,ישראל,nmpr,"pers,gens,topo",F:unclassified-name,Other Tanakh
405310,1436718,512149,1 Chronicles,27,24,מלך,subs,,B:deity-candidate,Other Tanakh
405311,1436718,512149,1 Chronicles,27,24,דוד,nmpr,pers,A:person-candidate,Other Tanakh
405316,1436719,512150,1 Chronicles,27,25,מלך,subs,,B:deity-candidate,Other Tanakh
405317,1436719,512150,1 Chronicles,27,25,עזמות,nmpr,pers,A:person-candidate,Other Tanakh
405319,1436719,512150,1 Chronicles,27,25,עדיאל,nmpr,pers,A:person-candidate,Other Tanakh
405338,1436719,512151,1 Chronicles,27,25,יהונתן,nmpr,pers,A:person-candidate,Other Tanakh
405340,1436719,512151,1 Chronicles,27,25,עזיהו,nmpr,pers,A:person-candidate,Other Tanakh
405351,1436720,512152,1 Chronicles,27,26,עזרי,nmpr,pers,A:person-candidate,Other Tanakh
405353,1436720,512152,1 Chronicles,27,26,כלוב,nmpr,pers,A:person-candidate,Other Tanakh
405358,1436721,512153,1 Chronicles,27,27,שמעי,nmpr,pers,A:person-candidate,Other Tanakh
405371,1436721,512154,1 Chronicles,27,27,זבדי,nmpr,pers,A:person-candidate,Other Tanakh
405385,1436722,512156,1 Chronicles,27,28,בעל חנן,nmpr,pers,A:person-candidate,Other Tanakh
405393,1436722,512158,1 Chronicles,27,28,יועש,nmpr,pers,A:person-candidate,Other Tanakh
405402,1436723,512160,1 Chronicles,27,29,שרון,nmpr,topo,F:unclassified-name,Other Tanakh
405403,1436723,512159,1 Chronicles,27,29,שרטי,nmpr,pers,A:person-candidate,Other Tanakh
405413,1436723,512161,1 Chronicles,27,29,שפט,nmpr,pers,A:person-candidate,Other Tanakh
405415,1436723,512161,1 Chronicles,27,29,עדלי,nmpr,pers,A:person-candidate,Other Tanakh
405420,1436724,512162,1 Chronicles,27,30,אוביל,nmpr,pers,A:person-candidate,Other Tanakh
405427,1436724,512163,1 Chronicles,27,30,יחדיהו,nmpr,pers,A:person-candidate,Other Tanakh
405434,1436725,512164,1 Chronicles,27,31,יזיז,nmpr,pers,A:person-candidate,Other Tanakh
405445,1436725,512166,1 Chronicles,27,31,מלך,subs,,B:deity-candidate,Other Tanakh
405446,1436725,512166,1 Chronicles,27,31,דוד,nmpr,pers,A:person-candidate,Other Tanakh
405448,1436726,512167,1 Chronicles,27,32,יהונתן,nmpr,pers,A:person-candidate,Other Tanakh
405449,1436726,512167,1 Chronicles,27,32,דוד,subs,,A:person-candidate,Other Tanakh
405450,1436726,512167,1 Chronicles,27,32,דוד,nmpr,pers,A:person-candidate,Other Tanakh
405458,1436726,512169,1 Chronicles,27,32,יחיאל,nmpr,pers,A:person-candidate,Other Tanakh
405460,1436726,512169,1 Chronicles,27,32,חכמוני,nmpr,pers,A:person-candidate,Other Tanakh
405464,1436726,512169,1 Chronicles,27,32,מלך,subs,,B:deity-candidate,Other Tanakh
405466,1436727,512170,1 Chronicles,27,33,אחיתפל,nmpr,pers,A:person-candidate,Other Tanakh
405470,1436727,512170,1 Chronicles,27,33,מלך,subs,,B:deity-candidate,Other Tanakh
405472,1436727,512171,1 Chronicles,27,33,חושי,nmpr,pers,A:person-candidate,Other Tanakh
405477,1436727,512171,1 Chronicles,27,33,מלך,subs,,B:deity-candidate,Other Tanakh
405480,1436728,512172,1 Chronicles,27,34,אחיתפל,nmpr,pers,A:person-candidate,Other Tanakh
405481,1436728,512172,1 Chronicles,27,34,יהוידע,nmpr,pers,A:person-candidate,Other Tanakh
405483,1436728,512172,1 Chronicles,27,34,בניהו,nmpr,pers,A:person-candidate,Other Tanakh
405485,1436728,512172,1 Chronicles,27,34,אביתר,nmpr,pers,A:person-candidate,Other Tanakh
405491,1436728,512173,1 Chronicles,27,34,מלך,subs,,B:deity-candidate,Other Tanakh
405492,1436728,512173,1 Chronicles,27,34,יואב,nmpr,pers,A:person-candidate,Other Tanakh
405495,1436729,512174,1 Chronicles,28,1,דוד,nmpr,pers,A:person-candidate,Other Tanakh
405499,1436729,512174,1 Chronicles,28,1,ישראל,nmpr,"pers,gens,topo",F:unclassified-name,Other Tanakh
405511,1436729,512175,1 Chronicles,28,1,מלך,subs,,B:deity-candidate,Other Tanakh
405528,1436729,512174,1 Chronicles,28,1,מלך,subs,,B:deity-candidate,Other Tanakh
405543,1436729,512174,1 Chronicles,28,1,אל,prep,,C:divine-title-candidate,Other Tanakh
405544,1436729,512174,1 Chronicles,28,1,ירושלם,nmpr,topo,F:unclassified-name,Other Tanakh
405547,1436730,512176,1 Chronicles,28,2,דוד,nmpr,pers,A:person-candidate,Other Tanakh
405549,1436730,512176,1 Chronicles,28,2,מלך,subs,,B:deity-candidate,Other Tanakh
405568,1436730,512181,1 Chronicles,28,2,יהוה,nmpr,pers,E:YHWH,Other Tanakh
405573,1436730,512181,1 Chronicles,28,2,אלהים,subs,,D:Elohim,Other Tanakh
405580,1436731,512184,1 Chronicles,28,3,אלהים,subs,,D:Elohim,Other Tanakh
405597,1436732,512188,1 Chronicles,28,4,יהוה,nmpr,pers,E:YHWH,Other Tanakh
405598,1436732,512188,1 Chronicles,28,4,אלהים,subs,,D:Elohim,Other Tanakh
405599,1436732,512188,1 Chronicles,28,4,ישראל,nmpr,"pers,gens,topo",F:unclassified-name,Other Tanakh
405608,1436732,512189,1 Chronicles,28,4,מלך,subs,,B:deity-candidate,Other Tanakh
405610,1436732,512189,1 Chronicles,28,4,ישראל,nmpr,"pers,gens,topo",F:unclassified-name,Other Tanakh
405615,1436732,512190,1 Chronicles,28,4,יהודה,nmpr,"pers,gens,topo",F:unclassified-name,Other Tanakh
405622,1436732,512191,1 Chronicles,28,4,יהודה,nmpr,"pers,gens,topo",F:unclassified-name,Other Tanakh
405632,1436732,512193,1 Chronicles,28,4,מלך,verb,,B:deity-candidate,Other Tanakh
405635,1436732,512193,1 Chronicles,28,4,ישראל,nmpr,"pers,gens,topo",F:unclassified-name,Other Tanakh
405645,1436733,512195,1 Chronicles,28,5,יהוה,nmpr,pers,E:YHWH,Other Tanakh
405649,1436733,512196,1 Chronicles,28,5,שלמה,nmpr,pers,A:person-candidate,Other Tanakh
405656,1436733,512197,1 Chronicles,28,5,יהוה,nmpr,pers,E:YHWH,Other Tanakh
405658,1436733,512197,1 Chronicles,28,5,ישראל,nmpr,"pers,gens,topo",F:unclassified-name,Other Tanakh
405662,1436734,512199,1 Chronicles,28,6,שלמה,nmpr,pers,A:person-candidate,Other Tanakh
405705,1436736,512207,1 Chronicles,28,8,ישראל,nmpr,"pers,gens,topo",F:unclassified-name,Other Tanakh
405707,1436736,512207,1 Chronicles,28,8,יהוה,nmpr,pers,E:YHWH,Other Tanakh
405711,1436736,512207,1 Chronicles,28,8,אלהים,subs,,D:Elohim,Other Tanakh
405717,1436736,512209,1 Chronicles,28,8,יהוה,nmpr,pers,E:YHWH,Other Tanakh
405718,1436736,512209,1 Chronicles,28,8,אלהים,subs,,D:Elohim,Other Tanakh
405735,1436737,512213,1 Chronicles,28,9,שלמה,nmpr,pers,A:person-candidate,Other Tanakh
405739,1436737,512212,1 Chronicles,28,9,אלהים,subs,,D:Elohim,Other Tanakh
405754,1436737,512215,1 Chronicles,28,9,יהוה,nmpr,pers,E:YHWH,Other Tanakh
405773,1436738,512222,1 Chronicles,28,10,יהוה,nmpr,pers,E:YHWH,Other Tanakh
405787,1436739,512226,1 Chronicles,28,11,דוד,nmpr,pers,A:person-candidate,Other Tanakh
405789,1436739,512226,1 Chronicles,28,11,שלמה,nmpr,pers,A:person-candidate,Other Tanakh
405822,1436740,512228,1 Chronicles,28,12,יהוה,nmpr,pers,E:YHWH,Other Tanakh
405833,1436740,512228,1 Chronicles,28,12,אלהים,subs,,D:Elohim,Other Tanakh
405853,1436741,512229,1 Chronicles,28,13,יהוה,nmpr,pers,E:YHWH,Other Tanakh
405860,1436741,512229,1 Chronicles,28,13,יהוה,nmpr,pers,E:YHWH,Other Tanakh
405998,1436746,512242,1 Chronicles,28,18,יהוה,nmpr,pers,E:YHWH,Other Tanakh
406005,1436747,512244,1 Chronicles,28,19,יהוה,nmpr,pers,E:YHWH,Other Tanakh
406014,1436748,512245,1 Chronicles,28,20,דוד,nmpr,pers,A:person-candidate,Other Tanakh
406016,1436748,512245,1 Chronicles,28,20,שלמה,nmpr,pers,A:person-candidate,Other Tanakh
406023,1436748,512249,1 Chronicles,28,20,אל,nega,,C:divine-title-candidate,Other Tanakh
406026,1436748,512250,1 Chronicles,28,20,אל,nega,,C:divine-title-candidate,Other Tanakh
406029,1436748,512251,1 Chronicles,28,20,יהוה,nmpr,pers,E:YHWH,Other Tanakh
406030,1436748,512251,1 Chronicles,28,20,אלהים,subs,,D:Elohim,Other Tanakh
406031,1436748,512251,1 Chronicles,28,20,אלהים,subs,,D:Elohim,Other Tanakh
406045,1436748,512254,1 Chronicles,28,20,יהוה,nmpr,pers,E:YHWH,Other Tanakh
406059,1436749,512256,1 Chronicles,28,21,אלהים,subs,,D:Elohim,Other Tanakh
406086,1436750,512259,1 Chronicles,29,1,דוד,nmpr,pers,A:person-candidate,Other Tanakh
406088,1436750,512259,1 Chronicles,29,1,מלך,subs,,B:deity-candidate,Other Tanakh
406093,1436750,512260,1 Chronicles,29,1,שלמה,nmpr,pers,A:person-candidate,Other Tanakh
406098,1436750,512261,1 Chronicles,29,1,אלהים,subs,,D:Elohim,Other Tanakh
406114,1436750,512265,1 Chronicles,29,1,יהוה,nmpr,pers,E:YHWH,Other Tanakh
406115,1436750,512265,1 Chronicles,29,1,אלהים,subs,,D:Elohim,Other Tanakh
406123,1436751,512266,1 Chronicles,29,2,אלהים,subs,,D:Elohim,Other Tanakh
406175,1436752,512273,1 Chronicles,29,3,אלהים,subs,,D:Elohim,Other Tanakh
406185,1436752,512272,1 Chronicles,29,3,אלהים,subs,,D:Elohim,Other Tanakh
406201,1436753,512276,1 Chronicles,29,4,אופיר,nmpr,topo,F:unclassified-name,Other Tanakh
406242,1436754,512281,1 Chronicles,29,5,יהוה,nmpr,pers,E:YHWH,Other Tanakh
406251,1436755,512282,1 Chronicles,29,6,ישראל,nmpr,"pers,gens,topo",F:unclassified-name,Other Tanakh
406264,1436755,512282,1 Chronicles,29,6,מלך,subs,,B:deity-candidate,Other Tanakh
406271,1436756,512283,1 Chronicles,29,7,אלהים,subs,,D:Elohim,Other Tanakh
406305,1436757,512284,1 Chronicles,29,8,יהוה,nmpr,pers,E:YHWH,Other Tanakh
406308,1436757,512284,1 Chronicles,29,8,יחיאל,nmpr,pers,A:person-candidate,Other Tanakh
406323,1436758,512288,1 Chronicles,29,9,יהוה,nmpr,pers,E:YHWH,Other Tanakh
406326,1436758,512289,1 Chronicles,29,9,דוד,nmpr,pers,A:person-candidate,Other Tanakh
406328,1436758,512289,1 Chronicles,29,9,מלך,subs,,B:deity-candidate,Other Tanakh
406334,1436759,512290,1 Chronicles,29,10,דוד,nmpr,pers,A:person-candidate,Other Tanakh
406336,1436759,512290,1 Chronicles,29,10,יהוה,nmpr,pers,E:YHWH,Other Tanakh
406344,1436759,512291,1 Chronicles,29,10,דוד,nmpr,pers,A:person-candidate,Other Tanakh
406347,1436759,512293,1 Chronicles,29,10,יהוה,nmpr,pers,E:YHWH,Other Tanakh
406348,1436759,512293,1 Chronicles,29,10,אלהים,subs,,D:Elohim,Other Tanakh
406349,1436759,512293,1 Chronicles,29,10,ישראל,nmpr,"pers,gens,topo",F:unclassified-name,Other Tanakh
406357,1436760,512295,1 Chronicles,29,11,יהוה,nmpr,pers,E:YHWH,Other Tanakh
406382,1436760,512297,1 Chronicles,29,11,יהוה,nmpr,pers,E:YHWH,Other Tanakh
406426,1436762,512307,1 Chronicles,29,13,אלהים,subs,,D:Elohim,Other Tanakh
406478,1436765,512320,1 Chronicles,29,16,יהוה,nmpr,pers,E:YHWH,Other Tanakh
406479,1436765,512320,1 Chronicles,29,16,אלהים,subs,,D:Elohim,Other Tanakh
406503,1436766,512327,1 Chronicles,29,17,אלהים,subs,,D:Elohim,Other Tanakh
406530,1436767,512335,1 Chronicles,29,18,יהוה,nmpr,pers,E:YHWH,Other Tanakh
406531,1436767,512335,1 Chronicles,29,18,אלהים,subs,,D:Elohim,Other Tanakh
406532,1436767,512335,1 Chronicles,29,18,אברהם,nmpr,pers,A:person-candidate,Other Tanakh
406533,1436767,512335,1 Chronicles,29,18,יצחק,nmpr,pers,A:person-candidate,Other Tanakh
406535,1436767,512335,1 Chronicles,29,18,ישראל,nmpr,"pers,gens,topo",F:unclassified-name,Other Tanakh
406549,1436767,512337,1 Chronicles,29,18,אל,prep,,C:divine-title-candidate,Other Tanakh
406552,1436768,512338,1 Chronicles,29,19,שלמה,nmpr,pers,A:person-candidate,Other Tanakh
406577,1436769,512343,1 Chronicles,29,20,דוד,nmpr,pers,A:person-candidate,Other Tanakh
406585,1436769,512344,1 Chronicles,29,20,יהוה,nmpr,pers,E:YHWH,Other Tanakh
406586,1436769,512344,1 Chronicles,29,20,אלהים,subs,,D:Elohim,Other Tanakh
406593,1436769,512345,1 Chronicles,29,20,יהוה,nmpr,pers,E:YHWH,Other Tanakh
406594,1436769,512345,1 Chronicles,29,20,אלהים,subs,,D:Elohim,Other Tanakh
406601,1436769,512347,1 Chronicles,29,20,יהוה,nmpr,pers,E:YHWH,Other Tanakh
406605,1436769,512347,1 Chronicles,29,20,מלך,subs,,B:deity-candidate,Other Tanakh
406609,1436770,512348,1 Chronicles,29,21,יהוה,nmpr,pers,E:YHWH,Other Tanakh
406615,1436770,512349,1 Chronicles,29,21,יהוה,nmpr,pers,E:YHWH,Other Tanakh
406636,1436770,512349,1 Chronicles,29,21,ישראל,nmpr,"pers,gens,topo",F:unclassified-name,Other Tanakh
406643,1436771,512352,1 Chronicles,29,22,יהוה,nmpr,pers,E:YHWH,Other Tanakh
406653,1436771,512353,1 Chronicles,29,22,מלך,verb,,B:deity-candidate,Other Tanakh
406656,1436771,512353,1 Chronicles,29,22,שלמה,nmpr,pers,A:person-candidate,Other Tanakh
406658,1436771,512353,1 Chronicles,29,22,דוד,nmpr,pers,A:person-candidate,Other Tanakh
406662,1436771,512354,1 Chronicles,29,22,יהוה,nmpr,pers,E:YHWH,Other Tanakh
406667,1436771,512355,1 Chronicles,29,22,צדוק,nmpr,pers,A:person-candidate,Other Tanakh
406672,1436772,512356,1 Chronicles,29,23,שלמה,nmpr,pers,A:person-candidate,Other Tanakh
406675,1436772,512356,1 Chronicles,29,23,יהוה,nmpr,pers,E:YHWH,Other Tanakh
406677,1436772,512356,1 Chronicles,29,23,מלך,subs,,B:deity-candidate,Other Tanakh
406679,1436772,512356,1 Chronicles,29,23,דוד,nmpr,pers,A:person-candidate,Other Tanakh
406685,1436772,512358,1 Chronicles,29,23,אל,prep,,C:divine-title-candidate,Other Tanakh
406687,1436772,512358,1 Chronicles,29,23,ישראל,nmpr,"pers,gens,topo",F:unclassified-name,Other Tanakh
406700,1436773,512359,1 Chronicles,29,24,מלך,subs,,B:deity-candidate,Other Tanakh
406701,1436773,512359,1 Chronicles,29,24,דוד,nmpr,pers,A:person-candidate,Other Tanakh
406705,1436773,512359,1 Chronicles,29,24,שלמה,nmpr,pers,A:person-candidate,Other Tanakh
406707,1436773,512359,1 Chronicles,29,24,מלך,subs,,B:deity-candidate,Other Tanakh
406710,1436774,512360,1 Chronicles,29,25,יהוה,nmpr,pers,E:YHWH,Other Tanakh
406712,1436774,512360,1 Chronicles,29,25,שלמה,nmpr,pers,A:person-candidate,Other Tanakh
406718,1436774,512360,1 Chronicles,29,25,ישראל,nmpr,"pers,gens,topo",F:unclassified-name,Other Tanakh
406729,1436774,512362,1 Chronicles,29,25,מלך,subs,,B:deity-candidate,Other Tanakh
406733,1436774,512362,1 Chronicles,29,25,ישראל,nmpr,"pers,gens,topo",F:unclassified-name,Other Tanakh
406735,1436775,512363,1 Chronicles,29,26,דוד,nmpr,pers,A:person-candidate,Other Tanakh
406737,1436775,512363,1 Chronicles,29,26,ישי,nmpr,pers,A:person-candidate,Other Tanakh
406738,1436775,512363,1 Chronicles,29,26,מלך,verb,,B:deity-candidate,Other Tanakh
406741,1436775,512363,1 Chronicles,29,26,ישראל,nmpr,"pers,gens,topo",F:unclassified-name,Other Tanakh
406746,1436776,512365,1 Chronicles,29,27,מלך,verb,,B:deity-candidate,Other Tanakh
406748,1436776,512365,1 Chronicles,29,27,ישראל,nmpr,"pers,gens,topo",F:unclassified-name,Other Tanakh
406752,1436776,512366,1 Chronicles,29,27,חברון,nmpr,topo,F:unclassified-name,Other Tanakh
406753,1436776,512366,1 Chronicles,29,27,מלך,verb,,B:deity-candidate,Other Tanakh
406758,1436776,512367,1 Chronicles,29,27,ירושלם,nmpr,topo,F:unclassified-name,Other Tanakh
406759,1436776,512367,1 Chronicles,29,27,מלך,verb,,B:deity-candidate,Other Tanakh
406774,1436777,512369,1 Chronicles,29,28,מלך,verb,,B:deity-candidate,Other Tanakh
406775,1436777,512369,1 Chronicles,29,28,שלמה,nmpr,pers,A:person-candidate,Other Tanakh
406780,1436778,512370,1 Chronicles,29,29,דוד,nmpr,pers,A:person-candidate,Other Tanakh
406782,1436778,512370,1 Chronicles,29,29,מלך,subs,,B:deity-candidate,Other Tanakh
406792,1436778,512371,1 Chronicles,29,29,שמואל,nmpr,pers,A:person-candidate,Other Tanakh
406798,1436778,512371,1 Chronicles,29,29,נתן,nmpr,pers,A:person-candidate,Other Tanakh
406804,1436778,512371,1 Chronicles,29,29,גד,nmpr,"pers,gens,topo",B:deity-candidate,Other Tanakh
406820,1436779,512373,1 Chronicles,29,30,ישראל,nmpr,"pers,gens,topo",F:unclassified-name,Other Tanakh
406829,1436780,512374,2 Chronicles,1,1,שלמה,nmpr,pers,A:person-candidate,Other Tanakh
406831,1436780,512374,2 Chronicles,1,1,דוד,nmpr,pers,A:person-candidate,Other Tanakh
406835,1436780,512375,2 Chronicles,1,1,יהוה,nmpr,pers,E:YHWH,Other Tanakh
406836,1436780,512375,2 Chronicles,1,1,אלהים,subs,,D:Elohim,Other Tanakh
406844,1436781,512377,2 Chronicles,1,2,שלמה,nmpr,pers,A:person-candidate,Other Tanakh
406847,1436781,512377,2 Chronicles,1,2,ישראל,nmpr,"pers,gens,topo",F:unclassified-name,Other Tanakh
406865,1436781,512377,2 Chronicles,1,2,ישראל,nmpr,"pers,gens,topo",F:unclassified-name,Other Tanakh
406871,1436782,512378,2 Chronicles,1,3,שלמה,nmpr,pers,A:person-candidate,Other Tanakh
406882,1436782,512379,2 Chronicles,1,3,גבעון,nmpr,topo,F:unclassified-name,Other Tanakh
406889,1436782,512380,2 Chronicles,1,3,אלהים,subs,,D:Elohim,Other Tanakh
406892,1436782,512381,2 Chronicles,1,3,משה,nmpr,pers,A:person-candidate,Other Tanakh
406894,1436782,512381,2 Chronicles,1,3,יהוה,nmpr,pers,E:YHWH,Other Tanakh
406901,1436783,512382,2 Chronicles,1,4,אלהים,subs,,D:Elohim,Other Tanakh
406903,1436783,512382,2 Chronicles,1,4,דוד,nmpr,pers,A:person-candidate,Other Tanakh
406905,1436783,512382,2 Chronicles,1,4,קרית יערים,nmpr,topo,F:unclassified-name,Other Tanakh
406910,1436783,512383,2 Chronicles,1,4,דוד,nmpr,pers,A:person-candidate,Other Tanakh
406916,1436783,512384,2 Chronicles,1,4,ירושלם,nmpr,topo,F:unclassified-name,Other Tanakh
406923,1436784,512386,2 Chronicles,1,5,בצלאל,nmpr,pers,A:person-candidate,Other Tanakh
406925,1436784,512386,2 Chronicles,1,5,אורי,nmpr,pers,A:person-candidate,Other Tanakh
406927,1436784,512386,2 Chronicles,1,5,חור,nmpr,pers,A:person-candidate,Other Tanakh
406932,1436784,512385,2 Chronicles,1,5,יהוה,nmpr,pers,E:YHWH,Other Tanakh
406935,1436784,512387,2 Chronicles,1,5,שלמה,nmpr,pers,A:person-candidate,Other Tanakh
406941,1436785,512388,2 Chronicles,1,6,שלמה,nmpr,pers,A:person-candidate,Other Tanakh
406949,1436785,512388,2 Chronicles,1,6,יהוה,nmpr,pers,E:YHWH,Other Tanakh
406965,1436786,512391,2 Chronicles,1,7,אלהים,subs,,D:Elohim,Other Tanakh
406967,1436786,512391,2 Chronicles,1,7,שלמה,nmpr,pers,A:person-candidate,Other Tanakh
406977,1436787,512395,2 Chronicles,1,8,שלמה,nmpr,pers,A:person-candidate,Other Tanakh
406979,1436787,512395,2 Chronicles,1,8,אלהים,subs,,D:Elohim,Other Tanakh
406983,1436787,512396,2 Chronicles,1,8,דוד,nmpr,pers,A:person-candidate,Other Tanakh
406988,1436787,512397,2 Chronicles,1,8,מלך,verb,,B:deity-candidate,Other Tanakh
406991,1436788,512399,2 Chronicles,1,9,יהוה,nmpr,pers,E:YHWH,Other Tanakh
406992,1436788,512399,2 Chronicles,1,9,אלהים,subs,,D:Elohim,Other Tanakh
406996,1436788,512400,2 Chronicles,1,9,דוד,nmpr,pers,A:person-candidate,Other Tanakh
407000,1436788,512401,2 Chronicles,1,9,מלך,verb,,B:deity-candidate,Other Tanakh
407035,1436790,512408,2 Chronicles,1,11,אלהים,subs,,D:Elohim,Other Tanakh
407037,1436790,512408,2 Chronicles,1,11,שלמה,nmpr,pers,A:person-candidate,Other Tanakh
407072,1436790,512415,2 Chronicles,1,11,מלך,verb,,B:deity-candidate,Other Tanakh
407095,1436791,512418,2 Chronicles,1,12,מלך,subs,,B:deity-candidate,Other Tanakh
407106,1436792,512421,2 Chronicles,1,13,שלמה,nmpr,pers,A:person-candidate,Other Tanakh
407112,1436792,512422,2 Chronicles,1,13,גבעון,nmpr,topo,F:unclassified-name,Other Tanakh
407113,1436792,512421,2 Chronicles,1,13,ירושלם,nmpr,topo,F:unclassified-name,Other Tanakh
407120,1436792,512424,2 Chronicles,1,13,מלך,verb,,B:deity-candidate,Other Tanakh
407122,1436792,512424,2 Chronicles,1,13,ישראל,nmpr,"pers,gens,topo",F:unclassified-name,Other Tanakh
407125,1436793,512425,2 Chronicles,1,14,שלמה,nmpr,pers,A:person-candidate,Other Tanakh
407151,1436793,512427,2 Chronicles,1,14,מלך,subs,,B:deity-candidate,Other Tanakh
407153,1436793,512427,2 Chronicles,1,14,ירושלם,nmpr,topo,F:unclassified-name,Other Tanakh
407157,1436794,512428,2 Chronicles,1,15,מלך,subs,,B:deity-candidate,Other Tanakh
407166,1436794,512428,2 Chronicles,1,15,ירושלם,nmpr,topo,F:unclassified-name,Other Tanakh
407190,1436795,512432,2 Chronicles,1,16,שלמה,nmpr,pers,A:person-candidate,Other Tanakh
407192,1436795,512431,2 Chronicles,1,16,מצרים,nmpr,topo,F:unclassified-name,Other Tanakh
407195,1436795,512431,2 Chronicles,1,16,קוא,nmpr,topo,F:unclassified-name,Other Tanakh
407198,1436795,512433,2 Chronicles,1,16,מלך,subs,,B:deity-candidate,Other Tanakh
407200,1436795,512433,2 Chronicles,1,16,קוא,nmpr,topo,F:unclassified-name,Other Tanakh
407209,1436796,512435,2 Chronicles,1,17,מצרים,nmpr,topo,F:unclassified-name,Other Tanakh
407225,1436796,512437,2 Chronicles,1,17,מלך,subs,,B:deity-candidate,Other Tanakh
407229,1436796,512437,2 Chronicles,1,17,מלך,subs,,B:deity-candidate,Other Tanakh
407230,1436796,512437,2 Chronicles,1,17,ארם,nmpr,topo,F:unclassified-name,Other Tanakh
407236,1436797,512439,2 Chronicles,1,18,שלמה,nmpr,pers,A:person-candidate,Other Tanakh
407242,1436797,512440,2 Chronicles,1,18,יהוה,nmpr,pers,E:YHWH,Other Tanakh
407249,1436798,512441,2 Chronicles,2,1,שלמה,nmpr,pers,A:person-candidate,Other Tanakh
407272,1436799,512444,2 Chronicles,2,2,שלמה,nmpr,pers,A:person-candidate,Other Tanakh
407273,1436799,512444,2 Chronicles,2,2,אל,prep,,C:divine-title-candidate,Other Tanakh
407274,1436799,512444,2 Chronicles,2,2,חירם,nmpr,pers,A:person-candidate,Other Tanakh
407275,1436799,512444,2 Chronicles,2,2,מלך,subs,,B:deity-candidate,Other Tanakh
407276,1436799,512444,2 Chronicles,2,2,צר,nmpr,topo,F:unclassified-name,Other Tanakh
407283,1436799,512446,2 Chronicles,2,2,דוד,nmpr,pers,A:person-candidate,Other Tanakh
407302,1436800,512450,2 Chronicles,2,3,יהוה,nmpr,pers,E:YHWH,Other Tanakh
407303,1436800,512450,2 Chronicles,2,3,אלהים,subs,,D:Elohim,Other Tanakh
407335,1436800,512452,2 Chronicles,2,3,יהוה,nmpr,pers,E:YHWH,Other Tanakh
407336,1436800,512452,2 Chronicles,2,3,אלהים,subs,,D:Elohim,Other Tanakh
407341,1436800,512453,2 Chronicles,2,3,ישראל,nmpr,"pers,gens,topo",F:unclassified-name,Other Tanakh
407351,1436801,512456,2 Chronicles,2,4,אלהים,subs,,D:Elohim,Other Tanakh
407355,1436801,512456,2 Chronicles,2,4,אלהים,subs,,D:Elohim,Other Tanakh
407428,1436803,512467,2 Chronicles,2,6,יהודה,nmpr,"pers,gens,topo",F:unclassified-name,Other Tanakh
407431,1436803,512467,2 Chronicles,2,6,ירושלם,nmpr,topo,F:unclassified-name,Other Tanakh
407434,1436803,512468,2 Chronicles,2,6,דוד,nmpr,pers,A:person-candidate,Other Tanakh
407446,1436804,512469,2 Chronicles,2,7,לבנון,nmpr,topo,F:unclassified-name,Other Tanakh
407456,1436804,512472,2 Chronicles,2,7,לבנון,nmpr,topo,F:unclassified-name,Other Tanakh
407512,1436807,512478,2 Chronicles,2,10,חירם,nmpr,pers,A:person-candidate,Other Tanakh
407513,1436807,512478,2 Chronicles,2,10,מלך,subs,,B:deity-candidate,Other Tanakh
407514,1436807,512478,2 Chronicles,2,10,צר,nmpr,topo,F:unclassified-name,Other Tanakh
407519,1436807,512479,2 Chronicles,2,10,אל,prep,,C:divine-title-candidate,Other Tanakh
407520,1436807,512479,2 Chronicles,2,10,שלמה,nmpr,pers,A:person-candidate,Other Tanakh
407523,1436807,512480,2 Chronicles,2,10,יהוה,nmpr,pers,E:YHWH,Other Tanakh
407528,1436807,512480,2 Chronicles,2,10,מלך,subs,,B:deity-candidate,Other Tanakh
407531,1436808,512481,2 Chronicles,2,11,חירם,nmpr,pers,A:person-candidate,Other Tanakh
407533,1436808,512482,2 Chronicles,2,11,יהוה,nmpr,pers,E:YHWH,Other Tanakh
407534,1436808,512482,2 Chronicles,2,11,אלהים,subs,,D:Elohim,Other Tanakh
407535,1436808,512482,2 Chronicles,2,11,ישראל,nmpr,"pers,gens,topo",F:unclassified-name,Other Tanakh
407548,1436808,512484,2 Chronicles,2,11,דוד,nmpr,pers,A:person-candidate,Other Tanakh
407550,1436808,512484,2 Chronicles,2,11,מלך,subs,,B:deity-candidate,Other Tanakh
407561,1436808,512486,2 Chronicles,2,11,יהוה,nmpr,pers,E:YHWH,Other Tanakh
407574,1436809,512488,2 Chronicles,2,12,חורם,nmpr,pers,A:person-candidate,Other Tanakh
407580,1436810,512490,2 Chronicles,2,13,דן,nmpr,"pers,gens,topo",F:unclassified-name,Other Tanakh
407640,1436810,512495,2 Chronicles,2,13,דוד,nmpr,pers,A:person-candidate,Other Tanakh
407666,1436812,512500,2 Chronicles,2,15,לבנון,nmpr,topo,F:unclassified-name,Other Tanakh
407676,1436812,512501,2 Chronicles,2,15,יפו,nmpr,topo,F:unclassified-name,Other Tanakh
407681,1436812,512502,2 Chronicles,2,15,ירושלם,nmpr,topo,F:unclassified-name,Other Tanakh
407684,1436813,512503,2 Chronicles,2,16,שלמה,nmpr,pers,A:person-candidate,Other Tanakh
407693,1436813,512504,2 Chronicles,2,16,ישראל,nmpr,"pers,gens,topo",F:unclassified-name,Other Tanakh
407699,1436813,512505,2 Chronicles,2,16,דוד,nmpr,pers,A:person-candidate,Other Tanakh
407740,1436815,512511,2 Chronicles,3,1,שלמה,nmpr,pers,A:person-candidate,Other Tanakh
407745,1436815,512512,2 Chronicles,3,1,יהוה,nmpr,pers,E:YHWH,Other Tanakh
407747,1436815,512512,2 Chronicles,3,1,ירושלם,nmpr,topo,F:unclassified-name,Other Tanakh
407751,1436815,512512,2 Chronicles,3,1,מריה,nmpr,topo,F:unclassified-name,Other Tanakh
407755,1436815,512513,2 Chronicles,3,1,דוד,nmpr,pers,A:person-candidate,Other Tanakh
407761,1436815,512514,2 Chronicles,3,1,דוד,nmpr,pers,A:person-candidate,Other Tanakh
407764,1436815,512514,2 Chronicles,3,1,ארנן,nmpr,pers,A:person-candidate,Other Tanakh
407787,1436817,512517,2 Chronicles,3,3,שלמה,nmpr,pers,A:person-candidate,Other Tanakh
407793,1436817,512518,2 Chronicles,3,3,אלהים,subs,,D:Elohim,Other Tanakh
407867,1436820,512529,2 Chronicles,3,6,פרוים,nmpr,topo,F:unclassified-name,Other Tanakh
408071,1436830,512561,2 Chronicles,3,16,רמון,subs,,B:deity-candidate,Other Tanakh
408100,1436831,512566,2 Chronicles,3,17,יכין,nmpr,pers,A:person-candidate,Other Tanakh
408105,1436831,512567,2 Chronicles,3,17,בעז,nmpr,pers,A:person-candidate,Other Tanakh
408133,1436833,512573,2 Chronicles,4,2,אל,prep,,C:divine-title-candidate,Other Tanakh
408331,1436842,512609,2 Chronicles,4,11,חירם,nmpr,pers,A:person-candidate,Other Tanakh
408345,1436842,512610,2 Chronicles,4,11,חירם,nmpr,pers,A:person-candidate,Other Tanakh
408355,1436842,512612,2 Chronicles,4,11,מלך,subs,,B:deity-candidate,Other Tanakh
408356,1436842,512612,2 Chronicles,4,11,שלמה,nmpr,pers,A:person-candidate,Other Tanakh
408360,1436842,512612,2 Chronicles,4,11,אלהים,subs,,D:Elohim,Other Tanakh
408393,1436844,512616,2 Chronicles,4,13,רמון,subs,,B:deity-candidate,Other Tanakh
408402,1436844,512617,2 Chronicles,4,13,רמון,subs,,B:deity-candidate,Other Tanakh
408461,1436847,512623,2 Chronicles,4,16,חורם,nmpr,pers,A:person-candidate,Other Tanakh
408465,1436847,512623,2 Chronicles,4,16,מלך,subs,,B:deity-candidate,Other Tanakh
408466,1436847,512623,2 Chronicles,4,16,שלמה,nmpr,pers,A:person-candidate,Other Tanakh
408469,1436847,512623,2 Chronicles,4,16,יהוה,nmpr,pers,E:YHWH,Other Tanakh
408475,1436848,512624,2 Chronicles,4,17,ירדן,nmpr,topo,F:unclassified-name,Other Tanakh
408478,1436848,512624,2 Chronicles,4,17,מלך,subs,,B:deity-candidate,Other Tanakh
408482,1436848,512624,2 Chronicles,4,17,אדמה,nmpr,topo,F:unclassified-name,Other Tanakh
408484,1436848,512624,2 Chronicles,4,17,סכות,nmpr,topo,F:unclassified-name,Other Tanakh
408487,1436848,512624,2 Chronicles,4,17,צרדה,nmpr,topo,F:unclassified-name,Other Tanakh
408490,1436849,512625,2 Chronicles,4,18,שלמה,nmpr,pers,A:person-candidate,Other Tanakh
408507,1436850,512627,2 Chronicles,4,19,שלמה,nmpr,pers,A:person-candidate,Other Tanakh
408515,1436850,512628,2 Chronicles,4,19,אלהים,subs,,D:Elohim,Other Tanakh
408600,1436854,512639,2 Chronicles,5,1,שלמה,nmpr,pers,A:person-candidate,Other Tanakh
408603,1436854,512639,2 Chronicles,5,1,יהוה,nmpr,pers,E:YHWH,Other Tanakh
408606,1436854,512640,2 Chronicles,5,1,שלמה,nmpr,pers,A:person-candidate,Other Tanakh
408609,1436854,512640,2 Chronicles,5,1,דוד,nmpr,pers,A:person-candidate,Other Tanakh
408629,1436854,512641,2 Chronicles,5,1,אלהים,subs,,D:Elohim,Other Tanakh
408632,1436855,512642,2 Chronicles,5,2,שלמה,nmpr,pers,A:person-candidate,Other Tanakh
408635,1436855,512642,2 Chronicles,5,2,ישראל,nmpr,"pers,gens,topo",F:unclassified-name,Other Tanakh
408647,1436855,512642,2 Chronicles,5,2,ישראל,nmpr,"pers,gens,topo",F:unclassified-name,Other Tanakh
408648,1436855,512642,2 Chronicles,5,2,אל,prep,,C:divine-title-candidate,Other Tanakh
408649,1436855,512642,2 Chronicles,5,2,ירושלם,nmpr,topo,F:unclassified-name,Other Tanakh
408655,1436855,512643,2 Chronicles,5,2,יהוה,nmpr,pers,E:YHWH,Other Tanakh
408658,1436855,512643,2 Chronicles,5,2,דוד,nmpr,pers,A:person-candidate,Other Tanakh
408660,1436855,512644,2 Chronicles,5,2,ציון,nmpr,topo,F:unclassified-name,Other Tanakh
408663,1436856,512645,2 Chronicles,5,3,אל,prep,,C:divine-title-candidate,Other Tanakh
408665,1436856,512645,2 Chronicles,5,3,מלך,subs,,B:deity-candidate,Other Tanakh
408668,1436856,512645,2 Chronicles,5,3,ישראל,nmpr,"pers,gens,topo",F:unclassified-name,Other Tanakh
408681,1436857,512647,2 Chronicles,5,4,ישראל,nmpr,"pers,gens,topo",F:unclassified-name,Other Tanakh
408716,1436859,512652,2 Chronicles,5,6,מלך,subs,,B:deity-candidate,Other Tanakh
408717,1436859,512652,2 Chronicles,5,6,שלמה,nmpr,pers,A:person-candidate,Other Tanakh
408721,1436859,512652,2 Chronicles,5,6,ישראל,nmpr,"pers,gens,topo",F:unclassified-name,Other Tanakh
408748,1436860,512656,2 Chronicles,5,7,יהוה,nmpr,pers,E:YHWH,Other Tanakh
408749,1436860,512656,2 Chronicles,5,7,אל,prep,,C:divine-title-candidate,Other Tanakh
408751,1436860,512656,2 Chronicles,5,7,אל,prep,,C:divine-title-candidate,Other Tanakh
408755,1436860,512656,2 Chronicles,5,7,אל,prep,,C:divine-title-candidate,Other Tanakh
408759,1436860,512656,2 Chronicles,5,7,אל,prep,,C:divine-title-candidate,Other Tanakh
408826,1436863,512664,2 Chronicles,5,10,משה,nmpr,pers,A:person-candidate,Other Tanakh
408828,1436863,512664,2 Chronicles,5,10,חרב,nmpr,topo,F:unclassified-name,Other Tanakh
408831,1436863,512665,2 Chronicles,5,10,יהוה,nmpr,pers,E:YHWH,Other Tanakh
408834,1436863,512665,2 Chronicles,5,10,ישראל,nmpr,"pers,gens,topo",F:unclassified-name,Other Tanakh
408838,1436863,512666,2 Chronicles,5,10,מצרים,nmpr,topo,F:unclassified-name,Other Tanakh
408868,1436865,512674,2 Chronicles,5,12,אסף,nmpr,pers,A:person-candidate,Other Tanakh
408870,1436865,512674,2 Chronicles,5,12,הימן,nmpr,pers,A:person-candidate,Other Tanakh
408872,1436865,512674,2 Chronicles,5,12,ידותון,nmpr,pers,A:person-candidate,Other Tanakh
408924,1436866,512680,2 Chronicles,5,13,יהוה,nmpr,pers,E:YHWH,Other Tanakh
408943,1436866,512682,2 Chronicles,5,13,יהוה,nmpr,pers,E:YHWH,Other Tanakh
408956,1436866,512685,2 Chronicles,5,13,יהוה,nmpr,pers,E:YHWH,Other Tanakh
408973,1436867,512689,2 Chronicles,5,14,יהוה,nmpr,pers,E:YHWH,Other Tanakh
408977,1436867,512689,2 Chronicles,5,14,אלהים,subs,,D:Elohim,Other Tanakh
408980,1436868,512690,2 Chronicles,6,1,שלמה,nmpr,pers,A:person-candidate,Other Tanakh
408981,1436868,512691,2 Chronicles,6,1,יהוה,nmpr,pers,E:YHWH,Other Tanakh
409002,1436870,512696,2 Chronicles,6,3,מלך,subs,,B:deity-candidate,Other Tanakh
409010,1436870,512697,2 Chronicles,6,3,ישראל,nmpr,"pers,gens,topo",F:unclassified-name,Other Tanakh
409014,1436870,512698,2 Chronicles,6,3,ישראל,nmpr,"pers,gens,topo",F:unclassified-name,Other Tanakh
409019,1436871,512700,2 Chronicles,6,4,יהוה,nmpr,pers,E:YHWH,Other Tanakh
409020,1436871,512700,2 Chronicles,6,4,אלהים,subs,,D:Elohim,Other Tanakh
409021,1436871,512700,2 Chronicles,6,4,ישראל,nmpr,"pers,gens,topo",F:unclassified-name,Other Tanakh
409027,1436871,512701,2 Chronicles,6,4,דוד,nmpr,pers,A:person-candidate,Other Tanakh
409044,1436872,512705,2 Chronicles,6,5,מצרים,nmpr,topo,F:unclassified-name,Other Tanakh
409052,1436872,512704,2 Chronicles,6,5,ישראל,nmpr,"pers,gens,topo",F:unclassified-name,Other Tanakh
409070,1436872,512709,2 Chronicles,6,5,ישראל,nmpr,"pers,gens,topo",F:unclassified-name,Other Tanakh
409074,1436873,512710,2 Chronicles,6,6,ירושלם,nmpr,topo,F:unclassified-name,Other Tanakh
409082,1436873,512712,2 Chronicles,6,6,דוד,nmpr,pers,A:person-candidate,Other Tanakh
409087,1436873,512713,2 Chronicles,6,6,ישראל,nmpr,"pers,gens,topo",F:unclassified-name,Other Tanakh
409092,1436874,512714,2 Chronicles,6,7,דוד,nmpr,pers,A:person-candidate,Other Tanakh
409099,1436874,512715,2 Chronicles,6,7,יהוה,nmpr,pers,E:YHWH,Other Tanakh
409100,1436874,512715,2 Chronicles,6,7,אלהים,subs,,D:Elohim,Other Tanakh
409101,1436874,512715,2 Chronicles,6,7,ישראל,nmpr,"pers,gens,topo",F:unclassified-name,Other Tanakh
409104,1436875,512716,2 Chronicles,6,8,יהוה,nmpr,pers,E:YHWH,Other Tanakh
409105,1436875,512716,2 Chronicles,6,8,אל,prep,,C:divine-title-candidate,Other Tanakh
409106,1436875,512716,2 Chronicles,6,8,דוד,nmpr,pers,A:person-candidate,Other Tanakh
409143,1436877,512725,2 Chronicles,6,10,יהוה,nmpr,pers,E:YHWH,Other Tanakh
409151,1436877,512727,2 Chronicles,6,10,דוד,nmpr,pers,A:person-candidate,Other Tanakh
409157,1436877,512728,2 Chronicles,6,10,ישראל,nmpr,"pers,gens,topo",F:unclassified-name,Other Tanakh
409161,1436877,512729,2 Chronicles,6,10,יהוה,nmpr,pers,E:YHWH,Other Tanakh
409168,1436877,512730,2 Chronicles,6,10,יהוה,nmpr,pers,E:YHWH,Other Tanakh
409169,1436877,512730,2 Chronicles,6,10,אלהים,subs,,D:Elohim,Other Tanakh
409170,1436877,512730,2 Chronicles,6,10,ישראל,nmpr,"pers,gens,topo",F:unclassified-name,Other Tanakh
409180,1436878,512732,2 Chronicles,6,11,יהוה,nmpr,pers,E:YHWH,Other Tanakh
409185,1436878,512733,2 Chronicles,6,11,ישראל,nmpr,"pers,gens,topo",F:unclassified-name,Other Tanakh
409191,1436879,512734,2 Chronicles,6,12,יהוה,nmpr,pers,E:YHWH,Other Tanakh
409195,1436879,512734,2 Chronicles,6,12,ישראל,nmpr,"pers,gens,topo",F:unclassified-name,Other Tanakh
409201,1436880,512736,2 Chronicles,6,13,שלמה,nmpr,pers,A:person-candidate,Other Tanakh
409231,1436880,512742,2 Chronicles,6,13,ישראל,nmpr,"pers,gens,topo",F:unclassified-name,Other Tanakh
409239,1436881,512745,2 Chronicles,6,14,יהוה,nmpr,pers,E:YHWH,Other Tanakh
409240,1436881,512745,2 Chronicles,6,14,אלהים,subs,,D:Elohim,Other Tanakh
409241,1436881,512745,2 Chronicles,6,14,ישראל,nmpr,"pers,gens,topo",F:unclassified-name,Other Tanakh
409244,1436881,512746,2 Chronicles,6,14,אלהים,subs,,D:Elohim,Other Tanakh
409271,1436882,512749,2 Chronicles,6,15,דוד,nmpr,pers,A:person-candidate,Other Tanakh
409292,1436883,512754,2 Chronicles,6,16,יהוה,nmpr,pers,E:YHWH,Other Tanakh
409293,1436883,512754,2 Chronicles,6,16,אלהים,subs,,D:Elohim,Other Tanakh
409294,1436883,512754,2 Chronicles,6,16,ישראל,nmpr,"pers,gens,topo",F:unclassified-name,Other Tanakh
409298,1436883,512755,2 Chronicles,6,16,דוד,nmpr,pers,A:person-candidate,Other Tanakh
409316,1436883,512759,2 Chronicles,6,16,ישראל,nmpr,"pers,gens,topo",F:unclassified-name,Other Tanakh
409334,1436884,512764,2 Chronicles,6,17,יהוה,nmpr,pers,E:YHWH,Other Tanakh
409335,1436884,512764,2 Chronicles,6,17,אלהים,subs,,D:Elohim,Other Tanakh
409336,1436884,512764,2 Chronicles,6,17,ישראל,nmpr,"pers,gens,topo",F:unclassified-name,Other Tanakh
409344,1436884,512766,2 Chronicles,6,17,דוד,nmpr,pers,A:person-candidate,Other Tanakh
409349,1436885,512767,2 Chronicles,6,18,אלהים,subs,,D:Elohim,Other Tanakh
409374,1436886,512771,2 Chronicles,6,19,אל,prep,,C:divine-title-candidate,Other Tanakh
409378,1436886,512771,2 Chronicles,6,19,אל,prep,,C:divine-title-candidate,Other Tanakh
409380,1436886,512772,2 Chronicles,6,19,יהוה,nmpr,pers,E:YHWH,Other Tanakh
409381,1436886,512772,2 Chronicles,6,19,אלהים,subs,,D:Elohim,Other Tanakh
409384,1436886,512773,2 Chronicles,6,19,אל,prep,,C:divine-title-candidate,Other Tanakh
409388,1436886,512773,2 Chronicles,6,19,אל,prep,,C:divine-title-candidate,Other Tanakh
409400,1436887,512775,2 Chronicles,6,20,אל,prep,,C:divine-title-candidate,Other Tanakh
409408,1436887,512776,2 Chronicles,6,20,אל,prep,,C:divine-title-candidate,Other Tanakh
409419,1436887,512779,2 Chronicles,6,20,אל,prep,,C:divine-title-candidate,Other Tanakh
409425,1436887,512780,2 Chronicles,6,20,אל,prep,,C:divine-title-candidate,Other Tanakh
409432,1436888,512781,2 Chronicles,6,21,אל,prep,,C:divine-title-candidate,Other Tanakh
409437,1436888,512781,2 Chronicles,6,21,ישראל,nmpr,"pers,gens,topo",F:unclassified-name,Other Tanakh
409440,1436888,512782,2 Chronicles,6,21,אל,prep,,C:divine-title-candidate,Other Tanakh
409514,1436891,512797,2 Chronicles,6,24,ישראל,nmpr,"pers,gens,topo",F:unclassified-name,Other Tanakh
409549,1436892,512804,2 Chronicles,6,25,ישראל,nmpr,"pers,gens,topo",F:unclassified-name,Other Tanakh
409552,1436892,512805,2 Chronicles,6,25,אל,prep,,C:divine-title-candidate,Other Tanakh
409574,1436893,512810,2 Chronicles,6,26,אל,prep,,C:divine-title-candidate,Other Tanakh
409600,1436894,512815,2 Chronicles,6,27,ישראל,nmpr,"pers,gens,topo",F:unclassified-name,Other Tanakh
409603,1436894,512816,2 Chronicles,6,27,אל,prep,,C:divine-title-candidate,Other Tanakh
409665,1436896,512829,2 Chronicles,6,29,ישראל,nmpr,"pers,gens,topo",F:unclassified-name,Other Tanakh
409675,1436896,512832,2 Chronicles,6,29,אל,prep,,C:divine-title-candidate,Other Tanakh
409734,1436899,512842,2 Chronicles,6,32,אל,prep,,C:divine-title-candidate,Other Tanakh
409741,1436899,512843,2 Chronicles,6,32,ישראל,nmpr,"pers,gens,topo",F:unclassified-name,Other Tanakh
409764,1436899,512846,2 Chronicles,6,32,אל,prep,,C:divine-title-candidate,Other Tanakh
409784,1436900,512849,2 Chronicles,6,33,אל,prep,,C:divine-title-candidate,Other Tanakh
409801,1436900,512851,2 Chronicles,6,33,ישראל,nmpr,"pers,gens,topo",F:unclassified-name,Other Tanakh
409830,1436901,512857,2 Chronicles,6,34,אל,prep,,C:divine-title-candidate,Other Tanakh
409879,1436903,512868,2 Chronicles,6,36,אל,prep,,C:divine-title-candidate,Other Tanakh
409886,1436904,512869,2 Chronicles,6,37,אל,prep,,C:divine-title-candidate,Other Tanakh
409898,1436904,512872,2 Chronicles,6,37,אל,prep,,C:divine-title-candidate,Other Tanakh
409910,1436905,512877,2 Chronicles,6,38,אל,prep,,C:divine-title-candidate,Other Tanakh
409969,1436907,512890,2 Chronicles,6,40,אלהים,subs,,D:Elohim,Other Tanakh
409986,1436908,512895,2 Chronicles,6,41,יהוה,nmpr,pers,E:YHWH,Other Tanakh
409987,1436908,512895,2 Chronicles,6,41,אלהים,subs,,D:Elohim,Other Tanakh
409995,1436908,512897,2 Chronicles,6,41,יהוה,nmpr,pers,E:YHWH,Other Tanakh
409996,1436908,512897,2 Chronicles,6,41,אלהים,subs,,D:Elohim,Other Tanakh
410005,1436909,512899,2 Chronicles,6,42,יהוה,nmpr,pers,E:YHWH,Other Tanakh
410006,1436909,512899,2 Chronicles,6,42,אלהים,subs,,D:Elohim,Other Tanakh
410007,1436909,512900,2 Chronicles,6,42,אל,nega,,C:divine-title-candidate,Other Tanakh
410014,1436909,512901,2 Chronicles,6,42,דוד,nmpr,pers,A:person-candidate,Other Tanakh
410019,1436910,512902,2 Chronicles,7,1,שלמה,nmpr,pers,A:person-candidate,Other Tanakh
410038,1436910,512906,2 Chronicles,7,1,יהוה,nmpr,pers,E:YHWH,Other Tanakh
410050,1436911,512908,2 Chronicles,7,2,אל,prep,,C:divine-title-candidate,Other Tanakh
410052,1436911,512908,2 Chronicles,7,2,יהוה,nmpr,pers,E:YHWH,Other Tanakh
410056,1436911,512909,2 Chronicles,7,2,יהוה,nmpr,pers,E:YHWH,Other Tanakh
410059,1436911,512909,2 Chronicles,7,2,יהוה,nmpr,pers,E:YHWH,Other Tanakh
410063,1436912,512910,2 Chronicles,7,3,ישראל,nmpr,"pers,gens,topo",F:unclassified-name,Other Tanakh
410071,1436912,512911,2 Chronicles,7,3,יהוה,nmpr,pers,E:YHWH,Other Tanakh
410087,1436912,512915,2 Chronicles,7,3,יהוה,nmpr,pers,E:YHWH,Other Tanakh
410096,1436913,512918,2 Chronicles,7,4,מלך,subs,,B:deity-candidate,Other Tanakh
410105,1436913,512918,2 Chronicles,7,4,יהוה,nmpr,pers,E:YHWH,Other Tanakh
410109,1436914,512919,2 Chronicles,7,5,מלך,subs,,B:deity-candidate,Other Tanakh
410110,1436914,512919,2 Chronicles,7,5,שלמה,nmpr,pers,A:person-candidate,Other Tanakh
410130,1436914,512920,2 Chronicles,7,5,אלהים,subs,,D:Elohim,Other Tanakh
410132,1436914,512920,2 Chronicles,7,5,מלך,subs,,B:deity-candidate,Other Tanakh
410149,1436915,512922,2 Chronicles,7,6,יהוה,nmpr,pers,E:YHWH,Other Tanakh
410152,1436915,512923,2 Chronicles,7,6,דוד,nmpr,pers,A:person-candidate,Other Tanakh
410154,1436915,512923,2 Chronicles,7,6,מלך,subs,,B:deity-candidate,Other Tanakh
410158,1436915,512924,2 Chronicles,7,6,יהוה,nmpr,pers,E:YHWH,Other Tanakh
410165,1436915,512926,2 Chronicles,7,6,דוד,nmpr,pers,A:person-candidate,Other Tanakh
410175,1436915,512928,2 Chronicles,7,6,ישראל,nmpr,"pers,gens,topo",F:unclassified-name,Other Tanakh
410179,1436916,512929,2 Chronicles,7,7,שלמה,nmpr,pers,A:person-candidate,Other Tanakh
410188,1436916,512930,2 Chronicles,7,7,יהוה,nmpr,pers,E:YHWH,Other Tanakh
410205,1436916,512933,2 Chronicles,7,7,שלמה,nmpr,pers,A:person-candidate,Other Tanakh
410223,1436917,512935,2 Chronicles,7,8,שלמה,nmpr,pers,A:person-candidate,Other Tanakh
410236,1436917,512936,2 Chronicles,7,8,ישראל,nmpr,"pers,gens,topo",F:unclassified-name,Other Tanakh
410244,1436917,512937,2 Chronicles,7,8,חמת,nmpr,topo,F:unclassified-name,Other Tanakh
410247,1436917,512936,2 Chronicles,7,8,מצרים,nmpr,topo,F:unclassified-name,Other Tanakh
410294,1436919,512942,2 Chronicles,7,10,יהוה,nmpr,pers,E:YHWH,Other Tanakh
410296,1436919,512942,2 Chronicles,7,10,דוד,nmpr,pers,A:person-candidate,Other Tanakh
410299,1436919,512942,2 Chronicles,7,10,שלמה,nmpr,pers,A:person-candidate,Other Tanakh
410302,1436919,512942,2 Chronicles,7,10,ישראל,nmpr,"pers,gens,topo",F:unclassified-name,Other Tanakh
410306,1436920,512943,2 Chronicles,7,11,שלמה,nmpr,pers,A:person-candidate,Other Tanakh
410309,1436920,512943,2 Chronicles,7,11,יהוה,nmpr,pers,E:YHWH,Other Tanakh
410314,1436920,512943,2 Chronicles,7,11,מלך,subs,,B:deity-candidate,Other Tanakh
410322,1436920,512945,2 Chronicles,7,11,שלמה,nmpr,pers,A:person-candidate,Other Tanakh
410327,1436920,512946,2 Chronicles,7,11,יהוה,nmpr,pers,E:YHWH,Other Tanakh
410334,1436921,512947,2 Chronicles,7,12,יהוה,nmpr,pers,E:YHWH,Other Tanakh
410335,1436921,512947,2 Chronicles,7,12,אל,prep,,C:divine-title-candidate,Other Tanakh
410336,1436921,512947,2 Chronicles,7,12,שלמה,nmpr,pers,A:person-candidate,Other Tanakh
410459,1436926,512973,2 Chronicles,7,17,דוד,nmpr,pers,A:person-candidate,Other Tanakh
410482,1436927,512978,2 Chronicles,7,18,דוד,nmpr,pers,A:person-candidate,Other Tanakh
410492,1436927,512981,2 Chronicles,7,18,ישראל,nmpr,"pers,gens,topo",F:unclassified-name,Other Tanakh
410510,1436928,512986,2 Chronicles,7,19,אלהים,subs,,D:Elohim,Other Tanakh
410555,1436930,512994,2 Chronicles,7,21,עליון,adjv,,C:divine-title-candidate,Other Tanakh
410566,1436930,512997,2 Chronicles,7,21,יהוה,nmpr,pers,E:YHWH,Other Tanakh
410585,1436931,512999,2 Chronicles,7,22,יהוה,nmpr,pers,E:YHWH,Other Tanakh
410586,1436931,512999,2 Chronicles,7,22,אלהים,subs,,D:Elohim,Other Tanakh
410592,1436931,513000,2 Chronicles,7,22,מצרים,nmpr,topo,F:unclassified-name,Other Tanakh
410596,1436931,513001,2 Chronicles,7,22,אלהים,subs,,D:Elohim,Other Tanakh
410621,1436932,513006,2 Chronicles,8,1,שלמה,nmpr,pers,A:person-candidate,Other Tanakh
410624,1436932,513006,2 Chronicles,8,1,יהוה,nmpr,pers,E:YHWH,Other Tanakh
410633,1436933,513008,2 Chronicles,8,2,חירם,nmpr,pers,A:person-candidate,Other Tanakh
410635,1436933,513008,2 Chronicles,8,2,שלמה,nmpr,pers,A:person-candidate,Other Tanakh
410637,1436933,513009,2 Chronicles,8,2,שלמה,nmpr,pers,A:person-candidate,Other Tanakh
410644,1436933,513010,2 Chronicles,8,2,ישראל,nmpr,"pers,gens,topo",F:unclassified-name,Other Tanakh
410647,1436934,513011,2 Chronicles,8,3,שלמה,nmpr,pers,A:person-candidate,Other Tanakh
410648,1436934,513011,2 Chronicles,8,3,חמת צובא,nmpr,topo,F:unclassified-name,Other Tanakh
410655,1436935,513013,2 Chronicles,8,4,תדמר,nmpr,topo,F:unclassified-name,Other Tanakh
410668,1436935,513015,2 Chronicles,8,4,חמת,nmpr,topo,F:unclassified-name,Other Tanakh
410672,1436936,513016,2 Chronicles,8,5,בית חורון,nmpr,topo,F:unclassified-name,Other Tanakh
410674,1436936,513016,2 Chronicles,8,5,עליון,adjv,,C:divine-title-candidate,Other Tanakh
410677,1436936,513016,2 Chronicles,8,5,בית חורון,nmpr,topo,F:unclassified-name,Other Tanakh
410688,1436937,513017,2 Chronicles,8,6,בעלת,nmpr,topo,F:unclassified-name,Other Tanakh
410698,1436937,513018,2 Chronicles,8,6,שלמה,nmpr,pers,A:person-candidate,Other Tanakh
410714,1436937,513019,2 Chronicles,8,6,שלמה,nmpr,pers,A:person-candidate,Other Tanakh
410720,1436937,513021,2 Chronicles,8,6,ירושלם,nmpr,topo,F:unclassified-name,Other Tanakh
410724,1436937,513021,2 Chronicles,8,6,לבנון,nmpr,topo,F:unclassified-name,Other Tanakh
410753,1436938,513024,2 Chronicles,8,7,ישראל,nmpr,"pers,gens,topo",F:unclassified-name,Other Tanakh
410767,1436939,513026,2 Chronicles,8,8,ישראל,nmpr,"pers,gens,topo",F:unclassified-name,Other Tanakh
410770,1436939,513027,2 Chronicles,8,8,שלמה,nmpr,pers,A:person-candidate,Other Tanakh
410781,1436940,513028,2 Chronicles,8,9,ישראל,nmpr,"pers,gens,topo",F:unclassified-name,Other Tanakh
410785,1436940,513029,2 Chronicles,8,9,שלמה,nmpr,pers,A:person-candidate,Other Tanakh
410810,1436941,513032,2 Chronicles,8,10,מלך,subs,,B:deity-candidate,Other Tanakh
410811,1436941,513032,2 Chronicles,8,10,שלמה,nmpr,pers,A:person-candidate,Other Tanakh
410825,1436942,513034,2 Chronicles,8,11,שלמה,nmpr,pers,A:person-candidate,Other Tanakh
410828,1436942,513034,2 Chronicles,8,11,דוד,nmpr,pers,A:person-candidate,Other Tanakh
410843,1436942,513037,2 Chronicles,8,11,דוד,nmpr,pers,A:person-candidate,Other Tanakh
410844,1436942,513037,2 Chronicles,8,11,מלך,subs,,B:deity-candidate,Other Tanakh
410845,1436942,513037,2 Chronicles,8,11,ישראל,nmpr,"pers,gens,topo",F:unclassified-name,Other Tanakh
410851,1436942,513039,2 Chronicles,8,11,אל,prep,,C:divine-title-candidate,Other Tanakh
410853,1436942,513039,2 Chronicles,8,11,יהוה,nmpr,pers,E:YHWH,Other Tanakh
410856,1436943,513040,2 Chronicles,8,12,שלמה,nmpr,pers,A:person-candidate,Other Tanakh
410859,1436943,513040,2 Chronicles,8,12,יהוה,nmpr,pers,E:YHWH,Other Tanakh
410862,1436943,513040,2 Chronicles,8,12,יהוה,nmpr,pers,E:YHWH,Other Tanakh
410879,1436944,513043,2 Chronicles,8,13,משה,nmpr,pers,A:person-candidate,Other Tanakh
410914,1436945,513044,2 Chronicles,8,14,דוד,nmpr,pers,A:person-candidate,Other Tanakh
410952,1436945,513049,2 Chronicles,8,14,דוד,nmpr,pers,A:person-candidate,Other Tanakh
410955,1436945,513049,2 Chronicles,8,14,אלהים,subs,,D:Elohim,Other Tanakh
410961,1436946,513050,2 Chronicles,8,15,מלך,subs,,B:deity-candidate,Other Tanakh
410979,1436947,513051,2 Chronicles,8,16,שלמה,nmpr,pers,A:person-candidate,Other Tanakh
410985,1436947,513051,2 Chronicles,8,16,יהוה,nmpr,pers,E:YHWH,Other Tanakh
410991,1436947,513053,2 Chronicles,8,16,יהוה,nmpr,pers,E:YHWH,Other Tanakh
410994,1436948,513054,2 Chronicles,8,17,שלמה,nmpr,pers,A:person-candidate,Other Tanakh
410996,1436948,513054,2 Chronicles,8,17,עציון גבר,nmpr,topo,F:unclassified-name,Other Tanakh
410998,1436948,513054,2 Chronicles,8,17,אל,prep,,C:divine-title-candidate,Other Tanakh
410999,1436948,513054,2 Chronicles,8,17,אילת,nmpr,topo,F:unclassified-name,Other Tanakh
411006,1436948,513054,2 Chronicles,8,17,אדום,nmpr,topo,F:unclassified-name,Other Tanakh
411010,1436949,513055,2 Chronicles,8,18,חירם,nmpr,pers,A:person-candidate,Other Tanakh
411023,1436949,513057,2 Chronicles,8,18,שלמה,nmpr,pers,A:person-candidate,Other Tanakh
411024,1436949,513057,2 Chronicles,8,18,אופיר,nmpr,topo,F:unclassified-name,Other Tanakh
411037,1436949,513059,2 Chronicles,8,18,אל,prep,,C:divine-title-candidate,Other Tanakh
411039,1436949,513059,2 Chronicles,8,18,מלך,subs,,B:deity-candidate,Other Tanakh
411040,1436949,513059,2 Chronicles,8,18,שלמה,nmpr,pers,A:person-candidate,Other Tanakh
411043,1436950,513060,2 Chronicles,9,1,שבא,nmpr,topo,F:unclassified-name,Other Tanakh
411047,1436950,513060,2 Chronicles,9,1,שלמה,nmpr,pers,A:person-candidate,Other Tanakh
411053,1436950,513062,2 Chronicles,9,1,שלמה,nmpr,pers,A:person-candidate,Other Tanakh
411057,1436950,513061,2 Chronicles,9,1,ירושלם,nmpr,topo,F:unclassified-name,Other Tanakh
411075,1436950,513064,2 Chronicles,9,1,אל,prep,,C:divine-title-candidate,Other Tanakh
411076,1436950,513064,2 Chronicles,9,1,שלמה,nmpr,pers,A:person-candidate,Other Tanakh
411089,1436951,513067,2 Chronicles,9,2,שלמה,nmpr,pers,A:person-candidate,Other Tanakh
411098,1436951,513068,2 Chronicles,9,2,שלמה,nmpr,pers,A:person-candidate,Other Tanakh
411106,1436952,513070,2 Chronicles,9,3,שבא,nmpr,topo,F:unclassified-name,Other Tanakh
411109,1436952,513070,2 Chronicles,9,3,שלמה,nmpr,pers,A:person-candidate,Other Tanakh
411135,1436953,513073,2 Chronicles,9,4,יהוה,nmpr,pers,E:YHWH,Other Tanakh
411144,1436954,513075,2 Chronicles,9,5,אל,prep,,C:divine-title-candidate,Other Tanakh
411146,1436954,513075,2 Chronicles,9,5,מלך,subs,,B:deity-candidate,Other Tanakh
411200,1436957,513089,2 Chronicles,9,8,יהוה,nmpr,pers,E:YHWH,Other Tanakh
411201,1436957,513089,2 Chronicles,9,8,אלהים,subs,,D:Elohim,Other Tanakh
411211,1436957,513091,2 Chronicles,9,8,מלך,subs,,B:deity-candidate,Other Tanakh
411213,1436957,513091,2 Chronicles,9,8,יהוה,nmpr,pers,E:YHWH,Other Tanakh
411214,1436957,513091,2 Chronicles,9,8,אלהים,subs,,D:Elohim,Other Tanakh
411217,1436957,513092,2 Chronicles,9,8,אלהים,subs,,D:Elohim,Other Tanakh
411219,1436957,513092,2 Chronicles,9,8,ישראל,nmpr,"pers,gens,topo",F:unclassified-name,Other Tanakh
411228,1436957,513094,2 Chronicles,9,8,מלך,subs,,B:deity-candidate,Other Tanakh
411238,1436958,513096,2 Chronicles,9,9,מלך,subs,,B:deity-candidate,Other Tanakh
411263,1436958,513098,2 Chronicles,9,9,שבא,nmpr,topo,F:unclassified-name,Other Tanakh
411266,1436958,513098,2 Chronicles,9,9,מלך,subs,,B:deity-candidate,Other Tanakh
411267,1436958,513098,2 Chronicles,9,9,שלמה,nmpr,pers,A:person-candidate,Other Tanakh
411271,1436959,513099,2 Chronicles,9,10,חירם,nmpr,pers,A:person-candidate,Other Tanakh
411274,1436959,513099,2 Chronicles,9,10,שלמה,nmpr,pers,A:person-candidate,Other Tanakh
411279,1436959,513100,2 Chronicles,9,10,אופיר,nmpr,topo,F:unclassified-name,Other Tanakh
411289,1436960,513101,2 Chronicles,9,11,מלך,subs,,B:deity-candidate,Other Tanakh
411297,1436960,513101,2 Chronicles,9,11,יהוה,nmpr,pers,E:YHWH,Other Tanakh
411302,1436960,513101,2 Chronicles,9,11,מלך,subs,,B:deity-candidate,Other Tanakh
411318,1436960,513103,2 Chronicles,9,11,יהודה,nmpr,"pers,gens,topo",F:unclassified-name,Other Tanakh
411321,1436961,513104,2 Chronicles,9,12,מלך,subs,,B:deity-candidate,Other Tanakh
411322,1436961,513104,2 Chronicles,9,12,שלמה,nmpr,pers,A:person-candidate,Other Tanakh
411326,1436961,513104,2 Chronicles,9,12,שבא,nmpr,topo,F:unclassified-name,Other Tanakh
411337,1436961,513106,2 Chronicles,9,12,אל,prep,,C:divine-title-candidate,Other Tanakh
411339,1436961,513106,2 Chronicles,9,12,מלך,subs,,B:deity-candidate,Other Tanakh
411357,1436962,513111,2 Chronicles,9,13,שלמה,nmpr,pers,A:person-candidate,Other Tanakh
411381,1436963,513114,2 Chronicles,9,14,מלך,subs,,B:deity-candidate,Other Tanakh
411382,1436963,513114,2 Chronicles,9,14,ערב,nmpr,gens,F:unclassified-name,Other Tanakh
411392,1436963,513114,2 Chronicles,9,14,שלמה,nmpr,pers,A:person-candidate,Other Tanakh
411396,1436964,513115,2 Chronicles,9,15,מלך,subs,,B:deity-candidate,Other Tanakh
411397,1436964,513115,2 Chronicles,9,15,שלמה,nmpr,pers,A:person-candidate,Other Tanakh
411430,1436965,513119,2 Chronicles,9,16,מלך,subs,,B:deity-candidate,Other Tanakh
411435,1436965,513119,2 Chronicles,9,16,לבנון,nmpr,topo,F:unclassified-name,Other Tanakh
411439,1436966,513120,2 Chronicles,9,17,מלך,subs,,B:deity-candidate,Other Tanakh
411506,1436969,513128,2 Chronicles,9,20,מלך,subs,,B:deity-candidate,Other Tanakh
411507,1436969,513128,2 Chronicles,9,20,שלמה,nmpr,pers,A:person-candidate,Other Tanakh
411515,1436969,513129,2 Chronicles,9,20,לבנון,nmpr,topo,F:unclassified-name,Other Tanakh
411523,1436969,513130,2 Chronicles,9,20,שלמה,nmpr,pers,A:person-candidate,Other Tanakh
411530,1436970,513131,2 Chronicles,9,21,מלך,subs,,B:deity-candidate,Other Tanakh
411532,1436970,513131,2 Chronicles,9,21,תרשיש,nmpr,topo,F:unclassified-name,Other Tanakh
411535,1436970,513131,2 Chronicles,9,21,חירם,nmpr,pers,A:person-candidate,Other Tanakh
411542,1436970,513132,2 Chronicles,9,21,תרשיש,nmpr,topo,F:unclassified-name,Other Tanakh
411555,1436971,513134,2 Chronicles,9,22,מלך,subs,,B:deity-candidate,Other Tanakh
411556,1436971,513134,2 Chronicles,9,22,שלמה,nmpr,pers,A:person-candidate,Other Tanakh
411559,1436971,513134,2 Chronicles,9,22,מלך,subs,,B:deity-candidate,Other Tanakh
411568,1436972,513135,2 Chronicles,9,23,מלך,subs,,B:deity-candidate,Other Tanakh
411574,1436972,513135,2 Chronicles,9,23,שלמה,nmpr,pers,A:person-candidate,Other Tanakh
411582,1436972,513137,2 Chronicles,9,23,אלהים,subs,,D:Elohim,Other Tanakh
411610,1436974,513140,2 Chronicles,9,25,שלמה,nmpr,pers,A:person-candidate,Other Tanakh
411631,1436974,513142,2 Chronicles,9,25,מלך,subs,,B:deity-candidate,Other Tanakh
411633,1436974,513142,2 Chronicles,9,25,ירושלם,nmpr,topo,F:unclassified-name,Other Tanakh
411640,1436975,513143,2 Chronicles,9,26,מלך,subs,,B:deity-candidate,Other Tanakh
411651,1436975,513143,2 Chronicles,9,26,מצרים,nmpr,topo,F:unclassified-name,Other Tanakh
411655,1436976,513144,2 Chronicles,9,27,מלך,subs,,B:deity-candidate,Other Tanakh
411660,1436976,513144,2 Chronicles,9,27,ירושלם,nmpr,topo,F:unclassified-name,Other Tanakh
411682,1436977,513147,2 Chronicles,9,28,מצרים,nmpr,topo,F:unclassified-name,Other Tanakh
411684,1436977,513147,2 Chronicles,9,28,שלמה,nmpr,pers,A:person-candidate,Other Tanakh
411693,1436978,513149,2 Chronicles,9,29,שלמה,nmpr,pers,A:person-candidate,Other Tanakh
411705,1436978,513150,2 Chronicles,9,29,נתן,nmpr,pers,A:person-candidate,Other Tanakh
411711,1436978,513150,2 Chronicles,9,29,אחיה,nmpr,pers,A:person-candidate,Other Tanakh
411717,1436978,513150,2 Chronicles,9,29,יעדו,nmpr,pers,A:person-candidate,Other Tanakh
411721,1436978,513150,2 Chronicles,9,29,ירבעם,nmpr,pers,A:person-candidate,Other Tanakh
411723,1436978,513150,2 Chronicles,9,29,נבט,nmpr,pers,A:person-candidate,Other Tanakh
411725,1436979,513151,2 Chronicles,9,30,מלך,verb,,B:deity-candidate,Other Tanakh
411726,1436979,513151,2 Chronicles,9,30,שלמה,nmpr,pers,A:person-candidate,Other Tanakh
411728,1436979,513151,2 Chronicles,9,30,ירושלם,nmpr,topo,F:unclassified-name,Other Tanakh
411731,1436979,513151,2 Chronicles,9,30,ישראל,nmpr,"pers,gens,topo",F:unclassified-name,Other Tanakh
411736,1436980,513152,2 Chronicles,9,31,שלמה,nmpr,pers,A:person-candidate,Other Tanakh
411743,1436980,513153,2 Chronicles,9,31,דוד,nmpr,pers,A:person-candidate,Other Tanakh
411746,1436980,513154,2 Chronicles,9,31,מלך,verb,,B:deity-candidate,Other Tanakh
411747,1436980,513154,2 Chronicles,9,31,רחבעם,nmpr,pers,A:person-candidate,Other Tanakh
411752,1436981,513155,2 Chronicles,10,1,רחבעם,nmpr,pers,A:person-candidate,Other Tanakh
411753,1436981,513155,2 Chronicles,10,1,שכם,nmpr,topo,F:unclassified-name,Other Tanakh
411755,1436981,513156,2 Chronicles,10,1,שכם,nmpr,topo,F:unclassified-name,Other Tanakh
411758,1436981,513156,2 Chronicles,10,1,ישראל,nmpr,"pers,gens,topo",F:unclassified-name,Other Tanakh
411760,1436981,513157,2 Chronicles,10,1,מלך,verb,,B:deity-candidate,Other Tanakh
411766,1436982,513159,2 Chronicles,10,2,ירבעם,nmpr,pers,A:person-candidate,Other Tanakh
411768,1436982,513159,2 Chronicles,10,2,נבט,nmpr,pers,A:person-candidate,Other Tanakh
411772,1436982,513160,2 Chronicles,10,2,מצרים,nmpr,topo,F:unclassified-name,Other Tanakh
411777,1436982,513161,2 Chronicles,10,2,שלמה,nmpr,pers,A:person-candidate,Other Tanakh
411779,1436982,513161,2 Chronicles,10,2,מלך,subs,,B:deity-candidate,Other Tanakh
411782,1436982,513162,2 Chronicles,10,2,ירבעם,nmpr,pers,A:person-candidate,Other Tanakh
411784,1436982,513162,2 Chronicles,10,2,מצרים,nmpr,topo,F:unclassified-name,Other Tanakh
411792,1436983,513165,2 Chronicles,10,3,ירבעם,nmpr,pers,A:person-candidate,Other Tanakh
411795,1436983,513165,2 Chronicles,10,3,ישראל,nmpr,"pers,gens,topo",F:unclassified-name,Other Tanakh
411798,1436983,513166,2 Chronicles,10,3,אל,prep,,C:divine-title-candidate,Other Tanakh
411799,1436983,513166,2 Chronicles,10,3,רחבעם,nmpr,pers,A:person-candidate,Other Tanakh
411826,1436985,513173,2 Chronicles,10,5,אל,prep,,C:divine-title-candidate,Other Tanakh
411832,1436985,513175,2 Chronicles,10,5,אל,prep,,C:divine-title-candidate,Other Tanakh
411840,1436986,513177,2 Chronicles,10,6,מלך,subs,,B:deity-candidate,Other Tanakh
411841,1436986,513177,2 Chronicles,10,6,רחבעם,nmpr,pers,A:person-candidate,Other Tanakh
411850,1436986,513178,2 Chronicles,10,6,שלמה,nmpr,pers,A:person-candidate,Other Tanakh
411870,1436987,513183,2 Chronicles,10,7,אל,prep,,C:divine-title-candidate,Other Tanakh
411886,1436987,513187,2 Chronicles,10,7,אל,prep,,C:divine-title-candidate,Other Tanakh
411918,1436989,513194,2 Chronicles,10,9,אל,prep,,C:divine-title-candidate,Other Tanakh
411932,1436989,513197,2 Chronicles,10,9,אל,prep,,C:divine-title-candidate,Other Tanakh
411960,1436990,513205,2 Chronicles,10,10,אל,prep,,C:divine-title-candidate,Other Tanakh
411974,1436990,513209,2 Chronicles,10,10,אל,prep,,C:divine-title-candidate,Other Tanakh
412005,1436992,513216,2 Chronicles,10,12,ירבעם,nmpr,pers,A:person-candidate,Other Tanakh
412010,1436992,513216,2 Chronicles,10,12,אל,prep,,C:divine-title-candidate,Other Tanakh
412011,1436992,513216,2 Chronicles,10,12,רחבעם,nmpr,pers,A:person-candidate,Other Tanakh
412021,1436992,513217,2 Chronicles,10,12,מלך,subs,,B:deity-candidate,Other Tanakh
412025,1436992,513219,2 Chronicles,10,12,אל,prep,,C:divine-title-candidate,Other Tanakh
412034,1436993,513220,2 Chronicles,10,13,מלך,subs,,B:deity-candidate,Other Tanakh
412039,1436993,513221,2 Chronicles,10,13,מלך,subs,,B:deity-candidate,Other Tanakh
412040,1436993,513221,2 Chronicles,10,13,רחבעם,nmpr,pers,A:person-candidate,Other Tanakh
412047,1436994,513222,2 Chronicles,10,14,אל,prep,,C:divine-title-candidate,Other Tanakh
412076,1436995,513228,2 Chronicles,10,15,מלך,subs,,B:deity-candidate,Other Tanakh
412077,1436995,513228,2 Chronicles,10,15,אל,prep,,C:divine-title-candidate,Other Tanakh
412086,1436995,513229,2 Chronicles,10,15,אלהים,subs,,D:Elohim,Other Tanakh
412089,1436995,513230,2 Chronicles,10,15,יהוה,nmpr,pers,E:YHWH,Other Tanakh
412096,1436995,513231,2 Chronicles,10,15,אחיהו,nmpr,pers,A:person-candidate,Other Tanakh
412099,1436995,513231,2 Chronicles,10,15,אל,prep,,C:divine-title-candidate,Other Tanakh
412100,1436995,513231,2 Chronicles,10,15,ירבעם,nmpr,pers,A:person-candidate,Other Tanakh
412102,1436995,513231,2 Chronicles,10,15,נבט,nmpr,pers,A:person-candidate,Other Tanakh
412105,1436996,513232,2 Chronicles,10,16,ישראל,nmpr,"pers,gens,topo",F:unclassified-name,Other Tanakh
412110,1436996,513233,2 Chronicles,10,16,מלך,subs,,B:deity-candidate,Other Tanakh
412118,1436996,513234,2 Chronicles,10,16,מלך,subs,,B:deity-candidate,Other Tanakh
412125,1436996,513236,2 Chronicles,10,16,דוד,nmpr,pers,A:person-candidate,Other Tanakh
412131,1436996,513237,2 Chronicles,10,16,ישי,nmpr,pers,A:person-candidate,Other Tanakh
412135,1436996,513239,2 Chronicles,10,16,ישראל,nmpr,"pers,gens,topo",F:unclassified-name,Other Tanakh
412139,1436996,513241,2 Chronicles,10,16,דוד,nmpr,pers,A:person-candidate,Other Tanakh
412143,1436996,513242,2 Chronicles,10,16,ישראל,nmpr,"pers,gens,topo",F:unclassified-name,Other Tanakh
412148,1436997,513243,2 Chronicles,10,17,ישראל,nmpr,"pers,gens,topo",F:unclassified-name,Other Tanakh
412153,1436997,513244,2 Chronicles,10,17,יהודה,nmpr,"pers,gens,topo",F:unclassified-name,Other Tanakh
412155,1436997,513245,2 Chronicles,10,17,מלך,verb,,B:deity-candidate,Other Tanakh
412157,1436997,513245,2 Chronicles,10,17,רחבעם,nmpr,pers,A:person-candidate,Other Tanakh
412161,1436998,513246,2 Chronicles,10,18,מלך,subs,,B:deity-candidate,Other Tanakh
412162,1436998,513246,2 Chronicles,10,18,רחבעם,nmpr,pers,A:person-candidate,Other Tanakh
412164,1436998,513246,2 Chronicles,10,18,הדורם,nmpr,pers,A:person-candidate,Other Tanakh
412173,1436998,513248,2 Chronicles,10,18,ישראל,nmpr,"pers,gens,topo",F:unclassified-name,Other Tanakh
412179,1436998,513250,2 Chronicles,10,18,מלך,subs,,B:deity-candidate,Other Tanakh
412180,1436998,513250,2 Chronicles,10,18,רחבעם,nmpr,pers,A:person-candidate,Other Tanakh
412189,1436998,513252,2 Chronicles,10,18,ירושלם,nmpr,topo,F:unclassified-name,Other Tanakh
412192,1436999,513253,2 Chronicles,10,19,ישראל,nmpr,"pers,gens,topo",F:unclassified-name,Other Tanakh
412195,1436999,513253,2 Chronicles,10,19,דוד,nmpr,pers,A:person-candidate,Other Tanakh
412203,1437000,513254,2 Chronicles,11,1,רחבעם,nmpr,pers,A:person-candidate,Other Tanakh
412204,1437000,513254,2 Chronicles,11,1,ירושלם,nmpr,topo,F:unclassified-name,Other Tanakh
412209,1437000,513255,2 Chronicles,11,1,יהודה,nmpr,"pers,gens,topo",F:unclassified-name,Other Tanakh
412211,1437000,513255,2 Chronicles,11,1,בנימן,nmpr,"pers,gens,topo",F:unclassified-name,Other Tanakh
412222,1437000,513258,2 Chronicles,11,1,ישראל,nmpr,"pers,gens,topo",F:unclassified-name,Other Tanakh
412229,1437000,513259,2 Chronicles,11,1,רחבעם,nmpr,pers,A:person-candidate,Other Tanakh
412233,1437001,513260,2 Chronicles,11,2,יהוה,nmpr,pers,E:YHWH,Other Tanakh
412234,1437001,513260,2 Chronicles,11,2,אל,prep,,C:divine-title-candidate,Other Tanakh
412235,1437001,513260,2 Chronicles,11,2,שמעיהו,nmpr,pers,A:person-candidate,Other Tanakh
412238,1437001,513260,2 Chronicles,11,2,אלהים,subs,,D:Elohim,Other Tanakh
412242,1437002,513262,2 Chronicles,11,3,אל,prep,,C:divine-title-candidate,Other Tanakh
412243,1437002,513262,2 Chronicles,11,3,רחבעם,nmpr,pers,A:person-candidate,Other Tanakh
412245,1437002,513262,2 Chronicles,11,3,שלמה,nmpr,pers,A:person-candidate,Other Tanakh
412246,1437002,513262,2 Chronicles,11,3,מלך,subs,,B:deity-candidate,Other Tanakh
412247,1437002,513262,2 Chronicles,11,3,יהודה,nmpr,"pers,gens,topo",F:unclassified-name,Other Tanakh
412249,1437002,513262,2 Chronicles,11,3,אל,prep,,C:divine-title-candidate,Other Tanakh
412251,1437002,513262,2 Chronicles,11,3,ישראל,nmpr,"pers,gens,topo",F:unclassified-name,Other Tanakh
412253,1437002,513262,2 Chronicles,11,3,יהודה,nmpr,"pers,gens,topo",F:unclassified-name,Other Tanakh
412255,1437002,513262,2 Chronicles,11,3,בנימן,nmpr,"pers,gens,topo",F:unclassified-name,Other Tanakh
412260,1437003,513264,2 Chronicles,11,4,יהוה,nmpr,pers,E:YHWH,Other Tanakh
412284,1437003,513270,2 Chronicles,11,4,יהוה,nmpr,pers,E:YHWH,Other Tanakh
412289,1437003,513272,2 Chronicles,11,4,אל,prep,,C:divine-title-candidate,Other Tanakh
412290,1437003,513272,2 Chronicles,11,4,ירבעם,nmpr,pers,A:person-candidate,Other Tanakh
412293,1437004,513273,2 Chronicles,11,5,רחבעם,nmpr,pers,A:person-candidate,Other Tanakh
412295,1437004,513273,2 Chronicles,11,5,ירושלם,nmpr,topo,F:unclassified-name,Other Tanakh
412302,1437004,513274,2 Chronicles,11,5,יהודה,nmpr,"pers,gens,topo",F:unclassified-name,Other Tanakh
412306,1437005,513275,2 Chronicles,11,6,בית לחם,nmpr,topo,F:unclassified-name,Other Tanakh
412309,1437005,513275,2 Chronicles,11,6,עיטם,nmpr,topo,F:unclassified-name,Other Tanakh
412312,1437005,513275,2 Chronicles,11,6,תקוע,nmpr,topo,F:unclassified-name,Other Tanakh
412315,1437006,513276,2 Chronicles,11,7,בית צור,nmpr,topo,F:unclassified-name,Other Tanakh
412318,1437006,513276,2 Chronicles,11,7,שוכה,nmpr,topo,F:unclassified-name,Other Tanakh
412321,1437006,513276,2 Chronicles,11,7,עדלם,nmpr,topo,F:unclassified-name,Other Tanakh
412324,1437007,513277,2 Chronicles,11,8,גת,nmpr,topo,F:unclassified-name,Other Tanakh
412327,1437007,513277,2 Chronicles,11,8,מרשה,nmpr,topo,F:unclassified-name,Other Tanakh
412330,1437007,513277,2 Chronicles,11,8,זיף,nmpr,topo,F:unclassified-name,Other Tanakh
412333,1437008,513278,2 Chronicles,11,9,אדורים,nmpr,topo,F:unclassified-name,Other Tanakh
412336,1437008,513278,2 Chronicles,11,9,לכיש,nmpr,topo,F:unclassified-name,Other Tanakh
412339,1437008,513278,2 Chronicles,11,9,עזקה,nmpr,topo,F:unclassified-name,Other Tanakh
412342,1437009,513279,2 Chronicles,11,10,צרעה,nmpr,topo,F:unclassified-name,Other Tanakh
412345,1437009,513279,2 Chronicles,11,10,אילון,nmpr,topo,F:unclassified-name,Other Tanakh
412348,1437009,513279,2 Chronicles,11,10,חברון,nmpr,topo,F:unclassified-name,Other Tanakh
412351,1437009,513280,2 Chronicles,11,10,יהודה,nmpr,"pers,gens,topo",F:unclassified-name,Other Tanakh
412354,1437009,513280,2 Chronicles,11,10,בנימן,nmpr,"pers,gens,topo",F:unclassified-name,Other Tanakh
412390,1437011,513286,2 Chronicles,11,12,יהודה,nmpr,"pers,gens,topo",F:unclassified-name,Other Tanakh
412392,1437011,513286,2 Chronicles,11,12,בנימן,nmpr,"pers,gens,topo",F:unclassified-name,Other Tanakh
412402,1437012,513288,2 Chronicles,11,13,ישראל,nmpr,"pers,gens,topo",F:unclassified-name,Other Tanakh
412419,1437013,513290,2 Chronicles,11,14,יהודה,nmpr,"pers,gens,topo",F:unclassified-name,Other Tanakh
412422,1437013,513290,2 Chronicles,11,14,ירושלם,nmpr,topo,F:unclassified-name,Other Tanakh
412425,1437013,513291,2 Chronicles,11,14,ירבעם,nmpr,pers,A:person-candidate,Other Tanakh
412431,1437013,513292,2 Chronicles,11,14,יהוה,nmpr,pers,E:YHWH,Other Tanakh
412454,1437015,513295,2 Chronicles,11,16,ישראל,nmpr,"pers,gens,topo",F:unclassified-name,Other Tanakh
412462,1437015,513297,2 Chronicles,11,16,יהוה,nmpr,pers,E:YHWH,Other Tanakh
412463,1437015,513297,2 Chronicles,11,16,אלהים,subs,,D:Elohim,Other Tanakh
412464,1437015,513297,2 Chronicles,11,16,ישראל,nmpr,"pers,gens,topo",F:unclassified-name,Other Tanakh
412466,1437015,513295,2 Chronicles,11,16,ירושלם,nmpr,topo,F:unclassified-name,Other Tanakh
412470,1437015,513298,2 Chronicles,11,16,יהוה,nmpr,pers,E:YHWH,Other Tanakh
412471,1437015,513298,2 Chronicles,11,16,אלהים,subs,,D:Elohim,Other Tanakh
412477,1437016,513299,2 Chronicles,11,17,יהודה,nmpr,"pers,gens,topo",F:unclassified-name,Other Tanakh
412481,1437016,513300,2 Chronicles,11,17,רחבעם,nmpr,pers,A:person-candidate,Other Tanakh
412483,1437016,513300,2 Chronicles,11,17,שלמה,nmpr,pers,A:person-candidate,Other Tanakh
412491,1437016,513301,2 Chronicles,11,17,דוד,nmpr,pers,A:person-candidate,Other Tanakh
412493,1437016,513301,2 Chronicles,11,17,שלמה,nmpr,pers,A:person-candidate,Other Tanakh
412500,1437017,513302,2 Chronicles,11,18,רחבעם,nmpr,pers,A:person-candidate,Other Tanakh
412503,1437017,513302,2 Chronicles,11,18,מחלת,nmpr,pers,A:person-candidate,Other Tanakh
412505,1437017,513302,2 Chronicles,11,18,ירימות,nmpr,pers,A:person-candidate,Other Tanakh
412507,1437017,513302,2 Chronicles,11,18,דוד,nmpr,pers,A:person-candidate,Other Tanakh
412508,1437017,513302,2 Chronicles,11,18,אביהיל,nmpr,pers,A:person-candidate,Other Tanakh
412510,1437017,513302,2 Chronicles,11,18,אליאב,nmpr,pers,A:person-candidate,Other Tanakh
412512,1437017,513302,2 Chronicles,11,18,ישי,nmpr,pers,A:person-candidate,Other Tanakh
412518,1437018,513303,2 Chronicles,11,19,יעוש,nmpr,pers,A:person-candidate,Other Tanakh
412521,1437018,513303,2 Chronicles,11,19,שמריה,nmpr,pers,A:person-candidate,Other Tanakh
412524,1437018,513303,2 Chronicles,11,19,זהם,nmpr,pers,A:person-candidate,Other Tanakh
412529,1437019,513304,2 Chronicles,11,20,מעכה,nmpr,pers,A:person-candidate,Other Tanakh
412531,1437019,513304,2 Chronicles,11,20,אבשלום,nmpr,pers,A:person-candidate,Other Tanakh
412536,1437019,513305,2 Chronicles,11,20,אביה,nmpr,pers,A:person-candidate,Other Tanakh
412539,1437019,513305,2 Chronicles,11,20,עתי,nmpr,pers,A:person-candidate,Other Tanakh
412542,1437019,513305,2 Chronicles,11,20,זיזא,nmpr,pers,A:person-candidate,Other Tanakh
412545,1437019,513305,2 Chronicles,11,20,שלמית,nmpr,pers,A:person-candidate,Other Tanakh
412548,1437020,513306,2 Chronicles,11,21,רחבעם,nmpr,pers,A:person-candidate,Other Tanakh
412550,1437020,513306,2 Chronicles,11,21,מעכה,nmpr,pers,A:person-candidate,Other Tanakh
412552,1437020,513306,2 Chronicles,11,21,אבשלום,nmpr,pers,A:person-candidate,Other Tanakh
412580,1437021,513310,2 Chronicles,11,22,רחבעם,nmpr,pers,A:person-candidate,Other Tanakh
412582,1437021,513310,2 Chronicles,11,22,אביה,nmpr,pers,A:person-candidate,Other Tanakh
412584,1437021,513310,2 Chronicles,11,22,מעכה,nmpr,pers,A:person-candidate,Other Tanakh
412591,1437021,513311,2 Chronicles,11,22,מלך,verb,,B:deity-candidate,Other Tanakh
412602,1437022,513313,2 Chronicles,11,23,יהודה,nmpr,"pers,gens,topo",F:unclassified-name,Other Tanakh
412604,1437022,513313,2 Chronicles,11,23,בנימן,nmpr,"pers,gens,topo",F:unclassified-name,Other Tanakh
412626,1437023,513317,2 Chronicles,12,1,רחבעם,nmpr,pers,A:person-candidate,Other Tanakh
412633,1437023,513319,2 Chronicles,12,1,יהוה,nmpr,pers,E:YHWH,Other Tanakh
412636,1437023,513320,2 Chronicles,12,1,ישראל,nmpr,"pers,gens,topo",F:unclassified-name,Other Tanakh
412647,1437024,513321,2 Chronicles,12,2,מלך,subs,,B:deity-candidate,Other Tanakh
412648,1437024,513321,2 Chronicles,12,2,רחבעם,nmpr,pers,A:person-candidate,Other Tanakh
412650,1437024,513322,2 Chronicles,12,2,שישק,nmpr,pers,A:person-candidate,Other Tanakh
412651,1437024,513322,2 Chronicles,12,2,מלך,subs,,B:deity-candidate,Other Tanakh
412652,1437024,513322,2 Chronicles,12,2,מצרים,nmpr,topo,F:unclassified-name,Other Tanakh
412654,1437024,513322,2 Chronicles,12,2,ירושלם,nmpr,topo,F:unclassified-name,Other Tanakh
412658,1437024,513323,2 Chronicles,12,2,יהוה,nmpr,pers,E:YHWH,Other Tanakh
412679,1437025,513325,2 Chronicles,12,3,מצרים,nmpr,topo,F:unclassified-name,Other Tanakh
412692,1437026,513328,2 Chronicles,12,4,יהודה,nmpr,"pers,gens,topo",F:unclassified-name,Other Tanakh
412696,1437026,513329,2 Chronicles,12,4,ירושלם,nmpr,topo,F:unclassified-name,Other Tanakh
412698,1437027,513330,2 Chronicles,12,5,שמעיה,nmpr,pers,A:person-candidate,Other Tanakh
412702,1437027,513330,2 Chronicles,12,5,אל,prep,,C:divine-title-candidate,Other Tanakh
412703,1437027,513330,2 Chronicles,12,5,רחבעם,nmpr,pers,A:person-candidate,Other Tanakh
412706,1437027,513330,2 Chronicles,12,5,יהודה,nmpr,"pers,gens,topo",F:unclassified-name,Other Tanakh
412709,1437027,513331,2 Chronicles,12,5,אל,prep,,C:divine-title-candidate,Other Tanakh
412710,1437027,513331,2 Chronicles,12,5,ירושלם,nmpr,topo,F:unclassified-name,Other Tanakh
412713,1437027,513331,2 Chronicles,12,5,שישק,nmpr,pers,A:person-candidate,Other Tanakh
412719,1437027,513333,2 Chronicles,12,5,יהוה,nmpr,pers,E:YHWH,Other Tanakh
412730,1437027,513335,2 Chronicles,12,5,שישק,nmpr,pers,A:person-candidate,Other Tanakh
412734,1437028,513336,2 Chronicles,12,6,ישראל,nmpr,"pers,gens,topo",F:unclassified-name,Other Tanakh
412737,1437028,513336,2 Chronicles,12,6,מלך,subs,,B:deity-candidate,Other Tanakh
412741,1437028,513338,2 Chronicles,12,6,יהוה,nmpr,pers,E:YHWH,Other Tanakh
412745,1437029,513340,2 Chronicles,12,7,יהוה,nmpr,pers,E:YHWH,Other Tanakh
412750,1437029,513339,2 Chronicles,12,7,יהוה,nmpr,pers,E:YHWH,Other Tanakh
412751,1437029,513339,2 Chronicles,12,7,אל,prep,,C:divine-title-candidate,Other Tanakh
412752,1437029,513339,2 Chronicles,12,7,שמעיה,nmpr,pers,A:person-candidate,Other Tanakh
412770,1437029,513346,2 Chronicles,12,7,ירושלם,nmpr,topo,F:unclassified-name,Other Tanakh
412773,1437029,513346,2 Chronicles,12,7,שישק,nmpr,pers,A:person-candidate,Other Tanakh
412789,1437031,513349,2 Chronicles,12,9,שישק,nmpr,pers,A:person-candidate,Other Tanakh
412790,1437031,513349,2 Chronicles,12,9,מלך,subs,,B:deity-candidate,Other Tanakh
412791,1437031,513349,2 Chronicles,12,9,מצרים,nmpr,topo,F:unclassified-name,Other Tanakh
412793,1437031,513349,2 Chronicles,12,9,ירושלם,nmpr,topo,F:unclassified-name,Other Tanakh
412799,1437031,513350,2 Chronicles,12,9,יהוה,nmpr,pers,E:YHWH,Other Tanakh
412805,1437031,513350,2 Chronicles,12,9,מלך,subs,,B:deity-candidate,Other Tanakh
412818,1437031,513353,2 Chronicles,12,9,שלמה,nmpr,pers,A:person-candidate,Other Tanakh
412822,1437032,513354,2 Chronicles,12,10,מלך,subs,,B:deity-candidate,Other Tanakh
412823,1437032,513354,2 Chronicles,12,10,רחבעם,nmpr,pers,A:person-candidate,Other Tanakh
412839,1437032,513356,2 Chronicles,12,10,מלך,subs,,B:deity-candidate,Other Tanakh
412846,1437033,513358,2 Chronicles,12,11,מלך,subs,,B:deity-candidate,Other Tanakh
412848,1437033,513358,2 Chronicles,12,11,יהוה,nmpr,pers,E:YHWH,Other Tanakh
412856,1437033,513361,2 Chronicles,12,11,אל,prep,,C:divine-title-candidate,Other Tanakh
412866,1437034,513362,2 Chronicles,12,12,יהוה,nmpr,pers,E:YHWH,Other Tanakh
412876,1437034,513366,2 Chronicles,12,12,יהודה,nmpr,"pers,gens,topo",F:unclassified-name,Other Tanakh
412883,1437035,513367,2 Chronicles,12,13,מלך,subs,,B:deity-candidate,Other Tanakh
412884,1437035,513367,2 Chronicles,12,13,רחבעם,nmpr,pers,A:person-candidate,Other Tanakh
412886,1437035,513367,2 Chronicles,12,13,ירושלם,nmpr,topo,F:unclassified-name,Other Tanakh
412888,1437035,513368,2 Chronicles,12,13,מלך,verb,,B:deity-candidate,Other Tanakh
412895,1437035,513369,2 Chronicles,12,13,רחבעם,nmpr,pers,A:person-candidate,Other Tanakh
412897,1437035,513370,2 Chronicles,12,13,מלך,verb,,B:deity-candidate,Other Tanakh
412902,1437035,513371,2 Chronicles,12,13,מלך,verb,,B:deity-candidate,Other Tanakh
412904,1437035,513371,2 Chronicles,12,13,ירושלם,nmpr,topo,F:unclassified-name,Other Tanakh
412909,1437035,513372,2 Chronicles,12,13,יהוה,nmpr,pers,E:YHWH,Other Tanakh
412918,1437035,513372,2 Chronicles,12,13,ישראל,nmpr,"pers,gens,topo",F:unclassified-name,Other Tanakh
412922,1437035,513374,2 Chronicles,12,13,נעמה,nmpr,pers,A:person-candidate,Other Tanakh
412936,1437036,513377,2 Chronicles,12,14,יהוה,nmpr,pers,E:YHWH,Other Tanakh
412939,1437037,513378,2 Chronicles,12,15,רחבעם,nmpr,pers,A:person-candidate,Other Tanakh
412951,1437037,513379,2 Chronicles,12,15,שמעיה,nmpr,pers,A:person-candidate,Other Tanakh
412955,1437037,513379,2 Chronicles,12,15,עדו,nmpr,pers,A:person-candidate,Other Tanakh
412962,1437037,513381,2 Chronicles,12,15,רחבעם,nmpr,pers,A:person-candidate,Other Tanakh
412964,1437037,513381,2 Chronicles,12,15,ירבעם,nmpr,pers,A:person-candidate,Other Tanakh
412970,1437038,513382,2 Chronicles,12,16,רחבעם,nmpr,pers,A:person-candidate,Other Tanakh
412977,1437038,513383,2 Chronicles,12,16,דוד,nmpr,pers,A:person-candidate,Other Tanakh
412979,1437038,513384,2 Chronicles,12,16,מלך,verb,,B:deity-candidate,Other Tanakh
412980,1437038,513384,2 Chronicles,12,16,אביה,nmpr,pers,A:person-candidate,Other Tanakh
412989,1437039,513385,2 Chronicles,13,1,מלך,subs,,B:deity-candidate,Other Tanakh
412990,1437039,513385,2 Chronicles,13,1,ירבעם,nmpr,pers,A:person-candidate,Other Tanakh
412992,1437039,513386,2 Chronicles,13,1,מלך,verb,,B:deity-candidate,Other Tanakh
412993,1437039,513386,2 Chronicles,13,1,אביה,nmpr,pers,A:person-candidate,Other Tanakh
412995,1437039,513386,2 Chronicles,13,1,יהודה,nmpr,"pers,gens,topo",F:unclassified-name,Other Tanakh
412998,1437040,513387,2 Chronicles,13,2,מלך,verb,,B:deity-candidate,Other Tanakh
413000,1437040,513387,2 Chronicles,13,2,ירושלם,nmpr,topo,F:unclassified-name,Other Tanakh
413004,1437040,513388,2 Chronicles,13,2,מיכיהו,nmpr,pers,A:person-candidate,Other Tanakh
413006,1437040,513388,2 Chronicles,13,2,אוריאל,nmpr,pers,A:person-candidate,Other Tanakh
413008,1437040,513388,2 Chronicles,13,2,גבעה,nmpr,topo,F:unclassified-name,Other Tanakh
413013,1437040,513389,2 Chronicles,13,2,אביה,nmpr,pers,A:person-candidate,Other Tanakh
413016,1437040,513389,2 Chronicles,13,2,ירבעם,nmpr,pers,A:person-candidate,Other Tanakh
413019,1437041,513390,2 Chronicles,13,3,אביה,nmpr,pers,A:person-candidate,Other Tanakh
413033,1437041,513391,2 Chronicles,13,3,ירבעם,nmpr,pers,A:person-candidate,Other Tanakh
413047,1437042,513392,2 Chronicles,13,4,אביה,nmpr,pers,A:person-candidate,Other Tanakh
413052,1437042,513392,2 Chronicles,13,4,צמרים,nmpr,topo,F:unclassified-name,Other Tanakh
413056,1437042,513393,2 Chronicles,13,4,אפרים,nmpr,"pers,gens,topo",F:unclassified-name,Other Tanakh
413060,1437042,513396,2 Chronicles,13,4,ירבעם,nmpr,pers,A:person-candidate,Other Tanakh
413063,1437042,513396,2 Chronicles,13,4,ישראל,nmpr,"pers,gens,topo",F:unclassified-name,Other Tanakh
413070,1437043,513399,2 Chronicles,13,5,יהוה,nmpr,pers,E:YHWH,Other Tanakh
413071,1437043,513399,2 Chronicles,13,5,אלהים,subs,,D:Elohim,Other Tanakh
413072,1437043,513399,2 Chronicles,13,5,ישראל,nmpr,"pers,gens,topo",F:unclassified-name,Other Tanakh
413076,1437043,513399,2 Chronicles,13,5,דוד,nmpr,pers,A:person-candidate,Other Tanakh
413078,1437043,513399,2 Chronicles,13,5,ישראל,nmpr,"pers,gens,topo",F:unclassified-name,Other Tanakh
413089,1437044,513401,2 Chronicles,13,6,ירבעם,nmpr,pers,A:person-candidate,Other Tanakh
413091,1437044,513401,2 Chronicles,13,6,נבט,nmpr,pers,A:person-candidate,Other Tanakh
413093,1437044,513401,2 Chronicles,13,6,שלמה,nmpr,pers,A:person-candidate,Other Tanakh
413095,1437044,513401,2 Chronicles,13,6,דוד,nmpr,pers,A:person-candidate,Other Tanakh
413110,1437045,513404,2 Chronicles,13,7,רחבעם,nmpr,pers,A:person-candidate,Other Tanakh
413112,1437045,513404,2 Chronicles,13,7,שלמה,nmpr,pers,A:person-candidate,Other Tanakh
413114,1437045,513405,2 Chronicles,13,7,רחבעם,nmpr,pers,A:person-candidate,Other Tanakh
413134,1437046,513409,2 Chronicles,13,8,יהוה,nmpr,pers,E:YHWH,Other Tanakh
413138,1437046,513409,2 Chronicles,13,8,דוד,nmpr,pers,A:person-candidate,Other Tanakh
413150,1437046,513412,2 Chronicles,13,8,ירבעם,nmpr,pers,A:person-candidate,Other Tanakh
413152,1437046,513412,2 Chronicles,13,8,אלהים,subs,,D:Elohim,Other Tanakh
413158,1437047,513413,2 Chronicles,13,9,יהוה,nmpr,pers,E:YHWH,Other Tanakh
413161,1437047,513413,2 Chronicles,13,9,אהרן,nmpr,pers,A:person-candidate,Other Tanakh
413191,1437047,513418,2 Chronicles,13,9,אלהים,subs,,D:Elohim,Other Tanakh
413194,1437048,513420,2 Chronicles,13,10,יהוה,nmpr,pers,E:YHWH,Other Tanakh
413195,1437048,513420,2 Chronicles,13,10,אלהים,subs,,D:Elohim,Other Tanakh
413203,1437048,513423,2 Chronicles,13,10,יהוה,nmpr,pers,E:YHWH,Other Tanakh
413205,1437048,513422,2 Chronicles,13,10,אהרן,nmpr,pers,A:person-candidate,Other Tanakh
413215,1437049,513425,2 Chronicles,13,11,יהוה,nmpr,pers,E:YHWH,Other Tanakh
413260,1437049,513429,2 Chronicles,13,11,יהוה,nmpr,pers,E:YHWH,Other Tanakh
413261,1437049,513429,2 Chronicles,13,11,אלהים,subs,,D:Elohim,Other Tanakh
413273,1437050,513432,2 Chronicles,13,12,אלהים,subs,,D:Elohim,Other Tanakh
413284,1437050,513435,2 Chronicles,13,12,ישראל,nmpr,"pers,gens,topo",F:unclassified-name,Other Tanakh
413285,1437050,513436,2 Chronicles,13,12,אל,nega,,C:divine-title-candidate,Other Tanakh
413288,1437050,513436,2 Chronicles,13,12,יהוה,nmpr,pers,E:YHWH,Other Tanakh
413289,1437050,513436,2 Chronicles,13,12,אלהים,subs,,D:Elohim,Other Tanakh
413295,1437051,513438,2 Chronicles,13,13,ירבעם,nmpr,pers,A:person-candidate,Other Tanakh
413308,1437051,513440,2 Chronicles,13,13,יהודה,nmpr,"pers,gens,topo",F:unclassified-name,Other Tanakh
413316,1437052,513442,2 Chronicles,13,14,יהודה,nmpr,"pers,gens,topo",F:unclassified-name,Other Tanakh
413328,1437052,513445,2 Chronicles,13,14,יהוה,nmpr,pers,E:YHWH,Other Tanakh
413338,1437053,513447,2 Chronicles,13,15,יהודה,nmpr,"pers,gens,topo",F:unclassified-name,Other Tanakh
413344,1437053,513449,2 Chronicles,13,15,יהודה,nmpr,"pers,gens,topo",F:unclassified-name,Other Tanakh
413347,1437053,513450,2 Chronicles,13,15,אלהים,subs,,D:Elohim,Other Tanakh
413350,1437053,513450,2 Chronicles,13,15,ירבעם,nmpr,pers,A:person-candidate,Other Tanakh
413353,1437053,513450,2 Chronicles,13,15,ישראל,nmpr,"pers,gens,topo",F:unclassified-name,Other Tanakh
413356,1437053,513450,2 Chronicles,13,15,אביה,nmpr,pers,A:person-candidate,Other Tanakh
413358,1437053,513450,2 Chronicles,13,15,יהודה,nmpr,"pers,gens,topo",F:unclassified-name,Other Tanakh
413362,1437054,513451,2 Chronicles,13,16,ישראל,nmpr,"pers,gens,topo",F:unclassified-name,Other Tanakh
413365,1437054,513451,2 Chronicles,13,16,יהודה,nmpr,"pers,gens,topo",F:unclassified-name,Other Tanakh
413368,1437054,513452,2 Chronicles,13,16,אלהים,subs,,D:Elohim,Other Tanakh
413374,1437055,513453,2 Chronicles,13,17,אביה,nmpr,pers,A:person-candidate,Other Tanakh
413383,1437055,513454,2 Chronicles,13,17,ישראל,nmpr,"pers,gens,topo",F:unclassified-name,Other Tanakh
413392,1437056,513455,2 Chronicles,13,18,ישראל,nmpr,"pers,gens,topo",F:unclassified-name,Other Tanakh
413401,1437056,513456,2 Chronicles,13,18,יהודה,nmpr,"pers,gens,topo",F:unclassified-name,Other Tanakh
413405,1437056,513457,2 Chronicles,13,18,יהוה,nmpr,pers,E:YHWH,Other Tanakh
413406,1437056,513457,2 Chronicles,13,18,אלהים,subs,,D:Elohim,Other Tanakh
413410,1437057,513458,2 Chronicles,13,19,אביה,nmpr,pers,A:person-candidate,Other Tanakh
413412,1437057,513458,2 Chronicles,13,19,ירבעם,nmpr,pers,A:person-candidate,Other Tanakh
413418,1437057,513459,2 Chronicles,13,19,בית אל,nmpr,topo,F:unclassified-name,Other Tanakh
413424,1437057,513459,2 Chronicles,13,19,ישנה,nmpr,topo,F:unclassified-name,Other Tanakh
413430,1437057,513459,2 Chronicles,13,19,עפרין,nmpr,topo,F:unclassified-name,Other Tanakh
413437,1437058,513460,2 Chronicles,13,20,ירבעם,nmpr,pers,A:person-candidate,Other Tanakh
413441,1437058,513460,2 Chronicles,13,20,אביהו,nmpr,pers,A:person-candidate,Other Tanakh
413444,1437058,513461,2 Chronicles,13,20,יהוה,nmpr,pers,E:YHWH,Other Tanakh
413449,1437059,513463,2 Chronicles,13,21,אביהו,nmpr,pers,A:person-candidate,Other Tanakh
413469,1437060,513466,2 Chronicles,13,22,אביה,nmpr,pers,A:person-candidate,Other Tanakh
413479,1437060,513466,2 Chronicles,13,22,עדו,nmpr,pers,A:person-candidate,Other Tanakh
413482,1437061,513467,2 Chronicles,13,23,אביה,nmpr,pers,A:person-candidate,Other Tanakh
413490,1437061,513468,2 Chronicles,13,23,דוד,nmpr,pers,A:person-candidate,Other Tanakh
413492,1437061,513469,2 Chronicles,13,23,מלך,verb,,B:deity-candidate,Other Tanakh
413493,1437061,513469,2 Chronicles,13,23,אסא,nmpr,pers,A:person-candidate,Other Tanakh
413505,1437062,513471,2 Chronicles,14,1,אסא,nmpr,pers,A:person-candidate,Other Tanakh
413513,1437062,513473,2 Chronicles,14,1,יהוה,nmpr,pers,E:YHWH,Other Tanakh
413514,1437062,513473,2 Chronicles,14,1,אלהים,subs,,D:Elohim,Other Tanakh
413537,1437064,513477,2 Chronicles,14,3,יהודה,nmpr,"pers,gens,topo",F:unclassified-name,Other Tanakh
413541,1437064,513478,2 Chronicles,14,3,יהוה,nmpr,pers,E:YHWH,Other Tanakh
413542,1437064,513478,2 Chronicles,14,3,אלהים,subs,,D:Elohim,Other Tanakh
413557,1437065,513480,2 Chronicles,14,4,יהודה,nmpr,"pers,gens,topo",F:unclassified-name,Other Tanakh
413576,1437066,513482,2 Chronicles,14,5,יהודה,nmpr,"pers,gens,topo",F:unclassified-name,Other Tanakh
413592,1437066,513485,2 Chronicles,14,5,יהוה,nmpr,pers,E:YHWH,Other Tanakh
413597,1437067,513486,2 Chronicles,14,6,יהודה,nmpr,"pers,gens,topo",F:unclassified-name,Other Tanakh
413620,1437067,513491,2 Chronicles,14,6,יהוה,nmpr,pers,E:YHWH,Other Tanakh
413621,1437067,513491,2 Chronicles,14,6,אלהים,subs,,D:Elohim,Other Tanakh
413635,1437068,513496,2 Chronicles,14,7,אסא,nmpr,pers,A:person-candidate,Other Tanakh
413642,1437068,513498,2 Chronicles,14,7,יהודה,nmpr,"pers,gens,topo",F:unclassified-name,Other Tanakh
413648,1437068,513499,2 Chronicles,14,7,בנימן,nmpr,"pers,gens,topo",F:unclassified-name,Other Tanakh
413664,1437069,513501,2 Chronicles,14,8,אל,prep,,C:divine-title-candidate,Other Tanakh
413665,1437069,513501,2 Chronicles,14,8,זרח,nmpr,pers,A:person-candidate,Other Tanakh
413679,1437069,513502,2 Chronicles,14,8,מרשה,nmpr,topo,F:unclassified-name,Other Tanakh
413682,1437070,513503,2 Chronicles,14,9,אסא,nmpr,pers,A:person-candidate,Other Tanakh
413690,1437070,513504,2 Chronicles,14,9,צפתה,nmpr,topo,F:unclassified-name,Other Tanakh
413692,1437070,513504,2 Chronicles,14,9,מרשה,nmpr,topo,F:unclassified-name,Other Tanakh
413695,1437071,513505,2 Chronicles,14,10,אסא,nmpr,pers,A:person-candidate,Other Tanakh
413696,1437071,513505,2 Chronicles,14,10,אל,prep,,C:divine-title-candidate,Other Tanakh
413697,1437071,513505,2 Chronicles,14,10,יהוה,nmpr,pers,E:YHWH,Other Tanakh
413698,1437071,513505,2 Chronicles,14,10,אלהים,subs,,D:Elohim,Other Tanakh
413701,1437071,513507,2 Chronicles,14,10,יהוה,nmpr,pers,E:YHWH,Other Tanakh
413712,1437071,513511,2 Chronicles,14,10,יהוה,nmpr,pers,E:YHWH,Other Tanakh
413713,1437071,513511,2 Chronicles,14,10,אלהים,subs,,D:Elohim,Other Tanakh
413726,1437071,513514,2 Chronicles,14,10,יהוה,nmpr,pers,E:YHWH,Other Tanakh
413727,1437071,513515,2 Chronicles,14,10,אלהים,subs,,D:Elohim,Other Tanakh
413729,1437071,513516,2 Chronicles,14,10,אל,nega,,C:divine-title-candidate,Other Tanakh
413735,1437072,513517,2 Chronicles,14,11,יהוה,nmpr,pers,E:YHWH,Other Tanakh
413741,1437072,513517,2 Chronicles,14,11,אסא,nmpr,pers,A:person-candidate,Other Tanakh
413745,1437072,513517,2 Chronicles,14,11,יהודה,nmpr,"pers,gens,topo",F:unclassified-name,Other Tanakh
413752,1437073,513519,2 Chronicles,14,12,אסא,nmpr,pers,A:person-candidate,Other Tanakh
413760,1437073,513519,2 Chronicles,14,12,גרר,nmpr,topo,F:unclassified-name,Other Tanakh
413773,1437073,513523,2 Chronicles,14,12,יהוה,nmpr,pers,E:YHWH,Other Tanakh
413790,1437074,513525,2 Chronicles,14,13,גרר,nmpr,topo,F:unclassified-name,Other Tanakh
413794,1437074,513526,2 Chronicles,14,13,יהוה,nmpr,pers,E:YHWH,Other Tanakh
413821,1437075,513531,2 Chronicles,14,14,ירושלם,nmpr,topo,F:unclassified-name,Other Tanakh
413823,1437076,513532,2 Chronicles,15,1,עזריהו,nmpr,pers,A:person-candidate,Other Tanakh
413825,1437076,513532,2 Chronicles,15,1,עדד,nmpr,pers,A:person-candidate,Other Tanakh
413829,1437076,513533,2 Chronicles,15,1,אלהים,subs,,D:Elohim,Other Tanakh
413834,1437077,513534,2 Chronicles,15,2,אסא,nmpr,pers,A:person-candidate,Other Tanakh
413839,1437077,513537,2 Chronicles,15,2,אסא,nmpr,pers,A:person-candidate,Other Tanakh
413842,1437077,513537,2 Chronicles,15,2,יהודה,nmpr,"pers,gens,topo",F:unclassified-name,Other Tanakh
413844,1437077,513537,2 Chronicles,15,2,בנימן,nmpr,"pers,gens,topo",F:unclassified-name,Other Tanakh
413845,1437077,513538,2 Chronicles,15,2,יהוה,nmpr,pers,E:YHWH,Other Tanakh
413864,1437078,513544,2 Chronicles,15,3,ישראל,nmpr,"pers,gens,topo",F:unclassified-name,Other Tanakh
413867,1437078,513544,2 Chronicles,15,3,אלהים,subs,,D:Elohim,Other Tanakh
413885,1437079,513545,2 Chronicles,15,4,יהוה,nmpr,pers,E:YHWH,Other Tanakh
413886,1437079,513545,2 Chronicles,15,4,אלהים,subs,,D:Elohim,Other Tanakh
413887,1437079,513545,2 Chronicles,15,4,ישראל,nmpr,"pers,gens,topo",F:unclassified-name,Other Tanakh
413926,1437081,513553,2 Chronicles,15,6,אלהים,subs,,D:Elohim,Other Tanakh
413935,1437082,513555,2 Chronicles,15,7,אל,nega,,C:divine-title-candidate,Other Tanakh
413946,1437083,513558,2 Chronicles,15,8,אסא,nmpr,pers,A:person-candidate,Other Tanakh
413954,1437083,513558,2 Chronicles,15,8,עדד,nmpr,pers,A:person-candidate,Other Tanakh
413965,1437083,513559,2 Chronicles,15,8,יהודה,nmpr,"pers,gens,topo",F:unclassified-name,Other Tanakh
413967,1437083,513559,2 Chronicles,15,8,בנימן,nmpr,"pers,gens,topo",F:unclassified-name,Other Tanakh
413976,1437083,513560,2 Chronicles,15,8,אפרים,nmpr,"pers,gens,topo",F:unclassified-name,Other Tanakh
413981,1437083,513561,2 Chronicles,15,8,יהוה,nmpr,pers,E:YHWH,Other Tanakh
413986,1437083,513562,2 Chronicles,15,8,יהוה,nmpr,pers,E:YHWH,Other Tanakh
413991,1437084,513563,2 Chronicles,15,9,יהודה,nmpr,"pers,gens,topo",F:unclassified-name,Other Tanakh
413993,1437084,513563,2 Chronicles,15,9,בנימן,nmpr,"pers,gens,topo",F:unclassified-name,Other Tanakh
413999,1437084,513563,2 Chronicles,15,9,אפרים,nmpr,"pers,gens,topo",F:unclassified-name,Other Tanakh
414001,1437084,513563,2 Chronicles,15,9,מנשה,nmpr,"pers,gens",F:unclassified-name,Other Tanakh
414004,1437084,513563,2 Chronicles,15,9,שמעון,nmpr,"pers,gens,topo",F:unclassified-name,Other Tanakh
414009,1437084,513564,2 Chronicles,15,9,ישראל,nmpr,"pers,gens,topo",F:unclassified-name,Other Tanakh
414015,1437084,513566,2 Chronicles,15,9,יהוה,nmpr,pers,E:YHWH,Other Tanakh
414016,1437084,513566,2 Chronicles,15,9,אלהים,subs,,D:Elohim,Other Tanakh
414020,1437085,513567,2 Chronicles,15,10,ירושלם,nmpr,topo,F:unclassified-name,Other Tanakh
414032,1437085,513567,2 Chronicles,15,10,אסא,nmpr,pers,A:person-candidate,Other Tanakh
414036,1437086,513568,2 Chronicles,15,11,יהוה,nmpr,pers,E:YHWH,Other Tanakh
414061,1437087,513571,2 Chronicles,15,12,יהוה,nmpr,pers,E:YHWH,Other Tanakh
414062,1437087,513571,2 Chronicles,15,12,אלהים,subs,,D:Elohim,Other Tanakh
414077,1437088,513573,2 Chronicles,15,13,יהוה,nmpr,pers,E:YHWH,Other Tanakh
414078,1437088,513573,2 Chronicles,15,13,אלהים,subs,,D:Elohim,Other Tanakh
414079,1437088,513573,2 Chronicles,15,13,ישראל,nmpr,"pers,gens,topo",F:unclassified-name,Other Tanakh
414096,1437089,513574,2 Chronicles,15,14,יהוה,nmpr,pers,E:YHWH,Other Tanakh
414112,1437090,513575,2 Chronicles,15,15,יהודה,nmpr,"pers,gens,topo",F:unclassified-name,Other Tanakh
414131,1437090,513579,2 Chronicles,15,15,יהוה,nmpr,pers,E:YHWH,Other Tanakh
414137,1437091,513580,2 Chronicles,15,16,מעכה,nmpr,pers,A:person-candidate,Other Tanakh
414139,1437091,513580,2 Chronicles,15,16,אסא,nmpr,pers,A:person-candidate,Other Tanakh
414141,1437091,513580,2 Chronicles,15,16,מלך,subs,,B:deity-candidate,Other Tanakh
414152,1437091,513583,2 Chronicles,15,16,אסא,nmpr,pers,A:person-candidate,Other Tanakh
414161,1437091,513585,2 Chronicles,15,16,קדרון,nmpr,topo,F:unclassified-name,Other Tanakh
414168,1437092,513586,2 Chronicles,15,17,ישראל,nmpr,"pers,gens,topo",F:unclassified-name,Other Tanakh
414171,1437092,513587,2 Chronicles,15,17,אסא,nmpr,pers,A:person-candidate,Other Tanakh
414185,1437093,513588,2 Chronicles,15,18,אלהים,subs,,D:Elohim,Other Tanakh
414202,1437094,513589,2 Chronicles,15,19,אסא,nmpr,pers,A:person-candidate,Other Tanakh
414210,1437095,513590,2 Chronicles,16,1,אסא,nmpr,pers,A:person-candidate,Other Tanakh
414212,1437095,513590,2 Chronicles,16,1,בעשא,nmpr,pers,A:person-candidate,Other Tanakh
414213,1437095,513590,2 Chronicles,16,1,מלך,subs,,B:deity-candidate,Other Tanakh
414214,1437095,513590,2 Chronicles,16,1,ישראל,nmpr,"pers,gens,topo",F:unclassified-name,Other Tanakh
414216,1437095,513590,2 Chronicles,16,1,יהודה,nmpr,"pers,gens,topo",F:unclassified-name,Other Tanakh
414221,1437095,513591,2 Chronicles,16,1,רמה,nmpr,topo,F:unclassified-name,Other Tanakh
414229,1437095,513592,2 Chronicles,16,1,אסא,nmpr,pers,A:person-candidate,Other Tanakh
414230,1437095,513592,2 Chronicles,16,1,מלך,subs,,B:deity-candidate,Other Tanakh
414231,1437095,513592,2 Chronicles,16,1,יהודה,nmpr,"pers,gens,topo",F:unclassified-name,Other Tanakh
414234,1437096,513593,2 Chronicles,16,2,אסא,nmpr,pers,A:person-candidate,Other Tanakh
414241,1437096,513593,2 Chronicles,16,2,יהוה,nmpr,pers,E:YHWH,Other Tanakh
414245,1437096,513593,2 Chronicles,16,2,מלך,subs,,B:deity-candidate,Other Tanakh
414248,1437096,513594,2 Chronicles,16,2,אל,prep,,C:divine-title-candidate,Other Tanakh
414249,1437096,513594,2 Chronicles,16,2,בן הדד,nmpr,pers,A:person-candidate,Other Tanakh
414250,1437096,513594,2 Chronicles,16,2,מלך,subs,,B:deity-candidate,Other Tanakh
414251,1437096,513594,2 Chronicles,16,2,ארם,nmpr,topo,F:unclassified-name,Other Tanakh
414255,1437096,513595,2 Chronicles,16,2,דרמשק,nmpr,topo,F:unclassified-name,Other Tanakh
414278,1437097,513600,2 Chronicles,16,3,בעשא,nmpr,pers,A:person-candidate,Other Tanakh
414279,1437097,513600,2 Chronicles,16,3,מלך,subs,,B:deity-candidate,Other Tanakh
414280,1437097,513600,2 Chronicles,16,3,ישראל,nmpr,"pers,gens,topo",F:unclassified-name,Other Tanakh
414287,1437098,513602,2 Chronicles,16,4,בן הדד,nmpr,pers,A:person-candidate,Other Tanakh
414288,1437098,513602,2 Chronicles,16,4,אל,prep,,C:divine-title-candidate,Other Tanakh
414290,1437098,513602,2 Chronicles,16,4,מלך,subs,,B:deity-candidate,Other Tanakh
414291,1437098,513602,2 Chronicles,16,4,אסא,nmpr,pers,A:person-candidate,Other Tanakh
414300,1437098,513603,2 Chronicles,16,4,אל,prep,,C:divine-title-candidate,Other Tanakh
414302,1437098,513603,2 Chronicles,16,4,ישראל,nmpr,"pers,gens,topo",F:unclassified-name,Other Tanakh
414306,1437098,513605,2 Chronicles,16,4,עיון,nmpr,topo,F:unclassified-name,Other Tanakh
414309,1437098,513605,2 Chronicles,16,4,דן,nmpr,"pers,gens,topo",F:unclassified-name,Other Tanakh
414312,1437098,513605,2 Chronicles,16,4,אבל מים,nmpr,topo,F:unclassified-name,Other Tanakh
414318,1437098,513605,2 Chronicles,16,4,נפתלי,nmpr,"pers,gens,topo",F:unclassified-name,Other Tanakh
414323,1437099,513607,2 Chronicles,16,5,בעשא,nmpr,pers,A:person-candidate,Other Tanakh
414330,1437099,513609,2 Chronicles,16,5,רמה,nmpr,topo,F:unclassified-name,Other Tanakh
414336,1437100,513611,2 Chronicles,16,6,אסא,nmpr,pers,A:person-candidate,Other Tanakh
414338,1437100,513611,2 Chronicles,16,6,מלך,subs,,B:deity-candidate,Other Tanakh
414342,1437100,513611,2 Chronicles,16,6,יהודה,nmpr,"pers,gens,topo",F:unclassified-name,Other Tanakh
414348,1437100,513612,2 Chronicles,16,6,רמה,nmpr,topo,F:unclassified-name,Other Tanakh
414354,1437100,513613,2 Chronicles,16,6,בעשא,nmpr,pers,A:person-candidate,Other Tanakh
414359,1437100,513614,2 Chronicles,16,6,גבע,nmpr,topo,F:unclassified-name,Other Tanakh
414363,1437100,513614,2 Chronicles,16,6,מצפה,nmpr,topo,F:unclassified-name,Other Tanakh
414371,1437101,513615,2 Chronicles,16,7,חנני,nmpr,pers,A:person-candidate,Other Tanakh
414374,1437101,513615,2 Chronicles,16,7,אל,prep,,C:divine-title-candidate,Other Tanakh
414375,1437101,513615,2 Chronicles,16,7,אסא,nmpr,pers,A:person-candidate,Other Tanakh
414376,1437101,513615,2 Chronicles,16,7,מלך,subs,,B:deity-candidate,Other Tanakh
414377,1437101,513615,2 Chronicles,16,7,יהודה,nmpr,"pers,gens,topo",F:unclassified-name,Other Tanakh
414380,1437101,513616,2 Chronicles,16,7,אל,prep,,C:divine-title-candidate,Other Tanakh
414384,1437101,513617,2 Chronicles,16,7,מלך,subs,,B:deity-candidate,Other Tanakh
414385,1437101,513617,2 Chronicles,16,7,ארם,nmpr,topo,F:unclassified-name,Other Tanakh
414390,1437101,513618,2 Chronicles,16,7,יהוה,nmpr,pers,E:YHWH,Other Tanakh
414391,1437101,513618,2 Chronicles,16,7,אלהים,subs,,D:Elohim,Other Tanakh
414396,1437101,513619,2 Chronicles,16,7,מלך,subs,,B:deity-candidate,Other Tanakh
414397,1437101,513619,2 Chronicles,16,7,ארם,nmpr,topo,F:unclassified-name,Other Tanakh
414424,1437102,513623,2 Chronicles,16,8,יהוה,nmpr,pers,E:YHWH,Other Tanakh
414429,1437103,513624,2 Chronicles,16,9,יהוה,nmpr,pers,E:YHWH,Other Tanakh
414441,1437103,513627,2 Chronicles,16,9,אל,prep,,C:divine-title-candidate,Other Tanakh
414453,1437104,513630,2 Chronicles,16,10,אסא,nmpr,pers,A:person-candidate,Other Tanakh
414454,1437104,513630,2 Chronicles,16,10,אל,prep,,C:divine-title-candidate,Other Tanakh
414470,1437104,513633,2 Chronicles,16,10,אסא,nmpr,pers,A:person-candidate,Other Tanakh
414482,1437105,513634,2 Chronicles,16,11,אסא,nmpr,pers,A:person-candidate,Other Tanakh
414493,1437105,513635,2 Chronicles,16,11,מלך,subs,,B:deity-candidate,Other Tanakh
414495,1437105,513635,2 Chronicles,16,11,יהודה,nmpr,"pers,gens,topo",F:unclassified-name,Other Tanakh
414497,1437105,513635,2 Chronicles,16,11,ישראל,nmpr,"pers,gens,topo",F:unclassified-name,Other Tanakh
414500,1437106,513636,2 Chronicles,16,12,אסא,nmpr,pers,A:person-candidate,Other Tanakh
414521,1437106,513638,2 Chronicles,16,12,יהוה,nmpr,pers,E:YHWH,Other Tanakh
414528,1437107,513640,2 Chronicles,16,13,אסא,nmpr,pers,A:person-candidate,Other Tanakh
414539,1437107,513642,2 Chronicles,16,13,מלך,verb,,B:deity-candidate,Other Tanakh
414549,1437108,513644,2 Chronicles,16,14,דוד,nmpr,pers,A:person-candidate,Other Tanakh
414573,1437109,513649,2 Chronicles,17,1,מלך,verb,,B:deity-candidate,Other Tanakh
414574,1437109,513649,2 Chronicles,17,1,יהושפט,nmpr,pers,A:person-candidate,Other Tanakh
414580,1437109,513650,2 Chronicles,17,1,ישראל,nmpr,"pers,gens,topo",F:unclassified-name,Other Tanakh
414587,1437110,513651,2 Chronicles,17,2,יהודה,nmpr,"pers,gens,topo",F:unclassified-name,Other Tanakh
414595,1437110,513652,2 Chronicles,17,2,יהודה,nmpr,"pers,gens,topo",F:unclassified-name,Other Tanakh
414599,1437110,513652,2 Chronicles,17,2,אפרים,nmpr,"pers,gens,topo",F:unclassified-name,Other Tanakh
414602,1437110,513653,2 Chronicles,17,2,אסא,nmpr,pers,A:person-candidate,Other Tanakh
414606,1437111,513654,2 Chronicles,17,3,יהוה,nmpr,pers,E:YHWH,Other Tanakh
414608,1437111,513654,2 Chronicles,17,3,יהושפט,nmpr,pers,A:person-candidate,Other Tanakh
414613,1437111,513655,2 Chronicles,17,3,דוד,nmpr,pers,A:person-candidate,Other Tanakh
414622,1437111,513656,2 Chronicles,17,3,בעל,subs,,B:deity-candidate,Other Tanakh
414625,1437112,513657,2 Chronicles,17,4,אלהים,subs,,D:Elohim,Other Tanakh
414636,1437112,513659,2 Chronicles,17,4,ישראל,nmpr,"pers,gens,topo",F:unclassified-name,Other Tanakh
414639,1437113,513660,2 Chronicles,17,5,יהוה,nmpr,pers,E:YHWH,Other Tanakh
414648,1437113,513661,2 Chronicles,17,5,יהודה,nmpr,"pers,gens,topo",F:unclassified-name,Other Tanakh
414651,1437113,513661,2 Chronicles,17,5,יהושפט,nmpr,pers,A:person-candidate,Other Tanakh
414665,1437114,513663,2 Chronicles,17,6,יהוה,nmpr,pers,E:YHWH,Other Tanakh
414677,1437114,513664,2 Chronicles,17,6,יהודה,nmpr,"pers,gens,topo",F:unclassified-name,Other Tanakh
414683,1437115,513666,2 Chronicles,17,7,מלך,verb,,B:deity-candidate,Other Tanakh
414688,1437115,513665,2 Chronicles,17,7,בן חיל,nmpr,pers,A:person-candidate,Other Tanakh
414691,1437115,513665,2 Chronicles,17,7,עבדיה,nmpr,pers,A:person-candidate,Other Tanakh
414694,1437115,513665,2 Chronicles,17,7,זכריה,nmpr,pers,A:person-candidate,Other Tanakh
414697,1437115,513665,2 Chronicles,17,7,נתנאל,nmpr,pers,A:person-candidate,Other Tanakh
414700,1437115,513665,2 Chronicles,17,7,מיכיהו,nmpr,pers,A:person-candidate,Other Tanakh
414705,1437115,513667,2 Chronicles,17,7,יהודה,nmpr,"pers,gens,topo",F:unclassified-name,Other Tanakh
414710,1437116,513668,2 Chronicles,17,8,שמעיהו,nmpr,pers,A:person-candidate,Other Tanakh
414712,1437116,513668,2 Chronicles,17,8,נתניהו,nmpr,pers,A:person-candidate,Other Tanakh
414714,1437116,513668,2 Chronicles,17,8,זבדיהו,nmpr,pers,A:person-candidate,Other Tanakh
414716,1437116,513668,2 Chronicles,17,8,עשהאל,nmpr,pers,A:person-candidate,Other Tanakh
414718,1437116,513668,2 Chronicles,17,8,שמירמות,nmpr,pers,A:person-candidate,Other Tanakh
414720,1437116,513668,2 Chronicles,17,8,יהונתן,nmpr,pers,A:person-candidate,Other Tanakh
414722,1437116,513668,2 Chronicles,17,8,אדניהו,nmpr,pers,A:person-candidate,Other Tanakh
414724,1437116,513668,2 Chronicles,17,8,טוביהו,nmpr,pers,A:person-candidate,Other Tanakh
414726,1437116,513668,2 Chronicles,17,8,טוב אדניה,nmpr,pers,A:person-candidate,Other Tanakh
414731,1437116,513669,2 Chronicles,17,8,אלישמע,nmpr,pers,A:person-candidate,Other Tanakh
414733,1437116,513669,2 Chronicles,17,8,יהורם,nmpr,pers,A:person-candidate,Other Tanakh
414739,1437117,513670,2 Chronicles,17,9,יהודה,nmpr,"pers,gens,topo",F:unclassified-name,Other Tanakh
414744,1437117,513671,2 Chronicles,17,9,יהוה,nmpr,pers,E:YHWH,Other Tanakh
414750,1437117,513672,2 Chronicles,17,9,יהודה,nmpr,"pers,gens,topo",F:unclassified-name,Other Tanakh
414759,1437118,513674,2 Chronicles,17,10,יהוה,nmpr,pers,E:YHWH,Other Tanakh
414767,1437118,513675,2 Chronicles,17,10,יהודה,nmpr,"pers,gens,topo",F:unclassified-name,Other Tanakh
414772,1437118,513676,2 Chronicles,17,10,יהושפט,nmpr,pers,A:person-candidate,Other Tanakh
414778,1437119,513677,2 Chronicles,17,11,יהושפט,nmpr,pers,A:person-candidate,Other Tanakh
414804,1437120,513679,2 Chronicles,17,12,יהושפט,nmpr,pers,A:person-candidate,Other Tanakh
414814,1437120,513681,2 Chronicles,17,12,יהודה,nmpr,"pers,gens,topo",F:unclassified-name,Other Tanakh
414826,1437121,513682,2 Chronicles,17,13,יהודה,nmpr,"pers,gens,topo",F:unclassified-name,Other Tanakh
414833,1437121,513683,2 Chronicles,17,13,ירושלם,nmpr,topo,F:unclassified-name,Other Tanakh
414841,1437122,513685,2 Chronicles,17,14,יהודה,nmpr,"pers,gens,topo",F:unclassified-name,Other Tanakh
414844,1437122,513686,2 Chronicles,17,14,עדנה,nmpr,pers,A:person-candidate,Other Tanakh
414857,1437123,513688,2 Chronicles,17,15,יהוחנן,nmpr,pers,A:person-candidate,Other Tanakh
414869,1437124,513690,2 Chronicles,17,16,עמסיה,nmpr,pers,A:person-candidate,Other Tanakh
414871,1437124,513690,2 Chronicles,17,16,זכרי,nmpr,pers,A:person-candidate,Other Tanakh
414875,1437124,513691,2 Chronicles,17,16,יהוה,nmpr,pers,E:YHWH,Other Tanakh
414884,1437125,513693,2 Chronicles,17,17,בנימן,nmpr,"pers,gens,topo",F:unclassified-name,Other Tanakh
414887,1437125,513693,2 Chronicles,17,17,אלידע,nmpr,pers,A:person-candidate,Other Tanakh
414899,1437126,513695,2 Chronicles,17,18,יהוזבד,nmpr,pers,A:person-candidate,Other Tanakh
414913,1437127,513698,2 Chronicles,17,19,מלך,subs,,B:deity-candidate,Other Tanakh
414920,1437127,513699,2 Chronicles,17,19,מלך,subs,,B:deity-candidate,Other Tanakh
414927,1437127,513699,2 Chronicles,17,19,יהודה,nmpr,"pers,gens,topo",F:unclassified-name,Other Tanakh
414931,1437128,513700,2 Chronicles,18,1,יהושפט,nmpr,pers,A:person-candidate,Other Tanakh
414940,1437128,513701,2 Chronicles,18,1,אחאב,nmpr,pers,A:person-candidate,Other Tanakh
414946,1437129,513702,2 Chronicles,18,2,אל,prep,,C:divine-title-candidate,Other Tanakh
414947,1437129,513702,2 Chronicles,18,2,אחאב,nmpr,pers,A:person-candidate,Other Tanakh
414949,1437129,513702,2 Chronicles,18,2,שמרון,nmpr,topo,F:unclassified-name,Other Tanakh
414953,1437129,513703,2 Chronicles,18,2,אחאב,nmpr,pers,A:person-candidate,Other Tanakh
414969,1437129,513707,2 Chronicles,18,2,אל,prep,,C:divine-title-candidate,Other Tanakh
414970,1437129,513707,2 Chronicles,18,2,רמת,nmpr,topo,F:unclassified-name,Other Tanakh
414971,1437129,513707,2 Chronicles,18,2,גלעד,nmpr,topo,F:unclassified-name,Other Tanakh
414974,1437130,513708,2 Chronicles,18,3,אחאב,nmpr,pers,A:person-candidate,Other Tanakh
414975,1437130,513708,2 Chronicles,18,3,מלך,subs,,B:deity-candidate,Other Tanakh
414976,1437130,513708,2 Chronicles,18,3,ישראל,nmpr,"pers,gens,topo",F:unclassified-name,Other Tanakh
414977,1437130,513708,2 Chronicles,18,3,אל,prep,,C:divine-title-candidate,Other Tanakh
414978,1437130,513708,2 Chronicles,18,3,יהושפט,nmpr,pers,A:person-candidate,Other Tanakh
414979,1437130,513708,2 Chronicles,18,3,מלך,subs,,B:deity-candidate,Other Tanakh
414980,1437130,513708,2 Chronicles,18,3,יהודה,nmpr,"pers,gens,topo",F:unclassified-name,Other Tanakh
414984,1437130,513709,2 Chronicles,18,3,רמת,nmpr,topo,F:unclassified-name,Other Tanakh
414985,1437130,513709,2 Chronicles,18,3,גלעד,nmpr,topo,F:unclassified-name,Other Tanakh
415002,1437131,513714,2 Chronicles,18,4,יהושפט,nmpr,pers,A:person-candidate,Other Tanakh
415003,1437131,513714,2 Chronicles,18,4,אל,prep,,C:divine-title-candidate,Other Tanakh
415004,1437131,513714,2 Chronicles,18,4,מלך,subs,,B:deity-candidate,Other Tanakh
415005,1437131,513714,2 Chronicles,18,4,ישראל,nmpr,"pers,gens,topo",F:unclassified-name,Other Tanakh
415013,1437131,513715,2 Chronicles,18,4,יהוה,nmpr,pers,E:YHWH,Other Tanakh
415016,1437132,513716,2 Chronicles,18,5,מלך,subs,,B:deity-candidate,Other Tanakh
415017,1437132,513716,2 Chronicles,18,5,ישראל,nmpr,"pers,gens,topo",F:unclassified-name,Other Tanakh
415026,1437132,513717,2 Chronicles,18,5,אל,prep,,C:divine-title-candidate,Other Tanakh
415029,1437132,513718,2 Chronicles,18,5,אל,prep,,C:divine-title-candidate,Other Tanakh
415030,1437132,513718,2 Chronicles,18,5,רמת,nmpr,topo,F:unclassified-name,Other Tanakh
415031,1437132,513718,2 Chronicles,18,5,גלעד,nmpr,topo,F:unclassified-name,Other Tanakh
415043,1437132,513722,2 Chronicles,18,5,אלהים,subs,,D:Elohim,Other Tanakh
415047,1437132,513722,2 Chronicles,18,5,מלך,subs,,B:deity-candidate,Other Tanakh
415050,1437133,513723,2 Chronicles,18,6,יהושפט,nmpr,pers,A:person-candidate,Other Tanakh
415056,1437133,513724,2 Chronicles,18,6,יהוה,nmpr,pers,E:YHWH,Other Tanakh
415064,1437134,513726,2 Chronicles,18,7,מלך,subs,,B:deity-candidate,Other Tanakh
415065,1437134,513726,2 Chronicles,18,7,ישראל,nmpr,"pers,gens,topo",F:unclassified-name,Other Tanakh
415066,1437134,513726,2 Chronicles,18,7,אל,prep,,C:divine-title-candidate,Other Tanakh
415067,1437134,513726,2 Chronicles,18,7,יהושפט,nmpr,pers,A:person-candidate,Other Tanakh
415074,1437134,513728,2 Chronicles,18,7,יהוה,nmpr,pers,E:YHWH,Other Tanakh
415092,1437134,513732,2 Chronicles,18,7,מיכיהו,nmpr,pers,A:person-candidate,Other Tanakh
415094,1437134,513732,2 Chronicles,18,7,ימלא,nmpr,pers,A:person-candidate,Other Tanakh
415097,1437134,513733,2 Chronicles,18,7,יהושפט,nmpr,pers,A:person-candidate,Other Tanakh
415098,1437134,513734,2 Chronicles,18,7,אל,nega,,C:divine-title-candidate,Other Tanakh
415101,1437134,513734,2 Chronicles,18,7,מלך,subs,,B:deity-candidate,Other Tanakh
415105,1437135,513735,2 Chronicles,18,8,מלך,subs,,B:deity-candidate,Other Tanakh
415106,1437135,513735,2 Chronicles,18,8,ישראל,nmpr,"pers,gens,topo",F:unclassified-name,Other Tanakh
415107,1437135,513735,2 Chronicles,18,8,אל,prep,,C:divine-title-candidate,Other Tanakh
415113,1437135,513737,2 Chronicles,18,8,מיכיהו,nmpr,pers,A:person-candidate,Other Tanakh
415115,1437135,513737,2 Chronicles,18,8,ימלא,nmpr,pers,A:person-candidate,Other Tanakh
415117,1437136,513738,2 Chronicles,18,9,מלך,subs,,B:deity-candidate,Other Tanakh
415118,1437136,513738,2 Chronicles,18,9,ישראל,nmpr,"pers,gens,topo",F:unclassified-name,Other Tanakh
415120,1437136,513738,2 Chronicles,18,9,יהושפט,nmpr,pers,A:person-candidate,Other Tanakh
415121,1437136,513738,2 Chronicles,18,9,מלך,subs,,B:deity-candidate,Other Tanakh
415122,1437136,513738,2 Chronicles,18,9,יהודה,nmpr,"pers,gens,topo",F:unclassified-name,Other Tanakh
415135,1437136,513741,2 Chronicles,18,9,שמרון,nmpr,topo,F:unclassified-name,Other Tanakh
415146,1437137,513743,2 Chronicles,18,10,צדקיהו,nmpr,pers,A:person-candidate,Other Tanakh
415148,1437137,513743,2 Chronicles,18,10,כנענה,nmpr,pers,A:person-candidate,Other Tanakh
415155,1437137,513745,2 Chronicles,18,10,יהוה,nmpr,pers,E:YHWH,Other Tanakh
415160,1437137,513746,2 Chronicles,18,10,ארם,nmpr,topo,F:unclassified-name,Other Tanakh
415172,1437138,513750,2 Chronicles,18,11,רמת,nmpr,topo,F:unclassified-name,Other Tanakh
415173,1437138,513750,2 Chronicles,18,11,גלעד,nmpr,topo,F:unclassified-name,Other Tanakh
415178,1437138,513752,2 Chronicles,18,11,יהוה,nmpr,pers,E:YHWH,Other Tanakh
415182,1437138,513752,2 Chronicles,18,11,מלך,subs,,B:deity-candidate,Other Tanakh
415191,1437139,513755,2 Chronicles,18,12,מיכיהו,nmpr,pers,A:person-candidate,Other Tanakh
415193,1437139,513753,2 Chronicles,18,12,אל,prep,,C:divine-title-candidate,Other Tanakh
415203,1437139,513757,2 Chronicles,18,12,אל,prep,,C:divine-title-candidate,Other Tanakh
415205,1437139,513757,2 Chronicles,18,12,מלך,subs,,B:deity-candidate,Other Tanakh
415218,1437140,513760,2 Chronicles,18,13,מיכיהו,nmpr,pers,A:person-candidate,Other Tanakh
415220,1437140,513761,2 Chronicles,18,13,יהוה,nmpr,pers,E:YHWH,Other Tanakh
415225,1437140,513763,2 Chronicles,18,13,אלהים,subs,,D:Elohim,Other Tanakh
415230,1437141,513765,2 Chronicles,18,14,אל,prep,,C:divine-title-candidate,Other Tanakh
415232,1437141,513765,2 Chronicles,18,14,מלך,subs,,B:deity-candidate,Other Tanakh
415236,1437141,513766,2 Chronicles,18,14,מלך,subs,,B:deity-candidate,Other Tanakh
415237,1437141,513766,2 Chronicles,18,14,אל,prep,,C:divine-title-candidate,Other Tanakh
415238,1437141,513767,2 Chronicles,18,14,מיכה,nmpr,pers,A:person-candidate,Other Tanakh
415241,1437141,513768,2 Chronicles,18,14,אל,prep,,C:divine-title-candidate,Other Tanakh
415242,1437141,513768,2 Chronicles,18,14,רמת,nmpr,topo,F:unclassified-name,Other Tanakh
415243,1437141,513768,2 Chronicles,18,14,גלעד,nmpr,topo,F:unclassified-name,Other Tanakh
415260,1437142,513774,2 Chronicles,18,15,אל,prep,,C:divine-title-candidate,Other Tanakh
415262,1437142,513774,2 Chronicles,18,15,מלך,subs,,B:deity-candidate,Other Tanakh
415272,1437142,513776,2 Chronicles,18,15,אל,prep,,C:divine-title-candidate,Other Tanakh
415277,1437142,513776,2 Chronicles,18,15,יהוה,nmpr,pers,E:YHWH,Other Tanakh
415283,1437143,513778,2 Chronicles,18,16,ישראל,nmpr,"pers,gens,topo",F:unclassified-name,Other Tanakh
415297,1437143,513781,2 Chronicles,18,16,יהוה,nmpr,pers,E:YHWH,Other Tanakh
415310,1437144,513785,2 Chronicles,18,17,מלך,subs,,B:deity-candidate,Other Tanakh
415311,1437144,513785,2 Chronicles,18,17,ישראל,nmpr,"pers,gens,topo",F:unclassified-name,Other Tanakh
415312,1437144,513785,2 Chronicles,18,17,אל,prep,,C:divine-title-candidate,Other Tanakh
415313,1437144,513785,2 Chronicles,18,17,יהושפט,nmpr,pers,A:person-candidate,Other Tanakh
415317,1437144,513786,2 Chronicles,18,17,אל,prep,,C:divine-title-candidate,Other Tanakh
415331,1437145,513790,2 Chronicles,18,18,יהוה,nmpr,pers,E:YHWH,Other Tanakh
415334,1437145,513791,2 Chronicles,18,18,יהוה,nmpr,pers,E:YHWH,Other Tanakh
415350,1437146,513794,2 Chronicles,18,19,יהוה,nmpr,pers,E:YHWH,Other Tanakh
415354,1437146,513795,2 Chronicles,18,19,אחאב,nmpr,pers,A:person-candidate,Other Tanakh
415355,1437146,513795,2 Chronicles,18,19,מלך,subs,,B:deity-candidate,Other Tanakh
415356,1437146,513795,2 Chronicles,18,19,ישראל,nmpr,"pers,gens,topo",F:unclassified-name,Other Tanakh
415362,1437146,513797,2 Chronicles,18,19,רמת,nmpr,topo,F:unclassified-name,Other Tanakh
415363,1437146,513797,2 Chronicles,18,19,גלעד,nmpr,topo,F:unclassified-name,Other Tanakh
415381,1437147,513802,2 Chronicles,18,20,יהוה,nmpr,pers,E:YHWH,Other Tanakh
415388,1437147,513805,2 Chronicles,18,20,יהוה,nmpr,pers,E:YHWH,Other Tanakh
415389,1437147,513805,2 Chronicles,18,20,אל,prep,,C:divine-title-candidate,Other Tanakh
415418,1437149,513816,2 Chronicles,18,22,יהוה,nmpr,pers,E:YHWH,Other Tanakh
415426,1437149,513817,2 Chronicles,18,22,יהוה,nmpr,pers,E:YHWH,Other Tanakh
415432,1437150,513818,2 Chronicles,18,23,צדקיהו,nmpr,pers,A:person-candidate,Other Tanakh
415434,1437150,513818,2 Chronicles,18,23,כנענה,nmpr,pers,A:person-candidate,Other Tanakh
415438,1437150,513819,2 Chronicles,18,23,מיכיהו,nmpr,pers,A:person-candidate,Other Tanakh
415450,1437150,513822,2 Chronicles,18,23,יהוה,nmpr,pers,E:YHWH,Other Tanakh
415458,1437151,513824,2 Chronicles,18,24,מיכיהו,nmpr,pers,A:person-candidate,Other Tanakh
415475,1437152,513828,2 Chronicles,18,25,מלך,subs,,B:deity-candidate,Other Tanakh
415476,1437152,513828,2 Chronicles,18,25,ישראל,nmpr,"pers,gens,topo",F:unclassified-name,Other Tanakh
415479,1437152,513829,2 Chronicles,18,25,מיכיהו,nmpr,pers,A:person-candidate,Other Tanakh
415482,1437152,513830,2 Chronicles,18,25,אל,prep,,C:divine-title-candidate,Other Tanakh
415483,1437152,513830,2 Chronicles,18,25,אמון,nmpr,pers,A:person-candidate,Other Tanakh
415488,1437152,513830,2 Chronicles,18,25,אל,prep,,C:divine-title-candidate,Other Tanakh
415489,1437152,513830,2 Chronicles,18,25,יואש,nmpr,pers,A:person-candidate,Other Tanakh
415492,1437152,513830,2 Chronicles,18,25,מלך,subs,,B:deity-candidate,Other Tanakh
415498,1437153,513832,2 Chronicles,18,26,מלך,subs,,B:deity-candidate,Other Tanakh
415517,1437154,513836,2 Chronicles,18,27,מיכיהו,nmpr,pers,A:person-candidate,Other Tanakh
415525,1437154,513838,2 Chronicles,18,27,יהוה,nmpr,pers,E:YHWH,Other Tanakh
415534,1437155,513842,2 Chronicles,18,28,מלך,subs,,B:deity-candidate,Other Tanakh
415535,1437155,513842,2 Chronicles,18,28,ישראל,nmpr,"pers,gens,topo",F:unclassified-name,Other Tanakh
415537,1437155,513842,2 Chronicles,18,28,יהושפט,nmpr,pers,A:person-candidate,Other Tanakh
415538,1437155,513842,2 Chronicles,18,28,מלך,subs,,B:deity-candidate,Other Tanakh
415539,1437155,513842,2 Chronicles,18,28,יהודה,nmpr,"pers,gens,topo",F:unclassified-name,Other Tanakh
415540,1437155,513842,2 Chronicles,18,28,אל,prep,,C:divine-title-candidate,Other Tanakh
415541,1437155,513842,2 Chronicles,18,28,רמת,nmpr,topo,F:unclassified-name,Other Tanakh
415542,1437155,513842,2 Chronicles,18,28,גלעד,nmpr,topo,F:unclassified-name,Other Tanakh
415545,1437156,513843,2 Chronicles,18,29,מלך,subs,,B:deity-candidate,Other Tanakh
415546,1437156,513843,2 Chronicles,18,29,ישראל,nmpr,"pers,gens,topo",F:unclassified-name,Other Tanakh
415547,1437156,513843,2 Chronicles,18,29,אל,prep,,C:divine-title-candidate,Other Tanakh
415548,1437156,513843,2 Chronicles,18,29,יהושפט,nmpr,pers,A:person-candidate,Other Tanakh
415561,1437156,513847,2 Chronicles,18,29,מלך,subs,,B:deity-candidate,Other Tanakh
415562,1437156,513847,2 Chronicles,18,29,ישראל,nmpr,"pers,gens,topo",F:unclassified-name,Other Tanakh
415569,1437157,513849,2 Chronicles,18,30,מלך,subs,,B:deity-candidate,Other Tanakh
415570,1437157,513849,2 Chronicles,18,30,ארם,nmpr,topo,F:unclassified-name,Other Tanakh
415591,1437157,513853,2 Chronicles,18,30,מלך,subs,,B:deity-candidate,Other Tanakh
415592,1437157,513853,2 Chronicles,18,30,ישראל,nmpr,"pers,gens,topo",F:unclassified-name,Other Tanakh
415603,1437158,513855,2 Chronicles,18,31,יהושפט,nmpr,pers,A:person-candidate,Other Tanakh
415607,1437158,513857,2 Chronicles,18,31,מלך,subs,,B:deity-candidate,Other Tanakh
415608,1437158,513857,2 Chronicles,18,31,ישראל,nmpr,"pers,gens,topo",F:unclassified-name,Other Tanakh
415617,1437158,513860,2 Chronicles,18,31,יהושפט,nmpr,pers,A:person-candidate,Other Tanakh
415619,1437158,513861,2 Chronicles,18,31,יהוה,nmpr,pers,E:YHWH,Other Tanakh
415623,1437158,513862,2 Chronicles,18,31,אלהים,subs,,D:Elohim,Other Tanakh
415635,1437159,513865,2 Chronicles,18,32,מלך,subs,,B:deity-candidate,Other Tanakh
415636,1437159,513865,2 Chronicles,18,32,ישראל,nmpr,"pers,gens,topo",F:unclassified-name,Other Tanakh
415652,1437160,513868,2 Chronicles,18,33,מלך,subs,,B:deity-candidate,Other Tanakh
415653,1437160,513868,2 Chronicles,18,33,ישראל,nmpr,"pers,gens,topo",F:unclassified-name,Other Tanakh
415685,1437161,513874,2 Chronicles,18,34,מלך,subs,,B:deity-candidate,Other Tanakh
415686,1437161,513874,2 Chronicles,18,34,ישראל,nmpr,"pers,gens,topo",F:unclassified-name,Other Tanakh
415693,1437161,513874,2 Chronicles,18,34,ארם,nmpr,topo,F:unclassified-name,Other Tanakh
415706,1437162,513877,2 Chronicles,19,1,יהושפט,nmpr,pers,A:person-candidate,Other Tanakh
415707,1437162,513877,2 Chronicles,19,1,מלך,subs,,B:deity-candidate,Other Tanakh
415708,1437162,513877,2 Chronicles,19,1,יהודה,nmpr,"pers,gens,topo",F:unclassified-name,Other Tanakh
415709,1437162,513877,2 Chronicles,19,1,אל,prep,,C:divine-title-candidate,Other Tanakh
415714,1437162,513877,2 Chronicles,19,1,ירושלם,nmpr,topo,F:unclassified-name,Other Tanakh
415717,1437163,513878,2 Chronicles,19,2,אל,prep,,C:divine-title-candidate,Other Tanakh
415719,1437163,513878,2 Chronicles,19,2,יהוא,nmpr,pers,A:person-candidate,Other Tanakh
415721,1437163,513878,2 Chronicles,19,2,חנני,nmpr,pers,A:person-candidate,Other Tanakh
415726,1437163,513879,2 Chronicles,19,2,אל,prep,,C:divine-title-candidate,Other Tanakh
415728,1437163,513879,2 Chronicles,19,2,מלך,subs,,B:deity-candidate,Other Tanakh
415729,1437163,513879,2 Chronicles,19,2,יהושפט,nmpr,pers,A:person-candidate,Other Tanakh
415739,1437163,513883,2 Chronicles,19,2,יהוה,nmpr,pers,E:YHWH,Other Tanakh
415749,1437163,513884,2 Chronicles,19,2,יהוה,nmpr,pers,E:YHWH,Other Tanakh
415768,1437164,513888,2 Chronicles,19,3,אלהים,subs,,D:Elohim,Other Tanakh
415771,1437165,513889,2 Chronicles,19,4,יהושפט,nmpr,pers,A:person-candidate,Other Tanakh
415773,1437165,513889,2 Chronicles,19,4,ירושלם,nmpr,topo,F:unclassified-name,Other Tanakh
415783,1437165,513891,2 Chronicles,19,4,שבע,nmpr,topo,F:unclassified-name,Other Tanakh
415786,1437165,513891,2 Chronicles,19,4,אפרים,nmpr,"pers,gens,topo",F:unclassified-name,Other Tanakh
415789,1437165,513892,2 Chronicles,19,4,אל,prep,,C:divine-title-candidate,Other Tanakh
415790,1437165,513892,2 Chronicles,19,4,יהוה,nmpr,pers,E:YHWH,Other Tanakh
415791,1437165,513892,2 Chronicles,19,4,אלהים,subs,,D:Elohim,Other Tanakh
415802,1437166,513893,2 Chronicles,19,5,יהודה,nmpr,"pers,gens,topo",F:unclassified-name,Other Tanakh
415811,1437167,513894,2 Chronicles,19,6,אל,prep,,C:divine-title-candidate,Other Tanakh
415825,1437167,513898,2 Chronicles,19,6,יהוה,nmpr,pers,E:YHWH,Other Tanakh
415835,1437168,513901,2 Chronicles,19,7,יהוה,nmpr,pers,E:YHWH,Other Tanakh
415843,1437168,513904,2 Chronicles,19,7,יהוה,nmpr,pers,E:YHWH,Other Tanakh
415844,1437168,513904,2 Chronicles,19,7,אלהים,subs,,D:Elohim,Other Tanakh
415855,1437169,513905,2 Chronicles,19,8,ירושלם,nmpr,topo,F:unclassified-name,Other Tanakh
415857,1437169,513905,2 Chronicles,19,8,יהושפט,nmpr,pers,A:person-candidate,Other Tanakh
415870,1437169,513905,2 Chronicles,19,8,ישראל,nmpr,"pers,gens,topo",F:unclassified-name,Other Tanakh
415873,1437169,513905,2 Chronicles,19,8,יהוה,nmpr,pers,E:YHWH,Other Tanakh
415880,1437169,513906,2 Chronicles,19,8,ירושלם,nmpr,topo,F:unclassified-name,Other Tanakh
415890,1437170,513909,2 Chronicles,19,9,יהוה,nmpr,pers,E:YHWH,Other Tanakh
415929,1437171,513914,2 Chronicles,19,10,יהוה,nmpr,pers,E:YHWH,Other Tanakh
415944,1437172,513919,2 Chronicles,19,11,אמריהו,nmpr,pers,A:person-candidate,Other Tanakh
415952,1437172,513919,2 Chronicles,19,11,יהוה,nmpr,pers,E:YHWH,Other Tanakh
415954,1437172,513920,2 Chronicles,19,11,זבדיהו,nmpr,pers,A:person-candidate,Other Tanakh
415956,1437172,513920,2 Chronicles,19,11,ישמעאל,nmpr,pers,A:person-candidate,Other Tanakh
415961,1437172,513920,2 Chronicles,19,11,יהודה,nmpr,"pers,gens,topo",F:unclassified-name,Other Tanakh
415966,1437172,513920,2 Chronicles,19,11,מלך,subs,,B:deity-candidate,Other Tanakh
415978,1437172,513924,2 Chronicles,19,11,יהוה,nmpr,pers,E:YHWH,Other Tanakh
415988,1437173,513926,2 Chronicles,20,1,מואב,nmpr,"pers,gens,topo",F:unclassified-name,Other Tanakh
415991,1437173,513926,2 Chronicles,20,1,עמון,nmpr,gens,F:unclassified-name,Other Tanakh
415998,1437173,513926,2 Chronicles,20,1,יהושפט,nmpr,pers,A:person-candidate,Other Tanakh
416007,1437174,513929,2 Chronicles,20,2,יהושפט,nmpr,pers,A:person-candidate,Other Tanakh
416020,1437174,513931,2 Chronicles,20,2,ארם,nmpr,topo,F:unclassified-name,Other Tanakh
416024,1437174,513932,2 Chronicles,20,2,חצצן תמר,nmpr,topo,F:unclassified-name,Other Tanakh
416026,1437174,513933,2 Chronicles,20,2,עין גדי,nmpr,topo,F:unclassified-name,Other Tanakh
416031,1437175,513935,2 Chronicles,20,3,יהושפט,nmpr,pers,A:person-candidate,Other Tanakh
416037,1437175,513936,2 Chronicles,20,3,יהוה,nmpr,pers,E:YHWH,Other Tanakh
416043,1437175,513937,2 Chronicles,20,3,יהודה,nmpr,"pers,gens,topo",F:unclassified-name,Other Tanakh
416046,1437176,513938,2 Chronicles,20,4,יהודה,nmpr,"pers,gens,topo",F:unclassified-name,Other Tanakh
416050,1437176,513939,2 Chronicles,20,4,יהוה,nmpr,pers,E:YHWH,Other Tanakh
416055,1437176,513940,2 Chronicles,20,4,יהודה,nmpr,"pers,gens,topo",F:unclassified-name,Other Tanakh
416060,1437176,513941,2 Chronicles,20,4,יהוה,nmpr,pers,E:YHWH,Other Tanakh
416063,1437177,513942,2 Chronicles,20,5,יהושפט,nmpr,pers,A:person-candidate,Other Tanakh
416066,1437177,513942,2 Chronicles,20,5,יהודה,nmpr,"pers,gens,topo",F:unclassified-name,Other Tanakh
416068,1437177,513942,2 Chronicles,20,5,ירושלם,nmpr,topo,F:unclassified-name,Other Tanakh
416071,1437177,513942,2 Chronicles,20,5,יהוה,nmpr,pers,E:YHWH,Other Tanakh
416080,1437178,513944,2 Chronicles,20,6,יהוה,nmpr,pers,E:YHWH,Other Tanakh
416081,1437178,513944,2 Chronicles,20,6,אלהים,subs,,D:Elohim,Other Tanakh
416087,1437178,513945,2 Chronicles,20,6,אלהים,subs,,D:Elohim,Other Tanakh
416113,1437179,513951,2 Chronicles,20,7,אלהים,subs,,D:Elohim,Other Tanakh
416125,1437179,513950,2 Chronicles,20,7,ישראל,nmpr,"pers,gens,topo",F:unclassified-name,Other Tanakh
416130,1437179,513952,2 Chronicles,20,7,אברהם,nmpr,pers,A:person-candidate,Other Tanakh
416175,1437181,513959,2 Chronicles,20,9,אל,prep,,C:divine-title-candidate,Other Tanakh
416186,1437182,513963,2 Chronicles,20,10,עמון,nmpr,gens,F:unclassified-name,Other Tanakh
416188,1437182,513963,2 Chronicles,20,10,מואב,nmpr,"pers,gens,topo",F:unclassified-name,Other Tanakh
416191,1437182,513963,2 Chronicles,20,10,שעיר,nmpr,topo,F:unclassified-name,Other Tanakh
416196,1437182,513964,2 Chronicles,20,10,ישראל,nmpr,"pers,gens,topo",F:unclassified-name,Other Tanakh
416204,1437182,513966,2 Chronicles,20,10,מצרים,nmpr,topo,F:unclassified-name,Other Tanakh
416225,1437184,513973,2 Chronicles,20,12,אלהים,subs,,D:Elohim,Other Tanakh
416256,1437185,513980,2 Chronicles,20,13,יהודה,nmpr,"pers,gens,topo",F:unclassified-name,Other Tanakh
416260,1437185,513980,2 Chronicles,20,13,יהוה,nmpr,pers,E:YHWH,Other Tanakh
416267,1437186,513982,2 Chronicles,20,14,יחזיאל,nmpr,pers,A:person-candidate,Other Tanakh
416269,1437186,513982,2 Chronicles,20,14,זכריהו,nmpr,pers,A:person-candidate,Other Tanakh
416271,1437186,513982,2 Chronicles,20,14,בניה,nmpr,pers,A:person-candidate,Other Tanakh
416273,1437186,513982,2 Chronicles,20,14,יעיאל,nmpr,pers,A:person-candidate,Other Tanakh
416275,1437186,513982,2 Chronicles,20,14,מתניה,nmpr,pers,A:person-candidate,Other Tanakh
416280,1437186,513982,2 Chronicles,20,14,אסף,nmpr,pers,A:person-candidate,Other Tanakh
416284,1437186,513983,2 Chronicles,20,14,יהוה,nmpr,pers,E:YHWH,Other Tanakh
416293,1437187,513986,2 Chronicles,20,15,יהודה,nmpr,"pers,gens,topo",F:unclassified-name,Other Tanakh
416296,1437187,513986,2 Chronicles,20,15,ירושלם,nmpr,topo,F:unclassified-name,Other Tanakh
416299,1437187,513986,2 Chronicles,20,15,מלך,subs,,B:deity-candidate,Other Tanakh
416300,1437187,513986,2 Chronicles,20,15,יהושפט,nmpr,pers,A:person-candidate,Other Tanakh
416303,1437187,513987,2 Chronicles,20,15,יהוה,nmpr,pers,E:YHWH,Other Tanakh
416306,1437187,513988,2 Chronicles,20,15,אל,nega,,C:divine-title-candidate,Other Tanakh
416309,1437187,513989,2 Chronicles,20,15,אל,nega,,C:divine-title-candidate,Other Tanakh
416326,1437187,513991,2 Chronicles,20,15,אלהים,subs,,D:Elohim,Other Tanakh
416335,1437188,513993,2 Chronicles,20,16,ציץ,nmpr,topo,F:unclassified-name,Other Tanakh
416345,1437188,513994,2 Chronicles,20,16,ירואל,nmpr,topo,F:unclassified-name,Other Tanakh
416358,1437189,513999,2 Chronicles,20,17,יהוה,nmpr,pers,E:YHWH,Other Tanakh
416360,1437189,514000,2 Chronicles,20,17,יהודה,nmpr,"pers,gens,topo",F:unclassified-name,Other Tanakh
416362,1437189,514000,2 Chronicles,20,17,ירושלם,nmpr,topo,F:unclassified-name,Other Tanakh
416363,1437189,514001,2 Chronicles,20,17,אל,nega,,C:divine-title-candidate,Other Tanakh
416366,1437189,514002,2 Chronicles,20,17,אל,nega,,C:divine-title-candidate,Other Tanakh
416373,1437189,514004,2 Chronicles,20,17,יהוה,nmpr,pers,E:YHWH,Other Tanakh
416377,1437190,514005,2 Chronicles,20,18,יהושפט,nmpr,pers,A:person-candidate,Other Tanakh
416382,1437190,514007,2 Chronicles,20,18,יהודה,nmpr,"pers,gens,topo",F:unclassified-name,Other Tanakh
416385,1437190,514007,2 Chronicles,20,18,ירושלם,nmpr,topo,F:unclassified-name,Other Tanakh
416389,1437190,514007,2 Chronicles,20,18,יהוה,nmpr,pers,E:YHWH,Other Tanakh
416393,1437190,514008,2 Chronicles,20,18,יהוה,nmpr,pers,E:YHWH,Other Tanakh
416410,1437191,514010,2 Chronicles,20,19,יהוה,nmpr,pers,E:YHWH,Other Tanakh
416411,1437191,514010,2 Chronicles,20,19,אלהים,subs,,D:Elohim,Other Tanakh
416412,1437191,514010,2 Chronicles,20,19,ישראל,nmpr,"pers,gens,topo",F:unclassified-name,Other Tanakh
416427,1437192,514012,2 Chronicles,20,20,תקוע,nmpr,topo,F:unclassified-name,Other Tanakh
416432,1437192,514013,2 Chronicles,20,20,יהושפט,nmpr,pers,A:person-candidate,Other Tanakh
416436,1437192,514017,2 Chronicles,20,20,יהודה,nmpr,"pers,gens,topo",F:unclassified-name,Other Tanakh
416439,1437192,514017,2 Chronicles,20,20,ירושלם,nmpr,topo,F:unclassified-name,Other Tanakh
416442,1437192,514018,2 Chronicles,20,20,יהוה,nmpr,pers,E:YHWH,Other Tanakh
416443,1437192,514018,2 Chronicles,20,20,אלהים,subs,,D:Elohim,Other Tanakh
416453,1437193,514022,2 Chronicles,20,21,אל,prep,,C:divine-title-candidate,Other Tanakh
416460,1437193,514024,2 Chronicles,20,21,יהוה,nmpr,pers,E:YHWH,Other Tanakh
416476,1437193,514028,2 Chronicles,20,21,יהוה,nmpr,pers,E:YHWH,Other Tanakh
416490,1437194,514030,2 Chronicles,20,22,יהוה,nmpr,pers,E:YHWH,Other Tanakh
416494,1437194,514030,2 Chronicles,20,22,עמון,nmpr,gens,F:unclassified-name,Other Tanakh
416495,1437194,514030,2 Chronicles,20,22,מואב,nmpr,"pers,gens,topo",F:unclassified-name,Other Tanakh
416498,1437194,514030,2 Chronicles,20,22,שעיר,nmpr,topo,F:unclassified-name,Other Tanakh
416502,1437194,514032,2 Chronicles,20,22,יהודה,nmpr,"pers,gens,topo",F:unclassified-name,Other Tanakh
416508,1437195,514034,2 Chronicles,20,23,עמון,nmpr,gens,F:unclassified-name,Other Tanakh
416510,1437195,514034,2 Chronicles,20,23,מואב,nmpr,"pers,gens,topo",F:unclassified-name,Other Tanakh
416514,1437195,514034,2 Chronicles,20,23,שעיר,nmpr,topo,F:unclassified-name,Other Tanakh
416525,1437195,514038,2 Chronicles,20,23,שעיר,nmpr,topo,F:unclassified-name,Other Tanakh
416533,1437196,514040,2 Chronicles,20,24,יהודה,nmpr,"pers,gens,topo",F:unclassified-name,Other Tanakh
416543,1437196,514041,2 Chronicles,20,24,אל,prep,,C:divine-title-candidate,Other Tanakh
416556,1437197,514045,2 Chronicles,20,25,יהושפט,nmpr,pers,A:person-candidate,Other Tanakh
416606,1437198,514053,2 Chronicles,20,26,יהוה,nmpr,pers,E:YHWH,Other Tanakh
416625,1437199,514055,2 Chronicles,20,27,יהודה,nmpr,"pers,gens,topo",F:unclassified-name,Other Tanakh
416627,1437199,514055,2 Chronicles,20,27,ירושלם,nmpr,topo,F:unclassified-name,Other Tanakh
416629,1437199,514056,2 Chronicles,20,27,יהושפט,nmpr,pers,A:person-candidate,Other Tanakh
416634,1437199,514057,2 Chronicles,20,27,אל,prep,,C:divine-title-candidate,Other Tanakh
416635,1437199,514057,2 Chronicles,20,27,ירושלם,nmpr,topo,F:unclassified-name,Other Tanakh
416640,1437199,514058,2 Chronicles,20,27,יהוה,nmpr,pers,E:YHWH,Other Tanakh
416645,1437200,514059,2 Chronicles,20,28,ירושלם,nmpr,topo,F:unclassified-name,Other Tanakh
416654,1437200,514059,2 Chronicles,20,28,אל,prep,,C:divine-title-candidate,Other Tanakh
416656,1437200,514059,2 Chronicles,20,28,יהוה,nmpr,pers,E:YHWH,Other Tanakh
416660,1437201,514060,2 Chronicles,20,29,אלהים,subs,,D:Elohim,Other Tanakh
416670,1437201,514062,2 Chronicles,20,29,יהוה,nmpr,pers,E:YHWH,Other Tanakh
416673,1437201,514062,2 Chronicles,20,29,ישראל,nmpr,"pers,gens,topo",F:unclassified-name,Other Tanakh
416677,1437202,514063,2 Chronicles,20,30,יהושפט,nmpr,pers,A:person-candidate,Other Tanakh
416681,1437202,514064,2 Chronicles,20,30,אלהים,subs,,D:Elohim,Other Tanakh
416685,1437203,514065,2 Chronicles,20,31,מלך,verb,,B:deity-candidate,Other Tanakh
416686,1437203,514065,2 Chronicles,20,31,יהושפט,nmpr,pers,A:person-candidate,Other Tanakh
416688,1437203,514065,2 Chronicles,20,31,יהודה,nmpr,"pers,gens,topo",F:unclassified-name,Other Tanakh
416695,1437203,514067,2 Chronicles,20,31,מלך,verb,,B:deity-candidate,Other Tanakh
416701,1437203,514068,2 Chronicles,20,31,מלך,verb,,B:deity-candidate,Other Tanakh
416703,1437203,514068,2 Chronicles,20,31,ירושלם,nmpr,topo,F:unclassified-name,Other Tanakh
416707,1437203,514069,2 Chronicles,20,31,עזובה,nmpr,pers,A:person-candidate,Other Tanakh
416709,1437203,514069,2 Chronicles,20,31,שלחי,nmpr,pers,A:person-candidate,Other Tanakh
416715,1437204,514070,2 Chronicles,20,32,אסא,nmpr,pers,A:person-candidate,Other Tanakh
416726,1437204,514073,2 Chronicles,20,32,יהוה,nmpr,pers,E:YHWH,Other Tanakh
416740,1437205,514075,2 Chronicles,20,33,אלהים,subs,,D:Elohim,Other Tanakh
416745,1437206,514076,2 Chronicles,20,34,יהושפט,nmpr,pers,A:person-candidate,Other Tanakh
416755,1437206,514077,2 Chronicles,20,34,יהוא,nmpr,pers,A:person-candidate,Other Tanakh
416757,1437206,514077,2 Chronicles,20,34,חנני,nmpr,pers,A:person-candidate,Other Tanakh
416762,1437206,514078,2 Chronicles,20,34,מלך,subs,,B:deity-candidate,Other Tanakh
416763,1437206,514078,2 Chronicles,20,34,ישראל,nmpr,"pers,gens,topo",F:unclassified-name,Other Tanakh
416768,1437207,514079,2 Chronicles,20,35,יהושפט,nmpr,pers,A:person-candidate,Other Tanakh
416769,1437207,514079,2 Chronicles,20,35,מלך,subs,,B:deity-candidate,Other Tanakh
416770,1437207,514079,2 Chronicles,20,35,יהודה,nmpr,"pers,gens,topo",F:unclassified-name,Other Tanakh
416772,1437207,514079,2 Chronicles,20,35,אחזיה,nmpr,pers,A:person-candidate,Other Tanakh
416773,1437207,514079,2 Chronicles,20,35,מלך,subs,,B:deity-candidate,Other Tanakh
416774,1437207,514079,2 Chronicles,20,35,ישראל,nmpr,"pers,gens,topo",F:unclassified-name,Other Tanakh
416787,1437208,514084,2 Chronicles,20,36,תרשיש,nmpr,topo,F:unclassified-name,Other Tanakh
416792,1437208,514085,2 Chronicles,20,36,עציון גבר,nmpr,topo,F:unclassified-name,Other Tanakh
416795,1437209,514086,2 Chronicles,20,37,אליעזר,nmpr,pers,A:person-candidate,Other Tanakh
416797,1437209,514086,2 Chronicles,20,37,דדוהו,nmpr,pers,A:person-candidate,Other Tanakh
416799,1437209,514086,2 Chronicles,20,37,מרשה,nmpr,topo,F:unclassified-name,Other Tanakh
416801,1437209,514086,2 Chronicles,20,37,יהושפט,nmpr,pers,A:person-candidate,Other Tanakh
416807,1437209,514088,2 Chronicles,20,37,אחזיהו,nmpr,pers,A:person-candidate,Other Tanakh
416809,1437209,514089,2 Chronicles,20,37,יהוה,nmpr,pers,E:YHWH,Other Tanakh
416820,1437209,514092,2 Chronicles,20,37,אל,prep,,C:divine-title-candidate,Other Tanakh
416821,1437209,514092,2 Chronicles,20,37,תרשיש,nmpr,topo,F:unclassified-name,Other Tanakh
416824,1437210,514093,2 Chronicles,21,1,יהושפט,nmpr,pers,A:person-candidate,Other Tanakh
416833,1437210,514094,2 Chronicles,21,1,דוד,nmpr,pers,A:person-candidate,Other Tanakh
416835,1437210,514095,2 Chronicles,21,1,מלך,verb,,B:deity-candidate,Other Tanakh
416836,1437210,514095,2 Chronicles,21,1,יהורם,nmpr,pers,A:person-candidate,Other Tanakh
416843,1437211,514096,2 Chronicles,21,2,יהושפט,nmpr,pers,A:person-candidate,Other Tanakh
416844,1437211,514096,2 Chronicles,21,2,עזריה,nmpr,pers,A:person-candidate,Other Tanakh
416846,1437211,514096,2 Chronicles,21,2,יחיאל,nmpr,pers,A:person-candidate,Other Tanakh
416848,1437211,514096,2 Chronicles,21,2,זכריהו,nmpr,pers,A:person-candidate,Other Tanakh
416850,1437211,514096,2 Chronicles,21,2,עזריהו,nmpr,pers,A:person-candidate,Other Tanakh
416852,1437211,514096,2 Chronicles,21,2,מיכאל,nmpr,pers,A:person-candidate,Other Tanakh
416854,1437211,514096,2 Chronicles,21,2,שפטיהו,nmpr,pers,A:person-candidate,Other Tanakh
416858,1437211,514097,2 Chronicles,21,2,יהושפט,nmpr,pers,A:person-candidate,Other Tanakh
416859,1437211,514097,2 Chronicles,21,2,מלך,subs,,B:deity-candidate,Other Tanakh
416860,1437211,514097,2 Chronicles,21,2,ישראל,nmpr,"pers,gens,topo",F:unclassified-name,Other Tanakh
416879,1437212,514098,2 Chronicles,21,3,יהודה,nmpr,"pers,gens,topo",F:unclassified-name,Other Tanakh
416886,1437212,514099,2 Chronicles,21,3,יהורם,nmpr,pers,A:person-candidate,Other Tanakh
416893,1437213,514101,2 Chronicles,21,4,יהורם,nmpr,pers,A:person-candidate,Other Tanakh
416911,1437213,514104,2 Chronicles,21,4,ישראל,nmpr,"pers,gens,topo",F:unclassified-name,Other Tanakh
416917,1437214,514105,2 Chronicles,21,5,יהורם,nmpr,pers,A:person-candidate,Other Tanakh
416919,1437214,514106,2 Chronicles,21,5,מלך,verb,,B:deity-candidate,Other Tanakh
416923,1437214,514107,2 Chronicles,21,5,מלך,verb,,B:deity-candidate,Other Tanakh
416925,1437214,514107,2 Chronicles,21,5,ירושלם,nmpr,topo,F:unclassified-name,Other Tanakh
416930,1437215,514108,2 Chronicles,21,6,מלך,subs,,B:deity-candidate,Other Tanakh
416931,1437215,514108,2 Chronicles,21,6,ישראל,nmpr,"pers,gens,topo",F:unclassified-name,Other Tanakh
416936,1437215,514109,2 Chronicles,21,6,אחאב,nmpr,pers,A:person-candidate,Other Tanakh
416939,1437215,514110,2 Chronicles,21,6,אחאב,nmpr,pers,A:person-candidate,Other Tanakh
416949,1437215,514112,2 Chronicles,21,6,יהוה,nmpr,pers,E:YHWH,Other Tanakh
416953,1437216,514113,2 Chronicles,21,7,יהוה,nmpr,pers,E:YHWH,Other Tanakh
416958,1437216,514114,2 Chronicles,21,7,דוד,nmpr,pers,A:person-candidate,Other Tanakh
416965,1437216,514115,2 Chronicles,21,7,דוד,nmpr,pers,A:person-candidate,Other Tanakh
416983,1437217,514119,2 Chronicles,21,8,אדום,nmpr,topo,F:unclassified-name,Other Tanakh
416987,1437217,514119,2 Chronicles,21,8,יהודה,nmpr,"pers,gens,topo",F:unclassified-name,Other Tanakh
416989,1437217,514120,2 Chronicles,21,8,מלך,verb,,B:deity-candidate,Other Tanakh
416991,1437217,514120,2 Chronicles,21,8,מלך,subs,,B:deity-candidate,Other Tanakh
416994,1437218,514121,2 Chronicles,21,9,יהורם,nmpr,pers,A:person-candidate,Other Tanakh
417009,1437218,514125,2 Chronicles,21,9,אדום,nmpr,topo,F:unclassified-name,Other Tanakh
417012,1437218,514126,2 Chronicles,21,9,אל,prep,,C:divine-title-candidate,Other Tanakh
417020,1437219,514128,2 Chronicles,21,10,אדום,nmpr,topo,F:unclassified-name,Other Tanakh
417024,1437219,514128,2 Chronicles,21,10,יהודה,nmpr,"pers,gens,topo",F:unclassified-name,Other Tanakh
417032,1437219,514129,2 Chronicles,21,10,לבנה,nmpr,topo,F:unclassified-name,Other Tanakh
417044,1437219,514130,2 Chronicles,21,10,יהוה,nmpr,pers,E:YHWH,Other Tanakh
417045,1437219,514130,2 Chronicles,21,10,אלהים,subs,,D:Elohim,Other Tanakh
417053,1437220,514131,2 Chronicles,21,11,יהודה,nmpr,"pers,gens,topo",F:unclassified-name,Other Tanakh
417058,1437220,514132,2 Chronicles,21,11,ירושלם,nmpr,topo,F:unclassified-name,Other Tanakh
417062,1437220,514133,2 Chronicles,21,11,יהודה,nmpr,"pers,gens,topo",F:unclassified-name,Other Tanakh
417065,1437221,514134,2 Chronicles,21,12,אל,prep,,C:divine-title-candidate,Other Tanakh
417068,1437221,514134,2 Chronicles,21,12,אליהו,nmpr,pers,A:person-candidate,Other Tanakh
417075,1437221,514136,2 Chronicles,21,12,יהוה,nmpr,pers,E:YHWH,Other Tanakh
417076,1437221,514136,2 Chronicles,21,12,אלהים,subs,,D:Elohim,Other Tanakh
417077,1437221,514136,2 Chronicles,21,12,דוד,nmpr,pers,A:person-candidate,Other Tanakh
417085,1437221,514137,2 Chronicles,21,12,יהושפט,nmpr,pers,A:person-candidate,Other Tanakh
417090,1437221,514137,2 Chronicles,21,12,אסא,nmpr,pers,A:person-candidate,Other Tanakh
417091,1437221,514137,2 Chronicles,21,12,מלך,subs,,B:deity-candidate,Other Tanakh
417092,1437221,514137,2 Chronicles,21,12,יהודה,nmpr,"pers,gens,topo",F:unclassified-name,Other Tanakh
417097,1437222,514138,2 Chronicles,21,13,מלך,subs,,B:deity-candidate,Other Tanakh
417098,1437222,514138,2 Chronicles,21,13,ישראל,nmpr,"pers,gens,topo",F:unclassified-name,Other Tanakh
417102,1437222,514139,2 Chronicles,21,13,יהודה,nmpr,"pers,gens,topo",F:unclassified-name,Other Tanakh
417106,1437222,514139,2 Chronicles,21,13,ירושלם,nmpr,topo,F:unclassified-name,Other Tanakh
417110,1437222,514140,2 Chronicles,21,13,אחאב,nmpr,pers,A:person-candidate,Other Tanakh
417122,1437223,514143,2 Chronicles,21,14,יהוה,nmpr,pers,E:YHWH,Other Tanakh
417157,1437225,514146,2 Chronicles,21,16,יהוה,nmpr,pers,E:YHWH,Other Tanakh
417159,1437225,514146,2 Chronicles,21,16,יהורם,nmpr,pers,A:person-candidate,Other Tanakh
417174,1437226,514148,2 Chronicles,21,17,יהודה,nmpr,"pers,gens,topo",F:unclassified-name,Other Tanakh
417188,1437226,514151,2 Chronicles,21,17,מלך,subs,,B:deity-candidate,Other Tanakh
417201,1437226,514154,2 Chronicles,21,17,יהואחז,nmpr,pers,A:person-candidate,Other Tanakh
417209,1437227,514155,2 Chronicles,21,18,יהוה,nmpr,pers,E:YHWH,Other Tanakh
417256,1437229,514162,2 Chronicles,21,20,מלך,verb,,B:deity-candidate,Other Tanakh
417260,1437229,514163,2 Chronicles,21,20,מלך,verb,,B:deity-candidate,Other Tanakh
417262,1437229,514163,2 Chronicles,21,20,ירושלם,nmpr,topo,F:unclassified-name,Other Tanakh
417272,1437229,514165,2 Chronicles,21,20,דוד,nmpr,pers,A:person-candidate,Other Tanakh
417278,1437229,514166,2 Chronicles,21,20,מלך,subs,,B:deity-candidate,Other Tanakh
417280,1437230,514167,2 Chronicles,22,1,מלך,verb,,B:deity-candidate,Other Tanakh
417282,1437230,514167,2 Chronicles,22,1,ירושלם,nmpr,topo,F:unclassified-name,Other Tanakh
417284,1437230,514167,2 Chronicles,22,1,אחזיהו,nmpr,pers,A:person-candidate,Other Tanakh
417305,1437230,514170,2 Chronicles,22,1,מלך,verb,,B:deity-candidate,Other Tanakh
417306,1437230,514170,2 Chronicles,22,1,אחזיהו,nmpr,pers,A:person-candidate,Other Tanakh
417308,1437230,514170,2 Chronicles,22,1,יהורם,nmpr,pers,A:person-candidate,Other Tanakh
417309,1437230,514170,2 Chronicles,22,1,מלך,subs,,B:deity-candidate,Other Tanakh
417310,1437230,514170,2 Chronicles,22,1,יהודה,nmpr,"pers,gens,topo",F:unclassified-name,Other Tanakh
417316,1437231,514171,2 Chronicles,22,2,אחזיהו,nmpr,pers,A:person-candidate,Other Tanakh
417318,1437231,514172,2 Chronicles,22,2,מלך,verb,,B:deity-candidate,Other Tanakh
417322,1437231,514173,2 Chronicles,22,2,מלך,verb,,B:deity-candidate,Other Tanakh
417324,1437231,514173,2 Chronicles,22,2,ירושלם,nmpr,topo,F:unclassified-name,Other Tanakh
417328,1437231,514174,2 Chronicles,22,2,עתליהו,nmpr,pers,A:person-candidate,Other Tanakh
417330,1437231,514174,2 Chronicles,22,2,עמרי,nmpr,pers,A:person-candidate,Other Tanakh
417337,1437232,514175,2 Chronicles,22,3,אחאב,nmpr,pers,A:person-candidate,Other Tanakh
417350,1437233,514179,2 Chronicles,22,4,יהוה,nmpr,pers,E:YHWH,Other Tanakh
417353,1437233,514178,2 Chronicles,22,4,אחאב,nmpr,pers,A:person-candidate,Other Tanakh
417372,1437234,514182,2 Chronicles,22,5,יהורם,nmpr,pers,A:person-candidate,Other Tanakh
417374,1437234,514182,2 Chronicles,22,5,אחאב,nmpr,pers,A:person-candidate,Other Tanakh
417375,1437234,514182,2 Chronicles,22,5,מלך,subs,,B:deity-candidate,Other Tanakh
417376,1437234,514182,2 Chronicles,22,5,ישראל,nmpr,"pers,gens,topo",F:unclassified-name,Other Tanakh
417381,1437234,514182,2 Chronicles,22,5,חזאל,nmpr,pers,A:person-candidate,Other Tanakh
417382,1437234,514182,2 Chronicles,22,5,מלך,subs,,B:deity-candidate,Other Tanakh
417383,1437234,514182,2 Chronicles,22,5,ארם,nmpr,topo,F:unclassified-name,Other Tanakh
417385,1437234,514182,2 Chronicles,22,5,רמת,nmpr,topo,F:unclassified-name,Other Tanakh
417386,1437234,514182,2 Chronicles,22,5,גלעד,nmpr,topo,F:unclassified-name,Other Tanakh
417392,1437234,514183,2 Chronicles,22,5,יורם,nmpr,pers,A:person-candidate,Other Tanakh
417398,1437235,514185,2 Chronicles,22,6,יזרעאל,nmpr,topo,F:unclassified-name,Other Tanakh
417406,1437235,514187,2 Chronicles,22,6,רמה,nmpr,topo,F:unclassified-name,Other Tanakh
417410,1437235,514188,2 Chronicles,22,6,חזאל,nmpr,pers,A:person-candidate,Other Tanakh
417411,1437235,514188,2 Chronicles,22,6,מלך,subs,,B:deity-candidate,Other Tanakh
417412,1437235,514188,2 Chronicles,22,6,ארם,nmpr,topo,F:unclassified-name,Other Tanakh
417414,1437235,514189,2 Chronicles,22,6,עזריהו,nmpr,pers,A:person-candidate,Other Tanakh
417416,1437235,514189,2 Chronicles,22,6,יהורם,nmpr,pers,A:person-candidate,Other Tanakh
417417,1437235,514189,2 Chronicles,22,6,מלך,subs,,B:deity-candidate,Other Tanakh
417418,1437235,514189,2 Chronicles,22,6,יהודה,nmpr,"pers,gens,topo",F:unclassified-name,Other Tanakh
417423,1437235,514190,2 Chronicles,22,6,יהורם,nmpr,pers,A:person-candidate,Other Tanakh
417425,1437235,514190,2 Chronicles,22,6,אחאב,nmpr,pers,A:person-candidate,Other Tanakh
417427,1437235,514190,2 Chronicles,22,6,יזרעאל,nmpr,topo,F:unclassified-name,Other Tanakh
417433,1437236,514192,2 Chronicles,22,7,אלהים,subs,,D:Elohim,Other Tanakh
417436,1437236,514192,2 Chronicles,22,7,אחזיהו,nmpr,pers,A:person-candidate,Other Tanakh
417439,1437236,514193,2 Chronicles,22,7,אל,prep,,C:divine-title-candidate,Other Tanakh
417440,1437236,514193,2 Chronicles,22,7,יורם,nmpr,pers,A:person-candidate,Other Tanakh
417446,1437236,514194,2 Chronicles,22,7,יהורם,nmpr,pers,A:person-candidate,Other Tanakh
417447,1437236,514194,2 Chronicles,22,7,אל,prep,,C:divine-title-candidate,Other Tanakh
417448,1437236,514194,2 Chronicles,22,7,יהוא,nmpr,pers,A:person-candidate,Other Tanakh
417450,1437236,514194,2 Chronicles,22,7,נמשי,nmpr,pers,A:person-candidate,Other Tanakh
417453,1437236,514196,2 Chronicles,22,7,יהוה,nmpr,pers,E:YHWH,Other Tanakh
417458,1437236,514197,2 Chronicles,22,7,אחאב,nmpr,pers,A:person-candidate,Other Tanakh
417463,1437237,514199,2 Chronicles,22,8,יהוא,nmpr,pers,A:person-candidate,Other Tanakh
417466,1437237,514199,2 Chronicles,22,8,אחאב,nmpr,pers,A:person-candidate,Other Tanakh
417471,1437237,514200,2 Chronicles,22,8,יהודה,nmpr,"pers,gens,topo",F:unclassified-name,Other Tanakh
417475,1437237,514200,2 Chronicles,22,8,אחזיהו,nmpr,pers,A:person-candidate,Other Tanakh
417478,1437237,514201,2 Chronicles,22,8,אחזיהו,nmpr,pers,A:person-candidate,Other Tanakh
417484,1437238,514203,2 Chronicles,22,9,אחזיהו,nmpr,pers,A:person-candidate,Other Tanakh
417491,1437238,514205,2 Chronicles,22,9,שמרון,nmpr,topo,F:unclassified-name,Other Tanakh
417494,1437238,514206,2 Chronicles,22,9,אל,prep,,C:divine-title-candidate,Other Tanakh
417495,1437238,514206,2 Chronicles,22,9,יהוא,nmpr,pers,A:person-candidate,Other Tanakh
417503,1437238,514210,2 Chronicles,22,9,יהושפט,nmpr,pers,A:person-candidate,Other Tanakh
417508,1437238,514211,2 Chronicles,22,9,יהוה,nmpr,pers,E:YHWH,Other Tanakh
417516,1437238,514212,2 Chronicles,22,9,אחזיהו,nmpr,pers,A:person-candidate,Other Tanakh
417523,1437239,514214,2 Chronicles,22,10,עתליהו,nmpr,pers,A:person-candidate,Other Tanakh
417525,1437239,514214,2 Chronicles,22,10,אחזיהו,nmpr,pers,A:person-candidate,Other Tanakh
417541,1437239,514217,2 Chronicles,22,10,יהודה,nmpr,"pers,gens,topo",F:unclassified-name,Other Tanakh
417544,1437240,514218,2 Chronicles,22,11,יהושבעת,nmpr,pers,A:person-candidate,Other Tanakh
417547,1437240,514218,2 Chronicles,22,11,מלך,subs,,B:deity-candidate,Other Tanakh
417549,1437240,514218,2 Chronicles,22,11,יואש,nmpr,pers,A:person-candidate,Other Tanakh
417551,1437240,514218,2 Chronicles,22,11,אחזיהו,nmpr,pers,A:person-candidate,Other Tanakh
417559,1437240,514219,2 Chronicles,22,11,מלך,subs,,B:deity-candidate,Other Tanakh
417574,1437240,514222,2 Chronicles,22,11,יהושבעת,nmpr,pers,A:person-candidate,Other Tanakh
417577,1437240,514222,2 Chronicles,22,11,מלך,subs,,B:deity-candidate,Other Tanakh
417578,1437240,514222,2 Chronicles,22,11,יהורם,nmpr,pers,A:person-candidate,Other Tanakh
417580,1437240,514222,2 Chronicles,22,11,יהוידע,nmpr,pers,A:person-candidate,Other Tanakh
417587,1437240,514223,2 Chronicles,22,11,אחזיהו,nmpr,pers,A:person-candidate,Other Tanakh
417590,1437240,514222,2 Chronicles,22,11,עתליהו,nmpr,pers,A:person-candidate,Other Tanakh
417600,1437241,514225,2 Chronicles,22,12,אלהים,subs,,D:Elohim,Other Tanakh
417605,1437241,514227,2 Chronicles,22,12,עתליה,nmpr,pers,A:person-candidate,Other Tanakh
417606,1437241,514227,2 Chronicles,22,12,מלך,verb,,B:deity-candidate,Other Tanakh
417617,1437242,514228,2 Chronicles,23,1,יהוידע,nmpr,pers,A:person-candidate,Other Tanakh
417625,1437242,514229,2 Chronicles,23,1,עזריהו,nmpr,pers,A:person-candidate,Other Tanakh
417627,1437242,514229,2 Chronicles,23,1,ירחם,nmpr,pers,A:person-candidate,Other Tanakh
417630,1437242,514229,2 Chronicles,23,1,ישמעאל,nmpr,pers,A:person-candidate,Other Tanakh
417632,1437242,514229,2 Chronicles,23,1,יהוחנן,nmpr,pers,A:person-candidate,Other Tanakh
417635,1437242,514229,2 Chronicles,23,1,עזריהו,nmpr,pers,A:person-candidate,Other Tanakh
417637,1437242,514229,2 Chronicles,23,1,עובד,nmpr,pers,A:person-candidate,Other Tanakh
417640,1437242,514229,2 Chronicles,23,1,מעשיהו,nmpr,pers,A:person-candidate,Other Tanakh
417642,1437242,514229,2 Chronicles,23,1,עדיהו,nmpr,pers,A:person-candidate,Other Tanakh
417645,1437242,514229,2 Chronicles,23,1,אלישפט,nmpr,pers,A:person-candidate,Other Tanakh
417647,1437242,514229,2 Chronicles,23,1,זכרי,nmpr,pers,A:person-candidate,Other Tanakh
417655,1437243,514230,2 Chronicles,23,2,יהודה,nmpr,"pers,gens,topo",F:unclassified-name,Other Tanakh
417664,1437243,514231,2 Chronicles,23,2,יהודה,nmpr,"pers,gens,topo",F:unclassified-name,Other Tanakh
417670,1437243,514232,2 Chronicles,23,2,ישראל,nmpr,"pers,gens,topo",F:unclassified-name,Other Tanakh
417673,1437243,514233,2 Chronicles,23,2,אל,prep,,C:divine-title-candidate,Other Tanakh
417674,1437243,514233,2 Chronicles,23,2,ירושלם,nmpr,topo,F:unclassified-name,Other Tanakh
417684,1437244,514234,2 Chronicles,23,3,אלהים,subs,,D:Elohim,Other Tanakh
417687,1437244,514234,2 Chronicles,23,3,מלך,subs,,B:deity-candidate,Other Tanakh
417694,1437244,514236,2 Chronicles,23,3,מלך,subs,,B:deity-candidate,Other Tanakh
417695,1437244,514236,2 Chronicles,23,3,מלך,verb,,B:deity-candidate,Other Tanakh
417699,1437244,514237,2 Chronicles,23,3,יהוה,nmpr,pers,E:YHWH,Other Tanakh
417702,1437244,514237,2 Chronicles,23,3,דוד,nmpr,pers,A:person-candidate,Other Tanakh
417731,1437246,514241,2 Chronicles,23,5,מלך,subs,,B:deity-candidate,Other Tanakh
417746,1437246,514243,2 Chronicles,23,5,יהוה,nmpr,pers,E:YHWH,Other Tanakh
417748,1437247,514244,2 Chronicles,23,6,אל,nega,,C:divine-title-candidate,Other Tanakh
417751,1437247,514244,2 Chronicles,23,6,יהוה,nmpr,pers,E:YHWH,Other Tanakh
417773,1437247,514248,2 Chronicles,23,6,יהוה,nmpr,pers,E:YHWH,Other Tanakh
417780,1437248,514249,2 Chronicles,23,7,מלך,subs,,B:deity-candidate,Other Tanakh
417790,1437248,514253,2 Chronicles,23,7,אל,prep,,C:divine-title-candidate,Other Tanakh
417798,1437248,514254,2 Chronicles,23,7,מלך,subs,,B:deity-candidate,Other Tanakh
417810,1437249,514257,2 Chronicles,23,8,יהודה,nmpr,"pers,gens,topo",F:unclassified-name,Other Tanakh
417815,1437249,514258,2 Chronicles,23,8,יהוידע,nmpr,pers,A:person-candidate,Other Tanakh
417833,1437249,514261,2 Chronicles,23,8,יהוידע,nmpr,pers,A:person-candidate,Other Tanakh
417841,1437250,514262,2 Chronicles,23,9,יהוידע,nmpr,pers,A:person-candidate,Other Tanakh
417862,1437250,514263,2 Chronicles,23,9,מלך,subs,,B:deity-candidate,Other Tanakh
417863,1437250,514263,2 Chronicles,23,9,דוד,nmpr,pers,A:person-candidate,Other Tanakh
417867,1437250,514264,2 Chronicles,23,9,אלהים,subs,,D:Elohim,Other Tanakh
417900,1437251,514265,2 Chronicles,23,10,מלך,subs,,B:deity-candidate,Other Tanakh
417907,1437252,514268,2 Chronicles,23,11,מלך,subs,,B:deity-candidate,Other Tanakh
417919,1437252,514270,2 Chronicles,23,11,מלך,verb,,B:deity-candidate,Other Tanakh
417923,1437252,514271,2 Chronicles,23,11,יהוידע,nmpr,pers,A:person-candidate,Other Tanakh
417930,1437252,514273,2 Chronicles,23,11,מלך,subs,,B:deity-candidate,Other Tanakh
417933,1437253,514274,2 Chronicles,23,12,עתליהו,nmpr,pers,A:person-candidate,Other Tanakh
417945,1437253,514276,2 Chronicles,23,12,מלך,subs,,B:deity-candidate,Other Tanakh
417948,1437253,514277,2 Chronicles,23,12,אל,prep,,C:divine-title-candidate,Other Tanakh
417952,1437253,514277,2 Chronicles,23,12,יהוה,nmpr,pers,E:YHWH,Other Tanakh
417958,1437254,514280,2 Chronicles,23,13,מלך,subs,,B:deity-candidate,Other Tanakh
417973,1437254,514281,2 Chronicles,23,13,מלך,subs,,B:deity-candidate,Other Tanakh
417997,1437254,514287,2 Chronicles,23,13,עתליהו,nmpr,pers,A:person-candidate,Other Tanakh
418006,1437255,514290,2 Chronicles,23,14,יהוידע,nmpr,pers,A:person-candidate,Other Tanakh
418018,1437255,514291,2 Chronicles,23,14,אל,prep,,C:divine-title-candidate,Other Tanakh
418020,1437255,514292,2 Chronicles,23,14,אל,prep,,C:divine-title-candidate,Other Tanakh
418040,1437255,514296,2 Chronicles,23,14,יהוה,nmpr,pers,E:YHWH,Other Tanakh
418047,1437256,514298,2 Chronicles,23,15,אל,prep,,C:divine-title-candidate,Other Tanakh
418054,1437256,514298,2 Chronicles,23,15,מלך,subs,,B:deity-candidate,Other Tanakh
418060,1437257,514300,2 Chronicles,23,16,יהוידע,nmpr,pers,A:person-candidate,Other Tanakh
418071,1437257,514300,2 Chronicles,23,16,מלך,subs,,B:deity-candidate,Other Tanakh
418077,1437257,514301,2 Chronicles,23,16,יהוה,nmpr,pers,E:YHWH,Other Tanakh
418085,1437258,514302,2 Chronicles,23,17,בעל,subs,,B:deity-candidate,Other Tanakh
418097,1437258,514305,2 Chronicles,23,17,מתן,nmpr,pers,A:person-candidate,Other Tanakh
418100,1437258,514305,2 Chronicles,23,17,בעל,subs,,B:deity-candidate,Other Tanakh
418108,1437259,514306,2 Chronicles,23,18,יהוידע,nmpr,pers,A:person-candidate,Other Tanakh
418111,1437259,514306,2 Chronicles,23,18,יהוה,nmpr,pers,E:YHWH,Other Tanakh
418120,1437259,514307,2 Chronicles,23,18,דוד,nmpr,pers,A:person-candidate,Other Tanakh
418123,1437259,514307,2 Chronicles,23,18,יהוה,nmpr,pers,E:YHWH,Other Tanakh
418127,1437259,514308,2 Chronicles,23,18,יהוה,nmpr,pers,E:YHWH,Other Tanakh
418133,1437259,514309,2 Chronicles,23,18,משה,nmpr,pers,A:person-candidate,Other Tanakh
418141,1437259,514310,2 Chronicles,23,18,דוד,nmpr,pers,A:person-candidate,Other Tanakh
418149,1437260,514311,2 Chronicles,23,19,יהוה,nmpr,pers,E:YHWH,Other Tanakh
418184,1437261,514314,2 Chronicles,23,20,מלך,subs,,B:deity-candidate,Other Tanakh
418187,1437261,514314,2 Chronicles,23,20,יהוה,nmpr,pers,E:YHWH,Other Tanakh
418194,1437261,514315,2 Chronicles,23,20,עליון,adjv,,C:divine-title-candidate,Other Tanakh
418197,1437261,514315,2 Chronicles,23,20,מלך,subs,,B:deity-candidate,Other Tanakh
418202,1437261,514316,2 Chronicles,23,20,מלך,subs,,B:deity-candidate,Other Tanakh
418219,1437262,514319,2 Chronicles,23,21,עתליהו,nmpr,pers,A:person-candidate,Other Tanakh
418227,1437263,514320,2 Chronicles,24,1,יואש,nmpr,pers,A:person-candidate,Other Tanakh
418229,1437263,514321,2 Chronicles,24,1,מלך,verb,,B:deity-candidate,Other Tanakh
418233,1437263,514322,2 Chronicles,24,1,מלך,verb,,B:deity-candidate,Other Tanakh
418235,1437263,514322,2 Chronicles,24,1,ירושלם,nmpr,topo,F:unclassified-name,Other Tanakh
418239,1437263,514323,2 Chronicles,24,1,צביה,nmpr,pers,A:person-candidate,Other Tanakh
418242,1437263,514323,2 Chronicles,24,1,שבע,nmpr,topo,F:unclassified-name,Other Tanakh
418245,1437264,514324,2 Chronicles,24,2,יואש,nmpr,pers,A:person-candidate,Other Tanakh
418250,1437264,514325,2 Chronicles,24,2,יהוה,nmpr,pers,E:YHWH,Other Tanakh
418253,1437264,514324,2 Chronicles,24,2,יהוידע,nmpr,pers,A:person-candidate,Other Tanakh
418259,1437265,514326,2 Chronicles,24,3,יהוידע,nmpr,pers,A:person-candidate,Other Tanakh
418274,1437266,514329,2 Chronicles,24,4,יואש,nmpr,pers,A:person-candidate,Other Tanakh
418279,1437266,514330,2 Chronicles,24,4,יהוה,nmpr,pers,E:YHWH,Other Tanakh
418294,1437267,514333,2 Chronicles,24,5,יהודה,nmpr,"pers,gens,topo",F:unclassified-name,Other Tanakh
418299,1437267,514334,2 Chronicles,24,5,ישראל,nmpr,"pers,gens,topo",F:unclassified-name,Other Tanakh
418305,1437267,514335,2 Chronicles,24,5,אלהים,subs,,D:Elohim,Other Tanakh
418325,1437268,514338,2 Chronicles,24,6,מלך,subs,,B:deity-candidate,Other Tanakh
418327,1437268,514338,2 Chronicles,24,6,יהוידע,nmpr,pers,A:person-candidate,Other Tanakh
418342,1437268,514341,2 Chronicles,24,6,יהודה,nmpr,"pers,gens,topo",F:unclassified-name,Other Tanakh
418345,1437268,514341,2 Chronicles,24,6,ירושלם,nmpr,topo,F:unclassified-name,Other Tanakh
418348,1437268,514341,2 Chronicles,24,6,משה,nmpr,pers,A:person-candidate,Other Tanakh
418350,1437268,514341,2 Chronicles,24,6,יהוה,nmpr,pers,E:YHWH,Other Tanakh
418355,1437268,514341,2 Chronicles,24,6,ישראל,nmpr,"pers,gens,topo",F:unclassified-name,Other Tanakh
418361,1437269,514342,2 Chronicles,24,7,עתליהו,nmpr,pers,A:person-candidate,Other Tanakh
418369,1437269,514343,2 Chronicles,24,7,אלהים,subs,,D:Elohim,Other Tanakh
418375,1437269,514344,2 Chronicles,24,7,יהוה,nmpr,pers,E:YHWH,Other Tanakh
418379,1437269,514344,2 Chronicles,24,7,בעל,subs,,B:deity-candidate,Other Tanakh
418383,1437270,514345,2 Chronicles,24,8,מלך,subs,,B:deity-candidate,Other Tanakh
418393,1437270,514347,2 Chronicles,24,8,יהוה,nmpr,pers,E:YHWH,Other Tanakh
418399,1437271,514348,2 Chronicles,24,9,יהודה,nmpr,"pers,gens,topo",F:unclassified-name,Other Tanakh
418402,1437271,514348,2 Chronicles,24,9,ירושלם,nmpr,topo,F:unclassified-name,Other Tanakh
418406,1437271,514349,2 Chronicles,24,9,יהוה,nmpr,pers,E:YHWH,Other Tanakh
418408,1437271,514349,2 Chronicles,24,9,משה,nmpr,pers,A:person-candidate,Other Tanakh
418411,1437271,514349,2 Chronicles,24,9,אלהים,subs,,D:Elohim,Other Tanakh
418413,1437271,514349,2 Chronicles,24,9,ישראל,nmpr,"pers,gens,topo",F:unclassified-name,Other Tanakh
418444,1437273,514355,2 Chronicles,24,11,אל,prep,,C:divine-title-candidate,Other Tanakh
418447,1437273,514355,2 Chronicles,24,11,מלך,subs,,B:deity-candidate,Other Tanakh
418463,1437273,514358,2 Chronicles,24,11,מלך,subs,,B:deity-candidate,Other Tanakh
418478,1437273,514361,2 Chronicles,24,11,אל,prep,,C:divine-title-candidate,Other Tanakh
418494,1437274,514364,2 Chronicles,24,12,מלך,subs,,B:deity-candidate,Other Tanakh
418496,1437274,514364,2 Chronicles,24,12,יהוידע,nmpr,pers,A:person-candidate,Other Tanakh
418497,1437274,514364,2 Chronicles,24,12,אל,prep,,C:divine-title-candidate,Other Tanakh
418502,1437274,514364,2 Chronicles,24,12,יהוה,nmpr,pers,E:YHWH,Other Tanakh
418512,1437274,514366,2 Chronicles,24,12,יהוה,nmpr,pers,E:YHWH,Other Tanakh
418524,1437274,514368,2 Chronicles,24,12,יהוה,nmpr,pers,E:YHWH,Other Tanakh
418543,1437275,514371,2 Chronicles,24,13,אלהים,subs,,D:Elohim,Other Tanakh
418555,1437276,514373,2 Chronicles,24,14,מלך,subs,,B:deity-candidate,Other Tanakh
418557,1437276,514373,2 Chronicles,24,14,יהוידע,nmpr,pers,A:person-candidate,Other Tanakh
418567,1437276,514375,2 Chronicles,24,14,יהוה,nmpr,pers,E:YHWH,Other Tanakh
418585,1437276,514376,2 Chronicles,24,14,יהוה,nmpr,pers,E:YHWH,Other Tanakh
418589,1437276,514376,2 Chronicles,24,14,יהוידע,nmpr,pers,A:person-candidate,Other Tanakh
418592,1437277,514377,2 Chronicles,24,15,יהוידע,nmpr,pers,A:person-candidate,Other Tanakh
418609,1437278,514381,2 Chronicles,24,16,דוד,nmpr,pers,A:person-candidate,Other Tanakh
418612,1437278,514381,2 Chronicles,24,16,מלך,subs,,B:deity-candidate,Other Tanakh
418617,1437278,514382,2 Chronicles,24,16,ישראל,nmpr,"pers,gens,topo",F:unclassified-name,Other Tanakh
418621,1437278,514382,2 Chronicles,24,16,אלהים,subs,,D:Elohim,Other Tanakh
418627,1437279,514383,2 Chronicles,24,17,יהוידע,nmpr,pers,A:person-candidate,Other Tanakh
418630,1437279,514383,2 Chronicles,24,17,יהודה,nmpr,"pers,gens,topo",F:unclassified-name,Other Tanakh
418635,1437279,514384,2 Chronicles,24,17,מלך,subs,,B:deity-candidate,Other Tanakh
418639,1437279,514385,2 Chronicles,24,17,מלך,subs,,B:deity-candidate,Other Tanakh
418640,1437279,514385,2 Chronicles,24,17,אל,prep,,C:divine-title-candidate,Other Tanakh
418645,1437280,514386,2 Chronicles,24,18,יהוה,nmpr,pers,E:YHWH,Other Tanakh
418646,1437280,514386,2 Chronicles,24,18,אלהים,subs,,D:Elohim,Other Tanakh
418661,1437280,514388,2 Chronicles,24,18,יהודה,nmpr,"pers,gens,topo",F:unclassified-name,Other Tanakh
418663,1437280,514388,2 Chronicles,24,18,ירושלם,nmpr,topo,F:unclassified-name,Other Tanakh
418673,1437281,514390,2 Chronicles,24,19,אל,prep,,C:divine-title-candidate,Other Tanakh
418674,1437281,514390,2 Chronicles,24,19,יהוה,nmpr,pers,E:YHWH,Other Tanakh
418683,1437282,514393,2 Chronicles,24,20,אלהים,subs,,D:Elohim,Other Tanakh
418686,1437282,514393,2 Chronicles,24,20,זכריה,nmpr,pers,A:person-candidate,Other Tanakh
418688,1437282,514393,2 Chronicles,24,20,יהוידע,nmpr,pers,A:person-candidate,Other Tanakh
418704,1437282,514396,2 Chronicles,24,20,אלהים,subs,,D:Elohim,Other Tanakh
418710,1437282,514397,2 Chronicles,24,20,יהוה,nmpr,pers,E:YHWH,Other Tanakh
418717,1437282,514399,2 Chronicles,24,20,יהוה,nmpr,pers,E:YHWH,Other Tanakh
418730,1437283,514402,2 Chronicles,24,21,מלך,subs,,B:deity-candidate,Other Tanakh
418734,1437283,514402,2 Chronicles,24,21,יהוה,nmpr,pers,E:YHWH,Other Tanakh
418738,1437284,514403,2 Chronicles,24,22,יואש,nmpr,pers,A:person-candidate,Other Tanakh
418740,1437284,514403,2 Chronicles,24,22,מלך,subs,,B:deity-candidate,Other Tanakh
418745,1437284,514404,2 Chronicles,24,22,יהוידע,nmpr,pers,A:person-candidate,Other Tanakh
418757,1437284,514407,2 Chronicles,24,22,יהוה,nmpr,pers,E:YHWH,Other Tanakh
418769,1437285,514410,2 Chronicles,24,23,ארם,nmpr,topo,F:unclassified-name,Other Tanakh
418772,1437285,514411,2 Chronicles,24,23,אל,prep,,C:divine-title-candidate,Other Tanakh
418773,1437285,514411,2 Chronicles,24,23,יהודה,nmpr,"pers,gens,topo",F:unclassified-name,Other Tanakh
418775,1437285,514411,2 Chronicles,24,23,ירושלם,nmpr,topo,F:unclassified-name,Other Tanakh
418790,1437285,514413,2 Chronicles,24,23,מלך,subs,,B:deity-candidate,Other Tanakh
418791,1437285,514413,2 Chronicles,24,23,דרמשק,nmpr,topo,F:unclassified-name,Other Tanakh
418798,1437286,514414,2 Chronicles,24,24,ארם,nmpr,topo,F:unclassified-name,Other Tanakh
418800,1437286,514415,2 Chronicles,24,24,יהוה,nmpr,pers,E:YHWH,Other Tanakh
418811,1437286,514416,2 Chronicles,24,24,יהוה,nmpr,pers,E:YHWH,Other Tanakh
418812,1437286,514416,2 Chronicles,24,24,אלהים,subs,,D:Elohim,Other Tanakh
418816,1437286,514417,2 Chronicles,24,24,יואש,nmpr,pers,A:person-candidate,Other Tanakh
418835,1437287,514418,2 Chronicles,24,25,יהוידע,nmpr,pers,A:person-candidate,Other Tanakh
418848,1437287,514423,2 Chronicles,24,25,דוד,nmpr,pers,A:person-candidate,Other Tanakh
418855,1437287,514424,2 Chronicles,24,25,מלך,subs,,B:deity-candidate,Other Tanakh
418861,1437288,514427,2 Chronicles,24,26,זבד,nmpr,pers,A:person-candidate,Other Tanakh
418863,1437288,514427,2 Chronicles,24,26,שמעת,nmpr,pers,A:person-candidate,Other Tanakh
418867,1437288,514427,2 Chronicles,24,26,יהוזבד,nmpr,pers,A:person-candidate,Other Tanakh
418869,1437288,514427,2 Chronicles,24,26,שמרית,nmpr,pers,A:person-candidate,Other Tanakh
418882,1437289,514430,2 Chronicles,24,27,אלהים,subs,,D:Elohim,Other Tanakh
418889,1437289,514431,2 Chronicles,24,27,מלך,subs,,B:deity-candidate,Other Tanakh
418891,1437289,514432,2 Chronicles,24,27,מלך,verb,,B:deity-candidate,Other Tanakh
418892,1437289,514432,2 Chronicles,24,27,אמציהו,nmpr,pers,A:person-candidate,Other Tanakh
418900,1437290,514433,2 Chronicles,25,1,מלך,verb,,B:deity-candidate,Other Tanakh
418901,1437290,514433,2 Chronicles,25,1,אמציהו,nmpr,pers,A:person-candidate,Other Tanakh
418907,1437290,514434,2 Chronicles,25,1,מלך,verb,,B:deity-candidate,Other Tanakh
418909,1437290,514434,2 Chronicles,25,1,ירושלם,nmpr,topo,F:unclassified-name,Other Tanakh
418913,1437290,514435,2 Chronicles,25,1,יהועדן,nmpr,pers,A:person-candidate,Other Tanakh
418915,1437290,514435,2 Chronicles,25,1,ירושלם,nmpr,topo,F:unclassified-name,Other Tanakh
418922,1437291,514437,2 Chronicles,25,2,יהוה,nmpr,pers,E:YHWH,Other Tanakh
418944,1437292,514442,2 Chronicles,25,3,מלך,subs,,B:deity-candidate,Other Tanakh
418960,1437293,514445,2 Chronicles,25,4,משה,nmpr,pers,A:person-candidate,Other Tanakh
418963,1437293,514446,2 Chronicles,25,4,יהוה,nmpr,pers,E:YHWH,Other Tanakh
418984,1437294,514452,2 Chronicles,25,5,אמציהו,nmpr,pers,A:person-candidate,Other Tanakh
418986,1437294,514452,2 Chronicles,25,5,יהודה,nmpr,"pers,gens,topo",F:unclassified-name,Other Tanakh
419003,1437294,514453,2 Chronicles,25,5,יהודה,nmpr,"pers,gens,topo",F:unclassified-name,Other Tanakh
419005,1437294,514453,2 Chronicles,25,5,בנימן,nmpr,"pers,gens,topo",F:unclassified-name,Other Tanakh
419030,1437295,514458,2 Chronicles,25,6,ישראל,nmpr,"pers,gens,topo",F:unclassified-name,Other Tanakh
419042,1437296,514459,2 Chronicles,25,7,אלהים,subs,,D:Elohim,Other Tanakh
419044,1437296,514459,2 Chronicles,25,7,אל,prep,,C:divine-title-candidate,Other Tanakh
419048,1437296,514461,2 Chronicles,25,7,מלך,subs,,B:deity-candidate,Other Tanakh
419049,1437296,514462,2 Chronicles,25,7,אל,nega,,C:divine-title-candidate,Other Tanakh
419053,1437296,514462,2 Chronicles,25,7,ישראל,nmpr,"pers,gens,topo",F:unclassified-name,Other Tanakh
419056,1437296,514463,2 Chronicles,25,7,יהוה,nmpr,pers,E:YHWH,Other Tanakh
419058,1437296,514463,2 Chronicles,25,7,ישראל,nmpr,"pers,gens,topo",F:unclassified-name,Other Tanakh
419061,1437296,514463,2 Chronicles,25,7,אפרים,nmpr,"pers,gens,topo",F:unclassified-name,Other Tanakh
419073,1437297,514467,2 Chronicles,25,8,אלהים,subs,,D:Elohim,Other Tanakh
419081,1437297,514468,2 Chronicles,25,8,אלהים,subs,,D:Elohim,Other Tanakh
419089,1437298,514471,2 Chronicles,25,9,אמציהו,nmpr,pers,A:person-candidate,Other Tanakh
419093,1437298,514471,2 Chronicles,25,9,אלהים,subs,,D:Elohim,Other Tanakh
419106,1437298,514474,2 Chronicles,25,9,ישראל,nmpr,"pers,gens,topo",F:unclassified-name,Other Tanakh
419111,1437298,514475,2 Chronicles,25,9,אלהים,subs,,D:Elohim,Other Tanakh
419114,1437298,514476,2 Chronicles,25,9,יהוה,nmpr,pers,E:YHWH,Other Tanakh
419123,1437299,514478,2 Chronicles,25,10,אמציהו,nmpr,pers,A:person-candidate,Other Tanakh
419129,1437299,514479,2 Chronicles,25,10,אל,prep,,C:divine-title-candidate,Other Tanakh
419131,1437299,514479,2 Chronicles,25,10,אפרים,nmpr,"pers,gens,topo",F:unclassified-name,Other Tanakh
419141,1437299,514481,2 Chronicles,25,10,יהודה,nmpr,"pers,gens,topo",F:unclassified-name,Other Tanakh
419150,1437300,514483,2 Chronicles,25,11,אמציהו,nmpr,pers,A:person-candidate,Other Tanakh
419165,1437300,514486,2 Chronicles,25,11,שעיר,nmpr,topo,F:unclassified-name,Other Tanakh
419174,1437301,514487,2 Chronicles,25,12,יהודה,nmpr,"pers,gens,topo",F:unclassified-name,Other Tanakh
419196,1437302,514492,2 Chronicles,25,13,אמציהו,nmpr,pers,A:person-candidate,Other Tanakh
419207,1437302,514494,2 Chronicles,25,13,יהודה,nmpr,"pers,gens,topo",F:unclassified-name,Other Tanakh
419209,1437302,514494,2 Chronicles,25,13,שמרון,nmpr,topo,F:unclassified-name,Other Tanakh
419212,1437302,514494,2 Chronicles,25,13,בית חורון,nmpr,topo,F:unclassified-name,Other Tanakh
419226,1437303,514498,2 Chronicles,25,14,אמציהו,nmpr,pers,A:person-candidate,Other Tanakh
419234,1437303,514500,2 Chronicles,25,14,אלהים,subs,,D:Elohim,Other Tanakh
419236,1437303,514500,2 Chronicles,25,14,שעיר,nmpr,topo,F:unclassified-name,Other Tanakh
419241,1437303,514501,2 Chronicles,25,14,אלהים,subs,,D:Elohim,Other Tanakh
419252,1437304,514504,2 Chronicles,25,15,יהוה,nmpr,pers,E:YHWH,Other Tanakh
419254,1437304,514504,2 Chronicles,25,15,אמציהו,nmpr,pers,A:person-candidate,Other Tanakh
419257,1437304,514505,2 Chronicles,25,15,אל,prep,,C:divine-title-candidate,Other Tanakh
419265,1437304,514507,2 Chronicles,25,15,אלהים,subs,,D:Elohim,Other Tanakh
419279,1437305,514510,2 Chronicles,25,16,אל,prep,,C:divine-title-candidate,Other Tanakh
419288,1437305,514512,2 Chronicles,25,16,מלך,subs,,B:deity-candidate,Other Tanakh
419303,1437305,514518,2 Chronicles,25,16,אלהים,subs,,D:Elohim,Other Tanakh
419316,1437306,514522,2 Chronicles,25,17,אמציהו,nmpr,pers,A:person-candidate,Other Tanakh
419317,1437306,514522,2 Chronicles,25,17,מלך,subs,,B:deity-candidate,Other Tanakh
419318,1437306,514522,2 Chronicles,25,17,יהודה,nmpr,"pers,gens,topo",F:unclassified-name,Other Tanakh
419321,1437306,514523,2 Chronicles,25,17,אל,prep,,C:divine-title-candidate,Other Tanakh
419322,1437306,514523,2 Chronicles,25,17,יואש,nmpr,pers,A:person-candidate,Other Tanakh
419324,1437306,514523,2 Chronicles,25,17,יהואחז,nmpr,pers,A:person-candidate,Other Tanakh
419326,1437306,514523,2 Chronicles,25,17,יהוא,nmpr,pers,A:person-candidate,Other Tanakh
419327,1437306,514523,2 Chronicles,25,17,מלך,subs,,B:deity-candidate,Other Tanakh
419328,1437306,514523,2 Chronicles,25,17,ישראל,nmpr,"pers,gens,topo",F:unclassified-name,Other Tanakh
419336,1437307,514527,2 Chronicles,25,18,יואש,nmpr,pers,A:person-candidate,Other Tanakh
419337,1437307,514527,2 Chronicles,25,18,מלך,subs,,B:deity-candidate,Other Tanakh
419338,1437307,514527,2 Chronicles,25,18,ישראל,nmpr,"pers,gens,topo",F:unclassified-name,Other Tanakh
419339,1437307,514527,2 Chronicles,25,18,אל,prep,,C:divine-title-candidate,Other Tanakh
419340,1437307,514527,2 Chronicles,25,18,אמציהו,nmpr,pers,A:person-candidate,Other Tanakh
419341,1437307,514527,2 Chronicles,25,18,מלך,subs,,B:deity-candidate,Other Tanakh
419342,1437307,514527,2 Chronicles,25,18,יהודה,nmpr,"pers,gens,topo",F:unclassified-name,Other Tanakh
419350,1437307,514530,2 Chronicles,25,18,לבנון,nmpr,topo,F:unclassified-name,Other Tanakh
419352,1437307,514529,2 Chronicles,25,18,אל,prep,,C:divine-title-candidate,Other Tanakh
419358,1437307,514531,2 Chronicles,25,18,לבנון,nmpr,topo,F:unclassified-name,Other Tanakh
419376,1437307,514535,2 Chronicles,25,18,לבנון,nmpr,topo,F:unclassified-name,Other Tanakh
419386,1437308,514538,2 Chronicles,25,19,אדום,nmpr,topo,F:unclassified-name,Other Tanakh
419404,1437308,514544,2 Chronicles,25,19,יהודה,nmpr,"pers,gens,topo",F:unclassified-name,Other Tanakh
419409,1437309,514545,2 Chronicles,25,20,אמציהו,nmpr,pers,A:person-candidate,Other Tanakh
419413,1437309,514546,2 Chronicles,25,20,אלהים,subs,,D:Elohim,Other Tanakh
419422,1437309,514548,2 Chronicles,25,20,אלהים,subs,,D:Elohim,Other Tanakh
419423,1437309,514548,2 Chronicles,25,20,אדום,nmpr,topo,F:unclassified-name,Other Tanakh
419426,1437310,514549,2 Chronicles,25,21,יואש,nmpr,pers,A:person-candidate,Other Tanakh
419427,1437310,514549,2 Chronicles,25,21,מלך,subs,,B:deity-candidate,Other Tanakh
419428,1437310,514549,2 Chronicles,25,21,ישראל,nmpr,"pers,gens,topo",F:unclassified-name,Other Tanakh
419434,1437310,514550,2 Chronicles,25,21,אמציהו,nmpr,pers,A:person-candidate,Other Tanakh
419435,1437310,514550,2 Chronicles,25,21,מלך,subs,,B:deity-candidate,Other Tanakh
419436,1437310,514550,2 Chronicles,25,21,יהודה,nmpr,"pers,gens,topo",F:unclassified-name,Other Tanakh
419438,1437310,514550,2 Chronicles,25,21,בית שמש,nmpr,topo,F:unclassified-name,Other Tanakh
419441,1437310,514551,2 Chronicles,25,21,יהודה,nmpr,"pers,gens,topo",F:unclassified-name,Other Tanakh
419444,1437311,514552,2 Chronicles,25,22,יהודה,nmpr,"pers,gens,topo",F:unclassified-name,Other Tanakh
419447,1437311,514552,2 Chronicles,25,22,ישראל,nmpr,"pers,gens,topo",F:unclassified-name,Other Tanakh
419455,1437312,514555,2 Chronicles,25,23,אמציהו,nmpr,pers,A:person-candidate,Other Tanakh
419456,1437312,514555,2 Chronicles,25,23,מלך,subs,,B:deity-candidate,Other Tanakh
419457,1437312,514555,2 Chronicles,25,23,יהודה,nmpr,"pers,gens,topo",F:unclassified-name,Other Tanakh
419459,1437312,514555,2 Chronicles,25,23,יואש,nmpr,pers,A:person-candidate,Other Tanakh
419461,1437312,514555,2 Chronicles,25,23,יהואחז,nmpr,pers,A:person-candidate,Other Tanakh
419463,1437312,514555,2 Chronicles,25,23,יואש,nmpr,pers,A:person-candidate,Other Tanakh
419464,1437312,514555,2 Chronicles,25,23,מלך,subs,,B:deity-candidate,Other Tanakh
419465,1437312,514555,2 Chronicles,25,23,ישראל,nmpr,"pers,gens,topo",F:unclassified-name,Other Tanakh
419467,1437312,514555,2 Chronicles,25,23,בית שמש,nmpr,topo,F:unclassified-name,Other Tanakh
419470,1437312,514556,2 Chronicles,25,23,ירושלם,nmpr,topo,F:unclassified-name,Other Tanakh
419475,1437312,514557,2 Chronicles,25,23,ירושלם,nmpr,topo,F:unclassified-name,Other Tanakh
419478,1437312,514557,2 Chronicles,25,23,אפרים,nmpr,"pers,gens,topo",F:unclassified-name,Other Tanakh
419503,1437313,514560,2 Chronicles,25,24,אלהים,subs,,D:Elohim,Other Tanakh
419505,1437313,514560,2 Chronicles,25,24,עבד אדום,nmpr,pers,A:person-candidate,Other Tanakh
419511,1437313,514559,2 Chronicles,25,24,מלך,subs,,B:deity-candidate,Other Tanakh
419519,1437313,514561,2 Chronicles,25,24,שמרון,nmpr,topo,F:unclassified-name,Other Tanakh
419522,1437314,514562,2 Chronicles,25,25,אמציהו,nmpr,pers,A:person-candidate,Other Tanakh
419524,1437314,514562,2 Chronicles,25,25,יואש,nmpr,pers,A:person-candidate,Other Tanakh
419525,1437314,514562,2 Chronicles,25,25,מלך,subs,,B:deity-candidate,Other Tanakh
419526,1437314,514562,2 Chronicles,25,25,יהודה,nmpr,"pers,gens,topo",F:unclassified-name,Other Tanakh
419529,1437314,514562,2 Chronicles,25,25,יואש,nmpr,pers,A:person-candidate,Other Tanakh
419531,1437314,514562,2 Chronicles,25,25,יהואחז,nmpr,pers,A:person-candidate,Other Tanakh
419532,1437314,514562,2 Chronicles,25,25,מלך,subs,,B:deity-candidate,Other Tanakh
419533,1437314,514562,2 Chronicles,25,25,ישראל,nmpr,"pers,gens,topo",F:unclassified-name,Other Tanakh
419540,1437315,514563,2 Chronicles,25,26,אמציהו,nmpr,pers,A:person-candidate,Other Tanakh
419552,1437315,514564,2 Chronicles,25,26,מלך,subs,,B:deity-candidate,Other Tanakh
419553,1437315,514564,2 Chronicles,25,26,יהודה,nmpr,"pers,gens,topo",F:unclassified-name,Other Tanakh
419555,1437315,514564,2 Chronicles,25,26,ישראל,nmpr,"pers,gens,topo",F:unclassified-name,Other Tanakh
419561,1437316,514566,2 Chronicles,25,27,אמציהו,nmpr,pers,A:person-candidate,Other Tanakh
419564,1437316,514566,2 Chronicles,25,27,יהוה,nmpr,pers,E:YHWH,Other Tanakh
419570,1437316,514567,2 Chronicles,25,27,ירושלם,nmpr,topo,F:unclassified-name,Other Tanakh
419573,1437316,514568,2 Chronicles,25,27,לכיש,nmpr,topo,F:unclassified-name,Other Tanakh
419577,1437316,514569,2 Chronicles,25,27,לכיש,nmpr,topo,F:unclassified-name,Other Tanakh
419593,1437317,514572,2 Chronicles,25,28,יהודה,nmpr,"pers,gens,topo",F:unclassified-name,Other Tanakh
419598,1437318,514573,2 Chronicles,26,1,יהודה,nmpr,"pers,gens,topo",F:unclassified-name,Other Tanakh
419600,1437318,514573,2 Chronicles,26,1,עזיהו,nmpr,pers,A:person-candidate,Other Tanakh
419608,1437318,514575,2 Chronicles,26,1,מלך,verb,,B:deity-candidate,Other Tanakh
419612,1437318,514575,2 Chronicles,26,1,אמציהו,nmpr,pers,A:person-candidate,Other Tanakh
419616,1437319,514576,2 Chronicles,26,2,אילת,nmpr,topo,F:unclassified-name,Other Tanakh
419620,1437319,514577,2 Chronicles,26,2,יהודה,nmpr,"pers,gens,topo",F:unclassified-name,Other Tanakh
419624,1437319,514578,2 Chronicles,26,2,מלך,subs,,B:deity-candidate,Other Tanakh
419631,1437320,514579,2 Chronicles,26,3,עזיהו,nmpr,pers,A:person-candidate,Other Tanakh
419633,1437320,514580,2 Chronicles,26,3,מלך,verb,,B:deity-candidate,Other Tanakh
419639,1437320,514581,2 Chronicles,26,3,מלך,verb,,B:deity-candidate,Other Tanakh
419641,1437320,514581,2 Chronicles,26,3,ירושלם,nmpr,topo,F:unclassified-name,Other Tanakh
419645,1437320,514582,2 Chronicles,26,3,יכליהו,nmpr,pers,A:person-candidate,Other Tanakh
419647,1437320,514582,2 Chronicles,26,3,ירושלם,nmpr,topo,F:unclassified-name,Other Tanakh
419654,1437321,514584,2 Chronicles,26,4,יהוה,nmpr,pers,E:YHWH,Other Tanakh
419659,1437321,514585,2 Chronicles,26,4,אמציהו,nmpr,pers,A:person-candidate,Other Tanakh
419665,1437322,514587,2 Chronicles,26,5,אלהים,subs,,D:Elohim,Other Tanakh
419668,1437322,514587,2 Chronicles,26,5,זכריהו,nmpr,pers,A:person-candidate,Other Tanakh
419674,1437322,514589,2 Chronicles,26,5,אלהים,subs,,D:Elohim,Other Tanakh
419680,1437322,514591,2 Chronicles,26,5,יהוה,nmpr,pers,E:YHWH,Other Tanakh
419683,1437322,514590,2 Chronicles,26,5,אלהים,subs,,D:Elohim,Other Tanakh
419695,1437323,514594,2 Chronicles,26,6,גת,nmpr,topo,F:unclassified-name,Other Tanakh
419699,1437323,514594,2 Chronicles,26,6,יבנה,nmpr,topo,F:unclassified-name,Other Tanakh
419703,1437323,514594,2 Chronicles,26,6,אשדוד,nmpr,topo,F:unclassified-name,Other Tanakh
419708,1437323,514595,2 Chronicles,26,6,אשדוד,nmpr,topo,F:unclassified-name,Other Tanakh
419716,1437324,514596,2 Chronicles,26,7,אלהים,subs,,D:Elohim,Other Tanakh
419726,1437324,514597,2 Chronicles,26,7,גור בעל,nmpr,topo,F:unclassified-name,Other Tanakh
419736,1437325,514598,2 Chronicles,26,8,עזיהו,nmpr,pers,A:person-candidate,Other Tanakh
419743,1437325,514600,2 Chronicles,26,8,מצרים,nmpr,topo,F:unclassified-name,Other Tanakh
419751,1437326,514602,2 Chronicles,26,9,עזיהו,nmpr,pers,A:person-candidate,Other Tanakh
419754,1437326,514602,2 Chronicles,26,9,ירושלם,nmpr,topo,F:unclassified-name,Other Tanakh
419810,1437328,514610,2 Chronicles,26,11,עזיהו,nmpr,pers,A:person-candidate,Other Tanakh
419823,1437328,514612,2 Chronicles,26,11,יעיאל,nmpr,pers,A:person-candidate,Other Tanakh
419827,1437328,514612,2 Chronicles,26,11,מעשיהו,nmpr,pers,A:person-candidate,Other Tanakh
419832,1437328,514612,2 Chronicles,26,11,חנניהו,nmpr,pers,A:person-candidate,Other Tanakh
419836,1437328,514612,2 Chronicles,26,11,מלך,subs,,B:deity-candidate,Other Tanakh
419872,1437330,514616,2 Chronicles,26,13,מלך,subs,,B:deity-candidate,Other Tanakh
419879,1437331,514617,2 Chronicles,26,14,עזיהו,nmpr,pers,A:person-candidate,Other Tanakh
419900,1437332,514618,2 Chronicles,26,15,ירושלם,nmpr,topo,F:unclassified-name,Other Tanakh
419948,1437333,514628,2 Chronicles,26,16,יהוה,nmpr,pers,E:YHWH,Other Tanakh
419949,1437333,514628,2 Chronicles,26,16,אלהים,subs,,D:Elohim,Other Tanakh
419952,1437333,514629,2 Chronicles,26,16,אל,prep,,C:divine-title-candidate,Other Tanakh
419954,1437333,514629,2 Chronicles,26,16,יהוה,nmpr,pers,E:YHWH,Other Tanakh
419964,1437334,514631,2 Chronicles,26,17,עזריהו,nmpr,pers,A:person-candidate,Other Tanakh
419971,1437334,514632,2 Chronicles,26,17,יהוה,nmpr,pers,E:YHWH,Other Tanakh
419978,1437335,514633,2 Chronicles,26,18,עזיהו,nmpr,pers,A:person-candidate,Other Tanakh
419980,1437335,514633,2 Chronicles,26,18,מלך,subs,,B:deity-candidate,Other Tanakh
419986,1437335,514636,2 Chronicles,26,18,עזיהו,nmpr,pers,A:person-candidate,Other Tanakh
419990,1437335,514637,2 Chronicles,26,18,יהוה,nmpr,pers,E:YHWH,Other Tanakh
419996,1437335,514638,2 Chronicles,26,18,אהרן,nmpr,pers,A:person-candidate,Other Tanakh
420013,1437335,514643,2 Chronicles,26,18,יהוה,nmpr,pers,E:YHWH,Other Tanakh
420014,1437335,514643,2 Chronicles,26,18,אלהים,subs,,D:Elohim,Other Tanakh
420017,1437336,514644,2 Chronicles,26,19,עזיהו,nmpr,pers,A:person-candidate,Other Tanakh
420042,1437336,514648,2 Chronicles,26,19,יהוה,nmpr,pers,E:YHWH,Other Tanakh
420051,1437337,514649,2 Chronicles,26,20,אל,prep,,C:divine-title-candidate,Other Tanakh
420052,1437337,514649,2 Chronicles,26,20,עזריהו,nmpr,pers,A:person-candidate,Other Tanakh
420078,1437337,514655,2 Chronicles,26,20,יהוה,nmpr,pers,E:YHWH,Other Tanakh
420081,1437338,514656,2 Chronicles,26,21,עזיהו,nmpr,pers,A:person-candidate,Other Tanakh
420083,1437338,514656,2 Chronicles,26,21,מלך,subs,,B:deity-candidate,Other Tanakh
420098,1437338,514659,2 Chronicles,26,21,יהוה,nmpr,pers,E:YHWH,Other Tanakh
420100,1437338,514660,2 Chronicles,26,21,יותם,nmpr,pers,A:person-candidate,Other Tanakh
420105,1437338,514660,2 Chronicles,26,21,מלך,subs,,B:deity-candidate,Other Tanakh
420114,1437339,514662,2 Chronicles,26,22,עזיהו,nmpr,pers,A:person-candidate,Other Tanakh
420121,1437339,514662,2 Chronicles,26,22,ישעיהו,nmpr,pers,A:person-candidate,Other Tanakh
420123,1437339,514662,2 Chronicles,26,22,אמוץ,nmpr,pers,A:person-candidate,Other Tanakh
420128,1437340,514663,2 Chronicles,26,23,עזיהו,nmpr,pers,A:person-candidate,Other Tanakh
420143,1437340,514665,2 Chronicles,26,23,מלך,subs,,B:deity-candidate,Other Tanakh
420149,1437340,514668,2 Chronicles,26,23,מלך,verb,,B:deity-candidate,Other Tanakh
420150,1437340,514668,2 Chronicles,26,23,יותם,nmpr,pers,A:person-candidate,Other Tanakh
420158,1437341,514669,2 Chronicles,27,1,יותם,nmpr,pers,A:person-candidate,Other Tanakh
420160,1437341,514670,2 Chronicles,27,1,מלך,verb,,B:deity-candidate,Other Tanakh
420165,1437341,514671,2 Chronicles,27,1,מלך,verb,,B:deity-candidate,Other Tanakh
420167,1437341,514671,2 Chronicles,27,1,ירושלם,nmpr,topo,F:unclassified-name,Other Tanakh
420171,1437341,514672,2 Chronicles,27,1,ירושא,nmpr,pers,A:person-candidate,Other Tanakh
420173,1437341,514672,2 Chronicles,27,1,צדוק,nmpr,pers,A:person-candidate,Other Tanakh
420180,1437342,514674,2 Chronicles,27,2,יהוה,nmpr,pers,E:YHWH,Other Tanakh
420185,1437342,514675,2 Chronicles,27,2,עזיהו,nmpr,pers,A:person-candidate,Other Tanakh
420190,1437342,514676,2 Chronicles,27,2,אל,prep,,C:divine-title-candidate,Other Tanakh
420192,1437342,514676,2 Chronicles,27,2,יהוה,nmpr,pers,E:YHWH,Other Tanakh
420203,1437343,514678,2 Chronicles,27,3,יהוה,nmpr,pers,E:YHWH,Other Tanakh
420205,1437343,514678,2 Chronicles,27,3,עליון,adjv,,C:divine-title-candidate,Other Tanakh
420210,1437343,514679,2 Chronicles,27,3,עפל,nmpr,topo,F:unclassified-name,Other Tanakh
420219,1437344,514680,2 Chronicles,27,4,יהודה,nmpr,"pers,gens,topo",F:unclassified-name,Other Tanakh
420232,1437345,514682,2 Chronicles,27,5,מלך,subs,,B:deity-candidate,Other Tanakh
420234,1437345,514682,2 Chronicles,27,5,עמון,nmpr,gens,F:unclassified-name,Other Tanakh
420242,1437345,514684,2 Chronicles,27,5,עמון,nmpr,gens,F:unclassified-name,Other Tanakh
420264,1437345,514685,2 Chronicles,27,5,עמון,nmpr,gens,F:unclassified-name,Other Tanakh
420276,1437346,514687,2 Chronicles,27,6,יותם,nmpr,pers,A:person-candidate,Other Tanakh
420282,1437346,514688,2 Chronicles,27,6,יהוה,nmpr,pers,E:YHWH,Other Tanakh
420283,1437346,514688,2 Chronicles,27,6,אלהים,subs,,D:Elohim,Other Tanakh
420287,1437347,514689,2 Chronicles,27,7,יותם,nmpr,pers,A:person-candidate,Other Tanakh
420297,1437347,514690,2 Chronicles,27,7,מלך,subs,,B:deity-candidate,Other Tanakh
420298,1437347,514690,2 Chronicles,27,7,ישראל,nmpr,"pers,gens,topo",F:unclassified-name,Other Tanakh
420300,1437347,514690,2 Chronicles,27,7,יהודה,nmpr,"pers,gens,topo",F:unclassified-name,Other Tanakh
420308,1437348,514692,2 Chronicles,27,8,מלך,verb,,B:deity-candidate,Other Tanakh
420313,1437348,514693,2 Chronicles,27,8,מלך,verb,,B:deity-candidate,Other Tanakh
420315,1437348,514693,2 Chronicles,27,8,ירושלם,nmpr,topo,F:unclassified-name,Other Tanakh
420318,1437349,514694,2 Chronicles,27,9,יותם,nmpr,pers,A:person-candidate,Other Tanakh
420326,1437349,514695,2 Chronicles,27,9,דוד,nmpr,pers,A:person-candidate,Other Tanakh
420328,1437349,514696,2 Chronicles,27,9,מלך,verb,,B:deity-candidate,Other Tanakh
420329,1437349,514696,2 Chronicles,27,9,אחז,nmpr,pers,A:person-candidate,Other Tanakh
420335,1437350,514697,2 Chronicles,28,1,אחז,nmpr,pers,A:person-candidate,Other Tanakh
420337,1437350,514698,2 Chronicles,28,1,מלך,verb,,B:deity-candidate,Other Tanakh
420342,1437350,514699,2 Chronicles,28,1,מלך,verb,,B:deity-candidate,Other Tanakh
420344,1437350,514699,2 Chronicles,28,1,ירושלם,nmpr,topo,F:unclassified-name,Other Tanakh
420352,1437350,514701,2 Chronicles,28,1,יהוה,nmpr,pers,E:YHWH,Other Tanakh
420354,1437350,514700,2 Chronicles,28,1,דוד,nmpr,pers,A:person-candidate,Other Tanakh
420360,1437351,514702,2 Chronicles,28,2,מלך,subs,,B:deity-candidate,Other Tanakh
420361,1437351,514702,2 Chronicles,28,2,ישראל,nmpr,"pers,gens,topo",F:unclassified-name,Other Tanakh
420368,1437351,514703,2 Chronicles,28,2,בעל,subs,,B:deity-candidate,Other Tanakh
420374,1437352,514704,2 Chronicles,28,3,בן הנם,nmpr,topo,F:unclassified-name,Other Tanakh
420388,1437352,514706,2 Chronicles,28,3,יהוה,nmpr,pers,E:YHWH,Other Tanakh
420392,1437352,514706,2 Chronicles,28,3,ישראל,nmpr,"pers,gens,topo",F:unclassified-name,Other Tanakh
420411,1437354,514709,2 Chronicles,28,5,יהוה,nmpr,pers,E:YHWH,Other Tanakh
420412,1437354,514709,2 Chronicles,28,5,אלהים,subs,,D:Elohim,Other Tanakh
420415,1437354,514709,2 Chronicles,28,5,מלך,subs,,B:deity-candidate,Other Tanakh
420416,1437354,514709,2 Chronicles,28,5,ארם,nmpr,topo,F:unclassified-name,Other Tanakh
420427,1437354,514712,2 Chronicles,28,5,דרמשק,nmpr,topo,F:unclassified-name,Other Tanakh
420432,1437354,514713,2 Chronicles,28,5,מלך,subs,,B:deity-candidate,Other Tanakh
420433,1437354,514713,2 Chronicles,28,5,ישראל,nmpr,"pers,gens,topo",F:unclassified-name,Other Tanakh
420442,1437355,514715,2 Chronicles,28,6,פקח,nmpr,pers,A:person-candidate,Other Tanakh
420444,1437355,514715,2 Chronicles,28,6,רמליהו,nmpr,pers,A:person-candidate,Other Tanakh
420446,1437355,514715,2 Chronicles,28,6,יהודה,nmpr,"pers,gens,topo",F:unclassified-name,Other Tanakh
420461,1437355,514717,2 Chronicles,28,6,יהוה,nmpr,pers,E:YHWH,Other Tanakh
420462,1437355,514717,2 Chronicles,28,6,אלהים,subs,,D:Elohim,Other Tanakh
420466,1437356,514718,2 Chronicles,28,7,זכרי,nmpr,pers,A:person-candidate,Other Tanakh
420468,1437356,514718,2 Chronicles,28,7,אפרים,nmpr,"pers,gens,topo",F:unclassified-name,Other Tanakh
420470,1437356,514718,2 Chronicles,28,7,מעשיהו,nmpr,pers,A:person-candidate,Other Tanakh
420473,1437356,514718,2 Chronicles,28,7,מלך,subs,,B:deity-candidate,Other Tanakh
420476,1437356,514718,2 Chronicles,28,7,עזריקם,nmpr,pers,A:person-candidate,Other Tanakh
420482,1437356,514718,2 Chronicles,28,7,אלקנה,nmpr,pers,A:person-candidate,Other Tanakh
420485,1437356,514718,2 Chronicles,28,7,מלך,subs,,B:deity-candidate,Other Tanakh
420489,1437357,514719,2 Chronicles,28,8,ישראל,nmpr,"pers,gens,topo",F:unclassified-name,Other Tanakh
420510,1437357,514721,2 Chronicles,28,8,שמרון,nmpr,topo,F:unclassified-name,Other Tanakh
420516,1437358,514722,2 Chronicles,28,9,יהוה,nmpr,pers,E:YHWH,Other Tanakh
420517,1437358,514723,2 Chronicles,28,9,עדד,nmpr,pers,A:person-candidate,Other Tanakh
420528,1437358,514725,2 Chronicles,28,9,שמרון,nmpr,topo,F:unclassified-name,Other Tanakh
420535,1437358,514727,2 Chronicles,28,9,יהוה,nmpr,pers,E:YHWH,Other Tanakh
420536,1437358,514727,2 Chronicles,28,9,אלהים,subs,,D:Elohim,Other Tanakh
420539,1437358,514727,2 Chronicles,28,9,יהודה,nmpr,"pers,gens,topo",F:unclassified-name,Other Tanakh
420556,1437359,514730,2 Chronicles,28,10,יהודה,nmpr,"pers,gens,topo",F:unclassified-name,Other Tanakh
420558,1437359,514730,2 Chronicles,28,10,ירושלם,nmpr,topo,F:unclassified-name,Other Tanakh
420576,1437359,514734,2 Chronicles,28,10,יהוה,nmpr,pers,E:YHWH,Other Tanakh
420577,1437359,514734,2 Chronicles,28,10,אלהים,subs,,D:Elohim,Other Tanakh
420592,1437360,514739,2 Chronicles,28,11,יהוה,nmpr,pers,E:YHWH,Other Tanakh
420600,1437361,514740,2 Chronicles,28,12,אפרים,nmpr,"pers,gens,topo",F:unclassified-name,Other Tanakh
420601,1437361,514740,2 Chronicles,28,12,עזריהו,nmpr,pers,A:person-candidate,Other Tanakh
420603,1437361,514740,2 Chronicles,28,12,יהוחנן,nmpr,pers,A:person-candidate,Other Tanakh
420604,1437361,514740,2 Chronicles,28,12,ברכיהו,nmpr,pers,A:person-candidate,Other Tanakh
420606,1437361,514740,2 Chronicles,28,12,משלמות,nmpr,pers,A:person-candidate,Other Tanakh
420608,1437361,514740,2 Chronicles,28,12,יחזקיהו,nmpr,pers,A:person-candidate,Other Tanakh
420610,1437361,514740,2 Chronicles,28,12,שלום,nmpr,pers,A:person-candidate,Other Tanakh
420612,1437361,514740,2 Chronicles,28,12,עמשא,nmpr,pers,A:person-candidate,Other Tanakh
420614,1437361,514740,2 Chronicles,28,12,חדלי,nmpr,pers,A:person-candidate,Other Tanakh
420633,1437362,514744,2 Chronicles,28,13,יהוה,nmpr,pers,E:YHWH,Other Tanakh
420652,1437362,514747,2 Chronicles,28,13,ישראל,nmpr,"pers,gens,topo",F:unclassified-name,Other Tanakh
420711,1437364,514759,2 Chronicles,28,15,יריחו,nmpr,topo,F:unclassified-name,Other Tanakh
420719,1437364,514760,2 Chronicles,28,15,שמרון,nmpr,topo,F:unclassified-name,Other Tanakh
420727,1437365,514761,2 Chronicles,28,16,מלך,subs,,B:deity-candidate,Other Tanakh
420728,1437365,514761,2 Chronicles,28,16,אחז,nmpr,pers,A:person-candidate,Other Tanakh
420730,1437365,514761,2 Chronicles,28,16,מלך,subs,,B:deity-candidate,Other Tanakh
420731,1437365,514761,2 Chronicles,28,16,אשור,nmpr,topo,F:unclassified-name,Other Tanakh
420742,1437366,514764,2 Chronicles,28,17,יהודה,nmpr,"pers,gens,topo",F:unclassified-name,Other Tanakh
420757,1437367,514766,2 Chronicles,28,18,יהודה,nmpr,"pers,gens,topo",F:unclassified-name,Other Tanakh
420761,1437367,514767,2 Chronicles,28,18,בית שמש,nmpr,topo,F:unclassified-name,Other Tanakh
420764,1437367,514767,2 Chronicles,28,18,אילון,nmpr,topo,F:unclassified-name,Other Tanakh
420768,1437367,514767,2 Chronicles,28,18,גדרות,nmpr,topo,F:unclassified-name,Other Tanakh
420771,1437367,514767,2 Chronicles,28,18,שוכה,nmpr,topo,F:unclassified-name,Other Tanakh
420776,1437367,514767,2 Chronicles,28,18,תמנה,nmpr,topo,F:unclassified-name,Other Tanakh
420781,1437367,514767,2 Chronicles,28,18,גמזו,nmpr,topo,F:unclassified-name,Other Tanakh
420790,1437368,514769,2 Chronicles,28,19,יהוה,nmpr,pers,E:YHWH,Other Tanakh
420792,1437368,514769,2 Chronicles,28,19,יהודה,nmpr,"pers,gens,topo",F:unclassified-name,Other Tanakh
420795,1437368,514769,2 Chronicles,28,19,אחז,nmpr,pers,A:person-candidate,Other Tanakh
420796,1437368,514769,2 Chronicles,28,19,מלך,subs,,B:deity-candidate,Other Tanakh
420797,1437368,514769,2 Chronicles,28,19,ישראל,nmpr,"pers,gens,topo",F:unclassified-name,Other Tanakh
420801,1437368,514770,2 Chronicles,28,19,יהודה,nmpr,"pers,gens,topo",F:unclassified-name,Other Tanakh
420806,1437368,514771,2 Chronicles,28,19,יהוה,nmpr,pers,E:YHWH,Other Tanakh
420810,1437369,514772,2 Chronicles,28,20,תלגת פלנאסר,nmpr,pers,A:person-candidate,Other Tanakh
420811,1437369,514772,2 Chronicles,28,20,מלך,subs,,B:deity-candidate,Other Tanakh
420812,1437369,514772,2 Chronicles,28,20,אשור,nmpr,topo,F:unclassified-name,Other Tanakh
420821,1437370,514775,2 Chronicles,28,21,אחז,nmpr,pers,A:person-candidate,Other Tanakh
420824,1437370,514775,2 Chronicles,28,21,יהוה,nmpr,pers,E:YHWH,Other Tanakh
420829,1437370,514775,2 Chronicles,28,21,מלך,subs,,B:deity-candidate,Other Tanakh
420836,1437370,514776,2 Chronicles,28,21,מלך,subs,,B:deity-candidate,Other Tanakh
420837,1437370,514776,2 Chronicles,28,21,אשור,nmpr,topo,F:unclassified-name,Other Tanakh
420853,1437371,514781,2 Chronicles,28,22,יהוה,nmpr,pers,E:YHWH,Other Tanakh
420856,1437371,514782,2 Chronicles,28,22,מלך,subs,,B:deity-candidate,Other Tanakh
420857,1437371,514782,2 Chronicles,28,22,אחז,nmpr,pers,A:person-candidate,Other Tanakh
420861,1437372,514783,2 Chronicles,28,23,אלהים,subs,,D:Elohim,Other Tanakh
420862,1437372,514783,2 Chronicles,28,23,דרמשק,nmpr,topo,F:unclassified-name,Other Tanakh
420869,1437372,514786,2 Chronicles,28,23,אלהים,subs,,D:Elohim,Other Tanakh
420870,1437372,514786,2 Chronicles,28,23,מלך,subs,,B:deity-candidate,Other Tanakh
420871,1437372,514786,2 Chronicles,28,23,ארם,nmpr,topo,F:unclassified-name,Other Tanakh
420888,1437372,514792,2 Chronicles,28,23,ישראל,nmpr,"pers,gens,topo",F:unclassified-name,Other Tanakh
420891,1437373,514793,2 Chronicles,28,24,אחז,nmpr,pers,A:person-candidate,Other Tanakh
420896,1437373,514793,2 Chronicles,28,24,אלהים,subs,,D:Elohim,Other Tanakh
420903,1437373,514794,2 Chronicles,28,24,אלהים,subs,,D:Elohim,Other Tanakh
420909,1437373,514795,2 Chronicles,28,24,יהוה,nmpr,pers,E:YHWH,Other Tanakh
420918,1437373,514796,2 Chronicles,28,24,ירושלם,nmpr,topo,F:unclassified-name,Other Tanakh
420926,1437374,514797,2 Chronicles,28,25,יהודה,nmpr,"pers,gens,topo",F:unclassified-name,Other Tanakh
420932,1437374,514798,2 Chronicles,28,25,אלהים,subs,,D:Elohim,Other Tanakh
420937,1437374,514799,2 Chronicles,28,25,יהוה,nmpr,pers,E:YHWH,Other Tanakh
420938,1437374,514799,2 Chronicles,28,25,אלהים,subs,,D:Elohim,Other Tanakh
420955,1437375,514801,2 Chronicles,28,26,מלך,subs,,B:deity-candidate,Other Tanakh
420956,1437375,514801,2 Chronicles,28,26,יהודה,nmpr,"pers,gens,topo",F:unclassified-name,Other Tanakh
420958,1437375,514801,2 Chronicles,28,26,ישראל,nmpr,"pers,gens,topo",F:unclassified-name,Other Tanakh
420961,1437376,514802,2 Chronicles,28,27,אחז,nmpr,pers,A:person-candidate,Other Tanakh
420970,1437376,514803,2 Chronicles,28,27,ירושלם,nmpr,topo,F:unclassified-name,Other Tanakh
420976,1437376,514804,2 Chronicles,28,27,מלך,subs,,B:deity-candidate,Other Tanakh
420977,1437376,514804,2 Chronicles,28,27,ישראל,nmpr,"pers,gens,topo",F:unclassified-name,Other Tanakh
420979,1437376,514805,2 Chronicles,28,27,מלך,verb,,B:deity-candidate,Other Tanakh
420980,1437376,514805,2 Chronicles,28,27,יחזקיהו,nmpr,pers,A:person-candidate,Other Tanakh
420983,1437377,514806,2 Chronicles,29,1,יחזקיהו,nmpr,pers,A:person-candidate,Other Tanakh
420984,1437377,514806,2 Chronicles,29,1,מלך,verb,,B:deity-candidate,Other Tanakh
420995,1437377,514807,2 Chronicles,29,1,מלך,verb,,B:deity-candidate,Other Tanakh
420997,1437377,514807,2 Chronicles,29,1,ירושלם,nmpr,topo,F:unclassified-name,Other Tanakh
421001,1437377,514808,2 Chronicles,29,1,אביה,nmpr,pers,A:person-candidate,Other Tanakh
421003,1437377,514808,2 Chronicles,29,1,זכריהו,nmpr,pers,A:person-candidate,Other Tanakh
421010,1437378,514810,2 Chronicles,29,2,יהוה,nmpr,pers,E:YHWH,Other Tanakh
421015,1437378,514811,2 Chronicles,29,2,דוד,nmpr,pers,A:person-candidate,Other Tanakh
421024,1437379,514813,2 Chronicles,29,3,מלך,verb,,B:deity-candidate,Other Tanakh
421034,1437379,514812,2 Chronicles,29,3,יהוה,nmpr,pers,E:YHWH,Other Tanakh
421064,1437381,514821,2 Chronicles,29,5,יהוה,nmpr,pers,E:YHWH,Other Tanakh
421065,1437381,514821,2 Chronicles,29,5,אלהים,subs,,D:Elohim,Other Tanakh
421084,1437382,514825,2 Chronicles,29,6,יהוה,nmpr,pers,E:YHWH,Other Tanakh
421085,1437382,514825,2 Chronicles,29,6,אלהים,subs,,D:Elohim,Other Tanakh
421093,1437382,514827,2 Chronicles,29,6,יהוה,nmpr,pers,E:YHWH,Other Tanakh
421119,1437383,514832,2 Chronicles,29,7,אלהים,subs,,D:Elohim,Other Tanakh
421120,1437383,514832,2 Chronicles,29,7,ישראל,nmpr,"pers,gens,topo",F:unclassified-name,Other Tanakh
421124,1437384,514833,2 Chronicles,29,8,יהוה,nmpr,pers,E:YHWH,Other Tanakh
421126,1437384,514833,2 Chronicles,29,8,יהודה,nmpr,"pers,gens,topo",F:unclassified-name,Other Tanakh
421128,1437384,514833,2 Chronicles,29,8,ירושלם,nmpr,topo,F:unclassified-name,Other Tanakh
421169,1437386,514839,2 Chronicles,29,10,יהוה,nmpr,pers,E:YHWH,Other Tanakh
421170,1437386,514839,2 Chronicles,29,10,אלהים,subs,,D:Elohim,Other Tanakh
421171,1437386,514839,2 Chronicles,29,10,ישראל,nmpr,"pers,gens,topo",F:unclassified-name,Other Tanakh
421179,1437387,514842,2 Chronicles,29,11,אל,nega,,C:divine-title-candidate,Other Tanakh
421184,1437387,514843,2 Chronicles,29,11,יהוה,nmpr,pers,E:YHWH,Other Tanakh
421202,1437388,514849,2 Chronicles,29,12,מחת,nmpr,pers,A:person-candidate,Other Tanakh
421204,1437388,514849,2 Chronicles,29,12,עמשי,nmpr,pers,A:person-candidate,Other Tanakh
421206,1437388,514849,2 Chronicles,29,12,יואל,nmpr,pers,A:person-candidate,Other Tanakh
421208,1437388,514849,2 Chronicles,29,12,עזריהו,nmpr,pers,A:person-candidate,Other Tanakh
421216,1437388,514850,2 Chronicles,29,12,מררי,nmpr,pers,A:person-candidate,Other Tanakh
421217,1437388,514850,2 Chronicles,29,12,קיש,nmpr,pers,A:person-candidate,Other Tanakh
421219,1437388,514850,2 Chronicles,29,12,עבדי,nmpr,pers,A:person-candidate,Other Tanakh
421221,1437388,514850,2 Chronicles,29,12,עזריהו,nmpr,pers,A:person-candidate,Other Tanakh
421223,1437388,514850,2 Chronicles,29,12,יהללאל,nmpr,pers,A:person-candidate,Other Tanakh
421228,1437388,514851,2 Chronicles,29,12,יואח,nmpr,pers,A:person-candidate,Other Tanakh
421230,1437388,514851,2 Chronicles,29,12,זמה,nmpr,pers,A:person-candidate,Other Tanakh
421232,1437388,514851,2 Chronicles,29,12,עדן,nmpr,pers,A:person-candidate,Other Tanakh
421234,1437388,514851,2 Chronicles,29,12,יואח,nmpr,pers,A:person-candidate,Other Tanakh
421238,1437389,514852,2 Chronicles,29,13,אליצפן,nmpr,pers,A:person-candidate,Other Tanakh
421239,1437389,514852,2 Chronicles,29,13,שמרי,nmpr,pers,A:person-candidate,Other Tanakh
421241,1437389,514852,2 Chronicles,29,13,יעיאל,nmpr,pers,A:person-candidate,Other Tanakh
421245,1437389,514853,2 Chronicles,29,13,אסף,nmpr,pers,A:person-candidate,Other Tanakh
421246,1437389,514853,2 Chronicles,29,13,זכריהו,nmpr,pers,A:person-candidate,Other Tanakh
421248,1437389,514853,2 Chronicles,29,13,מתניהו,nmpr,pers,A:person-candidate,Other Tanakh
421252,1437390,514854,2 Chronicles,29,14,הימן,nmpr,pers,A:person-candidate,Other Tanakh
421253,1437390,514854,2 Chronicles,29,14,יחיאל,nmpr,pers,A:person-candidate,Other Tanakh
421255,1437390,514854,2 Chronicles,29,14,שמעי,nmpr,pers,A:person-candidate,Other Tanakh
421259,1437390,514855,2 Chronicles,29,14,ידותון,nmpr,pers,A:person-candidate,Other Tanakh
421260,1437390,514855,2 Chronicles,29,14,שמעיה,nmpr,pers,A:person-candidate,Other Tanakh
421262,1437390,514855,2 Chronicles,29,14,עזיאל,nmpr,pers,A:person-candidate,Other Tanakh
421274,1437391,514858,2 Chronicles,29,15,מלך,subs,,B:deity-candidate,Other Tanakh
421277,1437391,514858,2 Chronicles,29,15,יהוה,nmpr,pers,E:YHWH,Other Tanakh
421281,1437391,514859,2 Chronicles,29,15,יהוה,nmpr,pers,E:YHWH,Other Tanakh
421289,1437392,514860,2 Chronicles,29,16,יהוה,nmpr,pers,E:YHWH,Other Tanakh
421302,1437392,514863,2 Chronicles,29,16,יהוה,nmpr,pers,E:YHWH,Other Tanakh
421306,1437392,514862,2 Chronicles,29,16,יהוה,nmpr,pers,E:YHWH,Other Tanakh
421315,1437392,514865,2 Chronicles,29,16,קדרון,nmpr,topo,F:unclassified-name,Other Tanakh
421338,1437393,514868,2 Chronicles,29,17,יהוה,nmpr,pers,E:YHWH,Other Tanakh
421343,1437393,514869,2 Chronicles,29,17,יהוה,nmpr,pers,E:YHWH,Other Tanakh
421361,1437394,514871,2 Chronicles,29,18,אל,prep,,C:divine-title-candidate,Other Tanakh
421362,1437394,514871,2 Chronicles,29,18,חזקיהו,nmpr,pers,A:person-candidate,Other Tanakh
421364,1437394,514871,2 Chronicles,29,18,מלך,subs,,B:deity-candidate,Other Tanakh
421371,1437394,514873,2 Chronicles,29,18,יהוה,nmpr,pers,E:YHWH,Other Tanakh
421397,1437395,514875,2 Chronicles,29,19,מלך,subs,,B:deity-candidate,Other Tanakh
421398,1437395,514875,2 Chronicles,29,19,אחז,nmpr,pers,A:person-candidate,Other Tanakh
421411,1437395,514877,2 Chronicles,29,19,יהוה,nmpr,pers,E:YHWH,Other Tanakh
421414,1437396,514878,2 Chronicles,29,20,יחזקיהו,nmpr,pers,A:person-candidate,Other Tanakh
421416,1437396,514878,2 Chronicles,29,20,מלך,subs,,B:deity-candidate,Other Tanakh
421426,1437396,514880,2 Chronicles,29,20,יהוה,nmpr,pers,E:YHWH,Other Tanakh
421452,1437397,514881,2 Chronicles,29,21,יהודה,nmpr,"pers,gens,topo",F:unclassified-name,Other Tanakh
421457,1437397,514882,2 Chronicles,29,21,אהרן,nmpr,pers,A:person-candidate,Other Tanakh
421464,1437397,514883,2 Chronicles,29,21,יהוה,nmpr,pers,E:YHWH,Other Tanakh
421509,1437399,514891,2 Chronicles,29,23,מלך,subs,,B:deity-candidate,Other Tanakh
421531,1437400,514895,2 Chronicles,29,24,ישראל,nmpr,"pers,gens,topo",F:unclassified-name,Other Tanakh
421535,1437400,514896,2 Chronicles,29,24,ישראל,nmpr,"pers,gens,topo",F:unclassified-name,Other Tanakh
421538,1437400,514896,2 Chronicles,29,24,מלך,subs,,B:deity-candidate,Other Tanakh
421550,1437401,514897,2 Chronicles,29,25,יהוה,nmpr,pers,E:YHWH,Other Tanakh
421560,1437401,514897,2 Chronicles,29,25,דוד,nmpr,pers,A:person-candidate,Other Tanakh
421562,1437401,514897,2 Chronicles,29,25,גד,nmpr,"pers,gens,topo",B:deity-candidate,Other Tanakh
421565,1437401,514897,2 Chronicles,29,25,מלך,subs,,B:deity-candidate,Other Tanakh
421567,1437401,514897,2 Chronicles,29,25,נתן,nmpr,pers,A:person-candidate,Other Tanakh
421573,1437401,514898,2 Chronicles,29,25,יהוה,nmpr,pers,E:YHWH,Other Tanakh
421585,1437402,514899,2 Chronicles,29,26,דוד,nmpr,pers,A:person-candidate,Other Tanakh
421593,1437403,514901,2 Chronicles,29,27,חזקיהו,nmpr,pers,A:person-candidate,Other Tanakh
421609,1437403,514903,2 Chronicles,29,27,יהוה,nmpr,pers,E:YHWH,Other Tanakh
421617,1437403,514905,2 Chronicles,29,27,דוד,nmpr,pers,A:person-candidate,Other Tanakh
421618,1437403,514905,2 Chronicles,29,27,מלך,subs,,B:deity-candidate,Other Tanakh
421619,1437403,514905,2 Chronicles,29,27,ישראל,nmpr,"pers,gens,topo",F:unclassified-name,Other Tanakh
421647,1437405,514911,2 Chronicles,29,29,מלך,subs,,B:deity-candidate,Other Tanakh
421657,1437406,514916,2 Chronicles,29,30,יחזקיהו,nmpr,pers,A:person-candidate,Other Tanakh
421659,1437406,514916,2 Chronicles,29,30,מלך,subs,,B:deity-candidate,Other Tanakh
421669,1437406,514917,2 Chronicles,29,30,יהוה,nmpr,pers,E:YHWH,Other Tanakh
421672,1437406,514917,2 Chronicles,29,30,דוד,nmpr,pers,A:person-candidate,Other Tanakh
421674,1437406,514917,2 Chronicles,29,30,אסף,nmpr,pers,A:person-candidate,Other Tanakh
421688,1437407,514921,2 Chronicles,29,31,יחזקיהו,nmpr,pers,A:person-candidate,Other Tanakh
421695,1437407,514923,2 Chronicles,29,31,יהוה,nmpr,pers,E:YHWH,Other Tanakh
421704,1437407,514925,2 Chronicles,29,31,יהוה,nmpr,pers,E:YHWH,Other Tanakh
421735,1437408,514930,2 Chronicles,29,32,יהוה,nmpr,pers,E:YHWH,Other Tanakh
421807,1437411,514941,2 Chronicles,29,35,יהוה,nmpr,pers,E:YHWH,Other Tanakh
421810,1437412,514942,2 Chronicles,29,36,יחזקיהו,nmpr,pers,A:person-candidate,Other Tanakh
421819,1437412,514943,2 Chronicles,29,36,אלהים,subs,,D:Elohim,Other Tanakh
421831,1437413,514945,2 Chronicles,30,1,יחזקיהו,nmpr,pers,A:person-candidate,Other Tanakh
421834,1437413,514945,2 Chronicles,30,1,ישראל,nmpr,"pers,gens,topo",F:unclassified-name,Other Tanakh
421836,1437413,514945,2 Chronicles,30,1,יהודה,nmpr,"pers,gens,topo",F:unclassified-name,Other Tanakh
421842,1437413,514946,2 Chronicles,30,1,אפרים,nmpr,"pers,gens,topo",F:unclassified-name,Other Tanakh
421844,1437413,514946,2 Chronicles,30,1,מנשה,nmpr,"pers,gens",F:unclassified-name,Other Tanakh
421849,1437413,514947,2 Chronicles,30,1,יהוה,nmpr,pers,E:YHWH,Other Tanakh
421851,1437413,514947,2 Chronicles,30,1,ירושלם,nmpr,topo,F:unclassified-name,Other Tanakh
421856,1437413,514948,2 Chronicles,30,1,יהוה,nmpr,pers,E:YHWH,Other Tanakh
421857,1437413,514948,2 Chronicles,30,1,אלהים,subs,,D:Elohim,Other Tanakh
421858,1437413,514948,2 Chronicles,30,1,ישראל,nmpr,"pers,gens,topo",F:unclassified-name,Other Tanakh
421862,1437414,514949,2 Chronicles,30,2,מלך,subs,,B:deity-candidate,Other Tanakh
421870,1437414,514949,2 Chronicles,30,2,ירושלם,nmpr,topo,F:unclassified-name,Other Tanakh
421904,1437415,514954,2 Chronicles,30,3,ירושלם,nmpr,topo,F:unclassified-name,Other Tanakh
421912,1437416,514955,2 Chronicles,30,4,מלך,subs,,B:deity-candidate,Other Tanakh
421927,1437417,514957,2 Chronicles,30,5,ישראל,nmpr,"pers,gens,topo",F:unclassified-name,Other Tanakh
421930,1437417,514957,2 Chronicles,30,5,שבע,nmpr,topo,F:unclassified-name,Other Tanakh
421933,1437417,514957,2 Chronicles,30,5,דן,nmpr,"pers,gens,topo",F:unclassified-name,Other Tanakh
421940,1437417,514959,2 Chronicles,30,5,יהוה,nmpr,pers,E:YHWH,Other Tanakh
421941,1437417,514959,2 Chronicles,30,5,אלהים,subs,,D:Elohim,Other Tanakh
421942,1437417,514959,2 Chronicles,30,5,ישראל,nmpr,"pers,gens,topo",F:unclassified-name,Other Tanakh
421944,1437417,514959,2 Chronicles,30,5,ירושלם,nmpr,topo,F:unclassified-name,Other Tanakh
421963,1437418,514961,2 Chronicles,30,6,מלך,subs,,B:deity-candidate,Other Tanakh
421968,1437418,514961,2 Chronicles,30,6,ישראל,nmpr,"pers,gens,topo",F:unclassified-name,Other Tanakh
421970,1437418,514961,2 Chronicles,30,6,יהודה,nmpr,"pers,gens,topo",F:unclassified-name,Other Tanakh
421975,1437418,514963,2 Chronicles,30,6,מלך,subs,,B:deity-candidate,Other Tanakh
421979,1437418,514964,2 Chronicles,30,6,ישראל,nmpr,"pers,gens,topo",F:unclassified-name,Other Tanakh
421981,1437418,514965,2 Chronicles,30,6,אל,prep,,C:divine-title-candidate,Other Tanakh
421982,1437418,514965,2 Chronicles,30,6,יהוה,nmpr,pers,E:YHWH,Other Tanakh
421983,1437418,514965,2 Chronicles,30,6,אלהים,subs,,D:Elohim,Other Tanakh
421984,1437418,514965,2 Chronicles,30,6,אברהם,nmpr,pers,A:person-candidate,Other Tanakh
421985,1437418,514965,2 Chronicles,30,6,יצחק,nmpr,pers,A:person-candidate,Other Tanakh
421987,1437418,514965,2 Chronicles,30,6,ישראל,nmpr,"pers,gens,topo",F:unclassified-name,Other Tanakh
421990,1437418,514966,2 Chronicles,30,6,אל,prep,,C:divine-title-candidate,Other Tanakh
421998,1437418,514967,2 Chronicles,30,6,מלך,subs,,B:deity-candidate,Other Tanakh
421999,1437418,514967,2 Chronicles,30,6,אשור,nmpr,topo,F:unclassified-name,Other Tanakh
422001,1437419,514968,2 Chronicles,30,7,אל,nega,,C:divine-title-candidate,Other Tanakh
422011,1437419,514969,2 Chronicles,30,7,יהוה,nmpr,pers,E:YHWH,Other Tanakh
422012,1437419,514969,2 Chronicles,30,7,אלהים,subs,,D:Elohim,Other Tanakh
422023,1437420,514972,2 Chronicles,30,8,אל,nega,,C:divine-title-candidate,Other Tanakh
422031,1437420,514973,2 Chronicles,30,8,יהוה,nmpr,pers,E:YHWH,Other Tanakh
422043,1437420,514976,2 Chronicles,30,8,יהוה,nmpr,pers,E:YHWH,Other Tanakh
422044,1437420,514976,2 Chronicles,30,8,אלהים,subs,,D:Elohim,Other Tanakh
422054,1437421,514979,2 Chronicles,30,9,יהוה,nmpr,pers,E:YHWH,Other Tanakh
422075,1437421,514981,2 Chronicles,30,9,יהוה,nmpr,pers,E:YHWH,Other Tanakh
422076,1437421,514981,2 Chronicles,30,9,אלהים,subs,,D:Elohim,Other Tanakh
422084,1437421,514983,2 Chronicles,30,9,אל,prep,,C:divine-title-candidate,Other Tanakh
422096,1437422,514984,2 Chronicles,30,10,אפרים,nmpr,"pers,gens,topo",F:unclassified-name,Other Tanakh
422098,1437422,514984,2 Chronicles,30,10,מנשה,nmpr,"pers,gens",F:unclassified-name,Other Tanakh
422101,1437422,514984,2 Chronicles,30,10,זבולן,nmpr,"pers,gens,topo",F:unclassified-name,Other Tanakh
422112,1437423,514987,2 Chronicles,30,11,אשר,nmpr,"pers,gens,topo",F:unclassified-name,Other Tanakh
422114,1437423,514987,2 Chronicles,30,11,מנשה,nmpr,"pers,gens",F:unclassified-name,Other Tanakh
422117,1437423,514987,2 Chronicles,30,11,זבולן,nmpr,"pers,gens,topo",F:unclassified-name,Other Tanakh
422122,1437423,514988,2 Chronicles,30,11,ירושלם,nmpr,topo,F:unclassified-name,Other Tanakh
422125,1437424,514989,2 Chronicles,30,12,יהודה,nmpr,"pers,gens,topo",F:unclassified-name,Other Tanakh
422129,1437424,514989,2 Chronicles,30,12,אלהים,subs,,D:Elohim,Other Tanakh
422139,1437424,514991,2 Chronicles,30,12,מלך,subs,,B:deity-candidate,Other Tanakh
422145,1437424,514991,2 Chronicles,30,12,יהוה,nmpr,pers,E:YHWH,Other Tanakh
422148,1437425,514992,2 Chronicles,30,13,ירושלם,nmpr,topo,F:unclassified-name,Other Tanakh
422175,1437426,514997,2 Chronicles,30,14,ירושלם,nmpr,topo,F:unclassified-name,Other Tanakh
422186,1437426,514999,2 Chronicles,30,14,קדרון,nmpr,topo,F:unclassified-name,Other Tanakh
422212,1437427,515003,2 Chronicles,30,15,יהוה,nmpr,pers,E:YHWH,Other Tanakh
422221,1437428,515004,2 Chronicles,30,16,משה,nmpr,pers,A:person-candidate,Other Tanakh
422224,1437428,515004,2 Chronicles,30,16,אלהים,subs,,D:Elohim,Other Tanakh
422257,1437429,515010,2 Chronicles,30,17,יהוה,nmpr,pers,E:YHWH,Other Tanakh
422264,1437430,515011,2 Chronicles,30,18,אפרים,nmpr,"pers,gens,topo",F:unclassified-name,Other Tanakh
422266,1437430,515011,2 Chronicles,30,18,מנשה,nmpr,"pers,gens",F:unclassified-name,Other Tanakh
422267,1437430,515011,2 Chronicles,30,18,יששכר,nmpr,"pers,gens,topo",F:unclassified-name,Other Tanakh
422269,1437430,515011,2 Chronicles,30,18,זבולן,nmpr,"pers,gens,topo",F:unclassified-name,Other Tanakh
422284,1437430,515014,2 Chronicles,30,18,יחזקיהו,nmpr,pers,A:person-candidate,Other Tanakh
422288,1437430,515016,2 Chronicles,30,18,יהוה,nmpr,pers,E:YHWH,Other Tanakh
422299,1437431,515019,2 Chronicles,30,19,אלהים,subs,,D:Elohim,Other Tanakh
422300,1437431,515019,2 Chronicles,30,19,יהוה,nmpr,pers,E:YHWH,Other Tanakh
422301,1437431,515019,2 Chronicles,30,19,אלהים,subs,,D:Elohim,Other Tanakh
422311,1437432,515021,2 Chronicles,30,20,יהוה,nmpr,pers,E:YHWH,Other Tanakh
422312,1437432,515021,2 Chronicles,30,20,אל,prep,,C:divine-title-candidate,Other Tanakh
422313,1437432,515021,2 Chronicles,30,20,יחזקיהו,nmpr,pers,A:person-candidate,Other Tanakh
422322,1437433,515023,2 Chronicles,30,21,ישראל,nmpr,"pers,gens,topo",F:unclassified-name,Other Tanakh
422326,1437433,515024,2 Chronicles,30,21,ירושלם,nmpr,topo,F:unclassified-name,Other Tanakh
422339,1437433,515025,2 Chronicles,30,21,יהוה,nmpr,pers,E:YHWH,Other Tanakh
422352,1437433,515025,2 Chronicles,30,21,יהוה,nmpr,pers,E:YHWH,Other Tanakh
422355,1437434,515026,2 Chronicles,30,22,יחזקיהו,nmpr,pers,A:person-candidate,Other Tanakh
422366,1437434,515027,2 Chronicles,30,22,יהוה,nmpr,pers,E:YHWH,Other Tanakh
422381,1437434,515030,2 Chronicles,30,22,יהוה,nmpr,pers,E:YHWH,Other Tanakh
422382,1437434,515030,2 Chronicles,30,22,אלהים,subs,,D:Elohim,Other Tanakh
422400,1437436,515034,2 Chronicles,30,24,חזקיהו,nmpr,pers,A:person-candidate,Other Tanakh
422401,1437436,515034,2 Chronicles,30,24,מלך,subs,,B:deity-candidate,Other Tanakh
422402,1437436,515034,2 Chronicles,30,24,יהודה,nmpr,"pers,gens,topo",F:unclassified-name,Other Tanakh
422435,1437437,515037,2 Chronicles,30,25,יהודה,nmpr,"pers,gens,topo",F:unclassified-name,Other Tanakh
422449,1437437,515038,2 Chronicles,30,25,ישראל,nmpr,"pers,gens,topo",F:unclassified-name,Other Tanakh
422457,1437437,515039,2 Chronicles,30,25,ישראל,nmpr,"pers,gens,topo",F:unclassified-name,Other Tanakh
422462,1437437,515040,2 Chronicles,30,25,יהודה,nmpr,"pers,gens,topo",F:unclassified-name,Other Tanakh
422468,1437438,515041,2 Chronicles,30,26,ירושלם,nmpr,topo,F:unclassified-name,Other Tanakh
422472,1437438,515042,2 Chronicles,30,26,שלמה,nmpr,pers,A:person-candidate,Other Tanakh
422474,1437438,515042,2 Chronicles,30,26,דוד,nmpr,pers,A:person-candidate,Other Tanakh
422475,1437438,515042,2 Chronicles,30,26,מלך,subs,,B:deity-candidate,Other Tanakh
422476,1437438,515042,2 Chronicles,30,26,ישראל,nmpr,"pers,gens,topo",F:unclassified-name,Other Tanakh
422481,1437438,515042,2 Chronicles,30,26,ירושלם,nmpr,topo,F:unclassified-name,Other Tanakh
422513,1437440,515047,2 Chronicles,31,1,ישראל,nmpr,"pers,gens,topo",F:unclassified-name,Other Tanakh
422518,1437440,515047,2 Chronicles,31,1,יהודה,nmpr,"pers,gens,topo",F:unclassified-name,Other Tanakh
422538,1437440,515052,2 Chronicles,31,1,יהודה,nmpr,"pers,gens,topo",F:unclassified-name,Other Tanakh
422540,1437440,515052,2 Chronicles,31,1,בנימן,nmpr,"pers,gens,topo",F:unclassified-name,Other Tanakh
422543,1437440,515052,2 Chronicles,31,1,אפרים,nmpr,"pers,gens,topo",F:unclassified-name,Other Tanakh
422545,1437440,515052,2 Chronicles,31,1,מנשה,nmpr,"pers,gens",F:unclassified-name,Other Tanakh
422553,1437440,515054,2 Chronicles,31,1,ישראל,nmpr,"pers,gens,topo",F:unclassified-name,Other Tanakh
422561,1437441,515056,2 Chronicles,31,2,יחזקיהו,nmpr,pers,A:person-candidate,Other Tanakh
422598,1437441,515060,2 Chronicles,31,2,יהוה,nmpr,pers,E:YHWH,Other Tanakh
422602,1437442,515061,2 Chronicles,31,3,מלך,subs,,B:deity-candidate,Other Tanakh
422634,1437442,515062,2 Chronicles,31,3,יהוה,nmpr,pers,E:YHWH,Other Tanakh
422642,1437443,515063,2 Chronicles,31,4,ירושלם,nmpr,topo,F:unclassified-name,Other Tanakh
422655,1437443,515065,2 Chronicles,31,4,יהוה,nmpr,pers,E:YHWH,Other Tanakh
422663,1437444,515066,2 Chronicles,31,5,ישראל,nmpr,"pers,gens,topo",F:unclassified-name,Other Tanakh
422684,1437445,515069,2 Chronicles,31,6,ישראל,nmpr,"pers,gens,topo",F:unclassified-name,Other Tanakh
422686,1437445,515069,2 Chronicles,31,6,יהודה,nmpr,"pers,gens,topo",F:unclassified-name,Other Tanakh
422691,1437445,515070,2 Chronicles,31,6,יהודה,nmpr,"pers,gens,topo",F:unclassified-name,Other Tanakh
422704,1437445,515072,2 Chronicles,31,6,יהוה,nmpr,pers,E:YHWH,Other Tanakh
422705,1437445,515072,2 Chronicles,31,6,אלהים,subs,,D:Elohim,Other Tanakh
422730,1437447,515077,2 Chronicles,31,8,יחזקיהו,nmpr,pers,A:person-candidate,Other Tanakh
422742,1437447,515079,2 Chronicles,31,8,יהוה,nmpr,pers,E:YHWH,Other Tanakh
422746,1437447,515079,2 Chronicles,31,8,ישראל,nmpr,"pers,gens,topo",F:unclassified-name,Other Tanakh
422749,1437448,515080,2 Chronicles,31,9,יחזקיהו,nmpr,pers,A:person-candidate,Other Tanakh
422761,1437449,515081,2 Chronicles,31,10,אל,prep,,C:divine-title-candidate,Other Tanakh
422762,1437449,515081,2 Chronicles,31,10,עזריהו,nmpr,pers,A:person-candidate,Other Tanakh
422769,1437449,515081,2 Chronicles,31,10,צדוק,nmpr,pers,A:person-candidate,Other Tanakh
422779,1437449,515085,2 Chronicles,31,10,יהוה,nmpr,pers,E:YHWH,Other Tanakh
422789,1437449,515089,2 Chronicles,31,10,יהוה,nmpr,pers,E:YHWH,Other Tanakh
422803,1437450,515091,2 Chronicles,31,11,יחזקיהו,nmpr,pers,A:person-candidate,Other Tanakh
422809,1437450,515092,2 Chronicles,31,11,יהוה,nmpr,pers,E:YHWH,Other Tanakh
422828,1437451,515095,2 Chronicles,31,12,כנניהו,nmpr,pers,A:person-candidate,Other Tanakh
422832,1437451,515096,2 Chronicles,31,12,שמעי,nmpr,pers,A:person-candidate,Other Tanakh
422836,1437452,515097,2 Chronicles,31,13,יחיאל,nmpr,pers,A:person-candidate,Other Tanakh
422838,1437452,515097,2 Chronicles,31,13,עזזיהו,nmpr,pers,A:person-candidate,Other Tanakh
422840,1437452,515097,2 Chronicles,31,13,נחת,nmpr,pers,A:person-candidate,Other Tanakh
422842,1437452,515097,2 Chronicles,31,13,עשהאל,nmpr,pers,A:person-candidate,Other Tanakh
422844,1437452,515097,2 Chronicles,31,13,ירימות,nmpr,pers,A:person-candidate,Other Tanakh
422846,1437452,515097,2 Chronicles,31,13,יוזבד,nmpr,pers,A:person-candidate,Other Tanakh
422848,1437452,515097,2 Chronicles,31,13,אליאל,nmpr,pers,A:person-candidate,Other Tanakh
422850,1437452,515097,2 Chronicles,31,13,יסמכיהו,nmpr,pers,A:person-candidate,Other Tanakh
422852,1437452,515097,2 Chronicles,31,13,מחת,nmpr,pers,A:person-candidate,Other Tanakh
422854,1437452,515097,2 Chronicles,31,13,בניהו,nmpr,pers,A:person-candidate,Other Tanakh
422858,1437452,515097,2 Chronicles,31,13,כנניהו,nmpr,pers,A:person-candidate,Other Tanakh
422860,1437452,515097,2 Chronicles,31,13,שמעי,nmpr,pers,A:person-candidate,Other Tanakh
422864,1437452,515097,2 Chronicles,31,13,יחזקיהו,nmpr,pers,A:person-candidate,Other Tanakh
422866,1437452,515097,2 Chronicles,31,13,מלך,subs,,B:deity-candidate,Other Tanakh
422868,1437452,515097,2 Chronicles,31,13,עזריהו,nmpr,pers,A:person-candidate,Other Tanakh
422872,1437452,515097,2 Chronicles,31,13,אלהים,subs,,D:Elohim,Other Tanakh
422874,1437453,515098,2 Chronicles,31,14,קורא,nmpr,pers,A:person-candidate,Other Tanakh
422876,1437453,515098,2 Chronicles,31,14,ימנה,nmpr,pers,A:person-candidate,Other Tanakh
422887,1437453,515098,2 Chronicles,31,14,אלהים,subs,,D:Elohim,Other Tanakh
422891,1437453,515099,2 Chronicles,31,14,יהוה,nmpr,pers,E:YHWH,Other Tanakh
422899,1437454,515100,2 Chronicles,31,15,עדן,nmpr,pers,A:person-candidate,Other Tanakh
422901,1437454,515100,2 Chronicles,31,15,מנימין,nmpr,pers,A:person-candidate,Other Tanakh
422903,1437454,515100,2 Chronicles,31,15,ישוע,nmpr,pers,A:person-candidate,Other Tanakh
422905,1437454,515100,2 Chronicles,31,15,שמעיהו,nmpr,pers,A:person-candidate,Other Tanakh
422906,1437454,515100,2 Chronicles,31,15,אמריהו,nmpr,pers,A:person-candidate,Other Tanakh
422908,1437454,515100,2 Chronicles,31,15,שכניהו,nmpr,pers,A:person-candidate,Other Tanakh
422946,1437455,515104,2 Chronicles,31,16,יהוה,nmpr,pers,E:YHWH,Other Tanakh
423002,1437458,515109,2 Chronicles,31,19,אהרן,nmpr,pers,A:person-candidate,Other Tanakh
423039,1437459,515113,2 Chronicles,31,20,יחזקיהו,nmpr,pers,A:person-candidate,Other Tanakh
423042,1437459,515113,2 Chronicles,31,20,יהודה,nmpr,"pers,gens,topo",F:unclassified-name,Other Tanakh
423055,1437459,515114,2 Chronicles,31,20,יהוה,nmpr,pers,E:YHWH,Other Tanakh
423056,1437459,515114,2 Chronicles,31,20,אלהים,subs,,D:Elohim,Other Tanakh
423067,1437460,515116,2 Chronicles,31,21,אלהים,subs,,D:Elohim,Other Tanakh
423079,1437460,515117,2 Chronicles,31,21,אלהים,subs,,D:Elohim,Other Tanakh
423095,1437461,515119,2 Chronicles,32,1,סנחריב,nmpr,pers,A:person-candidate,Other Tanakh
423096,1437461,515119,2 Chronicles,32,1,מלך,subs,,B:deity-candidate,Other Tanakh
423097,1437461,515119,2 Chronicles,32,1,אשור,nmpr,topo,F:unclassified-name,Other Tanakh
423101,1437461,515120,2 Chronicles,32,1,יהודה,nmpr,"pers,gens,topo",F:unclassified-name,Other Tanakh
423113,1437461,515123,2 Chronicles,32,1,אל,prep,,C:divine-title-candidate,Other Tanakh
423116,1437462,515124,2 Chronicles,32,2,יחזקיהו,nmpr,pers,A:person-candidate,Other Tanakh
423119,1437462,515125,2 Chronicles,32,2,סנחריב,nmpr,pers,A:person-candidate,Other Tanakh
423126,1437462,515126,2 Chronicles,32,2,ירושלם,nmpr,topo,F:unclassified-name,Other Tanakh
423171,1437464,515135,2 Chronicles,32,4,מלך,subs,,B:deity-candidate,Other Tanakh
423172,1437464,515135,2 Chronicles,32,4,אשור,nmpr,topo,F:unclassified-name,Other Tanakh
423205,1437465,515141,2 Chronicles,32,5,דוד,nmpr,pers,A:person-candidate,Other Tanakh
423222,1437466,515145,2 Chronicles,32,6,אל,prep,,C:divine-title-candidate,Other Tanakh
423223,1437466,515145,2 Chronicles,32,6,אל,prep,,C:divine-title-candidate,Other Tanakh
423237,1437467,515150,2 Chronicles,32,7,אל,nega,,C:divine-title-candidate,Other Tanakh
423240,1437467,515151,2 Chronicles,32,7,אל,nega,,C:divine-title-candidate,Other Tanakh
423244,1437467,515151,2 Chronicles,32,7,מלך,subs,,B:deity-candidate,Other Tanakh
423245,1437467,515151,2 Chronicles,32,7,אשור,nmpr,topo,F:unclassified-name,Other Tanakh
423265,1437468,515155,2 Chronicles,32,8,יהוה,nmpr,pers,E:YHWH,Other Tanakh
423266,1437468,515155,2 Chronicles,32,8,אלהים,subs,,D:Elohim,Other Tanakh
423279,1437468,515158,2 Chronicles,32,8,יחזקיהו,nmpr,pers,A:person-candidate,Other Tanakh
423280,1437468,515158,2 Chronicles,32,8,מלך,subs,,B:deity-candidate,Other Tanakh
423281,1437468,515158,2 Chronicles,32,8,יהודה,nmpr,"pers,gens,topo",F:unclassified-name,Other Tanakh
423285,1437469,515159,2 Chronicles,32,9,סנחריב,nmpr,pers,A:person-candidate,Other Tanakh
423286,1437469,515159,2 Chronicles,32,9,מלך,subs,,B:deity-candidate,Other Tanakh
423287,1437469,515159,2 Chronicles,32,9,אשור,nmpr,topo,F:unclassified-name,Other Tanakh
423289,1437469,515159,2 Chronicles,32,9,ירושלם,nmpr,topo,F:unclassified-name,Other Tanakh
423293,1437469,515160,2 Chronicles,32,9,לכיש,nmpr,topo,F:unclassified-name,Other Tanakh
423299,1437469,515159,2 Chronicles,32,9,יחזקיהו,nmpr,pers,A:person-candidate,Other Tanakh
423300,1437469,515159,2 Chronicles,32,9,מלך,subs,,B:deity-candidate,Other Tanakh
423301,1437469,515159,2 Chronicles,32,9,יהודה,nmpr,"pers,gens,topo",F:unclassified-name,Other Tanakh
423305,1437469,515159,2 Chronicles,32,9,יהודה,nmpr,"pers,gens,topo",F:unclassified-name,Other Tanakh
423308,1437469,515162,2 Chronicles,32,9,ירושלם,nmpr,topo,F:unclassified-name,Other Tanakh
423313,1437470,515164,2 Chronicles,32,10,סנחריב,nmpr,pers,A:person-candidate,Other Tanakh
423314,1437470,515164,2 Chronicles,32,10,מלך,subs,,B:deity-candidate,Other Tanakh
423315,1437470,515164,2 Chronicles,32,10,אשור,nmpr,topo,F:unclassified-name,Other Tanakh
423325,1437470,515166,2 Chronicles,32,10,ירושלם,nmpr,topo,F:unclassified-name,Other Tanakh
423328,1437471,515167,2 Chronicles,32,11,יחזקיהו,nmpr,pers,A:person-candidate,Other Tanakh
423343,1437471,515171,2 Chronicles,32,11,יהוה,nmpr,pers,E:YHWH,Other Tanakh
423344,1437471,515171,2 Chronicles,32,11,אלהים,subs,,D:Elohim,Other Tanakh
423348,1437471,515171,2 Chronicles,32,11,מלך,subs,,B:deity-candidate,Other Tanakh
423349,1437471,515171,2 Chronicles,32,11,אשור,nmpr,topo,F:unclassified-name,Other Tanakh
423353,1437472,515172,2 Chronicles,32,12,יחזקיהו,nmpr,pers,A:person-candidate,Other Tanakh
423363,1437472,515173,2 Chronicles,32,12,יהודה,nmpr,"pers,gens,topo",F:unclassified-name,Other Tanakh
423366,1437472,515173,2 Chronicles,32,12,ירושלם,nmpr,topo,F:unclassified-name,Other Tanakh
423393,1437473,515179,2 Chronicles,32,13,אלהים,subs,,D:Elohim,Other Tanakh
423406,1437474,515181,2 Chronicles,32,14,אלהים,subs,,D:Elohim,Other Tanakh
423424,1437474,515185,2 Chronicles,32,14,אלהים,subs,,D:Elohim,Other Tanakh
423432,1437475,515188,2 Chronicles,32,15,אל,nega,,C:divine-title-candidate,Other Tanakh
423435,1437475,515188,2 Chronicles,32,15,חזקיהו,nmpr,pers,A:person-candidate,Other Tanakh
423437,1437475,515189,2 Chronicles,32,15,אל,nega,,C:divine-title-candidate,Other Tanakh
423443,1437475,515190,2 Chronicles,32,15,אל,nega,,C:divine-title-candidate,Other Tanakh
423450,1437475,515191,2 Chronicles,32,15,אלוה,subs,,C:divine-title-candidate,Other Tanakh
423466,1437475,515193,2 Chronicles,32,15,אלהים,subs,,D:Elohim,Other Tanakh
423477,1437476,515194,2 Chronicles,32,16,יהוה,nmpr,pers,E:YHWH,Other Tanakh
423479,1437476,515194,2 Chronicles,32,16,אלהים,subs,,D:Elohim,Other Tanakh
423482,1437476,515194,2 Chronicles,32,16,יחזקיהו,nmpr,pers,A:person-candidate,Other Tanakh
423490,1437477,515196,2 Chronicles,32,17,יהוה,nmpr,pers,E:YHWH,Other Tanakh
423491,1437477,515196,2 Chronicles,32,17,אלהים,subs,,D:Elohim,Other Tanakh
423492,1437477,515196,2 Chronicles,32,17,ישראל,nmpr,"pers,gens,topo",F:unclassified-name,Other Tanakh
423500,1437477,515199,2 Chronicles,32,17,אלהים,subs,,D:Elohim,Other Tanakh
423513,1437477,515199,2 Chronicles,32,17,אלהים,subs,,D:Elohim,Other Tanakh
423514,1437477,515199,2 Chronicles,32,17,יחזקיהו,nmpr,pers,A:person-candidate,Other Tanakh
423526,1437478,515201,2 Chronicles,32,18,ירושלם,nmpr,topo,F:unclassified-name,Other Tanakh
423543,1437479,515206,2 Chronicles,32,19,אל,prep,,C:divine-title-candidate,Other Tanakh
423544,1437479,515206,2 Chronicles,32,19,אלהים,subs,,D:Elohim,Other Tanakh
423545,1437479,515206,2 Chronicles,32,19,ירושלם,nmpr,topo,F:unclassified-name,Other Tanakh
423548,1437479,515206,2 Chronicles,32,19,אלהים,subs,,D:Elohim,Other Tanakh
423558,1437480,515207,2 Chronicles,32,20,יחזקיהו,nmpr,pers,A:person-candidate,Other Tanakh
423560,1437480,515207,2 Chronicles,32,20,מלך,subs,,B:deity-candidate,Other Tanakh
423562,1437480,515207,2 Chronicles,32,20,ישעיהו,nmpr,pers,A:person-candidate,Other Tanakh
423564,1437480,515207,2 Chronicles,32,20,אמוץ,nmpr,pers,A:person-candidate,Other Tanakh
423575,1437481,515209,2 Chronicles,32,21,יהוה,nmpr,pers,E:YHWH,Other Tanakh
423588,1437481,515210,2 Chronicles,32,21,מלך,subs,,B:deity-candidate,Other Tanakh
423589,1437481,515210,2 Chronicles,32,21,אשור,nmpr,topo,F:unclassified-name,Other Tanakh
423600,1437481,515212,2 Chronicles,32,21,אלהים,subs,,D:Elohim,Other Tanakh
423611,1437482,515214,2 Chronicles,32,22,יהוה,nmpr,pers,E:YHWH,Other Tanakh
423613,1437482,515214,2 Chronicles,32,22,יחזקיהו,nmpr,pers,A:person-candidate,Other Tanakh
423617,1437482,515214,2 Chronicles,32,22,ירושלם,nmpr,topo,F:unclassified-name,Other Tanakh
423620,1437482,515214,2 Chronicles,32,22,סנחריב,nmpr,pers,A:person-candidate,Other Tanakh
423621,1437482,515214,2 Chronicles,32,22,מלך,subs,,B:deity-candidate,Other Tanakh
423622,1437482,515214,2 Chronicles,32,22,אשור,nmpr,topo,F:unclassified-name,Other Tanakh
423636,1437483,515216,2 Chronicles,32,23,יהוה,nmpr,pers,E:YHWH,Other Tanakh
423638,1437483,515216,2 Chronicles,32,23,ירושלם,nmpr,topo,F:unclassified-name,Other Tanakh
423642,1437483,515217,2 Chronicles,32,23,יחזקיהו,nmpr,pers,A:person-candidate,Other Tanakh
423643,1437483,515217,2 Chronicles,32,23,מלך,subs,,B:deity-candidate,Other Tanakh
423644,1437483,515217,2 Chronicles,32,23,יהודה,nmpr,"pers,gens,topo",F:unclassified-name,Other Tanakh
423661,1437484,515219,2 Chronicles,32,24,יחזקיהו,nmpr,pers,A:person-candidate,Other Tanakh
423667,1437484,515221,2 Chronicles,32,24,אל,prep,,C:divine-title-candidate,Other Tanakh
423668,1437484,515221,2 Chronicles,32,24,יהוה,nmpr,pers,E:YHWH,Other Tanakh
423682,1437485,515224,2 Chronicles,32,25,יחזקיהו,nmpr,pers,A:person-candidate,Other Tanakh
423692,1437485,515227,2 Chronicles,32,25,יהודה,nmpr,"pers,gens,topo",F:unclassified-name,Other Tanakh
423694,1437485,515227,2 Chronicles,32,25,ירושלם,nmpr,topo,F:unclassified-name,Other Tanakh
423697,1437486,515228,2 Chronicles,32,26,יחזקיהו,nmpr,pers,A:person-candidate,Other Tanakh
423704,1437486,515229,2 Chronicles,32,26,ירושלם,nmpr,topo,F:unclassified-name,Other Tanakh
423710,1437486,515230,2 Chronicles,32,26,יהוה,nmpr,pers,E:YHWH,Other Tanakh
423713,1437486,515230,2 Chronicles,32,26,יחזקיהו,nmpr,pers,A:person-candidate,Other Tanakh
423717,1437487,515231,2 Chronicles,32,27,יחזקיהו,nmpr,pers,A:person-candidate,Other Tanakh
423782,1437489,515238,2 Chronicles,32,29,אלהים,subs,,D:Elohim,Other Tanakh
423788,1437490,515239,2 Chronicles,32,30,יחזקיהו,nmpr,pers,A:person-candidate,Other Tanakh
423793,1437490,515239,2 Chronicles,32,30,גיחון,nmpr,topo,F:unclassified-name,Other Tanakh
423795,1437490,515239,2 Chronicles,32,30,עליון,adjv,,C:divine-title-candidate,Other Tanakh
423803,1437490,515240,2 Chronicles,32,30,דוד,nmpr,pers,A:person-candidate,Other Tanakh
423806,1437490,515241,2 Chronicles,32,30,יחזקיהו,nmpr,pers,A:person-candidate,Other Tanakh
423815,1437491,515242,2 Chronicles,32,31,בבל,nmpr,topo,F:unclassified-name,Other Tanakh
423830,1437491,515242,2 Chronicles,32,31,אלהים,subs,,D:Elohim,Other Tanakh
423841,1437492,515248,2 Chronicles,32,32,יחזקיהו,nmpr,pers,A:person-candidate,Other Tanakh
423848,1437492,515249,2 Chronicles,32,32,ישעיהו,nmpr,pers,A:person-candidate,Other Tanakh
423850,1437492,515249,2 Chronicles,32,32,אמוץ,nmpr,pers,A:person-candidate,Other Tanakh
423855,1437492,515249,2 Chronicles,32,32,מלך,subs,,B:deity-candidate,Other Tanakh
423856,1437492,515249,2 Chronicles,32,32,יהודה,nmpr,"pers,gens,topo",F:unclassified-name,Other Tanakh
423858,1437492,515249,2 Chronicles,32,32,ישראל,nmpr,"pers,gens,topo",F:unclassified-name,Other Tanakh
423861,1437493,515250,2 Chronicles,32,33,יחזקיהו,nmpr,pers,A:person-candidate,Other Tanakh
423870,1437493,515251,2 Chronicles,32,33,דוד,nmpr,pers,A:person-candidate,Other Tanakh
423878,1437493,515252,2 Chronicles,32,33,יהודה,nmpr,"pers,gens,topo",F:unclassified-name,Other Tanakh
423881,1437493,515252,2 Chronicles,32,33,ירושלם,nmpr,topo,F:unclassified-name,Other Tanakh
423883,1437493,515253,2 Chronicles,32,33,מלך,verb,,B:deity-candidate,Other Tanakh
423884,1437493,515253,2 Chronicles,32,33,מנשה,nmpr,"pers,gens",F:unclassified-name,Other Tanakh
423891,1437494,515254,2 Chronicles,33,1,מנשה,nmpr,"pers,gens",F:unclassified-name,Other Tanakh
423893,1437494,515255,2 Chronicles,33,1,מלך,verb,,B:deity-candidate,Other Tanakh
423899,1437494,515256,2 Chronicles,33,1,מלך,verb,,B:deity-candidate,Other Tanakh
423901,1437494,515256,2 Chronicles,33,1,ירושלם,nmpr,topo,F:unclassified-name,Other Tanakh
423908,1437495,515258,2 Chronicles,33,2,יהוה,nmpr,pers,E:YHWH,Other Tanakh
423915,1437495,515259,2 Chronicles,33,2,יהוה,nmpr,pers,E:YHWH,Other Tanakh
423919,1437495,515259,2 Chronicles,33,2,ישראל,nmpr,"pers,gens,topo",F:unclassified-name,Other Tanakh
423929,1437496,515262,2 Chronicles,33,3,יחזקיהו,nmpr,pers,A:person-candidate,Other Tanakh
423936,1437496,515263,2 Chronicles,33,3,בעל,subs,,B:deity-candidate,Other Tanakh
423955,1437497,515267,2 Chronicles,33,4,יהוה,nmpr,pers,E:YHWH,Other Tanakh
423958,1437497,515268,2 Chronicles,33,4,יהוה,nmpr,pers,E:YHWH,Other Tanakh
423960,1437497,515269,2 Chronicles,33,4,ירושלם,nmpr,topo,F:unclassified-name,Other Tanakh
423977,1437498,515270,2 Chronicles,33,5,יהוה,nmpr,pers,E:YHWH,Other Tanakh
423988,1437499,515271,2 Chronicles,33,6,בן הנם,nmpr,topo,F:unclassified-name,Other Tanakh
424007,1437499,515278,2 Chronicles,33,6,יהוה,nmpr,pers,E:YHWH,Other Tanakh
424021,1437500,515280,2 Chronicles,33,7,אלהים,subs,,D:Elohim,Other Tanakh
424024,1437500,515282,2 Chronicles,33,7,אלהים,subs,,D:Elohim,Other Tanakh
424025,1437500,515282,2 Chronicles,33,7,אל,prep,,C:divine-title-candidate,Other Tanakh
424026,1437500,515282,2 Chronicles,33,7,דוד,nmpr,pers,A:person-candidate,Other Tanakh
424028,1437500,515282,2 Chronicles,33,7,אל,prep,,C:divine-title-candidate,Other Tanakh
424029,1437500,515282,2 Chronicles,33,7,שלמה,nmpr,pers,A:person-candidate,Other Tanakh
424038,1437500,515283,2 Chronicles,33,7,ירושלם,nmpr,topo,F:unclassified-name,Other Tanakh
424044,1437500,515284,2 Chronicles,33,7,ישראל,nmpr,"pers,gens,topo",F:unclassified-name,Other Tanakh
424057,1437501,515286,2 Chronicles,33,8,ישראל,nmpr,"pers,gens,topo",F:unclassified-name,Other Tanakh
424087,1437501,515290,2 Chronicles,33,8,משה,nmpr,pers,A:person-candidate,Other Tanakh
424090,1437502,515291,2 Chronicles,33,9,מנשה,nmpr,"pers,gens",F:unclassified-name,Other Tanakh
424092,1437502,515291,2 Chronicles,33,9,יהודה,nmpr,"pers,gens,topo",F:unclassified-name,Other Tanakh
424095,1437502,515291,2 Chronicles,33,9,ירושלם,nmpr,topo,F:unclassified-name,Other Tanakh
424104,1437502,515293,2 Chronicles,33,9,יהוה,nmpr,pers,E:YHWH,Other Tanakh
424108,1437502,515293,2 Chronicles,33,9,ישראל,nmpr,"pers,gens,topo",F:unclassified-name,Other Tanakh
424111,1437503,515294,2 Chronicles,33,10,יהוה,nmpr,pers,E:YHWH,Other Tanakh
424112,1437503,515294,2 Chronicles,33,10,אל,prep,,C:divine-title-candidate,Other Tanakh
424113,1437503,515294,2 Chronicles,33,10,מנשה,nmpr,"pers,gens",F:unclassified-name,Other Tanakh
424115,1437503,515294,2 Chronicles,33,10,אל,prep,,C:divine-title-candidate,Other Tanakh
424122,1437504,515296,2 Chronicles,33,11,יהוה,nmpr,pers,E:YHWH,Other Tanakh
424130,1437504,515297,2 Chronicles,33,11,מלך,subs,,B:deity-candidate,Other Tanakh
424131,1437504,515297,2 Chronicles,33,11,אשור,nmpr,topo,F:unclassified-name,Other Tanakh
424135,1437504,515298,2 Chronicles,33,11,מנשה,nmpr,"pers,gens",F:unclassified-name,Other Tanakh
424146,1437504,515300,2 Chronicles,33,11,בבל,nmpr,topo,F:unclassified-name,Other Tanakh
424154,1437505,515301,2 Chronicles,33,12,יהוה,nmpr,pers,E:YHWH,Other Tanakh
424155,1437505,515301,2 Chronicles,33,12,אלהים,subs,,D:Elohim,Other Tanakh
424162,1437505,515303,2 Chronicles,33,12,אלהים,subs,,D:Elohim,Other Tanakh
424166,1437506,515304,2 Chronicles,33,13,אל,prep,,C:divine-title-candidate,Other Tanakh
424175,1437506,515307,2 Chronicles,33,13,ירושלם,nmpr,topo,F:unclassified-name,Other Tanakh
424180,1437506,515308,2 Chronicles,33,13,מנשה,nmpr,"pers,gens",F:unclassified-name,Other Tanakh
424182,1437506,515309,2 Chronicles,33,13,יהוה,nmpr,pers,E:YHWH,Other Tanakh
424185,1437506,515310,2 Chronicles,33,13,אלהים,subs,,D:Elohim,Other Tanakh
424194,1437507,515311,2 Chronicles,33,14,דוד,nmpr,pers,A:person-candidate,Other Tanakh
424197,1437507,515311,2 Chronicles,33,14,גיחון,nmpr,topo,F:unclassified-name,Other Tanakh
424212,1437507,515313,2 Chronicles,33,14,עפל,nmpr,topo,F:unclassified-name,Other Tanakh
424227,1437507,515315,2 Chronicles,33,14,יהודה,nmpr,"pers,gens,topo",F:unclassified-name,Other Tanakh
424231,1437508,515316,2 Chronicles,33,15,אלהים,subs,,D:Elohim,Other Tanakh
424240,1437508,515316,2 Chronicles,33,15,יהוה,nmpr,pers,E:YHWH,Other Tanakh
424250,1437508,515318,2 Chronicles,33,15,יהוה,nmpr,pers,E:YHWH,Other Tanakh
424253,1437508,515318,2 Chronicles,33,15,ירושלם,nmpr,topo,F:unclassified-name,Other Tanakh
424264,1437509,515320,2 Chronicles,33,16,יהוה,nmpr,pers,E:YHWH,Other Tanakh
424275,1437509,515322,2 Chronicles,33,16,יהודה,nmpr,"pers,gens,topo",F:unclassified-name,Other Tanakh
424279,1437509,515323,2 Chronicles,33,16,יהוה,nmpr,pers,E:YHWH,Other Tanakh
424280,1437509,515323,2 Chronicles,33,16,אלהים,subs,,D:Elohim,Other Tanakh
424281,1437509,515323,2 Chronicles,33,16,ישראל,nmpr,"pers,gens,topo",F:unclassified-name,Other Tanakh
424292,1437510,515325,2 Chronicles,33,17,יהוה,nmpr,pers,E:YHWH,Other Tanakh
424293,1437510,515325,2 Chronicles,33,17,אלהים,subs,,D:Elohim,Other Tanakh
424297,1437511,515326,2 Chronicles,33,18,מנשה,nmpr,"pers,gens",F:unclassified-name,Other Tanakh
424300,1437511,515326,2 Chronicles,33,18,אל,prep,,C:divine-title-candidate,Other Tanakh
424301,1437511,515326,2 Chronicles,33,18,אלהים,subs,,D:Elohim,Other Tanakh
424308,1437511,515327,2 Chronicles,33,18,אל,prep,,C:divine-title-candidate,Other Tanakh
424311,1437511,515327,2 Chronicles,33,18,יהוה,nmpr,pers,E:YHWH,Other Tanakh
424312,1437511,515327,2 Chronicles,33,18,אלהים,subs,,D:Elohim,Other Tanakh
424313,1437511,515327,2 Chronicles,33,18,ישראל,nmpr,"pers,gens,topo",F:unclassified-name,Other Tanakh
424317,1437511,515328,2 Chronicles,33,18,מלך,subs,,B:deity-candidate,Other Tanakh
424318,1437511,515328,2 Chronicles,33,18,ישראל,nmpr,"pers,gens,topo",F:unclassified-name,Other Tanakh
424353,1437513,515335,2 Chronicles,33,20,מנשה,nmpr,"pers,gens",F:unclassified-name,Other Tanakh
424360,1437513,515337,2 Chronicles,33,20,מלך,verb,,B:deity-candidate,Other Tanakh
424361,1437513,515337,2 Chronicles,33,20,אמון,nmpr,pers,A:person-candidate,Other Tanakh
424369,1437514,515338,2 Chronicles,33,21,אמון,nmpr,pers,A:person-candidate,Other Tanakh
424371,1437514,515339,2 Chronicles,33,21,מלך,verb,,B:deity-candidate,Other Tanakh
424375,1437514,515340,2 Chronicles,33,21,מלך,verb,,B:deity-candidate,Other Tanakh
424377,1437514,515340,2 Chronicles,33,21,ירושלם,nmpr,topo,F:unclassified-name,Other Tanakh
424384,1437515,515342,2 Chronicles,33,22,יהוה,nmpr,pers,E:YHWH,Other Tanakh
424388,1437515,515343,2 Chronicles,33,22,מנשה,nmpr,"pers,gens",F:unclassified-name,Other Tanakh
424397,1437515,515345,2 Chronicles,33,22,מנשה,nmpr,"pers,gens",F:unclassified-name,Other Tanakh
424400,1437515,515344,2 Chronicles,33,22,אמון,nmpr,pers,A:person-candidate,Other Tanakh
424409,1437516,515347,2 Chronicles,33,23,יהוה,nmpr,pers,E:YHWH,Other Tanakh
424412,1437516,515348,2 Chronicles,33,23,מנשה,nmpr,"pers,gens",F:unclassified-name,Other Tanakh
424416,1437516,515349,2 Chronicles,33,23,אמון,nmpr,pers,A:person-candidate,Other Tanakh
424438,1437518,515353,2 Chronicles,33,25,מלך,subs,,B:deity-candidate,Other Tanakh
424439,1437518,515353,2 Chronicles,33,25,אמון,nmpr,pers,A:person-candidate,Other Tanakh
424441,1437518,515354,2 Chronicles,33,25,מלך,verb,,B:deity-candidate,Other Tanakh
424446,1437518,515354,2 Chronicles,33,25,יאשיהו,nmpr,pers,A:person-candidate,Other Tanakh
424452,1437519,515355,2 Chronicles,34,1,יאשיהו,nmpr,pers,A:person-candidate,Other Tanakh
424454,1437519,515356,2 Chronicles,34,1,מלך,verb,,B:deity-candidate,Other Tanakh
424460,1437519,515357,2 Chronicles,34,1,מלך,verb,,B:deity-candidate,Other Tanakh
424462,1437519,515357,2 Chronicles,34,1,ירושלם,nmpr,topo,F:unclassified-name,Other Tanakh
424469,1437520,515359,2 Chronicles,34,2,יהוה,nmpr,pers,E:YHWH,Other Tanakh
424474,1437520,515360,2 Chronicles,34,2,דוד,nmpr,pers,A:person-candidate,Other Tanakh
424487,1437521,515363,2 Chronicles,34,3,מלך,verb,,B:deity-candidate,Other Tanakh
424496,1437521,515366,2 Chronicles,34,3,אלהים,subs,,D:Elohim,Other Tanakh
424497,1437521,515366,2 Chronicles,34,3,דוד,nmpr,pers,A:person-candidate,Other Tanakh
424508,1437521,515368,2 Chronicles,34,3,יהודה,nmpr,"pers,gens,topo",F:unclassified-name,Other Tanakh
424510,1437521,515368,2 Chronicles,34,3,ירושלם,nmpr,topo,F:unclassified-name,Other Tanakh
424530,1437522,515369,2 Chronicles,34,4,בעל,subs,,B:deity-candidate,Other Tanakh
424570,1437523,515377,2 Chronicles,34,5,יהודה,nmpr,"pers,gens,topo",F:unclassified-name,Other Tanakh
424573,1437523,515377,2 Chronicles,34,5,ירושלם,nmpr,topo,F:unclassified-name,Other Tanakh
424577,1437524,515378,2 Chronicles,34,6,מנשה,nmpr,"pers,gens",F:unclassified-name,Other Tanakh
424579,1437524,515378,2 Chronicles,34,6,אפרים,nmpr,"pers,gens,topo",F:unclassified-name,Other Tanakh
424581,1437524,515378,2 Chronicles,34,6,שמעון,nmpr,"pers,gens,topo",F:unclassified-name,Other Tanakh
424584,1437524,515378,2 Chronicles,34,6,נפתלי,nmpr,"pers,gens,topo",F:unclassified-name,Other Tanakh
424611,1437525,515382,2 Chronicles,34,7,ישראל,nmpr,"pers,gens,topo",F:unclassified-name,Other Tanakh
424615,1437525,515383,2 Chronicles,34,7,ירושלם,nmpr,topo,F:unclassified-name,Other Tanakh
424622,1437526,515385,2 Chronicles,34,8,מלך,verb,,B:deity-candidate,Other Tanakh
424632,1437526,515384,2 Chronicles,34,8,שפן,nmpr,pers,A:person-candidate,Other Tanakh
424634,1437526,515384,2 Chronicles,34,8,אצליהו,nmpr,pers,A:person-candidate,Other Tanakh
424637,1437526,515384,2 Chronicles,34,8,מעשיהו,nmpr,pers,A:person-candidate,Other Tanakh
424643,1437526,515384,2 Chronicles,34,8,יואח,nmpr,pers,A:person-candidate,Other Tanakh
424645,1437526,515384,2 Chronicles,34,8,יואחז,nmpr,pers,A:person-candidate,Other Tanakh
424652,1437526,515387,2 Chronicles,34,8,יהוה,nmpr,pers,E:YHWH,Other Tanakh
424653,1437526,515387,2 Chronicles,34,8,אלהים,subs,,D:Elohim,Other Tanakh
424656,1437527,515388,2 Chronicles,34,9,אל,prep,,C:divine-title-candidate,Other Tanakh
424657,1437527,515388,2 Chronicles,34,9,חלקיהו,nmpr,pers,A:person-candidate,Other Tanakh
424670,1437527,515390,2 Chronicles,34,9,אלהים,subs,,D:Elohim,Other Tanakh
424680,1437527,515391,2 Chronicles,34,9,מנשה,nmpr,"pers,gens",F:unclassified-name,Other Tanakh
424682,1437527,515391,2 Chronicles,34,9,אפרים,nmpr,"pers,gens,topo",F:unclassified-name,Other Tanakh
424687,1437527,515391,2 Chronicles,34,9,ישראל,nmpr,"pers,gens,topo",F:unclassified-name,Other Tanakh
424691,1437527,515391,2 Chronicles,34,9,יהודה,nmpr,"pers,gens,topo",F:unclassified-name,Other Tanakh
424693,1437527,515391,2 Chronicles,34,9,בנימן,nmpr,"pers,gens,topo",F:unclassified-name,Other Tanakh
424696,1437527,515392,2 Chronicles,34,9,ירושלם,nmpr,topo,F:unclassified-name,Other Tanakh
424708,1437528,515394,2 Chronicles,34,10,יהוה,nmpr,pers,E:YHWH,Other Tanakh
424719,1437528,515396,2 Chronicles,34,10,יהוה,nmpr,pers,E:YHWH,Other Tanakh
424753,1437529,515402,2 Chronicles,34,11,מלך,subs,,B:deity-candidate,Other Tanakh
424754,1437529,515402,2 Chronicles,34,11,יהודה,nmpr,"pers,gens,topo",F:unclassified-name,Other Tanakh
424767,1437530,515404,2 Chronicles,34,12,יחת,nmpr,pers,A:person-candidate,Other Tanakh
424769,1437530,515404,2 Chronicles,34,12,עבדיהו,nmpr,pers,A:person-candidate,Other Tanakh
424774,1437530,515404,2 Chronicles,34,12,מררי,nmpr,pers,A:person-candidate,Other Tanakh
424776,1437530,515404,2 Chronicles,34,12,זכריה,nmpr,pers,A:person-candidate,Other Tanakh
424778,1437530,515404,2 Chronicles,34,12,משלם,nmpr,pers,A:person-candidate,Other Tanakh
424825,1437532,515413,2 Chronicles,34,14,יהוה,nmpr,pers,E:YHWH,Other Tanakh
424827,1437532,515411,2 Chronicles,34,14,חלקיהו,nmpr,pers,A:person-candidate,Other Tanakh
424833,1437532,515411,2 Chronicles,34,14,יהוה,nmpr,pers,E:YHWH,Other Tanakh
424836,1437532,515411,2 Chronicles,34,14,משה,nmpr,pers,A:person-candidate,Other Tanakh
424839,1437533,515414,2 Chronicles,34,15,חלקיהו,nmpr,pers,A:person-candidate,Other Tanakh
424842,1437533,515415,2 Chronicles,34,15,אל,prep,,C:divine-title-candidate,Other Tanakh
424843,1437533,515415,2 Chronicles,34,15,שפן,nmpr,pers,A:person-candidate,Other Tanakh
424852,1437533,515416,2 Chronicles,34,15,יהוה,nmpr,pers,E:YHWH,Other Tanakh
424855,1437533,515417,2 Chronicles,34,15,חלקיהו,nmpr,pers,A:person-candidate,Other Tanakh
424859,1437533,515417,2 Chronicles,34,15,אל,prep,,C:divine-title-candidate,Other Tanakh
424860,1437533,515417,2 Chronicles,34,15,שפן,nmpr,pers,A:person-candidate,Other Tanakh
424863,1437534,515418,2 Chronicles,34,16,שפן,nmpr,pers,A:person-candidate,Other Tanakh
424867,1437534,515418,2 Chronicles,34,16,אל,prep,,C:divine-title-candidate,Other Tanakh
424869,1437534,515418,2 Chronicles,34,16,מלך,subs,,B:deity-candidate,Other Tanakh
424875,1437534,515419,2 Chronicles,34,16,מלך,subs,,B:deity-candidate,Other Tanakh
424896,1437535,515424,2 Chronicles,34,17,יהוה,nmpr,pers,E:YHWH,Other Tanakh
424911,1437536,515426,2 Chronicles,34,18,שפן,nmpr,pers,A:person-candidate,Other Tanakh
424916,1437536,515426,2 Chronicles,34,18,מלך,subs,,B:deity-candidate,Other Tanakh
424922,1437536,515428,2 Chronicles,34,18,חלקיהו,nmpr,pers,A:person-candidate,Other Tanakh
424928,1437536,515429,2 Chronicles,34,18,שפן,nmpr,pers,A:person-candidate,Other Tanakh
424932,1437536,515429,2 Chronicles,34,18,מלך,subs,,B:deity-candidate,Other Tanakh
424938,1437537,515431,2 Chronicles,34,19,מלך,subs,,B:deity-candidate,Other Tanakh
424950,1437538,515433,2 Chronicles,34,20,מלך,subs,,B:deity-candidate,Other Tanakh
424952,1437538,515433,2 Chronicles,34,20,חלקיהו,nmpr,pers,A:person-candidate,Other Tanakh
424955,1437538,515433,2 Chronicles,34,20,אחיקם,nmpr,pers,A:person-candidate,Other Tanakh
424957,1437538,515433,2 Chronicles,34,20,שפן,nmpr,pers,A:person-candidate,Other Tanakh
424960,1437538,515433,2 Chronicles,34,20,עבדון,nmpr,pers,A:person-candidate,Other Tanakh
424962,1437538,515433,2 Chronicles,34,20,מיכה,nmpr,pers,A:person-candidate,Other Tanakh
424965,1437538,515433,2 Chronicles,34,20,שפן,nmpr,pers,A:person-candidate,Other Tanakh
424970,1437538,515433,2 Chronicles,34,20,עשיה,nmpr,pers,A:person-candidate,Other Tanakh
424973,1437538,515433,2 Chronicles,34,20,מלך,subs,,B:deity-candidate,Other Tanakh
424979,1437539,515436,2 Chronicles,34,21,יהוה,nmpr,pers,E:YHWH,Other Tanakh
424986,1437539,515437,2 Chronicles,34,21,ישראל,nmpr,"pers,gens,topo",F:unclassified-name,Other Tanakh
424989,1437539,515437,2 Chronicles,34,21,יהודה,nmpr,"pers,gens,topo",F:unclassified-name,Other Tanakh
424999,1437539,515439,2 Chronicles,34,21,יהוה,nmpr,pers,E:YHWH,Other Tanakh
425010,1437539,515441,2 Chronicles,34,21,יהוה,nmpr,pers,E:YHWH,Other Tanakh
425024,1437540,515444,2 Chronicles,34,22,חלקיהו,nmpr,pers,A:person-candidate,Other Tanakh
425028,1437540,515445,2 Chronicles,34,22,מלך,subs,,B:deity-candidate,Other Tanakh
425029,1437540,515444,2 Chronicles,34,22,אל,prep,,C:divine-title-candidate,Other Tanakh
425030,1437540,515444,2 Chronicles,34,22,חלדה,nmpr,pers,A:person-candidate,Other Tanakh
425034,1437540,515444,2 Chronicles,34,22,שלום,nmpr,pers,A:person-candidate,Other Tanakh
425036,1437540,515444,2 Chronicles,34,22,תקהת,nmpr,pers,A:person-candidate,Other Tanakh
425038,1437540,515444,2 Chronicles,34,22,חסרה,nmpr,pers,A:person-candidate,Other Tanakh
425046,1437540,515447,2 Chronicles,34,22,ירושלם,nmpr,topo,F:unclassified-name,Other Tanakh
425052,1437540,515448,2 Chronicles,34,22,אל,prep,,C:divine-title-candidate,Other Tanakh
425060,1437541,515450,2 Chronicles,34,23,יהוה,nmpr,pers,E:YHWH,Other Tanakh
425061,1437541,515450,2 Chronicles,34,23,אלהים,subs,,D:Elohim,Other Tanakh
425062,1437541,515450,2 Chronicles,34,23,ישראל,nmpr,"pers,gens,topo",F:unclassified-name,Other Tanakh
425070,1437541,515452,2 Chronicles,34,23,אל,prep,,C:divine-title-candidate,Other Tanakh
425073,1437542,515453,2 Chronicles,34,24,יהוה,nmpr,pers,E:YHWH,Other Tanakh
425098,1437542,515457,2 Chronicles,34,24,מלך,subs,,B:deity-candidate,Other Tanakh
425099,1437542,515457,2 Chronicles,34,24,יהודה,nmpr,"pers,gens,topo",F:unclassified-name,Other Tanakh
425106,1437543,515459,2 Chronicles,34,25,אלהים,subs,,D:Elohim,Other Tanakh
425126,1437544,515463,2 Chronicles,34,26,אל,prep,,C:divine-title-candidate,Other Tanakh
425127,1437544,515463,2 Chronicles,34,26,מלך,subs,,B:deity-candidate,Other Tanakh
425128,1437544,515463,2 Chronicles,34,26,יהודה,nmpr,"pers,gens,topo",F:unclassified-name,Other Tanakh
425135,1437544,515465,2 Chronicles,34,26,יהוה,nmpr,pers,E:YHWH,Other Tanakh
425138,1437544,515466,2 Chronicles,34,26,אל,prep,,C:divine-title-candidate,Other Tanakh
425141,1437544,515467,2 Chronicles,34,26,יהוה,nmpr,pers,E:YHWH,Other Tanakh
425142,1437544,515467,2 Chronicles,34,26,אלהים,subs,,D:Elohim,Other Tanakh
425143,1437544,515467,2 Chronicles,34,26,ישראל,nmpr,"pers,gens,topo",F:unclassified-name,Other Tanakh
425156,1437545,515471,2 Chronicles,34,27,אלהים,subs,,D:Elohim,Other Tanakh
425186,1437545,515477,2 Chronicles,34,27,יהוה,nmpr,pers,E:YHWH,Other Tanakh
425189,1437546,515478,2 Chronicles,34,28,אל,prep,,C:divine-title-candidate,Other Tanakh
425193,1437546,515479,2 Chronicles,34,28,אל,prep,,C:divine-title-candidate,Other Tanakh
425220,1437546,515482,2 Chronicles,34,28,מלך,subs,,B:deity-candidate,Other Tanakh
425225,1437547,515483,2 Chronicles,34,29,מלך,subs,,B:deity-candidate,Other Tanakh
425231,1437547,515484,2 Chronicles,34,29,יהודה,nmpr,"pers,gens,topo",F:unclassified-name,Other Tanakh
425233,1437547,515484,2 Chronicles,34,29,ירושלם,nmpr,topo,F:unclassified-name,Other Tanakh
425237,1437548,515485,2 Chronicles,34,30,מלך,subs,,B:deity-candidate,Other Tanakh
425239,1437548,515485,2 Chronicles,34,30,יהוה,nmpr,pers,E:YHWH,Other Tanakh
425243,1437548,515486,2 Chronicles,34,30,יהודה,nmpr,"pers,gens,topo",F:unclassified-name,Other Tanakh
425246,1437548,515486,2 Chronicles,34,30,ירושלם,nmpr,topo,F:unclassified-name,Other Tanakh
425275,1437548,515488,2 Chronicles,34,30,יהוה,nmpr,pers,E:YHWH,Other Tanakh
425279,1437549,515489,2 Chronicles,34,31,מלך,subs,,B:deity-candidate,Other Tanakh
425289,1437549,515490,2 Chronicles,34,31,יהוה,nmpr,pers,E:YHWH,Other Tanakh
425293,1437549,515491,2 Chronicles,34,31,יהוה,nmpr,pers,E:YHWH,Other Tanakh
425330,1437550,515496,2 Chronicles,34,32,ירושלם,nmpr,topo,F:unclassified-name,Other Tanakh
425332,1437550,515496,2 Chronicles,34,32,בנימן,nmpr,"pers,gens,topo",F:unclassified-name,Other Tanakh
425336,1437550,515497,2 Chronicles,34,32,ירושלם,nmpr,topo,F:unclassified-name,Other Tanakh
425339,1437550,515497,2 Chronicles,34,32,אלהים,subs,,D:Elohim,Other Tanakh
425340,1437550,515497,2 Chronicles,34,32,אלהים,subs,,D:Elohim,Other Tanakh
425344,1437551,515498,2 Chronicles,34,33,יאשיהו,nmpr,pers,A:person-candidate,Other Tanakh
425356,1437551,515499,2 Chronicles,34,33,ישראל,nmpr,"pers,gens,topo",F:unclassified-name,Other Tanakh
425364,1437551,515501,2 Chronicles,34,33,ישראל,nmpr,"pers,gens,topo",F:unclassified-name,Other Tanakh
425368,1437551,515502,2 Chronicles,34,33,יהוה,nmpr,pers,E:YHWH,Other Tanakh
425369,1437551,515502,2 Chronicles,34,33,אלהים,subs,,D:Elohim,Other Tanakh
425376,1437551,515503,2 Chronicles,34,33,יהוה,nmpr,pers,E:YHWH,Other Tanakh
425377,1437551,515503,2 Chronicles,34,33,אלהים,subs,,D:Elohim,Other Tanakh
425381,1437552,515504,2 Chronicles,35,1,יאשיהו,nmpr,pers,A:person-candidate,Other Tanakh
425383,1437552,515504,2 Chronicles,35,1,ירושלם,nmpr,topo,F:unclassified-name,Other Tanakh
425386,1437552,515504,2 Chronicles,35,1,יהוה,nmpr,pers,E:YHWH,Other Tanakh
425410,1437553,515507,2 Chronicles,35,2,יהוה,nmpr,pers,E:YHWH,Other Tanakh
425420,1437554,515509,2 Chronicles,35,3,ישראל,nmpr,"pers,gens,topo",F:unclassified-name,Other Tanakh
425424,1437554,515510,2 Chronicles,35,3,יהוה,nmpr,pers,E:YHWH,Other Tanakh
425435,1437554,515512,2 Chronicles,35,3,שלמה,nmpr,pers,A:person-candidate,Other Tanakh
425437,1437554,515512,2 Chronicles,35,3,דוד,nmpr,pers,A:person-candidate,Other Tanakh
425438,1437554,515512,2 Chronicles,35,3,מלך,subs,,B:deity-candidate,Other Tanakh
425439,1437554,515512,2 Chronicles,35,3,ישראל,nmpr,"pers,gens,topo",F:unclassified-name,Other Tanakh
425449,1437554,515514,2 Chronicles,35,3,יהוה,nmpr,pers,E:YHWH,Other Tanakh
425450,1437554,515514,2 Chronicles,35,3,אלהים,subs,,D:Elohim,Other Tanakh
425454,1437554,515514,2 Chronicles,35,3,ישראל,nmpr,"pers,gens,topo",F:unclassified-name,Other Tanakh
425464,1437555,515515,2 Chronicles,35,4,דוד,nmpr,pers,A:person-candidate,Other Tanakh
425465,1437555,515515,2 Chronicles,35,4,מלך,subs,,B:deity-candidate,Other Tanakh
425466,1437555,515515,2 Chronicles,35,4,ישראל,nmpr,"pers,gens,topo",F:unclassified-name,Other Tanakh
425470,1437555,515515,2 Chronicles,35,4,שלמה,nmpr,pers,A:person-candidate,Other Tanakh
425508,1437557,515521,2 Chronicles,35,6,יהוה,nmpr,pers,E:YHWH,Other Tanakh
425511,1437557,515521,2 Chronicles,35,6,משה,nmpr,pers,A:person-candidate,Other Tanakh
425514,1437558,515522,2 Chronicles,35,7,יאשיהו,nmpr,pers,A:person-candidate,Other Tanakh
425545,1437558,515526,2 Chronicles,35,7,מלך,subs,,B:deity-candidate,Other Tanakh
425561,1437559,515528,2 Chronicles,35,8,חלקיה,nmpr,pers,A:person-candidate,Other Tanakh
425563,1437559,515528,2 Chronicles,35,8,זכריהו,nmpr,pers,A:person-candidate,Other Tanakh
425565,1437559,515528,2 Chronicles,35,8,יחיאל,nmpr,pers,A:person-candidate,Other Tanakh
425569,1437559,515528,2 Chronicles,35,8,אלהים,subs,,D:Elohim,Other Tanakh
425586,1437560,515529,2 Chronicles,35,9,כנניהו,nmpr,pers,A:person-candidate,Other Tanakh
425588,1437560,515529,2 Chronicles,35,9,שמעיהו,nmpr,pers,A:person-candidate,Other Tanakh
425590,1437560,515529,2 Chronicles,35,9,נתנאל,nmpr,pers,A:person-candidate,Other Tanakh
425593,1437560,515529,2 Chronicles,35,9,חשביהו,nmpr,pers,A:person-candidate,Other Tanakh
425595,1437560,515529,2 Chronicles,35,9,יעיאל,nmpr,pers,A:person-candidate,Other Tanakh
425597,1437560,515529,2 Chronicles,35,9,יוזבד,nmpr,pers,A:person-candidate,Other Tanakh
425632,1437561,515531,2 Chronicles,35,10,מלך,subs,,B:deity-candidate,Other Tanakh
425665,1437563,515538,2 Chronicles,35,12,יהוה,nmpr,pers,E:YHWH,Other Tanakh
425671,1437563,515539,2 Chronicles,35,12,משה,nmpr,pers,A:person-candidate,Other Tanakh
425697,1437564,515542,2 Chronicles,35,13,דוד,subs,,A:person-candidate,Other Tanakh
425721,1437565,515545,2 Chronicles,35,14,אהרן,nmpr,pers,A:person-candidate,Other Tanakh
425741,1437565,515547,2 Chronicles,35,14,אהרן,nmpr,pers,A:person-candidate,Other Tanakh
425746,1437566,515548,2 Chronicles,35,15,אסף,nmpr,pers,A:person-candidate,Other Tanakh
425751,1437566,515548,2 Chronicles,35,15,דוד,nmpr,pers,A:person-candidate,Other Tanakh
425753,1437566,515548,2 Chronicles,35,15,אסף,nmpr,pers,A:person-candidate,Other Tanakh
425755,1437566,515548,2 Chronicles,35,15,הימן,nmpr,pers,A:person-candidate,Other Tanakh
425757,1437566,515548,2 Chronicles,35,15,ידותון,nmpr,pers,A:person-candidate,Other Tanakh
425760,1437566,515548,2 Chronicles,35,15,מלך,subs,,B:deity-candidate,Other Tanakh
425785,1437567,515553,2 Chronicles,35,16,יהוה,nmpr,pers,E:YHWH,Other Tanakh
425800,1437567,515555,2 Chronicles,35,16,יהוה,nmpr,pers,E:YHWH,Other Tanakh
425804,1437567,515555,2 Chronicles,35,16,מלך,subs,,B:deity-candidate,Other Tanakh
425805,1437567,515555,2 Chronicles,35,16,יאשיהו,nmpr,pers,A:person-candidate,Other Tanakh
425809,1437568,515556,2 Chronicles,35,17,ישראל,nmpr,"pers,gens,topo",F:unclassified-name,Other Tanakh
425833,1437569,515559,2 Chronicles,35,18,ישראל,nmpr,"pers,gens,topo",F:unclassified-name,Other Tanakh
425836,1437569,515559,2 Chronicles,35,18,שמואל,nmpr,pers,A:person-candidate,Other Tanakh
425841,1437569,515560,2 Chronicles,35,18,מלך,subs,,B:deity-candidate,Other Tanakh
425842,1437569,515560,2 Chronicles,35,18,ישראל,nmpr,"pers,gens,topo",F:unclassified-name,Other Tanakh
