word_node,verse_node,clause_node,book,chapter,verse,lexeme,part_of_speech,nametype,candidate_group,scope
129142,1420978,451405,Judges,3,20,אל,prep,,C:divine-title-candidate,Other Tanakh
129151,1420979,451407,Judges,3,21,אהוד,nmpr,pers,A:person-candidate,Other Tanakh
129196,1420981,451414,Judges,3,23,אהוד,nmpr,pers,A:person-candidate,Other Tanakh
129257,1420984,451433,Judges,3,26,אהוד,nmpr,pers,A:person-candidate,Other Tanakh
129270,1420984,451436,Judges,3,26,שעירה,nmpr,topo,F:unclassified-name,Other Tanakh
129282,1420985,451439,Judges,3,27,אפרים,nmpr,"pers,gens,topo",F:unclassified-name,Other Tanakh
129287,1420985,451440,Judges,3,27,ישראל,nmpr,"pers,gens,topo",F:unclassified-name,Other Tanakh
129297,1420986,451442,Judges,3,28,אל,prep,,C:divine-title-candidate,Other Tanakh
129302,1420986,451444,Judges,3,28,יהוה,nmpr,pers,E:YHWH,Other Tanakh
129306,1420986,451444,Judges,3,28,מואב,nmpr,"pers,gens,topo",F:unclassified-name,Other Tanakh
129317,1420986,451446,Judges,3,28,ירדן,nmpr,topo,F:unclassified-name,Other Tanakh
129319,1420986,451446,Judges,3,28,מואב,nmpr,"pers,gens,topo",F:unclassified-name,Other Tanakh
129329,1420987,451449,Judges,3,29,מואב,nmpr,"pers,gens,topo",F:unclassified-name,Other Tanakh
129351,1420988,451451,Judges,3,30,מואב,nmpr,"pers,gens,topo",F:unclassified-name,Other Tanakh
129359,1420988,451451,Judges,3,30,ישראל,nmpr,"pers,gens,topo",F:unclassified-name,Other Tanakh
129369,1420989,451453,Judges,3,31,שמגר,nmpr,pers,A:person-candidate,Other Tanakh
129371,1420989,451453,Judges,3,31,ענת,nmpr,pers,A:person-candidate,Other Tanakh
129388,1420989,451455,Judges,3,31,ישראל,nmpr,"pers,gens,topo",F:unclassified-name,Other Tanakh
129392,1420990,451456,Judges,4,1,ישראל,nmpr,"pers,gens,topo",F:unclassified-name,Other Tanakh
129399,1420990,451458,Judges,4,1,יהוה,nmpr,pers,E:YHWH,Other Tanakh
129401,1420990,451459,Judges,4,1,אהוד,nmpr,pers,A:person-candidate,Other Tanakh
129405,1420991,451460,Judges,4,2,יהוה,nmpr,pers,E:YHWH,Other Tanakh
129408,1420991,451460,Judges,4,2,יבין,nmpr,pers,A:person-candidate,Other Tanakh
129409,1420991,451460,Judges,4,2,מלך,subs,,B:deity-candidate,Other Tanakh
129410,1420991,451460,Judges,4,2,כנען,nmpr,"pers,gens,topo",F:unclassified-name,Other Tanakh
129412,1420991,451461,Judges,4,2,מלך,verb,,B:deity-candidate,Other Tanakh
129414,1420991,451461,Judges,4,2,חצור,nmpr,topo,F:unclassified-name,Other Tanakh
129418,1420991,451462,Judges,4,2,סיסרא,nmpr,pers,A:person-candidate,Other Tanakh
129423,1420991,451463,Judges,4,2,חרשת הגוים,nmpr,topo,F:unclassified-name,Other Tanakh
129427,1420992,451464,Judges,4,3,ישראל,nmpr,"pers,gens,topo",F:unclassified-name,Other Tanakh
129428,1420992,451464,Judges,4,3,אל,prep,,C:divine-title-candidate,Other Tanakh
129429,1420992,451464,Judges,4,3,יהוה,nmpr,pers,E:YHWH,Other Tanakh
129441,1420992,451466,Judges,4,3,ישראל,nmpr,"pers,gens,topo",F:unclassified-name,Other Tanakh
129447,1420993,451467,Judges,4,4,דבורה,nmpr,pers,A:person-candidate,Other Tanakh
129451,1420993,451467,Judges,4,4,לפידות,nmpr,pers,A:person-candidate,Other Tanakh
129455,1420993,451468,Judges,4,4,ישראל,nmpr,"pers,gens,topo",F:unclassified-name,Other Tanakh
129466,1420994,451469,Judges,4,5,דבורה,nmpr,pers,A:person-candidate,Other Tanakh
129469,1420994,451469,Judges,4,5,רמה,nmpr,topo,F:unclassified-name,Other Tanakh
129472,1420994,451469,Judges,4,5,בית אל,nmpr,topo,F:unclassified-name,Other Tanakh
129475,1420994,451469,Judges,4,5,אפרים,nmpr,"pers,gens,topo",F:unclassified-name,Other Tanakh
129478,1420994,451470,Judges,4,5,אל,prep,,C:divine-title-candidate,Other Tanakh
129480,1420994,451470,Judges,4,5,ישראל,nmpr,"pers,gens,topo",F:unclassified-name,Other Tanakh
129489,1420995,451472,Judges,4,6,ברק,nmpr,pers,A:person-candidate,Other Tanakh
129491,1420995,451472,Judges,4,6,אבינעם,nmpr,pers,A:person-candidate,Other Tanakh
129493,1420995,451472,Judges,4,6,קדש,nmpr,topo,F:unclassified-name,Other Tanakh
129494,1420995,451472,Judges,4,6,נפתלי,nmpr,"pers,gens,topo",F:unclassified-name,Other Tanakh
129497,1420995,451473,Judges,4,6,אל,prep,,C:divine-title-candidate,Other Tanakh
129501,1420995,451474,Judges,4,6,יהוה,nmpr,pers,E:YHWH,Other Tanakh
129502,1420995,451474,Judges,4,6,אלהים,subs,,D:Elohim,Other Tanakh
129503,1420995,451474,Judges,4,6,ישראל,nmpr,"pers,gens,topo",F:unclassified-name,Other Tanakh
129509,1420995,451476,Judges,4,6,תבור,nmpr,topo,F:unclassified-name,Other Tanakh
129518,1420995,451477,Judges,4,6,נפתלי,nmpr,"pers,gens,topo",F:unclassified-name,Other Tanakh
129522,1420995,451477,Judges,4,6,זבולן,nmpr,"pers,gens,topo",F:unclassified-name,Other Tanakh
129525,1420996,451478,Judges,4,7,אל,prep,,C:divine-title-candidate,Other Tanakh
129526,1420996,451478,Judges,4,7,אל,prep,,C:divine-title-candidate,Other Tanakh
129528,1420996,451478,Judges,4,7,קישון,nmpr,topo,F:unclassified-name,Other Tanakh
129530,1420996,451478,Judges,4,7,סיסרא,nmpr,pers,A:person-candidate,Other Tanakh
129533,1420996,451478,Judges,4,7,יבין,nmpr,pers,A:person-candidate,Other Tanakh
129546,1420997,451480,Judges,4,8,אל,prep,,C:divine-title-candidate,Other Tanakh
129547,1420997,451480,Judges,4,8,ברק,nmpr,pers,A:person-candidate,Other Tanakh
129581,1420998,451489,Judges,4,9,יהוה,nmpr,pers,E:YHWH,Other Tanakh
129583,1420998,451489,Judges,4,9,סיסרא,nmpr,pers,A:person-candidate,Other Tanakh
129586,1420998,451490,Judges,4,9,דבורה,nmpr,pers,A:person-candidate,Other Tanakh
129590,1420998,451491,Judges,4,9,ברק,nmpr,pers,A:person-candidate,Other Tanakh
129591,1420998,451491,Judges,4,9,קדש,nmpr,topo,F:unclassified-name,Other Tanakh
129594,1420999,451492,Judges,4,10,ברק,nmpr,pers,A:person-candidate,Other Tanakh
129596,1420999,451492,Judges,4,10,זבולן,nmpr,"pers,gens,topo",F:unclassified-name,Other Tanakh
129599,1420999,451492,Judges,4,10,נפתלי,nmpr,"pers,gens,topo",F:unclassified-name,Other Tanakh
129600,1420999,451492,Judges,4,10,קדש,nmpr,topo,F:unclassified-name,Other Tanakh
129611,1420999,451494,Judges,4,10,דבורה,nmpr,pers,A:person-candidate,Other Tanakh
129613,1421000,451495,Judges,4,11,חבר,nmpr,pers,A:person-candidate,Other Tanakh
129618,1421000,451495,Judges,4,11,קין,nmpr,gens,F:unclassified-name,Other Tanakh
129621,1421000,451495,Judges,4,11,חבב,nmpr,pers,A:person-candidate,Other Tanakh
129623,1421000,451495,Judges,4,11,משה,nmpr,pers,A:person-candidate,Other Tanakh
129630,1421000,451496,Judges,4,11,צעננים,nmpr,topo,F:unclassified-name,Other Tanakh
129633,1421000,451497,Judges,4,11,קדש,nmpr,topo,F:unclassified-name,Other Tanakh
129637,1421001,451498,Judges,4,12,סיסרא,nmpr,pers,A:person-candidate,Other Tanakh
129640,1421001,451499,Judges,4,12,ברק,nmpr,pers,A:person-candidate,Other Tanakh
129642,1421001,451499,Judges,4,12,אבינעם,nmpr,pers,A:person-candidate,Other Tanakh
129644,1421001,451499,Judges,4,12,תבור,nmpr,topo,F:unclassified-name,Other Tanakh
129647,1421002,451500,Judges,4,13,סיסרא,nmpr,pers,A:person-candidate,Other Tanakh
129663,1421002,451500,Judges,4,13,חרשת הגוים,nmpr,topo,F:unclassified-name,Other Tanakh
129664,1421002,451500,Judges,4,13,אל,prep,,C:divine-title-candidate,Other Tanakh
129666,1421002,451500,Judges,4,13,קישון,nmpr,topo,F:unclassified-name,Other Tanakh
129669,1421003,451502,Judges,4,14,דבורה,nmpr,pers,A:person-candidate,Other Tanakh
129670,1421003,451502,Judges,4,14,אל,prep,,C:divine-title-candidate,Other Tanakh
129671,1421003,451502,Judges,4,14,ברק,nmpr,pers,A:person-candidate,Other Tanakh
129679,1421003,451505,Judges,4,14,יהוה,nmpr,pers,E:YHWH,Other Tanakh
129681,1421003,451505,Judges,4,14,סיסרא,nmpr,pers,A:person-candidate,Other Tanakh
129686,1421003,451506,Judges,4,14,יהוה,nmpr,pers,E:YHWH,Other Tanakh
129692,1421003,451507,Judges,4,14,ברק,nmpr,pers,A:person-candidate,Other Tanakh
129695,1421003,451507,Judges,4,14,תבור,nmpr,topo,F:unclassified-name,Other Tanakh
129703,1421004,451509,Judges,4,15,יהוה,nmpr,pers,E:YHWH,Other Tanakh
129705,1421004,451509,Judges,4,15,סיסרא,nmpr,pers,A:person-candidate,Other Tanakh
129721,1421004,451509,Judges,4,15,ברק,nmpr,pers,A:person-candidate,Other Tanakh
129724,1421004,451510,Judges,4,15,סיסרא,nmpr,pers,A:person-candidate,Other Tanakh
129734,1421005,451512,Judges,4,16,ברק,nmpr,pers,A:person-candidate,Other Tanakh
129744,1421005,451512,Judges,4,16,חרשת הגוים,nmpr,topo,F:unclassified-name,Other Tanakh
129749,1421005,451513,Judges,4,16,סיסרא,nmpr,pers,A:person-candidate,Other Tanakh
129758,1421006,451515,Judges,4,17,סיסרא,nmpr,pers,A:person-candidate,Other Tanakh
129762,1421006,451515,Judges,4,17,אל,prep,,C:divine-title-candidate,Other Tanakh
129764,1421006,451515,Judges,4,17,יעל,nmpr,pers,A:person-candidate,Other Tanakh
129766,1421006,451515,Judges,4,17,חבר,nmpr,pers,A:person-candidate,Other Tanakh
129772,1421006,451516,Judges,4,17,יבין,nmpr,pers,A:person-candidate,Other Tanakh
129773,1421006,451516,Judges,4,17,מלך,subs,,B:deity-candidate,Other Tanakh
129774,1421006,451516,Judges,4,17,חצור,nmpr,topo,F:unclassified-name,Other Tanakh
129778,1421006,451516,Judges,4,17,חבר,nmpr,pers,A:person-candidate,Other Tanakh
129783,1421007,451517,Judges,4,18,יעל,nmpr,pers,A:person-candidate,Other Tanakh
129786,1421007,451518,Judges,4,18,סיסרא,nmpr,pers,A:person-candidate,Other Tanakh
129789,1421007,451519,Judges,4,18,אל,prep,,C:divine-title-candidate,Other Tanakh
129793,1421007,451522,Judges,4,18,אל,prep,,C:divine-title-candidate,Other Tanakh
129794,1421007,451523,Judges,4,18,אל,nega,,C:divine-title-candidate,Other Tanakh
129798,1421007,451524,Judges,4,18,אל,prep,,C:divine-title-candidate,Other Tanakh
129808,1421008,451526,Judges,4,19,אל,prep,,C:divine-title-candidate,Other Tanakh
129827,1421009,451532,Judges,4,20,אל,prep,,C:divine-title-candidate,Other Tanakh
129850,1421010,451541,Judges,4,21,יעל,nmpr,pers,A:person-candidate,Other Tanakh
129852,1421010,451541,Judges,4,21,חבר,nmpr,pers,A:person-candidate,Other Tanakh
129866,1421010,451543,Judges,4,21,אל,prep,,C:divine-title-candidate,Other Tanakh
129891,1421011,451550,Judges,4,22,ברק,nmpr,pers,A:person-candidate,Other Tanakh
129894,1421011,451550,Judges,4,22,סיסרא,nmpr,pers,A:person-candidate,Other Tanakh
129897,1421011,451551,Judges,4,22,יעל,nmpr,pers,A:person-candidate,Other Tanakh
129914,1421011,451557,Judges,4,22,אל,prep,,C:divine-title-candidate,Other Tanakh
129917,1421011,451559,Judges,4,22,סיסרא,nmpr,pers,A:person-candidate,Other Tanakh
129927,1421012,451562,Judges,4,23,אלהים,subs,,D:Elohim,Other Tanakh
129934,1421012,451562,Judges,4,23,יבין,nmpr,pers,A:person-candidate,Other Tanakh
129935,1421012,451562,Judges,4,23,מלך,subs,,B:deity-candidate,Other Tanakh
129936,1421012,451562,Judges,4,23,כנען,nmpr,"pers,gens,topo",F:unclassified-name,Other Tanakh
129940,1421012,451562,Judges,4,23,ישראל,nmpr,"pers,gens,topo",F:unclassified-name,Other Tanakh
129945,1421013,451563,Judges,4,24,ישראל,nmpr,"pers,gens,topo",F:unclassified-name,Other Tanakh
129950,1421013,451563,Judges,4,24,יבין,nmpr,pers,A:person-candidate,Other Tanakh
129951,1421013,451563,Judges,4,24,מלך,subs,,B:deity-candidate,Other Tanakh
129952,1421013,451563,Judges,4,24,כנען,nmpr,"pers,gens,topo",F:unclassified-name,Other Tanakh
129957,1421013,451564,Judges,4,24,יבין,nmpr,pers,A:person-candidate,Other Tanakh
129958,1421013,451564,Judges,4,24,מלך,subs,,B:deity-candidate,Other Tanakh
129959,1421013,451564,Judges,4,24,כנען,nmpr,"pers,gens,topo",F:unclassified-name,Other Tanakh
129962,1421014,451565,Judges,5,1,דבורה,nmpr,pers,A:person-candidate,Other Tanakh
129964,1421014,451565,Judges,5,1,ברק,nmpr,pers,A:person-candidate,Other Tanakh
129966,1421014,451565,Judges,5,1,אבינעם,nmpr,pers,A:person-candidate,Other Tanakh
129978,1421015,451567,Judges,5,2,ישראל,nmpr,"pers,gens,topo",F:unclassified-name,Other Tanakh
129983,1421015,451569,Judges,5,2,יהוה,nmpr,pers,E:YHWH,Other Tanakh
129985,1421016,451571,Judges,5,3,מלך,subs,,B:deity-candidate,Other Tanakh
129990,1421016,451575,Judges,5,3,יהוה,nmpr,pers,E:YHWH,Other Tanakh
129995,1421016,451576,Judges,5,3,יהוה,nmpr,pers,E:YHWH,Other Tanakh
129996,1421016,451576,Judges,5,3,אלהים,subs,,D:Elohim,Other Tanakh
129997,1421016,451576,Judges,5,3,ישראל,nmpr,"pers,gens,topo",F:unclassified-name,Other Tanakh
129998,1421017,451577,Judges,5,4,יהוה,nmpr,pers,E:YHWH,Other Tanakh
130002,1421017,451578,Judges,5,4,שעיר,nmpr,topo,F:unclassified-name,Other Tanakh
130007,1421017,451579,Judges,5,4,אדום,nmpr,topo,F:unclassified-name,Other Tanakh
130021,1421018,451583,Judges,5,5,יהוה,nmpr,pers,E:YHWH,Other Tanakh
130023,1421018,451584,Judges,5,5,סיני,nmpr,topo,F:unclassified-name,Other Tanakh
130026,1421018,451585,Judges,5,5,יהוה,nmpr,pers,E:YHWH,Other Tanakh
130027,1421018,451585,Judges,5,5,אלהים,subs,,D:Elohim,Other Tanakh
130028,1421018,451585,Judges,5,5,ישראל,nmpr,"pers,gens,topo",F:unclassified-name,Other Tanakh
130031,1421019,451586,Judges,5,6,שמגר,nmpr,pers,A:person-candidate,Other Tanakh
130033,1421019,451586,Judges,5,6,ענת,nmpr,pers,A:person-candidate,Other Tanakh
130036,1421019,451586,Judges,5,6,יעל,nmpr,pers,A:person-candidate,Other Tanakh
130048,1421020,451588,Judges,5,7,ישראל,nmpr,"pers,gens,topo",F:unclassified-name,Other Tanakh
130053,1421020,451591,Judges,5,7,דבורה,nmpr,pers,A:person-candidate,Other Tanakh
130058,1421020,451592,Judges,5,7,ישראל,nmpr,"pers,gens,topo",F:unclassified-name,Other Tanakh
130060,1421021,451593,Judges,5,8,אלהים,subs,,D:Elohim,Other Tanakh
130074,1421021,451596,Judges,5,8,ישראל,nmpr,"pers,gens,topo",F:unclassified-name,Other Tanakh
130078,1421022,451598,Judges,5,9,ישראל,nmpr,"pers,gens,topo",F:unclassified-name,Other Tanakh
130085,1421022,451600,Judges,5,9,יהוה,nmpr,pers,E:YHWH,Other Tanakh
130105,1421024,451605,Judges,5,11,יהוה,nmpr,pers,E:YHWH,Other Tanakh
130109,1421024,451605,Judges,5,11,ישראל,nmpr,"pers,gens,topo",F:unclassified-name,Other Tanakh
130116,1421024,451606,Judges,5,11,יהוה,nmpr,pers,E:YHWH,Other Tanakh
130119,1421025,451609,Judges,5,12,דבורה,nmpr,pers,A:person-candidate,Other Tanakh
130125,1421025,451614,Judges,5,12,ברק,nmpr,pers,A:person-candidate,Other Tanakh
130130,1421025,451616,Judges,5,12,אבינעם,nmpr,pers,A:person-candidate,Other Tanakh
130137,1421026,451618,Judges,5,13,יהוה,nmpr,pers,E:YHWH,Other Tanakh
130144,1421027,451619,Judges,5,14,אפרים,nmpr,"pers,gens,topo",F:unclassified-name,Other Tanakh
130147,1421027,451619,Judges,5,14,עמלק,nmpr,"pers,gens",F:unclassified-name,Other Tanakh
130149,1421027,451621,Judges,5,14,בנימן,nmpr,"pers,gens,topo",F:unclassified-name,Other Tanakh
130153,1421027,451622,Judges,5,14,מכיר,nmpr,"pers,gens",F:unclassified-name,Other Tanakh
130158,1421027,451623,Judges,5,14,זבולן,nmpr,"pers,gens,topo",F:unclassified-name,Other Tanakh
130166,1421028,451624,Judges,5,15,יששכר,nmpr,"pers,gens,topo",F:unclassified-name,Other Tanakh
130168,1421028,451624,Judges,5,15,דבורה,nmpr,pers,A:person-candidate,Other Tanakh
130170,1421028,451625,Judges,5,15,יששכר,nmpr,"pers,gens,topo",F:unclassified-name,Other Tanakh
130172,1421028,451626,Judges,5,15,ברק,nmpr,pers,A:person-candidate,Other Tanakh
130181,1421028,451628,Judges,5,15,ראובן,nmpr,"pers,gens,topo",F:unclassified-name,Other Tanakh
130196,1421029,451631,Judges,5,16,ראובן,nmpr,"pers,gens,topo",F:unclassified-name,Other Tanakh
130200,1421030,451632,Judges,5,17,גלעד,nmpr,topo,F:unclassified-name,Other Tanakh
130204,1421030,451632,Judges,5,17,ירדן,nmpr,topo,F:unclassified-name,Other Tanakh
130207,1421030,451633,Judges,5,17,דן,nmpr,"pers,gens,topo",F:unclassified-name,Other Tanakh
130211,1421030,451635,Judges,5,17,אשר,nmpr,"pers,gens,topo",F:unclassified-name,Other Tanakh
130220,1421031,451637,Judges,5,18,זבולן,nmpr,"pers,gens,topo",F:unclassified-name,Other Tanakh
130227,1421031,451640,Judges,5,18,נפתלי,nmpr,"pers,gens,topo",F:unclassified-name,Other Tanakh
130232,1421032,451641,Judges,5,19,מלך,subs,,B:deity-candidate,Other Tanakh
130236,1421032,451643,Judges,5,19,מלך,subs,,B:deity-candidate,Other Tanakh
130237,1421032,451643,Judges,5,19,כנען,nmpr,"pers,gens,topo",F:unclassified-name,Other Tanakh
130239,1421032,451643,Judges,5,19,תענך,nmpr,topo,F:unclassified-name,Other Tanakh
130242,1421032,451643,Judges,5,19,מגדו,nmpr,topo,F:unclassified-name,Other Tanakh
130256,1421033,451646,Judges,5,20,סיסרא,nmpr,pers,A:person-candidate,Other Tanakh
130258,1421034,451647,Judges,5,21,קישון,nmpr,topo,F:unclassified-name,Other Tanakh
130263,1421034,451647,Judges,5,21,קישון,nmpr,topo,F:unclassified-name,Other Tanakh
130276,1421036,451651,Judges,5,23,מרוז,nmpr,topo,F:unclassified-name,Other Tanakh
130279,1421036,451652,Judges,5,23,יהוה,nmpr,pers,E:YHWH,Other Tanakh
130288,1421036,451654,Judges,5,23,יהוה,nmpr,pers,E:YHWH,Other Tanakh
130291,1421036,451654,Judges,5,23,יהוה,nmpr,pers,E:YHWH,Other Tanakh
130298,1421037,451655,Judges,5,24,יעל,nmpr,pers,A:person-candidate,Other Tanakh
130300,1421037,451655,Judges,5,24,חבר,nmpr,pers,A:person-candidate,Other Tanakh
130330,1421039,451662,Judges,5,26,סיסרא,nmpr,pers,A:person-candidate,Other Tanakh
130360,1421041,451674,Judges,5,28,סיסרא,nmpr,pers,A:person-candidate,Other Tanakh
130394,1421043,451683,Judges,5,30,סיסרא,nmpr,pers,A:person-candidate,Other Tanakh
130407,1421044,451686,Judges,5,31,יהוה,nmpr,pers,E:YHWH,Other Tanakh
130425,1421045,451690,Judges,6,1,ישראל,nmpr,"pers,gens,topo",F:unclassified-name,Other Tanakh
130430,1421045,451691,Judges,6,1,יהוה,nmpr,pers,E:YHWH,Other Tanakh
130433,1421045,451692,Judges,6,1,יהוה,nmpr,pers,E:YHWH,Other Tanakh
130436,1421045,451692,Judges,6,1,מדין,nmpr,"pers,gens,topo",F:unclassified-name,Other Tanakh
130442,1421046,451693,Judges,6,2,מדין,nmpr,"pers,gens,topo",F:unclassified-name,Other Tanakh
130444,1421046,451693,Judges,6,2,ישראל,nmpr,"pers,gens,topo",F:unclassified-name,Other Tanakh
130447,1421046,451694,Judges,6,2,מדין,nmpr,"pers,gens,topo",F:unclassified-name,Other Tanakh
130451,1421046,451694,Judges,6,2,ישראל,nmpr,"pers,gens,topo",F:unclassified-name,Other Tanakh
130471,1421047,451697,Judges,6,3,ישראל,nmpr,"pers,gens,topo",F:unclassified-name,Other Tanakh
130474,1421047,451698,Judges,6,3,מדין,nmpr,"pers,gens,topo",F:unclassified-name,Other Tanakh
130476,1421047,451698,Judges,6,3,עמלק,nmpr,"pers,gens",F:unclassified-name,Other Tanakh
130494,1421048,451702,Judges,6,4,עזה,nmpr,topo,F:unclassified-name,Other Tanakh
130500,1421048,451703,Judges,6,4,ישראל,nmpr,"pers,gens,topo",F:unclassified-name,Other Tanakh
130537,1421050,451711,Judges,6,6,ישראל,nmpr,"pers,gens,topo",F:unclassified-name,Other Tanakh
130541,1421050,451711,Judges,6,6,מדין,nmpr,"pers,gens,topo",F:unclassified-name,Other Tanakh
130545,1421050,451712,Judges,6,6,ישראל,nmpr,"pers,gens,topo",F:unclassified-name,Other Tanakh
130546,1421050,451712,Judges,6,6,אל,prep,,C:divine-title-candidate,Other Tanakh
130547,1421050,451712,Judges,6,6,יהוה,nmpr,pers,E:YHWH,Other Tanakh
130553,1421051,451714,Judges,6,7,ישראל,nmpr,"pers,gens,topo",F:unclassified-name,Other Tanakh
130554,1421051,451714,Judges,6,7,אל,prep,,C:divine-title-candidate,Other Tanakh
130555,1421051,451714,Judges,6,7,יהוה,nmpr,pers,E:YHWH,Other Tanakh
130558,1421051,451714,Judges,6,7,מדין,nmpr,"pers,gens,topo",F:unclassified-name,Other Tanakh
130561,1421052,451715,Judges,6,8,יהוה,nmpr,pers,E:YHWH,Other Tanakh
130564,1421052,451715,Judges,6,8,אל,prep,,C:divine-title-candidate,Other Tanakh
130566,1421052,451715,Judges,6,8,ישראל,nmpr,"pers,gens,topo",F:unclassified-name,Other Tanakh
130572,1421052,451717,Judges,6,8,יהוה,nmpr,pers,E:YHWH,Other Tanakh
130573,1421052,451717,Judges,6,8,אלהים,subs,,D:Elohim,Other Tanakh
130574,1421052,451717,Judges,6,8,ישראל,nmpr,"pers,gens,topo",F:unclassified-name,Other Tanakh
130579,1421052,451718,Judges,6,8,מצרים,nmpr,topo,F:unclassified-name,Other Tanakh
130591,1421053,451720,Judges,6,9,מצרים,nmpr,topo,F:unclassified-name,Other Tanakh
130611,1421054,451724,Judges,6,10,יהוה,nmpr,pers,E:YHWH,Other Tanakh
130612,1421054,451724,Judges,6,10,אלהים,subs,,D:Elohim,Other Tanakh
130616,1421054,451725,Judges,6,10,אלהים,subs,,D:Elohim,Other Tanakh
130632,1421055,451728,Judges,6,11,יהוה,nmpr,pers,E:YHWH,Other Tanakh
130640,1421055,451730,Judges,6,11,עפרה,nmpr,topo,F:unclassified-name,Other Tanakh
130643,1421055,451731,Judges,6,11,יואש,nmpr,pers,A:person-candidate,Other Tanakh
130648,1421055,451732,Judges,6,11,גדעון,nmpr,pers,A:person-candidate,Other Tanakh
130659,1421055,451733,Judges,6,11,מדין,nmpr,"pers,gens,topo",F:unclassified-name,Other Tanakh
130662,1421056,451734,Judges,6,12,אל,prep,,C:divine-title-candidate,Other Tanakh
130664,1421056,451734,Judges,6,12,יהוה,nmpr,pers,E:YHWH,Other Tanakh
130667,1421056,451735,Judges,6,12,אל,prep,,C:divine-title-candidate,Other Tanakh
130668,1421056,451736,Judges,6,12,יהוה,nmpr,pers,E:YHWH,Other Tanakh
130675,1421057,451738,Judges,6,13,אל,prep,,C:divine-title-candidate,Other Tanakh
130676,1421057,451738,Judges,6,13,גדעון,nmpr,pers,A:person-candidate,Other Tanakh
130681,1421057,451740,Judges,6,13,יהוה,nmpr,pers,E:YHWH,Other Tanakh
130701,1421057,451745,Judges,6,13,מצרים,nmpr,topo,F:unclassified-name,Other Tanakh
130703,1421057,451745,Judges,6,13,יהוה,nmpr,pers,E:YHWH,Other Tanakh
130707,1421057,451746,Judges,6,13,יהוה,nmpr,pers,E:YHWH,Other Tanakh
130712,1421057,451747,Judges,6,13,מדין,nmpr,"pers,gens,topo",F:unclassified-name,Other Tanakh
130715,1421058,451748,Judges,6,14,אל,prep,,C:divine-title-candidate,Other Tanakh
130716,1421058,451748,Judges,6,14,יהוה,nmpr,pers,E:YHWH,Other Tanakh
130726,1421058,451751,Judges,6,14,ישראל,nmpr,"pers,gens,topo",F:unclassified-name,Other Tanakh
130729,1421058,451751,Judges,6,14,מדין,nmpr,"pers,gens,topo",F:unclassified-name,Other Tanakh
130735,1421059,451753,Judges,6,15,אל,prep,,C:divine-title-candidate,Other Tanakh
130737,1421059,451754,Judges,6,15,אדני,nmpr,pers,C:divine-title-candidate,Other Tanakh
130742,1421059,451755,Judges,6,15,ישראל,nmpr,"pers,gens,topo",F:unclassified-name,Other Tanakh
130748,1421059,451756,Judges,6,15,מנשה,nmpr,"pers,gens",F:unclassified-name,Other Tanakh
130758,1421060,451758,Judges,6,16,אל,prep,,C:divine-title-candidate,Other Tanakh
130759,1421060,451758,Judges,6,16,יהוה,nmpr,pers,E:YHWH,Other Tanakh
130766,1421060,451760,Judges,6,16,מדין,nmpr,"pers,gens,topo",F:unclassified-name,Other Tanakh
130772,1421061,451761,Judges,6,17,אל,prep,,C:divine-title-candidate,Other Tanakh
130787,1421062,451765,Judges,6,18,אל,nega,,C:divine-title-candidate,Other Tanakh
130794,1421062,451766,Judges,6,18,אל,prep,,C:divine-title-candidate,Other Tanakh
130810,1421063,451772,Judges,6,19,גדעון,nmpr,pers,A:person-candidate,Other Tanakh
130835,1421063,451776,Judges,6,19,אל,prep,,C:divine-title-candidate,Other Tanakh
130836,1421063,451776,Judges,6,19,אל,prep,,C:divine-title-candidate,Other Tanakh
130844,1421064,451778,Judges,6,20,אל,prep,,C:divine-title-candidate,Other Tanakh
130847,1421064,451778,Judges,6,20,אלהים,subs,,D:Elohim,Other Tanakh
130858,1421064,451780,Judges,6,20,אל,prep,,C:divine-title-candidate,Other Tanakh
130874,1421065,451783,Judges,6,21,יהוה,nmpr,pers,E:YHWH,Other Tanakh
130909,1421065,451788,Judges,6,21,יהוה,nmpr,pers,E:YHWH,Other Tanakh
130915,1421066,451789,Judges,6,22,גדעון,nmpr,pers,A:person-candidate,Other Tanakh
130918,1421066,451790,Judges,6,22,יהוה,nmpr,pers,E:YHWH,Other Tanakh
130922,1421066,451791,Judges,6,22,גדעון,nmpr,pers,A:person-candidate,Other Tanakh
130924,1421066,451792,Judges,6,22,אדני,nmpr,pers,C:divine-title-candidate,Other Tanakh
130925,1421066,451792,Judges,6,22,יהוה,nmpr,pers,E:YHWH,Other Tanakh
130931,1421066,451794,Judges,6,22,יהוה,nmpr,pers,E:YHWH,Other Tanakh
130933,1421066,451794,Judges,6,22,אל,prep,,C:divine-title-candidate,Other Tanakh
130938,1421067,451795,Judges,6,23,יהוה,nmpr,pers,E:YHWH,Other Tanakh
130941,1421067,451797,Judges,6,23,אל,nega,,C:divine-title-candidate,Other Tanakh
130948,1421068,451799,Judges,6,24,גדעון,nmpr,pers,A:person-candidate,Other Tanakh
130951,1421068,451799,Judges,6,24,יהוה,nmpr,pers,E:YHWH,Other Tanakh
130955,1421068,451801,Judges,6,24,יהוה,nmpr,pers,E:YHWH,Other Tanakh
130964,1421068,451802,Judges,6,24,עפרה,nmpr,topo,F:unclassified-name,Other Tanakh
130978,1421069,451804,Judges,6,25,יהוה,nmpr,pers,E:YHWH,Other Tanakh
130998,1421069,451807,Judges,6,25,בעל,subs,,B:deity-candidate,Other Tanakh
131013,1421070,451811,Judges,6,26,יהוה,nmpr,pers,E:YHWH,Other Tanakh
131014,1421070,451811,Judges,6,26,אלהים,subs,,D:Elohim,Other Tanakh
131042,1421071,451815,Judges,6,27,גדעון,nmpr,pers,A:person-candidate,Other Tanakh
131052,1421071,451817,Judges,6,27,אל,prep,,C:divine-title-candidate,Other Tanakh
131053,1421071,451817,Judges,6,27,יהוה,nmpr,pers,E:YHWH,Other Tanakh
131086,1421072,451824,Judges,6,28,בעל,subs,,B:deity-candidate,Other Tanakh
131108,1421073,451830,Judges,6,29,אל,prep,,C:divine-title-candidate,Other Tanakh
131122,1421073,451835,Judges,6,29,גדעון,nmpr,pers,A:person-candidate,Other Tanakh
131124,1421073,451835,Judges,6,29,יואש,nmpr,pers,A:person-candidate,Other Tanakh
131135,1421074,451836,Judges,6,30,אל,prep,,C:divine-title-candidate,Other Tanakh
131136,1421074,451836,Judges,6,30,יואש,nmpr,pers,A:person-candidate,Other Tanakh
131147,1421074,451839,Judges,6,30,בעל,subs,,B:deity-candidate,Other Tanakh
131157,1421075,451842,Judges,6,31,יואש,nmpr,pers,A:person-candidate,Other Tanakh
131168,1421075,451844,Judges,6,31,בעל,subs,,B:deity-candidate,Other Tanakh
131181,1421075,451848,Judges,6,31,אלהים,subs,,D:Elohim,Other Tanakh
131197,1421076,451851,Judges,6,32,ירבעל,nmpr,pers,A:person-candidate,Other Tanakh
131203,1421076,451853,Judges,6,32,בעל,subs,,B:deity-candidate,Other Tanakh
131210,1421077,451855,Judges,6,33,מדין,nmpr,"pers,gens,topo",F:unclassified-name,Other Tanakh
131212,1421077,451855,Judges,6,33,עמלק,nmpr,"pers,gens",F:unclassified-name,Other Tanakh
131224,1421077,451857,Judges,6,33,יזרעאל,nmpr,topo,F:unclassified-name,Other Tanakh
131227,1421078,451858,Judges,6,34,יהוה,nmpr,pers,E:YHWH,Other Tanakh
131230,1421078,451858,Judges,6,34,גדעון,nmpr,pers,A:person-candidate,Other Tanakh
131238,1421078,451860,Judges,6,34,אביעזר,nmpr,pers,A:person-candidate,Other Tanakh
131245,1421079,451861,Judges,6,35,מנשה,nmpr,"pers,gens",F:unclassified-name,Other Tanakh
131255,1421079,451863,Judges,6,35,אשר,nmpr,"pers,gens,topo",F:unclassified-name,Other Tanakh
131258,1421079,451863,Judges,6,35,זבולן,nmpr,"pers,gens,topo",F:unclassified-name,Other Tanakh
131261,1421079,451863,Judges,6,35,נפתלי,nmpr,"pers,gens,topo",F:unclassified-name,Other Tanakh
131268,1421080,451866,Judges,6,36,גדעון,nmpr,pers,A:person-candidate,Other Tanakh
131269,1421080,451866,Judges,6,36,אל,prep,,C:divine-title-candidate,Other Tanakh
131271,1421080,451866,Judges,6,36,אלהים,subs,,D:Elohim,Other Tanakh
131278,1421080,451867,Judges,6,36,ישראל,nmpr,"pers,gens,topo",F:unclassified-name,Other Tanakh
131313,1421081,451873,Judges,6,37,ישראל,nmpr,"pers,gens,topo",F:unclassified-name,Other Tanakh
131341,1421083,451880,Judges,6,39,גדעון,nmpr,pers,A:person-candidate,Other Tanakh
131342,1421083,451880,Judges,6,39,אל,prep,,C:divine-title-candidate,Other Tanakh
131344,1421083,451880,Judges,6,39,אלהים,subs,,D:Elohim,Other Tanakh
131345,1421083,451881,Judges,6,39,אל,nega,,C:divine-title-candidate,Other Tanakh
131365,1421083,451884,Judges,6,39,אל,prep,,C:divine-title-candidate,Other Tanakh
131379,1421084,451886,Judges,6,40,אלהים,subs,,D:Elohim,Other Tanakh
131389,1421084,451887,Judges,6,40,אל,prep,,C:divine-title-candidate,Other Tanakh
131403,1421085,451889,Judges,7,1,ירבעל,nmpr,pers,A:person-candidate,Other Tanakh
131405,1421085,451890,Judges,7,1,גדעון,nmpr,pers,A:person-candidate,Other Tanakh
131415,1421085,451892,Judges,7,1,עין חרד,nmpr,topo,F:unclassified-name,Other Tanakh
131418,1421085,451893,Judges,7,1,מדין,nmpr,"pers,gens,topo",F:unclassified-name,Other Tanakh
131426,1421085,451893,Judges,7,1,מורה,nmpr,topo,F:unclassified-name,Other Tanakh
131432,1421086,451894,Judges,7,2,יהוה,nmpr,pers,E:YHWH,Other Tanakh
131433,1421086,451894,Judges,7,2,אל,prep,,C:divine-title-candidate,Other Tanakh
131434,1421086,451894,Judges,7,2,גדעון,nmpr,pers,A:person-candidate,Other Tanakh
131443,1421086,451897,Judges,7,2,מדין,nmpr,"pers,gens,topo",F:unclassified-name,Other Tanakh
131449,1421086,451898,Judges,7,2,ישראל,nmpr,"pers,gens,topo",F:unclassified-name,Other Tanakh
131475,1421087,451906,Judges,7,3,גלעד,nmpr,topo,F:unclassified-name,Other Tanakh
131491,1421088,451909,Judges,7,4,יהוה,nmpr,pers,E:YHWH,Other Tanakh
131492,1421088,451909,Judges,7,4,אל,prep,,C:divine-title-candidate,Other Tanakh
131493,1421088,451909,Judges,7,4,גדעון,nmpr,pers,A:person-candidate,Other Tanakh
131500,1421088,451911,Judges,7,4,אל,prep,,C:divine-title-candidate,Other Tanakh
131511,1421088,451914,Judges,7,4,אל,prep,,C:divine-title-candidate,Other Tanakh
131522,1421088,451918,Judges,7,4,אל,prep,,C:divine-title-candidate,Other Tanakh
131535,1421089,451921,Judges,7,5,אל,prep,,C:divine-title-candidate,Other Tanakh
131540,1421089,451922,Judges,7,5,יהוה,nmpr,pers,E:YHWH,Other Tanakh
131541,1421089,451922,Judges,7,5,אל,prep,,C:divine-title-candidate,Other Tanakh
131542,1421089,451922,Judges,7,5,גדעון,nmpr,pers,A:person-candidate,Other Tanakh
131575,1421090,451931,Judges,7,6,אל,prep,,C:divine-title-candidate,Other Tanakh
131593,1421091,451934,Judges,7,7,יהוה,nmpr,pers,E:YHWH,Other Tanakh
131594,1421091,451934,Judges,7,7,אל,prep,,C:divine-title-candidate,Other Tanakh
131595,1421091,451934,Judges,7,7,גדעון,nmpr,pers,A:person-candidate,Other Tanakh
131608,1421091,451937,Judges,7,7,מדין,nmpr,"pers,gens,topo",F:unclassified-name,Other Tanakh
131634,1421092,451941,Judges,7,8,ישראל,nmpr,"pers,gens,topo",F:unclassified-name,Other Tanakh
131648,1421092,451944,Judges,7,8,מדין,nmpr,"pers,gens,topo",F:unclassified-name,Other Tanakh
131665,1421093,451946,Judges,7,9,אל,prep,,C:divine-title-candidate,Other Tanakh
131666,1421093,451946,Judges,7,9,יהוה,nmpr,pers,E:YHWH,Other Tanakh
131685,1421094,451952,Judges,7,10,פרה,nmpr,pers,A:person-candidate,Other Tanakh
131687,1421094,451952,Judges,7,10,אל,prep,,C:divine-title-candidate,Other Tanakh
131707,1421095,451957,Judges,7,11,פרה,nmpr,pers,A:person-candidate,Other Tanakh
131709,1421095,451957,Judges,7,11,אל,prep,,C:divine-title-candidate,Other Tanakh
131718,1421096,451959,Judges,7,12,מדין,nmpr,"pers,gens,topo",F:unclassified-name,Other Tanakh
131720,1421096,451959,Judges,7,12,עמלק,nmpr,"pers,gens",F:unclassified-name,Other Tanakh
131751,1421097,451962,Judges,7,13,גדעון,nmpr,pers,A:person-candidate,Other Tanakh
131772,1421097,451967,Judges,7,13,מדין,nmpr,"pers,gens,topo",F:unclassified-name,Other Tanakh
131800,1421098,451976,Judges,7,14,גדעון,nmpr,pers,A:person-candidate,Other Tanakh
131802,1421098,451976,Judges,7,14,יואש,nmpr,pers,A:person-candidate,Other Tanakh
131804,1421098,451976,Judges,7,14,ישראל,nmpr,"pers,gens,topo",F:unclassified-name,Other Tanakh
131807,1421098,451977,Judges,7,14,אלהים,subs,,D:Elohim,Other Tanakh
131811,1421098,451977,Judges,7,14,מדין,nmpr,"pers,gens,topo",F:unclassified-name,Other Tanakh
131821,1421099,451979,Judges,7,15,גדעון,nmpr,pers,A:person-candidate,Other Tanakh
131833,1421099,451981,Judges,7,15,אל,prep,,C:divine-title-candidate,Other Tanakh
131835,1421099,451981,Judges,7,15,ישראל,nmpr,"pers,gens,topo",F:unclassified-name,Other Tanakh
131841,1421099,451984,Judges,7,15,יהוה,nmpr,pers,E:YHWH,Other Tanakh
131846,1421099,451984,Judges,7,15,מדין,nmpr,"pers,gens,topo",F:unclassified-name,Other Tanakh
131873,1421101,451988,Judges,7,17,אל,prep,,C:divine-title-candidate,Other Tanakh
131918,1421102,451999,Judges,7,18,יהוה,nmpr,pers,E:YHWH,Other Tanakh
131921,1421102,451999,Judges,7,18,גדעון,nmpr,pers,A:person-candidate,Other Tanakh
131924,1421103,452000,Judges,7,19,גדעון,nmpr,pers,A:person-candidate,Other Tanakh
131989,1421104,452012,Judges,7,20,יהוה,nmpr,pers,E:YHWH,Other Tanakh
131992,1421104,452012,Judges,7,20,גדעון,nmpr,pers,A:person-candidate,Other Tanakh
132018,1421106,452019,Judges,7,22,יהוה,nmpr,pers,E:YHWH,Other Tanakh
132034,1421106,452020,Judges,7,22,בית השטה,nmpr,topo,F:unclassified-name,Other Tanakh
132035,1421106,452020,Judges,7,22,צררה,nmpr,topo,F:unclassified-name,Other Tanakh
132038,1421106,452020,Judges,7,22,אבל מחולה,nmpr,topo,F:unclassified-name,Other Tanakh
132040,1421106,452020,Judges,7,22,טבת,nmpr,topo,F:unclassified-name,Other Tanakh
132044,1421107,452021,Judges,7,23,ישראל,nmpr,"pers,gens,topo",F:unclassified-name,Other Tanakh
132046,1421107,452021,Judges,7,23,נפתלי,nmpr,"pers,gens,topo",F:unclassified-name,Other Tanakh
132049,1421107,452021,Judges,7,23,אשר,nmpr,"pers,gens,topo",F:unclassified-name,Other Tanakh
132053,1421107,452021,Judges,7,23,מנשה,nmpr,"pers,gens",F:unclassified-name,Other Tanakh
132057,1421107,452022,Judges,7,23,מדין,nmpr,"pers,gens,topo",F:unclassified-name,Other Tanakh
132061,1421108,452023,Judges,7,24,גדעון,nmpr,pers,A:person-candidate,Other Tanakh
132065,1421108,452023,Judges,7,24,אפרים,nmpr,"pers,gens,topo",F:unclassified-name,Other Tanakh
132071,1421108,452026,Judges,7,24,מדין,nmpr,"pers,gens,topo",F:unclassified-name,Other Tanakh
132079,1421108,452027,Judges,7,24,בית ברה,nmpr,topo,F:unclassified-name,Other Tanakh
132083,1421108,452027,Judges,7,24,ירדן,nmpr,topo,F:unclassified-name,Other Tanakh
132088,1421108,452028,Judges,7,24,אפרים,nmpr,"pers,gens,topo",F:unclassified-name,Other Tanakh
132095,1421108,452029,Judges,7,24,בית ברה,nmpr,topo,F:unclassified-name,Other Tanakh
132099,1421108,452029,Judges,7,24,ירדן,nmpr,topo,F:unclassified-name,Other Tanakh
132104,1421109,452030,Judges,7,25,מדין,nmpr,"pers,gens,topo",F:unclassified-name,Other Tanakh
132106,1421109,452030,Judges,7,25,ערב,nmpr,pers,A:person-candidate,Other Tanakh
132109,1421109,452030,Judges,7,25,זאב,nmpr,pers,A:person-candidate,Other Tanakh
132113,1421109,452031,Judges,7,25,ערב,nmpr,pers,A:person-candidate,Other Tanakh
132116,1421109,452031,Judges,7,25,ערב,nmpr,pers,A:person-candidate,Other Tanakh
132119,1421109,452032,Judges,7,25,זאב,nmpr,pers,A:person-candidate,Other Tanakh
132123,1421109,452032,Judges,7,25,זאב,nmpr,pers,A:person-candidate,Other Tanakh
132126,1421109,452033,Judges,7,25,אל,prep,,C:divine-title-candidate,Other Tanakh
132127,1421109,452033,Judges,7,25,מדין,nmpr,"pers,gens,topo",F:unclassified-name,Other Tanakh
132130,1421109,452034,Judges,7,25,ערב,nmpr,pers,A:person-candidate,Other Tanakh
132132,1421109,452034,Judges,7,25,זאב,nmpr,pers,A:person-candidate,Other Tanakh
132134,1421109,452034,Judges,7,25,אל,prep,,C:divine-title-candidate,Other Tanakh
132135,1421109,452034,Judges,7,25,גדעון,nmpr,pers,A:person-candidate,Other Tanakh
132140,1421109,452034,Judges,7,25,ירדן,nmpr,topo,F:unclassified-name,Other Tanakh
132143,1421110,452035,Judges,8,1,אל,prep,,C:divine-title-candidate,Other Tanakh
132145,1421110,452035,Judges,8,1,אפרים,nmpr,"pers,gens,topo",F:unclassified-name,Other Tanakh
132162,1421110,452040,Judges,8,1,מדין,nmpr,"pers,gens,topo",F:unclassified-name,Other Tanakh
132170,1421111,452042,Judges,8,2,אל,prep,,C:divine-title-candidate,Other Tanakh
132179,1421111,452044,Judges,8,2,אפרים,nmpr,"pers,gens,topo",F:unclassified-name,Other Tanakh
132182,1421111,452044,Judges,8,2,אביעזר,nmpr,pers,A:person-candidate,Other Tanakh
132186,1421112,452045,Judges,8,3,אלהים,subs,,D:Elohim,Other Tanakh
132189,1421112,452045,Judges,8,3,מדין,nmpr,"pers,gens,topo",F:unclassified-name,Other Tanakh
132191,1421112,452045,Judges,8,3,ערב,nmpr,pers,A:person-candidate,Other Tanakh
132194,1421112,452045,Judges,8,3,זאב,nmpr,pers,A:person-candidate,Other Tanakh
132213,1421113,452050,Judges,8,4,גדעון,nmpr,pers,A:person-candidate,Other Tanakh
132215,1421113,452050,Judges,8,4,ירדן,nmpr,topo,F:unclassified-name,Other Tanakh
132232,1421114,452054,Judges,8,5,סכות,nmpr,topo,F:unclassified-name,Other Tanakh
132250,1421114,452058,Judges,8,5,זבח,nmpr,pers,A:person-candidate,Other Tanakh
132252,1421114,452058,Judges,8,5,צלמנע,nmpr,pers,A:person-candidate,Other Tanakh
132253,1421114,452058,Judges,8,5,מלך,subs,,B:deity-candidate,Other Tanakh
132254,1421114,452058,Judges,8,5,מדין,nmpr,"pers,gens,topo",F:unclassified-name,Other Tanakh
132258,1421115,452059,Judges,8,6,סכות,nmpr,topo,F:unclassified-name,Other Tanakh
132261,1421115,452060,Judges,8,6,זבח,nmpr,pers,A:person-candidate,Other Tanakh
132263,1421115,452060,Judges,8,6,צלמנע,nmpr,pers,A:person-candidate,Other Tanakh
132274,1421116,452062,Judges,8,7,גדעון,nmpr,pers,A:person-candidate,Other Tanakh
132278,1421116,452064,Judges,8,7,יהוה,nmpr,pers,E:YHWH,Other Tanakh
132280,1421116,452064,Judges,8,7,זבח,nmpr,pers,A:person-candidate,Other Tanakh
132283,1421116,452064,Judges,8,7,צלמנע,nmpr,pers,A:person-candidate,Other Tanakh
132302,1421117,452066,Judges,8,8,פנואל,nmpr,topo,F:unclassified-name,Other Tanakh
132305,1421117,452067,Judges,8,8,אל,prep,,C:divine-title-candidate,Other Tanakh
132312,1421117,452068,Judges,8,8,פנואל,nmpr,topo,F:unclassified-name,Other Tanakh
132317,1421117,452069,Judges,8,8,סכות,nmpr,topo,F:unclassified-name,Other Tanakh
132323,1421118,452070,Judges,8,9,פנואל,nmpr,topo,F:unclassified-name,Other Tanakh
132337,1421119,452074,Judges,8,10,זבח,nmpr,pers,A:person-candidate,Other Tanakh
132339,1421119,452074,Judges,8,10,צלמנע,nmpr,pers,A:person-candidate,Other Tanakh
132342,1421119,452074,Judges,8,10,קרקר,nmpr,topo,F:unclassified-name,Other Tanakh
132370,1421120,452080,Judges,8,11,גדעון,nmpr,pers,A:person-candidate,Other Tanakh
132380,1421120,452080,Judges,8,11,נבח,nmpr,topo,F:unclassified-name,Other Tanakh
132382,1421120,452080,Judges,8,11,יגבהה,nmpr,topo,F:unclassified-name,Other Tanakh
132395,1421121,452084,Judges,8,12,זבח,nmpr,pers,A:person-candidate,Other Tanakh
132397,1421121,452084,Judges,8,12,צלמנע,nmpr,pers,A:person-candidate,Other Tanakh
132405,1421121,452086,Judges,8,12,מלך,subs,,B:deity-candidate,Other Tanakh
132406,1421121,452086,Judges,8,12,מדין,nmpr,"pers,gens,topo",F:unclassified-name,Other Tanakh
132408,1421121,452086,Judges,8,12,זבח,nmpr,pers,A:person-candidate,Other Tanakh
132411,1421121,452086,Judges,8,12,צלמנע,nmpr,pers,A:person-candidate,Other Tanakh
132419,1421122,452088,Judges,8,13,גדעון,nmpr,pers,A:person-candidate,Other Tanakh
132421,1421122,452088,Judges,8,13,יואש,nmpr,pers,A:person-candidate,Other Tanakh
132427,1421122,452088,Judges,8,13,מעלה החרס,nmpr,topo,F:unclassified-name,Other Tanakh
132433,1421123,452089,Judges,8,14,סכות,nmpr,topo,F:unclassified-name,Other Tanakh
132438,1421123,452091,Judges,8,14,אל,prep,,C:divine-title-candidate,Other Tanakh
132441,1421123,452091,Judges,8,14,סכות,nmpr,topo,F:unclassified-name,Other Tanakh
132451,1421124,452092,Judges,8,15,אל,prep,,C:divine-title-candidate,Other Tanakh
132453,1421124,452092,Judges,8,15,סכות,nmpr,topo,F:unclassified-name,Other Tanakh
132457,1421124,452094,Judges,8,15,זבח,nmpr,pers,A:person-candidate,Other Tanakh
132459,1421124,452094,Judges,8,15,צלמנע,nmpr,pers,A:person-candidate,Other Tanakh
132467,1421124,452097,Judges,8,15,זבח,nmpr,pers,A:person-candidate,Other Tanakh
132469,1421124,452097,Judges,8,15,צלמנע,nmpr,pers,A:person-candidate,Other Tanakh
132500,1421125,452100,Judges,8,16,סכות,nmpr,topo,F:unclassified-name,Other Tanakh
132504,1421126,452101,Judges,8,17,פנואל,nmpr,topo,F:unclassified-name,Other Tanakh
132514,1421127,452103,Judges,8,18,אל,prep,,C:divine-title-candidate,Other Tanakh
132515,1421127,452103,Judges,8,18,זבח,nmpr,pers,A:person-candidate,Other Tanakh
132517,1421127,452103,Judges,8,18,אל,prep,,C:divine-title-candidate,Other Tanakh
132518,1421127,452103,Judges,8,18,צלמנע,nmpr,pers,A:person-candidate,Other Tanakh
132525,1421127,452105,Judges,8,18,תבור,nmpr,topo,F:unclassified-name,Other Tanakh
132535,1421127,452108,Judges,8,18,מלך,subs,,B:deity-candidate,Other Tanakh
132543,1421128,452111,Judges,8,19,יהוה,nmpr,pers,E:YHWH,Other Tanakh
132553,1421129,452114,Judges,8,20,יתר,nmpr,pers,A:person-candidate,Other Tanakh
132571,1421130,452120,Judges,8,21,זבח,nmpr,pers,A:person-candidate,Other Tanakh
132573,1421130,452120,Judges,8,21,צלמנע,nmpr,pers,A:person-candidate,Other Tanakh
132586,1421130,452124,Judges,8,21,גדעון,nmpr,pers,A:person-candidate,Other Tanakh
132590,1421130,452125,Judges,8,21,זבח,nmpr,pers,A:person-candidate,Other Tanakh
132593,1421130,452125,Judges,8,21,צלמנע,nmpr,pers,A:person-candidate,Other Tanakh
132606,1421131,452128,Judges,8,22,ישראל,nmpr,"pers,gens,topo",F:unclassified-name,Other Tanakh
132607,1421131,452128,Judges,8,22,אל,prep,,C:divine-title-candidate,Other Tanakh
132608,1421131,452128,Judges,8,22,גדעון,nmpr,pers,A:person-candidate,Other Tanakh
132622,1421131,452130,Judges,8,22,מדין,nmpr,"pers,gens,topo",F:unclassified-name,Other Tanakh
132625,1421132,452131,Judges,8,23,אל,prep,,C:divine-title-candidate,Other Tanakh
132626,1421132,452131,Judges,8,23,גדעון,nmpr,pers,A:person-candidate,Other Tanakh
132636,1421132,452134,Judges,8,23,יהוה,nmpr,pers,E:YHWH,Other Tanakh
132641,1421133,452135,Judges,8,24,אל,prep,,C:divine-title-candidate,Other Tanakh
132642,1421133,452135,Judges,8,24,גדעון,nmpr,pers,A:person-candidate,Other Tanakh
132701,1421135,452147,Judges,8,26,מלך,subs,,B:deity-candidate,Other Tanakh
132702,1421135,452147,Judges,8,26,מדין,nmpr,"pers,gens,topo",F:unclassified-name,Other Tanakh
132716,1421136,452149,Judges,8,27,גדעון,nmpr,pers,A:person-candidate,Other Tanakh
132725,1421136,452150,Judges,8,27,עפרה,nmpr,topo,F:unclassified-name,Other Tanakh
132729,1421136,452151,Judges,8,27,ישראל,nmpr,"pers,gens,topo",F:unclassified-name,Other Tanakh
132735,1421136,452152,Judges,8,27,גדעון,nmpr,pers,A:person-candidate,Other Tanakh
132743,1421137,452153,Judges,8,28,מדין,nmpr,"pers,gens,topo",F:unclassified-name,Other Tanakh
132747,1421137,452153,Judges,8,28,ישראל,nmpr,"pers,gens,topo",F:unclassified-name,Other Tanakh
132762,1421137,452156,Judges,8,28,גדעון,nmpr,pers,A:person-candidate,Other Tanakh
132765,1421138,452157,Judges,8,29,ירבעל,nmpr,pers,A:person-candidate,Other Tanakh
132767,1421138,452157,Judges,8,29,יואש,nmpr,pers,A:person-candidate,Other Tanakh
132774,1421139,452159,Judges,8,30,גדעון,nmpr,pers,A:person-candidate,Other Tanakh
132789,1421140,452163,Judges,8,31,שכם,nmpr,topo,F:unclassified-name,Other Tanakh
132799,1421140,452165,Judges,8,31,אבימלך,nmpr,pers,A:person-candidate,Other Tanakh
132802,1421141,452166,Judges,8,32,גדעון,nmpr,pers,A:person-candidate,Other Tanakh
132804,1421141,452166,Judges,8,32,יואש,nmpr,pers,A:person-candidate,Other Tanakh
132812,1421141,452167,Judges,8,32,יואש,nmpr,pers,A:person-candidate,Other Tanakh
132815,1421141,452167,Judges,8,32,עפרה,nmpr,topo,F:unclassified-name,Other Tanakh
132824,1421142,452169,Judges,8,33,גדעון,nmpr,pers,A:person-candidate,Other Tanakh
132828,1421142,452170,Judges,8,33,ישראל,nmpr,"pers,gens,topo",F:unclassified-name,Other Tanakh
132833,1421142,452171,Judges,8,33,בעל,subs,,B:deity-candidate,Other Tanakh
132837,1421142,452172,Judges,8,33,בעל ברית,nmpr,pers,A:person-candidate,Other Tanakh
132839,1421142,452172,Judges,8,33,אלהים,subs,,D:Elohim,Other Tanakh
132844,1421143,452173,Judges,8,34,ישראל,nmpr,"pers,gens,topo",F:unclassified-name,Other Tanakh
132846,1421143,452173,Judges,8,34,יהוה,nmpr,pers,E:YHWH,Other Tanakh
132847,1421143,452173,Judges,8,34,אלהים,subs,,D:Elohim,Other Tanakh
132863,1421144,452175,Judges,8,35,ירבעל,nmpr,pers,A:person-candidate,Other Tanakh
132864,1421144,452175,Judges,8,35,גדעון,nmpr,pers,A:person-candidate,Other Tanakh
132872,1421144,452176,Judges,8,35,ישראל,nmpr,"pers,gens,topo",F:unclassified-name,Other Tanakh
132875,1421145,452177,Judges,9,1,אבימלך,nmpr,pers,A:person-candidate,Other Tanakh
132877,1421145,452177,Judges,9,1,ירבעל,nmpr,pers,A:person-candidate,Other Tanakh
132878,1421145,452177,Judges,9,1,שכם,nmpr,topo,F:unclassified-name,Other Tanakh
132879,1421145,452177,Judges,9,1,אל,prep,,C:divine-title-candidate,Other Tanakh
132884,1421145,452178,Judges,9,1,אל,prep,,C:divine-title-candidate,Other Tanakh
132886,1421145,452178,Judges,9,1,אל,prep,,C:divine-title-candidate,Other Tanakh
132899,1421146,452180,Judges,9,2,בעל,subs,,B:deity-candidate,Other Tanakh
132900,1421146,452180,Judges,9,2,שכם,nmpr,topo,F:unclassified-name,Other Tanakh
132911,1421146,452182,Judges,9,2,ירבעל,nmpr,pers,A:person-candidate,Other Tanakh
132932,1421147,452186,Judges,9,3,בעל,subs,,B:deity-candidate,Other Tanakh
132933,1421147,452186,Judges,9,3,שכם,nmpr,topo,F:unclassified-name,Other Tanakh
132944,1421147,452187,Judges,9,3,אבימלך,nmpr,pers,A:person-candidate,Other Tanakh
132956,1421148,452190,Judges,9,4,בעל ברית,nmpr,pers,A:person-candidate,Other Tanakh
132960,1421148,452191,Judges,9,4,אבימלך,nmpr,pers,A:person-candidate,Other Tanakh
132972,1421149,452193,Judges,9,5,עפרה,nmpr,topo,F:unclassified-name,Other Tanakh
132978,1421149,452194,Judges,9,5,ירבעל,nmpr,pers,A:person-candidate,Other Tanakh
132986,1421149,452195,Judges,9,5,יותם,nmpr,pers,A:person-candidate,Other Tanakh
132988,1421149,452195,Judges,9,5,ירבעל,nmpr,pers,A:person-candidate,Other Tanakh
132996,1421150,452197,Judges,9,6,בעל,subs,,B:deity-candidate,Other Tanakh
132997,1421150,452197,Judges,9,6,שכם,nmpr,topo,F:unclassified-name,Other Tanakh
133005,1421150,452199,Judges,9,6,מלך,verb,,B:deity-candidate,Other Tanakh
133007,1421150,452199,Judges,9,6,אבימלך,nmpr,pers,A:person-candidate,Other Tanakh
133009,1421150,452199,Judges,9,6,מלך,subs,,B:deity-candidate,Other Tanakh
133015,1421150,452200,Judges,9,6,שכם,nmpr,topo,F:unclassified-name,Other Tanakh
133019,1421151,452201,Judges,9,7,יותם,nmpr,pers,A:person-candidate,Other Tanakh
133027,1421151,452203,Judges,9,7,גרזים,nmpr,topo,F:unclassified-name,Other Tanakh
133037,1421151,452207,Judges,9,7,אל,prep,,C:divine-title-candidate,Other Tanakh
133038,1421151,452208,Judges,9,7,בעל,subs,,B:deity-candidate,Other Tanakh
133039,1421151,452208,Judges,9,7,שכם,nmpr,topo,F:unclassified-name,Other Tanakh
133042,1421151,452209,Judges,9,7,אל,prep,,C:divine-title-candidate,Other Tanakh
133043,1421151,452209,Judges,9,7,אלהים,subs,,D:Elohim,Other Tanakh
133051,1421152,452211,Judges,9,8,מלך,subs,,B:deity-candidate,Other Tanakh
133057,1421152,452213,Judges,9,8,מלך,verb,,B:deity-candidate,Other Tanakh
133071,1421153,452216,Judges,9,9,אלהים,subs,,D:Elohim,Other Tanakh
133090,1421154,452221,Judges,9,10,מלך,verb,,B:deity-candidate,Other Tanakh
133122,1421156,452228,Judges,9,12,מלך,verb,,B:deity-candidate,Other Tanakh
133135,1421157,452231,Judges,9,13,אלהים,subs,,D:Elohim,Other Tanakh
133150,1421158,452234,Judges,9,14,אל,prep,,C:divine-title-candidate,Other Tanakh
133155,1421158,452236,Judges,9,14,מלך,verb,,B:deity-candidate,Other Tanakh
133161,1421159,452237,Judges,9,15,אל,prep,,C:divine-title-candidate,Other Tanakh
133171,1421159,452238,Judges,9,15,מלך,subs,,B:deity-candidate,Other Tanakh
133190,1421159,452243,Judges,9,15,לבנון,nmpr,topo,F:unclassified-name,Other Tanakh
133201,1421160,452246,Judges,9,16,מלך,verb,,B:deity-candidate,Other Tanakh
133203,1421160,452246,Judges,9,16,אבימלך,nmpr,pers,A:person-candidate,Other Tanakh
133209,1421160,452247,Judges,9,16,ירבעל,nmpr,pers,A:person-candidate,Other Tanakh
133235,1421161,452251,Judges,9,17,מדין,nmpr,"pers,gens,topo",F:unclassified-name,Other Tanakh
133254,1421162,452254,Judges,9,18,מלך,verb,,B:deity-candidate,Other Tanakh
133256,1421162,452254,Judges,9,18,אבימלך,nmpr,pers,A:person-candidate,Other Tanakh
133260,1421162,452254,Judges,9,18,בעל,subs,,B:deity-candidate,Other Tanakh
133261,1421162,452254,Judges,9,18,שכם,nmpr,topo,F:unclassified-name,Other Tanakh
133274,1421163,452256,Judges,9,19,ירבעל,nmpr,pers,A:person-candidate,Other Tanakh
133284,1421163,452257,Judges,9,19,אבימלך,nmpr,pers,A:person-candidate,Other Tanakh
133296,1421164,452260,Judges,9,20,אבימלך,nmpr,pers,A:person-candidate,Other Tanakh
133300,1421164,452261,Judges,9,20,בעל,subs,,B:deity-candidate,Other Tanakh
133301,1421164,452261,Judges,9,20,שכם,nmpr,topo,F:unclassified-name,Other Tanakh
133310,1421164,452262,Judges,9,20,בעל,subs,,B:deity-candidate,Other Tanakh
133311,1421164,452262,Judges,9,20,שכם,nmpr,topo,F:unclassified-name,Other Tanakh
133319,1421164,452263,Judges,9,20,אבימלך,nmpr,pers,A:person-candidate,Other Tanakh
133322,1421165,452264,Judges,9,21,יותם,nmpr,pers,A:person-candidate,Other Tanakh
133327,1421165,452266,Judges,9,21,באר,nmpr,topo,F:unclassified-name,Other Tanakh
133333,1421165,452267,Judges,9,21,אבימלך,nmpr,pers,A:person-candidate,Other Tanakh
133337,1421166,452268,Judges,9,22,אבימלך,nmpr,pers,A:person-candidate,Other Tanakh
133339,1421166,452268,Judges,9,22,ישראל,nmpr,"pers,gens,topo",F:unclassified-name,Other Tanakh
133344,1421167,452269,Judges,9,23,אלהים,subs,,D:Elohim,Other Tanakh
133348,1421167,452269,Judges,9,23,אבימלך,nmpr,pers,A:person-candidate,Other Tanakh
133351,1421167,452269,Judges,9,23,בעל,subs,,B:deity-candidate,Other Tanakh
133352,1421167,452269,Judges,9,23,שכם,nmpr,topo,F:unclassified-name,Other Tanakh
133355,1421167,452270,Judges,9,23,בעל,subs,,B:deity-candidate,Other Tanakh
133356,1421167,452270,Judges,9,23,שכם,nmpr,topo,F:unclassified-name,Other Tanakh
133358,1421167,452270,Judges,9,23,אבימלך,nmpr,pers,A:person-candidate,Other Tanakh
133364,1421168,452271,Judges,9,24,ירבעל,nmpr,pers,A:person-candidate,Other Tanakh
133370,1421168,452273,Judges,9,24,אבימלך,nmpr,pers,A:person-candidate,Other Tanakh
133377,1421168,452273,Judges,9,24,בעל,subs,,B:deity-candidate,Other Tanakh
133378,1421168,452273,Judges,9,24,שכם,nmpr,topo,F:unclassified-name,Other Tanakh
133390,1421169,452277,Judges,9,25,בעל,subs,,B:deity-candidate,Other Tanakh
133391,1421169,452277,Judges,9,25,שכם,nmpr,topo,F:unclassified-name,Other Tanakh
133410,1421169,452280,Judges,9,25,אבימלך,nmpr,pers,A:person-candidate,Other Tanakh
133413,1421170,452281,Judges,9,26,געל,nmpr,pers,A:person-candidate,Other Tanakh
133415,1421170,452281,Judges,9,26,עבד,nmpr,pers,A:person-candidate,Other Tanakh
133421,1421170,452282,Judges,9,26,שכם,nmpr,topo,F:unclassified-name,Other Tanakh
133425,1421170,452283,Judges,9,26,בעל,subs,,B:deity-candidate,Other Tanakh
133426,1421170,452283,Judges,9,26,שכם,nmpr,topo,F:unclassified-name,Other Tanakh
133443,1421171,452288,Judges,9,27,אלהים,subs,,D:Elohim,Other Tanakh
133451,1421171,452291,Judges,9,27,אבימלך,nmpr,pers,A:person-candidate,Other Tanakh
133454,1421172,452292,Judges,9,28,געל,nmpr,pers,A:person-candidate,Other Tanakh
133456,1421172,452292,Judges,9,28,עבד,nmpr,pers,A:person-candidate,Other Tanakh
133458,1421172,452293,Judges,9,28,אבימלך,nmpr,pers,A:person-candidate,Other Tanakh
133461,1421172,452294,Judges,9,28,שכם,nmpr,topo,F:unclassified-name,Other Tanakh
133467,1421172,452296,Judges,9,28,ירבעל,nmpr,pers,A:person-candidate,Other Tanakh
133469,1421172,452297,Judges,9,28,זבל,nmpr,pers,A:person-candidate,Other Tanakh
133474,1421172,452298,Judges,9,28,חמור,nmpr,pers,A:person-candidate,Other Tanakh
133476,1421172,452298,Judges,9,28,שכם,nmpr,pers,A:person-candidate,Other Tanakh
133494,1421173,452301,Judges,9,29,אבימלך,nmpr,pers,A:person-candidate,Other Tanakh
133498,1421173,452302,Judges,9,29,אבימלך,nmpr,pers,A:person-candidate,Other Tanakh
133505,1421174,452305,Judges,9,30,זבל,nmpr,pers,A:person-candidate,Other Tanakh
133511,1421174,452305,Judges,9,30,געל,nmpr,pers,A:person-candidate,Other Tanakh
133513,1421174,452305,Judges,9,30,עבד,nmpr,pers,A:person-candidate,Other Tanakh
133520,1421175,452307,Judges,9,31,אל,prep,,C:divine-title-candidate,Other Tanakh
133521,1421175,452307,Judges,9,31,אבימלך,nmpr,pers,A:person-candidate,Other Tanakh
133523,1421175,452307,Judges,9,31,תרמה,nmpr,topo,F:unclassified-name,Other Tanakh
133527,1421175,452309,Judges,9,31,געל,nmpr,pers,A:person-candidate,Other Tanakh
133529,1421175,452309,Judges,9,31,עבד,nmpr,pers,A:person-candidate,Other Tanakh
133533,1421175,452309,Judges,9,31,שכם,nmpr,topo,F:unclassified-name,Other Tanakh
133580,1421177,452319,Judges,9,33,אל,prep,,C:divine-title-candidate,Other Tanakh
133590,1421178,452323,Judges,9,34,אבימלך,nmpr,pers,A:person-candidate,Other Tanakh
133601,1421178,452325,Judges,9,34,שכם,nmpr,topo,F:unclassified-name,Other Tanakh
133606,1421179,452326,Judges,9,35,געל,nmpr,pers,A:person-candidate,Other Tanakh
133608,1421179,452326,Judges,9,35,עבד,nmpr,pers,A:person-candidate,Other Tanakh
133617,1421179,452328,Judges,9,35,אבימלך,nmpr,pers,A:person-candidate,Other Tanakh
133628,1421180,452330,Judges,9,36,געל,nmpr,pers,A:person-candidate,Other Tanakh
133634,1421180,452331,Judges,9,36,אל,prep,,C:divine-title-candidate,Other Tanakh
133635,1421180,452331,Judges,9,36,זבל,nmpr,pers,A:person-candidate,Other Tanakh
133645,1421180,452333,Judges,9,36,אל,prep,,C:divine-title-candidate,Other Tanakh
133646,1421180,452333,Judges,9,36,זבל,nmpr,pers,A:person-candidate,Other Tanakh
133659,1421181,452335,Judges,9,37,געל,nmpr,pers,A:person-candidate,Other Tanakh
133682,1421182,452340,Judges,9,38,אל,prep,,C:divine-title-candidate,Other Tanakh
133683,1421182,452340,Judges,9,38,זבל,nmpr,pers,A:person-candidate,Other Tanakh
133690,1421182,452343,Judges,9,38,אבימלך,nmpr,pers,A:person-candidate,Other Tanakh
133709,1421183,452349,Judges,9,39,געל,nmpr,pers,A:person-candidate,Other Tanakh
133712,1421183,452349,Judges,9,39,בעל,subs,,B:deity-candidate,Other Tanakh
133713,1421183,452349,Judges,9,39,שכם,nmpr,topo,F:unclassified-name,Other Tanakh
133717,1421183,452350,Judges,9,39,אבימלך,nmpr,pers,A:person-candidate,Other Tanakh
133720,1421184,452351,Judges,9,40,אבימלך,nmpr,pers,A:person-candidate,Other Tanakh
133735,1421185,452354,Judges,9,41,אבימלך,nmpr,pers,A:person-candidate,Other Tanakh
133738,1421185,452354,Judges,9,41,ארומה,nmpr,topo,F:unclassified-name,Other Tanakh
133741,1421185,452355,Judges,9,41,זבל,nmpr,pers,A:person-candidate,Other Tanakh
133743,1421185,452355,Judges,9,41,געל,nmpr,pers,A:person-candidate,Other Tanakh
133750,1421185,452356,Judges,9,41,שכם,nmpr,topo,F:unclassified-name,Other Tanakh
133764,1421186,452359,Judges,9,42,אבימלך,nmpr,pers,A:person-candidate,Other Tanakh
133796,1421188,452368,Judges,9,44,אבימלך,nmpr,pers,A:person-candidate,Other Tanakh
133823,1421189,452374,Judges,9,45,אבימלך,nmpr,pers,A:person-candidate,Other Tanakh
133856,1421190,452380,Judges,9,46,בעל,subs,,B:deity-candidate,Other Tanakh
133858,1421190,452380,Judges,9,46,שכם,nmpr,topo,F:unclassified-name,Other Tanakh
133861,1421190,452381,Judges,9,46,אל,prep,,C:divine-title-candidate,Other Tanakh
133864,1421190,452381,Judges,9,46,אל ברית,nmpr,pers,A:person-candidate,Other Tanakh
133868,1421191,452382,Judges,9,47,אבימלך,nmpr,pers,A:person-candidate,Other Tanakh
133872,1421191,452383,Judges,9,47,בעל,subs,,B:deity-candidate,Other Tanakh
133874,1421191,452383,Judges,9,47,שכם,nmpr,topo,F:unclassified-name,Other Tanakh
133877,1421192,452384,Judges,9,48,אבימלך,nmpr,pers,A:person-candidate,Other Tanakh
133879,1421192,452384,Judges,9,48,צלמון,nmpr,topo,F:unclassified-name,Other Tanakh
133889,1421192,452386,Judges,9,48,אבימלך,nmpr,pers,A:person-candidate,Other Tanakh
133907,1421192,452390,Judges,9,48,אל,prep,,C:divine-title-candidate,Other Tanakh
133929,1421193,452398,Judges,9,49,אבימלך,nmpr,pers,A:person-candidate,Other Tanakh
133950,1421193,452401,Judges,9,49,שכם,nmpr,topo,F:unclassified-name,Other Tanakh
133958,1421194,452402,Judges,9,50,אבימלך,nmpr,pers,A:person-candidate,Other Tanakh
133959,1421194,452402,Judges,9,50,אל,prep,,C:divine-title-candidate,Other Tanakh
133960,1421194,452402,Judges,9,50,תבץ,nmpr,topo,F:unclassified-name,Other Tanakh
133964,1421194,452403,Judges,9,50,תבץ,nmpr,topo,F:unclassified-name,Other Tanakh
133986,1421195,452406,Judges,9,51,בעל,subs,,B:deity-candidate,Other Tanakh
134000,1421196,452409,Judges,9,52,אבימלך,nmpr,pers,A:person-candidate,Other Tanakh
134026,1421197,452413,Judges,9,53,אבימלך,nmpr,pers,A:person-candidate,Other Tanakh
134034,1421198,452415,Judges,9,54,אל,prep,,C:divine-title-candidate,Other Tanakh
134059,1421199,452423,Judges,9,55,ישראל,nmpr,"pers,gens,topo",F:unclassified-name,Other Tanakh
134062,1421199,452424,Judges,9,55,אבימלך,nmpr,pers,A:person-candidate,Other Tanakh
134070,1421200,452427,Judges,9,56,אלהים,subs,,D:Elohim,Other Tanakh
134073,1421200,452427,Judges,9,56,אבימלך,nmpr,pers,A:person-candidate,Other Tanakh
134088,1421201,452430,Judges,9,57,שכם,nmpr,topo,F:unclassified-name,Other Tanakh
134090,1421201,452430,Judges,9,57,אלהים,subs,,D:Elohim,Other Tanakh
134095,1421201,452431,Judges,9,57,אל,prep,,C:divine-title-candidate,Other Tanakh
134097,1421201,452431,Judges,9,57,יותם,nmpr,pers,A:person-candidate,Other Tanakh
134099,1421201,452431,Judges,9,57,ירבעל,nmpr,pers,A:person-candidate,Other Tanakh
134103,1421202,452432,Judges,10,1,אבימלך,nmpr,pers,A:person-candidate,Other Tanakh
134107,1421202,452433,Judges,10,1,ישראל,nmpr,"pers,gens,topo",F:unclassified-name,Other Tanakh
134108,1421202,452432,Judges,10,1,תולע,nmpr,pers,A:person-candidate,Other Tanakh
134110,1421202,452432,Judges,10,1,פואה,nmpr,pers,A:person-candidate,Other Tanakh
134112,1421202,452432,Judges,10,1,דודו,nmpr,pers,A:person-candidate,Other Tanakh
134114,1421202,452432,Judges,10,1,יששכר,nmpr,"pers,gens,topo",F:unclassified-name,Other Tanakh
134119,1421202,452434,Judges,10,1,שמיר,nmpr,topo,F:unclassified-name,Other Tanakh
134122,1421202,452434,Judges,10,1,אפרים,nmpr,"pers,gens,topo",F:unclassified-name,Other Tanakh
134126,1421203,452435,Judges,10,2,ישראל,nmpr,"pers,gens,topo",F:unclassified-name,Other Tanakh
134136,1421203,452437,Judges,10,2,שמיר,nmpr,topo,F:unclassified-name,Other Tanakh
134140,1421204,452438,Judges,10,3,יאיר,nmpr,pers,A:person-candidate,Other Tanakh
134146,1421204,452439,Judges,10,3,ישראל,nmpr,"pers,gens,topo",F:unclassified-name,Other Tanakh
134167,1421205,452443,Judges,10,4,יאיר,nmpr,pers,A:person-candidate,Other Tanakh
134177,1421205,452444,Judges,10,4,גלעד,nmpr,topo,F:unclassified-name,Other Tanakh
134180,1421206,452445,Judges,10,5,יאיר,nmpr,pers,A:person-candidate,Other Tanakh
134184,1421206,452446,Judges,10,5,קמון,nmpr,topo,F:unclassified-name,Other Tanakh
134188,1421207,452447,Judges,10,6,ישראל,nmpr,"pers,gens,topo",F:unclassified-name,Other Tanakh
134195,1421207,452449,Judges,10,6,יהוה,nmpr,pers,E:YHWH,Other Tanakh
134200,1421207,452450,Judges,10,6,בעל,subs,,B:deity-candidate,Other Tanakh
134204,1421207,452450,Judges,10,6,עשתרת,subs,,B:deity-candidate,Other Tanakh
134207,1421207,452450,Judges,10,6,אלהים,subs,,D:Elohim,Other Tanakh
134208,1421207,452450,Judges,10,6,ארם,nmpr,topo,F:unclassified-name,Other Tanakh
134211,1421207,452450,Judges,10,6,אלהים,subs,,D:Elohim,Other Tanakh
134212,1421207,452450,Judges,10,6,צידון,nmpr,topo,F:unclassified-name,Other Tanakh
134215,1421207,452450,Judges,10,6,אלהים,subs,,D:Elohim,Other Tanakh
134216,1421207,452450,Judges,10,6,מואב,nmpr,"pers,gens,topo",F:unclassified-name,Other Tanakh
134219,1421207,452450,Judges,10,6,אלהים,subs,,D:Elohim,Other Tanakh
134221,1421207,452450,Judges,10,6,עמון,nmpr,gens,F:unclassified-name,Other Tanakh
134224,1421207,452450,Judges,10,6,אלהים,subs,,D:Elohim,Other Tanakh
134229,1421207,452451,Judges,10,6,יהוה,nmpr,pers,E:YHWH,Other Tanakh
134236,1421208,452453,Judges,10,7,יהוה,nmpr,pers,E:YHWH,Other Tanakh
134238,1421208,452453,Judges,10,7,ישראל,nmpr,"pers,gens,topo",F:unclassified-name,Other Tanakh
134248,1421208,452454,Judges,10,7,עמון,nmpr,gens,F:unclassified-name,Other Tanakh
134255,1421209,452456,Judges,10,8,ישראל,nmpr,"pers,gens,topo",F:unclassified-name,Other Tanakh
134267,1421209,452457,Judges,10,8,ישראל,nmpr,"pers,gens,topo",F:unclassified-name,Other Tanakh
134272,1421209,452458,Judges,10,8,ירדן,nmpr,topo,F:unclassified-name,Other Tanakh
134280,1421209,452459,Judges,10,8,גלעד,nmpr,topo,F:unclassified-name,Other Tanakh
134284,1421210,452460,Judges,10,9,עמון,nmpr,gens,F:unclassified-name,Other Tanakh
134287,1421210,452460,Judges,10,9,ירדן,nmpr,topo,F:unclassified-name,Other Tanakh
134292,1421210,452461,Judges,10,9,יהודה,nmpr,"pers,gens,topo",F:unclassified-name,Other Tanakh
134295,1421210,452461,Judges,10,9,בנימן,nmpr,"pers,gens,topo",F:unclassified-name,Other Tanakh
134299,1421210,452461,Judges,10,9,אפרים,nmpr,"pers,gens,topo",F:unclassified-name,Other Tanakh
134303,1421210,452462,Judges,10,9,ישראל,nmpr,"pers,gens,topo",F:unclassified-name,Other Tanakh
134308,1421211,452463,Judges,10,10,ישראל,nmpr,"pers,gens,topo",F:unclassified-name,Other Tanakh
134309,1421211,452463,Judges,10,10,אל,prep,,C:divine-title-candidate,Other Tanakh
134310,1421211,452463,Judges,10,10,יהוה,nmpr,pers,E:YHWH,Other Tanakh
134319,1421211,452466,Judges,10,10,אלהים,subs,,D:Elohim,Other Tanakh
134324,1421211,452467,Judges,10,10,בעל,subs,,B:deity-candidate,Other Tanakh
134327,1421212,452468,Judges,10,11,יהוה,nmpr,pers,E:YHWH,Other Tanakh
134328,1421212,452468,Judges,10,11,אל,prep,,C:divine-title-candidate,Other Tanakh
134330,1421212,452468,Judges,10,11,ישראל,nmpr,"pers,gens,topo",F:unclassified-name,Other Tanakh
134334,1421212,452469,Judges,10,11,מצרים,nmpr,topo,F:unclassified-name,Other Tanakh
134342,1421212,452469,Judges,10,11,עמון,nmpr,gens,F:unclassified-name,Other Tanakh
134349,1421213,452470,Judges,10,12,עמלק,nmpr,"pers,gens",F:unclassified-name,Other Tanakh
134351,1421213,452470,Judges,10,12,מעון,nmpr,topo,F:unclassified-name,Other Tanakh
134356,1421213,452471,Judges,10,12,אל,prep,,C:divine-title-candidate,Other Tanakh
134368,1421214,452474,Judges,10,13,אלהים,subs,,D:Elohim,Other Tanakh
134379,1421215,452478,Judges,10,14,אל,prep,,C:divine-title-candidate,Other Tanakh
134381,1421215,452478,Judges,10,14,אלהים,subs,,D:Elohim,Other Tanakh
134394,1421216,452481,Judges,10,15,ישראל,nmpr,"pers,gens,topo",F:unclassified-name,Other Tanakh
134395,1421216,452481,Judges,10,15,אל,prep,,C:divine-title-candidate,Other Tanakh
134396,1421216,452481,Judges,10,15,יהוה,nmpr,pers,E:YHWH,Other Tanakh
134417,1421217,452486,Judges,10,16,אלהים,subs,,D:Elohim,Other Tanakh
134425,1421217,452487,Judges,10,16,יהוה,nmpr,pers,E:YHWH,Other Tanakh
134431,1421217,452488,Judges,10,16,ישראל,nmpr,"pers,gens,topo",F:unclassified-name,Other Tanakh
134435,1421218,452489,Judges,10,17,עמון,nmpr,gens,F:unclassified-name,Other Tanakh
134440,1421218,452490,Judges,10,17,גלעד,nmpr,topo,F:unclassified-name,Other Tanakh
134444,1421218,452491,Judges,10,17,ישראל,nmpr,"pers,gens,topo",F:unclassified-name,Other Tanakh
134449,1421218,452492,Judges,10,17,מצפה,nmpr,topo,F:unclassified-name,Other Tanakh
134455,1421219,452493,Judges,10,18,גלעד,nmpr,topo,F:unclassified-name,Other Tanakh
134457,1421219,452494,Judges,10,18,אל,prep,,C:divine-title-candidate,Other Tanakh
134468,1421219,452497,Judges,10,18,עמון,nmpr,gens,F:unclassified-name,Other Tanakh
134475,1421219,452498,Judges,10,18,גלעד,nmpr,topo,F:unclassified-name,Other Tanakh
134477,1421220,452499,Judges,11,1,יפתח,nmpr,pers,A:person-candidate,Other Tanakh
134490,1421220,452501,Judges,11,1,גלעד,nmpr,topo,F:unclassified-name,Other Tanakh
134492,1421220,452501,Judges,11,1,יפתח,nmpr,pers,A:person-candidate,Other Tanakh
134496,1421221,452502,Judges,11,2,גלעד,nmpr,topo,F:unclassified-name,Other Tanakh
134507,1421221,452504,Judges,11,2,יפתח,nmpr,pers,A:person-candidate,Other Tanakh
134523,1421222,452508,Judges,11,3,יפתח,nmpr,pers,A:person-candidate,Other Tanakh
134531,1421222,452509,Judges,11,3,טוב,nmpr,topo,F:unclassified-name,Other Tanakh
134534,1421222,452510,Judges,11,3,אל,prep,,C:divine-title-candidate,Other Tanakh
134535,1421222,452510,Judges,11,3,יפתח,nmpr,pers,A:person-candidate,Other Tanakh
134548,1421223,452513,Judges,11,4,עמון,nmpr,gens,F:unclassified-name,Other Tanakh
134550,1421223,452513,Judges,11,4,ישראל,nmpr,"pers,gens,topo",F:unclassified-name,Other Tanakh
134557,1421224,452515,Judges,11,5,עמון,nmpr,gens,F:unclassified-name,Other Tanakh
134559,1421224,452515,Judges,11,5,ישראל,nmpr,"pers,gens,topo",F:unclassified-name,Other Tanakh
134563,1421224,452516,Judges,11,5,גלעד,nmpr,topo,F:unclassified-name,Other Tanakh
134567,1421224,452517,Judges,11,5,יפתח,nmpr,pers,A:person-candidate,Other Tanakh
134570,1421224,452517,Judges,11,5,טוב,nmpr,topo,F:unclassified-name,Other Tanakh
134574,1421225,452518,Judges,11,6,יפתח,nmpr,pers,A:person-candidate,Other Tanakh
134585,1421225,452521,Judges,11,6,עמון,nmpr,gens,F:unclassified-name,Other Tanakh
134588,1421226,452522,Judges,11,7,יפתח,nmpr,pers,A:person-candidate,Other Tanakh
134591,1421226,452522,Judges,11,7,גלעד,nmpr,topo,F:unclassified-name,Other Tanakh
134605,1421226,452525,Judges,11,7,אל,prep,,C:divine-title-candidate,Other Tanakh
134614,1421227,452527,Judges,11,8,גלעד,nmpr,topo,F:unclassified-name,Other Tanakh
134615,1421227,452527,Judges,11,8,אל,prep,,C:divine-title-candidate,Other Tanakh
134616,1421227,452527,Judges,11,8,יפתח,nmpr,pers,A:person-candidate,Other Tanakh
134620,1421227,452528,Judges,11,8,אל,prep,,C:divine-title-candidate,Other Tanakh
134628,1421227,452530,Judges,11,8,עמון,nmpr,gens,F:unclassified-name,Other Tanakh
134637,1421227,452531,Judges,11,8,גלעד,nmpr,topo,F:unclassified-name,Other Tanakh
134640,1421228,452532,Judges,11,9,יפתח,nmpr,pers,A:person-candidate,Other Tanakh
134641,1421228,452532,Judges,11,9,אל,prep,,C:divine-title-candidate,Other Tanakh
134643,1421228,452532,Judges,11,9,גלעד,nmpr,topo,F:unclassified-name,Other Tanakh
134652,1421228,452534,Judges,11,9,עמון,nmpr,gens,F:unclassified-name,Other Tanakh
134655,1421228,452535,Judges,11,9,יהוה,nmpr,pers,E:YHWH,Other Tanakh
134667,1421229,452537,Judges,11,10,גלעד,nmpr,topo,F:unclassified-name,Other Tanakh
134668,1421229,452537,Judges,11,10,אל,prep,,C:divine-title-candidate,Other Tanakh
134669,1421229,452537,Judges,11,10,יפתח,nmpr,pers,A:person-candidate,Other Tanakh
134670,1421229,452538,Judges,11,10,יהוה,nmpr,pers,E:YHWH,Other Tanakh
134682,1421230,452541,Judges,11,11,יפתח,nmpr,pers,A:person-candidate,Other Tanakh
134685,1421230,452541,Judges,11,11,גלעד,nmpr,topo,F:unclassified-name,Other Tanakh
134699,1421230,452543,Judges,11,11,יפתח,nmpr,pers,A:person-candidate,Other Tanakh
134705,1421230,452543,Judges,11,11,יהוה,nmpr,pers,E:YHWH,Other Tanakh
134708,1421230,452543,Judges,11,11,מצפה,nmpr,topo,F:unclassified-name,Other Tanakh
134711,1421231,452544,Judges,11,12,יפתח,nmpr,pers,A:person-candidate,Other Tanakh
134713,1421231,452544,Judges,11,12,אל,prep,,C:divine-title-candidate,Other Tanakh
134714,1421231,452544,Judges,11,12,מלך,subs,,B:deity-candidate,Other Tanakh
134716,1421231,452544,Judges,11,12,עמון,nmpr,gens,F:unclassified-name,Other Tanakh
134725,1421231,452547,Judges,11,12,אל,prep,,C:divine-title-candidate,Other Tanakh
134732,1421232,452549,Judges,11,13,מלך,subs,,B:deity-candidate,Other Tanakh
134734,1421232,452549,Judges,11,13,עמון,nmpr,gens,F:unclassified-name,Other Tanakh
134735,1421232,452549,Judges,11,13,אל,prep,,C:divine-title-candidate,Other Tanakh
134737,1421232,452549,Judges,11,13,יפתח,nmpr,pers,A:person-candidate,Other Tanakh
134740,1421232,452550,Judges,11,13,ישראל,nmpr,"pers,gens,topo",F:unclassified-name,Other Tanakh
134746,1421232,452551,Judges,11,13,מצרים,nmpr,topo,F:unclassified-name,Other Tanakh
134748,1421232,452550,Judges,11,13,ארנון,nmpr,topo,F:unclassified-name,Other Tanakh
134752,1421232,452550,Judges,11,13,יבק,nmpr,topo,F:unclassified-name,Other Tanakh
134756,1421232,452550,Judges,11,13,ירדן,nmpr,topo,F:unclassified-name,Other Tanakh
134766,1421233,452554,Judges,11,14,יפתח,nmpr,pers,A:person-candidate,Other Tanakh
134770,1421233,452555,Judges,11,14,אל,prep,,C:divine-title-candidate,Other Tanakh
134771,1421233,452555,Judges,11,14,מלך,subs,,B:deity-candidate,Other Tanakh
134773,1421233,452555,Judges,11,14,עמון,nmpr,gens,F:unclassified-name,Other Tanakh
134779,1421234,452557,Judges,11,15,יפתח,nmpr,pers,A:person-candidate,Other Tanakh
134782,1421234,452558,Judges,11,15,ישראל,nmpr,"pers,gens,topo",F:unclassified-name,Other Tanakh
134785,1421234,452558,Judges,11,15,מואב,nmpr,"pers,gens,topo",F:unclassified-name,Other Tanakh
134790,1421234,452558,Judges,11,15,עמון,nmpr,gens,F:unclassified-name,Other Tanakh
134795,1421235,452560,Judges,11,16,מצרים,nmpr,topo,F:unclassified-name,Other Tanakh
134798,1421235,452561,Judges,11,16,ישראל,nmpr,"pers,gens,topo",F:unclassified-name,Other Tanakh
134807,1421235,452562,Judges,11,16,קדש,nmpr,topo,F:unclassified-name,Other Tanakh
134810,1421236,452563,Judges,11,17,ישראל,nmpr,"pers,gens,topo",F:unclassified-name,Other Tanakh
134812,1421236,452563,Judges,11,17,אל,prep,,C:divine-title-candidate,Other Tanakh
134813,1421236,452563,Judges,11,17,מלך,subs,,B:deity-candidate,Other Tanakh
134814,1421236,452563,Judges,11,17,אדום,nmpr,topo,F:unclassified-name,Other Tanakh
134824,1421236,452566,Judges,11,17,מלך,subs,,B:deity-candidate,Other Tanakh
134825,1421236,452566,Judges,11,17,אדום,nmpr,topo,F:unclassified-name,Other Tanakh
134828,1421236,452567,Judges,11,17,אל,prep,,C:divine-title-candidate,Other Tanakh
134829,1421236,452567,Judges,11,17,מלך,subs,,B:deity-candidate,Other Tanakh
134830,1421236,452567,Judges,11,17,מואב,nmpr,"pers,gens,topo",F:unclassified-name,Other Tanakh
134837,1421236,452569,Judges,11,17,ישראל,nmpr,"pers,gens,topo",F:unclassified-name,Other Tanakh
134839,1421236,452569,Judges,11,17,קדש,nmpr,topo,F:unclassified-name,Other Tanakh
134849,1421237,452571,Judges,11,18,אדום,nmpr,topo,F:unclassified-name,Other Tanakh
134853,1421237,452571,Judges,11,18,מואב,nmpr,"pers,gens,topo",F:unclassified-name,Other Tanakh
134861,1421237,452572,Judges,11,18,מואב,nmpr,"pers,gens,topo",F:unclassified-name,Other Tanakh
134866,1421237,452573,Judges,11,18,ארנון,nmpr,topo,F:unclassified-name,Other Tanakh
134872,1421237,452574,Judges,11,18,מואב,nmpr,"pers,gens,topo",F:unclassified-name,Other Tanakh
134874,1421237,452575,Judges,11,18,ארנון,nmpr,topo,F:unclassified-name,Other Tanakh
134876,1421237,452575,Judges,11,18,מואב,nmpr,"pers,gens,topo",F:unclassified-name,Other Tanakh
134879,1421238,452576,Judges,11,19,ישראל,nmpr,"pers,gens,topo",F:unclassified-name,Other Tanakh
134881,1421238,452576,Judges,11,19,אל,prep,,C:divine-title-candidate,Other Tanakh
134882,1421238,452576,Judges,11,19,סיחון,nmpr,pers,A:person-candidate,Other Tanakh
134883,1421238,452576,Judges,11,19,מלך,subs,,B:deity-candidate,Other Tanakh
134886,1421238,452576,Judges,11,19,מלך,subs,,B:deity-candidate,Other Tanakh
134887,1421238,452576,Judges,11,19,חשבון,nmpr,topo,F:unclassified-name,Other Tanakh
134891,1421238,452577,Judges,11,19,ישראל,nmpr,"pers,gens,topo",F:unclassified-name,Other Tanakh
134901,1421239,452579,Judges,11,20,סיחון,nmpr,pers,A:person-candidate,Other Tanakh
134903,1421239,452579,Judges,11,20,ישראל,nmpr,"pers,gens,topo",F:unclassified-name,Other Tanakh
134909,1421239,452581,Judges,11,20,סיחון,nmpr,pers,A:person-candidate,Other Tanakh
134916,1421239,452582,Judges,11,20,יהצה,nmpr,topo,F:unclassified-name,Other Tanakh
134920,1421239,452583,Judges,11,20,ישראל,nmpr,"pers,gens,topo",F:unclassified-name,Other Tanakh
134923,1421240,452584,Judges,11,21,יהוה,nmpr,pers,E:YHWH,Other Tanakh
134924,1421240,452584,Judges,11,21,אלהים,subs,,D:Elohim,Other Tanakh
134925,1421240,452584,Judges,11,21,ישראל,nmpr,"pers,gens,topo",F:unclassified-name,Other Tanakh
134927,1421240,452584,Judges,11,21,סיחון,nmpr,pers,A:person-candidate,Other Tanakh
134934,1421240,452584,Judges,11,21,ישראל,nmpr,"pers,gens,topo",F:unclassified-name,Other Tanakh
134939,1421240,452586,Judges,11,21,ישראל,nmpr,"pers,gens,topo",F:unclassified-name,Other Tanakh
134958,1421241,452588,Judges,11,22,ארנון,nmpr,topo,F:unclassified-name,Other Tanakh
134962,1421241,452588,Judges,11,22,יבק,nmpr,topo,F:unclassified-name,Other Tanakh
134970,1421241,452588,Judges,11,22,ירדן,nmpr,topo,F:unclassified-name,Other Tanakh
134973,1421242,452590,Judges,11,23,יהוה,nmpr,pers,E:YHWH,Other Tanakh
134974,1421242,452590,Judges,11,23,אלהים,subs,,D:Elohim,Other Tanakh
134975,1421242,452590,Judges,11,23,ישראל,nmpr,"pers,gens,topo",F:unclassified-name,Other Tanakh
134983,1421242,452590,Judges,11,23,ישראל,nmpr,"pers,gens,topo",F:unclassified-name,Other Tanakh
134992,1421243,452593,Judges,11,24,כמוש,nmpr,pers,B:deity-candidate,Other Tanakh
134993,1421243,452593,Judges,11,24,אלהים,subs,,D:Elohim,Other Tanakh
135001,1421243,452596,Judges,11,24,יהוה,nmpr,pers,E:YHWH,Other Tanakh
135002,1421243,452596,Judges,11,24,אלהים,subs,,D:Elohim,Other Tanakh
135014,1421244,452599,Judges,11,25,בלק,nmpr,pers,A:person-candidate,Other Tanakh
135016,1421244,452599,Judges,11,25,צפור,nmpr,pers,A:person-candidate,Other Tanakh
135017,1421244,452599,Judges,11,25,מלך,subs,,B:deity-candidate,Other Tanakh
135018,1421244,452599,Judges,11,25,מואב,nmpr,"pers,gens,topo",F:unclassified-name,Other Tanakh
135023,1421244,452600,Judges,11,25,ישראל,nmpr,"pers,gens,topo",F:unclassified-name,Other Tanakh
135030,1421245,452602,Judges,11,26,ישראל,nmpr,"pers,gens,topo",F:unclassified-name,Other Tanakh
135032,1421245,452602,Judges,11,26,חשבון,nmpr,topo,F:unclassified-name,Other Tanakh
135038,1421245,452602,Judges,11,26,ערעור,nmpr,topo,F:unclassified-name,Other Tanakh
135050,1421245,452603,Judges,11,26,ארנון,nmpr,topo,F:unclassified-name,Other Tanakh
135077,1421246,452608,Judges,11,27,יהוה,nmpr,pers,E:YHWH,Other Tanakh
135084,1421246,452608,Judges,11,27,ישראל,nmpr,"pers,gens,topo",F:unclassified-name,Other Tanakh
135088,1421246,452608,Judges,11,27,עמון,nmpr,gens,F:unclassified-name,Other Tanakh
135092,1421247,452609,Judges,11,28,מלך,subs,,B:deity-candidate,Other Tanakh
135094,1421247,452609,Judges,11,28,עמון,nmpr,gens,F:unclassified-name,Other Tanakh
135095,1421247,452609,Judges,11,28,אל,prep,,C:divine-title-candidate,Other Tanakh
135097,1421247,452609,Judges,11,28,יפתח,nmpr,pers,A:person-candidate,Other Tanakh
135100,1421247,452610,Judges,11,28,אל,prep,,C:divine-title-candidate,Other Tanakh
135104,1421248,452611,Judges,11,29,יפתח,nmpr,pers,A:person-candidate,Other Tanakh
135106,1421248,452611,Judges,11,29,יהוה,nmpr,pers,E:YHWH,Other Tanakh
135111,1421248,452612,Judges,11,29,גלעד,nmpr,topo,F:unclassified-name,Other Tanakh
135114,1421248,452612,Judges,11,29,מנשה,nmpr,"pers,gens",F:unclassified-name,Other Tanakh
135119,1421248,452613,Judges,11,29,גלעד,nmpr,topo,F:unclassified-name,Other Tanakh
135123,1421248,452614,Judges,11,29,גלעד,nmpr,topo,F:unclassified-name,Other Tanakh
135126,1421248,452614,Judges,11,29,עמון,nmpr,gens,F:unclassified-name,Other Tanakh
135129,1421249,452615,Judges,11,30,יפתח,nmpr,pers,A:person-candidate,Other Tanakh
135132,1421249,452615,Judges,11,30,יהוה,nmpr,pers,E:YHWH,Other Tanakh
135140,1421249,452617,Judges,11,30,עמון,nmpr,gens,F:unclassified-name,Other Tanakh
135160,1421250,452622,Judges,11,31,עמון,nmpr,gens,F:unclassified-name,Other Tanakh
135164,1421250,452623,Judges,11,31,יהוה,nmpr,pers,E:YHWH,Other Tanakh
135170,1421251,452625,Judges,11,32,יפתח,nmpr,pers,A:person-candidate,Other Tanakh
135171,1421251,452625,Judges,11,32,אל,prep,,C:divine-title-candidate,Other Tanakh
135173,1421251,452625,Judges,11,32,עמון,nmpr,gens,F:unclassified-name,Other Tanakh
135179,1421251,452627,Judges,11,32,יהוה,nmpr,pers,E:YHWH,Other Tanakh
135185,1421252,452628,Judges,11,33,ערוער,nmpr,topo,F:unclassified-name,Other Tanakh
135189,1421252,452629,Judges,11,33,מנית,nmpr,topo,F:unclassified-name,Other Tanakh
135194,1421252,452628,Judges,11,33,אבל כרמים,nmpr,topo,F:unclassified-name,Other Tanakh
135201,1421252,452630,Judges,11,33,עמון,nmpr,gens,F:unclassified-name,Other Tanakh
135205,1421252,452630,Judges,11,33,ישראל,nmpr,"pers,gens,topo",F:unclassified-name,Other Tanakh
135208,1421253,452631,Judges,11,34,יפתח,nmpr,pers,A:person-candidate,Other Tanakh
135210,1421253,452631,Judges,11,34,מצפה,nmpr,topo,F:unclassified-name,Other Tanakh
135211,1421253,452631,Judges,11,34,אל,prep,,C:divine-title-candidate,Other Tanakh
135258,1421254,452643,Judges,11,35,אל,prep,,C:divine-title-candidate,Other Tanakh
135259,1421254,452643,Judges,11,35,יהוה,nmpr,pers,E:YHWH,Other Tanakh
135267,1421255,452646,Judges,11,36,אל,prep,,C:divine-title-candidate,Other Tanakh
135272,1421255,452648,Judges,11,36,אל,prep,,C:divine-title-candidate,Other Tanakh
135273,1421255,452648,Judges,11,36,יהוה,nmpr,pers,E:YHWH,Other Tanakh
135285,1421255,452651,Judges,11,36,יהוה,nmpr,pers,E:YHWH,Other Tanakh
135291,1421255,452651,Judges,11,36,עמון,nmpr,gens,F:unclassified-name,Other Tanakh
135294,1421256,452652,Judges,11,37,אל,prep,,C:divine-title-candidate,Other Tanakh
135348,1421258,452664,Judges,11,39,אל,prep,,C:divine-title-candidate,Other Tanakh
135366,1421258,452668,Judges,11,39,ישראל,nmpr,"pers,gens,topo",F:unclassified-name,Other Tanakh
135372,1421259,452669,Judges,11,40,ישראל,nmpr,"pers,gens,topo",F:unclassified-name,Other Tanakh
135377,1421259,452670,Judges,11,40,יפתח,nmpr,pers,A:person-candidate,Other Tanakh
135388,1421260,452671,Judges,12,1,אפרים,nmpr,"pers,gens,topo",F:unclassified-name,Other Tanakh
135391,1421260,452672,Judges,12,1,צפון,nmpr,topo,F:unclassified-name,Other Tanakh
135395,1421260,452673,Judges,12,1,יפתח,nmpr,pers,A:person-candidate,Other Tanakh
135402,1421260,452675,Judges,12,1,עמון,nmpr,gens,F:unclassified-name,Other Tanakh
135418,1421261,452679,Judges,12,2,יפתח,nmpr,pers,A:person-candidate,Other Tanakh
135419,1421261,452679,Judges,12,2,אל,prep,,C:divine-title-candidate,Other Tanakh
135428,1421261,452680,Judges,12,2,עמון,nmpr,gens,F:unclassified-name,Other Tanakh
135451,1421262,452686,Judges,12,3,אל,prep,,C:divine-title-candidate,Other Tanakh
135453,1421262,452686,Judges,12,3,עמון,nmpr,gens,F:unclassified-name,Other Tanakh
135456,1421262,452687,Judges,12,3,יהוה,nmpr,pers,E:YHWH,Other Tanakh
135462,1421262,452688,Judges,12,3,אל,prep,,C:divine-title-candidate,Other Tanakh
135472,1421263,452690,Judges,12,4,יפתח,nmpr,pers,A:person-candidate,Other Tanakh
135476,1421263,452690,Judges,12,4,גלעד,nmpr,topo,F:unclassified-name,Other Tanakh
135480,1421263,452691,Judges,12,4,אפרים,nmpr,"pers,gens,topo",F:unclassified-name,Other Tanakh
135484,1421263,452692,Judges,12,4,גלעד,nmpr,topo,F:unclassified-name,Other Tanakh
135486,1421263,452692,Judges,12,4,אפרים,nmpr,"pers,gens,topo",F:unclassified-name,Other Tanakh
135490,1421263,452694,Judges,12,4,אפרים,nmpr,"pers,gens,topo",F:unclassified-name,Other Tanakh
135492,1421263,452695,Judges,12,4,גלעד,nmpr,topo,F:unclassified-name,Other Tanakh
135495,1421263,452696,Judges,12,4,אפרים,nmpr,"pers,gens,topo",F:unclassified-name,Other Tanakh
135498,1421263,452696,Judges,12,4,מנשה,nmpr,"pers,gens",F:unclassified-name,Other Tanakh
135501,1421264,452697,Judges,12,5,גלעד,nmpr,topo,F:unclassified-name,Other Tanakh
135505,1421264,452697,Judges,12,5,ירדן,nmpr,topo,F:unclassified-name,Other Tanakh
135507,1421264,452697,Judges,12,5,אפרים,nmpr,"pers,gens,topo",F:unclassified-name,Other Tanakh
135513,1421264,452699,Judges,12,5,אפרים,nmpr,"pers,gens,topo",F:unclassified-name,Other Tanakh
135519,1421264,452701,Judges,12,5,גלעד,nmpr,topo,F:unclassified-name,Other Tanakh
135546,1421265,452713,Judges,12,6,אל,prep,,C:divine-title-candidate,Other Tanakh
135549,1421265,452713,Judges,12,6,ירדן,nmpr,topo,F:unclassified-name,Other Tanakh
135558,1421265,452714,Judges,12,6,אפרים,nmpr,"pers,gens,topo",F:unclassified-name,Other Tanakh
135565,1421266,452715,Judges,12,7,יפתח,nmpr,pers,A:person-candidate,Other Tanakh
135567,1421266,452715,Judges,12,7,ישראל,nmpr,"pers,gens,topo",F:unclassified-name,Other Tanakh
135572,1421266,452716,Judges,12,7,יפתח,nmpr,pers,A:person-candidate,Other Tanakh
135579,1421266,452717,Judges,12,7,גלעד,nmpr,topo,F:unclassified-name,Other Tanakh
135584,1421267,452718,Judges,12,8,ישראל,nmpr,"pers,gens,topo",F:unclassified-name,Other Tanakh
135585,1421267,452718,Judges,12,8,אבצן,nmpr,pers,A:person-candidate,Other Tanakh
135587,1421267,452718,Judges,12,8,בית לחם,nmpr,topo,F:unclassified-name,Other Tanakh
135611,1421268,452722,Judges,12,9,ישראל,nmpr,"pers,gens,topo",F:unclassified-name,Other Tanakh
135616,1421269,452723,Judges,12,10,אבצן,nmpr,pers,A:person-candidate,Other Tanakh
135620,1421269,452724,Judges,12,10,בית לחם,nmpr,topo,F:unclassified-name,Other Tanakh
135625,1421270,452725,Judges,12,11,ישראל,nmpr,"pers,gens,topo",F:unclassified-name,Other Tanakh
135626,1421270,452725,Judges,12,11,אילון,nmpr,pers,A:person-candidate,Other Tanakh
135632,1421270,452726,Judges,12,11,ישראל,nmpr,"pers,gens,topo",F:unclassified-name,Other Tanakh
135637,1421271,452727,Judges,12,12,אילון,nmpr,pers,A:person-candidate,Other Tanakh
135643,1421271,452728,Judges,12,12,אילון,nmpr,topo,F:unclassified-name,Other Tanakh
135646,1421271,452728,Judges,12,12,זבולן,nmpr,"pers,gens,topo",F:unclassified-name,Other Tanakh
135651,1421272,452729,Judges,12,13,ישראל,nmpr,"pers,gens,topo",F:unclassified-name,Other Tanakh
135652,1421272,452729,Judges,12,13,עבדון,nmpr,pers,A:person-candidate,Other Tanakh
135654,1421272,452729,Judges,12,13,הלל,nmpr,pers,A:person-candidate,Other Tanakh
135673,1421273,452732,Judges,12,14,ישראל,nmpr,"pers,gens,topo",F:unclassified-name,Other Tanakh
135678,1421274,452733,Judges,12,15,עבדון,nmpr,pers,A:person-candidate,Other Tanakh
135680,1421274,452733,Judges,12,15,הלל,nmpr,pers,A:person-candidate,Other Tanakh
135686,1421274,452734,Judges,12,15,פרעתון,nmpr,topo,F:unclassified-name,Other Tanakh
135689,1421274,452734,Judges,12,15,אפרים,nmpr,"pers,gens,topo",F:unclassified-name,Other Tanakh
135697,1421275,452735,Judges,13,1,ישראל,nmpr,"pers,gens,topo",F:unclassified-name,Other Tanakh
135704,1421275,452737,Judges,13,1,יהוה,nmpr,pers,E:YHWH,Other Tanakh
135707,1421275,452738,Judges,13,1,יהוה,nmpr,pers,E:YHWH,Other Tanakh
135718,1421276,452739,Judges,13,2,צרעה,nmpr,topo,F:unclassified-name,Other Tanakh
135725,1421276,452740,Judges,13,2,מנוח,nmpr,pers,A:person-candidate,Other Tanakh
135735,1421277,452743,Judges,13,3,יהוה,nmpr,pers,E:YHWH,Other Tanakh
135736,1421277,452743,Judges,13,3,אל,prep,,C:divine-title-candidate,Other Tanakh
135741,1421277,452744,Judges,13,3,אל,prep,,C:divine-title-candidate,Other Tanakh
135759,1421278,452751,Judges,13,4,אל,nega,,C:divine-title-candidate,Other Tanakh
135765,1421278,452752,Judges,13,4,אל,nega,,C:divine-title-candidate,Other Tanakh
135783,1421279,452756,Judges,13,5,אלהים,subs,,D:Elohim,Other Tanakh
135796,1421279,452758,Judges,13,5,ישראל,nmpr,"pers,gens,topo",F:unclassified-name,Other Tanakh
135812,1421280,452762,Judges,13,6,אלהים,subs,,D:Elohim,Other Tanakh
135814,1421280,452762,Judges,13,6,אל,prep,,C:divine-title-candidate,Other Tanakh
135821,1421280,452763,Judges,13,6,אלהים,subs,,D:Elohim,Other Tanakh
135847,1421281,452772,Judges,13,7,אל,nega,,C:divine-title-candidate,Other Tanakh
135853,1421281,452773,Judges,13,7,אל,nega,,C:divine-title-candidate,Other Tanakh
135859,1421281,452774,Judges,13,7,אלהים,subs,,D:Elohim,Other Tanakh
135871,1421282,452775,Judges,13,8,מנוח,nmpr,pers,A:person-candidate,Other Tanakh
135872,1421282,452775,Judges,13,8,אל,prep,,C:divine-title-candidate,Other Tanakh
135873,1421282,452775,Judges,13,8,יהוה,nmpr,pers,E:YHWH,Other Tanakh
135877,1421282,452777,Judges,13,8,אדני,nmpr,pers,C:divine-title-candidate,Other Tanakh
135880,1421282,452778,Judges,13,8,אלהים,subs,,D:Elohim,Other Tanakh
135886,1421282,452778,Judges,13,8,אל,prep,,C:divine-title-candidate,Other Tanakh
135899,1421283,452783,Judges,13,9,אלהים,subs,,D:Elohim,Other Tanakh
135902,1421283,452783,Judges,13,9,מנוח,nmpr,pers,A:person-candidate,Other Tanakh
135907,1421283,452784,Judges,13,9,אלהים,subs,,D:Elohim,Other Tanakh
135909,1421283,452784,Judges,13,9,אל,prep,,C:divine-title-candidate,Other Tanakh
135919,1421283,452786,Judges,13,9,מנוח,nmpr,pers,A:person-candidate,Other Tanakh
135935,1421284,452790,Judges,13,10,אל,prep,,C:divine-title-candidate,Other Tanakh
135938,1421284,452791,Judges,13,10,אל,prep,,C:divine-title-candidate,Other Tanakh
135946,1421284,452792,Judges,13,10,אל,prep,,C:divine-title-candidate,Other Tanakh
135951,1421285,452794,Judges,13,11,מנוח,nmpr,pers,A:person-candidate,Other Tanakh
135956,1421285,452795,Judges,13,11,אל,prep,,C:divine-title-candidate,Other Tanakh
135968,1421285,452798,Judges,13,11,אל,prep,,C:divine-title-candidate,Other Tanakh
135976,1421286,452801,Judges,13,12,מנוח,nmpr,pers,A:person-candidate,Other Tanakh
135990,1421287,452804,Judges,13,13,יהוה,nmpr,pers,E:YHWH,Other Tanakh
135991,1421287,452804,Judges,13,13,אל,prep,,C:divine-title-candidate,Other Tanakh
135992,1421287,452804,Judges,13,13,מנוח,nmpr,pers,A:person-candidate,Other Tanakh
135997,1421287,452806,Judges,13,13,אל,prep,,C:divine-title-candidate,Other Tanakh
136015,1421288,452809,Judges,13,14,אל,nega,,C:divine-title-candidate,Other Tanakh
136020,1421288,452810,Judges,13,14,אל,nega,,C:divine-title-candidate,Other Tanakh
136028,1421289,452813,Judges,13,15,מנוח,nmpr,pers,A:person-candidate,Other Tanakh
136029,1421289,452813,Judges,13,15,אל,prep,,C:divine-title-candidate,Other Tanakh
136031,1421289,452813,Judges,13,15,יהוה,nmpr,pers,E:YHWH,Other Tanakh
136044,1421290,452816,Judges,13,16,יהוה,nmpr,pers,E:YHWH,Other Tanakh
136045,1421290,452816,Judges,13,16,אל,prep,,C:divine-title-candidate,Other Tanakh
136046,1421290,452816,Judges,13,16,מנוח,nmpr,pers,A:person-candidate,Other Tanakh
136058,1421290,452820,Judges,13,16,יהוה,nmpr,pers,E:YHWH,Other Tanakh
136063,1421290,452821,Judges,13,16,מנוח,nmpr,pers,A:person-candidate,Other Tanakh
136066,1421290,452822,Judges,13,16,יהוה,nmpr,pers,E:YHWH,Other Tanakh
136070,1421291,452823,Judges,13,17,מנוח,nmpr,pers,A:person-candidate,Other Tanakh
136071,1421291,452823,Judges,13,17,אל,prep,,C:divine-title-candidate,Other Tanakh
136073,1421291,452823,Judges,13,17,יהוה,nmpr,pers,E:YHWH,Other Tanakh
136085,1421292,452827,Judges,13,18,יהוה,nmpr,pers,E:YHWH,Other Tanakh
136096,1421293,452830,Judges,13,19,מנוח,nmpr,pers,A:person-candidate,Other Tanakh
136111,1421293,452831,Judges,13,19,יהוה,nmpr,pers,E:YHWH,Other Tanakh
136117,1421293,452834,Judges,13,19,מנוח,nmpr,pers,A:person-candidate,Other Tanakh
136136,1421294,452837,Judges,13,20,יהוה,nmpr,pers,E:YHWH,Other Tanakh
136142,1421294,452838,Judges,13,20,מנוח,nmpr,pers,A:person-candidate,Other Tanakh
136156,1421295,452840,Judges,13,21,יהוה,nmpr,pers,E:YHWH,Other Tanakh
136159,1421295,452841,Judges,13,21,אל,prep,,C:divine-title-candidate,Other Tanakh
136160,1421295,452841,Judges,13,21,מנוח,nmpr,pers,A:person-candidate,Other Tanakh
136162,1421295,452841,Judges,13,21,אל,prep,,C:divine-title-candidate,Other Tanakh
136166,1421295,452842,Judges,13,21,מנוח,nmpr,pers,A:person-candidate,Other Tanakh
136169,1421295,452843,Judges,13,21,יהוה,nmpr,pers,E:YHWH,Other Tanakh
136173,1421296,452844,Judges,13,22,מנוח,nmpr,pers,A:person-candidate,Other Tanakh
136174,1421296,452844,Judges,13,22,אל,prep,,C:divine-title-candidate,Other Tanakh
136179,1421296,452846,Judges,13,22,אלהים,subs,,D:Elohim,Other Tanakh
136187,1421297,452848,Judges,13,23,יהוה,nmpr,pers,E:YHWH,Other Tanakh
136220,1421298,452854,Judges,13,24,שמשון,nmpr,pers,A:person-candidate,Other Tanakh
136227,1421298,452856,Judges,13,24,יהוה,nmpr,pers,E:YHWH,Other Tanakh
136231,1421299,452857,Judges,13,25,יהוה,nmpr,pers,E:YHWH,Other Tanakh
136235,1421299,452858,Judges,13,25,מחנה דן,nmpr,topo,F:unclassified-name,Other Tanakh
136237,1421299,452858,Judges,13,25,צרעה,nmpr,topo,F:unclassified-name,Other Tanakh
136240,1421299,452858,Judges,13,25,אשתאל,nmpr,topo,F:unclassified-name,Other Tanakh
136243,1421300,452859,Judges,14,1,שמשון,nmpr,pers,A:person-candidate,Other Tanakh
136244,1421300,452859,Judges,14,1,תמנה,nmpr,topo,F:unclassified-name,Other Tanakh
136249,1421300,452860,Judges,14,1,תמנה,nmpr,topo,F:unclassified-name,Other Tanakh
136267,1421301,452864,Judges,14,2,תמנה,nmpr,topo,F:unclassified-name,Other Tanakh
136306,1421302,452871,Judges,14,3,שמשון,nmpr,pers,A:person-candidate,Other Tanakh
136307,1421302,452871,Judges,14,3,אל,prep,,C:divine-title-candidate,Other Tanakh
136325,1421303,452875,Judges,14,4,יהוה,nmpr,pers,E:YHWH,Other Tanakh
136342,1421303,452877,Judges,14,4,ישראל,nmpr,"pers,gens,topo",F:unclassified-name,Other Tanakh
136345,1421304,452878,Judges,14,5,שמשון,nmpr,pers,A:person-candidate,Other Tanakh
136350,1421304,452878,Judges,14,5,תמנה,nmpr,topo,F:unclassified-name,Other Tanakh
136355,1421304,452879,Judges,14,5,תמנה,nmpr,topo,F:unclassified-name,Other Tanakh
136367,1421305,452882,Judges,14,6,יהוה,nmpr,pers,E:YHWH,Other Tanakh
136401,1421306,452890,Judges,14,7,שמשון,nmpr,pers,A:person-candidate,Other Tanakh
136428,1421308,452897,Judges,14,9,אל,prep,,C:divine-title-candidate,Other Tanakh
136437,1421308,452899,Judges,14,9,אל,prep,,C:divine-title-candidate,Other Tanakh
136440,1421308,452899,Judges,14,9,אל,prep,,C:divine-title-candidate,Other Tanakh
136462,1421309,452904,Judges,14,10,אל,prep,,C:divine-title-candidate,Other Tanakh
136468,1421309,452905,Judges,14,10,שמשון,nmpr,pers,A:person-candidate,Other Tanakh
136490,1421311,452911,Judges,14,12,שמשון,nmpr,pers,A:person-candidate,Other Tanakh
136572,1421314,452928,Judges,14,15,שמשון,nmpr,pers,A:person-candidate,Other Tanakh
136602,1421315,452935,Judges,14,16,שמשון,nmpr,pers,A:person-candidate,Other Tanakh
136704,1421318,452957,Judges,14,19,יהוה,nmpr,pers,E:YHWH,Other Tanakh
136707,1421318,452958,Judges,14,19,אשקלון,nmpr,topo,F:unclassified-name,Other Tanakh
136735,1421319,452964,Judges,14,20,שמשון,nmpr,pers,A:person-candidate,Other Tanakh
136751,1421320,452967,Judges,15,1,שמשון,nmpr,pers,A:person-candidate,Other Tanakh
136760,1421320,452969,Judges,15,1,אל,prep,,C:divine-title-candidate,Other Tanakh
136796,1421322,452978,Judges,15,3,שמשון,nmpr,pers,A:person-candidate,Other Tanakh
136809,1421323,452981,Judges,15,4,שמשון,nmpr,pers,A:person-candidate,Other Tanakh
136821,1421323,452984,Judges,15,4,אל,prep,,C:divine-title-candidate,Other Tanakh
136864,1421325,452992,Judges,15,6,שמשון,nmpr,pers,A:person-candidate,Other Tanakh
136891,1421326,452997,Judges,15,7,שמשון,nmpr,pers,A:person-candidate,Other Tanakh
136918,1421327,453004,Judges,15,8,עיטם,nmpr,topo,F:unclassified-name,Other Tanakh
136925,1421328,453006,Judges,15,9,יהודה,nmpr,"pers,gens,topo",F:unclassified-name,Other Tanakh
136930,1421328,453007,Judges,15,9,לחי,nmpr,topo,F:unclassified-name,Other Tanakh
136934,1421329,453008,Judges,15,10,יהודה,nmpr,"pers,gens,topo",F:unclassified-name,Other Tanakh
136943,1421329,453011,Judges,15,10,שמשון,nmpr,pers,A:person-candidate,Other Tanakh
136958,1421330,453015,Judges,15,11,יהודה,nmpr,"pers,gens,topo",F:unclassified-name,Other Tanakh
136959,1421330,453015,Judges,15,11,אל,prep,,C:divine-title-candidate,Other Tanakh
136962,1421330,453015,Judges,15,11,עיטם,nmpr,topo,F:unclassified-name,Other Tanakh
136966,1421330,453016,Judges,15,11,שמשון,nmpr,pers,A:person-candidate,Other Tanakh
137003,1421331,453027,Judges,15,12,שמשון,nmpr,pers,A:person-candidate,Other Tanakh
137041,1421333,453038,Judges,15,14,לחי,nmpr,topo,F:unclassified-name,Other Tanakh
137051,1421333,453041,Judges,15,14,יהוה,nmpr,pers,E:YHWH,Other Tanakh
137090,1421335,453050,Judges,15,16,שמשון,nmpr,pers,A:person-candidate,Other Tanakh
137130,1421337,453059,Judges,15,18,אל,prep,,C:divine-title-candidate,Other Tanakh
137131,1421337,453059,Judges,15,18,יהוה,nmpr,pers,E:YHWH,Other Tanakh
137160,1421338,453064,Judges,15,19,אלהים,subs,,D:Elohim,Other Tanakh
137167,1421338,453065,Judges,15,19,לחי,nmpr,topo,F:unclassified-name,Other Tanakh
137189,1421338,453071,Judges,15,19,לחי,nmpr,topo,F:unclassified-name,Other Tanakh
137198,1421339,453072,Judges,15,20,ישראל,nmpr,"pers,gens,topo",F:unclassified-name,Other Tanakh
137206,1421340,453073,Judges,16,1,שמשון,nmpr,pers,A:person-candidate,Other Tanakh
137207,1421340,453073,Judges,16,1,עזה,nmpr,topo,F:unclassified-name,Other Tanakh
137215,1421340,453075,Judges,16,1,אל,prep,,C:divine-title-candidate,Other Tanakh
137222,1421341,453078,Judges,16,2,שמשון,nmpr,pers,A:person-candidate,Other Tanakh
137251,1421342,453085,Judges,16,3,שמשון,nmpr,pers,A:person-candidate,Other Tanakh
137285,1421342,453090,Judges,16,3,אל,prep,,C:divine-title-candidate,Other Tanakh
137292,1421342,453091,Judges,16,3,חברון,nmpr,topo,F:unclassified-name,Other Tanakh
137302,1421343,453093,Judges,16,4,שרק,nmpr,topo,F:unclassified-name,Other Tanakh
137305,1421343,453094,Judges,16,4,דלילה,nmpr,pers,A:person-candidate,Other Tanakh
137308,1421344,453095,Judges,16,5,אל,prep,,C:divine-title-candidate,Other Tanakh
137342,1421345,453104,Judges,16,6,דלילה,nmpr,pers,A:person-candidate,Other Tanakh
137343,1421345,453104,Judges,16,6,אל,prep,,C:divine-title-candidate,Other Tanakh
137344,1421345,453104,Judges,16,6,שמשון,nmpr,pers,A:person-candidate,Other Tanakh
137360,1421346,453109,Judges,16,7,אל,prep,,C:divine-title-candidate,Other Tanakh
137361,1421346,453109,Judges,16,7,שמשון,nmpr,pers,A:person-candidate,Other Tanakh
137403,1421348,453118,Judges,16,9,אל,prep,,C:divine-title-candidate,Other Tanakh
137406,1421348,453120,Judges,16,9,שמשון,nmpr,pers,A:person-candidate,Other Tanakh
137427,1421349,453125,Judges,16,10,דלילה,nmpr,pers,A:person-candidate,Other Tanakh
137428,1421349,453125,Judges,16,10,אל,prep,,C:divine-title-candidate,Other Tanakh
137429,1421349,453125,Judges,16,10,שמשון,nmpr,pers,A:person-candidate,Other Tanakh
137435,1421349,453127,Judges,16,10,אל,prep,,C:divine-title-candidate,Other Tanakh
137446,1421350,453130,Judges,16,11,אל,prep,,C:divine-title-candidate,Other Tanakh
137468,1421351,453135,Judges,16,12,דלילה,nmpr,pers,A:person-candidate,Other Tanakh
137476,1421351,453137,Judges,16,12,אל,prep,,C:divine-title-candidate,Other Tanakh
137479,1421351,453139,Judges,16,12,שמשון,nmpr,pers,A:person-candidate,Other Tanakh
137497,1421352,453142,Judges,16,13,דלילה,nmpr,pers,A:person-candidate,Other Tanakh
137498,1421352,453142,Judges,16,13,אל,prep,,C:divine-title-candidate,Other Tanakh
137499,1421352,453142,Judges,16,13,שמשון,nmpr,pers,A:person-candidate,Other Tanakh
137506,1421352,453144,Judges,16,13,אל,prep,,C:divine-title-candidate,Other Tanakh
137515,1421352,453147,Judges,16,13,אל,prep,,C:divine-title-candidate,Other Tanakh
137532,1421353,453150,Judges,16,14,אל,prep,,C:divine-title-candidate,Other Tanakh
137535,1421353,453152,Judges,16,14,שמשון,nmpr,pers,A:person-candidate,Other Tanakh
137553,1421354,453155,Judges,16,15,אל,prep,,C:divine-title-candidate,Other Tanakh
137607,1421356,453170,Judges,16,17,אלהים,subs,,D:Elohim,Other Tanakh
137628,1421357,453175,Judges,16,18,דלילה,nmpr,pers,A:person-candidate,Other Tanakh
137655,1421357,453182,Judges,16,18,אל,prep,,C:divine-title-candidate,Other Tanakh
137692,1421359,453192,Judges,16,20,שמשון,nmpr,pers,A:person-candidate,Other Tanakh
137711,1421359,453198,Judges,16,20,יהוה,nmpr,pers,E:YHWH,Other Tanakh
137725,1421360,453201,Judges,16,21,עזה,nmpr,topo,F:unclassified-name,Other Tanakh
137756,1421362,453208,Judges,16,23,דגון,nmpr,pers,B:deity-candidate,Other Tanakh
137757,1421362,453208,Judges,16,23,אלהים,subs,,D:Elohim,Other Tanakh
137764,1421362,453211,Judges,16,23,אלהים,subs,,D:Elohim,Other Tanakh
137768,1421362,453211,Judges,16,23,שמשון,nmpr,pers,A:person-candidate,Other Tanakh
137778,1421363,453213,Judges,16,24,אלהים,subs,,D:Elohim,Other Tanakh
137782,1421363,453215,Judges,16,24,אלהים,subs,,D:Elohim,Other Tanakh
137805,1421364,453220,Judges,16,25,שמשון,nmpr,pers,A:person-candidate,Other Tanakh
137812,1421364,453222,Judges,16,25,שמשון,nmpr,pers,A:person-candidate,Other Tanakh
137829,1421365,453225,Judges,16,26,שמשון,nmpr,pers,A:person-candidate,Other Tanakh
137830,1421365,453225,Judges,16,26,אל,prep,,C:divine-title-candidate,Other Tanakh
137880,1421366,453235,Judges,16,27,שמשון,nmpr,pers,A:person-candidate,Other Tanakh
137883,1421367,453236,Judges,16,28,שמשון,nmpr,pers,A:person-candidate,Other Tanakh
137884,1421367,453236,Judges,16,28,אל,prep,,C:divine-title-candidate,Other Tanakh
137885,1421367,453236,Judges,16,28,יהוה,nmpr,pers,E:YHWH,Other Tanakh
137888,1421367,453238,Judges,16,28,אדני,nmpr,pers,C:divine-title-candidate,Other Tanakh
137889,1421367,453238,Judges,16,28,יהוה,nmpr,pers,E:YHWH,Other Tanakh
137901,1421367,453241,Judges,16,28,אלהים,subs,,D:Elohim,Other Tanakh
137913,1421368,453243,Judges,16,29,שמשון,nmpr,pers,A:person-candidate,Other Tanakh
137936,1421369,453248,Judges,16,30,שמשון,nmpr,pers,A:person-candidate,Other Tanakh
137989,1421370,453259,Judges,16,31,צרעה,nmpr,topo,F:unclassified-name,Other Tanakh
137992,1421370,453259,Judges,16,31,אשתאל,nmpr,topo,F:unclassified-name,Other Tanakh
137995,1421370,453259,Judges,16,31,מנוח,nmpr,pers,A:person-candidate,Other Tanakh
138001,1421370,453260,Judges,16,31,ישראל,nmpr,"pers,gens,topo",F:unclassified-name,Other Tanakh
138009,1421371,453261,Judges,17,1,אפרים,nmpr,"pers,gens,topo",F:unclassified-name,Other Tanakh
138012,1421371,453262,Judges,17,1,מיכיהו,nmpr,pers,A:person-candidate,Other Tanakh
138045,1421372,453271,Judges,17,2,יהוה,nmpr,pers,E:YHWH,Other Tanakh
138065,1421373,453274,Judges,17,3,יהוה,nmpr,pers,E:YHWH,Other Tanakh
138105,1421374,453282,Judges,17,4,מיכיהו,nmpr,pers,A:person-candidate,Other Tanakh
138109,1421375,453283,Judges,17,5,מיכה,nmpr,pers,A:person-candidate,Other Tanakh
138112,1421375,453284,Judges,17,5,אלהים,subs,,D:Elohim,Other Tanakh
138136,1421376,453288,Judges,17,6,מלך,subs,,B:deity-candidate,Other Tanakh
138138,1421376,453288,Judges,17,6,ישראל,nmpr,"pers,gens,topo",F:unclassified-name,Other Tanakh
138149,1421377,453291,Judges,17,7,בית לחם,nmpr,topo,F:unclassified-name,Other Tanakh
138150,1421377,453291,Judges,17,7,יהודה,nmpr,"pers,gens,topo",F:unclassified-name,Other Tanakh
138153,1421377,453291,Judges,17,7,יהודה,nmpr,"pers,gens,topo",F:unclassified-name,Other Tanakh
138169,1421378,453294,Judges,17,8,בית לחם,nmpr,topo,F:unclassified-name,Other Tanakh
138170,1421378,453294,Judges,17,8,יהודה,nmpr,"pers,gens,topo",F:unclassified-name,Other Tanakh
138179,1421378,453297,Judges,17,8,אפרים,nmpr,"pers,gens,topo",F:unclassified-name,Other Tanakh
138182,1421378,453297,Judges,17,8,מיכה,nmpr,pers,A:person-candidate,Other Tanakh
138189,1421379,453299,Judges,17,9,מיכה,nmpr,pers,A:person-candidate,Other Tanakh
138195,1421379,453301,Judges,17,9,אל,prep,,C:divine-title-candidate,Other Tanakh
138199,1421379,453302,Judges,17,9,בית לחם,nmpr,topo,F:unclassified-name,Other Tanakh
138200,1421379,453302,Judges,17,9,יהודה,nmpr,"pers,gens,topo",F:unclassified-name,Other Tanakh
138212,1421380,453306,Judges,17,10,מיכה,nmpr,pers,A:person-candidate,Other Tanakh
138261,1421382,453314,Judges,17,12,מיכה,nmpr,pers,A:person-candidate,Other Tanakh
138277,1421382,453316,Judges,17,12,מיכה,nmpr,pers,A:person-candidate,Other Tanakh
138280,1421383,453317,Judges,17,13,מיכה,nmpr,pers,A:person-candidate,Other Tanakh
138285,1421383,453319,Judges,17,13,יהוה,nmpr,pers,E:YHWH,Other Tanakh
138300,1421384,453321,Judges,18,1,מלך,subs,,B:deity-candidate,Other Tanakh
138302,1421384,453321,Judges,18,1,ישראל,nmpr,"pers,gens,topo",F:unclassified-name,Other Tanakh
138329,1421384,453324,Judges,18,1,ישראל,nmpr,"pers,gens,topo",F:unclassified-name,Other Tanakh
138335,1421385,453325,Judges,18,2,דן,nmpr,"pers,gens,topo",F:unclassified-name,Other Tanakh
138346,1421385,453325,Judges,18,2,צרעה,nmpr,topo,F:unclassified-name,Other Tanakh
138349,1421385,453325,Judges,18,2,אשתאל,nmpr,topo,F:unclassified-name,Other Tanakh
138360,1421385,453328,Judges,18,2,אל,prep,,C:divine-title-candidate,Other Tanakh
138369,1421385,453331,Judges,18,2,אפרים,nmpr,"pers,gens,topo",F:unclassified-name,Other Tanakh
138372,1421385,453331,Judges,18,2,מיכה,nmpr,pers,A:person-candidate,Other Tanakh
138379,1421386,453333,Judges,18,3,מיכה,nmpr,pers,A:person-candidate,Other Tanakh
138410,1421387,453340,Judges,18,4,אל,prep,,C:divine-title-candidate,Other Tanakh
138418,1421387,453341,Judges,18,4,מיכה,nmpr,pers,A:person-candidate,Other Tanakh
138432,1421388,453345,Judges,18,5,אלהים,subs,,D:Elohim,Other Tanakh
138451,1421389,453351,Judges,18,6,יהוה,nmpr,pers,E:YHWH,Other Tanakh
138463,1421390,453354,Judges,18,7,ליש,nmpr,topo,F:unclassified-name,Other Tanakh
138503,1421391,453362,Judges,18,8,אל,prep,,C:divine-title-candidate,Other Tanakh
138505,1421391,453362,Judges,18,8,צרעה,nmpr,topo,F:unclassified-name,Other Tanakh
138507,1421391,453362,Judges,18,8,אשתאל,nmpr,topo,F:unclassified-name,Other Tanakh
138532,1421392,453371,Judges,18,9,אל,nega,,C:divine-title-candidate,Other Tanakh
138546,1421393,453376,Judges,18,10,אל,prep,,C:divine-title-candidate,Other Tanakh
138556,1421393,453378,Judges,18,10,אלהים,subs,,D:Elohim,Other Tanakh
138579,1421394,453381,Judges,18,11,צרעה,nmpr,topo,F:unclassified-name,Other Tanakh
138582,1421394,453381,Judges,18,11,אשתאל,nmpr,topo,F:unclassified-name,Other Tanakh
138594,1421395,453384,Judges,18,12,קרית יערים,nmpr,topo,F:unclassified-name,Other Tanakh
138596,1421395,453384,Judges,18,12,יהודה,nmpr,"pers,gens,topo",F:unclassified-name,Other Tanakh
138605,1421395,453385,Judges,18,12,מחנה דן,nmpr,topo,F:unclassified-name,Other Tanakh
138613,1421395,453386,Judges,18,12,קרית יערים,nmpr,topo,F:unclassified-name,Other Tanakh
138619,1421396,453387,Judges,18,13,אפרים,nmpr,"pers,gens,topo",F:unclassified-name,Other Tanakh
138624,1421396,453388,Judges,18,13,מיכה,nmpr,pers,A:person-candidate,Other Tanakh
138637,1421397,453391,Judges,18,14,ליש,nmpr,topo,F:unclassified-name,Other Tanakh
138640,1421397,453392,Judges,18,14,אל,prep,,C:divine-title-candidate,Other Tanakh
138668,1421398,453399,Judges,18,15,אל,prep,,C:divine-title-candidate,Other Tanakh
138675,1421398,453399,Judges,18,15,מיכה,nmpr,pers,A:person-candidate,Other Tanakh
138695,1421399,453403,Judges,18,16,דן,nmpr,"pers,gens,topo",F:unclassified-name,Other Tanakh
138747,1421401,453412,Judges,18,18,מיכה,nmpr,pers,A:person-candidate,Other Tanakh
138764,1421401,453414,Judges,18,18,אל,prep,,C:divine-title-candidate,Other Tanakh
138806,1421402,453423,Judges,18,19,ישראל,nmpr,"pers,gens,topo",F:unclassified-name,Other Tanakh
138854,1421405,453430,Judges,18,22,מיכה,nmpr,pers,A:person-candidate,Other Tanakh
138865,1421405,453433,Judges,18,22,מיכה,nmpr,pers,A:person-candidate,Other Tanakh
138871,1421405,453434,Judges,18,22,דן,nmpr,"pers,gens,topo",F:unclassified-name,Other Tanakh
138874,1421406,453435,Judges,18,23,אל,prep,,C:divine-title-candidate,Other Tanakh
138876,1421406,453435,Judges,18,23,דן,nmpr,"pers,gens,topo",F:unclassified-name,Other Tanakh
138883,1421406,453437,Judges,18,23,מיכה,nmpr,pers,A:person-candidate,Other Tanakh
138891,1421407,453441,Judges,18,24,אלהים,subs,,D:Elohim,Other Tanakh
138909,1421407,453446,Judges,18,24,אל,prep,,C:divine-title-candidate,Other Tanakh
138914,1421408,453448,Judges,18,25,אל,prep,,C:divine-title-candidate,Other Tanakh
138916,1421408,453448,Judges,18,25,דן,nmpr,"pers,gens,topo",F:unclassified-name,Other Tanakh
138917,1421408,453449,Judges,18,25,אל,nega,,C:divine-title-candidate,Other Tanakh
138936,1421409,453452,Judges,18,26,דן,nmpr,"pers,gens,topo",F:unclassified-name,Other Tanakh
138941,1421409,453453,Judges,18,26,מיכה,nmpr,pers,A:person-candidate,Other Tanakh
138950,1421409,453456,Judges,18,26,אל,prep,,C:divine-title-candidate,Other Tanakh
138958,1421410,453458,Judges,18,27,מיכה,nmpr,pers,A:person-candidate,Other Tanakh
138969,1421410,453461,Judges,18,27,ליש,nmpr,topo,F:unclassified-name,Other Tanakh
138996,1421411,453465,Judges,18,28,צידון,nmpr,topo,F:unclassified-name,Other Tanakh
139010,1421411,453468,Judges,18,28,בית רחוב,nmpr,topo,F:unclassified-name,Other Tanakh
139024,1421412,453471,Judges,18,29,דן,nmpr,"pers,gens,topo",F:unclassified-name,Other Tanakh
139027,1421412,453471,Judges,18,29,דן,nmpr,"pers,gens,topo",F:unclassified-name,Other Tanakh
139032,1421412,453472,Judges,18,29,ישראל,nmpr,"pers,gens,topo",F:unclassified-name,Other Tanakh
139035,1421412,453473,Judges,18,29,ליש,nmpr,topo,F:unclassified-name,Other Tanakh
139046,1421413,453474,Judges,18,30,דן,nmpr,"pers,gens,topo",F:unclassified-name,Other Tanakh
139051,1421413,453475,Judges,18,30,יהונתן,nmpr,pers,A:person-candidate,Other Tanakh
139053,1421413,453475,Judges,18,30,גרשם,nmpr,pers,A:person-candidate,Other Tanakh
139055,1421413,453475,Judges,18,30,מנשה,nmpr,"pers,gens",F:unclassified-name,Other Tanakh
139075,1421414,453478,Judges,18,31,מיכה,nmpr,pers,A:person-candidate,Other Tanakh
139083,1421414,453480,Judges,18,31,אלהים,subs,,D:Elohim,Other Tanakh
139085,1421414,453480,Judges,18,31,שלה,nmpr,topo,F:unclassified-name,Other Tanakh
139094,1421415,453482,Judges,19,1,מלך,subs,,B:deity-candidate,Other Tanakh
139097,1421415,453482,Judges,19,1,ישראל,nmpr,"pers,gens,topo",F:unclassified-name,Other Tanakh
139106,1421415,453483,Judges,19,1,אפרים,nmpr,"pers,gens,topo",F:unclassified-name,Other Tanakh
139113,1421415,453484,Judges,19,1,בית לחם,nmpr,topo,F:unclassified-name,Other Tanakh
139114,1421415,453484,Judges,19,1,יהודה,nmpr,"pers,gens,topo",F:unclassified-name,Other Tanakh
139123,1421416,453486,Judges,19,2,אל,prep,,C:divine-title-candidate,Other Tanakh
139126,1421416,453486,Judges,19,2,אל,prep,,C:divine-title-candidate,Other Tanakh
139127,1421416,453486,Judges,19,2,בית לחם,nmpr,topo,F:unclassified-name,Other Tanakh
139128,1421416,453486,Judges,19,2,יהודה,nmpr,"pers,gens,topo",F:unclassified-name,Other Tanakh
139206,1421419,453506,Judges,19,5,אל,prep,,C:divine-title-candidate,Other Tanakh
139228,1421420,453512,Judges,19,6,אל,prep,,C:divine-title-candidate,Other Tanakh
139342,1421424,453543,Judges,19,10,יבוס,nmpr,topo,F:unclassified-name,Other Tanakh
139344,1421424,453544,Judges,19,10,ירושלם,nmpr,topo,F:unclassified-name,Other Tanakh
139355,1421425,453547,Judges,19,11,יבוס,nmpr,topo,F:unclassified-name,Other Tanakh
139365,1421425,453549,Judges,19,11,אל,prep,,C:divine-title-candidate,Other Tanakh
139371,1421425,453551,Judges,19,11,אל,prep,,C:divine-title-candidate,Other Tanakh
139382,1421426,453553,Judges,19,12,אל,prep,,C:divine-title-candidate,Other Tanakh
139386,1421426,453554,Judges,19,12,אל,prep,,C:divine-title-candidate,Other Tanakh
139393,1421426,453555,Judges,19,12,ישראל,nmpr,"pers,gens,topo",F:unclassified-name,Other Tanakh
139398,1421426,453556,Judges,19,12,גבעה,nmpr,topo,F:unclassified-name,Other Tanakh
139414,1421427,453560,Judges,19,13,גבעה,nmpr,topo,F:unclassified-name,Other Tanakh
139418,1421427,453560,Judges,19,13,רמה,nmpr,topo,F:unclassified-name,Other Tanakh
139430,1421428,453563,Judges,19,14,גבעה,nmpr,topo,F:unclassified-name,Other Tanakh
139433,1421428,453564,Judges,19,14,בנימן,nmpr,"pers,gens,topo",F:unclassified-name,Other Tanakh
139443,1421429,453567,Judges,19,15,גבעה,nmpr,topo,F:unclassified-name,Other Tanakh
139479,1421430,453573,Judges,19,16,אפרים,nmpr,"pers,gens,topo",F:unclassified-name,Other Tanakh
139485,1421430,453574,Judges,19,16,גבעה,nmpr,topo,F:unclassified-name,Other Tanakh
139520,1421432,453581,Judges,19,18,אל,prep,,C:divine-title-candidate,Other Tanakh
139524,1421432,453582,Judges,19,18,בית לחם,nmpr,topo,F:unclassified-name,Other Tanakh
139525,1421432,453582,Judges,19,18,יהודה,nmpr,"pers,gens,topo",F:unclassified-name,Other Tanakh
139529,1421432,453582,Judges,19,18,אפרים,nmpr,"pers,gens,topo",F:unclassified-name,Other Tanakh
139536,1421432,453584,Judges,19,18,בית לחם,nmpr,topo,F:unclassified-name,Other Tanakh
139537,1421432,453584,Judges,19,18,יהודה,nmpr,"pers,gens,topo",F:unclassified-name,Other Tanakh
139541,1421432,453585,Judges,19,18,יהוה,nmpr,pers,E:YHWH,Other Tanakh
139595,1421434,453593,Judges,19,20,אל,nega,,C:divine-title-candidate,Other Tanakh
139635,1421436,453602,Judges,19,22,אל,prep,,C:divine-title-candidate,Other Tanakh
139638,1421436,453602,Judges,19,22,בעל,subs,,B:deity-candidate,Other Tanakh
139651,1421436,453605,Judges,19,22,אל,prep,,C:divine-title-candidate,Other Tanakh
139657,1421437,453607,Judges,19,23,אל,prep,,C:divine-title-candidate,Other Tanakh
139660,1421437,453607,Judges,19,23,בעל,subs,,B:deity-candidate,Other Tanakh
139665,1421437,453608,Judges,19,23,אל,prep,,C:divine-title-candidate,Other Tanakh
139666,1421437,453609,Judges,19,23,אל,nega,,C:divine-title-candidate,Other Tanakh
139668,1421437,453611,Judges,19,23,אל,nega,,C:divine-title-candidate,Other Tanakh
139678,1421437,453612,Judges,19,23,אל,prep,,C:divine-title-candidate,Other Tanakh
139680,1421437,453613,Judges,19,23,אל,nega,,C:divine-title-candidate,Other Tanakh
139735,1421439,453623,Judges,19,25,אל,prep,,C:divine-title-candidate,Other Tanakh
139809,1421442,453638,Judges,19,28,אל,prep,,C:divine-title-candidate,Other Tanakh
139831,1421443,453645,Judges,19,29,אל,prep,,C:divine-title-candidate,Other Tanakh
139855,1421443,453649,Judges,19,29,ישראל,nmpr,"pers,gens,topo",F:unclassified-name,Other Tanakh
139875,1421444,453656,Judges,19,30,ישראל,nmpr,"pers,gens,topo",F:unclassified-name,Other Tanakh
139878,1421444,453656,Judges,19,30,מצרים,nmpr,topo,F:unclassified-name,Other Tanakh
139894,1421445,453660,Judges,20,1,ישראל,nmpr,"pers,gens,topo",F:unclassified-name,Other Tanakh
139904,1421445,453661,Judges,20,1,דן,nmpr,"pers,gens,topo",F:unclassified-name,Other Tanakh
139908,1421445,453661,Judges,20,1,שבע,nmpr,topo,F:unclassified-name,Other Tanakh
139912,1421445,453661,Judges,20,1,גלעד,nmpr,topo,F:unclassified-name,Other Tanakh
139913,1421445,453661,Judges,20,1,אל,prep,,C:divine-title-candidate,Other Tanakh
139914,1421445,453661,Judges,20,1,יהוה,nmpr,pers,E:YHWH,Other Tanakh
139916,1421445,453661,Judges,20,1,מצפה,nmpr,topo,F:unclassified-name,Other Tanakh
139925,1421446,453662,Judges,20,2,ישראל,nmpr,"pers,gens,topo",F:unclassified-name,Other Tanakh
139930,1421446,453662,Judges,20,2,אלהים,subs,,D:Elohim,Other Tanakh
139941,1421447,453665,Judges,20,3,בנימן,nmpr,"pers,gens,topo",F:unclassified-name,Other Tanakh
139945,1421447,453666,Judges,20,3,ישראל,nmpr,"pers,gens,topo",F:unclassified-name,Other Tanakh
139947,1421447,453666,Judges,20,3,מצפה,nmpr,topo,F:unclassified-name,Other Tanakh
139951,1421447,453667,Judges,20,3,ישראל,nmpr,"pers,gens,topo",F:unclassified-name,Other Tanakh
139973,1421448,453672,Judges,20,4,גבעה,nmpr,topo,F:unclassified-name,Other Tanakh
139976,1421448,453673,Judges,20,4,בנימן,nmpr,"pers,gens,topo",F:unclassified-name,Other Tanakh
139986,1421449,453675,Judges,20,5,בעל,subs,,B:deity-candidate,Other Tanakh
139988,1421449,453675,Judges,20,5,גבעה,nmpr,topo,F:unclassified-name,Other Tanakh
140018,1421450,453683,Judges,20,6,ישראל,nmpr,"pers,gens,topo",F:unclassified-name,Other Tanakh
140025,1421450,453684,Judges,20,6,ישראל,nmpr,"pers,gens,topo",F:unclassified-name,Other Tanakh
140029,1421451,453685,Judges,20,7,ישראל,nmpr,"pers,gens,topo",F:unclassified-name,Other Tanakh
140066,1421453,453695,Judges,20,9,גבעה,nmpr,topo,F:unclassified-name,Other Tanakh
140080,1421454,453697,Judges,20,10,ישראל,nmpr,"pers,gens,topo",F:unclassified-name,Other Tanakh
140102,1421454,453700,Judges,20,10,גבע,nmpr,topo,F:unclassified-name,Other Tanakh
140103,1421454,453700,Judges,20,10,בנימן,nmpr,"pers,gens,topo",F:unclassified-name,Other Tanakh
140111,1421454,453701,Judges,20,10,ישראל,nmpr,"pers,gens,topo",F:unclassified-name,Other Tanakh
140116,1421455,453702,Judges,20,11,ישראל,nmpr,"pers,gens,topo",F:unclassified-name,Other Tanakh
140117,1421455,453702,Judges,20,11,אל,prep,,C:divine-title-candidate,Other Tanakh
140127,1421456,453704,Judges,20,12,ישראל,nmpr,"pers,gens,topo",F:unclassified-name,Other Tanakh
140132,1421456,453704,Judges,20,12,בנימן,nmpr,"pers,gens,topo",F:unclassified-name,Other Tanakh
140154,1421457,453710,Judges,20,13,גבעה,nmpr,topo,F:unclassified-name,Other Tanakh
140161,1421457,453712,Judges,20,13,ישראל,nmpr,"pers,gens,topo",F:unclassified-name,Other Tanakh
140166,1421457,453713,Judges,20,13,בנימן,nmpr,"pers,gens,topo",F:unclassified-name,Other Tanakh
140173,1421457,453714,Judges,20,13,ישראל,nmpr,"pers,gens,topo",F:unclassified-name,Other Tanakh
140177,1421458,453715,Judges,20,14,בנימן,nmpr,"pers,gens,topo",F:unclassified-name,Other Tanakh
140182,1421458,453715,Judges,20,14,גבעה,nmpr,topo,F:unclassified-name,Other Tanakh
140190,1421458,453716,Judges,20,14,ישראל,nmpr,"pers,gens,topo",F:unclassified-name,Other Tanakh
140194,1421459,453717,Judges,20,15,בנימן,nmpr,"pers,gens,topo",F:unclassified-name,Other Tanakh
140215,1421459,453719,Judges,20,15,גבעה,nmpr,topo,F:unclassified-name,Other Tanakh
140240,1421460,453721,Judges,20,16,אל,prep,,C:divine-title-candidate,Other Tanakh
140248,1421461,453723,Judges,20,17,ישראל,nmpr,"pers,gens,topo",F:unclassified-name,Other Tanakh
140253,1421461,453723,Judges,20,17,בנימן,nmpr,"pers,gens,topo",F:unclassified-name,Other Tanakh
140268,1421462,453727,Judges,20,18,בית אל,nmpr,topo,F:unclassified-name,Other Tanakh
140272,1421462,453728,Judges,20,18,אלהים,subs,,D:Elohim,Other Tanakh
140276,1421462,453729,Judges,20,18,ישראל,nmpr,"pers,gens,topo",F:unclassified-name,Other Tanakh
140288,1421462,453730,Judges,20,18,בנימן,nmpr,"pers,gens,topo",F:unclassified-name,Other Tanakh
140291,1421462,453731,Judges,20,18,יהוה,nmpr,pers,E:YHWH,Other Tanakh
140292,1421462,453732,Judges,20,18,יהודה,nmpr,"pers,gens,topo",F:unclassified-name,Other Tanakh
140299,1421463,453733,Judges,20,19,ישראל,nmpr,"pers,gens,topo",F:unclassified-name,Other Tanakh
140307,1421463,453734,Judges,20,19,גבעה,nmpr,topo,F:unclassified-name,Other Tanakh
140311,1421464,453735,Judges,20,20,ישראל,nmpr,"pers,gens,topo",F:unclassified-name,Other Tanakh
140316,1421464,453735,Judges,20,20,בנימן,nmpr,"pers,gens,topo",F:unclassified-name,Other Tanakh
140321,1421464,453736,Judges,20,20,ישראל,nmpr,"pers,gens,topo",F:unclassified-name,Other Tanakh
140323,1421464,453736,Judges,20,20,אל,prep,,C:divine-title-candidate,Other Tanakh
140325,1421464,453736,Judges,20,20,גבעה,nmpr,topo,F:unclassified-name,Other Tanakh
140329,1421465,453737,Judges,20,21,בנימן,nmpr,"pers,gens,topo",F:unclassified-name,Other Tanakh
140332,1421465,453737,Judges,20,21,גבעה,nmpr,topo,F:unclassified-name,Other Tanakh
140336,1421465,453738,Judges,20,21,ישראל,nmpr,"pers,gens,topo",F:unclassified-name,Other Tanakh
140353,1421466,453739,Judges,20,22,ישראל,nmpr,"pers,gens,topo",F:unclassified-name,Other Tanakh
140373,1421467,453743,Judges,20,23,ישראל,nmpr,"pers,gens,topo",F:unclassified-name,Other Tanakh
140378,1421467,453744,Judges,20,23,יהוה,nmpr,pers,E:YHWH,Other Tanakh
140385,1421467,453745,Judges,20,23,יהוה,nmpr,pers,E:YHWH,Other Tanakh
140397,1421467,453748,Judges,20,23,בנימן,nmpr,"pers,gens,topo",F:unclassified-name,Other Tanakh
140401,1421467,453749,Judges,20,23,יהוה,nmpr,pers,E:YHWH,Other Tanakh
140403,1421467,453750,Judges,20,23,אל,prep,,C:divine-title-candidate,Other Tanakh
140407,1421468,453751,Judges,20,24,ישראל,nmpr,"pers,gens,topo",F:unclassified-name,Other Tanakh
140408,1421468,453751,Judges,20,24,אל,prep,,C:divine-title-candidate,Other Tanakh
140410,1421468,453751,Judges,20,24,בנימן,nmpr,"pers,gens,topo",F:unclassified-name,Other Tanakh
140418,1421469,453752,Judges,20,25,בנימן,nmpr,"pers,gens,topo",F:unclassified-name,Other Tanakh
140423,1421469,453752,Judges,20,25,גבעה,nmpr,topo,F:unclassified-name,Other Tanakh
140433,1421469,453754,Judges,20,25,ישראל,nmpr,"pers,gens,topo",F:unclassified-name,Other Tanakh
140448,1421470,453756,Judges,20,26,ישראל,nmpr,"pers,gens,topo",F:unclassified-name,Other Tanakh
140455,1421470,453757,Judges,20,26,בית אל,nmpr,topo,F:unclassified-name,Other Tanakh
140463,1421470,453759,Judges,20,26,יהוה,nmpr,pers,E:YHWH,Other Tanakh
140481,1421470,453761,Judges,20,26,יהוה,nmpr,pers,E:YHWH,Other Tanakh
140485,1421471,453762,Judges,20,27,ישראל,nmpr,"pers,gens,topo",F:unclassified-name,Other Tanakh
140487,1421471,453762,Judges,20,27,יהוה,nmpr,pers,E:YHWH,Other Tanakh
140493,1421471,453763,Judges,20,27,אלהים,subs,,D:Elohim,Other Tanakh
140500,1421472,453764,Judges,20,28,פינחס,nmpr,pers,A:person-candidate,Other Tanakh
140502,1421472,453764,Judges,20,28,אלעזר,nmpr,pers,A:person-candidate,Other Tanakh
140504,1421472,453764,Judges,20,28,אהרן,nmpr,pers,A:person-candidate,Other Tanakh
140525,1421472,453767,Judges,20,28,בנימן,nmpr,"pers,gens,topo",F:unclassified-name,Other Tanakh
140531,1421472,453769,Judges,20,28,יהוה,nmpr,pers,E:YHWH,Other Tanakh
140540,1421473,453772,Judges,20,29,ישראל,nmpr,"pers,gens,topo",F:unclassified-name,Other Tanakh
140542,1421473,453772,Judges,20,29,אל,prep,,C:divine-title-candidate,Other Tanakh
140544,1421473,453772,Judges,20,29,גבעה,nmpr,topo,F:unclassified-name,Other Tanakh
140549,1421474,453773,Judges,20,30,ישראל,nmpr,"pers,gens,topo",F:unclassified-name,Other Tanakh
140550,1421474,453773,Judges,20,30,אל,prep,,C:divine-title-candidate,Other Tanakh
140552,1421474,453773,Judges,20,30,בנימן,nmpr,"pers,gens,topo",F:unclassified-name,Other Tanakh
140560,1421474,453774,Judges,20,30,אל,prep,,C:divine-title-candidate,Other Tanakh
140562,1421474,453774,Judges,20,30,גבעה,nmpr,topo,F:unclassified-name,Other Tanakh
140570,1421475,453775,Judges,20,31,בנימן,nmpr,"pers,gens,topo",F:unclassified-name,Other Tanakh
140597,1421475,453780,Judges,20,31,בית אל,nmpr,topo,F:unclassified-name,Other Tanakh
140600,1421475,453781,Judges,20,31,גבעה,nmpr,topo,F:unclassified-name,Other Tanakh
140608,1421475,453779,Judges,20,31,ישראל,nmpr,"pers,gens,topo",F:unclassified-name,Other Tanakh
140612,1421476,453782,Judges,20,32,בנימן,nmpr,"pers,gens,topo",F:unclassified-name,Other Tanakh
140623,1421476,453784,Judges,20,32,ישראל,nmpr,"pers,gens,topo",F:unclassified-name,Other Tanakh
140631,1421476,453786,Judges,20,32,אל,prep,,C:divine-title-candidate,Other Tanakh
140637,1421477,453787,Judges,20,33,ישראל,nmpr,"pers,gens,topo",F:unclassified-name,Other Tanakh
140644,1421477,453788,Judges,20,33,בעל תמר,nmpr,topo,F:unclassified-name,Other Tanakh
140647,1421477,453789,Judges,20,33,ישראל,nmpr,"pers,gens,topo",F:unclassified-name,Other Tanakh
140653,1421477,453789,Judges,20,33,גבע,nmpr,topo,F:unclassified-name,Other Tanakh
140660,1421478,453790,Judges,20,34,גבעה,nmpr,topo,F:unclassified-name,Other Tanakh
140667,1421478,453791,Judges,20,34,ישראל,nmpr,"pers,gens,topo",F:unclassified-name,Other Tanakh
140683,1421479,453795,Judges,20,35,יהוה,nmpr,pers,E:YHWH,Other Tanakh
140685,1421479,453795,Judges,20,35,בנימן,nmpr,"pers,gens,topo",F:unclassified-name,Other Tanakh
140688,1421479,453795,Judges,20,35,ישראל,nmpr,"pers,gens,topo",F:unclassified-name,Other Tanakh
140692,1421479,453796,Judges,20,35,ישראל,nmpr,"pers,gens,topo",F:unclassified-name,Other Tanakh
140694,1421479,453796,Judges,20,35,בנימן,nmpr,"pers,gens,topo",F:unclassified-name,Other Tanakh
140714,1421480,453798,Judges,20,36,בנימן,nmpr,"pers,gens,topo",F:unclassified-name,Other Tanakh
140720,1421480,453800,Judges,20,36,ישראל,nmpr,"pers,gens,topo",F:unclassified-name,Other Tanakh
140723,1421480,453800,Judges,20,36,בנימן,nmpr,"pers,gens,topo",F:unclassified-name,Other Tanakh
140726,1421480,453801,Judges,20,36,אל,prep,,C:divine-title-candidate,Other Tanakh
140731,1421480,453802,Judges,20,36,אל,prep,,C:divine-title-candidate,Other Tanakh
140733,1421480,453802,Judges,20,36,גבעה,nmpr,topo,F:unclassified-name,Other Tanakh
140740,1421481,453804,Judges,20,37,אל,prep,,C:divine-title-candidate,Other Tanakh
140742,1421481,453804,Judges,20,37,גבעה,nmpr,topo,F:unclassified-name,Other Tanakh
140762,1421482,453807,Judges,20,38,ישראל,nmpr,"pers,gens,topo",F:unclassified-name,Other Tanakh
140778,1421483,453810,Judges,20,39,ישראל,nmpr,"pers,gens,topo",F:unclassified-name,Other Tanakh
140783,1421483,453811,Judges,20,39,בנימן,nmpr,"pers,gens,topo",F:unclassified-name,Other Tanakh
140790,1421483,453812,Judges,20,39,ישראל,nmpr,"pers,gens,topo",F:unclassified-name,Other Tanakh
140820,1421484,453817,Judges,20,40,בנימן,nmpr,"pers,gens,topo",F:unclassified-name,Other Tanakh
140832,1421485,453820,Judges,20,41,ישראל,nmpr,"pers,gens,topo",F:unclassified-name,Other Tanakh
140837,1421485,453821,Judges,20,41,בנימן,nmpr,"pers,gens,topo",F:unclassified-name,Other Tanakh
140850,1421486,453824,Judges,20,42,ישראל,nmpr,"pers,gens,topo",F:unclassified-name,Other Tanakh
140851,1421486,453824,Judges,20,42,אל,prep,,C:divine-title-candidate,Other Tanakh
140870,1421487,453828,Judges,20,43,בנימן,nmpr,"pers,gens,topo",F:unclassified-name,Other Tanakh
140877,1421487,453830,Judges,20,43,גבעה,nmpr,topo,F:unclassified-name,Other Tanakh
140884,1421488,453831,Judges,20,44,בנימן,nmpr,"pers,gens,topo",F:unclassified-name,Other Tanakh
140900,1421489,453834,Judges,20,45,אל,prep,,C:divine-title-candidate,Other Tanakh
140903,1421489,453834,Judges,20,45,רמון,nmpr,topo,B:deity-candidate,Other Tanakh
140916,1421489,453836,Judges,20,45,גדעם,nmpr,topo,F:unclassified-name,Other Tanakh
140928,1421490,453839,Judges,20,46,בנימן,nmpr,"pers,gens,topo",F:unclassified-name,Other Tanakh
140952,1421491,453843,Judges,20,47,אל,prep,,C:divine-title-candidate,Other Tanakh
140955,1421491,453843,Judges,20,47,רמון,nmpr,topo,B:deity-candidate,Other Tanakh
140963,1421491,453844,Judges,20,47,רמון,nmpr,topo,B:deity-candidate,Other Tanakh
140968,1421492,453845,Judges,20,48,ישראל,nmpr,"pers,gens,topo",F:unclassified-name,Other Tanakh
140970,1421492,453845,Judges,20,48,אל,prep,,C:divine-title-candidate,Other Tanakh
140972,1421492,453845,Judges,20,48,בנימן,nmpr,"pers,gens,topo",F:unclassified-name,Other Tanakh
140999,1421493,453850,Judges,21,1,ישראל,nmpr,"pers,gens,topo",F:unclassified-name,Other Tanakh
141003,1421493,453850,Judges,21,1,מצפה,nmpr,topo,F:unclassified-name,Other Tanakh
141012,1421493,453852,Judges,21,1,בנימן,nmpr,"pers,gens,topo",F:unclassified-name,Other Tanakh
141019,1421494,453853,Judges,21,2,בית אל,nmpr,topo,F:unclassified-name,Other Tanakh
141029,1421494,453854,Judges,21,2,אלהים,subs,,D:Elohim,Other Tanakh
141040,1421495,453859,Judges,21,3,יהוה,nmpr,pers,E:YHWH,Other Tanakh
141041,1421495,453859,Judges,21,3,אלהים,subs,,D:Elohim,Other Tanakh
141042,1421495,453859,Judges,21,3,ישראל,nmpr,"pers,gens,topo",F:unclassified-name,Other Tanakh
141046,1421495,453858,Judges,21,3,ישראל,nmpr,"pers,gens,topo",F:unclassified-name,Other Tanakh
141052,1421495,453860,Judges,21,3,ישראל,nmpr,"pers,gens,topo",F:unclassified-name,Other Tanakh
141075,1421497,453865,Judges,21,5,ישראל,nmpr,"pers,gens,topo",F:unclassified-name,Other Tanakh
141086,1421497,453867,Judges,21,5,ישראל,nmpr,"pers,gens,topo",F:unclassified-name,Other Tanakh
141087,1421497,453867,Judges,21,5,אל,prep,,C:divine-title-candidate,Other Tanakh
141088,1421497,453867,Judges,21,5,יהוה,nmpr,pers,E:YHWH,Other Tanakh
141099,1421497,453869,Judges,21,5,אל,prep,,C:divine-title-candidate,Other Tanakh
141100,1421497,453869,Judges,21,5,יהוה,nmpr,pers,E:YHWH,Other Tanakh
141102,1421497,453869,Judges,21,5,מצפה,nmpr,topo,F:unclassified-name,Other Tanakh
141110,1421498,453872,Judges,21,6,ישראל,nmpr,"pers,gens,topo",F:unclassified-name,Other Tanakh
141111,1421498,453872,Judges,21,6,אל,prep,,C:divine-title-candidate,Other Tanakh
141112,1421498,453872,Judges,21,6,בנימן,nmpr,"pers,gens,topo",F:unclassified-name,Other Tanakh
141122,1421498,453874,Judges,21,6,ישראל,nmpr,"pers,gens,topo",F:unclassified-name,Other Tanakh
141135,1421499,453876,Judges,21,7,יהוה,nmpr,pers,E:YHWH,Other Tanakh
141150,1421500,453879,Judges,21,8,ישראל,nmpr,"pers,gens,topo",F:unclassified-name,Other Tanakh
141154,1421500,453880,Judges,21,8,אל,prep,,C:divine-title-candidate,Other Tanakh
141155,1421500,453880,Judges,21,8,יהוה,nmpr,pers,E:YHWH,Other Tanakh
141157,1421500,453880,Judges,21,8,מצפה,nmpr,topo,F:unclassified-name,Other Tanakh
141163,1421500,453882,Judges,21,8,אל,prep,,C:divine-title-candidate,Other Tanakh
141167,1421500,453882,Judges,21,8,יביש,nmpr,topo,F:unclassified-name,Other Tanakh
141168,1421500,453882,Judges,21,8,גלעד,nmpr,topo,F:unclassified-name,Other Tanakh
141169,1421500,453882,Judges,21,8,אל,prep,,C:divine-title-candidate,Other Tanakh
141183,1421501,453885,Judges,21,9,יביש,nmpr,topo,F:unclassified-name,Other Tanakh
141184,1421501,453885,Judges,21,9,גלעד,nmpr,topo,F:unclassified-name,Other Tanakh
141208,1421502,453890,Judges,21,10,יביש,nmpr,topo,F:unclassified-name,Other Tanakh
141209,1421502,453890,Judges,21,10,גלעד,nmpr,topo,F:unclassified-name,Other Tanakh
141238,1421504,453895,Judges,21,12,יביש,nmpr,topo,F:unclassified-name,Other Tanakh
141239,1421504,453895,Judges,21,12,גלעד,nmpr,topo,F:unclassified-name,Other Tanakh
141254,1421504,453897,Judges,21,12,אל,prep,,C:divine-title-candidate,Other Tanakh
141257,1421504,453897,Judges,21,12,שלה,nmpr,topo,F:unclassified-name,Other Tanakh
141261,1421504,453898,Judges,21,12,כנען,nmpr,"pers,gens,topo",F:unclassified-name,Other Tanakh
141269,1421505,453900,Judges,21,13,אל,prep,,C:divine-title-candidate,Other Tanakh
141271,1421505,453900,Judges,21,13,בנימן,nmpr,"pers,gens,topo",F:unclassified-name,Other Tanakh
141275,1421505,453901,Judges,21,13,רמון,nmpr,topo,B:deity-candidate,Other Tanakh
141282,1421506,453903,Judges,21,14,בנימן,nmpr,"pers,gens,topo",F:unclassified-name,Other Tanakh
141297,1421506,453905,Judges,21,14,יביש,nmpr,topo,F:unclassified-name,Other Tanakh
141298,1421506,453905,Judges,21,14,גלעד,nmpr,topo,F:unclassified-name,Other Tanakh
141309,1421507,453907,Judges,21,15,בנימן,nmpr,"pers,gens,topo",F:unclassified-name,Other Tanakh
141312,1421507,453908,Judges,21,15,יהוה,nmpr,pers,E:YHWH,Other Tanakh
141316,1421507,453908,Judges,21,15,ישראל,nmpr,"pers,gens,topo",F:unclassified-name,Other Tanakh
141332,1421508,453911,Judges,21,16,בנימן,nmpr,"pers,gens,topo",F:unclassified-name,Other Tanakh
141339,1421509,453913,Judges,21,17,בנימן,nmpr,"pers,gens,topo",F:unclassified-name,Other Tanakh
141345,1421509,453914,Judges,21,17,ישראל,nmpr,"pers,gens,topo",F:unclassified-name,Other Tanakh
141359,1421510,453917,Judges,21,18,ישראל,nmpr,"pers,gens,topo",F:unclassified-name,Other Tanakh
141366,1421510,453920,Judges,21,18,בנימן,nmpr,"pers,gens,topo",F:unclassified-name,Other Tanakh
141371,1421511,453922,Judges,21,19,יהוה,nmpr,pers,E:YHWH,Other Tanakh
141373,1421511,453922,Judges,21,19,שלו,nmpr,topo,F:unclassified-name,Other Tanakh
141381,1421511,453923,Judges,21,19,בית אל,nmpr,topo,F:unclassified-name,Other Tanakh
141390,1421511,453924,Judges,21,19,בית אל,nmpr,topo,F:unclassified-name,Other Tanakh
141391,1421511,453924,Judges,21,19,שכם,nmpr,topo,F:unclassified-name,Other Tanakh
141396,1421511,453924,Judges,21,19,לבונה,nmpr,topo,F:unclassified-name,Other Tanakh
141401,1421512,453925,Judges,21,20,בנימן,nmpr,"pers,gens,topo",F:unclassified-name,Other Tanakh
141417,1421513,453931,Judges,21,21,שלו,nmpr,topo,F:unclassified-name,Other Tanakh
141435,1421513,453934,Judges,21,21,שלו,nmpr,topo,F:unclassified-name,Other Tanakh
141439,1421513,453935,Judges,21,21,בנימן,nmpr,"pers,gens,topo",F:unclassified-name,Other Tanakh
141449,1421514,453938,Judges,21,22,אל,prep,,C:divine-title-candidate,Other Tanakh
141452,1421514,453939,Judges,21,22,אל,prep,,C:divine-title-candidate,Other Tanakh
141476,1421515,453944,Judges,21,23,בנימן,nmpr,"pers,gens,topo",F:unclassified-name,Other Tanakh
141491,1421515,453948,Judges,21,23,אל,prep,,C:divine-title-candidate,Other Tanakh
141506,1421516,453951,Judges,21,24,ישראל,nmpr,"pers,gens,topo",F:unclassified-name,Other Tanakh
141531,1421517,453955,Judges,21,25,מלך,subs,,B:deity-candidate,Other Tanakh
141533,1421517,453955,Judges,21,25,ישראל,nmpr,"pers,gens,topo",F:unclassified-name,Other Tanakh
141550,1421518,453958,1 Samuel,1,1,אפרים,nmpr,"pers,gens,topo",F:unclassified-name,Other Tanakh
141553,1421518,453959,1 Samuel,1,1,אלקנה,nmpr,pers,A:person-candidate,Other Tanakh
141555,1421518,453959,1 Samuel,1,1,ירחם,nmpr,pers,A:person-candidate,Other Tanakh
141557,1421518,453959,1 Samuel,1,1,אליהוא,nmpr,pers,A:person-candidate,Other Tanakh
141559,1421518,453959,1 Samuel,1,1,תחו,nmpr,pers,A:person-candidate,Other Tanakh
141561,1421518,453959,1 Samuel,1,1,צוף,nmpr,pers,A:person-candidate,Other Tanakh
141569,1421519,453961,1 Samuel,1,2,חנה,nmpr,pers,A:person-candidate,Other Tanakh
141574,1421519,453962,1 Samuel,1,2,פננה,nmpr,pers,A:person-candidate,Other Tanakh
141578,1421519,453964,1 Samuel,1,2,פננה,nmpr,pers,A:person-candidate,Other Tanakh
141582,1421519,453965,1 Samuel,1,2,חנה,nmpr,pers,A:person-candidate,Other Tanakh
141602,1421520,453968,1 Samuel,1,3,יהוה,nmpr,pers,E:YHWH,Other Tanakh
141605,1421520,453968,1 Samuel,1,3,שלה,nmpr,topo,F:unclassified-name,Other Tanakh
141610,1421520,453969,1 Samuel,1,3,עלי,nmpr,pers,A:person-candidate,Other Tanakh
141611,1421520,453969,1 Samuel,1,3,חפני,nmpr,pers,A:person-candidate,Other Tanakh
141613,1421520,453969,1 Samuel,1,3,פינחס,nmpr,pers,A:person-candidate,Other Tanakh
141616,1421520,453969,1 Samuel,1,3,יהוה,nmpr,pers,E:YHWH,Other Tanakh
141623,1421521,453971,1 Samuel,1,4,אלקנה,nmpr,pers,A:person-candidate,Other Tanakh
141627,1421521,453972,1 Samuel,1,4,פננה,nmpr,pers,A:person-candidate,Other Tanakh
141638,1421522,453973,1 Samuel,1,5,חנה,nmpr,pers,A:person-candidate,Other Tanakh
141645,1421522,453974,1 Samuel,1,5,חנה,nmpr,pers,A:person-candidate,Other Tanakh
141648,1421522,453975,1 Samuel,1,5,יהוה,nmpr,pers,E:YHWH,Other Tanakh
141661,1421523,453978,1 Samuel,1,6,יהוה,nmpr,pers,E:YHWH,Other Tanakh
141675,1421524,453980,1 Samuel,1,7,יהוה,nmpr,pers,E:YHWH,Other Tanakh
141686,1421525,453984,1 Samuel,1,8,אלקנה,nmpr,pers,A:person-candidate,Other Tanakh
141688,1421525,453985,1 Samuel,1,8,חנה,nmpr,pers,A:person-candidate,Other Tanakh
141709,1421526,453990,1 Samuel,1,9,חנה,nmpr,pers,A:person-candidate,Other Tanakh
141713,1421526,453991,1 Samuel,1,9,שלה,nmpr,topo,F:unclassified-name,Other Tanakh
141718,1421526,453993,1 Samuel,1,9,עלי,nmpr,pers,A:person-candidate,Other Tanakh
141728,1421526,453993,1 Samuel,1,9,יהוה,nmpr,pers,E:YHWH,Other Tanakh
141736,1421527,453995,1 Samuel,1,10,יהוה,nmpr,pers,E:YHWH,Other Tanakh
141745,1421528,453999,1 Samuel,1,11,יהוה,nmpr,pers,E:YHWH,Other Tanakh
141769,1421528,454004,1 Samuel,1,11,יהוה,nmpr,pers,E:YHWH,Other Tanakh
141787,1421529,454008,1 Samuel,1,12,יהוה,nmpr,pers,E:YHWH,Other Tanakh
141789,1421529,454009,1 Samuel,1,12,עלי,nmpr,pers,A:person-candidate,Other Tanakh
141794,1421530,454010,1 Samuel,1,13,חנה,nmpr,pers,A:person-candidate,Other Tanakh
141808,1421530,454014,1 Samuel,1,13,עלי,nmpr,pers,A:person-candidate,Other Tanakh
141813,1421531,454015,1 Samuel,1,14,אל,prep,,C:divine-title-candidate,Other Tanakh
141814,1421531,454015,1 Samuel,1,14,עלי,nmpr,pers,A:person-candidate,Other Tanakh
141825,1421532,454018,1 Samuel,1,15,חנה,nmpr,pers,A:person-candidate,Other Tanakh
141846,1421532,454024,1 Samuel,1,15,יהוה,nmpr,pers,E:YHWH,Other Tanakh
141847,1421533,454025,1 Samuel,1,16,אל,nega,,C:divine-title-candidate,Other Tanakh
141866,1421534,454027,1 Samuel,1,17,עלי,nmpr,pers,A:person-candidate,Other Tanakh
141873,1421534,454030,1 Samuel,1,17,אלהים,subs,,D:Elohim,Other Tanakh
141874,1421534,454030,1 Samuel,1,17,ישראל,nmpr,"pers,gens,topo",F:unclassified-name,Other Tanakh
141912,1421536,454038,1 Samuel,1,19,יהוה,nmpr,pers,E:YHWH,Other Tanakh
141917,1421536,454040,1 Samuel,1,19,אל,prep,,C:divine-title-candidate,Other Tanakh
141920,1421536,454040,1 Samuel,1,19,רמה,nmpr,topo,F:unclassified-name,Other Tanakh
141923,1421536,454041,1 Samuel,1,19,אלקנה,nmpr,pers,A:person-candidate,Other Tanakh
141925,1421536,454041,1 Samuel,1,19,חנה,nmpr,pers,A:person-candidate,Other Tanakh
141929,1421536,454042,1 Samuel,1,19,יהוה,nmpr,pers,E:YHWH,Other Tanakh
141938,1421537,454044,1 Samuel,1,20,חנה,nmpr,pers,A:person-candidate,Other Tanakh
141946,1421537,454046,1 Samuel,1,20,שמואל,nmpr,pers,A:person-candidate,Other Tanakh
141949,1421537,454047,1 Samuel,1,20,יהוה,nmpr,pers,E:YHWH,Other Tanakh
141955,1421538,454048,1 Samuel,1,21,אלקנה,nmpr,pers,A:person-candidate,Other Tanakh
141962,1421538,454049,1 Samuel,1,21,יהוה,nmpr,pers,E:YHWH,Other Tanakh
141971,1421539,454050,1 Samuel,1,22,חנה,nmpr,pers,A:person-candidate,Other Tanakh
141988,1421539,454054,1 Samuel,1,22,יהוה,nmpr,pers,E:YHWH,Other Tanakh
141997,1421540,454056,1 Samuel,1,23,אלקנה,nmpr,pers,A:person-candidate,Other Tanakh
142010,1421540,454061,1 Samuel,1,23,יהוה,nmpr,pers,E:YHWH,Other Tanakh
142043,1421541,454067,1 Samuel,1,24,יהוה,nmpr,pers,E:YHWH,Other Tanakh
142044,1421541,454067,1 Samuel,1,24,שלו,nmpr,topo,F:unclassified-name,Other Tanakh
142059,1421542,454070,1 Samuel,1,25,אל,prep,,C:divine-title-candidate,Other Tanakh
142060,1421542,454070,1 Samuel,1,25,עלי,nmpr,pers,A:person-candidate,Other Tanakh
142078,1421543,454077,1 Samuel,1,26,אל,prep,,C:divine-title-candidate,Other Tanakh
142079,1421543,454077,1 Samuel,1,26,יהוה,nmpr,pers,E:YHWH,Other Tanakh
142080,1421544,454078,1 Samuel,1,27,אל,prep,,C:divine-title-candidate,Other Tanakh
142088,1421544,454079,1 Samuel,1,27,יהוה,nmpr,pers,E:YHWH,Other Tanakh
142101,1421545,454081,1 Samuel,1,28,יהוה,nmpr,pers,E:YHWH,Other Tanakh
142110,1421545,454082,1 Samuel,1,28,יהוה,nmpr,pers,E:YHWH,Other Tanakh
142115,1421545,454083,1 Samuel,1,28,יהוה,nmpr,pers,E:YHWH,Other Tanakh
142118,1421546,454084,1 Samuel,2,1,חנה,nmpr,pers,A:person-candidate,Other Tanakh
142124,1421546,454086,1 Samuel,2,1,יהוה,nmpr,pers,E:YHWH,Other Tanakh
142128,1421546,454087,1 Samuel,2,1,יהוה,nmpr,pers,E:YHWH,Other Tanakh
142140,1421547,454090,1 Samuel,2,2,יהוה,nmpr,pers,E:YHWH,Other Tanakh
142148,1421547,454092,1 Samuel,2,2,אלהים,subs,,D:Elohim,Other Tanakh
142149,1421548,454093,1 Samuel,2,3,אל,nega,,C:divine-title-candidate,Other Tanakh
142159,1421548,454096,1 Samuel,2,3,אל,subs,,C:divine-title-candidate,Other Tanakh
142161,1421548,454096,1 Samuel,2,3,יהוה,nmpr,pers,E:YHWH,Other Tanakh
142189,1421551,454104,1 Samuel,2,6,יהוה,nmpr,pers,E:YHWH,Other Tanakh
142194,1421551,454106,1 Samuel,2,6,שאול,subs,,A:person-candidate,Other Tanakh
142197,1421552,454108,1 Samuel,2,7,יהוה,nmpr,pers,E:YHWH,Other Tanakh
142222,1421553,454116,1 Samuel,2,8,יהוה,nmpr,pers,E:YHWH,Other Tanakh
142244,1421555,454121,1 Samuel,2,10,יהוה,nmpr,pers,E:YHWH,Other Tanakh
142252,1421555,454124,1 Samuel,2,10,יהוה,nmpr,pers,E:YHWH,Other Tanakh
142260,1421555,454125,1 Samuel,2,10,מלך,subs,,B:deity-candidate,Other Tanakh
142267,1421556,454127,1 Samuel,2,11,אלקנה,nmpr,pers,A:person-candidate,Other Tanakh
142269,1421556,454127,1 Samuel,2,11,רמה,nmpr,topo,F:unclassified-name,Other Tanakh
142278,1421556,454128,1 Samuel,2,11,יהוה,nmpr,pers,E:YHWH,Other Tanakh
142281,1421556,454128,1 Samuel,2,11,עלי,nmpr,pers,A:person-candidate,Other Tanakh
142286,1421557,454129,1 Samuel,2,12,עלי,nmpr,pers,A:person-candidate,Other Tanakh
142292,1421557,454130,1 Samuel,2,12,יהוה,nmpr,pers,E:YHWH,Other Tanakh
142329,1421559,454137,1 Samuel,2,14,דוד,subs,,A:person-candidate,Other Tanakh
142351,1421559,454140,1 Samuel,2,14,ישראל,nmpr,"pers,gens,topo",F:unclassified-name,Other Tanakh
142356,1421559,454141,1 Samuel,2,14,שלה,nmpr,topo,F:unclassified-name,Other Tanakh
142394,1421561,454149,1 Samuel,2,16,אל,prep,,C:divine-title-candidate,Other Tanakh
142432,1421562,454158,1 Samuel,2,17,יהוה,nmpr,pers,E:YHWH,Other Tanakh
142439,1421562,454159,1 Samuel,2,17,יהוה,nmpr,pers,E:YHWH,Other Tanakh
142441,1421563,454160,1 Samuel,2,18,שמואל,nmpr,pers,A:person-candidate,Other Tanakh
142445,1421563,454160,1 Samuel,2,18,יהוה,nmpr,pers,E:YHWH,Other Tanakh
142474,1421565,454166,1 Samuel,2,20,עלי,nmpr,pers,A:person-candidate,Other Tanakh
142476,1421565,454166,1 Samuel,2,20,אלקנה,nmpr,pers,A:person-candidate,Other Tanakh
142483,1421565,454168,1 Samuel,2,20,יהוה,nmpr,pers,E:YHWH,Other Tanakh
142497,1421565,454169,1 Samuel,2,20,יהוה,nmpr,pers,E:YHWH,Other Tanakh
142504,1421566,454171,1 Samuel,2,21,יהוה,nmpr,pers,E:YHWH,Other Tanakh
142506,1421566,454171,1 Samuel,2,21,חנה,nmpr,pers,A:person-candidate,Other Tanakh
142520,1421566,454174,1 Samuel,2,21,שמואל,nmpr,pers,A:person-candidate,Other Tanakh
142522,1421566,454174,1 Samuel,2,21,יהוה,nmpr,pers,E:YHWH,Other Tanakh
142524,1421567,454175,1 Samuel,2,22,עלי,nmpr,pers,A:person-candidate,Other Tanakh
142536,1421567,454177,1 Samuel,2,22,ישראל,nmpr,"pers,gens,topo",F:unclassified-name,Other Tanakh
142571,1421569,454183,1 Samuel,2,24,אל,nega,,C:divine-title-candidate,Other Tanakh
142583,1421569,454187,1 Samuel,2,24,יהוה,nmpr,pers,E:YHWH,Other Tanakh
142591,1421570,454189,1 Samuel,2,25,אלהים,subs,,D:Elohim,Other Tanakh
142595,1421570,454190,1 Samuel,2,25,יהוה,nmpr,pers,E:YHWH,Other Tanakh
142609,1421570,454193,1 Samuel,2,25,יהוה,nmpr,pers,E:YHWH,Other Tanakh
142615,1421571,454195,1 Samuel,2,26,שמואל,nmpr,pers,A:person-candidate,Other Tanakh
142623,1421571,454197,1 Samuel,2,26,יהוה,nmpr,pers,E:YHWH,Other Tanakh
142631,1421572,454198,1 Samuel,2,27,אלהים,subs,,D:Elohim,Other Tanakh
142632,1421572,454198,1 Samuel,2,27,אל,prep,,C:divine-title-candidate,Other Tanakh
142633,1421572,454198,1 Samuel,2,27,עלי,nmpr,pers,A:person-candidate,Other Tanakh
142636,1421572,454199,1 Samuel,2,27,אל,prep,,C:divine-title-candidate,Other Tanakh
142639,1421572,454200,1 Samuel,2,27,יהוה,nmpr,pers,E:YHWH,Other Tanakh
142643,1421572,454201,1 Samuel,2,27,אל,prep,,C:divine-title-candidate,Other Tanakh
142649,1421572,454202,1 Samuel,2,27,מצרים,nmpr,topo,F:unclassified-name,Other Tanakh
142659,1421573,454203,1 Samuel,2,28,ישראל,nmpr,"pers,gens,topo",F:unclassified-name,Other Tanakh
142684,1421573,454207,1 Samuel,2,28,ישראל,nmpr,"pers,gens,topo",F:unclassified-name,Other Tanakh
142706,1421574,454211,1 Samuel,2,29,ישראל,nmpr,"pers,gens,topo",F:unclassified-name,Other Tanakh
142711,1421575,454212,1 Samuel,2,30,יהוה,nmpr,pers,E:YHWH,Other Tanakh
142712,1421575,454212,1 Samuel,2,30,אלהים,subs,,D:Elohim,Other Tanakh
142713,1421575,454212,1 Samuel,2,30,ישראל,nmpr,"pers,gens,topo",F:unclassified-name,Other Tanakh
142728,1421575,454215,1 Samuel,2,30,יהוה,nmpr,pers,E:YHWH,Other Tanakh
142763,1421577,454223,1 Samuel,2,32,ישראל,nmpr,"pers,gens,topo",F:unclassified-name,Other Tanakh
142803,1421579,454230,1 Samuel,2,34,אל,prep,,C:divine-title-candidate,Other Tanakh
142806,1421579,454230,1 Samuel,2,34,אל,prep,,C:divine-title-candidate,Other Tanakh
142807,1421579,454230,1 Samuel,2,34,חפני,nmpr,pers,A:person-candidate,Other Tanakh
142809,1421579,454230,1 Samuel,2,34,פינחס,nmpr,pers,A:person-candidate,Other Tanakh
142862,1421581,454242,1 Samuel,2,36,אל,prep,,C:divine-title-candidate,Other Tanakh
142873,1421582,454244,1 Samuel,3,1,שמואל,nmpr,pers,A:person-candidate,Other Tanakh
142876,1421582,454244,1 Samuel,3,1,יהוה,nmpr,pers,E:YHWH,Other Tanakh
142879,1421582,454244,1 Samuel,3,1,עלי,nmpr,pers,A:person-candidate,Other Tanakh
142882,1421582,454245,1 Samuel,3,1,יהוה,nmpr,pers,E:YHWH,Other Tanakh
142901,1421583,454248,1 Samuel,3,2,עלי,nmpr,pers,A:person-candidate,Other Tanakh
142915,1421584,454253,1 Samuel,3,3,אלהים,subs,,D:Elohim,Other Tanakh
142919,1421584,454254,1 Samuel,3,3,שמואל,nmpr,pers,A:person-candidate,Other Tanakh
142923,1421584,454254,1 Samuel,3,3,יהוה,nmpr,pers,E:YHWH,Other Tanakh
142927,1421584,454255,1 Samuel,3,3,אלהים,subs,,D:Elohim,Other Tanakh
142930,1421585,454256,1 Samuel,3,4,יהוה,nmpr,pers,E:YHWH,Other Tanakh
142931,1421585,454256,1 Samuel,3,4,אל,prep,,C:divine-title-candidate,Other Tanakh
142932,1421585,454256,1 Samuel,3,4,שמואל,nmpr,pers,A:person-candidate,Other Tanakh
142938,1421586,454259,1 Samuel,3,5,אל,prep,,C:divine-title-candidate,Other Tanakh
142939,1421586,454259,1 Samuel,3,5,עלי,nmpr,pers,A:person-candidate,Other Tanakh
142958,1421587,454269,1 Samuel,3,6,יהוה,nmpr,pers,E:YHWH,Other Tanakh
142961,1421587,454270,1 Samuel,3,6,שמואל,nmpr,pers,A:person-candidate,Other Tanakh
142964,1421587,454271,1 Samuel,3,6,שמואל,nmpr,pers,A:person-candidate,Other Tanakh
142967,1421587,454272,1 Samuel,3,6,אל,prep,,C:divine-title-candidate,Other Tanakh
142968,1421587,454272,1 Samuel,3,6,עלי,nmpr,pers,A:person-candidate,Other Tanakh
142983,1421588,454281,1 Samuel,3,7,שמואל,nmpr,pers,A:person-candidate,Other Tanakh
142987,1421588,454281,1 Samuel,3,7,יהוה,nmpr,pers,E:YHWH,Other Tanakh
142991,1421588,454282,1 Samuel,3,7,אל,prep,,C:divine-title-candidate,Other Tanakh
142993,1421588,454282,1 Samuel,3,7,יהוה,nmpr,pers,E:YHWH,Other Tanakh
142996,1421589,454283,1 Samuel,3,8,יהוה,nmpr,pers,E:YHWH,Other Tanakh
142998,1421589,454284,1 Samuel,3,8,שמואל,nmpr,pers,A:person-candidate,Other Tanakh
143006,1421589,454286,1 Samuel,3,8,אל,prep,,C:divine-title-candidate,Other Tanakh
143007,1421589,454286,1 Samuel,3,8,עלי,nmpr,pers,A:person-candidate,Other Tanakh
143016,1421589,454290,1 Samuel,3,8,עלי,nmpr,pers,A:person-candidate,Other Tanakh
143018,1421589,454291,1 Samuel,3,8,יהוה,nmpr,pers,E:YHWH,Other Tanakh
143025,1421590,454292,1 Samuel,3,9,עלי,nmpr,pers,A:person-candidate,Other Tanakh
143027,1421590,454292,1 Samuel,3,9,שמואל,nmpr,pers,A:person-candidate,Other Tanakh
143034,1421590,454296,1 Samuel,3,9,אל,prep,,C:divine-title-candidate,Other Tanakh
143038,1421590,454299,1 Samuel,3,9,יהוה,nmpr,pers,E:YHWH,Other Tanakh
143044,1421590,454301,1 Samuel,3,9,שמואל,nmpr,pers,A:person-candidate,Other Tanakh
143051,1421591,454303,1 Samuel,3,10,יהוה,nmpr,pers,E:YHWH,Other Tanakh
143060,1421591,454306,1 Samuel,3,10,שמואל,nmpr,pers,A:person-candidate,Other Tanakh
143061,1421591,454306,1 Samuel,3,10,שמואל,nmpr,pers,A:person-candidate,Other Tanakh
143064,1421591,454307,1 Samuel,3,10,שמואל,nmpr,pers,A:person-candidate,Other Tanakh
143071,1421592,454310,1 Samuel,3,11,יהוה,nmpr,pers,E:YHWH,Other Tanakh
143072,1421592,454310,1 Samuel,3,11,אל,prep,,C:divine-title-candidate,Other Tanakh
143073,1421592,454310,1 Samuel,3,11,שמואל,nmpr,pers,A:person-candidate,Other Tanakh
143079,1421592,454311,1 Samuel,3,11,ישראל,nmpr,"pers,gens,topo",F:unclassified-name,Other Tanakh
143092,1421593,454315,1 Samuel,3,12,אל,prep,,C:divine-title-candidate,Other Tanakh
143093,1421593,454315,1 Samuel,3,12,עלי,nmpr,pers,A:person-candidate,Other Tanakh
143098,1421593,454316,1 Samuel,3,12,אל,prep,,C:divine-title-candidate,Other Tanakh
143130,1421595,454324,1 Samuel,3,14,עלי,nmpr,pers,A:person-candidate,Other Tanakh
143135,1421595,454325,1 Samuel,3,14,עלי,nmpr,pers,A:person-candidate,Other Tanakh
143145,1421596,454326,1 Samuel,3,15,שמואל,nmpr,pers,A:person-candidate,Other Tanakh
143154,1421596,454327,1 Samuel,3,15,יהוה,nmpr,pers,E:YHWH,Other Tanakh
143156,1421596,454328,1 Samuel,3,15,שמואל,nmpr,pers,A:person-candidate,Other Tanakh
143163,1421596,454329,1 Samuel,3,15,אל,prep,,C:divine-title-candidate,Other Tanakh
143164,1421596,454329,1 Samuel,3,15,עלי,nmpr,pers,A:person-candidate,Other Tanakh
143167,1421597,454330,1 Samuel,3,16,עלי,nmpr,pers,A:person-candidate,Other Tanakh
143169,1421597,454330,1 Samuel,3,16,שמואל,nmpr,pers,A:person-candidate,Other Tanakh
143172,1421597,454332,1 Samuel,3,16,שמואל,nmpr,pers,A:person-candidate,Other Tanakh
143184,1421598,454337,1 Samuel,3,17,אל,prep,,C:divine-title-candidate,Other Tanakh
143185,1421598,454338,1 Samuel,3,17,אל,nega,,C:divine-title-candidate,Other Tanakh
143192,1421598,454339,1 Samuel,3,17,אלהים,subs,,D:Elohim,Other Tanakh
143206,1421598,454342,1 Samuel,3,17,אל,prep,,C:divine-title-candidate,Other Tanakh
143210,1421599,454343,1 Samuel,3,18,שמואל,nmpr,pers,A:person-candidate,Other Tanakh
143221,1421599,454346,1 Samuel,3,18,יהוה,nmpr,pers,E:YHWH,Other Tanakh
143230,1421600,454349,1 Samuel,3,19,שמואל,nmpr,pers,A:person-candidate,Other Tanakh
143232,1421600,454350,1 Samuel,3,19,יהוה,nmpr,pers,E:YHWH,Other Tanakh
143245,1421601,454352,1 Samuel,3,20,ישראל,nmpr,"pers,gens,topo",F:unclassified-name,Other Tanakh
143247,1421601,454352,1 Samuel,3,20,דן,nmpr,"pers,gens,topo",F:unclassified-name,Other Tanakh
143251,1421601,454352,1 Samuel,3,20,שבע,nmpr,topo,F:unclassified-name,Other Tanakh
143254,1421601,454353,1 Samuel,3,20,שמואל,nmpr,pers,A:person-candidate,Other Tanakh
143258,1421601,454353,1 Samuel,3,20,יהוה,nmpr,pers,E:YHWH,Other Tanakh
143261,1421602,454354,1 Samuel,3,21,יהוה,nmpr,pers,E:YHWH,Other Tanakh
143265,1421602,454355,1 Samuel,3,21,שלה,nmpr,topo,F:unclassified-name,Other Tanakh
143268,1421602,454356,1 Samuel,3,21,יהוה,nmpr,pers,E:YHWH,Other Tanakh
143269,1421602,454356,1 Samuel,3,21,אל,prep,,C:divine-title-candidate,Other Tanakh
143270,1421602,454356,1 Samuel,3,21,שמואל,nmpr,pers,A:person-candidate,Other Tanakh
143272,1421602,454356,1 Samuel,3,21,שלו,nmpr,topo,F:unclassified-name,Other Tanakh
143275,1421602,454356,1 Samuel,3,21,יהוה,nmpr,pers,E:YHWH,Other Tanakh
143279,1421603,454357,1 Samuel,4,1,שמואל,nmpr,pers,A:person-candidate,Other Tanakh
143282,1421603,454357,1 Samuel,4,1,ישראל,nmpr,"pers,gens,topo",F:unclassified-name,Other Tanakh
143285,1421603,454358,1 Samuel,4,1,ישראל,nmpr,"pers,gens,topo",F:unclassified-name,Other Tanakh
143295,1421603,454360,1 Samuel,4,1,אבן העזר,nmpr,topo,F:unclassified-name,Other Tanakh
143300,1421603,454361,1 Samuel,4,1,אפק,nmpr,topo,F:unclassified-name,Other Tanakh
143306,1421604,454363,1 Samuel,4,2,ישראל,nmpr,"pers,gens,topo",F:unclassified-name,Other Tanakh
143313,1421604,454365,1 Samuel,4,2,ישראל,nmpr,"pers,gens,topo",F:unclassified-name,Other Tanakh
143333,1421605,454367,1 Samuel,4,3,אל,prep,,C:divine-title-candidate,Other Tanakh
143339,1421605,454368,1 Samuel,4,3,ישראל,nmpr,"pers,gens,topo",F:unclassified-name,Other Tanakh
143342,1421605,454369,1 Samuel,4,3,יהוה,nmpr,pers,E:YHWH,Other Tanakh
143349,1421605,454370,1 Samuel,4,3,אל,prep,,C:divine-title-candidate,Other Tanakh
143351,1421605,454370,1 Samuel,4,3,שלה,nmpr,topo,F:unclassified-name,Other Tanakh
143355,1421605,454370,1 Samuel,4,3,יהוה,nmpr,pers,E:YHWH,Other Tanakh
143369,1421606,454373,1 Samuel,4,4,שלה,nmpr,topo,F:unclassified-name,Other Tanakh
143377,1421606,454374,1 Samuel,4,4,יהוה,nmpr,pers,E:YHWH,Other Tanakh
143386,1421606,454376,1 Samuel,4,4,עלי,nmpr,pers,A:person-candidate,Other Tanakh
143391,1421606,454376,1 Samuel,4,4,אלהים,subs,,D:Elohim,Other Tanakh
143392,1421606,454376,1 Samuel,4,4,חפני,nmpr,pers,A:person-candidate,Other Tanakh
143394,1421606,454376,1 Samuel,4,4,פינחס,nmpr,pers,A:person-candidate,Other Tanakh
143401,1421607,454378,1 Samuel,4,5,יהוה,nmpr,pers,E:YHWH,Other Tanakh
143402,1421607,454378,1 Samuel,4,5,אל,prep,,C:divine-title-candidate,Other Tanakh
143408,1421607,454379,1 Samuel,4,5,ישראל,nmpr,"pers,gens,topo",F:unclassified-name,Other Tanakh
143440,1421608,454385,1 Samuel,4,6,יהוה,nmpr,pers,E:YHWH,Other Tanakh
143442,1421608,454385,1 Samuel,4,6,אל,prep,,C:divine-title-candidate,Other Tanakh
143452,1421609,454388,1 Samuel,4,7,אלהים,subs,,D:Elohim,Other Tanakh
143453,1421609,454388,1 Samuel,4,7,אל,prep,,C:divine-title-candidate,Other Tanakh
143474,1421610,454393,1 Samuel,4,8,אלהים,subs,,D:Elohim,Other Tanakh
143482,1421610,454395,1 Samuel,4,8,אלהים,subs,,D:Elohim,Other Tanakh
143486,1421610,454396,1 Samuel,4,8,מצרים,nmpr,topo,F:unclassified-name,Other Tanakh
143519,1421612,454405,1 Samuel,4,10,ישראל,nmpr,"pers,gens,topo",F:unclassified-name,Other Tanakh
143534,1421612,454409,1 Samuel,4,10,ישראל,nmpr,"pers,gens,topo",F:unclassified-name,Other Tanakh
143540,1421613,454410,1 Samuel,4,11,אלהים,subs,,D:Elohim,Other Tanakh
143545,1421613,454411,1 Samuel,4,11,עלי,nmpr,pers,A:person-candidate,Other Tanakh
143547,1421613,454411,1 Samuel,4,11,חפני,nmpr,pers,A:person-candidate,Other Tanakh
143549,1421613,454411,1 Samuel,4,11,פינחס,nmpr,pers,A:person-candidate,Other Tanakh
143553,1421614,454412,1 Samuel,4,12,בנימן,nmpr,"pers,gens,topo",F:unclassified-name,Other Tanakh
143559,1421614,454413,1 Samuel,4,12,שלה,nmpr,topo,F:unclassified-name,Other Tanakh
143576,1421615,454418,1 Samuel,4,13,עלי,nmpr,pers,A:person-candidate,Other Tanakh
143591,1421615,454420,1 Samuel,4,13,אלהים,subs,,D:Elohim,Other Tanakh
143608,1421616,454424,1 Samuel,4,14,עלי,nmpr,pers,A:person-candidate,Other Tanakh
143630,1421616,454429,1 Samuel,4,14,עלי,nmpr,pers,A:person-candidate,Other Tanakh
143632,1421617,454430,1 Samuel,4,15,עלי,nmpr,pers,A:person-candidate,Other Tanakh
143650,1421618,454434,1 Samuel,4,16,אל,prep,,C:divine-title-candidate,Other Tanakh
143651,1421618,454434,1 Samuel,4,16,עלי,nmpr,pers,A:person-candidate,Other Tanakh
143680,1421619,454443,1 Samuel,4,17,ישראל,nmpr,"pers,gens,topo",F:unclassified-name,Other Tanakh
143697,1421619,454445,1 Samuel,4,17,חפני,nmpr,pers,A:person-candidate,Other Tanakh
143699,1421619,454445,1 Samuel,4,17,פינחס,nmpr,pers,A:person-candidate,Other Tanakh
143703,1421619,454446,1 Samuel,4,17,אלהים,subs,,D:Elohim,Other Tanakh
143712,1421620,454448,1 Samuel,4,18,אלהים,subs,,D:Elohim,Other Tanakh
143739,1421620,454454,1 Samuel,4,18,ישראל,nmpr,"pers,gens,topo",F:unclassified-name,Other Tanakh
143745,1421621,454455,1 Samuel,4,19,פינחס,nmpr,pers,A:person-candidate,Other Tanakh
143754,1421621,454458,1 Samuel,4,19,אל,prep,,C:divine-title-candidate,Other Tanakh
143758,1421621,454458,1 Samuel,4,19,אלהים,subs,,D:Elohim,Other Tanakh
143781,1421622,454466,1 Samuel,4,20,אל,nega,,C:divine-title-candidate,Other Tanakh
143798,1421623,454470,1 Samuel,4,21,איכבוד,nmpr,pers,A:person-candidate,Other Tanakh
143804,1421623,454472,1 Samuel,4,21,ישראל,nmpr,"pers,gens,topo",F:unclassified-name,Other Tanakh
143805,1421623,454473,1 Samuel,4,21,אל,prep,,C:divine-title-candidate,Other Tanakh
143809,1421623,454473,1 Samuel,4,21,אלהים,subs,,D:Elohim,Other Tanakh
143811,1421623,454474,1 Samuel,4,21,אל,prep,,C:divine-title-candidate,Other Tanakh
143820,1421624,454476,1 Samuel,4,22,ישראל,nmpr,"pers,gens,topo",F:unclassified-name,Other Tanakh
143825,1421624,454477,1 Samuel,4,22,אלהים,subs,,D:Elohim,Other Tanakh
143832,1421625,454478,1 Samuel,5,1,אלהים,subs,,D:Elohim,Other Tanakh
143836,1421625,454479,1 Samuel,5,1,אבן העזר,nmpr,topo,F:unclassified-name,Other Tanakh
143837,1421625,454479,1 Samuel,5,1,אשדוד,nmpr,topo,F:unclassified-name,Other Tanakh
143844,1421626,454480,1 Samuel,5,2,אלהים,subs,,D:Elohim,Other Tanakh
143849,1421626,454481,1 Samuel,5,2,דגון,nmpr,pers,B:deity-candidate,Other Tanakh
143854,1421626,454482,1 Samuel,5,2,דגון,nmpr,pers,B:deity-candidate,Other Tanakh
143862,1421627,454485,1 Samuel,5,3,דגון,nmpr,pers,B:deity-candidate,Other Tanakh
143870,1421627,454485,1 Samuel,5,3,יהוה,nmpr,pers,E:YHWH,Other Tanakh
143874,1421627,454486,1 Samuel,5,3,דגון,nmpr,pers,B:deity-candidate,Other Tanakh
143889,1421628,454490,1 Samuel,5,4,דגון,nmpr,pers,B:deity-candidate,Other Tanakh
143897,1421628,454490,1 Samuel,5,4,יהוה,nmpr,pers,E:YHWH,Other Tanakh
143900,1421628,454491,1 Samuel,5,4,דגון,nmpr,pers,B:deity-candidate,Other Tanakh
143906,1421628,454491,1 Samuel,5,4,אל,prep,,C:divine-title-candidate,Other Tanakh
143910,1421628,454492,1 Samuel,5,4,דגון,nmpr,pers,B:deity-candidate,Other Tanakh
143918,1421629,454493,1 Samuel,5,5,דגון,nmpr,pers,B:deity-candidate,Other Tanakh
143924,1421629,454494,1 Samuel,5,5,דגון,nmpr,pers,B:deity-candidate,Other Tanakh
143927,1421629,454493,1 Samuel,5,5,דגון,nmpr,pers,B:deity-candidate,Other Tanakh
143929,1421629,454493,1 Samuel,5,5,אשדוד,nmpr,topo,F:unclassified-name,Other Tanakh
143938,1421630,454495,1 Samuel,5,6,יהוה,nmpr,pers,E:YHWH,Other Tanakh
143939,1421630,454495,1 Samuel,5,6,אל,prep,,C:divine-title-candidate,Other Tanakh
143951,1421630,454497,1 Samuel,5,6,אשדוד,nmpr,topo,F:unclassified-name,Other Tanakh
143958,1421631,454498,1 Samuel,5,7,אשדוד,nmpr,topo,F:unclassified-name,Other Tanakh
143966,1421631,454501,1 Samuel,5,7,אלהים,subs,,D:Elohim,Other Tanakh
143967,1421631,454501,1 Samuel,5,7,ישראל,nmpr,"pers,gens,topo",F:unclassified-name,Other Tanakh
143975,1421631,454502,1 Samuel,5,7,דגון,nmpr,pers,B:deity-candidate,Other Tanakh
143976,1421631,454502,1 Samuel,5,7,אלהים,subs,,D:Elohim,Other Tanakh
143985,1421632,454504,1 Samuel,5,8,אל,prep,,C:divine-title-candidate,Other Tanakh
143992,1421632,454506,1 Samuel,5,8,אלהים,subs,,D:Elohim,Other Tanakh
143993,1421632,454506,1 Samuel,5,8,ישראל,nmpr,"pers,gens,topo",F:unclassified-name,Other Tanakh
143996,1421632,454508,1 Samuel,5,8,גת,nmpr,topo,F:unclassified-name,Other Tanakh
143999,1421632,454508,1 Samuel,5,8,אלהים,subs,,D:Elohim,Other Tanakh
144000,1421632,454508,1 Samuel,5,8,ישראל,nmpr,"pers,gens,topo",F:unclassified-name,Other Tanakh
144005,1421632,454509,1 Samuel,5,8,אלהים,subs,,D:Elohim,Other Tanakh
144006,1421632,454509,1 Samuel,5,8,ישראל,nmpr,"pers,gens,topo",F:unclassified-name,Other Tanakh
144015,1421633,454512,1 Samuel,5,9,יהוה,nmpr,pers,E:YHWH,Other Tanakh
144042,1421634,454516,1 Samuel,5,10,אלהים,subs,,D:Elohim,Other Tanakh
144043,1421634,454516,1 Samuel,5,10,עקרון,nmpr,topo,F:unclassified-name,Other Tanakh
144050,1421634,454518,1 Samuel,5,10,אלהים,subs,,D:Elohim,Other Tanakh
144051,1421634,454518,1 Samuel,5,10,עקרון,nmpr,topo,F:unclassified-name,Other Tanakh
144059,1421634,454521,1 Samuel,5,10,אל,prep,,C:divine-title-candidate,Other Tanakh
144062,1421634,454521,1 Samuel,5,10,אלהים,subs,,D:Elohim,Other Tanakh
144063,1421634,454521,1 Samuel,5,10,ישראל,nmpr,"pers,gens,topo",F:unclassified-name,Other Tanakh
144082,1421635,454527,1 Samuel,5,11,אלהים,subs,,D:Elohim,Other Tanakh
144083,1421635,454527,1 Samuel,5,11,ישראל,nmpr,"pers,gens,topo",F:unclassified-name,Other Tanakh
144107,1421635,454531,1 Samuel,5,11,אלהים,subs,,D:Elohim,Other Tanakh
144129,1421637,454535,1 Samuel,6,1,יהוה,nmpr,pers,E:YHWH,Other Tanakh
144151,1421638,454538,1 Samuel,6,2,יהוה,nmpr,pers,E:YHWH,Other Tanakh
144164,1421639,454542,1 Samuel,6,3,אלהים,subs,,D:Elohim,Other Tanakh
144165,1421639,454542,1 Samuel,6,3,ישראל,nmpr,"pers,gens,topo",F:unclassified-name,Other Tanakh
144166,1421639,454543,1 Samuel,6,3,אל,nega,,C:divine-title-candidate,Other Tanakh
144228,1421641,454556,1 Samuel,6,5,אלהים,subs,,D:Elohim,Other Tanakh
144229,1421641,454556,1 Samuel,6,5,ישראל,nmpr,"pers,gens,topo",F:unclassified-name,Other Tanakh
144240,1421641,454557,1 Samuel,6,5,אלהים,subs,,D:Elohim,Other Tanakh
144253,1421642,454559,1 Samuel,6,6,מצרים,nmpr,topo,F:unclassified-name,Other Tanakh
144304,1421644,454571,1 Samuel,6,8,יהוה,nmpr,pers,E:YHWH,Other Tanakh
144308,1421644,454572,1 Samuel,6,8,אל,prep,,C:divine-title-candidate,Other Tanakh
144337,1421645,454578,1 Samuel,6,9,בית שמש,nmpr,topo,F:unclassified-name,Other Tanakh
144388,1421647,454589,1 Samuel,6,11,יהוה,nmpr,pers,E:YHWH,Other Tanakh
144389,1421647,454589,1 Samuel,6,11,אל,prep,,C:divine-title-candidate,Other Tanakh
144414,1421648,454590,1 Samuel,6,12,בית שמש,nmpr,topo,F:unclassified-name,Other Tanakh
144435,1421648,454593,1 Samuel,6,12,בית שמש,nmpr,topo,F:unclassified-name,Other Tanakh
144437,1421649,454594,1 Samuel,6,13,בית שמש,nmpr,topo,F:unclassified-name,Other Tanakh
144461,1421650,454599,1 Samuel,6,14,אל,prep,,C:divine-title-candidate,Other Tanakh
144463,1421650,454599,1 Samuel,6,14,יהושע,nmpr,pers,A:person-candidate,Other Tanakh
144487,1421650,454603,1 Samuel,6,14,יהוה,nmpr,pers,E:YHWH,Other Tanakh
144494,1421651,454604,1 Samuel,6,15,יהוה,nmpr,pers,E:YHWH,Other Tanakh
144507,1421651,454607,1 Samuel,6,15,אל,prep,,C:divine-title-candidate,Other Tanakh
144514,1421651,454608,1 Samuel,6,15,בית שמש,nmpr,topo,F:unclassified-name,Other Tanakh
144526,1421651,454609,1 Samuel,6,15,יהוה,nmpr,pers,E:YHWH,Other Tanakh
144534,1421652,454611,1 Samuel,6,16,עקרון,nmpr,topo,F:unclassified-name,Other Tanakh
144550,1421653,454613,1 Samuel,6,17,יהוה,nmpr,pers,E:YHWH,Other Tanakh
144552,1421653,454614,1 Samuel,6,17,אשדוד,nmpr,topo,F:unclassified-name,Other Tanakh
144555,1421653,454615,1 Samuel,6,17,עזה,nmpr,topo,F:unclassified-name,Other Tanakh
144558,1421653,454616,1 Samuel,6,17,אשקלון,nmpr,topo,F:unclassified-name,Other Tanakh
144561,1421653,454617,1 Samuel,6,17,גת,nmpr,topo,F:unclassified-name,Other Tanakh
144564,1421653,454618,1 Samuel,6,17,עקרון,nmpr,topo,F:unclassified-name,Other Tanakh
144596,1421654,454620,1 Samuel,6,18,יהוה,nmpr,pers,E:YHWH,Other Tanakh
144604,1421654,454621,1 Samuel,6,18,יהושע,nmpr,pers,A:person-candidate,Other Tanakh
144612,1421655,454622,1 Samuel,6,19,בית שמש,nmpr,topo,F:unclassified-name,Other Tanakh
144617,1421655,454623,1 Samuel,6,19,יהוה,nmpr,pers,E:YHWH,Other Tanakh
144634,1421655,454626,1 Samuel,6,19,יהוה,nmpr,pers,E:YHWH,Other Tanakh
144643,1421656,454627,1 Samuel,6,20,בית שמש,nmpr,topo,F:unclassified-name,Other Tanakh
144650,1421656,454629,1 Samuel,6,20,יהוה,nmpr,pers,E:YHWH,Other Tanakh
144652,1421656,454629,1 Samuel,6,20,אלהים,subs,,D:Elohim,Other Tanakh
144658,1421656,454630,1 Samuel,6,20,אל,prep,,C:divine-title-candidate,Other Tanakh
144666,1421657,454631,1 Samuel,6,21,אל,prep,,C:divine-title-candidate,Other Tanakh
144668,1421657,454631,1 Samuel,6,21,קרית יערים,nmpr,topo,F:unclassified-name,Other Tanakh
144675,1421657,454633,1 Samuel,6,21,יהוה,nmpr,pers,E:YHWH,Other Tanakh
144679,1421657,454635,1 Samuel,6,21,אל,prep,,C:divine-title-candidate,Other Tanakh
144683,1421658,454636,1 Samuel,7,1,קרית יערים,nmpr,topo,F:unclassified-name,Other Tanakh
144688,1421658,454637,1 Samuel,7,1,יהוה,nmpr,pers,E:YHWH,Other Tanakh
144692,1421658,454638,1 Samuel,7,1,אל,prep,,C:divine-title-candidate,Other Tanakh
144694,1421658,454638,1 Samuel,7,1,אבינדב,nmpr,pers,A:person-candidate,Other Tanakh
144700,1421658,454639,1 Samuel,7,1,אלעזר,nmpr,pers,A:person-candidate,Other Tanakh
144707,1421658,454640,1 Samuel,7,1,יהוה,nmpr,pers,E:YHWH,Other Tanakh
144716,1421659,454642,1 Samuel,7,2,קרית יערים,nmpr,topo,F:unclassified-name,Other Tanakh
144729,1421659,454645,1 Samuel,7,2,ישראל,nmpr,"pers,gens,topo",F:unclassified-name,Other Tanakh
144731,1421659,454645,1 Samuel,7,2,יהוה,nmpr,pers,E:YHWH,Other Tanakh
144734,1421660,454646,1 Samuel,7,3,שמואל,nmpr,pers,A:person-candidate,Other Tanakh
144735,1421660,454646,1 Samuel,7,3,אל,prep,,C:divine-title-candidate,Other Tanakh
144738,1421660,454646,1 Samuel,7,3,ישראל,nmpr,"pers,gens,topo",F:unclassified-name,Other Tanakh
144747,1421660,454648,1 Samuel,7,3,אל,prep,,C:divine-title-candidate,Other Tanakh
144748,1421660,454648,1 Samuel,7,3,יהוה,nmpr,pers,E:YHWH,Other Tanakh
144751,1421660,454649,1 Samuel,7,3,אלהים,subs,,D:Elohim,Other Tanakh
144758,1421660,454649,1 Samuel,7,3,עשתרת,subs,,B:deity-candidate,Other Tanakh
144762,1421660,454650,1 Samuel,7,3,אל,prep,,C:divine-title-candidate,Other Tanakh
144763,1421660,454650,1 Samuel,7,3,יהוה,nmpr,pers,E:YHWH,Other Tanakh
144777,1421661,454653,1 Samuel,7,4,ישראל,nmpr,"pers,gens,topo",F:unclassified-name,Other Tanakh
144780,1421661,454653,1 Samuel,7,4,בעל,subs,,B:deity-candidate,Other Tanakh
144784,1421661,454653,1 Samuel,7,4,עשתרת,subs,,B:deity-candidate,Other Tanakh
144788,1421661,454654,1 Samuel,7,4,יהוה,nmpr,pers,E:YHWH,Other Tanakh
144793,1421662,454655,1 Samuel,7,5,שמואל,nmpr,pers,A:person-candidate,Other Tanakh
144797,1421662,454656,1 Samuel,7,5,ישראל,nmpr,"pers,gens,topo",F:unclassified-name,Other Tanakh
144799,1421662,454656,1 Samuel,7,5,מצפה,nmpr,topo,F:unclassified-name,Other Tanakh
144803,1421662,454657,1 Samuel,7,5,אל,prep,,C:divine-title-candidate,Other Tanakh
144804,1421662,454657,1 Samuel,7,5,יהוה,nmpr,pers,E:YHWH,Other Tanakh
144808,1421663,454658,1 Samuel,7,6,מצפה,nmpr,topo,F:unclassified-name,Other Tanakh
144816,1421663,454660,1 Samuel,7,6,יהוה,nmpr,pers,E:YHWH,Other Tanakh
144829,1421663,454663,1 Samuel,7,6,יהוה,nmpr,pers,E:YHWH,Other Tanakh
144832,1421663,454664,1 Samuel,7,6,שמואל,nmpr,pers,A:person-candidate,Other Tanakh
144835,1421663,454664,1 Samuel,7,6,ישראל,nmpr,"pers,gens,topo",F:unclassified-name,Other Tanakh
144838,1421663,454664,1 Samuel,7,6,מצפה,nmpr,topo,F:unclassified-name,Other Tanakh
144845,1421664,454666,1 Samuel,7,7,ישראל,nmpr,"pers,gens,topo",F:unclassified-name,Other Tanakh
144847,1421664,454666,1 Samuel,7,7,מצפה,nmpr,topo,F:unclassified-name,Other Tanakh
144852,1421664,454667,1 Samuel,7,7,אל,prep,,C:divine-title-candidate,Other Tanakh
144853,1421664,454667,1 Samuel,7,7,ישראל,nmpr,"pers,gens,topo",F:unclassified-name,Other Tanakh
144857,1421664,454668,1 Samuel,7,7,ישראל,nmpr,"pers,gens,topo",F:unclassified-name,Other Tanakh
144866,1421665,454670,1 Samuel,7,8,ישראל,nmpr,"pers,gens,topo",F:unclassified-name,Other Tanakh
144867,1421665,454670,1 Samuel,7,8,אל,prep,,C:divine-title-candidate,Other Tanakh
144868,1421665,454670,1 Samuel,7,8,שמואל,nmpr,pers,A:person-candidate,Other Tanakh
144869,1421665,454671,1 Samuel,7,8,אל,nega,,C:divine-title-candidate,Other Tanakh
144874,1421665,454672,1 Samuel,7,8,אל,prep,,C:divine-title-candidate,Other Tanakh
144875,1421665,454672,1 Samuel,7,8,יהוה,nmpr,pers,E:YHWH,Other Tanakh
144876,1421665,454672,1 Samuel,7,8,אלהים,subs,,D:Elohim,Other Tanakh
144884,1421666,454674,1 Samuel,7,9,שמואל,nmpr,pers,A:person-candidate,Other Tanakh
144893,1421666,454675,1 Samuel,7,9,יהוה,nmpr,pers,E:YHWH,Other Tanakh
144896,1421666,454676,1 Samuel,7,9,שמואל,nmpr,pers,A:person-candidate,Other Tanakh
144897,1421666,454676,1 Samuel,7,9,אל,prep,,C:divine-title-candidate,Other Tanakh
144898,1421666,454676,1 Samuel,7,9,יהוה,nmpr,pers,E:YHWH,Other Tanakh
144900,1421666,454676,1 Samuel,7,9,ישראל,nmpr,"pers,gens,topo",F:unclassified-name,Other Tanakh
144903,1421666,454677,1 Samuel,7,9,יהוה,nmpr,pers,E:YHWH,Other Tanakh
144906,1421667,454679,1 Samuel,7,10,שמואל,nmpr,pers,A:person-candidate,Other Tanakh
144917,1421667,454680,1 Samuel,7,10,ישראל,nmpr,"pers,gens,topo",F:unclassified-name,Other Tanakh
144920,1421667,454681,1 Samuel,7,10,יהוה,nmpr,pers,E:YHWH,Other Tanakh
144937,1421667,454683,1 Samuel,7,10,ישראל,nmpr,"pers,gens,topo",F:unclassified-name,Other Tanakh
144941,1421668,454684,1 Samuel,7,11,ישראל,nmpr,"pers,gens,topo",F:unclassified-name,Other Tanakh
144944,1421668,454684,1 Samuel,7,11,מצפה,nmpr,topo,F:unclassified-name,Other Tanakh
144955,1421668,454686,1 Samuel,7,11,בית כר,nmpr,topo,F:unclassified-name,Other Tanakh
144958,1421669,454687,1 Samuel,7,12,שמואל,nmpr,pers,A:person-candidate,Other Tanakh
144965,1421669,454688,1 Samuel,7,12,מצפה,nmpr,topo,F:unclassified-name,Other Tanakh
144969,1421669,454688,1 Samuel,7,12,שן,nmpr,topo,F:unclassified-name,Other Tanakh
144974,1421669,454689,1 Samuel,7,12,אבן העזר,nmpr,topo,F:unclassified-name,Other Tanakh
144980,1421669,454691,1 Samuel,7,12,יהוה,nmpr,pers,E:YHWH,Other Tanakh
144993,1421670,454694,1 Samuel,7,13,ישראל,nmpr,"pers,gens,topo",F:unclassified-name,Other Tanakh
144997,1421670,454695,1 Samuel,7,13,יהוה,nmpr,pers,E:YHWH,Other Tanakh
145003,1421670,454695,1 Samuel,7,13,שמואל,nmpr,pers,A:person-candidate,Other Tanakh
145013,1421671,454697,1 Samuel,7,14,ישראל,nmpr,"pers,gens,topo",F:unclassified-name,Other Tanakh
145015,1421671,454696,1 Samuel,7,14,ישראל,nmpr,"pers,gens,topo",F:unclassified-name,Other Tanakh
145017,1421671,454696,1 Samuel,7,14,עקרון,nmpr,topo,F:unclassified-name,Other Tanakh
145020,1421671,454696,1 Samuel,7,14,גת,nmpr,topo,F:unclassified-name,Other Tanakh
145025,1421671,454698,1 Samuel,7,14,ישראל,nmpr,"pers,gens,topo",F:unclassified-name,Other Tanakh
145033,1421671,454699,1 Samuel,7,14,ישראל,nmpr,"pers,gens,topo",F:unclassified-name,Other Tanakh
145040,1421672,454700,1 Samuel,7,15,שמואל,nmpr,pers,A:person-candidate,Other Tanakh
145042,1421672,454700,1 Samuel,7,15,ישראל,nmpr,"pers,gens,topo",F:unclassified-name,Other Tanakh
145055,1421673,454702,1 Samuel,7,16,בית אל,nmpr,topo,F:unclassified-name,Other Tanakh
145058,1421673,454702,1 Samuel,7,16,גלגל,nmpr,topo,F:unclassified-name,Other Tanakh
145061,1421673,454702,1 Samuel,7,16,מצפה,nmpr,topo,F:unclassified-name,Other Tanakh
145065,1421673,454703,1 Samuel,7,16,ישראל,nmpr,"pers,gens,topo",F:unclassified-name,Other Tanakh
145075,1421674,454704,1 Samuel,7,17,רמה,nmpr,topo,F:unclassified-name,Other Tanakh
145083,1421674,454706,1 Samuel,7,17,ישראל,nmpr,"pers,gens,topo",F:unclassified-name,Other Tanakh
145089,1421674,454707,1 Samuel,7,17,יהוה,nmpr,pers,E:YHWH,Other Tanakh
145095,1421675,454709,1 Samuel,8,1,שמואל,nmpr,pers,A:person-candidate,Other Tanakh
145102,1421675,454710,1 Samuel,8,1,ישראל,nmpr,"pers,gens,topo",F:unclassified-name,Other Tanakh
145109,1421676,454711,1 Samuel,8,2,יואל,nmpr,pers,A:person-candidate,Other Tanakh
145113,1421676,454712,1 Samuel,8,2,אביה,nmpr,pers,A:person-candidate,Other Tanakh
145117,1421676,454713,1 Samuel,8,2,שבע,nmpr,topo,F:unclassified-name,Other Tanakh
145139,1421678,454718,1 Samuel,8,4,ישראל,nmpr,"pers,gens,topo",F:unclassified-name,Other Tanakh
145142,1421678,454719,1 Samuel,8,4,אל,prep,,C:divine-title-candidate,Other Tanakh
145143,1421678,454719,1 Samuel,8,4,שמואל,nmpr,pers,A:person-candidate,Other Tanakh
145145,1421678,454719,1 Samuel,8,4,רמה,nmpr,topo,F:unclassified-name,Other Tanakh
145148,1421679,454720,1 Samuel,8,5,אל,prep,,C:divine-title-candidate,Other Tanakh
145161,1421679,454723,1 Samuel,8,5,מלך,subs,,B:deity-candidate,Other Tanakh
145174,1421680,454725,1 Samuel,8,6,שמואל,nmpr,pers,A:person-candidate,Other Tanakh
145180,1421680,454727,1 Samuel,8,6,מלך,subs,,B:deity-candidate,Other Tanakh
145185,1421680,454729,1 Samuel,8,6,שמואל,nmpr,pers,A:person-candidate,Other Tanakh
145186,1421680,454729,1 Samuel,8,6,אל,prep,,C:divine-title-candidate,Other Tanakh
145187,1421680,454729,1 Samuel,8,6,יהוה,nmpr,pers,E:YHWH,Other Tanakh
145190,1421681,454730,1 Samuel,8,7,יהוה,nmpr,pers,E:YHWH,Other Tanakh
145191,1421681,454730,1 Samuel,8,7,אל,prep,,C:divine-title-candidate,Other Tanakh
145192,1421681,454730,1 Samuel,8,7,שמואל,nmpr,pers,A:person-candidate,Other Tanakh
145202,1421681,454732,1 Samuel,8,7,אל,prep,,C:divine-title-candidate,Other Tanakh
145211,1421681,454735,1 Samuel,8,7,מלך,verb,,B:deity-candidate,Other Tanakh
145224,1421682,454738,1 Samuel,8,8,מצרים,nmpr,topo,F:unclassified-name,Other Tanakh
145235,1421682,454741,1 Samuel,8,8,אלהים,subs,,D:Elohim,Other Tanakh
145257,1421683,454745,1 Samuel,8,9,מלך,subs,,B:deity-candidate,Other Tanakh
145259,1421683,454746,1 Samuel,8,9,מלך,verb,,B:deity-candidate,Other Tanakh
145263,1421684,454747,1 Samuel,8,10,שמואל,nmpr,pers,A:person-candidate,Other Tanakh
145267,1421684,454747,1 Samuel,8,10,יהוה,nmpr,pers,E:YHWH,Other Tanakh
145268,1421684,454747,1 Samuel,8,10,אל,prep,,C:divine-title-candidate,Other Tanakh
145275,1421684,454748,1 Samuel,8,10,מלך,subs,,B:deity-candidate,Other Tanakh
145282,1421685,454750,1 Samuel,8,11,מלך,subs,,B:deity-candidate,Other Tanakh
145284,1421685,454751,1 Samuel,8,11,מלך,verb,,B:deity-candidate,Other Tanakh
145403,1421692,454768,1 Samuel,8,18,מלך,subs,,B:deity-candidate,Other Tanakh
145410,1421692,454770,1 Samuel,8,18,יהוה,nmpr,pers,E:YHWH,Other Tanakh
145425,1421693,454772,1 Samuel,8,19,שמואל,nmpr,pers,A:person-candidate,Other Tanakh
145431,1421693,454775,1 Samuel,8,19,מלך,subs,,B:deity-candidate,Other Tanakh
145444,1421694,454777,1 Samuel,8,20,מלך,subs,,B:deity-candidate,Other Tanakh
145455,1421695,454780,1 Samuel,8,21,שמואל,nmpr,pers,A:person-candidate,Other Tanakh
145465,1421695,454781,1 Samuel,8,21,יהוה,nmpr,pers,E:YHWH,Other Tanakh
145468,1421696,454782,1 Samuel,8,22,יהוה,nmpr,pers,E:YHWH,Other Tanakh
145469,1421696,454782,1 Samuel,8,22,אל,prep,,C:divine-title-candidate,Other Tanakh
145470,1421696,454782,1 Samuel,8,22,שמואל,nmpr,pers,A:person-candidate,Other Tanakh
145475,1421696,454784,1 Samuel,8,22,מלך,verb,,B:deity-candidate,Other Tanakh
145477,1421696,454784,1 Samuel,8,22,מלך,subs,,B:deity-candidate,Other Tanakh
145480,1421696,454785,1 Samuel,8,22,שמואל,nmpr,pers,A:person-candidate,Other Tanakh
145481,1421696,454785,1 Samuel,8,22,אל,prep,,C:divine-title-candidate,Other Tanakh
145483,1421696,454785,1 Samuel,8,22,ישראל,nmpr,"pers,gens,topo",F:unclassified-name,Other Tanakh
145492,1421697,454788,1 Samuel,9,1,בנימן,nmpr,"pers,gens,topo",F:unclassified-name,Other Tanakh
145495,1421697,454789,1 Samuel,9,1,קיש,nmpr,pers,A:person-candidate,Other Tanakh
145497,1421697,454789,1 Samuel,9,1,אביאל,nmpr,pers,A:person-candidate,Other Tanakh
145499,1421697,454789,1 Samuel,9,1,צרור,nmpr,pers,A:person-candidate,Other Tanakh
145501,1421697,454789,1 Samuel,9,1,בכורת,nmpr,pers,A:person-candidate,Other Tanakh
145503,1421697,454789,1 Samuel,9,1,אפיח,nmpr,pers,A:person-candidate,Other Tanakh
145515,1421698,454793,1 Samuel,9,2,שאול,nmpr,pers,A:person-candidate,Other Tanakh
145524,1421698,454795,1 Samuel,9,2,ישראל,nmpr,"pers,gens,topo",F:unclassified-name,Other Tanakh
145541,1421699,454797,1 Samuel,9,3,קיש,nmpr,pers,A:person-candidate,Other Tanakh
145543,1421699,454797,1 Samuel,9,3,שאול,nmpr,pers,A:person-candidate,Other Tanakh
145546,1421699,454798,1 Samuel,9,3,קיש,nmpr,pers,A:person-candidate,Other Tanakh
145547,1421699,454798,1 Samuel,9,3,אל,prep,,C:divine-title-candidate,Other Tanakh
145548,1421699,454798,1 Samuel,9,3,שאול,nmpr,pers,A:person-candidate,Other Tanakh
145569,1421700,454803,1 Samuel,9,4,אפרים,nmpr,"pers,gens,topo",F:unclassified-name,Other Tanakh
145574,1421700,454804,1 Samuel,9,4,שלשה,nmpr,topo,F:unclassified-name,Other Tanakh
145582,1421700,454806,1 Samuel,9,4,שעלים,nmpr,topo,F:unclassified-name,Other Tanakh
145597,1421701,454810,1 Samuel,9,5,צוף,nmpr,pers,A:person-candidate,Other Tanakh
145599,1421701,454811,1 Samuel,9,5,שאול,nmpr,pers,A:person-candidate,Other Tanakh
145623,1421702,454818,1 Samuel,9,6,אלהים,subs,,D:Elohim,Other Tanakh
145651,1421703,454825,1 Samuel,9,7,שאול,nmpr,pers,A:person-candidate,Other Tanakh
145677,1421703,454830,1 Samuel,9,7,אלהים,subs,,D:Elohim,Other Tanakh
145687,1421704,454833,1 Samuel,9,8,שאול,nmpr,pers,A:person-candidate,Other Tanakh
145702,1421704,454836,1 Samuel,9,8,אלהים,subs,,D:Elohim,Other Tanakh
145711,1421705,454838,1 Samuel,9,9,ישראל,nmpr,"pers,gens,topo",F:unclassified-name,Other Tanakh
145720,1421705,454840,1 Samuel,9,9,אלהים,subs,,D:Elohim,Other Tanakh
145740,1421706,454844,1 Samuel,9,10,שאול,nmpr,pers,A:person-candidate,Other Tanakh
145749,1421706,454848,1 Samuel,9,10,אל,prep,,C:divine-title-candidate,Other Tanakh
145756,1421706,454849,1 Samuel,9,10,אלהים,subs,,D:Elohim,Other Tanakh
145861,1421710,454878,1 Samuel,9,14,שמואל,nmpr,pers,A:person-candidate,Other Tanakh
145870,1421711,454881,1 Samuel,9,15,יהוה,nmpr,pers,E:YHWH,Other Tanakh
145874,1421711,454881,1 Samuel,9,15,שמואל,nmpr,pers,A:person-candidate,Other Tanakh
145880,1421711,454882,1 Samuel,9,15,שאול,nmpr,pers,A:person-candidate,Other Tanakh
145888,1421712,454884,1 Samuel,9,16,אל,prep,,C:divine-title-candidate,Other Tanakh
145892,1421712,454884,1 Samuel,9,16,בנימן,nmpr,"pers,gens,topo",F:unclassified-name,Other Tanakh
145899,1421712,454885,1 Samuel,9,16,ישראל,nmpr,"pers,gens,topo",F:unclassified-name,Other Tanakh
145914,1421712,454888,1 Samuel,9,16,אל,prep,,C:divine-title-candidate,Other Tanakh
145916,1421713,454889,1 Samuel,9,17,שמואל,nmpr,pers,A:person-candidate,Other Tanakh
145919,1421713,454889,1 Samuel,9,17,שאול,nmpr,pers,A:person-candidate,Other Tanakh
145921,1421713,454890,1 Samuel,9,17,יהוה,nmpr,pers,E:YHWH,Other Tanakh
145928,1421713,454892,1 Samuel,9,17,אל,prep,,C:divine-title-candidate,Other Tanakh
145935,1421714,454894,1 Samuel,9,18,שאול,nmpr,pers,A:person-candidate,Other Tanakh
145937,1421714,454894,1 Samuel,9,18,שמואל,nmpr,pers,A:person-candidate,Other Tanakh
145954,1421715,454898,1 Samuel,9,19,שמואל,nmpr,pers,A:person-candidate,Other Tanakh
145956,1421715,454898,1 Samuel,9,19,שאול,nmpr,pers,A:person-candidate,Other Tanakh
145996,1421716,454908,1 Samuel,9,20,אל,nega,,C:divine-title-candidate,Other Tanakh
146008,1421716,454910,1 Samuel,9,20,ישראל,nmpr,"pers,gens,topo",F:unclassified-name,Other Tanakh
146019,1421717,454912,1 Samuel,9,21,שאול,nmpr,pers,A:person-candidate,Other Tanakh
146030,1421717,454914,1 Samuel,9,21,ישראל,nmpr,"pers,gens,topo",F:unclassified-name,Other Tanakh
146039,1421717,454915,1 Samuel,9,21,בנימן,nmpr,"pers,gens,topo",F:unclassified-name,Other Tanakh
146043,1421717,454916,1 Samuel,9,21,אל,prep,,C:divine-title-candidate,Other Tanakh
146051,1421718,454917,1 Samuel,9,22,שמואל,nmpr,pers,A:person-candidate,Other Tanakh
146053,1421718,454917,1 Samuel,9,22,שאול,nmpr,pers,A:person-candidate,Other Tanakh
146075,1421719,454921,1 Samuel,9,23,שמואל,nmpr,pers,A:person-candidate,Other Tanakh
146088,1421719,454924,1 Samuel,9,23,אל,prep,,C:divine-title-candidate,Other Tanakh
146106,1421720,454928,1 Samuel,9,24,שאול,nmpr,pers,A:person-candidate,Other Tanakh
146129,1421720,454937,1 Samuel,9,24,שאול,nmpr,pers,A:person-candidate,Other Tanakh
146131,1421720,454937,1 Samuel,9,24,שמואל,nmpr,pers,A:person-candidate,Other Tanakh
146147,1421721,454939,1 Samuel,9,25,שאול,nmpr,pers,A:person-candidate,Other Tanakh
146161,1421722,454943,1 Samuel,9,26,שמואל,nmpr,pers,A:person-candidate,Other Tanakh
146162,1421722,454943,1 Samuel,9,26,אל,prep,,C:divine-title-candidate,Other Tanakh
146163,1421722,454943,1 Samuel,9,26,שאול,nmpr,pers,A:person-candidate,Other Tanakh
146173,1421722,454947,1 Samuel,9,26,שאול,nmpr,pers,A:person-candidate,Other Tanakh
146179,1421722,454948,1 Samuel,9,26,שמואל,nmpr,pers,A:person-candidate,Other Tanakh
146189,1421723,454950,1 Samuel,9,27,שמואל,nmpr,pers,A:person-candidate,Other Tanakh
146191,1421723,454950,1 Samuel,9,27,אל,prep,,C:divine-title-candidate,Other Tanakh
146192,1421723,454950,1 Samuel,9,27,שאול,nmpr,pers,A:person-candidate,Other Tanakh
146213,1421723,454955,1 Samuel,9,27,אלהים,subs,,D:Elohim,Other Tanakh
146216,1421724,454956,1 Samuel,10,1,שמואל,nmpr,pers,A:person-candidate,Other Tanakh
146233,1421724,454961,1 Samuel,10,1,יהוה,nmpr,pers,E:YHWH,Other Tanakh
146250,1421725,454963,1 Samuel,10,2,רחל,nmpr,pers,A:person-candidate,Other Tanakh
146253,1421725,454963,1 Samuel,10,2,בנימן,nmpr,"pers,gens,topo",F:unclassified-name,Other Tanakh
146255,1421725,454963,1 Samuel,10,2,צלצח,nmpr,topo,F:unclassified-name,Other Tanakh
146258,1421725,454964,1 Samuel,10,2,אל,prep,,C:divine-title-candidate,Other Tanakh
146293,1421726,454973,1 Samuel,10,3,תבור,nmpr,topo,F:unclassified-name,Other Tanakh
146300,1421726,454975,1 Samuel,10,3,אל,prep,,C:divine-title-candidate,Other Tanakh
146302,1421726,454975,1 Samuel,10,3,אלהים,subs,,D:Elohim,Other Tanakh
146303,1421726,454975,1 Samuel,10,3,בית אל,nmpr,topo,F:unclassified-name,Other Tanakh
146338,1421728,454982,1 Samuel,10,5,אלהים,subs,,D:Elohim,Other Tanakh
146375,1421729,454990,1 Samuel,10,6,יהוה,nmpr,pers,E:YHWH,Other Tanakh
146400,1421730,454997,1 Samuel,10,7,אלהים,subs,,D:Elohim,Other Tanakh
146407,1421731,454998,1 Samuel,10,8,גלגל,nmpr,topo,F:unclassified-name,Other Tanakh
146412,1421731,455000,1 Samuel,10,8,אל,prep,,C:divine-title-candidate,Other Tanakh
146425,1421731,455004,1 Samuel,10,8,אל,prep,,C:divine-title-candidate,Other Tanakh
146441,1421732,455009,1 Samuel,10,9,שמואל,nmpr,pers,A:person-candidate,Other Tanakh
146445,1421732,455010,1 Samuel,10,9,אלהים,subs,,D:Elohim,Other Tanakh
146464,1421733,455012,1 Samuel,10,10,גבעה,nmpr,topo,F:unclassified-name,Other Tanakh
146475,1421733,455015,1 Samuel,10,10,אלהים,subs,,D:Elohim,Other Tanakh
146499,1421734,455022,1 Samuel,10,11,אל,prep,,C:divine-title-candidate,Other Tanakh
146506,1421734,455023,1 Samuel,10,11,קיש,nmpr,pers,A:person-candidate,Other Tanakh
146509,1421734,455024,1 Samuel,10,11,שאול,nmpr,pers,A:person-candidate,Other Tanakh
146530,1421735,455029,1 Samuel,10,12,שאול,nmpr,pers,A:person-candidate,Other Tanakh
146544,1421737,455033,1 Samuel,10,14,דוד,subs,,A:person-candidate,Other Tanakh
146545,1421737,455033,1 Samuel,10,14,שאול,nmpr,pers,A:person-candidate,Other Tanakh
146546,1421737,455033,1 Samuel,10,14,אל,prep,,C:divine-title-candidate,Other Tanakh
146548,1421737,455033,1 Samuel,10,14,אל,prep,,C:divine-title-candidate,Other Tanakh
146565,1421737,455039,1 Samuel,10,14,אל,prep,,C:divine-title-candidate,Other Tanakh
146566,1421737,455039,1 Samuel,10,14,שמואל,nmpr,pers,A:person-candidate,Other Tanakh
146569,1421738,455040,1 Samuel,10,15,דוד,subs,,A:person-candidate,Other Tanakh
146570,1421738,455040,1 Samuel,10,15,שאול,nmpr,pers,A:person-candidate,Other Tanakh
146577,1421738,455042,1 Samuel,10,15,שמואל,nmpr,pers,A:person-candidate,Other Tanakh
146580,1421739,455043,1 Samuel,10,16,שאול,nmpr,pers,A:person-candidate,Other Tanakh
146581,1421739,455043,1 Samuel,10,16,אל,prep,,C:divine-title-candidate,Other Tanakh
146582,1421739,455043,1 Samuel,10,16,דוד,subs,,A:person-candidate,Other Tanakh
146600,1421739,455047,1 Samuel,10,16,שמואל,nmpr,pers,A:person-candidate,Other Tanakh
146603,1421740,455048,1 Samuel,10,17,שמואל,nmpr,pers,A:person-candidate,Other Tanakh
146607,1421740,455048,1 Samuel,10,17,אל,prep,,C:divine-title-candidate,Other Tanakh
146608,1421740,455048,1 Samuel,10,17,יהוה,nmpr,pers,E:YHWH,Other Tanakh
146610,1421740,455048,1 Samuel,10,17,מצפה,nmpr,topo,F:unclassified-name,Other Tanakh
146613,1421741,455049,1 Samuel,10,18,אל,prep,,C:divine-title-candidate,Other Tanakh
146615,1421741,455049,1 Samuel,10,18,ישראל,nmpr,"pers,gens,topo",F:unclassified-name,Other Tanakh
146618,1421741,455050,1 Samuel,10,18,יהוה,nmpr,pers,E:YHWH,Other Tanakh
146619,1421741,455050,1 Samuel,10,18,אלהים,subs,,D:Elohim,Other Tanakh
146620,1421741,455050,1 Samuel,10,18,ישראל,nmpr,"pers,gens,topo",F:unclassified-name,Other Tanakh
146624,1421741,455051,1 Samuel,10,18,ישראל,nmpr,"pers,gens,topo",F:unclassified-name,Other Tanakh
146626,1421741,455051,1 Samuel,10,18,מצרים,nmpr,topo,F:unclassified-name,Other Tanakh
146632,1421741,455052,1 Samuel,10,18,מצרים,nmpr,topo,F:unclassified-name,Other Tanakh
146648,1421742,455054,1 Samuel,10,19,אלהים,subs,,D:Elohim,Other Tanakh
146662,1421742,455057,1 Samuel,10,19,מלך,subs,,B:deity-candidate,Other Tanakh
146670,1421742,455059,1 Samuel,10,19,יהוה,nmpr,pers,E:YHWH,Other Tanakh
146678,1421743,455060,1 Samuel,10,20,שמואל,nmpr,pers,A:person-candidate,Other Tanakh
146682,1421743,455060,1 Samuel,10,20,ישראל,nmpr,"pers,gens,topo",F:unclassified-name,Other Tanakh
146686,1421743,455061,1 Samuel,10,20,בנימן,nmpr,"pers,gens,topo",F:unclassified-name,Other Tanakh
146691,1421744,455062,1 Samuel,10,21,בנימן,nmpr,"pers,gens,topo",F:unclassified-name,Other Tanakh
146701,1421744,455064,1 Samuel,10,21,שאול,nmpr,pers,A:person-candidate,Other Tanakh
146703,1421744,455064,1 Samuel,10,21,קיש,nmpr,pers,A:person-candidate,Other Tanakh
146713,1421745,455067,1 Samuel,10,22,יהוה,nmpr,pers,E:YHWH,Other Tanakh
146721,1421745,455069,1 Samuel,10,22,יהוה,nmpr,pers,E:YHWH,Other Tanakh
146725,1421745,455070,1 Samuel,10,22,אל,prep,,C:divine-title-candidate,Other Tanakh
146752,1421747,455075,1 Samuel,10,24,שמואל,nmpr,pers,A:person-candidate,Other Tanakh
146753,1421747,455075,1 Samuel,10,24,אל,prep,,C:divine-title-candidate,Other Tanakh
146762,1421747,455077,1 Samuel,10,24,יהוה,nmpr,pers,E:YHWH,Other Tanakh
146779,1421747,455081,1 Samuel,10,24,מלך,subs,,B:deity-candidate,Other Tanakh
146782,1421748,455082,1 Samuel,10,25,שמואל,nmpr,pers,A:person-candidate,Other Tanakh
146783,1421748,455082,1 Samuel,10,25,אל,prep,,C:divine-title-candidate,Other Tanakh
146799,1421748,455084,1 Samuel,10,25,יהוה,nmpr,pers,E:YHWH,Other Tanakh
146802,1421748,455085,1 Samuel,10,25,שמואל,nmpr,pers,A:person-candidate,Other Tanakh
146812,1421749,455086,1 Samuel,10,26,שאול,nmpr,pers,A:person-candidate,Other Tanakh
146816,1421749,455086,1 Samuel,10,26,גבעה,nmpr,topo,F:unclassified-name,Other Tanakh
146824,1421749,455088,1 Samuel,10,26,אלהים,subs,,D:Elohim,Other Tanakh
146847,1421751,455094,1 Samuel,11,1,נחש,nmpr,pers,A:person-candidate,Other Tanakh
146853,1421751,455095,1 Samuel,11,1,יביש,nmpr,topo,F:unclassified-name,Other Tanakh
146854,1421751,455095,1 Samuel,11,1,גלעד,nmpr,topo,F:unclassified-name,Other Tanakh
146859,1421751,455096,1 Samuel,11,1,יביש,nmpr,topo,F:unclassified-name,Other Tanakh
146860,1421751,455096,1 Samuel,11,1,אל,prep,,C:divine-title-candidate,Other Tanakh
146861,1421751,455096,1 Samuel,11,1,נחש,nmpr,pers,A:person-candidate,Other Tanakh
146869,1421752,455099,1 Samuel,11,2,אל,prep,,C:divine-title-candidate,Other Tanakh
146870,1421752,455099,1 Samuel,11,2,נחש,nmpr,pers,A:person-candidate,Other Tanakh
146888,1421752,455102,1 Samuel,11,2,ישראל,nmpr,"pers,gens,topo",F:unclassified-name,Other Tanakh
146891,1421753,455103,1 Samuel,11,3,אל,prep,,C:divine-title-candidate,Other Tanakh
146893,1421753,455103,1 Samuel,11,3,יביש,nmpr,topo,F:unclassified-name,Other Tanakh
146904,1421753,455105,1 Samuel,11,3,ישראל,nmpr,"pers,gens,topo",F:unclassified-name,Other Tanakh
146912,1421753,455108,1 Samuel,11,3,אל,prep,,C:divine-title-candidate,Other Tanakh
146918,1421754,455109,1 Samuel,11,4,שאול,nmpr,pers,A:person-candidate,Other Tanakh
146938,1421755,455114,1 Samuel,11,5,שאול,nmpr,pers,A:person-candidate,Other Tanakh
146948,1421755,455115,1 Samuel,11,5,שאול,nmpr,pers,A:person-candidate,Other Tanakh
146961,1421755,455118,1 Samuel,11,5,יביש,nmpr,topo,F:unclassified-name,Other Tanakh
146965,1421756,455119,1 Samuel,11,6,אלהים,subs,,D:Elohim,Other Tanakh
146967,1421756,455119,1 Samuel,11,6,שאול,nmpr,pers,A:person-candidate,Other Tanakh
146990,1421757,455124,1 Samuel,11,7,ישראל,nmpr,"pers,gens,topo",F:unclassified-name,Other Tanakh
147001,1421757,455126,1 Samuel,11,7,שאול,nmpr,pers,A:person-candidate,Other Tanakh
147004,1421757,455126,1 Samuel,11,7,שמואל,nmpr,pers,A:person-candidate,Other Tanakh
147012,1421757,455128,1 Samuel,11,7,יהוה,nmpr,pers,E:YHWH,Other Tanakh
147024,1421758,455130,1 Samuel,11,8,בזק,nmpr,topo,F:unclassified-name,Other Tanakh
147028,1421758,455131,1 Samuel,11,8,ישראל,nmpr,"pers,gens,topo",F:unclassified-name,Other Tanakh
147034,1421758,455132,1 Samuel,11,8,יהודה,nmpr,"pers,gens,topo",F:unclassified-name,Other Tanakh
147048,1421759,455135,1 Samuel,11,9,יביש,nmpr,topo,F:unclassified-name,Other Tanakh
147049,1421759,455135,1 Samuel,11,9,גלעד,nmpr,topo,F:unclassified-name,Other Tanakh
147066,1421759,455139,1 Samuel,11,9,יביש,nmpr,topo,F:unclassified-name,Other Tanakh
147072,1421760,455141,1 Samuel,11,10,יביש,nmpr,topo,F:unclassified-name,Other Tanakh
147075,1421760,455142,1 Samuel,11,10,אל,prep,,C:divine-title-candidate,Other Tanakh
147091,1421761,455146,1 Samuel,11,11,שאול,nmpr,pers,A:person-candidate,Other Tanakh
147110,1421761,455148,1 Samuel,11,11,עמון,nmpr,gens,F:unclassified-name,Other Tanakh
147131,1421762,455154,1 Samuel,11,12,אל,prep,,C:divine-title-candidate,Other Tanakh
147132,1421762,455154,1 Samuel,11,12,שמואל,nmpr,pers,A:person-candidate,Other Tanakh
147136,1421762,455157,1 Samuel,11,12,שאול,nmpr,pers,A:person-candidate,Other Tanakh
147137,1421762,455157,1 Samuel,11,12,מלך,verb,,B:deity-candidate,Other Tanakh
147146,1421763,455160,1 Samuel,11,13,שאול,nmpr,pers,A:person-candidate,Other Tanakh
147159,1421763,455162,1 Samuel,11,13,יהוה,nmpr,pers,E:YHWH,Other Tanakh
147162,1421763,455162,1 Samuel,11,13,ישראל,nmpr,"pers,gens,topo",F:unclassified-name,Other Tanakh
147165,1421764,455163,1 Samuel,11,14,שמואל,nmpr,pers,A:person-candidate,Other Tanakh
147166,1421764,455163,1 Samuel,11,14,אל,prep,,C:divine-title-candidate,Other Tanakh
147173,1421764,455165,1 Samuel,11,14,גלגל,nmpr,topo,F:unclassified-name,Other Tanakh
147185,1421765,455167,1 Samuel,11,15,גלגל,nmpr,topo,F:unclassified-name,Other Tanakh
147187,1421765,455168,1 Samuel,11,15,מלך,verb,,B:deity-candidate,Other Tanakh
147190,1421765,455168,1 Samuel,11,15,שאול,nmpr,pers,A:person-candidate,Other Tanakh
147193,1421765,455168,1 Samuel,11,15,יהוה,nmpr,pers,E:YHWH,Other Tanakh
147196,1421765,455168,1 Samuel,11,15,גלגל,nmpr,topo,F:unclassified-name,Other Tanakh
147204,1421765,455169,1 Samuel,11,15,יהוה,nmpr,pers,E:YHWH,Other Tanakh
147208,1421765,455170,1 Samuel,11,15,שאול,nmpr,pers,A:person-candidate,Other Tanakh
147212,1421765,455170,1 Samuel,11,15,ישראל,nmpr,"pers,gens,topo",F:unclassified-name,Other Tanakh
147217,1421766,455171,1 Samuel,12,1,שמואל,nmpr,pers,A:person-candidate,Other Tanakh
147218,1421766,455171,1 Samuel,12,1,אל,prep,,C:divine-title-candidate,Other Tanakh
147220,1421766,455171,1 Samuel,12,1,ישראל,nmpr,"pers,gens,topo",F:unclassified-name,Other Tanakh
147231,1421766,455174,1 Samuel,12,1,מלך,verb,,B:deity-candidate,Other Tanakh
147233,1421766,455174,1 Samuel,12,1,מלך,subs,,B:deity-candidate,Other Tanakh
147238,1421767,455176,1 Samuel,12,2,מלך,subs,,B:deity-candidate,Other Tanakh
147267,1421768,455183,1 Samuel,12,3,יהוה,nmpr,pers,E:YHWH,Other Tanakh
147315,1421770,455195,1 Samuel,12,5,אל,prep,,C:divine-title-candidate,Other Tanakh
147317,1421770,455196,1 Samuel,12,5,יהוה,nmpr,pers,E:YHWH,Other Tanakh
147337,1421771,455201,1 Samuel,12,6,שמואל,nmpr,pers,A:person-candidate,Other Tanakh
147338,1421771,455201,1 Samuel,12,6,אל,prep,,C:divine-title-candidate,Other Tanakh
147341,1421771,455202,1 Samuel,12,6,יהוה,nmpr,pers,E:YHWH,Other Tanakh
147345,1421771,455203,1 Samuel,12,6,משה,nmpr,pers,A:person-candidate,Other Tanakh
147348,1421771,455203,1 Samuel,12,6,אהרן,nmpr,pers,A:person-candidate,Other Tanakh
147356,1421771,455204,1 Samuel,12,6,מצרים,nmpr,topo,F:unclassified-name,Other Tanakh
147365,1421772,455207,1 Samuel,12,7,יהוה,nmpr,pers,E:YHWH,Other Tanakh
147369,1421772,455207,1 Samuel,12,7,יהוה,nmpr,pers,E:YHWH,Other Tanakh
147379,1421773,455209,1 Samuel,12,8,יעקב,nmpr,pers,A:person-candidate,Other Tanakh
147380,1421773,455209,1 Samuel,12,8,מצרים,nmpr,topo,F:unclassified-name,Other Tanakh
147384,1421773,455210,1 Samuel,12,8,אל,prep,,C:divine-title-candidate,Other Tanakh
147385,1421773,455210,1 Samuel,12,8,יהוה,nmpr,pers,E:YHWH,Other Tanakh
147388,1421773,455211,1 Samuel,12,8,יהוה,nmpr,pers,E:YHWH,Other Tanakh
147390,1421773,455211,1 Samuel,12,8,משה,nmpr,pers,A:person-candidate,Other Tanakh
147393,1421773,455211,1 Samuel,12,8,אהרן,nmpr,pers,A:person-candidate,Other Tanakh
147399,1421773,455212,1 Samuel,12,8,מצרים,nmpr,topo,F:unclassified-name,Other Tanakh
147410,1421774,455214,1 Samuel,12,9,יהוה,nmpr,pers,E:YHWH,Other Tanakh
147411,1421774,455214,1 Samuel,12,9,אלהים,subs,,D:Elohim,Other Tanakh
147417,1421774,455215,1 Samuel,12,9,סיסרא,nmpr,pers,A:person-candidate,Other Tanakh
147420,1421774,455215,1 Samuel,12,9,חצור,nmpr,topo,F:unclassified-name,Other Tanakh
147428,1421774,455215,1 Samuel,12,9,מלך,subs,,B:deity-candidate,Other Tanakh
147429,1421774,455215,1 Samuel,12,9,מואב,nmpr,"pers,gens,topo",F:unclassified-name,Other Tanakh
147435,1421775,455217,1 Samuel,12,10,אל,prep,,C:divine-title-candidate,Other Tanakh
147436,1421775,455217,1 Samuel,12,10,יהוה,nmpr,pers,E:YHWH,Other Tanakh
147443,1421775,455220,1 Samuel,12,10,יהוה,nmpr,pers,E:YHWH,Other Tanakh
147448,1421775,455221,1 Samuel,12,10,בעל,subs,,B:deity-candidate,Other Tanakh
147452,1421775,455221,1 Samuel,12,10,עשתרת,subs,,B:deity-candidate,Other Tanakh
147463,1421776,455225,1 Samuel,12,11,יהוה,nmpr,pers,E:YHWH,Other Tanakh
147465,1421776,455225,1 Samuel,12,11,ירבעל,nmpr,pers,A:person-candidate,Other Tanakh
147468,1421776,455225,1 Samuel,12,11,בדן,nmpr,pers,A:person-candidate,Other Tanakh
147471,1421776,455225,1 Samuel,12,11,יפתח,nmpr,pers,A:person-candidate,Other Tanakh
147474,1421776,455225,1 Samuel,12,11,שמואל,nmpr,pers,A:person-candidate,Other Tanakh
147489,1421777,455229,1 Samuel,12,12,נחש,nmpr,pers,A:person-candidate,Other Tanakh
147490,1421777,455229,1 Samuel,12,12,מלך,subs,,B:deity-candidate,Other Tanakh
147492,1421777,455229,1 Samuel,12,12,עמון,nmpr,gens,F:unclassified-name,Other Tanakh
147500,1421777,455232,1 Samuel,12,12,מלך,subs,,B:deity-candidate,Other Tanakh
147501,1421777,455232,1 Samuel,12,12,מלך,verb,,B:deity-candidate,Other Tanakh
147504,1421777,455233,1 Samuel,12,12,יהוה,nmpr,pers,E:YHWH,Other Tanakh
147505,1421777,455233,1 Samuel,12,12,אלהים,subs,,D:Elohim,Other Tanakh
147506,1421777,455233,1 Samuel,12,12,מלך,subs,,B:deity-candidate,Other Tanakh
147511,1421778,455235,1 Samuel,12,13,מלך,subs,,B:deity-candidate,Other Tanakh
147519,1421778,455239,1 Samuel,12,13,יהוה,nmpr,pers,E:YHWH,Other Tanakh
147521,1421778,455239,1 Samuel,12,13,מלך,subs,,B:deity-candidate,Other Tanakh
147525,1421779,455240,1 Samuel,12,14,יהוה,nmpr,pers,E:YHWH,Other Tanakh
147538,1421779,455243,1 Samuel,12,14,יהוה,nmpr,pers,E:YHWH,Other Tanakh
147546,1421779,455244,1 Samuel,12,14,מלך,subs,,B:deity-candidate,Other Tanakh
147548,1421779,455245,1 Samuel,12,14,מלך,verb,,B:deity-candidate,Other Tanakh
147551,1421779,455244,1 Samuel,12,14,יהוה,nmpr,pers,E:YHWH,Other Tanakh
147552,1421779,455244,1 Samuel,12,14,אלהים,subs,,D:Elohim,Other Tanakh
147559,1421780,455246,1 Samuel,12,15,יהוה,nmpr,pers,E:YHWH,Other Tanakh
147564,1421780,455247,1 Samuel,12,15,יהוה,nmpr,pers,E:YHWH,Other Tanakh
147568,1421780,455248,1 Samuel,12,15,יהוה,nmpr,pers,E:YHWH,Other Tanakh
147586,1421781,455252,1 Samuel,12,16,יהוה,nmpr,pers,E:YHWH,Other Tanakh
147597,1421782,455254,1 Samuel,12,17,אל,prep,,C:divine-title-candidate,Other Tanakh
147598,1421782,455254,1 Samuel,12,17,יהוה,nmpr,pers,E:YHWH,Other Tanakh
147615,1421782,455259,1 Samuel,12,17,יהוה,nmpr,pers,E:YHWH,Other Tanakh
147619,1421782,455260,1 Samuel,12,17,מלך,subs,,B:deity-candidate,Other Tanakh
147622,1421783,455261,1 Samuel,12,18,שמואל,nmpr,pers,A:person-candidate,Other Tanakh
147623,1421783,455261,1 Samuel,12,18,אל,prep,,C:divine-title-candidate,Other Tanakh
147624,1421783,455261,1 Samuel,12,18,יהוה,nmpr,pers,E:YHWH,Other Tanakh
147627,1421783,455262,1 Samuel,12,18,יהוה,nmpr,pers,E:YHWH,Other Tanakh
147643,1421783,455263,1 Samuel,12,18,יהוה,nmpr,pers,E:YHWH,Other Tanakh
147646,1421783,455263,1 Samuel,12,18,שמואל,nmpr,pers,A:person-candidate,Other Tanakh
147652,1421784,455264,1 Samuel,12,19,אל,prep,,C:divine-title-candidate,Other Tanakh
147653,1421784,455264,1 Samuel,12,19,שמואל,nmpr,pers,A:person-candidate,Other Tanakh
147657,1421784,455265,1 Samuel,12,19,אל,prep,,C:divine-title-candidate,Other Tanakh
147658,1421784,455265,1 Samuel,12,19,יהוה,nmpr,pers,E:YHWH,Other Tanakh
147659,1421784,455265,1 Samuel,12,19,אלהים,subs,,D:Elohim,Other Tanakh
147661,1421784,455266,1 Samuel,12,19,אל,nega,,C:divine-title-candidate,Other Tanakh
147672,1421784,455268,1 Samuel,12,19,מלך,subs,,B:deity-candidate,Other Tanakh
147675,1421785,455269,1 Samuel,12,20,שמואל,nmpr,pers,A:person-candidate,Other Tanakh
147676,1421785,455269,1 Samuel,12,20,אל,prep,,C:divine-title-candidate,Other Tanakh
147679,1421785,455270,1 Samuel,12,20,אל,nega,,C:divine-title-candidate,Other Tanakh
147690,1421785,455272,1 Samuel,12,20,אל,nega,,C:divine-title-candidate,Other Tanakh
147694,1421785,455272,1 Samuel,12,20,יהוה,nmpr,pers,E:YHWH,Other Tanakh
147698,1421785,455273,1 Samuel,12,20,יהוה,nmpr,pers,E:YHWH,Other Tanakh
147721,1421787,455279,1 Samuel,12,22,יהוה,nmpr,pers,E:YHWH,Other Tanakh
147731,1421787,455280,1 Samuel,12,22,יהוה,nmpr,pers,E:YHWH,Other Tanakh
147745,1421788,455284,1 Samuel,12,23,יהוה,nmpr,pers,E:YHWH,Other Tanakh
147764,1421789,455288,1 Samuel,12,24,יהוה,nmpr,pers,E:YHWH,Other Tanakh
147786,1421790,455293,1 Samuel,12,25,מלך,subs,,B:deity-candidate,Other Tanakh
147790,1421791,455294,1 Samuel,13,1,שאול,nmpr,pers,A:person-candidate,Other Tanakh
147792,1421791,455295,1 Samuel,13,1,מלך,verb,,B:deity-candidate,Other Tanakh
147796,1421791,455296,1 Samuel,13,1,מלך,verb,,B:deity-candidate,Other Tanakh
147798,1421791,455296,1 Samuel,13,1,ישראל,nmpr,"pers,gens,topo",F:unclassified-name,Other Tanakh
147802,1421792,455297,1 Samuel,13,2,שאול,nmpr,pers,A:person-candidate,Other Tanakh
147806,1421792,455297,1 Samuel,13,2,ישראל,nmpr,"pers,gens,topo",F:unclassified-name,Other Tanakh
147810,1421792,455298,1 Samuel,13,2,שאול,nmpr,pers,A:person-candidate,Other Tanakh
147813,1421792,455298,1 Samuel,13,2,מכמש,nmpr,topo,F:unclassified-name,Other Tanakh
147817,1421792,455298,1 Samuel,13,2,בית אל,nmpr,topo,F:unclassified-name,Other Tanakh
147822,1421792,455299,1 Samuel,13,2,יונתן,nmpr,pers,A:person-candidate,Other Tanakh
147825,1421792,455299,1 Samuel,13,2,בנימן,nmpr,"pers,gens,topo",F:unclassified-name,Other Tanakh
147836,1421793,455301,1 Samuel,13,3,יונתן,nmpr,pers,A:person-candidate,Other Tanakh
147842,1421793,455302,1 Samuel,13,3,גבע,nmpr,topo,F:unclassified-name,Other Tanakh
147847,1421793,455304,1 Samuel,13,3,שאול,nmpr,pers,A:person-candidate,Other Tanakh
147863,1421794,455307,1 Samuel,13,4,ישראל,nmpr,"pers,gens,topo",F:unclassified-name,Other Tanakh
147868,1421794,455309,1 Samuel,13,4,שאול,nmpr,pers,A:person-candidate,Other Tanakh
147875,1421794,455310,1 Samuel,13,4,ישראל,nmpr,"pers,gens,topo",F:unclassified-name,Other Tanakh
147884,1421794,455311,1 Samuel,13,4,שאול,nmpr,pers,A:person-candidate,Other Tanakh
147886,1421794,455311,1 Samuel,13,4,גלגל,nmpr,topo,F:unclassified-name,Other Tanakh
147893,1421795,455313,1 Samuel,13,5,ישראל,nmpr,"pers,gens,topo",F:unclassified-name,Other Tanakh
147918,1421795,455316,1 Samuel,13,5,מכמש,nmpr,topo,F:unclassified-name,Other Tanakh
147920,1421795,455316,1 Samuel,13,5,בית און,nmpr,topo,F:unclassified-name,Other Tanakh
147923,1421796,455317,1 Samuel,13,6,ישראל,nmpr,"pers,gens,topo",F:unclassified-name,Other Tanakh
147960,1421797,455321,1 Samuel,13,7,ירדן,nmpr,topo,F:unclassified-name,Other Tanakh
147962,1421797,455321,1 Samuel,13,7,גד,nmpr,"pers,gens,topo",B:deity-candidate,Other Tanakh
147964,1421797,455321,1 Samuel,13,7,גלעד,nmpr,topo,F:unclassified-name,Other Tanakh
147966,1421797,455322,1 Samuel,13,7,שאול,nmpr,pers,A:person-candidate,Other Tanakh
147970,1421797,455323,1 Samuel,13,7,גלגל,nmpr,topo,F:unclassified-name,Other Tanakh
147985,1421798,455326,1 Samuel,13,8,שמואל,nmpr,pers,A:person-candidate,Other Tanakh
147989,1421798,455327,1 Samuel,13,8,שמואל,nmpr,pers,A:person-candidate,Other Tanakh
147991,1421798,455327,1 Samuel,13,8,גלגל,nmpr,topo,F:unclassified-name,Other Tanakh
148000,1421799,455329,1 Samuel,13,9,שאול,nmpr,pers,A:person-candidate,Other Tanakh
148002,1421799,455330,1 Samuel,13,9,אל,prep,,C:divine-title-candidate,Other Tanakh
148022,1421800,455336,1 Samuel,13,10,שמואל,nmpr,pers,A:person-candidate,Other Tanakh
148026,1421800,455337,1 Samuel,13,10,שאול,nmpr,pers,A:person-candidate,Other Tanakh
148033,1421801,455340,1 Samuel,13,11,שמואל,nmpr,pers,A:person-candidate,Other Tanakh
148038,1421801,455342,1 Samuel,13,11,שאול,nmpr,pers,A:person-candidate,Other Tanakh
148058,1421801,455346,1 Samuel,13,11,מכמש,nmpr,topo,F:unclassified-name,Other Tanakh
148064,1421802,455348,1 Samuel,13,12,אל,prep,,C:divine-title-candidate,Other Tanakh
148066,1421802,455348,1 Samuel,13,12,גלגל,nmpr,topo,F:unclassified-name,Other Tanakh
148069,1421802,455349,1 Samuel,13,12,יהוה,nmpr,pers,E:YHWH,Other Tanakh
148080,1421803,455352,1 Samuel,13,13,שמואל,nmpr,pers,A:person-candidate,Other Tanakh
148081,1421803,455352,1 Samuel,13,13,אל,prep,,C:divine-title-candidate,Other Tanakh
148082,1421803,455352,1 Samuel,13,13,שאול,nmpr,pers,A:person-candidate,Other Tanakh
148088,1421803,455354,1 Samuel,13,13,יהוה,nmpr,pers,E:YHWH,Other Tanakh
148089,1421803,455354,1 Samuel,13,13,אלהים,subs,,D:Elohim,Other Tanakh
148095,1421803,455356,1 Samuel,13,13,יהוה,nmpr,pers,E:YHWH,Other Tanakh
148098,1421803,455356,1 Samuel,13,13,אל,prep,,C:divine-title-candidate,Other Tanakh
148099,1421803,455356,1 Samuel,13,13,ישראל,nmpr,"pers,gens,topo",F:unclassified-name,Other Tanakh
148108,1421804,455358,1 Samuel,13,14,יהוה,nmpr,pers,E:YHWH,Other Tanakh
148115,1421804,455359,1 Samuel,13,14,יהוה,nmpr,pers,E:YHWH,Other Tanakh
148126,1421804,455361,1 Samuel,13,14,יהוה,nmpr,pers,E:YHWH,Other Tanakh
148129,1421805,455362,1 Samuel,13,15,שמואל,nmpr,pers,A:person-candidate,Other Tanakh
148134,1421805,455363,1 Samuel,13,15,גלגל,nmpr,topo,F:unclassified-name,Other Tanakh
148136,1421805,455363,1 Samuel,13,15,בנימן,nmpr,"pers,gens,topo",F:unclassified-name,Other Tanakh
148139,1421805,455364,1 Samuel,13,15,שאול,nmpr,pers,A:person-candidate,Other Tanakh
148151,1421806,455366,1 Samuel,13,16,שאול,nmpr,pers,A:person-candidate,Other Tanakh
148153,1421806,455366,1 Samuel,13,16,יונתן,nmpr,pers,A:person-candidate,Other Tanakh
148163,1421806,455366,1 Samuel,13,16,גבע,nmpr,topo,F:unclassified-name,Other Tanakh
148164,1421806,455366,1 Samuel,13,16,בנימן,nmpr,"pers,gens,topo",F:unclassified-name,Other Tanakh
148169,1421806,455368,1 Samuel,13,16,מכמש,nmpr,topo,F:unclassified-name,Other Tanakh
148183,1421807,455370,1 Samuel,13,17,אל,prep,,C:divine-title-candidate,Other Tanakh
148185,1421807,455370,1 Samuel,13,17,עפרה,nmpr,topo,F:unclassified-name,Other Tanakh
148186,1421807,455370,1 Samuel,13,17,אל,prep,,C:divine-title-candidate,Other Tanakh
148188,1421807,455370,1 Samuel,13,17,שועל,nmpr,topo,F:unclassified-name,Other Tanakh
148195,1421808,455371,1 Samuel,13,18,בית חורון,nmpr,topo,F:unclassified-name,Other Tanakh
148209,1421808,455373,1 Samuel,13,18,צבעים,nmpr,topo,F:unclassified-name,Other Tanakh
148219,1421809,455374,1 Samuel,13,19,ישראל,nmpr,"pers,gens,topo",F:unclassified-name,Other Tanakh
148233,1421810,455377,1 Samuel,13,20,ישראל,nmpr,"pers,gens,topo",F:unclassified-name,Other Tanakh
148293,1421812,455384,1 Samuel,13,22,שאול,nmpr,pers,A:person-candidate,Other Tanakh
148296,1421812,455384,1 Samuel,13,22,יונתן,nmpr,pers,A:person-candidate,Other Tanakh
148300,1421812,455385,1 Samuel,13,22,שאול,nmpr,pers,A:person-candidate,Other Tanakh
148303,1421812,455385,1 Samuel,13,22,יונתן,nmpr,pers,A:person-candidate,Other Tanakh
148309,1421813,455386,1 Samuel,13,23,אל,prep,,C:divine-title-candidate,Other Tanakh
148311,1421813,455386,1 Samuel,13,23,מכמש,nmpr,topo,F:unclassified-name,Other Tanakh
148318,1421814,455388,1 Samuel,14,1,יונתן,nmpr,pers,A:person-candidate,Other Tanakh
148320,1421814,455388,1 Samuel,14,1,שאול,nmpr,pers,A:person-candidate,Other Tanakh
148321,1421814,455388,1 Samuel,14,1,אל,prep,,C:divine-title-candidate,Other Tanakh
148329,1421814,455390,1 Samuel,14,1,אל,prep,,C:divine-title-candidate,Other Tanakh
148343,1421815,455393,1 Samuel,14,2,שאול,nmpr,pers,A:person-candidate,Other Tanakh
148348,1421815,455393,1 Samuel,14,2,גבעה,nmpr,topo,F:unclassified-name,Other Tanakh
148351,1421815,455393,1 Samuel,14,2,רמון,subs,,B:deity-candidate,Other Tanakh
148354,1421815,455394,1 Samuel,14,2,מגרון,nmpr,topo,F:unclassified-name,Other Tanakh
148365,1421816,455397,1 Samuel,14,3,אחיה,nmpr,pers,A:person-candidate,Other Tanakh
148367,1421816,455397,1 Samuel,14,3,אחיטוב,nmpr,pers,A:person-candidate,Other Tanakh
148369,1421816,455397,1 Samuel,14,3,איכבוד,nmpr,pers,A:person-candidate,Other Tanakh
148371,1421816,455397,1 Samuel,14,3,פינחס,nmpr,pers,A:person-candidate,Other Tanakh
148373,1421816,455397,1 Samuel,14,3,עלי,nmpr,pers,A:person-candidate,Other Tanakh
148375,1421816,455397,1 Samuel,14,3,יהוה,nmpr,pers,E:YHWH,Other Tanakh
148377,1421816,455397,1 Samuel,14,3,שלו,nmpr,topo,F:unclassified-name,Other Tanakh
148387,1421816,455399,1 Samuel,14,3,יונתן,nmpr,pers,A:person-candidate,Other Tanakh
148394,1421817,455401,1 Samuel,14,4,יונתן,nmpr,pers,A:person-candidate,Other Tanakh
148421,1421817,455404,1 Samuel,14,4,בוצץ,nmpr,topo,F:unclassified-name,Other Tanakh
148426,1421817,455405,1 Samuel,14,4,סנה,nmpr,topo,F:unclassified-name,Other Tanakh
148435,1421818,455406,1 Samuel,14,5,מכמש,nmpr,topo,F:unclassified-name,Other Tanakh
148442,1421818,455407,1 Samuel,14,5,גבע,nmpr,topo,F:unclassified-name,Other Tanakh
148445,1421819,455408,1 Samuel,14,6,יהונתן,nmpr,pers,A:person-candidate,Other Tanakh
148446,1421819,455408,1 Samuel,14,6,אל,prep,,C:divine-title-candidate,Other Tanakh
148454,1421819,455410,1 Samuel,14,6,אל,prep,,C:divine-title-candidate,Other Tanakh
148462,1421819,455411,1 Samuel,14,6,יהוה,nmpr,pers,E:YHWH,Other Tanakh
148467,1421819,455412,1 Samuel,14,6,יהוה,nmpr,pers,E:YHWH,Other Tanakh
148494,1421821,455419,1 Samuel,14,8,יהונתן,nmpr,pers,A:person-candidate,Other Tanakh
148498,1421821,455420,1 Samuel,14,8,אל,prep,,C:divine-title-candidate,Other Tanakh
148503,1421821,455421,1 Samuel,14,8,אל,prep,,C:divine-title-candidate,Other Tanakh
148507,1421822,455422,1 Samuel,14,9,אל,prep,,C:divine-title-candidate,Other Tanakh
148511,1421822,455424,1 Samuel,14,9,אל,prep,,C:divine-title-candidate,Other Tanakh
148518,1421822,455426,1 Samuel,14,9,אל,prep,,C:divine-title-candidate,Other Tanakh
148529,1421823,455430,1 Samuel,14,10,יהוה,nmpr,pers,E:YHWH,Other Tanakh
148540,1421824,455432,1 Samuel,14,11,אל,prep,,C:divine-title-candidate,Other Tanakh
148561,1421825,455436,1 Samuel,14,12,יונתן,nmpr,pers,A:person-candidate,Other Tanakh
148569,1421825,455438,1 Samuel,14,12,אל,prep,,C:divine-title-candidate,Other Tanakh
148576,1421825,455440,1 Samuel,14,12,יונתן,nmpr,pers,A:person-candidate,Other Tanakh
148577,1421825,455440,1 Samuel,14,12,אל,prep,,C:divine-title-candidate,Other Tanakh
148584,1421825,455442,1 Samuel,14,12,יהוה,nmpr,pers,E:YHWH,Other Tanakh
148587,1421825,455442,1 Samuel,14,12,ישראל,nmpr,"pers,gens,topo",F:unclassified-name,Other Tanakh
148590,1421826,455443,1 Samuel,14,13,יונתן,nmpr,pers,A:person-candidate,Other Tanakh
148604,1421826,455445,1 Samuel,14,13,יונתן,nmpr,pers,A:person-candidate,Other Tanakh
148618,1421827,455448,1 Samuel,14,14,יונתן,nmpr,pers,A:person-candidate,Other Tanakh
148661,1421828,455452,1 Samuel,14,15,אלהים,subs,,D:Elohim,Other Tanakh
148667,1421829,455453,1 Samuel,14,16,שאול,nmpr,pers,A:person-candidate,Other Tanakh
148670,1421829,455453,1 Samuel,14,16,בנימן,nmpr,"pers,gens,topo",F:unclassified-name,Other Tanakh
148682,1421830,455458,1 Samuel,14,17,שאול,nmpr,pers,A:person-candidate,Other Tanakh
148701,1421830,455465,1 Samuel,14,17,יונתן,nmpr,pers,A:person-candidate,Other Tanakh
148707,1421831,455466,1 Samuel,14,18,שאול,nmpr,pers,A:person-candidate,Other Tanakh
148709,1421831,455466,1 Samuel,14,18,אחיה,nmpr,pers,A:person-candidate,Other Tanakh
148713,1421831,455467,1 Samuel,14,18,אלהים,subs,,D:Elohim,Other Tanakh
148718,1421831,455468,1 Samuel,14,18,אלהים,subs,,D:Elohim,Other Tanakh
148726,1421831,455469,1 Samuel,14,18,ישראל,nmpr,"pers,gens,topo",F:unclassified-name,Other Tanakh
148731,1421832,455471,1 Samuel,14,19,שאול,nmpr,pers,A:person-candidate,Other Tanakh
148732,1421832,455471,1 Samuel,14,19,אל,prep,,C:divine-title-candidate,Other Tanakh
148749,1421832,455475,1 Samuel,14,19,שאול,nmpr,pers,A:person-candidate,Other Tanakh
148750,1421832,455475,1 Samuel,14,19,אל,prep,,C:divine-title-candidate,Other Tanakh
148757,1421833,455477,1 Samuel,14,20,שאול,nmpr,pers,A:person-candidate,Other Tanakh
148802,1421834,455486,1 Samuel,14,21,ישראל,nmpr,"pers,gens,topo",F:unclassified-name,Other Tanakh
148805,1421834,455487,1 Samuel,14,21,שאול,nmpr,pers,A:person-candidate,Other Tanakh
148807,1421834,455487,1 Samuel,14,21,יונתן,nmpr,pers,A:person-candidate,Other Tanakh
148811,1421835,455488,1 Samuel,14,22,ישראל,nmpr,"pers,gens,topo",F:unclassified-name,Other Tanakh
148816,1421835,455489,1 Samuel,14,22,אפרים,nmpr,"pers,gens,topo",F:unclassified-name,Other Tanakh
148831,1421836,455492,1 Samuel,14,23,יהוה,nmpr,pers,E:YHWH,Other Tanakh
148838,1421836,455492,1 Samuel,14,23,ישראל,nmpr,"pers,gens,topo",F:unclassified-name,Other Tanakh
148844,1421836,455493,1 Samuel,14,23,בית און,nmpr,topo,F:unclassified-name,Other Tanakh
148847,1421837,455494,1 Samuel,14,24,ישראל,nmpr,"pers,gens,topo",F:unclassified-name,Other Tanakh
148856,1421837,455495,1 Samuel,14,24,שאול,nmpr,pers,A:person-candidate,Other Tanakh
148901,1421839,455503,1 Samuel,14,26,אל,prep,,C:divine-title-candidate,Other Tanakh
148912,1421839,455505,1 Samuel,14,26,אל,prep,,C:divine-title-candidate,Other Tanakh
148922,1421840,455507,1 Samuel,14,27,יונתן,nmpr,pers,A:person-candidate,Other Tanakh
148950,1421840,455512,1 Samuel,14,27,אל,prep,,C:divine-title-candidate,Other Tanakh
148985,1421842,455521,1 Samuel,14,29,יונתן,nmpr,pers,A:person-candidate,Other Tanakh
149035,1421844,455530,1 Samuel,14,31,מכמש,nmpr,topo,F:unclassified-name,Other Tanakh
149036,1421844,455530,1 Samuel,14,31,אילון,nmpr,topo,F:unclassified-name,Other Tanakh
149046,1421845,455532,1 Samuel,14,32,אל,prep,,C:divine-title-candidate,Other Tanakh
149070,1421846,455536,1 Samuel,14,33,שאול,nmpr,pers,A:person-candidate,Other Tanakh
149078,1421846,455538,1 Samuel,14,33,יהוה,nmpr,pers,E:YHWH,Other Tanakh
149088,1421846,455542,1 Samuel,14,33,אל,prep,,C:divine-title-candidate,Other Tanakh
149095,1421847,455543,1 Samuel,14,34,שאול,nmpr,pers,A:person-candidate,Other Tanakh
149104,1421847,455546,1 Samuel,14,34,אל,prep,,C:divine-title-candidate,Other Tanakh
149120,1421847,455551,1 Samuel,14,34,יהוה,nmpr,pers,E:YHWH,Other Tanakh
149123,1421847,455552,1 Samuel,14,34,אל,prep,,C:divine-title-candidate,Other Tanakh
149142,1421848,455556,1 Samuel,14,35,שאול,nmpr,pers,A:person-candidate,Other Tanakh
149145,1421848,455556,1 Samuel,14,35,יהוה,nmpr,pers,E:YHWH,Other Tanakh
149152,1421848,455558,1 Samuel,14,35,יהוה,nmpr,pers,E:YHWH,Other Tanakh
149155,1421849,455559,1 Samuel,14,36,שאול,nmpr,pers,A:person-candidate,Other Tanakh
149186,1421849,455568,1 Samuel,14,36,אל,prep,,C:divine-title-candidate,Other Tanakh
149188,1421849,455568,1 Samuel,14,36,אלהים,subs,,D:Elohim,Other Tanakh
149191,1421850,455569,1 Samuel,14,37,שאול,nmpr,pers,A:person-candidate,Other Tanakh
149193,1421850,455569,1 Samuel,14,37,אלהים,subs,,D:Elohim,Other Tanakh
149202,1421850,455571,1 Samuel,14,37,ישראל,nmpr,"pers,gens,topo",F:unclassified-name,Other Tanakh
149213,1421851,455573,1 Samuel,14,38,שאול,nmpr,pers,A:person-candidate,Other Tanakh
149235,1421852,455579,1 Samuel,14,39,יהוה,nmpr,pers,E:YHWH,Other Tanakh
149239,1421852,455580,1 Samuel,14,39,ישראל,nmpr,"pers,gens,topo",F:unclassified-name,Other Tanakh
149244,1421852,455581,1 Samuel,14,39,יונתן,nmpr,pers,A:person-candidate,Other Tanakh
149258,1421853,455584,1 Samuel,14,40,אל,prep,,C:divine-title-candidate,Other Tanakh
149260,1421853,455584,1 Samuel,14,40,ישראל,nmpr,"pers,gens,topo",F:unclassified-name,Other Tanakh
149269,1421853,455586,1 Samuel,14,40,יונתן,nmpr,pers,A:person-candidate,Other Tanakh
149279,1421853,455587,1 Samuel,14,40,אל,prep,,C:divine-title-candidate,Other Tanakh
149280,1421853,455587,1 Samuel,14,40,שאול,nmpr,pers,A:person-candidate,Other Tanakh
149288,1421854,455590,1 Samuel,14,41,שאול,nmpr,pers,A:person-candidate,Other Tanakh
149289,1421854,455590,1 Samuel,14,41,אל,prep,,C:divine-title-candidate,Other Tanakh
149290,1421854,455590,1 Samuel,14,41,יהוה,nmpr,pers,E:YHWH,Other Tanakh
149291,1421854,455590,1 Samuel,14,41,אלהים,subs,,D:Elohim,Other Tanakh
149292,1421854,455590,1 Samuel,14,41,ישראל,nmpr,"pers,gens,topo",F:unclassified-name,Other Tanakh
149297,1421854,455592,1 Samuel,14,41,יונתן,nmpr,pers,A:person-candidate,Other Tanakh
149299,1421854,455592,1 Samuel,14,41,שאול,nmpr,pers,A:person-candidate,Other Tanakh
149306,1421855,455594,1 Samuel,14,42,שאול,nmpr,pers,A:person-candidate,Other Tanakh
149311,1421855,455595,1 Samuel,14,42,יונתן,nmpr,pers,A:person-candidate,Other Tanakh
149315,1421855,455596,1 Samuel,14,42,יונתן,nmpr,pers,A:person-candidate,Other Tanakh
149318,1421856,455597,1 Samuel,14,43,שאול,nmpr,pers,A:person-candidate,Other Tanakh
149319,1421856,455597,1 Samuel,14,43,אל,prep,,C:divine-title-candidate,Other Tanakh
149320,1421856,455597,1 Samuel,14,43,יונתן,nmpr,pers,A:person-candidate,Other Tanakh
149328,1421856,455600,1 Samuel,14,43,יונתן,nmpr,pers,A:person-candidate,Other Tanakh
149346,1421857,455605,1 Samuel,14,44,שאול,nmpr,pers,A:person-candidate,Other Tanakh
149349,1421857,455606,1 Samuel,14,44,אלהים,subs,,D:Elohim,Other Tanakh
149356,1421857,455609,1 Samuel,14,44,יונתן,nmpr,pers,A:person-candidate,Other Tanakh
149361,1421858,455610,1 Samuel,14,45,אל,prep,,C:divine-title-candidate,Other Tanakh
149362,1421858,455610,1 Samuel,14,45,שאול,nmpr,pers,A:person-candidate,Other Tanakh
149364,1421858,455611,1 Samuel,14,45,יונתן,nmpr,pers,A:person-candidate,Other Tanakh
149375,1421858,455612,1 Samuel,14,45,ישראל,nmpr,"pers,gens,topo",F:unclassified-name,Other Tanakh
149378,1421858,455614,1 Samuel,14,45,יהוה,nmpr,pers,E:YHWH,Other Tanakh
149387,1421858,455616,1 Samuel,14,45,אלהים,subs,,D:Elohim,Other Tanakh
149398,1421858,455617,1 Samuel,14,45,יונתן,nmpr,pers,A:person-candidate,Other Tanakh
149404,1421859,455619,1 Samuel,14,46,שאול,nmpr,pers,A:person-candidate,Other Tanakh
149414,1421860,455621,1 Samuel,14,47,שאול,nmpr,pers,A:person-candidate,Other Tanakh
149419,1421860,455621,1 Samuel,14,47,ישראל,nmpr,"pers,gens,topo",F:unclassified-name,Other Tanakh
149427,1421860,455622,1 Samuel,14,47,מואב,nmpr,"pers,gens,topo",F:unclassified-name,Other Tanakh
149431,1421860,455622,1 Samuel,14,47,עמון,nmpr,gens,F:unclassified-name,Other Tanakh
149434,1421860,455622,1 Samuel,14,47,אדום,nmpr,topo,F:unclassified-name,Other Tanakh
149437,1421860,455622,1 Samuel,14,47,מלך,subs,,B:deity-candidate,Other Tanakh
149438,1421860,455622,1 Samuel,14,47,צובא,nmpr,topo,F:unclassified-name,Other Tanakh
149455,1421861,455626,1 Samuel,14,48,עמלק,nmpr,"pers,gens",F:unclassified-name,Other Tanakh
149459,1421861,455627,1 Samuel,14,48,ישראל,nmpr,"pers,gens,topo",F:unclassified-name,Other Tanakh
149466,1421862,455628,1 Samuel,14,49,שאול,nmpr,pers,A:person-candidate,Other Tanakh
149467,1421862,455628,1 Samuel,14,49,יונתן,nmpr,pers,A:person-candidate,Other Tanakh
149469,1421862,455628,1 Samuel,14,49,ישוי,nmpr,pers,A:person-candidate,Other Tanakh
149471,1421862,455628,1 Samuel,14,49,מלכי שוע,nmpr,pers,A:person-candidate,Other Tanakh
149479,1421862,455630,1 Samuel,14,49,מרב,nmpr,pers,A:person-candidate,Other Tanakh
149484,1421862,455631,1 Samuel,14,49,מיכל,nmpr,pers,A:person-candidate,Other Tanakh
149488,1421863,455632,1 Samuel,14,50,שאול,nmpr,pers,A:person-candidate,Other Tanakh
149489,1421863,455632,1 Samuel,14,50,אחינעם,nmpr,pers,A:person-candidate,Other Tanakh
149491,1421863,455632,1 Samuel,14,50,אחימעץ,nmpr,pers,A:person-candidate,Other Tanakh
149496,1421863,455633,1 Samuel,14,50,אבנר,nmpr,pers,A:person-candidate,Other Tanakh
149498,1421863,455633,1 Samuel,14,50,נר,nmpr,pers,A:person-candidate,Other Tanakh
149499,1421863,455633,1 Samuel,14,50,דוד,subs,,A:person-candidate,Other Tanakh
149500,1421863,455633,1 Samuel,14,50,שאול,nmpr,pers,A:person-candidate,Other Tanakh
149502,1421864,455634,1 Samuel,14,51,קיש,nmpr,pers,A:person-candidate,Other Tanakh
149504,1421864,455634,1 Samuel,14,51,שאול,nmpr,pers,A:person-candidate,Other Tanakh
149506,1421864,455635,1 Samuel,14,51,נר,nmpr,pers,A:person-candidate,Other Tanakh
149508,1421864,455635,1 Samuel,14,51,אבנר,nmpr,pers,A:person-candidate,Other Tanakh
149510,1421864,455635,1 Samuel,14,51,אביאל,nmpr,pers,A:person-candidate,Other Tanakh
149520,1421865,455636,1 Samuel,14,52,שאול,nmpr,pers,A:person-candidate,Other Tanakh
149523,1421865,455637,1 Samuel,14,52,שאול,nmpr,pers,A:person-candidate,Other Tanakh
149533,1421865,455638,1 Samuel,14,52,אל,prep,,C:divine-title-candidate,Other Tanakh
149536,1421866,455639,1 Samuel,15,1,שמואל,nmpr,pers,A:person-candidate,Other Tanakh
149537,1421866,455639,1 Samuel,15,1,אל,prep,,C:divine-title-candidate,Other Tanakh
149538,1421866,455639,1 Samuel,15,1,שאול,nmpr,pers,A:person-candidate,Other Tanakh
149541,1421866,455640,1 Samuel,15,1,יהוה,nmpr,pers,E:YHWH,Other Tanakh
149545,1421866,455641,1 Samuel,15,1,מלך,subs,,B:deity-candidate,Other Tanakh
149549,1421866,455641,1 Samuel,15,1,ישראל,nmpr,"pers,gens,topo",F:unclassified-name,Other Tanakh
149556,1421866,455643,1 Samuel,15,1,יהוה,nmpr,pers,E:YHWH,Other Tanakh
149559,1421867,455644,1 Samuel,15,2,יהוה,nmpr,pers,E:YHWH,Other Tanakh
149565,1421867,455646,1 Samuel,15,2,עמלק,nmpr,"pers,gens",F:unclassified-name,Other Tanakh
149567,1421867,455646,1 Samuel,15,2,ישראל,nmpr,"pers,gens,topo",F:unclassified-name,Other Tanakh
149577,1421867,455648,1 Samuel,15,2,מצרים,nmpr,topo,F:unclassified-name,Other Tanakh
149583,1421868,455651,1 Samuel,15,3,עמלק,nmpr,"pers,gens",F:unclassified-name,Other Tanakh
149617,1421869,455656,1 Samuel,15,4,שאול,nmpr,pers,A:person-candidate,Other Tanakh
149625,1421869,455657,1 Samuel,15,4,טלאים,nmpr,topo,F:unclassified-name,Other Tanakh
149634,1421869,455658,1 Samuel,15,4,יהודה,nmpr,"pers,gens,topo",F:unclassified-name,Other Tanakh
149637,1421870,455659,1 Samuel,15,5,שאול,nmpr,pers,A:person-candidate,Other Tanakh
149640,1421870,455659,1 Samuel,15,5,עמלק,nmpr,"pers,gens",F:unclassified-name,Other Tanakh
149648,1421871,455661,1 Samuel,15,6,שאול,nmpr,pers,A:person-candidate,Other Tanakh
149649,1421871,455661,1 Samuel,15,6,אל,prep,,C:divine-title-candidate,Other Tanakh
149668,1421871,455666,1 Samuel,15,6,ישראל,nmpr,"pers,gens,topo",F:unclassified-name,Other Tanakh
149672,1421871,455667,1 Samuel,15,6,מצרים,nmpr,topo,F:unclassified-name,Other Tanakh
149678,1421871,455668,1 Samuel,15,6,עמלק,nmpr,"pers,gens",F:unclassified-name,Other Tanakh
149681,1421872,455669,1 Samuel,15,7,שאול,nmpr,pers,A:person-candidate,Other Tanakh
149683,1421872,455669,1 Samuel,15,7,עמלק,nmpr,"pers,gens",F:unclassified-name,Other Tanakh
149685,1421872,455669,1 Samuel,15,7,חוילה,nmpr,topo,F:unclassified-name,Other Tanakh
149687,1421872,455670,1 Samuel,15,7,שור,nmpr,topo,F:unclassified-name,Other Tanakh
149691,1421872,455671,1 Samuel,15,7,מצרים,nmpr,topo,F:unclassified-name,Other Tanakh
149695,1421873,455672,1 Samuel,15,8,אגג,nmpr,pers,A:person-candidate,Other Tanakh
149696,1421873,455672,1 Samuel,15,8,מלך,subs,,B:deity-candidate,Other Tanakh
149697,1421873,455672,1 Samuel,15,8,עמלק,nmpr,"pers,gens",F:unclassified-name,Other Tanakh
149710,1421874,455674,1 Samuel,15,9,שאול,nmpr,pers,A:person-candidate,Other Tanakh
149715,1421874,455674,1 Samuel,15,9,אגג,nmpr,pers,A:person-candidate,Other Tanakh
149752,1421875,455679,1 Samuel,15,10,יהוה,nmpr,pers,E:YHWH,Other Tanakh
149753,1421875,455679,1 Samuel,15,10,אל,prep,,C:divine-title-candidate,Other Tanakh
149754,1421875,455679,1 Samuel,15,10,שמואל,nmpr,pers,A:person-candidate,Other Tanakh
149759,1421876,455682,1 Samuel,15,11,מלך,verb,,B:deity-candidate,Other Tanakh
149761,1421876,455682,1 Samuel,15,11,שאול,nmpr,pers,A:person-candidate,Other Tanakh
149763,1421876,455682,1 Samuel,15,11,מלך,subs,,B:deity-candidate,Other Tanakh
149776,1421876,455685,1 Samuel,15,11,שמואל,nmpr,pers,A:person-candidate,Other Tanakh
149779,1421876,455686,1 Samuel,15,11,אל,prep,,C:divine-title-candidate,Other Tanakh
149780,1421876,455686,1 Samuel,15,11,יהוה,nmpr,pers,E:YHWH,Other Tanakh
149786,1421877,455687,1 Samuel,15,12,שמואל,nmpr,pers,A:person-candidate,Other Tanakh
149789,1421877,455688,1 Samuel,15,12,שאול,nmpr,pers,A:person-candidate,Other Tanakh
149796,1421877,455689,1 Samuel,15,12,שמואל,nmpr,pers,A:person-candidate,Other Tanakh
149800,1421877,455691,1 Samuel,15,12,שאול,nmpr,pers,A:person-candidate,Other Tanakh
149802,1421877,455691,1 Samuel,15,12,כרמל,nmpr,topo,F:unclassified-name,Other Tanakh
149815,1421877,455695,1 Samuel,15,12,גלגל,nmpr,topo,F:unclassified-name,Other Tanakh
149818,1421878,455696,1 Samuel,15,13,שמואל,nmpr,pers,A:person-candidate,Other Tanakh
149819,1421878,455696,1 Samuel,15,13,אל,prep,,C:divine-title-candidate,Other Tanakh
149820,1421878,455696,1 Samuel,15,13,שאול,nmpr,pers,A:person-candidate,Other Tanakh
149824,1421878,455697,1 Samuel,15,13,שאול,nmpr,pers,A:person-candidate,Other Tanakh
149828,1421878,455698,1 Samuel,15,13,יהוה,nmpr,pers,E:YHWH,Other Tanakh
149832,1421878,455699,1 Samuel,15,13,יהוה,nmpr,pers,E:YHWH,Other Tanakh
149835,1421879,455700,1 Samuel,15,14,שמואל,nmpr,pers,A:person-candidate,Other Tanakh
149854,1421880,455704,1 Samuel,15,15,שאול,nmpr,pers,A:person-candidate,Other Tanakh
149872,1421880,455707,1 Samuel,15,15,יהוה,nmpr,pers,E:YHWH,Other Tanakh
149873,1421880,455707,1 Samuel,15,15,אלהים,subs,,D:Elohim,Other Tanakh
149881,1421881,455709,1 Samuel,15,16,שמואל,nmpr,pers,A:person-candidate,Other Tanakh
149882,1421881,455709,1 Samuel,15,16,אל,prep,,C:divine-title-candidate,Other Tanakh
149883,1421881,455709,1 Samuel,15,16,שאול,nmpr,pers,A:person-candidate,Other Tanakh
149891,1421881,455712,1 Samuel,15,16,יהוה,nmpr,pers,E:YHWH,Other Tanakh
149892,1421881,455712,1 Samuel,15,16,אל,prep,,C:divine-title-candidate,Other Tanakh
149901,1421882,455715,1 Samuel,15,17,שמואל,nmpr,pers,A:person-candidate,Other Tanakh
149911,1421882,455716,1 Samuel,15,17,ישראל,nmpr,"pers,gens,topo",F:unclassified-name,Other Tanakh
149915,1421882,455718,1 Samuel,15,17,יהוה,nmpr,pers,E:YHWH,Other Tanakh
149917,1421882,455718,1 Samuel,15,17,מלך,subs,,B:deity-candidate,Other Tanakh
149919,1421882,455718,1 Samuel,15,17,ישראל,nmpr,"pers,gens,topo",F:unclassified-name,Other Tanakh
149922,1421883,455719,1 Samuel,15,18,יהוה,nmpr,pers,E:YHWH,Other Tanakh
149934,1421883,455722,1 Samuel,15,18,עמלק,nmpr,"pers,gens",F:unclassified-name,Other Tanakh
149947,1421884,455725,1 Samuel,15,19,יהוה,nmpr,pers,E:YHWH,Other Tanakh
149950,1421884,455726,1 Samuel,15,19,אל,prep,,C:divine-title-candidate,Other Tanakh
149959,1421884,455728,1 Samuel,15,19,יהוה,nmpr,pers,E:YHWH,Other Tanakh
149962,1421885,455729,1 Samuel,15,20,שאול,nmpr,pers,A:person-candidate,Other Tanakh
149963,1421885,455729,1 Samuel,15,20,אל,prep,,C:divine-title-candidate,Other Tanakh
149964,1421885,455729,1 Samuel,15,20,שמואל,nmpr,pers,A:person-candidate,Other Tanakh
149969,1421885,455730,1 Samuel,15,20,יהוה,nmpr,pers,E:YHWH,Other Tanakh
149977,1421885,455732,1 Samuel,15,20,יהוה,nmpr,pers,E:YHWH,Other Tanakh
149981,1421885,455733,1 Samuel,15,20,אגג,nmpr,pers,A:person-candidate,Other Tanakh
149982,1421885,455733,1 Samuel,15,20,מלך,subs,,B:deity-candidate,Other Tanakh
149983,1421885,455733,1 Samuel,15,20,עמלק,nmpr,"pers,gens",F:unclassified-name,Other Tanakh
149986,1421885,455734,1 Samuel,15,20,עמלק,nmpr,"pers,gens",F:unclassified-name,Other Tanakh
150004,1421886,455736,1 Samuel,15,21,יהוה,nmpr,pers,E:YHWH,Other Tanakh
150005,1421886,455736,1 Samuel,15,21,אלהים,subs,,D:Elohim,Other Tanakh
150008,1421886,455736,1 Samuel,15,21,גלגל,nmpr,topo,F:unclassified-name,Other Tanakh
150011,1421887,455737,1 Samuel,15,22,שמואל,nmpr,pers,A:person-candidate,Other Tanakh
150015,1421887,455738,1 Samuel,15,22,יהוה,nmpr,pers,E:YHWH,Other Tanakh
150024,1421887,455739,1 Samuel,15,22,יהוה,nmpr,pers,E:YHWH,Other Tanakh
150048,1421888,455747,1 Samuel,15,23,יהוה,nmpr,pers,E:YHWH,Other Tanakh
150052,1421888,455748,1 Samuel,15,23,מלך,subs,,B:deity-candidate,Other Tanakh
150055,1421889,455749,1 Samuel,15,24,שאול,nmpr,pers,A:person-candidate,Other Tanakh
150056,1421889,455749,1 Samuel,15,24,אל,prep,,C:divine-title-candidate,Other Tanakh
150057,1421889,455749,1 Samuel,15,24,שמואל,nmpr,pers,A:person-candidate,Other Tanakh
150063,1421889,455751,1 Samuel,15,24,יהוה,nmpr,pers,E:YHWH,Other Tanakh
150088,1421890,455757,1 Samuel,15,25,יהוה,nmpr,pers,E:YHWH,Other Tanakh
150091,1421891,455758,1 Samuel,15,26,שמואל,nmpr,pers,A:person-candidate,Other Tanakh
150092,1421891,455758,1 Samuel,15,26,אל,prep,,C:divine-title-candidate,Other Tanakh
150093,1421891,455758,1 Samuel,15,26,שאול,nmpr,pers,A:person-candidate,Other Tanakh
150101,1421891,455760,1 Samuel,15,26,יהוה,nmpr,pers,E:YHWH,Other Tanakh
150104,1421891,455761,1 Samuel,15,26,יהוה,nmpr,pers,E:YHWH,Other Tanakh
150107,1421891,455762,1 Samuel,15,26,מלך,subs,,B:deity-candidate,Other Tanakh
150109,1421891,455762,1 Samuel,15,26,ישראל,nmpr,"pers,gens,topo",F:unclassified-name,Other Tanakh
150112,1421892,455763,1 Samuel,15,27,שמואל,nmpr,pers,A:person-candidate,Other Tanakh
150124,1421893,455767,1 Samuel,15,28,אל,prep,,C:divine-title-candidate,Other Tanakh
150125,1421893,455767,1 Samuel,15,28,שמואל,nmpr,pers,A:person-candidate,Other Tanakh
150127,1421893,455768,1 Samuel,15,28,יהוה,nmpr,pers,E:YHWH,Other Tanakh
150130,1421893,455768,1 Samuel,15,28,ישראל,nmpr,"pers,gens,topo",F:unclassified-name,Other Tanakh
150145,1421894,455771,1 Samuel,15,29,ישראל,nmpr,"pers,gens,topo",F:unclassified-name,Other Tanakh
150168,1421895,455777,1 Samuel,15,30,ישראל,nmpr,"pers,gens,topo",F:unclassified-name,Other Tanakh
150175,1421895,455779,1 Samuel,15,30,יהוה,nmpr,pers,E:YHWH,Other Tanakh
150176,1421895,455779,1 Samuel,15,30,אלהים,subs,,D:Elohim,Other Tanakh
150179,1421896,455780,1 Samuel,15,31,שמואל,nmpr,pers,A:person-candidate,Other Tanakh
150181,1421896,455780,1 Samuel,15,31,שאול,nmpr,pers,A:person-candidate,Other Tanakh
150184,1421896,455781,1 Samuel,15,31,שאול,nmpr,pers,A:person-candidate,Other Tanakh
150186,1421896,455781,1 Samuel,15,31,יהוה,nmpr,pers,E:YHWH,Other Tanakh
150189,1421897,455782,1 Samuel,15,32,שמואל,nmpr,pers,A:person-candidate,Other Tanakh
150191,1421897,455783,1 Samuel,15,32,אל,prep,,C:divine-title-candidate,Other Tanakh
150193,1421897,455783,1 Samuel,15,32,אגג,nmpr,pers,A:person-candidate,Other Tanakh
150194,1421897,455783,1 Samuel,15,32,מלך,subs,,B:deity-candidate,Other Tanakh
150195,1421897,455783,1 Samuel,15,32,עמלק,nmpr,"pers,gens",F:unclassified-name,Other Tanakh
150198,1421897,455784,1 Samuel,15,32,אל,prep,,C:divine-title-candidate,Other Tanakh
150199,1421897,455784,1 Samuel,15,32,אגג,nmpr,pers,A:person-candidate,Other Tanakh
150203,1421897,455785,1 Samuel,15,32,אגג,nmpr,pers,A:person-candidate,Other Tanakh
150211,1421898,455787,1 Samuel,15,33,שמואל,nmpr,pers,A:person-candidate,Other Tanakh
150224,1421898,455790,1 Samuel,15,33,שמואל,nmpr,pers,A:person-candidate,Other Tanakh
150226,1421898,455790,1 Samuel,15,33,אגג,nmpr,pers,A:person-candidate,Other Tanakh
150229,1421898,455790,1 Samuel,15,33,יהוה,nmpr,pers,E:YHWH,Other Tanakh
150232,1421898,455790,1 Samuel,15,33,גלגל,nmpr,topo,F:unclassified-name,Other Tanakh
150235,1421899,455791,1 Samuel,15,34,שמואל,nmpr,pers,A:person-candidate,Other Tanakh
150237,1421899,455791,1 Samuel,15,34,רמה,nmpr,topo,F:unclassified-name,Other Tanakh
150239,1421899,455792,1 Samuel,15,34,שאול,nmpr,pers,A:person-candidate,Other Tanakh
150241,1421899,455792,1 Samuel,15,34,אל,prep,,C:divine-title-candidate,Other Tanakh
150244,1421899,455792,1 Samuel,15,34,שאול,nmpr,pers,A:person-candidate,Other Tanakh
150248,1421900,455793,1 Samuel,15,35,שמואל,nmpr,pers,A:person-candidate,Other Tanakh
150252,1421900,455794,1 Samuel,15,35,שאול,nmpr,pers,A:person-candidate,Other Tanakh
150258,1421900,455795,1 Samuel,15,35,שמואל,nmpr,pers,A:person-candidate,Other Tanakh
150259,1421900,455795,1 Samuel,15,35,אל,prep,,C:divine-title-candidate,Other Tanakh
150260,1421900,455795,1 Samuel,15,35,שאול,nmpr,pers,A:person-candidate,Other Tanakh
150262,1421900,455796,1 Samuel,15,35,יהוה,nmpr,pers,E:YHWH,Other Tanakh
150265,1421900,455797,1 Samuel,15,35,מלך,verb,,B:deity-candidate,Other Tanakh
150267,1421900,455797,1 Samuel,15,35,שאול,nmpr,pers,A:person-candidate,Other Tanakh
150269,1421900,455797,1 Samuel,15,35,ישראל,nmpr,"pers,gens,topo",F:unclassified-name,Other Tanakh
150272,1421901,455798,1 Samuel,16,1,יהוה,nmpr,pers,E:YHWH,Other Tanakh
150273,1421901,455798,1 Samuel,16,1,אל,prep,,C:divine-title-candidate,Other Tanakh
150274,1421901,455798,1 Samuel,16,1,שמואל,nmpr,pers,A:person-candidate,Other Tanakh
150279,1421901,455799,1 Samuel,16,1,אל,prep,,C:divine-title-candidate,Other Tanakh
150280,1421901,455799,1 Samuel,16,1,שאול,nmpr,pers,A:person-candidate,Other Tanakh
150285,1421901,455801,1 Samuel,16,1,מלך,verb,,B:deity-candidate,Other Tanakh
150287,1421901,455801,1 Samuel,16,1,ישראל,nmpr,"pers,gens,topo",F:unclassified-name,Other Tanakh
150294,1421901,455804,1 Samuel,16,1,אל,prep,,C:divine-title-candidate,Other Tanakh
150295,1421901,455804,1 Samuel,16,1,ישי,nmpr,pers,A:person-candidate,Other Tanakh
150304,1421901,455805,1 Samuel,16,1,מלך,subs,,B:deity-candidate,Other Tanakh
150307,1421902,455806,1 Samuel,16,2,שמואל,nmpr,pers,A:person-candidate,Other Tanakh
150312,1421902,455808,1 Samuel,16,2,שאול,nmpr,pers,A:person-candidate,Other Tanakh
150317,1421902,455810,1 Samuel,16,2,יהוה,nmpr,pers,E:YHWH,Other Tanakh
150328,1421902,455813,1 Samuel,16,2,יהוה,nmpr,pers,E:YHWH,Other Tanakh
150333,1421903,455815,1 Samuel,16,3,ישי,nmpr,pers,A:person-candidate,Other Tanakh
150349,1421903,455819,1 Samuel,16,3,אל,prep,,C:divine-title-candidate,Other Tanakh
150352,1421904,455820,1 Samuel,16,4,שמואל,nmpr,pers,A:person-candidate,Other Tanakh
150356,1421904,455821,1 Samuel,16,4,יהוה,nmpr,pers,E:YHWH,Other Tanakh
150359,1421904,455822,1 Samuel,16,4,בית לחם,nmpr,topo,F:unclassified-name,Other Tanakh
150377,1421905,455830,1 Samuel,16,5,יהוה,nmpr,pers,E:YHWH,Other Tanakh
150389,1421905,455834,1 Samuel,16,5,ישי,nmpr,pers,A:person-candidate,Other Tanakh
150406,1421906,455838,1 Samuel,16,6,אליאב,nmpr,pers,A:person-candidate,Other Tanakh
150411,1421906,455840,1 Samuel,16,6,יהוה,nmpr,pers,E:YHWH,Other Tanakh
150415,1421907,455841,1 Samuel,16,7,יהוה,nmpr,pers,E:YHWH,Other Tanakh
150416,1421907,455841,1 Samuel,16,7,אל,prep,,C:divine-title-candidate,Other Tanakh
150417,1421907,455841,1 Samuel,16,7,שמואל,nmpr,pers,A:person-candidate,Other Tanakh
150418,1421907,455842,1 Samuel,16,7,אל,nega,,C:divine-title-candidate,Other Tanakh
150420,1421907,455842,1 Samuel,16,7,אל,prep,,C:divine-title-candidate,Other Tanakh
150423,1421907,455842,1 Samuel,16,7,אל,prep,,C:divine-title-candidate,Other Tanakh
150442,1421907,455847,1 Samuel,16,7,יהוה,nmpr,pers,E:YHWH,Other Tanakh
150449,1421908,455848,1 Samuel,16,8,ישי,nmpr,pers,A:person-candidate,Other Tanakh
150450,1421908,455848,1 Samuel,16,8,אל,prep,,C:divine-title-candidate,Other Tanakh
150451,1421908,455848,1 Samuel,16,8,אבינדב,nmpr,pers,A:person-candidate,Other Tanakh
150456,1421908,455849,1 Samuel,16,8,שמואל,nmpr,pers,A:person-candidate,Other Tanakh
150464,1421908,455851,1 Samuel,16,8,יהוה,nmpr,pers,E:YHWH,Other Tanakh
150467,1421909,455852,1 Samuel,16,9,ישי,nmpr,pers,A:person-candidate,Other Tanakh
150468,1421909,455852,1 Samuel,16,9,שמה,nmpr,pers,A:person-candidate,Other Tanakh
150476,1421909,455854,1 Samuel,16,9,יהוה,nmpr,pers,E:YHWH,Other Tanakh
150479,1421910,455855,1 Samuel,16,10,ישי,nmpr,pers,A:person-candidate,Other Tanakh
150484,1421910,455855,1 Samuel,16,10,שמואל,nmpr,pers,A:person-candidate,Other Tanakh
150487,1421910,455856,1 Samuel,16,10,שמואל,nmpr,pers,A:person-candidate,Other Tanakh
150488,1421910,455856,1 Samuel,16,10,אל,prep,,C:divine-title-candidate,Other Tanakh
150489,1421910,455856,1 Samuel,16,10,ישי,nmpr,pers,A:person-candidate,Other Tanakh
150492,1421910,455857,1 Samuel,16,10,יהוה,nmpr,pers,E:YHWH,Other Tanakh
150497,1421911,455858,1 Samuel,16,11,שמואל,nmpr,pers,A:person-candidate,Other Tanakh
150498,1421911,455858,1 Samuel,16,11,אל,prep,,C:divine-title-candidate,Other Tanakh
150499,1421911,455858,1 Samuel,16,11,ישי,nmpr,pers,A:person-candidate,Other Tanakh
150518,1421911,455863,1 Samuel,16,11,שמואל,nmpr,pers,A:person-candidate,Other Tanakh
150519,1421911,455863,1 Samuel,16,11,אל,prep,,C:divine-title-candidate,Other Tanakh
150520,1421911,455863,1 Samuel,16,11,ישי,nmpr,pers,A:person-candidate,Other Tanakh
150545,1421912,455871,1 Samuel,16,12,יהוה,nmpr,pers,E:YHWH,Other Tanakh
150553,1421913,455875,1 Samuel,16,13,שמואל,nmpr,pers,A:person-candidate,Other Tanakh
150567,1421913,455877,1 Samuel,16,13,יהוה,nmpr,pers,E:YHWH,Other Tanakh
150568,1421913,455877,1 Samuel,16,13,אל,prep,,C:divine-title-candidate,Other Tanakh
150569,1421913,455877,1 Samuel,16,13,דוד,nmpr,pers,A:person-candidate,Other Tanakh
150579,1421913,455878,1 Samuel,16,13,שמואל,nmpr,pers,A:person-candidate,Other Tanakh
150583,1421913,455879,1 Samuel,16,13,רמה,nmpr,topo,F:unclassified-name,Other Tanakh
150586,1421914,455880,1 Samuel,16,14,יהוה,nmpr,pers,E:YHWH,Other Tanakh
150590,1421914,455880,1 Samuel,16,14,שאול,nmpr,pers,A:person-candidate,Other Tanakh
150597,1421914,455881,1 Samuel,16,14,יהוה,nmpr,pers,E:YHWH,Other Tanakh
150601,1421915,455882,1 Samuel,16,15,שאול,nmpr,pers,A:person-candidate,Other Tanakh
150602,1421915,455882,1 Samuel,16,15,אל,prep,,C:divine-title-candidate,Other Tanakh
150606,1421915,455883,1 Samuel,16,15,אלהים,subs,,D:Elohim,Other Tanakh
150628,1421916,455889,1 Samuel,16,16,אלהים,subs,,D:Elohim,Other Tanakh
150639,1421917,455892,1 Samuel,16,17,שאול,nmpr,pers,A:person-candidate,Other Tanakh
150640,1421917,455892,1 Samuel,16,17,אל,prep,,C:divine-title-candidate,Other Tanakh
150651,1421917,455896,1 Samuel,16,17,אל,prep,,C:divine-title-candidate,Other Tanakh
150664,1421918,455900,1 Samuel,16,18,ישי,nmpr,pers,A:person-candidate,Other Tanakh
150683,1421918,455904,1 Samuel,16,18,יהוה,nmpr,pers,E:YHWH,Other Tanakh
150687,1421919,455905,1 Samuel,16,19,שאול,nmpr,pers,A:person-candidate,Other Tanakh
150689,1421919,455905,1 Samuel,16,19,אל,prep,,C:divine-title-candidate,Other Tanakh
150690,1421919,455905,1 Samuel,16,19,ישי,nmpr,pers,A:person-candidate,Other Tanakh
150694,1421919,455907,1 Samuel,16,19,אל,prep,,C:divine-title-candidate,Other Tanakh
150696,1421919,455907,1 Samuel,16,19,דוד,nmpr,pers,A:person-candidate,Other Tanakh
150704,1421920,455909,1 Samuel,16,20,ישי,nmpr,pers,A:person-candidate,Other Tanakh
150718,1421920,455910,1 Samuel,16,20,דוד,nmpr,pers,A:person-candidate,Other Tanakh
150720,1421920,455910,1 Samuel,16,20,אל,prep,,C:divine-title-candidate,Other Tanakh
150721,1421920,455910,1 Samuel,16,20,שאול,nmpr,pers,A:person-candidate,Other Tanakh
150724,1421921,455911,1 Samuel,16,21,דוד,nmpr,pers,A:person-candidate,Other Tanakh
150725,1421921,455911,1 Samuel,16,21,אל,prep,,C:divine-title-candidate,Other Tanakh
150726,1421921,455911,1 Samuel,16,21,שאול,nmpr,pers,A:person-candidate,Other Tanakh
150741,1421922,455915,1 Samuel,16,22,שאול,nmpr,pers,A:person-candidate,Other Tanakh
150742,1421922,455915,1 Samuel,16,22,אל,prep,,C:divine-title-candidate,Other Tanakh
150743,1421922,455915,1 Samuel,16,22,ישי,nmpr,pers,A:person-candidate,Other Tanakh
150748,1421922,455917,1 Samuel,16,22,דוד,nmpr,pers,A:person-candidate,Other Tanakh
150761,1421923,455920,1 Samuel,16,23,אלהים,subs,,D:Elohim,Other Tanakh
150762,1421923,455920,1 Samuel,16,23,אל,prep,,C:divine-title-candidate,Other Tanakh
150763,1421923,455920,1 Samuel,16,23,שאול,nmpr,pers,A:person-candidate,Other Tanakh
150766,1421923,455921,1 Samuel,16,23,דוד,nmpr,pers,A:person-candidate,Other Tanakh
150777,1421923,455923,1 Samuel,16,23,שאול,nmpr,pers,A:person-candidate,Other Tanakh
150798,1421924,455927,1 Samuel,17,1,שוכה,nmpr,topo,F:unclassified-name,Other Tanakh
150801,1421924,455928,1 Samuel,17,1,יהודה,nmpr,"pers,gens,topo",F:unclassified-name,Other Tanakh
150805,1421924,455929,1 Samuel,17,1,שוכה,nmpr,topo,F:unclassified-name,Other Tanakh
150808,1421924,455929,1 Samuel,17,1,עזקה,nmpr,topo,F:unclassified-name,Other Tanakh
150810,1421924,455929,1 Samuel,17,1,אפס דמים,nmpr,topo,F:unclassified-name,Other Tanakh
150812,1421925,455930,1 Samuel,17,2,שאול,nmpr,pers,A:person-candidate,Other Tanakh
150815,1421925,455930,1 Samuel,17,2,ישראל,nmpr,"pers,gens,topo",F:unclassified-name,Other Tanakh
150832,1421926,455934,1 Samuel,17,3,אל,prep,,C:divine-title-candidate,Other Tanakh
150838,1421926,455935,1 Samuel,17,3,ישראל,nmpr,"pers,gens,topo",F:unclassified-name,Other Tanakh
150840,1421926,455935,1 Samuel,17,3,אל,prep,,C:divine-title-candidate,Other Tanakh
150857,1421927,455938,1 Samuel,17,4,גלית,nmpr,pers,A:person-candidate,Other Tanakh
150860,1421927,455939,1 Samuel,17,4,גת,nmpr,topo,F:unclassified-name,Other Tanakh
150918,1421931,455950,1 Samuel,17,8,אל,prep,,C:divine-title-candidate,Other Tanakh
150920,1421931,455950,1 Samuel,17,8,ישראל,nmpr,"pers,gens,topo",F:unclassified-name,Other Tanakh
150938,1421931,455955,1 Samuel,17,8,שאול,nmpr,pers,A:person-candidate,Other Tanakh
150944,1421931,455957,1 Samuel,17,8,אל,prep,,C:divine-title-candidate,Other Tanakh
150980,1421933,455967,1 Samuel,17,10,ישראל,nmpr,"pers,gens,topo",F:unclassified-name,Other Tanakh
150993,1421934,455970,1 Samuel,17,11,שאול,nmpr,pers,A:person-candidate,Other Tanakh
150996,1421934,455970,1 Samuel,17,11,ישראל,nmpr,"pers,gens,topo",F:unclassified-name,Other Tanakh
151009,1421935,455973,1 Samuel,17,12,דוד,nmpr,pers,A:person-candidate,Other Tanakh
151016,1421935,455973,1 Samuel,17,12,בית לחם,nmpr,topo,F:unclassified-name,Other Tanakh
151017,1421935,455973,1 Samuel,17,12,יהודה,nmpr,"pers,gens,topo",F:unclassified-name,Other Tanakh
151020,1421935,455974,1 Samuel,17,12,ישי,nmpr,pers,A:person-candidate,Other Tanakh
151030,1421935,455976,1 Samuel,17,12,שאול,nmpr,pers,A:person-candidate,Other Tanakh
151039,1421936,455978,1 Samuel,17,13,ישי,nmpr,pers,A:person-candidate,Other Tanakh
151044,1421936,455979,1 Samuel,17,13,שאול,nmpr,pers,A:person-candidate,Other Tanakh
151057,1421936,455980,1 Samuel,17,13,אליאב,nmpr,pers,A:person-candidate,Other Tanakh
151062,1421936,455982,1 Samuel,17,13,אבינדב,nmpr,pers,A:person-candidate,Other Tanakh
151066,1421936,455983,1 Samuel,17,13,שמה,nmpr,pers,A:person-candidate,Other Tanakh
151068,1421937,455984,1 Samuel,17,14,דוד,nmpr,pers,A:person-candidate,Other Tanakh
151078,1421937,455986,1 Samuel,17,14,שאול,nmpr,pers,A:person-candidate,Other Tanakh
151080,1421938,455987,1 Samuel,17,15,דוד,nmpr,pers,A:person-candidate,Other Tanakh
151086,1421938,455988,1 Samuel,17,15,שאול,nmpr,pers,A:person-candidate,Other Tanakh
151092,1421938,455989,1 Samuel,17,15,בית לחם,nmpr,topo,F:unclassified-name,Other Tanakh
151106,1421940,455992,1 Samuel,17,17,ישי,nmpr,pers,A:person-candidate,Other Tanakh
151108,1421940,455992,1 Samuel,17,17,דוד,nmpr,pers,A:person-candidate,Other Tanakh
151154,1421942,455998,1 Samuel,17,19,שאול,nmpr,pers,A:person-candidate,Other Tanakh
151160,1421942,455998,1 Samuel,17,19,ישראל,nmpr,"pers,gens,topo",F:unclassified-name,Other Tanakh
151170,1421943,456000,1 Samuel,17,20,דוד,nmpr,pers,A:person-candidate,Other Tanakh
151188,1421943,456004,1 Samuel,17,20,ישי,nmpr,pers,A:person-candidate,Other Tanakh
151198,1421943,456007,1 Samuel,17,20,אל,prep,,C:divine-title-candidate,Other Tanakh
151208,1421944,456009,1 Samuel,17,21,ישראל,nmpr,"pers,gens,topo",F:unclassified-name,Other Tanakh
151217,1421945,456011,1 Samuel,17,22,דוד,nmpr,pers,A:person-candidate,Other Tanakh
151250,1421946,456018,1 Samuel,17,23,גלית,nmpr,pers,A:person-candidate,Other Tanakh
151255,1421946,456019,1 Samuel,17,23,גת,nmpr,topo,F:unclassified-name,Other Tanakh
151268,1421946,456021,1 Samuel,17,23,דוד,nmpr,pers,A:person-candidate,Other Tanakh
151272,1421947,456022,1 Samuel,17,24,ישראל,nmpr,"pers,gens,topo",F:unclassified-name,Other Tanakh
151288,1421948,456026,1 Samuel,17,25,ישראל,nmpr,"pers,gens,topo",F:unclassified-name,Other Tanakh
151301,1421948,456029,1 Samuel,17,25,ישראל,nmpr,"pers,gens,topo",F:unclassified-name,Other Tanakh
151311,1421948,456033,1 Samuel,17,25,מלך,subs,,B:deity-candidate,Other Tanakh
151326,1421948,456035,1 Samuel,17,25,ישראל,nmpr,"pers,gens,topo",F:unclassified-name,Other Tanakh
151329,1421949,456036,1 Samuel,17,26,דוד,nmpr,pers,A:person-candidate,Other Tanakh
151330,1421949,456036,1 Samuel,17,26,אל,prep,,C:divine-title-candidate,Other Tanakh
151355,1421949,456041,1 Samuel,17,26,ישראל,nmpr,"pers,gens,topo",F:unclassified-name,Other Tanakh
151367,1421949,456043,1 Samuel,17,26,אלהים,subs,,D:Elohim,Other Tanakh
151390,1421951,456048,1 Samuel,17,28,אליאב,nmpr,pers,A:person-candidate,Other Tanakh
151396,1421951,456049,1 Samuel,17,28,אל,prep,,C:divine-title-candidate,Other Tanakh
151402,1421951,456050,1 Samuel,17,28,אליאב,nmpr,pers,A:person-candidate,Other Tanakh
151404,1421951,456050,1 Samuel,17,28,דוד,nmpr,pers,A:person-candidate,Other Tanakh
151438,1421952,456057,1 Samuel,17,29,דוד,nmpr,pers,A:person-candidate,Other Tanakh
151450,1421953,456060,1 Samuel,17,30,אל,prep,,C:divine-title-candidate,Other Tanakh
151476,1421954,456064,1 Samuel,17,31,דוד,nmpr,pers,A:person-candidate,Other Tanakh
151481,1421954,456065,1 Samuel,17,31,שאול,nmpr,pers,A:person-candidate,Other Tanakh
151486,1421955,456067,1 Samuel,17,32,דוד,nmpr,pers,A:person-candidate,Other Tanakh
151487,1421955,456067,1 Samuel,17,32,אל,prep,,C:divine-title-candidate,Other Tanakh
151488,1421955,456067,1 Samuel,17,32,שאול,nmpr,pers,A:person-candidate,Other Tanakh
151489,1421955,456068,1 Samuel,17,32,אל,nega,,C:divine-title-candidate,Other Tanakh
151505,1421956,456071,1 Samuel,17,33,שאול,nmpr,pers,A:person-candidate,Other Tanakh
151506,1421956,456071,1 Samuel,17,33,אל,prep,,C:divine-title-candidate,Other Tanakh
151507,1421956,456071,1 Samuel,17,33,דוד,nmpr,pers,A:person-candidate,Other Tanakh
151512,1421956,456073,1 Samuel,17,33,אל,prep,,C:divine-title-candidate,Other Tanakh
151531,1421957,456077,1 Samuel,17,34,דוד,nmpr,pers,A:person-candidate,Other Tanakh
151532,1421957,456077,1 Samuel,17,34,אל,prep,,C:divine-title-candidate,Other Tanakh
151533,1421957,456077,1 Samuel,17,34,שאול,nmpr,pers,A:person-candidate,Other Tanakh
151599,1421959,456090,1 Samuel,17,36,אלהים,subs,,D:Elohim,Other Tanakh
151603,1421960,456091,1 Samuel,17,37,דוד,nmpr,pers,A:person-candidate,Other Tanakh
151604,1421960,456092,1 Samuel,17,37,יהוה,nmpr,pers,E:YHWH,Other Tanakh
151626,1421960,456095,1 Samuel,17,37,שאול,nmpr,pers,A:person-candidate,Other Tanakh
151627,1421960,456095,1 Samuel,17,37,אל,prep,,C:divine-title-candidate,Other Tanakh
151628,1421960,456095,1 Samuel,17,37,דוד,nmpr,pers,A:person-candidate,Other Tanakh
151631,1421960,456097,1 Samuel,17,37,יהוה,nmpr,pers,E:YHWH,Other Tanakh
151636,1421961,456098,1 Samuel,17,38,שאול,nmpr,pers,A:person-candidate,Other Tanakh
151638,1421961,456098,1 Samuel,17,38,דוד,nmpr,pers,A:person-candidate,Other Tanakh
151652,1421962,456101,1 Samuel,17,39,דוד,nmpr,pers,A:person-candidate,Other Tanakh
151668,1421962,456105,1 Samuel,17,39,דוד,nmpr,pers,A:person-candidate,Other Tanakh
151669,1421962,456105,1 Samuel,17,39,אל,prep,,C:divine-title-candidate,Other Tanakh
151670,1421962,456105,1 Samuel,17,39,שאול,nmpr,pers,A:person-candidate,Other Tanakh
151682,1421962,456109,1 Samuel,17,39,דוד,nmpr,pers,A:person-candidate,Other Tanakh
151718,1421963,456115,1 Samuel,17,40,אל,prep,,C:divine-title-candidate,Other Tanakh
151728,1421964,456116,1 Samuel,17,41,אל,prep,,C:divine-title-candidate,Other Tanakh
151729,1421964,456116,1 Samuel,17,41,דוד,nmpr,pers,A:person-candidate,Other Tanakh
151745,1421965,456122,1 Samuel,17,42,דוד,nmpr,pers,A:person-candidate,Other Tanakh
151760,1421966,456126,1 Samuel,17,43,אל,prep,,C:divine-title-candidate,Other Tanakh
151761,1421966,456126,1 Samuel,17,43,דוד,nmpr,pers,A:person-candidate,Other Tanakh
151768,1421966,456128,1 Samuel,17,43,אל,prep,,C:divine-title-candidate,Other Tanakh
151777,1421966,456129,1 Samuel,17,43,דוד,nmpr,pers,A:person-candidate,Other Tanakh
151779,1421966,456129,1 Samuel,17,43,אלהים,subs,,D:Elohim,Other Tanakh
151784,1421967,456130,1 Samuel,17,44,אל,prep,,C:divine-title-candidate,Other Tanakh
151785,1421967,456130,1 Samuel,17,44,דוד,nmpr,pers,A:person-candidate,Other Tanakh
151787,1421967,456131,1 Samuel,17,44,אל,prep,,C:divine-title-candidate,Other Tanakh
151803,1421968,456133,1 Samuel,17,45,דוד,nmpr,pers,A:person-candidate,Other Tanakh
151804,1421968,456133,1 Samuel,17,45,אל,prep,,C:divine-title-candidate,Other Tanakh
151809,1421968,456134,1 Samuel,17,45,אל,prep,,C:divine-title-candidate,Other Tanakh
151821,1421968,456135,1 Samuel,17,45,אל,prep,,C:divine-title-candidate,Other Tanakh
151824,1421968,456135,1 Samuel,17,45,יהוה,nmpr,pers,E:YHWH,Other Tanakh
151826,1421968,456135,1 Samuel,17,45,אלהים,subs,,D:Elohim,Other Tanakh
151828,1421968,456135,1 Samuel,17,45,ישראל,nmpr,"pers,gens,topo",F:unclassified-name,Other Tanakh
151836,1421969,456137,1 Samuel,17,46,יהוה,nmpr,pers,E:YHWH,Other Tanakh
151872,1421969,456142,1 Samuel,17,46,אלהים,subs,,D:Elohim,Other Tanakh
151874,1421969,456142,1 Samuel,17,46,ישראל,nmpr,"pers,gens,topo",F:unclassified-name,Other Tanakh
151890,1421970,456144,1 Samuel,17,47,יהוה,nmpr,pers,E:YHWH,Other Tanakh
151893,1421970,456145,1 Samuel,17,47,יהוה,nmpr,pers,E:YHWH,Other Tanakh
151913,1421971,456151,1 Samuel,17,48,דוד,nmpr,pers,A:person-candidate,Other Tanakh
151916,1421971,456152,1 Samuel,17,48,דוד,nmpr,pers,A:person-candidate,Other Tanakh
151927,1421972,456155,1 Samuel,17,49,דוד,nmpr,pers,A:person-candidate,Other Tanakh
151930,1421972,456155,1 Samuel,17,49,אל,prep,,C:divine-title-candidate,Other Tanakh
151945,1421972,456158,1 Samuel,17,49,אל,prep,,C:divine-title-candidate,Other Tanakh
151960,1421973,456161,1 Samuel,17,50,דוד,nmpr,pers,A:person-candidate,Other Tanakh
151983,1421973,456164,1 Samuel,17,50,דוד,nmpr,pers,A:person-candidate,Other Tanakh
151986,1421974,456165,1 Samuel,17,51,דוד,nmpr,pers,A:person-candidate,Other Tanakh
151989,1421974,456166,1 Samuel,17,51,אל,prep,,C:divine-title-candidate,Other Tanakh
152019,1421975,456174,1 Samuel,17,52,ישראל,nmpr,"pers,gens,topo",F:unclassified-name,Other Tanakh
152021,1421975,456174,1 Samuel,17,52,יהודה,nmpr,"pers,gens,topo",F:unclassified-name,Other Tanakh
152035,1421975,456178,1 Samuel,17,52,עקרון,nmpr,topo,F:unclassified-name,Other Tanakh
152042,1421975,456179,1 Samuel,17,52,שערים,nmpr,topo,F:unclassified-name,Other Tanakh
152045,1421975,456180,1 Samuel,17,52,גת,nmpr,topo,F:unclassified-name,Other Tanakh
152048,1421975,456180,1 Samuel,17,52,עקרון,nmpr,topo,F:unclassified-name,Other Tanakh
152052,1421976,456181,1 Samuel,17,53,ישראל,nmpr,"pers,gens,topo",F:unclassified-name,Other Tanakh
152063,1421977,456184,1 Samuel,17,54,דוד,nmpr,pers,A:person-candidate,Other Tanakh
152070,1421977,456185,1 Samuel,17,54,ירושלם,nmpr,topo,F:unclassified-name,Other Tanakh
152080,1421978,456188,1 Samuel,17,55,שאול,nmpr,pers,A:person-candidate,Other Tanakh
152082,1421978,456188,1 Samuel,17,55,דוד,nmpr,pers,A:person-candidate,Other Tanakh
152089,1421978,456187,1 Samuel,17,55,אל,prep,,C:divine-title-candidate,Other Tanakh
152090,1421978,456187,1 Samuel,17,55,אבנר,nmpr,pers,A:person-candidate,Other Tanakh
152099,1421978,456192,1 Samuel,17,55,אבנר,nmpr,pers,A:person-candidate,Other Tanakh
152102,1421978,456193,1 Samuel,17,55,אבנר,nmpr,pers,A:person-candidate,Other Tanakh
152106,1421978,456195,1 Samuel,17,55,מלך,subs,,B:deity-candidate,Other Tanakh
152112,1421979,456197,1 Samuel,17,56,מלך,subs,,B:deity-candidate,Other Tanakh
152123,1421980,456200,1 Samuel,17,57,דוד,nmpr,pers,A:person-candidate,Other Tanakh
152132,1421980,456202,1 Samuel,17,57,אבנר,nmpr,pers,A:person-candidate,Other Tanakh
152137,1421980,456203,1 Samuel,17,57,שאול,nmpr,pers,A:person-candidate,Other Tanakh
152146,1421981,456205,1 Samuel,17,58,אל,prep,,C:divine-title-candidate,Other Tanakh
152147,1421981,456205,1 Samuel,17,58,שאול,nmpr,pers,A:person-candidate,Other Tanakh
152155,1421981,456208,1 Samuel,17,58,דוד,nmpr,pers,A:person-candidate,Other Tanakh
152158,1421981,456209,1 Samuel,17,58,ישי,nmpr,pers,A:person-candidate,Other Tanakh
152168,1421982,456212,1 Samuel,18,1,אל,prep,,C:divine-title-candidate,Other Tanakh
152169,1421982,456212,1 Samuel,18,1,שאול,nmpr,pers,A:person-candidate,Other Tanakh
152172,1421982,456213,1 Samuel,18,1,יהונתן,nmpr,pers,A:person-candidate,Other Tanakh
152176,1421982,456213,1 Samuel,18,1,דוד,nmpr,pers,A:person-candidate,Other Tanakh
152179,1421982,456214,1 Samuel,18,1,יהונתן,nmpr,pers,A:person-candidate,Other Tanakh
152184,1421983,456215,1 Samuel,18,2,שאול,nmpr,pers,A:person-candidate,Other Tanakh
152199,1421984,456218,1 Samuel,18,3,יהונתן,nmpr,pers,A:person-candidate,Other Tanakh
152201,1421984,456218,1 Samuel,18,3,דוד,nmpr,pers,A:person-candidate,Other Tanakh
152210,1421985,456219,1 Samuel,18,4,יהונתן,nmpr,pers,A:person-candidate,Other Tanakh
152219,1421985,456221,1 Samuel,18,4,דוד,nmpr,pers,A:person-candidate,Other Tanakh
152233,1421986,456223,1 Samuel,18,5,דוד,nmpr,pers,A:person-candidate,Other Tanakh
152238,1421986,456225,1 Samuel,18,5,שאול,nmpr,pers,A:person-candidate,Other Tanakh
152242,1421986,456226,1 Samuel,18,5,שאול,nmpr,pers,A:person-candidate,Other Tanakh
152259,1421986,456227,1 Samuel,18,5,שאול,nmpr,pers,A:person-candidate,Other Tanakh
152266,1421987,456230,1 Samuel,18,6,דוד,nmpr,pers,A:person-candidate,Other Tanakh
152279,1421987,456232,1 Samuel,18,6,ישראל,nmpr,"pers,gens,topo",F:unclassified-name,Other Tanakh
152287,1421987,456235,1 Samuel,18,6,שאול,nmpr,pers,A:person-candidate,Other Tanakh
152289,1421987,456235,1 Samuel,18,6,מלך,subs,,B:deity-candidate,Other Tanakh
152306,1421988,456238,1 Samuel,18,7,שאול,nmpr,pers,A:person-candidate,Other Tanakh
152310,1421988,456239,1 Samuel,18,7,דוד,nmpr,pers,A:person-candidate,Other Tanakh
152316,1421989,456240,1 Samuel,18,8,שאול,nmpr,pers,A:person-candidate,Other Tanakh
152330,1421989,456243,1 Samuel,18,8,דוד,nmpr,pers,A:person-candidate,Other Tanakh
152345,1421990,456246,1 Samuel,18,9,שאול,nmpr,pers,A:person-candidate,Other Tanakh
152348,1421990,456246,1 Samuel,18,9,דוד,nmpr,pers,A:person-candidate,Other Tanakh
152363,1421991,456248,1 Samuel,18,10,אלהים,subs,,D:Elohim,Other Tanakh
152365,1421991,456248,1 Samuel,18,10,אל,prep,,C:divine-title-candidate,Other Tanakh
152366,1421991,456248,1 Samuel,18,10,שאול,nmpr,pers,A:person-candidate,Other Tanakh
152374,1421991,456250,1 Samuel,18,10,דוד,nmpr,pers,A:person-candidate,Other Tanakh
152387,1421991,456251,1 Samuel,18,10,שאול,nmpr,pers,A:person-candidate,Other Tanakh
152390,1421992,456252,1 Samuel,18,11,שאול,nmpr,pers,A:person-candidate,Other Tanakh
152398,1421992,456254,1 Samuel,18,11,דוד,nmpr,pers,A:person-candidate,Other Tanakh
152405,1421992,456255,1 Samuel,18,11,דוד,nmpr,pers,A:person-candidate,Other Tanakh
152411,1421993,456256,1 Samuel,18,12,שאול,nmpr,pers,A:person-candidate,Other Tanakh
152415,1421993,456256,1 Samuel,18,12,דוד,nmpr,pers,A:person-candidate,Other Tanakh
152418,1421993,456257,1 Samuel,18,12,יהוה,nmpr,pers,E:YHWH,Other Tanakh
152423,1421993,456258,1 Samuel,18,12,שאול,nmpr,pers,A:person-candidate,Other Tanakh
152427,1421994,456259,1 Samuel,18,13,שאול,nmpr,pers,A:person-candidate,Other Tanakh
152445,1421995,456263,1 Samuel,18,14,דוד,nmpr,pers,A:person-candidate,Other Tanakh
152451,1421995,456264,1 Samuel,18,14,יהוה,nmpr,pers,E:YHWH,Other Tanakh
152455,1421996,456265,1 Samuel,18,15,שאול,nmpr,pers,A:person-candidate,Other Tanakh
152466,1421997,456268,1 Samuel,18,16,ישראל,nmpr,"pers,gens,topo",F:unclassified-name,Other Tanakh
152468,1421997,456268,1 Samuel,18,16,יהודה,nmpr,"pers,gens,topo",F:unclassified-name,Other Tanakh
152471,1421997,456268,1 Samuel,18,16,דוד,nmpr,pers,A:person-candidate,Other Tanakh
152481,1421998,456271,1 Samuel,18,17,שאול,nmpr,pers,A:person-candidate,Other Tanakh
152482,1421998,456271,1 Samuel,18,17,אל,prep,,C:divine-title-candidate,Other Tanakh
152483,1421998,456271,1 Samuel,18,17,דוד,nmpr,pers,A:person-candidate,Other Tanakh
152488,1421998,456272,1 Samuel,18,17,מרב,nmpr,pers,A:person-candidate,Other Tanakh
152503,1421998,456275,1 Samuel,18,17,יהוה,nmpr,pers,E:YHWH,Other Tanakh
152505,1421998,456276,1 Samuel,18,17,שאול,nmpr,pers,A:person-candidate,Other Tanakh
152507,1421998,456277,1 Samuel,18,17,אל,nega,,C:divine-title-candidate,Other Tanakh
152518,1421999,456279,1 Samuel,18,18,דוד,nmpr,pers,A:person-candidate,Other Tanakh
152519,1421999,456279,1 Samuel,18,18,אל,prep,,C:divine-title-candidate,Other Tanakh
152520,1421999,456279,1 Samuel,18,18,שאול,nmpr,pers,A:person-candidate,Other Tanakh
152529,1421999,456281,1 Samuel,18,18,ישראל,nmpr,"pers,gens,topo",F:unclassified-name,Other Tanakh
152535,1421999,456282,1 Samuel,18,18,מלך,subs,,B:deity-candidate,Other Tanakh
152542,1422000,456284,1 Samuel,18,19,מרב,nmpr,pers,A:person-candidate,Other Tanakh
152544,1422000,456284,1 Samuel,18,19,שאול,nmpr,pers,A:person-candidate,Other Tanakh
152546,1422000,456284,1 Samuel,18,19,דוד,nmpr,pers,A:person-candidate,Other Tanakh
152551,1422000,456285,1 Samuel,18,19,עדריאל,nmpr,pers,A:person-candidate,Other Tanakh
152558,1422001,456286,1 Samuel,18,20,מיכל,nmpr,pers,A:person-candidate,Other Tanakh
152560,1422001,456286,1 Samuel,18,20,שאול,nmpr,pers,A:person-candidate,Other Tanakh
152562,1422001,456286,1 Samuel,18,20,דוד,nmpr,pers,A:person-candidate,Other Tanakh
152566,1422001,456287,1 Samuel,18,20,שאול,nmpr,pers,A:person-candidate,Other Tanakh
152575,1422002,456289,1 Samuel,18,21,שאול,nmpr,pers,A:person-candidate,Other Tanakh
152590,1422002,456293,1 Samuel,18,21,שאול,nmpr,pers,A:person-candidate,Other Tanakh
152591,1422002,456293,1 Samuel,18,21,אל,prep,,C:divine-title-candidate,Other Tanakh
152592,1422002,456293,1 Samuel,18,21,דוד,nmpr,pers,A:person-candidate,Other Tanakh
152601,1422003,456295,1 Samuel,18,22,שאול,nmpr,pers,A:person-candidate,Other Tanakh
152605,1422003,456296,1 Samuel,18,22,אל,prep,,C:divine-title-candidate,Other Tanakh
152606,1422003,456296,1 Samuel,18,22,דוד,nmpr,pers,A:person-candidate,Other Tanakh
152616,1422003,456298,1 Samuel,18,22,מלך,subs,,B:deity-candidate,Other Tanakh
152626,1422003,456301,1 Samuel,18,22,מלך,subs,,B:deity-candidate,Other Tanakh
152630,1422004,456302,1 Samuel,18,23,שאול,nmpr,pers,A:person-candidate,Other Tanakh
152633,1422004,456302,1 Samuel,18,23,דוד,nmpr,pers,A:person-candidate,Other Tanakh
152641,1422004,456303,1 Samuel,18,23,דוד,nmpr,pers,A:person-candidate,Other Tanakh
152649,1422004,456305,1 Samuel,18,23,מלך,subs,,B:deity-candidate,Other Tanakh
152659,1422005,456307,1 Samuel,18,24,שאול,nmpr,pers,A:person-candidate,Other Tanakh
152669,1422005,456309,1 Samuel,18,24,דוד,nmpr,pers,A:person-candidate,Other Tanakh
152672,1422006,456310,1 Samuel,18,25,שאול,nmpr,pers,A:person-candidate,Other Tanakh
152676,1422006,456311,1 Samuel,18,25,דוד,nmpr,pers,A:person-candidate,Other Tanakh
152681,1422006,456312,1 Samuel,18,25,מלך,subs,,B:deity-candidate,Other Tanakh
152694,1422006,456314,1 Samuel,18,25,מלך,subs,,B:deity-candidate,Other Tanakh
152696,1422006,456315,1 Samuel,18,25,שאול,nmpr,pers,A:person-candidate,Other Tanakh
152701,1422006,456316,1 Samuel,18,25,דוד,nmpr,pers,A:person-candidate,Other Tanakh
152709,1422007,456317,1 Samuel,18,26,דוד,nmpr,pers,A:person-candidate,Other Tanakh
152721,1422007,456318,1 Samuel,18,26,דוד,nmpr,pers,A:person-candidate,Other Tanakh
152726,1422007,456319,1 Samuel,18,26,מלך,subs,,B:deity-candidate,Other Tanakh
152734,1422008,456321,1 Samuel,18,27,דוד,nmpr,pers,A:person-candidate,Other Tanakh
152749,1422008,456324,1 Samuel,18,27,דוד,nmpr,pers,A:person-candidate,Other Tanakh
152756,1422008,456325,1 Samuel,18,27,מלך,subs,,B:deity-candidate,Other Tanakh
152761,1422008,456326,1 Samuel,18,27,מלך,subs,,B:deity-candidate,Other Tanakh
152765,1422008,456327,1 Samuel,18,27,שאול,nmpr,pers,A:person-candidate,Other Tanakh
152767,1422008,456327,1 Samuel,18,27,מיכל,nmpr,pers,A:person-candidate,Other Tanakh
152773,1422009,456328,1 Samuel,18,28,שאול,nmpr,pers,A:person-candidate,Other Tanakh
152777,1422009,456330,1 Samuel,18,28,יהוה,nmpr,pers,E:YHWH,Other Tanakh
152779,1422009,456330,1 Samuel,18,28,דוד,nmpr,pers,A:person-candidate,Other Tanakh
152781,1422009,456331,1 Samuel,18,28,מיכל,nmpr,pers,A:person-candidate,Other Tanakh
152783,1422009,456331,1 Samuel,18,28,שאול,nmpr,pers,A:person-candidate,Other Tanakh
152787,1422010,456332,1 Samuel,18,29,שאול,nmpr,pers,A:person-candidate,Other Tanakh
152792,1422010,456333,1 Samuel,18,29,דוד,nmpr,pers,A:person-candidate,Other Tanakh
152796,1422010,456334,1 Samuel,18,29,שאול,nmpr,pers,A:person-candidate,Other Tanakh
152799,1422010,456334,1 Samuel,18,29,דוד,nmpr,pers,A:person-candidate,Other Tanakh
152813,1422011,456338,1 Samuel,18,30,דוד,nmpr,pers,A:person-candidate,Other Tanakh
152817,1422011,456338,1 Samuel,18,30,שאול,nmpr,pers,A:person-candidate,Other Tanakh
152824,1422012,456340,1 Samuel,19,1,שאול,nmpr,pers,A:person-candidate,Other Tanakh
152825,1422012,456340,1 Samuel,19,1,אל,prep,,C:divine-title-candidate,Other Tanakh
152826,1422012,456340,1 Samuel,19,1,יונתן,nmpr,pers,A:person-candidate,Other Tanakh
152829,1422012,456340,1 Samuel,19,1,אל,prep,,C:divine-title-candidate,Other Tanakh
152835,1422012,456341,1 Samuel,19,1,דוד,nmpr,pers,A:person-candidate,Other Tanakh
152837,1422012,456342,1 Samuel,19,1,יהונתן,nmpr,pers,A:person-candidate,Other Tanakh
152839,1422012,456342,1 Samuel,19,1,שאול,nmpr,pers,A:person-candidate,Other Tanakh
152842,1422012,456342,1 Samuel,19,1,דוד,nmpr,pers,A:person-candidate,Other Tanakh
152846,1422013,456343,1 Samuel,19,2,יהונתן,nmpr,pers,A:person-candidate,Other Tanakh
152848,1422013,456343,1 Samuel,19,2,דוד,nmpr,pers,A:person-candidate,Other Tanakh
152852,1422013,456345,1 Samuel,19,2,שאול,nmpr,pers,A:person-candidate,Other Tanakh
152888,1422014,456354,1 Samuel,19,3,אל,prep,,C:divine-title-candidate,Other Tanakh
152898,1422015,456357,1 Samuel,19,4,יהונתן,nmpr,pers,A:person-candidate,Other Tanakh
152900,1422015,456357,1 Samuel,19,4,דוד,nmpr,pers,A:person-candidate,Other Tanakh
152902,1422015,456357,1 Samuel,19,4,אל,prep,,C:divine-title-candidate,Other Tanakh
152903,1422015,456357,1 Samuel,19,4,שאול,nmpr,pers,A:person-candidate,Other Tanakh
152907,1422015,456358,1 Samuel,19,4,אל,prep,,C:divine-title-candidate,Other Tanakh
152908,1422015,456359,1 Samuel,19,4,אל,nega,,C:divine-title-candidate,Other Tanakh
152911,1422015,456359,1 Samuel,19,4,מלך,subs,,B:deity-candidate,Other Tanakh
152915,1422015,456359,1 Samuel,19,4,דוד,nmpr,pers,A:person-candidate,Other Tanakh
152939,1422016,456364,1 Samuel,19,5,יהוה,nmpr,pers,E:YHWH,Other Tanakh
152944,1422016,456364,1 Samuel,19,5,ישראל,nmpr,"pers,gens,topo",F:unclassified-name,Other Tanakh
152957,1422016,456368,1 Samuel,19,5,דוד,nmpr,pers,A:person-candidate,Other Tanakh
152961,1422017,456369,1 Samuel,19,6,שאול,nmpr,pers,A:person-candidate,Other Tanakh
152964,1422017,456369,1 Samuel,19,6,יהונתן,nmpr,pers,A:person-candidate,Other Tanakh
152967,1422017,456370,1 Samuel,19,6,שאול,nmpr,pers,A:person-candidate,Other Tanakh
152969,1422017,456371,1 Samuel,19,6,יהוה,nmpr,pers,E:YHWH,Other Tanakh
152974,1422018,456373,1 Samuel,19,7,יהונתן,nmpr,pers,A:person-candidate,Other Tanakh
152976,1422018,456373,1 Samuel,19,7,דוד,nmpr,pers,A:person-candidate,Other Tanakh
152980,1422018,456374,1 Samuel,19,7,יהונתן,nmpr,pers,A:person-candidate,Other Tanakh
152989,1422018,456375,1 Samuel,19,7,יהונתן,nmpr,pers,A:person-candidate,Other Tanakh
152991,1422018,456375,1 Samuel,19,7,דוד,nmpr,pers,A:person-candidate,Other Tanakh
152992,1422018,456375,1 Samuel,19,7,אל,prep,,C:divine-title-candidate,Other Tanakh
152993,1422018,456375,1 Samuel,19,7,שאול,nmpr,pers,A:person-candidate,Other Tanakh
153009,1422019,456379,1 Samuel,19,8,דוד,nmpr,pers,A:person-candidate,Other Tanakh
153027,1422020,456383,1 Samuel,19,9,יהוה,nmpr,pers,E:YHWH,Other Tanakh
153029,1422020,456383,1 Samuel,19,9,אל,prep,,C:divine-title-candidate,Other Tanakh
153030,1422020,456383,1 Samuel,19,9,שאול,nmpr,pers,A:person-candidate,Other Tanakh
153041,1422020,456386,1 Samuel,19,9,דוד,nmpr,pers,A:person-candidate,Other Tanakh
153047,1422021,456387,1 Samuel,19,10,שאול,nmpr,pers,A:person-candidate,Other Tanakh
153054,1422021,456388,1 Samuel,19,10,דוד,nmpr,pers,A:person-candidate,Other Tanakh
153063,1422021,456389,1 Samuel,19,10,שאול,nmpr,pers,A:person-candidate,Other Tanakh
153073,1422021,456391,1 Samuel,19,10,דוד,nmpr,pers,A:person-candidate,Other Tanakh
153083,1422022,456393,1 Samuel,19,11,שאול,nmpr,pers,A:person-candidate,Other Tanakh
153085,1422022,456393,1 Samuel,19,11,אל,prep,,C:divine-title-candidate,Other Tanakh
153087,1422022,456393,1 Samuel,19,11,דוד,nmpr,pers,A:person-candidate,Other Tanakh
153099,1422022,456396,1 Samuel,19,11,דוד,nmpr,pers,A:person-candidate,Other Tanakh
153100,1422022,456396,1 Samuel,19,11,מיכל,nmpr,pers,A:person-candidate,Other Tanakh
153116,1422023,456400,1 Samuel,19,12,מיכל,nmpr,pers,A:person-candidate,Other Tanakh
153118,1422023,456400,1 Samuel,19,12,דוד,nmpr,pers,A:person-candidate,Other Tanakh
153130,1422024,456404,1 Samuel,19,13,מיכל,nmpr,pers,A:person-candidate,Other Tanakh
153136,1422024,456405,1 Samuel,19,13,אל,prep,,C:divine-title-candidate,Other Tanakh
153153,1422025,456408,1 Samuel,19,14,שאול,nmpr,pers,A:person-candidate,Other Tanakh
153158,1422025,456409,1 Samuel,19,14,דוד,nmpr,pers,A:person-candidate,Other Tanakh
153165,1422026,456412,1 Samuel,19,15,שאול,nmpr,pers,A:person-candidate,Other Tanakh
153172,1422026,456413,1 Samuel,19,15,דוד,nmpr,pers,A:person-candidate,Other Tanakh
153180,1422026,456415,1 Samuel,19,15,אל,prep,,C:divine-title-candidate,Other Tanakh
153191,1422027,456419,1 Samuel,19,16,אל,prep,,C:divine-title-candidate,Other Tanakh
153201,1422028,456421,1 Samuel,19,17,שאול,nmpr,pers,A:person-candidate,Other Tanakh
153202,1422028,456421,1 Samuel,19,17,אל,prep,,C:divine-title-candidate,Other Tanakh
153203,1422028,456421,1 Samuel,19,17,מיכל,nmpr,pers,A:person-candidate,Other Tanakh
153215,1422028,456425,1 Samuel,19,17,מיכל,nmpr,pers,A:person-candidate,Other Tanakh
153216,1422028,456425,1 Samuel,19,17,אל,prep,,C:divine-title-candidate,Other Tanakh
153217,1422028,456425,1 Samuel,19,17,שאול,nmpr,pers,A:person-candidate,Other Tanakh
153220,1422028,456426,1 Samuel,19,17,אל,prep,,C:divine-title-candidate,Other Tanakh
153225,1422029,456429,1 Samuel,19,18,דוד,nmpr,pers,A:person-candidate,Other Tanakh
153231,1422029,456431,1 Samuel,19,18,אל,prep,,C:divine-title-candidate,Other Tanakh
153232,1422029,456431,1 Samuel,19,18,שמואל,nmpr,pers,A:person-candidate,Other Tanakh
153234,1422029,456431,1 Samuel,19,18,רמה,nmpr,topo,F:unclassified-name,Other Tanakh
153243,1422029,456433,1 Samuel,19,18,שאול,nmpr,pers,A:person-candidate,Other Tanakh
153248,1422029,456434,1 Samuel,19,18,שמואל,nmpr,pers,A:person-candidate,Other Tanakh
153252,1422029,456435,1 Samuel,19,18,ניות,nmpr,topo,F:unclassified-name,Other Tanakh
153256,1422030,456436,1 Samuel,19,19,שאול,nmpr,pers,A:person-candidate,Other Tanakh
153260,1422030,456439,1 Samuel,19,19,דוד,nmpr,pers,A:person-candidate,Other Tanakh
153262,1422030,456439,1 Samuel,19,19,ניות,nmpr,topo,F:unclassified-name,Other Tanakh
153265,1422030,456439,1 Samuel,19,19,רמה,nmpr,topo,F:unclassified-name,Other Tanakh
153268,1422031,456440,1 Samuel,19,20,שאול,nmpr,pers,A:person-candidate,Other Tanakh
153273,1422031,456441,1 Samuel,19,20,דוד,nmpr,pers,A:person-candidate,Other Tanakh
153282,1422031,456444,1 Samuel,19,20,שמואל,nmpr,pers,A:person-candidate,Other Tanakh
153290,1422031,456446,1 Samuel,19,20,שאול,nmpr,pers,A:person-candidate,Other Tanakh
153292,1422031,456446,1 Samuel,19,20,אלהים,subs,,D:Elohim,Other Tanakh
153300,1422032,456448,1 Samuel,19,21,שאול,nmpr,pers,A:person-candidate,Other Tanakh
153311,1422032,456451,1 Samuel,19,21,שאול,nmpr,pers,A:person-candidate,Other Tanakh
153325,1422033,456454,1 Samuel,19,22,רמה,nmpr,topo,F:unclassified-name,Other Tanakh
153335,1422033,456456,1 Samuel,19,22,שכו,nmpr,topo,F:unclassified-name,Other Tanakh
153341,1422033,456459,1 Samuel,19,22,שמואל,nmpr,pers,A:person-candidate,Other Tanakh
153343,1422033,456459,1 Samuel,19,22,דוד,nmpr,pers,A:person-candidate,Other Tanakh
153348,1422033,456461,1 Samuel,19,22,ניות,nmpr,topo,F:unclassified-name,Other Tanakh
153351,1422033,456461,1 Samuel,19,22,רמה,nmpr,topo,F:unclassified-name,Other Tanakh
153355,1422034,456462,1 Samuel,19,23,אל,prep,,C:divine-title-candidate,Other Tanakh
153356,1422034,456462,1 Samuel,19,23,ניות,nmpr,topo,F:unclassified-name,Other Tanakh
153359,1422034,456462,1 Samuel,19,23,רמה,nmpr,topo,F:unclassified-name,Other Tanakh
153366,1422034,456463,1 Samuel,19,23,אלהים,subs,,D:Elohim,Other Tanakh
153375,1422034,456467,1 Samuel,19,23,ניות,nmpr,topo,F:unclassified-name,Other Tanakh
153378,1422034,456467,1 Samuel,19,23,רמה,nmpr,topo,F:unclassified-name,Other Tanakh
153390,1422035,456469,1 Samuel,19,24,שמואל,nmpr,pers,A:person-candidate,Other Tanakh
153408,1422035,456472,1 Samuel,19,24,שאול,nmpr,pers,A:person-candidate,Other Tanakh
153414,1422036,456473,1 Samuel,20,1,דוד,nmpr,pers,A:person-candidate,Other Tanakh
153416,1422036,456473,1 Samuel,20,1,ניות,nmpr,topo,F:unclassified-name,Other Tanakh
153419,1422036,456473,1 Samuel,20,1,רמה,nmpr,topo,F:unclassified-name,Other Tanakh
153426,1422036,456475,1 Samuel,20,1,יהונתן,nmpr,pers,A:person-candidate,Other Tanakh
153476,1422038,456487,1 Samuel,20,3,דוד,nmpr,pers,A:person-candidate,Other Tanakh
153489,1422038,456492,1 Samuel,20,3,אל,nega,,C:divine-title-candidate,Other Tanakh
153492,1422038,456492,1 Samuel,20,3,יהונתן,nmpr,pers,A:person-candidate,Other Tanakh
153498,1422038,456495,1 Samuel,20,3,יהוה,nmpr,pers,E:YHWH,Other Tanakh
153512,1422039,456498,1 Samuel,20,4,יהונתן,nmpr,pers,A:person-candidate,Other Tanakh
153513,1422039,456498,1 Samuel,20,4,אל,prep,,C:divine-title-candidate,Other Tanakh
153514,1422039,456498,1 Samuel,20,4,דוד,nmpr,pers,A:person-candidate,Other Tanakh
153523,1422040,456501,1 Samuel,20,5,דוד,nmpr,pers,A:person-candidate,Other Tanakh
153524,1422040,456501,1 Samuel,20,5,אל,prep,,C:divine-title-candidate,Other Tanakh
153525,1422040,456501,1 Samuel,20,5,יהונתן,nmpr,pers,A:person-candidate,Other Tanakh
153535,1422040,456504,1 Samuel,20,5,מלך,subs,,B:deity-candidate,Other Tanakh
153559,1422041,456510,1 Samuel,20,6,דוד,nmpr,pers,A:person-candidate,Other Tanakh
153562,1422041,456511,1 Samuel,20,6,בית לחם,nmpr,topo,F:unclassified-name,Other Tanakh
153600,1422043,456520,1 Samuel,20,8,יהוה,nmpr,pers,E:YHWH,Other Tanakh
153620,1422044,456525,1 Samuel,20,9,יהונתן,nmpr,pers,A:person-candidate,Other Tanakh
153644,1422045,456532,1 Samuel,20,10,דוד,nmpr,pers,A:person-candidate,Other Tanakh
153645,1422045,456532,1 Samuel,20,10,אל,prep,,C:divine-title-candidate,Other Tanakh
153646,1422045,456532,1 Samuel,20,10,יהונתן,nmpr,pers,A:person-candidate,Other Tanakh
153657,1422046,456535,1 Samuel,20,11,יהונתן,nmpr,pers,A:person-candidate,Other Tanakh
153658,1422046,456535,1 Samuel,20,11,אל,prep,,C:divine-title-candidate,Other Tanakh
153659,1422046,456535,1 Samuel,20,11,דוד,nmpr,pers,A:person-candidate,Other Tanakh
153672,1422047,456539,1 Samuel,20,12,יהונתן,nmpr,pers,A:person-candidate,Other Tanakh
153673,1422047,456539,1 Samuel,20,12,אל,prep,,C:divine-title-candidate,Other Tanakh
153674,1422047,456539,1 Samuel,20,12,דוד,nmpr,pers,A:person-candidate,Other Tanakh
153675,1422047,456540,1 Samuel,20,12,יהוה,nmpr,pers,E:YHWH,Other Tanakh
153676,1422047,456540,1 Samuel,20,12,אלהים,subs,,D:Elohim,Other Tanakh
153677,1422047,456540,1 Samuel,20,12,ישראל,nmpr,"pers,gens,topo",F:unclassified-name,Other Tanakh
153691,1422047,456542,1 Samuel,20,12,אל,prep,,C:divine-title-candidate,Other Tanakh
153692,1422047,456542,1 Samuel,20,12,דוד,nmpr,pers,A:person-candidate,Other Tanakh
153697,1422047,456543,1 Samuel,20,12,אל,prep,,C:divine-title-candidate,Other Tanakh
153704,1422048,456545,1 Samuel,20,13,יהוה,nmpr,pers,E:YHWH,Other Tanakh
153706,1422048,456545,1 Samuel,20,13,יהונתן,nmpr,pers,A:person-candidate,Other Tanakh
153712,1422048,456547,1 Samuel,20,13,אל,prep,,C:divine-title-candidate,Other Tanakh
153730,1422048,456551,1 Samuel,20,13,יהוה,nmpr,pers,E:YHWH,Other Tanakh
153747,1422049,456555,1 Samuel,20,14,יהוה,nmpr,pers,E:YHWH,Other Tanakh
153765,1422050,456559,1 Samuel,20,15,יהוה,nmpr,pers,E:YHWH,Other Tanakh
153768,1422050,456559,1 Samuel,20,15,דוד,nmpr,pers,A:person-candidate,Other Tanakh
153777,1422051,456561,1 Samuel,20,16,יהונתן,nmpr,pers,A:person-candidate,Other Tanakh
153780,1422051,456561,1 Samuel,20,16,דוד,nmpr,pers,A:person-candidate,Other Tanakh
153783,1422051,456562,1 Samuel,20,16,יהוה,nmpr,pers,E:YHWH,Other Tanakh
153787,1422051,456562,1 Samuel,20,16,דוד,nmpr,pers,A:person-candidate,Other Tanakh
153790,1422052,456563,1 Samuel,20,17,יהונתן,nmpr,pers,A:person-candidate,Other Tanakh
153794,1422052,456564,1 Samuel,20,17,דוד,nmpr,pers,A:person-candidate,Other Tanakh
153805,1422053,456566,1 Samuel,20,18,יהונתן,nmpr,pers,A:person-candidate,Other Tanakh
153819,1422054,456572,1 Samuel,20,19,אל,prep,,C:divine-title-candidate,Other Tanakh
153835,1422054,456574,1 Samuel,20,19,אזל,nmpr,,F:unclassified-name,Other Tanakh
153881,1422056,456586,1 Samuel,20,21,יהוה,nmpr,pers,E:YHWH,Other Tanakh
153898,1422057,456590,1 Samuel,20,22,יהוה,nmpr,pers,E:YHWH,Other Tanakh
153908,1422058,456593,1 Samuel,20,23,יהוה,nmpr,pers,E:YHWH,Other Tanakh
153916,1422059,456594,1 Samuel,20,24,דוד,nmpr,pers,A:person-candidate,Other Tanakh
153927,1422059,456596,1 Samuel,20,24,מלך,subs,,B:deity-candidate,Other Tanakh
153928,1422059,456596,1 Samuel,20,24,אל,prep,,C:divine-title-candidate,Other Tanakh
153936,1422060,456598,1 Samuel,20,25,מלך,subs,,B:deity-candidate,Other Tanakh
153943,1422060,456598,1 Samuel,20,25,אל,prep,,C:divine-title-candidate,Other Tanakh
153949,1422060,456599,1 Samuel,20,25,יהונתן,nmpr,pers,A:person-candidate,Other Tanakh
153952,1422060,456600,1 Samuel,20,25,אבנר,nmpr,pers,A:person-candidate,Other Tanakh
153955,1422060,456600,1 Samuel,20,25,שאול,nmpr,pers,A:person-candidate,Other Tanakh
153959,1422060,456601,1 Samuel,20,25,דוד,nmpr,pers,A:person-candidate,Other Tanakh
153963,1422061,456602,1 Samuel,20,26,שאול,nmpr,pers,A:person-candidate,Other Tanakh
153991,1422062,456608,1 Samuel,20,27,דוד,nmpr,pers,A:person-candidate,Other Tanakh
153994,1422062,456609,1 Samuel,20,27,שאול,nmpr,pers,A:person-candidate,Other Tanakh
153995,1422062,456609,1 Samuel,20,27,אל,prep,,C:divine-title-candidate,Other Tanakh
153996,1422062,456609,1 Samuel,20,27,יהונתן,nmpr,pers,A:person-candidate,Other Tanakh
154002,1422062,456610,1 Samuel,20,27,ישי,nmpr,pers,A:person-candidate,Other Tanakh
154008,1422062,456610,1 Samuel,20,27,אל,prep,,C:divine-title-candidate,Other Tanakh
154013,1422063,456611,1 Samuel,20,28,יהונתן,nmpr,pers,A:person-candidate,Other Tanakh
154015,1422063,456611,1 Samuel,20,28,שאול,nmpr,pers,A:person-candidate,Other Tanakh
154018,1422063,456612,1 Samuel,20,28,דוד,nmpr,pers,A:person-candidate,Other Tanakh
154022,1422063,456612,1 Samuel,20,28,בית לחם,nmpr,topo,F:unclassified-name,Other Tanakh
154056,1422064,456622,1 Samuel,20,29,אל,prep,,C:divine-title-candidate,Other Tanakh
154059,1422064,456622,1 Samuel,20,29,מלך,subs,,B:deity-candidate,Other Tanakh
154063,1422065,456623,1 Samuel,20,30,שאול,nmpr,pers,A:person-candidate,Other Tanakh
154065,1422065,456623,1 Samuel,20,30,יהונתן,nmpr,pers,A:person-candidate,Other Tanakh
154081,1422065,456627,1 Samuel,20,30,ישי,nmpr,pers,A:person-candidate,Other Tanakh
154095,1422066,456629,1 Samuel,20,31,ישי,nmpr,pers,A:person-candidate,Other Tanakh
154111,1422066,456632,1 Samuel,20,31,אל,prep,,C:divine-title-candidate,Other Tanakh
154118,1422067,456634,1 Samuel,20,32,יהונתן,nmpr,pers,A:person-candidate,Other Tanakh
154120,1422067,456634,1 Samuel,20,32,שאול,nmpr,pers,A:person-candidate,Other Tanakh
154124,1422067,456635,1 Samuel,20,32,אל,prep,,C:divine-title-candidate,Other Tanakh
154131,1422068,456638,1 Samuel,20,33,שאול,nmpr,pers,A:person-candidate,Other Tanakh
154140,1422068,456640,1 Samuel,20,33,יהונתן,nmpr,pers,A:person-candidate,Other Tanakh
154150,1422068,456642,1 Samuel,20,33,דוד,nmpr,pers,A:person-candidate,Other Tanakh
154153,1422069,456643,1 Samuel,20,34,יהונתן,nmpr,pers,A:person-candidate,Other Tanakh
154173,1422069,456645,1 Samuel,20,34,אל,prep,,C:divine-title-candidate,Other Tanakh
154174,1422069,456645,1 Samuel,20,34,דוד,nmpr,pers,A:person-candidate,Other Tanakh
154185,1422070,456648,1 Samuel,20,35,יהונתן,nmpr,pers,A:person-candidate,Other Tanakh
154190,1422070,456648,1 Samuel,20,35,דוד,nmpr,pers,A:person-candidate,Other Tanakh
154228,1422072,456658,1 Samuel,20,37,יהונתן,nmpr,pers,A:person-candidate,Other Tanakh
154231,1422072,456659,1 Samuel,20,37,יהונתן,nmpr,pers,A:person-candidate,Other Tanakh
154246,1422073,456662,1 Samuel,20,38,יהונתן,nmpr,pers,A:person-candidate,Other Tanakh
154252,1422073,456664,1 Samuel,20,38,אל,nega,,C:divine-title-candidate,Other Tanakh
154257,1422073,456665,1 Samuel,20,38,יהונתן,nmpr,pers,A:person-candidate,Other Tanakh
154263,1422073,456666,1 Samuel,20,38,אל,prep,,C:divine-title-candidate,Other Tanakh
154272,1422074,456668,1 Samuel,20,39,יהונתן,nmpr,pers,A:person-candidate,Other Tanakh
154274,1422074,456668,1 Samuel,20,39,דוד,nmpr,pers,A:person-candidate,Other Tanakh
154281,1422075,456669,1 Samuel,20,40,יהונתן,nmpr,pers,A:person-candidate,Other Tanakh
154284,1422075,456669,1 Samuel,20,40,אל,prep,,C:divine-title-candidate,Other Tanakh
154300,1422076,456675,1 Samuel,20,41,דוד,nmpr,pers,A:person-candidate,Other Tanakh
154326,1422076,456682,1 Samuel,20,41,דוד,nmpr,pers,A:person-candidate,Other Tanakh
154330,1422077,456683,1 Samuel,20,42,יהונתן,nmpr,pers,A:person-candidate,Other Tanakh
154332,1422077,456683,1 Samuel,20,42,דוד,nmpr,pers,A:person-candidate,Other Tanakh
154342,1422077,456685,1 Samuel,20,42,יהוה,nmpr,pers,E:YHWH,Other Tanakh
154345,1422077,456687,1 Samuel,20,42,יהוה,nmpr,pers,E:YHWH,Other Tanakh
154363,1422078,456690,1 Samuel,21,1,יהונתן,nmpr,pers,A:person-candidate,Other Tanakh
154369,1422079,456691,1 Samuel,21,2,דוד,nmpr,pers,A:person-candidate,Other Tanakh
154370,1422079,456691,1 Samuel,21,2,נב,nmpr,topo,F:unclassified-name,Other Tanakh
154371,1422079,456691,1 Samuel,21,2,אל,prep,,C:divine-title-candidate,Other Tanakh
154372,1422079,456691,1 Samuel,21,2,אחימלך,nmpr,pers,A:person-candidate,Other Tanakh
154377,1422079,456692,1 Samuel,21,2,אחימלך,nmpr,pers,A:person-candidate,Other Tanakh
154380,1422079,456693,1 Samuel,21,2,דוד,nmpr,pers,A:person-candidate,Other Tanakh
154394,1422080,456697,1 Samuel,21,3,דוד,nmpr,pers,A:person-candidate,Other Tanakh
154396,1422080,456697,1 Samuel,21,3,אחימלך,nmpr,pers,A:person-candidate,Other Tanakh
154400,1422080,456698,1 Samuel,21,3,מלך,subs,,B:deity-candidate,Other Tanakh
154405,1422080,456699,1 Samuel,21,3,אל,prep,,C:divine-title-candidate,Other Tanakh
154407,1422080,456700,1 Samuel,21,3,אל,nega,,C:divine-title-candidate,Other Tanakh
154424,1422080,456703,1 Samuel,21,3,אל,prep,,C:divine-title-candidate,Other Tanakh
154447,1422082,456708,1 Samuel,21,5,דוד,nmpr,pers,A:person-candidate,Other Tanakh
154453,1422082,456710,1 Samuel,21,5,אל,prep,,C:divine-title-candidate,Other Tanakh
154470,1422083,456713,1 Samuel,21,6,דוד,nmpr,pers,A:person-candidate,Other Tanakh
154527,1422084,456724,1 Samuel,21,7,יהוה,nmpr,pers,E:YHWH,Other Tanakh
154540,1422085,456727,1 Samuel,21,8,שאול,nmpr,pers,A:person-candidate,Other Tanakh
154549,1422085,456728,1 Samuel,21,8,יהוה,nmpr,pers,E:YHWH,Other Tanakh
154552,1422085,456729,1 Samuel,21,8,דאג,nmpr,pers,A:person-candidate,Other Tanakh
154560,1422085,456730,1 Samuel,21,8,שאול,nmpr,pers,A:person-candidate,Other Tanakh
154563,1422086,456731,1 Samuel,21,9,דוד,nmpr,pers,A:person-candidate,Other Tanakh
154565,1422086,456731,1 Samuel,21,9,אחימלך,nmpr,pers,A:person-candidate,Other Tanakh
154589,1422086,456734,1 Samuel,21,9,מלך,subs,,B:deity-candidate,Other Tanakh
154596,1422087,456736,1 Samuel,21,10,גלית,nmpr,pers,A:person-candidate,Other Tanakh
154627,1422087,456743,1 Samuel,21,10,דוד,nmpr,pers,A:person-candidate,Other Tanakh
154634,1422088,456746,1 Samuel,21,11,דוד,nmpr,pers,A:person-candidate,Other Tanakh
154644,1422088,456747,1 Samuel,21,11,שאול,nmpr,pers,A:person-candidate,Other Tanakh
154647,1422088,456748,1 Samuel,21,11,אל,prep,,C:divine-title-candidate,Other Tanakh
154648,1422088,456748,1 Samuel,21,11,אכיש,nmpr,pers,A:person-candidate,Other Tanakh
154649,1422088,456748,1 Samuel,21,11,מלך,subs,,B:deity-candidate,Other Tanakh
154650,1422088,456748,1 Samuel,21,11,גת,nmpr,topo,F:unclassified-name,Other Tanakh
154654,1422089,456749,1 Samuel,21,12,אכיש,nmpr,pers,A:person-candidate,Other Tanakh
154655,1422089,456749,1 Samuel,21,12,אל,prep,,C:divine-title-candidate,Other Tanakh
154659,1422089,456750,1 Samuel,21,12,דוד,nmpr,pers,A:person-candidate,Other Tanakh
154660,1422089,456750,1 Samuel,21,12,מלך,subs,,B:deity-candidate,Other Tanakh
154674,1422089,456753,1 Samuel,21,12,שאול,nmpr,pers,A:person-candidate,Other Tanakh
154678,1422089,456754,1 Samuel,21,12,דוד,nmpr,pers,A:person-candidate,Other Tanakh
154683,1422090,456755,1 Samuel,21,13,דוד,nmpr,pers,A:person-candidate,Other Tanakh
154696,1422090,456756,1 Samuel,21,13,אכיש,nmpr,pers,A:person-candidate,Other Tanakh
154697,1422090,456756,1 Samuel,21,13,מלך,subs,,B:deity-candidate,Other Tanakh
154698,1422090,456756,1 Samuel,21,13,גת,nmpr,topo,F:unclassified-name,Other Tanakh
154718,1422091,456760,1 Samuel,21,14,אל,prep,,C:divine-title-candidate,Other Tanakh
154722,1422092,456761,1 Samuel,21,15,אכיש,nmpr,pers,A:person-candidate,Other Tanakh
154723,1422092,456761,1 Samuel,21,15,אל,prep,,C:divine-title-candidate,Other Tanakh
154732,1422092,456763,1 Samuel,21,15,אל,prep,,C:divine-title-candidate,Other Tanakh
154746,1422093,456767,1 Samuel,21,16,אל,prep,,C:divine-title-candidate,Other Tanakh
154750,1422094,456768,1 Samuel,22,1,דוד,nmpr,pers,A:person-candidate,Other Tanakh
154755,1422094,456769,1 Samuel,22,1,אל,prep,,C:divine-title-candidate,Other Tanakh
154757,1422094,456769,1 Samuel,22,1,עדלם,nmpr,topo,F:unclassified-name,Other Tanakh
154767,1422094,456771,1 Samuel,22,1,אל,prep,,C:divine-title-candidate,Other Tanakh
154771,1422095,456772,1 Samuel,22,2,אל,prep,,C:divine-title-candidate,Other Tanakh
154800,1422096,456776,1 Samuel,22,3,דוד,nmpr,pers,A:person-candidate,Other Tanakh
154804,1422096,456776,1 Samuel,22,3,מואב,nmpr,"pers,gens,topo",F:unclassified-name,Other Tanakh
154807,1422096,456777,1 Samuel,22,3,אל,prep,,C:divine-title-candidate,Other Tanakh
154808,1422096,456777,1 Samuel,22,3,מלך,subs,,B:deity-candidate,Other Tanakh
154809,1422096,456777,1 Samuel,22,3,מואב,nmpr,"pers,gens,topo",F:unclassified-name,Other Tanakh
154822,1422096,456780,1 Samuel,22,3,אלהים,subs,,D:Elohim,Other Tanakh
154827,1422097,456781,1 Samuel,22,4,מלך,subs,,B:deity-candidate,Other Tanakh
154828,1422097,456781,1 Samuel,22,4,מואב,nmpr,"pers,gens,topo",F:unclassified-name,Other Tanakh
154835,1422097,456783,1 Samuel,22,4,דוד,nmpr,pers,A:person-candidate,Other Tanakh
154841,1422098,456784,1 Samuel,22,5,גד,nmpr,"pers,gens,topo",B:deity-candidate,Other Tanakh
154844,1422098,456784,1 Samuel,22,5,אל,prep,,C:divine-title-candidate,Other Tanakh
154845,1422098,456784,1 Samuel,22,5,דוד,nmpr,pers,A:person-candidate,Other Tanakh
154856,1422098,456787,1 Samuel,22,5,יהודה,nmpr,"pers,gens,topo",F:unclassified-name,Other Tanakh
154859,1422098,456788,1 Samuel,22,5,דוד,nmpr,pers,A:person-candidate,Other Tanakh
154863,1422098,456789,1 Samuel,22,5,חרת,nmpr,topo,F:unclassified-name,Other Tanakh
154866,1422099,456790,1 Samuel,22,6,שאול,nmpr,pers,A:person-candidate,Other Tanakh
154869,1422099,456791,1 Samuel,22,6,דוד,nmpr,pers,A:person-candidate,Other Tanakh
154875,1422099,456793,1 Samuel,22,6,שאול,nmpr,pers,A:person-candidate,Other Tanakh
154879,1422099,456793,1 Samuel,22,6,גבעה,nmpr,topo,F:unclassified-name,Other Tanakh
154897,1422100,456796,1 Samuel,22,7,שאול,nmpr,pers,A:person-candidate,Other Tanakh
154912,1422100,456800,1 Samuel,22,7,ישי,nmpr,pers,A:person-candidate,Other Tanakh
154938,1422101,456804,1 Samuel,22,8,ישי,nmpr,pers,A:person-candidate,Other Tanakh
154963,1422102,456808,1 Samuel,22,9,דאג,nmpr,pers,A:person-candidate,Other Tanakh
154971,1422102,456809,1 Samuel,22,9,שאול,nmpr,pers,A:person-candidate,Other Tanakh
154977,1422102,456811,1 Samuel,22,9,ישי,nmpr,pers,A:person-candidate,Other Tanakh
154979,1422102,456812,1 Samuel,22,9,נב,nmpr,topo,F:unclassified-name,Other Tanakh
154980,1422102,456812,1 Samuel,22,9,אל,prep,,C:divine-title-candidate,Other Tanakh
154981,1422102,456812,1 Samuel,22,9,אחימלך,nmpr,pers,A:person-candidate,Other Tanakh
154983,1422102,456812,1 Samuel,22,9,אחיטוב,nmpr,pers,A:person-candidate,Other Tanakh
154988,1422103,456813,1 Samuel,22,10,יהוה,nmpr,pers,E:YHWH,Other Tanakh
154996,1422103,456815,1 Samuel,22,10,גלית,nmpr,pers,A:person-candidate,Other Tanakh
155004,1422104,456816,1 Samuel,22,11,מלך,subs,,B:deity-candidate,Other Tanakh
155008,1422104,456817,1 Samuel,22,11,אחימלך,nmpr,pers,A:person-candidate,Other Tanakh
155010,1422104,456817,1 Samuel,22,11,אחיטוב,nmpr,pers,A:person-candidate,Other Tanakh
155022,1422104,456818,1 Samuel,22,11,נב,nmpr,topo,F:unclassified-name,Other Tanakh
155026,1422104,456819,1 Samuel,22,11,אל,prep,,C:divine-title-candidate,Other Tanakh
155028,1422104,456819,1 Samuel,22,11,מלך,subs,,B:deity-candidate,Other Tanakh
155031,1422105,456820,1 Samuel,22,12,שאול,nmpr,pers,A:person-candidate,Other Tanakh
155035,1422105,456822,1 Samuel,22,12,אחיטוב,nmpr,pers,A:person-candidate,Other Tanakh
155042,1422106,456826,1 Samuel,22,13,אל,prep,,C:divine-title-candidate,Other Tanakh
155043,1422106,456826,1 Samuel,22,13,שאול,nmpr,pers,A:person-candidate,Other Tanakh
155050,1422106,456827,1 Samuel,22,13,ישי,nmpr,pers,A:person-candidate,Other Tanakh
155061,1422106,456829,1 Samuel,22,13,אלהים,subs,,D:Elohim,Other Tanakh
155064,1422106,456830,1 Samuel,22,13,אל,prep,,C:divine-title-candidate,Other Tanakh
155074,1422107,456831,1 Samuel,22,14,אחימלך,nmpr,pers,A:person-candidate,Other Tanakh
155077,1422107,456831,1 Samuel,22,14,מלך,subs,,B:deity-candidate,Other Tanakh
155086,1422107,456833,1 Samuel,22,14,דוד,nmpr,pers,A:person-candidate,Other Tanakh
155091,1422107,456835,1 Samuel,22,14,מלך,subs,,B:deity-candidate,Other Tanakh
155094,1422107,456836,1 Samuel,22,14,אל,prep,,C:divine-title-candidate,Other Tanakh
155107,1422108,456839,1 Samuel,22,15,אלהים,subs,,D:Elohim,Other Tanakh
155110,1422108,456841,1 Samuel,22,15,אל,nega,,C:divine-title-candidate,Other Tanakh
155113,1422108,456841,1 Samuel,22,15,מלך,subs,,B:deity-candidate,Other Tanakh
155135,1422109,456843,1 Samuel,22,16,מלך,subs,,B:deity-candidate,Other Tanakh
155138,1422109,456845,1 Samuel,22,16,אחימלך,nmpr,pers,A:person-candidate,Other Tanakh
155147,1422110,456846,1 Samuel,22,17,מלך,subs,,B:deity-candidate,Other Tanakh
155158,1422110,456849,1 Samuel,22,17,יהוה,nmpr,pers,E:YHWH,Other Tanakh
155163,1422110,456850,1 Samuel,22,17,דוד,nmpr,pers,A:person-candidate,Other Tanakh
155180,1422110,456854,1 Samuel,22,17,מלך,subs,,B:deity-candidate,Other Tanakh
155189,1422110,456856,1 Samuel,22,17,יהוה,nmpr,pers,E:YHWH,Other Tanakh
155193,1422111,456857,1 Samuel,22,18,מלך,subs,,B:deity-candidate,Other Tanakh
155195,1422111,456857,1 Samuel,22,18,דאג,nmpr,pers,A:person-candidate,Other Tanakh
155205,1422111,456860,1 Samuel,22,18,דאג,nmpr,pers,A:person-candidate,Other Tanakh
155230,1422112,456864,1 Samuel,22,19,נב,nmpr,topo,F:unclassified-name,Other Tanakh
155262,1422113,456865,1 Samuel,22,20,אחימלך,nmpr,pers,A:person-candidate,Other Tanakh
155264,1422113,456865,1 Samuel,22,20,אחיטוב,nmpr,pers,A:person-candidate,Other Tanakh
155267,1422113,456866,1 Samuel,22,20,אביתר,nmpr,pers,A:person-candidate,Other Tanakh
155271,1422113,456867,1 Samuel,22,20,דוד,nmpr,pers,A:person-candidate,Other Tanakh
155274,1422114,456868,1 Samuel,22,21,אביתר,nmpr,pers,A:person-candidate,Other Tanakh
155276,1422114,456868,1 Samuel,22,21,דוד,nmpr,pers,A:person-candidate,Other Tanakh
155279,1422114,456869,1 Samuel,22,21,שאול,nmpr,pers,A:person-candidate,Other Tanakh
155282,1422114,456869,1 Samuel,22,21,יהוה,nmpr,pers,E:YHWH,Other Tanakh
155285,1422115,456870,1 Samuel,22,22,דוד,nmpr,pers,A:person-candidate,Other Tanakh
155287,1422115,456870,1 Samuel,22,22,אביתר,nmpr,pers,A:person-candidate,Other Tanakh
155296,1422115,456872,1 Samuel,22,22,דאג,nmpr,pers,A:person-candidate,Other Tanakh
155303,1422115,456873,1 Samuel,22,22,שאול,nmpr,pers,A:person-candidate,Other Tanakh
155313,1422116,456876,1 Samuel,22,23,אל,nega,,C:divine-title-candidate,Other Tanakh
155330,1422117,456880,1 Samuel,23,1,דוד,nmpr,pers,A:person-candidate,Other Tanakh
155337,1422117,456882,1 Samuel,23,1,קעילה,nmpr,topo,F:unclassified-name,Other Tanakh
155346,1422118,456884,1 Samuel,23,2,דוד,nmpr,pers,A:person-candidate,Other Tanakh
155348,1422118,456884,1 Samuel,23,2,יהוה,nmpr,pers,E:YHWH,Other Tanakh
155362,1422118,456888,1 Samuel,23,2,יהוה,nmpr,pers,E:YHWH,Other Tanakh
155363,1422118,456888,1 Samuel,23,2,אל,prep,,C:divine-title-candidate,Other Tanakh
155364,1422118,456888,1 Samuel,23,2,דוד,nmpr,pers,A:person-candidate,Other Tanakh
155374,1422118,456891,1 Samuel,23,2,קעילה,nmpr,topo,F:unclassified-name,Other Tanakh
155378,1422119,456892,1 Samuel,23,3,דוד,nmpr,pers,A:person-candidate,Other Tanakh
155379,1422119,456892,1 Samuel,23,3,אל,prep,,C:divine-title-candidate,Other Tanakh
155384,1422119,456893,1 Samuel,23,3,יהודה,nmpr,"pers,gens,topo",F:unclassified-name,Other Tanakh
155390,1422119,456894,1 Samuel,23,3,קעילה,nmpr,topo,F:unclassified-name,Other Tanakh
155391,1422119,456894,1 Samuel,23,3,אל,prep,,C:divine-title-candidate,Other Tanakh
155397,1422120,456895,1 Samuel,23,4,דוד,nmpr,pers,A:person-candidate,Other Tanakh
155401,1422120,456896,1 Samuel,23,4,יהוה,nmpr,pers,E:YHWH,Other Tanakh
155404,1422120,456897,1 Samuel,23,4,יהוה,nmpr,pers,E:YHWH,Other Tanakh
155409,1422120,456900,1 Samuel,23,4,קעילה,nmpr,topo,F:unclassified-name,Other Tanakh
155419,1422121,456902,1 Samuel,23,5,דוד,nmpr,pers,A:person-candidate,Other Tanakh
155422,1422121,456902,1 Samuel,23,5,קעילה,nmpr,topo,F:unclassified-name,Other Tanakh
155439,1422121,456906,1 Samuel,23,5,דוד,nmpr,pers,A:person-candidate,Other Tanakh
155442,1422121,456906,1 Samuel,23,5,קעילה,nmpr,topo,F:unclassified-name,Other Tanakh
155447,1422122,456908,1 Samuel,23,6,אביתר,nmpr,pers,A:person-candidate,Other Tanakh
155449,1422122,456908,1 Samuel,23,6,אחימלך,nmpr,pers,A:person-candidate,Other Tanakh
155450,1422122,456908,1 Samuel,23,6,אל,prep,,C:divine-title-candidate,Other Tanakh
155451,1422122,456908,1 Samuel,23,6,דוד,nmpr,pers,A:person-candidate,Other Tanakh
155452,1422122,456908,1 Samuel,23,6,קעילה,nmpr,topo,F:unclassified-name,Other Tanakh
155460,1422123,456910,1 Samuel,23,7,שאול,nmpr,pers,A:person-candidate,Other Tanakh
155463,1422123,456911,1 Samuel,23,7,דוד,nmpr,pers,A:person-candidate,Other Tanakh
155464,1422123,456911,1 Samuel,23,7,קעילה,nmpr,topo,F:unclassified-name,Other Tanakh
155467,1422123,456912,1 Samuel,23,7,שאול,nmpr,pers,A:person-candidate,Other Tanakh
155470,1422123,456913,1 Samuel,23,7,אלהים,subs,,D:Elohim,Other Tanakh
155484,1422124,456916,1 Samuel,23,8,שאול,nmpr,pers,A:person-candidate,Other Tanakh
155494,1422124,456917,1 Samuel,23,8,קעילה,nmpr,topo,F:unclassified-name,Other Tanakh
155497,1422124,456918,1 Samuel,23,8,אל,prep,,C:divine-title-candidate,Other Tanakh
155498,1422124,456918,1 Samuel,23,8,דוד,nmpr,pers,A:person-candidate,Other Tanakh
155500,1422124,456918,1 Samuel,23,8,אל,prep,,C:divine-title-candidate,Other Tanakh
155504,1422125,456919,1 Samuel,23,9,דוד,nmpr,pers,A:person-candidate,Other Tanakh
155507,1422125,456920,1 Samuel,23,9,שאול,nmpr,pers,A:person-candidate,Other Tanakh
155513,1422125,456921,1 Samuel,23,9,אל,prep,,C:divine-title-candidate,Other Tanakh
155514,1422125,456921,1 Samuel,23,9,אביתר,nmpr,pers,A:person-candidate,Other Tanakh
155522,1422126,456923,1 Samuel,23,10,דוד,nmpr,pers,A:person-candidate,Other Tanakh
155523,1422126,456924,1 Samuel,23,10,יהוה,nmpr,pers,E:YHWH,Other Tanakh
155524,1422126,456924,1 Samuel,23,10,אלהים,subs,,D:Elohim,Other Tanakh
155525,1422126,456924,1 Samuel,23,10,ישראל,nmpr,"pers,gens,topo",F:unclassified-name,Other Tanakh
155531,1422126,456926,1 Samuel,23,10,שאול,nmpr,pers,A:person-candidate,Other Tanakh
155534,1422126,456927,1 Samuel,23,10,אל,prep,,C:divine-title-candidate,Other Tanakh
155535,1422126,456927,1 Samuel,23,10,קעילה,nmpr,topo,F:unclassified-name,Other Tanakh
155545,1422127,456929,1 Samuel,23,11,בעל,subs,,B:deity-candidate,Other Tanakh
155546,1422127,456929,1 Samuel,23,11,קעילה,nmpr,topo,F:unclassified-name,Other Tanakh
155551,1422127,456930,1 Samuel,23,11,שאול,nmpr,pers,A:person-candidate,Other Tanakh
155556,1422127,456932,1 Samuel,23,11,יהוה,nmpr,pers,E:YHWH,Other Tanakh
155557,1422127,456932,1 Samuel,23,11,אלהים,subs,,D:Elohim,Other Tanakh
155558,1422127,456932,1 Samuel,23,11,ישראל,nmpr,"pers,gens,topo",F:unclassified-name,Other Tanakh
155565,1422127,456934,1 Samuel,23,11,יהוה,nmpr,pers,E:YHWH,Other Tanakh
155569,1422128,456936,1 Samuel,23,12,דוד,nmpr,pers,A:person-candidate,Other Tanakh
155572,1422128,456937,1 Samuel,23,12,בעל,subs,,B:deity-candidate,Other Tanakh
155573,1422128,456937,1 Samuel,23,12,קעילה,nmpr,topo,F:unclassified-name,Other Tanakh
155580,1422128,456937,1 Samuel,23,12,שאול,nmpr,pers,A:person-candidate,Other Tanakh
155583,1422128,456938,1 Samuel,23,12,יהוה,nmpr,pers,E:YHWH,Other Tanakh
155587,1422129,456940,1 Samuel,23,13,דוד,nmpr,pers,A:person-candidate,Other Tanakh
155597,1422129,456941,1 Samuel,23,13,קעילה,nmpr,topo,F:unclassified-name,Other Tanakh
155605,1422129,456944,1 Samuel,23,13,שאול,nmpr,pers,A:person-candidate,Other Tanakh
155609,1422129,456945,1 Samuel,23,13,דוד,nmpr,pers,A:person-candidate,Other Tanakh
155611,1422129,456945,1 Samuel,23,13,קעילה,nmpr,topo,F:unclassified-name,Other Tanakh
155618,1422130,456948,1 Samuel,23,14,דוד,nmpr,pers,A:person-candidate,Other Tanakh
155632,1422130,456949,1 Samuel,23,14,זיף,nmpr,topo,F:unclassified-name,Other Tanakh
155635,1422130,456950,1 Samuel,23,14,שאול,nmpr,pers,A:person-candidate,Other Tanakh
155642,1422130,456951,1 Samuel,23,14,אלהים,subs,,D:Elohim,Other Tanakh
155647,1422131,456952,1 Samuel,23,15,דוד,nmpr,pers,A:person-candidate,Other Tanakh
155650,1422131,456953,1 Samuel,23,15,שאול,nmpr,pers,A:person-candidate,Other Tanakh
155656,1422131,456955,1 Samuel,23,15,דוד,nmpr,pers,A:person-candidate,Other Tanakh
155659,1422131,456955,1 Samuel,23,15,זיף,nmpr,topo,F:unclassified-name,Other Tanakh
155662,1422131,456955,1 Samuel,23,15,חרשה,nmpr,topo,F:unclassified-name,Other Tanakh
155665,1422132,456956,1 Samuel,23,16,יהונתן,nmpr,pers,A:person-candidate,Other Tanakh
155667,1422132,456956,1 Samuel,23,16,שאול,nmpr,pers,A:person-candidate,Other Tanakh
155670,1422132,456957,1 Samuel,23,16,אל,prep,,C:divine-title-candidate,Other Tanakh
155671,1422132,456957,1 Samuel,23,16,דוד,nmpr,pers,A:person-candidate,Other Tanakh
155672,1422132,456957,1 Samuel,23,16,חרשה,nmpr,topo,F:unclassified-name,Other Tanakh
155678,1422132,456958,1 Samuel,23,16,אלהים,subs,,D:Elohim,Other Tanakh
155681,1422133,456959,1 Samuel,23,17,אל,prep,,C:divine-title-candidate,Other Tanakh
155682,1422133,456960,1 Samuel,23,17,אל,nega,,C:divine-title-candidate,Other Tanakh
155688,1422133,456961,1 Samuel,23,17,שאול,nmpr,pers,A:person-candidate,Other Tanakh
155692,1422133,456962,1 Samuel,23,17,מלך,verb,,B:deity-candidate,Other Tanakh
155694,1422133,456962,1 Samuel,23,17,ישראל,nmpr,"pers,gens,topo",F:unclassified-name,Other Tanakh
155703,1422133,456964,1 Samuel,23,17,שאול,nmpr,pers,A:person-candidate,Other Tanakh
155713,1422134,456965,1 Samuel,23,18,יהוה,nmpr,pers,E:YHWH,Other Tanakh
155716,1422134,456966,1 Samuel,23,18,דוד,nmpr,pers,A:person-candidate,Other Tanakh
155719,1422134,456966,1 Samuel,23,18,חרשה,nmpr,topo,F:unclassified-name,Other Tanakh
155721,1422134,456967,1 Samuel,23,18,יהונתן,nmpr,pers,A:person-candidate,Other Tanakh
155728,1422135,456968,1 Samuel,23,19,אל,prep,,C:divine-title-candidate,Other Tanakh
155729,1422135,456968,1 Samuel,23,19,שאול,nmpr,pers,A:person-candidate,Other Tanakh
155731,1422135,456968,1 Samuel,23,19,גבעה,nmpr,topo,F:unclassified-name,Other Tanakh
155736,1422135,456970,1 Samuel,23,19,דוד,nmpr,pers,A:person-candidate,Other Tanakh
155744,1422135,456970,1 Samuel,23,19,חרשה,nmpr,topo,F:unclassified-name,Other Tanakh
155748,1422135,456970,1 Samuel,23,19,חכילה,nmpr,topo,F:unclassified-name,Other Tanakh
155753,1422135,456971,1 Samuel,23,19,ישימן,nmpr,topo,F:unclassified-name,Other Tanakh
155761,1422136,456974,1 Samuel,23,20,מלך,subs,,B:deity-candidate,Other Tanakh
155771,1422136,456977,1 Samuel,23,20,מלך,subs,,B:deity-candidate,Other Tanakh
155774,1422137,456978,1 Samuel,23,21,שאול,nmpr,pers,A:person-candidate,Other Tanakh
155778,1422137,456979,1 Samuel,23,21,יהוה,nmpr,pers,E:YHWH,Other Tanakh
155800,1422138,456987,1 Samuel,23,22,אל,prep,,C:divine-title-candidate,Other Tanakh
155817,1422139,456992,1 Samuel,23,23,אל,prep,,C:divine-title-candidate,Other Tanakh
155818,1422139,456992,1 Samuel,23,23,אל,prep,,C:divine-title-candidate,Other Tanakh
155836,1422139,456996,1 Samuel,23,23,יהודה,nmpr,"pers,gens,topo",F:unclassified-name,Other Tanakh
155841,1422140,456998,1 Samuel,23,24,זיף,nmpr,topo,F:unclassified-name,Other Tanakh
155844,1422140,456998,1 Samuel,23,24,שאול,nmpr,pers,A:person-candidate,Other Tanakh
155846,1422140,456999,1 Samuel,23,24,דוד,nmpr,pers,A:person-candidate,Other Tanakh
155851,1422140,456999,1 Samuel,23,24,מעון,nmpr,topo,F:unclassified-name,Other Tanakh
155855,1422140,456999,1 Samuel,23,24,אל,prep,,C:divine-title-candidate,Other Tanakh
155858,1422140,456999,1 Samuel,23,24,ישימן,nmpr,topo,F:unclassified-name,Other Tanakh
155861,1422141,457000,1 Samuel,23,25,שאול,nmpr,pers,A:person-candidate,Other Tanakh
155869,1422141,457002,1 Samuel,23,25,דוד,nmpr,pers,A:person-candidate,Other Tanakh
155878,1422141,457004,1 Samuel,23,25,מעון,nmpr,topo,F:unclassified-name,Other Tanakh
155881,1422141,457005,1 Samuel,23,25,שאול,nmpr,pers,A:person-candidate,Other Tanakh
155885,1422141,457006,1 Samuel,23,25,דוד,nmpr,pers,A:person-candidate,Other Tanakh
155887,1422141,457006,1 Samuel,23,25,מעון,nmpr,topo,F:unclassified-name,Other Tanakh
155890,1422142,457007,1 Samuel,23,26,שאול,nmpr,pers,A:person-candidate,Other Tanakh
155898,1422142,457008,1 Samuel,23,26,דוד,nmpr,pers,A:person-candidate,Other Tanakh
155909,1422142,457009,1 Samuel,23,26,דוד,nmpr,pers,A:person-candidate,Other Tanakh
155915,1422142,457010,1 Samuel,23,26,שאול,nmpr,pers,A:person-candidate,Other Tanakh
155917,1422142,457011,1 Samuel,23,26,שאול,nmpr,pers,A:person-candidate,Other Tanakh
155921,1422142,457011,1 Samuel,23,26,אל,prep,,C:divine-title-candidate,Other Tanakh
155922,1422142,457011,1 Samuel,23,26,דוד,nmpr,pers,A:person-candidate,Other Tanakh
155924,1422142,457011,1 Samuel,23,26,אל,prep,,C:divine-title-candidate,Other Tanakh
155931,1422143,457013,1 Samuel,23,27,אל,prep,,C:divine-title-candidate,Other Tanakh
155932,1422143,457013,1 Samuel,23,27,שאול,nmpr,pers,A:person-candidate,Other Tanakh
155946,1422144,457018,1 Samuel,23,28,שאול,nmpr,pers,A:person-candidate,Other Tanakh
155950,1422144,457019,1 Samuel,23,28,דוד,nmpr,pers,A:person-candidate,Other Tanakh
155969,1422145,457023,1 Samuel,24,1,דוד,nmpr,pers,A:person-candidate,Other Tanakh
155976,1422145,457024,1 Samuel,24,1,עין גדי,nmpr,topo,F:unclassified-name,Other Tanakh
155982,1422146,457026,1 Samuel,24,2,שאול,nmpr,pers,A:person-candidate,Other Tanakh
155992,1422146,457029,1 Samuel,24,2,דוד,nmpr,pers,A:person-candidate,Other Tanakh
155995,1422146,457029,1 Samuel,24,2,עין גדי,nmpr,topo,F:unclassified-name,Other Tanakh
155998,1422147,457030,1 Samuel,24,3,שאול,nmpr,pers,A:person-candidate,Other Tanakh
156005,1422147,457031,1 Samuel,24,3,ישראל,nmpr,"pers,gens,topo",F:unclassified-name,Other Tanakh
156011,1422147,457033,1 Samuel,24,3,דוד,nmpr,pers,A:person-candidate,Other Tanakh
156021,1422148,457034,1 Samuel,24,4,אל,prep,,C:divine-title-candidate,Other Tanakh
156033,1422148,457036,1 Samuel,24,4,שאול,nmpr,pers,A:person-candidate,Other Tanakh
156039,1422148,457038,1 Samuel,24,4,דוד,nmpr,pers,A:person-candidate,Other Tanakh
156050,1422149,457039,1 Samuel,24,5,דוד,nmpr,pers,A:person-candidate,Other Tanakh
156051,1422149,457039,1 Samuel,24,5,אל,prep,,C:divine-title-candidate,Other Tanakh
156057,1422149,457041,1 Samuel,24,5,יהוה,nmpr,pers,E:YHWH,Other Tanakh
156058,1422149,457041,1 Samuel,24,5,אל,prep,,C:divine-title-candidate,Other Tanakh
156076,1422149,457045,1 Samuel,24,5,דוד,nmpr,pers,A:person-candidate,Other Tanakh
156085,1422149,457047,1 Samuel,24,5,שאול,nmpr,pers,A:person-candidate,Other Tanakh
156096,1422150,457049,1 Samuel,24,6,דוד,nmpr,pers,A:person-candidate,Other Tanakh
156105,1422150,457051,1 Samuel,24,6,שאול,nmpr,pers,A:person-candidate,Other Tanakh
156113,1422151,457053,1 Samuel,24,7,יהוה,nmpr,pers,E:YHWH,Other Tanakh
156125,1422151,457054,1 Samuel,24,7,יהוה,nmpr,pers,E:YHWH,Other Tanakh
156132,1422151,457056,1 Samuel,24,7,יהוה,nmpr,pers,E:YHWH,Other Tanakh
156136,1422152,457057,1 Samuel,24,8,דוד,nmpr,pers,A:person-candidate,Other Tanakh
156147,1422152,457059,1 Samuel,24,8,אל,prep,,C:divine-title-candidate,Other Tanakh
156148,1422152,457059,1 Samuel,24,8,שאול,nmpr,pers,A:person-candidate,Other Tanakh
156150,1422152,457060,1 Samuel,24,8,שאול,nmpr,pers,A:person-candidate,Other Tanakh
156162,1422153,457062,1 Samuel,24,9,דוד,nmpr,pers,A:person-candidate,Other Tanakh
156173,1422153,457064,1 Samuel,24,9,שאול,nmpr,pers,A:person-candidate,Other Tanakh
156178,1422153,457066,1 Samuel,24,9,מלך,subs,,B:deity-candidate,Other Tanakh
156181,1422153,457067,1 Samuel,24,9,שאול,nmpr,pers,A:person-candidate,Other Tanakh
156185,1422153,457068,1 Samuel,24,9,דוד,nmpr,pers,A:person-candidate,Other Tanakh
156192,1422154,457071,1 Samuel,24,10,דוד,nmpr,pers,A:person-candidate,Other Tanakh
156194,1422154,457071,1 Samuel,24,10,שאול,nmpr,pers,A:person-candidate,Other Tanakh
156203,1422154,457074,1 Samuel,24,10,דוד,nmpr,pers,A:person-candidate,Other Tanakh
156216,1422155,457076,1 Samuel,24,11,יהוה,nmpr,pers,E:YHWH,Other Tanakh
156240,1422155,457082,1 Samuel,24,11,יהוה,nmpr,pers,E:YHWH,Other Tanakh
156283,1422157,457094,1 Samuel,24,13,יהוה,nmpr,pers,E:YHWH,Other Tanakh
156289,1422157,457095,1 Samuel,24,13,יהוה,nmpr,pers,E:YHWH,Other Tanakh
156314,1422159,457100,1 Samuel,24,15,מלך,subs,,B:deity-candidate,Other Tanakh
156315,1422159,457100,1 Samuel,24,15,ישראל,nmpr,"pers,gens,topo",F:unclassified-name,Other Tanakh
156328,1422160,457103,1 Samuel,24,16,יהוה,nmpr,pers,E:YHWH,Other Tanakh
156350,1422161,457109,1 Samuel,24,17,דוד,nmpr,pers,A:person-candidate,Other Tanakh
156358,1422161,457110,1 Samuel,24,17,אל,prep,,C:divine-title-candidate,Other Tanakh
156359,1422161,457110,1 Samuel,24,17,שאול,nmpr,pers,A:person-candidate,Other Tanakh
156362,1422161,457111,1 Samuel,24,17,שאול,nmpr,pers,A:person-candidate,Other Tanakh
156367,1422161,457113,1 Samuel,24,17,דוד,nmpr,pers,A:person-candidate,Other Tanakh
156370,1422161,457114,1 Samuel,24,17,שאול,nmpr,pers,A:person-candidate,Other Tanakh
156376,1422162,457116,1 Samuel,24,18,אל,prep,,C:divine-title-candidate,Other Tanakh
156377,1422162,457116,1 Samuel,24,18,דוד,nmpr,pers,A:person-candidate,Other Tanakh
156404,1422163,457122,1 Samuel,24,19,יהוה,nmpr,pers,E:YHWH,Other Tanakh
156422,1422164,457126,1 Samuel,24,20,יהוה,nmpr,pers,E:YHWH,Other Tanakh
156438,1422165,457130,1 Samuel,24,21,מלך,verb,,B:deity-candidate,Other Tanakh
156439,1422165,457130,1 Samuel,24,21,מלך,verb,,B:deity-candidate,Other Tanakh
156445,1422165,457131,1 Samuel,24,21,ישראל,nmpr,"pers,gens,topo",F:unclassified-name,Other Tanakh
156451,1422166,457133,1 Samuel,24,22,יהוה,nmpr,pers,E:YHWH,Other Tanakh
156467,1422167,457136,1 Samuel,24,23,דוד,nmpr,pers,A:person-candidate,Other Tanakh
156469,1422167,457136,1 Samuel,24,23,שאול,nmpr,pers,A:person-candidate,Other Tanakh
156472,1422167,457137,1 Samuel,24,23,שאול,nmpr,pers,A:person-candidate,Other Tanakh
156473,1422167,457137,1 Samuel,24,23,אל,prep,,C:divine-title-candidate,Other Tanakh
156476,1422167,457138,1 Samuel,24,23,דוד,nmpr,pers,A:person-candidate,Other Tanakh
156485,1422168,457139,1 Samuel,25,1,שמואל,nmpr,pers,A:person-candidate,Other Tanakh
156489,1422168,457140,1 Samuel,25,1,ישראל,nmpr,"pers,gens,topo",F:unclassified-name,Other Tanakh
156499,1422168,457142,1 Samuel,25,1,רמה,nmpr,topo,F:unclassified-name,Other Tanakh
156502,1422168,457143,1 Samuel,25,1,דוד,nmpr,pers,A:person-candidate,Other Tanakh
156505,1422168,457144,1 Samuel,25,1,אל,prep,,C:divine-title-candidate,Other Tanakh
156507,1422168,457144,1 Samuel,25,1,פארן,nmpr,topo,F:unclassified-name,Other Tanakh
156511,1422169,457145,1 Samuel,25,2,מעון,nmpr,topo,F:unclassified-name,Other Tanakh
156516,1422169,457146,1 Samuel,25,2,כרמל,nmpr,topo,F:unclassified-name,Other Tanakh
156538,1422169,457150,1 Samuel,25,2,כרמל,nmpr,topo,F:unclassified-name,Other Tanakh
156543,1422170,457151,1 Samuel,25,3,נבל,nmpr,pers,A:person-candidate,Other Tanakh
156547,1422170,457152,1 Samuel,25,3,אביגיל,nmpr,pers,A:person-candidate,Other Tanakh
156568,1422171,457156,1 Samuel,25,4,דוד,nmpr,pers,A:person-candidate,Other Tanakh
156574,1422171,457157,1 Samuel,25,4,נבל,nmpr,pers,A:person-candidate,Other Tanakh
156579,1422172,457158,1 Samuel,25,5,דוד,nmpr,pers,A:person-candidate,Other Tanakh
156584,1422172,457159,1 Samuel,25,5,דוד,nmpr,pers,A:person-candidate,Other Tanakh
156589,1422172,457160,1 Samuel,25,5,כרמל,nmpr,topo,F:unclassified-name,Other Tanakh
156592,1422172,457161,1 Samuel,25,5,אל,prep,,C:divine-title-candidate,Other Tanakh
156593,1422172,457161,1 Samuel,25,5,נבל,nmpr,pers,A:person-candidate,Other Tanakh
156643,1422174,457176,1 Samuel,25,7,כרמל,nmpr,topo,F:unclassified-name,Other Tanakh
156674,1422175,457183,1 Samuel,25,8,דוד,nmpr,pers,A:person-candidate,Other Tanakh
156678,1422176,457184,1 Samuel,25,9,דוד,nmpr,pers,A:person-candidate,Other Tanakh
156681,1422176,457185,1 Samuel,25,9,אל,prep,,C:divine-title-candidate,Other Tanakh
156682,1422176,457185,1 Samuel,25,9,נבל,nmpr,pers,A:person-candidate,Other Tanakh
156691,1422176,457185,1 Samuel,25,9,דוד,nmpr,pers,A:person-candidate,Other Tanakh
156696,1422177,457187,1 Samuel,25,10,נבל,nmpr,pers,A:person-candidate,Other Tanakh
156699,1422177,457187,1 Samuel,25,10,דוד,nmpr,pers,A:person-candidate,Other Tanakh
156703,1422177,457189,1 Samuel,25,10,דוד,nmpr,pers,A:person-candidate,Other Tanakh
156707,1422177,457190,1 Samuel,25,10,ישי,nmpr,pers,A:person-candidate,Other Tanakh
156746,1422179,457199,1 Samuel,25,12,דוד,nmpr,pers,A:person-candidate,Other Tanakh
156764,1422180,457203,1 Samuel,25,13,דוד,nmpr,pers,A:person-candidate,Other Tanakh
156779,1422180,457208,1 Samuel,25,13,דוד,nmpr,pers,A:person-candidate,Other Tanakh
156785,1422180,457209,1 Samuel,25,13,דוד,nmpr,pers,A:person-candidate,Other Tanakh
156798,1422181,457211,1 Samuel,25,14,אביגיל,nmpr,pers,A:person-candidate,Other Tanakh
156800,1422181,457211,1 Samuel,25,14,נבל,nmpr,pers,A:person-candidate,Other Tanakh
156811,1422181,457213,1 Samuel,25,14,דוד,nmpr,pers,A:person-candidate,Other Tanakh
156870,1422184,457228,1 Samuel,25,17,אל,prep,,C:divine-title-candidate,Other Tanakh
156882,1422184,457230,1 Samuel,25,17,אל,prep,,C:divine-title-candidate,Other Tanakh
156885,1422185,457231,1 Samuel,25,18,אביגיל,nmpr,pers,A:person-candidate,Other Tanakh
156926,1422186,457237,1 Samuel,25,19,נבל,nmpr,pers,A:person-candidate,Other Tanakh
156944,1422187,457241,1 Samuel,25,20,דוד,nmpr,pers,A:person-candidate,Other Tanakh
156954,1422188,457244,1 Samuel,25,21,דוד,nmpr,pers,A:person-candidate,Other Tanakh
156985,1422189,457250,1 Samuel,25,22,אלהים,subs,,D:Elohim,Other Tanakh
156988,1422189,457250,1 Samuel,25,22,דוד,nmpr,pers,A:person-candidate,Other Tanakh
157006,1422190,457255,1 Samuel,25,23,אביגיל,nmpr,pers,A:person-candidate,Other Tanakh
157008,1422190,457255,1 Samuel,25,23,דוד,nmpr,pers,A:person-candidate,Other Tanakh
157021,1422190,457258,1 Samuel,25,23,דוד,nmpr,pers,A:person-candidate,Other Tanakh
157049,1422192,457266,1 Samuel,25,25,אל,nega,,C:divine-title-candidate,Other Tanakh
157055,1422192,457266,1 Samuel,25,25,אל,prep,,C:divine-title-candidate,Other Tanakh
157062,1422192,457266,1 Samuel,25,25,נבל,nmpr,pers,A:person-candidate,Other Tanakh
157068,1422192,457269,1 Samuel,25,25,נבל,nmpr,pers,A:person-candidate,Other Tanakh
157087,1422193,457275,1 Samuel,25,26,יהוה,nmpr,pers,E:YHWH,Other Tanakh
157093,1422193,457277,1 Samuel,25,26,יהוה,nmpr,pers,E:YHWH,Other Tanakh
157106,1422193,457281,1 Samuel,25,26,נבל,nmpr,pers,A:person-candidate,Other Tanakh
157111,1422193,457282,1 Samuel,25,26,אל,prep,,C:divine-title-candidate,Other Tanakh
157143,1422195,457289,1 Samuel,25,28,יהוה,nmpr,pers,E:YHWH,Other Tanakh
157150,1422195,457290,1 Samuel,25,28,יהוה,nmpr,pers,E:YHWH,Other Tanakh
157180,1422196,457295,1 Samuel,25,29,יהוה,nmpr,pers,E:YHWH,Other Tanakh
157181,1422196,457295,1 Samuel,25,29,אלהים,subs,,D:Elohim,Other Tanakh
157196,1422197,457299,1 Samuel,25,30,יהוה,nmpr,pers,E:YHWH,Other Tanakh
157212,1422197,457301,1 Samuel,25,30,ישראל,nmpr,"pers,gens,topo",F:unclassified-name,Other Tanakh
157238,1422198,457305,1 Samuel,25,31,יהוה,nmpr,pers,E:YHWH,Other Tanakh
157247,1422199,457307,1 Samuel,25,32,דוד,nmpr,pers,A:person-candidate,Other Tanakh
157249,1422199,457307,1 Samuel,25,32,אביגיל,nmpr,pers,A:person-candidate,Other Tanakh
157251,1422199,457308,1 Samuel,25,32,יהוה,nmpr,pers,E:YHWH,Other Tanakh
157252,1422199,457308,1 Samuel,25,32,אלהים,subs,,D:Elohim,Other Tanakh
157253,1422199,457308,1 Samuel,25,32,ישראל,nmpr,"pers,gens,topo",F:unclassified-name,Other Tanakh
157285,1422201,457317,1 Samuel,25,34,יהוה,nmpr,pers,E:YHWH,Other Tanakh
157286,1422201,457317,1 Samuel,25,34,אלהים,subs,,D:Elohim,Other Tanakh
157287,1422201,457317,1 Samuel,25,34,ישראל,nmpr,"pers,gens,topo",F:unclassified-name,Other Tanakh
157304,1422201,457323,1 Samuel,25,34,נבל,nmpr,pers,A:person-candidate,Other Tanakh
157314,1422202,457326,1 Samuel,25,35,דוד,nmpr,pers,A:person-candidate,Other Tanakh
157338,1422203,457333,1 Samuel,25,36,אביגיל,nmpr,pers,A:person-candidate,Other Tanakh
157339,1422203,457333,1 Samuel,25,36,אל,prep,,C:divine-title-candidate,Other Tanakh
157340,1422203,457333,1 Samuel,25,36,נבל,nmpr,pers,A:person-candidate,Other Tanakh
157350,1422203,457335,1 Samuel,25,36,מלך,subs,,B:deity-candidate,Other Tanakh
157353,1422203,457336,1 Samuel,25,36,נבל,nmpr,pers,A:person-candidate,Other Tanakh
157383,1422204,457341,1 Samuel,25,37,נבל,nmpr,pers,A:person-candidate,Other Tanakh
157411,1422205,457346,1 Samuel,25,38,יהוה,nmpr,pers,E:YHWH,Other Tanakh
157413,1422205,457346,1 Samuel,25,38,נבל,nmpr,pers,A:person-candidate,Other Tanakh
157418,1422206,457348,1 Samuel,25,39,דוד,nmpr,pers,A:person-candidate,Other Tanakh
157421,1422206,457349,1 Samuel,25,39,נבל,nmpr,pers,A:person-candidate,Other Tanakh
157425,1422206,457351,1 Samuel,25,39,יהוה,nmpr,pers,E:YHWH,Other Tanakh
157433,1422206,457352,1 Samuel,25,39,נבל,nmpr,pers,A:person-candidate,Other Tanakh
157443,1422206,457354,1 Samuel,25,39,נבל,nmpr,pers,A:person-candidate,Other Tanakh
157445,1422206,457354,1 Samuel,25,39,יהוה,nmpr,pers,E:YHWH,Other Tanakh
157450,1422206,457355,1 Samuel,25,39,דוד,nmpr,pers,A:person-candidate,Other Tanakh
157454,1422206,457356,1 Samuel,25,39,אביגיל,nmpr,pers,A:person-candidate,Other Tanakh
157463,1422207,457358,1 Samuel,25,40,דוד,nmpr,pers,A:person-candidate,Other Tanakh
157464,1422207,457358,1 Samuel,25,40,אל,prep,,C:divine-title-candidate,Other Tanakh
157465,1422207,457358,1 Samuel,25,40,אביגיל,nmpr,pers,A:person-candidate,Other Tanakh
157467,1422207,457358,1 Samuel,25,40,כרמל,nmpr,topo,F:unclassified-name,Other Tanakh
157470,1422207,457359,1 Samuel,25,40,אל,prep,,C:divine-title-candidate,Other Tanakh
157473,1422207,457361,1 Samuel,25,40,דוד,nmpr,pers,A:person-candidate,Other Tanakh
157475,1422207,457361,1 Samuel,25,40,אל,prep,,C:divine-title-candidate,Other Tanakh
157502,1422209,457370,1 Samuel,25,42,אביגיל,nmpr,pers,A:person-candidate,Other Tanakh
157519,1422209,457374,1 Samuel,25,42,דוד,nmpr,pers,A:person-candidate,Other Tanakh
157527,1422210,457376,1 Samuel,25,43,אחינעם,nmpr,pers,A:person-candidate,Other Tanakh
157529,1422210,457376,1 Samuel,25,43,דוד,nmpr,pers,A:person-candidate,Other Tanakh
157531,1422210,457376,1 Samuel,25,43,יזרעאל,nmpr,topo,F:unclassified-name,Other Tanakh
157540,1422211,457378,1 Samuel,25,44,שאול,nmpr,pers,A:person-candidate,Other Tanakh
157543,1422211,457378,1 Samuel,25,44,מיכל,nmpr,pers,A:person-candidate,Other Tanakh
157546,1422211,457378,1 Samuel,25,44,דוד,nmpr,pers,A:person-candidate,Other Tanakh
157548,1422211,457378,1 Samuel,25,44,פלטי,nmpr,pers,A:person-candidate,Other Tanakh
157550,1422211,457378,1 Samuel,25,44,ליש,nmpr,pers,A:person-candidate,Other Tanakh
157553,1422211,457379,1 Samuel,25,44,גלים,nmpr,topo,F:unclassified-name,Other Tanakh
157558,1422212,457380,1 Samuel,26,1,אל,prep,,C:divine-title-candidate,Other Tanakh
157559,1422212,457380,1 Samuel,26,1,שאול,nmpr,pers,A:person-candidate,Other Tanakh
157561,1422212,457380,1 Samuel,26,1,גבעה,nmpr,topo,F:unclassified-name,Other Tanakh
157566,1422212,457382,1 Samuel,26,1,דוד,nmpr,pers,A:person-candidate,Other Tanakh
157571,1422212,457382,1 Samuel,26,1,חכילה,nmpr,topo,F:unclassified-name,Other Tanakh
157575,1422212,457382,1 Samuel,26,1,ישימן,nmpr,topo,F:unclassified-name,Other Tanakh
157578,1422213,457383,1 Samuel,26,2,שאול,nmpr,pers,A:person-candidate,Other Tanakh
157581,1422213,457384,1 Samuel,26,2,אל,prep,,C:divine-title-candidate,Other Tanakh
157583,1422213,457384,1 Samuel,26,2,זיף,nmpr,topo,F:unclassified-name,Other Tanakh
157590,1422213,457385,1 Samuel,26,2,ישראל,nmpr,"pers,gens,topo",F:unclassified-name,Other Tanakh
157594,1422213,457386,1 Samuel,26,2,דוד,nmpr,pers,A:person-candidate,Other Tanakh
157597,1422213,457386,1 Samuel,26,2,זיף,nmpr,topo,F:unclassified-name,Other Tanakh
157600,1422214,457387,1 Samuel,26,3,שאול,nmpr,pers,A:person-candidate,Other Tanakh
157604,1422214,457387,1 Samuel,26,3,חכילה,nmpr,topo,F:unclassified-name,Other Tanakh
157609,1422214,457388,1 Samuel,26,3,ישימן,nmpr,topo,F:unclassified-name,Other Tanakh
157614,1422214,457389,1 Samuel,26,3,דוד,nmpr,pers,A:person-candidate,Other Tanakh
157623,1422214,457391,1 Samuel,26,3,שאול,nmpr,pers,A:person-candidate,Other Tanakh
157629,1422215,457392,1 Samuel,26,4,דוד,nmpr,pers,A:person-candidate,Other Tanakh
157635,1422215,457394,1 Samuel,26,4,שאול,nmpr,pers,A:person-candidate,Other Tanakh
157636,1422215,457394,1 Samuel,26,4,אל,prep,,C:divine-title-candidate,Other Tanakh
157640,1422216,457395,1 Samuel,26,5,דוד,nmpr,pers,A:person-candidate,Other Tanakh
157643,1422216,457396,1 Samuel,26,5,אל,prep,,C:divine-title-candidate,Other Tanakh
157649,1422216,457397,1 Samuel,26,5,שאול,nmpr,pers,A:person-candidate,Other Tanakh
157652,1422216,457398,1 Samuel,26,5,דוד,nmpr,pers,A:person-candidate,Other Tanakh
157659,1422216,457399,1 Samuel,26,5,שאול,nmpr,pers,A:person-candidate,Other Tanakh
157661,1422216,457399,1 Samuel,26,5,אבנר,nmpr,pers,A:person-candidate,Other Tanakh
157663,1422216,457399,1 Samuel,26,5,נר,nmpr,pers,A:person-candidate,Other Tanakh
157667,1422216,457400,1 Samuel,26,5,שאול,nmpr,pers,A:person-candidate,Other Tanakh
157679,1422217,457402,1 Samuel,26,6,דוד,nmpr,pers,A:person-candidate,Other Tanakh
157682,1422217,457403,1 Samuel,26,6,אל,prep,,C:divine-title-candidate,Other Tanakh
157683,1422217,457403,1 Samuel,26,6,אחימלך,nmpr,pers,A:person-candidate,Other Tanakh
157687,1422217,457403,1 Samuel,26,6,אל,prep,,C:divine-title-candidate,Other Tanakh
157688,1422217,457403,1 Samuel,26,6,אבישי,nmpr,pers,A:person-candidate,Other Tanakh
157690,1422217,457403,1 Samuel,26,6,צרויה,nmpr,pers,A:person-candidate,Other Tanakh
157692,1422217,457403,1 Samuel,26,6,יואב,nmpr,pers,A:person-candidate,Other Tanakh
157698,1422217,457405,1 Samuel,26,6,אל,prep,,C:divine-title-candidate,Other Tanakh
157699,1422217,457405,1 Samuel,26,6,שאול,nmpr,pers,A:person-candidate,Other Tanakh
157700,1422217,457405,1 Samuel,26,6,אל,prep,,C:divine-title-candidate,Other Tanakh
157705,1422217,457406,1 Samuel,26,6,אבישי,nmpr,pers,A:person-candidate,Other Tanakh
157711,1422218,457408,1 Samuel,26,7,דוד,nmpr,pers,A:person-candidate,Other Tanakh
157713,1422218,457408,1 Samuel,26,7,אבישי,nmpr,pers,A:person-candidate,Other Tanakh
157714,1422218,457408,1 Samuel,26,7,אל,prep,,C:divine-title-candidate,Other Tanakh
157720,1422218,457409,1 Samuel,26,7,שאול,nmpr,pers,A:person-candidate,Other Tanakh
157734,1422218,457412,1 Samuel,26,7,אבנר,nmpr,pers,A:person-candidate,Other Tanakh
157742,1422219,457413,1 Samuel,26,8,אבישי,nmpr,pers,A:person-candidate,Other Tanakh
157743,1422219,457413,1 Samuel,26,8,אל,prep,,C:divine-title-candidate,Other Tanakh
157744,1422219,457413,1 Samuel,26,8,דוד,nmpr,pers,A:person-candidate,Other Tanakh
157746,1422219,457414,1 Samuel,26,8,אלהים,subs,,D:Elohim,Other Tanakh
157772,1422220,457418,1 Samuel,26,9,דוד,nmpr,pers,A:person-candidate,Other Tanakh
157773,1422220,457418,1 Samuel,26,9,אל,prep,,C:divine-title-candidate,Other Tanakh
157774,1422220,457418,1 Samuel,26,9,אבישי,nmpr,pers,A:person-candidate,Other Tanakh
157775,1422220,457419,1 Samuel,26,9,אל,nega,,C:divine-title-candidate,Other Tanakh
157783,1422220,457420,1 Samuel,26,9,יהוה,nmpr,pers,E:YHWH,Other Tanakh
157788,1422221,457422,1 Samuel,26,10,דוד,nmpr,pers,A:person-candidate,Other Tanakh
157790,1422221,457423,1 Samuel,26,10,יהוה,nmpr,pers,E:YHWH,Other Tanakh
157793,1422221,457424,1 Samuel,26,10,יהוה,nmpr,pers,E:YHWH,Other Tanakh
157810,1422222,457429,1 Samuel,26,11,יהוה,nmpr,pers,E:YHWH,Other Tanakh
157816,1422222,457430,1 Samuel,26,11,יהוה,nmpr,pers,E:YHWH,Other Tanakh
157836,1422223,457435,1 Samuel,26,12,דוד,nmpr,pers,A:person-candidate,Other Tanakh
157846,1422223,457435,1 Samuel,26,12,שאול,nmpr,pers,A:person-candidate,Other Tanakh
157864,1422223,457441,1 Samuel,26,12,יהוה,nmpr,pers,E:YHWH,Other Tanakh
157869,1422224,457442,1 Samuel,26,13,דוד,nmpr,pers,A:person-candidate,Other Tanakh
157886,1422225,457445,1 Samuel,26,14,דוד,nmpr,pers,A:person-candidate,Other Tanakh
157887,1422225,457445,1 Samuel,26,14,אל,prep,,C:divine-title-candidate,Other Tanakh
157891,1422225,457445,1 Samuel,26,14,אל,prep,,C:divine-title-candidate,Other Tanakh
157892,1422225,457445,1 Samuel,26,14,אבנר,nmpr,pers,A:person-candidate,Other Tanakh
157894,1422225,457445,1 Samuel,26,14,נר,nmpr,pers,A:person-candidate,Other Tanakh
157900,1422225,457448,1 Samuel,26,14,אבנר,nmpr,pers,A:person-candidate,Other Tanakh
157903,1422225,457449,1 Samuel,26,14,אבנר,nmpr,pers,A:person-candidate,Other Tanakh
157909,1422225,457452,1 Samuel,26,14,אל,prep,,C:divine-title-candidate,Other Tanakh
157911,1422225,457452,1 Samuel,26,14,מלך,subs,,B:deity-candidate,Other Tanakh
157914,1422226,457453,1 Samuel,26,15,דוד,nmpr,pers,A:person-candidate,Other Tanakh
157915,1422226,457453,1 Samuel,26,15,אל,prep,,C:divine-title-candidate,Other Tanakh
157916,1422226,457453,1 Samuel,26,15,אבנר,nmpr,pers,A:person-candidate,Other Tanakh
157925,1422226,457455,1 Samuel,26,15,ישראל,nmpr,"pers,gens,topo",F:unclassified-name,Other Tanakh
157930,1422226,457456,1 Samuel,26,15,אל,prep,,C:divine-title-candidate,Other Tanakh
157933,1422226,457456,1 Samuel,26,15,מלך,subs,,B:deity-candidate,Other Tanakh
157943,1422226,457458,1 Samuel,26,15,מלך,subs,,B:deity-candidate,Other Tanakh
157954,1422227,457461,1 Samuel,26,16,יהוה,nmpr,pers,E:YHWH,Other Tanakh
157966,1422227,457463,1 Samuel,26,16,יהוה,nmpr,pers,E:YHWH,Other Tanakh
157973,1422227,457466,1 Samuel,26,16,מלך,subs,,B:deity-candidate,Other Tanakh
157983,1422228,457468,1 Samuel,26,17,שאול,nmpr,pers,A:person-candidate,Other Tanakh
157986,1422228,457468,1 Samuel,26,17,דוד,nmpr,pers,A:person-candidate,Other Tanakh
157993,1422228,457471,1 Samuel,26,17,דוד,nmpr,pers,A:person-candidate,Other Tanakh
157996,1422228,457472,1 Samuel,26,17,דוד,nmpr,pers,A:person-candidate,Other Tanakh
158000,1422228,457474,1 Samuel,26,17,מלך,subs,,B:deity-candidate,Other Tanakh
158023,1422230,457480,1 Samuel,26,19,מלך,subs,,B:deity-candidate,Other Tanakh
158028,1422230,457481,1 Samuel,26,19,יהוה,nmpr,pers,E:YHWH,Other Tanakh
158042,1422230,457484,1 Samuel,26,19,יהוה,nmpr,pers,E:YHWH,Other Tanakh
158051,1422230,457486,1 Samuel,26,19,יהוה,nmpr,pers,E:YHWH,Other Tanakh
158056,1422230,457489,1 Samuel,26,19,אלהים,subs,,D:Elohim,Other Tanakh
158060,1422231,457491,1 Samuel,26,20,אל,nega,,C:divine-title-candidate,Other Tanakh
158067,1422231,457491,1 Samuel,26,20,יהוה,nmpr,pers,E:YHWH,Other Tanakh
158070,1422231,457492,1 Samuel,26,20,מלך,subs,,B:deity-candidate,Other Tanakh
158071,1422231,457492,1 Samuel,26,20,ישראל,nmpr,"pers,gens,topo",F:unclassified-name,Other Tanakh
158087,1422232,457495,1 Samuel,26,21,שאול,nmpr,pers,A:person-candidate,Other Tanakh
158091,1422232,457498,1 Samuel,26,21,דוד,nmpr,pers,A:person-candidate,Other Tanakh
158115,1422233,457503,1 Samuel,26,22,דוד,nmpr,pers,A:person-candidate,Other Tanakh
158121,1422233,457505,1 Samuel,26,22,מלך,subs,,B:deity-candidate,Other Tanakh
158131,1422234,457508,1 Samuel,26,23,יהוה,nmpr,pers,E:YHWH,Other Tanakh
158143,1422234,457509,1 Samuel,26,23,יהוה,nmpr,pers,E:YHWH,Other Tanakh
158156,1422234,457511,1 Samuel,26,23,יהוה,nmpr,pers,E:YHWH,Other Tanakh
158174,1422235,457514,1 Samuel,26,24,יהוה,nmpr,pers,E:YHWH,Other Tanakh
158182,1422236,457516,1 Samuel,26,25,שאול,nmpr,pers,A:person-candidate,Other Tanakh
158183,1422236,457516,1 Samuel,26,25,אל,prep,,C:divine-title-candidate,Other Tanakh
158184,1422236,457516,1 Samuel,26,25,דוד,nmpr,pers,A:person-candidate,Other Tanakh
158188,1422236,457518,1 Samuel,26,25,דוד,nmpr,pers,A:person-candidate,Other Tanakh
158198,1422236,457521,1 Samuel,26,25,דוד,nmpr,pers,A:person-candidate,Other Tanakh
158202,1422236,457522,1 Samuel,26,25,שאול,nmpr,pers,A:person-candidate,Other Tanakh
158208,1422237,457523,1 Samuel,27,1,דוד,nmpr,pers,A:person-candidate,Other Tanakh
158209,1422237,457523,1 Samuel,27,1,אל,prep,,C:divine-title-candidate,Other Tanakh
158217,1422237,457524,1 Samuel,27,1,שאול,nmpr,pers,A:person-candidate,Other Tanakh
158224,1422237,457526,1 Samuel,27,1,אל,prep,,C:divine-title-candidate,Other Tanakh
158230,1422237,457527,1 Samuel,27,1,שאול,nmpr,pers,A:person-candidate,Other Tanakh
158237,1422237,457528,1 Samuel,27,1,ישראל,nmpr,"pers,gens,topo",F:unclassified-name,Other Tanakh
158244,1422238,457530,1 Samuel,27,2,דוד,nmpr,pers,A:person-candidate,Other Tanakh
158254,1422238,457531,1 Samuel,27,2,אל,prep,,C:divine-title-candidate,Other Tanakh
158255,1422238,457531,1 Samuel,27,2,אכיש,nmpr,pers,A:person-candidate,Other Tanakh
158257,1422238,457531,1 Samuel,27,2,מעוך,nmpr,pers,A:person-candidate,Other Tanakh
158258,1422238,457531,1 Samuel,27,2,מלך,subs,,B:deity-candidate,Other Tanakh
158259,1422238,457531,1 Samuel,27,2,גת,nmpr,topo,F:unclassified-name,Other Tanakh
158262,1422239,457533,1 Samuel,27,3,דוד,nmpr,pers,A:person-candidate,Other Tanakh
158264,1422239,457533,1 Samuel,27,3,אכיש,nmpr,pers,A:person-candidate,Other Tanakh
158266,1422239,457533,1 Samuel,27,3,גת,nmpr,topo,F:unclassified-name,Other Tanakh
158273,1422239,457533,1 Samuel,27,3,דוד,nmpr,pers,A:person-candidate,Other Tanakh
158277,1422239,457533,1 Samuel,27,3,אחינעם,nmpr,pers,A:person-candidate,Other Tanakh
158281,1422239,457533,1 Samuel,27,3,אביגיל,nmpr,pers,A:person-candidate,Other Tanakh
158283,1422239,457533,1 Samuel,27,3,נבל,nmpr,pers,A:person-candidate,Other Tanakh
158289,1422240,457534,1 Samuel,27,4,שאול,nmpr,pers,A:person-candidate,Other Tanakh
158292,1422240,457535,1 Samuel,27,4,דוד,nmpr,pers,A:person-candidate,Other Tanakh
158293,1422240,457535,1 Samuel,27,4,גת,nmpr,topo,F:unclassified-name,Other Tanakh
158302,1422241,457538,1 Samuel,27,5,דוד,nmpr,pers,A:person-candidate,Other Tanakh
158303,1422241,457538,1 Samuel,27,5,אל,prep,,C:divine-title-candidate,Other Tanakh
158304,1422241,457538,1 Samuel,27,5,אכיש,nmpr,pers,A:person-candidate,Other Tanakh
158334,1422242,457543,1 Samuel,27,6,אכיש,nmpr,pers,A:person-candidate,Other Tanakh
158341,1422242,457543,1 Samuel,27,6,צקלג,nmpr,topo,F:unclassified-name,Other Tanakh
158344,1422242,457544,1 Samuel,27,6,צקלג,nmpr,topo,F:unclassified-name,Other Tanakh
158346,1422242,457544,1 Samuel,27,6,מלך,subs,,B:deity-candidate,Other Tanakh
158347,1422242,457544,1 Samuel,27,6,יהודה,nmpr,"pers,gens,topo",F:unclassified-name,Other Tanakh
158360,1422243,457546,1 Samuel,27,7,דוד,nmpr,pers,A:person-candidate,Other Tanakh
158370,1422244,457547,1 Samuel,27,8,דוד,nmpr,pers,A:person-candidate,Other Tanakh
158375,1422244,457548,1 Samuel,27,8,אל,prep,,C:divine-title-candidate,Other Tanakh
158393,1422244,457551,1 Samuel,27,8,שור,nmpr,topo,F:unclassified-name,Other Tanakh
158397,1422244,457551,1 Samuel,27,8,מצרים,nmpr,topo,F:unclassified-name,Other Tanakh
158400,1422245,457552,1 Samuel,27,9,דוד,nmpr,pers,A:person-candidate,Other Tanakh
158425,1422245,457556,1 Samuel,27,9,אל,prep,,C:divine-title-candidate,Other Tanakh
158426,1422245,457556,1 Samuel,27,9,אכיש,nmpr,pers,A:person-candidate,Other Tanakh
158429,1422246,457557,1 Samuel,27,10,אכיש,nmpr,pers,A:person-candidate,Other Tanakh
158430,1422246,457558,1 Samuel,27,10,אל,inrg,,C:divine-title-candidate,Other Tanakh
158436,1422246,457559,1 Samuel,27,10,דוד,nmpr,pers,A:person-candidate,Other Tanakh
158439,1422246,457560,1 Samuel,27,10,יהודה,nmpr,"pers,gens,topo",F:unclassified-name,Other Tanakh
158446,1422246,457560,1 Samuel,27,10,אל,prep,,C:divine-title-candidate,Other Tanakh
158456,1422247,457561,1 Samuel,27,11,דוד,nmpr,pers,A:person-candidate,Other Tanakh
158459,1422247,457562,1 Samuel,27,11,גת,nmpr,topo,F:unclassified-name,Other Tanakh
158469,1422247,457566,1 Samuel,27,11,דוד,nmpr,pers,A:person-candidate,Other Tanakh
158483,1422248,457569,1 Samuel,27,12,אכיש,nmpr,pers,A:person-candidate,Other Tanakh
158485,1422248,457569,1 Samuel,27,12,דוד,nmpr,pers,A:person-candidate,Other Tanakh
158493,1422248,457571,1 Samuel,27,12,ישראל,nmpr,"pers,gens,topo",F:unclassified-name,Other Tanakh
158518,1422249,457575,1 Samuel,28,1,ישראל,nmpr,"pers,gens,topo",F:unclassified-name,Other Tanakh
158521,1422249,457576,1 Samuel,28,1,אכיש,nmpr,pers,A:person-candidate,Other Tanakh
158522,1422249,457576,1 Samuel,28,1,אל,prep,,C:divine-title-candidate,Other Tanakh
158523,1422249,457576,1 Samuel,28,1,דוד,nmpr,pers,A:person-candidate,Other Tanakh
158537,1422250,457579,1 Samuel,28,2,דוד,nmpr,pers,A:person-candidate,Other Tanakh
158538,1422250,457579,1 Samuel,28,2,אל,prep,,C:divine-title-candidate,Other Tanakh
158539,1422250,457579,1 Samuel,28,2,אכיש,nmpr,pers,A:person-candidate,Other Tanakh
158549,1422250,457582,1 Samuel,28,2,אכיש,nmpr,pers,A:person-candidate,Other Tanakh
158550,1422250,457582,1 Samuel,28,2,אל,prep,,C:divine-title-candidate,Other Tanakh
158551,1422250,457582,1 Samuel,28,2,דוד,nmpr,pers,A:person-candidate,Other Tanakh
158561,1422251,457584,1 Samuel,28,3,שמואל,nmpr,pers,A:person-candidate,Other Tanakh
158567,1422251,457585,1 Samuel,28,3,ישראל,nmpr,"pers,gens,topo",F:unclassified-name,Other Tanakh
158572,1422251,457586,1 Samuel,28,3,רמה,nmpr,topo,F:unclassified-name,Other Tanakh
158577,1422251,457587,1 Samuel,28,3,שאול,nmpr,pers,A:person-candidate,Other Tanakh
158596,1422252,457590,1 Samuel,28,4,שונם,nmpr,topo,F:unclassified-name,Other Tanakh
158599,1422252,457591,1 Samuel,28,4,שאול,nmpr,pers,A:person-candidate,Other Tanakh
158602,1422252,457591,1 Samuel,28,4,ישראל,nmpr,"pers,gens,topo",F:unclassified-name,Other Tanakh
158607,1422252,457592,1 Samuel,28,4,גלבע,nmpr,topo,F:unclassified-name,Other Tanakh
158610,1422253,457593,1 Samuel,28,5,שאול,nmpr,pers,A:person-candidate,Other Tanakh
158622,1422254,457596,1 Samuel,28,6,שאול,nmpr,pers,A:person-candidate,Other Tanakh
158624,1422254,457596,1 Samuel,28,6,יהוה,nmpr,pers,E:YHWH,Other Tanakh
158628,1422254,457597,1 Samuel,28,6,יהוה,nmpr,pers,E:YHWH,Other Tanakh
158643,1422255,457598,1 Samuel,28,7,שאול,nmpr,pers,A:person-candidate,Other Tanakh
158653,1422255,457600,1 Samuel,28,7,אל,prep,,C:divine-title-candidate,Other Tanakh
158660,1422255,457602,1 Samuel,28,7,אל,prep,,C:divine-title-candidate,Other Tanakh
158666,1422255,457603,1 Samuel,28,7,עין דור,nmpr,topo,F:unclassified-name,Other Tanakh
158669,1422256,457604,1 Samuel,28,8,שאול,nmpr,pers,A:person-candidate,Other Tanakh
158683,1422256,457607,1 Samuel,28,8,אל,prep,,C:divine-title-candidate,Other Tanakh
158701,1422256,457611,1 Samuel,28,8,אל,prep,,C:divine-title-candidate,Other Tanakh
158706,1422257,457612,1 Samuel,28,9,אל,prep,,C:divine-title-candidate,Other Tanakh
158713,1422257,457615,1 Samuel,28,9,שאול,nmpr,pers,A:person-candidate,Other Tanakh
158737,1422258,457619,1 Samuel,28,10,שאול,nmpr,pers,A:person-candidate,Other Tanakh
158739,1422258,457619,1 Samuel,28,10,יהוה,nmpr,pers,E:YHWH,Other Tanakh
158743,1422258,457621,1 Samuel,28,10,יהוה,nmpr,pers,E:YHWH,Other Tanakh
158763,1422259,457626,1 Samuel,28,11,שמואל,nmpr,pers,A:person-candidate,Other Tanakh
158771,1422260,457627,1 Samuel,28,12,שמואל,nmpr,pers,A:person-candidate,Other Tanakh
158781,1422260,457629,1 Samuel,28,12,אל,prep,,C:divine-title-candidate,Other Tanakh
158782,1422260,457629,1 Samuel,28,12,שאול,nmpr,pers,A:person-candidate,Other Tanakh
158789,1422260,457632,1 Samuel,28,12,שאול,nmpr,pers,A:person-candidate,Other Tanakh
158794,1422261,457633,1 Samuel,28,13,מלך,subs,,B:deity-candidate,Other Tanakh
158795,1422261,457634,1 Samuel,28,13,אל,nega,,C:divine-title-candidate,Other Tanakh
158804,1422261,457636,1 Samuel,28,13,אל,prep,,C:divine-title-candidate,Other Tanakh
158805,1422261,457636,1 Samuel,28,13,שאול,nmpr,pers,A:person-candidate,Other Tanakh
158806,1422261,457637,1 Samuel,28,13,אלהים,subs,,D:Elohim,Other Tanakh
158828,1422262,457644,1 Samuel,28,14,שאול,nmpr,pers,A:person-candidate,Other Tanakh
158830,1422262,457645,1 Samuel,28,14,שמואל,nmpr,pers,A:person-candidate,Other Tanakh
158840,1422263,457649,1 Samuel,28,15,שמואל,nmpr,pers,A:person-candidate,Other Tanakh
158841,1422263,457649,1 Samuel,28,15,אל,prep,,C:divine-title-candidate,Other Tanakh
158842,1422263,457649,1 Samuel,28,15,שאול,nmpr,pers,A:person-candidate,Other Tanakh
158850,1422263,457652,1 Samuel,28,15,שאול,nmpr,pers,A:person-candidate,Other Tanakh
158859,1422263,457655,1 Samuel,28,15,אלהים,subs,,D:Elohim,Other Tanakh
158885,1422264,457660,1 Samuel,28,16,שמואל,nmpr,pers,A:person-candidate,Other Tanakh
158890,1422264,457662,1 Samuel,28,16,יהוה,nmpr,pers,E:YHWH,Other Tanakh
158899,1422265,457664,1 Samuel,28,17,יהוה,nmpr,pers,E:YHWH,Other Tanakh
158908,1422265,457666,1 Samuel,28,17,יהוה,nmpr,pers,E:YHWH,Other Tanakh
158919,1422265,457667,1 Samuel,28,17,דוד,nmpr,pers,A:person-candidate,Other Tanakh
158926,1422266,457668,1 Samuel,28,18,יהוה,nmpr,pers,E:YHWH,Other Tanakh
158933,1422266,457669,1 Samuel,28,18,עמלק,nmpr,"pers,gens",F:unclassified-name,Other Tanakh
158942,1422266,457670,1 Samuel,28,18,יהוה,nmpr,pers,E:YHWH,Other Tanakh
158949,1422267,457671,1 Samuel,28,19,יהוה,nmpr,pers,E:YHWH,Other Tanakh
158952,1422267,457671,1 Samuel,28,19,ישראל,nmpr,"pers,gens,topo",F:unclassified-name,Other Tanakh
158966,1422267,457673,1 Samuel,28,19,ישראל,nmpr,"pers,gens,topo",F:unclassified-name,Other Tanakh
158968,1422267,457673,1 Samuel,28,19,יהוה,nmpr,pers,E:YHWH,Other Tanakh
158974,1422268,457674,1 Samuel,28,20,שאול,nmpr,pers,A:person-candidate,Other Tanakh
158985,1422268,457676,1 Samuel,28,20,שמואל,nmpr,pers,A:person-candidate,Other Tanakh
159006,1422269,457679,1 Samuel,28,21,אל,prep,,C:divine-title-candidate,Other Tanakh
159007,1422269,457679,1 Samuel,28,21,שאול,nmpr,pers,A:person-candidate,Other Tanakh
159015,1422269,457682,1 Samuel,28,21,אל,prep,,C:divine-title-candidate,Other Tanakh
159032,1422269,457686,1 Samuel,28,21,אל,prep,,C:divine-title-candidate,Other Tanakh
159084,1422271,457699,1 Samuel,28,23,אל,prep,,C:divine-title-candidate,Other Tanakh
159112,1422273,457706,1 Samuel,28,25,שאול,nmpr,pers,A:person-candidate,Other Tanakh
159134,1422274,457710,1 Samuel,29,1,אפק,nmpr,topo,F:unclassified-name,Other Tanakh
159136,1422274,457711,1 Samuel,29,1,ישראל,nmpr,"pers,gens,topo",F:unclassified-name,Other Tanakh
159143,1422274,457712,1 Samuel,29,1,יזרעאל,nmpr,topo,F:unclassified-name,Other Tanakh
159154,1422275,457714,1 Samuel,29,2,דוד,nmpr,pers,A:person-candidate,Other Tanakh
159162,1422275,457714,1 Samuel,29,2,אכיש,nmpr,pers,A:person-candidate,Other Tanakh
159174,1422276,457717,1 Samuel,29,3,אכיש,nmpr,pers,A:person-candidate,Other Tanakh
159175,1422276,457717,1 Samuel,29,3,אל,prep,,C:divine-title-candidate,Other Tanakh
159181,1422276,457718,1 Samuel,29,3,דוד,nmpr,pers,A:person-candidate,Other Tanakh
159183,1422276,457718,1 Samuel,29,3,שאול,nmpr,pers,A:person-candidate,Other Tanakh
159184,1422276,457718,1 Samuel,29,3,מלך,subs,,B:deity-candidate,Other Tanakh
159185,1422276,457718,1 Samuel,29,3,ישראל,nmpr,"pers,gens,topo",F:unclassified-name,Other Tanakh
159223,1422277,457725,1 Samuel,29,4,אל,prep,,C:divine-title-candidate,Other Tanakh
159249,1422277,457729,1 Samuel,29,4,אל,prep,,C:divine-title-candidate,Other Tanakh
159262,1422278,457731,1 Samuel,29,5,דוד,nmpr,pers,A:person-candidate,Other Tanakh
159272,1422278,457734,1 Samuel,29,5,שאול,nmpr,pers,A:person-candidate,Other Tanakh
159276,1422278,457735,1 Samuel,29,5,דוד,nmpr,pers,A:person-candidate,Other Tanakh
159281,1422279,457736,1 Samuel,29,6,אכיש,nmpr,pers,A:person-candidate,Other Tanakh
159282,1422279,457736,1 Samuel,29,6,אל,prep,,C:divine-title-candidate,Other Tanakh
159283,1422279,457736,1 Samuel,29,6,דוד,nmpr,pers,A:person-candidate,Other Tanakh
159286,1422279,457737,1 Samuel,29,6,אל,prep,,C:divine-title-candidate,Other Tanakh
159288,1422279,457738,1 Samuel,29,6,יהוה,nmpr,pers,E:YHWH,Other Tanakh
159311,1422279,457744,1 Samuel,29,6,אל,prep,,C:divine-title-candidate,Other Tanakh
159342,1422281,457750,1 Samuel,29,8,דוד,nmpr,pers,A:person-candidate,Other Tanakh
159343,1422281,457750,1 Samuel,29,8,אל,prep,,C:divine-title-candidate,Other Tanakh
159344,1422281,457750,1 Samuel,29,8,אכיש,nmpr,pers,A:person-candidate,Other Tanakh
159373,1422281,457755,1 Samuel,29,8,מלך,subs,,B:deity-candidate,Other Tanakh
159376,1422282,457756,1 Samuel,29,9,אכיש,nmpr,pers,A:person-candidate,Other Tanakh
159379,1422282,457757,1 Samuel,29,9,אל,prep,,C:divine-title-candidate,Other Tanakh
159380,1422282,457757,1 Samuel,29,9,דוד,nmpr,pers,A:person-candidate,Other Tanakh
159389,1422282,457759,1 Samuel,29,9,אלהים,subs,,D:Elohim,Other Tanakh
159424,1422284,457769,1 Samuel,29,11,דוד,nmpr,pers,A:person-candidate,Other Tanakh
159435,1422284,457771,1 Samuel,29,11,אל,prep,,C:divine-title-candidate,Other Tanakh
159441,1422284,457772,1 Samuel,29,11,יזרעאל,nmpr,topo,F:unclassified-name,Other Tanakh
159446,1422285,457774,1 Samuel,30,1,דוד,nmpr,pers,A:person-candidate,Other Tanakh
159449,1422285,457774,1 Samuel,30,1,צקלג,nmpr,topo,F:unclassified-name,Other Tanakh
159458,1422285,457775,1 Samuel,30,1,אל,prep,,C:divine-title-candidate,Other Tanakh
159461,1422285,457775,1 Samuel,30,1,אל,prep,,C:divine-title-candidate,Other Tanakh
159462,1422285,457775,1 Samuel,30,1,צקלג,nmpr,topo,F:unclassified-name,Other Tanakh
159466,1422285,457776,1 Samuel,30,1,צקלג,nmpr,topo,F:unclassified-name,Other Tanakh
159496,1422287,457783,1 Samuel,30,3,דוד,nmpr,pers,A:person-candidate,Other Tanakh
159499,1422287,457783,1 Samuel,30,3,אל,prep,,C:divine-title-candidate,Other Tanakh
159517,1422288,457786,1 Samuel,30,4,דוד,nmpr,pers,A:person-candidate,Other Tanakh
159537,1422289,457791,1 Samuel,30,5,דוד,nmpr,pers,A:person-candidate,Other Tanakh
159539,1422289,457791,1 Samuel,30,5,אחינעם,nmpr,pers,A:person-candidate,Other Tanakh
159543,1422289,457791,1 Samuel,30,5,אביגיל,nmpr,pers,A:person-candidate,Other Tanakh
159545,1422289,457791,1 Samuel,30,5,נבל,nmpr,pers,A:person-candidate,Other Tanakh
159551,1422290,457792,1 Samuel,30,6,דוד,nmpr,pers,A:person-candidate,Other Tanakh
159573,1422290,457797,1 Samuel,30,6,דוד,nmpr,pers,A:person-candidate,Other Tanakh
159575,1422290,457797,1 Samuel,30,6,יהוה,nmpr,pers,E:YHWH,Other Tanakh
159576,1422290,457797,1 Samuel,30,6,אלהים,subs,,D:Elohim,Other Tanakh
159579,1422291,457798,1 Samuel,30,7,דוד,nmpr,pers,A:person-candidate,Other Tanakh
159580,1422291,457798,1 Samuel,30,7,אל,prep,,C:divine-title-candidate,Other Tanakh
159581,1422291,457798,1 Samuel,30,7,אביתר,nmpr,pers,A:person-candidate,Other Tanakh
159585,1422291,457798,1 Samuel,30,7,אחימלך,nmpr,pers,A:person-candidate,Other Tanakh
159593,1422291,457800,1 Samuel,30,7,אביתר,nmpr,pers,A:person-candidate,Other Tanakh
159597,1422291,457800,1 Samuel,30,7,אל,prep,,C:divine-title-candidate,Other Tanakh
159598,1422291,457800,1 Samuel,30,7,דוד,nmpr,pers,A:person-candidate,Other Tanakh
159601,1422292,457801,1 Samuel,30,8,דוד,nmpr,pers,A:person-candidate,Other Tanakh
159603,1422292,457801,1 Samuel,30,8,יהוה,nmpr,pers,E:YHWH,Other Tanakh
159626,1422293,457809,1 Samuel,30,9,דוד,nmpr,pers,A:person-candidate,Other Tanakh
159639,1422293,457811,1 Samuel,30,9,בשור,nmpr,topo,F:unclassified-name,Other Tanakh
159646,1422294,457813,1 Samuel,30,10,דוד,nmpr,pers,A:person-candidate,Other Tanakh
159663,1422294,457816,1 Samuel,30,10,בשור,nmpr,topo,F:unclassified-name,Other Tanakh
159674,1422295,457818,1 Samuel,30,11,אל,prep,,C:divine-title-candidate,Other Tanakh
159675,1422295,457818,1 Samuel,30,11,דוד,nmpr,pers,A:person-candidate,Other Tanakh
159698,1422296,457824,1 Samuel,30,12,אל,prep,,C:divine-title-candidate,Other Tanakh
159715,1422297,457827,1 Samuel,30,13,דוד,nmpr,pers,A:person-candidate,Other Tanakh
159750,1422298,457836,1 Samuel,30,14,יהודה,nmpr,"pers,gens,topo",F:unclassified-name,Other Tanakh
159754,1422298,457837,1 Samuel,30,14,כלב,nmpr,pers,A:person-candidate,Other Tanakh
159757,1422298,457838,1 Samuel,30,14,צקלג,nmpr,topo,F:unclassified-name,Other Tanakh
159764,1422299,457839,1 Samuel,30,15,אל,prep,,C:divine-title-candidate,Other Tanakh
159765,1422299,457839,1 Samuel,30,15,דוד,nmpr,pers,A:person-candidate,Other Tanakh
159768,1422299,457840,1 Samuel,30,15,אל,prep,,C:divine-title-candidate,Other Tanakh
159778,1422299,457842,1 Samuel,30,15,אלהים,subs,,D:Elohim,Other Tanakh
159789,1422299,457845,1 Samuel,30,15,אל,prep,,C:divine-title-candidate,Other Tanakh
159823,1422300,457851,1 Samuel,30,16,יהודה,nmpr,"pers,gens,topo",F:unclassified-name,Other Tanakh
159826,1422301,457852,1 Samuel,30,17,דוד,nmpr,pers,A:person-candidate,Other Tanakh
159856,1422302,457857,1 Samuel,30,18,דוד,nmpr,pers,A:person-candidate,Other Tanakh
159861,1422302,457858,1 Samuel,30,18,עמלק,nmpr,"pers,gens",F:unclassified-name,Other Tanakh
159867,1422302,457859,1 Samuel,30,18,דוד,nmpr,pers,A:person-candidate,Other Tanakh
159896,1422303,457862,1 Samuel,30,19,דוד,nmpr,pers,A:person-candidate,Other Tanakh
159899,1422304,457863,1 Samuel,30,20,דוד,nmpr,pers,A:person-candidate,Other Tanakh
159918,1422304,457866,1 Samuel,30,20,דוד,nmpr,pers,A:person-candidate,Other Tanakh
159921,1422305,457867,1 Samuel,30,21,דוד,nmpr,pers,A:person-candidate,Other Tanakh
159922,1422305,457867,1 Samuel,30,21,אל,prep,,C:divine-title-candidate,Other Tanakh
159931,1422305,457869,1 Samuel,30,21,דוד,nmpr,pers,A:person-candidate,Other Tanakh
159937,1422305,457870,1 Samuel,30,21,בשור,nmpr,topo,F:unclassified-name,Other Tanakh
159942,1422305,457872,1 Samuel,30,21,דוד,nmpr,pers,A:person-candidate,Other Tanakh
159952,1422305,457875,1 Samuel,30,21,דוד,nmpr,pers,A:person-candidate,Other Tanakh
159974,1422306,457878,1 Samuel,30,22,דוד,nmpr,pers,A:person-candidate,Other Tanakh
160004,1422307,457886,1 Samuel,30,23,דוד,nmpr,pers,A:person-candidate,Other Tanakh
160012,1422307,457889,1 Samuel,30,23,יהוה,nmpr,pers,E:YHWH,Other Tanakh
160071,1422309,457898,1 Samuel,30,25,ישראל,nmpr,"pers,gens,topo",F:unclassified-name,Other Tanakh
160079,1422310,457899,1 Samuel,30,26,דוד,nmpr,pers,A:person-candidate,Other Tanakh
160080,1422310,457899,1 Samuel,30,26,אל,prep,,C:divine-title-candidate,Other Tanakh
160081,1422310,457899,1 Samuel,30,26,צקלג,nmpr,topo,F:unclassified-name,Other Tanakh
160089,1422310,457900,1 Samuel,30,26,יהודה,nmpr,"pers,gens,topo",F:unclassified-name,Other Tanakh
160100,1422310,457902,1 Samuel,30,26,יהוה,nmpr,pers,E:YHWH,Other Tanakh
160104,1422311,457903,1 Samuel,30,27,בית אל,nmpr,topo,F:unclassified-name,Other Tanakh
160109,1422311,457904,1 Samuel,30,27,רמת,nmpr,topo,F:unclassified-name,Other Tanakh
160115,1422311,457905,1 Samuel,30,27,יתר,nmpr,topo,F:unclassified-name,Other Tanakh
160120,1422312,457906,1 Samuel,30,28,ערוער,nmpr,topo,F:unclassified-name,Other Tanakh
160125,1422312,457907,1 Samuel,30,28,שפמות,nmpr,topo,F:unclassified-name,Other Tanakh
160130,1422312,457908,1 Samuel,30,28,אשתמע,nmpr,topo,F:unclassified-name,Other Tanakh
160135,1422313,457909,1 Samuel,30,29,רכל,nmpr,topo,F:unclassified-name,Other Tanakh
160154,1422314,457912,1 Samuel,30,30,חרמה,nmpr,topo,F:unclassified-name,Other Tanakh
160159,1422314,457913,1 Samuel,30,30,בור עשן,nmpr,topo,F:unclassified-name,Other Tanakh
160164,1422314,457914,1 Samuel,30,30,עתך,nmpr,topo,F:unclassified-name,Other Tanakh
160169,1422315,457915,1 Samuel,30,31,חברון,nmpr,topo,F:unclassified-name,Other Tanakh
160178,1422315,457917,1 Samuel,30,31,דוד,nmpr,pers,A:person-candidate,Other Tanakh
160186,1422316,457918,1 Samuel,31,1,ישראל,nmpr,"pers,gens,topo",F:unclassified-name,Other Tanakh
160190,1422316,457919,1 Samuel,31,1,ישראל,nmpr,"pers,gens,topo",F:unclassified-name,Other Tanakh
160200,1422316,457920,1 Samuel,31,1,גלבע,nmpr,topo,F:unclassified-name,Other Tanakh
160205,1422317,457921,1 Samuel,31,2,שאול,nmpr,pers,A:person-candidate,Other Tanakh
160213,1422317,457922,1 Samuel,31,2,יהונתן,nmpr,pers,A:person-candidate,Other Tanakh
160216,1422317,457922,1 Samuel,31,2,אבינדב,nmpr,pers,A:person-candidate,Other Tanakh
160219,1422317,457922,1 Samuel,31,2,מלכי שוע,nmpr,pers,A:person-candidate,Other Tanakh
160221,1422317,457922,1 Samuel,31,2,שאול,nmpr,pers,A:person-candidate,Other Tanakh
160226,1422318,457923,1 Samuel,31,3,אל,prep,,C:divine-title-candidate,Other Tanakh
160227,1422318,457923,1 Samuel,31,3,שאול,nmpr,pers,A:person-candidate,Other Tanakh
160244,1422319,457926,1 Samuel,31,4,שאול,nmpr,pers,A:person-candidate,Other Tanakh
160274,1422319,457934,1 Samuel,31,4,שאול,nmpr,pers,A:person-candidate,Other Tanakh
160287,1422320,457937,1 Samuel,31,5,שאול,nmpr,pers,A:person-candidate,Other Tanakh
160299,1422321,457940,1 Samuel,31,6,שאול,nmpr,pers,A:person-candidate,Other Tanakh
160318,1422322,457941,1 Samuel,31,7,ישראל,nmpr,"pers,gens,topo",F:unclassified-name,Other Tanakh
160329,1422322,457943,1 Samuel,31,7,ירדן,nmpr,topo,F:unclassified-name,Other Tanakh
160333,1422322,457944,1 Samuel,31,7,ישראל,nmpr,"pers,gens,topo",F:unclassified-name,Other Tanakh
160337,1422322,457945,1 Samuel,31,7,שאול,nmpr,pers,A:person-candidate,Other Tanakh
160368,1422323,457953,1 Samuel,31,8,שאול,nmpr,pers,A:person-candidate,Other Tanakh
160377,1422323,457954,1 Samuel,31,8,גלבע,nmpr,topo,F:unclassified-name,Other Tanakh
160405,1422325,457959,1 Samuel,31,10,עשתרת,subs,,B:deity-candidate,Other Tanakh
160412,1422325,457960,1 Samuel,31,10,בית שאן,nmpr,topo,F:unclassified-name,Other Tanakh
160415,1422326,457961,1 Samuel,31,11,אל,prep,,C:divine-title-candidate,Other Tanakh
160417,1422326,457961,1 Samuel,31,11,יביש,nmpr,topo,F:unclassified-name,Other Tanakh
160418,1422326,457961,1 Samuel,31,11,גלעד,nmpr,topo,F:unclassified-name,Other Tanakh
160424,1422326,457962,1 Samuel,31,11,שאול,nmpr,pers,A:person-candidate,Other Tanakh
160439,1422327,457965,1 Samuel,31,12,שאול,nmpr,pers,A:person-candidate,Other Tanakh
160446,1422327,457965,1 Samuel,31,12,בית שאן,nmpr,topo,F:unclassified-name,Other Tanakh
160449,1422327,457966,1 Samuel,31,12,יביש,nmpr,topo,F:unclassified-name,Other Tanakh
160464,1422328,457969,1 Samuel,31,13,יביש,nmpr,topo,F:unclassified-name,Other Tanakh
160473,1422329,457971,2 Samuel,1,1,שאול,nmpr,pers,A:person-candidate,Other Tanakh
160475,1422329,457972,2 Samuel,1,1,דוד,nmpr,pers,A:person-candidate,Other Tanakh
160481,1422329,457973,2 Samuel,1,1,עמלק,nmpr,"pers,gens",F:unclassified-name,Other Tanakh
160484,1422329,457974,2 Samuel,1,1,דוד,nmpr,pers,A:person-candidate,Other Tanakh
160486,1422329,457974,2 Samuel,1,1,צקלג,nmpr,topo,F:unclassified-name,Other Tanakh
160505,1422330,457976,2 Samuel,1,2,שאול,nmpr,pers,A:person-candidate,Other Tanakh
160517,1422330,457980,2 Samuel,1,2,אל,prep,,C:divine-title-candidate,Other Tanakh
160518,1422330,457980,2 Samuel,1,2,דוד,nmpr,pers,A:person-candidate,Other Tanakh
160527,1422331,457983,2 Samuel,1,3,דוד,nmpr,pers,A:person-candidate,Other Tanakh
160534,1422331,457985,2 Samuel,1,3,אל,prep,,C:divine-title-candidate,Other Tanakh
160537,1422331,457986,2 Samuel,1,3,ישראל,nmpr,"pers,gens,topo",F:unclassified-name,Other Tanakh
160541,1422332,457987,2 Samuel,1,4,אל,prep,,C:divine-title-candidate,Other Tanakh
160542,1422332,457987,2 Samuel,1,4,דוד,nmpr,pers,A:person-candidate,Other Tanakh
160570,1422332,457994,2 Samuel,1,4,שאול,nmpr,pers,A:person-candidate,Other Tanakh
160572,1422332,457994,2 Samuel,1,4,יהונתן,nmpr,pers,A:person-candidate,Other Tanakh
160577,1422333,457995,2 Samuel,1,5,דוד,nmpr,pers,A:person-candidate,Other Tanakh
160578,1422333,457995,2 Samuel,1,5,אל,prep,,C:divine-title-candidate,Other Tanakh
160588,1422333,457998,2 Samuel,1,5,שאול,nmpr,pers,A:person-candidate,Other Tanakh
160590,1422333,457998,2 Samuel,1,5,יהונתן,nmpr,pers,A:person-candidate,Other Tanakh
160604,1422334,458001,2 Samuel,1,6,גלבע,nmpr,topo,F:unclassified-name,Other Tanakh
160607,1422334,458002,2 Samuel,1,6,שאול,nmpr,pers,A:person-candidate,Other Tanakh
160616,1422334,458003,2 Samuel,1,6,בעל,subs,,B:deity-candidate,Other Tanakh
160627,1422335,458006,2 Samuel,1,7,אל,prep,,C:divine-title-candidate,Other Tanakh
160638,1422336,458011,2 Samuel,1,8,אל,prep,,C:divine-title-candidate,Other Tanakh
160643,1422337,458013,2 Samuel,1,9,אל,prep,,C:divine-title-candidate,Other Tanakh
160684,1422338,458026,2 Samuel,1,10,אל,prep,,C:divine-title-candidate,Other Tanakh
160689,1422339,458027,2 Samuel,1,11,דוד,nmpr,pers,A:person-candidate,Other Tanakh
160711,1422340,458033,2 Samuel,1,12,שאול,nmpr,pers,A:person-candidate,Other Tanakh
160714,1422340,458033,2 Samuel,1,12,יהונתן,nmpr,pers,A:person-candidate,Other Tanakh
160719,1422340,458033,2 Samuel,1,12,יהוה,nmpr,pers,E:YHWH,Other Tanakh
160723,1422340,458033,2 Samuel,1,12,ישראל,nmpr,"pers,gens,topo",F:unclassified-name,Other Tanakh
160731,1422341,458035,2 Samuel,1,13,דוד,nmpr,pers,A:person-candidate,Other Tanakh
160732,1422341,458035,2 Samuel,1,13,אל,prep,,C:divine-title-candidate,Other Tanakh
160751,1422342,458040,2 Samuel,1,14,אל,prep,,C:divine-title-candidate,Other Tanakh
160752,1422342,458040,2 Samuel,1,14,דוד,nmpr,pers,A:person-candidate,Other Tanakh
160763,1422342,458043,2 Samuel,1,14,יהוה,nmpr,pers,E:YHWH,Other Tanakh
160766,1422343,458044,2 Samuel,1,15,דוד,nmpr,pers,A:person-candidate,Other Tanakh
160783,1422344,458050,2 Samuel,1,16,אל,prep,,C:divine-title-candidate,Other Tanakh
160784,1422344,458050,2 Samuel,1,16,דוד,nmpr,pers,A:person-candidate,Other Tanakh
160798,1422344,458054,2 Samuel,1,16,יהוה,nmpr,pers,E:YHWH,Other Tanakh
160801,1422345,458055,2 Samuel,1,17,דוד,nmpr,pers,A:person-candidate,Other Tanakh
160808,1422345,458055,2 Samuel,1,17,שאול,nmpr,pers,A:person-candidate,Other Tanakh
160811,1422345,458055,2 Samuel,1,17,יהונתן,nmpr,pers,A:person-candidate,Other Tanakh
160818,1422346,458057,2 Samuel,1,18,יהודה,nmpr,"pers,gens,topo",F:unclassified-name,Other Tanakh
160828,1422347,458060,2 Samuel,1,19,ישראל,nmpr,"pers,gens,topo",F:unclassified-name,Other Tanakh
160835,1422348,458062,2 Samuel,1,20,אל,nega,,C:divine-title-candidate,Other Tanakh
160838,1422348,458062,2 Samuel,1,20,גת,nmpr,topo,F:unclassified-name,Other Tanakh
160839,1422348,458063,2 Samuel,1,20,אל,nega,,C:divine-title-candidate,Other Tanakh
160843,1422348,458063,2 Samuel,1,20,אשקלון,nmpr,topo,F:unclassified-name,Other Tanakh
160856,1422349,458066,2 Samuel,1,21,גלבע,nmpr,topo,F:unclassified-name,Other Tanakh
160857,1422349,458067,2 Samuel,1,21,אל,nega,,C:divine-title-candidate,Other Tanakh
160860,1422349,458068,2 Samuel,1,21,אל,nega,,C:divine-title-candidate,Other Tanakh
160872,1422349,458071,2 Samuel,1,21,שאול,nmpr,pers,A:person-candidate,Other Tanakh
160885,1422350,458072,2 Samuel,1,22,יהונתן,nmpr,pers,A:person-candidate,Other Tanakh
160891,1422350,458073,2 Samuel,1,22,שאול,nmpr,pers,A:person-candidate,Other Tanakh
160895,1422351,458074,2 Samuel,1,23,שאול,nmpr,pers,A:person-candidate,Other Tanakh
160897,1422351,458074,2 Samuel,1,23,יהונתן,nmpr,pers,A:person-candidate,Other Tanakh
160917,1422352,458078,2 Samuel,1,24,ישראל,nmpr,"pers,gens,topo",F:unclassified-name,Other Tanakh
160918,1422352,458079,2 Samuel,1,24,אל,prep,,C:divine-title-candidate,Other Tanakh
160919,1422352,458079,2 Samuel,1,24,שאול,nmpr,pers,A:person-candidate,Other Tanakh
160939,1422353,458083,2 Samuel,1,25,יהונתן,nmpr,pers,A:person-candidate,Other Tanakh
160947,1422354,458085,2 Samuel,1,26,יהונתן,nmpr,pers,A:person-candidate,Other Tanakh
160970,1422356,458091,2 Samuel,2,1,דוד,nmpr,pers,A:person-candidate,Other Tanakh
160972,1422356,458091,2 Samuel,2,1,יהוה,nmpr,pers,E:YHWH,Other Tanakh
160980,1422356,458093,2 Samuel,2,1,יהודה,nmpr,"pers,gens,topo",F:unclassified-name,Other Tanakh
160983,1422356,458094,2 Samuel,2,1,יהוה,nmpr,pers,E:YHWH,Other Tanakh
160984,1422356,458094,2 Samuel,2,1,אל,prep,,C:divine-title-candidate,Other Tanakh
160988,1422356,458096,2 Samuel,2,1,דוד,nmpr,pers,A:person-candidate,Other Tanakh
160993,1422356,458099,2 Samuel,2,1,חברון,nmpr,topo,F:unclassified-name,Other Tanakh
160997,1422357,458100,2 Samuel,2,2,דוד,nmpr,pers,A:person-candidate,Other Tanakh
161002,1422357,458100,2 Samuel,2,2,אחינעם,nmpr,pers,A:person-candidate,Other Tanakh
161006,1422357,458100,2 Samuel,2,2,אביגיל,nmpr,pers,A:person-candidate,Other Tanakh
161008,1422357,458100,2 Samuel,2,2,נבל,nmpr,pers,A:person-candidate,Other Tanakh
161016,1422358,458101,2 Samuel,2,3,דוד,nmpr,pers,A:person-candidate,Other Tanakh
161024,1422358,458104,2 Samuel,2,3,חברון,nmpr,topo,F:unclassified-name,Other Tanakh
161028,1422359,458105,2 Samuel,2,4,יהודה,nmpr,"pers,gens,topo",F:unclassified-name,Other Tanakh
161033,1422359,458106,2 Samuel,2,4,דוד,nmpr,pers,A:person-candidate,Other Tanakh
161035,1422359,458106,2 Samuel,2,4,מלך,subs,,B:deity-candidate,Other Tanakh
161038,1422359,458106,2 Samuel,2,4,יהודה,nmpr,"pers,gens,topo",F:unclassified-name,Other Tanakh
161042,1422359,458107,2 Samuel,2,4,דוד,nmpr,pers,A:person-candidate,Other Tanakh
161046,1422359,458109,2 Samuel,2,4,יביש,nmpr,topo,F:unclassified-name,Other Tanakh
161047,1422359,458109,2 Samuel,2,4,גלעד,nmpr,topo,F:unclassified-name,Other Tanakh
161051,1422359,458110,2 Samuel,2,4,שאול,nmpr,pers,A:person-candidate,Other Tanakh
161054,1422360,458111,2 Samuel,2,5,דוד,nmpr,pers,A:person-candidate,Other Tanakh
161056,1422360,458111,2 Samuel,2,5,אל,prep,,C:divine-title-candidate,Other Tanakh
161058,1422360,458111,2 Samuel,2,5,יביש,nmpr,topo,F:unclassified-name,Other Tanakh
161059,1422360,458111,2 Samuel,2,5,גלעד,nmpr,topo,F:unclassified-name,Other Tanakh
161062,1422360,458112,2 Samuel,2,5,אל,prep,,C:divine-title-candidate,Other Tanakh
161066,1422360,458113,2 Samuel,2,5,יהוה,nmpr,pers,E:YHWH,Other Tanakh
161076,1422360,458114,2 Samuel,2,5,שאול,nmpr,pers,A:person-candidate,Other Tanakh
161083,1422361,458117,2 Samuel,2,6,יהוה,nmpr,pers,E:YHWH,Other Tanakh
161115,1422362,458123,2 Samuel,2,7,שאול,nmpr,pers,A:person-candidate,Other Tanakh
161121,1422362,458124,2 Samuel,2,7,יהודה,nmpr,"pers,gens,topo",F:unclassified-name,Other Tanakh
161123,1422362,458124,2 Samuel,2,7,מלך,subs,,B:deity-candidate,Other Tanakh
161126,1422363,458125,2 Samuel,2,8,אבנר,nmpr,pers,A:person-candidate,Other Tanakh
161128,1422363,458125,2 Samuel,2,8,נר,nmpr,pers,A:person-candidate,Other Tanakh
161133,1422363,458126,2 Samuel,2,8,שאול,nmpr,pers,A:person-candidate,Other Tanakh
161136,1422363,458125,2 Samuel,2,8,איש בשת,nmpr,pers,A:person-candidate,Other Tanakh
161138,1422363,458125,2 Samuel,2,8,שאול,nmpr,pers,A:person-candidate,Other Tanakh
161141,1422363,458127,2 Samuel,2,8,מחנים,nmpr,topo,F:unclassified-name,Other Tanakh
161143,1422364,458128,2 Samuel,2,9,מלך,verb,,B:deity-candidate,Other Tanakh
161144,1422364,458128,2 Samuel,2,9,אל,prep,,C:divine-title-candidate,Other Tanakh
161146,1422364,458128,2 Samuel,2,9,גלעד,nmpr,topo,F:unclassified-name,Other Tanakh
161148,1422364,458128,2 Samuel,2,9,אל,prep,,C:divine-title-candidate,Other Tanakh
161152,1422364,458128,2 Samuel,2,9,אל,prep,,C:divine-title-candidate,Other Tanakh
161153,1422364,458128,2 Samuel,2,9,יזרעאל,nmpr,topo,F:unclassified-name,Other Tanakh
161156,1422364,458128,2 Samuel,2,9,אפרים,nmpr,"pers,gens,topo",F:unclassified-name,Other Tanakh
161159,1422364,458128,2 Samuel,2,9,בנימן,nmpr,"pers,gens,topo",F:unclassified-name,Other Tanakh
161162,1422364,458128,2 Samuel,2,9,ישראל,nmpr,"pers,gens,topo",F:unclassified-name,Other Tanakh
161167,1422365,458129,2 Samuel,2,10,איש בשת,nmpr,pers,A:person-candidate,Other Tanakh
161169,1422365,458129,2 Samuel,2,10,שאול,nmpr,pers,A:person-candidate,Other Tanakh
161171,1422365,458130,2 Samuel,2,10,מלך,verb,,B:deity-candidate,Other Tanakh
161173,1422365,458130,2 Samuel,2,10,ישראל,nmpr,"pers,gens,topo",F:unclassified-name,Other Tanakh
161177,1422365,458131,2 Samuel,2,10,מלך,verb,,B:deity-candidate,Other Tanakh
161180,1422365,458132,2 Samuel,2,10,יהודה,nmpr,"pers,gens,topo",F:unclassified-name,Other Tanakh
161183,1422365,458132,2 Samuel,2,10,דוד,nmpr,pers,A:person-candidate,Other Tanakh
161191,1422366,458134,2 Samuel,2,11,דוד,nmpr,pers,A:person-candidate,Other Tanakh
161192,1422366,458134,2 Samuel,2,11,מלך,subs,,B:deity-candidate,Other Tanakh
161194,1422366,458134,2 Samuel,2,11,חברון,nmpr,topo,F:unclassified-name,Other Tanakh
161197,1422366,458134,2 Samuel,2,11,יהודה,nmpr,"pers,gens,topo",F:unclassified-name,Other Tanakh
161205,1422367,458135,2 Samuel,2,12,אבנר,nmpr,pers,A:person-candidate,Other Tanakh
161207,1422367,458135,2 Samuel,2,12,נר,nmpr,pers,A:person-candidate,Other Tanakh
161210,1422367,458135,2 Samuel,2,12,איש בשת,nmpr,pers,A:person-candidate,Other Tanakh
161212,1422367,458135,2 Samuel,2,12,שאול,nmpr,pers,A:person-candidate,Other Tanakh
161214,1422367,458135,2 Samuel,2,12,מחנים,nmpr,topo,F:unclassified-name,Other Tanakh
161215,1422367,458135,2 Samuel,2,12,גבעון,nmpr,topo,F:unclassified-name,Other Tanakh
161217,1422368,458136,2 Samuel,2,13,יואב,nmpr,pers,A:person-candidate,Other Tanakh
161219,1422368,458136,2 Samuel,2,13,צרויה,nmpr,pers,A:person-candidate,Other Tanakh
161222,1422368,458136,2 Samuel,2,13,דוד,nmpr,pers,A:person-candidate,Other Tanakh
161228,1422368,458137,2 Samuel,2,13,גבעון,nmpr,topo,F:unclassified-name,Other Tanakh
161247,1422369,458140,2 Samuel,2,14,אבנר,nmpr,pers,A:person-candidate,Other Tanakh
161248,1422369,458140,2 Samuel,2,14,אל,prep,,C:divine-title-candidate,Other Tanakh
161249,1422369,458140,2 Samuel,2,14,יואב,nmpr,pers,A:person-candidate,Other Tanakh
161260,1422369,458143,2 Samuel,2,14,יואב,nmpr,pers,A:person-candidate,Other Tanakh
161271,1422370,458146,2 Samuel,2,15,בנימן,nmpr,"pers,gens,topo",F:unclassified-name,Other Tanakh
161274,1422370,458146,2 Samuel,2,15,איש בשת,nmpr,pers,A:person-candidate,Other Tanakh
161276,1422370,458146,2 Samuel,2,15,שאול,nmpr,pers,A:person-candidate,Other Tanakh
161282,1422370,458146,2 Samuel,2,15,דוד,nmpr,pers,A:person-candidate,Other Tanakh
161304,1422371,458151,2 Samuel,2,16,חלקת הצורים,nmpr,topo,F:unclassified-name,Other Tanakh
161307,1422371,458152,2 Samuel,2,16,גבעון,nmpr,topo,F:unclassified-name,Other Tanakh
161322,1422372,458154,2 Samuel,2,17,אבנר,nmpr,pers,A:person-candidate,Other Tanakh
161325,1422372,458154,2 Samuel,2,17,ישראל,nmpr,"pers,gens,topo",F:unclassified-name,Other Tanakh
161329,1422372,458154,2 Samuel,2,17,דוד,nmpr,pers,A:person-candidate,Other Tanakh
161335,1422373,458155,2 Samuel,2,18,צרויה,nmpr,pers,A:person-candidate,Other Tanakh
161336,1422373,458155,2 Samuel,2,18,יואב,nmpr,pers,A:person-candidate,Other Tanakh
161338,1422373,458155,2 Samuel,2,18,אבישי,nmpr,pers,A:person-candidate,Other Tanakh
161340,1422373,458155,2 Samuel,2,18,עשהאל,nmpr,pers,A:person-candidate,Other Tanakh
161342,1422373,458156,2 Samuel,2,18,עשהאל,nmpr,pers,A:person-candidate,Other Tanakh
161356,1422374,458158,2 Samuel,2,19,עשהאל,nmpr,pers,A:person-candidate,Other Tanakh
161358,1422374,458158,2 Samuel,2,19,אבנר,nmpr,pers,A:person-candidate,Other Tanakh
161373,1422374,458159,2 Samuel,2,19,אבנר,nmpr,pers,A:person-candidate,Other Tanakh
161376,1422375,458161,2 Samuel,2,20,אבנר,nmpr,pers,A:person-candidate,Other Tanakh
161383,1422375,458164,2 Samuel,2,20,עשהאל,nmpr,pers,A:person-candidate,Other Tanakh
161390,1422376,458167,2 Samuel,2,21,אבנר,nmpr,pers,A:person-candidate,Other Tanakh
161413,1422376,458171,2 Samuel,2,21,עשהאל,nmpr,pers,A:person-candidate,Other Tanakh
161421,1422377,458173,2 Samuel,2,22,אבנר,nmpr,pers,A:person-candidate,Other Tanakh
161424,1422377,458174,2 Samuel,2,22,אל,prep,,C:divine-title-candidate,Other Tanakh
161425,1422377,458174,2 Samuel,2,22,עשהאל,nmpr,pers,A:person-candidate,Other Tanakh
161437,1422377,458177,2 Samuel,2,22,אל,prep,,C:divine-title-candidate,Other Tanakh
161438,1422377,458177,2 Samuel,2,22,יואב,nmpr,pers,A:person-candidate,Other Tanakh
161446,1422378,458180,2 Samuel,2,23,אבנר,nmpr,pers,A:person-candidate,Other Tanakh
161451,1422378,458180,2 Samuel,2,23,אל,prep,,C:divine-title-candidate,Other Tanakh
161471,1422378,458186,2 Samuel,2,23,אל,prep,,C:divine-title-candidate,Other Tanakh
161477,1422378,458187,2 Samuel,2,23,עשהאל,nmpr,pers,A:person-candidate,Other Tanakh
161484,1422379,458190,2 Samuel,2,24,יואב,nmpr,pers,A:person-candidate,Other Tanakh
161486,1422379,458190,2 Samuel,2,24,אבישי,nmpr,pers,A:person-candidate,Other Tanakh
161488,1422379,458190,2 Samuel,2,24,אבנר,nmpr,pers,A:person-candidate,Other Tanakh
161498,1422379,458192,2 Samuel,2,24,אמה,nmpr,topo,F:unclassified-name,Other Tanakh
161502,1422379,458193,2 Samuel,2,24,גיח,nmpr,topo,F:unclassified-name,Other Tanakh
161505,1422379,458193,2 Samuel,2,24,גבעון,nmpr,topo,F:unclassified-name,Other Tanakh
161509,1422380,458194,2 Samuel,2,25,בנימן,nmpr,"pers,gens,topo",F:unclassified-name,Other Tanakh
161511,1422380,458194,2 Samuel,2,25,אבנר,nmpr,pers,A:person-candidate,Other Tanakh
161525,1422381,458197,2 Samuel,2,26,אבנר,nmpr,pers,A:person-candidate,Other Tanakh
161526,1422381,458197,2 Samuel,2,26,אל,prep,,C:divine-title-candidate,Other Tanakh
161527,1422381,458197,2 Samuel,2,26,יואב,nmpr,pers,A:person-candidate,Other Tanakh
161559,1422382,458204,2 Samuel,2,27,יואב,nmpr,pers,A:person-candidate,Other Tanakh
161562,1422382,458205,2 Samuel,2,27,אלהים,subs,,D:Elohim,Other Tanakh
161580,1422383,458209,2 Samuel,2,28,יואב,nmpr,pers,A:person-candidate,Other Tanakh
161594,1422383,458211,2 Samuel,2,28,ישראל,nmpr,"pers,gens,topo",F:unclassified-name,Other Tanakh
161602,1422384,458214,2 Samuel,2,29,אבנר,nmpr,pers,A:person-candidate,Other Tanakh
161618,1422384,458215,2 Samuel,2,29,ירדן,nmpr,topo,F:unclassified-name,Other Tanakh
161626,1422384,458217,2 Samuel,2,29,מחנים,nmpr,topo,F:unclassified-name,Other Tanakh
161628,1422385,458218,2 Samuel,2,30,יואב,nmpr,pers,A:person-candidate,Other Tanakh
161632,1422385,458218,2 Samuel,2,30,אבנר,nmpr,pers,A:person-candidate,Other Tanakh
161643,1422385,458220,2 Samuel,2,30,דוד,nmpr,pers,A:person-candidate,Other Tanakh
161648,1422385,458220,2 Samuel,2,30,עשהאל,nmpr,pers,A:person-candidate,Other Tanakh
161651,1422386,458221,2 Samuel,2,31,דוד,nmpr,pers,A:person-candidate,Other Tanakh
161654,1422386,458221,2 Samuel,2,31,בנימן,nmpr,"pers,gens,topo",F:unclassified-name,Other Tanakh
161658,1422386,458221,2 Samuel,2,31,אבנר,nmpr,pers,A:person-candidate,Other Tanakh
161668,1422387,458223,2 Samuel,2,32,עשהאל,nmpr,pers,A:person-candidate,Other Tanakh
161675,1422387,458225,2 Samuel,2,32,בית לחם,nmpr,topo,F:unclassified-name,Other Tanakh
161681,1422387,458226,2 Samuel,2,32,יואב,nmpr,pers,A:person-candidate,Other Tanakh
161688,1422387,458227,2 Samuel,2,32,חברון,nmpr,topo,F:unclassified-name,Other Tanakh
161696,1422388,458228,2 Samuel,3,1,שאול,nmpr,pers,A:person-candidate,Other Tanakh
161700,1422388,458228,2 Samuel,3,1,דוד,nmpr,pers,A:person-candidate,Other Tanakh
161702,1422388,458229,2 Samuel,3,1,דוד,nmpr,pers,A:person-candidate,Other Tanakh
161708,1422388,458231,2 Samuel,3,1,שאול,nmpr,pers,A:person-candidate,Other Tanakh
161715,1422389,458233,2 Samuel,3,2,דוד,nmpr,pers,A:person-candidate,Other Tanakh
161718,1422389,458233,2 Samuel,3,2,חברון,nmpr,topo,F:unclassified-name,Other Tanakh
161722,1422389,458234,2 Samuel,3,2,אמנון,nmpr,pers,A:person-candidate,Other Tanakh
161724,1422389,458234,2 Samuel,3,2,אחינעם,nmpr,pers,A:person-candidate,Other Tanakh
161729,1422390,458235,2 Samuel,3,3,כלאב,nmpr,pers,A:person-candidate,Other Tanakh
161731,1422390,458235,2 Samuel,3,3,אביגיל,nmpr,pers,A:person-candidate,Other Tanakh
161733,1422390,458235,2 Samuel,3,3,נבל,nmpr,pers,A:person-candidate,Other Tanakh
161739,1422390,458236,2 Samuel,3,3,אבשלום,nmpr,pers,A:person-candidate,Other Tanakh
161741,1422390,458236,2 Samuel,3,3,מעכה,nmpr,pers,A:person-candidate,Other Tanakh
161743,1422390,458236,2 Samuel,3,3,תלמי,nmpr,pers,A:person-candidate,Other Tanakh
161744,1422390,458236,2 Samuel,3,3,מלך,subs,,B:deity-candidate,Other Tanakh
161745,1422390,458236,2 Samuel,3,3,גשור,nmpr,topo,F:unclassified-name,Other Tanakh
161749,1422391,458237,2 Samuel,3,4,אדניה,nmpr,pers,A:person-candidate,Other Tanakh
161751,1422391,458237,2 Samuel,3,4,חגית,nmpr,pers,A:person-candidate,Other Tanakh
161755,1422391,458238,2 Samuel,3,4,שפטיה,nmpr,pers,A:person-candidate,Other Tanakh
161757,1422391,458238,2 Samuel,3,4,אביטל,nmpr,pers,A:person-candidate,Other Tanakh
161761,1422392,458239,2 Samuel,3,5,יתרעם,nmpr,pers,A:person-candidate,Other Tanakh
161763,1422392,458239,2 Samuel,3,5,עגלה,nmpr,pers,A:person-candidate,Other Tanakh
161765,1422392,458239,2 Samuel,3,5,דוד,nmpr,pers,A:person-candidate,Other Tanakh
161769,1422392,458240,2 Samuel,3,5,דוד,nmpr,pers,A:person-candidate,Other Tanakh
161771,1422392,458240,2 Samuel,3,5,חברון,nmpr,topo,F:unclassified-name,Other Tanakh
161780,1422393,458242,2 Samuel,3,6,שאול,nmpr,pers,A:person-candidate,Other Tanakh
161784,1422393,458242,2 Samuel,3,6,דוד,nmpr,pers,A:person-candidate,Other Tanakh
161786,1422393,458243,2 Samuel,3,6,אבנר,nmpr,pers,A:person-candidate,Other Tanakh
161791,1422393,458243,2 Samuel,3,6,שאול,nmpr,pers,A:person-candidate,Other Tanakh
161794,1422394,458244,2 Samuel,3,7,שאול,nmpr,pers,A:person-candidate,Other Tanakh
161798,1422394,458245,2 Samuel,3,7,רצפה,nmpr,pers,A:person-candidate,Other Tanakh
161800,1422394,458245,2 Samuel,3,7,איה,nmpr,pers,A:person-candidate,Other Tanakh
161803,1422394,458246,2 Samuel,3,7,אל,prep,,C:divine-title-candidate,Other Tanakh
161804,1422394,458246,2 Samuel,3,7,אבנר,nmpr,pers,A:person-candidate,Other Tanakh
161807,1422394,458247,2 Samuel,3,7,אל,prep,,C:divine-title-candidate,Other Tanakh
161813,1422395,458248,2 Samuel,3,8,אבנר,nmpr,pers,A:person-candidate,Other Tanakh
161817,1422395,458248,2 Samuel,3,8,איש בשת,nmpr,pers,A:person-candidate,Other Tanakh
161826,1422395,458251,2 Samuel,3,8,יהודה,nmpr,"pers,gens,topo",F:unclassified-name,Other Tanakh
161833,1422395,458252,2 Samuel,3,8,שאול,nmpr,pers,A:person-candidate,Other Tanakh
161835,1422395,458252,2 Samuel,3,8,אל,prep,,C:divine-title-candidate,Other Tanakh
161838,1422395,458252,2 Samuel,3,8,אל,prep,,C:divine-title-candidate,Other Tanakh
161845,1422395,458253,2 Samuel,3,8,דוד,nmpr,pers,A:person-candidate,Other Tanakh
161856,1422396,458255,2 Samuel,3,9,אלהים,subs,,D:Elohim,Other Tanakh
161858,1422396,458255,2 Samuel,3,9,אבנר,nmpr,pers,A:person-candidate,Other Tanakh
161867,1422396,458258,2 Samuel,3,9,יהוה,nmpr,pers,E:YHWH,Other Tanakh
161869,1422396,458258,2 Samuel,3,9,דוד,nmpr,pers,A:person-candidate,Other Tanakh
161880,1422397,458260,2 Samuel,3,10,שאול,nmpr,pers,A:person-candidate,Other Tanakh
161886,1422397,458261,2 Samuel,3,10,דוד,nmpr,pers,A:person-candidate,Other Tanakh
161888,1422397,458261,2 Samuel,3,10,ישראל,nmpr,"pers,gens,topo",F:unclassified-name,Other Tanakh
161891,1422397,458261,2 Samuel,3,10,יהודה,nmpr,"pers,gens,topo",F:unclassified-name,Other Tanakh
161893,1422397,458261,2 Samuel,3,10,דן,nmpr,"pers,gens,topo",F:unclassified-name,Other Tanakh
161897,1422397,458261,2 Samuel,3,10,שבע,nmpr,topo,F:unclassified-name,Other Tanakh
161905,1422398,458263,2 Samuel,3,11,אבנר,nmpr,pers,A:person-candidate,Other Tanakh
161912,1422399,458265,2 Samuel,3,12,אבנר,nmpr,pers,A:person-candidate,Other Tanakh
161914,1422399,458265,2 Samuel,3,12,אל,prep,,C:divine-title-candidate,Other Tanakh
161915,1422399,458265,2 Samuel,3,12,דוד,nmpr,pers,A:person-candidate,Other Tanakh
161933,1422399,458271,2 Samuel,3,12,אל,prep,,C:divine-title-candidate,Other Tanakh
161936,1422399,458271,2 Samuel,3,12,ישראל,nmpr,"pers,gens,topo",F:unclassified-name,Other Tanakh
161963,1422400,458279,2 Samuel,3,13,מיכל,nmpr,pers,A:person-candidate,Other Tanakh
161965,1422400,458279,2 Samuel,3,13,שאול,nmpr,pers,A:person-candidate,Other Tanakh
161974,1422401,458282,2 Samuel,3,14,דוד,nmpr,pers,A:person-candidate,Other Tanakh
161976,1422401,458282,2 Samuel,3,14,אל,prep,,C:divine-title-candidate,Other Tanakh
161977,1422401,458282,2 Samuel,3,14,איש בשת,nmpr,pers,A:person-candidate,Other Tanakh
161979,1422401,458282,2 Samuel,3,14,שאול,nmpr,pers,A:person-candidate,Other Tanakh
161986,1422401,458284,2 Samuel,3,14,מיכל,nmpr,pers,A:person-candidate,Other Tanakh
161996,1422402,458286,2 Samuel,3,15,איש בשת,nmpr,pers,A:person-candidate,Other Tanakh
162004,1422402,458287,2 Samuel,3,15,פלטיאל,nmpr,pers,A:person-candidate,Other Tanakh
162006,1422402,458287,2 Samuel,3,15,ליש,nmpr,pers,A:person-candidate,Other Tanakh
162016,1422403,458288,2 Samuel,3,16,בחרים,nmpr,topo,F:unclassified-name,Other Tanakh
162019,1422403,458289,2 Samuel,3,16,אל,prep,,C:divine-title-candidate,Other Tanakh
162020,1422403,458289,2 Samuel,3,16,אבנר,nmpr,pers,A:person-candidate,Other Tanakh
162027,1422404,458293,2 Samuel,3,17,אבנר,nmpr,pers,A:person-candidate,Other Tanakh
162031,1422404,458293,2 Samuel,3,17,ישראל,nmpr,"pers,gens,topo",F:unclassified-name,Other Tanakh
162041,1422404,458295,2 Samuel,3,17,דוד,nmpr,pers,A:person-candidate,Other Tanakh
162043,1422404,458295,2 Samuel,3,17,מלך,subs,,B:deity-candidate,Other Tanakh
162049,1422405,458298,2 Samuel,3,18,יהוה,nmpr,pers,E:YHWH,Other Tanakh
162051,1422405,458298,2 Samuel,3,18,אל,prep,,C:divine-title-candidate,Other Tanakh
162052,1422405,458298,2 Samuel,3,18,דוד,nmpr,pers,A:person-candidate,Other Tanakh
162057,1422405,458300,2 Samuel,3,18,דוד,nmpr,pers,A:person-candidate,Other Tanakh
162062,1422405,458300,2 Samuel,3,18,ישראל,nmpr,"pers,gens,topo",F:unclassified-name,Other Tanakh
162074,1422406,458301,2 Samuel,3,19,אבנר,nmpr,pers,A:person-candidate,Other Tanakh
162077,1422406,458301,2 Samuel,3,19,בנימן,nmpr,"pers,gens,topo",F:unclassified-name,Other Tanakh
162081,1422406,458302,2 Samuel,3,19,אבנר,nmpr,pers,A:person-candidate,Other Tanakh
162086,1422406,458303,2 Samuel,3,19,דוד,nmpr,pers,A:person-candidate,Other Tanakh
162088,1422406,458303,2 Samuel,3,19,חברון,nmpr,topo,F:unclassified-name,Other Tanakh
162095,1422406,458304,2 Samuel,3,19,ישראל,nmpr,"pers,gens,topo",F:unclassified-name,Other Tanakh
162101,1422406,458304,2 Samuel,3,19,בנימן,nmpr,"pers,gens,topo",F:unclassified-name,Other Tanakh
162104,1422407,458305,2 Samuel,3,20,אבנר,nmpr,pers,A:person-candidate,Other Tanakh
162105,1422407,458305,2 Samuel,3,20,אל,prep,,C:divine-title-candidate,Other Tanakh
162106,1422407,458305,2 Samuel,3,20,דוד,nmpr,pers,A:person-candidate,Other Tanakh
162107,1422407,458305,2 Samuel,3,20,חברון,nmpr,topo,F:unclassified-name,Other Tanakh
162114,1422407,458307,2 Samuel,3,20,דוד,nmpr,pers,A:person-candidate,Other Tanakh
162116,1422407,458307,2 Samuel,3,20,אבנר,nmpr,pers,A:person-candidate,Other Tanakh
162125,1422408,458309,2 Samuel,3,21,אבנר,nmpr,pers,A:person-candidate,Other Tanakh
162126,1422408,458309,2 Samuel,3,21,אל,prep,,C:divine-title-candidate,Other Tanakh
162127,1422408,458309,2 Samuel,3,21,דוד,nmpr,pers,A:person-candidate,Other Tanakh
162133,1422408,458312,2 Samuel,3,21,אל,prep,,C:divine-title-candidate,Other Tanakh
162136,1422408,458312,2 Samuel,3,21,מלך,subs,,B:deity-candidate,Other Tanakh
162139,1422408,458312,2 Samuel,3,21,ישראל,nmpr,"pers,gens,topo",F:unclassified-name,Other Tanakh
162145,1422408,458314,2 Samuel,3,21,מלך,verb,,B:deity-candidate,Other Tanakh
162153,1422408,458316,2 Samuel,3,21,דוד,nmpr,pers,A:person-candidate,Other Tanakh
162155,1422408,458316,2 Samuel,3,21,אבנר,nmpr,pers,A:person-candidate,Other Tanakh
162163,1422409,458318,2 Samuel,3,22,דוד,nmpr,pers,A:person-candidate,Other Tanakh
162165,1422409,458318,2 Samuel,3,22,יואב,nmpr,pers,A:person-candidate,Other Tanakh
162176,1422409,458320,2 Samuel,3,22,אבנר,nmpr,pers,A:person-candidate,Other Tanakh
162179,1422409,458321,2 Samuel,3,22,דוד,nmpr,pers,A:person-candidate,Other Tanakh
162181,1422409,458321,2 Samuel,3,22,חברון,nmpr,topo,F:unclassified-name,Other Tanakh
162189,1422410,458324,2 Samuel,3,23,יואב,nmpr,pers,A:person-candidate,Other Tanakh
162200,1422410,458326,2 Samuel,3,23,יואב,nmpr,pers,A:person-candidate,Other Tanakh
162204,1422410,458328,2 Samuel,3,23,אבנר,nmpr,pers,A:person-candidate,Other Tanakh
162206,1422410,458328,2 Samuel,3,23,נר,nmpr,pers,A:person-candidate,Other Tanakh
162207,1422410,458328,2 Samuel,3,23,אל,prep,,C:divine-title-candidate,Other Tanakh
162209,1422410,458328,2 Samuel,3,23,מלך,subs,,B:deity-candidate,Other Tanakh
162218,1422411,458331,2 Samuel,3,24,יואב,nmpr,pers,A:person-candidate,Other Tanakh
162219,1422411,458331,2 Samuel,3,24,אל,prep,,C:divine-title-candidate,Other Tanakh
162221,1422411,458331,2 Samuel,3,24,מלך,subs,,B:deity-candidate,Other Tanakh
162228,1422411,458334,2 Samuel,3,24,אבנר,nmpr,pers,A:person-candidate,Other Tanakh
162229,1422411,458334,2 Samuel,3,24,אל,prep,,C:divine-title-candidate,Other Tanakh
162238,1422412,458337,2 Samuel,3,25,אבנר,nmpr,pers,A:person-candidate,Other Tanakh
162240,1422412,458337,2 Samuel,3,25,נר,nmpr,pers,A:person-candidate,Other Tanakh
162263,1422413,458343,2 Samuel,3,26,יואב,nmpr,pers,A:person-candidate,Other Tanakh
162266,1422413,458343,2 Samuel,3,26,דוד,nmpr,pers,A:person-candidate,Other Tanakh
162271,1422413,458344,2 Samuel,3,26,אבנר,nmpr,pers,A:person-candidate,Other Tanakh
162278,1422413,458345,2 Samuel,3,26,סרה,nmpr,topo,F:unclassified-name,Other Tanakh
162280,1422413,458346,2 Samuel,3,26,דוד,nmpr,pers,A:person-candidate,Other Tanakh
162285,1422414,458347,2 Samuel,3,27,אבנר,nmpr,pers,A:person-candidate,Other Tanakh
162286,1422414,458347,2 Samuel,3,27,חברון,nmpr,topo,F:unclassified-name,Other Tanakh
162289,1422414,458348,2 Samuel,3,27,יואב,nmpr,pers,A:person-candidate,Other Tanakh
162290,1422414,458348,2 Samuel,3,27,אל,prep,,C:divine-title-candidate,Other Tanakh
162309,1422414,458351,2 Samuel,3,27,עשהאל,nmpr,pers,A:person-candidate,Other Tanakh
162313,1422415,458352,2 Samuel,3,28,דוד,nmpr,pers,A:person-candidate,Other Tanakh
162325,1422415,458354,2 Samuel,3,28,יהוה,nmpr,pers,E:YHWH,Other Tanakh
162330,1422415,458354,2 Samuel,3,28,אבנר,nmpr,pers,A:person-candidate,Other Tanakh
162332,1422415,458354,2 Samuel,3,28,נר,nmpr,pers,A:person-candidate,Other Tanakh
162336,1422416,458355,2 Samuel,3,29,יואב,nmpr,pers,A:person-candidate,Other Tanakh
162338,1422416,458355,2 Samuel,3,29,אל,prep,,C:divine-title-candidate,Other Tanakh
162343,1422416,458356,2 Samuel,3,29,אל,nega,,C:divine-title-candidate,Other Tanakh
162347,1422416,458356,2 Samuel,3,29,יואב,nmpr,pers,A:person-candidate,Other Tanakh
162365,1422417,458359,2 Samuel,3,30,יואב,nmpr,pers,A:person-candidate,Other Tanakh
162367,1422417,458359,2 Samuel,3,30,אבישי,nmpr,pers,A:person-candidate,Other Tanakh
162371,1422417,458359,2 Samuel,3,30,אבנר,nmpr,pers,A:person-candidate,Other Tanakh
162376,1422417,458360,2 Samuel,3,30,עשהאל,nmpr,pers,A:person-candidate,Other Tanakh
162379,1422417,458360,2 Samuel,3,30,גבעון,nmpr,topo,F:unclassified-name,Other Tanakh
162385,1422418,458361,2 Samuel,3,31,דוד,nmpr,pers,A:person-candidate,Other Tanakh
162386,1422418,458361,2 Samuel,3,31,אל,prep,,C:divine-title-candidate,Other Tanakh
162387,1422418,458361,2 Samuel,3,31,יואב,nmpr,pers,A:person-candidate,Other Tanakh
162389,1422418,458361,2 Samuel,3,31,אל,prep,,C:divine-title-candidate,Other Tanakh
162404,1422418,458365,2 Samuel,3,31,אבנר,nmpr,pers,A:person-candidate,Other Tanakh
162407,1422418,458366,2 Samuel,3,31,מלך,subs,,B:deity-candidate,Other Tanakh
162408,1422418,458366,2 Samuel,3,31,דוד,nmpr,pers,A:person-candidate,Other Tanakh
162416,1422419,458367,2 Samuel,3,32,אבנר,nmpr,pers,A:person-candidate,Other Tanakh
162418,1422419,458367,2 Samuel,3,32,חברון,nmpr,topo,F:unclassified-name,Other Tanakh
162422,1422419,458368,2 Samuel,3,32,מלך,subs,,B:deity-candidate,Other Tanakh
162427,1422419,458369,2 Samuel,3,32,אל,prep,,C:divine-title-candidate,Other Tanakh
162429,1422419,458369,2 Samuel,3,32,אבנר,nmpr,pers,A:person-candidate,Other Tanakh
162438,1422420,458371,2 Samuel,3,33,מלך,subs,,B:deity-candidate,Other Tanakh
162439,1422420,458371,2 Samuel,3,33,אל,prep,,C:divine-title-candidate,Other Tanakh
162440,1422420,458371,2 Samuel,3,33,אבנר,nmpr,pers,A:person-candidate,Other Tanakh
162448,1422420,458373,2 Samuel,3,33,אבנר,nmpr,pers,A:person-candidate,Other Tanakh
162481,1422422,458381,2 Samuel,3,35,דוד,nmpr,pers,A:person-candidate,Other Tanakh
162489,1422422,458382,2 Samuel,3,35,דוד,nmpr,pers,A:person-candidate,Other Tanakh
162495,1422422,458384,2 Samuel,3,35,אלהים,subs,,D:Elohim,Other Tanakh
162525,1422423,458391,2 Samuel,3,36,מלך,subs,,B:deity-candidate,Other Tanakh
162539,1422424,458392,2 Samuel,3,37,ישראל,nmpr,"pers,gens,topo",F:unclassified-name,Other Tanakh
162550,1422424,458393,2 Samuel,3,37,מלך,subs,,B:deity-candidate,Other Tanakh
162554,1422424,458394,2 Samuel,3,37,אבנר,nmpr,pers,A:person-candidate,Other Tanakh
162556,1422424,458394,2 Samuel,3,37,נר,nmpr,pers,A:person-candidate,Other Tanakh
162560,1422425,458395,2 Samuel,3,38,מלך,subs,,B:deity-candidate,Other Tanakh
162561,1422425,458395,2 Samuel,3,38,אל,prep,,C:divine-title-candidate,Other Tanakh
162576,1422425,458397,2 Samuel,3,38,ישראל,nmpr,"pers,gens,topo",F:unclassified-name,Other Tanakh
162584,1422426,458399,2 Samuel,3,39,מלך,subs,,B:deity-candidate,Other Tanakh
162591,1422426,458400,2 Samuel,3,39,צרויה,nmpr,pers,A:person-candidate,Other Tanakh
162595,1422426,458401,2 Samuel,3,39,יהוה,nmpr,pers,E:YHWH,Other Tanakh
162605,1422427,458402,2 Samuel,4,1,שאול,nmpr,pers,A:person-candidate,Other Tanakh
162608,1422427,458403,2 Samuel,4,1,אבנר,nmpr,pers,A:person-candidate,Other Tanakh
162610,1422427,458403,2 Samuel,4,1,חברון,nmpr,topo,F:unclassified-name,Other Tanakh
162616,1422427,458405,2 Samuel,4,1,ישראל,nmpr,"pers,gens,topo",F:unclassified-name,Other Tanakh
162625,1422428,458406,2 Samuel,4,2,שאול,nmpr,pers,A:person-candidate,Other Tanakh
162629,1422428,458407,2 Samuel,4,2,בענה,nmpr,pers,A:person-candidate,Other Tanakh
162634,1422428,458408,2 Samuel,4,2,רכב,nmpr,pers,A:person-candidate,Other Tanakh
162636,1422428,458409,2 Samuel,4,2,רמון,nmpr,pers,B:deity-candidate,Other Tanakh
162641,1422428,458409,2 Samuel,4,2,בנימן,nmpr,"pers,gens,topo",F:unclassified-name,Other Tanakh
162644,1422428,458410,2 Samuel,4,2,בארות,nmpr,topo,F:unclassified-name,Other Tanakh
162647,1422428,458410,2 Samuel,4,2,בנימן,nmpr,"pers,gens,topo",F:unclassified-name,Other Tanakh
162652,1422429,458411,2 Samuel,4,3,גתים,nmpr,topo,F:unclassified-name,Other Tanakh
162664,1422430,458413,2 Samuel,4,4,יהונתן,nmpr,pers,A:person-candidate,Other Tanakh
162666,1422430,458413,2 Samuel,4,4,שאול,nmpr,pers,A:person-candidate,Other Tanakh
162677,1422430,458415,2 Samuel,4,4,שאול,nmpr,pers,A:person-candidate,Other Tanakh
162679,1422430,458415,2 Samuel,4,4,יהונתן,nmpr,pers,A:person-candidate,Other Tanakh
162681,1422430,458415,2 Samuel,4,4,יזרעאל,nmpr,topo,F:unclassified-name,Other Tanakh
162699,1422430,458423,2 Samuel,4,4,מפיבשת,nmpr,pers,A:person-candidate,Other Tanakh
162703,1422431,458424,2 Samuel,4,5,רמון,nmpr,pers,B:deity-candidate,Other Tanakh
162706,1422431,458424,2 Samuel,4,5,רכב,nmpr,pers,A:person-candidate,Other Tanakh
162708,1422431,458424,2 Samuel,4,5,בענה,nmpr,pers,A:person-candidate,Other Tanakh
162715,1422431,458425,2 Samuel,4,5,אל,prep,,C:divine-title-candidate,Other Tanakh
162717,1422431,458425,2 Samuel,4,5,איש בשת,nmpr,pers,A:person-candidate,Other Tanakh
162736,1422432,458429,2 Samuel,4,6,אל,prep,,C:divine-title-candidate,Other Tanakh
162740,1422432,458430,2 Samuel,4,6,רכב,nmpr,pers,A:person-candidate,Other Tanakh
162742,1422432,458430,2 Samuel,4,6,בענה,nmpr,pers,A:person-candidate,Other Tanakh
162781,1422434,458438,2 Samuel,4,8,איש בשת,nmpr,pers,A:person-candidate,Other Tanakh
162782,1422434,458438,2 Samuel,4,8,אל,prep,,C:divine-title-candidate,Other Tanakh
162783,1422434,458438,2 Samuel,4,8,דוד,nmpr,pers,A:person-candidate,Other Tanakh
162784,1422434,458438,2 Samuel,4,8,חברון,nmpr,topo,F:unclassified-name,Other Tanakh
162787,1422434,458439,2 Samuel,4,8,אל,prep,,C:divine-title-candidate,Other Tanakh
162789,1422434,458439,2 Samuel,4,8,מלך,subs,,B:deity-candidate,Other Tanakh
162792,1422434,458440,2 Samuel,4,8,איש בשת,nmpr,pers,A:person-candidate,Other Tanakh
162794,1422434,458440,2 Samuel,4,8,שאול,nmpr,pers,A:person-candidate,Other Tanakh
162802,1422434,458442,2 Samuel,4,8,יהוה,nmpr,pers,E:YHWH,Other Tanakh
162806,1422434,458442,2 Samuel,4,8,מלך,subs,,B:deity-candidate,Other Tanakh
162813,1422434,458442,2 Samuel,4,8,שאול,nmpr,pers,A:person-candidate,Other Tanakh
162819,1422435,458443,2 Samuel,4,9,דוד,nmpr,pers,A:person-candidate,Other Tanakh
162821,1422435,458443,2 Samuel,4,9,רכב,nmpr,pers,A:person-candidate,Other Tanakh
162824,1422435,458443,2 Samuel,4,9,בענה,nmpr,pers,A:person-candidate,Other Tanakh
162827,1422435,458443,2 Samuel,4,9,רמון,nmpr,pers,B:deity-candidate,Other Tanakh
162834,1422435,458445,2 Samuel,4,9,יהוה,nmpr,pers,E:YHWH,Other Tanakh
162850,1422436,458450,2 Samuel,4,10,שאול,nmpr,pers,A:person-candidate,Other Tanakh
162864,1422436,458453,2 Samuel,4,10,צקלג,nmpr,topo,F:unclassified-name,Other Tanakh
162899,1422438,458459,2 Samuel,4,12,דוד,nmpr,pers,A:person-candidate,Other Tanakh
162918,1422438,458462,2 Samuel,4,12,חברון,nmpr,topo,F:unclassified-name,Other Tanakh
162922,1422438,458463,2 Samuel,4,12,איש בשת,nmpr,pers,A:person-candidate,Other Tanakh
162928,1422438,458464,2 Samuel,4,12,אבנר,nmpr,pers,A:person-candidate,Other Tanakh
162930,1422438,458464,2 Samuel,4,12,חברון,nmpr,topo,F:unclassified-name,Other Tanakh
162935,1422439,458465,2 Samuel,5,1,ישראל,nmpr,"pers,gens,topo",F:unclassified-name,Other Tanakh
162936,1422439,458465,2 Samuel,5,1,אל,prep,,C:divine-title-candidate,Other Tanakh
162937,1422439,458465,2 Samuel,5,1,דוד,nmpr,pers,A:person-candidate,Other Tanakh
162938,1422439,458465,2 Samuel,5,1,חברון,nmpr,topo,F:unclassified-name,Other Tanakh
162954,1422440,458471,2 Samuel,5,2,שאול,nmpr,pers,A:person-candidate,Other Tanakh
162955,1422440,458471,2 Samuel,5,2,מלך,subs,,B:deity-candidate,Other Tanakh
162965,1422440,458473,2 Samuel,5,2,ישראל,nmpr,"pers,gens,topo",F:unclassified-name,Other Tanakh
162968,1422440,458474,2 Samuel,5,2,יהוה,nmpr,pers,E:YHWH,Other Tanakh
162975,1422440,458475,2 Samuel,5,2,ישראל,nmpr,"pers,gens,topo",F:unclassified-name,Other Tanakh
162982,1422440,458476,2 Samuel,5,2,ישראל,nmpr,"pers,gens,topo",F:unclassified-name,Other Tanakh
162987,1422441,458477,2 Samuel,5,3,ישראל,nmpr,"pers,gens,topo",F:unclassified-name,Other Tanakh
162988,1422441,458477,2 Samuel,5,3,אל,prep,,C:divine-title-candidate,Other Tanakh
162990,1422441,458477,2 Samuel,5,3,מלך,subs,,B:deity-candidate,Other Tanakh
162991,1422441,458477,2 Samuel,5,3,חברון,nmpr,topo,F:unclassified-name,Other Tanakh
162996,1422441,458478,2 Samuel,5,3,מלך,subs,,B:deity-candidate,Other Tanakh
162997,1422441,458478,2 Samuel,5,3,דוד,nmpr,pers,A:person-candidate,Other Tanakh
163000,1422441,458478,2 Samuel,5,3,חברון,nmpr,topo,F:unclassified-name,Other Tanakh
163003,1422441,458478,2 Samuel,5,3,יהוה,nmpr,pers,E:YHWH,Other Tanakh
163007,1422441,458479,2 Samuel,5,3,דוד,nmpr,pers,A:person-candidate,Other Tanakh
163009,1422441,458479,2 Samuel,5,3,מלך,subs,,B:deity-candidate,Other Tanakh
163011,1422441,458479,2 Samuel,5,3,ישראל,nmpr,"pers,gens,topo",F:unclassified-name,Other Tanakh
163015,1422442,458480,2 Samuel,5,4,דוד,nmpr,pers,A:person-candidate,Other Tanakh
163017,1422442,458481,2 Samuel,5,4,מלך,verb,,B:deity-candidate,Other Tanakh
163020,1422442,458482,2 Samuel,5,4,מלך,verb,,B:deity-candidate,Other Tanakh
163022,1422443,458483,2 Samuel,5,5,חברון,nmpr,topo,F:unclassified-name,Other Tanakh
163023,1422443,458483,2 Samuel,5,5,מלך,verb,,B:deity-candidate,Other Tanakh
163025,1422443,458483,2 Samuel,5,5,יהודה,nmpr,"pers,gens,topo",F:unclassified-name,Other Tanakh
163033,1422443,458484,2 Samuel,5,5,ירושלם,nmpr,topo,F:unclassified-name,Other Tanakh
163034,1422443,458484,2 Samuel,5,5,מלך,verb,,B:deity-candidate,Other Tanakh
163041,1422443,458484,2 Samuel,5,5,ישראל,nmpr,"pers,gens,topo",F:unclassified-name,Other Tanakh
163043,1422443,458484,2 Samuel,5,5,יהודה,nmpr,"pers,gens,topo",F:unclassified-name,Other Tanakh
163047,1422444,458485,2 Samuel,5,6,מלך,subs,,B:deity-candidate,Other Tanakh
163050,1422444,458485,2 Samuel,5,6,ירושלם,nmpr,topo,F:unclassified-name,Other Tanakh
163051,1422444,458485,2 Samuel,5,6,אל,prep,,C:divine-title-candidate,Other Tanakh
163060,1422444,458486,2 Samuel,5,6,דוד,nmpr,pers,A:person-candidate,Other Tanakh
163078,1422444,458491,2 Samuel,5,6,דוד,nmpr,pers,A:person-candidate,Other Tanakh
163082,1422445,458492,2 Samuel,5,7,דוד,nmpr,pers,A:person-candidate,Other Tanakh
163085,1422445,458492,2 Samuel,5,7,ציון,nmpr,topo,F:unclassified-name,Other Tanakh
163088,1422445,458493,2 Samuel,5,7,דוד,nmpr,pers,A:person-candidate,Other Tanakh
163091,1422446,458494,2 Samuel,5,8,דוד,nmpr,pers,A:person-candidate,Other Tanakh
163115,1422446,458498,2 Samuel,5,8,דוד,nmpr,pers,A:person-candidate,Other Tanakh
163124,1422446,458500,2 Samuel,5,8,אל,prep,,C:divine-title-candidate,Other Tanakh
163129,1422447,458501,2 Samuel,5,9,דוד,nmpr,pers,A:person-candidate,Other Tanakh
163137,1422447,458502,2 Samuel,5,9,דוד,nmpr,pers,A:person-candidate,Other Tanakh
163140,1422447,458503,2 Samuel,5,9,דוד,nmpr,pers,A:person-candidate,Other Tanakh
163149,1422448,458504,2 Samuel,5,10,דוד,nmpr,pers,A:person-candidate,Other Tanakh
163154,1422448,458505,2 Samuel,5,10,יהוה,nmpr,pers,E:YHWH,Other Tanakh
163155,1422448,458505,2 Samuel,5,10,אלהים,subs,,D:Elohim,Other Tanakh
163160,1422449,458506,2 Samuel,5,11,חירם,nmpr,pers,A:person-candidate,Other Tanakh
163161,1422449,458506,2 Samuel,5,11,מלך,subs,,B:deity-candidate,Other Tanakh
163162,1422449,458506,2 Samuel,5,11,צר,nmpr,topo,F:unclassified-name,Other Tanakh
163164,1422449,458506,2 Samuel,5,11,אל,prep,,C:divine-title-candidate,Other Tanakh
163165,1422449,458506,2 Samuel,5,11,דוד,nmpr,pers,A:person-candidate,Other Tanakh
163180,1422449,458507,2 Samuel,5,11,דוד,nmpr,pers,A:person-candidate,Other Tanakh
163183,1422450,458508,2 Samuel,5,12,דוד,nmpr,pers,A:person-candidate,Other Tanakh
163186,1422450,458509,2 Samuel,5,12,יהוה,nmpr,pers,E:YHWH,Other Tanakh
163188,1422450,458509,2 Samuel,5,12,מלך,subs,,B:deity-candidate,Other Tanakh
163190,1422450,458509,2 Samuel,5,12,ישראל,nmpr,"pers,gens,topo",F:unclassified-name,Other Tanakh
163198,1422450,458510,2 Samuel,5,12,ישראל,nmpr,"pers,gens,topo",F:unclassified-name,Other Tanakh
163201,1422451,458511,2 Samuel,5,13,דוד,nmpr,pers,A:person-candidate,Other Tanakh
163207,1422451,458511,2 Samuel,5,13,ירושלם,nmpr,topo,F:unclassified-name,Other Tanakh
163211,1422451,458512,2 Samuel,5,13,חברון,nmpr,topo,F:unclassified-name,Other Tanakh
163216,1422451,458513,2 Samuel,5,13,דוד,nmpr,pers,A:person-candidate,Other Tanakh
163227,1422452,458515,2 Samuel,5,14,ירושלם,nmpr,topo,F:unclassified-name,Other Tanakh
163228,1422452,458516,2 Samuel,5,14,שמוע,nmpr,pers,A:person-candidate,Other Tanakh
163230,1422452,458516,2 Samuel,5,14,שובב,nmpr,pers,A:person-candidate,Other Tanakh
163232,1422452,458516,2 Samuel,5,14,נתן,nmpr,pers,A:person-candidate,Other Tanakh
163234,1422452,458516,2 Samuel,5,14,שלמה,nmpr,pers,A:person-candidate,Other Tanakh
163236,1422453,458517,2 Samuel,5,15,יבחר,nmpr,pers,A:person-candidate,Other Tanakh
163238,1422453,458517,2 Samuel,5,15,אלישוע,nmpr,pers,A:person-candidate,Other Tanakh
163240,1422453,458517,2 Samuel,5,15,נפג,nmpr,pers,A:person-candidate,Other Tanakh
163242,1422453,458517,2 Samuel,5,15,יפיע,nmpr,pers,A:person-candidate,Other Tanakh
163244,1422454,458518,2 Samuel,5,16,אלישמע,nmpr,pers,A:person-candidate,Other Tanakh
163246,1422454,458518,2 Samuel,5,16,אלידע,nmpr,pers,A:person-candidate,Other Tanakh
163248,1422454,458518,2 Samuel,5,16,אליפלט,nmpr,pers,A:person-candidate,Other Tanakh
163255,1422455,458520,2 Samuel,5,17,דוד,nmpr,pers,A:person-candidate,Other Tanakh
163257,1422455,458520,2 Samuel,5,17,מלך,subs,,B:deity-candidate,Other Tanakh
163259,1422455,458520,2 Samuel,5,17,ישראל,nmpr,"pers,gens,topo",F:unclassified-name,Other Tanakh
163267,1422455,458522,2 Samuel,5,17,דוד,nmpr,pers,A:person-candidate,Other Tanakh
163270,1422455,458523,2 Samuel,5,17,דוד,nmpr,pers,A:person-candidate,Other Tanakh
163273,1422455,458524,2 Samuel,5,17,אל,prep,,C:divine-title-candidate,Other Tanakh
163283,1422456,458526,2 Samuel,5,18,רפאים,nmpr,topo,F:unclassified-name,Other Tanakh
163286,1422457,458527,2 Samuel,5,19,דוד,nmpr,pers,A:person-candidate,Other Tanakh
163288,1422457,458527,2 Samuel,5,19,יהוה,nmpr,pers,E:YHWH,Other Tanakh
163293,1422457,458529,2 Samuel,5,19,אל,prep,,C:divine-title-candidate,Other Tanakh
163301,1422457,458531,2 Samuel,5,19,יהוה,nmpr,pers,E:YHWH,Other Tanakh
163302,1422457,458531,2 Samuel,5,19,אל,prep,,C:divine-title-candidate,Other Tanakh
163303,1422457,458531,2 Samuel,5,19,דוד,nmpr,pers,A:person-candidate,Other Tanakh
163315,1422458,458534,2 Samuel,5,20,דוד,nmpr,pers,A:person-candidate,Other Tanakh
163317,1422458,458534,2 Samuel,5,20,בעל פרצים,nmpr,topo,F:unclassified-name,Other Tanakh
163321,1422458,458535,2 Samuel,5,20,דוד,nmpr,pers,A:person-candidate,Other Tanakh
163325,1422458,458537,2 Samuel,5,20,יהוה,nmpr,pers,E:YHWH,Other Tanakh
163341,1422458,458538,2 Samuel,5,20,בעל פרצים,nmpr,topo,F:unclassified-name,Other Tanakh
163349,1422459,458540,2 Samuel,5,21,דוד,nmpr,pers,A:person-candidate,Other Tanakh
163362,1422460,458543,2 Samuel,5,22,רפאים,nmpr,topo,F:unclassified-name,Other Tanakh
163365,1422461,458544,2 Samuel,5,23,דוד,nmpr,pers,A:person-candidate,Other Tanakh
163367,1422461,458544,2 Samuel,5,23,יהוה,nmpr,pers,E:YHWH,Other Tanakh
163373,1422461,458547,2 Samuel,5,23,אל,prep,,C:divine-title-candidate,Other Tanakh
163397,1422462,458552,2 Samuel,5,24,יהוה,nmpr,pers,E:YHWH,Other Tanakh
163407,1422463,458554,2 Samuel,5,25,דוד,nmpr,pers,A:person-candidate,Other Tanakh
163412,1422463,458555,2 Samuel,5,25,יהוה,nmpr,pers,E:YHWH,Other Tanakh
163418,1422463,458556,2 Samuel,5,25,גבע,nmpr,topo,F:unclassified-name,Other Tanakh
163421,1422463,458557,2 Samuel,5,25,גזר,nmpr,topo,F:unclassified-name,Other Tanakh
163425,1422464,458558,2 Samuel,6,1,דוד,nmpr,pers,A:person-candidate,Other Tanakh
163430,1422464,458558,2 Samuel,6,1,ישראל,nmpr,"pers,gens,topo",F:unclassified-name,Other Tanakh
163437,1422465,458560,2 Samuel,6,2,דוד,nmpr,pers,A:person-candidate,Other Tanakh
163445,1422465,458560,2 Samuel,6,2,בעלי יהודה,nmpr,topo,F:unclassified-name,Other Tanakh
163453,1422465,458562,2 Samuel,6,2,אלהים,subs,,D:Elohim,Other Tanakh
163458,1422465,458563,2 Samuel,6,2,יהוה,nmpr,pers,E:YHWH,Other Tanakh
163469,1422466,458565,2 Samuel,6,3,אלהים,subs,,D:Elohim,Other Tanakh
163470,1422466,458565,2 Samuel,6,3,אל,prep,,C:divine-title-candidate,Other Tanakh
163477,1422466,458566,2 Samuel,6,3,אבינדב,nmpr,pers,A:person-candidate,Other Tanakh
163483,1422466,458568,2 Samuel,6,3,עזה,nmpr,pers,A:person-candidate,Other Tanakh
163485,1422466,458568,2 Samuel,6,3,אחיו,nmpr,pers,A:person-candidate,Other Tanakh
163487,1422466,458568,2 Samuel,6,3,אבינדב,nmpr,pers,A:person-candidate,Other Tanakh
163497,1422467,458569,2 Samuel,6,4,אבינדב,nmpr,pers,A:person-candidate,Other Tanakh
163505,1422467,458569,2 Samuel,6,4,אלהים,subs,,D:Elohim,Other Tanakh
163507,1422467,458571,2 Samuel,6,4,אחיו,nmpr,pers,A:person-candidate,Other Tanakh
163514,1422468,458572,2 Samuel,6,5,דוד,nmpr,pers,A:person-candidate,Other Tanakh
163518,1422468,458572,2 Samuel,6,5,ישראל,nmpr,"pers,gens,topo",F:unclassified-name,Other Tanakh
163522,1422468,458572,2 Samuel,6,5,יהוה,nmpr,pers,E:YHWH,Other Tanakh
163546,1422469,458573,2 Samuel,6,6,נכון,nmpr,pers,A:person-candidate,Other Tanakh
163549,1422469,458574,2 Samuel,6,6,עזה,nmpr,pers,A:person-candidate,Other Tanakh
163550,1422469,458574,2 Samuel,6,6,אל,prep,,C:divine-title-candidate,Other Tanakh
163553,1422469,458574,2 Samuel,6,6,אלהים,subs,,D:Elohim,Other Tanakh
163564,1422470,458577,2 Samuel,6,7,יהוה,nmpr,pers,E:YHWH,Other Tanakh
163566,1422470,458577,2 Samuel,6,7,עזה,nmpr,pers,A:person-candidate,Other Tanakh
163571,1422470,458578,2 Samuel,6,7,אלהים,subs,,D:Elohim,Other Tanakh
163581,1422470,458579,2 Samuel,6,7,אלהים,subs,,D:Elohim,Other Tanakh
163585,1422471,458580,2 Samuel,6,8,דוד,nmpr,pers,A:person-candidate,Other Tanakh
163589,1422471,458581,2 Samuel,6,8,יהוה,nmpr,pers,E:YHWH,Other Tanakh
163592,1422471,458581,2 Samuel,6,8,עזה,nmpr,pers,A:person-candidate,Other Tanakh
163600,1422471,458582,2 Samuel,6,8,פרץ עזה,nmpr,topo,F:unclassified-name,Other Tanakh
163608,1422472,458583,2 Samuel,6,9,דוד,nmpr,pers,A:person-candidate,Other Tanakh
163610,1422472,458583,2 Samuel,6,9,יהוה,nmpr,pers,E:YHWH,Other Tanakh
163620,1422472,458585,2 Samuel,6,9,אל,prep,,C:divine-title-candidate,Other Tanakh
163622,1422472,458585,2 Samuel,6,9,יהוה,nmpr,pers,E:YHWH,Other Tanakh
163626,1422473,458586,2 Samuel,6,10,דוד,nmpr,pers,A:person-candidate,Other Tanakh
163629,1422473,458587,2 Samuel,6,10,אל,prep,,C:divine-title-candidate,Other Tanakh
163632,1422473,458587,2 Samuel,6,10,יהוה,nmpr,pers,E:YHWH,Other Tanakh
163635,1422473,458587,2 Samuel,6,10,דוד,nmpr,pers,A:person-candidate,Other Tanakh
163638,1422473,458588,2 Samuel,6,10,דוד,nmpr,pers,A:person-candidate,Other Tanakh
163640,1422473,458588,2 Samuel,6,10,עבד אדום,nmpr,pers,A:person-candidate,Other Tanakh
163646,1422474,458589,2 Samuel,6,11,יהוה,nmpr,pers,E:YHWH,Other Tanakh
163648,1422474,458589,2 Samuel,6,11,עבד אדום,nmpr,pers,A:person-candidate,Other Tanakh
163655,1422474,458590,2 Samuel,6,11,יהוה,nmpr,pers,E:YHWH,Other Tanakh
163657,1422474,458590,2 Samuel,6,11,עבד אדום,nmpr,pers,A:person-candidate,Other Tanakh
163666,1422475,458591,2 Samuel,6,12,מלך,subs,,B:deity-candidate,Other Tanakh
163667,1422475,458591,2 Samuel,6,12,דוד,nmpr,pers,A:person-candidate,Other Tanakh
163671,1422475,458593,2 Samuel,6,12,יהוה,nmpr,pers,E:YHWH,Other Tanakh
163674,1422475,458593,2 Samuel,6,12,עבד אדום,nmpr,pers,A:person-candidate,Other Tanakh
163684,1422475,458593,2 Samuel,6,12,אלהים,subs,,D:Elohim,Other Tanakh
163687,1422475,458595,2 Samuel,6,12,דוד,nmpr,pers,A:person-candidate,Other Tanakh
163693,1422475,458596,2 Samuel,6,12,אלהים,subs,,D:Elohim,Other Tanakh
163696,1422475,458596,2 Samuel,6,12,עבד אדום,nmpr,pers,A:person-candidate,Other Tanakh
163698,1422475,458596,2 Samuel,6,12,דוד,nmpr,pers,A:person-candidate,Other Tanakh
163707,1422476,458598,2 Samuel,6,13,יהוה,nmpr,pers,E:YHWH,Other Tanakh
163716,1422477,458600,2 Samuel,6,14,דוד,nmpr,pers,A:person-candidate,Other Tanakh
163723,1422477,458600,2 Samuel,6,14,יהוה,nmpr,pers,E:YHWH,Other Tanakh
163725,1422477,458601,2 Samuel,6,14,דוד,nmpr,pers,A:person-candidate,Other Tanakh
163730,1422478,458602,2 Samuel,6,15,דוד,nmpr,pers,A:person-candidate,Other Tanakh
163734,1422478,458602,2 Samuel,6,15,ישראל,nmpr,"pers,gens,topo",F:unclassified-name,Other Tanakh
163738,1422478,458602,2 Samuel,6,15,יהוה,nmpr,pers,E:YHWH,Other Tanakh
163748,1422479,458604,2 Samuel,6,16,יהוה,nmpr,pers,E:YHWH,Other Tanakh
163751,1422479,458604,2 Samuel,6,16,דוד,nmpr,pers,A:person-candidate,Other Tanakh
163753,1422479,458605,2 Samuel,6,16,מיכל,nmpr,pers,A:person-candidate,Other Tanakh
163755,1422479,458605,2 Samuel,6,16,שאול,nmpr,pers,A:person-candidate,Other Tanakh
163764,1422479,458606,2 Samuel,6,16,מלך,subs,,B:deity-candidate,Other Tanakh
163765,1422479,458606,2 Samuel,6,16,דוד,nmpr,pers,A:person-candidate,Other Tanakh
163771,1422479,458608,2 Samuel,6,16,יהוה,nmpr,pers,E:YHWH,Other Tanakh
163781,1422480,458610,2 Samuel,6,17,יהוה,nmpr,pers,E:YHWH,Other Tanakh
163794,1422480,458612,2 Samuel,6,17,דוד,nmpr,pers,A:person-candidate,Other Tanakh
163797,1422480,458613,2 Samuel,6,17,דוד,nmpr,pers,A:person-candidate,Other Tanakh
163801,1422480,458613,2 Samuel,6,17,יהוה,nmpr,pers,E:YHWH,Other Tanakh
163806,1422481,458614,2 Samuel,6,18,דוד,nmpr,pers,A:person-candidate,Other Tanakh
163821,1422481,458616,2 Samuel,6,18,יהוה,nmpr,pers,E:YHWH,Other Tanakh
163832,1422482,458617,2 Samuel,6,19,ישראל,nmpr,"pers,gens,topo",F:unclassified-name,Other Tanakh
163860,1422483,458619,2 Samuel,6,20,דוד,nmpr,pers,A:person-candidate,Other Tanakh
163867,1422483,458621,2 Samuel,6,20,מיכל,nmpr,pers,A:person-candidate,Other Tanakh
163869,1422483,458621,2 Samuel,6,20,שאול,nmpr,pers,A:person-candidate,Other Tanakh
163872,1422483,458622,2 Samuel,6,20,דוד,nmpr,pers,A:person-candidate,Other Tanakh
163879,1422483,458624,2 Samuel,6,20,מלך,subs,,B:deity-candidate,Other Tanakh
163880,1422483,458624,2 Samuel,6,20,ישראל,nmpr,"pers,gens,topo",F:unclassified-name,Other Tanakh
163897,1422484,458627,2 Samuel,6,21,דוד,nmpr,pers,A:person-candidate,Other Tanakh
163898,1422484,458627,2 Samuel,6,21,אל,prep,,C:divine-title-candidate,Other Tanakh
163899,1422484,458627,2 Samuel,6,21,מיכל,nmpr,pers,A:person-candidate,Other Tanakh
163902,1422484,458628,2 Samuel,6,21,יהוה,nmpr,pers,E:YHWH,Other Tanakh
163918,1422484,458630,2 Samuel,6,21,יהוה,nmpr,pers,E:YHWH,Other Tanakh
163920,1422484,458630,2 Samuel,6,21,ישראל,nmpr,"pers,gens,topo",F:unclassified-name,Other Tanakh
163925,1422484,458631,2 Samuel,6,21,יהוה,nmpr,pers,E:YHWH,Other Tanakh
163946,1422486,458637,2 Samuel,6,23,מיכל,nmpr,pers,A:person-candidate,Other Tanakh
163948,1422486,458637,2 Samuel,6,23,שאול,nmpr,pers,A:person-candidate,Other Tanakh
163961,1422487,458640,2 Samuel,7,1,מלך,subs,,B:deity-candidate,Other Tanakh
163965,1422487,458641,2 Samuel,7,1,יהוה,nmpr,pers,E:YHWH,Other Tanakh
163976,1422488,458642,2 Samuel,7,2,מלך,subs,,B:deity-candidate,Other Tanakh
163977,1422488,458642,2 Samuel,7,2,אל,prep,,C:divine-title-candidate,Other Tanakh
163978,1422488,458642,2 Samuel,7,2,נתן,nmpr,pers,A:person-candidate,Other Tanakh
163991,1422488,458645,2 Samuel,7,2,אלהים,subs,,D:Elohim,Other Tanakh
163999,1422489,458646,2 Samuel,7,3,נתן,nmpr,pers,A:person-candidate,Other Tanakh
164000,1422489,458646,2 Samuel,7,3,אל,prep,,C:divine-title-candidate,Other Tanakh
164002,1422489,458646,2 Samuel,7,3,מלך,subs,,B:deity-candidate,Other Tanakh
164010,1422489,458650,2 Samuel,7,3,יהוה,nmpr,pers,E:YHWH,Other Tanakh
164022,1422490,458652,2 Samuel,7,4,יהוה,nmpr,pers,E:YHWH,Other Tanakh
164023,1422490,458652,2 Samuel,7,4,אל,prep,,C:divine-title-candidate,Other Tanakh
164024,1422490,458652,2 Samuel,7,4,נתן,nmpr,pers,A:person-candidate,Other Tanakh
164030,1422491,458655,2 Samuel,7,5,אל,prep,,C:divine-title-candidate,Other Tanakh
164032,1422491,458655,2 Samuel,7,5,אל,prep,,C:divine-title-candidate,Other Tanakh
164033,1422491,458655,2 Samuel,7,5,דוד,nmpr,pers,A:person-candidate,Other Tanakh
164036,1422491,458656,2 Samuel,7,5,יהוה,nmpr,pers,E:YHWH,Other Tanakh
164055,1422492,458660,2 Samuel,7,6,ישראל,nmpr,"pers,gens,topo",F:unclassified-name,Other Tanakh
164057,1422492,458660,2 Samuel,7,6,מצרים,nmpr,topo,F:unclassified-name,Other Tanakh
164079,1422493,458663,2 Samuel,7,7,ישראל,nmpr,"pers,gens,topo",F:unclassified-name,Other Tanakh
164086,1422493,458664,2 Samuel,7,7,ישראל,nmpr,"pers,gens,topo",F:unclassified-name,Other Tanakh
164094,1422493,458666,2 Samuel,7,7,ישראל,nmpr,"pers,gens,topo",F:unclassified-name,Other Tanakh
164110,1422494,458670,2 Samuel,7,8,דוד,nmpr,pers,A:person-candidate,Other Tanakh
164113,1422494,458671,2 Samuel,7,8,יהוה,nmpr,pers,E:YHWH,Other Tanakh
164130,1422494,458673,2 Samuel,7,8,ישראל,nmpr,"pers,gens,topo",F:unclassified-name,Other Tanakh
164164,1422496,458679,2 Samuel,7,10,ישראל,nmpr,"pers,gens,topo",F:unclassified-name,Other Tanakh
164196,1422497,458687,2 Samuel,7,11,ישראל,nmpr,"pers,gens,topo",F:unclassified-name,Other Tanakh
164206,1422497,458689,2 Samuel,7,11,יהוה,nmpr,pers,E:YHWH,Other Tanakh
164211,1422497,458690,2 Samuel,7,11,יהוה,nmpr,pers,E:YHWH,Other Tanakh
164278,1422501,458703,2 Samuel,7,15,שאול,nmpr,pers,A:person-candidate,Other Tanakh
164313,1422503,458708,2 Samuel,7,17,נתן,nmpr,pers,A:person-candidate,Other Tanakh
164314,1422503,458708,2 Samuel,7,17,אל,prep,,C:divine-title-candidate,Other Tanakh
164315,1422503,458708,2 Samuel,7,17,דוד,nmpr,pers,A:person-candidate,Other Tanakh
164319,1422504,458709,2 Samuel,7,18,מלך,subs,,B:deity-candidate,Other Tanakh
164320,1422504,458709,2 Samuel,7,18,דוד,nmpr,pers,A:person-candidate,Other Tanakh
164325,1422504,458710,2 Samuel,7,18,יהוה,nmpr,pers,E:YHWH,Other Tanakh
164330,1422504,458713,2 Samuel,7,18,אדני,nmpr,pers,C:divine-title-candidate,Other Tanakh
164331,1422504,458713,2 Samuel,7,18,יהוה,nmpr,pers,E:YHWH,Other Tanakh
164345,1422505,458717,2 Samuel,7,19,אדני,nmpr,pers,C:divine-title-candidate,Other Tanakh
164346,1422505,458717,2 Samuel,7,19,יהוה,nmpr,pers,E:YHWH,Other Tanakh
164350,1422505,458718,2 Samuel,7,19,אל,prep,,C:divine-title-candidate,Other Tanakh
164361,1422505,458720,2 Samuel,7,19,אדני,nmpr,pers,C:divine-title-candidate,Other Tanakh
164362,1422505,458720,2 Samuel,7,19,יהוה,nmpr,pers,E:YHWH,Other Tanakh
164366,1422506,458721,2 Samuel,7,20,דוד,nmpr,pers,A:person-candidate,Other Tanakh
164370,1422506,458722,2 Samuel,7,20,אל,prep,,C:divine-title-candidate,Other Tanakh
164376,1422506,458724,2 Samuel,7,20,אדני,nmpr,pers,C:divine-title-candidate,Other Tanakh
164377,1422506,458724,2 Samuel,7,20,יהוה,nmpr,pers,E:YHWH,Other Tanakh
164398,1422508,458728,2 Samuel,7,22,אדני,nmpr,pers,C:divine-title-candidate,Other Tanakh
164399,1422508,458728,2 Samuel,7,22,יהוה,nmpr,pers,E:YHWH,Other Tanakh
164405,1422508,458730,2 Samuel,7,22,אלהים,subs,,D:Elohim,Other Tanakh
164418,1422509,458732,2 Samuel,7,23,ישראל,nmpr,"pers,gens,topo",F:unclassified-name,Other Tanakh
164426,1422509,458733,2 Samuel,7,23,אלהים,subs,,D:Elohim,Other Tanakh
164454,1422509,458737,2 Samuel,7,23,מצרים,nmpr,topo,F:unclassified-name,Other Tanakh
164457,1422509,458737,2 Samuel,7,23,אלהים,subs,,D:Elohim,Other Tanakh
164463,1422510,458738,2 Samuel,7,24,ישראל,nmpr,"pers,gens,topo",F:unclassified-name,Other Tanakh
164471,1422510,458740,2 Samuel,7,24,יהוה,nmpr,pers,E:YHWH,Other Tanakh
164475,1422510,458739,2 Samuel,7,24,אלהים,subs,,D:Elohim,Other Tanakh
164478,1422511,458742,2 Samuel,7,25,יהוה,nmpr,pers,E:YHWH,Other Tanakh
164479,1422511,458742,2 Samuel,7,25,אלהים,subs,,D:Elohim,Other Tanakh
164504,1422512,458749,2 Samuel,7,26,יהוה,nmpr,pers,E:YHWH,Other Tanakh
164506,1422512,458749,2 Samuel,7,26,אלהים,subs,,D:Elohim,Other Tanakh
164508,1422512,458749,2 Samuel,7,26,ישראל,nmpr,"pers,gens,topo",F:unclassified-name,Other Tanakh
164512,1422512,458750,2 Samuel,7,26,דוד,nmpr,pers,A:person-candidate,Other Tanakh
164519,1422513,458752,2 Samuel,7,27,יהוה,nmpr,pers,E:YHWH,Other Tanakh
164521,1422513,458752,2 Samuel,7,27,אלהים,subs,,D:Elohim,Other Tanakh
164522,1422513,458752,2 Samuel,7,27,ישראל,nmpr,"pers,gens,topo",F:unclassified-name,Other Tanakh
164540,1422513,458756,2 Samuel,7,27,אל,prep,,C:divine-title-candidate,Other Tanakh
164548,1422514,458758,2 Samuel,7,28,אדני,nmpr,pers,C:divine-title-candidate,Other Tanakh
164549,1422514,458758,2 Samuel,7,28,יהוה,nmpr,pers,E:YHWH,Other Tanakh
164553,1422514,458759,2 Samuel,7,28,אלהים,subs,,D:Elohim,Other Tanakh
164560,1422514,458761,2 Samuel,7,28,אל,prep,,C:divine-title-candidate,Other Tanakh
164583,1422515,458767,2 Samuel,7,29,אדני,nmpr,pers,C:divine-title-candidate,Other Tanakh
164584,1422515,458767,2 Samuel,7,29,יהוה,nmpr,pers,E:YHWH,Other Tanakh
164600,1422516,458770,2 Samuel,8,1,דוד,nmpr,pers,A:person-candidate,Other Tanakh
164607,1422516,458772,2 Samuel,8,1,דוד,nmpr,pers,A:person-candidate,Other Tanakh
164618,1422517,458773,2 Samuel,8,2,מואב,nmpr,"pers,gens,topo",F:unclassified-name,Other Tanakh
164641,1422517,458780,2 Samuel,8,2,מואב,nmpr,"pers,gens,topo",F:unclassified-name,Other Tanakh
164643,1422517,458780,2 Samuel,8,2,דוד,nmpr,pers,A:person-candidate,Other Tanakh
164650,1422518,458781,2 Samuel,8,3,דוד,nmpr,pers,A:person-candidate,Other Tanakh
164652,1422518,458781,2 Samuel,8,3,הדדעזר,nmpr,pers,A:person-candidate,Other Tanakh
164654,1422518,458781,2 Samuel,8,3,רחב,nmpr,pers,A:person-candidate,Other Tanakh
164655,1422518,458781,2 Samuel,8,3,מלך,subs,,B:deity-candidate,Other Tanakh
164656,1422518,458781,2 Samuel,8,3,צובא,nmpr,topo,F:unclassified-name,Other Tanakh
164664,1422518,458783,2 Samuel,8,3,פרת,nmpr,topo,F:unclassified-name,Other Tanakh
164667,1422519,458784,2 Samuel,8,4,דוד,nmpr,pers,A:person-candidate,Other Tanakh
164681,1422519,458785,2 Samuel,8,4,דוד,nmpr,pers,A:person-candidate,Other Tanakh
164693,1422520,458787,2 Samuel,8,5,ארם,nmpr,topo,F:unclassified-name,Other Tanakh
164694,1422520,458787,2 Samuel,8,5,דמשק,nmpr,topo,F:unclassified-name,Other Tanakh
164698,1422520,458788,2 Samuel,8,5,הדדעזר,nmpr,pers,A:person-candidate,Other Tanakh
164699,1422520,458788,2 Samuel,8,5,מלך,subs,,B:deity-candidate,Other Tanakh
164700,1422520,458788,2 Samuel,8,5,צובא,nmpr,topo,F:unclassified-name,Other Tanakh
164703,1422520,458789,2 Samuel,8,5,דוד,nmpr,pers,A:person-candidate,Other Tanakh
164705,1422520,458789,2 Samuel,8,5,ארם,nmpr,topo,F:unclassified-name,Other Tanakh
164713,1422521,458790,2 Samuel,8,6,דוד,nmpr,pers,A:person-candidate,Other Tanakh
164716,1422521,458790,2 Samuel,8,6,ארם,nmpr,topo,F:unclassified-name,Other Tanakh
164717,1422521,458790,2 Samuel,8,6,דמשק,nmpr,topo,F:unclassified-name,Other Tanakh
164720,1422521,458791,2 Samuel,8,6,ארם,nmpr,topo,F:unclassified-name,Other Tanakh
164722,1422521,458791,2 Samuel,8,6,דוד,nmpr,pers,A:person-candidate,Other Tanakh
164729,1422521,458792,2 Samuel,8,6,יהוה,nmpr,pers,E:YHWH,Other Tanakh
164731,1422521,458792,2 Samuel,8,6,דוד,nmpr,pers,A:person-candidate,Other Tanakh
164738,1422522,458794,2 Samuel,8,7,דוד,nmpr,pers,A:person-candidate,Other Tanakh
164745,1422522,458795,2 Samuel,8,7,אל,prep,,C:divine-title-candidate,Other Tanakh
164747,1422522,458795,2 Samuel,8,7,הדדעזר,nmpr,pers,A:person-candidate,Other Tanakh
164750,1422522,458796,2 Samuel,8,7,ירושלם,nmpr,topo,F:unclassified-name,Other Tanakh
164753,1422523,458797,2 Samuel,8,8,בטח,nmpr,topo,F:unclassified-name,Other Tanakh
164756,1422523,458797,2 Samuel,8,8,ברתי,nmpr,topo,F:unclassified-name,Other Tanakh
164758,1422523,458797,2 Samuel,8,8,הדדעזר,nmpr,pers,A:person-candidate,Other Tanakh
164761,1422523,458797,2 Samuel,8,8,מלך,subs,,B:deity-candidate,Other Tanakh
164762,1422523,458797,2 Samuel,8,8,דוד,nmpr,pers,A:person-candidate,Other Tanakh
164768,1422524,458798,2 Samuel,8,9,תעו,nmpr,pers,A:person-candidate,Other Tanakh
164769,1422524,458798,2 Samuel,8,9,מלך,subs,,B:deity-candidate,Other Tanakh
164770,1422524,458798,2 Samuel,8,9,חמת,nmpr,topo,F:unclassified-name,Other Tanakh
164773,1422524,458799,2 Samuel,8,9,דוד,nmpr,pers,A:person-candidate,Other Tanakh
164777,1422524,458799,2 Samuel,8,9,הדדעזר,nmpr,pers,A:person-candidate,Other Tanakh
164780,1422525,458800,2 Samuel,8,10,תעו,nmpr,pers,A:person-candidate,Other Tanakh
164782,1422525,458800,2 Samuel,8,10,יורם,nmpr,pers,A:person-candidate,Other Tanakh
164784,1422525,458800,2 Samuel,8,10,אל,prep,,C:divine-title-candidate,Other Tanakh
164786,1422525,458800,2 Samuel,8,10,מלך,subs,,B:deity-candidate,Other Tanakh
164787,1422525,458800,2 Samuel,8,10,דוד,nmpr,pers,A:person-candidate,Other Tanakh
164800,1422525,458803,2 Samuel,8,10,הדדעזר,nmpr,pers,A:person-candidate,Other Tanakh
164806,1422525,458805,2 Samuel,8,10,תעו,nmpr,pers,A:person-candidate,Other Tanakh
164808,1422525,458805,2 Samuel,8,10,הדדעזר,nmpr,pers,A:person-candidate,Other Tanakh
164825,1422526,458807,2 Samuel,8,11,מלך,subs,,B:deity-candidate,Other Tanakh
164826,1422526,458807,2 Samuel,8,11,דוד,nmpr,pers,A:person-candidate,Other Tanakh
164828,1422526,458807,2 Samuel,8,11,יהוה,nmpr,pers,E:YHWH,Other Tanakh
164844,1422527,458808,2 Samuel,8,12,ארם,nmpr,topo,F:unclassified-name,Other Tanakh
164847,1422527,458808,2 Samuel,8,12,מואב,nmpr,"pers,gens,topo",F:unclassified-name,Other Tanakh
164851,1422527,458808,2 Samuel,8,12,עמון,nmpr,gens,F:unclassified-name,Other Tanakh
164857,1422527,458808,2 Samuel,8,12,עמלק,nmpr,"pers,gens",F:unclassified-name,Other Tanakh
164861,1422527,458808,2 Samuel,8,12,הדדעזר,nmpr,pers,A:person-candidate,Other Tanakh
164863,1422527,458808,2 Samuel,8,12,רחב,nmpr,pers,A:person-candidate,Other Tanakh
164864,1422527,458808,2 Samuel,8,12,מלך,subs,,B:deity-candidate,Other Tanakh
164865,1422527,458808,2 Samuel,8,12,צובא,nmpr,topo,F:unclassified-name,Other Tanakh
164868,1422528,458810,2 Samuel,8,13,דוד,nmpr,pers,A:person-candidate,Other Tanakh
164875,1422528,458812,2 Samuel,8,13,ארם,nmpr,topo,F:unclassified-name,Other Tanakh
164877,1422528,458812,2 Samuel,8,13,גיא מלח,nmpr,topo,F:unclassified-name,Other Tanakh
164884,1422529,458813,2 Samuel,8,14,אדום,nmpr,topo,F:unclassified-name,Other Tanakh
164888,1422529,458814,2 Samuel,8,14,אדום,nmpr,topo,F:unclassified-name,Other Tanakh
164894,1422529,458815,2 Samuel,8,14,אדום,nmpr,topo,F:unclassified-name,Other Tanakh
164897,1422529,458815,2 Samuel,8,14,דוד,nmpr,pers,A:person-candidate,Other Tanakh
164900,1422529,458816,2 Samuel,8,14,יהוה,nmpr,pers,E:YHWH,Other Tanakh
164902,1422529,458816,2 Samuel,8,14,דוד,nmpr,pers,A:person-candidate,Other Tanakh
164908,1422530,458818,2 Samuel,8,15,מלך,verb,,B:deity-candidate,Other Tanakh
164909,1422530,458818,2 Samuel,8,15,דוד,nmpr,pers,A:person-candidate,Other Tanakh
164912,1422530,458818,2 Samuel,8,15,ישראל,nmpr,"pers,gens,topo",F:unclassified-name,Other Tanakh
164915,1422530,458819,2 Samuel,8,15,דוד,nmpr,pers,A:person-candidate,Other Tanakh
164924,1422531,458820,2 Samuel,8,16,יואב,nmpr,pers,A:person-candidate,Other Tanakh
164926,1422531,458820,2 Samuel,8,16,צרויה,nmpr,pers,A:person-candidate,Other Tanakh
164931,1422531,458821,2 Samuel,8,16,יהושפט,nmpr,pers,A:person-candidate,Other Tanakh
164933,1422531,458821,2 Samuel,8,16,אחילוד,nmpr,pers,A:person-candidate,Other Tanakh
164936,1422532,458822,2 Samuel,8,17,צדוק,nmpr,pers,A:person-candidate,Other Tanakh
164938,1422532,458822,2 Samuel,8,17,אחיטוב,nmpr,pers,A:person-candidate,Other Tanakh
164940,1422532,458822,2 Samuel,8,17,אחימלך,nmpr,pers,A:person-candidate,Other Tanakh
164942,1422532,458822,2 Samuel,8,17,אביתר,nmpr,pers,A:person-candidate,Other Tanakh
164945,1422532,458823,2 Samuel,8,17,שריה,nmpr,pers,A:person-candidate,Other Tanakh
164948,1422533,458824,2 Samuel,8,18,בניהו,nmpr,pers,A:person-candidate,Other Tanakh
164950,1422533,458824,2 Samuel,8,18,יהוידע,nmpr,pers,A:person-candidate,Other Tanakh
164959,1422533,458826,2 Samuel,8,18,דוד,nmpr,pers,A:person-candidate,Other Tanakh
164964,1422534,458827,2 Samuel,9,1,דוד,nmpr,pers,A:person-candidate,Other Tanakh
164973,1422534,458829,2 Samuel,9,1,שאול,nmpr,pers,A:person-candidate,Other Tanakh
164980,1422534,458830,2 Samuel,9,1,יהונתן,nmpr,pers,A:person-candidate,Other Tanakh
164984,1422535,458831,2 Samuel,9,2,שאול,nmpr,pers,A:person-candidate,Other Tanakh
164988,1422535,458832,2 Samuel,9,2,ציבא,nmpr,pers,A:person-candidate,Other Tanakh
164992,1422535,458833,2 Samuel,9,2,אל,prep,,C:divine-title-candidate,Other Tanakh
164993,1422535,458833,2 Samuel,9,2,דוד,nmpr,pers,A:person-candidate,Other Tanakh
164997,1422535,458834,2 Samuel,9,2,מלך,subs,,B:deity-candidate,Other Tanakh
164998,1422535,458834,2 Samuel,9,2,אל,prep,,C:divine-title-candidate,Other Tanakh
165001,1422535,458835,2 Samuel,9,2,ציבא,nmpr,pers,A:person-candidate,Other Tanakh
165008,1422536,458838,2 Samuel,9,3,מלך,subs,,B:deity-candidate,Other Tanakh
165015,1422536,458839,2 Samuel,9,3,שאול,nmpr,pers,A:person-candidate,Other Tanakh
165020,1422536,458840,2 Samuel,9,3,אלהים,subs,,D:Elohim,Other Tanakh
165023,1422536,458841,2 Samuel,9,3,ציבא,nmpr,pers,A:person-candidate,Other Tanakh
165024,1422536,458841,2 Samuel,9,3,אל,prep,,C:divine-title-candidate,Other Tanakh
165026,1422536,458841,2 Samuel,9,3,מלך,subs,,B:deity-candidate,Other Tanakh
165030,1422536,458842,2 Samuel,9,3,יהונתן,nmpr,pers,A:person-candidate,Other Tanakh
165037,1422537,458844,2 Samuel,9,4,מלך,subs,,B:deity-candidate,Other Tanakh
165042,1422537,458846,2 Samuel,9,4,ציבא,nmpr,pers,A:person-candidate,Other Tanakh
165043,1422537,458846,2 Samuel,9,4,אל,prep,,C:divine-title-candidate,Other Tanakh
165045,1422537,458846,2 Samuel,9,4,מלך,subs,,B:deity-candidate,Other Tanakh
165049,1422537,458847,2 Samuel,9,4,מכיר,nmpr,"pers,gens",F:unclassified-name,Other Tanakh
165051,1422537,458847,2 Samuel,9,4,עמיאל,nmpr,pers,A:person-candidate,Other Tanakh
165053,1422537,458847,2 Samuel,9,4,לא דבר,nmpr,topo,F:unclassified-name,Other Tanakh
165057,1422538,458848,2 Samuel,9,5,מלך,subs,,B:deity-candidate,Other Tanakh
165058,1422538,458848,2 Samuel,9,5,דוד,nmpr,pers,A:person-candidate,Other Tanakh
165063,1422538,458849,2 Samuel,9,5,מכיר,nmpr,"pers,gens",F:unclassified-name,Other Tanakh
165065,1422538,458849,2 Samuel,9,5,עמיאל,nmpr,pers,A:person-candidate,Other Tanakh
165067,1422538,458849,2 Samuel,9,5,לא דבר,nmpr,topo,F:unclassified-name,Other Tanakh
165070,1422539,458850,2 Samuel,9,6,מפיבשת,nmpr,pers,A:person-candidate,Other Tanakh
165072,1422539,458850,2 Samuel,9,6,יהונתן,nmpr,pers,A:person-candidate,Other Tanakh
165074,1422539,458850,2 Samuel,9,6,שאול,nmpr,pers,A:person-candidate,Other Tanakh
165075,1422539,458850,2 Samuel,9,6,אל,prep,,C:divine-title-candidate,Other Tanakh
165076,1422539,458850,2 Samuel,9,6,דוד,nmpr,pers,A:person-candidate,Other Tanakh
165085,1422539,458853,2 Samuel,9,6,דוד,nmpr,pers,A:person-candidate,Other Tanakh
165086,1422539,458854,2 Samuel,9,6,מפיבשת,nmpr,pers,A:person-candidate,Other Tanakh
165094,1422540,458857,2 Samuel,9,7,דוד,nmpr,pers,A:person-candidate,Other Tanakh
165095,1422540,458858,2 Samuel,9,7,אל,nega,,C:divine-title-candidate,Other Tanakh
165104,1422540,458859,2 Samuel,9,7,יהונתן,nmpr,pers,A:person-candidate,Other Tanakh
165112,1422540,458860,2 Samuel,9,7,שאול,nmpr,pers,A:person-candidate,Other Tanakh
165129,1422541,458865,2 Samuel,9,8,אל,prep,,C:divine-title-candidate,Other Tanakh
165139,1422542,458867,2 Samuel,9,9,מלך,subs,,B:deity-candidate,Other Tanakh
165140,1422542,458867,2 Samuel,9,9,אל,prep,,C:divine-title-candidate,Other Tanakh
165141,1422542,458867,2 Samuel,9,9,ציבא,nmpr,pers,A:person-candidate,Other Tanakh
165143,1422542,458867,2 Samuel,9,9,שאול,nmpr,pers,A:person-candidate,Other Tanakh
165146,1422542,458868,2 Samuel,9,9,אל,prep,,C:divine-title-candidate,Other Tanakh
165151,1422542,458870,2 Samuel,9,9,שאול,nmpr,pers,A:person-candidate,Other Tanakh
165182,1422543,458875,2 Samuel,9,10,מפיבשת,nmpr,pers,A:person-candidate,Other Tanakh
165192,1422543,458876,2 Samuel,9,10,ציבא,nmpr,pers,A:person-candidate,Other Tanakh
165201,1422544,458877,2 Samuel,9,11,ציבא,nmpr,pers,A:person-candidate,Other Tanakh
165202,1422544,458877,2 Samuel,9,11,אל,prep,,C:divine-title-candidate,Other Tanakh
165204,1422544,458877,2 Samuel,9,11,מלך,subs,,B:deity-candidate,Other Tanakh
165211,1422544,458879,2 Samuel,9,11,מלך,subs,,B:deity-candidate,Other Tanakh
165218,1422544,458880,2 Samuel,9,11,מפיבשת,nmpr,pers,A:person-candidate,Other Tanakh
165227,1422544,458880,2 Samuel,9,11,מלך,subs,,B:deity-candidate,Other Tanakh
165230,1422545,458881,2 Samuel,9,12,מפיבשת,nmpr,pers,A:person-candidate,Other Tanakh
165235,1422545,458882,2 Samuel,9,12,מיכא,nmpr,pers,A:person-candidate,Other Tanakh
165240,1422545,458883,2 Samuel,9,12,ציבא,nmpr,pers,A:person-candidate,Other Tanakh
165243,1422545,458883,2 Samuel,9,12,מפיבשת,nmpr,pers,A:person-candidate,Other Tanakh
165245,1422546,458884,2 Samuel,9,13,מפיבשת,nmpr,pers,A:person-candidate,Other Tanakh
165248,1422546,458884,2 Samuel,9,13,ירושלם,nmpr,topo,F:unclassified-name,Other Tanakh
165253,1422546,458885,2 Samuel,9,13,מלך,subs,,B:deity-candidate,Other Tanakh
165268,1422547,458888,2 Samuel,10,1,מלך,subs,,B:deity-candidate,Other Tanakh
165270,1422547,458888,2 Samuel,10,1,עמון,nmpr,gens,F:unclassified-name,Other Tanakh
165272,1422547,458889,2 Samuel,10,1,מלך,verb,,B:deity-candidate,Other Tanakh
165273,1422547,458889,2 Samuel,10,1,חנון,nmpr,pers,A:person-candidate,Other Tanakh
165278,1422548,458890,2 Samuel,10,2,דוד,nmpr,pers,A:person-candidate,Other Tanakh
165282,1422548,458891,2 Samuel,10,2,חנון,nmpr,pers,A:person-candidate,Other Tanakh
165284,1422548,458891,2 Samuel,10,2,נחש,nmpr,pers,A:person-candidate,Other Tanakh
165293,1422548,458893,2 Samuel,10,2,דוד,nmpr,pers,A:person-candidate,Other Tanakh
165299,1422548,458894,2 Samuel,10,2,אל,prep,,C:divine-title-candidate,Other Tanakh
165304,1422548,458895,2 Samuel,10,2,דוד,nmpr,pers,A:person-candidate,Other Tanakh
165307,1422548,458895,2 Samuel,10,2,עמון,nmpr,gens,F:unclassified-name,Other Tanakh
165312,1422549,458896,2 Samuel,10,3,עמון,nmpr,gens,F:unclassified-name,Other Tanakh
165313,1422549,458896,2 Samuel,10,3,אל,prep,,C:divine-title-candidate,Other Tanakh
165314,1422549,458896,2 Samuel,10,3,חנון,nmpr,pers,A:person-candidate,Other Tanakh
165318,1422549,458897,2 Samuel,10,3,דוד,nmpr,pers,A:person-candidate,Other Tanakh
165342,1422549,458899,2 Samuel,10,3,דוד,nmpr,pers,A:person-candidate,Other Tanakh
165345,1422549,458899,2 Samuel,10,3,אל,prep,,C:divine-title-candidate,Other Tanakh
165348,1422550,458903,2 Samuel,10,4,חנון,nmpr,pers,A:person-candidate,Other Tanakh
165351,1422550,458903,2 Samuel,10,4,דוד,nmpr,pers,A:person-candidate,Other Tanakh
165371,1422551,458907,2 Samuel,10,5,דוד,nmpr,pers,A:person-candidate,Other Tanakh
165385,1422551,458911,2 Samuel,10,5,מלך,subs,,B:deity-candidate,Other Tanakh
165388,1422551,458912,2 Samuel,10,5,יריחו,nmpr,topo,F:unclassified-name,Other Tanakh
165397,1422552,458915,2 Samuel,10,6,עמון,nmpr,gens,F:unclassified-name,Other Tanakh
165401,1422552,458916,2 Samuel,10,6,דוד,nmpr,pers,A:person-candidate,Other Tanakh
165405,1422552,458917,2 Samuel,10,6,עמון,nmpr,gens,F:unclassified-name,Other Tanakh
165409,1422552,458918,2 Samuel,10,6,ארם,nmpr,topo,F:unclassified-name,Other Tanakh
165410,1422552,458918,2 Samuel,10,6,בית רחוב,nmpr,topo,F:unclassified-name,Other Tanakh
165413,1422552,458918,2 Samuel,10,6,ארם,nmpr,topo,F:unclassified-name,Other Tanakh
165414,1422552,458918,2 Samuel,10,6,צובא,nmpr,topo,F:unclassified-name,Other Tanakh
165420,1422552,458919,2 Samuel,10,6,מלך,subs,,B:deity-candidate,Other Tanakh
165421,1422552,458919,2 Samuel,10,6,מעכה,nmpr,topo,F:unclassified-name,Other Tanakh
165426,1422552,458920,2 Samuel,10,6,טוב,nmpr,topo,F:unclassified-name,Other Tanakh
165433,1422553,458921,2 Samuel,10,7,דוד,nmpr,pers,A:person-candidate,Other Tanakh
165437,1422553,458922,2 Samuel,10,7,יואב,nmpr,pers,A:person-candidate,Other Tanakh
165448,1422554,458923,2 Samuel,10,8,עמון,nmpr,gens,F:unclassified-name,Other Tanakh
165456,1422554,458925,2 Samuel,10,8,ארם,nmpr,topo,F:unclassified-name,Other Tanakh
165457,1422554,458925,2 Samuel,10,8,צובא,nmpr,topo,F:unclassified-name,Other Tanakh
165459,1422554,458925,2 Samuel,10,8,רחב,nmpr,pers,A:person-candidate,Other Tanakh
165462,1422554,458925,2 Samuel,10,8,טוב,nmpr,topo,F:unclassified-name,Other Tanakh
165464,1422554,458925,2 Samuel,10,8,מעכה,nmpr,topo,F:unclassified-name,Other Tanakh
165472,1422555,458926,2 Samuel,10,9,יואב,nmpr,pers,A:person-candidate,Other Tanakh
165475,1422555,458927,2 Samuel,10,9,אל,prep,,C:divine-title-candidate,Other Tanakh
165489,1422555,458928,2 Samuel,10,9,ישראל,nmpr,"pers,gens,topo",F:unclassified-name,Other Tanakh
165494,1422555,458930,2 Samuel,10,9,ארם,nmpr,topo,F:unclassified-name,Other Tanakh
165503,1422556,458931,2 Samuel,10,10,אבשי,nmpr,pers,A:person-candidate,Other Tanakh
165510,1422556,458933,2 Samuel,10,10,עמון,nmpr,gens,F:unclassified-name,Other Tanakh
165515,1422557,458935,2 Samuel,10,11,ארם,nmpr,topo,F:unclassified-name,Other Tanakh
165525,1422557,458937,2 Samuel,10,11,עמון,nmpr,gens,F:unclassified-name,Other Tanakh
165541,1422558,458941,2 Samuel,10,12,אלהים,subs,,D:Elohim,Other Tanakh
165543,1422558,458942,2 Samuel,10,12,יהוה,nmpr,pers,E:YHWH,Other Tanakh
165551,1422559,458944,2 Samuel,10,13,יואב,nmpr,pers,A:person-candidate,Other Tanakh
165561,1422559,458944,2 Samuel,10,13,ארם,nmpr,topo,F:unclassified-name,Other Tanakh
165568,1422560,458947,2 Samuel,10,14,עמון,nmpr,gens,F:unclassified-name,Other Tanakh
165572,1422560,458948,2 Samuel,10,14,ארם,nmpr,topo,F:unclassified-name,Other Tanakh
165577,1422560,458949,2 Samuel,10,14,אבישי,nmpr,pers,A:person-candidate,Other Tanakh
165584,1422560,458951,2 Samuel,10,14,יואב,nmpr,pers,A:person-candidate,Other Tanakh
165588,1422560,458951,2 Samuel,10,14,עמון,nmpr,gens,F:unclassified-name,Other Tanakh
165591,1422560,458952,2 Samuel,10,14,ירושלם,nmpr,topo,F:unclassified-name,Other Tanakh
165594,1422561,458953,2 Samuel,10,15,ארם,nmpr,topo,F:unclassified-name,Other Tanakh
165599,1422561,458954,2 Samuel,10,15,ישראל,nmpr,"pers,gens,topo",F:unclassified-name,Other Tanakh
165605,1422562,458956,2 Samuel,10,16,הדדעזר,nmpr,pers,A:person-candidate,Other Tanakh
165609,1422562,458957,2 Samuel,10,16,ארם,nmpr,topo,F:unclassified-name,Other Tanakh
165617,1422562,458959,2 Samuel,10,16,חילם,nmpr,topo,F:unclassified-name,Other Tanakh
165619,1422562,458960,2 Samuel,10,16,שובך,nmpr,pers,A:person-candidate,Other Tanakh
165622,1422562,458960,2 Samuel,10,16,הדדעזר,nmpr,pers,A:person-candidate,Other Tanakh
165628,1422563,458961,2 Samuel,10,17,דוד,nmpr,pers,A:person-candidate,Other Tanakh
165633,1422563,458962,2 Samuel,10,17,ישראל,nmpr,"pers,gens,topo",F:unclassified-name,Other Tanakh
165638,1422563,458963,2 Samuel,10,17,ירדן,nmpr,topo,F:unclassified-name,Other Tanakh
165641,1422563,458964,2 Samuel,10,17,חילם,nmpr,topo,F:unclassified-name,Other Tanakh
165644,1422563,458965,2 Samuel,10,17,ארם,nmpr,topo,F:unclassified-name,Other Tanakh
165647,1422563,458966,2 Samuel,10,17,דוד,nmpr,pers,A:person-candidate,Other Tanakh
165653,1422564,458968,2 Samuel,10,18,ארם,nmpr,topo,F:unclassified-name,Other Tanakh
165656,1422564,458968,2 Samuel,10,18,ישראל,nmpr,"pers,gens,topo",F:unclassified-name,Other Tanakh
165659,1422564,458969,2 Samuel,10,18,דוד,nmpr,pers,A:person-candidate,Other Tanakh
165661,1422564,458969,2 Samuel,10,18,ארם,nmpr,topo,F:unclassified-name,Other Tanakh
165671,1422564,458970,2 Samuel,10,18,שובך,nmpr,pers,A:person-candidate,Other Tanakh
165682,1422565,458972,2 Samuel,10,19,מלך,subs,,B:deity-candidate,Other Tanakh
165684,1422565,458972,2 Samuel,10,19,הדדעזר,nmpr,pers,A:person-candidate,Other Tanakh
165689,1422565,458973,2 Samuel,10,19,ישראל,nmpr,"pers,gens,topo",F:unclassified-name,Other Tanakh
165693,1422565,458974,2 Samuel,10,19,ישראל,nmpr,"pers,gens,topo",F:unclassified-name,Other Tanakh
165698,1422565,458976,2 Samuel,10,19,ארם,nmpr,topo,F:unclassified-name,Other Tanakh
165704,1422565,458977,2 Samuel,10,19,עמון,nmpr,gens,F:unclassified-name,Other Tanakh
165715,1422566,458979,2 Samuel,11,1,מלך,subs,,B:deity-candidate,Other Tanakh
165718,1422566,458980,2 Samuel,11,1,דוד,nmpr,pers,A:person-candidate,Other Tanakh
165720,1422566,458980,2 Samuel,11,1,יואב,nmpr,pers,A:person-candidate,Other Tanakh
165728,1422566,458980,2 Samuel,11,1,ישראל,nmpr,"pers,gens,topo",F:unclassified-name,Other Tanakh
165733,1422566,458981,2 Samuel,11,1,עמון,nmpr,gens,F:unclassified-name,Other Tanakh
165737,1422566,458982,2 Samuel,11,1,רבה,nmpr,topo,F:unclassified-name,Other Tanakh
165739,1422566,458983,2 Samuel,11,1,דוד,nmpr,pers,A:person-candidate,Other Tanakh
165742,1422566,458983,2 Samuel,11,1,ירושלם,nmpr,topo,F:unclassified-name,Other Tanakh
165751,1422567,458985,2 Samuel,11,2,דוד,nmpr,pers,A:person-candidate,Other Tanakh
165761,1422567,458986,2 Samuel,11,2,מלך,subs,,B:deity-candidate,Other Tanakh
165778,1422568,458989,2 Samuel,11,3,דוד,nmpr,pers,A:person-candidate,Other Tanakh
165789,1422568,458992,2 Samuel,11,3,בת שבע,nmpr,pers,A:person-candidate,Other Tanakh
165791,1422568,458992,2 Samuel,11,3,אליעם,nmpr,pers,A:person-candidate,Other Tanakh
165793,1422568,458992,2 Samuel,11,3,אוריה,nmpr,pers,A:person-candidate,Other Tanakh
165798,1422569,458993,2 Samuel,11,4,דוד,nmpr,pers,A:person-candidate,Other Tanakh
165804,1422569,458995,2 Samuel,11,4,אל,prep,,C:divine-title-candidate,Other Tanakh
165815,1422569,458998,2 Samuel,11,4,אל,prep,,C:divine-title-candidate,Other Tanakh
165826,1422570,459001,2 Samuel,11,5,דוד,nmpr,pers,A:person-candidate,Other Tanakh
165833,1422571,459004,2 Samuel,11,6,דוד,nmpr,pers,A:person-candidate,Other Tanakh
165834,1422571,459004,2 Samuel,11,6,אל,prep,,C:divine-title-candidate,Other Tanakh
165835,1422571,459004,2 Samuel,11,6,יואב,nmpr,pers,A:person-candidate,Other Tanakh
165837,1422571,459005,2 Samuel,11,6,אל,prep,,C:divine-title-candidate,Other Tanakh
165839,1422571,459005,2 Samuel,11,6,אוריה,nmpr,pers,A:person-candidate,Other Tanakh
165844,1422571,459006,2 Samuel,11,6,יואב,nmpr,pers,A:person-candidate,Other Tanakh
165846,1422571,459006,2 Samuel,11,6,אוריה,nmpr,pers,A:person-candidate,Other Tanakh
165847,1422571,459006,2 Samuel,11,6,אל,prep,,C:divine-title-candidate,Other Tanakh
165848,1422571,459006,2 Samuel,11,6,דוד,nmpr,pers,A:person-candidate,Other Tanakh
165851,1422572,459007,2 Samuel,11,7,אוריה,nmpr,pers,A:person-candidate,Other Tanakh
165852,1422572,459007,2 Samuel,11,7,אל,prep,,C:divine-title-candidate,Other Tanakh
165855,1422572,459008,2 Samuel,11,7,דוד,nmpr,pers,A:person-candidate,Other Tanakh
165858,1422572,459008,2 Samuel,11,7,יואב,nmpr,pers,A:person-candidate,Other Tanakh
165871,1422573,459009,2 Samuel,11,8,דוד,nmpr,pers,A:person-candidate,Other Tanakh
165873,1422573,459009,2 Samuel,11,8,אוריה,nmpr,pers,A:person-candidate,Other Tanakh
165882,1422573,459012,2 Samuel,11,8,אוריה,nmpr,pers,A:person-candidate,Other Tanakh
165886,1422573,459012,2 Samuel,11,8,מלך,subs,,B:deity-candidate,Other Tanakh
165892,1422573,459013,2 Samuel,11,8,מלך,subs,,B:deity-candidate,Other Tanakh
165895,1422574,459014,2 Samuel,11,9,אוריה,nmpr,pers,A:person-candidate,Other Tanakh
165899,1422574,459014,2 Samuel,11,9,מלך,subs,,B:deity-candidate,Other Tanakh
165907,1422574,459015,2 Samuel,11,9,אל,prep,,C:divine-title-candidate,Other Tanakh
165912,1422575,459016,2 Samuel,11,10,דוד,nmpr,pers,A:person-candidate,Other Tanakh
165917,1422575,459018,2 Samuel,11,10,אוריה,nmpr,pers,A:person-candidate,Other Tanakh
165918,1422575,459018,2 Samuel,11,10,אל,prep,,C:divine-title-candidate,Other Tanakh
165922,1422575,459019,2 Samuel,11,10,דוד,nmpr,pers,A:person-candidate,Other Tanakh
165923,1422575,459019,2 Samuel,11,10,אל,prep,,C:divine-title-candidate,Other Tanakh
165924,1422575,459019,2 Samuel,11,10,אוריה,nmpr,pers,A:person-candidate,Other Tanakh
165934,1422575,459021,2 Samuel,11,10,אל,prep,,C:divine-title-candidate,Other Tanakh
165938,1422576,459022,2 Samuel,11,11,אוריה,nmpr,pers,A:person-candidate,Other Tanakh
165939,1422576,459022,2 Samuel,11,11,אל,prep,,C:divine-title-candidate,Other Tanakh
165940,1422576,459022,2 Samuel,11,11,דוד,nmpr,pers,A:person-candidate,Other Tanakh
165944,1422576,459023,2 Samuel,11,11,ישראל,nmpr,"pers,gens,topo",F:unclassified-name,Other Tanakh
165946,1422576,459023,2 Samuel,11,11,יהודה,nmpr,"pers,gens,topo",F:unclassified-name,Other Tanakh
165953,1422576,459024,2 Samuel,11,11,יואב,nmpr,pers,A:person-candidate,Other Tanakh
165965,1422576,459025,2 Samuel,11,11,אל,prep,,C:divine-title-candidate,Other Tanakh
165990,1422577,459031,2 Samuel,11,12,דוד,nmpr,pers,A:person-candidate,Other Tanakh
165991,1422577,459031,2 Samuel,11,12,אל,prep,,C:divine-title-candidate,Other Tanakh
165992,1422577,459031,2 Samuel,11,12,אוריה,nmpr,pers,A:person-candidate,Other Tanakh
166004,1422577,459034,2 Samuel,11,12,אוריה,nmpr,pers,A:person-candidate,Other Tanakh
166006,1422577,459034,2 Samuel,11,12,ירושלם,nmpr,topo,F:unclassified-name,Other Tanakh
166018,1422578,459035,2 Samuel,11,13,דוד,nmpr,pers,A:person-candidate,Other Tanakh
166040,1422578,459041,2 Samuel,11,13,אל,prep,,C:divine-title-candidate,Other Tanakh
166051,1422579,459043,2 Samuel,11,14,דוד,nmpr,pers,A:person-candidate,Other Tanakh
166053,1422579,459043,2 Samuel,11,14,אל,prep,,C:divine-title-candidate,Other Tanakh
166054,1422579,459043,2 Samuel,11,14,יואב,nmpr,pers,A:person-candidate,Other Tanakh
166059,1422579,459044,2 Samuel,11,14,אוריה,nmpr,pers,A:person-candidate,Other Tanakh
166069,1422580,459047,2 Samuel,11,15,אוריה,nmpr,pers,A:person-candidate,Other Tanakh
166070,1422580,459047,2 Samuel,11,15,אל,prep,,C:divine-title-candidate,Other Tanakh
166089,1422581,459052,2 Samuel,11,16,יואב,nmpr,pers,A:person-candidate,Other Tanakh
166090,1422581,459052,2 Samuel,11,16,אל,prep,,C:divine-title-candidate,Other Tanakh
166096,1422581,459053,2 Samuel,11,16,אוריה,nmpr,pers,A:person-candidate,Other Tanakh
166097,1422581,459053,2 Samuel,11,16,אל,prep,,C:divine-title-candidate,Other Tanakh
166114,1422582,459057,2 Samuel,11,17,יואב,nmpr,pers,A:person-candidate,Other Tanakh
166122,1422582,459058,2 Samuel,11,17,דוד,nmpr,pers,A:person-candidate,Other Tanakh
166126,1422582,459059,2 Samuel,11,17,אוריה,nmpr,pers,A:person-candidate,Other Tanakh
166131,1422583,459060,2 Samuel,11,18,יואב,nmpr,pers,A:person-candidate,Other Tanakh
166135,1422583,459061,2 Samuel,11,18,דוד,nmpr,pers,A:person-candidate,Other Tanakh
166157,1422584,459065,2 Samuel,11,19,אל,prep,,C:divine-title-candidate,Other Tanakh
166159,1422584,459065,2 Samuel,11,19,מלך,subs,,B:deity-candidate,Other Tanakh
166166,1422585,459067,2 Samuel,11,20,מלך,subs,,B:deity-candidate,Other Tanakh
166172,1422585,459069,2 Samuel,11,20,אל,prep,,C:divine-title-candidate,Other Tanakh
166190,1422586,459073,2 Samuel,11,21,אבימלך,nmpr,pers,A:person-candidate,Other Tanakh
166192,1422586,459073,2 Samuel,11,21,ירבשת,nmpr,pers,A:person-candidate,Other Tanakh
166207,1422586,459075,2 Samuel,11,21,תבץ,nmpr,topo,F:unclassified-name,Other Tanakh
166210,1422586,459076,2 Samuel,11,21,אל,prep,,C:divine-title-candidate,Other Tanakh
166217,1422586,459078,2 Samuel,11,21,אוריה,nmpr,pers,A:person-candidate,Other Tanakh
166230,1422587,459081,2 Samuel,11,22,דוד,nmpr,pers,A:person-candidate,Other Tanakh
166235,1422587,459082,2 Samuel,11,22,יואב,nmpr,pers,A:person-candidate,Other Tanakh
166240,1422588,459083,2 Samuel,11,23,אל,prep,,C:divine-title-candidate,Other Tanakh
166241,1422588,459083,2 Samuel,11,23,דוד,nmpr,pers,A:person-candidate,Other Tanakh
166249,1422588,459085,2 Samuel,11,23,אל,prep,,C:divine-title-candidate,Other Tanakh
166263,1422589,459087,2 Samuel,11,24,אל,prep,,C:divine-title-candidate,Other Tanakh
166274,1422589,459088,2 Samuel,11,24,מלך,subs,,B:deity-candidate,Other Tanakh
166278,1422589,459089,2 Samuel,11,24,אוריה,nmpr,pers,A:person-candidate,Other Tanakh
166284,1422590,459090,2 Samuel,11,25,דוד,nmpr,pers,A:person-candidate,Other Tanakh
166285,1422590,459090,2 Samuel,11,25,אל,prep,,C:divine-title-candidate,Other Tanakh
166290,1422590,459091,2 Samuel,11,25,אל,prep,,C:divine-title-candidate,Other Tanakh
166291,1422590,459091,2 Samuel,11,25,יואב,nmpr,pers,A:person-candidate,Other Tanakh
166292,1422590,459092,2 Samuel,11,25,אל,nega,,C:divine-title-candidate,Other Tanakh
166312,1422590,459094,2 Samuel,11,25,אל,prep,,C:divine-title-candidate,Other Tanakh
166322,1422591,459097,2 Samuel,11,26,אוריה,nmpr,pers,A:person-candidate,Other Tanakh
166325,1422591,459098,2 Samuel,11,26,אוריה,nmpr,pers,A:person-candidate,Other Tanakh
166330,1422591,459099,2 Samuel,11,26,בעל,subs,,B:deity-candidate,Other Tanakh
166337,1422592,459101,2 Samuel,11,27,דוד,nmpr,pers,A:person-candidate,Other Tanakh
166340,1422592,459102,2 Samuel,11,27,אל,prep,,C:divine-title-candidate,Other Tanakh
166357,1422592,459106,2 Samuel,11,27,דוד,nmpr,pers,A:person-candidate,Other Tanakh
166360,1422592,459105,2 Samuel,11,27,יהוה,nmpr,pers,E:YHWH,Other Tanakh
166363,1422593,459107,2 Samuel,12,1,יהוה,nmpr,pers,E:YHWH,Other Tanakh
166365,1422593,459107,2 Samuel,12,1,נתן,nmpr,pers,A:person-candidate,Other Tanakh
166366,1422593,459107,2 Samuel,12,1,אל,prep,,C:divine-title-candidate,Other Tanakh
166367,1422593,459107,2 Samuel,12,1,דוד,nmpr,pers,A:person-candidate,Other Tanakh
166370,1422593,459108,2 Samuel,12,1,אל,prep,,C:divine-title-candidate,Other Tanakh
166470,1422596,459130,2 Samuel,12,4,אל,prep,,C:divine-title-candidate,Other Tanakh
166474,1422597,459131,2 Samuel,12,5,דוד,nmpr,pers,A:person-candidate,Other Tanakh
166481,1422597,459132,2 Samuel,12,5,אל,prep,,C:divine-title-candidate,Other Tanakh
166482,1422597,459132,2 Samuel,12,5,נתן,nmpr,pers,A:person-candidate,Other Tanakh
166484,1422597,459133,2 Samuel,12,5,יהוה,nmpr,pers,E:YHWH,Other Tanakh
166514,1422599,459139,2 Samuel,12,7,נתן,nmpr,pers,A:person-candidate,Other Tanakh
166515,1422599,459139,2 Samuel,12,7,אל,prep,,C:divine-title-candidate,Other Tanakh
166516,1422599,459139,2 Samuel,12,7,דוד,nmpr,pers,A:person-candidate,Other Tanakh
166522,1422599,459141,2 Samuel,12,7,יהוה,nmpr,pers,E:YHWH,Other Tanakh
166523,1422599,459141,2 Samuel,12,7,אלהים,subs,,D:Elohim,Other Tanakh
166524,1422599,459141,2 Samuel,12,7,ישראל,nmpr,"pers,gens,topo",F:unclassified-name,Other Tanakh
166528,1422599,459142,2 Samuel,12,7,מלך,subs,,B:deity-candidate,Other Tanakh
166530,1422599,459142,2 Samuel,12,7,ישראל,nmpr,"pers,gens,topo",F:unclassified-name,Other Tanakh
166536,1422599,459143,2 Samuel,12,7,שאול,nmpr,pers,A:person-candidate,Other Tanakh
166554,1422600,459145,2 Samuel,12,8,ישראל,nmpr,"pers,gens,topo",F:unclassified-name,Other Tanakh
166556,1422600,459145,2 Samuel,12,8,יהודה,nmpr,"pers,gens,topo",F:unclassified-name,Other Tanakh
166572,1422601,459148,2 Samuel,12,9,יהוה,nmpr,pers,E:YHWH,Other Tanakh
166580,1422601,459151,2 Samuel,12,9,אוריה,nmpr,pers,A:person-candidate,Other Tanakh
166600,1422601,459153,2 Samuel,12,9,עמון,nmpr,gens,F:unclassified-name,Other Tanakh
166617,1422602,459157,2 Samuel,12,10,אוריה,nmpr,pers,A:person-candidate,Other Tanakh
166627,1422603,459159,2 Samuel,12,11,יהוה,nmpr,pers,E:YHWH,Other Tanakh
166670,1422604,459165,2 Samuel,12,12,ישראל,nmpr,"pers,gens,topo",F:unclassified-name,Other Tanakh
166677,1422605,459166,2 Samuel,12,13,דוד,nmpr,pers,A:person-candidate,Other Tanakh
166678,1422605,459166,2 Samuel,12,13,אל,prep,,C:divine-title-candidate,Other Tanakh
166679,1422605,459166,2 Samuel,12,13,נתן,nmpr,pers,A:person-candidate,Other Tanakh
166682,1422605,459167,2 Samuel,12,13,יהוה,nmpr,pers,E:YHWH,Other Tanakh
166685,1422605,459168,2 Samuel,12,13,נתן,nmpr,pers,A:person-candidate,Other Tanakh
166686,1422605,459168,2 Samuel,12,13,אל,prep,,C:divine-title-candidate,Other Tanakh
166687,1422605,459168,2 Samuel,12,13,דוד,nmpr,pers,A:person-candidate,Other Tanakh
166689,1422605,459169,2 Samuel,12,13,יהוה,nmpr,pers,E:YHWH,Other Tanakh
166700,1422606,459171,2 Samuel,12,14,יהוה,nmpr,pers,E:YHWH,Other Tanakh
166716,1422607,459174,2 Samuel,12,15,נתן,nmpr,pers,A:person-candidate,Other Tanakh
166717,1422607,459174,2 Samuel,12,15,אל,prep,,C:divine-title-candidate,Other Tanakh
166721,1422607,459175,2 Samuel,12,15,יהוה,nmpr,pers,E:YHWH,Other Tanakh
166728,1422607,459176,2 Samuel,12,15,אוריה,nmpr,pers,A:person-candidate,Other Tanakh
166730,1422607,459176,2 Samuel,12,15,דוד,nmpr,pers,A:person-candidate,Other Tanakh
166735,1422608,459178,2 Samuel,12,16,דוד,nmpr,pers,A:person-candidate,Other Tanakh
166738,1422608,459178,2 Samuel,12,16,אלהים,subs,,D:Elohim,Other Tanakh
166744,1422608,459179,2 Samuel,12,16,דוד,nmpr,pers,A:person-candidate,Other Tanakh
166785,1422610,459189,2 Samuel,12,18,דוד,nmpr,pers,A:person-candidate,Other Tanakh
166802,1422610,459195,2 Samuel,12,18,אל,prep,,C:divine-title-candidate,Other Tanakh
166811,1422610,459197,2 Samuel,12,18,אל,prep,,C:divine-title-candidate,Other Tanakh
166820,1422611,459200,2 Samuel,12,19,דוד,nmpr,pers,A:person-candidate,Other Tanakh
166826,1422611,459202,2 Samuel,12,19,דוד,nmpr,pers,A:person-candidate,Other Tanakh
166833,1422611,459204,2 Samuel,12,19,דוד,nmpr,pers,A:person-candidate,Other Tanakh
166834,1422611,459204,2 Samuel,12,19,אל,prep,,C:divine-title-candidate,Other Tanakh
166845,1422612,459208,2 Samuel,12,20,דוד,nmpr,pers,A:person-candidate,Other Tanakh
166859,1422612,459212,2 Samuel,12,20,יהוה,nmpr,pers,E:YHWH,Other Tanakh
166864,1422612,459214,2 Samuel,12,20,אל,prep,,C:divine-title-candidate,Other Tanakh
166877,1422613,459218,2 Samuel,12,21,אל,prep,,C:divine-title-candidate,Other Tanakh
166919,1422614,459233,2 Samuel,12,22,יהוה,nmpr,pers,E:YHWH,Other Tanakh
166938,1422615,459239,2 Samuel,12,23,אל,prep,,C:divine-title-candidate,Other Tanakh
166943,1422615,459240,2 Samuel,12,23,אל,prep,,C:divine-title-candidate,Other Tanakh
166946,1422616,459241,2 Samuel,12,24,דוד,nmpr,pers,A:person-candidate,Other Tanakh
166948,1422616,459241,2 Samuel,12,24,בת שבע,nmpr,pers,A:person-candidate,Other Tanakh
166952,1422616,459242,2 Samuel,12,24,אל,prep,,C:divine-title-candidate,Other Tanakh
166963,1422616,459245,2 Samuel,12,24,שלמה,nmpr,pers,A:person-candidate,Other Tanakh
166965,1422616,459246,2 Samuel,12,24,יהוה,nmpr,pers,E:YHWH,Other Tanakh
166971,1422617,459247,2 Samuel,12,25,נתן,nmpr,pers,A:person-candidate,Other Tanakh
166978,1422617,459248,2 Samuel,12,25,ידידיה,nmpr,pers,A:person-candidate,Other Tanakh
166981,1422617,459248,2 Samuel,12,25,יהוה,nmpr,pers,E:YHWH,Other Tanakh
166984,1422618,459249,2 Samuel,12,26,יואב,nmpr,pers,A:person-candidate,Other Tanakh
166986,1422618,459249,2 Samuel,12,26,רבה,nmpr,topo,F:unclassified-name,Other Tanakh
166988,1422618,459249,2 Samuel,12,26,עמון,nmpr,gens,F:unclassified-name,Other Tanakh
166997,1422619,459251,2 Samuel,12,27,יואב,nmpr,pers,A:person-candidate,Other Tanakh
166999,1422619,459251,2 Samuel,12,27,אל,prep,,C:divine-title-candidate,Other Tanakh
167000,1422619,459251,2 Samuel,12,27,דוד,nmpr,pers,A:person-candidate,Other Tanakh
167005,1422619,459253,2 Samuel,12,27,רבה,nmpr,topo,F:unclassified-name,Other Tanakh
167038,1422621,459261,2 Samuel,12,29,דוד,nmpr,pers,A:person-candidate,Other Tanakh
167045,1422621,459262,2 Samuel,12,29,רבה,nmpr,topo,F:unclassified-name,Other Tanakh
167055,1422622,459265,2 Samuel,12,30,מלך,subs,,B:deity-candidate,Other Tanakh
167070,1422622,459268,2 Samuel,12,30,דוד,nmpr,pers,A:person-candidate,Other Tanakh
167113,1422623,459274,2 Samuel,12,31,עמון,nmpr,gens,F:unclassified-name,Other Tanakh
167116,1422623,459275,2 Samuel,12,31,דוד,nmpr,pers,A:person-candidate,Other Tanakh
167121,1422623,459275,2 Samuel,12,31,ירושלם,nmpr,topo,F:unclassified-name,Other Tanakh
167128,1422624,459277,2 Samuel,13,1,אבשלום,nmpr,pers,A:person-candidate,Other Tanakh
167130,1422624,459277,2 Samuel,13,1,דוד,nmpr,pers,A:person-candidate,Other Tanakh
167135,1422624,459278,2 Samuel,13,1,תמר,nmpr,pers,A:person-candidate,Other Tanakh
167138,1422624,459279,2 Samuel,13,1,אמנון,nmpr,pers,A:person-candidate,Other Tanakh
167140,1422624,459279,2 Samuel,13,1,דוד,nmpr,pers,A:person-candidate,Other Tanakh
167144,1422625,459280,2 Samuel,13,2,אמנון,nmpr,pers,A:person-candidate,Other Tanakh
167149,1422625,459280,2 Samuel,13,2,תמר,nmpr,pers,A:person-candidate,Other Tanakh
167158,1422625,459283,2 Samuel,13,2,אמנון,nmpr,pers,A:person-candidate,Other Tanakh
167165,1422626,459285,2 Samuel,13,3,אמנון,nmpr,pers,A:person-candidate,Other Tanakh
167169,1422626,459286,2 Samuel,13,3,יונדב,nmpr,pers,A:person-candidate,Other Tanakh
167171,1422626,459286,2 Samuel,13,3,שמעה,nmpr,pers,A:person-candidate,Other Tanakh
167173,1422626,459286,2 Samuel,13,3,דוד,nmpr,pers,A:person-candidate,Other Tanakh
167175,1422626,459287,2 Samuel,13,3,יונדב,nmpr,pers,A:person-candidate,Other Tanakh
167188,1422627,459290,2 Samuel,13,4,מלך,subs,,B:deity-candidate,Other Tanakh
167202,1422627,459292,2 Samuel,13,4,אמנון,nmpr,pers,A:person-candidate,Other Tanakh
167204,1422627,459293,2 Samuel,13,4,תמר,nmpr,pers,A:person-candidate,Other Tanakh
167206,1422627,459293,2 Samuel,13,4,אבשלום,nmpr,pers,A:person-candidate,Other Tanakh
167213,1422628,459294,2 Samuel,13,5,יהונדב,nmpr,pers,A:person-candidate,Other Tanakh
167226,1422628,459299,2 Samuel,13,5,אל,prep,,C:divine-title-candidate,Other Tanakh
167229,1422628,459300,2 Samuel,13,5,תמר,nmpr,pers,A:person-candidate,Other Tanakh
167250,1422629,459305,2 Samuel,13,6,אמנון,nmpr,pers,A:person-candidate,Other Tanakh
167256,1422629,459307,2 Samuel,13,6,מלך,subs,,B:deity-candidate,Other Tanakh
167261,1422629,459309,2 Samuel,13,6,אמנון,nmpr,pers,A:person-candidate,Other Tanakh
167262,1422629,459309,2 Samuel,13,6,אל,prep,,C:divine-title-candidate,Other Tanakh
167264,1422629,459309,2 Samuel,13,6,מלך,subs,,B:deity-candidate,Other Tanakh
167267,1422629,459310,2 Samuel,13,6,תמר,nmpr,pers,A:person-candidate,Other Tanakh
167281,1422630,459313,2 Samuel,13,7,דוד,nmpr,pers,A:person-candidate,Other Tanakh
167282,1422630,459313,2 Samuel,13,7,אל,prep,,C:divine-title-candidate,Other Tanakh
167283,1422630,459313,2 Samuel,13,7,תמר,nmpr,pers,A:person-candidate,Other Tanakh
167291,1422630,459315,2 Samuel,13,7,אמנון,nmpr,pers,A:person-candidate,Other Tanakh
167300,1422631,459317,2 Samuel,13,8,תמר,nmpr,pers,A:person-candidate,Other Tanakh
167302,1422631,459317,2 Samuel,13,8,אמנון,nmpr,pers,A:person-candidate,Other Tanakh
167338,1422632,459327,2 Samuel,13,9,אמנון,nmpr,pers,A:person-candidate,Other Tanakh
167352,1422633,459330,2 Samuel,13,10,אמנון,nmpr,pers,A:person-candidate,Other Tanakh
167353,1422633,459330,2 Samuel,13,10,אל,prep,,C:divine-title-candidate,Other Tanakh
167354,1422633,459330,2 Samuel,13,10,תמר,nmpr,pers,A:person-candidate,Other Tanakh
167366,1422633,459333,2 Samuel,13,10,תמר,nmpr,pers,A:person-candidate,Other Tanakh
167375,1422633,459335,2 Samuel,13,10,אמנון,nmpr,pers,A:person-candidate,Other Tanakh
167381,1422634,459336,2 Samuel,13,11,אל,prep,,C:divine-title-candidate,Other Tanakh
167397,1422635,459344,2 Samuel,13,12,אל,nega,,C:divine-title-candidate,Other Tanakh
167399,1422635,459346,2 Samuel,13,12,אל,nega,,C:divine-title-candidate,Other Tanakh
167406,1422635,459347,2 Samuel,13,12,ישראל,nmpr,"pers,gens,topo",F:unclassified-name,Other Tanakh
167407,1422635,459348,2 Samuel,13,12,אל,nega,,C:divine-title-candidate,Other Tanakh
167428,1422636,459351,2 Samuel,13,13,ישראל,nmpr,"pers,gens,topo",F:unclassified-name,Other Tanakh
167433,1422636,459353,2 Samuel,13,13,אל,prep,,C:divine-title-candidate,Other Tanakh
167435,1422636,459353,2 Samuel,13,13,מלך,subs,,B:deity-candidate,Other Tanakh
167457,1422638,459360,2 Samuel,13,15,אמנון,nmpr,pers,A:person-candidate,Other Tanakh
167474,1422638,459364,2 Samuel,13,15,אמנון,nmpr,pers,A:person-candidate,Other Tanakh
167480,1422639,459368,2 Samuel,13,16,אל,nega,,C:divine-title-candidate,Other Tanakh
167530,1422641,459380,2 Samuel,13,18,מלך,subs,,B:deity-candidate,Other Tanakh
167547,1422642,459383,2 Samuel,13,19,תמר,nmpr,pers,A:person-candidate,Other Tanakh
167570,1422643,459389,2 Samuel,13,20,אל,prep,,C:divine-title-candidate,Other Tanakh
167571,1422643,459389,2 Samuel,13,20,אבשלום,nmpr,pers,A:person-candidate,Other Tanakh
167574,1422643,459390,2 Samuel,13,20,אמנון,nmpr,pers,A:person-candidate,Other Tanakh
167584,1422643,459395,2 Samuel,13,20,אל,nega,,C:divine-title-candidate,Other Tanakh
167595,1422643,459396,2 Samuel,13,20,תמר,nmpr,pers,A:person-candidate,Other Tanakh
167599,1422643,459397,2 Samuel,13,20,אבשלום,nmpr,pers,A:person-candidate,Other Tanakh
167603,1422644,459398,2 Samuel,13,21,מלך,subs,,B:deity-candidate,Other Tanakh
167604,1422644,459398,2 Samuel,13,21,דוד,nmpr,pers,A:person-candidate,Other Tanakh
167619,1422645,459400,2 Samuel,13,22,אבשלום,nmpr,pers,A:person-candidate,Other Tanakh
167621,1422645,459400,2 Samuel,13,22,אמנון,nmpr,pers,A:person-candidate,Other Tanakh
167630,1422645,459401,2 Samuel,13,22,אבשלום,nmpr,pers,A:person-candidate,Other Tanakh
167632,1422645,459401,2 Samuel,13,22,אמנון,nmpr,pers,A:person-candidate,Other Tanakh
167638,1422645,459402,2 Samuel,13,22,תמר,nmpr,pers,A:person-candidate,Other Tanakh
167649,1422646,459404,2 Samuel,13,23,אבשלום,nmpr,pers,A:person-candidate,Other Tanakh
167651,1422646,459404,2 Samuel,13,23,בעל חצור,nmpr,topo,F:unclassified-name,Other Tanakh
167654,1422646,459405,2 Samuel,13,23,אפרים,nmpr,"pers,gens,topo",F:unclassified-name,Other Tanakh
167657,1422646,459406,2 Samuel,13,23,אבשלום,nmpr,pers,A:person-candidate,Other Tanakh
167662,1422646,459406,2 Samuel,13,23,מלך,subs,,B:deity-candidate,Other Tanakh
167665,1422647,459407,2 Samuel,13,24,אבשלום,nmpr,pers,A:person-candidate,Other Tanakh
167666,1422647,459407,2 Samuel,13,24,אל,prep,,C:divine-title-candidate,Other Tanakh
167668,1422647,459407,2 Samuel,13,24,מלך,subs,,B:deity-candidate,Other Tanakh
167679,1422647,459410,2 Samuel,13,24,מלך,subs,,B:deity-candidate,Other Tanakh
167687,1422648,459411,2 Samuel,13,25,מלך,subs,,B:deity-candidate,Other Tanakh
167688,1422648,459411,2 Samuel,13,25,אל,prep,,C:divine-title-candidate,Other Tanakh
167689,1422648,459411,2 Samuel,13,25,אבשלום,nmpr,pers,A:person-candidate,Other Tanakh
167690,1422648,459412,2 Samuel,13,25,אל,nega,,C:divine-title-candidate,Other Tanakh
167692,1422648,459414,2 Samuel,13,25,אל,nega,,C:divine-title-candidate,Other Tanakh
167712,1422649,459420,2 Samuel,13,26,אבשלום,nmpr,pers,A:person-candidate,Other Tanakh
167718,1422649,459422,2 Samuel,13,26,אמנון,nmpr,pers,A:person-candidate,Other Tanakh
167724,1422649,459423,2 Samuel,13,26,מלך,subs,,B:deity-candidate,Other Tanakh
167731,1422650,459425,2 Samuel,13,27,אבשלום,nmpr,pers,A:person-candidate,Other Tanakh
167736,1422650,459426,2 Samuel,13,27,אמנון,nmpr,pers,A:person-candidate,Other Tanakh
167742,1422650,459426,2 Samuel,13,27,מלך,subs,,B:deity-candidate,Other Tanakh
167745,1422651,459427,2 Samuel,13,28,אבשלום,nmpr,pers,A:person-candidate,Other Tanakh
167755,1422651,459430,2 Samuel,13,28,אמנון,nmpr,pers,A:person-candidate,Other Tanakh
167761,1422651,459431,2 Samuel,13,28,אל,prep,,C:divine-title-candidate,Other Tanakh
167764,1422651,459432,2 Samuel,13,28,אמנון,nmpr,pers,A:person-candidate,Other Tanakh
167768,1422651,459434,2 Samuel,13,28,אל,nega,,C:divine-title-candidate,Other Tanakh
167785,1422652,459439,2 Samuel,13,29,אבשלום,nmpr,pers,A:person-candidate,Other Tanakh
167787,1422652,459439,2 Samuel,13,29,אמנון,nmpr,pers,A:person-candidate,Other Tanakh
167791,1422652,459440,2 Samuel,13,29,אבשלום,nmpr,pers,A:person-candidate,Other Tanakh
167797,1422652,459441,2 Samuel,13,29,מלך,subs,,B:deity-candidate,Other Tanakh
167815,1422653,459447,2 Samuel,13,30,אל,prep,,C:divine-title-candidate,Other Tanakh
167816,1422653,459447,2 Samuel,13,30,דוד,nmpr,pers,A:person-candidate,Other Tanakh
167820,1422653,459449,2 Samuel,13,30,אבשלום,nmpr,pers,A:person-candidate,Other Tanakh
167825,1422653,459449,2 Samuel,13,30,מלך,subs,,B:deity-candidate,Other Tanakh
167834,1422654,459451,2 Samuel,13,31,מלך,subs,,B:deity-candidate,Other Tanakh
167850,1422655,459456,2 Samuel,13,32,יונדב,nmpr,pers,A:person-candidate,Other Tanakh
167852,1422655,459456,2 Samuel,13,32,שמעה,nmpr,pers,A:person-candidate,Other Tanakh
167854,1422655,459456,2 Samuel,13,32,דוד,nmpr,pers,A:person-candidate,Other Tanakh
167857,1422655,459458,2 Samuel,13,32,אל,nega,,C:divine-title-candidate,Other Tanakh
167866,1422655,459459,2 Samuel,13,32,מלך,subs,,B:deity-candidate,Other Tanakh
167869,1422655,459460,2 Samuel,13,32,אמנון,nmpr,pers,A:person-candidate,Other Tanakh
167876,1422655,459461,2 Samuel,13,32,אבשלום,nmpr,pers,A:person-candidate,Other Tanakh
167883,1422655,459462,2 Samuel,13,32,תמר,nmpr,pers,A:person-candidate,Other Tanakh
167887,1422656,459464,2 Samuel,13,33,אל,nega,,C:divine-title-candidate,Other Tanakh
167891,1422656,459464,2 Samuel,13,33,מלך,subs,,B:deity-candidate,Other Tanakh
167892,1422656,459464,2 Samuel,13,33,אל,prep,,C:divine-title-candidate,Other Tanakh
167900,1422656,459466,2 Samuel,13,33,מלך,subs,,B:deity-candidate,Other Tanakh
167904,1422656,459467,2 Samuel,13,33,אמנון,nmpr,pers,A:person-candidate,Other Tanakh
167910,1422657,459468,2 Samuel,13,34,אבשלום,nmpr,pers,A:person-candidate,Other Tanakh
167935,1422658,459473,2 Samuel,13,35,יונדב,nmpr,pers,A:person-candidate,Other Tanakh
167936,1422658,459473,2 Samuel,13,35,אל,prep,,C:divine-title-candidate,Other Tanakh
167938,1422658,459473,2 Samuel,13,35,מלך,subs,,B:deity-candidate,Other Tanakh
167942,1422658,459474,2 Samuel,13,35,מלך,subs,,B:deity-candidate,Other Tanakh
167959,1422659,459480,2 Samuel,13,36,מלך,subs,,B:deity-candidate,Other Tanakh
167969,1422659,459483,2 Samuel,13,36,מלך,subs,,B:deity-candidate,Other Tanakh
167978,1422660,459484,2 Samuel,13,37,אבשלום,nmpr,pers,A:person-candidate,Other Tanakh
167982,1422660,459485,2 Samuel,13,37,אל,prep,,C:divine-title-candidate,Other Tanakh
167983,1422660,459485,2 Samuel,13,37,תלמי,nmpr,pers,A:person-candidate,Other Tanakh
167985,1422660,459485,2 Samuel,13,37,עמיהוד,nmpr,pers,A:person-candidate,Other Tanakh
167986,1422660,459485,2 Samuel,13,37,מלך,subs,,B:deity-candidate,Other Tanakh
167987,1422660,459485,2 Samuel,13,37,גשור,nmpr,topo,F:unclassified-name,Other Tanakh
167996,1422661,459487,2 Samuel,13,38,אבשלום,nmpr,pers,A:person-candidate,Other Tanakh
168000,1422661,459488,2 Samuel,13,38,גשור,nmpr,topo,F:unclassified-name,Other Tanakh
168008,1422662,459490,2 Samuel,13,39,דוד,nmpr,pers,A:person-candidate,Other Tanakh
168010,1422662,459490,2 Samuel,13,39,מלך,subs,,B:deity-candidate,Other Tanakh
168013,1422662,459491,2 Samuel,13,39,אל,prep,,C:divine-title-candidate,Other Tanakh
168014,1422662,459491,2 Samuel,13,39,אבשלום,nmpr,pers,A:person-candidate,Other Tanakh
168018,1422662,459492,2 Samuel,13,39,אמנון,nmpr,pers,A:person-candidate,Other Tanakh
168023,1422663,459494,2 Samuel,14,1,יואב,nmpr,pers,A:person-candidate,Other Tanakh
168025,1422663,459494,2 Samuel,14,1,צרויה,nmpr,pers,A:person-candidate,Other Tanakh
168029,1422663,459495,2 Samuel,14,1,מלך,subs,,B:deity-candidate,Other Tanakh
168031,1422663,459495,2 Samuel,14,1,אבשלום,nmpr,pers,A:person-candidate,Other Tanakh
168034,1422664,459496,2 Samuel,14,2,יואב,nmpr,pers,A:person-candidate,Other Tanakh
168035,1422664,459496,2 Samuel,14,2,תקוע,nmpr,topo,F:unclassified-name,Other Tanakh
168044,1422664,459498,2 Samuel,14,2,אל,prep,,C:divine-title-candidate,Other Tanakh
168053,1422664,459501,2 Samuel,14,2,אל,nega,,C:divine-title-candidate,Other Tanakh
168068,1422665,459504,2 Samuel,14,3,אל,prep,,C:divine-title-candidate,Other Tanakh
168070,1422665,459504,2 Samuel,14,3,מלך,subs,,B:deity-candidate,Other Tanakh
168073,1422665,459505,2 Samuel,14,3,אל,prep,,C:divine-title-candidate,Other Tanakh
168081,1422665,459506,2 Samuel,14,3,יואב,nmpr,pers,A:person-candidate,Other Tanakh
168093,1422666,459507,2 Samuel,14,4,אל,prep,,C:divine-title-candidate,Other Tanakh
168095,1422666,459507,2 Samuel,14,4,מלך,subs,,B:deity-candidate,Other Tanakh
168107,1422666,459512,2 Samuel,14,4,מלך,subs,,B:deity-candidate,Other Tanakh
168112,1422667,459513,2 Samuel,14,5,מלך,subs,,B:deity-candidate,Other Tanakh
168197,1422670,459533,2 Samuel,14,8,מלך,subs,,B:deity-candidate,Other Tanakh
168198,1422670,459533,2 Samuel,14,8,אל,prep,,C:divine-title-candidate,Other Tanakh
168214,1422671,459536,2 Samuel,14,9,אל,prep,,C:divine-title-candidate,Other Tanakh
168216,1422671,459536,2 Samuel,14,9,מלך,subs,,B:deity-candidate,Other Tanakh
168220,1422671,459538,2 Samuel,14,9,מלך,subs,,B:deity-candidate,Other Tanakh
168229,1422671,459540,2 Samuel,14,9,מלך,subs,,B:deity-candidate,Other Tanakh
168236,1422672,459541,2 Samuel,14,10,מלך,subs,,B:deity-candidate,Other Tanakh
168239,1422672,459542,2 Samuel,14,10,אל,prep,,C:divine-title-candidate,Other Tanakh
168242,1422672,459543,2 Samuel,14,10,אל,prep,,C:divine-title-candidate,Other Tanakh
168255,1422673,459547,2 Samuel,14,11,מלך,subs,,B:deity-candidate,Other Tanakh
168257,1422673,459547,2 Samuel,14,11,יהוה,nmpr,pers,E:YHWH,Other Tanakh
168258,1422673,459547,2 Samuel,14,11,אלהים,subs,,D:Elohim,Other Tanakh
168274,1422673,459551,2 Samuel,14,11,יהוה,nmpr,pers,E:YHWH,Other Tanakh
168288,1422674,459554,2 Samuel,14,12,אל,prep,,C:divine-title-candidate,Other Tanakh
168291,1422674,459554,2 Samuel,14,12,מלך,subs,,B:deity-candidate,Other Tanakh
168307,1422675,459558,2 Samuel,14,13,אלהים,subs,,D:Elohim,Other Tanakh
168312,1422675,459559,2 Samuel,14,13,מלך,subs,,B:deity-candidate,Other Tanakh
168323,1422675,459560,2 Samuel,14,13,מלך,subs,,B:deity-candidate,Other Tanakh
168342,1422676,459565,2 Samuel,14,14,אלהים,subs,,D:Elohim,Other Tanakh
168358,1422677,459570,2 Samuel,14,15,אל,prep,,C:divine-title-candidate,Other Tanakh
168360,1422677,459570,2 Samuel,14,15,מלך,subs,,B:deity-candidate,Other Tanakh
168376,1422677,459573,2 Samuel,14,15,אל,prep,,C:divine-title-candidate,Other Tanakh
168378,1422677,459573,2 Samuel,14,15,מלך,subs,,B:deity-candidate,Other Tanakh
168382,1422677,459574,2 Samuel,14,15,מלך,subs,,B:deity-candidate,Other Tanakh
168389,1422678,459575,2 Samuel,14,16,מלך,subs,,B:deity-candidate,Other Tanakh
168407,1422678,459577,2 Samuel,14,16,אלהים,subs,,D:Elohim,Other Tanakh
168416,1422679,459579,2 Samuel,14,17,מלך,subs,,B:deity-candidate,Other Tanakh
168423,1422679,459580,2 Samuel,14,17,אלהים,subs,,D:Elohim,Other Tanakh
168427,1422679,459581,2 Samuel,14,17,מלך,subs,,B:deity-candidate,Other Tanakh
168436,1422679,459583,2 Samuel,14,17,יהוה,nmpr,pers,E:YHWH,Other Tanakh
168437,1422679,459583,2 Samuel,14,17,אלהים,subs,,D:Elohim,Other Tanakh
168443,1422680,459584,2 Samuel,14,18,מלך,subs,,B:deity-candidate,Other Tanakh
168446,1422680,459585,2 Samuel,14,18,אל,prep,,C:divine-title-candidate,Other Tanakh
168449,1422680,459586,2 Samuel,14,18,אל,nega,,C:divine-title-candidate,Other Tanakh
168466,1422680,459589,2 Samuel,14,18,מלך,subs,,B:deity-candidate,Other Tanakh
168470,1422681,459590,2 Samuel,14,19,מלך,subs,,B:deity-candidate,Other Tanakh
168473,1422681,459591,2 Samuel,14,19,יואב,nmpr,pers,A:person-candidate,Other Tanakh
168488,1422681,459595,2 Samuel,14,19,מלך,subs,,B:deity-candidate,Other Tanakh
168502,1422681,459599,2 Samuel,14,19,מלך,subs,,B:deity-candidate,Other Tanakh
168505,1422681,459600,2 Samuel,14,19,יואב,nmpr,pers,A:person-candidate,Other Tanakh
168530,1422682,459604,2 Samuel,14,20,יואב,nmpr,pers,A:person-candidate,Other Tanakh
168543,1422682,459605,2 Samuel,14,20,אלהים,subs,,D:Elohim,Other Tanakh
168555,1422683,459608,2 Samuel,14,21,מלך,subs,,B:deity-candidate,Other Tanakh
168556,1422683,459608,2 Samuel,14,21,אל,prep,,C:divine-title-candidate,Other Tanakh
168557,1422683,459608,2 Samuel,14,21,יואב,nmpr,pers,A:person-candidate,Other Tanakh
168573,1422683,459611,2 Samuel,14,21,אבשלום,nmpr,pers,A:person-candidate,Other Tanakh
168576,1422684,459612,2 Samuel,14,22,יואב,nmpr,pers,A:person-candidate,Other Tanakh
168577,1422684,459612,2 Samuel,14,22,אל,prep,,C:divine-title-candidate,Other Tanakh
168586,1422684,459614,2 Samuel,14,22,מלך,subs,,B:deity-candidate,Other Tanakh
168589,1422684,459615,2 Samuel,14,22,יואב,nmpr,pers,A:person-candidate,Other Tanakh
168601,1422684,459618,2 Samuel,14,22,מלך,subs,,B:deity-candidate,Other Tanakh
168605,1422684,459619,2 Samuel,14,22,מלך,subs,,B:deity-candidate,Other Tanakh
168611,1422685,459620,2 Samuel,14,23,יואב,nmpr,pers,A:person-candidate,Other Tanakh
168614,1422685,459621,2 Samuel,14,23,גשור,nmpr,topo,F:unclassified-name,Other Tanakh
168618,1422685,459622,2 Samuel,14,23,אבשלום,nmpr,pers,A:person-candidate,Other Tanakh
168619,1422685,459622,2 Samuel,14,23,ירושלם,nmpr,topo,F:unclassified-name,Other Tanakh
168623,1422686,459623,2 Samuel,14,24,מלך,subs,,B:deity-candidate,Other Tanakh
168625,1422686,459624,2 Samuel,14,24,אל,prep,,C:divine-title-candidate,Other Tanakh
168633,1422686,459626,2 Samuel,14,24,אבשלום,nmpr,pers,A:person-candidate,Other Tanakh
168634,1422686,459626,2 Samuel,14,24,אל,prep,,C:divine-title-candidate,Other Tanakh
168639,1422686,459627,2 Samuel,14,24,מלך,subs,,B:deity-candidate,Other Tanakh
168644,1422687,459628,2 Samuel,14,25,אבשלום,nmpr,pers,A:person-candidate,Other Tanakh
168651,1422687,459628,2 Samuel,14,25,ישראל,nmpr,"pers,gens,topo",F:unclassified-name,Other Tanakh
168695,1422688,459636,2 Samuel,14,26,מלך,subs,,B:deity-candidate,Other Tanakh
168699,1422689,459637,2 Samuel,14,27,אבשלום,nmpr,pers,A:person-candidate,Other Tanakh
168707,1422689,459638,2 Samuel,14,27,תמר,nmpr,pers,A:person-candidate,Other Tanakh
168715,1422690,459640,2 Samuel,14,28,אבשלום,nmpr,pers,A:person-candidate,Other Tanakh
168717,1422690,459640,2 Samuel,14,28,ירושלם,nmpr,topo,F:unclassified-name,Other Tanakh
168723,1422690,459641,2 Samuel,14,28,מלך,subs,,B:deity-candidate,Other Tanakh
168728,1422691,459642,2 Samuel,14,29,אבשלום,nmpr,pers,A:person-candidate,Other Tanakh
168729,1422691,459642,2 Samuel,14,29,אל,prep,,C:divine-title-candidate,Other Tanakh
168730,1422691,459642,2 Samuel,14,29,יואב,nmpr,pers,A:person-candidate,Other Tanakh
168734,1422691,459643,2 Samuel,14,29,אל,prep,,C:divine-title-candidate,Other Tanakh
168736,1422691,459643,2 Samuel,14,29,מלך,subs,,B:deity-candidate,Other Tanakh
168742,1422691,459645,2 Samuel,14,29,אל,prep,,C:divine-title-candidate,Other Tanakh
168754,1422692,459649,2 Samuel,14,30,אל,prep,,C:divine-title-candidate,Other Tanakh
168758,1422692,459651,2 Samuel,14,30,יואב,nmpr,pers,A:person-candidate,Other Tanakh
168759,1422692,459651,2 Samuel,14,30,אל,prep,,C:divine-title-candidate,Other Tanakh
168774,1422692,459655,2 Samuel,14,30,אבשלום,nmpr,pers,A:person-candidate,Other Tanakh
168783,1422693,459656,2 Samuel,14,31,יואב,nmpr,pers,A:person-candidate,Other Tanakh
168786,1422693,459657,2 Samuel,14,31,אל,prep,,C:divine-title-candidate,Other Tanakh
168787,1422693,459657,2 Samuel,14,31,אבשלום,nmpr,pers,A:person-candidate,Other Tanakh
168792,1422693,459658,2 Samuel,14,31,אל,prep,,C:divine-title-candidate,Other Tanakh
168806,1422694,459661,2 Samuel,14,32,אבשלום,nmpr,pers,A:person-candidate,Other Tanakh
168807,1422694,459661,2 Samuel,14,32,אל,prep,,C:divine-title-candidate,Other Tanakh
168808,1422694,459661,2 Samuel,14,32,יואב,nmpr,pers,A:person-candidate,Other Tanakh
168811,1422694,459662,2 Samuel,14,32,אל,prep,,C:divine-title-candidate,Other Tanakh
168819,1422694,459665,2 Samuel,14,32,אל,prep,,C:divine-title-candidate,Other Tanakh
168821,1422694,459665,2 Samuel,14,32,מלך,subs,,B:deity-candidate,Other Tanakh
168827,1422694,459667,2 Samuel,14,32,גשור,nmpr,topo,F:unclassified-name,Other Tanakh
168838,1422694,459671,2 Samuel,14,32,מלך,subs,,B:deity-candidate,Other Tanakh
168848,1422695,459674,2 Samuel,14,33,יואב,nmpr,pers,A:person-candidate,Other Tanakh
168849,1422695,459674,2 Samuel,14,33,אל,prep,,C:divine-title-candidate,Other Tanakh
168851,1422695,459674,2 Samuel,14,33,מלך,subs,,B:deity-candidate,Other Tanakh
168857,1422695,459676,2 Samuel,14,33,אל,prep,,C:divine-title-candidate,Other Tanakh
168858,1422695,459676,2 Samuel,14,33,אבשלום,nmpr,pers,A:person-candidate,Other Tanakh
168861,1422695,459677,2 Samuel,14,33,אל,prep,,C:divine-title-candidate,Other Tanakh
168863,1422695,459677,2 Samuel,14,33,מלך,subs,,B:deity-candidate,Other Tanakh
168873,1422695,459678,2 Samuel,14,33,מלך,subs,,B:deity-candidate,Other Tanakh
168877,1422695,459679,2 Samuel,14,33,מלך,subs,,B:deity-candidate,Other Tanakh
168879,1422695,459679,2 Samuel,14,33,אבשלום,nmpr,pers,A:person-candidate,Other Tanakh
168888,1422696,459681,2 Samuel,15,1,אבשלום,nmpr,pers,A:person-candidate,Other Tanakh
168900,1422697,459683,2 Samuel,15,2,אבשלום,nmpr,pers,A:person-candidate,Other Tanakh
168919,1422697,459688,2 Samuel,15,2,אל,prep,,C:divine-title-candidate,Other Tanakh
168921,1422697,459688,2 Samuel,15,2,מלך,subs,,B:deity-candidate,Other Tanakh
168927,1422697,459689,2 Samuel,15,2,אבשלום,nmpr,pers,A:person-candidate,Other Tanakh
168928,1422697,459689,2 Samuel,15,2,אל,prep,,C:divine-title-candidate,Other Tanakh
168941,1422697,459693,2 Samuel,15,2,ישראל,nmpr,"pers,gens,topo",F:unclassified-name,Other Tanakh
168945,1422698,459694,2 Samuel,15,3,אל,prep,,C:divine-title-candidate,Other Tanakh
168946,1422698,459694,2 Samuel,15,3,אבשלום,nmpr,pers,A:person-candidate,Other Tanakh
168959,1422698,459697,2 Samuel,15,3,מלך,subs,,B:deity-candidate,Other Tanakh
168962,1422699,459698,2 Samuel,15,4,אבשלום,nmpr,pers,A:person-candidate,Other Tanakh
169002,1422701,459709,2 Samuel,15,6,אבשלום,nmpr,pers,A:person-candidate,Other Tanakh
169010,1422701,459709,2 Samuel,15,6,ישראל,nmpr,"pers,gens,topo",F:unclassified-name,Other Tanakh
169016,1422701,459710,2 Samuel,15,6,אל,prep,,C:divine-title-candidate,Other Tanakh
169018,1422701,459710,2 Samuel,15,6,מלך,subs,,B:deity-candidate,Other Tanakh
169021,1422701,459711,2 Samuel,15,6,אבשלום,nmpr,pers,A:person-candidate,Other Tanakh
169025,1422701,459711,2 Samuel,15,6,ישראל,nmpr,"pers,gens,topo",F:unclassified-name,Other Tanakh
169034,1422702,459713,2 Samuel,15,7,אבשלום,nmpr,pers,A:person-candidate,Other Tanakh
169035,1422702,459713,2 Samuel,15,7,אל,prep,,C:divine-title-candidate,Other Tanakh
169037,1422702,459713,2 Samuel,15,7,מלך,subs,,B:deity-candidate,Other Tanakh
169047,1422702,459716,2 Samuel,15,7,יהוה,nmpr,pers,E:YHWH,Other Tanakh
169049,1422702,459715,2 Samuel,15,7,חברון,nmpr,topo,F:unclassified-name,Other Tanakh
169057,1422703,459718,2 Samuel,15,8,גשור,nmpr,topo,F:unclassified-name,Other Tanakh
169059,1422703,459718,2 Samuel,15,8,ארם,nmpr,topo,F:unclassified-name,Other Tanakh
169065,1422703,459720,2 Samuel,15,8,יהוה,nmpr,pers,E:YHWH,Other Tanakh
169066,1422703,459720,2 Samuel,15,8,ירושלם,nmpr,topo,F:unclassified-name,Other Tanakh
169070,1422703,459721,2 Samuel,15,8,יהוה,nmpr,pers,E:YHWH,Other Tanakh
169075,1422704,459722,2 Samuel,15,9,מלך,subs,,B:deity-candidate,Other Tanakh
169083,1422704,459725,2 Samuel,15,9,חברון,nmpr,topo,F:unclassified-name,Other Tanakh
169086,1422705,459726,2 Samuel,15,10,אבשלום,nmpr,pers,A:person-candidate,Other Tanakh
169091,1422705,459726,2 Samuel,15,10,ישראל,nmpr,"pers,gens,topo",F:unclassified-name,Other Tanakh
169102,1422705,459730,2 Samuel,15,10,מלך,verb,,B:deity-candidate,Other Tanakh
169103,1422705,459730,2 Samuel,15,10,אבשלום,nmpr,pers,A:person-candidate,Other Tanakh
169105,1422705,459730,2 Samuel,15,10,חברון,nmpr,topo,F:unclassified-name,Other Tanakh
169108,1422706,459731,2 Samuel,15,11,אבשלום,nmpr,pers,A:person-candidate,Other Tanakh
169113,1422706,459731,2 Samuel,15,11,ירושלם,nmpr,topo,F:unclassified-name,Other Tanakh
169126,1422707,459735,2 Samuel,15,12,אבשלום,nmpr,pers,A:person-candidate,Other Tanakh
169128,1422707,459735,2 Samuel,15,12,אחיתפל,nmpr,pers,A:person-candidate,Other Tanakh
169132,1422707,459735,2 Samuel,15,12,דוד,nmpr,pers,A:person-candidate,Other Tanakh
169136,1422707,459735,2 Samuel,15,12,גלה,nmpr,topo,F:unclassified-name,Other Tanakh
169154,1422707,459739,2 Samuel,15,12,אבשלום,nmpr,pers,A:person-candidate,Other Tanakh
169159,1422708,459740,2 Samuel,15,13,אל,prep,,C:divine-title-candidate,Other Tanakh
169160,1422708,459740,2 Samuel,15,13,דוד,nmpr,pers,A:person-candidate,Other Tanakh
169166,1422708,459742,2 Samuel,15,13,ישראל,nmpr,"pers,gens,topo",F:unclassified-name,Other Tanakh
169168,1422708,459742,2 Samuel,15,13,אבשלום,nmpr,pers,A:person-candidate,Other Tanakh
169171,1422709,459743,2 Samuel,15,14,דוד,nmpr,pers,A:person-candidate,Other Tanakh
169178,1422709,459744,2 Samuel,15,14,ירושלם,nmpr,topo,F:unclassified-name,Other Tanakh
169189,1422709,459747,2 Samuel,15,14,אבשלום,nmpr,pers,A:person-candidate,Other Tanakh
169214,1422710,459754,2 Samuel,15,15,מלך,subs,,B:deity-candidate,Other Tanakh
169215,1422710,459754,2 Samuel,15,15,אל,prep,,C:divine-title-candidate,Other Tanakh
169217,1422710,459754,2 Samuel,15,15,מלך,subs,,B:deity-candidate,Other Tanakh
169224,1422710,459756,2 Samuel,15,15,מלך,subs,,B:deity-candidate,Other Tanakh
169230,1422711,459758,2 Samuel,15,16,מלך,subs,,B:deity-candidate,Other Tanakh
169239,1422711,459759,2 Samuel,15,16,מלך,subs,,B:deity-candidate,Other Tanakh
169251,1422712,459761,2 Samuel,15,17,מלך,subs,,B:deity-candidate,Other Tanakh
169289,1422713,459765,2 Samuel,15,18,גת,nmpr,topo,F:unclassified-name,Other Tanakh
169294,1422713,459764,2 Samuel,15,18,מלך,subs,,B:deity-candidate,Other Tanakh
169298,1422714,459766,2 Samuel,15,19,מלך,subs,,B:deity-candidate,Other Tanakh
169299,1422714,459766,2 Samuel,15,19,אל,prep,,C:divine-title-candidate,Other Tanakh
169300,1422714,459766,2 Samuel,15,19,אתי,nmpr,pers,A:person-candidate,Other Tanakh
169313,1422714,459769,2 Samuel,15,19,מלך,subs,,B:deity-candidate,Other Tanakh
169350,1422716,459780,2 Samuel,15,21,אתי,nmpr,pers,A:person-candidate,Other Tanakh
169353,1422716,459780,2 Samuel,15,21,מלך,subs,,B:deity-candidate,Other Tanakh
169357,1422716,459782,2 Samuel,15,21,יהוה,nmpr,pers,E:YHWH,Other Tanakh
169362,1422716,459783,2 Samuel,15,21,מלך,subs,,B:deity-candidate,Other Tanakh
169372,1422716,459785,2 Samuel,15,21,מלך,subs,,B:deity-candidate,Other Tanakh
169385,1422717,459789,2 Samuel,15,22,דוד,nmpr,pers,A:person-candidate,Other Tanakh
169386,1422717,459789,2 Samuel,15,22,אל,prep,,C:divine-title-candidate,Other Tanakh
169387,1422717,459789,2 Samuel,15,22,אתי,nmpr,pers,A:person-candidate,Other Tanakh
169393,1422717,459792,2 Samuel,15,22,אתי,nmpr,pers,A:person-candidate,Other Tanakh
169419,1422718,459796,2 Samuel,15,23,מלך,subs,,B:deity-candidate,Other Tanakh
169423,1422718,459796,2 Samuel,15,23,קדרון,nmpr,topo,F:unclassified-name,Other Tanakh
169438,1422719,459799,2 Samuel,15,24,צדוק,nmpr,pers,A:person-candidate,Other Tanakh
169449,1422719,459800,2 Samuel,15,24,אלהים,subs,,D:Elohim,Other Tanakh
169455,1422719,459801,2 Samuel,15,24,אלהים,subs,,D:Elohim,Other Tanakh
169458,1422719,459802,2 Samuel,15,24,אביתר,nmpr,pers,A:person-candidate,Other Tanakh
169472,1422720,459805,2 Samuel,15,25,מלך,subs,,B:deity-candidate,Other Tanakh
169474,1422720,459805,2 Samuel,15,25,צדוק,nmpr,pers,A:person-candidate,Other Tanakh
169479,1422720,459806,2 Samuel,15,25,אלהים,subs,,D:Elohim,Other Tanakh
169487,1422720,459807,2 Samuel,15,25,יהוה,nmpr,pers,E:YHWH,Other Tanakh
169514,1422722,459815,2 Samuel,15,27,מלך,subs,,B:deity-candidate,Other Tanakh
169515,1422722,459815,2 Samuel,15,27,אל,prep,,C:divine-title-candidate,Other Tanakh
169516,1422722,459815,2 Samuel,15,27,צדוק,nmpr,pers,A:person-candidate,Other Tanakh
169528,1422722,459818,2 Samuel,15,27,אחימעץ,nmpr,pers,A:person-candidate,Other Tanakh
169531,1422722,459818,2 Samuel,15,27,יהונתן,nmpr,pers,A:person-candidate,Other Tanakh
169533,1422722,459818,2 Samuel,15,27,אביתר,nmpr,pers,A:person-candidate,Other Tanakh
169554,1422724,459823,2 Samuel,15,29,צדוק,nmpr,pers,A:person-candidate,Other Tanakh
169556,1422724,459823,2 Samuel,15,29,אביתר,nmpr,pers,A:person-candidate,Other Tanakh
169560,1422724,459823,2 Samuel,15,29,אלהים,subs,,D:Elohim,Other Tanakh
169561,1422724,459823,2 Samuel,15,29,ירושלם,nmpr,topo,F:unclassified-name,Other Tanakh
169566,1422725,459825,2 Samuel,15,30,דוד,nmpr,pers,A:person-candidate,Other Tanakh
169598,1422726,459832,2 Samuel,15,31,דוד,nmpr,pers,A:person-candidate,Other Tanakh
169602,1422726,459834,2 Samuel,15,31,אחיתפל,nmpr,pers,A:person-candidate,Other Tanakh
169607,1422726,459834,2 Samuel,15,31,אבשלום,nmpr,pers,A:person-candidate,Other Tanakh
169610,1422726,459835,2 Samuel,15,31,דוד,nmpr,pers,A:person-candidate,Other Tanakh
169615,1422726,459836,2 Samuel,15,31,אחיתפל,nmpr,pers,A:person-candidate,Other Tanakh
169616,1422726,459837,2 Samuel,15,31,יהוה,nmpr,pers,E:YHWH,Other Tanakh
169619,1422727,459839,2 Samuel,15,32,דוד,nmpr,pers,A:person-candidate,Other Tanakh
169628,1422727,459840,2 Samuel,15,32,אלהים,subs,,D:Elohim,Other Tanakh
169633,1422727,459841,2 Samuel,15,32,חושי,nmpr,pers,A:person-candidate,Other Tanakh
169645,1422728,459845,2 Samuel,15,33,דוד,nmpr,pers,A:person-candidate,Other Tanakh
169662,1422729,459849,2 Samuel,15,34,אבשלום,nmpr,pers,A:person-candidate,Other Tanakh
169666,1422729,459851,2 Samuel,15,34,מלך,subs,,B:deity-candidate,Other Tanakh
169684,1422729,459856,2 Samuel,15,34,אחיתפל,nmpr,pers,A:person-candidate,Other Tanakh
169690,1422730,459857,2 Samuel,15,35,צדוק,nmpr,pers,A:person-candidate,Other Tanakh
169692,1422730,459857,2 Samuel,15,35,אביתר,nmpr,pers,A:person-candidate,Other Tanakh
169705,1422730,459860,2 Samuel,15,35,מלך,subs,,B:deity-candidate,Other Tanakh
169708,1422730,459859,2 Samuel,15,35,צדוק,nmpr,pers,A:person-candidate,Other Tanakh
169711,1422730,459859,2 Samuel,15,35,אביתר,nmpr,pers,A:person-candidate,Other Tanakh
169719,1422731,459862,2 Samuel,15,36,אחימעץ,nmpr,pers,A:person-candidate,Other Tanakh
169721,1422731,459862,2 Samuel,15,36,צדוק,nmpr,pers,A:person-candidate,Other Tanakh
169723,1422731,459863,2 Samuel,15,36,יהונתן,nmpr,pers,A:person-candidate,Other Tanakh
169725,1422731,459863,2 Samuel,15,36,אביתר,nmpr,pers,A:person-candidate,Other Tanakh
169730,1422731,459864,2 Samuel,15,36,אל,prep,,C:divine-title-candidate,Other Tanakh
169737,1422732,459866,2 Samuel,15,37,חושי,nmpr,pers,A:person-candidate,Other Tanakh
169739,1422732,459866,2 Samuel,15,37,דוד,nmpr,pers,A:person-candidate,Other Tanakh
169743,1422732,459867,2 Samuel,15,37,אבשלום,nmpr,pers,A:person-candidate,Other Tanakh
169745,1422732,459867,2 Samuel,15,37,ירושלם,nmpr,topo,F:unclassified-name,Other Tanakh
169747,1422733,459868,2 Samuel,16,1,דוד,nmpr,pers,A:person-candidate,Other Tanakh
169755,1422733,459869,2 Samuel,16,1,ציבא,nmpr,pers,A:person-candidate,Other Tanakh
169757,1422733,459869,2 Samuel,16,1,מפיבשת,nmpr,pers,A:person-candidate,Other Tanakh
169780,1422734,459873,2 Samuel,16,2,מלך,subs,,B:deity-candidate,Other Tanakh
169781,1422734,459873,2 Samuel,16,2,אל,prep,,C:divine-title-candidate,Other Tanakh
169782,1422734,459873,2 Samuel,16,2,ציבא,nmpr,pers,A:person-candidate,Other Tanakh
169788,1422734,459875,2 Samuel,16,2,ציבא,nmpr,pers,A:person-candidate,Other Tanakh
169794,1422734,459876,2 Samuel,16,2,מלך,subs,,B:deity-candidate,Other Tanakh
169820,1422735,459882,2 Samuel,16,3,מלך,subs,,B:deity-candidate,Other Tanakh
169827,1422735,459884,2 Samuel,16,3,ציבא,nmpr,pers,A:person-candidate,Other Tanakh
169828,1422735,459884,2 Samuel,16,3,אל,prep,,C:divine-title-candidate,Other Tanakh
169830,1422735,459884,2 Samuel,16,3,מלך,subs,,B:deity-candidate,Other Tanakh
169834,1422735,459885,2 Samuel,16,3,ירושלם,nmpr,topo,F:unclassified-name,Other Tanakh
169842,1422735,459887,2 Samuel,16,3,ישראל,nmpr,"pers,gens,topo",F:unclassified-name,Other Tanakh
169849,1422736,459888,2 Samuel,16,4,מלך,subs,,B:deity-candidate,Other Tanakh
169851,1422736,459888,2 Samuel,16,4,ציבא,nmpr,pers,A:person-candidate,Other Tanakh
169857,1422736,459890,2 Samuel,16,4,מפיבשת,nmpr,pers,A:person-candidate,Other Tanakh
169860,1422736,459891,2 Samuel,16,4,ציבא,nmpr,pers,A:person-candidate,Other Tanakh
169868,1422736,459894,2 Samuel,16,4,מלך,subs,,B:deity-candidate,Other Tanakh
169872,1422737,459895,2 Samuel,16,5,מלך,subs,,B:deity-candidate,Other Tanakh
169873,1422737,459895,2 Samuel,16,5,דוד,nmpr,pers,A:person-candidate,Other Tanakh
169875,1422737,459895,2 Samuel,16,5,בחרים,nmpr,topo,F:unclassified-name,Other Tanakh
169885,1422737,459896,2 Samuel,16,5,שאול,nmpr,pers,A:person-candidate,Other Tanakh
169888,1422737,459897,2 Samuel,16,5,שמעי,nmpr,pers,A:person-candidate,Other Tanakh
169890,1422737,459897,2 Samuel,16,5,גרא,nmpr,pers,A:person-candidate,Other Tanakh
169901,1422738,459900,2 Samuel,16,6,דוד,nmpr,pers,A:person-candidate,Other Tanakh
169907,1422738,459900,2 Samuel,16,6,מלך,subs,,B:deity-candidate,Other Tanakh
169908,1422738,459900,2 Samuel,16,6,דוד,nmpr,pers,A:person-candidate,Other Tanakh
169925,1422739,459902,2 Samuel,16,7,שמעי,nmpr,pers,A:person-candidate,Other Tanakh
169939,1422740,459907,2 Samuel,16,8,יהוה,nmpr,pers,E:YHWH,Other Tanakh
169943,1422740,459907,2 Samuel,16,8,שאול,nmpr,pers,A:person-candidate,Other Tanakh
169945,1422740,459908,2 Samuel,16,8,מלך,verb,,B:deity-candidate,Other Tanakh
169949,1422740,459909,2 Samuel,16,8,יהוה,nmpr,pers,E:YHWH,Other Tanakh
169955,1422740,459909,2 Samuel,16,8,אבשלום,nmpr,pers,A:person-candidate,Other Tanakh
169967,1422741,459912,2 Samuel,16,9,אבישי,nmpr,pers,A:person-candidate,Other Tanakh
169969,1422741,459912,2 Samuel,16,9,צרויה,nmpr,pers,A:person-candidate,Other Tanakh
169970,1422741,459912,2 Samuel,16,9,אל,prep,,C:divine-title-candidate,Other Tanakh
169972,1422741,459912,2 Samuel,16,9,מלך,subs,,B:deity-candidate,Other Tanakh
169984,1422741,459913,2 Samuel,16,9,מלך,subs,,B:deity-candidate,Other Tanakh
169994,1422742,459916,2 Samuel,16,10,מלך,subs,,B:deity-candidate,Other Tanakh
170000,1422742,459918,2 Samuel,16,10,צרויה,nmpr,pers,A:person-candidate,Other Tanakh
170004,1422742,459920,2 Samuel,16,10,יהוה,nmpr,pers,E:YHWH,Other Tanakh
170009,1422742,459921,2 Samuel,16,10,דוד,nmpr,pers,A:person-candidate,Other Tanakh
170018,1422743,459924,2 Samuel,16,11,דוד,nmpr,pers,A:person-candidate,Other Tanakh
170019,1422743,459924,2 Samuel,16,11,אל,prep,,C:divine-title-candidate,Other Tanakh
170020,1422743,459924,2 Samuel,16,11,אבישי,nmpr,pers,A:person-candidate,Other Tanakh
170022,1422743,459924,2 Samuel,16,11,אל,prep,,C:divine-title-candidate,Other Tanakh
170048,1422743,459930,2 Samuel,16,11,יהוה,nmpr,pers,E:YHWH,Other Tanakh
170051,1422744,459931,2 Samuel,16,12,יהוה,nmpr,pers,E:YHWH,Other Tanakh
170056,1422744,459932,2 Samuel,16,12,יהוה,nmpr,pers,E:YHWH,Other Tanakh
170067,1422745,459933,2 Samuel,16,13,דוד,nmpr,pers,A:person-candidate,Other Tanakh
170074,1422745,459934,2 Samuel,16,13,שמעי,nmpr,pers,A:person-candidate,Other Tanakh
170100,1422746,459939,2 Samuel,16,14,מלך,subs,,B:deity-candidate,Other Tanakh
170112,1422747,459942,2 Samuel,16,15,אבשלום,nmpr,pers,A:person-candidate,Other Tanakh
170118,1422747,459942,2 Samuel,16,15,ישראל,nmpr,"pers,gens,topo",F:unclassified-name,Other Tanakh
170120,1422747,459942,2 Samuel,16,15,ירושלם,nmpr,topo,F:unclassified-name,Other Tanakh
170122,1422747,459943,2 Samuel,16,15,אחיתפל,nmpr,pers,A:person-candidate,Other Tanakh
170129,1422748,459945,2 Samuel,16,16,חושי,nmpr,pers,A:person-candidate,Other Tanakh
170133,1422748,459945,2 Samuel,16,16,דוד,nmpr,pers,A:person-candidate,Other Tanakh
170134,1422748,459945,2 Samuel,16,16,אל,prep,,C:divine-title-candidate,Other Tanakh
170135,1422748,459945,2 Samuel,16,16,אבשלום,nmpr,pers,A:person-candidate,Other Tanakh
170138,1422748,459946,2 Samuel,16,16,חושי,nmpr,pers,A:person-candidate,Other Tanakh
170139,1422748,459946,2 Samuel,16,16,אל,prep,,C:divine-title-candidate,Other Tanakh
170140,1422748,459946,2 Samuel,16,16,אבשלום,nmpr,pers,A:person-candidate,Other Tanakh
170143,1422748,459947,2 Samuel,16,16,מלך,subs,,B:deity-candidate,Other Tanakh
170146,1422748,459948,2 Samuel,16,16,מלך,subs,,B:deity-candidate,Other Tanakh
170149,1422749,459949,2 Samuel,16,17,אבשלום,nmpr,pers,A:person-candidate,Other Tanakh
170150,1422749,459949,2 Samuel,16,17,אל,prep,,C:divine-title-candidate,Other Tanakh
170151,1422749,459949,2 Samuel,16,17,חושי,nmpr,pers,A:person-candidate,Other Tanakh
170163,1422750,459952,2 Samuel,16,18,חושי,nmpr,pers,A:person-candidate,Other Tanakh
170164,1422750,459952,2 Samuel,16,18,אל,prep,,C:divine-title-candidate,Other Tanakh
170165,1422750,459952,2 Samuel,16,18,אבשלום,nmpr,pers,A:person-candidate,Other Tanakh
170170,1422750,459955,2 Samuel,16,18,יהוה,nmpr,pers,E:YHWH,Other Tanakh
170179,1422750,459955,2 Samuel,16,18,ישראל,nmpr,"pers,gens,topo",F:unclassified-name,Other Tanakh
170209,1422752,459963,2 Samuel,16,20,אבשלום,nmpr,pers,A:person-candidate,Other Tanakh
170210,1422752,459963,2 Samuel,16,20,אל,prep,,C:divine-title-candidate,Other Tanakh
170211,1422752,459963,2 Samuel,16,20,אחיתפל,nmpr,pers,A:person-candidate,Other Tanakh
170219,1422753,459966,2 Samuel,16,21,אחיתפל,nmpr,pers,A:person-candidate,Other Tanakh
170220,1422753,459966,2 Samuel,16,21,אל,prep,,C:divine-title-candidate,Other Tanakh
170221,1422753,459966,2 Samuel,16,21,אבשלום,nmpr,pers,A:person-candidate,Other Tanakh
170223,1422753,459967,2 Samuel,16,21,אל,prep,,C:divine-title-candidate,Other Tanakh
170235,1422753,459970,2 Samuel,16,21,ישראל,nmpr,"pers,gens,topo",F:unclassified-name,Other Tanakh
170249,1422754,459974,2 Samuel,16,22,אבשלום,nmpr,pers,A:person-candidate,Other Tanakh
170257,1422754,459975,2 Samuel,16,22,אבשלום,nmpr,pers,A:person-candidate,Other Tanakh
170258,1422754,459975,2 Samuel,16,22,אל,prep,,C:divine-title-candidate,Other Tanakh
170264,1422754,459975,2 Samuel,16,22,ישראל,nmpr,"pers,gens,topo",F:unclassified-name,Other Tanakh
170267,1422755,459976,2 Samuel,16,23,אחיתפל,nmpr,pers,A:person-candidate,Other Tanakh
170282,1422755,459978,2 Samuel,16,23,אלהים,subs,,D:Elohim,Other Tanakh
170286,1422755,459979,2 Samuel,16,23,אחיתפל,nmpr,pers,A:person-candidate,Other Tanakh
170289,1422755,459979,2 Samuel,16,23,דוד,nmpr,pers,A:person-candidate,Other Tanakh
170292,1422755,459979,2 Samuel,16,23,אבשלום,nmpr,pers,A:person-candidate,Other Tanakh
170295,1422756,459980,2 Samuel,17,1,אחיתפל,nmpr,pers,A:person-candidate,Other Tanakh
170296,1422756,459980,2 Samuel,17,1,אל,prep,,C:divine-title-candidate,Other Tanakh
170297,1422756,459980,2 Samuel,17,1,אבשלום,nmpr,pers,A:person-candidate,Other Tanakh
170309,1422756,459983,2 Samuel,17,1,דוד,nmpr,pers,A:person-candidate,Other Tanakh
170335,1422757,459989,2 Samuel,17,2,מלך,subs,,B:deity-candidate,Other Tanakh
170343,1422758,459990,2 Samuel,17,3,אל,prep,,C:divine-title-candidate,Other Tanakh
170364,1422759,459995,2 Samuel,17,4,אבשלום,nmpr,pers,A:person-candidate,Other Tanakh
170370,1422759,459995,2 Samuel,17,4,ישראל,nmpr,"pers,gens,topo",F:unclassified-name,Other Tanakh
170373,1422760,459996,2 Samuel,17,5,אבשלום,nmpr,pers,A:person-candidate,Other Tanakh
170378,1422760,459997,2 Samuel,17,5,חושי,nmpr,pers,A:person-candidate,Other Tanakh
170390,1422761,460001,2 Samuel,17,6,חושי,nmpr,pers,A:person-candidate,Other Tanakh
170391,1422761,460001,2 Samuel,17,6,אל,prep,,C:divine-title-candidate,Other Tanakh
170392,1422761,460001,2 Samuel,17,6,אבשלום,nmpr,pers,A:person-candidate,Other Tanakh
170395,1422761,460002,2 Samuel,17,6,אבשלום,nmpr,pers,A:person-candidate,Other Tanakh
170396,1422761,460002,2 Samuel,17,6,אל,prep,,C:divine-title-candidate,Other Tanakh
170405,1422761,460004,2 Samuel,17,6,אחיתפל,nmpr,pers,A:person-candidate,Other Tanakh
170416,1422762,460008,2 Samuel,17,7,חושי,nmpr,pers,A:person-candidate,Other Tanakh
170417,1422762,460008,2 Samuel,17,7,אל,prep,,C:divine-title-candidate,Other Tanakh
170418,1422762,460008,2 Samuel,17,7,אבשלום,nmpr,pers,A:person-candidate,Other Tanakh
170425,1422762,460010,2 Samuel,17,7,אחיתפל,nmpr,pers,A:person-candidate,Other Tanakh
170433,1422763,460011,2 Samuel,17,8,חושי,nmpr,pers,A:person-candidate,Other Tanakh
170498,1422764,460024,2 Samuel,17,9,אבשלום,nmpr,pers,A:person-candidate,Other Tanakh
170515,1422765,460028,2 Samuel,17,10,ישראל,nmpr,"pers,gens,topo",F:unclassified-name,Other Tanakh
170530,1422766,460033,2 Samuel,17,11,ישראל,nmpr,"pers,gens,topo",F:unclassified-name,Other Tanakh
170532,1422766,460033,2 Samuel,17,11,דן,nmpr,"pers,gens,topo",F:unclassified-name,Other Tanakh
170536,1422766,460033,2 Samuel,17,11,שבע,nmpr,topo,F:unclassified-name,Other Tanakh
170554,1422767,460036,2 Samuel,17,12,אל,prep,,C:divine-title-candidate,Other Tanakh
170588,1422768,460042,2 Samuel,17,13,אל,prep,,C:divine-title-candidate,Other Tanakh
170594,1422768,460043,2 Samuel,17,13,ישראל,nmpr,"pers,gens,topo",F:unclassified-name,Other Tanakh
170595,1422768,460043,2 Samuel,17,13,אל,prep,,C:divine-title-candidate,Other Tanakh
170616,1422769,460046,2 Samuel,17,14,אבשלום,nmpr,pers,A:person-candidate,Other Tanakh
170620,1422769,460046,2 Samuel,17,14,ישראל,nmpr,"pers,gens,topo",F:unclassified-name,Other Tanakh
170623,1422769,460047,2 Samuel,17,14,חושי,nmpr,pers,A:person-candidate,Other Tanakh
170628,1422769,460047,2 Samuel,17,14,אחיתפל,nmpr,pers,A:person-candidate,Other Tanakh
170630,1422769,460048,2 Samuel,17,14,יהוה,nmpr,pers,E:YHWH,Other Tanakh
170636,1422769,460049,2 Samuel,17,14,אחיתפל,nmpr,pers,A:person-candidate,Other Tanakh
170643,1422769,460050,2 Samuel,17,14,יהוה,nmpr,pers,E:YHWH,Other Tanakh
170644,1422769,460050,2 Samuel,17,14,אל,prep,,C:divine-title-candidate,Other Tanakh
170645,1422769,460050,2 Samuel,17,14,אבשלום,nmpr,pers,A:person-candidate,Other Tanakh
170651,1422770,460051,2 Samuel,17,15,חושי,nmpr,pers,A:person-candidate,Other Tanakh
170652,1422770,460051,2 Samuel,17,15,אל,prep,,C:divine-title-candidate,Other Tanakh
170653,1422770,460051,2 Samuel,17,15,צדוק,nmpr,pers,A:person-candidate,Other Tanakh
170655,1422770,460051,2 Samuel,17,15,אל,prep,,C:divine-title-candidate,Other Tanakh
170656,1422770,460051,2 Samuel,17,15,אביתר,nmpr,pers,A:person-candidate,Other Tanakh
170665,1422770,460052,2 Samuel,17,15,אחיתפל,nmpr,pers,A:person-candidate,Other Tanakh
170667,1422770,460052,2 Samuel,17,15,אבשלום,nmpr,pers,A:person-candidate,Other Tanakh
170671,1422770,460052,2 Samuel,17,15,ישראל,nmpr,"pers,gens,topo",F:unclassified-name,Other Tanakh
170687,1422771,460056,2 Samuel,17,16,דוד,nmpr,pers,A:person-candidate,Other Tanakh
170690,1422771,460058,2 Samuel,17,16,אל,nega,,C:divine-title-candidate,Other Tanakh
170706,1422771,460060,2 Samuel,17,16,מלך,subs,,B:deity-candidate,Other Tanakh
170715,1422772,460062,2 Samuel,17,17,יהונתן,nmpr,pers,A:person-candidate,Other Tanakh
170717,1422772,460062,2 Samuel,17,17,אחימעץ,nmpr,pers,A:person-candidate,Other Tanakh
170720,1422772,460062,2 Samuel,17,17,עין רגל,nmpr,topo,F:unclassified-name,Other Tanakh
170735,1422772,460066,2 Samuel,17,17,מלך,subs,,B:deity-candidate,Other Tanakh
170736,1422772,460066,2 Samuel,17,17,דוד,nmpr,pers,A:person-candidate,Other Tanakh
170753,1422773,460071,2 Samuel,17,18,אבשלום,nmpr,pers,A:person-candidate,Other Tanakh
170760,1422773,460073,2 Samuel,17,18,אל,prep,,C:divine-title-candidate,Other Tanakh
170764,1422773,460073,2 Samuel,17,18,בחרים,nmpr,topo,F:unclassified-name,Other Tanakh
170798,1422775,460080,2 Samuel,17,20,אבשלום,nmpr,pers,A:person-candidate,Other Tanakh
170799,1422775,460080,2 Samuel,17,20,אל,prep,,C:divine-title-candidate,Other Tanakh
170807,1422775,460082,2 Samuel,17,20,אחימעץ,nmpr,pers,A:person-candidate,Other Tanakh
170809,1422775,460082,2 Samuel,17,20,יהונתן,nmpr,pers,A:person-candidate,Other Tanakh
170826,1422775,460087,2 Samuel,17,20,ירושלם,nmpr,topo,F:unclassified-name,Other Tanakh
170842,1422776,460092,2 Samuel,17,21,מלך,subs,,B:deity-candidate,Other Tanakh
170843,1422776,460092,2 Samuel,17,21,דוד,nmpr,pers,A:person-candidate,Other Tanakh
170846,1422776,460093,2 Samuel,17,21,אל,prep,,C:divine-title-candidate,Other Tanakh
170847,1422776,460093,2 Samuel,17,21,דוד,nmpr,pers,A:person-candidate,Other Tanakh
170859,1422776,460096,2 Samuel,17,21,אחיתפל,nmpr,pers,A:person-candidate,Other Tanakh
170862,1422777,460097,2 Samuel,17,22,דוד,nmpr,pers,A:person-candidate,Other Tanakh
170873,1422777,460099,2 Samuel,17,22,ירדן,nmpr,topo,F:unclassified-name,Other Tanakh
170887,1422777,460101,2 Samuel,17,22,ירדן,nmpr,topo,F:unclassified-name,Other Tanakh
170889,1422778,460102,2 Samuel,17,23,אחיתפל,nmpr,pers,A:person-candidate,Other Tanakh
170904,1422778,460106,2 Samuel,17,23,אל,prep,,C:divine-title-candidate,Other Tanakh
170906,1422778,460106,2 Samuel,17,23,אל,prep,,C:divine-title-candidate,Other Tanakh
170910,1422778,460107,2 Samuel,17,23,אל,prep,,C:divine-title-candidate,Other Tanakh
170922,1422779,460111,2 Samuel,17,24,דוד,nmpr,pers,A:person-candidate,Other Tanakh
170924,1422779,460111,2 Samuel,17,24,מחנים,nmpr,topo,F:unclassified-name,Other Tanakh
170926,1422779,460112,2 Samuel,17,24,אבשלום,nmpr,pers,A:person-candidate,Other Tanakh
170930,1422779,460112,2 Samuel,17,24,ירדן,nmpr,topo,F:unclassified-name,Other Tanakh
170935,1422779,460112,2 Samuel,17,24,ישראל,nmpr,"pers,gens,topo",F:unclassified-name,Other Tanakh
170939,1422780,460113,2 Samuel,17,25,עמשא,nmpr,pers,A:person-candidate,Other Tanakh
170941,1422780,460113,2 Samuel,17,25,אבשלום,nmpr,pers,A:person-candidate,Other Tanakh
170943,1422780,460113,2 Samuel,17,25,יואב,nmpr,pers,A:person-candidate,Other Tanakh
170948,1422780,460114,2 Samuel,17,25,עמשא,nmpr,pers,A:person-candidate,Other Tanakh
170953,1422780,460115,2 Samuel,17,25,יתרא,nmpr,pers,A:person-candidate,Other Tanakh
170958,1422780,460116,2 Samuel,17,25,אל,prep,,C:divine-title-candidate,Other Tanakh
170959,1422780,460116,2 Samuel,17,25,אביגיל,nmpr,pers,A:person-candidate,Other Tanakh
170961,1422780,460116,2 Samuel,17,25,נחש,nmpr,pers,A:person-candidate,Other Tanakh
170963,1422780,460116,2 Samuel,17,25,צרויה,nmpr,pers,A:person-candidate,Other Tanakh
170965,1422780,460116,2 Samuel,17,25,יואב,nmpr,pers,A:person-candidate,Other Tanakh
170968,1422781,460117,2 Samuel,17,26,ישראל,nmpr,"pers,gens,topo",F:unclassified-name,Other Tanakh
170970,1422781,460117,2 Samuel,17,26,אבשלום,nmpr,pers,A:person-candidate,Other Tanakh
170973,1422781,460117,2 Samuel,17,26,גלעד,nmpr,topo,F:unclassified-name,Other Tanakh
170978,1422782,460119,2 Samuel,17,27,דוד,nmpr,pers,A:person-candidate,Other Tanakh
170979,1422782,460119,2 Samuel,17,27,מחנים,nmpr,topo,F:unclassified-name,Other Tanakh
170981,1422782,460120,2 Samuel,17,27,שבי,nmpr,pers,A:person-candidate,Other Tanakh
170983,1422782,460120,2 Samuel,17,27,נחש,nmpr,pers,A:person-candidate,Other Tanakh
170985,1422782,460120,2 Samuel,17,27,רבה,nmpr,topo,F:unclassified-name,Other Tanakh
170987,1422782,460120,2 Samuel,17,27,עמון,nmpr,gens,F:unclassified-name,Other Tanakh
170989,1422782,460120,2 Samuel,17,27,מכיר,nmpr,"pers,gens",F:unclassified-name,Other Tanakh
170991,1422782,460120,2 Samuel,17,27,עמיאל,nmpr,pers,A:person-candidate,Other Tanakh
170993,1422782,460120,2 Samuel,17,27,לא דבר,nmpr,topo,F:unclassified-name,Other Tanakh
170995,1422782,460120,2 Samuel,17,27,ברזלי,nmpr,pers,A:person-candidate,Other Tanakh
170999,1422782,460120,2 Samuel,17,27,רגלים,nmpr,topo,F:unclassified-name,Other Tanakh
171031,1422784,460122,2 Samuel,17,29,דוד,nmpr,pers,A:person-candidate,Other Tanakh
171054,1422785,460127,2 Samuel,18,1,דוד,nmpr,pers,A:person-candidate,Other Tanakh
171070,1422786,460130,2 Samuel,18,2,דוד,nmpr,pers,A:person-candidate,Other Tanakh
171078,1422786,460131,2 Samuel,18,2,יואב,nmpr,pers,A:person-candidate,Other Tanakh
171084,1422786,460132,2 Samuel,18,2,אבישי,nmpr,pers,A:person-candidate,Other Tanakh
171086,1422786,460132,2 Samuel,18,2,צרויה,nmpr,pers,A:person-candidate,Other Tanakh
171088,1422786,460132,2 Samuel,18,2,יואב,nmpr,pers,A:person-candidate,Other Tanakh
171094,1422786,460133,2 Samuel,18,2,אתי,nmpr,pers,A:person-candidate,Other Tanakh
171100,1422786,460134,2 Samuel,18,2,מלך,subs,,B:deity-candidate,Other Tanakh
171101,1422786,460134,2 Samuel,18,2,אל,prep,,C:divine-title-candidate,Other Tanakh
171121,1422787,460139,2 Samuel,18,3,אל,prep,,C:divine-title-candidate,Other Tanakh
171129,1422787,460141,2 Samuel,18,3,אל,prep,,C:divine-title-candidate,Other Tanakh
171148,1422788,460147,2 Samuel,18,4,אל,prep,,C:divine-title-candidate,Other Tanakh
171150,1422788,460147,2 Samuel,18,4,מלך,subs,,B:deity-candidate,Other Tanakh
171159,1422788,460150,2 Samuel,18,4,מלך,subs,,B:deity-candidate,Other Tanakh
171160,1422788,460150,2 Samuel,18,4,אל,prep,,C:divine-title-candidate,Other Tanakh
171177,1422789,460152,2 Samuel,18,5,מלך,subs,,B:deity-candidate,Other Tanakh
171179,1422789,460152,2 Samuel,18,5,יואב,nmpr,pers,A:person-candidate,Other Tanakh
171182,1422789,460152,2 Samuel,18,5,אבישי,nmpr,pers,A:person-candidate,Other Tanakh
171185,1422789,460152,2 Samuel,18,5,אתי,nmpr,pers,A:person-candidate,Other Tanakh
171195,1422789,460154,2 Samuel,18,5,אבשלום,nmpr,pers,A:person-candidate,Other Tanakh
171204,1422789,460156,2 Samuel,18,5,מלך,subs,,B:deity-candidate,Other Tanakh
171211,1422789,460156,2 Samuel,18,5,אבשלום,nmpr,pers,A:person-candidate,Other Tanakh
171220,1422790,460158,2 Samuel,18,6,ישראל,nmpr,"pers,gens,topo",F:unclassified-name,Other Tanakh
171227,1422790,460159,2 Samuel,18,6,אפרים,nmpr,"pers,gens,topo",F:unclassified-name,Other Tanakh
171232,1422791,460160,2 Samuel,18,7,ישראל,nmpr,"pers,gens,topo",F:unclassified-name,Other Tanakh
171236,1422791,460160,2 Samuel,18,7,דוד,nmpr,pers,A:person-candidate,Other Tanakh
171282,1422793,460166,2 Samuel,18,9,אבשלום,nmpr,pers,A:person-candidate,Other Tanakh
171286,1422793,460166,2 Samuel,18,9,דוד,nmpr,pers,A:person-candidate,Other Tanakh
171288,1422793,460167,2 Samuel,18,9,אבשלום,nmpr,pers,A:person-candidate,Other Tanakh
171331,1422794,460174,2 Samuel,18,10,יואב,nmpr,pers,A:person-candidate,Other Tanakh
171337,1422794,460177,2 Samuel,18,10,אבשלום,nmpr,pers,A:person-candidate,Other Tanakh
171344,1422795,460179,2 Samuel,18,11,יואב,nmpr,pers,A:person-candidate,Other Tanakh
171374,1422796,460186,2 Samuel,18,12,אל,prep,,C:divine-title-candidate,Other Tanakh
171375,1422796,460186,2 Samuel,18,12,יואב,nmpr,pers,A:person-candidate,Other Tanakh
171387,1422796,460188,2 Samuel,18,12,אל,prep,,C:divine-title-candidate,Other Tanakh
171390,1422796,460188,2 Samuel,18,12,מלך,subs,,B:deity-candidate,Other Tanakh
171396,1422796,460189,2 Samuel,18,12,מלך,subs,,B:deity-candidate,Other Tanakh
171400,1422796,460189,2 Samuel,18,12,אבישי,nmpr,pers,A:person-candidate,Other Tanakh
171403,1422796,460189,2 Samuel,18,12,אתי,nmpr,pers,A:person-candidate,Other Tanakh
171412,1422796,460191,2 Samuel,18,12,אבשלום,nmpr,pers,A:person-candidate,Other Tanakh
171425,1422797,460193,2 Samuel,18,13,מלך,subs,,B:deity-candidate,Other Tanakh
171433,1422798,460195,2 Samuel,18,14,יואב,nmpr,pers,A:person-candidate,Other Tanakh
171449,1422798,460198,2 Samuel,18,14,אבשלום,nmpr,pers,A:person-candidate,Other Tanakh
171462,1422799,460200,2 Samuel,18,15,יואב,nmpr,pers,A:person-candidate,Other Tanakh
171466,1422799,460201,2 Samuel,18,15,אבשלום,nmpr,pers,A:person-candidate,Other Tanakh
171471,1422800,460203,2 Samuel,18,16,יואב,nmpr,pers,A:person-candidate,Other Tanakh
171482,1422800,460205,2 Samuel,18,16,ישראל,nmpr,"pers,gens,topo",F:unclassified-name,Other Tanakh
171485,1422800,460206,2 Samuel,18,16,יואב,nmpr,pers,A:person-candidate,Other Tanakh
171492,1422801,460207,2 Samuel,18,17,אבשלום,nmpr,pers,A:person-candidate,Other Tanakh
171499,1422801,460208,2 Samuel,18,17,אל,prep,,C:divine-title-candidate,Other Tanakh
171513,1422801,460210,2 Samuel,18,17,ישראל,nmpr,"pers,gens,topo",F:unclassified-name,Other Tanakh
171519,1422802,460212,2 Samuel,18,18,אבשלום,nmpr,pers,A:person-candidate,Other Tanakh
171532,1422802,460214,2 Samuel,18,18,מלך,subs,,B:deity-candidate,Other Tanakh
171553,1422802,460219,2 Samuel,18,18,אבשלום,nmpr,pers,A:person-candidate,Other Tanakh
171560,1422803,460220,2 Samuel,18,19,אחימעץ,nmpr,pers,A:person-candidate,Other Tanakh
171562,1422803,460220,2 Samuel,18,19,צדוק,nmpr,pers,A:person-candidate,Other Tanakh
171570,1422803,460222,2 Samuel,18,19,מלך,subs,,B:deity-candidate,Other Tanakh
171573,1422803,460223,2 Samuel,18,19,יהוה,nmpr,pers,E:YHWH,Other Tanakh
171580,1422804,460224,2 Samuel,18,20,יואב,nmpr,pers,A:person-candidate,Other Tanakh
171606,1422804,460228,2 Samuel,18,20,מלך,subs,,B:deity-candidate,Other Tanakh
171610,1422805,460229,2 Samuel,18,21,יואב,nmpr,pers,A:person-candidate,Other Tanakh
171618,1422805,460231,2 Samuel,18,21,מלך,subs,,B:deity-candidate,Other Tanakh
171625,1422805,460233,2 Samuel,18,21,יואב,nmpr,pers,A:person-candidate,Other Tanakh
171631,1422806,460235,2 Samuel,18,22,אחימעץ,nmpr,pers,A:person-candidate,Other Tanakh
171633,1422806,460235,2 Samuel,18,22,צדוק,nmpr,pers,A:person-candidate,Other Tanakh
171636,1422806,460236,2 Samuel,18,22,אל,prep,,C:divine-title-candidate,Other Tanakh
171637,1422806,460236,2 Samuel,18,22,יואב,nmpr,pers,A:person-candidate,Other Tanakh
171650,1422806,460239,2 Samuel,18,22,יואב,nmpr,pers,A:person-candidate,Other Tanakh
171671,1422807,460247,2 Samuel,18,23,אחימעץ,nmpr,pers,A:person-candidate,Other Tanakh
171681,1422808,460249,2 Samuel,18,24,דוד,nmpr,pers,A:person-candidate,Other Tanakh
171691,1422808,460250,2 Samuel,18,24,אל,prep,,C:divine-title-candidate,Other Tanakh
171695,1422808,460250,2 Samuel,18,24,אל,prep,,C:divine-title-candidate,Other Tanakh
171718,1422809,460255,2 Samuel,18,25,מלך,subs,,B:deity-candidate,Other Tanakh
171722,1422809,460256,2 Samuel,18,25,מלך,subs,,B:deity-candidate,Other Tanakh
171745,1422810,460262,2 Samuel,18,26,אל,prep,,C:divine-title-candidate,Other Tanakh
171758,1422810,460265,2 Samuel,18,26,מלך,subs,,B:deity-candidate,Other Tanakh
171774,1422811,460268,2 Samuel,18,27,אחימעץ,nmpr,pers,A:person-candidate,Other Tanakh
171776,1422811,460268,2 Samuel,18,27,צדוק,nmpr,pers,A:person-candidate,Other Tanakh
171780,1422811,460269,2 Samuel,18,27,מלך,subs,,B:deity-candidate,Other Tanakh
171785,1422811,460271,2 Samuel,18,27,אל,prep,,C:divine-title-candidate,Other Tanakh
171791,1422812,460272,2 Samuel,18,28,אחימעץ,nmpr,pers,A:person-candidate,Other Tanakh
171794,1422812,460273,2 Samuel,18,28,אל,prep,,C:divine-title-candidate,Other Tanakh
171796,1422812,460273,2 Samuel,18,28,מלך,subs,,B:deity-candidate,Other Tanakh
171802,1422812,460275,2 Samuel,18,28,מלך,subs,,B:deity-candidate,Other Tanakh
171809,1422812,460277,2 Samuel,18,28,יהוה,nmpr,pers,E:YHWH,Other Tanakh
171810,1422812,460277,2 Samuel,18,28,אלהים,subs,,D:Elohim,Other Tanakh
171823,1422812,460279,2 Samuel,18,28,מלך,subs,,B:deity-candidate,Other Tanakh
171827,1422813,460280,2 Samuel,18,29,מלך,subs,,B:deity-candidate,Other Tanakh
171833,1422813,460281,2 Samuel,18,29,אבשלום,nmpr,pers,A:person-candidate,Other Tanakh
171836,1422813,460282,2 Samuel,18,29,אחימעץ,nmpr,pers,A:person-candidate,Other Tanakh
171847,1422813,460284,2 Samuel,18,29,מלך,subs,,B:deity-candidate,Other Tanakh
171848,1422813,460284,2 Samuel,18,29,יואב,nmpr,pers,A:person-candidate,Other Tanakh
171859,1422814,460286,2 Samuel,18,30,מלך,subs,,B:deity-candidate,Other Tanakh
171879,1422815,460293,2 Samuel,18,31,מלך,subs,,B:deity-candidate,Other Tanakh
171882,1422815,460294,2 Samuel,18,31,יהוה,nmpr,pers,E:YHWH,Other Tanakh
171894,1422816,460296,2 Samuel,18,32,מלך,subs,,B:deity-candidate,Other Tanakh
171895,1422816,460296,2 Samuel,18,32,אל,prep,,C:divine-title-candidate,Other Tanakh
171904,1422816,460297,2 Samuel,18,32,אבשלום,nmpr,pers,A:person-candidate,Other Tanakh
171916,1422816,460299,2 Samuel,18,32,מלך,subs,,B:deity-candidate,Other Tanakh
171927,1422817,460302,2 Samuel,19,1,מלך,subs,,B:deity-candidate,Other Tanakh
171942,1422817,460307,2 Samuel,19,1,אבשלום,nmpr,pers,A:person-candidate,Other Tanakh
171945,1422817,460308,2 Samuel,19,1,אבשלום,nmpr,pers,A:person-candidate,Other Tanakh
171951,1422817,460311,2 Samuel,19,1,אבשלום,nmpr,pers,A:person-candidate,Other Tanakh
171957,1422818,460312,2 Samuel,19,2,יואב,nmpr,pers,A:person-candidate,Other Tanakh
171960,1422818,460313,2 Samuel,19,2,מלך,subs,,B:deity-candidate,Other Tanakh
171965,1422818,460314,2 Samuel,19,2,אבשלום,nmpr,pers,A:person-candidate,Other Tanakh
171994,1422819,460318,2 Samuel,19,3,מלך,subs,,B:deity-candidate,Other Tanakh
172024,1422821,460324,2 Samuel,19,5,מלך,subs,,B:deity-candidate,Other Tanakh
172031,1422821,460325,2 Samuel,19,5,מלך,subs,,B:deity-candidate,Other Tanakh
172035,1422821,460326,2 Samuel,19,5,אבשלום,nmpr,pers,A:person-candidate,Other Tanakh
172036,1422821,460327,2 Samuel,19,5,אבשלום,nmpr,pers,A:person-candidate,Other Tanakh
172041,1422822,460328,2 Samuel,19,6,יואב,nmpr,pers,A:person-candidate,Other Tanakh
172042,1422822,460328,2 Samuel,19,6,אל,prep,,C:divine-title-candidate,Other Tanakh
172044,1422822,460328,2 Samuel,19,6,מלך,subs,,B:deity-candidate,Other Tanakh
172099,1422823,460338,2 Samuel,19,7,אבשלום,nmpr,pers,A:person-candidate,Other Tanakh
172122,1422824,460345,2 Samuel,19,8,יהוה,nmpr,pers,E:YHWH,Other Tanakh
172151,1422825,460350,2 Samuel,19,9,מלך,subs,,B:deity-candidate,Other Tanakh
172167,1422825,460354,2 Samuel,19,9,מלך,subs,,B:deity-candidate,Other Tanakh
172180,1422825,460355,2 Samuel,19,9,מלך,subs,,B:deity-candidate,Other Tanakh
172182,1422825,460356,2 Samuel,19,9,ישראל,nmpr,"pers,gens,topo",F:unclassified-name,Other Tanakh
172196,1422826,460359,2 Samuel,19,10,ישראל,nmpr,"pers,gens,topo",F:unclassified-name,Other Tanakh
172200,1422826,460361,2 Samuel,19,10,מלך,subs,,B:deity-candidate,Other Tanakh
172219,1422826,460363,2 Samuel,19,10,אבשלום,nmpr,pers,A:person-candidate,Other Tanakh
172221,1422827,460364,2 Samuel,19,11,אבשלום,nmpr,pers,A:person-candidate,Other Tanakh
172238,1422827,460368,2 Samuel,19,11,מלך,subs,,B:deity-candidate,Other Tanakh
172241,1422828,460369,2 Samuel,19,12,מלך,subs,,B:deity-candidate,Other Tanakh
172242,1422828,460369,2 Samuel,19,12,דוד,nmpr,pers,A:person-candidate,Other Tanakh
172244,1422828,460369,2 Samuel,19,12,אל,prep,,C:divine-title-candidate,Other Tanakh
172245,1422828,460369,2 Samuel,19,12,צדוק,nmpr,pers,A:person-candidate,Other Tanakh
172247,1422828,460369,2 Samuel,19,12,אל,prep,,C:divine-title-candidate,Other Tanakh
172248,1422828,460369,2 Samuel,19,12,אביתר,nmpr,pers,A:person-candidate,Other Tanakh
172254,1422828,460371,2 Samuel,19,12,אל,prep,,C:divine-title-candidate,Other Tanakh
172256,1422828,460371,2 Samuel,19,12,יהודה,nmpr,"pers,gens,topo",F:unclassified-name,Other Tanakh
172266,1422828,460374,2 Samuel,19,12,מלך,subs,,B:deity-candidate,Other Tanakh
172267,1422828,460374,2 Samuel,19,12,אל,prep,,C:divine-title-candidate,Other Tanakh
172272,1422828,460375,2 Samuel,19,12,ישראל,nmpr,"pers,gens,topo",F:unclassified-name,Other Tanakh
172274,1422828,460375,2 Samuel,19,12,אל,prep,,C:divine-title-candidate,Other Tanakh
172276,1422828,460375,2 Samuel,19,12,מלך,subs,,B:deity-candidate,Other Tanakh
172277,1422828,460375,2 Samuel,19,12,אל,prep,,C:divine-title-candidate,Other Tanakh
172293,1422829,460379,2 Samuel,19,13,מלך,subs,,B:deity-candidate,Other Tanakh
172296,1422830,460380,2 Samuel,19,14,עמשא,nmpr,pers,A:person-candidate,Other Tanakh
172307,1422830,460382,2 Samuel,19,14,אלהים,subs,,D:Elohim,Other Tanakh
172322,1422830,460384,2 Samuel,19,14,יואב,nmpr,pers,A:person-candidate,Other Tanakh
172329,1422831,460385,2 Samuel,19,15,יהודה,nmpr,"pers,gens,topo",F:unclassified-name,Other Tanakh
172335,1422831,460386,2 Samuel,19,15,אל,prep,,C:divine-title-candidate,Other Tanakh
172337,1422831,460386,2 Samuel,19,15,מלך,subs,,B:deity-candidate,Other Tanakh
172346,1422832,460388,2 Samuel,19,16,מלך,subs,,B:deity-candidate,Other Tanakh
172351,1422832,460389,2 Samuel,19,16,ירדן,nmpr,topo,F:unclassified-name,Other Tanakh
172353,1422832,460390,2 Samuel,19,16,יהודה,nmpr,"pers,gens,topo",F:unclassified-name,Other Tanakh
172356,1422832,460390,2 Samuel,19,16,גלגל,nmpr,topo,F:unclassified-name,Other Tanakh
172362,1422832,460392,2 Samuel,19,16,מלך,subs,,B:deity-candidate,Other Tanakh
172367,1422832,460393,2 Samuel,19,16,מלך,subs,,B:deity-candidate,Other Tanakh
172370,1422832,460393,2 Samuel,19,16,ירדן,nmpr,topo,F:unclassified-name,Other Tanakh
172373,1422833,460394,2 Samuel,19,17,שמעי,nmpr,pers,A:person-candidate,Other Tanakh
172375,1422833,460394,2 Samuel,19,17,גרא,nmpr,pers,A:person-candidate,Other Tanakh
172381,1422833,460395,2 Samuel,19,17,בחרים,nmpr,topo,F:unclassified-name,Other Tanakh
172386,1422833,460396,2 Samuel,19,17,יהודה,nmpr,"pers,gens,topo",F:unclassified-name,Other Tanakh
172390,1422833,460397,2 Samuel,19,17,מלך,subs,,B:deity-candidate,Other Tanakh
172391,1422833,460397,2 Samuel,19,17,דוד,nmpr,pers,A:person-candidate,Other Tanakh
172397,1422834,460398,2 Samuel,19,18,בנימן,nmpr,"pers,gens,topo",F:unclassified-name,Other Tanakh
172399,1422834,460399,2 Samuel,19,18,ציבא,nmpr,pers,A:person-candidate,Other Tanakh
172402,1422834,460399,2 Samuel,19,18,שאול,nmpr,pers,A:person-candidate,Other Tanakh
172414,1422834,460401,2 Samuel,19,18,ירדן,nmpr,topo,F:unclassified-name,Other Tanakh
172418,1422834,460401,2 Samuel,19,18,מלך,subs,,B:deity-candidate,Other Tanakh
172428,1422835,460403,2 Samuel,19,19,מלך,subs,,B:deity-candidate,Other Tanakh
172437,1422835,460406,2 Samuel,19,19,שמעי,nmpr,pers,A:person-candidate,Other Tanakh
172439,1422835,460406,2 Samuel,19,19,גרא,nmpr,pers,A:person-candidate,Other Tanakh
172444,1422835,460406,2 Samuel,19,19,מלך,subs,,B:deity-candidate,Other Tanakh
172449,1422835,460407,2 Samuel,19,19,ירדן,nmpr,topo,F:unclassified-name,Other Tanakh
172452,1422836,460408,2 Samuel,19,20,אל,prep,,C:divine-title-candidate,Other Tanakh
172454,1422836,460408,2 Samuel,19,20,מלך,subs,,B:deity-candidate,Other Tanakh
172455,1422836,460409,2 Samuel,19,20,אל,nega,,C:divine-title-candidate,Other Tanakh
172461,1422836,460410,2 Samuel,19,20,אל,nega,,C:divine-title-candidate,Other Tanakh
172474,1422836,460412,2 Samuel,19,20,מלך,subs,,B:deity-candidate,Other Tanakh
172476,1422836,460412,2 Samuel,19,20,ירושלם,nmpr,topo,F:unclassified-name,Other Tanakh
172480,1422836,460413,2 Samuel,19,20,מלך,subs,,B:deity-candidate,Other Tanakh
172481,1422836,460413,2 Samuel,19,20,אל,prep,,C:divine-title-candidate,Other Tanakh
172498,1422837,460417,2 Samuel,19,21,יוסף,nmpr,pers,A:person-candidate,Other Tanakh
172505,1422837,460419,2 Samuel,19,21,מלך,subs,,B:deity-candidate,Other Tanakh
172508,1422838,460420,2 Samuel,19,22,אבישי,nmpr,pers,A:person-candidate,Other Tanakh
172510,1422838,460420,2 Samuel,19,22,צרויה,nmpr,pers,A:person-candidate,Other Tanakh
172518,1422838,460422,2 Samuel,19,22,שמעי,nmpr,pers,A:person-candidate,Other Tanakh
172523,1422838,460423,2 Samuel,19,22,יהוה,nmpr,pers,E:YHWH,Other Tanakh
172526,1422839,460424,2 Samuel,19,23,דוד,nmpr,pers,A:person-candidate,Other Tanakh
172532,1422839,460426,2 Samuel,19,23,צרויה,nmpr,pers,A:person-candidate,Other Tanakh
172545,1422839,460428,2 Samuel,19,23,ישראל,nmpr,"pers,gens,topo",F:unclassified-name,Other Tanakh
172554,1422839,460430,2 Samuel,19,23,מלך,subs,,B:deity-candidate,Other Tanakh
172556,1422839,460430,2 Samuel,19,23,ישראל,nmpr,"pers,gens,topo",F:unclassified-name,Other Tanakh
172560,1422840,460431,2 Samuel,19,24,מלך,subs,,B:deity-candidate,Other Tanakh
172561,1422840,460431,2 Samuel,19,24,אל,prep,,C:divine-title-candidate,Other Tanakh
172562,1422840,460431,2 Samuel,19,24,שמעי,nmpr,pers,A:person-candidate,Other Tanakh
172569,1422840,460433,2 Samuel,19,24,מלך,subs,,B:deity-candidate,Other Tanakh
172571,1422841,460434,2 Samuel,19,25,מפיבשת,nmpr,pers,A:person-candidate,Other Tanakh
172573,1422841,460434,2 Samuel,19,25,שאול,nmpr,pers,A:person-candidate,Other Tanakh
172578,1422841,460435,2 Samuel,19,25,מלך,subs,,B:deity-candidate,Other Tanakh
172598,1422841,460439,2 Samuel,19,25,מלך,subs,,B:deity-candidate,Other Tanakh
172610,1422842,460442,2 Samuel,19,26,ירושלם,nmpr,topo,F:unclassified-name,Other Tanakh
172614,1422842,460443,2 Samuel,19,26,מלך,subs,,B:deity-candidate,Other Tanakh
172619,1422842,460444,2 Samuel,19,26,מלך,subs,,B:deity-candidate,Other Tanakh
172624,1422842,460446,2 Samuel,19,26,מפיבשת,nmpr,pers,A:person-candidate,Other Tanakh
172629,1422843,460448,2 Samuel,19,27,מלך,subs,,B:deity-candidate,Other Tanakh
172646,1422843,460453,2 Samuel,19,27,מלך,subs,,B:deity-candidate,Other Tanakh
172654,1422844,460455,2 Samuel,19,28,אל,prep,,C:divine-title-candidate,Other Tanakh
172657,1422844,460455,2 Samuel,19,28,מלך,subs,,B:deity-candidate,Other Tanakh
172661,1422844,460456,2 Samuel,19,28,מלך,subs,,B:deity-candidate,Other Tanakh
172665,1422844,460456,2 Samuel,19,28,אלהים,subs,,D:Elohim,Other Tanakh
172685,1422845,460460,2 Samuel,19,29,מלך,subs,,B:deity-candidate,Other Tanakh
172703,1422845,460463,2 Samuel,19,29,אל,prep,,C:divine-title-candidate,Other Tanakh
172705,1422845,460463,2 Samuel,19,29,מלך,subs,,B:deity-candidate,Other Tanakh
172710,1422846,460464,2 Samuel,19,30,מלך,subs,,B:deity-candidate,Other Tanakh
172718,1422846,460467,2 Samuel,19,30,ציבא,nmpr,pers,A:person-candidate,Other Tanakh
172725,1422847,460468,2 Samuel,19,31,מפיבשת,nmpr,pers,A:person-candidate,Other Tanakh
172726,1422847,460468,2 Samuel,19,31,אל,prep,,C:divine-title-candidate,Other Tanakh
172728,1422847,460468,2 Samuel,19,31,מלך,subs,,B:deity-candidate,Other Tanakh
172739,1422847,460470,2 Samuel,19,31,מלך,subs,,B:deity-candidate,Other Tanakh
172742,1422847,460470,2 Samuel,19,31,אל,prep,,C:divine-title-candidate,Other Tanakh
172745,1422848,460471,2 Samuel,19,32,ברזלי,nmpr,pers,A:person-candidate,Other Tanakh
172750,1422848,460471,2 Samuel,19,32,רגלים,nmpr,topo,F:unclassified-name,Other Tanakh
172755,1422848,460472,2 Samuel,19,32,מלך,subs,,B:deity-candidate,Other Tanakh
172757,1422848,460472,2 Samuel,19,32,ירדן,nmpr,topo,F:unclassified-name,Other Tanakh
172762,1422848,460473,2 Samuel,19,32,ירדן,nmpr,topo,F:unclassified-name,Other Tanakh
172764,1422849,460474,2 Samuel,19,33,ברזלי,nmpr,pers,A:person-candidate,Other Tanakh
172775,1422849,460476,2 Samuel,19,33,מלך,subs,,B:deity-candidate,Other Tanakh
172779,1422849,460476,2 Samuel,19,33,מחנים,nmpr,topo,F:unclassified-name,Other Tanakh
172788,1422850,460478,2 Samuel,19,34,מלך,subs,,B:deity-candidate,Other Tanakh
172789,1422850,460478,2 Samuel,19,34,אל,prep,,C:divine-title-candidate,Other Tanakh
172790,1422850,460478,2 Samuel,19,34,ברזלי,nmpr,pers,A:person-candidate,Other Tanakh
172799,1422850,460480,2 Samuel,19,34,ירושלם,nmpr,topo,F:unclassified-name,Other Tanakh
172802,1422851,460481,2 Samuel,19,35,ברזלי,nmpr,pers,A:person-candidate,Other Tanakh
172803,1422851,460481,2 Samuel,19,35,אל,prep,,C:divine-title-candidate,Other Tanakh
172805,1422851,460481,2 Samuel,19,35,מלך,subs,,B:deity-candidate,Other Tanakh
172815,1422851,460483,2 Samuel,19,35,מלך,subs,,B:deity-candidate,Other Tanakh
172816,1422851,460483,2 Samuel,19,35,ירושלם,nmpr,topo,F:unclassified-name,Other Tanakh
172854,1422852,460490,2 Samuel,19,36,אל,prep,,C:divine-title-candidate,Other Tanakh
172857,1422852,460490,2 Samuel,19,36,מלך,subs,,B:deity-candidate,Other Tanakh
172864,1422853,460491,2 Samuel,19,37,ירדן,nmpr,topo,F:unclassified-name,Other Tanakh
172867,1422853,460491,2 Samuel,19,37,מלך,subs,,B:deity-candidate,Other Tanakh
172872,1422853,460492,2 Samuel,19,37,מלך,subs,,B:deity-candidate,Other Tanakh
172892,1422854,460495,2 Samuel,19,38,כמהם,nmpr,pers,A:person-candidate,Other Tanakh
172897,1422854,460495,2 Samuel,19,38,מלך,subs,,B:deity-candidate,Other Tanakh
172909,1422855,460498,2 Samuel,19,39,מלך,subs,,B:deity-candidate,Other Tanakh
172912,1422855,460499,2 Samuel,19,39,כמהם,nmpr,pers,A:person-candidate,Other Tanakh
172936,1422856,460504,2 Samuel,19,40,ירדן,nmpr,topo,F:unclassified-name,Other Tanakh
172939,1422856,460505,2 Samuel,19,40,מלך,subs,,B:deity-candidate,Other Tanakh
172944,1422856,460506,2 Samuel,19,40,מלך,subs,,B:deity-candidate,Other Tanakh
172946,1422856,460506,2 Samuel,19,40,ברזלי,nmpr,pers,A:person-candidate,Other Tanakh
172956,1422857,460509,2 Samuel,19,41,מלך,subs,,B:deity-candidate,Other Tanakh
172958,1422857,460509,2 Samuel,19,41,גלגל,nmpr,topo,F:unclassified-name,Other Tanakh
172960,1422857,460510,2 Samuel,19,41,כמהן,nmpr,pers,A:person-candidate,Other Tanakh
172966,1422857,460511,2 Samuel,19,41,יהודה,nmpr,"pers,gens,topo",F:unclassified-name,Other Tanakh
172970,1422857,460511,2 Samuel,19,41,מלך,subs,,B:deity-candidate,Other Tanakh
172975,1422857,460511,2 Samuel,19,41,ישראל,nmpr,"pers,gens,topo",F:unclassified-name,Other Tanakh
172980,1422858,460512,2 Samuel,19,42,ישראל,nmpr,"pers,gens,topo",F:unclassified-name,Other Tanakh
172982,1422858,460512,2 Samuel,19,42,אל,prep,,C:divine-title-candidate,Other Tanakh
172984,1422858,460512,2 Samuel,19,42,מלך,subs,,B:deity-candidate,Other Tanakh
172987,1422858,460513,2 Samuel,19,42,אל,prep,,C:divine-title-candidate,Other Tanakh
172989,1422858,460513,2 Samuel,19,42,מלך,subs,,B:deity-candidate,Other Tanakh
172994,1422858,460514,2 Samuel,19,42,יהודה,nmpr,"pers,gens,topo",F:unclassified-name,Other Tanakh
172999,1422858,460515,2 Samuel,19,42,מלך,subs,,B:deity-candidate,Other Tanakh
173005,1422858,460515,2 Samuel,19,42,ירדן,nmpr,topo,F:unclassified-name,Other Tanakh
173009,1422858,460516,2 Samuel,19,42,דוד,nmpr,pers,A:person-candidate,Other Tanakh
173015,1422859,460517,2 Samuel,19,43,יהודה,nmpr,"pers,gens,topo",F:unclassified-name,Other Tanakh
173018,1422859,460517,2 Samuel,19,43,ישראל,nmpr,"pers,gens,topo",F:unclassified-name,Other Tanakh
173022,1422859,460518,2 Samuel,19,43,מלך,subs,,B:deity-candidate,Other Tanakh
173023,1422859,460518,2 Samuel,19,43,אל,prep,,C:divine-title-candidate,Other Tanakh
173039,1422859,460520,2 Samuel,19,43,מלך,subs,,B:deity-candidate,Other Tanakh
173047,1422860,460522,2 Samuel,19,44,ישראל,nmpr,"pers,gens,topo",F:unclassified-name,Other Tanakh
173050,1422860,460522,2 Samuel,19,44,יהודה,nmpr,"pers,gens,topo",F:unclassified-name,Other Tanakh
173058,1422860,460524,2 Samuel,19,44,מלך,subs,,B:deity-candidate,Other Tanakh
173062,1422860,460525,2 Samuel,19,44,דוד,nmpr,pers,A:person-candidate,Other Tanakh
173077,1422860,460528,2 Samuel,19,44,מלך,subs,,B:deity-candidate,Other Tanakh
173082,1422860,460529,2 Samuel,19,44,יהודה,nmpr,"pers,gens,topo",F:unclassified-name,Other Tanakh
173086,1422860,460529,2 Samuel,19,44,ישראל,nmpr,"pers,gens,topo",F:unclassified-name,Other Tanakh
173094,1422861,460531,2 Samuel,20,1,שבע,nmpr,pers,A:person-candidate,Other Tanakh
173096,1422861,460531,2 Samuel,20,1,בכרי,nmpr,pers,A:person-candidate,Other Tanakh
173110,1422861,460534,2 Samuel,20,1,דוד,nmpr,pers,A:person-candidate,Other Tanakh
173117,1422861,460535,2 Samuel,20,1,ישי,nmpr,pers,A:person-candidate,Other Tanakh
173121,1422861,460537,2 Samuel,20,1,ישראל,nmpr,"pers,gens,topo",F:unclassified-name,Other Tanakh
173126,1422862,460538,2 Samuel,20,2,ישראל,nmpr,"pers,gens,topo",F:unclassified-name,Other Tanakh
173129,1422862,460538,2 Samuel,20,2,דוד,nmpr,pers,A:person-candidate,Other Tanakh
173131,1422862,460538,2 Samuel,20,2,שבע,nmpr,pers,A:person-candidate,Other Tanakh
173133,1422862,460538,2 Samuel,20,2,בכרי,nmpr,pers,A:person-candidate,Other Tanakh
173136,1422862,460539,2 Samuel,20,2,יהודה,nmpr,"pers,gens,topo",F:unclassified-name,Other Tanakh
173139,1422862,460539,2 Samuel,20,2,מלך,subs,,B:deity-candidate,Other Tanakh
173142,1422862,460539,2 Samuel,20,2,ירדן,nmpr,topo,F:unclassified-name,Other Tanakh
173145,1422862,460539,2 Samuel,20,2,ירושלם,nmpr,topo,F:unclassified-name,Other Tanakh
173148,1422863,460540,2 Samuel,20,3,דוד,nmpr,pers,A:person-candidate,Other Tanakh
173149,1422863,460540,2 Samuel,20,3,אל,prep,,C:divine-title-candidate,Other Tanakh
173151,1422863,460540,2 Samuel,20,3,ירושלם,nmpr,topo,F:unclassified-name,Other Tanakh
173155,1422863,460541,2 Samuel,20,3,מלך,subs,,B:deity-candidate,Other Tanakh
173173,1422863,460546,2 Samuel,20,3,אל,prep,,C:divine-title-candidate,Other Tanakh
173187,1422864,460550,2 Samuel,20,4,מלך,subs,,B:deity-candidate,Other Tanakh
173188,1422864,460550,2 Samuel,20,4,אל,prep,,C:divine-title-candidate,Other Tanakh
173189,1422864,460550,2 Samuel,20,4,עמשא,nmpr,pers,A:person-candidate,Other Tanakh
173194,1422864,460551,2 Samuel,20,4,יהודה,nmpr,"pers,gens,topo",F:unclassified-name,Other Tanakh
173203,1422865,460553,2 Samuel,20,5,עמשא,nmpr,pers,A:person-candidate,Other Tanakh
173207,1422865,460554,2 Samuel,20,5,יהודה,nmpr,"pers,gens,topo",F:unclassified-name,Other Tanakh
173217,1422866,460557,2 Samuel,20,6,דוד,nmpr,pers,A:person-candidate,Other Tanakh
173218,1422866,460557,2 Samuel,20,6,אל,prep,,C:divine-title-candidate,Other Tanakh
173219,1422866,460557,2 Samuel,20,6,אבישי,nmpr,pers,A:person-candidate,Other Tanakh
173223,1422866,460558,2 Samuel,20,6,שבע,nmpr,pers,A:person-candidate,Other Tanakh
173225,1422866,460558,2 Samuel,20,6,בכרי,nmpr,pers,A:person-candidate,Other Tanakh
173227,1422866,460558,2 Samuel,20,6,אבשלום,nmpr,pers,A:person-candidate,Other Tanakh
173248,1422867,460563,2 Samuel,20,7,יואב,nmpr,pers,A:person-candidate,Other Tanakh
173262,1422867,460564,2 Samuel,20,7,ירושלם,nmpr,topo,F:unclassified-name,Other Tanakh
173266,1422867,460565,2 Samuel,20,7,שבע,nmpr,pers,A:person-candidate,Other Tanakh
173268,1422867,460565,2 Samuel,20,7,בכרי,nmpr,pers,A:person-candidate,Other Tanakh
173277,1422868,460567,2 Samuel,20,8,גבעון,nmpr,topo,F:unclassified-name,Other Tanakh
173279,1422868,460568,2 Samuel,20,8,עמשא,nmpr,pers,A:person-candidate,Other Tanakh
173284,1422868,460569,2 Samuel,20,8,יואב,nmpr,pers,A:person-candidate,Other Tanakh
173304,1422869,460574,2 Samuel,20,9,יואב,nmpr,pers,A:person-candidate,Other Tanakh
173306,1422869,460574,2 Samuel,20,9,עמשא,nmpr,pers,A:person-candidate,Other Tanakh
173315,1422869,460577,2 Samuel,20,9,יואב,nmpr,pers,A:person-candidate,Other Tanakh
173318,1422869,460577,2 Samuel,20,9,עמשא,nmpr,pers,A:person-candidate,Other Tanakh
173323,1422870,460579,2 Samuel,20,10,עמשא,nmpr,pers,A:person-candidate,Other Tanakh
173332,1422870,460580,2 Samuel,20,10,יואב,nmpr,pers,A:person-candidate,Other Tanakh
173336,1422870,460581,2 Samuel,20,10,אל,prep,,C:divine-title-candidate,Other Tanakh
173350,1422870,460585,2 Samuel,20,10,יואב,nmpr,pers,A:person-candidate,Other Tanakh
173352,1422870,460585,2 Samuel,20,10,אבישי,nmpr,pers,A:person-candidate,Other Tanakh
173356,1422870,460585,2 Samuel,20,10,שבע,nmpr,pers,A:person-candidate,Other Tanakh
173358,1422870,460585,2 Samuel,20,10,בכרי,nmpr,pers,A:person-candidate,Other Tanakh
173365,1422871,460586,2 Samuel,20,11,יואב,nmpr,pers,A:person-candidate,Other Tanakh
173372,1422871,460589,2 Samuel,20,11,יואב,nmpr,pers,A:person-candidate,Other Tanakh
173377,1422871,460590,2 Samuel,20,11,דוד,nmpr,pers,A:person-candidate,Other Tanakh
173379,1422871,460588,2 Samuel,20,11,יואב,nmpr,pers,A:person-candidate,Other Tanakh
173381,1422872,460591,2 Samuel,20,12,עמשא,nmpr,pers,A:person-candidate,Other Tanakh
173402,1422872,460594,2 Samuel,20,12,עמשא,nmpr,pers,A:person-candidate,Other Tanakh
173431,1422873,460601,2 Samuel,20,13,יואב,nmpr,pers,A:person-candidate,Other Tanakh
173435,1422873,460602,2 Samuel,20,13,שבע,nmpr,pers,A:person-candidate,Other Tanakh
173437,1422873,460602,2 Samuel,20,13,בכרי,nmpr,pers,A:person-candidate,Other Tanakh
173443,1422874,460603,2 Samuel,20,14,ישראל,nmpr,"pers,gens,topo",F:unclassified-name,Other Tanakh
173444,1422874,460603,2 Samuel,20,14,אבל,nmpr,topo,F:unclassified-name,Other Tanakh
173447,1422874,460603,2 Samuel,20,14,מעכה,nmpr,topo,F:unclassified-name,Other Tanakh
173464,1422875,460608,2 Samuel,20,15,אבל,nmpr,topo,F:unclassified-name,Other Tanakh
173467,1422875,460608,2 Samuel,20,15,מעכה,nmpr,topo,F:unclassified-name,Other Tanakh
173471,1422875,460609,2 Samuel,20,15,אל,prep,,C:divine-title-candidate,Other Tanakh
173485,1422875,460612,2 Samuel,20,15,יואב,nmpr,pers,A:person-candidate,Other Tanakh
173502,1422876,460617,2 Samuel,20,16,אל,prep,,C:divine-title-candidate,Other Tanakh
173503,1422876,460617,2 Samuel,20,16,יואב,nmpr,pers,A:person-candidate,Other Tanakh
173509,1422876,460619,2 Samuel,20,16,אל,prep,,C:divine-title-candidate,Other Tanakh
173512,1422877,460620,2 Samuel,20,17,אל,prep,,C:divine-title-candidate,Other Tanakh
173519,1422877,460622,2 Samuel,20,17,יואב,nmpr,pers,A:person-candidate,Other Tanakh
173547,1422878,460633,2 Samuel,20,18,אבל,nmpr,topo,F:unclassified-name,Other Tanakh
173554,1422879,460635,2 Samuel,20,19,ישראל,nmpr,"pers,gens,topo",F:unclassified-name,Other Tanakh
173563,1422879,460637,2 Samuel,20,19,ישראל,nmpr,"pers,gens,topo",F:unclassified-name,Other Tanakh
173567,1422879,460638,2 Samuel,20,19,יהוה,nmpr,pers,E:YHWH,Other Tanakh
173570,1422880,460639,2 Samuel,20,20,יואב,nmpr,pers,A:person-candidate,Other Tanakh
173589,1422881,460646,2 Samuel,20,21,אפרים,nmpr,"pers,gens,topo",F:unclassified-name,Other Tanakh
173590,1422881,460647,2 Samuel,20,21,שבע,nmpr,pers,A:person-candidate,Other Tanakh
173592,1422881,460647,2 Samuel,20,21,בכרי,nmpr,pers,A:person-candidate,Other Tanakh
173598,1422881,460646,2 Samuel,20,21,מלך,subs,,B:deity-candidate,Other Tanakh
173600,1422881,460646,2 Samuel,20,21,דוד,nmpr,pers,A:person-candidate,Other Tanakh
173615,1422881,460650,2 Samuel,20,21,אל,prep,,C:divine-title-candidate,Other Tanakh
173616,1422881,460650,2 Samuel,20,21,יואב,nmpr,pers,A:person-candidate,Other Tanakh
173620,1422881,460651,2 Samuel,20,21,אל,prep,,C:divine-title-candidate,Other Tanakh
173628,1422882,460652,2 Samuel,20,22,אל,prep,,C:divine-title-candidate,Other Tanakh
173638,1422882,460653,2 Samuel,20,22,שבע,nmpr,pers,A:person-candidate,Other Tanakh
173640,1422882,460653,2 Samuel,20,22,בכרי,nmpr,pers,A:person-candidate,Other Tanakh
173643,1422882,460654,2 Samuel,20,22,אל,prep,,C:divine-title-candidate,Other Tanakh
173644,1422882,460654,2 Samuel,20,22,יואב,nmpr,pers,A:person-candidate,Other Tanakh
173660,1422882,460658,2 Samuel,20,22,יואב,nmpr,pers,A:person-candidate,Other Tanakh
173662,1422882,460658,2 Samuel,20,22,ירושלם,nmpr,topo,F:unclassified-name,Other Tanakh
173663,1422882,460658,2 Samuel,20,22,אל,prep,,C:divine-title-candidate,Other Tanakh
173665,1422882,460658,2 Samuel,20,22,מלך,subs,,B:deity-candidate,Other Tanakh
173667,1422883,460659,2 Samuel,20,23,יואב,nmpr,pers,A:person-candidate,Other Tanakh
173668,1422883,460659,2 Samuel,20,23,אל,prep,,C:divine-title-candidate,Other Tanakh
173672,1422883,460659,2 Samuel,20,23,ישראל,nmpr,"pers,gens,topo",F:unclassified-name,Other Tanakh
173674,1422883,460660,2 Samuel,20,23,בניה,nmpr,pers,A:person-candidate,Other Tanakh
173676,1422883,460660,2 Samuel,20,23,יהוידע,nmpr,pers,A:person-candidate,Other Tanakh
173685,1422884,460661,2 Samuel,20,24,אדרם,nmpr,pers,A:person-candidate,Other Tanakh
173690,1422884,460662,2 Samuel,20,24,יהושפט,nmpr,pers,A:person-candidate,Other Tanakh
173692,1422884,460662,2 Samuel,20,24,אחילוד,nmpr,pers,A:person-candidate,Other Tanakh
173696,1422885,460663,2 Samuel,20,25,שוא,nmpr,pers,A:person-candidate,Other Tanakh
173699,1422885,460664,2 Samuel,20,25,צדוק,nmpr,pers,A:person-candidate,Other Tanakh
173701,1422885,460664,2 Samuel,20,25,אביתר,nmpr,pers,A:person-candidate,Other Tanakh
173705,1422886,460665,2 Samuel,20,26,עירא,nmpr,pers,A:person-candidate,Other Tanakh
173711,1422886,460665,2 Samuel,20,26,דוד,nmpr,pers,A:person-candidate,Other Tanakh
173717,1422887,460666,2 Samuel,21,1,דוד,nmpr,pers,A:person-candidate,Other Tanakh
173725,1422887,460667,2 Samuel,21,1,דוד,nmpr,pers,A:person-candidate,Other Tanakh
173728,1422887,460667,2 Samuel,21,1,יהוה,nmpr,pers,E:YHWH,Other Tanakh
173731,1422887,460668,2 Samuel,21,1,יהוה,nmpr,pers,E:YHWH,Other Tanakh
173732,1422887,460669,2 Samuel,21,1,אל,prep,,C:divine-title-candidate,Other Tanakh
173733,1422887,460669,2 Samuel,21,1,שאול,nmpr,pers,A:person-candidate,Other Tanakh
173735,1422887,460669,2 Samuel,21,1,אל,prep,,C:divine-title-candidate,Other Tanakh
173748,1422888,460671,2 Samuel,21,2,מלך,subs,,B:deity-candidate,Other Tanakh
173754,1422888,460672,2 Samuel,21,2,אל,prep,,C:divine-title-candidate,Other Tanakh
173761,1422888,460674,2 Samuel,21,2,ישראל,nmpr,"pers,gens,topo",F:unclassified-name,Other Tanakh
173771,1422888,460676,2 Samuel,21,2,ישראל,nmpr,"pers,gens,topo",F:unclassified-name,Other Tanakh
173776,1422888,460677,2 Samuel,21,2,שאול,nmpr,pers,A:person-candidate,Other Tanakh
173783,1422888,460679,2 Samuel,21,2,ישראל,nmpr,"pers,gens,topo",F:unclassified-name,Other Tanakh
173785,1422888,460679,2 Samuel,21,2,יהודה,nmpr,"pers,gens,topo",F:unclassified-name,Other Tanakh
173788,1422889,460680,2 Samuel,21,3,דוד,nmpr,pers,A:person-candidate,Other Tanakh
173789,1422889,460680,2 Samuel,21,3,אל,prep,,C:divine-title-candidate,Other Tanakh
173803,1422889,460683,2 Samuel,21,3,יהוה,nmpr,pers,E:YHWH,Other Tanakh
173815,1422890,460685,2 Samuel,21,4,שאול,nmpr,pers,A:person-candidate,Other Tanakh
173826,1422890,460686,2 Samuel,21,4,ישראל,nmpr,"pers,gens,topo",F:unclassified-name,Other Tanakh
173836,1422891,460691,2 Samuel,21,5,אל,prep,,C:divine-title-candidate,Other Tanakh
173838,1422891,460691,2 Samuel,21,5,מלך,subs,,B:deity-candidate,Other Tanakh
173853,1422891,460696,2 Samuel,21,5,ישראל,nmpr,"pers,gens,topo",F:unclassified-name,Other Tanakh
173863,1422892,460698,2 Samuel,21,6,יהוה,nmpr,pers,E:YHWH,Other Tanakh
173866,1422892,460698,2 Samuel,21,6,שאול,nmpr,pers,A:person-candidate,Other Tanakh
173868,1422892,460698,2 Samuel,21,6,יהוה,nmpr,pers,E:YHWH,Other Tanakh
173872,1422892,460699,2 Samuel,21,6,מלך,subs,,B:deity-candidate,Other Tanakh
173878,1422893,460701,2 Samuel,21,7,מלך,subs,,B:deity-candidate,Other Tanakh
173880,1422893,460701,2 Samuel,21,7,מפיבשת,nmpr,pers,A:person-candidate,Other Tanakh
173882,1422893,460701,2 Samuel,21,7,יהונתן,nmpr,pers,A:person-candidate,Other Tanakh
173884,1422893,460701,2 Samuel,21,7,שאול,nmpr,pers,A:person-candidate,Other Tanakh
173887,1422893,460701,2 Samuel,21,7,יהוה,nmpr,pers,E:YHWH,Other Tanakh
173891,1422893,460702,2 Samuel,21,7,דוד,nmpr,pers,A:person-candidate,Other Tanakh
173894,1422893,460702,2 Samuel,21,7,יהונתן,nmpr,pers,A:person-candidate,Other Tanakh
173896,1422893,460702,2 Samuel,21,7,שאול,nmpr,pers,A:person-candidate,Other Tanakh
173900,1422894,460703,2 Samuel,21,8,מלך,subs,,B:deity-candidate,Other Tanakh
173904,1422894,460703,2 Samuel,21,8,רצפה,nmpr,pers,A:person-candidate,Other Tanakh
173906,1422894,460703,2 Samuel,21,8,איה,nmpr,pers,A:person-candidate,Other Tanakh
173910,1422894,460704,2 Samuel,21,8,שאול,nmpr,pers,A:person-candidate,Other Tanakh
173912,1422894,460703,2 Samuel,21,8,ארמני,nmpr,pers,A:person-candidate,Other Tanakh
173915,1422894,460703,2 Samuel,21,8,מפיבשת,nmpr,pers,A:person-candidate,Other Tanakh
173920,1422894,460705,2 Samuel,21,8,מיכל,nmpr,pers,A:person-candidate,Other Tanakh
173922,1422894,460705,2 Samuel,21,8,שאול,nmpr,pers,A:person-candidate,Other Tanakh
173926,1422894,460706,2 Samuel,21,8,עדריאל,nmpr,pers,A:person-candidate,Other Tanakh
173928,1422894,460706,2 Samuel,21,8,ברזלי,nmpr,pers,A:person-candidate,Other Tanakh
173944,1422895,460708,2 Samuel,21,9,יהוה,nmpr,pers,E:YHWH,Other Tanakh
173964,1422896,460711,2 Samuel,21,10,רצפה,nmpr,pers,A:person-candidate,Other Tanakh
173966,1422896,460711,2 Samuel,21,10,איה,nmpr,pers,A:person-candidate,Other Tanakh
173973,1422896,460712,2 Samuel,21,10,אל,prep,,C:divine-title-candidate,Other Tanakh
174005,1422897,460716,2 Samuel,21,11,דוד,nmpr,pers,A:person-candidate,Other Tanakh
174009,1422897,460717,2 Samuel,21,11,רצפה,nmpr,pers,A:person-candidate,Other Tanakh
174011,1422897,460717,2 Samuel,21,11,איה,nmpr,pers,A:person-candidate,Other Tanakh
174013,1422897,460717,2 Samuel,21,11,שאול,nmpr,pers,A:person-candidate,Other Tanakh
174016,1422898,460718,2 Samuel,21,12,דוד,nmpr,pers,A:person-candidate,Other Tanakh
174021,1422898,460719,2 Samuel,21,12,שאול,nmpr,pers,A:person-candidate,Other Tanakh
174025,1422898,460719,2 Samuel,21,12,יהונתן,nmpr,pers,A:person-candidate,Other Tanakh
174029,1422898,460719,2 Samuel,21,12,בעל,subs,,B:deity-candidate,Other Tanakh
174030,1422898,460719,2 Samuel,21,12,יביש,nmpr,topo,F:unclassified-name,Other Tanakh
174031,1422898,460719,2 Samuel,21,12,גלעד,nmpr,topo,F:unclassified-name,Other Tanakh
174037,1422898,460720,2 Samuel,21,12,בית שאן,nmpr,topo,F:unclassified-name,Other Tanakh
174047,1422898,460722,2 Samuel,21,12,שאול,nmpr,pers,A:person-candidate,Other Tanakh
174050,1422898,460722,2 Samuel,21,12,גלבע,nmpr,topo,F:unclassified-name,Other Tanakh
174057,1422899,460723,2 Samuel,21,13,שאול,nmpr,pers,A:person-candidate,Other Tanakh
174061,1422899,460723,2 Samuel,21,13,יהונתן,nmpr,pers,A:person-candidate,Other Tanakh
174073,1422900,460725,2 Samuel,21,14,שאול,nmpr,pers,A:person-candidate,Other Tanakh
174075,1422900,460725,2 Samuel,21,14,יהונתן,nmpr,pers,A:person-candidate,Other Tanakh
174079,1422900,460725,2 Samuel,21,14,בנימן,nmpr,"pers,gens,topo",F:unclassified-name,Other Tanakh
174081,1422900,460725,2 Samuel,21,14,צלע,nmpr,topo,F:unclassified-name,Other Tanakh
174084,1422900,460725,2 Samuel,21,14,קיש,nmpr,pers,A:person-candidate,Other Tanakh
174092,1422900,460727,2 Samuel,21,14,מלך,subs,,B:deity-candidate,Other Tanakh
174095,1422900,460728,2 Samuel,21,14,אלהים,subs,,D:Elohim,Other Tanakh
174109,1422901,460729,2 Samuel,21,15,ישראל,nmpr,"pers,gens,topo",F:unclassified-name,Other Tanakh
174112,1422901,460730,2 Samuel,21,15,דוד,nmpr,pers,A:person-candidate,Other Tanakh
174122,1422901,460732,2 Samuel,21,15,דוד,nmpr,pers,A:person-candidate,Other Tanakh
174124,1422902,460733,2 Samuel,21,16,ישבי,nmpr,pers,A:person-candidate,Other Tanakh
174126,1422902,460733,2 Samuel,21,16,נב,nmpr,topo,F:unclassified-name,Other Tanakh
174131,1422902,460734,2 Samuel,21,16,רפה,nmpr,pers,A:person-candidate,Other Tanakh
174148,1422902,460738,2 Samuel,21,16,דוד,nmpr,pers,A:person-candidate,Other Tanakh
174152,1422903,460739,2 Samuel,21,17,אבישי,nmpr,pers,A:person-candidate,Other Tanakh
174154,1422903,460739,2 Samuel,21,17,צרויה,nmpr,pers,A:person-candidate,Other Tanakh
174165,1422903,460742,2 Samuel,21,17,דוד,nmpr,pers,A:person-candidate,Other Tanakh
174181,1422903,460745,2 Samuel,21,17,ישראל,nmpr,"pers,gens,topo",F:unclassified-name,Other Tanakh
174192,1422904,460747,2 Samuel,21,18,גוב,nmpr,topo,F:unclassified-name,Other Tanakh
174197,1422904,460748,2 Samuel,21,18,סבכי,nmpr,pers,A:person-candidate,Other Tanakh
174201,1422904,460748,2 Samuel,21,18,סף,nmpr,pers,A:person-candidate,Other Tanakh
174206,1422904,460749,2 Samuel,21,18,רפה,nmpr,pers,A:person-candidate,Other Tanakh
174213,1422905,460750,2 Samuel,21,19,גוב,nmpr,topo,F:unclassified-name,Other Tanakh
174218,1422905,460751,2 Samuel,21,19,אלחנן,nmpr,pers,A:person-candidate,Other Tanakh
174220,1422905,460751,2 Samuel,21,19,יערי,nmpr,pers,A:person-candidate,Other Tanakh
174226,1422905,460751,2 Samuel,21,19,גלית,nmpr,pers,A:person-candidate,Other Tanakh
174240,1422906,460753,2 Samuel,21,20,גת,nmpr,topo,F:unclassified-name,Other Tanakh
174264,1422906,460757,2 Samuel,21,20,רפה,nmpr,pers,A:person-candidate,Other Tanakh
174268,1422907,460758,2 Samuel,21,21,ישראל,nmpr,"pers,gens,topo",F:unclassified-name,Other Tanakh
174271,1422907,460759,2 Samuel,21,21,יהונתן,nmpr,pers,A:person-candidate,Other Tanakh
174273,1422907,460759,2 Samuel,21,21,שמעה,nmpr,pers,A:person-candidate,Other Tanakh
174275,1422907,460759,2 Samuel,21,21,דוד,nmpr,pers,A:person-candidate,Other Tanakh
174282,1422908,460760,2 Samuel,21,22,רפה,nmpr,pers,A:person-candidate,Other Tanakh
174284,1422908,460760,2 Samuel,21,22,גת,nmpr,topo,F:unclassified-name,Other Tanakh
174289,1422908,460761,2 Samuel,21,22,דוד,nmpr,pers,A:person-candidate,Other Tanakh
174296,1422909,460762,2 Samuel,22,1,דוד,nmpr,pers,A:person-candidate,Other Tanakh
174298,1422909,460762,2 Samuel,22,1,יהוה,nmpr,pers,E:YHWH,Other Tanakh
174308,1422909,460763,2 Samuel,22,1,יהוה,nmpr,pers,E:YHWH,Other Tanakh
174317,1422909,460763,2 Samuel,22,1,שאול,nmpr,pers,A:person-candidate,Other Tanakh
174320,1422910,460765,2 Samuel,22,2,יהוה,nmpr,pers,E:YHWH,Other Tanakh
174327,1422911,460766,2 Samuel,22,3,אלהים,subs,,D:Elohim,Other Tanakh
174344,1422912,460771,2 Samuel,22,4,יהוה,nmpr,pers,E:YHWH,Other Tanakh
174357,1422914,460775,2 Samuel,22,6,שאול,subs,,A:person-candidate,Other Tanakh
174367,1422915,460777,2 Samuel,22,7,יהוה,nmpr,pers,E:YHWH,Other Tanakh
174369,1422915,460778,2 Samuel,22,7,אל,prep,,C:divine-title-candidate,Other Tanakh
174370,1422915,460778,2 Samuel,22,7,אלהים,subs,,D:Elohim,Other Tanakh
174446,1422922,460798,2 Samuel,22,14,יהוה,nmpr,pers,E:YHWH,Other Tanakh
174448,1422922,460799,2 Samuel,22,14,עליון,adjv,,C:divine-title-candidate,Other Tanakh
174468,1422924,460805,2 Samuel,22,16,יהוה,nmpr,pers,E:YHWH,Other Tanakh
174477,1422925,460808,2 Samuel,22,17,משה,verb,,A:person-candidate,Other Tanakh
174496,1422927,460812,2 Samuel,22,19,יהוה,nmpr,pers,E:YHWH,Other Tanakh
174510,1422929,460816,2 Samuel,22,21,יהוה,nmpr,pers,E:YHWH,Other Tanakh
174521,1422930,460818,2 Samuel,22,22,יהוה,nmpr,pers,E:YHWH,Other Tanakh
174526,1422930,460819,2 Samuel,22,22,אלהים,subs,,D:Elohim,Other Tanakh
174547,1422933,460825,2 Samuel,22,25,יהוה,nmpr,pers,E:YHWH,Other Tanakh
174583,1422937,460834,2 Samuel,22,29,יהוה,nmpr,pers,E:YHWH,Other Tanakh
174585,1422937,460835,2 Samuel,22,29,יהוה,nmpr,pers,E:YHWH,Other Tanakh
174593,1422938,460837,2 Samuel,22,30,אלהים,subs,,D:Elohim,Other Tanakh
174597,1422939,460838,2 Samuel,22,31,אל,subs,,C:divine-title-candidate,Other Tanakh
174601,1422939,460840,2 Samuel,22,31,יהוה,nmpr,pers,E:YHWH,Other Tanakh
174612,1422940,460843,2 Samuel,22,32,אל,subs,,C:divine-title-candidate,Other Tanakh
174615,1422940,460843,2 Samuel,22,32,יהוה,nmpr,pers,E:YHWH,Other Tanakh
174621,1422940,460844,2 Samuel,22,32,אלהים,subs,,D:Elohim,Other Tanakh
174623,1422941,460845,2 Samuel,22,33,אל,subs,,C:divine-title-candidate,Other Tanakh
174705,1422950,460873,2 Samuel,22,42,אל,prep,,C:divine-title-candidate,Other Tanakh
174706,1422950,460873,2 Samuel,22,42,יהוה,nmpr,pers,E:YHWH,Other Tanakh
174750,1422955,460887,2 Samuel,22,47,יהוה,nmpr,pers,E:YHWH,Other Tanakh
174756,1422955,460889,2 Samuel,22,47,אלהים,subs,,D:Elohim,Other Tanakh
174760,1422956,460890,2 Samuel,22,48,אל,subs,,C:divine-title-candidate,Other Tanakh
174784,1422958,460897,2 Samuel,22,50,יהוה,nmpr,pers,E:YHWH,Other Tanakh
174794,1422959,460899,2 Samuel,22,51,מלך,subs,,B:deity-candidate,Other Tanakh
174801,1422959,460900,2 Samuel,22,51,דוד,nmpr,pers,A:person-candidate,Other Tanakh
174810,1422960,460901,2 Samuel,23,1,דוד,nmpr,pers,A:person-candidate,Other Tanakh
174814,1422960,460902,2 Samuel,23,1,דוד,nmpr,pers,A:person-candidate,Other Tanakh
174816,1422960,460902,2 Samuel,23,1,ישי,nmpr,pers,A:person-candidate,Other Tanakh
174824,1422960,460902,2 Samuel,23,1,אלהים,subs,,D:Elohim,Other Tanakh
174825,1422960,460902,2 Samuel,23,1,יעקב,nmpr,pers,A:person-candidate,Other Tanakh
174829,1422960,460902,2 Samuel,23,1,ישראל,nmpr,"pers,gens,topo",F:unclassified-name,Other Tanakh
174831,1422961,460904,2 Samuel,23,2,יהוה,nmpr,pers,E:YHWH,Other Tanakh
174839,1422962,460906,2 Samuel,23,3,אלהים,subs,,D:Elohim,Other Tanakh
174840,1422962,460906,2 Samuel,23,3,ישראל,nmpr,"pers,gens,topo",F:unclassified-name,Other Tanakh
174844,1422962,460907,2 Samuel,23,3,ישראל,nmpr,"pers,gens,topo",F:unclassified-name,Other Tanakh
174852,1422962,460909,2 Samuel,23,3,אלהים,subs,,D:Elohim,Other Tanakh
174874,1422964,460914,2 Samuel,23,5,אל,subs,,C:divine-title-candidate,Other Tanakh
174930,1422967,460927,2 Samuel,23,8,דוד,nmpr,pers,A:person-candidate,Other Tanakh
174940,1422967,460930,2 Samuel,23,8,עדינו,nmpr,pers,A:person-candidate,Other Tanakh
174952,1422968,460932,2 Samuel,23,9,אלעזר,nmpr,pers,A:person-candidate,Other Tanakh
174954,1422968,460932,2 Samuel,23,9,דודו,nmpr,pers,A:person-candidate,Other Tanakh
174962,1422968,460933,2 Samuel,23,9,דוד,nmpr,pers,A:person-candidate,Other Tanakh
174976,1422968,460936,2 Samuel,23,9,ישראל,nmpr,"pers,gens,topo",F:unclassified-name,Other Tanakh
174991,1422969,460940,2 Samuel,23,10,אל,prep,,C:divine-title-candidate,Other Tanakh
174996,1422969,460941,2 Samuel,23,10,יהוה,nmpr,pers,E:YHWH,Other Tanakh
175014,1422970,460944,2 Samuel,23,11,שמא,nmpr,pers,A:person-candidate,Other Tanakh
175016,1422970,460944,2 Samuel,23,11,אגא,nmpr,pers,A:person-candidate,Other Tanakh
175053,1422971,460952,2 Samuel,23,12,יהוה,nmpr,pers,E:YHWH,Other Tanakh
175065,1422972,460954,2 Samuel,23,13,אל,prep,,C:divine-title-candidate,Other Tanakh
175067,1422972,460954,2 Samuel,23,13,אל,prep,,C:divine-title-candidate,Other Tanakh
175068,1422972,460954,2 Samuel,23,13,דוד,nmpr,pers,A:person-candidate,Other Tanakh
175069,1422972,460954,2 Samuel,23,13,אל,prep,,C:divine-title-candidate,Other Tanakh
175071,1422972,460954,2 Samuel,23,13,עדלם,nmpr,topo,F:unclassified-name,Other Tanakh
175078,1422972,460955,2 Samuel,23,13,רפאים,nmpr,topo,F:unclassified-name,Other Tanakh
175080,1422973,460956,2 Samuel,23,14,דוד,nmpr,pers,A:person-candidate,Other Tanakh
175089,1422973,460957,2 Samuel,23,14,בית לחם,nmpr,topo,F:unclassified-name,Other Tanakh
175092,1422974,460958,2 Samuel,23,15,דוד,nmpr,pers,A:person-candidate,Other Tanakh
175100,1422974,460960,2 Samuel,23,15,בית לחם,nmpr,topo,F:unclassified-name,Other Tanakh
175118,1422975,460963,2 Samuel,23,16,בית לחם,nmpr,topo,F:unclassified-name,Other Tanakh
175127,1422975,460966,2 Samuel,23,16,אל,prep,,C:divine-title-candidate,Other Tanakh
175128,1422975,460966,2 Samuel,23,16,דוד,nmpr,pers,A:person-candidate,Other Tanakh
175138,1422975,460969,2 Samuel,23,16,יהוה,nmpr,pers,E:YHWH,Other Tanakh
175143,1422976,460972,2 Samuel,23,17,יהוה,nmpr,pers,E:YHWH,Other Tanakh
175166,1422977,460979,2 Samuel,23,18,אבישי,nmpr,pers,A:person-candidate,Other Tanakh
175168,1422977,460979,2 Samuel,23,18,יואב,nmpr,pers,A:person-candidate,Other Tanakh
175170,1422977,460979,2 Samuel,23,18,צרויה,nmpr,pers,A:person-candidate,Other Tanakh
175208,1422979,460987,2 Samuel,23,20,בניהו,nmpr,pers,A:person-candidate,Other Tanakh
175210,1422979,460987,2 Samuel,23,20,יהוידע,nmpr,pers,A:person-candidate,Other Tanakh
175217,1422979,460987,2 Samuel,23,20,קבצאל,nmpr,topo,F:unclassified-name,Other Tanakh
175222,1422979,460988,2 Samuel,23,20,אריאל,nmpr,pers,A:person-candidate,Other Tanakh
175223,1422979,460988,2 Samuel,23,20,מואב,nmpr,"pers,gens,topo",F:unclassified-name,Other Tanakh
175256,1422980,460993,2 Samuel,23,21,אל,prep,,C:divine-title-candidate,Other Tanakh
175275,1422981,460996,2 Samuel,23,22,בניהו,nmpr,pers,A:person-candidate,Other Tanakh
175277,1422981,460996,2 Samuel,23,22,יהוידע,nmpr,pers,A:person-candidate,Other Tanakh
175290,1422982,460999,2 Samuel,23,23,אל,prep,,C:divine-title-candidate,Other Tanakh
175297,1422982,461000,2 Samuel,23,23,דוד,nmpr,pers,A:person-candidate,Other Tanakh
175298,1422982,461000,2 Samuel,23,23,אל,prep,,C:divine-title-candidate,Other Tanakh
175300,1422983,461001,2 Samuel,23,24,עשהאל,nmpr,pers,A:person-candidate,Other Tanakh
175302,1422983,461001,2 Samuel,23,24,יואב,nmpr,pers,A:person-candidate,Other Tanakh
175306,1422983,461002,2 Samuel,23,24,אלחנן,nmpr,pers,A:person-candidate,Other Tanakh
175308,1422983,461002,2 Samuel,23,24,דודו,nmpr,pers,A:person-candidate,Other Tanakh
175309,1422983,461002,2 Samuel,23,24,בית לחם,nmpr,topo,F:unclassified-name,Other Tanakh
175310,1422984,461003,2 Samuel,23,25,שמה,nmpr,pers,A:person-candidate,Other Tanakh
175313,1422984,461004,2 Samuel,23,25,אליקא,nmpr,pers,A:person-candidate,Other Tanakh
175316,1422985,461005,2 Samuel,23,26,חלץ,nmpr,pers,A:person-candidate,Other Tanakh
175319,1422985,461006,2 Samuel,23,26,עירא,nmpr,pers,A:person-candidate,Other Tanakh
175321,1422985,461006,2 Samuel,23,26,עקש,nmpr,pers,A:person-candidate,Other Tanakh
175324,1422986,461007,2 Samuel,23,27,אביעזר,nmpr,pers,A:person-candidate,Other Tanakh
175327,1422986,461008,2 Samuel,23,27,מבני,nmpr,pers,A:person-candidate,Other Tanakh
175330,1422987,461009,2 Samuel,23,28,צלמון,nmpr,pers,A:person-candidate,Other Tanakh
175333,1422987,461010,2 Samuel,23,28,מהרי,nmpr,pers,A:person-candidate,Other Tanakh
175336,1422988,461011,2 Samuel,23,29,חלב,nmpr,pers,A:person-candidate,Other Tanakh
175338,1422988,461011,2 Samuel,23,29,בענה,nmpr,pers,A:person-candidate,Other Tanakh
175341,1422988,461012,2 Samuel,23,29,אתי,nmpr,pers,A:person-candidate,Other Tanakh
175343,1422988,461012,2 Samuel,23,29,ריבי,nmpr,pers,A:person-candidate,Other Tanakh
175347,1422988,461012,2 Samuel,23,29,בנימן,nmpr,"pers,gens,topo",F:unclassified-name,Other Tanakh
175348,1422989,461013,2 Samuel,23,30,בניהו,nmpr,pers,A:person-candidate,Other Tanakh
175350,1422989,461014,2 Samuel,23,30,הדי,nmpr,pers,A:person-candidate,Other Tanakh
175353,1422989,461014,2 Samuel,23,30,געש,nmpr,topo,F:unclassified-name,Other Tanakh
175354,1422990,461015,2 Samuel,23,31,אבי עלבון,nmpr,pers,A:person-candidate,Other Tanakh
175357,1422990,461016,2 Samuel,23,31,עזמות,nmpr,pers,A:person-candidate,Other Tanakh
175360,1422991,461017,2 Samuel,23,32,אליחבא,nmpr,pers,A:person-candidate,Other Tanakh
175364,1422991,461018,2 Samuel,23,32,ישן,nmpr,pers,A:person-candidate,Other Tanakh
175365,1422991,461018,2 Samuel,23,32,יהונתן,nmpr,pers,A:person-candidate,Other Tanakh
175366,1422992,461019,2 Samuel,23,33,שמה,nmpr,pers,A:person-candidate,Other Tanakh
175369,1422992,461020,2 Samuel,23,33,אחיאם,nmpr,pers,A:person-candidate,Other Tanakh
175371,1422992,461020,2 Samuel,23,33,שרר,nmpr,pers,A:person-candidate,Other Tanakh
175374,1422993,461021,2 Samuel,23,34,אליפלט,nmpr,pers,A:person-candidate,Other Tanakh
175376,1422993,461021,2 Samuel,23,34,אחסבי,nmpr,pers,A:person-candidate,Other Tanakh
175380,1422993,461022,2 Samuel,23,34,אליעם,nmpr,pers,A:person-candidate,Other Tanakh
175382,1422993,461022,2 Samuel,23,34,אחיתפל,nmpr,pers,A:person-candidate,Other Tanakh
175385,1422994,461023,2 Samuel,23,35,חצרי,nmpr,pers,A:person-candidate,Other Tanakh
175388,1422994,461024,2 Samuel,23,35,פערי,nmpr,pers,A:person-candidate,Other Tanakh
175391,1422995,461025,2 Samuel,23,36,יגאל,nmpr,pers,A:person-candidate,Other Tanakh
175393,1422995,461025,2 Samuel,23,36,נתן,nmpr,pers,A:person-candidate,Other Tanakh
175395,1422995,461025,2 Samuel,23,36,צובא,nmpr,topo,F:unclassified-name,Other Tanakh
175396,1422995,461026,2 Samuel,23,36,בני,nmpr,pers,A:person-candidate,Other Tanakh
175399,1422996,461027,2 Samuel,23,37,צלק,nmpr,pers,A:person-candidate,Other Tanakh
175402,1422996,461028,2 Samuel,23,37,נחרי,nmpr,pers,A:person-candidate,Other Tanakh
175407,1422996,461028,2 Samuel,23,37,יואב,nmpr,pers,A:person-candidate,Other Tanakh
175409,1422996,461028,2 Samuel,23,37,צרויה,nmpr,pers,A:person-candidate,Other Tanakh
175410,1422997,461029,2 Samuel,23,38,עירא,nmpr,pers,A:person-candidate,Other Tanakh
175413,1422997,461030,2 Samuel,23,38,גרב,nmpr,pers,A:person-candidate,Other Tanakh
175416,1422998,461031,2 Samuel,23,39,אוריה,nmpr,pers,A:person-candidate,Other Tanakh
175426,1422999,461033,2 Samuel,24,1,יהוה,nmpr,pers,E:YHWH,Other Tanakh
175430,1422999,461034,2 Samuel,24,1,ישראל,nmpr,"pers,gens,topo",F:unclassified-name,Other Tanakh
175434,1422999,461035,2 Samuel,24,1,דוד,nmpr,pers,A:person-candidate,Other Tanakh
175441,1422999,461038,2 Samuel,24,1,ישראל,nmpr,"pers,gens,topo",F:unclassified-name,Other Tanakh
175444,1422999,461038,2 Samuel,24,1,יהודה,nmpr,"pers,gens,topo",F:unclassified-name,Other Tanakh
175448,1423000,461039,2 Samuel,24,2,מלך,subs,,B:deity-candidate,Other Tanakh
175449,1423000,461039,2 Samuel,24,2,אל,prep,,C:divine-title-candidate,Other Tanakh
175450,1423000,461039,2 Samuel,24,2,יואב,nmpr,pers,A:person-candidate,Other Tanakh
175461,1423000,461041,2 Samuel,24,2,ישראל,nmpr,"pers,gens,topo",F:unclassified-name,Other Tanakh
175463,1423000,461041,2 Samuel,24,2,דן,nmpr,"pers,gens,topo",F:unclassified-name,Other Tanakh
175467,1423000,461041,2 Samuel,24,2,שבע,nmpr,topo,F:unclassified-name,Other Tanakh
175481,1423001,461044,2 Samuel,24,3,יואב,nmpr,pers,A:person-candidate,Other Tanakh
175482,1423001,461044,2 Samuel,24,3,אל,prep,,C:divine-title-candidate,Other Tanakh
175484,1423001,461044,2 Samuel,24,3,מלך,subs,,B:deity-candidate,Other Tanakh
175487,1423001,461045,2 Samuel,24,3,יהוה,nmpr,pers,E:YHWH,Other Tanakh
175488,1423001,461045,2 Samuel,24,3,אלהים,subs,,D:Elohim,Other Tanakh
175489,1423001,461045,2 Samuel,24,3,אל,prep,,C:divine-title-candidate,Other Tanakh
175501,1423001,461046,2 Samuel,24,3,מלך,subs,,B:deity-candidate,Other Tanakh
175506,1423001,461047,2 Samuel,24,3,מלך,subs,,B:deity-candidate,Other Tanakh
175518,1423002,461049,2 Samuel,24,4,מלך,subs,,B:deity-candidate,Other Tanakh
175519,1423002,461049,2 Samuel,24,4,אל,prep,,C:divine-title-candidate,Other Tanakh
175520,1423002,461049,2 Samuel,24,4,יואב,nmpr,pers,A:person-candidate,Other Tanakh
175528,1423002,461050,2 Samuel,24,4,יואב,nmpr,pers,A:person-candidate,Other Tanakh
175536,1423002,461050,2 Samuel,24,4,מלך,subs,,B:deity-candidate,Other Tanakh
175543,1423002,461051,2 Samuel,24,4,ישראל,nmpr,"pers,gens,topo",F:unclassified-name,Other Tanakh
175548,1423003,461052,2 Samuel,24,5,ירדן,nmpr,topo,F:unclassified-name,Other Tanakh
175552,1423003,461053,2 Samuel,24,5,ערוער,nmpr,topo,F:unclassified-name,Other Tanakh
175562,1423003,461054,2 Samuel,24,5,גד,nmpr,"pers,gens,topo",B:deity-candidate,Other Tanakh
175564,1423003,461053,2 Samuel,24,5,אל,prep,,C:divine-title-candidate,Other Tanakh
175565,1423003,461053,2 Samuel,24,5,יעזר,nmpr,topo,F:unclassified-name,Other Tanakh
175569,1423004,461055,2 Samuel,24,6,גלעד,nmpr,topo,F:unclassified-name,Other Tanakh
175571,1423004,461056,2 Samuel,24,6,אל,prep,,C:divine-title-candidate,Other Tanakh
175573,1423004,461056,2 Samuel,24,6,תחתים חדשי,nmpr,topo,F:unclassified-name,Other Tanakh
175576,1423004,461057,2 Samuel,24,6,דן,nmpr,"pers,gens,topo",F:unclassified-name,Other Tanakh
175580,1423004,461058,2 Samuel,24,6,אל,prep,,C:divine-title-candidate,Other Tanakh
175581,1423004,461058,2 Samuel,24,6,צידון,nmpr,topo,F:unclassified-name,Other Tanakh
175585,1423005,461059,2 Samuel,24,7,צר,nmpr,topo,F:unclassified-name,Other Tanakh
175596,1423005,461060,2 Samuel,24,7,אל,prep,,C:divine-title-candidate,Other Tanakh
175598,1423005,461060,2 Samuel,24,7,יהודה,nmpr,"pers,gens,topo",F:unclassified-name,Other Tanakh
175600,1423005,461060,2 Samuel,24,7,שבע,nmpr,topo,F:unclassified-name,Other Tanakh
175616,1423006,461062,2 Samuel,24,8,ירושלם,nmpr,topo,F:unclassified-name,Other Tanakh
175619,1423007,461063,2 Samuel,24,9,יואב,nmpr,pers,A:person-candidate,Other Tanakh
175625,1423007,461063,2 Samuel,24,9,אל,prep,,C:divine-title-candidate,Other Tanakh
175627,1423007,461063,2 Samuel,24,9,מלך,subs,,B:deity-candidate,Other Tanakh
175630,1423007,461064,2 Samuel,24,9,ישראל,nmpr,"pers,gens,topo",F:unclassified-name,Other Tanakh
175640,1423007,461066,2 Samuel,24,9,יהודה,nmpr,"pers,gens,topo",F:unclassified-name,Other Tanakh
175648,1423008,461067,2 Samuel,24,10,דוד,nmpr,pers,A:person-candidate,Other Tanakh
175658,1423008,461069,2 Samuel,24,10,דוד,nmpr,pers,A:person-candidate,Other Tanakh
175659,1423008,461069,2 Samuel,24,10,אל,prep,,C:divine-title-candidate,Other Tanakh
175660,1423008,461069,2 Samuel,24,10,יהוה,nmpr,pers,E:YHWH,Other Tanakh
175667,1423008,461073,2 Samuel,24,10,יהוה,nmpr,pers,E:YHWH,Other Tanakh
175678,1423009,461076,2 Samuel,24,11,דוד,nmpr,pers,A:person-candidate,Other Tanakh
175684,1423009,461077,2 Samuel,24,11,יהוה,nmpr,pers,E:YHWH,Other Tanakh
175686,1423009,461077,2 Samuel,24,11,אל,prep,,C:divine-title-candidate,Other Tanakh
175687,1423009,461077,2 Samuel,24,11,גד,nmpr,"pers,gens,topo",B:deity-candidate,Other Tanakh
175691,1423009,461077,2 Samuel,24,11,דוד,nmpr,pers,A:person-candidate,Other Tanakh
175697,1423010,461080,2 Samuel,24,12,אל,prep,,C:divine-title-candidate,Other Tanakh
175698,1423010,461080,2 Samuel,24,12,דוד,nmpr,pers,A:person-candidate,Other Tanakh
175701,1423010,461081,2 Samuel,24,12,יהוה,nmpr,pers,E:YHWH,Other Tanakh
175715,1423011,461085,2 Samuel,24,13,גד,nmpr,"pers,gens,topo",B:deity-candidate,Other Tanakh
175716,1423011,461085,2 Samuel,24,13,אל,prep,,C:divine-title-candidate,Other Tanakh
175717,1423011,461085,2 Samuel,24,13,דוד,nmpr,pers,A:person-candidate,Other Tanakh
175760,1423012,461095,2 Samuel,24,14,דוד,nmpr,pers,A:person-candidate,Other Tanakh
175761,1423012,461095,2 Samuel,24,14,אל,prep,,C:divine-title-candidate,Other Tanakh
175762,1423012,461095,2 Samuel,24,14,גד,nmpr,"pers,gens,topo",B:deity-candidate,Other Tanakh
175770,1423012,461097,2 Samuel,24,14,יהוה,nmpr,pers,E:YHWH,Other Tanakh
175778,1423012,461099,2 Samuel,24,14,אל,nega,,C:divine-title-candidate,Other Tanakh
175782,1423013,461100,2 Samuel,24,15,יהוה,nmpr,pers,E:YHWH,Other Tanakh
175785,1423013,461100,2 Samuel,24,15,ישראל,nmpr,"pers,gens,topo",F:unclassified-name,Other Tanakh
175799,1423013,461101,2 Samuel,24,15,דן,nmpr,"pers,gens,topo",F:unclassified-name,Other Tanakh
175803,1423013,461101,2 Samuel,24,15,שבע,nmpr,topo,F:unclassified-name,Other Tanakh
175812,1423014,461102,2 Samuel,24,16,ירושלם,nmpr,topo,F:unclassified-name,Other Tanakh
175817,1423014,461104,2 Samuel,24,16,יהוה,nmpr,pers,E:YHWH,Other Tanakh
175818,1423014,461104,2 Samuel,24,16,אל,prep,,C:divine-title-candidate,Other Tanakh
175837,1423014,461109,2 Samuel,24,16,יהוה,nmpr,pers,E:YHWH,Other Tanakh
175842,1423014,461109,2 Samuel,24,16,ארונה,nmpr,pers,A:person-candidate,Other Tanakh
175847,1423015,461110,2 Samuel,24,17,דוד,nmpr,pers,A:person-candidate,Other Tanakh
175848,1423015,461110,2 Samuel,24,17,אל,prep,,C:divine-title-candidate,Other Tanakh
175849,1423015,461110,2 Samuel,24,17,יהוה,nmpr,pers,E:YHWH,Other Tanakh
175884,1423016,461119,2 Samuel,24,18,גד,nmpr,"pers,gens,topo",B:deity-candidate,Other Tanakh
175885,1423016,461119,2 Samuel,24,18,אל,prep,,C:divine-title-candidate,Other Tanakh
175886,1423016,461119,2 Samuel,24,18,דוד,nmpr,pers,A:person-candidate,Other Tanakh
175898,1423016,461122,2 Samuel,24,18,יהוה,nmpr,pers,E:YHWH,Other Tanakh
175902,1423016,461122,2 Samuel,24,18,ארונה,nmpr,pers,A:person-candidate,Other Tanakh
175907,1423017,461123,2 Samuel,24,19,דוד,nmpr,pers,A:person-candidate,Other Tanakh
175910,1423017,461123,2 Samuel,24,19,גד,nmpr,"pers,gens,topo",B:deity-candidate,Other Tanakh
175914,1423017,461124,2 Samuel,24,19,יהוה,nmpr,pers,E:YHWH,Other Tanakh
175917,1423018,461125,2 Samuel,24,20,ארונה,nmpr,pers,A:person-candidate,Other Tanakh
175922,1423018,461126,2 Samuel,24,20,מלך,subs,,B:deity-candidate,Other Tanakh
175930,1423018,461128,2 Samuel,24,20,ארונה,nmpr,pers,A:person-candidate,Other Tanakh
175935,1423018,461129,2 Samuel,24,20,מלך,subs,,B:deity-candidate,Other Tanakh
175940,1423019,461131,2 Samuel,24,21,ארונה,nmpr,pers,A:person-candidate,Other Tanakh
175945,1423019,461132,2 Samuel,24,21,מלך,subs,,B:deity-candidate,Other Tanakh
175946,1423019,461132,2 Samuel,24,21,אל,prep,,C:divine-title-candidate,Other Tanakh
175950,1423019,461133,2 Samuel,24,21,דוד,nmpr,pers,A:person-candidate,Other Tanakh
175962,1423019,461135,2 Samuel,24,21,יהוה,nmpr,pers,E:YHWH,Other Tanakh
175973,1423020,461137,2 Samuel,24,22,ארונה,nmpr,pers,A:person-candidate,Other Tanakh
175974,1423020,461137,2 Samuel,24,22,אל,prep,,C:divine-title-candidate,Other Tanakh
175975,1423020,461137,2 Samuel,24,22,דוד,nmpr,pers,A:person-candidate,Other Tanakh
175981,1423020,461139,2 Samuel,24,22,מלך,subs,,B:deity-candidate,Other Tanakh
176005,1423021,461143,2 Samuel,24,23,ארונה,nmpr,pers,A:person-candidate,Other Tanakh
176007,1423021,461144,2 Samuel,24,23,מלך,subs,,B:deity-candidate,Other Tanakh
176010,1423021,461143,2 Samuel,24,23,מלך,subs,,B:deity-candidate,Other Tanakh
176013,1423021,461145,2 Samuel,24,23,ארונה,nmpr,pers,A:person-candidate,Other Tanakh
176014,1423021,461145,2 Samuel,24,23,אל,prep,,C:divine-title-candidate,Other Tanakh
176016,1423021,461145,2 Samuel,24,23,מלך,subs,,B:deity-candidate,Other Tanakh
176017,1423021,461146,2 Samuel,24,23,יהוה,nmpr,pers,E:YHWH,Other Tanakh
176018,1423021,461146,2 Samuel,24,23,אלהים,subs,,D:Elohim,Other Tanakh
176023,1423022,461147,2 Samuel,24,24,מלך,subs,,B:deity-candidate,Other Tanakh
176024,1423022,461147,2 Samuel,24,24,אל,prep,,C:divine-title-candidate,Other Tanakh
176025,1423022,461147,2 Samuel,24,24,ארונה,nmpr,pers,A:person-candidate,Other Tanakh
176038,1423022,461150,2 Samuel,24,24,יהוה,nmpr,pers,E:YHWH,Other Tanakh
176039,1423022,461150,2 Samuel,24,24,אלהים,subs,,D:Elohim,Other Tanakh
176044,1423022,461151,2 Samuel,24,24,דוד,nmpr,pers,A:person-candidate,Other Tanakh
176059,1423023,461152,2 Samuel,24,25,דוד,nmpr,pers,A:person-candidate,Other Tanakh
176062,1423023,461152,2 Samuel,24,25,יהוה,nmpr,pers,E:YHWH,Other Tanakh
176070,1423023,461154,2 Samuel,24,25,יהוה,nmpr,pers,E:YHWH,Other Tanakh
176080,1423023,461155,2 Samuel,24,25,ישראל,nmpr,"pers,gens,topo",F:unclassified-name,Other Tanakh
176083,1423024,461156,1 Kings,1,1,מלך,subs,,B:deity-candidate,Other Tanakh
176084,1423024,461156,1 Kings,1,1,דוד,nmpr,pers,A:person-candidate,Other Tanakh
176107,1423025,461161,1 Kings,1,2,מלך,subs,,B:deity-candidate,Other Tanakh
176115,1423025,461162,1 Kings,1,2,מלך,subs,,B:deity-candidate,Other Tanakh
176129,1423025,461165,1 Kings,1,2,מלך,subs,,B:deity-candidate,Other Tanakh
176137,1423026,461166,1 Kings,1,3,ישראל,nmpr,"pers,gens,topo",F:unclassified-name,Other Tanakh
176141,1423026,461167,1 Kings,1,3,אבישג,nmpr,pers,A:person-candidate,Other Tanakh
176149,1423026,461168,1 Kings,1,3,מלך,subs,,B:deity-candidate,Other Tanakh
176160,1423027,461170,1 Kings,1,4,מלך,subs,,B:deity-candidate,Other Tanakh
176166,1423027,461172,1 Kings,1,4,מלך,subs,,B:deity-candidate,Other Tanakh
176170,1423028,461173,1 Kings,1,5,אדניה,nmpr,pers,A:person-candidate,Other Tanakh
176172,1423028,461173,1 Kings,1,5,חגית,nmpr,pers,A:person-candidate,Other Tanakh
176177,1423028,461175,1 Kings,1,5,מלך,verb,,B:deity-candidate,Other Tanakh
176211,1423029,461182,1 Kings,1,6,אבשלום,nmpr,pers,A:person-candidate,Other Tanakh
176216,1423030,461183,1 Kings,1,7,יואב,nmpr,pers,A:person-candidate,Other Tanakh
176218,1423030,461183,1 Kings,1,7,צרויה,nmpr,pers,A:person-candidate,Other Tanakh
176221,1423030,461183,1 Kings,1,7,אביתר,nmpr,pers,A:person-candidate,Other Tanakh
176227,1423030,461184,1 Kings,1,7,אדניה,nmpr,pers,A:person-candidate,Other Tanakh
176229,1423031,461185,1 Kings,1,8,צדוק,nmpr,pers,A:person-candidate,Other Tanakh
176233,1423031,461185,1 Kings,1,8,בניהו,nmpr,pers,A:person-candidate,Other Tanakh
176235,1423031,461185,1 Kings,1,8,יהוידע,nmpr,pers,A:person-candidate,Other Tanakh
176237,1423031,461185,1 Kings,1,8,נתן,nmpr,pers,A:person-candidate,Other Tanakh
176241,1423031,461185,1 Kings,1,8,שמעי,nmpr,pers,A:person-candidate,Other Tanakh
176243,1423031,461185,1 Kings,1,8,רעי,nmpr,pers,A:person-candidate,Other Tanakh
176249,1423031,461186,1 Kings,1,8,דוד,nmpr,pers,A:person-candidate,Other Tanakh
176253,1423031,461185,1 Kings,1,8,אדניהו,nmpr,pers,A:person-candidate,Other Tanakh
176256,1423032,461187,1 Kings,1,9,אדניהו,nmpr,pers,A:person-candidate,Other Tanakh
176265,1423032,461187,1 Kings,1,9,זחלת,nmpr,topo,F:unclassified-name,Other Tanakh
176268,1423032,461188,1 Kings,1,9,עין רגל,nmpr,topo,F:unclassified-name,Other Tanakh
176276,1423032,461189,1 Kings,1,9,מלך,subs,,B:deity-candidate,Other Tanakh
176281,1423032,461189,1 Kings,1,9,יהודה,nmpr,"pers,gens,topo",F:unclassified-name,Other Tanakh
176284,1423032,461189,1 Kings,1,9,מלך,subs,,B:deity-candidate,Other Tanakh
176287,1423033,461190,1 Kings,1,10,נתן,nmpr,pers,A:person-candidate,Other Tanakh
176291,1423033,461190,1 Kings,1,10,בניהו,nmpr,pers,A:person-candidate,Other Tanakh
176298,1423033,461190,1 Kings,1,10,שלמה,nmpr,pers,A:person-candidate,Other Tanakh
176304,1423034,461191,1 Kings,1,11,נתן,nmpr,pers,A:person-candidate,Other Tanakh
176305,1423034,461191,1 Kings,1,11,אל,prep,,C:divine-title-candidate,Other Tanakh
176306,1423034,461191,1 Kings,1,11,בת שבע,nmpr,pers,A:person-candidate,Other Tanakh
176308,1423034,461191,1 Kings,1,11,שלמה,nmpr,pers,A:person-candidate,Other Tanakh
176315,1423034,461194,1 Kings,1,11,מלך,verb,,B:deity-candidate,Other Tanakh
176316,1423034,461194,1 Kings,1,11,אדניהו,nmpr,pers,A:person-candidate,Other Tanakh
176318,1423034,461194,1 Kings,1,11,חגית,nmpr,pers,A:person-candidate,Other Tanakh
176321,1423034,461195,1 Kings,1,11,דוד,nmpr,pers,A:person-candidate,Other Tanakh
176338,1423035,461199,1 Kings,1,12,שלמה,nmpr,pers,A:person-candidate,Other Tanakh
176342,1423036,461201,1 Kings,1,13,אל,prep,,C:divine-title-candidate,Other Tanakh
176344,1423036,461201,1 Kings,1,13,מלך,subs,,B:deity-candidate,Other Tanakh
176345,1423036,461201,1 Kings,1,13,דוד,nmpr,pers,A:person-candidate,Other Tanakh
176348,1423036,461202,1 Kings,1,13,אל,prep,,C:divine-title-candidate,Other Tanakh
176354,1423036,461204,1 Kings,1,13,מלך,subs,,B:deity-candidate,Other Tanakh
176361,1423036,461206,1 Kings,1,13,שלמה,nmpr,pers,A:person-candidate,Other Tanakh
176363,1423036,461206,1 Kings,1,13,מלך,verb,,B:deity-candidate,Other Tanakh
176372,1423036,461208,1 Kings,1,13,מלך,verb,,B:deity-candidate,Other Tanakh
176373,1423036,461208,1 Kings,1,13,אדניהו,nmpr,pers,A:person-candidate,Other Tanakh
176380,1423037,461209,1 Kings,1,14,מלך,subs,,B:deity-candidate,Other Tanakh
176391,1423038,461212,1 Kings,1,15,בת שבע,nmpr,pers,A:person-candidate,Other Tanakh
176392,1423038,461212,1 Kings,1,15,אל,prep,,C:divine-title-candidate,Other Tanakh
176394,1423038,461212,1 Kings,1,15,מלך,subs,,B:deity-candidate,Other Tanakh
176399,1423038,461213,1 Kings,1,15,מלך,subs,,B:deity-candidate,Other Tanakh
176403,1423038,461214,1 Kings,1,15,אבישג,nmpr,pers,A:person-candidate,Other Tanakh
176409,1423038,461214,1 Kings,1,15,מלך,subs,,B:deity-candidate,Other Tanakh
176412,1423039,461215,1 Kings,1,16,בת שבע,nmpr,pers,A:person-candidate,Other Tanakh
176417,1423039,461216,1 Kings,1,16,מלך,subs,,B:deity-candidate,Other Tanakh
176421,1423039,461217,1 Kings,1,16,מלך,subs,,B:deity-candidate,Other Tanakh
176431,1423040,461221,1 Kings,1,17,יהוה,nmpr,pers,E:YHWH,Other Tanakh
176432,1423040,461221,1 Kings,1,17,אלהים,subs,,D:Elohim,Other Tanakh
176436,1423040,461222,1 Kings,1,17,שלמה,nmpr,pers,A:person-candidate,Other Tanakh
176438,1423040,461222,1 Kings,1,17,מלך,verb,,B:deity-candidate,Other Tanakh
176448,1423041,461225,1 Kings,1,18,אדניה,nmpr,pers,A:person-candidate,Other Tanakh
176449,1423041,461225,1 Kings,1,18,מלך,verb,,B:deity-candidate,Other Tanakh
176454,1423041,461227,1 Kings,1,18,מלך,subs,,B:deity-candidate,Other Tanakh
176472,1423042,461229,1 Kings,1,19,מלך,subs,,B:deity-candidate,Other Tanakh
176475,1423042,461229,1 Kings,1,19,אביתר,nmpr,pers,A:person-candidate,Other Tanakh
176480,1423042,461229,1 Kings,1,19,יואב,nmpr,pers,A:person-candidate,Other Tanakh
176486,1423042,461230,1 Kings,1,19,שלמה,nmpr,pers,A:person-candidate,Other Tanakh
176494,1423043,461232,1 Kings,1,20,מלך,subs,,B:deity-candidate,Other Tanakh
176497,1423043,461233,1 Kings,1,20,ישראל,nmpr,"pers,gens,topo",F:unclassified-name,Other Tanakh
176508,1423043,461235,1 Kings,1,20,מלך,subs,,B:deity-candidate,Other Tanakh
176516,1423044,461237,1 Kings,1,21,מלך,subs,,B:deity-candidate,Other Tanakh
176524,1423044,461238,1 Kings,1,21,שלמה,nmpr,pers,A:person-candidate,Other Tanakh
176532,1423045,461240,1 Kings,1,22,מלך,subs,,B:deity-candidate,Other Tanakh
176534,1423045,461241,1 Kings,1,22,נתן,nmpr,pers,A:person-candidate,Other Tanakh
176542,1423046,461242,1 Kings,1,23,מלך,subs,,B:deity-candidate,Other Tanakh
176546,1423046,461244,1 Kings,1,23,נתן,nmpr,pers,A:person-candidate,Other Tanakh
176554,1423046,461245,1 Kings,1,23,מלך,subs,,B:deity-candidate,Other Tanakh
176559,1423046,461246,1 Kings,1,23,מלך,subs,,B:deity-candidate,Other Tanakh
176565,1423047,461247,1 Kings,1,24,נתן,nmpr,pers,A:person-candidate,Other Tanakh
176568,1423047,461248,1 Kings,1,24,מלך,subs,,B:deity-candidate,Other Tanakh
176571,1423047,461250,1 Kings,1,24,אדניהו,nmpr,pers,A:person-candidate,Other Tanakh
176572,1423047,461250,1 Kings,1,24,מלך,verb,,B:deity-candidate,Other Tanakh
176598,1423048,461254,1 Kings,1,25,מלך,subs,,B:deity-candidate,Other Tanakh
176606,1423048,461254,1 Kings,1,25,אביתר,nmpr,pers,A:person-candidate,Other Tanakh
176620,1423048,461258,1 Kings,1,25,מלך,subs,,B:deity-candidate,Other Tanakh
176621,1423048,461258,1 Kings,1,25,אדניהו,nmpr,pers,A:person-candidate,Other Tanakh
176628,1423049,461259,1 Kings,1,26,צדוק,nmpr,pers,A:person-candidate,Other Tanakh
176633,1423049,461259,1 Kings,1,26,בניהו,nmpr,pers,A:person-candidate,Other Tanakh
176635,1423049,461259,1 Kings,1,26,יהוידע,nmpr,pers,A:person-candidate,Other Tanakh
176638,1423049,461259,1 Kings,1,26,שלמה,nmpr,pers,A:person-candidate,Other Tanakh
176647,1423050,461260,1 Kings,1,27,מלך,subs,,B:deity-candidate,Other Tanakh
176664,1423050,461262,1 Kings,1,27,מלך,subs,,B:deity-candidate,Other Tanakh
176669,1423051,461263,1 Kings,1,28,מלך,subs,,B:deity-candidate,Other Tanakh
176670,1423051,461263,1 Kings,1,28,דוד,nmpr,pers,A:person-candidate,Other Tanakh
176676,1423051,461265,1 Kings,1,28,בת שבע,nmpr,pers,A:person-candidate,Other Tanakh
176682,1423051,461266,1 Kings,1,28,מלך,subs,,B:deity-candidate,Other Tanakh
176688,1423051,461267,1 Kings,1,28,מלך,subs,,B:deity-candidate,Other Tanakh
176692,1423052,461268,1 Kings,1,29,מלך,subs,,B:deity-candidate,Other Tanakh
176696,1423052,461270,1 Kings,1,29,יהוה,nmpr,pers,E:YHWH,Other Tanakh
176710,1423053,461273,1 Kings,1,30,יהוה,nmpr,pers,E:YHWH,Other Tanakh
176711,1423053,461273,1 Kings,1,30,אלהים,subs,,D:Elohim,Other Tanakh
176712,1423053,461273,1 Kings,1,30,ישראל,nmpr,"pers,gens,topo",F:unclassified-name,Other Tanakh
176716,1423053,461275,1 Kings,1,30,שלמה,nmpr,pers,A:person-candidate,Other Tanakh
176718,1423053,461275,1 Kings,1,30,מלך,verb,,B:deity-candidate,Other Tanakh
176735,1423054,461278,1 Kings,1,31,בת שבע,nmpr,pers,A:person-candidate,Other Tanakh
176742,1423054,461280,1 Kings,1,31,מלך,subs,,B:deity-candidate,Other Tanakh
176748,1423054,461282,1 Kings,1,31,מלך,subs,,B:deity-candidate,Other Tanakh
176749,1423054,461282,1 Kings,1,31,דוד,nmpr,pers,A:person-candidate,Other Tanakh
176755,1423055,461283,1 Kings,1,32,מלך,subs,,B:deity-candidate,Other Tanakh
176756,1423055,461283,1 Kings,1,32,דוד,nmpr,pers,A:person-candidate,Other Tanakh
176760,1423055,461284,1 Kings,1,32,צדוק,nmpr,pers,A:person-candidate,Other Tanakh
176765,1423055,461284,1 Kings,1,32,נתן,nmpr,pers,A:person-candidate,Other Tanakh
176770,1423055,461284,1 Kings,1,32,בניהו,nmpr,pers,A:person-candidate,Other Tanakh
176772,1423055,461284,1 Kings,1,32,יהוידע,nmpr,pers,A:person-candidate,Other Tanakh
176778,1423055,461285,1 Kings,1,32,מלך,subs,,B:deity-candidate,Other Tanakh
176782,1423056,461286,1 Kings,1,33,מלך,subs,,B:deity-candidate,Other Tanakh
176792,1423056,461288,1 Kings,1,33,שלמה,nmpr,pers,A:person-candidate,Other Tanakh
176802,1423056,461290,1 Kings,1,33,אל,prep,,C:divine-title-candidate,Other Tanakh
176803,1423056,461290,1 Kings,1,33,גיחון,nmpr,topo,F:unclassified-name,Other Tanakh
176808,1423057,461291,1 Kings,1,34,צדוק,nmpr,pers,A:person-candidate,Other Tanakh
176812,1423057,461291,1 Kings,1,34,נתן,nmpr,pers,A:person-candidate,Other Tanakh
176816,1423057,461291,1 Kings,1,34,מלך,subs,,B:deity-candidate,Other Tanakh
