word_node,verse_node,clause_node,book,chapter,verse,lexeme,part_of_speech,nametype,candidate_group,scope
300017,1429000,487761,Micha,2,12,ישראל,nmpr,"pers,gens,topo",F:unclassified-name,Other Tanakh
300046,1429001,487769,Micha,2,13,מלך,subs,,B:deity-candidate,Other Tanakh
300050,1429001,487770,Micha,2,13,יהוה,nmpr,pers,E:YHWH,Other Tanakh
300058,1429002,487773,Micha,3,1,יעקב,nmpr,pers,A:person-candidate,Other Tanakh
300062,1429002,487773,Micha,3,1,ישראל,nmpr,"pers,gens,topo",F:unclassified-name,Other Tanakh
300114,1429005,487786,Micha,3,4,אל,prep,,C:divine-title-candidate,Other Tanakh
300115,1429005,487786,Micha,3,4,יהוה,nmpr,pers,E:YHWH,Other Tanakh
300135,1429006,487790,Micha,3,5,יהוה,nmpr,pers,E:YHWH,Other Tanakh
300198,1429008,487805,Micha,3,7,אלהים,subs,,D:Elohim,Other Tanakh
300206,1429009,487806,Micha,3,8,יהוה,nmpr,pers,E:YHWH,Other Tanakh
300214,1429009,487807,Micha,3,8,יעקב,nmpr,pers,A:person-candidate,Other Tanakh
300218,1429009,487808,Micha,3,8,ישראל,nmpr,"pers,gens,topo",F:unclassified-name,Other Tanakh
300225,1429010,487810,Micha,3,9,יעקב,nmpr,pers,A:person-candidate,Other Tanakh
300229,1429010,487810,Micha,3,9,ישראל,nmpr,"pers,gens,topo",F:unclassified-name,Other Tanakh
300240,1429011,487813,Micha,3,10,ציון,nmpr,topo,F:unclassified-name,Other Tanakh
300244,1429011,487814,Micha,3,10,ירושלם,nmpr,topo,F:unclassified-name,Other Tanakh
300263,1429012,487818,Micha,3,11,יהוה,nmpr,pers,E:YHWH,Other Tanakh
300269,1429012,487820,Micha,3,11,יהוה,nmpr,pers,E:YHWH,Other Tanakh
300279,1429013,487823,Micha,3,12,ציון,nmpr,topo,F:unclassified-name,Other Tanakh
300283,1429013,487824,Micha,3,12,ירושלם,nmpr,topo,F:unclassified-name,Other Tanakh
300302,1429014,487827,Micha,4,1,יהוה,nmpr,pers,E:YHWH,Other Tanakh
300326,1429015,487833,Micha,4,2,אל,prep,,C:divine-title-candidate,Other Tanakh
300328,1429015,487833,Micha,4,2,יהוה,nmpr,pers,E:YHWH,Other Tanakh
300330,1429015,487833,Micha,4,2,אל,prep,,C:divine-title-candidate,Other Tanakh
300332,1429015,487833,Micha,4,2,אלהים,subs,,D:Elohim,Other Tanakh
300333,1429015,487833,Micha,4,2,יעקב,nmpr,pers,A:person-candidate,Other Tanakh
300344,1429015,487836,Micha,4,2,ציון,nmpr,topo,F:unclassified-name,Other Tanakh
300349,1429015,487837,Micha,4,2,יהוה,nmpr,pers,E:YHWH,Other Tanakh
300351,1429015,487837,Micha,4,2,ירושלם,nmpr,topo,F:unclassified-name,Other Tanakh
300376,1429016,487842,Micha,4,3,אל,prep,,C:divine-title-candidate,Other Tanakh
300397,1429017,487847,Micha,4,4,יהוה,nmpr,pers,E:YHWH,Other Tanakh
300408,1429018,487849,Micha,4,5,אלהים,subs,,D:Elohim,Other Tanakh
300414,1429018,487850,Micha,4,5,יהוה,nmpr,pers,E:YHWH,Other Tanakh
300415,1429018,487850,Micha,4,5,אלהים,subs,,D:Elohim,Other Tanakh
300426,1429019,487852,Micha,4,6,יהוה,nmpr,pers,E:YHWH,Other Tanakh
300451,1429020,487858,Micha,4,7,מלך,verb,,B:deity-candidate,Other Tanakh
300452,1429020,487858,Micha,4,7,יהוה,nmpr,pers,E:YHWH,Other Tanakh
300456,1429020,487858,Micha,4,7,ציון,nmpr,topo,F:unclassified-name,Other Tanakh
300464,1429021,487860,Micha,4,8,מגדל עדר,nmpr,topo,F:unclassified-name,Other Tanakh
300465,1429021,487861,Micha,4,8,עפל,nmpr,topo,F:unclassified-name,Other Tanakh
300467,1429021,487861,Micha,4,8,ציון,nmpr,topo,F:unclassified-name,Other Tanakh
300479,1429021,487864,Micha,4,8,ירושלם,nmpr,topo,F:unclassified-name,Other Tanakh
300485,1429022,487867,Micha,4,9,מלך,subs,,B:deity-candidate,Other Tanakh
300501,1429023,487872,Micha,4,10,ציון,nmpr,topo,F:unclassified-name,Other Tanakh
300518,1429023,487875,Micha,4,10,בבל,nmpr,topo,F:unclassified-name,Other Tanakh
300523,1429023,487877,Micha,4,10,יהוה,nmpr,pers,E:YHWH,Other Tanakh
300539,1429024,487881,Micha,4,11,ציון,nmpr,topo,F:unclassified-name,Other Tanakh
300546,1429025,487882,Micha,4,12,יהוה,nmpr,pers,E:YHWH,Other Tanakh
300561,1429026,487887,Micha,4,13,ציון,nmpr,topo,F:unclassified-name,Other Tanakh
300577,1429026,487891,Micha,4,13,יהוה,nmpr,pers,E:YHWH,Other Tanakh
300602,1429027,487896,Micha,4,14,ישראל,nmpr,"pers,gens,topo",F:unclassified-name,Other Tanakh
300605,1429028,487898,Micha,5,1,בית לחם,nmpr,topo,F:unclassified-name,Other Tanakh
300606,1429028,487898,Micha,5,1,אפרתה,nmpr,"topo,pers",F:unclassified-name,Other Tanakh
300612,1429028,487900,Micha,5,1,יהודה,nmpr,"pers,gens,topo",F:unclassified-name,Other Tanakh
300620,1429028,487902,Micha,5,1,ישראל,nmpr,"pers,gens,topo",F:unclassified-name,Other Tanakh
300640,1429029,487907,Micha,5,2,ישראל,nmpr,"pers,gens,topo",F:unclassified-name,Other Tanakh
300647,1429030,487909,Micha,5,3,יהוה,nmpr,pers,E:YHWH,Other Tanakh
300651,1429030,487909,Micha,5,3,יהוה,nmpr,pers,E:YHWH,Other Tanakh
300652,1429030,487909,Micha,5,3,אלהים,subs,,D:Elohim,Other Tanakh
300665,1429031,487913,Micha,5,4,אשור,nmpr,topo,F:unclassified-name,Other Tanakh
300688,1429032,487917,Micha,5,5,אשור,nmpr,topo,F:unclassified-name,Other Tanakh
300695,1429032,487918,Micha,5,5,נמרד,nmpr,pers,A:person-candidate,Other Tanakh
300701,1429032,487919,Micha,5,5,אשור,nmpr,topo,F:unclassified-name,Other Tanakh
300714,1429033,487922,Micha,5,6,יעקב,nmpr,pers,A:person-candidate,Other Tanakh
300723,1429033,487923,Micha,5,6,יהוה,nmpr,pers,E:YHWH,Other Tanakh
300742,1429034,487927,Micha,5,7,יעקב,nmpr,pers,A:person-candidate,Other Tanakh
300786,1429036,487938,Micha,5,9,יהוה,nmpr,pers,E:YHWH,Other Tanakh
300853,1429042,487952,Micha,6,1,יהוה,nmpr,pers,E:YHWH,Other Tanakh
300869,1429043,487956,Micha,6,2,יהוה,nmpr,pers,E:YHWH,Other Tanakh
300878,1429043,487959,Micha,6,2,יהוה,nmpr,pers,E:YHWH,Other Tanakh
300883,1429043,487960,Micha,6,2,ישראל,nmpr,"pers,gens,topo",F:unclassified-name,Other Tanakh
300898,1429045,487965,Micha,6,4,מצרים,nmpr,topo,F:unclassified-name,Other Tanakh
300909,1429045,487967,Micha,6,4,משה,nmpr,pers,A:person-candidate,Other Tanakh
300910,1429045,487967,Micha,6,4,אהרן,nmpr,pers,A:person-candidate,Other Tanakh
300912,1429045,487967,Micha,6,4,מרים,nmpr,pers,A:person-candidate,Other Tanakh
300918,1429046,487970,Micha,6,5,בלק,nmpr,pers,A:person-candidate,Other Tanakh
300919,1429046,487970,Micha,6,5,מלך,subs,,B:deity-candidate,Other Tanakh
300920,1429046,487970,Micha,6,5,מואב,nmpr,"pers,gens,topo",F:unclassified-name,Other Tanakh
300925,1429046,487971,Micha,6,5,בלעם,nmpr,pers,A:person-candidate,Other Tanakh
300927,1429046,487971,Micha,6,5,בעור,nmpr,pers,A:person-candidate,Other Tanakh
300930,1429046,487972,Micha,6,5,שטים,nmpr,topo,F:unclassified-name,Other Tanakh
300933,1429046,487972,Micha,6,5,גלגל,nmpr,topo,F:unclassified-name,Other Tanakh
300937,1429046,487973,Micha,6,5,יהוה,nmpr,pers,E:YHWH,Other Tanakh
300941,1429047,487974,Micha,6,6,יהוה,nmpr,pers,E:YHWH,Other Tanakh
300944,1429047,487975,Micha,6,6,אלהים,subs,,D:Elohim,Other Tanakh
300956,1429048,487977,Micha,6,7,יהוה,nmpr,pers,E:YHWH,Other Tanakh
300979,1429049,487983,Micha,6,8,יהוה,nmpr,pers,E:YHWH,Other Tanakh
300993,1429049,487986,Micha,6,8,אלהים,subs,,D:Elohim,Other Tanakh
300995,1429050,487987,Micha,6,9,יהוה,nmpr,pers,E:YHWH,Other Tanakh
301093,1429057,488014,Micha,6,16,עמרי,nmpr,pers,A:person-candidate,Other Tanakh
301098,1429057,488014,Micha,6,16,אחאב,nmpr,pers,A:person-candidate,Other Tanakh
301190,1429062,488041,Micha,7,5,אל,nega,,C:divine-title-candidate,Other Tanakh
301194,1429062,488042,Micha,7,5,אל,nega,,C:divine-title-candidate,Other Tanakh
301222,1429064,488048,Micha,7,7,יהוה,nmpr,pers,E:YHWH,Other Tanakh
301226,1429064,488049,Micha,7,7,אלהים,subs,,D:Elohim,Other Tanakh
301229,1429064,488050,Micha,7,7,אלהים,subs,,D:Elohim,Other Tanakh
301230,1429065,488051,Micha,7,8,אל,nega,,C:divine-title-candidate,Other Tanakh
301242,1429065,488056,Micha,7,8,יהוה,nmpr,pers,E:YHWH,Other Tanakh
301246,1429066,488057,Micha,7,9,יהוה,nmpr,pers,E:YHWH,Other Tanakh
301273,1429067,488065,Micha,7,10,אל,prep,,C:divine-title-candidate,Other Tanakh
301275,1429067,488066,Micha,7,10,יהוה,nmpr,pers,E:YHWH,Other Tanakh
301276,1429067,488066,Micha,7,10,אלהים,subs,,D:Elohim,Other Tanakh
301303,1429069,488075,Micha,7,12,אשור,nmpr,topo,F:unclassified-name,Other Tanakh
301306,1429069,488075,Micha,7,12,מצור,nmpr,topo,F:unclassified-name,Other Tanakh
301310,1429069,488076,Micha,7,12,מצור,nmpr,topo,F:unclassified-name,Other Tanakh
301347,1429071,488082,Micha,7,14,בשן,nmpr,topo,F:unclassified-name,Other Tanakh
301349,1429071,488082,Micha,7,14,גלעד,nmpr,topo,F:unclassified-name,Other Tanakh
301358,1429072,488084,Micha,7,15,מצרים,nmpr,topo,F:unclassified-name,Other Tanakh
301385,1429074,488091,Micha,7,17,אל,prep,,C:divine-title-candidate,Other Tanakh
301386,1429074,488091,Micha,7,17,יהוה,nmpr,pers,E:YHWH,Other Tanakh
301387,1429074,488091,Micha,7,17,אלהים,subs,,D:Elohim,Other Tanakh
301393,1429075,488093,Micha,7,18,אל,subs,,C:divine-title-candidate,Other Tanakh
301427,1429077,488102,Micha,7,20,יעקב,nmpr,pers,A:person-candidate,Other Tanakh
301430,1429077,488103,Micha,7,20,אברהם,nmpr,pers,A:person-candidate,Other Tanakh
301439,1429078,488105,Nahum,1,1,נינוה,nmpr,topo,F:unclassified-name,Other Tanakh
301442,1429078,488106,Nahum,1,1,נחום,nmpr,pers,A:person-candidate,Other Tanakh
301445,1429079,488107,Nahum,1,2,אל,subs,,C:divine-title-candidate,Other Tanakh
301449,1429079,488107,Nahum,1,2,יהוה,nmpr,pers,E:YHWH,Other Tanakh
301451,1429079,488108,Nahum,1,2,יהוה,nmpr,pers,E:YHWH,Other Tanakh
301453,1429079,488109,Nahum,1,2,בעל,subs,,B:deity-candidate,Other Tanakh
301456,1429079,488110,Nahum,1,2,יהוה,nmpr,pers,E:YHWH,Other Tanakh
301464,1429080,488112,Nahum,1,3,יהוה,nmpr,pers,E:YHWH,Other Tanakh
301474,1429080,488114,Nahum,1,3,יהוה,nmpr,pers,E:YHWH,Other Tanakh
301497,1429081,488120,Nahum,1,4,בשן,nmpr,topo,F:unclassified-name,Other Tanakh
301499,1429081,488120,Nahum,1,4,כרמל,nmpr,topo,F:unclassified-name,Other Tanakh
301502,1429081,488121,Nahum,1,4,לבנון,nmpr,topo,F:unclassified-name,Other Tanakh
301545,1429084,488132,Nahum,1,7,יהוה,nmpr,pers,E:YHWH,Other Tanakh
301568,1429086,488138,Nahum,1,9,אל,prep,,C:divine-title-candidate,Other Tanakh
301569,1429086,488138,Nahum,1,9,יהוה,nmpr,pers,E:YHWH,Other Tanakh
301594,1429088,488145,Nahum,1,11,יהוה,nmpr,pers,E:YHWH,Other Tanakh
301600,1429089,488147,Nahum,1,12,יהוה,nmpr,pers,E:YHWH,Other Tanakh
301628,1429091,488157,Nahum,1,14,יהוה,nmpr,pers,E:YHWH,Other Tanakh
301636,1429091,488159,Nahum,1,14,אלהים,subs,,D:Elohim,Other Tanakh
301654,1429092,488165,Nahum,2,1,יהודה,nmpr,"pers,gens,topo",F:unclassified-name,Other Tanakh
301683,1429094,488175,Nahum,2,3,יהוה,nmpr,pers,E:YHWH,Other Tanakh
301686,1429094,488175,Nahum,2,3,יעקב,nmpr,pers,A:person-candidate,Other Tanakh
301689,1429094,488175,Nahum,2,3,ישראל,nmpr,"pers,gens,topo",F:unclassified-name,Other Tanakh
301765,1429100,488198,Nahum,2,9,נינוה,nmpr,topo,F:unclassified-name,Other Tanakh
301852,1429105,488222,Nahum,2,14,אל,prep,,C:divine-title-candidate,Other Tanakh
301854,1429105,488223,Nahum,2,14,יהוה,nmpr,pers,E:YHWH,Other Tanakh
301941,1429110,488244,Nahum,3,5,אל,prep,,C:divine-title-candidate,Other Tanakh
301943,1429110,488245,Nahum,3,5,יהוה,nmpr,pers,E:YHWH,Other Tanakh
301976,1429112,488255,Nahum,3,7,נינוה,nmpr,topo,F:unclassified-name,Other Tanakh
301988,1429113,488258,Nahum,3,8,נא אמון,nmpr,topo,F:unclassified-name,Other Tanakh
302003,1429114,488263,Nahum,3,9,כוש,nmpr,topo,F:unclassified-name,Other Tanakh
302006,1429114,488264,Nahum,3,9,מצרים,nmpr,topo,F:unclassified-name,Other Tanakh
302010,1429114,488266,Nahum,3,9,פוט,nmpr,gens,F:unclassified-name,Other Tanakh
302153,1429123,488301,Nahum,3,18,מלך,subs,,B:deity-candidate,Other Tanakh
302154,1429123,488301,Nahum,3,18,אשור,nmpr,topo,F:unclassified-name,Other Tanakh
302188,1429125,488310,Habakuk,1,1,חבקוק,nmpr,pers,A:person-candidate,Other Tanakh
302193,1429126,488312,Habakuk,1,2,יהוה,nmpr,pers,E:YHWH,Other Tanakh
302199,1429126,488314,Habakuk,1,2,אל,prep,,C:divine-title-candidate,Other Tanakh
302334,1429134,488349,Habakuk,1,10,מלך,subs,,B:deity-candidate,Other Tanakh
302360,1429135,488358,Habakuk,1,11,אלוה,subs,,C:divine-title-candidate,Other Tanakh
302366,1429136,488360,Habakuk,1,12,יהוה,nmpr,pers,E:YHWH,Other Tanakh
302367,1429136,488360,Habakuk,1,12,אלהים,subs,,D:Elohim,Other Tanakh
302371,1429136,488362,Habakuk,1,12,יהוה,nmpr,pers,E:YHWH,Other Tanakh
302387,1429137,488370,Habakuk,1,13,אל,prep,,C:divine-title-candidate,Other Tanakh
302478,1429143,488397,Habakuk,2,2,יהוה,nmpr,pers,E:YHWH,Other Tanakh
302540,1429146,488416,Habakuk,2,5,שאול,subs,,A:person-candidate,Other Tanakh
302552,1429146,488419,Habakuk,2,5,אל,prep,,C:divine-title-candidate,Other Tanakh
302558,1429146,488420,Habakuk,2,5,אל,prep,,C:divine-title-candidate,Other Tanakh
302671,1429154,488448,Habakuk,2,13,יהוה,nmpr,pers,E:YHWH,Other Tanakh
302693,1429155,488452,Habakuk,2,14,יהוה,nmpr,pers,E:YHWH,Other Tanakh
302725,1429157,488462,Habakuk,2,16,יהוה,nmpr,pers,E:YHWH,Other Tanakh
302732,1429158,488464,Habakuk,2,17,לבנון,nmpr,topo,F:unclassified-name,Other Tanakh
302793,1429161,488481,Habakuk,2,20,יהוה,nmpr,pers,E:YHWH,Other Tanakh
302805,1429162,488484,Habakuk,3,1,חבקוק,nmpr,pers,A:person-candidate,Other Tanakh
302810,1429163,488486,Habakuk,3,2,יהוה,nmpr,pers,E:YHWH,Other Tanakh
302814,1429163,488489,Habakuk,3,2,יהוה,nmpr,pers,E:YHWH,Other Tanakh
302828,1429164,488494,Habakuk,3,3,אלוה,subs,,C:divine-title-candidate,Other Tanakh
302830,1429164,488494,Habakuk,3,3,תימן,nmpr,topo,F:unclassified-name,Other Tanakh
302836,1429164,488495,Habakuk,3,3,פארן,nmpr,topo,F:unclassified-name,Other Tanakh
302891,1429168,488511,Habakuk,3,7,כושן,nmpr,gens,F:unclassified-name,Other Tanakh
302895,1429168,488512,Habakuk,3,7,מדין,nmpr,"pers,gens,topo",F:unclassified-name,Other Tanakh
302900,1429169,488514,Habakuk,3,8,יהוה,nmpr,pers,E:YHWH,Other Tanakh
303057,1429179,488558,Habakuk,3,18,יהוה,nmpr,pers,E:YHWH,Other Tanakh
303061,1429179,488559,Habakuk,3,18,אלהים,subs,,D:Elohim,Other Tanakh
303063,1429180,488560,Habakuk,3,19,יהוה,nmpr,pers,E:YHWH,Other Tanakh
303064,1429180,488560,Habakuk,3,19,אדני,nmpr,pers,C:divine-title-candidate,Other Tanakh
303082,1429181,488564,Zephania,1,1,יהוה,nmpr,pers,E:YHWH,Other Tanakh
303085,1429181,488565,Zephania,1,1,אל,prep,,C:divine-title-candidate,Other Tanakh
303086,1429181,488565,Zephania,1,1,צפניה,nmpr,pers,A:person-candidate,Other Tanakh
303088,1429181,488565,Zephania,1,1,כושי,nmpr,pers,A:person-candidate,Other Tanakh
303090,1429181,488565,Zephania,1,1,גדליה,nmpr,pers,A:person-candidate,Other Tanakh
303092,1429181,488565,Zephania,1,1,אמריה,nmpr,pers,A:person-candidate,Other Tanakh
303094,1429181,488565,Zephania,1,1,חזקיה,nmpr,pers,A:person-candidate,Other Tanakh
303097,1429181,488565,Zephania,1,1,יאשיהו,nmpr,pers,A:person-candidate,Other Tanakh
303099,1429181,488565,Zephania,1,1,אמון,nmpr,pers,A:person-candidate,Other Tanakh
303100,1429181,488565,Zephania,1,1,מלך,subs,,B:deity-candidate,Other Tanakh
303101,1429181,488565,Zephania,1,1,יהודה,nmpr,"pers,gens,topo",F:unclassified-name,Other Tanakh
303111,1429182,488567,Zephania,1,2,יהוה,nmpr,pers,E:YHWH,Other Tanakh
303141,1429183,488572,Zephania,1,3,יהוה,nmpr,pers,E:YHWH,Other Tanakh
303146,1429184,488573,Zephania,1,4,יהודה,nmpr,"pers,gens,topo",F:unclassified-name,Other Tanakh
303151,1429184,488573,Zephania,1,4,ירושלם,nmpr,topo,F:unclassified-name,Other Tanakh
303162,1429184,488574,Zephania,1,4,בעל,subs,,B:deity-candidate,Other Tanakh
303188,1429185,488578,Zephania,1,5,יהוה,nmpr,pers,E:YHWH,Other Tanakh
303193,1429185,488579,Zephania,1,5,מלכם,nmpr,pers,B:deity-candidate,Other Tanakh
303200,1429186,488580,Zephania,1,6,יהוה,nmpr,pers,E:YHWH,Other Tanakh
303206,1429186,488581,Zephania,1,6,יהוה,nmpr,pers,E:YHWH,Other Tanakh
303213,1429187,488583,Zephania,1,7,אדני,nmpr,pers,C:divine-title-candidate,Other Tanakh
303214,1429187,488583,Zephania,1,7,יהוה,nmpr,pers,E:YHWH,Other Tanakh
303218,1429187,488584,Zephania,1,7,יהוה,nmpr,pers,E:YHWH,Other Tanakh
303221,1429187,488585,Zephania,1,7,יהוה,nmpr,pers,E:YHWH,Other Tanakh
303230,1429188,488587,Zephania,1,8,יהוה,nmpr,pers,E:YHWH,Other Tanakh
303240,1429188,488588,Zephania,1,8,מלך,subs,,B:deity-candidate,Other Tanakh
303277,1429190,488594,Zephania,1,10,יהוה,nmpr,pers,E:YHWH,Other Tanakh
303303,1429191,488599,Zephania,1,11,כנען,nmpr,"pers,gens,topo",F:unclassified-name,Other Tanakh
303317,1429192,488602,Zephania,1,12,ירושלם,nmpr,topo,F:unclassified-name,Other Tanakh
303336,1429192,488606,Zephania,1,12,יהוה,nmpr,pers,E:YHWH,Other Tanakh
303365,1429194,488614,Zephania,1,14,יהוה,nmpr,pers,E:YHWH,Other Tanakh
303374,1429194,488617,Zephania,1,14,יהוה,nmpr,pers,E:YHWH,Other Tanakh
303428,1429197,488627,Zephania,1,17,יהוה,nmpr,pers,E:YHWH,Other Tanakh
303452,1429198,488631,Zephania,1,18,יהוה,nmpr,pers,E:YHWH,Other Tanakh
303493,1429200,488640,Zephania,2,2,יהוה,nmpr,pers,E:YHWH,Other Tanakh
303501,1429200,488641,Zephania,2,2,יהוה,nmpr,pers,E:YHWH,Other Tanakh
303504,1429201,488642,Zephania,2,3,יהוה,nmpr,pers,E:YHWH,Other Tanakh
303521,1429201,488647,Zephania,2,3,יהוה,nmpr,pers,E:YHWH,Other Tanakh
303523,1429202,488648,Zephania,2,4,עזה,nmpr,topo,F:unclassified-name,Other Tanakh
303527,1429202,488649,Zephania,2,4,אשקלון,nmpr,topo,F:unclassified-name,Other Tanakh
303530,1429202,488650,Zephania,2,4,אשדוד,nmpr,topo,F:unclassified-name,Other Tanakh
303536,1429202,488651,Zephania,2,4,עקרון,nmpr,topo,F:unclassified-name,Other Tanakh
303546,1429203,488655,Zephania,2,5,יהוה,nmpr,pers,E:YHWH,Other Tanakh
303548,1429203,488656,Zephania,2,5,כנען,nmpr,"pers,gens,topo",F:unclassified-name,Other Tanakh
303573,1429205,488660,Zephania,2,7,יהודה,nmpr,"pers,gens,topo",F:unclassified-name,Other Tanakh
303578,1429205,488662,Zephania,2,7,אשקלון,nmpr,topo,F:unclassified-name,Other Tanakh
303585,1429205,488663,Zephania,2,7,יהוה,nmpr,pers,E:YHWH,Other Tanakh
303586,1429205,488663,Zephania,2,7,אלהים,subs,,D:Elohim,Other Tanakh
303592,1429206,488665,Zephania,2,8,מואב,nmpr,"pers,gens,topo",F:unclassified-name,Other Tanakh
303596,1429206,488666,Zephania,2,8,עמון,nmpr,gens,F:unclassified-name,Other Tanakh
303609,1429207,488671,Zephania,2,9,יהוה,nmpr,pers,E:YHWH,Other Tanakh
303611,1429207,488671,Zephania,2,9,אלהים,subs,,D:Elohim,Other Tanakh
303612,1429207,488671,Zephania,2,9,ישראל,nmpr,"pers,gens,topo",F:unclassified-name,Other Tanakh
303614,1429207,488672,Zephania,2,9,מואב,nmpr,"pers,gens,topo",F:unclassified-name,Other Tanakh
303616,1429207,488672,Zephania,2,9,סדם,nmpr,topo,F:unclassified-name,Other Tanakh
303620,1429207,488673,Zephania,2,9,עמון,nmpr,gens,F:unclassified-name,Other Tanakh
303622,1429207,488673,Zephania,2,9,עמרה,nmpr,topo,F:unclassified-name,Other Tanakh
303649,1429208,488679,Zephania,2,10,יהוה,nmpr,pers,E:YHWH,Other Tanakh
303652,1429209,488680,Zephania,2,11,יהוה,nmpr,pers,E:YHWH,Other Tanakh
303658,1429209,488681,Zephania,2,11,אלהים,subs,,D:Elohim,Other Tanakh
303685,1429211,488688,Zephania,2,13,אשור,nmpr,topo,F:unclassified-name,Other Tanakh
303689,1429211,488689,Zephania,2,13,נינוה,nmpr,topo,F:unclassified-name,Other Tanakh
303770,1429215,488712,Zephania,3,2,יהוה,nmpr,pers,E:YHWH,Other Tanakh
303773,1429215,488713,Zephania,3,2,אל,prep,,C:divine-title-candidate,Other Tanakh
303774,1429215,488713,Zephania,3,2,אלהים,subs,,D:Elohim,Other Tanakh
303799,1429218,488721,Zephania,3,5,יהוה,nmpr,pers,E:YHWH,Other Tanakh
303864,1429221,488739,Zephania,3,8,יהוה,nmpr,pers,E:YHWH,Other Tanakh
303896,1429222,488747,Zephania,3,9,אל,prep,,C:divine-title-candidate,Other Tanakh
303905,1429222,488748,Zephania,3,9,יהוה,nmpr,pers,E:YHWH,Other Tanakh
303914,1429223,488750,Zephania,3,10,כוש,nmpr,topo,F:unclassified-name,Other Tanakh
303961,1429225,488757,Zephania,3,12,יהוה,nmpr,pers,E:YHWH,Other Tanakh
303963,1429226,488758,Zephania,3,13,ישראל,nmpr,"pers,gens,topo",F:unclassified-name,Other Tanakh
303988,1429227,488765,Zephania,3,14,ציון,nmpr,topo,F:unclassified-name,Other Tanakh
303990,1429227,488767,Zephania,3,14,ישראל,nmpr,"pers,gens,topo",F:unclassified-name,Other Tanakh
303998,1429227,488770,Zephania,3,14,ירושלם,nmpr,topo,F:unclassified-name,Other Tanakh
304000,1429228,488771,Zephania,3,15,יהוה,nmpr,pers,E:YHWH,Other Tanakh
304004,1429228,488773,Zephania,3,15,מלך,subs,,B:deity-candidate,Other Tanakh
304005,1429228,488773,Zephania,3,15,ישראל,nmpr,"pers,gens,topo",F:unclassified-name,Other Tanakh
304006,1429228,488773,Zephania,3,15,יהוה,nmpr,pers,E:YHWH,Other Tanakh
304020,1429229,488775,Zephania,3,16,ירושלם,nmpr,topo,F:unclassified-name,Other Tanakh
304021,1429229,488776,Zephania,3,16,אל,nega,,C:divine-title-candidate,Other Tanakh
304023,1429229,488777,Zephania,3,16,ציון,nmpr,topo,F:unclassified-name,Other Tanakh
304024,1429229,488778,Zephania,3,16,אל,nega,,C:divine-title-candidate,Other Tanakh
304027,1429230,488779,Zephania,3,17,יהוה,nmpr,pers,E:YHWH,Other Tanakh
304028,1429230,488779,Zephania,3,17,אלהים,subs,,D:Elohim,Other Tanakh
304117,1429233,488799,Zephania,3,20,יהוה,nmpr,pers,E:YHWH,Other Tanakh
304122,1429234,488800,Haggai,1,1,דריוש,nmpr,pers,A:person-candidate,Other Tanakh
304124,1429234,488800,Haggai,1,1,מלך,subs,,B:deity-candidate,Other Tanakh
304138,1429234,488800,Haggai,1,1,יהוה,nmpr,pers,E:YHWH,Other Tanakh
304141,1429234,488800,Haggai,1,1,חגי,nmpr,pers,A:person-candidate,Other Tanakh
304144,1429234,488800,Haggai,1,1,אל,prep,,C:divine-title-candidate,Other Tanakh
304145,1429234,488800,Haggai,1,1,זרבבל,nmpr,pers,A:person-candidate,Other Tanakh
304147,1429234,488800,Haggai,1,1,שאלתיאל,nmpr,pers,A:person-candidate,Other Tanakh
304149,1429234,488800,Haggai,1,1,יהודה,nmpr,"pers,gens,topo",F:unclassified-name,Other Tanakh
304151,1429234,488800,Haggai,1,1,אל,prep,,C:divine-title-candidate,Other Tanakh
304152,1429234,488800,Haggai,1,1,יהושע,nmpr,pers,A:person-candidate,Other Tanakh
304154,1429234,488800,Haggai,1,1,יהוצדק,nmpr,pers,A:person-candidate,Other Tanakh
304163,1429235,488802,Haggai,1,2,יהוה,nmpr,pers,E:YHWH,Other Tanakh
304177,1429235,488805,Haggai,1,2,יהוה,nmpr,pers,E:YHWH,Other Tanakh
304183,1429236,488807,Haggai,1,3,יהוה,nmpr,pers,E:YHWH,Other Tanakh
304186,1429236,488807,Haggai,1,3,חגי,nmpr,pers,A:person-candidate,Other Tanakh
304210,1429238,488813,Haggai,1,5,יהוה,nmpr,pers,E:YHWH,Other Tanakh
304241,1429239,488825,Haggai,1,6,אל,prep,,C:divine-title-candidate,Other Tanakh
304246,1429240,488826,Haggai,1,7,יהוה,nmpr,pers,E:YHWH,Other Tanakh
304268,1429241,488833,Haggai,1,8,יהוה,nmpr,pers,E:YHWH,Other Tanakh
304270,1429242,488835,Haggai,1,9,אל,prep,,C:divine-title-candidate,Other Tanakh
304286,1429242,488840,Haggai,1,9,יהוה,nmpr,pers,E:YHWH,Other Tanakh
304354,1429245,488851,Haggai,1,12,זרבבל,nmpr,pers,A:person-candidate,Other Tanakh
304356,1429245,488851,Haggai,1,12,שאלתיאל,nmpr,pers,A:person-candidate,Other Tanakh
304358,1429245,488851,Haggai,1,12,יהושע,nmpr,pers,A:person-candidate,Other Tanakh
304360,1429245,488851,Haggai,1,12,יהוצדק,nmpr,pers,A:person-candidate,Other Tanakh
304372,1429245,488851,Haggai,1,12,יהוה,nmpr,pers,E:YHWH,Other Tanakh
304373,1429245,488851,Haggai,1,12,אלהים,subs,,D:Elohim,Other Tanakh
304377,1429245,488851,Haggai,1,12,חגי,nmpr,pers,A:person-candidate,Other Tanakh
304383,1429245,488852,Haggai,1,12,יהוה,nmpr,pers,E:YHWH,Other Tanakh
304384,1429245,488852,Haggai,1,12,אלהים,subs,,D:Elohim,Other Tanakh
304391,1429245,488853,Haggai,1,12,יהוה,nmpr,pers,E:YHWH,Other Tanakh
304394,1429246,488854,Haggai,1,13,חגי,nmpr,pers,A:person-candidate,Other Tanakh
304396,1429246,488854,Haggai,1,13,יהוה,nmpr,pers,E:YHWH,Other Tanakh
304399,1429246,488854,Haggai,1,13,יהוה,nmpr,pers,E:YHWH,Other Tanakh
304408,1429246,488857,Haggai,1,13,יהוה,nmpr,pers,E:YHWH,Other Tanakh
304411,1429247,488858,Haggai,1,14,יהוה,nmpr,pers,E:YHWH,Other Tanakh
304414,1429247,488858,Haggai,1,14,זרבבל,nmpr,pers,A:person-candidate,Other Tanakh
304416,1429247,488858,Haggai,1,14,שאלתיאל,nmpr,pers,A:person-candidate,Other Tanakh
304418,1429247,488858,Haggai,1,14,יהודה,nmpr,"pers,gens,topo",F:unclassified-name,Other Tanakh
304422,1429247,488858,Haggai,1,14,יהושע,nmpr,pers,A:person-candidate,Other Tanakh
304424,1429247,488858,Haggai,1,14,יהוצדק,nmpr,pers,A:person-candidate,Other Tanakh
304443,1429247,488860,Haggai,1,14,יהוה,nmpr,pers,E:YHWH,Other Tanakh
304445,1429247,488860,Haggai,1,14,אלהים,subs,,D:Elohim,Other Tanakh
304461,1429248,488861,Haggai,1,15,דריוש,nmpr,pers,A:person-candidate,Other Tanakh
304463,1429248,488861,Haggai,1,15,מלך,subs,,B:deity-candidate,Other Tanakh
304476,1429249,488862,Haggai,2,1,יהוה,nmpr,pers,E:YHWH,Other Tanakh
304479,1429249,488862,Haggai,2,1,חגי,nmpr,pers,A:person-candidate,Other Tanakh
304486,1429250,488864,Haggai,2,2,אל,prep,,C:divine-title-candidate,Other Tanakh
304487,1429250,488864,Haggai,2,2,זרבבל,nmpr,pers,A:person-candidate,Other Tanakh
304489,1429250,488864,Haggai,2,2,שאלתיאל,nmpr,pers,A:person-candidate,Other Tanakh
304491,1429250,488864,Haggai,2,2,יהודה,nmpr,"pers,gens,topo",F:unclassified-name,Other Tanakh
304493,1429250,488864,Haggai,2,2,אל,prep,,C:divine-title-candidate,Other Tanakh
304494,1429250,488864,Haggai,2,2,יהושע,nmpr,pers,A:person-candidate,Other Tanakh
304496,1429250,488864,Haggai,2,2,יהוצדק,nmpr,pers,A:person-candidate,Other Tanakh
304502,1429250,488864,Haggai,2,2,אל,prep,,C:divine-title-candidate,Other Tanakh
304539,1429252,488872,Haggai,2,4,זרבבל,nmpr,pers,A:person-candidate,Other Tanakh
304541,1429252,488873,Haggai,2,4,יהוה,nmpr,pers,E:YHWH,Other Tanakh
304544,1429252,488875,Haggai,2,4,יהושע,nmpr,pers,A:person-candidate,Other Tanakh
304546,1429252,488875,Haggai,2,4,יהוצדק,nmpr,pers,A:person-candidate,Other Tanakh
304558,1429252,488878,Haggai,2,4,יהוה,nmpr,pers,E:YHWH,Other Tanakh
304565,1429252,488881,Haggai,2,4,יהוה,nmpr,pers,E:YHWH,Other Tanakh
304576,1429253,488883,Haggai,2,5,מצרים,nmpr,topo,F:unclassified-name,Other Tanakh
304582,1429253,488885,Haggai,2,5,אל,nega,,C:divine-title-candidate,Other Tanakh
304587,1429254,488886,Haggai,2,6,יהוה,nmpr,pers,E:YHWH,Other Tanakh
304632,1429255,488892,Haggai,2,7,יהוה,nmpr,pers,E:YHWH,Other Tanakh
304642,1429256,488895,Haggai,2,8,יהוה,nmpr,pers,E:YHWH,Other Tanakh
304657,1429257,488897,Haggai,2,9,יהוה,nmpr,pers,E:YHWH,Other Tanakh
304668,1429257,488899,Haggai,2,9,יהוה,nmpr,pers,E:YHWH,Other Tanakh
304681,1429258,488900,Haggai,2,10,דריוש,nmpr,pers,A:person-candidate,Other Tanakh
304684,1429258,488900,Haggai,2,10,יהוה,nmpr,pers,E:YHWH,Other Tanakh
304685,1429258,488900,Haggai,2,10,אל,prep,,C:divine-title-candidate,Other Tanakh
304686,1429258,488900,Haggai,2,10,חגי,nmpr,pers,A:person-candidate,Other Tanakh
304693,1429259,488902,Haggai,2,11,יהוה,nmpr,pers,E:YHWH,Other Tanakh
304715,1429260,488906,Haggai,2,12,אל,prep,,C:divine-title-candidate,Other Tanakh
304719,1429260,488906,Haggai,2,12,אל,prep,,C:divine-title-candidate,Other Tanakh
304723,1429260,488906,Haggai,2,12,אל,prep,,C:divine-title-candidate,Other Tanakh
304727,1429260,488906,Haggai,2,12,אל,prep,,C:divine-title-candidate,Other Tanakh
304730,1429260,488906,Haggai,2,12,אל,prep,,C:divine-title-candidate,Other Tanakh
304744,1429261,488911,Haggai,2,13,חגי,nmpr,pers,A:person-candidate,Other Tanakh
304763,1429262,488917,Haggai,2,14,חגי,nmpr,pers,A:person-candidate,Other Tanakh
304780,1429262,488921,Haggai,2,14,יהוה,nmpr,pers,E:YHWH,Other Tanakh
304808,1429263,488927,Haggai,2,15,אל,prep,,C:divine-title-candidate,Other Tanakh
304812,1429263,488927,Haggai,2,15,יהוה,nmpr,pers,E:YHWH,Other Tanakh
304816,1429264,488929,Haggai,2,16,אל,prep,,C:divine-title-candidate,Other Tanakh
304823,1429264,488931,Haggai,2,16,אל,prep,,C:divine-title-candidate,Other Tanakh
304853,1429265,488936,Haggai,2,17,אל,prep,,C:divine-title-candidate,Other Tanakh
304855,1429265,488937,Haggai,2,17,יהוה,nmpr,pers,E:YHWH,Other Tanakh
304881,1429266,488940,Haggai,2,18,יהוה,nmpr,pers,E:YHWH,Other Tanakh
304900,1429267,488942,Haggai,2,19,רמון,subs,,B:deity-candidate,Other Tanakh
304916,1429268,488944,Haggai,2,20,יהוה,nmpr,pers,E:YHWH,Other Tanakh
304918,1429268,488944,Haggai,2,20,אל,prep,,C:divine-title-candidate,Other Tanakh
304919,1429268,488944,Haggai,2,20,חגי,nmpr,pers,A:person-candidate,Other Tanakh
304930,1429269,488946,Haggai,2,21,אל,prep,,C:divine-title-candidate,Other Tanakh
304931,1429269,488946,Haggai,2,21,זרבבל,nmpr,pers,A:person-candidate,Other Tanakh
304933,1429269,488946,Haggai,2,21,יהודה,nmpr,"pers,gens,topo",F:unclassified-name,Other Tanakh
304975,1429271,488955,Haggai,2,23,יהוה,nmpr,pers,E:YHWH,Other Tanakh
304978,1429271,488956,Haggai,2,23,זרבבל,nmpr,pers,A:person-candidate,Other Tanakh
304980,1429271,488956,Haggai,2,23,שאלתיאל,nmpr,pers,A:person-candidate,Other Tanakh
304983,1429271,488957,Haggai,2,23,יהוה,nmpr,pers,E:YHWH,Other Tanakh
304993,1429271,488960,Haggai,2,23,יהוה,nmpr,pers,E:YHWH,Other Tanakh
305004,1429272,488961,Zechariah,1,1,דריוש,nmpr,pers,A:person-candidate,Other Tanakh
305007,1429272,488961,Zechariah,1,1,יהוה,nmpr,pers,E:YHWH,Other Tanakh
305008,1429272,488961,Zechariah,1,1,אל,prep,,C:divine-title-candidate,Other Tanakh
305009,1429272,488961,Zechariah,1,1,זכריה,nmpr,pers,A:person-candidate,Other Tanakh
305011,1429272,488961,Zechariah,1,1,ברכיה,nmpr,pers,A:person-candidate,Other Tanakh
305013,1429272,488961,Zechariah,1,1,עדו,nmpr,pers,A:person-candidate,Other Tanakh
305019,1429273,488963,Zechariah,1,2,יהוה,nmpr,pers,E:YHWH,Other Tanakh
305025,1429274,488964,Zechariah,1,3,אל,prep,,C:divine-title-candidate,Other Tanakh
305028,1429274,488965,Zechariah,1,3,יהוה,nmpr,pers,E:YHWH,Other Tanakh
305031,1429274,488966,Zechariah,1,3,אל,prep,,C:divine-title-candidate,Other Tanakh
305033,1429274,488967,Zechariah,1,3,יהוה,nmpr,pers,E:YHWH,Other Tanakh
305037,1429274,488968,Zechariah,1,3,אל,prep,,C:divine-title-candidate,Other Tanakh
305039,1429274,488969,Zechariah,1,3,יהוה,nmpr,pers,E:YHWH,Other Tanakh
305041,1429275,488970,Zechariah,1,4,אל,nega,,C:divine-title-candidate,Other Tanakh
305047,1429275,488971,Zechariah,1,4,אל,prep,,C:divine-title-candidate,Other Tanakh
305056,1429275,488973,Zechariah,1,4,יהוה,nmpr,pers,E:YHWH,Other Tanakh
305074,1429275,488976,Zechariah,1,4,אל,prep,,C:divine-title-candidate,Other Tanakh
305076,1429275,488977,Zechariah,1,4,יהוה,nmpr,pers,E:YHWH,Other Tanakh
305108,1429277,488987,Zechariah,1,6,יהוה,nmpr,pers,E:YHWH,Other Tanakh
305132,1429278,488991,Zechariah,1,7,שבט,nmpr,mens,F:unclassified-name,Other Tanakh
305137,1429278,488990,Zechariah,1,7,דריוש,nmpr,pers,A:person-candidate,Other Tanakh
305140,1429278,488990,Zechariah,1,7,יהוה,nmpr,pers,E:YHWH,Other Tanakh
305141,1429278,488990,Zechariah,1,7,אל,prep,,C:divine-title-candidate,Other Tanakh
305142,1429278,488990,Zechariah,1,7,זכריה,nmpr,pers,A:person-candidate,Other Tanakh
305144,1429278,488990,Zechariah,1,7,ברכיהו,nmpr,pers,A:person-candidate,Other Tanakh
305146,1429278,488990,Zechariah,1,7,עדוא,nmpr,pers,A:person-candidate,Other Tanakh
305185,1429280,489003,Zechariah,1,9,אל,prep,,C:divine-title-candidate,Other Tanakh
305210,1429281,489011,Zechariah,1,10,יהוה,nmpr,pers,E:YHWH,Other Tanakh
305220,1429282,489013,Zechariah,1,11,יהוה,nmpr,pers,E:YHWH,Other Tanakh
305243,1429283,489020,Zechariah,1,12,יהוה,nmpr,pers,E:YHWH,Other Tanakh
305246,1429283,489022,Zechariah,1,12,יהוה,nmpr,pers,E:YHWH,Other Tanakh
305254,1429283,489023,Zechariah,1,12,ירושלם,nmpr,topo,F:unclassified-name,Other Tanakh
305258,1429283,489023,Zechariah,1,12,יהודה,nmpr,"pers,gens,topo",F:unclassified-name,Other Tanakh
305266,1429284,489025,Zechariah,1,13,יהוה,nmpr,pers,E:YHWH,Other Tanakh
305279,1429285,489027,Zechariah,1,14,אל,prep,,C:divine-title-candidate,Other Tanakh
305290,1429285,489031,Zechariah,1,14,יהוה,nmpr,pers,E:YHWH,Other Tanakh
305294,1429285,489032,Zechariah,1,14,ירושלם,nmpr,topo,F:unclassified-name,Other Tanakh
305297,1429285,489032,Zechariah,1,14,ציון,nmpr,topo,F:unclassified-name,Other Tanakh
305322,1429287,489037,Zechariah,1,16,יהוה,nmpr,pers,E:YHWH,Other Tanakh
305325,1429287,489038,Zechariah,1,16,ירושלם,nmpr,topo,F:unclassified-name,Other Tanakh
305332,1429287,489040,Zechariah,1,16,יהוה,nmpr,pers,E:YHWH,Other Tanakh
305338,1429287,489041,Zechariah,1,16,ירושלם,nmpr,topo,F:unclassified-name,Other Tanakh
305345,1429288,489044,Zechariah,1,17,יהוה,nmpr,pers,E:YHWH,Other Tanakh
305354,1429288,489046,Zechariah,1,17,יהוה,nmpr,pers,E:YHWH,Other Tanakh
305357,1429288,489046,Zechariah,1,17,ציון,nmpr,topo,F:unclassified-name,Other Tanakh
305362,1429288,489047,Zechariah,1,17,ירושלם,nmpr,topo,F:unclassified-name,Other Tanakh
305375,1429290,489052,Zechariah,2,2,אל,prep,,C:divine-title-candidate,Other Tanakh
305385,1429290,489055,Zechariah,2,2,אל,prep,,C:divine-title-candidate,Other Tanakh
305392,1429290,489057,Zechariah,2,2,יהודה,nmpr,"pers,gens,topo",F:unclassified-name,Other Tanakh
305394,1429290,489057,Zechariah,2,2,ישראל,nmpr,"pers,gens,topo",F:unclassified-name,Other Tanakh
305396,1429290,489057,Zechariah,2,2,ירושלם,nmpr,topo,F:unclassified-name,Other Tanakh
305399,1429291,489058,Zechariah,2,3,יהוה,nmpr,pers,E:YHWH,Other Tanakh
305419,1429292,489065,Zechariah,2,4,יהודה,nmpr,"pers,gens,topo",F:unclassified-name,Other Tanakh
305441,1429292,489070,Zechariah,2,4,אל,prep,,C:divine-title-candidate,Other Tanakh
305443,1429292,489070,Zechariah,2,4,יהודה,nmpr,"pers,gens,topo",F:unclassified-name,Other Tanakh
305466,1429294,489079,Zechariah,2,6,אל,prep,,C:divine-title-candidate,Other Tanakh
305470,1429294,489080,Zechariah,2,6,ירושלם,nmpr,topo,F:unclassified-name,Other Tanakh
305496,1429296,489089,Zechariah,2,8,אל,prep,,C:divine-title-candidate,Other Tanakh
305499,1429296,489091,Zechariah,2,8,אל,prep,,C:divine-title-candidate,Other Tanakh
305508,1429296,489093,Zechariah,2,8,ירושלם,nmpr,topo,F:unclassified-name,Other Tanakh
305521,1429297,489095,Zechariah,2,9,יהוה,nmpr,pers,E:YHWH,Other Tanakh
305539,1429298,489099,Zechariah,2,10,יהוה,nmpr,pers,E:YHWH,Other Tanakh
305549,1429298,489101,Zechariah,2,10,יהוה,nmpr,pers,E:YHWH,Other Tanakh
305551,1429299,489103,Zechariah,2,11,ציון,nmpr,topo,F:unclassified-name,Other Tanakh
305555,1429299,489105,Zechariah,2,11,בבל,nmpr,topo,F:unclassified-name,Other Tanakh
305559,1429300,489106,Zechariah,2,12,יהוה,nmpr,pers,E:YHWH,Other Tanakh
305564,1429300,489107,Zechariah,2,12,אל,prep,,C:divine-title-candidate,Other Tanakh
305592,1429301,489114,Zechariah,2,13,יהוה,nmpr,pers,E:YHWH,Other Tanakh
305599,1429302,489117,Zechariah,2,14,ציון,nmpr,topo,F:unclassified-name,Other Tanakh
305608,1429302,489120,Zechariah,2,14,יהוה,nmpr,pers,E:YHWH,Other Tanakh
305613,1429303,489121,Zechariah,2,15,אל,prep,,C:divine-title-candidate,Other Tanakh
305614,1429303,489121,Zechariah,2,15,יהוה,nmpr,pers,E:YHWH,Other Tanakh
305632,1429303,489125,Zechariah,2,15,יהוה,nmpr,pers,E:YHWH,Other Tanakh
305635,1429303,489125,Zechariah,2,15,אל,prep,,C:divine-title-candidate,Other Tanakh
305638,1429304,489126,Zechariah,2,16,יהוה,nmpr,pers,E:YHWH,Other Tanakh
305640,1429304,489126,Zechariah,2,16,יהודה,nmpr,"pers,gens,topo",F:unclassified-name,Other Tanakh
305650,1429304,489127,Zechariah,2,16,ירושלם,nmpr,topo,F:unclassified-name,Other Tanakh
305656,1429305,489128,Zechariah,2,17,יהוה,nmpr,pers,E:YHWH,Other Tanakh
305665,1429306,489131,Zechariah,3,1,יהושע,nmpr,pers,A:person-candidate,Other Tanakh
305674,1429306,489132,Zechariah,3,1,יהוה,nmpr,pers,E:YHWH,Other Tanakh
305685,1429307,489135,Zechariah,3,2,יהוה,nmpr,pers,E:YHWH,Other Tanakh
305686,1429307,489135,Zechariah,3,2,אל,prep,,C:divine-title-candidate,Other Tanakh
305690,1429307,489136,Zechariah,3,2,יהוה,nmpr,pers,E:YHWH,Other Tanakh
305696,1429307,489138,Zechariah,3,2,יהוה,nmpr,pers,E:YHWH,Other Tanakh
305701,1429307,489139,Zechariah,3,2,ירושלם,nmpr,topo,F:unclassified-name,Other Tanakh
305710,1429308,489142,Zechariah,3,3,יהושע,nmpr,pers,A:person-candidate,Other Tanakh
305725,1429309,489146,Zechariah,3,4,אל,prep,,C:divine-title-candidate,Other Tanakh
305741,1429309,489149,Zechariah,3,4,אל,prep,,C:divine-title-candidate,Other Tanakh
305771,1429310,489157,Zechariah,3,5,יהוה,nmpr,pers,E:YHWH,Other Tanakh
305776,1429311,489158,Zechariah,3,6,יהוה,nmpr,pers,E:YHWH,Other Tanakh
305778,1429311,489158,Zechariah,3,6,יהושע,nmpr,pers,A:person-candidate,Other Tanakh
305783,1429312,489160,Zechariah,3,7,יהוה,nmpr,pers,E:YHWH,Other Tanakh
305816,1429313,489167,Zechariah,3,8,יהושע,nmpr,pers,A:person-candidate,Other Tanakh
305846,1429314,489172,Zechariah,3,9,יהושע,nmpr,pers,A:person-candidate,Other Tanakh
305856,1429314,489175,Zechariah,3,9,יהוה,nmpr,pers,E:YHWH,Other Tanakh
305875,1429315,489178,Zechariah,3,10,יהוה,nmpr,pers,E:YHWH,Other Tanakh
305881,1429315,489177,Zechariah,3,10,אל,prep,,C:divine-title-candidate,Other Tanakh
305885,1429315,489177,Zechariah,3,10,אל,prep,,C:divine-title-candidate,Other Tanakh
305905,1429317,489184,Zechariah,4,2,אל,prep,,C:divine-title-candidate,Other Tanakh
305952,1429319,489197,Zechariah,4,4,אל,prep,,C:divine-title-candidate,Other Tanakh
305972,1429320,489204,Zechariah,4,5,אל,prep,,C:divine-title-candidate,Other Tanakh
305987,1429321,489211,Zechariah,4,6,אל,prep,,C:divine-title-candidate,Other Tanakh
305992,1429321,489213,Zechariah,4,6,יהוה,nmpr,pers,E:YHWH,Other Tanakh
305993,1429321,489213,Zechariah,4,6,אל,prep,,C:divine-title-candidate,Other Tanakh
305994,1429321,489213,Zechariah,4,6,זרבבל,nmpr,pers,A:person-candidate,Other Tanakh
306009,1429321,489218,Zechariah,4,6,יהוה,nmpr,pers,E:YHWH,Other Tanakh
306018,1429322,489221,Zechariah,4,7,זרבבל,nmpr,pers,A:person-candidate,Other Tanakh
306035,1429323,489224,Zechariah,4,8,יהוה,nmpr,pers,E:YHWH,Other Tanakh
306036,1429323,489224,Zechariah,4,8,אל,prep,,C:divine-title-candidate,Other Tanakh
306040,1429324,489226,Zechariah,4,9,זרבבל,nmpr,pers,A:person-candidate,Other Tanakh
306052,1429324,489229,Zechariah,4,9,יהוה,nmpr,pers,E:YHWH,Other Tanakh
306055,1429324,489229,Zechariah,4,9,אל,prep,,C:divine-title-candidate,Other Tanakh
306073,1429325,489232,Zechariah,4,10,זרבבל,nmpr,pers,A:person-candidate,Other Tanakh
306077,1429325,489234,Zechariah,4,10,יהוה,nmpr,pers,E:YHWH,Other Tanakh
306088,1429326,489237,Zechariah,4,11,אל,prep,,C:divine-title-candidate,Other Tanakh
306107,1429327,489240,Zechariah,4,12,אל,prep,,C:divine-title-candidate,Other Tanakh
306128,1429328,489244,Zechariah,4,13,אל,prep,,C:divine-title-candidate,Other Tanakh
306167,1429331,489258,Zechariah,5,2,אל,prep,,C:divine-title-candidate,Other Tanakh
306190,1429332,489264,Zechariah,5,3,אל,prep,,C:divine-title-candidate,Other Tanakh
306219,1429333,489272,Zechariah,5,4,יהוה,nmpr,pers,E:YHWH,Other Tanakh
306223,1429333,489273,Zechariah,5,4,אל,prep,,C:divine-title-candidate,Other Tanakh
306228,1429333,489273,Zechariah,5,4,אל,prep,,C:divine-title-candidate,Other Tanakh
306259,1429334,489280,Zechariah,5,5,אל,prep,,C:divine-title-candidate,Other Tanakh
306311,1429337,489297,Zechariah,5,8,אל,prep,,C:divine-title-candidate,Other Tanakh
306321,1429337,489298,Zechariah,5,8,אל,prep,,C:divine-title-candidate,Other Tanakh
306359,1429339,489305,Zechariah,5,10,אל,prep,,C:divine-title-candidate,Other Tanakh
306373,1429340,489308,Zechariah,5,11,אל,prep,,C:divine-title-candidate,Other Tanakh
306380,1429340,489309,Zechariah,5,11,שנער,nmpr,topo,F:unclassified-name,Other Tanakh
306446,1429344,489323,Zechariah,6,4,אל,prep,,C:divine-title-candidate,Other Tanakh
306461,1429345,489328,Zechariah,6,5,אל,prep,,C:divine-title-candidate,Other Tanakh
306482,1429346,489332,Zechariah,6,6,אל,prep,,C:divine-title-candidate,Other Tanakh
306489,1429346,489333,Zechariah,6,6,אל,prep,,C:divine-title-candidate,Other Tanakh
306495,1429346,489334,Zechariah,6,6,אל,prep,,C:divine-title-candidate,Other Tanakh
306529,1429348,489344,Zechariah,6,8,אל,prep,,C:divine-title-candidate,Other Tanakh
306535,1429348,489347,Zechariah,6,8,אל,prep,,C:divine-title-candidate,Other Tanakh
306547,1429349,489349,Zechariah,6,9,יהוה,nmpr,pers,E:YHWH,Other Tanakh
306548,1429349,489349,Zechariah,6,9,אל,prep,,C:divine-title-candidate,Other Tanakh
306557,1429350,489351,Zechariah,6,10,חלדי,nmpr,pers,A:person-candidate,Other Tanakh
306561,1429350,489351,Zechariah,6,10,טוביה,nmpr,pers,A:person-candidate,Other Tanakh
306565,1429350,489351,Zechariah,6,10,ידעיה,nmpr,pers,A:person-candidate,Other Tanakh
306577,1429350,489353,Zechariah,6,10,יאשיה,nmpr,pers,A:person-candidate,Other Tanakh
306579,1429350,489353,Zechariah,6,10,צפניה,nmpr,pers,A:person-candidate,Other Tanakh
306583,1429350,489354,Zechariah,6,10,בבל,nmpr,topo,F:unclassified-name,Other Tanakh
306596,1429351,489357,Zechariah,6,11,יהושע,nmpr,pers,A:person-candidate,Other Tanakh
306598,1429351,489357,Zechariah,6,11,יהוצדק,nmpr,pers,A:person-candidate,Other Tanakh
306605,1429352,489358,Zechariah,6,12,אל,prep,,C:divine-title-candidate,Other Tanakh
306610,1429352,489360,Zechariah,6,12,יהוה,nmpr,pers,E:YHWH,Other Tanakh
306626,1429352,489365,Zechariah,6,12,יהוה,nmpr,pers,E:YHWH,Other Tanakh
306632,1429353,489366,Zechariah,6,13,יהוה,nmpr,pers,E:YHWH,Other Tanakh
306659,1429354,489372,Zechariah,6,14,חלם,nmpr,pers,A:person-candidate,Other Tanakh
306662,1429354,489372,Zechariah,6,14,טוביה,nmpr,pers,A:person-candidate,Other Tanakh
306665,1429354,489372,Zechariah,6,14,ידעיה,nmpr,pers,A:person-candidate,Other Tanakh
306668,1429354,489372,Zechariah,6,14,חן,nmpr,pers,A:person-candidate,Other Tanakh
306670,1429354,489372,Zechariah,6,14,צפניה,nmpr,pers,A:person-candidate,Other Tanakh
306675,1429354,489372,Zechariah,6,14,יהוה,nmpr,pers,E:YHWH,Other Tanakh
306683,1429355,489374,Zechariah,6,15,יהוה,nmpr,pers,E:YHWH,Other Tanakh
306687,1429355,489376,Zechariah,6,15,יהוה,nmpr,pers,E:YHWH,Other Tanakh
306690,1429355,489376,Zechariah,6,15,אל,prep,,C:divine-title-candidate,Other Tanakh
306698,1429355,489378,Zechariah,6,15,יהוה,nmpr,pers,E:YHWH,Other Tanakh
306699,1429355,489378,Zechariah,6,15,אלהים,subs,,D:Elohim,Other Tanakh
306706,1429356,489379,Zechariah,7,1,דריוש,nmpr,pers,A:person-candidate,Other Tanakh
306708,1429356,489379,Zechariah,7,1,מלך,subs,,B:deity-candidate,Other Tanakh
306711,1429356,489380,Zechariah,7,1,יהוה,nmpr,pers,E:YHWH,Other Tanakh
306712,1429356,489380,Zechariah,7,1,אל,prep,,C:divine-title-candidate,Other Tanakh
306713,1429356,489380,Zechariah,7,1,זכריה,nmpr,pers,A:person-candidate,Other Tanakh
306722,1429356,489380,Zechariah,7,1,כסלו,nmpr,mens,F:unclassified-name,Other Tanakh
306725,1429357,489381,Zechariah,7,2,בית אל,nmpr,topo,F:unclassified-name,Other Tanakh
306726,1429357,489381,Zechariah,7,2,שראצר,nmpr,pers,A:person-candidate,Other Tanakh
306728,1429357,489381,Zechariah,7,2,רגם מלך,nmpr,pers,A:person-candidate,Other Tanakh
306735,1429357,489382,Zechariah,7,2,יהוה,nmpr,pers,E:YHWH,Other Tanakh
306738,1429358,489383,Zechariah,7,3,אל,prep,,C:divine-title-candidate,Other Tanakh
306744,1429358,489384,Zechariah,7,3,יהוה,nmpr,pers,E:YHWH,Other Tanakh
306747,1429358,489383,Zechariah,7,3,אל,prep,,C:divine-title-candidate,Other Tanakh
306770,1429359,489389,Zechariah,7,4,יהוה,nmpr,pers,E:YHWH,Other Tanakh
306772,1429359,489389,Zechariah,7,4,אל,prep,,C:divine-title-candidate,Other Tanakh
306776,1429360,489391,Zechariah,7,5,אל,prep,,C:divine-title-candidate,Other Tanakh
306782,1429360,489391,Zechariah,7,5,אל,prep,,C:divine-title-candidate,Other Tanakh
306828,1429362,489404,Zechariah,7,7,יהוה,nmpr,pers,E:YHWH,Other Tanakh
306837,1429362,489405,Zechariah,7,7,ירושלם,nmpr,topo,F:unclassified-name,Other Tanakh
306854,1429363,489407,Zechariah,7,8,יהוה,nmpr,pers,E:YHWH,Other Tanakh
306855,1429363,489407,Zechariah,7,8,אל,prep,,C:divine-title-candidate,Other Tanakh
306856,1429363,489407,Zechariah,7,8,זכריה,nmpr,pers,A:person-candidate,Other Tanakh
306861,1429364,489409,Zechariah,7,9,יהוה,nmpr,pers,E:YHWH,Other Tanakh
306883,1429365,489414,Zechariah,7,10,אל,nega,,C:divine-title-candidate,Other Tanakh
306889,1429365,489415,Zechariah,7,10,אל,nega,,C:divine-title-candidate,Other Tanakh
306921,1429367,489423,Zechariah,7,12,יהוה,nmpr,pers,E:YHWH,Other Tanakh
306937,1429367,489424,Zechariah,7,12,יהוה,nmpr,pers,E:YHWH,Other Tanakh
306953,1429368,489430,Zechariah,7,13,יהוה,nmpr,pers,E:YHWH,Other Tanakh
306983,1429370,489435,Zechariah,8,1,יהוה,nmpr,pers,E:YHWH,Other Tanakh
306989,1429371,489437,Zechariah,8,2,יהוה,nmpr,pers,E:YHWH,Other Tanakh
306993,1429371,489438,Zechariah,8,2,ציון,nmpr,topo,F:unclassified-name,Other Tanakh
307003,1429372,489440,Zechariah,8,3,יהוה,nmpr,pers,E:YHWH,Other Tanakh
307005,1429372,489441,Zechariah,8,3,אל,prep,,C:divine-title-candidate,Other Tanakh
307006,1429372,489441,Zechariah,8,3,ציון,nmpr,topo,F:unclassified-name,Other Tanakh
307011,1429372,489442,Zechariah,8,3,ירושלם,nmpr,topo,F:unclassified-name,Other Tanakh
307014,1429372,489443,Zechariah,8,3,ירושלם,nmpr,topo,F:unclassified-name,Other Tanakh
307020,1429372,489444,Zechariah,8,3,יהוה,nmpr,pers,E:YHWH,Other Tanakh
307027,1429373,489445,Zechariah,8,4,יהוה,nmpr,pers,E:YHWH,Other Tanakh
307036,1429373,489446,Zechariah,8,4,ירושלם,nmpr,topo,F:unclassified-name,Other Tanakh
307058,1429375,489451,Zechariah,8,6,יהוה,nmpr,pers,E:YHWH,Other Tanakh
307079,1429375,489454,Zechariah,8,6,יהוה,nmpr,pers,E:YHWH,Other Tanakh
307083,1429376,489455,Zechariah,8,7,יהוה,nmpr,pers,E:YHWH,Other Tanakh
307105,1429377,489458,Zechariah,8,8,ירושלם,nmpr,topo,F:unclassified-name,Other Tanakh
307116,1429377,489460,Zechariah,8,8,אלהים,subs,,D:Elohim,Other Tanakh
307124,1429378,489461,Zechariah,8,9,יהוה,nmpr,pers,E:YHWH,Other Tanakh
307149,1429378,489465,Zechariah,8,9,יהוה,nmpr,pers,E:YHWH,Other Tanakh
307210,1429380,489475,Zechariah,8,11,יהוה,nmpr,pers,E:YHWH,Other Tanakh
307252,1429382,489483,Zechariah,8,13,יהודה,nmpr,"pers,gens,topo",F:unclassified-name,Other Tanakh
307255,1429382,489483,Zechariah,8,13,ישראל,nmpr,"pers,gens,topo",F:unclassified-name,Other Tanakh
307262,1429382,489486,Zechariah,8,13,אל,nega,,C:divine-title-candidate,Other Tanakh
307269,1429383,489488,Zechariah,8,14,יהוה,nmpr,pers,E:YHWH,Other Tanakh
307282,1429383,489492,Zechariah,8,14,יהוה,nmpr,pers,E:YHWH,Other Tanakh
307298,1429384,489496,Zechariah,8,15,ירושלם,nmpr,topo,F:unclassified-name,Other Tanakh
307302,1429384,489496,Zechariah,8,15,יהודה,nmpr,"pers,gens,topo",F:unclassified-name,Other Tanakh
307303,1429384,489497,Zechariah,8,15,אל,nega,,C:divine-title-candidate,Other Tanakh
307327,1429386,489503,Zechariah,8,17,אל,nega,,C:divine-title-candidate,Other Tanakh
307334,1429386,489505,Zechariah,8,17,אל,nega,,C:divine-title-candidate,Other Tanakh
307343,1429386,489508,Zechariah,8,17,יהוה,nmpr,pers,E:YHWH,Other Tanakh
307347,1429387,489509,Zechariah,8,18,יהוה,nmpr,pers,E:YHWH,Other Tanakh
307349,1429387,489509,Zechariah,8,18,אל,prep,,C:divine-title-candidate,Other Tanakh
307354,1429388,489511,Zechariah,8,19,יהוה,nmpr,pers,E:YHWH,Other Tanakh
307374,1429388,489512,Zechariah,8,19,יהודה,nmpr,"pers,gens,topo",F:unclassified-name,Other Tanakh
307393,1429389,489514,Zechariah,8,20,יהוה,nmpr,pers,E:YHWH,Other Tanakh
307407,1429390,489517,Zechariah,8,21,אל,prep,,C:divine-title-candidate,Other Tanakh
307417,1429390,489520,Zechariah,8,21,יהוה,nmpr,pers,E:YHWH,Other Tanakh
307422,1429390,489521,Zechariah,8,21,יהוה,nmpr,pers,E:YHWH,Other Tanakh
307437,1429391,489524,Zechariah,8,22,יהוה,nmpr,pers,E:YHWH,Other Tanakh
307440,1429391,489524,Zechariah,8,22,ירושלם,nmpr,topo,F:unclassified-name,Other Tanakh
307446,1429391,489525,Zechariah,8,22,יהוה,nmpr,pers,E:YHWH,Other Tanakh
307449,1429392,489526,Zechariah,8,23,יהוה,nmpr,pers,E:YHWH,Other Tanakh
307477,1429392,489533,Zechariah,8,23,אלהים,subs,,D:Elohim,Other Tanakh
307481,1429393,489535,Zechariah,9,1,יהוה,nmpr,pers,E:YHWH,Other Tanakh
307484,1429393,489535,Zechariah,9,1,חדרך,nmpr,topo,F:unclassified-name,Other Tanakh
307486,1429393,489536,Zechariah,9,1,דמשק,nmpr,topo,F:unclassified-name,Other Tanakh
307490,1429393,489537,Zechariah,9,1,יהוה,nmpr,pers,E:YHWH,Other Tanakh
307496,1429393,489538,Zechariah,9,1,ישראל,nmpr,"pers,gens,topo",F:unclassified-name,Other Tanakh
307499,1429394,489539,Zechariah,9,2,חמת,nmpr,topo,F:unclassified-name,Other Tanakh
307502,1429394,489541,Zechariah,9,2,צר,nmpr,topo,F:unclassified-name,Other Tanakh
307504,1429394,489541,Zechariah,9,2,צידון,nmpr,topo,F:unclassified-name,Other Tanakh
307510,1429395,489543,Zechariah,9,3,צר,nmpr,topo,F:unclassified-name,Other Tanakh
307525,1429396,489546,Zechariah,9,4,אדני,nmpr,pers,C:divine-title-candidate,Other Tanakh
307540,1429397,489549,Zechariah,9,5,אשקלון,nmpr,topo,F:unclassified-name,Other Tanakh
307544,1429397,489551,Zechariah,9,5,עזה,nmpr,topo,F:unclassified-name,Other Tanakh
307549,1429397,489553,Zechariah,9,5,עקרון,nmpr,topo,F:unclassified-name,Other Tanakh
307555,1429397,489555,Zechariah,9,5,מלך,subs,,B:deity-candidate,Other Tanakh
307557,1429397,489555,Zechariah,9,5,עזה,nmpr,topo,F:unclassified-name,Other Tanakh
307559,1429397,489556,Zechariah,9,5,אשקלון,nmpr,topo,F:unclassified-name,Other Tanakh
307566,1429398,489557,Zechariah,9,6,אשדוד,nmpr,topo,F:unclassified-name,Other Tanakh
307586,1429399,489561,Zechariah,9,7,אלהים,subs,,D:Elohim,Other Tanakh
307592,1429399,489562,Zechariah,9,7,יהודה,nmpr,"pers,gens,topo",F:unclassified-name,Other Tanakh
307594,1429399,489563,Zechariah,9,7,עקרון,nmpr,topo,F:unclassified-name,Other Tanakh
307622,1429401,489568,Zechariah,9,9,ציון,nmpr,topo,F:unclassified-name,Other Tanakh
307625,1429401,489570,Zechariah,9,9,ירושלם,nmpr,topo,F:unclassified-name,Other Tanakh
307627,1429401,489571,Zechariah,9,9,מלך,subs,,B:deity-candidate,Other Tanakh
307648,1429402,489575,Zechariah,9,10,אפרים,nmpr,"pers,gens,topo",F:unclassified-name,Other Tanakh
307652,1429402,489576,Zechariah,9,10,ירושלם,nmpr,topo,F:unclassified-name,Other Tanakh
307703,1429405,489588,Zechariah,9,13,יהודה,nmpr,"pers,gens,topo",F:unclassified-name,Other Tanakh
307706,1429405,489589,Zechariah,9,13,אפרים,nmpr,"pers,gens,topo",F:unclassified-name,Other Tanakh
307710,1429405,489591,Zechariah,9,13,ציון,nmpr,topo,F:unclassified-name,Other Tanakh
307713,1429405,489592,Zechariah,9,13,יון,nmpr,"pers,gens,topo",F:unclassified-name,Other Tanakh
307720,1429406,489594,Zechariah,9,14,יהוה,nmpr,pers,E:YHWH,Other Tanakh
307730,1429406,489596,Zechariah,9,14,אדני,nmpr,pers,C:divine-title-candidate,Other Tanakh
307731,1429406,489596,Zechariah,9,14,יהוה,nmpr,pers,E:YHWH,Other Tanakh
307741,1429407,489598,Zechariah,9,15,יהוה,nmpr,pers,E:YHWH,Other Tanakh
307766,1429408,489604,Zechariah,9,16,יהוה,nmpr,pers,E:YHWH,Other Tanakh
307767,1429408,489604,Zechariah,9,16,אלהים,subs,,D:Elohim,Other Tanakh
307796,1429410,489611,Zechariah,10,1,יהוה,nmpr,pers,E:YHWH,Other Tanakh
307801,1429410,489612,Zechariah,10,1,יהוה,nmpr,pers,E:YHWH,Other Tanakh
307853,1429412,489624,Zechariah,10,3,יהוה,nmpr,pers,E:YHWH,Other Tanakh
307859,1429412,489624,Zechariah,10,3,יהודה,nmpr,"pers,gens,topo",F:unclassified-name,Other Tanakh
307895,1429414,489633,Zechariah,10,5,יהוה,nmpr,pers,E:YHWH,Other Tanakh
307905,1429415,489635,Zechariah,10,6,יהודה,nmpr,"pers,gens,topo",F:unclassified-name,Other Tanakh
307909,1429415,489636,Zechariah,10,6,יוסף,nmpr,pers,A:person-candidate,Other Tanakh
307923,1429415,489641,Zechariah,10,6,יהוה,nmpr,pers,E:YHWH,Other Tanakh
307924,1429415,489641,Zechariah,10,6,אלהים,subs,,D:Elohim,Other Tanakh
307931,1429416,489643,Zechariah,10,7,אפרים,nmpr,"pers,gens,topo",F:unclassified-name,Other Tanakh
307945,1429416,489647,Zechariah,10,7,יהוה,nmpr,pers,E:YHWH,Other Tanakh
307976,1429419,489657,Zechariah,10,10,מצרים,nmpr,topo,F:unclassified-name,Other Tanakh
307979,1429419,489658,Zechariah,10,10,אשור,nmpr,topo,F:unclassified-name,Other Tanakh
307982,1429419,489659,Zechariah,10,10,אל,prep,,C:divine-title-candidate,Other Tanakh
307984,1429419,489659,Zechariah,10,10,גלעד,nmpr,topo,F:unclassified-name,Other Tanakh
307986,1429419,489659,Zechariah,10,10,לבנון,nmpr,topo,F:unclassified-name,Other Tanakh
308008,1429420,489663,Zechariah,10,11,יאר,nmpr,topo,F:unclassified-name,Other Tanakh
308012,1429420,489664,Zechariah,10,11,אשור,nmpr,topo,F:unclassified-name,Other Tanakh
308015,1429420,489665,Zechariah,10,11,מצרים,nmpr,topo,F:unclassified-name,Other Tanakh
308020,1429421,489666,Zechariah,10,12,יהוה,nmpr,pers,E:YHWH,Other Tanakh
308026,1429421,489668,Zechariah,10,12,יהוה,nmpr,pers,E:YHWH,Other Tanakh
308028,1429422,489670,Zechariah,11,1,לבנון,nmpr,topo,F:unclassified-name,Other Tanakh
308045,1429423,489677,Zechariah,11,2,בשן,nmpr,topo,F:unclassified-name,Other Tanakh
308065,1429424,489682,Zechariah,11,3,ירדן,nmpr,topo,F:unclassified-name,Other Tanakh
308068,1429425,489683,Zechariah,11,4,יהוה,nmpr,pers,E:YHWH,Other Tanakh
308069,1429425,489683,Zechariah,11,4,אלהים,subs,,D:Elohim,Other Tanakh
308085,1429426,489688,Zechariah,11,5,יהוה,nmpr,pers,E:YHWH,Other Tanakh
308102,1429427,489692,Zechariah,11,6,יהוה,nmpr,pers,E:YHWH,Other Tanakh
308117,1429427,489695,Zechariah,11,6,מלך,subs,,B:deity-candidate,Other Tanakh
308232,1429432,489725,Zechariah,11,11,יהוה,nmpr,pers,E:YHWH,Other Tanakh
308236,1429433,489726,Zechariah,11,12,אל,prep,,C:divine-title-candidate,Other Tanakh
308255,1429434,489732,Zechariah,11,13,יהוה,nmpr,pers,E:YHWH,Other Tanakh
308256,1429434,489732,Zechariah,11,13,אל,prep,,C:divine-title-candidate,Other Tanakh
308258,1429434,489733,Zechariah,11,13,אל,prep,,C:divine-title-candidate,Other Tanakh
308277,1429434,489737,Zechariah,11,13,יהוה,nmpr,pers,E:YHWH,Other Tanakh
308278,1429434,489737,Zechariah,11,13,אל,prep,,C:divine-title-candidate,Other Tanakh
308296,1429435,489739,Zechariah,11,14,יהודה,nmpr,"pers,gens,topo",F:unclassified-name,Other Tanakh
308299,1429435,489739,Zechariah,11,14,ישראל,nmpr,"pers,gens,topo",F:unclassified-name,Other Tanakh
308302,1429436,489740,Zechariah,11,15,יהוה,nmpr,pers,E:YHWH,Other Tanakh
308303,1429436,489740,Zechariah,11,15,אל,prep,,C:divine-title-candidate,Other Tanakh
308367,1429439,489756,Zechariah,12,1,יהוה,nmpr,pers,E:YHWH,Other Tanakh
308369,1429439,489756,Zechariah,12,1,ישראל,nmpr,"pers,gens,topo",F:unclassified-name,Other Tanakh
308371,1429439,489757,Zechariah,12,1,יהוה,nmpr,pers,E:YHWH,Other Tanakh
308387,1429440,489761,Zechariah,12,2,ירושלם,nmpr,topo,F:unclassified-name,Other Tanakh
308398,1429440,489762,Zechariah,12,2,יהודה,nmpr,"pers,gens,topo",F:unclassified-name,Other Tanakh
308404,1429440,489762,Zechariah,12,2,ירושלם,nmpr,topo,F:unclassified-name,Other Tanakh
308414,1429441,489764,Zechariah,12,3,ירושלם,nmpr,topo,F:unclassified-name,Other Tanakh
308438,1429442,489768,Zechariah,12,4,יהוה,nmpr,pers,E:YHWH,Other Tanakh
308453,1429442,489770,Zechariah,12,4,יהודה,nmpr,"pers,gens,topo",F:unclassified-name,Other Tanakh
308469,1429443,489772,Zechariah,12,5,יהודה,nmpr,"pers,gens,topo",F:unclassified-name,Other Tanakh
308475,1429443,489773,Zechariah,12,5,ירושלם,nmpr,topo,F:unclassified-name,Other Tanakh
308477,1429443,489773,Zechariah,12,5,יהוה,nmpr,pers,E:YHWH,Other Tanakh
308479,1429443,489773,Zechariah,12,5,אלהים,subs,,D:Elohim,Other Tanakh
308488,1429444,489774,Zechariah,12,6,יהודה,nmpr,"pers,gens,topo",F:unclassified-name,Other Tanakh
308514,1429444,489777,Zechariah,12,6,ירושלם,nmpr,topo,F:unclassified-name,Other Tanakh
308518,1429444,489777,Zechariah,12,6,ירושלם,nmpr,topo,F:unclassified-name,Other Tanakh
308521,1429445,489778,Zechariah,12,7,יהוה,nmpr,pers,E:YHWH,Other Tanakh
308524,1429445,489778,Zechariah,12,7,יהודה,nmpr,"pers,gens,topo",F:unclassified-name,Other Tanakh
308533,1429445,489779,Zechariah,12,7,דוד,nmpr,pers,A:person-candidate,Other Tanakh
308537,1429445,489779,Zechariah,12,7,ירושלם,nmpr,topo,F:unclassified-name,Other Tanakh
308539,1429445,489779,Zechariah,12,7,יהודה,nmpr,"pers,gens,topo",F:unclassified-name,Other Tanakh
308546,1429446,489780,Zechariah,12,8,יהוה,nmpr,pers,E:YHWH,Other Tanakh
308549,1429446,489780,Zechariah,12,8,ירושלם,nmpr,topo,F:unclassified-name,Other Tanakh
308561,1429446,489781,Zechariah,12,8,דוד,nmpr,pers,A:person-candidate,Other Tanakh
308564,1429446,489783,Zechariah,12,8,דוד,nmpr,pers,A:person-candidate,Other Tanakh
308566,1429446,489783,Zechariah,12,8,אלהים,subs,,D:Elohim,Other Tanakh
308569,1429446,489783,Zechariah,12,8,יהוה,nmpr,pers,E:YHWH,Other Tanakh
308589,1429447,489787,Zechariah,12,9,ירושלם,nmpr,topo,F:unclassified-name,Other Tanakh
308594,1429448,489788,Zechariah,12,10,דוד,nmpr,pers,A:person-candidate,Other Tanakh
308598,1429448,489788,Zechariah,12,10,ירושלם,nmpr,topo,F:unclassified-name,Other Tanakh
308605,1429448,489789,Zechariah,12,10,אל,prep,,C:divine-title-candidate,Other Tanakh
308634,1429449,489794,Zechariah,12,11,ירושלם,nmpr,topo,F:unclassified-name,Other Tanakh
308637,1429449,489794,Zechariah,12,11,הדד רמון,nmpr,pers,A:person-candidate,Other Tanakh
308640,1429449,489794,Zechariah,12,11,מגדו,nmpr,topo,F:unclassified-name,Other Tanakh
308651,1429450,489797,Zechariah,12,12,דוד,nmpr,pers,A:person-candidate,Other Tanakh
308660,1429450,489799,Zechariah,12,12,נתן,nmpr,pers,A:person-candidate,Other Tanakh
308669,1429451,489801,Zechariah,12,13,לוי,nmpr,"pers,gens",F:unclassified-name,Other Tanakh
308708,1429453,489809,Zechariah,13,1,דוד,nmpr,pers,A:person-candidate,Other Tanakh
308712,1429453,489809,Zechariah,13,1,ירושלם,nmpr,topo,F:unclassified-name,Other Tanakh
308726,1429454,489811,Zechariah,13,2,יהוה,nmpr,pers,E:YHWH,Other Tanakh
308762,1429455,489817,Zechariah,13,3,אל,prep,,C:divine-title-candidate,Other Tanakh
308774,1429455,489820,Zechariah,13,3,יהוה,nmpr,pers,E:YHWH,Other Tanakh
308821,1429458,489835,Zechariah,13,6,אל,prep,,C:divine-title-candidate,Other Tanakh
308844,1429459,489841,Zechariah,13,7,יהוה,nmpr,pers,E:YHWH,Other Tanakh
308867,1429460,489846,Zechariah,13,8,יהוה,nmpr,pers,E:YHWH,Other Tanakh
308914,1429461,489860,Zechariah,13,9,יהוה,nmpr,pers,E:YHWH,Other Tanakh
308915,1429461,489860,Zechariah,13,9,אלהים,subs,,D:Elohim,Other Tanakh
308920,1429462,489861,Zechariah,14,1,יהוה,nmpr,pers,E:YHWH,Other Tanakh
308932,1429463,489863,Zechariah,14,2,אל,prep,,C:divine-title-candidate,Other Tanakh
308933,1429463,489863,Zechariah,14,2,ירושלם,nmpr,topo,F:unclassified-name,Other Tanakh
308968,1429464,489869,Zechariah,14,3,יהוה,nmpr,pers,E:YHWH,Other Tanakh
308997,1429465,489873,Zechariah,14,4,ירושלם,nmpr,topo,F:unclassified-name,Other Tanakh
309030,1429466,489879,Zechariah,14,5,אל,prep,,C:divine-title-candidate,Other Tanakh
309031,1429466,489879,Zechariah,14,5,אצל,nmpr,topo,F:unclassified-name,Other Tanakh
309043,1429466,489881,Zechariah,14,5,עזיה,nmpr,pers,A:person-candidate,Other Tanakh
309044,1429466,489881,Zechariah,14,5,מלך,subs,,B:deity-candidate,Other Tanakh
309045,1429466,489881,Zechariah,14,5,יהודה,nmpr,"pers,gens,topo",F:unclassified-name,Other Tanakh
309048,1429466,489882,Zechariah,14,5,יהוה,nmpr,pers,E:YHWH,Other Tanakh
309049,1429466,489882,Zechariah,14,5,אלהים,subs,,D:Elohim,Other Tanakh
309073,1429468,489888,Zechariah,14,7,יהוה,nmpr,pers,E:YHWH,Other Tanakh
309097,1429469,489894,Zechariah,14,8,ירושלם,nmpr,topo,F:unclassified-name,Other Tanakh
309099,1429469,489895,Zechariah,14,8,אל,prep,,C:divine-title-candidate,Other Tanakh
309106,1429469,489896,Zechariah,14,8,אל,prep,,C:divine-title-candidate,Other Tanakh
309121,1429470,489898,Zechariah,14,9,יהוה,nmpr,pers,E:YHWH,Other Tanakh
309123,1429470,489898,Zechariah,14,9,מלך,subs,,B:deity-candidate,Other Tanakh
309134,1429470,489899,Zechariah,14,9,יהוה,nmpr,pers,E:YHWH,Other Tanakh
309147,1429471,489901,Zechariah,14,10,גבע,nmpr,topo,F:unclassified-name,Other Tanakh
309149,1429471,489901,Zechariah,14,10,רמון,nmpr,topo,B:deity-candidate,Other Tanakh
309151,1429471,489901,Zechariah,14,10,ירושלם,nmpr,topo,F:unclassified-name,Other Tanakh
309160,1429471,489903,Zechariah,14,10,בנימן,nmpr,"pers,gens,topo",F:unclassified-name,Other Tanakh
309172,1429471,489903,Zechariah,14,10,חננאל,nmpr,topo,F:unclassified-name,Other Tanakh
309176,1429471,489903,Zechariah,14,10,מלך,subs,,B:deity-candidate,Other Tanakh
309187,1429472,489906,Zechariah,14,11,ירושלם,nmpr,topo,F:unclassified-name,Other Tanakh
309197,1429473,489908,Zechariah,14,12,יהוה,nmpr,pers,E:YHWH,Other Tanakh
309205,1429473,489909,Zechariah,14,12,ירושלם,nmpr,topo,F:unclassified-name,Other Tanakh
309232,1429474,489915,Zechariah,14,13,יהוה,nmpr,pers,E:YHWH,Other Tanakh
309248,1429475,489918,Zechariah,14,14,יהודה,nmpr,"pers,gens,topo",F:unclassified-name,Other Tanakh
309251,1429475,489918,Zechariah,14,14,ירושלם,nmpr,topo,F:unclassified-name,Other Tanakh
309308,1429477,489927,Zechariah,14,16,ירושלם,nmpr,topo,F:unclassified-name,Other Tanakh
309319,1429477,489929,Zechariah,14,16,מלך,subs,,B:deity-candidate,Other Tanakh
309320,1429477,489929,Zechariah,14,16,יהוה,nmpr,pers,E:YHWH,Other Tanakh
309339,1429478,489932,Zechariah,14,17,אל,prep,,C:divine-title-candidate,Other Tanakh
309340,1429478,489932,Zechariah,14,17,ירושלם,nmpr,topo,F:unclassified-name,Other Tanakh
309344,1429478,489933,Zechariah,14,17,מלך,subs,,B:deity-candidate,Other Tanakh
309345,1429478,489933,Zechariah,14,17,יהוה,nmpr,pers,E:YHWH,Other Tanakh
309356,1429479,489935,Zechariah,14,18,מצרים,nmpr,topo,F:unclassified-name,Other Tanakh
309370,1429479,489938,Zechariah,14,18,יהוה,nmpr,pers,E:YHWH,Other Tanakh
309386,1429480,489941,Zechariah,14,19,מצרים,nmpr,topo,F:unclassified-name,Other Tanakh
309413,1429481,489945,Zechariah,14,20,יהוה,nmpr,pers,E:YHWH,Other Tanakh
309420,1429481,489946,Zechariah,14,20,יהוה,nmpr,pers,E:YHWH,Other Tanakh
309433,1429482,489947,Zechariah,14,21,ירושלם,nmpr,topo,F:unclassified-name,Other Tanakh
309436,1429482,489947,Zechariah,14,21,יהודה,nmpr,"pers,gens,topo",F:unclassified-name,Other Tanakh
309439,1429482,489947,Zechariah,14,21,יהוה,nmpr,pers,E:YHWH,Other Tanakh
309459,1429482,489951,Zechariah,14,21,יהוה,nmpr,pers,E:YHWH,Other Tanakh
309468,1429483,489953,Maleachi,1,1,יהוה,nmpr,pers,E:YHWH,Other Tanakh
309469,1429483,489953,Maleachi,1,1,אל,prep,,C:divine-title-candidate,Other Tanakh
309470,1429483,489953,Maleachi,1,1,ישראל,nmpr,"pers,gens,topo",F:unclassified-name,Other Tanakh
309473,1429483,489953,Maleachi,1,1,מלאכי,nmpr,pers,A:person-candidate,Other Tanakh
309477,1429484,489955,Maleachi,1,2,יהוה,nmpr,pers,E:YHWH,Other Tanakh
309486,1429484,489958,Maleachi,1,2,עשו,nmpr,pers,A:person-candidate,Other Tanakh
309488,1429484,489958,Maleachi,1,2,יעקב,nmpr,pers,A:person-candidate,Other Tanakh
309490,1429484,489959,Maleachi,1,2,יהוה,nmpr,pers,E:YHWH,Other Tanakh
309494,1429484,489960,Maleachi,1,2,יעקב,nmpr,pers,A:person-candidate,Other Tanakh
309497,1429485,489961,Maleachi,1,3,עשו,nmpr,pers,A:person-candidate,Other Tanakh
309512,1429486,489964,Maleachi,1,4,אדום,nmpr,topo,F:unclassified-name,Other Tanakh
309521,1429486,489968,Maleachi,1,4,יהוה,nmpr,pers,E:YHWH,Other Tanakh
309538,1429486,489973,Maleachi,1,4,יהוה,nmpr,pers,E:YHWH,Other Tanakh
309548,1429487,489976,Maleachi,1,5,יהוה,nmpr,pers,E:YHWH,Other Tanakh
309553,1429487,489976,Maleachi,1,5,ישראל,nmpr,"pers,gens,topo",F:unclassified-name,Other Tanakh
309573,1429488,489983,Maleachi,1,6,יהוה,nmpr,pers,E:YHWH,Other Tanakh
309600,1429489,489992,Maleachi,1,7,יהוה,nmpr,pers,E:YHWH,Other Tanakh
309630,1429490,490002,Maleachi,1,8,יהוה,nmpr,pers,E:YHWH,Other Tanakh
309637,1429491,490004,Maleachi,1,9,אל,subs,,C:divine-title-candidate,Other Tanakh
309649,1429491,490008,Maleachi,1,9,יהוה,nmpr,pers,E:YHWH,Other Tanakh
309667,1429492,490013,Maleachi,1,10,יהוה,nmpr,pers,E:YHWH,Other Tanakh
309705,1429493,490018,Maleachi,1,11,יהוה,nmpr,pers,E:YHWH,Other Tanakh
309714,1429494,490021,Maleachi,1,12,אדני,nmpr,pers,C:divine-title-candidate,Other Tanakh
309730,1429495,490028,Maleachi,1,13,יהוה,nmpr,pers,E:YHWH,Other Tanakh
309754,1429495,490032,Maleachi,1,13,יהוה,nmpr,pers,E:YHWH,Other Tanakh
309769,1429496,490036,Maleachi,1,14,אדני,nmpr,pers,C:divine-title-candidate,Other Tanakh
309771,1429496,490037,Maleachi,1,14,מלך,subs,,B:deity-candidate,Other Tanakh
309775,1429496,490038,Maleachi,1,14,יהוה,nmpr,pers,E:YHWH,Other Tanakh
309785,1429497,490041,Maleachi,2,1,אל,prep,,C:divine-title-candidate,Other Tanakh
309807,1429498,490046,Maleachi,2,2,יהוה,nmpr,pers,E:YHWH,Other Tanakh
309843,1429499,490053,Maleachi,2,3,אל,prep,,C:divine-title-candidate,Other Tanakh
309848,1429500,490055,Maleachi,2,4,אל,prep,,C:divine-title-candidate,Other Tanakh
309858,1429500,490056,Maleachi,2,4,לוי,nmpr,"pers,gens",F:unclassified-name,Other Tanakh
309860,1429500,490057,Maleachi,2,4,יהוה,nmpr,pers,E:YHWH,Other Tanakh
309917,1429503,490068,Maleachi,2,7,יהוה,nmpr,pers,E:YHWH,Other Tanakh
309936,1429504,490072,Maleachi,2,8,יהוה,nmpr,pers,E:YHWH,Other Tanakh
309971,1429506,490077,Maleachi,2,10,אל,subs,,C:divine-title-candidate,Other Tanakh
309984,1429507,490081,Maleachi,2,11,יהודה,nmpr,"pers,gens,topo",F:unclassified-name,Other Tanakh
309989,1429507,490082,Maleachi,2,11,ישראל,nmpr,"pers,gens,topo",F:unclassified-name,Other Tanakh
309992,1429507,490082,Maleachi,2,11,ירושלם,nmpr,topo,F:unclassified-name,Other Tanakh
309995,1429507,490083,Maleachi,2,11,יהודה,nmpr,"pers,gens,topo",F:unclassified-name,Other Tanakh
309997,1429507,490083,Maleachi,2,11,יהוה,nmpr,pers,E:YHWH,Other Tanakh
310001,1429507,490085,Maleachi,2,11,בעל,verb,,B:deity-candidate,Other Tanakh
310003,1429507,490085,Maleachi,2,11,אל,subs,,C:divine-title-candidate,Other Tanakh
310006,1429508,490086,Maleachi,2,12,יהוה,nmpr,pers,E:YHWH,Other Tanakh
310017,1429508,490086,Maleachi,2,12,יעקב,nmpr,pers,A:person-candidate,Other Tanakh
310022,1429508,490088,Maleachi,2,12,יהוה,nmpr,pers,E:YHWH,Other Tanakh
310032,1429509,490090,Maleachi,2,13,יהוה,nmpr,pers,E:YHWH,Other Tanakh
310040,1429509,490091,Maleachi,2,13,אל,prep,,C:divine-title-candidate,Other Tanakh
310055,1429510,490095,Maleachi,2,14,יהוה,nmpr,pers,E:YHWH,Other Tanakh
310086,1429511,490101,Maleachi,2,15,אלהים,subs,,D:Elohim,Other Tanakh
310095,1429511,490103,Maleachi,2,15,אל,nega,,C:divine-title-candidate,Other Tanakh
310101,1429512,490106,Maleachi,2,16,יהוה,nmpr,pers,E:YHWH,Other Tanakh
310102,1429512,490106,Maleachi,2,16,אלהים,subs,,D:Elohim,Other Tanakh
310103,1429512,490106,Maleachi,2,16,ישראל,nmpr,"pers,gens,topo",F:unclassified-name,Other Tanakh
310110,1429512,490108,Maleachi,2,16,יהוה,nmpr,pers,E:YHWH,Other Tanakh
310120,1429513,490111,Maleachi,2,17,יהוה,nmpr,pers,E:YHWH,Other Tanakh
310136,1429513,490115,Maleachi,2,17,יהוה,nmpr,pers,E:YHWH,Other Tanakh
310143,1429513,490118,Maleachi,2,17,אלהים,subs,,D:Elohim,Other Tanakh
310157,1429514,490121,Maleachi,3,1,אל,prep,,C:divine-title-candidate,Other Tanakh
310174,1429514,490126,Maleachi,3,1,יהוה,nmpr,pers,E:YHWH,Other Tanakh
310207,1429516,490136,Maleachi,3,3,לוי,nmpr,"pers,gens",F:unclassified-name,Other Tanakh
310221,1429516,490138,Maleachi,3,3,יהוה,nmpr,pers,E:YHWH,Other Tanakh
310229,1429517,490139,Maleachi,3,4,יהוה,nmpr,pers,E:YHWH,Other Tanakh
310231,1429517,490139,Maleachi,3,4,יהודה,nmpr,"pers,gens,topo",F:unclassified-name,Other Tanakh
310233,1429517,490139,Maleachi,3,4,ירושלם,nmpr,topo,F:unclassified-name,Other Tanakh
310243,1429518,490140,Maleachi,3,5,אל,prep,,C:divine-title-candidate,Other Tanakh
310280,1429518,490145,Maleachi,3,5,יהוה,nmpr,pers,E:YHWH,Other Tanakh
310284,1429519,490146,Maleachi,3,6,יהוה,nmpr,pers,E:YHWH,Other Tanakh
310290,1429519,490148,Maleachi,3,6,יעקב,nmpr,pers,A:person-candidate,Other Tanakh
310304,1429520,490151,Maleachi,3,7,אל,prep,,C:divine-title-candidate,Other Tanakh
310307,1429520,490152,Maleachi,3,7,אל,prep,,C:divine-title-candidate,Other Tanakh
310309,1429520,490153,Maleachi,3,7,יהוה,nmpr,pers,E:YHWH,Other Tanakh
310319,1429521,490156,Maleachi,3,8,אלהים,subs,,D:Elohim,Other Tanakh
310351,1429523,490164,Maleachi,3,10,אל,prep,,C:divine-title-candidate,Other Tanakh
310366,1429523,490167,Maleachi,3,10,יהוה,nmpr,pers,E:YHWH,Other Tanakh
310407,1429524,490173,Maleachi,3,11,יהוה,nmpr,pers,E:YHWH,Other Tanakh
310421,1429525,490176,Maleachi,3,12,יהוה,nmpr,pers,E:YHWH,Other Tanakh
310427,1429526,490178,Maleachi,3,13,יהוה,nmpr,pers,E:YHWH,Other Tanakh
310436,1429527,490183,Maleachi,3,14,אלהים,subs,,D:Elohim,Other Tanakh
310449,1429527,490186,Maleachi,3,14,יהוה,nmpr,pers,E:YHWH,Other Tanakh
310462,1429528,490190,Maleachi,3,15,אלהים,subs,,D:Elohim,Other Tanakh
310468,1429529,490192,Maleachi,3,16,יהוה,nmpr,pers,E:YHWH,Other Tanakh
310474,1429529,490194,Maleachi,3,16,יהוה,nmpr,pers,E:YHWH,Other Tanakh
310485,1429529,490196,Maleachi,3,16,יהוה,nmpr,pers,E:YHWH,Other Tanakh
310494,1429530,490198,Maleachi,3,17,יהוה,nmpr,pers,E:YHWH,Other Tanakh
310525,1429531,490205,Maleachi,3,18,אלהים,subs,,D:Elohim,Other Tanakh
310556,1429532,490211,Maleachi,3,19,יהוה,nmpr,pers,E:YHWH,Other Tanakh
310599,1429534,490220,Maleachi,3,21,יהוה,nmpr,pers,E:YHWH,Other Tanakh
310603,1429535,490221,Maleachi,3,22,משה,nmpr,pers,A:person-candidate,Other Tanakh
310609,1429535,490222,Maleachi,3,22,חרב,nmpr,topo,F:unclassified-name,Other Tanakh
310612,1429535,490222,Maleachi,3,22,ישראל,nmpr,"pers,gens,topo",F:unclassified-name,Other Tanakh
310621,1429536,490223,Maleachi,3,23,אליה,nmpr,pers,A:person-candidate,Other Tanakh
310628,1429536,490224,Maleachi,3,23,יהוה,nmpr,pers,E:YHWH,Other Tanakh
310678,1429539,490233,Psalms,1,2,יהוה,nmpr,pers,E:YHWH,Other Tanakh
310736,1429543,490246,Psalms,1,6,יהוה,nmpr,pers,E:YHWH,Other Tanakh
310751,1429545,490250,Psalms,2,2,מלך,subs,,B:deity-candidate,Other Tanakh
310758,1429545,490251,Psalms,2,2,יהוה,nmpr,pers,E:YHWH,Other Tanakh
310774,1429547,490256,Psalms,2,4,אדני,nmpr,pers,C:divine-title-candidate,Other Tanakh
310779,1429548,490257,Psalms,2,5,אל,prep,,C:divine-title-candidate,Other Tanakh
310789,1429549,490259,Psalms,2,6,מלך,subs,,B:deity-candidate,Other Tanakh
310791,1429549,490259,Psalms,2,6,ציון,nmpr,topo,F:unclassified-name,Other Tanakh
310795,1429550,490260,Psalms,2,7,אל,prep,,C:divine-title-candidate,Other Tanakh
310797,1429550,490260,Psalms,2,7,יהוה,nmpr,pers,E:YHWH,Other Tanakh
310799,1429550,490261,Psalms,2,7,אל,prep,,C:divine-title-candidate,Other Tanakh
310826,1429553,490270,Psalms,2,10,מלך,subs,,B:deity-candidate,Other Tanakh
310833,1429554,490274,Psalms,2,11,יהוה,nmpr,pers,E:YHWH,Other Tanakh
310858,1429556,490282,Psalms,3,1,דוד,nmpr,pers,A:person-candidate,Other Tanakh
310863,1429556,490283,Psalms,3,1,אבשלום,nmpr,pers,A:person-candidate,Other Tanakh
310865,1429557,490284,Psalms,3,2,יהוה,nmpr,pers,E:YHWH,Other Tanakh
310880,1429558,490288,Psalms,3,3,אלהים,subs,,D:Elohim,Other Tanakh
310884,1429559,490291,Psalms,3,4,יהוה,nmpr,pers,E:YHWH,Other Tanakh
310892,1429560,490294,Psalms,3,5,אל,prep,,C:divine-title-candidate,Other Tanakh
310893,1429560,490294,Psalms,3,5,יהוה,nmpr,pers,E:YHWH,Other Tanakh
310907,1429561,490300,Psalms,3,6,יהוה,nmpr,pers,E:YHWH,Other Tanakh
310919,1429563,490304,Psalms,3,8,יהוה,nmpr,pers,E:YHWH,Other Tanakh
310921,1429563,490306,Psalms,3,8,אלהים,subs,,D:Elohim,Other Tanakh
310932,1429564,490309,Psalms,3,9,יהוה,nmpr,pers,E:YHWH,Other Tanakh
310946,1429565,490314,Psalms,4,1,דוד,nmpr,pers,A:person-candidate,Other Tanakh
310950,1429566,490317,Psalms,4,2,אלהים,subs,,D:Elohim,Other Tanakh
310977,1429568,490327,Psalms,4,4,יהוה,nmpr,pers,E:YHWH,Other Tanakh
310980,1429568,490328,Psalms,4,4,יהוה,nmpr,pers,E:YHWH,Other Tanakh
310984,1429568,490329,Psalms,4,4,אל,prep,,C:divine-title-candidate,Other Tanakh
310987,1429569,490331,Psalms,4,5,אל,nega,,C:divine-title-candidate,Other Tanakh
311002,1429570,490336,Psalms,4,6,אל,prep,,C:divine-title-candidate,Other Tanakh
311003,1429570,490336,Psalms,4,6,יהוה,nmpr,pers,E:YHWH,Other Tanakh
311013,1429571,490340,Psalms,4,7,יהוה,nmpr,pers,E:YHWH,Other Tanakh
311032,1429573,490346,Psalms,4,9,יהוה,nmpr,pers,E:YHWH,Other Tanakh
311041,1429574,490348,Psalms,5,1,אל,prep,,C:divine-title-candidate,Other Tanakh
311046,1429574,490349,Psalms,5,1,דוד,nmpr,pers,A:person-candidate,Other Tanakh
311049,1429575,490351,Psalms,5,2,יהוה,nmpr,pers,E:YHWH,Other Tanakh
311056,1429576,490354,Psalms,5,3,מלך,subs,,B:deity-candidate,Other Tanakh
311058,1429576,490354,Psalms,5,3,אלהים,subs,,D:Elohim,Other Tanakh
311060,1429576,490355,Psalms,5,3,אל,prep,,C:divine-title-candidate,Other Tanakh
311062,1429577,490356,Psalms,5,4,יהוה,nmpr,pers,E:YHWH,Other Tanakh
311073,1429578,490360,Psalms,5,5,אל,subs,,C:divine-title-candidate,Other Tanakh
311098,1429580,490366,Psalms,5,7,יהוה,nmpr,pers,E:YHWH,Other Tanakh
311107,1429581,490368,Psalms,5,8,אל,prep,,C:divine-title-candidate,Other Tanakh
311112,1429582,490369,Psalms,5,9,יהוה,nmpr,pers,E:YHWH,Other Tanakh
311135,1429584,490377,Psalms,5,11,אלהים,subs,,D:Elohim,Other Tanakh
311166,1429586,490387,Psalms,5,13,יהוה,nmpr,pers,E:YHWH,Other Tanakh
311182,1429587,490392,Psalms,6,1,דוד,nmpr,pers,A:person-candidate,Other Tanakh
311183,1429588,490393,Psalms,6,2,יהוה,nmpr,pers,E:YHWH,Other Tanakh
311184,1429588,490394,Psalms,6,2,אל,nega,,C:divine-title-candidate,Other Tanakh
311189,1429588,490395,Psalms,6,2,אל,nega,,C:divine-title-candidate,Other Tanakh
311194,1429589,490397,Psalms,6,3,יהוה,nmpr,pers,E:YHWH,Other Tanakh
311199,1429589,490400,Psalms,6,3,יהוה,nmpr,pers,E:YHWH,Other Tanakh
311209,1429590,490404,Psalms,6,4,יהוה,nmpr,pers,E:YHWH,Other Tanakh
311213,1429591,490406,Psalms,6,5,יהוה,nmpr,pers,E:YHWH,Other Tanakh
311226,1429592,490410,Psalms,6,6,שאול,subs,,A:person-candidate,Other Tanakh
311257,1429595,490419,Psalms,6,9,יהוה,nmpr,pers,E:YHWH,Other Tanakh
311261,1429596,490420,Psalms,6,10,יהוה,nmpr,pers,E:YHWH,Other Tanakh
311263,1429596,490421,Psalms,6,10,יהוה,nmpr,pers,E:YHWH,Other Tanakh
311277,1429598,490426,Psalms,7,1,דוד,nmpr,pers,A:person-candidate,Other Tanakh
311281,1429598,490427,Psalms,7,1,יהוה,nmpr,pers,E:YHWH,Other Tanakh
311284,1429598,490427,Psalms,7,1,כוש,nmpr,pers,A:person-candidate,Other Tanakh
311287,1429599,490428,Psalms,7,2,יהוה,nmpr,pers,E:YHWH,Other Tanakh
311288,1429599,490428,Psalms,7,2,אלהים,subs,,D:Elohim,Other Tanakh
311306,1429601,490435,Psalms,7,4,יהוה,nmpr,pers,E:YHWH,Other Tanakh
311307,1429601,490435,Psalms,7,4,אלהים,subs,,D:Elohim,Other Tanakh
311343,1429604,490447,Psalms,7,7,יהוה,nmpr,pers,E:YHWH,Other Tanakh
311352,1429604,490449,Psalms,7,7,אל,prep,,C:divine-title-candidate,Other Tanakh
311365,1429606,490453,Psalms,7,9,יהוה,nmpr,pers,E:YHWH,Other Tanakh
311369,1429606,490455,Psalms,7,9,יהוה,nmpr,pers,E:YHWH,Other Tanakh
311388,1429607,490458,Psalms,7,10,אלהים,subs,,D:Elohim,Other Tanakh
311392,1429608,490459,Psalms,7,11,אלהים,subs,,D:Elohim,Other Tanakh
311396,1429609,490461,Psalms,7,12,אלהים,subs,,D:Elohim,Other Tanakh
311400,1429609,490462,Psalms,7,12,אל,subs,,C:divine-title-candidate,Other Tanakh
311451,1429615,490479,Psalms,7,18,יהוה,nmpr,pers,E:YHWH,Other Tanakh
311457,1429615,490480,Psalms,7,18,יהוה,nmpr,pers,E:YHWH,Other Tanakh
311458,1429615,490480,Psalms,7,18,עליון,adjv,,C:divine-title-candidate,Other Tanakh
311467,1429616,490483,Psalms,8,1,דוד,nmpr,pers,A:person-candidate,Other Tanakh
311468,1429617,490484,Psalms,8,2,יהוה,nmpr,pers,E:YHWH,Other Tanakh
311520,1429621,490496,Psalms,8,6,אלהים,subs,,D:Elohim,Other Tanakh
311541,1429623,490501,Psalms,8,8,שדי,subs,,C:divine-title-candidate,Other Tanakh
311551,1429625,490505,Psalms,8,10,יהוה,nmpr,pers,E:YHWH,Other Tanakh
311569,1429626,490509,Psalms,9,1,דוד,nmpr,pers,A:person-candidate,Other Tanakh
311571,1429627,490510,Psalms,9,2,יהוה,nmpr,pers,E:YHWH,Other Tanakh
311584,1429628,490515,Psalms,9,3,עליון,adjv,,C:divine-title-candidate,Other Tanakh
311627,1429633,490528,Psalms,9,8,יהוה,nmpr,pers,E:YHWH,Other Tanakh
311648,1429635,490532,Psalms,9,10,יהוה,nmpr,pers,E:YHWH,Other Tanakh
311668,1429636,490536,Psalms,9,11,יהוה,nmpr,pers,E:YHWH,Other Tanakh
311671,1429637,490537,Psalms,9,12,יהוה,nmpr,pers,E:YHWH,Other Tanakh
311673,1429637,490538,Psalms,9,12,ציון,nmpr,topo,F:unclassified-name,Other Tanakh
311689,1429639,490544,Psalms,9,14,יהוה,nmpr,pers,E:YHWH,Other Tanakh
311705,1429640,490547,Psalms,9,15,ציון,nmpr,topo,F:unclassified-name,Other Tanakh
311721,1429642,490553,Psalms,9,17,יהוה,nmpr,pers,E:YHWH,Other Tanakh
311734,1429643,490558,Psalms,9,18,שאול,subs,,A:person-candidate,Other Tanakh
311738,1429643,490560,Psalms,9,18,אלהים,subs,,D:Elohim,Other Tanakh
311751,1429645,490564,Psalms,9,20,יהוה,nmpr,pers,E:YHWH,Other Tanakh
311752,1429645,490565,Psalms,9,20,אל,nega,,C:divine-title-candidate,Other Tanakh
311760,1429646,490568,Psalms,9,21,יהוה,nmpr,pers,E:YHWH,Other Tanakh
311769,1429647,490573,Psalms,10,1,יהוה,nmpr,pers,E:YHWH,Other Tanakh
311799,1429649,490580,Psalms,10,3,יהוה,nmpr,pers,E:YHWH,Other Tanakh
311807,1429650,490582,Psalms,10,4,אלהים,subs,,D:Elohim,Other Tanakh
311891,1429657,490606,Psalms,10,11,אל,subs,,C:divine-title-candidate,Other Tanakh
311899,1429658,490610,Psalms,10,12,יהוה,nmpr,pers,E:YHWH,Other Tanakh
311900,1429658,490610,Psalms,10,12,אל,subs,,C:divine-title-candidate,Other Tanakh
311903,1429658,490612,Psalms,10,12,אל,nega,,C:divine-title-candidate,Other Tanakh
311910,1429659,490613,Psalms,10,13,אלהים,subs,,D:Elohim,Other Tanakh
311943,1429662,490625,Psalms,10,16,יהוה,nmpr,pers,E:YHWH,Other Tanakh
311944,1429662,490625,Psalms,10,16,מלך,subs,,B:deity-candidate,Other Tanakh
311955,1429663,490628,Psalms,10,17,יהוה,nmpr,pers,E:YHWH,Other Tanakh
311978,1429665,490635,Psalms,11,1,דוד,nmpr,pers,A:person-candidate,Other Tanakh
311980,1429665,490636,Psalms,11,1,יהוה,nmpr,pers,E:YHWH,Other Tanakh
312013,1429668,490646,Psalms,11,4,יהוה,nmpr,pers,E:YHWH,Other Tanakh
312017,1429668,490647,Psalms,11,4,יהוה,nmpr,pers,E:YHWH,Other Tanakh
312028,1429669,490651,Psalms,11,5,יהוה,nmpr,pers,E:YHWH,Other Tanakh
312052,1429671,490655,Psalms,11,7,יהוה,nmpr,pers,E:YHWH,Other Tanakh
312066,1429672,490660,Psalms,12,1,דוד,nmpr,pers,A:person-candidate,Other Tanakh
312068,1429673,490662,Psalms,12,2,יהוה,nmpr,pers,E:YHWH,Other Tanakh
312091,1429675,490668,Psalms,12,4,יהוה,nmpr,pers,E:YHWH,Other Tanakh
312117,1429677,490676,Psalms,12,6,יהוה,nmpr,pers,E:YHWH,Other Tanakh
312124,1429678,490679,Psalms,12,7,יהוה,nmpr,pers,E:YHWH,Other Tanakh
312137,1429679,490684,Psalms,12,8,יהוה,nmpr,pers,E:YHWH,Other Tanakh
312160,1429681,490690,Psalms,13,1,דוד,nmpr,pers,A:person-candidate,Other Tanakh
312163,1429682,490692,Psalms,13,2,יהוה,nmpr,pers,E:YHWH,Other Tanakh
312189,1429684,490699,Psalms,13,4,יהוה,nmpr,pers,E:YHWH,Other Tanakh
312190,1429684,490699,Psalms,13,4,אלהים,subs,,D:Elohim,Other Tanakh
312216,1429686,490708,Psalms,13,6,יהוה,nmpr,pers,E:YHWH,Other Tanakh
312224,1429687,490711,Psalms,14,1,דוד,nmpr,pers,A:person-candidate,Other Tanakh
312230,1429687,490713,Psalms,14,1,אלהים,subs,,D:Elohim,Other Tanakh
312237,1429688,490717,Psalms,14,2,יהוה,nmpr,pers,E:YHWH,Other Tanakh
312251,1429688,490720,Psalms,14,2,אלהים,subs,,D:Elohim,Other Tanakh
312273,1429690,490727,Psalms,14,4,יהוה,nmpr,pers,E:YHWH,Other Tanakh
312280,1429691,490729,Psalms,14,5,אלהים,subs,,D:Elohim,Other Tanakh
312288,1429692,490731,Psalms,14,6,יהוה,nmpr,pers,E:YHWH,Other Tanakh
312293,1429693,490733,Psalms,14,7,ציון,nmpr,topo,F:unclassified-name,Other Tanakh
312295,1429693,490733,Psalms,14,7,ישראל,nmpr,"pers,gens,topo",F:unclassified-name,Other Tanakh
312298,1429693,490734,Psalms,14,7,יהוה,nmpr,pers,E:YHWH,Other Tanakh
312302,1429693,490735,Psalms,14,7,יעקב,nmpr,pers,A:person-candidate,Other Tanakh
312304,1429693,490736,Psalms,14,7,ישראל,nmpr,"pers,gens,topo",F:unclassified-name,Other Tanakh
312307,1429694,490737,Psalms,15,1,דוד,nmpr,pers,A:person-candidate,Other Tanakh
312308,1429694,490738,Psalms,15,1,יהוה,nmpr,pers,E:YHWH,Other Tanakh
312350,1429697,490748,Psalms,15,4,יהוה,nmpr,pers,E:YHWH,Other Tanakh
312377,1429699,490756,Psalms,16,1,דוד,nmpr,pers,A:person-candidate,Other Tanakh
312379,1429699,490758,Psalms,16,1,אל,subs,,C:divine-title-candidate,Other Tanakh
312385,1429700,490760,Psalms,16,2,יהוה,nmpr,pers,E:YHWH,Other Tanakh
312386,1429700,490761,Psalms,16,2,אדני,nmpr,pers,C:divine-title-candidate,Other Tanakh
312419,1429703,490770,Psalms,16,5,יהוה,nmpr,pers,E:YHWH,Other Tanakh
312439,1429705,490774,Psalms,16,7,יהוה,nmpr,pers,E:YHWH,Other Tanakh
312447,1429706,490777,Psalms,16,8,יהוה,nmpr,pers,E:YHWH,Other Tanakh
312472,1429708,490783,Psalms,16,10,שאול,subs,,A:person-candidate,Other Tanakh
312492,1429710,490789,Psalms,17,1,דוד,nmpr,pers,A:person-candidate,Other Tanakh
312494,1429710,490791,Psalms,17,1,יהוה,nmpr,pers,E:YHWH,Other Tanakh
312544,1429715,490807,Psalms,17,6,אל,subs,,C:divine-title-candidate,Other Tanakh
312606,1429722,490831,Psalms,17,13,יהוה,nmpr,pers,E:YHWH,Other Tanakh
312618,1429723,490836,Psalms,17,14,יהוה,nmpr,pers,E:YHWH,Other Tanakh
312652,1429725,490846,Psalms,18,1,יהוה,nmpr,pers,E:YHWH,Other Tanakh
312654,1429725,490846,Psalms,18,1,דוד,nmpr,pers,A:person-candidate,Other Tanakh
312658,1429725,490847,Psalms,18,1,יהוה,nmpr,pers,E:YHWH,Other Tanakh
312668,1429725,490848,Psalms,18,1,יהוה,nmpr,pers,E:YHWH,Other Tanakh
312677,1429725,490848,Psalms,18,1,שאול,nmpr,pers,A:person-candidate,Other Tanakh
312681,1429726,490851,Psalms,18,2,יהוה,nmpr,pers,E:YHWH,Other Tanakh
312683,1429727,490852,Psalms,18,3,יהוה,nmpr,pers,E:YHWH,Other Tanakh
312689,1429727,490853,Psalms,18,3,אל,subs,,C:divine-title-candidate,Other Tanakh
312700,1429728,490856,Psalms,18,4,יהוה,nmpr,pers,E:YHWH,Other Tanakh
312713,1429730,490860,Psalms,18,6,שאול,subs,,A:person-candidate,Other Tanakh
312723,1429731,490862,Psalms,18,7,יהוה,nmpr,pers,E:YHWH,Other Tanakh
312725,1429731,490863,Psalms,18,7,אל,prep,,C:divine-title-candidate,Other Tanakh
312726,1429731,490863,Psalms,18,7,אלהים,subs,,D:Elohim,Other Tanakh
312809,1429738,490884,Psalms,18,14,יהוה,nmpr,pers,E:YHWH,Other Tanakh
312811,1429738,490885,Psalms,18,14,עליון,adjv,,C:divine-title-candidate,Other Tanakh
312838,1429740,490893,Psalms,18,16,יהוה,nmpr,pers,E:YHWH,Other Tanakh
312847,1429741,490897,Psalms,18,17,משה,verb,,A:person-candidate,Other Tanakh
312867,1429743,490901,Psalms,18,19,יהוה,nmpr,pers,E:YHWH,Other Tanakh
312881,1429745,490905,Psalms,18,21,יהוה,nmpr,pers,E:YHWH,Other Tanakh
312892,1429746,490907,Psalms,18,22,יהוה,nmpr,pers,E:YHWH,Other Tanakh
312897,1429746,490908,Psalms,18,22,אלהים,subs,,D:Elohim,Other Tanakh
312918,1429749,490913,Psalms,18,25,יהוה,nmpr,pers,E:YHWH,Other Tanakh
312955,1429753,490922,Psalms,18,29,יהוה,nmpr,pers,E:YHWH,Other Tanakh
312956,1429753,490922,Psalms,18,29,אלהים,subs,,D:Elohim,Other Tanakh
312965,1429754,490924,Psalms,18,30,אלהים,subs,,D:Elohim,Other Tanakh
312969,1429755,490925,Psalms,18,31,אל,subs,,C:divine-title-candidate,Other Tanakh
312973,1429755,490927,Psalms,18,31,יהוה,nmpr,pers,E:YHWH,Other Tanakh
312984,1429756,490930,Psalms,18,32,אלוה,subs,,C:divine-title-candidate,Other Tanakh
312987,1429756,490930,Psalms,18,32,יהוה,nmpr,pers,E:YHWH,Other Tanakh
312992,1429756,490931,Psalms,18,32,אלהים,subs,,D:Elohim,Other Tanakh
312994,1429757,490932,Psalms,18,33,אל,subs,,C:divine-title-candidate,Other Tanakh
313078,1429766,490960,Psalms,18,42,יהוה,nmpr,pers,E:YHWH,Other Tanakh
313122,1429771,490972,Psalms,18,47,יהוה,nmpr,pers,E:YHWH,Other Tanakh
313128,1429771,490974,Psalms,18,47,אלהים,subs,,D:Elohim,Other Tanakh
313131,1429772,490975,Psalms,18,48,אל,subs,,C:divine-title-candidate,Other Tanakh
313157,1429774,490982,Psalms,18,50,יהוה,nmpr,pers,E:YHWH,Other Tanakh
313164,1429775,490984,Psalms,18,51,מלך,subs,,B:deity-candidate,Other Tanakh
313171,1429775,490985,Psalms,18,51,דוד,nmpr,pers,A:person-candidate,Other Tanakh
313182,1429776,490987,Psalms,19,1,דוד,nmpr,pers,A:person-candidate,Other Tanakh
313187,1429777,490988,Psalms,19,2,אל,subs,,C:divine-title-candidate,Other Tanakh
313258,1429783,491005,Psalms,19,8,יהוה,nmpr,pers,E:YHWH,Other Tanakh
313263,1429783,491007,Psalms,19,8,יהוה,nmpr,pers,E:YHWH,Other Tanakh
313268,1429784,491009,Psalms,19,9,יהוה,nmpr,pers,E:YHWH,Other Tanakh
313273,1429784,491011,Psalms,19,9,יהוה,nmpr,pers,E:YHWH,Other Tanakh
313278,1429785,491013,Psalms,19,10,יהוה,nmpr,pers,E:YHWH,Other Tanakh
313284,1429785,491015,Psalms,19,10,יהוה,nmpr,pers,E:YHWH,Other Tanakh
313322,1429789,491025,Psalms,19,14,אל,nega,,C:divine-title-candidate,Other Tanakh
313342,1429790,491029,Psalms,19,15,יהוה,nmpr,pers,E:YHWH,Other Tanakh
313351,1429791,491031,Psalms,20,1,דוד,nmpr,pers,A:person-candidate,Other Tanakh
313353,1429792,491032,Psalms,20,2,יהוה,nmpr,pers,E:YHWH,Other Tanakh
313359,1429792,491033,Psalms,20,2,אלהים,subs,,D:Elohim,Other Tanakh
313360,1429792,491033,Psalms,20,2,יעקב,nmpr,pers,A:person-candidate,Other Tanakh
313367,1429793,491035,Psalms,20,3,ציון,nmpr,topo,F:unclassified-name,Other Tanakh
313390,1429796,491042,Psalms,20,6,אלהים,subs,,D:Elohim,Other Tanakh
313393,1429796,491043,Psalms,20,6,יהוה,nmpr,pers,E:YHWH,Other Tanakh
313400,1429797,491045,Psalms,20,7,יהוה,nmpr,pers,E:YHWH,Other Tanakh
313423,1429798,491049,Psalms,20,8,יהוה,nmpr,pers,E:YHWH,Other Tanakh
313424,1429798,491049,Psalms,20,8,אלהים,subs,,D:Elohim,Other Tanakh
313435,1429800,491054,Psalms,20,10,יהוה,nmpr,pers,E:YHWH,Other Tanakh
313438,1429800,491056,Psalms,20,10,מלך,subs,,B:deity-candidate,Other Tanakh
313448,1429801,491059,Psalms,21,1,דוד,nmpr,pers,A:person-candidate,Other Tanakh
313449,1429802,491060,Psalms,21,2,יהוה,nmpr,pers,E:YHWH,Other Tanakh
313453,1429802,491061,Psalms,21,2,מלך,subs,,B:deity-candidate,Other Tanakh
313510,1429808,491075,Psalms,21,8,מלך,subs,,B:deity-candidate,Other Tanakh
313513,1429808,491075,Psalms,21,8,יהוה,nmpr,pers,E:YHWH,Other Tanakh
313517,1429808,491076,Psalms,21,8,עליון,adjv,,C:divine-title-candidate,Other Tanakh
313535,1429810,491080,Psalms,21,10,יהוה,nmpr,pers,E:YHWH,Other Tanakh
313568,1429814,491090,Psalms,21,14,יהוה,nmpr,pers,E:YHWH,Other Tanakh
313584,1429815,491095,Psalms,22,1,דוד,nmpr,pers,A:person-candidate,Other Tanakh
313585,1429816,491096,Psalms,22,2,אל,subs,,C:divine-title-candidate,Other Tanakh
313586,1429816,491096,Psalms,22,2,אל,subs,,C:divine-title-candidate,Other Tanakh
313594,1429817,491099,Psalms,22,3,אלהים,subs,,D:Elohim,Other Tanakh
313611,1429818,491105,Psalms,22,4,ישראל,nmpr,"pers,gens,topo",F:unclassified-name,Other Tanakh
313618,1429820,491109,Psalms,22,6,אל,prep,,C:divine-title-candidate,Other Tanakh
313648,1429823,491121,Psalms,22,9,אל,prep,,C:divine-title-candidate,Other Tanakh
313649,1429823,491121,Psalms,22,9,יהוה,nmpr,pers,E:YHWH,Other Tanakh
313671,1429825,491128,Psalms,22,11,אל,subs,,C:divine-title-candidate,Other Tanakh
313673,1429826,491129,Psalms,22,12,אל,nega,,C:divine-title-candidate,Other Tanakh
313686,1429827,491133,Psalms,22,13,בשן,nmpr,topo,F:unclassified-name,Other Tanakh
313755,1429834,491153,Psalms,22,20,יהוה,nmpr,pers,E:YHWH,Other Tanakh
313756,1429834,491152,Psalms,22,20,אל,nega,,C:divine-title-candidate,Other Tanakh
313788,1429838,491162,Psalms,22,24,יהוה,nmpr,pers,E:YHWH,Other Tanakh
313792,1429838,491164,Psalms,22,24,יעקב,nmpr,pers,A:person-candidate,Other Tanakh
313799,1429838,491167,Psalms,22,24,ישראל,nmpr,"pers,gens,topo",F:unclassified-name,Other Tanakh
313816,1429839,491172,Psalms,22,25,אל,prep,,C:divine-title-candidate,Other Tanakh
313833,1429841,491177,Psalms,22,27,יהוה,nmpr,pers,E:YHWH,Other Tanakh
313842,1429842,491181,Psalms,22,28,אל,prep,,C:divine-title-candidate,Other Tanakh
313843,1429842,491181,Psalms,22,28,יהוה,nmpr,pers,E:YHWH,Other Tanakh
313856,1429843,491183,Psalms,22,29,יהוה,nmpr,pers,E:YHWH,Other Tanakh
313884,1429845,491191,Psalms,22,31,אדני,nmpr,pers,C:divine-title-candidate,Other Tanakh
313899,1429847,491196,Psalms,23,1,דוד,nmpr,pers,A:person-candidate,Other Tanakh
313900,1429847,491197,Psalms,23,1,יהוה,nmpr,pers,E:YHWH,Other Tanakh
313962,1429852,491212,Psalms,23,6,יהוה,nmpr,pers,E:YHWH,Other Tanakh
313967,1429853,491213,Psalms,24,1,דוד,nmpr,pers,A:person-candidate,Other Tanakh
313970,1429853,491215,Psalms,24,1,יהוה,nmpr,pers,E:YHWH,Other Tanakh
313992,1429855,491220,Psalms,24,3,יהוה,nmpr,pers,E:YHWH,Other Tanakh
314020,1429857,491225,Psalms,24,5,יהוה,nmpr,pers,E:YHWH,Other Tanakh
314024,1429857,491226,Psalms,24,5,אלהים,subs,,D:Elohim,Other Tanakh
314031,1429858,491230,Psalms,24,6,יעקב,nmpr,pers,A:person-candidate,Other Tanakh
314042,1429859,491236,Psalms,24,7,מלך,subs,,B:deity-candidate,Other Tanakh
314047,1429860,491237,Psalms,24,8,מלך,subs,,B:deity-candidate,Other Tanakh
314050,1429860,491238,Psalms,24,8,יהוה,nmpr,pers,E:YHWH,Other Tanakh
314054,1429860,491239,Psalms,24,8,יהוה,nmpr,pers,E:YHWH,Other Tanakh
314066,1429861,491244,Psalms,24,9,מלך,subs,,B:deity-candidate,Other Tanakh
314072,1429862,491245,Psalms,24,10,מלך,subs,,B:deity-candidate,Other Tanakh
314075,1429862,491246,Psalms,24,10,יהוה,nmpr,pers,E:YHWH,Other Tanakh
314078,1429862,491247,Psalms,24,10,מלך,subs,,B:deity-candidate,Other Tanakh
314083,1429863,491249,Psalms,25,1,דוד,nmpr,pers,A:person-candidate,Other Tanakh
314084,1429863,491250,Psalms,25,1,אל,prep,,C:divine-title-candidate,Other Tanakh
314085,1429863,491251,Psalms,25,1,יהוה,nmpr,pers,E:YHWH,Other Tanakh
314088,1429864,491252,Psalms,25,2,אלהים,subs,,D:Elohim,Other Tanakh
314091,1429864,491254,Psalms,25,2,אל,nega,,C:divine-title-candidate,Other Tanakh
314093,1429864,491255,Psalms,25,2,אל,nega,,C:divine-title-candidate,Other Tanakh
314107,1429866,491260,Psalms,25,4,יהוה,nmpr,pers,E:YHWH,Other Tanakh
314118,1429867,491264,Psalms,25,5,אלהים,subs,,D:Elohim,Other Tanakh
314127,1429868,491267,Psalms,25,6,יהוה,nmpr,pers,E:YHWH,Other Tanakh
314138,1429869,491270,Psalms,25,7,אל,nega,,C:divine-title-candidate,Other Tanakh
314147,1429869,491272,Psalms,25,7,יהוה,nmpr,pers,E:YHWH,Other Tanakh
314151,1429870,491273,Psalms,25,8,יהוה,nmpr,pers,E:YHWH,Other Tanakh
314170,1429872,491277,Psalms,25,10,יהוה,nmpr,pers,E:YHWH,Other Tanakh
314181,1429873,491280,Psalms,25,11,יהוה,nmpr,pers,E:YHWH,Other Tanakh
314194,1429874,491284,Psalms,25,12,יהוה,nmpr,pers,E:YHWH,Other Tanakh
314208,1429876,491289,Psalms,25,14,יהוה,nmpr,pers,E:YHWH,Other Tanakh
314217,1429877,491292,Psalms,25,15,אל,prep,,C:divine-title-candidate,Other Tanakh
314218,1429877,491292,Psalms,25,15,יהוה,nmpr,pers,E:YHWH,Other Tanakh
314226,1429878,491294,Psalms,25,16,אל,prep,,C:divine-title-candidate,Other Tanakh
314261,1429882,491306,Psalms,25,20,אל,nega,,C:divine-title-candidate,Other Tanakh
314273,1429884,491311,Psalms,25,22,אלהים,subs,,D:Elohim,Other Tanakh
314275,1429884,491310,Psalms,25,22,ישראל,nmpr,"pers,gens,topo",F:unclassified-name,Other Tanakh
314280,1429885,491312,Psalms,26,1,דוד,nmpr,pers,A:person-candidate,Other Tanakh
314282,1429885,491314,Psalms,26,1,יהוה,nmpr,pers,E:YHWH,Other Tanakh
314290,1429885,491316,Psalms,26,1,יהוה,nmpr,pers,E:YHWH,Other Tanakh
314295,1429886,491319,Psalms,26,2,יהוה,nmpr,pers,E:YHWH,Other Tanakh
314337,1429890,491330,Psalms,26,6,יהוה,nmpr,pers,E:YHWH,Other Tanakh
314348,1429892,491333,Psalms,26,8,יהוה,nmpr,pers,E:YHWH,Other Tanakh
314356,1429893,491335,Psalms,26,9,אל,nega,,C:divine-title-candidate,Other Tanakh
314389,1429896,491343,Psalms,26,12,יהוה,nmpr,pers,E:YHWH,Other Tanakh
314391,1429897,491344,Psalms,27,1,דוד,nmpr,pers,A:person-candidate,Other Tanakh
314392,1429897,491345,Psalms,27,1,יהוה,nmpr,pers,E:YHWH,Other Tanakh
314399,1429897,491347,Psalms,27,1,יהוה,nmpr,pers,E:YHWH,Other Tanakh
314440,1429900,491358,Psalms,27,4,יהוה,nmpr,pers,E:YHWH,Other Tanakh
314446,1429900,491360,Psalms,27,4,יהוה,nmpr,pers,E:YHWH,Other Tanakh
314454,1429900,491361,Psalms,27,4,יהוה,nmpr,pers,E:YHWH,Other Tanakh
314491,1429902,491369,Psalms,27,6,יהוה,nmpr,pers,E:YHWH,Other Tanakh
314493,1429903,491371,Psalms,27,7,יהוה,nmpr,pers,E:YHWH,Other Tanakh
314507,1429904,491378,Psalms,27,8,יהוה,nmpr,pers,E:YHWH,Other Tanakh
314509,1429905,491379,Psalms,27,9,אל,nega,,C:divine-title-candidate,Other Tanakh
314513,1429905,491380,Psalms,27,9,אל,nega,,C:divine-title-candidate,Other Tanakh
314520,1429905,491382,Psalms,27,9,אל,nega,,C:divine-title-candidate,Other Tanakh
314523,1429905,491383,Psalms,27,9,אל,nega,,C:divine-title-candidate,Other Tanakh
314525,1429905,491384,Psalms,27,9,אלהים,subs,,D:Elohim,Other Tanakh
314533,1429906,491386,Psalms,27,10,יהוה,nmpr,pers,E:YHWH,Other Tanakh
314536,1429907,491388,Psalms,27,11,יהוה,nmpr,pers,E:YHWH,Other Tanakh
314545,1429908,491390,Psalms,27,12,אל,nega,,C:divine-title-candidate,Other Tanakh
314564,1429909,491393,Psalms,27,13,יהוה,nmpr,pers,E:YHWH,Other Tanakh
314569,1429910,491394,Psalms,27,14,אל,prep,,C:divine-title-candidate,Other Tanakh
314570,1429910,491394,Psalms,27,14,יהוה,nmpr,pers,E:YHWH,Other Tanakh
314577,1429910,491397,Psalms,27,14,אל,prep,,C:divine-title-candidate,Other Tanakh
314578,1429910,491397,Psalms,27,14,יהוה,nmpr,pers,E:YHWH,Other Tanakh
314580,1429911,491398,Psalms,28,1,דוד,nmpr,pers,A:person-candidate,Other Tanakh
314581,1429911,491399,Psalms,28,1,אל,prep,,C:divine-title-candidate,Other Tanakh
314582,1429911,491400,Psalms,28,1,יהוה,nmpr,pers,E:YHWH,Other Tanakh
314585,1429911,491402,Psalms,28,1,אל,nega,,C:divine-title-candidate,Other Tanakh
314601,1429912,491407,Psalms,28,2,אל,prep,,C:divine-title-candidate,Other Tanakh
314605,1429912,491408,Psalms,28,2,אל,prep,,C:divine-title-candidate,Other Tanakh
314608,1429913,491409,Psalms,28,3,אל,nega,,C:divine-title-candidate,Other Tanakh
314643,1429915,491415,Psalms,28,5,אל,prep,,C:divine-title-candidate,Other Tanakh
314645,1429915,491415,Psalms,28,5,יהוה,nmpr,pers,E:YHWH,Other Tanakh
314647,1429915,491415,Psalms,28,5,אל,prep,,C:divine-title-candidate,Other Tanakh
314655,1429916,491418,Psalms,28,6,יהוה,nmpr,pers,E:YHWH,Other Tanakh
314660,1429917,491420,Psalms,28,7,יהוה,nmpr,pers,E:YHWH,Other Tanakh
314676,1429918,491425,Psalms,28,8,יהוה,nmpr,pers,E:YHWH,Other Tanakh
314700,1429920,491431,Psalms,29,1,דוד,nmpr,pers,A:person-candidate,Other Tanakh
314703,1429920,491432,Psalms,29,1,יהוה,nmpr,pers,E:YHWH,Other Tanakh
314708,1429920,491434,Psalms,29,1,יהוה,nmpr,pers,E:YHWH,Other Tanakh
314714,1429921,491435,Psalms,29,2,יהוה,nmpr,pers,E:YHWH,Other Tanakh
314719,1429921,491436,Psalms,29,2,יהוה,nmpr,pers,E:YHWH,Other Tanakh
314724,1429922,491437,Psalms,29,3,יהוה,nmpr,pers,E:YHWH,Other Tanakh
314728,1429922,491438,Psalms,29,3,אל,subs,,C:divine-title-candidate,Other Tanakh
314732,1429922,491439,Psalms,29,3,יהוה,nmpr,pers,E:YHWH,Other Tanakh
314737,1429923,491440,Psalms,29,4,יהוה,nmpr,pers,E:YHWH,Other Tanakh
314742,1429923,491441,Psalms,29,4,יהוה,nmpr,pers,E:YHWH,Other Tanakh
314747,1429924,491442,Psalms,29,5,יהוה,nmpr,pers,E:YHWH,Other Tanakh
314752,1429924,491443,Psalms,29,5,יהוה,nmpr,pers,E:YHWH,Other Tanakh
314756,1429924,491443,Psalms,29,5,לבנון,nmpr,topo,F:unclassified-name,Other Tanakh
314761,1429925,491445,Psalms,29,6,לבנון,nmpr,topo,F:unclassified-name,Other Tanakh
314763,1429925,491445,Psalms,29,6,שרין,nmpr,topo,F:unclassified-name,Other Tanakh
314768,1429926,491446,Psalms,29,7,יהוה,nmpr,pers,E:YHWH,Other Tanakh
314773,1429927,491447,Psalms,29,8,יהוה,nmpr,pers,E:YHWH,Other Tanakh
314777,1429927,491448,Psalms,29,8,יהוה,nmpr,pers,E:YHWH,Other Tanakh
314779,1429927,491448,Psalms,29,8,קדש,nmpr,topo,F:unclassified-name,Other Tanakh
314781,1429928,491449,Psalms,29,9,יהוה,nmpr,pers,E:YHWH,Other Tanakh
314793,1429929,491452,Psalms,29,10,יהוה,nmpr,pers,E:YHWH,Other Tanakh
314800,1429929,491453,Psalms,29,10,יהוה,nmpr,pers,E:YHWH,Other Tanakh
314801,1429929,491453,Psalms,29,10,מלך,subs,,B:deity-candidate,Other Tanakh
314804,1429930,491454,Psalms,29,11,יהוה,nmpr,pers,E:YHWH,Other Tanakh
314809,1429930,491455,Psalms,29,11,יהוה,nmpr,pers,E:YHWH,Other Tanakh
314822,1429931,491457,Psalms,30,1,דוד,nmpr,pers,A:person-candidate,Other Tanakh
314824,1429932,491459,Psalms,30,2,יהוה,nmpr,pers,E:YHWH,Other Tanakh
314832,1429933,491462,Psalms,30,3,יהוה,nmpr,pers,E:YHWH,Other Tanakh
314833,1429933,491462,Psalms,30,3,אלהים,subs,,D:Elohim,Other Tanakh
314835,1429933,491463,Psalms,30,3,אל,prep,,C:divine-title-candidate,Other Tanakh
314838,1429934,491465,Psalms,30,4,יהוה,nmpr,pers,E:YHWH,Other Tanakh
314841,1429934,491466,Psalms,30,4,שאול,subs,,A:person-candidate,Other Tanakh
314849,1429935,491469,Psalms,30,5,יהוה,nmpr,pers,E:YHWH,Other Tanakh
314882,1429938,491478,Psalms,30,8,יהוה,nmpr,pers,E:YHWH,Other Tanakh
314893,1429939,491482,Psalms,30,9,אל,prep,,C:divine-title-candidate,Other Tanakh
314894,1429939,491483,Psalms,30,9,יהוה,nmpr,pers,E:YHWH,Other Tanakh
314897,1429939,491484,Psalms,30,9,אל,prep,,C:divine-title-candidate,Other Tanakh
314898,1429939,491484,Psalms,30,9,אדני,nmpr,pers,C:divine-title-candidate,Other Tanakh
314906,1429940,491486,Psalms,30,10,אל,prep,,C:divine-title-candidate,Other Tanakh
314915,1429941,491490,Psalms,30,11,יהוה,nmpr,pers,E:YHWH,Other Tanakh
314918,1429941,491492,Psalms,30,11,יהוה,nmpr,pers,E:YHWH,Other Tanakh
314938,1429943,491499,Psalms,30,13,יהוה,nmpr,pers,E:YHWH,Other Tanakh
314939,1429943,491499,Psalms,30,13,אלהים,subs,,D:Elohim,Other Tanakh
314948,1429944,491502,Psalms,31,1,דוד,nmpr,pers,A:person-candidate,Other Tanakh
314950,1429945,491504,Psalms,31,2,יהוה,nmpr,pers,E:YHWH,Other Tanakh
314952,1429945,491505,Psalms,31,2,אל,nega,,C:divine-title-candidate,Other Tanakh
314960,1429946,491507,Psalms,31,3,אל,prep,,C:divine-title-candidate,Other Tanakh
315000,1429949,491520,Psalms,31,6,יהוה,nmpr,pers,E:YHWH,Other Tanakh
315001,1429949,491520,Psalms,31,6,אל,subs,,C:divine-title-candidate,Other Tanakh
315010,1429950,491523,Psalms,31,7,אל,prep,,C:divine-title-candidate,Other Tanakh
315011,1429950,491523,Psalms,31,7,יהוה,nmpr,pers,E:YHWH,Other Tanakh
315038,1429953,491531,Psalms,31,10,יהוה,nmpr,pers,E:YHWH,Other Tanakh
315112,1429958,491551,Psalms,31,15,יהוה,nmpr,pers,E:YHWH,Other Tanakh
315114,1429958,491553,Psalms,31,15,אלהים,subs,,D:Elohim,Other Tanakh
315133,1429961,491558,Psalms,31,18,יהוה,nmpr,pers,E:YHWH,Other Tanakh
315134,1429961,491559,Psalms,31,18,אל,nega,,C:divine-title-candidate,Other Tanakh
315142,1429961,491562,Psalms,31,18,שאול,subs,,A:person-candidate,Other Tanakh
315184,1429965,491571,Psalms,31,22,יהוה,nmpr,pers,E:YHWH,Other Tanakh
315207,1429966,491576,Psalms,31,23,אל,prep,,C:divine-title-candidate,Other Tanakh
315210,1429967,491577,Psalms,31,24,יהוה,nmpr,pers,E:YHWH,Other Tanakh
315215,1429967,491579,Psalms,31,24,יהוה,nmpr,pers,E:YHWH,Other Tanakh
315230,1429968,491584,Psalms,31,25,יהוה,nmpr,pers,E:YHWH,Other Tanakh
315232,1429969,491585,Psalms,32,1,דוד,nmpr,pers,A:person-candidate,Other Tanakh
315243,1429970,491589,Psalms,32,2,יהוה,nmpr,pers,E:YHWH,Other Tanakh
315284,1429973,491599,Psalms,32,5,יהוה,nmpr,pers,E:YHWH,Other Tanakh
315296,1429974,491602,Psalms,32,6,אל,prep,,C:divine-title-candidate,Other Tanakh
315305,1429974,491604,Psalms,32,6,אל,prep,,C:divine-title-candidate,Other Tanakh
315328,1429977,491614,Psalms,32,9,אל,nega,,C:divine-title-candidate,Other Tanakh
315345,1429977,491619,Psalms,32,9,אל,prep,,C:divine-title-candidate,Other Tanakh
315355,1429978,491621,Psalms,32,10,יהוה,nmpr,pers,E:YHWH,Other Tanakh
315360,1429979,491623,Psalms,32,11,יהוה,nmpr,pers,E:YHWH,Other Tanakh
315372,1429980,491628,Psalms,33,1,יהוה,nmpr,pers,E:YHWH,Other Tanakh
315380,1429981,491631,Psalms,33,2,יהוה,nmpr,pers,E:YHWH,Other Tanakh
315399,1429983,491636,Psalms,33,4,יהוה,nmpr,pers,E:YHWH,Other Tanakh
315410,1429984,491639,Psalms,33,5,יהוה,nmpr,pers,E:YHWH,Other Tanakh
315416,1429985,491640,Psalms,33,6,יהוה,nmpr,pers,E:YHWH,Other Tanakh
315438,1429987,491644,Psalms,33,8,יהוה,nmpr,pers,E:YHWH,Other Tanakh
315456,1429989,491650,Psalms,33,10,יהוה,nmpr,pers,E:YHWH,Other Tanakh
315464,1429990,491652,Psalms,33,11,יהוה,nmpr,pers,E:YHWH,Other Tanakh
315478,1429991,491655,Psalms,33,12,יהוה,nmpr,pers,E:YHWH,Other Tanakh
315479,1429991,491655,Psalms,33,12,אלהים,subs,,D:Elohim,Other Tanakh
315489,1429992,491657,Psalms,33,13,יהוה,nmpr,pers,E:YHWH,Other Tanakh
315500,1429993,491659,Psalms,33,14,אל,prep,,C:divine-title-candidate,Other Tanakh
315511,1429994,491661,Psalms,33,15,אל,prep,,C:divine-title-candidate,Other Tanakh
315516,1429995,491662,Psalms,33,16,מלך,subs,,B:deity-candidate,Other Tanakh
315540,1429997,491666,Psalms,33,18,יהוה,nmpr,pers,E:YHWH,Other Tanakh
315541,1429997,491666,Psalms,33,18,אל,prep,,C:divine-title-candidate,Other Tanakh
315562,1429999,491670,Psalms,33,20,יהוה,nmpr,pers,E:YHWH,Other Tanakh
315578,1430001,491675,Psalms,33,22,יהוה,nmpr,pers,E:YHWH,Other Tanakh
315585,1430002,491677,Psalms,34,1,דוד,nmpr,pers,A:person-candidate,Other Tanakh
315592,1430002,491678,Psalms,34,1,אבימלך,nmpr,pers,A:person-candidate,Other Tanakh
315599,1430003,491681,Psalms,34,2,יהוה,nmpr,pers,E:YHWH,Other Tanakh
315608,1430004,491683,Psalms,34,3,יהוה,nmpr,pers,E:YHWH,Other Tanakh
315617,1430005,491686,Psalms,34,4,יהוה,nmpr,pers,E:YHWH,Other Tanakh
315625,1430006,491688,Psalms,34,5,יהוה,nmpr,pers,E:YHWH,Other Tanakh
315634,1430007,491691,Psalms,34,6,אל,prep,,C:divine-title-candidate,Other Tanakh
315639,1430007,491693,Psalms,34,6,אל,nega,,C:divine-title-candidate,Other Tanakh
315645,1430008,491695,Psalms,34,7,יהוה,nmpr,pers,E:YHWH,Other Tanakh
315654,1430009,491697,Psalms,34,8,יהוה,nmpr,pers,E:YHWH,Other Tanakh
315665,1430010,491701,Psalms,34,9,יהוה,nmpr,pers,E:YHWH,Other Tanakh
315673,1430011,491704,Psalms,34,10,יהוה,nmpr,pers,E:YHWH,Other Tanakh
315686,1430012,491709,Psalms,34,11,יהוה,nmpr,pers,E:YHWH,Other Tanakh
315696,1430013,491713,Psalms,34,12,יהוה,nmpr,pers,E:YHWH,Other Tanakh
315729,1430017,491725,Psalms,34,16,יהוה,nmpr,pers,E:YHWH,Other Tanakh
315730,1430017,491725,Psalms,34,16,אל,prep,,C:divine-title-candidate,Other Tanakh
315734,1430017,491726,Psalms,34,16,אל,prep,,C:divine-title-candidate,Other Tanakh
315737,1430018,491727,Psalms,34,17,יהוה,nmpr,pers,E:YHWH,Other Tanakh
315748,1430019,491730,Psalms,34,18,יהוה,nmpr,pers,E:YHWH,Other Tanakh
315756,1430020,491732,Psalms,34,19,יהוה,nmpr,pers,E:YHWH,Other Tanakh
315772,1430021,491735,Psalms,34,20,יהוה,nmpr,pers,E:YHWH,Other Tanakh
315789,1430024,491740,Psalms,34,23,יהוה,nmpr,pers,E:YHWH,Other Tanakh
315800,1430025,491743,Psalms,35,1,דוד,nmpr,pers,A:person-candidate,Other Tanakh
315802,1430025,491745,Psalms,35,1,יהוה,nmpr,pers,E:YHWH,Other Tanakh
315848,1430029,491761,Psalms,35,5,יהוה,nmpr,pers,E:YHWH,Other Tanakh
315857,1430030,491763,Psalms,35,6,יהוה,nmpr,pers,E:YHWH,Other Tanakh
315886,1430033,491772,Psalms,35,9,יהוה,nmpr,pers,E:YHWH,Other Tanakh
315893,1430034,491775,Psalms,35,10,יהוה,nmpr,pers,E:YHWH,Other Tanakh
315971,1430041,491797,Psalms,35,17,אדני,nmpr,pers,C:divine-title-candidate,Other Tanakh
315990,1430043,491803,Psalms,35,19,אל,nega,,C:divine-title-candidate,Other Tanakh
316020,1430046,491813,Psalms,35,22,יהוה,nmpr,pers,E:YHWH,Other Tanakh
316021,1430046,491814,Psalms,35,22,אל,nega,,C:divine-title-candidate,Other Tanakh
316023,1430046,491815,Psalms,35,22,אדני,nmpr,pers,C:divine-title-candidate,Other Tanakh
316024,1430046,491816,Psalms,35,22,אל,nega,,C:divine-title-candidate,Other Tanakh
316032,1430047,491819,Psalms,35,23,אלהים,subs,,D:Elohim,Other Tanakh
316034,1430047,491819,Psalms,35,23,אדני,nmpr,pers,C:divine-title-candidate,Other Tanakh
316040,1430048,491822,Psalms,35,24,יהוה,nmpr,pers,E:YHWH,Other Tanakh
316041,1430048,491822,Psalms,35,24,אלהים,subs,,D:Elohim,Other Tanakh
316043,1430048,491823,Psalms,35,24,אל,nega,,C:divine-title-candidate,Other Tanakh
316046,1430049,491824,Psalms,35,25,אל,nega,,C:divine-title-candidate,Other Tanakh
316052,1430049,491826,Psalms,35,25,אל,nega,,C:divine-title-candidate,Other Tanakh
316077,1430051,491835,Psalms,35,27,יהוה,nmpr,pers,E:YHWH,Other Tanakh
316095,1430053,491840,Psalms,36,1,יהוה,nmpr,pers,E:YHWH,Other Tanakh
316097,1430053,491840,Psalms,36,1,דוד,nmpr,pers,A:person-candidate,Other Tanakh
316108,1430054,491842,Psalms,36,2,אלהים,subs,,D:Elohim,Other Tanakh
316114,1430055,491843,Psalms,36,3,אל,prep,,C:divine-title-candidate,Other Tanakh
316144,1430058,491854,Psalms,36,6,יהוה,nmpr,pers,E:YHWH,Other Tanakh
316155,1430059,491857,Psalms,36,7,אל,subs,,C:divine-title-candidate,Other Tanakh
316163,1430059,491860,Psalms,36,7,יהוה,nmpr,pers,E:YHWH,Other Tanakh
316167,1430060,491862,Psalms,36,8,אלהים,subs,,D:Elohim,Other Tanakh
316200,1430064,491870,Psalms,36,12,אל,nega,,C:divine-title-candidate,Other Tanakh
316207,1430064,491871,Psalms,36,12,אל,nega,,C:divine-title-candidate,Other Tanakh
316219,1430066,491877,Psalms,37,1,דוד,nmpr,pers,A:person-candidate,Other Tanakh
316220,1430066,491878,Psalms,37,1,אל,nega,,C:divine-title-candidate,Other Tanakh
316225,1430066,491879,Psalms,37,1,אל,nega,,C:divine-title-candidate,Other Tanakh
316243,1430068,491883,Psalms,37,3,יהוה,nmpr,pers,E:YHWH,Other Tanakh
316255,1430069,491887,Psalms,37,4,יהוה,nmpr,pers,E:YHWH,Other Tanakh
316263,1430070,491889,Psalms,37,5,יהוה,nmpr,pers,E:YHWH,Other Tanakh
316284,1430072,491894,Psalms,37,7,יהוה,nmpr,pers,E:YHWH,Other Tanakh
316288,1430072,491896,Psalms,37,7,אל,nega,,C:divine-title-candidate,Other Tanakh
316303,1430073,491902,Psalms,37,8,אל,nega,,C:divine-title-candidate,Other Tanakh
316313,1430074,491905,Psalms,37,9,יהוה,nmpr,pers,E:YHWH,Other Tanakh
316347,1430078,491915,Psalms,37,13,אדני,nmpr,pers,C:divine-title-candidate,Other Tanakh
316393,1430082,491926,Psalms,37,17,יהוה,nmpr,pers,E:YHWH,Other Tanakh
316395,1430083,491927,Psalms,37,18,יהוה,nmpr,pers,E:YHWH,Other Tanakh
316418,1430085,491932,Psalms,37,20,יהוה,nmpr,pers,E:YHWH,Other Tanakh
316445,1430088,491940,Psalms,37,23,יהוה,nmpr,pers,E:YHWH,Other Tanakh
316457,1430089,491944,Psalms,37,24,יהוה,nmpr,pers,E:YHWH,Other Tanakh
316494,1430093,491956,Psalms,37,28,יהוה,nmpr,pers,E:YHWH,Other Tanakh
316526,1430096,491964,Psalms,37,31,אלהים,subs,,D:Elohim,Other Tanakh
316541,1430098,491969,Psalms,37,33,יהוה,nmpr,pers,E:YHWH,Other Tanakh
316552,1430099,491972,Psalms,37,34,אל,prep,,C:divine-title-candidate,Other Tanakh
316553,1430099,491972,Psalms,37,34,יהוה,nmpr,pers,E:YHWH,Other Tanakh
316605,1430104,491990,Psalms,37,39,יהוה,nmpr,pers,E:YHWH,Other Tanakh
316612,1430105,491992,Psalms,37,40,יהוה,nmpr,pers,E:YHWH,Other Tanakh
316625,1430106,491997,Psalms,38,1,דוד,nmpr,pers,A:person-candidate,Other Tanakh
316628,1430107,491999,Psalms,38,2,יהוה,nmpr,pers,E:YHWH,Other Tanakh
316629,1430107,492000,Psalms,38,2,אל,nega,,C:divine-title-candidate,Other Tanakh
316701,1430115,492018,Psalms,38,10,אדני,nmpr,pers,C:divine-title-candidate,Other Tanakh
316774,1430121,492040,Psalms,38,16,יהוה,nmpr,pers,E:YHWH,Other Tanakh
316778,1430121,492042,Psalms,38,16,אדני,nmpr,pers,C:divine-title-candidate,Other Tanakh
316779,1430121,492042,Psalms,38,16,אלהים,subs,,D:Elohim,Other Tanakh
316822,1430127,492058,Psalms,38,22,אל,nega,,C:divine-title-candidate,Other Tanakh
316824,1430127,492059,Psalms,38,22,יהוה,nmpr,pers,E:YHWH,Other Tanakh
316825,1430127,492059,Psalms,38,22,אלהים,subs,,D:Elohim,Other Tanakh
316826,1430127,492060,Psalms,38,22,אל,nega,,C:divine-title-candidate,Other Tanakh
316832,1430128,492062,Psalms,38,23,אדני,nmpr,pers,C:divine-title-candidate,Other Tanakh
316841,1430129,492064,Psalms,39,1,דוד,nmpr,pers,A:person-candidate,Other Tanakh
316878,1430133,492077,Psalms,39,5,יהוה,nmpr,pers,E:YHWH,Other Tanakh
316923,1430136,492093,Psalms,39,8,אדני,nmpr,pers,C:divine-title-candidate,Other Tanakh
316933,1430137,492097,Psalms,39,9,אל,nega,,C:divine-title-candidate,Other Tanakh
316970,1430141,492108,Psalms,39,13,יהוה,nmpr,pers,E:YHWH,Other Tanakh
316974,1430141,492110,Psalms,39,13,אל,prep,,C:divine-title-candidate,Other Tanakh
316976,1430141,492110,Psalms,39,13,אל,nega,,C:divine-title-candidate,Other Tanakh
316999,1430143,492118,Psalms,40,1,דוד,nmpr,pers,A:person-candidate,Other Tanakh
317003,1430144,492120,Psalms,40,2,יהוה,nmpr,pers,E:YHWH,Other Tanakh
317006,1430144,492121,Psalms,40,2,אל,prep,,C:divine-title-candidate,Other Tanakh
317034,1430146,492127,Psalms,40,4,אלהים,subs,,D:Elohim,Other Tanakh
317042,1430146,492130,Psalms,40,4,יהוה,nmpr,pers,E:YHWH,Other Tanakh
317048,1430147,492132,Psalms,40,5,יהוה,nmpr,pers,E:YHWH,Other Tanakh
317053,1430147,492133,Psalms,40,5,אל,prep,,C:divine-title-candidate,Other Tanakh
317061,1430148,492135,Psalms,40,6,יהוה,nmpr,pers,E:YHWH,Other Tanakh
317062,1430148,492135,Psalms,40,6,אלהים,subs,,D:Elohim,Other Tanakh
317066,1430148,492134,Psalms,40,6,אל,prep,,C:divine-title-candidate,Other Tanakh
317069,1430148,492136,Psalms,40,6,אל,prep,,C:divine-title-candidate,Other Tanakh
317101,1430151,492148,Psalms,40,9,אלהים,subs,,D:Elohim,Other Tanakh
317117,1430152,492153,Psalms,40,10,יהוה,nmpr,pers,E:YHWH,Other Tanakh
317139,1430154,492159,Psalms,40,12,יהוה,nmpr,pers,E:YHWH,Other Tanakh
317171,1430156,492168,Psalms,40,14,יהוה,nmpr,pers,E:YHWH,Other Tanakh
317174,1430156,492170,Psalms,40,14,יהוה,nmpr,pers,E:YHWH,Other Tanakh
317210,1430159,492185,Psalms,40,17,יהוה,nmpr,pers,E:YHWH,Other Tanakh
317218,1430160,492188,Psalms,40,18,אדני,nmpr,pers,C:divine-title-candidate,Other Tanakh
317225,1430160,492190,Psalms,40,18,אלהים,subs,,D:Elohim,Other Tanakh
317226,1430160,492191,Psalms,40,18,אל,nega,,C:divine-title-candidate,Other Tanakh
317233,1430161,492193,Psalms,41,1,דוד,nmpr,pers,A:person-candidate,Other Tanakh
317236,1430162,492195,Psalms,41,2,אל,prep,,C:divine-title-candidate,Other Tanakh
317242,1430162,492196,Psalms,41,2,יהוה,nmpr,pers,E:YHWH,Other Tanakh
317243,1430163,492197,Psalms,41,3,יהוה,nmpr,pers,E:YHWH,Other Tanakh
317253,1430163,492200,Psalms,41,3,אל,nega,,C:divine-title-candidate,Other Tanakh
317258,1430164,492201,Psalms,41,4,יהוה,nmpr,pers,E:YHWH,Other Tanakh
317270,1430165,492204,Psalms,41,5,יהוה,nmpr,pers,E:YHWH,Other Tanakh
317335,1430171,492227,Psalms,41,11,יהוה,nmpr,pers,E:YHWH,Other Tanakh
317366,1430174,492236,Psalms,41,14,יהוה,nmpr,pers,E:YHWH,Other Tanakh
317367,1430174,492236,Psalms,41,14,אלהים,subs,,D:Elohim,Other Tanakh
317368,1430174,492236,Psalms,41,14,ישראל,nmpr,"pers,gens,topo",F:unclassified-name,Other Tanakh
317385,1430175,492239,Psalms,42,1,קרח,nmpr,pers,A:person-candidate,Other Tanakh
317395,1430176,492242,Psalms,42,2,אל,prep,,C:divine-title-candidate,Other Tanakh
317396,1430176,492243,Psalms,42,2,אלהים,subs,,D:Elohim,Other Tanakh
317400,1430177,492244,Psalms,42,3,אלהים,subs,,D:Elohim,Other Tanakh
317402,1430177,492244,Psalms,42,3,אל,subs,,C:divine-title-candidate,Other Tanakh
317409,1430177,492246,Psalms,42,3,אלהים,subs,,D:Elohim,Other Tanakh
317419,1430178,492248,Psalms,42,4,אל,prep,,C:divine-title-candidate,Other Tanakh
317424,1430178,492249,Psalms,42,4,אלהים,subs,,D:Elohim,Other Tanakh
317439,1430179,492253,Psalms,42,5,אלהים,subs,,D:Elohim,Other Tanakh
317455,1430180,492257,Psalms,42,6,אלהים,subs,,D:Elohim,Other Tanakh
317461,1430181,492259,Psalms,42,7,אלהים,subs,,D:Elohim,Other Tanakh
317470,1430181,492261,Psalms,42,7,ירדן,nmpr,topo,F:unclassified-name,Other Tanakh
317477,1430182,492262,Psalms,42,8,אל,prep,,C:divine-title-candidate,Other Tanakh
317491,1430183,492264,Psalms,42,9,יהוה,nmpr,pers,E:YHWH,Other Tanakh
317501,1430183,492266,Psalms,42,9,אל,subs,,C:divine-title-candidate,Other Tanakh
317505,1430184,492267,Psalms,42,10,אל,subs,,C:divine-title-candidate,Other Tanakh
317523,1430185,492272,Psalms,42,11,אל,prep,,C:divine-title-candidate,Other Tanakh
317528,1430185,492273,Psalms,42,11,אלהים,subs,,D:Elohim,Other Tanakh
317538,1430186,492277,Psalms,42,12,אלהים,subs,,D:Elohim,Other Tanakh
317545,1430186,492278,Psalms,42,12,אלהים,subs,,D:Elohim,Other Tanakh
317547,1430187,492280,Psalms,43,1,אלהים,subs,,D:Elohim,Other Tanakh
317563,1430188,492283,Psalms,43,2,אלהים,subs,,D:Elohim,Other Tanakh
317580,1430189,492288,Psalms,43,3,אל,prep,,C:divine-title-candidate,Other Tanakh
317584,1430189,492288,Psalms,43,3,אל,prep,,C:divine-title-candidate,Other Tanakh
317588,1430190,492289,Psalms,43,4,אל,prep,,C:divine-title-candidate,Other Tanakh
317590,1430190,492289,Psalms,43,4,אלהים,subs,,D:Elohim,Other Tanakh
317591,1430190,492290,Psalms,43,4,אל,prep,,C:divine-title-candidate,Other Tanakh
317592,1430190,492290,Psalms,43,4,אל,subs,,C:divine-title-candidate,Other Tanakh
317599,1430190,492292,Psalms,43,4,אלהים,subs,,D:Elohim,Other Tanakh
317600,1430190,492292,Psalms,43,4,אלהים,subs,,D:Elohim,Other Tanakh
317610,1430191,492296,Psalms,43,5,אלהים,subs,,D:Elohim,Other Tanakh
317617,1430191,492297,Psalms,43,5,אלהים,subs,,D:Elohim,Other Tanakh
317623,1430192,492299,Psalms,44,1,קרח,nmpr,pers,A:person-candidate,Other Tanakh
317625,1430193,492301,Psalms,44,2,אלהים,subs,,D:Elohim,Other Tanakh
317671,1430196,492313,Psalms,44,5,מלך,subs,,B:deity-candidate,Other Tanakh
317672,1430196,492314,Psalms,44,5,אלהים,subs,,D:Elohim,Other Tanakh
317675,1430196,492315,Psalms,44,5,יעקב,nmpr,pers,A:person-candidate,Other Tanakh
317700,1430200,492323,Psalms,44,9,אלהים,subs,,D:Elohim,Other Tanakh
317817,1430212,492350,Psalms,44,21,אלהים,subs,,D:Elohim,Other Tanakh
317822,1430212,492351,Psalms,44,21,אל,subs,,C:divine-title-candidate,Other Tanakh
317826,1430213,492352,Psalms,44,22,אלהים,subs,,D:Elohim,Other Tanakh
317847,1430215,492358,Psalms,44,24,אדני,nmpr,pers,C:divine-title-candidate,Other Tanakh
317849,1430215,492360,Psalms,44,24,אל,nega,,C:divine-title-candidate,Other Tanakh
317885,1430219,492369,Psalms,45,1,קרח,nmpr,pers,A:person-candidate,Other Tanakh
317897,1430220,492373,Psalms,45,2,מלך,subs,,B:deity-candidate,Other Tanakh
317913,1430221,492377,Psalms,45,3,אלהים,subs,,D:Elohim,Other Tanakh
317947,1430224,492384,Psalms,45,6,מלך,subs,,B:deity-candidate,Other Tanakh
317949,1430225,492387,Psalms,45,7,אלהים,subs,,D:Elohim,Other Tanakh
317965,1430226,492391,Psalms,45,8,אלהים,subs,,D:Elohim,Other Tanakh
317966,1430226,492391,Psalms,45,8,אלהים,subs,,D:Elohim,Other Tanakh
317983,1430228,492394,Psalms,45,10,מלך,subs,,B:deity-candidate,Other Tanakh
317992,1430228,492395,Psalms,45,10,אופיר,nmpr,topo,F:unclassified-name,Other Tanakh
318009,1430230,492401,Psalms,45,12,מלך,subs,,B:deity-candidate,Other Tanakh
318019,1430231,492404,Psalms,45,13,צר,nmpr,topo,F:unclassified-name,Other Tanakh
318029,1430232,492406,Psalms,45,14,מלך,subs,,B:deity-candidate,Other Tanakh
318040,1430233,492408,Psalms,45,15,מלך,subs,,B:deity-candidate,Other Tanakh
318054,1430234,492412,Psalms,45,16,מלך,subs,,B:deity-candidate,Other Tanakh
318086,1430237,492418,Psalms,46,1,קרח,nmpr,pers,A:person-candidate,Other Tanakh
318090,1430238,492421,Psalms,46,2,אלהים,subs,,D:Elohim,Other Tanakh
318126,1430241,492431,Psalms,46,5,אלהים,subs,,D:Elohim,Other Tanakh
318129,1430241,492431,Psalms,46,5,עליון,adjv,,C:divine-title-candidate,Other Tanakh
318130,1430242,492432,Psalms,46,6,אלהים,subs,,D:Elohim,Other Tanakh
318136,1430242,492434,Psalms,46,6,אלהים,subs,,D:Elohim,Other Tanakh
318149,1430244,492440,Psalms,46,8,יהוה,nmpr,pers,E:YHWH,Other Tanakh
318154,1430244,492441,Psalms,46,8,אלהים,subs,,D:Elohim,Other Tanakh
318155,1430244,492441,Psalms,46,8,יעקב,nmpr,pers,A:person-candidate,Other Tanakh
318160,1430245,492444,Psalms,46,9,יהוה,nmpr,pers,E:YHWH,Other Tanakh
318188,1430247,492452,Psalms,46,11,אלהים,subs,,D:Elohim,Other Tanakh
318197,1430248,492455,Psalms,46,12,יהוה,nmpr,pers,E:YHWH,Other Tanakh
318202,1430248,492456,Psalms,46,12,אלהים,subs,,D:Elohim,Other Tanakh
318203,1430248,492456,Psalms,46,12,יעקב,nmpr,pers,A:person-candidate,Other Tanakh
318210,1430249,492459,Psalms,47,1,קרח,nmpr,pers,A:person-candidate,Other Tanakh
318219,1430250,492463,Psalms,47,2,אלהים,subs,,D:Elohim,Other Tanakh
318224,1430251,492464,Psalms,47,3,יהוה,nmpr,pers,E:YHWH,Other Tanakh
318225,1430251,492464,Psalms,47,3,עליון,adjv,,C:divine-title-candidate,Other Tanakh
318227,1430251,492465,Psalms,47,3,מלך,subs,,B:deity-candidate,Other Tanakh
318246,1430253,492468,Psalms,47,5,יעקב,nmpr,pers,A:person-candidate,Other Tanakh
318251,1430254,492471,Psalms,47,6,אלהים,subs,,D:Elohim,Other Tanakh
318254,1430254,492472,Psalms,47,6,יהוה,nmpr,pers,E:YHWH,Other Tanakh
318259,1430255,492473,Psalms,47,7,אלהים,subs,,D:Elohim,Other Tanakh
318263,1430255,492475,Psalms,47,7,מלך,subs,,B:deity-candidate,Other Tanakh
318266,1430256,492477,Psalms,47,8,מלך,subs,,B:deity-candidate,Other Tanakh
318270,1430256,492477,Psalms,47,8,אלהים,subs,,D:Elohim,Other Tanakh
318273,1430257,492479,Psalms,47,9,מלך,verb,,B:deity-candidate,Other Tanakh
318274,1430257,492479,Psalms,47,9,אלהים,subs,,D:Elohim,Other Tanakh
318277,1430257,492480,Psalms,47,9,אלהים,subs,,D:Elohim,Other Tanakh
318286,1430258,492481,Psalms,47,10,אלהים,subs,,D:Elohim,Other Tanakh
318287,1430258,492481,Psalms,47,10,אברהם,nmpr,pers,A:person-candidate,Other Tanakh
318290,1430258,492482,Psalms,47,10,אלהים,subs,,D:Elohim,Other Tanakh
318299,1430259,492486,Psalms,48,1,קרח,nmpr,pers,A:person-candidate,Other Tanakh
318301,1430260,492487,Psalms,48,2,יהוה,nmpr,pers,E:YHWH,Other Tanakh
318307,1430260,492488,Psalms,48,2,אלהים,subs,,D:Elohim,Other Tanakh
318317,1430261,492490,Psalms,48,3,ציון,nmpr,topo,F:unclassified-name,Other Tanakh
318321,1430261,492490,Psalms,48,3,מלך,subs,,B:deity-candidate,Other Tanakh
318323,1430262,492491,Psalms,48,4,אלהים,subs,,D:Elohim,Other Tanakh
318332,1430263,492492,Psalms,48,5,מלך,subs,,B:deity-candidate,Other Tanakh
318354,1430266,492500,Psalms,48,8,תרשיש,nmpr,topo,F:unclassified-name,Other Tanakh
318362,1430267,492502,Psalms,48,9,יהוה,nmpr,pers,E:YHWH,Other Tanakh
318366,1430267,492502,Psalms,48,9,אלהים,subs,,D:Elohim,Other Tanakh
318367,1430267,492503,Psalms,48,9,אלהים,subs,,D:Elohim,Other Tanakh
318373,1430268,492506,Psalms,48,10,אלהים,subs,,D:Elohim,Other Tanakh
318380,1430269,492508,Psalms,48,11,אלהים,subs,,D:Elohim,Other Tanakh
318391,1430270,492511,Psalms,48,12,ציון,nmpr,topo,F:unclassified-name,Other Tanakh
318394,1430270,492512,Psalms,48,12,יהודה,nmpr,"pers,gens,topo",F:unclassified-name,Other Tanakh
318398,1430271,492513,Psalms,48,13,ציון,nmpr,topo,F:unclassified-name,Other Tanakh
318416,1430273,492519,Psalms,48,15,אלהים,subs,,D:Elohim,Other Tanakh
318417,1430273,492519,Psalms,48,15,אלהים,subs,,D:Elohim,Other Tanakh
318430,1430274,492523,Psalms,49,1,קרח,nmpr,pers,A:person-candidate,Other Tanakh
318491,1430281,492541,Psalms,49,8,אלהים,subs,,D:Elohim,Other Tanakh
318563,1430288,492561,Psalms,49,15,שאול,subs,,A:person-candidate,Other Tanakh
318578,1430288,492565,Psalms,49,15,שאול,subs,,A:person-candidate,Other Tanakh
318583,1430289,492566,Psalms,49,16,אלהים,subs,,D:Elohim,Other Tanakh
318588,1430289,492566,Psalms,49,16,שאול,subs,,A:person-candidate,Other Tanakh
318592,1430290,492569,Psalms,49,17,אל,nega,,C:divine-title-candidate,Other Tanakh
318644,1430295,492583,Psalms,50,1,אסף,nmpr,pers,A:person-candidate,Other Tanakh
318645,1430295,492584,Psalms,50,1,אל,subs,,C:divine-title-candidate,Other Tanakh
318646,1430295,492584,Psalms,50,1,אלהים,subs,,D:Elohim,Other Tanakh
318647,1430295,492584,Psalms,50,1,יהוה,nmpr,pers,E:YHWH,Other Tanakh
318658,1430296,492586,Psalms,50,2,ציון,nmpr,topo,F:unclassified-name,Other Tanakh
318661,1430296,492586,Psalms,50,2,אלהים,subs,,D:Elohim,Other Tanakh
318664,1430297,492587,Psalms,50,3,אלהים,subs,,D:Elohim,Other Tanakh
318666,1430297,492588,Psalms,50,3,אל,nega,,C:divine-title-candidate,Other Tanakh
318677,1430298,492591,Psalms,50,4,אל,prep,,C:divine-title-candidate,Other Tanakh
318683,1430298,492591,Psalms,50,4,אל,prep,,C:divine-title-candidate,Other Tanakh
318701,1430300,492596,Psalms,50,6,אלהים,subs,,D:Elohim,Other Tanakh
318709,1430301,492602,Psalms,50,7,ישראל,nmpr,"pers,gens,topo",F:unclassified-name,Other Tanakh
318713,1430301,492604,Psalms,50,7,אלהים,subs,,D:Elohim,Other Tanakh
318714,1430301,492604,Psalms,50,7,אלהים,subs,,D:Elohim,Other Tanakh
318748,1430305,492612,Psalms,50,11,שדי,subs,,C:divine-title-candidate,Other Tanakh
318770,1430308,492618,Psalms,50,14,אלהים,subs,,D:Elohim,Other Tanakh
318775,1430308,492619,Psalms,50,14,עליון,adjv,,C:divine-title-candidate,Other Tanakh
318790,1430310,492623,Psalms,50,16,אלהים,subs,,D:Elohim,Other Tanakh
318853,1430316,492644,Psalms,50,22,אלוה,subs,,C:divine-title-candidate,Other Tanakh
318868,1430317,492650,Psalms,50,23,אלהים,subs,,D:Elohim,Other Tanakh
318874,1430318,492652,Psalms,51,1,דוד,nmpr,pers,A:person-candidate,Other Tanakh
318877,1430319,492653,Psalms,51,2,אל,prep,,C:divine-title-candidate,Other Tanakh
318878,1430319,492653,Psalms,51,2,נתן,nmpr,pers,A:person-candidate,Other Tanakh
318884,1430319,492654,Psalms,51,2,אל,prep,,C:divine-title-candidate,Other Tanakh
318885,1430319,492654,Psalms,51,2,בת שבע,nmpr,pers,A:person-candidate,Other Tanakh
318887,1430320,492656,Psalms,51,3,אלהים,subs,,D:Elohim,Other Tanakh
318977,1430329,492684,Psalms,51,12,אלהים,subs,,D:Elohim,Other Tanakh
318984,1430330,492686,Psalms,51,13,אל,nega,,C:divine-title-candidate,Other Tanakh
318992,1430330,492687,Psalms,51,13,אל,nega,,C:divine-title-candidate,Other Tanakh
319008,1430332,492691,Psalms,51,15,אל,prep,,C:divine-title-candidate,Other Tanakh
319013,1430333,492693,Psalms,51,16,אלהים,subs,,D:Elohim,Other Tanakh
319014,1430333,492693,Psalms,51,16,אלהים,subs,,D:Elohim,Other Tanakh
319019,1430334,492695,Psalms,51,17,אדני,nmpr,pers,C:divine-title-candidate,Other Tanakh
319036,1430336,492701,Psalms,51,19,אלהים,subs,,D:Elohim,Other Tanakh
319043,1430336,492703,Psalms,51,19,אלהים,subs,,D:Elohim,Other Tanakh
319050,1430337,492704,Psalms,51,20,ציון,nmpr,topo,F:unclassified-name,Other Tanakh
319053,1430337,492705,Psalms,51,20,ירושלם,nmpr,topo,F:unclassified-name,Other Tanakh
319071,1430339,492709,Psalms,52,1,דוד,nmpr,pers,A:person-candidate,Other Tanakh
319074,1430340,492710,Psalms,52,2,דאג,nmpr,pers,A:person-candidate,Other Tanakh
319080,1430340,492711,Psalms,52,2,שאול,nmpr,pers,A:person-candidate,Other Tanakh
319085,1430340,492713,Psalms,52,2,דוד,nmpr,pers,A:person-candidate,Other Tanakh
319086,1430340,492713,Psalms,52,2,אל,prep,,C:divine-title-candidate,Other Tanakh
319088,1430340,492713,Psalms,52,2,אחימלך,nmpr,pers,A:person-candidate,Other Tanakh
319096,1430341,492716,Psalms,52,3,אל,subs,,C:divine-title-candidate,Other Tanakh
319124,1430345,492726,Psalms,52,7,אל,subs,,C:divine-title-candidate,Other Tanakh
319152,1430347,492735,Psalms,52,9,אלהים,subs,,D:Elohim,Other Tanakh
319169,1430348,492738,Psalms,52,10,אלהים,subs,,D:Elohim,Other Tanakh
319173,1430348,492739,Psalms,52,10,אלהים,subs,,D:Elohim,Other Tanakh
319196,1430350,492746,Psalms,53,1,דוד,nmpr,pers,A:person-candidate,Other Tanakh
319202,1430351,492748,Psalms,53,2,אלהים,subs,,D:Elohim,Other Tanakh
319210,1430352,492752,Psalms,53,3,אלהים,subs,,D:Elohim,Other Tanakh
319224,1430352,492755,Psalms,53,3,אלהים,subs,,D:Elohim,Other Tanakh
319244,1430354,492762,Psalms,53,5,אלהים,subs,,D:Elohim,Other Tanakh
319254,1430355,492765,Psalms,53,6,אלהים,subs,,D:Elohim,Other Tanakh
319260,1430355,492767,Psalms,53,6,אלהים,subs,,D:Elohim,Other Tanakh
319265,1430356,492769,Psalms,53,7,ציון,nmpr,topo,F:unclassified-name,Other Tanakh
319267,1430356,492769,Psalms,53,7,ישראל,nmpr,"pers,gens,topo",F:unclassified-name,Other Tanakh
319270,1430356,492770,Psalms,53,7,אלהים,subs,,D:Elohim,Other Tanakh
319274,1430356,492771,Psalms,53,7,יעקב,nmpr,pers,A:person-candidate,Other Tanakh
319276,1430356,492772,Psalms,53,7,ישראל,nmpr,"pers,gens,topo",F:unclassified-name,Other Tanakh
319284,1430357,492775,Psalms,54,1,דוד,nmpr,pers,A:person-candidate,Other Tanakh
319292,1430358,492777,Psalms,54,2,שאול,nmpr,pers,A:person-candidate,Other Tanakh
319295,1430358,492778,Psalms,54,2,דוד,nmpr,pers,A:person-candidate,Other Tanakh
319298,1430359,492779,Psalms,54,3,אלהים,subs,,D:Elohim,Other Tanakh
319306,1430360,492782,Psalms,54,4,אלהים,subs,,D:Elohim,Other Tanakh
319323,1430361,492787,Psalms,54,5,אלהים,subs,,D:Elohim,Other Tanakh
319328,1430362,492789,Psalms,54,6,אלהים,subs,,D:Elohim,Other Tanakh
319331,1430362,492790,Psalms,54,6,אדני,nmpr,pers,C:divine-title-candidate,Other Tanakh
319349,1430364,492795,Psalms,54,8,יהוה,nmpr,pers,E:YHWH,Other Tanakh
319369,1430366,492801,Psalms,55,1,דוד,nmpr,pers,A:person-candidate,Other Tanakh
319371,1430367,492803,Psalms,55,2,אלהים,subs,,D:Elohim,Other Tanakh
319374,1430367,492804,Psalms,55,2,אל,nega,,C:divine-title-candidate,Other Tanakh
319448,1430375,492829,Psalms,55,10,אדני,nmpr,pers,C:divine-title-candidate,Other Tanakh
319509,1430380,492842,Psalms,55,15,אלהים,subs,,D:Elohim,Other Tanakh
319517,1430381,492844,Psalms,55,16,שאול,subs,,A:person-candidate,Other Tanakh
319526,1430382,492846,Psalms,55,17,אל,prep,,C:divine-title-candidate,Other Tanakh
319527,1430382,492846,Psalms,55,17,אלהים,subs,,D:Elohim,Other Tanakh
319530,1430382,492847,Psalms,55,17,יהוה,nmpr,pers,E:YHWH,Other Tanakh
319556,1430385,492853,Psalms,55,20,אל,subs,,C:divine-title-candidate,Other Tanakh
319570,1430385,492858,Psalms,55,20,אלהים,subs,,D:Elohim,Other Tanakh
319592,1430388,492865,Psalms,55,23,יהוה,nmpr,pers,E:YHWH,Other Tanakh
319607,1430389,492869,Psalms,55,24,אלהים,subs,,D:Elohim,Other Tanakh
319631,1430390,492874,Psalms,56,1,דוד,nmpr,pers,A:person-candidate,Other Tanakh
319638,1430390,492876,Psalms,56,1,גת,nmpr,topo,F:unclassified-name,Other Tanakh
319640,1430391,492878,Psalms,56,2,אלהים,subs,,D:Elohim,Other Tanakh
319662,1430393,492883,Psalms,56,4,אל,prep,,C:divine-title-candidate,Other Tanakh
319665,1430394,492885,Psalms,56,5,אלהים,subs,,D:Elohim,Other Tanakh
319669,1430394,492886,Psalms,56,5,אלהים,subs,,D:Elohim,Other Tanakh
319705,1430397,492897,Psalms,56,8,אלהים,subs,,D:Elohim,Other Tanakh
319727,1430399,492904,Psalms,56,10,אלהים,subs,,D:Elohim,Other Tanakh
319730,1430400,492905,Psalms,56,11,אלהים,subs,,D:Elohim,Other Tanakh
319734,1430400,492906,Psalms,56,11,יהוה,nmpr,pers,E:YHWH,Other Tanakh
319738,1430401,492907,Psalms,56,12,אלהים,subs,,D:Elohim,Other Tanakh
319747,1430402,492911,Psalms,56,13,אלהים,subs,,D:Elohim,Other Tanakh
319766,1430403,492915,Psalms,56,14,אלהים,subs,,D:Elohim,Other Tanakh
319774,1430404,492917,Psalms,57,1,אל,nega,,C:divine-title-candidate,Other Tanakh
319777,1430404,492918,Psalms,57,1,דוד,nmpr,pers,A:person-candidate,Other Tanakh
319783,1430404,492920,Psalms,57,1,שאול,nmpr,pers,A:person-candidate,Other Tanakh
319788,1430405,492922,Psalms,57,2,אלהים,subs,,D:Elohim,Other Tanakh
319804,1430406,492927,Psalms,57,3,אלהים,subs,,D:Elohim,Other Tanakh
319805,1430406,492927,Psalms,57,3,עליון,adjv,,C:divine-title-candidate,Other Tanakh
319808,1430406,492928,Psalms,57,3,אל,subs,,C:divine-title-candidate,Other Tanakh
319820,1430407,492934,Psalms,57,4,אלהים,subs,,D:Elohim,Other Tanakh
319844,1430409,492941,Psalms,57,6,אלהים,subs,,D:Elohim,Other Tanakh
319866,1430411,492949,Psalms,57,8,אלהים,subs,,D:Elohim,Other Tanakh
319885,1430413,492959,Psalms,57,10,אדני,nmpr,pers,C:divine-title-candidate,Other Tanakh
319901,1430415,492965,Psalms,57,12,אלהים,subs,,D:Elohim,Other Tanakh
319910,1430416,492968,Psalms,58,1,אל,nega,,C:divine-title-candidate,Other Tanakh
319913,1430416,492969,Psalms,58,1,דוד,nmpr,pers,A:person-candidate,Other Tanakh
319964,1430422,492983,Psalms,58,7,אלהים,subs,,D:Elohim,Other Tanakh
319972,1430422,492986,Psalms,58,7,יהוה,nmpr,pers,E:YHWH,Other Tanakh
320022,1430427,493001,Psalms,58,12,אלהים,subs,,D:Elohim,Other Tanakh
320030,1430428,493003,Psalms,59,1,אל,nega,,C:divine-title-candidate,Other Tanakh
320033,1430428,493004,Psalms,59,1,דוד,nmpr,pers,A:person-candidate,Other Tanakh
320037,1430428,493006,Psalms,59,1,שאול,nmpr,pers,A:person-candidate,Other Tanakh
320048,1430429,493010,Psalms,59,2,אלהים,subs,,D:Elohim,Other Tanakh
320074,1430431,493016,Psalms,59,4,יהוה,nmpr,pers,E:YHWH,Other Tanakh
320087,1430433,493022,Psalms,59,6,יהוה,nmpr,pers,E:YHWH,Other Tanakh
320088,1430433,493022,Psalms,59,6,אלהים,subs,,D:Elohim,Other Tanakh
320090,1430433,493022,Psalms,59,6,אלהים,subs,,D:Elohim,Other Tanakh
320091,1430433,493022,Psalms,59,6,ישראל,nmpr,"pers,gens,topo",F:unclassified-name,Other Tanakh
320098,1430433,493024,Psalms,59,6,אל,nega,,C:divine-title-candidate,Other Tanakh
320127,1430436,493033,Psalms,59,9,יהוה,nmpr,pers,E:YHWH,Other Tanakh
320135,1430437,493035,Psalms,59,10,אל,prep,,C:divine-title-candidate,Other Tanakh
320138,1430437,493036,Psalms,59,10,אלהים,subs,,D:Elohim,Other Tanakh
320140,1430438,493037,Psalms,59,11,אלהים,subs,,D:Elohim,Other Tanakh
320143,1430438,493038,Psalms,59,11,אלהים,subs,,D:Elohim,Other Tanakh
320147,1430439,493039,Psalms,59,12,אל,nega,,C:divine-title-candidate,Other Tanakh
320158,1430439,493043,Psalms,59,12,אדני,nmpr,pers,C:divine-title-candidate,Other Tanakh
320183,1430441,493052,Psalms,59,14,אלהים,subs,,D:Elohim,Other Tanakh
320186,1430441,493052,Psalms,59,14,יעקב,nmpr,pers,A:person-candidate,Other Tanakh
320234,1430445,493067,Psalms,59,18,אל,prep,,C:divine-title-candidate,Other Tanakh
320237,1430445,493068,Psalms,59,18,אלהים,subs,,D:Elohim,Other Tanakh
320239,1430445,493069,Psalms,59,18,אלהים,subs,,D:Elohim,Other Tanakh
320249,1430446,493072,Psalms,60,1,דוד,nmpr,pers,A:person-candidate,Other Tanakh
320255,1430447,493074,Psalms,60,2,ארם,nmpr,topo,F:unclassified-name,Other Tanakh
320259,1430447,493074,Psalms,60,2,ארם,nmpr,topo,F:unclassified-name,Other Tanakh
320260,1430447,493074,Psalms,60,2,צובא,nmpr,topo,F:unclassified-name,Other Tanakh
320263,1430447,493075,Psalms,60,2,יואב,nmpr,pers,A:person-candidate,Other Tanakh
320267,1430447,493076,Psalms,60,2,אדום,nmpr,topo,F:unclassified-name,Other Tanakh
320269,1430447,493076,Psalms,60,2,גיא מלח,nmpr,topo,F:unclassified-name,Other Tanakh
320273,1430448,493077,Psalms,60,3,אלהים,subs,,D:Elohim,Other Tanakh
320309,1430453,493094,Psalms,60,8,אלהים,subs,,D:Elohim,Other Tanakh
320315,1430453,493096,Psalms,60,8,שכם,nmpr,topo,F:unclassified-name,Other Tanakh
320318,1430453,493097,Psalms,60,8,סכות,nmpr,topo,F:unclassified-name,Other Tanakh
320321,1430454,493098,Psalms,60,9,גלעד,nmpr,topo,F:unclassified-name,Other Tanakh
320324,1430454,493099,Psalms,60,9,מנשה,nmpr,"pers,gens",F:unclassified-name,Other Tanakh
320326,1430454,493100,Psalms,60,9,אפרים,nmpr,"pers,gens,topo",F:unclassified-name,Other Tanakh
320329,1430454,493101,Psalms,60,9,יהודה,nmpr,"pers,gens,topo",F:unclassified-name,Other Tanakh
320331,1430455,493102,Psalms,60,10,מואב,nmpr,"pers,gens,topo",F:unclassified-name,Other Tanakh
320335,1430455,493103,Psalms,60,10,אדום,nmpr,topo,F:unclassified-name,Other Tanakh
320339,1430455,493105,Psalms,60,10,פלשת,nmpr,topo,F:unclassified-name,Other Tanakh
320344,1430456,493106,Psalms,60,11,מצור,nmpr,topo,F:unclassified-name,Other Tanakh
320348,1430456,493107,Psalms,60,11,אדום,nmpr,topo,F:unclassified-name,Other Tanakh
320352,1430457,493109,Psalms,60,12,אלהים,subs,,D:Elohim,Other Tanakh
320357,1430457,493111,Psalms,60,12,אלהים,subs,,D:Elohim,Other Tanakh
320370,1430459,493114,Psalms,60,14,אלהים,subs,,D:Elohim,Other Tanakh
320383,1430460,493118,Psalms,61,1,דוד,nmpr,pers,A:person-candidate,Other Tanakh
320385,1430461,493120,Psalms,61,2,אלהים,subs,,D:Elohim,Other Tanakh
320393,1430462,493122,Psalms,61,3,אל,prep,,C:divine-title-candidate,Other Tanakh
320423,1430465,493132,Psalms,61,6,אלהים,subs,,D:Elohim,Other Tanakh
320434,1430466,493134,Psalms,61,7,מלך,subs,,B:deity-candidate,Other Tanakh
320445,1430467,493136,Psalms,61,8,אלהים,subs,,D:Elohim,Other Tanakh
320468,1430469,493143,Psalms,62,1,דוד,nmpr,pers,A:person-candidate,Other Tanakh
320470,1430470,493144,Psalms,62,2,אל,prep,,C:divine-title-candidate,Other Tanakh
320471,1430470,493144,Psalms,62,2,אלהים,subs,,D:Elohim,Other Tanakh
320516,1430474,493159,Psalms,62,6,אלהים,subs,,D:Elohim,Other Tanakh
320531,1430476,493165,Psalms,62,8,אלהים,subs,,D:Elohim,Other Tanakh
320539,1430476,493166,Psalms,62,8,אלהים,subs,,D:Elohim,Other Tanakh
320550,1430477,493170,Psalms,62,9,אלהים,subs,,D:Elohim,Other Tanakh
320569,1430479,493176,Psalms,62,11,אל,nega,,C:divine-title-candidate,Other Tanakh
320576,1430479,493177,Psalms,62,11,אל,nega,,C:divine-title-candidate,Other Tanakh
320581,1430479,493178,Psalms,62,11,אל,nega,,C:divine-title-candidate,Other Tanakh
320586,1430480,493180,Psalms,62,12,אלהים,subs,,D:Elohim,Other Tanakh
320593,1430480,493183,Psalms,62,12,אלהים,subs,,D:Elohim,Other Tanakh
320596,1430481,493185,Psalms,62,13,אדני,nmpr,pers,C:divine-title-candidate,Other Tanakh
320607,1430482,493187,Psalms,63,1,דוד,nmpr,pers,A:person-candidate,Other Tanakh
320612,1430482,493188,Psalms,63,1,יהודה,nmpr,"pers,gens,topo",F:unclassified-name,Other Tanakh
320613,1430483,493189,Psalms,63,2,אלהים,subs,,D:Elohim,Other Tanakh
320614,1430483,493190,Psalms,63,2,אל,subs,,C:divine-title-candidate,Other Tanakh
320709,1430493,493212,Psalms,63,12,מלך,subs,,B:deity-candidate,Other Tanakh
320712,1430493,493212,Psalms,63,12,אלהים,subs,,D:Elohim,Other Tanakh
320728,1430494,493217,Psalms,64,1,דוד,nmpr,pers,A:person-candidate,Other Tanakh
320730,1430495,493219,Psalms,64,2,אלהים,subs,,D:Elohim,Other Tanakh
320793,1430501,493236,Psalms,64,8,אלהים,subs,,D:Elohim,Other Tanakh
320813,1430503,493243,Psalms,64,10,אלהים,subs,,D:Elohim,Other Tanakh
320820,1430504,493245,Psalms,64,11,יהוה,nmpr,pers,E:YHWH,Other Tanakh
320834,1430505,493249,Psalms,65,1,דוד,nmpr,pers,A:person-candidate,Other Tanakh
320839,1430506,493252,Psalms,65,2,אלהים,subs,,D:Elohim,Other Tanakh
320841,1430506,493251,Psalms,65,2,ציון,nmpr,topo,F:unclassified-name,Other Tanakh
320875,1430510,493265,Psalms,65,6,אלהים,subs,,D:Elohim,Other Tanakh
320918,1430514,493274,Psalms,65,10,אלהים,subs,,D:Elohim,Other Tanakh
320967,1430519,493291,Psalms,66,1,אלהים,subs,,D:Elohim,Other Tanakh
320979,1430521,493295,Psalms,66,3,אלהים,subs,,D:Elohim,Other Tanakh
321004,1430523,493303,Psalms,66,5,אלהים,subs,,D:Elohim,Other Tanakh
321034,1430525,493310,Psalms,66,7,אל,nega,,C:divine-title-candidate,Other Tanakh
321040,1430526,493312,Psalms,66,8,אלהים,subs,,D:Elohim,Other Tanakh
321060,1430528,493318,Psalms,66,10,אלהים,subs,,D:Elohim,Other Tanakh
321125,1430534,493336,Psalms,66,16,אלהים,subs,,D:Elohim,Other Tanakh
321130,1430535,493338,Psalms,66,17,אל,prep,,C:divine-title-candidate,Other Tanakh
321144,1430536,493342,Psalms,66,18,אדני,nmpr,pers,C:divine-title-candidate,Other Tanakh
321147,1430537,493343,Psalms,66,19,אלהים,subs,,D:Elohim,Other Tanakh
321153,1430538,493345,Psalms,66,20,אלהים,subs,,D:Elohim,Other Tanakh
321169,1430540,493350,Psalms,67,2,אלהים,subs,,D:Elohim,Other Tanakh
321189,1430542,493357,Psalms,67,4,אלהים,subs,,D:Elohim,Other Tanakh
321210,1430544,493366,Psalms,67,6,אלהים,subs,,D:Elohim,Other Tanakh
321218,1430545,493369,Psalms,67,7,אלהים,subs,,D:Elohim,Other Tanakh
321219,1430545,493369,Psalms,67,7,אלהים,subs,,D:Elohim,Other Tanakh
321221,1430546,493370,Psalms,67,8,אלהים,subs,,D:Elohim,Other Tanakh
321232,1430547,493373,Psalms,68,1,דוד,nmpr,pers,A:person-candidate,Other Tanakh
321236,1430548,493375,Psalms,68,2,אלהים,subs,,D:Elohim,Other Tanakh
321258,1430549,493381,Psalms,68,3,אלהים,subs,,D:Elohim,Other Tanakh
321265,1430550,493383,Psalms,68,4,אלהים,subs,,D:Elohim,Other Tanakh
321272,1430551,493385,Psalms,68,5,אלהים,subs,,D:Elohim,Other Tanakh
321283,1430551,493387,Psalms,68,5,יה,nmpr,pers,A:person-candidate,Other Tanakh
321294,1430552,493390,Psalms,68,6,אלהים,subs,,D:Elohim,Other Tanakh
321298,1430553,493391,Psalms,68,7,אלהים,subs,,D:Elohim,Other Tanakh
321311,1430554,493394,Psalms,68,8,אלהים,subs,,D:Elohim,Other Tanakh
321329,1430555,493399,Psalms,68,9,אלהים,subs,,D:Elohim,Other Tanakh
321331,1430555,493400,Psalms,68,9,סיני,nmpr,topo,F:unclassified-name,Other Tanakh
321334,1430555,493400,Psalms,68,9,אלהים,subs,,D:Elohim,Other Tanakh
321335,1430555,493400,Psalms,68,9,אלהים,subs,,D:Elohim,Other Tanakh
321336,1430555,493400,Psalms,68,9,ישראל,nmpr,"pers,gens,topo",F:unclassified-name,Other Tanakh
321340,1430556,493402,Psalms,68,10,אלהים,subs,,D:Elohim,Other Tanakh
321355,1430557,493407,Psalms,68,11,אלהים,subs,,D:Elohim,Other Tanakh
321356,1430558,493408,Psalms,68,12,אדני,nmpr,pers,C:divine-title-candidate,Other Tanakh
321363,1430559,493410,Psalms,68,13,מלך,subs,,B:deity-candidate,Other Tanakh
321389,1430561,493416,Psalms,68,15,שדי,nmpr,pers,C:divine-title-candidate,Other Tanakh
321390,1430561,493416,Psalms,68,15,מלך,subs,,B:deity-candidate,Other Tanakh
321394,1430561,493417,Psalms,68,15,צלמון,nmpr,topo,F:unclassified-name,Other Tanakh
321396,1430562,493418,Psalms,68,16,אלהים,subs,,D:Elohim,Other Tanakh
321398,1430562,493418,Psalms,68,16,בשן,nmpr,topo,F:unclassified-name,Other Tanakh
321402,1430562,493419,Psalms,68,16,בשן,nmpr,topo,F:unclassified-name,Other Tanakh
321410,1430563,493422,Psalms,68,17,אלהים,subs,,D:Elohim,Other Tanakh
321414,1430563,493424,Psalms,68,17,יהוה,nmpr,pers,E:YHWH,Other Tanakh
321419,1430564,493425,Psalms,68,18,אלהים,subs,,D:Elohim,Other Tanakh
321423,1430564,493426,Psalms,68,18,אדני,nmpr,pers,C:divine-title-candidate,Other Tanakh
321425,1430564,493427,Psalms,68,18,סיני,nmpr,topo,F:unclassified-name,Other Tanakh
321445,1430565,493433,Psalms,68,19,יה,nmpr,pers,A:person-candidate,Other Tanakh
321446,1430565,493433,Psalms,68,19,אלהים,subs,,D:Elohim,Other Tanakh
321448,1430566,493434,Psalms,68,20,אדני,nmpr,pers,C:divine-title-candidate,Other Tanakh
321454,1430566,493436,Psalms,68,20,אל,subs,,C:divine-title-candidate,Other Tanakh
321458,1430567,493438,Psalms,68,21,אל,subs,,C:divine-title-candidate,Other Tanakh
321460,1430567,493438,Psalms,68,21,אל,subs,,C:divine-title-candidate,Other Tanakh
321465,1430567,493439,Psalms,68,21,יהוה,nmpr,pers,E:YHWH,Other Tanakh
321466,1430567,493439,Psalms,68,21,אדני,nmpr,pers,C:divine-title-candidate,Other Tanakh
321472,1430568,493440,Psalms,68,22,אלהים,subs,,D:Elohim,Other Tanakh
321482,1430569,493443,Psalms,68,23,אדני,nmpr,pers,C:divine-title-candidate,Other Tanakh
321484,1430569,493444,Psalms,68,23,בשן,nmpr,topo,F:unclassified-name,Other Tanakh
321502,1430571,493449,Psalms,68,25,אלהים,subs,,D:Elohim,Other Tanakh
321504,1430571,493450,Psalms,68,25,אל,subs,,C:divine-title-candidate,Other Tanakh
321505,1430571,493450,Psalms,68,25,מלך,subs,,B:deity-candidate,Other Tanakh
321520,1430573,493454,Psalms,68,27,אלהים,subs,,D:Elohim,Other Tanakh
321521,1430573,493454,Psalms,68,27,יהוה,nmpr,pers,E:YHWH,Other Tanakh
321524,1430573,493454,Psalms,68,27,ישראל,nmpr,"pers,gens,topo",F:unclassified-name,Other Tanakh
321526,1430574,493455,Psalms,68,28,בנימן,nmpr,"pers,gens,topo",F:unclassified-name,Other Tanakh
321530,1430574,493457,Psalms,68,28,יהודה,nmpr,"pers,gens,topo",F:unclassified-name,Other Tanakh
321533,1430574,493458,Psalms,68,28,זבולן,nmpr,"pers,gens,topo",F:unclassified-name,Other Tanakh
321535,1430574,493459,Psalms,68,28,נפתלי,nmpr,"pers,gens,topo",F:unclassified-name,Other Tanakh
321537,1430575,493460,Psalms,68,29,אלהים,subs,,D:Elohim,Other Tanakh
321540,1430575,493462,Psalms,68,29,אלהים,subs,,D:Elohim,Other Tanakh
321547,1430576,493464,Psalms,68,30,ירושלם,nmpr,topo,F:unclassified-name,Other Tanakh
321550,1430576,493464,Psalms,68,30,מלך,subs,,B:deity-candidate,Other Tanakh
321571,1430578,493470,Psalms,68,32,מצרים,nmpr,topo,F:unclassified-name,Other Tanakh
321572,1430578,493471,Psalms,68,32,כוש,nmpr,topo,F:unclassified-name,Other Tanakh
321576,1430578,493471,Psalms,68,32,אלהים,subs,,D:Elohim,Other Tanakh
321582,1430579,493473,Psalms,68,33,אלהים,subs,,D:Elohim,Other Tanakh
321584,1430579,493474,Psalms,68,33,אדני,nmpr,pers,C:divine-title-candidate,Other Tanakh
321602,1430581,493478,Psalms,68,35,אלהים,subs,,D:Elohim,Other Tanakh
321604,1430581,493479,Psalms,68,35,ישראל,nmpr,"pers,gens,topo",F:unclassified-name,Other Tanakh
321612,1430582,493482,Psalms,68,36,אלהים,subs,,D:Elohim,Other Tanakh
321615,1430582,493483,Psalms,68,36,אל,subs,,C:divine-title-candidate,Other Tanakh
321616,1430582,493483,Psalms,68,36,ישראל,nmpr,"pers,gens,topo",F:unclassified-name,Other Tanakh
321626,1430582,493485,Psalms,68,36,אלהים,subs,,D:Elohim,Other Tanakh
321633,1430583,493488,Psalms,69,1,דוד,nmpr,pers,A:person-candidate,Other Tanakh
321635,1430584,493490,Psalms,69,2,אלהים,subs,,D:Elohim,Other Tanakh
321664,1430586,493500,Psalms,69,4,אלהים,subs,,D:Elohim,Other Tanakh
321680,1430588,493507,Psalms,69,6,אלהים,subs,,D:Elohim,Other Tanakh
321690,1430589,493510,Psalms,69,7,אל,nega,,C:divine-title-candidate,Other Tanakh
321694,1430589,493512,Psalms,69,7,אדני,nmpr,pers,C:divine-title-candidate,Other Tanakh
321695,1430589,493512,Psalms,69,7,יהוה,nmpr,pers,E:YHWH,Other Tanakh
321697,1430589,493513,Psalms,69,7,אל,nega,,C:divine-title-candidate,Other Tanakh
321701,1430589,493515,Psalms,69,7,אלהים,subs,,D:Elohim,Other Tanakh
321702,1430589,493515,Psalms,69,7,ישראל,nmpr,"pers,gens,topo",F:unclassified-name,Other Tanakh
321760,1430596,493530,Psalms,69,14,יהוה,nmpr,pers,E:YHWH,Other Tanakh
321763,1430596,493531,Psalms,69,14,אלהים,subs,,D:Elohim,Other Tanakh
321775,1430597,493534,Psalms,69,15,אל,nega,,C:divine-title-candidate,Other Tanakh
321784,1430598,493536,Psalms,69,16,אל,nega,,C:divine-title-candidate,Other Tanakh
321789,1430598,493537,Psalms,69,16,אל,nega,,C:divine-title-candidate,Other Tanakh
321793,1430598,493538,Psalms,69,16,אל,nega,,C:divine-title-candidate,Other Tanakh
321799,1430599,493540,Psalms,69,17,יהוה,nmpr,pers,E:YHWH,Other Tanakh
321807,1430599,493542,Psalms,69,17,אל,prep,,C:divine-title-candidate,Other Tanakh
321809,1430600,493543,Psalms,69,18,אל,nega,,C:divine-title-candidate,Other Tanakh
321820,1430601,493547,Psalms,69,19,אל,prep,,C:divine-title-candidate,Other Tanakh
321895,1430608,493569,Psalms,69,26,אל,nega,,C:divine-title-candidate,Other Tanakh
321904,1430609,493573,Psalms,69,27,אל,prep,,C:divine-title-candidate,Other Tanakh
321913,1430610,493575,Psalms,69,28,אל,nega,,C:divine-title-candidate,Other Tanakh
321924,1430611,493577,Psalms,69,29,אל,nega,,C:divine-title-candidate,Other Tanakh
321932,1430612,493580,Psalms,69,30,אלהים,subs,,D:Elohim,Other Tanakh
321936,1430613,493581,Psalms,69,31,אלהים,subs,,D:Elohim,Other Tanakh
321946,1430614,493583,Psalms,69,32,יהוה,nmpr,pers,E:YHWH,Other Tanakh
321956,1430615,493588,Psalms,69,33,אלהים,subs,,D:Elohim,Other Tanakh
321962,1430616,493590,Psalms,69,34,אל,prep,,C:divine-title-candidate,Other Tanakh
321964,1430616,493590,Psalms,69,34,יהוה,nmpr,pers,E:YHWH,Other Tanakh
321980,1430618,493595,Psalms,69,36,אלהים,subs,,D:Elohim,Other Tanakh
321982,1430618,493595,Psalms,69,36,ציון,nmpr,topo,F:unclassified-name,Other Tanakh
321986,1430618,493596,Psalms,69,36,יהודה,nmpr,"pers,gens,topo",F:unclassified-name,Other Tanakh
322005,1430620,493602,Psalms,70,1,דוד,nmpr,pers,A:person-candidate,Other Tanakh
322008,1430621,493604,Psalms,70,2,אלהים,subs,,D:Elohim,Other Tanakh
322011,1430621,493606,Psalms,70,2,יהוה,nmpr,pers,E:YHWH,Other Tanakh
322044,1430624,493620,Psalms,70,5,אלהים,subs,,D:Elohim,Other Tanakh
322052,1430625,493623,Psalms,70,6,אלהים,subs,,D:Elohim,Other Tanakh
322059,1430625,493626,Psalms,70,6,יהוה,nmpr,pers,E:YHWH,Other Tanakh
322060,1430625,493627,Psalms,70,6,אל,nega,,C:divine-title-candidate,Other Tanakh
322063,1430626,493629,Psalms,71,1,יהוה,nmpr,pers,E:YHWH,Other Tanakh
322065,1430626,493630,Psalms,71,1,אל,nega,,C:divine-title-candidate,Other Tanakh
322075,1430627,493633,Psalms,71,2,אל,prep,,C:divine-title-candidate,Other Tanakh
322095,1430629,493640,Psalms,71,4,אלהים,subs,,D:Elohim,Other Tanakh
322108,1430630,493644,Psalms,71,5,אדני,nmpr,pers,C:divine-title-candidate,Other Tanakh
322109,1430630,493644,Psalms,71,5,יהוה,nmpr,pers,E:YHWH,Other Tanakh
322141,1430634,493653,Psalms,71,9,אל,nega,,C:divine-title-candidate,Other Tanakh
322149,1430634,493655,Psalms,71,9,אל,nega,,C:divine-title-candidate,Other Tanakh
322162,1430636,493659,Psalms,71,11,אלהים,subs,,D:Elohim,Other Tanakh
322170,1430637,493663,Psalms,71,12,אלהים,subs,,D:Elohim,Other Tanakh
322171,1430637,493664,Psalms,71,12,אל,nega,,C:divine-title-candidate,Other Tanakh
322174,1430637,493665,Psalms,71,12,אלהים,subs,,D:Elohim,Other Tanakh
322211,1430641,493676,Psalms,71,16,אדני,nmpr,pers,C:divine-title-candidate,Other Tanakh
322212,1430641,493676,Psalms,71,16,יהוה,nmpr,pers,E:YHWH,Other Tanakh
322217,1430642,493678,Psalms,71,17,אלהים,subs,,D:Elohim,Other Tanakh
322232,1430643,493682,Psalms,71,18,אלהים,subs,,D:Elohim,Other Tanakh
322233,1430643,493681,Psalms,71,18,אל,nega,,C:divine-title-candidate,Other Tanakh
322246,1430644,493687,Psalms,71,19,אלהים,subs,,D:Elohim,Other Tanakh
322252,1430644,493689,Psalms,71,19,אלהים,subs,,D:Elohim,Other Tanakh
322282,1430647,493701,Psalms,71,22,אלהים,subs,,D:Elohim,Other Tanakh
322288,1430647,493703,Psalms,71,22,ישראל,nmpr,"pers,gens,topo",F:unclassified-name,Other Tanakh
322312,1430650,493712,Psalms,72,1,שלמה,nmpr,pers,A:person-candidate,Other Tanakh
322313,1430650,493713,Psalms,72,1,אלהים,subs,,D:Elohim,Other Tanakh
322316,1430650,493714,Psalms,72,1,מלך,subs,,B:deity-candidate,Other Tanakh
322322,1430650,493715,Psalms,72,1,מלך,subs,,B:deity-candidate,Other Tanakh
322399,1430659,493731,Psalms,72,10,מלך,subs,,B:deity-candidate,Other Tanakh
322400,1430659,493731,Psalms,72,10,תרשיש,nmpr,topo,F:unclassified-name,Other Tanakh
322405,1430659,493732,Psalms,72,10,מלך,subs,,B:deity-candidate,Other Tanakh
322406,1430659,493732,Psalms,72,10,שבא,nmpr,topo,F:unclassified-name,Other Tanakh
322408,1430659,493732,Psalms,72,10,סבא,nmpr,"pers,gens,topo",F:unclassified-name,Other Tanakh
322415,1430660,493733,Psalms,72,11,מלך,subs,,B:deity-candidate,Other Tanakh
322457,1430664,493744,Psalms,72,15,שבא,nmpr,topo,F:unclassified-name,Other Tanakh
322478,1430665,493748,Psalms,72,16,לבנון,nmpr,topo,F:unclassified-name,Other Tanakh
322504,1430667,493754,Psalms,72,18,יהוה,nmpr,pers,E:YHWH,Other Tanakh
322505,1430667,493754,Psalms,72,18,אלהים,subs,,D:Elohim,Other Tanakh
322506,1430667,493754,Psalms,72,18,אלהים,subs,,D:Elohim,Other Tanakh
322507,1430667,493754,Psalms,72,18,ישראל,nmpr,"pers,gens,topo",F:unclassified-name,Other Tanakh
322530,1430669,493759,Psalms,72,20,דוד,nmpr,pers,A:person-candidate,Other Tanakh
322532,1430669,493759,Psalms,72,20,ישי,nmpr,pers,A:person-candidate,Other Tanakh
322535,1430670,493760,Psalms,73,1,אסף,nmpr,pers,A:person-candidate,Other Tanakh
322539,1430670,493761,Psalms,73,1,ישראל,nmpr,"pers,gens,topo",F:unclassified-name,Other Tanakh
322540,1430670,493761,Psalms,73,1,אלהים,subs,,D:Elohim,Other Tanakh
322626,1430680,493784,Psalms,73,11,אל,subs,,C:divine-title-candidate,Other Tanakh
322631,1430680,493785,Psalms,73,11,עליון,adjv,,C:divine-title-candidate,Other Tanakh
322679,1430686,493798,Psalms,73,17,אל,prep,,C:divine-title-candidate,Other Tanakh
322681,1430686,493798,Psalms,73,17,אל,subs,,C:divine-title-candidate,Other Tanakh
322707,1430689,493807,Psalms,73,20,אדני,nmpr,pers,C:divine-title-candidate,Other Tanakh
322762,1430695,493821,Psalms,73,26,אלהים,subs,,D:Elohim,Other Tanakh
322776,1430697,493826,Psalms,73,28,אלהים,subs,,D:Elohim,Other Tanakh
322781,1430697,493827,Psalms,73,28,אדני,nmpr,pers,C:divine-title-candidate,Other Tanakh
322782,1430697,493827,Psalms,73,28,יהוה,nmpr,pers,E:YHWH,Other Tanakh
322790,1430698,493829,Psalms,74,1,אסף,nmpr,pers,A:person-candidate,Other Tanakh
322792,1430698,493831,Psalms,74,1,אלהים,subs,,D:Elohim,Other Tanakh
322809,1430699,493835,Psalms,74,2,ציון,nmpr,topo,F:unclassified-name,Other Tanakh
322869,1430705,493848,Psalms,74,8,אל,subs,,C:divine-title-candidate,Other Tanakh
322887,1430707,493854,Psalms,74,10,אלהים,subs,,D:Elohim,Other Tanakh
322905,1430709,493858,Psalms,74,12,אלהים,subs,,D:Elohim,Other Tanakh
322906,1430709,493858,Psalms,74,12,מלך,subs,,B:deity-candidate,Other Tanakh
322969,1430715,493874,Psalms,74,18,יהוה,nmpr,pers,E:YHWH,Other Tanakh
322975,1430716,493876,Psalms,74,19,אל,nega,,C:divine-title-candidate,Other Tanakh
322983,1430716,493877,Psalms,74,19,אל,nega,,C:divine-title-candidate,Other Tanakh
322997,1430718,493880,Psalms,74,21,אל,nega,,C:divine-title-candidate,Other Tanakh
323007,1430719,493884,Psalms,74,22,אלהים,subs,,D:Elohim,Other Tanakh
323017,1430720,493887,Psalms,74,23,אל,nega,,C:divine-title-candidate,Other Tanakh
323028,1430721,493891,Psalms,75,1,אל,nega,,C:divine-title-candidate,Other Tanakh
323032,1430721,493892,Psalms,75,1,אסף,nmpr,pers,A:person-candidate,Other Tanakh
323036,1430722,493895,Psalms,75,2,אלהים,subs,,D:Elohim,Other Tanakh
323062,1430725,493905,Psalms,75,5,אל,nega,,C:divine-title-candidate,Other Tanakh
323068,1430725,493907,Psalms,75,5,אל,nega,,C:divine-title-candidate,Other Tanakh
323071,1430726,493908,Psalms,75,6,אל,nega,,C:divine-title-candidate,Other Tanakh
323094,1430728,493912,Psalms,75,8,אלהים,subs,,D:Elohim,Other Tanakh
323105,1430729,493915,Psalms,75,9,יהוה,nmpr,pers,E:YHWH,Other Tanakh
323129,1430730,493922,Psalms,75,10,אלהים,subs,,D:Elohim,Other Tanakh
323130,1430730,493922,Psalms,75,10,יעקב,nmpr,pers,A:person-candidate,Other Tanakh
323146,1430732,493927,Psalms,76,1,אסף,nmpr,pers,A:person-candidate,Other Tanakh
323150,1430733,493929,Psalms,76,2,יהודה,nmpr,"pers,gens,topo",F:unclassified-name,Other Tanakh
323151,1430733,493929,Psalms,76,2,אלהים,subs,,D:Elohim,Other Tanakh
323153,1430733,493930,Psalms,76,2,ישראל,nmpr,"pers,gens,topo",F:unclassified-name,Other Tanakh
323159,1430734,493931,Psalms,76,3,שלם,nmpr,topo,F:unclassified-name,Other Tanakh
323164,1430734,493932,Psalms,76,3,ציון,nmpr,topo,F:unclassified-name,Other Tanakh
323195,1430738,493941,Psalms,76,7,אלהים,subs,,D:Elohim,Other Tanakh
323196,1430738,493941,Psalms,76,7,יעקב,nmpr,pers,A:person-candidate,Other Tanakh
323226,1430741,493949,Psalms,76,10,אלהים,subs,,D:Elohim,Other Tanakh
323244,1430743,493955,Psalms,76,12,יהוה,nmpr,pers,E:YHWH,Other Tanakh
323245,1430743,493955,Psalms,76,12,אלהים,subs,,D:Elohim,Other Tanakh
323258,1430744,493958,Psalms,76,13,מלך,subs,,B:deity-candidate,Other Tanakh
323266,1430745,493961,Psalms,77,1,אסף,nmpr,pers,A:person-candidate,Other Tanakh
323269,1430746,493963,Psalms,77,2,אל,prep,,C:divine-title-candidate,Other Tanakh
323270,1430746,493963,Psalms,77,2,אלהים,subs,,D:Elohim,Other Tanakh
323274,1430746,493965,Psalms,77,2,אל,prep,,C:divine-title-candidate,Other Tanakh
323275,1430746,493965,Psalms,77,2,אלהים,subs,,D:Elohim,Other Tanakh
323278,1430746,493966,Psalms,77,2,אל,prep,,C:divine-title-candidate,Other Tanakh
323282,1430747,493967,Psalms,77,3,אדני,nmpr,pers,C:divine-title-candidate,Other Tanakh
323294,1430748,493972,Psalms,77,4,אלהים,subs,,D:Elohim,Other Tanakh
323330,1430752,493984,Psalms,77,8,אדני,nmpr,pers,C:divine-title-candidate,Other Tanakh
323351,1430754,493989,Psalms,77,10,אל,subs,,C:divine-title-candidate,Other Tanakh
323364,1430755,493995,Psalms,77,11,עליון,adjv,,C:divine-title-candidate,Other Tanakh
323367,1430756,493996,Psalms,77,12,יה,nmpr,pers,A:person-candidate,Other Tanakh
323382,1430758,494000,Psalms,77,14,אלהים,subs,,D:Elohim,Other Tanakh
323388,1430758,494002,Psalms,77,14,אל,subs,,C:divine-title-candidate,Other Tanakh
323391,1430758,494002,Psalms,77,14,אלהים,subs,,D:Elohim,Other Tanakh
323394,1430759,494003,Psalms,77,15,אל,subs,,C:divine-title-candidate,Other Tanakh
323407,1430760,494006,Psalms,77,16,יעקב,nmpr,pers,A:person-candidate,Other Tanakh
323409,1430760,494006,Psalms,77,16,יוסף,nmpr,pers,A:person-candidate,Other Tanakh
323413,1430761,494009,Psalms,77,17,אלהים,subs,,D:Elohim,Other Tanakh
323462,1430765,494023,Psalms,77,21,משה,nmpr,pers,A:person-candidate,Other Tanakh
323464,1430765,494023,Psalms,77,21,אהרן,nmpr,pers,A:person-candidate,Other Tanakh
323467,1430766,494024,Psalms,78,1,אסף,nmpr,pers,A:person-candidate,Other Tanakh
323501,1430769,494034,Psalms,78,4,יהוה,nmpr,pers,E:YHWH,Other Tanakh
323512,1430770,494036,Psalms,78,5,יעקב,nmpr,pers,A:person-candidate,Other Tanakh
323517,1430770,494037,Psalms,78,5,ישראל,nmpr,"pers,gens,topo",F:unclassified-name,Other Tanakh
323540,1430772,494044,Psalms,78,7,אלהים,subs,,D:Elohim,Other Tanakh
323546,1430772,494045,Psalms,78,7,אל,subs,,C:divine-title-candidate,Other Tanakh
323567,1430773,494049,Psalms,78,8,אל,subs,,C:divine-title-candidate,Other Tanakh
323570,1430774,494050,Psalms,78,9,אפרים,nmpr,"pers,gens,topo",F:unclassified-name,Other Tanakh
323581,1430775,494051,Psalms,78,10,אלהים,subs,,D:Elohim,Other Tanakh
323601,1430777,494056,Psalms,78,12,מצרים,nmpr,topo,F:unclassified-name,Other Tanakh
323603,1430777,494056,Psalms,78,12,צען,nmpr,topo,F:unclassified-name,Other Tanakh
323655,1430782,494068,Psalms,78,17,עליון,adjv,,C:divine-title-candidate,Other Tanakh
323661,1430783,494069,Psalms,78,18,אל,subs,,C:divine-title-candidate,Other Tanakh
323672,1430784,494071,Psalms,78,19,אלהים,subs,,D:Elohim,Other Tanakh
323676,1430784,494073,Psalms,78,19,אל,subs,,C:divine-title-candidate,Other Tanakh
323704,1430786,494081,Psalms,78,21,יהוה,nmpr,pers,E:YHWH,Other Tanakh
323711,1430786,494083,Psalms,78,21,יעקב,nmpr,pers,A:person-candidate,Other Tanakh
323717,1430786,494084,Psalms,78,21,ישראל,nmpr,"pers,gens,topo",F:unclassified-name,Other Tanakh
323722,1430787,494085,Psalms,78,22,אלהים,subs,,D:Elohim,Other Tanakh
323807,1430796,494104,Psalms,78,31,אלהים,subs,,D:Elohim,Other Tanakh
323816,1430796,494106,Psalms,78,31,ישראל,nmpr,"pers,gens,topo",F:unclassified-name,Other Tanakh
323847,1430799,494114,Psalms,78,34,אל,subs,,C:divine-title-candidate,Other Tanakh
323851,1430800,494116,Psalms,78,35,אלהים,subs,,D:Elohim,Other Tanakh
323854,1430800,494117,Psalms,78,35,אל,subs,,C:divine-title-candidate,Other Tanakh
323855,1430800,494117,Psalms,78,35,עליון,adjv,,C:divine-title-candidate,Other Tanakh
323917,1430806,494136,Psalms,78,41,אל,subs,,C:divine-title-candidate,Other Tanakh
323920,1430806,494137,Psalms,78,41,ישראל,nmpr,"pers,gens,topo",F:unclassified-name,Other Tanakh
323934,1430808,494141,Psalms,78,43,מצרים,nmpr,topo,F:unclassified-name,Other Tanakh
323940,1430808,494142,Psalms,78,43,צען,nmpr,topo,F:unclassified-name,Other Tanakh
324023,1430816,494159,Psalms,78,51,מצרים,nmpr,topo,F:unclassified-name,Other Tanakh
324028,1430816,494160,Psalms,78,51,חם,nmpr,"pers,gens",F:unclassified-name,Other Tanakh
324058,1430819,494166,Psalms,78,54,אל,prep,,C:divine-title-candidate,Other Tanakh
324080,1430820,494170,Psalms,78,55,ישראל,nmpr,"pers,gens,topo",F:unclassified-name,Other Tanakh
324086,1430821,494172,Psalms,78,56,אלהים,subs,,D:Elohim,Other Tanakh
324087,1430821,494172,Psalms,78,56,עליון,adjv,,C:divine-title-candidate,Other Tanakh
324111,1430824,494179,Psalms,78,59,אלהים,subs,,D:Elohim,Other Tanakh
324118,1430824,494181,Psalms,78,59,ישראל,nmpr,"pers,gens,topo",F:unclassified-name,Other Tanakh
324122,1430825,494182,Psalms,78,60,שלו,nmpr,topo,F:unclassified-name,Other Tanakh
324169,1430830,494192,Psalms,78,65,אדני,nmpr,pers,C:divine-title-candidate,Other Tanakh
324187,1430832,494197,Psalms,78,67,יוסף,nmpr,pers,A:person-candidate,Other Tanakh
324191,1430832,494198,Psalms,78,67,אפרים,nmpr,"pers,gens,topo",F:unclassified-name,Other Tanakh
324198,1430833,494199,Psalms,78,68,יהודה,nmpr,"pers,gens,topo",F:unclassified-name,Other Tanakh
324201,1430833,494199,Psalms,78,68,ציון,nmpr,topo,F:unclassified-name,Other Tanakh
324217,1430835,494204,Psalms,78,70,דוד,nmpr,pers,A:person-candidate,Other Tanakh
324231,1430836,494207,Psalms,78,71,יעקב,nmpr,pers,A:person-candidate,Other Tanakh
324235,1430836,494207,Psalms,78,71,ישראל,nmpr,"pers,gens,topo",F:unclassified-name,Other Tanakh
324249,1430838,494210,Psalms,79,1,אסף,nmpr,pers,A:person-candidate,Other Tanakh
324250,1430838,494211,Psalms,79,1,אלהים,subs,,D:Elohim,Other Tanakh
324261,1430838,494214,Psalms,79,1,ירושלם,nmpr,topo,F:unclassified-name,Other Tanakh
324284,1430840,494217,Psalms,79,3,ירושלם,nmpr,topo,F:unclassified-name,Other Tanakh
324299,1430842,494222,Psalms,79,5,יהוה,nmpr,pers,E:YHWH,Other Tanakh
324309,1430843,494225,Psalms,79,6,אל,prep,,C:divine-title-candidate,Other Tanakh
324326,1430844,494229,Psalms,79,7,יעקב,nmpr,pers,A:person-candidate,Other Tanakh
324331,1430845,494231,Psalms,79,8,אל,nega,,C:divine-title-candidate,Other Tanakh
324343,1430846,494236,Psalms,79,9,אלהים,subs,,D:Elohim,Other Tanakh
324362,1430847,494240,Psalms,79,10,אלהים,subs,,D:Elohim,Other Tanakh
324390,1430849,494245,Psalms,79,12,אל,prep,,C:divine-title-candidate,Other Tanakh
324395,1430849,494247,Psalms,79,12,אדני,nmpr,pers,C:divine-title-candidate,Other Tanakh
324415,1430851,494251,Psalms,80,1,אל,prep,,C:divine-title-candidate,Other Tanakh
324419,1430851,494252,Psalms,80,1,אסף,nmpr,pers,A:person-candidate,Other Tanakh
324422,1430852,494254,Psalms,80,2,ישראל,nmpr,"pers,gens,topo",F:unclassified-name,Other Tanakh
324428,1430852,494256,Psalms,80,2,יוסף,nmpr,pers,A:person-candidate,Other Tanakh
324435,1430853,494259,Psalms,80,3,אפרים,nmpr,"pers,gens,topo",F:unclassified-name,Other Tanakh
324437,1430853,494259,Psalms,80,3,בנימן,nmpr,"pers,gens,topo",F:unclassified-name,Other Tanakh
324439,1430853,494259,Psalms,80,3,מנשה,nmpr,"pers,gens",F:unclassified-name,Other Tanakh
324448,1430854,494261,Psalms,80,4,אלהים,subs,,D:Elohim,Other Tanakh
324455,1430855,494265,Psalms,80,5,יהוה,nmpr,pers,E:YHWH,Other Tanakh
324456,1430855,494265,Psalms,80,5,אלהים,subs,,D:Elohim,Other Tanakh
324480,1430858,494271,Psalms,80,8,אלהים,subs,,D:Elohim,Other Tanakh
324490,1430859,494275,Psalms,80,9,מצרים,nmpr,topo,F:unclassified-name,Other Tanakh
324511,1430861,494282,Psalms,80,11,אל,subs,,C:divine-title-candidate,Other Tanakh
324517,1430862,494284,Psalms,80,12,אל,prep,,C:divine-title-candidate,Other Tanakh
324534,1430864,494288,Psalms,80,14,שדי,subs,,C:divine-title-candidate,Other Tanakh
324536,1430865,494289,Psalms,80,15,אלהים,subs,,D:Elohim,Other Tanakh
324587,1430870,494307,Psalms,80,20,יהוה,nmpr,pers,E:YHWH,Other Tanakh
324588,1430870,494307,Psalms,80,20,אלהים,subs,,D:Elohim,Other Tanakh
324602,1430871,494313,Psalms,81,1,אסף,nmpr,pers,A:person-candidate,Other Tanakh
324605,1430872,494314,Psalms,81,2,אלהים,subs,,D:Elohim,Other Tanakh
324609,1430872,494315,Psalms,81,2,אלהים,subs,,D:Elohim,Other Tanakh
324610,1430872,494315,Psalms,81,2,יעקב,nmpr,pers,A:person-candidate,Other Tanakh
324634,1430875,494321,Psalms,81,5,ישראל,nmpr,"pers,gens,topo",F:unclassified-name,Other Tanakh
324638,1430875,494322,Psalms,81,5,אלהים,subs,,D:Elohim,Other Tanakh
324639,1430875,494322,Psalms,81,5,יעקב,nmpr,pers,A:person-candidate,Other Tanakh
324642,1430876,494323,Psalms,81,6,יהוסף,nmpr,pers,A:person-candidate,Other Tanakh
324648,1430876,494324,Psalms,81,6,מצרים,nmpr,topo,F:unclassified-name,Other Tanakh
324659,1430877,494328,Psalms,81,7,דוד,subs,,A:person-candidate,Other Tanakh
324674,1430878,494332,Psalms,81,8,מריבה,nmpr,topo,F:unclassified-name,Other Tanakh
324681,1430879,494337,Psalms,81,9,ישראל,nmpr,"pers,gens,topo",F:unclassified-name,Other Tanakh
324688,1430880,494339,Psalms,81,10,אל,subs,,C:divine-title-candidate,Other Tanakh
324694,1430880,494340,Psalms,81,10,אל,subs,,C:divine-title-candidate,Other Tanakh
324697,1430881,494341,Psalms,81,11,יהוה,nmpr,pers,E:YHWH,Other Tanakh
324698,1430881,494341,Psalms,81,11,אלהים,subs,,D:Elohim,Other Tanakh
324703,1430881,494342,Psalms,81,11,מצרים,nmpr,topo,F:unclassified-name,Other Tanakh
324715,1430882,494346,Psalms,81,12,ישראל,nmpr,"pers,gens,topo",F:unclassified-name,Other Tanakh
324731,1430884,494350,Psalms,81,14,ישראל,nmpr,"pers,gens,topo",F:unclassified-name,Other Tanakh
324745,1430886,494353,Psalms,81,16,יהוה,nmpr,pers,E:YHWH,Other Tanakh
324765,1430888,494357,Psalms,82,1,אסף,nmpr,pers,A:person-candidate,Other Tanakh
324766,1430888,494358,Psalms,82,1,אלהים,subs,,D:Elohim,Other Tanakh
324770,1430888,494358,Psalms,82,1,אל,subs,,C:divine-title-candidate,Other Tanakh
324773,1430888,494359,Psalms,82,1,אלהים,subs,,D:Elohim,Other Tanakh
324814,1430893,494372,Psalms,82,6,אלהים,subs,,D:Elohim,Other Tanakh
324818,1430893,494373,Psalms,82,6,עליון,adjv,,C:divine-title-candidate,Other Tanakh
324831,1430895,494377,Psalms,82,8,אלהים,subs,,D:Elohim,Other Tanakh
324845,1430896,494381,Psalms,83,1,אסף,nmpr,pers,A:person-candidate,Other Tanakh
324846,1430897,494382,Psalms,83,2,אלהים,subs,,D:Elohim,Other Tanakh
324847,1430897,494383,Psalms,83,2,אל,nega,,C:divine-title-candidate,Other Tanakh
324850,1430897,494384,Psalms,83,2,אל,nega,,C:divine-title-candidate,Other Tanakh
324853,1430897,494385,Psalms,83,2,אל,nega,,C:divine-title-candidate,Other Tanakh
324855,1430897,494386,Psalms,83,2,אל,subs,,C:divine-title-candidate,Other Tanakh
324882,1430900,494394,Psalms,83,5,ישראל,nmpr,"pers,gens,topo",F:unclassified-name,Other Tanakh
324892,1430902,494397,Psalms,83,7,אדום,nmpr,topo,F:unclassified-name,Other Tanakh
324895,1430902,494397,Psalms,83,7,מואב,nmpr,"pers,gens,topo",F:unclassified-name,Other Tanakh
324898,1430903,494398,Psalms,83,8,גבל,nmpr,topo,F:unclassified-name,Other Tanakh
324900,1430903,494398,Psalms,83,8,עמון,nmpr,gens,F:unclassified-name,Other Tanakh
324902,1430903,494398,Psalms,83,8,עמלק,nmpr,"pers,gens",F:unclassified-name,Other Tanakh
324903,1430903,494398,Psalms,83,8,פלשת,nmpr,topo,F:unclassified-name,Other Tanakh
324906,1430903,494398,Psalms,83,8,צר,nmpr,topo,F:unclassified-name,Other Tanakh
324908,1430904,494399,Psalms,83,9,אשור,nmpr,topo,F:unclassified-name,Other Tanakh
324915,1430904,494400,Psalms,83,9,לוט,nmpr,pers,A:person-candidate,Other Tanakh
324920,1430905,494402,Psalms,83,10,מדין,nmpr,"pers,gens,topo",F:unclassified-name,Other Tanakh
324922,1430905,494402,Psalms,83,10,סיסרא,nmpr,pers,A:person-candidate,Other Tanakh
324924,1430905,494402,Psalms,83,10,יבין,nmpr,pers,A:person-candidate,Other Tanakh
324927,1430905,494402,Psalms,83,10,קישון,nmpr,topo,F:unclassified-name,Other Tanakh
324930,1430906,494403,Psalms,83,11,עין דור,nmpr,topo,F:unclassified-name,Other Tanakh
324939,1430907,494405,Psalms,83,12,ערב,nmpr,pers,A:person-candidate,Other Tanakh
324942,1430907,494405,Psalms,83,12,זאב,nmpr,pers,A:person-candidate,Other Tanakh
324945,1430907,494406,Psalms,83,12,זבח,nmpr,pers,A:person-candidate,Other Tanakh
324948,1430907,494406,Psalms,83,12,צלמנע,nmpr,pers,A:person-candidate,Other Tanakh
324957,1430908,494408,Psalms,83,13,אלהים,subs,,D:Elohim,Other Tanakh
324958,1430909,494409,Psalms,83,14,אלהים,subs,,D:Elohim,Other Tanakh
324991,1430912,494419,Psalms,83,17,יהוה,nmpr,pers,E:YHWH,Other Tanakh
325006,1430914,494425,Psalms,83,19,יהוה,nmpr,pers,E:YHWH,Other Tanakh
325009,1430914,494426,Psalms,83,19,עליון,adjv,,C:divine-title-candidate,Other Tanakh
325022,1430915,494429,Psalms,84,1,קרח,nmpr,pers,A:person-candidate,Other Tanakh
325027,1430916,494432,Psalms,84,2,יהוה,nmpr,pers,E:YHWH,Other Tanakh
325036,1430917,494434,Psalms,84,3,יהוה,nmpr,pers,E:YHWH,Other Tanakh
325041,1430917,494435,Psalms,84,3,אל,prep,,C:divine-title-candidate,Other Tanakh
325042,1430917,494435,Psalms,84,3,אל,subs,,C:divine-title-candidate,Other Tanakh
325057,1430918,494440,Psalms,84,4,יהוה,nmpr,pers,E:YHWH,Other Tanakh
325059,1430918,494440,Psalms,84,4,מלך,subs,,B:deity-candidate,Other Tanakh
325061,1430918,494440,Psalms,84,4,אלהים,subs,,D:Elohim,Other Tanakh
325090,1430922,494450,Psalms,84,8,אל,prep,,C:divine-title-candidate,Other Tanakh
325093,1430922,494451,Psalms,84,8,אל,prep,,C:divine-title-candidate,Other Tanakh
325094,1430922,494451,Psalms,84,8,אלהים,subs,,D:Elohim,Other Tanakh
325096,1430922,494451,Psalms,84,8,ציון,nmpr,topo,F:unclassified-name,Other Tanakh
325097,1430923,494452,Psalms,84,9,יהוה,nmpr,pers,E:YHWH,Other Tanakh
325098,1430923,494452,Psalms,84,9,אלהים,subs,,D:Elohim,Other Tanakh
325103,1430923,494455,Psalms,84,9,אלהים,subs,,D:Elohim,Other Tanakh
325104,1430923,494455,Psalms,84,9,יעקב,nmpr,pers,A:person-candidate,Other Tanakh
325108,1430924,494459,Psalms,84,10,אלהים,subs,,D:Elohim,Other Tanakh
325124,1430925,494463,Psalms,84,11,אלהים,subs,,D:Elohim,Other Tanakh
325134,1430926,494465,Psalms,84,12,יהוה,nmpr,pers,E:YHWH,Other Tanakh
325135,1430926,494465,Psalms,84,12,אלהים,subs,,D:Elohim,Other Tanakh
325140,1430926,494466,Psalms,84,12,יהוה,nmpr,pers,E:YHWH,Other Tanakh
325149,1430927,494469,Psalms,84,13,יהוה,nmpr,pers,E:YHWH,Other Tanakh
325160,1430928,494473,Psalms,85,1,קרח,nmpr,pers,A:person-candidate,Other Tanakh
325163,1430929,494476,Psalms,85,2,יהוה,nmpr,pers,E:YHWH,Other Tanakh
325167,1430929,494477,Psalms,85,2,יעקב,nmpr,pers,A:person-candidate,Other Tanakh
325183,1430932,494484,Psalms,85,5,אלהים,subs,,D:Elohim,Other Tanakh
325210,1430935,494492,Psalms,85,8,יהוה,nmpr,pers,E:YHWH,Other Tanakh
325220,1430936,494495,Psalms,85,9,אל,subs,,C:divine-title-candidate,Other Tanakh
325221,1430936,494495,Psalms,85,9,יהוה,nmpr,pers,E:YHWH,Other Tanakh
325225,1430936,494496,Psalms,85,9,אל,prep,,C:divine-title-candidate,Other Tanakh
325228,1430936,494496,Psalms,85,9,אל,prep,,C:divine-title-candidate,Other Tanakh
325231,1430936,494497,Psalms,85,9,אל,nega,,C:divine-title-candidate,Other Tanakh
325263,1430940,494504,Psalms,85,13,יהוה,nmpr,pers,E:YHWH,Other Tanakh
325282,1430942,494508,Psalms,86,1,דוד,nmpr,pers,A:person-candidate,Other Tanakh
325284,1430942,494510,Psalms,86,1,יהוה,nmpr,pers,E:YHWH,Other Tanakh
325300,1430943,494516,Psalms,86,2,אלהים,subs,,D:Elohim,Other Tanakh
325303,1430943,494517,Psalms,86,2,אל,prep,,C:divine-title-candidate,Other Tanakh
325305,1430944,494519,Psalms,86,3,אדני,nmpr,pers,C:divine-title-candidate,Other Tanakh
325307,1430944,494520,Psalms,86,3,אל,prep,,C:divine-title-candidate,Other Tanakh
325316,1430945,494522,Psalms,86,4,אל,prep,,C:divine-title-candidate,Other Tanakh
325317,1430945,494523,Psalms,86,4,אדני,nmpr,pers,C:divine-title-candidate,Other Tanakh
325322,1430946,494525,Psalms,86,5,אדני,nmpr,pers,C:divine-title-candidate,Other Tanakh
325333,1430947,494527,Psalms,86,6,יהוה,nmpr,pers,E:YHWH,Other Tanakh
325350,1430949,494531,Psalms,86,8,אלהים,subs,,D:Elohim,Other Tanakh
325351,1430949,494532,Psalms,86,8,אדני,nmpr,pers,C:divine-title-candidate,Other Tanakh
325365,1430950,494537,Psalms,86,9,אדני,nmpr,pers,C:divine-title-candidate,Other Tanakh
325377,1430951,494541,Psalms,86,10,אלהים,subs,,D:Elohim,Other Tanakh
325381,1430952,494543,Psalms,86,11,יהוה,nmpr,pers,E:YHWH,Other Tanakh
325392,1430953,494548,Psalms,86,12,אדני,nmpr,pers,C:divine-title-candidate,Other Tanakh
325393,1430953,494548,Psalms,86,12,אלהים,subs,,D:Elohim,Other Tanakh
325410,1430954,494551,Psalms,86,13,שאול,subs,,A:person-candidate,Other Tanakh
325412,1430955,494552,Psalms,86,14,אלהים,subs,,D:Elohim,Other Tanakh
325428,1430956,494557,Psalms,86,15,אדני,nmpr,pers,C:divine-title-candidate,Other Tanakh
325429,1430956,494556,Psalms,86,15,אל,subs,,C:divine-title-candidate,Other Tanakh
325441,1430957,494559,Psalms,86,16,אל,prep,,C:divine-title-candidate,Other Tanakh
325465,1430958,494567,Psalms,86,17,יהוה,nmpr,pers,E:YHWH,Other Tanakh
325471,1430959,494569,Psalms,87,1,קרח,nmpr,pers,A:person-candidate,Other Tanakh
325479,1430960,494573,Psalms,87,2,יהוה,nmpr,pers,E:YHWH,Other Tanakh
325481,1430960,494573,Psalms,87,2,ציון,nmpr,topo,F:unclassified-name,Other Tanakh
325485,1430960,494573,Psalms,87,2,יעקב,nmpr,pers,A:person-candidate,Other Tanakh
325491,1430961,494575,Psalms,87,3,אלהים,subs,,D:Elohim,Other Tanakh
325494,1430962,494577,Psalms,87,4,רהב,nmpr,topo,F:unclassified-name,Other Tanakh
325496,1430962,494577,Psalms,87,4,בבל,nmpr,topo,F:unclassified-name,Other Tanakh
325500,1430962,494578,Psalms,87,4,פלשת,nmpr,topo,F:unclassified-name,Other Tanakh
325502,1430962,494578,Psalms,87,4,צר,nmpr,topo,F:unclassified-name,Other Tanakh
325504,1430962,494578,Psalms,87,4,כוש,nmpr,topo,F:unclassified-name,Other Tanakh
325510,1430963,494580,Psalms,87,5,ציון,nmpr,topo,F:unclassified-name,Other Tanakh
325520,1430963,494583,Psalms,87,5,עליון,adjv,,C:divine-title-candidate,Other Tanakh
325521,1430964,494584,Psalms,87,6,יהוה,nmpr,pers,E:YHWH,Other Tanakh
325541,1430966,494591,Psalms,88,1,קרח,nmpr,pers,A:person-candidate,Other Tanakh
325551,1430966,494595,Psalms,88,1,הימן,nmpr,pers,A:person-candidate,Other Tanakh
325554,1430967,494596,Psalms,88,2,יהוה,nmpr,pers,E:YHWH,Other Tanakh
325555,1430967,494596,Psalms,88,2,אלהים,subs,,D:Elohim,Other Tanakh
325579,1430969,494602,Psalms,88,4,שאול,subs,,A:person-candidate,Other Tanakh
325638,1430975,494619,Psalms,88,10,יהוה,nmpr,pers,E:YHWH,Other Tanakh
325643,1430975,494620,Psalms,88,10,אל,prep,,C:divine-title-candidate,Other Tanakh
325679,1430979,494629,Psalms,88,14,אל,prep,,C:divine-title-candidate,Other Tanakh
325680,1430979,494630,Psalms,88,14,יהוה,nmpr,pers,E:YHWH,Other Tanakh
325689,1430980,494633,Psalms,88,15,יהוה,nmpr,pers,E:YHWH,Other Tanakh
325728,1430985,494645,Psalms,89,1,איתן,nmpr,pers,A:person-candidate,Other Tanakh
325732,1430986,494646,Psalms,89,2,יהוה,nmpr,pers,E:YHWH,Other Tanakh
325758,1430988,494653,Psalms,89,4,דוד,nmpr,pers,A:person-candidate,Other Tanakh
325776,1430990,494658,Psalms,89,6,יהוה,nmpr,pers,E:YHWH,Other Tanakh
325789,1430991,494660,Psalms,89,7,יהוה,nmpr,pers,E:YHWH,Other Tanakh
325792,1430991,494661,Psalms,89,7,יהוה,nmpr,pers,E:YHWH,Other Tanakh
325795,1430991,494661,Psalms,89,7,אל,subs,,C:divine-title-candidate,Other Tanakh
325796,1430992,494662,Psalms,89,8,אל,subs,,C:divine-title-candidate,Other Tanakh
325807,1430993,494664,Psalms,89,9,יהוה,nmpr,pers,E:YHWH,Other Tanakh
325808,1430993,494664,Psalms,89,9,אלהים,subs,,D:Elohim,Other Tanakh
325813,1430993,494666,Psalms,89,9,יה,nmpr,pers,A:person-candidate,Other Tanakh
325833,1430995,494671,Psalms,89,11,רהב,nmpr,topo,F:unclassified-name,Other Tanakh
325854,1430997,494679,Psalms,89,13,תבור,nmpr,topo,F:unclassified-name,Other Tanakh
325856,1430997,494679,Psalms,89,13,חרמון,nmpr,topo,F:unclassified-name,Other Tanakh
325883,1431000,494687,Psalms,89,16,יהוה,nmpr,pers,E:YHWH,Other Tanakh
325909,1431003,494693,Psalms,89,19,יהוה,nmpr,pers,E:YHWH,Other Tanakh
325914,1431003,494694,Psalms,89,19,ישראל,nmpr,"pers,gens,topo",F:unclassified-name,Other Tanakh
325915,1431003,494694,Psalms,89,19,מלך,subs,,B:deity-candidate,Other Tanakh
325933,1431005,494699,Psalms,89,21,דוד,nmpr,pers,A:person-candidate,Other Tanakh
325988,1431011,494713,Psalms,89,27,אל,subs,,C:divine-title-candidate,Other Tanakh
325996,1431012,494715,Psalms,89,28,עליון,adjv,,C:divine-title-candidate,Other Tanakh
325998,1431012,494715,Psalms,89,28,מלך,subs,,B:deity-candidate,Other Tanakh
326069,1431020,494731,Psalms,89,36,דוד,nmpr,pers,A:person-candidate,Other Tanakh
326156,1431031,494756,Psalms,89,47,יהוה,nmpr,pers,E:YHWH,Other Tanakh
326186,1431033,494765,Psalms,89,49,שאול,subs,,A:person-candidate,Other Tanakh
326192,1431034,494768,Psalms,89,50,אדני,nmpr,pers,C:divine-title-candidate,Other Tanakh
326195,1431034,494769,Psalms,89,50,דוד,nmpr,pers,A:person-candidate,Other Tanakh
326199,1431035,494771,Psalms,89,51,אדני,nmpr,pers,C:divine-title-candidate,Other Tanakh
326211,1431036,494774,Psalms,89,52,יהוה,nmpr,pers,E:YHWH,Other Tanakh
326217,1431037,494776,Psalms,89,53,יהוה,nmpr,pers,E:YHWH,Other Tanakh
326225,1431038,494778,Psalms,90,1,משה,nmpr,pers,A:person-candidate,Other Tanakh
326228,1431038,494778,Psalms,90,1,אלהים,subs,,D:Elohim,Other Tanakh
326229,1431038,494779,Psalms,90,1,אדני,nmpr,pers,C:divine-title-candidate,Other Tanakh
326253,1431039,494783,Psalms,90,2,אל,subs,,C:divine-title-candidate,Other Tanakh
326365,1431050,494818,Psalms,90,13,יהוה,nmpr,pers,E:YHWH,Other Tanakh
326392,1431053,494827,Psalms,90,16,אל,prep,,C:divine-title-candidate,Other Tanakh
326402,1431054,494829,Psalms,90,17,אדני,nmpr,pers,C:divine-title-candidate,Other Tanakh
326403,1431054,494829,Psalms,90,17,אלהים,subs,,D:Elohim,Other Tanakh
326417,1431055,494833,Psalms,91,1,עליון,adjv,,C:divine-title-candidate,Other Tanakh
326420,1431055,494834,Psalms,91,1,שדי,nmpr,pers,C:divine-title-candidate,Other Tanakh
326424,1431056,494835,Psalms,91,2,יהוה,nmpr,pers,E:YHWH,Other Tanakh
326428,1431056,494836,Psalms,91,2,אלהים,subs,,D:Elohim,Other Tanakh
326479,1431061,494852,Psalms,91,7,אל,prep,,C:divine-title-candidate,Other Tanakh
326492,1431063,494856,Psalms,91,9,יהוה,nmpr,pers,E:YHWH,Other Tanakh
326494,1431063,494857,Psalms,91,9,עליון,adjv,,C:divine-title-candidate,Other Tanakh
326499,1431064,494858,Psalms,91,10,אל,prep,,C:divine-title-candidate,Other Tanakh
326570,1431072,494880,Psalms,92,2,יהוה,nmpr,pers,E:YHWH,Other Tanakh
326576,1431072,494882,Psalms,92,2,עליון,adjv,,C:divine-title-candidate,Other Tanakh
326599,1431075,494886,Psalms,92,5,יהוה,nmpr,pers,E:YHWH,Other Tanakh
326609,1431076,494889,Psalms,92,6,יהוה,nmpr,pers,E:YHWH,Other Tanakh
326642,1431079,494897,Psalms,92,9,יהוה,nmpr,pers,E:YHWH,Other Tanakh
326646,1431080,494899,Psalms,92,10,יהוה,nmpr,pers,E:YHWH,Other Tanakh
326685,1431083,494909,Psalms,92,13,לבנון,nmpr,topo,F:unclassified-name,Other Tanakh
326690,1431084,494910,Psalms,92,14,יהוה,nmpr,pers,E:YHWH,Other Tanakh
326693,1431084,494911,Psalms,92,14,אלהים,subs,,D:Elohim,Other Tanakh
326707,1431086,494915,Psalms,92,16,יהוה,nmpr,pers,E:YHWH,Other Tanakh
326713,1431087,494917,Psalms,93,1,יהוה,nmpr,pers,E:YHWH,Other Tanakh
326714,1431087,494917,Psalms,93,1,מלך,verb,,B:deity-candidate,Other Tanakh
326718,1431087,494919,Psalms,93,1,יהוה,nmpr,pers,E:YHWH,Other Tanakh
326735,1431089,494926,Psalms,93,3,יהוה,nmpr,pers,E:YHWH,Other Tanakh
326753,1431090,494930,Psalms,93,4,יהוה,nmpr,pers,E:YHWH,Other Tanakh
326761,1431091,494933,Psalms,93,5,יהוה,nmpr,pers,E:YHWH,Other Tanakh
326765,1431092,494934,Psalms,94,1,אל,subs,,C:divine-title-candidate,Other Tanakh
326767,1431092,494935,Psalms,94,1,יהוה,nmpr,pers,E:YHWH,Other Tanakh
326768,1431092,494936,Psalms,94,1,אל,subs,,C:divine-title-candidate,Other Tanakh
326782,1431094,494942,Psalms,94,3,יהוה,nmpr,pers,E:YHWH,Other Tanakh
326795,1431096,494948,Psalms,94,5,יהוה,nmpr,pers,E:YHWH,Other Tanakh
326811,1431098,494953,Psalms,94,7,יה,nmpr,pers,A:person-candidate,Other Tanakh
326815,1431098,494954,Psalms,94,7,אלהים,subs,,D:Elohim,Other Tanakh
326816,1431098,494954,Psalms,94,7,יעקב,nmpr,pers,A:person-candidate,Other Tanakh
326848,1431102,494966,Psalms,94,11,יהוה,nmpr,pers,E:YHWH,Other Tanakh
326860,1431103,494970,Psalms,94,12,יה,nmpr,pers,A:person-candidate,Other Tanakh
326880,1431105,494974,Psalms,94,14,יהוה,nmpr,pers,E:YHWH,Other Tanakh
326908,1431108,494980,Psalms,94,17,יהוה,nmpr,pers,E:YHWH,Other Tanakh
326921,1431109,494985,Psalms,94,18,יהוה,nmpr,pers,E:YHWH,Other Tanakh
326949,1431113,494991,Psalms,94,22,יהוה,nmpr,pers,E:YHWH,Other Tanakh
326954,1431113,494992,Psalms,94,22,אלהים,subs,,D:Elohim,Other Tanakh
326968,1431114,494995,Psalms,94,23,יהוה,nmpr,pers,E:YHWH,Other Tanakh
326969,1431114,494995,Psalms,94,23,אלהים,subs,,D:Elohim,Other Tanakh
326973,1431115,494997,Psalms,95,1,יהוה,nmpr,pers,E:YHWH,Other Tanakh
326987,1431117,495001,Psalms,95,3,אל,subs,,C:divine-title-candidate,Other Tanakh
326989,1431117,495001,Psalms,95,3,יהוה,nmpr,pers,E:YHWH,Other Tanakh
326991,1431117,495002,Psalms,95,3,מלך,subs,,B:deity-candidate,Other Tanakh
326995,1431117,495002,Psalms,95,3,אלהים,subs,,D:Elohim,Other Tanakh
327023,1431120,495011,Psalms,95,6,יהוה,nmpr,pers,E:YHWH,Other Tanakh
327027,1431121,495013,Psalms,95,7,אלהים,subs,,D:Elohim,Other Tanakh
327041,1431122,495017,Psalms,95,8,אל,nega,,C:divine-title-candidate,Other Tanakh
327045,1431122,495017,Psalms,95,8,מריבה,nmpr,topo,F:unclassified-name,Other Tanakh
327048,1431122,495018,Psalms,95,8,מסה,nmpr,topo,F:unclassified-name,Other Tanakh
327081,1431125,495027,Psalms,95,11,אל,prep,,C:divine-title-candidate,Other Tanakh
327085,1431126,495028,Psalms,96,1,יהוה,nmpr,pers,E:YHWH,Other Tanakh
327090,1431126,495029,Psalms,96,1,יהוה,nmpr,pers,E:YHWH,Other Tanakh
327096,1431127,495031,Psalms,96,2,יהוה,nmpr,pers,E:YHWH,Other Tanakh
327117,1431129,495036,Psalms,96,4,יהוה,nmpr,pers,E:YHWH,Other Tanakh
327125,1431129,495038,Psalms,96,4,אלהים,subs,,D:Elohim,Other Tanakh
327128,1431130,495039,Psalms,96,5,אלהים,subs,,D:Elohim,Other Tanakh
327133,1431130,495040,Psalms,96,5,יהוה,nmpr,pers,E:YHWH,Other Tanakh
327148,1431132,495043,Psalms,96,7,יהוה,nmpr,pers,E:YHWH,Other Tanakh
327153,1431132,495045,Psalms,96,7,יהוה,nmpr,pers,E:YHWH,Other Tanakh
327159,1431133,495046,Psalms,96,8,יהוה,nmpr,pers,E:YHWH,Other Tanakh
327170,1431134,495049,Psalms,96,9,יהוה,nmpr,pers,E:YHWH,Other Tanakh
327184,1431135,495053,Psalms,96,10,יהוה,nmpr,pers,E:YHWH,Other Tanakh
327185,1431135,495053,Psalms,96,10,מלך,verb,,B:deity-candidate,Other Tanakh
327208,1431137,495060,Psalms,96,12,שדי,subs,,C:divine-title-candidate,Other Tanakh
327220,1431138,495063,Psalms,96,13,יהוה,nmpr,pers,E:YHWH,Other Tanakh
327237,1431139,495069,Psalms,97,1,יהוה,nmpr,pers,E:YHWH,Other Tanakh
327238,1431139,495069,Psalms,97,1,מלך,verb,,B:deity-candidate,Other Tanakh
327278,1431143,495079,Psalms,97,5,יהוה,nmpr,pers,E:YHWH,Other Tanakh
327308,1431145,495085,Psalms,97,7,אלהים,subs,,D:Elohim,Other Tanakh
327312,1431146,495087,Psalms,97,8,ציון,nmpr,topo,F:unclassified-name,Other Tanakh
327316,1431146,495088,Psalms,97,8,יהודה,nmpr,"pers,gens,topo",F:unclassified-name,Other Tanakh
327319,1431146,495089,Psalms,97,8,יהוה,nmpr,pers,E:YHWH,Other Tanakh
327322,1431147,495091,Psalms,97,9,יהוה,nmpr,pers,E:YHWH,Other Tanakh
327323,1431147,495090,Psalms,97,9,עליון,adjv,,C:divine-title-candidate,Other Tanakh
327332,1431147,495092,Psalms,97,9,אלהים,subs,,D:Elohim,Other Tanakh
327334,1431148,495093,Psalms,97,10,יהוה,nmpr,pers,E:YHWH,Other Tanakh
327357,1431150,495099,Psalms,97,12,יהוה,nmpr,pers,E:YHWH,Other Tanakh
327366,1431151,495103,Psalms,98,1,יהוה,nmpr,pers,E:YHWH,Other Tanakh
327379,1431152,495106,Psalms,98,2,יהוה,nmpr,pers,E:YHWH,Other Tanakh
327393,1431153,495108,Psalms,98,3,ישראל,nmpr,"pers,gens,topo",F:unclassified-name,Other Tanakh
327400,1431153,495109,Psalms,98,3,אלהים,subs,,D:Elohim,Other Tanakh
327403,1431154,495110,Psalms,98,4,יהוה,nmpr,pers,E:YHWH,Other Tanakh
327414,1431155,495115,Psalms,98,5,יהוה,nmpr,pers,E:YHWH,Other Tanakh
327431,1431156,495118,Psalms,98,6,מלך,subs,,B:deity-candidate,Other Tanakh
327432,1431156,495118,Psalms,98,6,יהוה,nmpr,pers,E:YHWH,Other Tanakh
327450,1431159,495123,Psalms,98,9,יהוה,nmpr,pers,E:YHWH,Other Tanakh
327465,1431160,495128,Psalms,99,1,יהוה,nmpr,pers,E:YHWH,Other Tanakh
327466,1431160,495128,Psalms,99,1,מלך,verb,,B:deity-candidate,Other Tanakh
327474,1431161,495132,Psalms,99,2,יהוה,nmpr,pers,E:YHWH,Other Tanakh
327476,1431161,495132,Psalms,99,2,ציון,nmpr,topo,F:unclassified-name,Other Tanakh
327494,1431163,495136,Psalms,99,4,מלך,subs,,B:deity-candidate,Other Tanakh
327504,1431163,495138,Psalms,99,4,יעקב,nmpr,pers,A:person-candidate,Other Tanakh
327508,1431164,495139,Psalms,99,5,יהוה,nmpr,pers,E:YHWH,Other Tanakh
327509,1431164,495139,Psalms,99,5,אלהים,subs,,D:Elohim,Other Tanakh
327517,1431165,495142,Psalms,99,6,משה,nmpr,pers,A:person-candidate,Other Tanakh
327519,1431165,495142,Psalms,99,6,אהרן,nmpr,pers,A:person-candidate,Other Tanakh
327523,1431165,495143,Psalms,99,6,שמואל,nmpr,pers,A:person-candidate,Other Tanakh
327528,1431165,495144,Psalms,99,6,אל,prep,,C:divine-title-candidate,Other Tanakh
327529,1431165,495144,Psalms,99,6,יהוה,nmpr,pers,E:YHWH,Other Tanakh
327537,1431166,495146,Psalms,99,7,אל,prep,,C:divine-title-candidate,Other Tanakh
327544,1431167,495149,Psalms,99,8,יהוה,nmpr,pers,E:YHWH,Other Tanakh
327545,1431167,495149,Psalms,99,8,אלהים,subs,,D:Elohim,Other Tanakh
327548,1431167,495151,Psalms,99,8,אל,subs,,C:divine-title-candidate,Other Tanakh
327557,1431168,495153,Psalms,99,9,יהוה,nmpr,pers,E:YHWH,Other Tanakh
327558,1431168,495153,Psalms,99,9,אלהים,subs,,D:Elohim,Other Tanakh
327566,1431168,495155,Psalms,99,9,יהוה,nmpr,pers,E:YHWH,Other Tanakh
327567,1431168,495155,Psalms,99,9,אלהים,subs,,D:Elohim,Other Tanakh
327573,1431169,495157,Psalms,100,1,יהוה,nmpr,pers,E:YHWH,Other Tanakh
327579,1431170,495159,Psalms,100,2,יהוה,nmpr,pers,E:YHWH,Other Tanakh
327589,1431171,495162,Psalms,100,3,יהוה,nmpr,pers,E:YHWH,Other Tanakh
327591,1431171,495163,Psalms,100,3,אלהים,subs,,D:Elohim,Other Tanakh
327614,1431173,495170,Psalms,100,5,יהוה,nmpr,pers,E:YHWH,Other Tanakh
327625,1431174,495173,Psalms,101,1,דוד,nmpr,pers,A:person-candidate,Other Tanakh
327632,1431174,495177,Psalms,101,1,יהוה,nmpr,pers,E:YHWH,Other Tanakh
327640,1431175,495179,Psalms,101,2,אל,prep,,C:divine-title-candidate,Other Tanakh
327721,1431181,495200,Psalms,101,8,יהוה,nmpr,pers,E:YHWH,Other Tanakh
327733,1431182,495203,Psalms,102,1,יהוה,nmpr,pers,E:YHWH,Other Tanakh
327736,1431183,495204,Psalms,102,2,יהוה,nmpr,pers,E:YHWH,Other Tanakh
327741,1431183,495206,Psalms,102,2,אל,prep,,C:divine-title-candidate,Other Tanakh
327743,1431184,495207,Psalms,102,3,אל,nega,,C:divine-title-candidate,Other Tanakh
327752,1431184,495208,Psalms,102,3,אל,prep,,C:divine-title-candidate,Other Tanakh
327844,1431194,495235,Psalms,102,13,יהוה,nmpr,pers,E:YHWH,Other Tanakh
327857,1431195,495238,Psalms,102,14,ציון,nmpr,topo,F:unclassified-name,Other Tanakh
327879,1431197,495244,Psalms,102,16,יהוה,nmpr,pers,E:YHWH,Other Tanakh
327882,1431197,495245,Psalms,102,16,מלך,subs,,B:deity-candidate,Other Tanakh
327889,1431198,495246,Psalms,102,17,יהוה,nmpr,pers,E:YHWH,Other Tanakh
327890,1431198,495246,Psalms,102,17,ציון,nmpr,topo,F:unclassified-name,Other Tanakh
327895,1431199,495248,Psalms,102,18,אל,prep,,C:divine-title-candidate,Other Tanakh
327913,1431200,495251,Psalms,102,19,יה,nmpr,pers,A:person-candidate,Other Tanakh
327919,1431201,495253,Psalms,102,20,יהוה,nmpr,pers,E:YHWH,Other Tanakh
327922,1431201,495253,Psalms,102,20,אל,prep,,C:divine-title-candidate,Other Tanakh
327936,1431203,495256,Psalms,102,22,ציון,nmpr,topo,F:unclassified-name,Other Tanakh
327938,1431203,495256,Psalms,102,22,יהוה,nmpr,pers,E:YHWH,Other Tanakh
327942,1431203,495257,Psalms,102,22,ירושלם,nmpr,topo,F:unclassified-name,Other Tanakh
327952,1431204,495260,Psalms,102,23,יהוה,nmpr,pers,E:YHWH,Other Tanakh
327961,1431206,495264,Psalms,102,25,אל,subs,,C:divine-title-candidate,Other Tanakh
327962,1431206,495265,Psalms,102,25,אל,nega,,C:divine-title-candidate,Other Tanakh
328013,1431211,495278,Psalms,103,1,דוד,nmpr,pers,A:person-candidate,Other Tanakh
328017,1431211,495279,Psalms,103,1,יהוה,nmpr,pers,E:YHWH,Other Tanakh
328027,1431212,495283,Psalms,103,2,יהוה,nmpr,pers,E:YHWH,Other Tanakh
328029,1431212,495285,Psalms,103,2,אל,nega,,C:divine-title-candidate,Other Tanakh
328066,1431216,495292,Psalms,103,6,יהוה,nmpr,pers,E:YHWH,Other Tanakh
328075,1431217,495294,Psalms,103,7,משה,nmpr,pers,A:person-candidate,Other Tanakh
328078,1431217,495295,Psalms,103,7,ישראל,nmpr,"pers,gens,topo",F:unclassified-name,Other Tanakh
328083,1431218,495296,Psalms,103,8,יהוה,nmpr,pers,E:YHWH,Other Tanakh
328135,1431223,495307,Psalms,103,13,יהוה,nmpr,pers,E:YHWH,Other Tanakh
328170,1431227,495318,Psalms,103,17,יהוה,nmpr,pers,E:YHWH,Other Tanakh
328192,1431229,495322,Psalms,103,19,יהוה,nmpr,pers,E:YHWH,Other Tanakh
328205,1431230,495324,Psalms,103,20,יהוה,nmpr,pers,E:YHWH,Other Tanakh
328217,1431231,495328,Psalms,103,21,יהוה,nmpr,pers,E:YHWH,Other Tanakh
328224,1431232,495331,Psalms,103,22,יהוה,nmpr,pers,E:YHWH,Other Tanakh
328234,1431232,495333,Psalms,103,22,יהוה,nmpr,pers,E:YHWH,Other Tanakh
328238,1431233,495335,Psalms,104,1,יהוה,nmpr,pers,E:YHWH,Other Tanakh
328239,1431233,495337,Psalms,104,1,יהוה,nmpr,pers,E:YHWH,Other Tanakh
328240,1431233,495337,Psalms,104,1,אלהים,subs,,D:Elohim,Other Tanakh
328307,1431240,495355,Psalms,104,8,אל,prep,,C:divine-title-candidate,Other Tanakh
328334,1431243,495363,Psalms,104,11,שדי,subs,,C:divine-title-candidate,Other Tanakh
328392,1431248,495377,Psalms,104,16,יהוה,nmpr,pers,E:YHWH,Other Tanakh
328394,1431248,495378,Psalms,104,16,לבנון,nmpr,topo,F:unclassified-name,Other Tanakh
328442,1431253,495391,Psalms,104,21,אל,subs,,C:divine-title-candidate,Other Tanakh
328449,1431254,495394,Psalms,104,22,אל,prep,,C:divine-title-candidate,Other Tanakh
328464,1431256,495397,Psalms,104,24,יהוה,nmpr,pers,E:YHWH,Other Tanakh
328499,1431259,495409,Psalms,104,27,אל,prep,,C:divine-title-candidate,Other Tanakh
328520,1431261,495419,Psalms,104,29,אל,prep,,C:divine-title-candidate,Other Tanakh
328532,1431263,495423,Psalms,104,31,יהוה,nmpr,pers,E:YHWH,Other Tanakh
328536,1431263,495424,Psalms,104,31,יהוה,nmpr,pers,E:YHWH,Other Tanakh
328554,1431265,495429,Psalms,104,33,יהוה,nmpr,pers,E:YHWH,Other Tanakh
328559,1431265,495430,Psalms,104,33,אלהים,subs,,D:Elohim,Other Tanakh
328568,1431266,495432,Psalms,104,34,יהוה,nmpr,pers,E:YHWH,Other Tanakh
328581,1431267,495436,Psalms,104,35,יהוה,nmpr,pers,E:YHWH,Other Tanakh
328583,1431267,495438,Psalms,104,35,יה,nmpr,pers,A:person-candidate,Other Tanakh
328586,1431268,495439,Psalms,105,1,יהוה,nmpr,pers,E:YHWH,Other Tanakh
328610,1431270,495446,Psalms,105,3,יהוה,nmpr,pers,E:YHWH,Other Tanakh
328612,1431271,495447,Psalms,105,4,יהוה,nmpr,pers,E:YHWH,Other Tanakh
328627,1431273,495452,Psalms,105,6,אברהם,nmpr,pers,A:person-candidate,Other Tanakh
328630,1431273,495453,Psalms,105,6,יעקב,nmpr,pers,A:person-candidate,Other Tanakh
328633,1431274,495454,Psalms,105,7,יהוה,nmpr,pers,E:YHWH,Other Tanakh
328634,1431274,495454,Psalms,105,7,אלהים,subs,,D:Elohim,Other Tanakh
328652,1431276,495459,Psalms,105,9,אברהם,nmpr,pers,A:person-candidate,Other Tanakh
328656,1431276,495460,Psalms,105,9,ישחק,nmpr,pers,A:person-candidate,Other Tanakh
328660,1431277,495461,Psalms,105,10,יעקב,nmpr,pers,A:person-candidate,Other Tanakh
328664,1431277,495462,Psalms,105,10,ישראל,nmpr,"pers,gens,topo",F:unclassified-name,Other Tanakh
328673,1431278,495464,Psalms,105,11,כנען,nmpr,"pers,gens,topo",F:unclassified-name,Other Tanakh
328689,1431280,495467,Psalms,105,13,אל,prep,,C:divine-title-candidate,Other Tanakh
328693,1431280,495468,Psalms,105,13,אל,prep,,C:divine-title-candidate,Other Tanakh
328704,1431281,495471,Psalms,105,14,מלך,subs,,B:deity-candidate,Other Tanakh
328705,1431282,495472,Psalms,105,15,אל,nega,,C:divine-title-candidate,Other Tanakh
328712,1431282,495473,Psalms,105,15,אל,nega,,C:divine-title-candidate,Other Tanakh
328731,1431284,495477,Psalms,105,17,יוסף,nmpr,pers,A:person-candidate,Other Tanakh
328745,1431286,495482,Psalms,105,19,יהוה,nmpr,pers,E:YHWH,Other Tanakh
328748,1431287,495483,Psalms,105,20,מלך,subs,,B:deity-candidate,Other Tanakh
328774,1431290,495491,Psalms,105,23,ישראל,nmpr,"pers,gens,topo",F:unclassified-name,Other Tanakh
328775,1431290,495491,Psalms,105,23,מצרים,nmpr,topo,F:unclassified-name,Other Tanakh
328777,1431290,495492,Psalms,105,23,יעקב,nmpr,pers,A:person-candidate,Other Tanakh
328781,1431290,495492,Psalms,105,23,חם,nmpr,"pers,gens",F:unclassified-name,Other Tanakh
328801,1431293,495498,Psalms,105,26,משה,nmpr,pers,A:person-candidate,Other Tanakh
328803,1431293,495499,Psalms,105,26,אהרן,nmpr,pers,A:person-candidate,Other Tanakh
328815,1431294,495502,Psalms,105,27,חם,nmpr,"pers,gens",F:unclassified-name,Other Tanakh
328839,1431297,495508,Psalms,105,30,מלך,subs,,B:deity-candidate,Other Tanakh
328905,1431305,495526,Psalms,105,38,מצרים,nmpr,topo,F:unclassified-name,Other Tanakh
328945,1431309,495539,Psalms,105,42,אברהם,nmpr,pers,A:person-candidate,Other Tanakh
328973,1431312,495546,Psalms,105,45,יה,nmpr,pers,A:person-candidate,Other Tanakh
328975,1431313,495547,Psalms,106,1,יה,nmpr,pers,A:person-candidate,Other Tanakh
328978,1431313,495548,Psalms,106,1,יהוה,nmpr,pers,E:YHWH,Other Tanakh
328988,1431314,495551,Psalms,106,2,יהוה,nmpr,pers,E:YHWH,Other Tanakh
329001,1431316,495557,Psalms,106,4,יהוה,nmpr,pers,E:YHWH,Other Tanakh
329029,1431319,495565,Psalms,106,7,מצרים,nmpr,topo,F:unclassified-name,Other Tanakh
329107,1431326,495583,Psalms,106,14,אל,subs,,C:divine-title-candidate,Other Tanakh
329122,1431328,495586,Psalms,106,16,משה,nmpr,pers,A:person-candidate,Other Tanakh
329127,1431328,495587,Psalms,106,16,אהרן,nmpr,pers,A:person-candidate,Other Tanakh
329129,1431328,495587,Psalms,106,16,יהוה,nmpr,pers,E:YHWH,Other Tanakh
329134,1431329,495589,Psalms,106,17,דתן,nmpr,pers,A:person-candidate,Other Tanakh
329139,1431329,495590,Psalms,106,17,אבירם,nmpr,pers,A:person-candidate,Other Tanakh
329151,1431331,495593,Psalms,106,19,חרב,nmpr,topo,F:unclassified-name,Other Tanakh
329166,1431333,495597,Psalms,106,21,אל,subs,,C:divine-title-candidate,Other Tanakh
329171,1431333,495598,Psalms,106,21,מצרים,nmpr,topo,F:unclassified-name,Other Tanakh
329175,1431334,495599,Psalms,106,22,חם,nmpr,"pers,gens",F:unclassified-name,Other Tanakh
329185,1431335,495603,Psalms,106,23,משה,nmpr,pers,A:person-candidate,Other Tanakh
329215,1431337,495609,Psalms,106,25,יהוה,nmpr,pers,E:YHWH,Other Tanakh
329242,1431340,495614,Psalms,106,28,בעל פעור,nmpr,pers,A:person-candidate,Other Tanakh
329257,1431342,495618,Psalms,106,30,פינחס,nmpr,pers,A:person-candidate,Other Tanakh
329279,1431344,495622,Psalms,106,32,מריבה,nmpr,topo,F:unclassified-name,Other Tanakh
329283,1431344,495623,Psalms,106,32,משה,nmpr,pers,A:person-candidate,Other Tanakh
329301,1431346,495627,Psalms,106,34,יהוה,nmpr,pers,E:YHWH,Other Tanakh
329342,1431350,495634,Psalms,106,38,כנען,nmpr,"pers,gens,topo",F:unclassified-name,Other Tanakh
329361,1431352,495638,Psalms,106,40,יהוה,nmpr,pers,E:YHWH,Other Tanakh
329425,1431359,495653,Psalms,106,47,יהוה,nmpr,pers,E:YHWH,Other Tanakh
329426,1431359,495653,Psalms,106,47,אלהים,subs,,D:Elohim,Other Tanakh
329442,1431360,495657,Psalms,106,48,יהוה,nmpr,pers,E:YHWH,Other Tanakh
329443,1431360,495657,Psalms,106,48,אלהים,subs,,D:Elohim,Other Tanakh
329444,1431360,495657,Psalms,106,48,ישראל,nmpr,"pers,gens,topo",F:unclassified-name,Other Tanakh
329459,1431360,495659,Psalms,106,48,יה,nmpr,pers,A:person-candidate,Other Tanakh
329462,1431361,495660,Psalms,107,1,יהוה,nmpr,pers,E:YHWH,Other Tanakh
329471,1431362,495663,Psalms,107,2,יהוה,nmpr,pers,E:YHWH,Other Tanakh
329510,1431366,495671,Psalms,107,6,אל,prep,,C:divine-title-candidate,Other Tanakh
329511,1431366,495671,Psalms,107,6,יהוה,nmpr,pers,E:YHWH,Other Tanakh
329526,1431367,495674,Psalms,107,7,אל,prep,,C:divine-title-candidate,Other Tanakh
329531,1431368,495675,Psalms,107,8,יהוה,nmpr,pers,E:YHWH,Other Tanakh
329558,1431371,495680,Psalms,107,11,אל,subs,,C:divine-title-candidate,Other Tanakh
329561,1431371,495681,Psalms,107,11,עליון,adjv,,C:divine-title-candidate,Other Tanakh
329575,1431373,495685,Psalms,107,13,אל,prep,,C:divine-title-candidate,Other Tanakh
329576,1431373,495685,Psalms,107,13,יהוה,nmpr,pers,E:YHWH,Other Tanakh
329594,1431375,495689,Psalms,107,15,יהוה,nmpr,pers,E:YHWH,Other Tanakh
329628,1431379,495695,Psalms,107,19,אל,prep,,C:divine-title-candidate,Other Tanakh
329629,1431379,495695,Psalms,107,19,יהוה,nmpr,pers,E:YHWH,Other Tanakh
329647,1431381,495700,Psalms,107,21,יהוה,nmpr,pers,E:YHWH,Other Tanakh
329676,1431384,495705,Psalms,107,24,יהוה,nmpr,pers,E:YHWH,Other Tanakh
329710,1431388,495715,Psalms,107,28,אל,prep,,C:divine-title-candidate,Other Tanakh
329711,1431388,495715,Psalms,107,28,יהוה,nmpr,pers,E:YHWH,Other Tanakh
329733,1431390,495721,Psalms,107,30,אל,prep,,C:divine-title-candidate,Other Tanakh
329738,1431391,495722,Psalms,107,31,יהוה,nmpr,pers,E:YHWH,Other Tanakh
329857,1431403,495750,Psalms,107,43,יהוה,nmpr,pers,E:YHWH,Other Tanakh
329861,1431404,495752,Psalms,108,1,דוד,nmpr,pers,A:person-candidate,Other Tanakh
329864,1431405,495754,Psalms,108,2,אלהים,subs,,D:Elohim,Other Tanakh
329881,1431407,495762,Psalms,108,4,יהוה,nmpr,pers,E:YHWH,Other Tanakh
329899,1431409,495768,Psalms,108,6,אלהים,subs,,D:Elohim,Other Tanakh
329913,1431411,495773,Psalms,108,8,אלהים,subs,,D:Elohim,Other Tanakh
329919,1431411,495775,Psalms,108,8,שכם,nmpr,topo,F:unclassified-name,Other Tanakh
329922,1431411,495776,Psalms,108,8,סכות,nmpr,topo,F:unclassified-name,Other Tanakh
329925,1431412,495777,Psalms,108,9,גלעד,nmpr,topo,F:unclassified-name,Other Tanakh
329927,1431412,495778,Psalms,108,9,מנשה,nmpr,"pers,gens",F:unclassified-name,Other Tanakh
329929,1431412,495779,Psalms,108,9,אפרים,nmpr,"pers,gens,topo",F:unclassified-name,Other Tanakh
329932,1431412,495780,Psalms,108,9,יהודה,nmpr,"pers,gens,topo",F:unclassified-name,Other Tanakh
329934,1431413,495781,Psalms,108,10,מואב,nmpr,"pers,gens,topo",F:unclassified-name,Other Tanakh
329938,1431413,495782,Psalms,108,10,אדום,nmpr,topo,F:unclassified-name,Other Tanakh
329942,1431413,495783,Psalms,108,10,פלשת,nmpr,topo,F:unclassified-name,Other Tanakh
329951,1431414,495785,Psalms,108,11,אדום,nmpr,topo,F:unclassified-name,Other Tanakh
329954,1431415,495787,Psalms,108,12,אלהים,subs,,D:Elohim,Other Tanakh
329959,1431415,495789,Psalms,108,12,אלהים,subs,,D:Elohim,Other Tanakh
329972,1431417,495792,Psalms,108,14,אלהים,subs,,D:Elohim,Other Tanakh
329983,1431418,495795,Psalms,109,1,דוד,nmpr,pers,A:person-candidate,Other Tanakh
329985,1431418,495797,Psalms,109,1,אלהים,subs,,D:Elohim,Other Tanakh
329987,1431418,495798,Psalms,109,1,אל,nega,,C:divine-title-candidate,Other Tanakh
330073,1431429,495822,Psalms,109,12,אל,nega,,C:divine-title-candidate,Other Tanakh
330079,1431429,495824,Psalms,109,12,אל,nega,,C:divine-title-candidate,Other Tanakh
330096,1431431,495829,Psalms,109,14,אל,prep,,C:divine-title-candidate,Other Tanakh
330097,1431431,495829,Psalms,109,14,יהוה,nmpr,pers,E:YHWH,Other Tanakh
330101,1431431,495830,Psalms,109,14,אל,nega,,C:divine-title-candidate,Other Tanakh
330105,1431432,495831,Psalms,109,15,יהוה,nmpr,pers,E:YHWH,Other Tanakh
330175,1431437,495848,Psalms,109,20,יהוה,nmpr,pers,E:YHWH,Other Tanakh
330184,1431438,495851,Psalms,109,21,יהוה,nmpr,pers,E:YHWH,Other Tanakh
330185,1431438,495851,Psalms,109,21,אדני,nmpr,pers,C:divine-title-candidate,Other Tanakh
330231,1431443,495865,Psalms,109,26,יהוה,nmpr,pers,E:YHWH,Other Tanakh
330232,1431443,495865,Psalms,109,26,אלהים,subs,,D:Elohim,Other Tanakh
330242,1431444,495870,Psalms,109,27,יהוה,nmpr,pers,E:YHWH,Other Tanakh
330265,1431447,495878,Psalms,109,30,יהוה,nmpr,pers,E:YHWH,Other Tanakh
330285,1431449,495882,Psalms,110,1,דוד,nmpr,pers,A:person-candidate,Other Tanakh
330288,1431449,495884,Psalms,110,1,יהוה,nmpr,pers,E:YHWH,Other Tanakh
330303,1431450,495887,Psalms,110,2,יהוה,nmpr,pers,E:YHWH,Other Tanakh
330305,1431450,495887,Psalms,110,2,ציון,nmpr,topo,F:unclassified-name,Other Tanakh
330325,1431452,495891,Psalms,110,4,יהוה,nmpr,pers,E:YHWH,Other Tanakh
330335,1431452,495893,Psalms,110,4,מלכי צדק,nmpr,pers,A:person-candidate,Other Tanakh
330336,1431453,495894,Psalms,110,5,אדני,nmpr,pers,C:divine-title-candidate,Other Tanakh
330343,1431453,495894,Psalms,110,5,מלך,subs,,B:deity-candidate,Other Tanakh
330366,1431456,495900,Psalms,111,1,יה,nmpr,pers,A:person-candidate,Other Tanakh
330368,1431456,495901,Psalms,111,1,יהוה,nmpr,pers,E:YHWH,Other Tanakh
330379,1431457,495902,Psalms,111,2,יהוה,nmpr,pers,E:YHWH,Other Tanakh
330400,1431459,495907,Psalms,111,4,יהוה,nmpr,pers,E:YHWH,Other Tanakh
330452,1431465,495919,Psalms,111,10,יהוה,nmpr,pers,E:YHWH,Other Tanakh
330463,1431466,495922,Psalms,112,1,יה,nmpr,pers,A:person-candidate,Other Tanakh
330468,1431466,495924,Psalms,112,1,יהוה,nmpr,pers,E:YHWH,Other Tanakh
330533,1431472,495938,Psalms,112,7,יהוה,nmpr,pers,E:YHWH,Other Tanakh
330568,1431476,495951,Psalms,113,1,יה,nmpr,pers,A:person-candidate,Other Tanakh
330571,1431476,495953,Psalms,113,1,יהוה,nmpr,pers,E:YHWH,Other Tanakh
330575,1431476,495954,Psalms,113,1,יהוה,nmpr,pers,E:YHWH,Other Tanakh
330578,1431477,495955,Psalms,113,2,יהוה,nmpr,pers,E:YHWH,Other Tanakh
330592,1431478,495956,Psalms,113,3,יהוה,nmpr,pers,E:YHWH,Other Tanakh
330597,1431479,495957,Psalms,113,4,יהוה,nmpr,pers,E:YHWH,Other Tanakh
330604,1431480,495959,Psalms,113,5,יהוה,nmpr,pers,E:YHWH,Other Tanakh
330605,1431480,495959,Psalms,113,5,אלהים,subs,,D:Elohim,Other Tanakh
330645,1431484,495969,Psalms,113,9,יה,nmpr,pers,A:person-candidate,Other Tanakh
330648,1431485,495970,Psalms,114,1,ישראל,nmpr,"pers,gens,topo",F:unclassified-name,Other Tanakh
330650,1431485,495970,Psalms,114,1,מצרים,nmpr,topo,F:unclassified-name,Other Tanakh
330652,1431485,495971,Psalms,114,1,יעקב,nmpr,pers,A:person-candidate,Other Tanakh
330657,1431486,495972,Psalms,114,2,יהודה,nmpr,"pers,gens,topo",F:unclassified-name,Other Tanakh
330660,1431486,495973,Psalms,114,2,ישראל,nmpr,"pers,gens,topo",F:unclassified-name,Other Tanakh
330668,1431487,495976,Psalms,114,3,ירדן,nmpr,topo,F:unclassified-name,Other Tanakh
330688,1431489,495982,Psalms,114,5,ירדן,nmpr,topo,F:unclassified-name,Other Tanakh
330710,1431491,495990,Psalms,114,7,אלוה,subs,,C:divine-title-candidate,Other Tanakh
330711,1431491,495990,Psalms,114,7,יעקב,nmpr,pers,A:person-candidate,Other Tanakh
330724,1431493,495994,Psalms,115,1,יהוה,nmpr,pers,E:YHWH,Other Tanakh
330742,1431494,495998,Psalms,115,2,אלהים,subs,,D:Elohim,Other Tanakh
330744,1431495,495999,Psalms,115,3,אלהים,subs,,D:Elohim,Other Tanakh
330798,1431501,496020,Psalms,115,9,ישראל,nmpr,"pers,gens,topo",F:unclassified-name,Other Tanakh
330801,1431501,496021,Psalms,115,9,יהוה,nmpr,pers,E:YHWH,Other Tanakh
330807,1431502,496023,Psalms,115,10,אהרן,nmpr,pers,A:person-candidate,Other Tanakh
330810,1431502,496024,Psalms,115,10,יהוה,nmpr,pers,E:YHWH,Other Tanakh
330816,1431503,496026,Psalms,115,11,יהוה,nmpr,pers,E:YHWH,Other Tanakh
330819,1431503,496027,Psalms,115,11,יהוה,nmpr,pers,E:YHWH,Other Tanakh
330824,1431504,496029,Psalms,115,12,יהוה,nmpr,pers,E:YHWH,Other Tanakh
330830,1431504,496031,Psalms,115,12,ישראל,nmpr,"pers,gens,topo",F:unclassified-name,Other Tanakh
330834,1431504,496032,Psalms,115,12,אהרן,nmpr,pers,A:person-candidate,Other Tanakh
330837,1431505,496033,Psalms,115,13,יהוה,nmpr,pers,E:YHWH,Other Tanakh
330844,1431506,496034,Psalms,115,14,יהוה,nmpr,pers,E:YHWH,Other Tanakh
330853,1431507,496035,Psalms,115,15,יהוה,nmpr,pers,E:YHWH,Other Tanakh
330862,1431508,496036,Psalms,115,16,יהוה,nmpr,pers,E:YHWH,Other Tanakh
330874,1431509,496038,Psalms,115,17,יה,nmpr,pers,A:person-candidate,Other Tanakh
330883,1431510,496040,Psalms,115,18,יה,nmpr,pers,A:person-candidate,Other Tanakh
330890,1431510,496041,Psalms,115,18,יה,nmpr,pers,A:person-candidate,Other Tanakh
330894,1431511,496043,Psalms,116,1,יהוה,nmpr,pers,E:YHWH,Other Tanakh
330911,1431513,496047,Psalms,116,3,שאול,subs,,A:person-candidate,Other Tanakh
330920,1431514,496049,Psalms,116,4,יהוה,nmpr,pers,E:YHWH,Other Tanakh
330923,1431514,496051,Psalms,116,4,יהוה,nmpr,pers,E:YHWH,Other Tanakh
330927,1431515,496052,Psalms,116,5,יהוה,nmpr,pers,E:YHWH,Other Tanakh
330931,1431515,496054,Psalms,116,5,אלהים,subs,,D:Elohim,Other Tanakh
330935,1431516,496055,Psalms,116,6,יהוה,nmpr,pers,E:YHWH,Other Tanakh
330945,1431517,496060,Psalms,116,7,יהוה,nmpr,pers,E:YHWH,Other Tanakh
330964,1431519,496064,Psalms,116,9,יהוה,nmpr,pers,E:YHWH,Other Tanakh
330986,1431522,496071,Psalms,116,12,יהוה,nmpr,pers,E:YHWH,Other Tanakh
330996,1431523,496073,Psalms,116,13,יהוה,nmpr,pers,E:YHWH,Other Tanakh
331000,1431524,496074,Psalms,116,14,יהוה,nmpr,pers,E:YHWH,Other Tanakh
331010,1431525,496075,Psalms,116,15,יהוה,nmpr,pers,E:YHWH,Other Tanakh
331016,1431526,496077,Psalms,116,16,יהוה,nmpr,pers,E:YHWH,Other Tanakh
331034,1431527,496082,Psalms,116,17,יהוה,nmpr,pers,E:YHWH,Other Tanakh
331038,1431528,496083,Psalms,116,18,יהוה,nmpr,pers,E:YHWH,Other Tanakh
331048,1431529,496084,Psalms,116,19,יהוה,nmpr,pers,E:YHWH,Other Tanakh
331051,1431529,496086,Psalms,116,19,ירושלם,nmpr,topo,F:unclassified-name,Other Tanakh
331053,1431529,496087,Psalms,116,19,יה,nmpr,pers,A:person-candidate,Other Tanakh
331056,1431530,496088,Psalms,117,1,יהוה,nmpr,pers,E:YHWH,Other Tanakh
331069,1431531,496093,Psalms,117,2,יהוה,nmpr,pers,E:YHWH,Other Tanakh
331073,1431531,496094,Psalms,117,2,יה,nmpr,pers,A:person-candidate,Other Tanakh
331076,1431532,496095,Psalms,118,1,יהוה,nmpr,pers,E:YHWH,Other Tanakh
331085,1431533,496098,Psalms,118,2,ישראל,nmpr,"pers,gens,topo",F:unclassified-name,Other Tanakh
331093,1431534,496100,Psalms,118,3,אהרן,nmpr,pers,A:person-candidate,Other Tanakh
331101,1431535,496102,Psalms,118,4,יהוה,nmpr,pers,E:YHWH,Other Tanakh
331110,1431536,496104,Psalms,118,5,יה,nmpr,pers,A:person-candidate,Other Tanakh
331115,1431536,496105,Psalms,118,5,יה,nmpr,pers,A:person-candidate,Other Tanakh
331116,1431537,496106,Psalms,118,6,יהוה,nmpr,pers,E:YHWH,Other Tanakh
331124,1431538,496109,Psalms,118,7,יהוה,nmpr,pers,E:YHWH,Other Tanakh
331137,1431539,496112,Psalms,118,8,יהוה,nmpr,pers,E:YHWH,Other Tanakh
331147,1431540,496115,Psalms,118,9,יהוה,nmpr,pers,E:YHWH,Other Tanakh
331157,1431541,496118,Psalms,118,10,יהוה,nmpr,pers,E:YHWH,Other Tanakh
331165,1431542,496122,Psalms,118,11,יהוה,nmpr,pers,E:YHWH,Other Tanakh
331177,1431543,496126,Psalms,118,12,יהוה,nmpr,pers,E:YHWH,Other Tanakh
331185,1431544,496130,Psalms,118,13,יהוה,nmpr,pers,E:YHWH,Other Tanakh
331190,1431545,496131,Psalms,118,14,יה,nmpr,pers,A:person-candidate,Other Tanakh
331204,1431546,496134,Psalms,118,15,יהוה,nmpr,pers,E:YHWH,Other Tanakh
331208,1431547,496135,Psalms,118,16,יהוה,nmpr,pers,E:YHWH,Other Tanakh
331211,1431547,496136,Psalms,118,16,יהוה,nmpr,pers,E:YHWH,Other Tanakh
331221,1431548,496139,Psalms,118,17,יה,nmpr,pers,A:person-candidate,Other Tanakh
331224,1431549,496140,Psalms,118,18,יה,nmpr,pers,A:person-candidate,Other Tanakh
331238,1431550,496144,Psalms,118,19,יה,nmpr,pers,A:person-candidate,Other Tanakh
331243,1431551,496145,Psalms,118,20,יהוה,nmpr,pers,E:YHWH,Other Tanakh
331265,1431554,496152,Psalms,118,23,יהוה,nmpr,pers,E:YHWH,Other Tanakh
331276,1431555,496155,Psalms,118,24,יהוה,nmpr,pers,E:YHWH,Other Tanakh
331282,1431556,496159,Psalms,118,25,יהוה,nmpr,pers,E:YHWH,Other Tanakh
331286,1431556,496161,Psalms,118,25,יהוה,nmpr,pers,E:YHWH,Other Tanakh
331294,1431557,496163,Psalms,118,26,יהוה,nmpr,pers,E:YHWH,Other Tanakh
331298,1431557,496164,Psalms,118,26,יהוה,nmpr,pers,E:YHWH,Other Tanakh
331299,1431558,496165,Psalms,118,27,אל,subs,,C:divine-title-candidate,Other Tanakh
331300,1431558,496165,Psalms,118,27,יהוה,nmpr,pers,E:YHWH,Other Tanakh
331312,1431559,496168,Psalms,118,28,אל,subs,,C:divine-title-candidate,Other Tanakh
331316,1431559,496170,Psalms,118,28,אלהים,subs,,D:Elohim,Other Tanakh
331320,1431560,496172,Psalms,118,29,יהוה,nmpr,pers,E:YHWH,Other Tanakh
331334,1431561,496176,Psalms,119,1,יהוה,nmpr,pers,E:YHWH,Other Tanakh
331366,1431566,496187,Psalms,119,6,אל,prep,,C:divine-title-candidate,Other Tanakh
331380,1431568,496191,Psalms,119,8,אל,nega,,C:divine-title-candidate,Other Tanakh
331398,1431570,496195,Psalms,119,10,אל,nega,,C:divine-title-candidate,Other Tanakh
331412,1431572,496199,Psalms,119,12,יהוה,nmpr,pers,E:YHWH,Other Tanakh
331460,1431579,496213,Psalms,119,19,אל,nega,,C:divine-title-candidate,Other Tanakh
331468,1431580,496214,Psalms,119,20,אל,prep,,C:divine-title-candidate,Other Tanakh
331546,1431591,496238,Psalms,119,31,יהוה,nmpr,pers,E:YHWH,Other Tanakh
331547,1431591,496239,Psalms,119,31,אל,nega,,C:divine-title-candidate,Other Tanakh
331556,1431593,496243,Psalms,119,33,יהוה,nmpr,pers,E:YHWH,Other Tanakh
331580,1431596,496250,Psalms,119,36,אל,prep,,C:divine-title-candidate,Other Tanakh
331583,1431596,496251,Psalms,119,36,אל,nega,,C:divine-title-candidate,Other Tanakh
331584,1431596,496251,Psalms,119,36,אל,prep,,C:divine-title-candidate,Other Tanakh
331618,1431601,496263,Psalms,119,41,יהוה,nmpr,pers,E:YHWH,Other Tanakh
331631,1431603,496267,Psalms,119,43,אל,nega,,C:divine-title-candidate,Other Tanakh
331664,1431606,496272,Psalms,119,46,מלך,subs,,B:deity-candidate,Other Tanakh
331677,1431608,496276,Psalms,119,48,אל,prep,,C:divine-title-candidate,Other Tanakh
331711,1431612,496286,Psalms,119,52,יהוה,nmpr,pers,E:YHWH,Other Tanakh
331732,1431615,496292,Psalms,119,55,יהוה,nmpr,pers,E:YHWH,Other Tanakh
331743,1431617,496296,Psalms,119,57,יהוה,nmpr,pers,E:YHWH,Other Tanakh
331761,1431619,496302,Psalms,119,59,אל,prep,,C:divine-title-candidate,Other Tanakh
331796,1431624,496314,Psalms,119,64,יהוה,nmpr,pers,E:YHWH,Other Tanakh
331806,1431625,496317,Psalms,119,65,יהוה,nmpr,pers,E:YHWH,Other Tanakh
331883,1431635,496342,Psalms,119,75,יהוה,nmpr,pers,E:YHWH,Other Tanakh
331996,1431649,496376,Psalms,119,89,יהוה,nmpr,pers,E:YHWH,Other Tanakh
332139,1431667,496416,Psalms,119,107,יהוה,nmpr,pers,E:YHWH,Other Tanakh
332147,1431668,496419,Psalms,119,108,יהוה,nmpr,pers,E:YHWH,Other Tanakh
332202,1431675,496435,Psalms,119,115,אלהים,subs,,D:Elohim,Other Tanakh
332209,1431676,496438,Psalms,119,116,אל,nega,,C:divine-title-candidate,Other Tanakh
332257,1431682,496452,Psalms,119,122,אל,nega,,C:divine-title-candidate,Other Tanakh
332286,1431686,496459,Psalms,119,126,יהוה,nmpr,pers,E:YHWH,Other Tanakh
332328,1431692,496472,Psalms,119,132,אל,prep,,C:divine-title-candidate,Other Tanakh
332341,1431693,496475,Psalms,119,133,אל,nega,,C:divine-title-candidate,Other Tanakh
332371,1431697,496483,Psalms,119,137,יהוה,nmpr,pers,E:YHWH,Other Tanakh
332425,1431705,496502,Psalms,119,145,יהוה,nmpr,pers,E:YHWH,Other Tanakh
332453,1431709,496513,Psalms,119,149,יהוה,nmpr,pers,E:YHWH,Other Tanakh
332465,1431711,496518,Psalms,119,151,יהוה,nmpr,pers,E:YHWH,Other Tanakh
332503,1431716,496531,Psalms,119,156,יהוה,nmpr,pers,E:YHWH,Other Tanakh
332527,1431719,496540,Psalms,119,159,יהוה,nmpr,pers,E:YHWH,Other Tanakh
332582,1431726,496555,Psalms,119,166,יהוה,nmpr,pers,E:YHWH,Other Tanakh
332604,1431729,496562,Psalms,119,169,יהוה,nmpr,pers,E:YHWH,Other Tanakh
332638,1431734,496574,Psalms,119,174,יהוה,nmpr,pers,E:YHWH,Other Tanakh
332662,1431737,496583,Psalms,120,1,אל,prep,,C:divine-title-candidate,Other Tanakh
332663,1431737,496583,Psalms,120,1,יהוה,nmpr,pers,E:YHWH,Other Tanakh
332671,1431738,496585,Psalms,120,2,יהוה,nmpr,pers,E:YHWH,Other Tanakh
332699,1431741,496594,Psalms,120,5,משך,nmpr,gens,F:unclassified-name,Other Tanakh
332703,1431741,496595,Psalms,120,5,קדר,nmpr,"pers,gens",F:unclassified-name,Other Tanakh
332726,1431744,496601,Psalms,121,1,אל,prep,,C:divine-title-candidate,Other Tanakh
332736,1431745,496603,Psalms,121,2,יהוה,nmpr,pers,E:YHWH,Other Tanakh
332741,1431746,496604,Psalms,121,3,אל,nega,,C:divine-title-candidate,Other Tanakh
332747,1431746,496605,Psalms,121,3,אל,nega,,C:divine-title-candidate,Other Tanakh
332757,1431747,496607,Psalms,121,4,ישראל,nmpr,"pers,gens,topo",F:unclassified-name,Other Tanakh
332758,1431748,496608,Psalms,121,5,יהוה,nmpr,pers,E:YHWH,Other Tanakh
332760,1431748,496609,Psalms,121,5,יהוה,nmpr,pers,E:YHWH,Other Tanakh
332775,1431750,496612,Psalms,121,7,יהוה,nmpr,pers,E:YHWH,Other Tanakh
332783,1431751,496614,Psalms,121,8,יהוה,nmpr,pers,E:YHWH,Other Tanakh
332797,1431752,496618,Psalms,122,1,דוד,nmpr,pers,A:person-candidate,Other Tanakh
332803,1431752,496621,Psalms,122,1,יהוה,nmpr,pers,E:YHWH,Other Tanakh
332810,1431753,496623,Psalms,122,2,ירושלם,nmpr,topo,F:unclassified-name,Other Tanakh
332811,1431754,496624,Psalms,122,3,ירושלם,nmpr,topo,F:unclassified-name,Other Tanakh
332825,1431755,496627,Psalms,122,4,יה,nmpr,pers,A:person-candidate,Other Tanakh
332828,1431755,496628,Psalms,122,4,ישראל,nmpr,"pers,gens,topo",F:unclassified-name,Other Tanakh
332833,1431755,496629,Psalms,122,4,יהוה,nmpr,pers,E:YHWH,Other Tanakh
332843,1431756,496631,Psalms,122,5,דוד,nmpr,pers,A:person-candidate,Other Tanakh
332846,1431757,496632,Psalms,122,6,ירושלם,nmpr,topo,F:unclassified-name,Other Tanakh
332866,1431760,496638,Psalms,122,9,יהוה,nmpr,pers,E:YHWH,Other Tanakh
332867,1431760,496638,Psalms,122,9,אלהים,subs,,D:Elohim,Other Tanakh
332874,1431761,496640,Psalms,123,1,אל,prep,,C:divine-title-candidate,Other Tanakh
332887,1431762,496643,Psalms,123,2,אל,prep,,C:divine-title-candidate,Other Tanakh
332893,1431762,496644,Psalms,123,2,אל,prep,,C:divine-title-candidate,Other Tanakh
332898,1431762,496645,Psalms,123,2,אל,prep,,C:divine-title-candidate,Other Tanakh
332899,1431762,496645,Psalms,123,2,יהוה,nmpr,pers,E:YHWH,Other Tanakh
332900,1431762,496645,Psalms,123,2,אלהים,subs,,D:Elohim,Other Tanakh
332905,1431763,496648,Psalms,123,3,יהוה,nmpr,pers,E:YHWH,Other Tanakh
332928,1431765,496654,Psalms,124,1,דוד,nmpr,pers,A:person-candidate,Other Tanakh
332930,1431765,496655,Psalms,124,1,יהוה,nmpr,pers,E:YHWH,Other Tanakh
332936,1431765,496657,Psalms,124,1,ישראל,nmpr,"pers,gens,topo",F:unclassified-name,Other Tanakh
332938,1431766,496658,Psalms,124,2,יהוה,nmpr,pers,E:YHWH,Other Tanakh
332970,1431770,496666,Psalms,124,6,יהוה,nmpr,pers,E:YHWH,Other Tanakh
332993,1431772,496671,Psalms,124,8,יהוה,nmpr,pers,E:YHWH,Other Tanakh
333004,1431773,496673,Psalms,125,1,יהוה,nmpr,pers,E:YHWH,Other Tanakh
333007,1431773,496674,Psalms,125,1,ציון,nmpr,topo,F:unclassified-name,Other Tanakh
333013,1431774,496677,Psalms,125,2,ירושלם,nmpr,topo,F:unclassified-name,Other Tanakh
333018,1431774,496679,Psalms,125,2,יהוה,nmpr,pers,E:YHWH,Other Tanakh
333046,1431776,496683,Psalms,125,4,יהוה,nmpr,pers,E:YHWH,Other Tanakh
333060,1431777,496685,Psalms,125,5,יהוה,nmpr,pers,E:YHWH,Other Tanakh
333067,1431777,496686,Psalms,125,5,ישראל,nmpr,"pers,gens,topo",F:unclassified-name,Other Tanakh
333073,1431778,496688,Psalms,126,1,יהוה,nmpr,pers,E:YHWH,Other Tanakh
333076,1431778,496688,Psalms,126,1,ציון,nmpr,topo,F:unclassified-name,Other Tanakh
333093,1431779,496693,Psalms,126,2,יהוה,nmpr,pers,E:YHWH,Other Tanakh
333099,1431780,496695,Psalms,126,3,יהוה,nmpr,pers,E:YHWH,Other Tanakh
333106,1431781,496699,Psalms,126,4,יהוה,nmpr,pers,E:YHWH,Other Tanakh
333139,1431784,496708,Psalms,127,1,שלמה,nmpr,pers,A:person-candidate,Other Tanakh
333141,1431784,496709,Psalms,127,1,יהוה,nmpr,pers,E:YHWH,Other Tanakh
333150,1431784,496711,Psalms,127,1,יהוה,nmpr,pers,E:YHWH,Other Tanakh
333174,1431786,496720,Psalms,127,3,יהוה,nmpr,pers,E:YHWH,Other Tanakh
333212,1431789,496729,Psalms,128,1,יהוה,nmpr,pers,E:YHWH,Other Tanakh
333245,1431792,496739,Psalms,128,4,יהוה,nmpr,pers,E:YHWH,Other Tanakh
333247,1431793,496740,Psalms,128,5,יהוה,nmpr,pers,E:YHWH,Other Tanakh
333249,1431793,496740,Psalms,128,5,ציון,nmpr,topo,F:unclassified-name,Other Tanakh
333254,1431793,496741,Psalms,128,5,ירושלם,nmpr,topo,F:unclassified-name,Other Tanakh
333265,1431794,496743,Psalms,128,6,ישראל,nmpr,"pers,gens,topo",F:unclassified-name,Other Tanakh
333275,1431795,496746,Psalms,129,1,ישראל,nmpr,"pers,gens,topo",F:unclassified-name,Other Tanakh
333291,1431798,496751,Psalms,129,4,יהוה,nmpr,pers,E:YHWH,Other Tanakh
333302,1431799,496754,Psalms,129,5,ציון,nmpr,topo,F:unclassified-name,Other Tanakh
333325,1431802,496761,Psalms,129,8,יהוה,nmpr,pers,E:YHWH,Other Tanakh
333326,1431802,496761,Psalms,129,8,אל,prep,,C:divine-title-candidate,Other Tanakh
333331,1431802,496762,Psalms,129,8,יהוה,nmpr,pers,E:YHWH,Other Tanakh
333338,1431803,496765,Psalms,130,1,יהוה,nmpr,pers,E:YHWH,Other Tanakh
333339,1431804,496766,Psalms,130,2,אדני,nmpr,pers,C:divine-title-candidate,Other Tanakh
333352,1431805,496770,Psalms,130,3,יה,nmpr,pers,A:person-candidate,Other Tanakh
333353,1431805,496771,Psalms,130,3,אדני,nmpr,pers,C:divine-title-candidate,Other Tanakh
333363,1431807,496775,Psalms,130,5,יהוה,nmpr,pers,E:YHWH,Other Tanakh
333372,1431808,496778,Psalms,130,6,אדני,nmpr,pers,C:divine-title-candidate,Other Tanakh
333383,1431809,496782,Psalms,130,7,ישראל,nmpr,"pers,gens,topo",F:unclassified-name,Other Tanakh
333384,1431809,496781,Psalms,130,7,אל,prep,,C:divine-title-candidate,Other Tanakh
333385,1431809,496781,Psalms,130,7,יהוה,nmpr,pers,E:YHWH,Other Tanakh
333388,1431809,496783,Psalms,130,7,יהוה,nmpr,pers,E:YHWH,Other Tanakh
333399,1431810,496785,Psalms,130,8,ישראל,nmpr,"pers,gens,topo",F:unclassified-name,Other Tanakh
333407,1431811,496787,Psalms,131,1,דוד,nmpr,pers,A:person-candidate,Other Tanakh
333408,1431811,496788,Psalms,131,1,יהוה,nmpr,pers,E:YHWH,Other Tanakh
333441,1431813,496796,Psalms,131,3,ישראל,nmpr,"pers,gens,topo",F:unclassified-name,Other Tanakh
333442,1431813,496795,Psalms,131,3,אל,prep,,C:divine-title-candidate,Other Tanakh
333443,1431813,496795,Psalms,131,3,יהוה,nmpr,pers,E:YHWH,Other Tanakh
333453,1431814,496799,Psalms,132,1,יהוה,nmpr,pers,E:YHWH,Other Tanakh
333455,1431814,496798,Psalms,132,1,דוד,nmpr,pers,A:person-candidate,Other Tanakh
333462,1431815,496800,Psalms,132,2,יהוה,nmpr,pers,E:YHWH,Other Tanakh
333466,1431815,496801,Psalms,132,2,יעקב,nmpr,pers,A:person-candidate,Other Tanakh
333489,1431818,496806,Psalms,132,5,יהוה,nmpr,pers,E:YHWH,Other Tanakh
333493,1431818,496807,Psalms,132,5,יעקב,nmpr,pers,A:person-candidate,Other Tanakh
333497,1431819,496808,Psalms,132,6,אפרתה,nmpr,"topo,pers",F:unclassified-name,Other Tanakh
333501,1431819,496809,Psalms,132,6,יער,nmpr,topo,F:unclassified-name,Other Tanakh
333510,1431821,496813,Psalms,132,8,יהוה,nmpr,pers,E:YHWH,Other Tanakh
333525,1431823,496816,Psalms,132,10,דוד,nmpr,pers,A:person-candidate,Other Tanakh
333527,1431823,496816,Psalms,132,10,אל,nega,,C:divine-title-candidate,Other Tanakh
333532,1431824,496817,Psalms,132,11,יהוה,nmpr,pers,E:YHWH,Other Tanakh
333534,1431824,496817,Psalms,132,11,דוד,nmpr,pers,A:person-candidate,Other Tanakh
333564,1431826,496823,Psalms,132,13,יהוה,nmpr,pers,E:YHWH,Other Tanakh
333566,1431826,496823,Psalms,132,13,ציון,nmpr,topo,F:unclassified-name,Other Tanakh
333597,1431830,496832,Psalms,132,17,דוד,nmpr,pers,A:person-candidate,Other Tanakh
333613,1431832,496837,Psalms,133,1,דוד,nmpr,pers,A:person-candidate,Other Tanakh
333637,1431833,496843,Psalms,133,2,אהרן,nmpr,pers,A:person-candidate,Other Tanakh
333645,1431834,496845,Psalms,133,3,חרמון,nmpr,topo,F:unclassified-name,Other Tanakh
333650,1431834,496846,Psalms,133,3,ציון,nmpr,topo,F:unclassified-name,Other Tanakh
333654,1431834,496847,Psalms,133,3,יהוה,nmpr,pers,E:YHWH,Other Tanakh
333668,1431835,496850,Psalms,134,1,יהוה,nmpr,pers,E:YHWH,Other Tanakh
333671,1431835,496851,Psalms,134,1,יהוה,nmpr,pers,E:YHWH,Other Tanakh
333676,1431835,496852,Psalms,134,1,יהוה,nmpr,pers,E:YHWH,Other Tanakh
333686,1431836,496854,Psalms,134,2,יהוה,nmpr,pers,E:YHWH,Other Tanakh
333688,1431837,496855,Psalms,134,3,יהוה,nmpr,pers,E:YHWH,Other Tanakh
333690,1431837,496855,Psalms,134,3,ציון,nmpr,topo,F:unclassified-name,Other Tanakh
333696,1431838,496857,Psalms,135,1,יה,nmpr,pers,A:person-candidate,Other Tanakh
333700,1431838,496858,Psalms,135,1,יהוה,nmpr,pers,E:YHWH,Other Tanakh
333703,1431838,496860,Psalms,135,1,יהוה,nmpr,pers,E:YHWH,Other Tanakh
333708,1431839,496861,Psalms,135,2,יהוה,nmpr,pers,E:YHWH,Other Tanakh
333712,1431839,496861,Psalms,135,2,אלהים,subs,,D:Elohim,Other Tanakh
333714,1431840,496862,Psalms,135,3,יה,nmpr,pers,A:person-candidate,Other Tanakh
333717,1431840,496863,Psalms,135,3,יהוה,nmpr,pers,E:YHWH,Other Tanakh
333724,1431841,496866,Psalms,135,4,יעקב,nmpr,pers,A:person-candidate,Other Tanakh
333727,1431841,496866,Psalms,135,4,יה,nmpr,pers,A:person-candidate,Other Tanakh
333728,1431841,496867,Psalms,135,4,ישראל,nmpr,"pers,gens,topo",F:unclassified-name,Other Tanakh
333736,1431842,496869,Psalms,135,5,יהוה,nmpr,pers,E:YHWH,Other Tanakh
333741,1431842,496870,Psalms,135,5,אלהים,subs,,D:Elohim,Other Tanakh
333745,1431843,496872,Psalms,135,6,יהוה,nmpr,pers,E:YHWH,Other Tanakh
333778,1431845,496876,Psalms,135,8,מצרים,nmpr,topo,F:unclassified-name,Other Tanakh
333789,1431846,496878,Psalms,135,9,מצרים,nmpr,topo,F:unclassified-name,Other Tanakh
333802,1431847,496880,Psalms,135,10,מלך,subs,,B:deity-candidate,Other Tanakh
333805,1431848,496881,Psalms,135,11,סיחון,nmpr,pers,A:person-candidate,Other Tanakh
333806,1431848,496881,Psalms,135,11,מלך,subs,,B:deity-candidate,Other Tanakh
333811,1431848,496881,Psalms,135,11,עוג,nmpr,pers,A:person-candidate,Other Tanakh
333812,1431848,496881,Psalms,135,11,מלך,subs,,B:deity-candidate,Other Tanakh
333814,1431848,496881,Psalms,135,11,בשן,nmpr,topo,F:unclassified-name,Other Tanakh
333819,1431848,496881,Psalms,135,11,כנען,nmpr,"pers,gens,topo",F:unclassified-name,Other Tanakh
333826,1431849,496883,Psalms,135,12,ישראל,nmpr,"pers,gens,topo",F:unclassified-name,Other Tanakh
333828,1431850,496884,Psalms,135,13,יהוה,nmpr,pers,E:YHWH,Other Tanakh
333832,1431850,496886,Psalms,135,13,יהוה,nmpr,pers,E:YHWH,Other Tanakh
333840,1431851,496888,Psalms,135,14,יהוה,nmpr,pers,E:YHWH,Other Tanakh
333884,1431856,496902,Psalms,135,19,ישראל,nmpr,"pers,gens,topo",F:unclassified-name,Other Tanakh
333887,1431856,496903,Psalms,135,19,יהוה,nmpr,pers,E:YHWH,Other Tanakh
333889,1431856,496904,Psalms,135,19,אהרן,nmpr,pers,A:person-candidate,Other Tanakh
333892,1431856,496905,Psalms,135,19,יהוה,nmpr,pers,E:YHWH,Other Tanakh
333898,1431857,496907,Psalms,135,20,יהוה,nmpr,pers,E:YHWH,Other Tanakh
333900,1431857,496908,Psalms,135,20,יהוה,nmpr,pers,E:YHWH,Other Tanakh
333903,1431857,496909,Psalms,135,20,יהוה,nmpr,pers,E:YHWH,Other Tanakh
333905,1431858,496910,Psalms,135,21,יהוה,nmpr,pers,E:YHWH,Other Tanakh
333907,1431858,496910,Psalms,135,21,ציון,nmpr,topo,F:unclassified-name,Other Tanakh
333909,1431858,496911,Psalms,135,21,ירושלם,nmpr,topo,F:unclassified-name,Other Tanakh
333911,1431858,496912,Psalms,135,21,יה,nmpr,pers,A:person-candidate,Other Tanakh
333914,1431859,496913,Psalms,136,1,יהוה,nmpr,pers,E:YHWH,Other Tanakh
333923,1431860,496916,Psalms,136,2,אלהים,subs,,D:Elohim,Other Tanakh
333925,1431860,496916,Psalms,136,2,אלהים,subs,,D:Elohim,Other Tanakh
334006,1431868,496932,Psalms,136,10,מצרים,nmpr,topo,F:unclassified-name,Other Tanakh
334015,1431869,496934,Psalms,136,11,ישראל,nmpr,"pers,gens,topo",F:unclassified-name,Other Tanakh
334045,1431872,496940,Psalms,136,14,ישראל,nmpr,"pers,gens,topo",F:unclassified-name,Other Tanakh
334076,1431875,496946,Psalms,136,17,מלך,subs,,B:deity-candidate,Other Tanakh
334084,1431876,496948,Psalms,136,18,מלך,subs,,B:deity-candidate,Other Tanakh
334091,1431877,496950,Psalms,136,19,סיחון,nmpr,pers,A:person-candidate,Other Tanakh
334092,1431877,496950,Psalms,136,19,מלך,subs,,B:deity-candidate,Other Tanakh
334101,1431878,496952,Psalms,136,20,עוג,nmpr,pers,A:person-candidate,Other Tanakh
334102,1431878,496952,Psalms,136,20,מלך,subs,,B:deity-candidate,Other Tanakh
334104,1431878,496952,Psalms,136,20,בשן,nmpr,topo,F:unclassified-name,Other Tanakh
334120,1431880,496956,Psalms,136,22,ישראל,nmpr,"pers,gens,topo",F:unclassified-name,Other Tanakh
334154,1431884,496964,Psalms,136,26,אל,subs,,C:divine-title-candidate,Other Tanakh
334163,1431885,496966,Psalms,137,1,בבל,nmpr,topo,F:unclassified-name,Other Tanakh
334171,1431885,496969,Psalms,137,1,ציון,nmpr,topo,F:unclassified-name,Other Tanakh
334191,1431887,496973,Psalms,137,3,ציון,nmpr,topo,F:unclassified-name,Other Tanakh
334196,1431888,496974,Psalms,137,4,יהוה,nmpr,pers,E:YHWH,Other Tanakh
334202,1431889,496976,Psalms,137,5,ירושלם,nmpr,topo,F:unclassified-name,Other Tanakh
334216,1431890,496980,Psalms,137,6,ירושלם,nmpr,topo,F:unclassified-name,Other Tanakh
334221,1431891,496982,Psalms,137,7,יהוה,nmpr,pers,E:YHWH,Other Tanakh
334224,1431891,496981,Psalms,137,7,אדום,nmpr,topo,F:unclassified-name,Other Tanakh
334227,1431891,496981,Psalms,137,7,ירושלם,nmpr,topo,F:unclassified-name,Other Tanakh
334237,1431892,496986,Psalms,137,8,בבל,nmpr,topo,F:unclassified-name,Other Tanakh
334256,1431893,496993,Psalms,137,9,אל,prep,,C:divine-title-candidate,Other Tanakh
334260,1431894,496994,Psalms,138,1,דוד,nmpr,pers,A:person-candidate,Other Tanakh
334266,1431894,496996,Psalms,138,1,אלהים,subs,,D:Elohim,Other Tanakh
334269,1431895,496997,Psalms,138,2,אל,prep,,C:divine-title-candidate,Other Tanakh
334297,1431897,497004,Psalms,138,4,יהוה,nmpr,pers,E:YHWH,Other Tanakh
334299,1431897,497003,Psalms,138,4,מלך,subs,,B:deity-candidate,Other Tanakh
334309,1431898,497006,Psalms,138,5,יהוה,nmpr,pers,E:YHWH,Other Tanakh
334313,1431898,497007,Psalms,138,5,יהוה,nmpr,pers,E:YHWH,Other Tanakh
334316,1431899,497008,Psalms,138,6,יהוה,nmpr,pers,E:YHWH,Other Tanakh
334339,1431901,497015,Psalms,138,8,יהוה,nmpr,pers,E:YHWH,Other Tanakh
334342,1431901,497016,Psalms,138,8,יהוה,nmpr,pers,E:YHWH,Other Tanakh
334348,1431901,497018,Psalms,138,8,אל,nega,,C:divine-title-candidate,Other Tanakh
334354,1431902,497020,Psalms,139,1,דוד,nmpr,pers,A:person-candidate,Other Tanakh
334356,1431902,497022,Psalms,139,1,יהוה,nmpr,pers,E:YHWH,Other Tanakh
334384,1431905,497035,Psalms,139,4,יהוה,nmpr,pers,E:YHWH,Other Tanakh
334418,1431909,497045,Psalms,139,8,שאול,subs,,A:person-candidate,Other Tanakh
334511,1431918,497074,Psalms,139,17,אל,subs,,C:divine-title-candidate,Other Tanakh
334525,1431920,497081,Psalms,139,19,אלוה,subs,,C:divine-title-candidate,Other Tanakh
334544,1431922,497087,Psalms,139,21,יהוה,nmpr,pers,E:YHWH,Other Tanakh
334558,1431924,497092,Psalms,139,23,אל,subs,,C:divine-title-candidate,Other Tanakh
334582,1431926,497100,Psalms,140,1,דוד,nmpr,pers,A:person-candidate,Other Tanakh
334584,1431927,497102,Psalms,140,2,יהוה,nmpr,pers,E:YHWH,Other Tanakh
334611,1431930,497110,Psalms,140,5,יהוה,nmpr,pers,E:YHWH,Other Tanakh
334641,1431932,497119,Psalms,140,7,יהוה,nmpr,pers,E:YHWH,Other Tanakh
334642,1431932,497120,Psalms,140,7,אל,subs,,C:divine-title-candidate,Other Tanakh
334645,1431932,497122,Psalms,140,7,יהוה,nmpr,pers,E:YHWH,Other Tanakh
334648,1431933,497123,Psalms,140,8,יהוה,nmpr,pers,E:YHWH,Other Tanakh
334649,1431933,497123,Psalms,140,8,אדני,nmpr,pers,C:divine-title-candidate,Other Tanakh
334658,1431934,497125,Psalms,140,9,אל,nega,,C:divine-title-candidate,Other Tanakh
334660,1431934,497126,Psalms,140,9,יהוה,nmpr,pers,E:YHWH,Other Tanakh
334664,1431934,497127,Psalms,140,9,אל,nega,,C:divine-title-candidate,Other Tanakh
334700,1431938,497140,Psalms,140,13,יהוה,nmpr,pers,E:YHWH,Other Tanakh
334716,1431940,497143,Psalms,141,1,דוד,nmpr,pers,A:person-candidate,Other Tanakh
334717,1431940,497144,Psalms,141,1,יהוה,nmpr,pers,E:YHWH,Other Tanakh
334736,1431942,497152,Psalms,141,3,יהוה,nmpr,pers,E:YHWH,Other Tanakh
334744,1431943,497154,Psalms,141,4,אל,nega,,C:divine-title-candidate,Other Tanakh
334771,1431944,497162,Psalms,141,5,אל,nega,,C:divine-title-candidate,Other Tanakh
334801,1431946,497170,Psalms,141,7,שאול,subs,,A:person-candidate,Other Tanakh
334803,1431947,497171,Psalms,141,8,אל,prep,,C:divine-title-candidate,Other Tanakh
334804,1431947,497172,Psalms,141,8,יהוה,nmpr,pers,E:YHWH,Other Tanakh
334805,1431947,497172,Psalms,141,8,אדני,nmpr,pers,C:divine-title-candidate,Other Tanakh
334809,1431947,497174,Psalms,141,8,אל,nega,,C:divine-title-candidate,Other Tanakh
334832,1431950,497181,Psalms,142,1,דוד,nmpr,pers,A:person-candidate,Other Tanakh
334840,1431951,497184,Psalms,142,2,אל,prep,,C:divine-title-candidate,Other Tanakh
334841,1431951,497184,Psalms,142,2,יהוה,nmpr,pers,E:YHWH,Other Tanakh
334844,1431951,497185,Psalms,142,2,אל,prep,,C:divine-title-candidate,Other Tanakh
334845,1431951,497185,Psalms,142,2,יהוה,nmpr,pers,E:YHWH,Other Tanakh
334886,1431955,497197,Psalms,142,6,אל,prep,,C:divine-title-candidate,Other Tanakh
334887,1431955,497198,Psalms,142,6,יהוה,nmpr,pers,E:YHWH,Other Tanakh
334897,1431956,497202,Psalms,142,7,אל,prep,,C:divine-title-candidate,Other Tanakh
334924,1431958,497210,Psalms,143,1,דוד,nmpr,pers,A:person-candidate,Other Tanakh
334925,1431958,497211,Psalms,143,1,יהוה,nmpr,pers,E:YHWH,Other Tanakh
334929,1431958,497213,Psalms,143,1,אל,prep,,C:divine-title-candidate,Other Tanakh
334937,1431959,497215,Psalms,143,2,אל,nega,,C:divine-title-candidate,Other Tanakh
334987,1431963,497225,Psalms,143,6,אל,prep,,C:divine-title-candidate,Other Tanakh
334996,1431964,497230,Psalms,143,7,יהוה,nmpr,pers,E:YHWH,Other Tanakh
334999,1431964,497232,Psalms,143,7,אל,nega,,C:divine-title-candidate,Other Tanakh
335021,1431965,497238,Psalms,143,8,אל,prep,,C:divine-title-candidate,Other Tanakh
335027,1431966,497240,Psalms,143,9,יהוה,nmpr,pers,E:YHWH,Other Tanakh
335028,1431966,497241,Psalms,143,9,אל,prep,,C:divine-title-candidate,Other Tanakh
335036,1431967,497244,Psalms,143,10,אלהים,subs,,D:Elohim,Other Tanakh
335045,1431968,497248,Psalms,143,11,יהוה,nmpr,pers,E:YHWH,Other Tanakh
335067,1431970,497253,Psalms,144,1,דוד,nmpr,pers,A:person-candidate,Other Tanakh
335069,1431970,497254,Psalms,144,1,יהוה,nmpr,pers,E:YHWH,Other Tanakh
335096,1431972,497261,Psalms,144,3,יהוה,nmpr,pers,E:YHWH,Other Tanakh
335114,1431974,497268,Psalms,144,5,יהוה,nmpr,pers,E:YHWH,Other Tanakh
335155,1431978,497283,Psalms,144,9,אלהים,subs,,D:Elohim,Other Tanakh
335170,1431979,497286,Psalms,144,10,מלך,subs,,B:deity-candidate,Other Tanakh
335174,1431979,497287,Psalms,144,10,דוד,nmpr,pers,A:person-candidate,Other Tanakh
335212,1431982,497297,Psalms,144,13,אל,prep,,C:divine-title-candidate,Other Tanakh
335241,1431984,497307,Psalms,144,15,יהוה,nmpr,pers,E:YHWH,Other Tanakh
335242,1431984,497307,Psalms,144,15,אלהים,subs,,D:Elohim,Other Tanakh
335245,1431985,497308,Psalms,145,1,דוד,nmpr,pers,A:person-candidate,Other Tanakh
335247,1431985,497310,Psalms,145,1,אלהים,subs,,D:Elohim,Other Tanakh
335249,1431985,497310,Psalms,145,1,מלך,subs,,B:deity-candidate,Other Tanakh
335269,1431987,497314,Psalms,145,3,יהוה,nmpr,pers,E:YHWH,Other Tanakh
335310,1431992,497325,Psalms,145,8,יהוה,nmpr,pers,E:YHWH,Other Tanakh
335317,1431993,497327,Psalms,145,9,יהוה,nmpr,pers,E:YHWH,Other Tanakh
335327,1431994,497330,Psalms,145,10,יהוה,nmpr,pers,E:YHWH,Other Tanakh
335362,1431998,497337,Psalms,145,14,יהוה,nmpr,pers,E:YHWH,Other Tanakh
335375,1431999,497341,Psalms,145,15,אל,prep,,C:divine-title-candidate,Other Tanakh
335395,1432001,497345,Psalms,145,17,יהוה,nmpr,pers,E:YHWH,Other Tanakh
335405,1432002,497347,Psalms,145,18,יהוה,nmpr,pers,E:YHWH,Other Tanakh
335425,1432004,497354,Psalms,145,20,יהוה,nmpr,pers,E:YHWH,Other Tanakh
335436,1432005,497356,Psalms,145,21,יהוה,nmpr,pers,E:YHWH,Other Tanakh
335450,1432006,497358,Psalms,146,1,יה,nmpr,pers,A:person-candidate,Other Tanakh
335454,1432006,497359,Psalms,146,1,יהוה,nmpr,pers,E:YHWH,Other Tanakh
335456,1432007,497361,Psalms,146,2,יהוה,nmpr,pers,E:YHWH,Other Tanakh
335461,1432007,497362,Psalms,146,2,אלהים,subs,,D:Elohim,Other Tanakh
335464,1432008,497363,Psalms,146,3,אל,nega,,C:divine-title-candidate,Other Tanakh
335489,1432010,497370,Psalms,146,5,אל,subs,,C:divine-title-candidate,Other Tanakh
335490,1432010,497370,Psalms,146,5,יעקב,nmpr,pers,A:person-candidate,Other Tanakh
335495,1432010,497371,Psalms,146,5,יהוה,nmpr,pers,E:YHWH,Other Tanakh
335496,1432010,497371,Psalms,146,5,אלהים,subs,,D:Elohim,Other Tanakh
335524,1432012,497378,Psalms,146,7,יהוה,nmpr,pers,E:YHWH,Other Tanakh
335527,1432013,497379,Psalms,146,8,יהוה,nmpr,pers,E:YHWH,Other Tanakh
335530,1432013,497380,Psalms,146,8,יהוה,nmpr,pers,E:YHWH,Other Tanakh
335533,1432013,497381,Psalms,146,8,יהוה,nmpr,pers,E:YHWH,Other Tanakh
335536,1432014,497382,Psalms,146,9,יהוה,nmpr,pers,E:YHWH,Other Tanakh
335548,1432015,497385,Psalms,146,10,מלך,verb,,B:deity-candidate,Other Tanakh
335549,1432015,497385,Psalms,146,10,יהוה,nmpr,pers,E:YHWH,Other Tanakh
335552,1432015,497386,Psalms,146,10,אלהים,subs,,D:Elohim,Other Tanakh
335553,1432015,497387,Psalms,146,10,ציון,nmpr,topo,F:unclassified-name,Other Tanakh
335559,1432015,497388,Psalms,146,10,יה,nmpr,pers,A:person-candidate,Other Tanakh
335561,1432016,497389,Psalms,147,1,יה,nmpr,pers,A:person-candidate,Other Tanakh
335565,1432016,497391,Psalms,147,1,אלהים,subs,,D:Elohim,Other Tanakh
335571,1432017,497394,Psalms,147,2,ירושלם,nmpr,topo,F:unclassified-name,Other Tanakh
335572,1432017,497394,Psalms,147,2,יהוה,nmpr,pers,E:YHWH,Other Tanakh
335574,1432017,497395,Psalms,147,2,ישראל,nmpr,"pers,gens,topo",F:unclassified-name,Other Tanakh
335605,1432021,497403,Psalms,147,6,יהוה,nmpr,pers,E:YHWH,Other Tanakh
335612,1432022,497405,Psalms,147,7,יהוה,nmpr,pers,E:YHWH,Other Tanakh
335617,1432022,497406,Psalms,147,7,אלהים,subs,,D:Elohim,Other Tanakh
335657,1432026,497415,Psalms,147,11,יהוה,nmpr,pers,E:YHWH,Other Tanakh
335666,1432027,497418,Psalms,147,12,ירושלם,nmpr,topo,F:unclassified-name,Other Tanakh
335668,1432027,497417,Psalms,147,12,יהוה,nmpr,pers,E:YHWH,Other Tanakh
335670,1432027,497419,Psalms,147,12,אלהים,subs,,D:Elohim,Other Tanakh
335671,1432027,497420,Psalms,147,12,ציון,nmpr,topo,F:unclassified-name,Other Tanakh
335726,1432034,497436,Psalms,147,19,יעקב,nmpr,pers,A:person-candidate,Other Tanakh
335731,1432034,497437,Psalms,147,19,ישראל,nmpr,"pers,gens,topo",F:unclassified-name,Other Tanakh
335743,1432035,497441,Psalms,147,20,יה,nmpr,pers,A:person-candidate,Other Tanakh
335745,1432036,497442,Psalms,148,1,יה,nmpr,pers,A:person-candidate,Other Tanakh
335748,1432036,497443,Psalms,148,1,יהוה,nmpr,pers,E:YHWH,Other Tanakh
335785,1432040,497456,Psalms,148,5,יהוה,nmpr,pers,E:YHWH,Other Tanakh
335804,1432042,497462,Psalms,148,7,יהוה,nmpr,pers,E:YHWH,Other Tanakh
335841,1432046,497470,Psalms,148,11,מלך,subs,,B:deity-candidate,Other Tanakh
335861,1432048,497474,Psalms,148,13,יהוה,nmpr,pers,E:YHWH,Other Tanakh
335883,1432049,497478,Psalms,148,14,ישראל,nmpr,"pers,gens,topo",F:unclassified-name,Other Tanakh
335887,1432049,497479,Psalms,148,14,יה,nmpr,pers,A:person-candidate,Other Tanakh
335889,1432050,497480,Psalms,149,1,יה,nmpr,pers,A:person-candidate,Other Tanakh
335892,1432050,497481,Psalms,149,1,יהוה,nmpr,pers,E:YHWH,Other Tanakh
335900,1432051,497483,Psalms,149,2,ישראל,nmpr,"pers,gens,topo",F:unclassified-name,Other Tanakh
335904,1432051,497484,Psalms,149,2,ציון,nmpr,topo,F:unclassified-name,Other Tanakh
335907,1432051,497484,Psalms,149,2,מלך,subs,,B:deity-candidate,Other Tanakh
335920,1432053,497487,Psalms,149,4,יהוה,nmpr,pers,E:YHWH,Other Tanakh
335935,1432055,497491,Psalms,149,6,אל,subs,,C:divine-title-candidate,Other Tanakh
335954,1432057,497496,Psalms,149,8,מלך,subs,,B:deity-candidate,Other Tanakh
335973,1432058,497500,Psalms,149,9,יה,nmpr,pers,A:person-candidate,Other Tanakh
335975,1432059,497501,Psalms,150,1,יה,nmpr,pers,A:person-candidate,Other Tanakh
335977,1432059,497502,Psalms,150,1,אל,subs,,C:divine-title-candidate,Other Tanakh
336022,1432064,497512,Psalms,150,6,יה,nmpr,pers,A:person-candidate,Other Tanakh
336024,1432064,497513,Psalms,150,6,יה,nmpr,pers,A:person-candidate,Other Tanakh
336029,1432065,497514,Iob,1,1,עוץ,nmpr,topo,F:unclassified-name,Other Tanakh
336030,1432065,497515,Iob,1,1,איוב,nmpr,pers,A:person-candidate,Other Tanakh
336043,1432065,497516,Iob,1,1,אלהים,subs,,D:Elohim,Other Tanakh
336121,1432069,497530,Iob,1,5,איוב,nmpr,pers,A:person-candidate,Other Tanakh
336136,1432069,497534,Iob,1,5,איוב,nmpr,pers,A:person-candidate,Other Tanakh
336142,1432069,497536,Iob,1,5,אלהים,subs,,D:Elohim,Other Tanakh
336147,1432069,497537,Iob,1,5,איוב,nmpr,pers,A:person-candidate,Other Tanakh
336159,1432070,497539,Iob,1,6,אלהים,subs,,D:Elohim,Other Tanakh
336163,1432070,497540,Iob,1,6,יהוה,nmpr,pers,E:YHWH,Other Tanakh
336173,1432071,497542,Iob,1,7,יהוה,nmpr,pers,E:YHWH,Other Tanakh
336174,1432071,497542,Iob,1,7,אל,prep,,C:divine-title-candidate,Other Tanakh
336185,1432071,497544,Iob,1,7,יהוה,nmpr,pers,E:YHWH,Other Tanakh
336199,1432072,497548,Iob,1,8,יהוה,nmpr,pers,E:YHWH,Other Tanakh
336200,1432072,497548,Iob,1,8,אל,prep,,C:divine-title-candidate,Other Tanakh
336208,1432072,497549,Iob,1,8,איוב,nmpr,pers,A:person-candidate,Other Tanakh
336220,1432072,497551,Iob,1,8,אלהים,subs,,D:Elohim,Other Tanakh
336230,1432073,497553,Iob,1,9,יהוה,nmpr,pers,E:YHWH,Other Tanakh
336236,1432073,497555,Iob,1,9,איוב,nmpr,pers,A:person-candidate,Other Tanakh
336237,1432073,497555,Iob,1,9,אלהים,subs,,D:Elohim,Other Tanakh
336280,1432076,497564,Iob,1,12,יהוה,nmpr,pers,E:YHWH,Other Tanakh
336281,1432076,497564,Iob,1,12,אל,prep,,C:divine-title-candidate,Other Tanakh
336291,1432076,497567,Iob,1,12,אל,prep,,C:divine-title-candidate,Other Tanakh
336292,1432076,497567,Iob,1,12,אל,nega,,C:divine-title-candidate,Other Tanakh
336302,1432076,497568,Iob,1,12,יהוה,nmpr,pers,E:YHWH,Other Tanakh
336323,1432078,497572,Iob,1,14,אל,prep,,C:divine-title-candidate,Other Tanakh
336324,1432078,497572,Iob,1,14,איוב,nmpr,pers,A:person-candidate,Other Tanakh
336339,1432079,497576,Iob,1,15,שבא,nmpr,topo,F:unclassified-name,Other Tanakh
336368,1432080,497584,Iob,1,16,אלהים,subs,,D:Elohim,Other Tanakh
336483,1432084,497610,Iob,1,20,איוב,nmpr,pers,A:person-candidate,Other Tanakh
336508,1432085,497618,Iob,1,21,יהוה,nmpr,pers,E:YHWH,Other Tanakh
336511,1432085,497619,Iob,1,21,יהוה,nmpr,pers,E:YHWH,Other Tanakh
336515,1432085,497620,Iob,1,21,יהוה,nmpr,pers,E:YHWH,Other Tanakh
336522,1432086,497621,Iob,1,22,איוב,nmpr,pers,A:person-candidate,Other Tanakh
336528,1432086,497622,Iob,1,22,אלהים,subs,,D:Elohim,Other Tanakh
336537,1432087,497624,Iob,2,1,אלהים,subs,,D:Elohim,Other Tanakh
336541,1432087,497625,Iob,2,1,יהוה,nmpr,pers,E:YHWH,Other Tanakh
336552,1432087,497627,Iob,2,1,יהוה,nmpr,pers,E:YHWH,Other Tanakh
336555,1432088,497628,Iob,2,2,יהוה,nmpr,pers,E:YHWH,Other Tanakh
336556,1432088,497628,Iob,2,2,אל,prep,,C:divine-title-candidate,Other Tanakh
336568,1432088,497630,Iob,2,2,יהוה,nmpr,pers,E:YHWH,Other Tanakh
336582,1432089,497634,Iob,2,3,יהוה,nmpr,pers,E:YHWH,Other Tanakh
336583,1432089,497634,Iob,2,3,אל,prep,,C:divine-title-candidate,Other Tanakh
336589,1432089,497635,Iob,2,3,אל,prep,,C:divine-title-candidate,Other Tanakh
336591,1432089,497635,Iob,2,3,איוב,nmpr,pers,A:person-candidate,Other Tanakh
336603,1432089,497637,Iob,2,3,אלהים,subs,,D:Elohim,Other Tanakh
336624,1432090,497642,Iob,2,4,יהוה,nmpr,pers,E:YHWH,Other Tanakh
336645,1432091,497648,Iob,2,5,אל,prep,,C:divine-title-candidate,Other Tanakh
336648,1432091,497648,Iob,2,5,אל,prep,,C:divine-title-candidate,Other Tanakh
336652,1432091,497649,Iob,2,5,אל,prep,,C:divine-title-candidate,Other Tanakh
336657,1432092,497650,Iob,2,6,יהוה,nmpr,pers,E:YHWH,Other Tanakh
336658,1432092,497650,Iob,2,6,אל,prep,,C:divine-title-candidate,Other Tanakh
336675,1432093,497653,Iob,2,7,יהוה,nmpr,pers,E:YHWH,Other Tanakh
336679,1432093,497654,Iob,2,7,איוב,nmpr,pers,A:person-candidate,Other Tanakh
336712,1432095,497660,Iob,2,9,אלהים,subs,,D:Elohim,Other Tanakh
336717,1432096,497662,Iob,2,10,אל,prep,,C:divine-title-candidate,Other Tanakh
336732,1432096,497665,Iob,2,10,אלהים,subs,,D:Elohim,Other Tanakh
336744,1432096,497667,Iob,2,10,איוב,nmpr,pers,A:person-candidate,Other Tanakh
336751,1432097,497668,Iob,2,11,איוב,nmpr,pers,A:person-candidate,Other Tanakh
336766,1432097,497672,Iob,2,11,אליפז,nmpr,pers,A:person-candidate,Other Tanakh
336770,1432097,497672,Iob,2,11,בלדד,nmpr,pers,A:person-candidate,Other Tanakh
336774,1432097,497672,Iob,2,11,צפר,nmpr,pers,A:person-candidate,Other Tanakh
336827,1432099,497684,Iob,2,13,אל,prep,,C:divine-title-candidate,Other Tanakh
336839,1432100,497687,Iob,3,1,איוב,nmpr,pers,A:person-candidate,Other Tanakh
336848,1432101,497689,Iob,3,2,איוב,nmpr,pers,A:person-candidate,Other Tanakh
336867,1432103,497697,Iob,3,4,אל,nega,,C:divine-title-candidate,Other Tanakh
336869,1432103,497697,Iob,3,4,אלוה,subs,,C:divine-title-candidate,Other Tanakh
336873,1432103,497698,Iob,3,4,אל,nega,,C:divine-title-candidate,Other Tanakh
336893,1432105,497704,Iob,3,6,אל,nega,,C:divine-title-candidate,Other Tanakh
336901,1432105,497705,Iob,3,6,אל,nega,,C:divine-title-candidate,Other Tanakh
336910,1432106,497708,Iob,3,7,אל,nega,,C:divine-title-candidate,Other Tanakh
336930,1432108,497715,Iob,3,9,אל,nega,,C:divine-title-candidate,Other Tanakh
336973,1432113,497728,Iob,3,14,מלך,subs,,B:deity-candidate,Other Tanakh
337050,1432121,497747,Iob,3,22,אל,prep,,C:divine-title-candidate,Other Tanakh
337063,1432122,497752,Iob,3,23,אלוה,subs,,C:divine-title-candidate,Other Tanakh
337100,1432126,497763,Iob,4,1,אליפז,nmpr,pers,A:person-candidate,Other Tanakh
337108,1432127,497765,Iob,4,2,אל,prep,,C:divine-title-candidate,Other Tanakh
337133,1432130,497774,Iob,4,5,אל,prep,,C:divine-title-candidate,Other Tanakh
337169,1432134,497786,Iob,4,9,אלוה,subs,,C:divine-title-candidate,Other Tanakh
337195,1432137,497791,Iob,4,12,אל,prep,,C:divine-title-candidate,Other Tanakh
337245,1432142,497804,Iob,4,17,אלוה,subs,,C:divine-title-candidate,Other Tanakh
337303,1432147,497819,Iob,5,1,אל,prep,,C:divine-title-candidate,Other Tanakh
337342,1432151,497830,Iob,5,5,אל,prep,,C:divine-title-candidate,Other Tanakh
337375,1432154,497837,Iob,5,8,אל,prep,,C:divine-title-candidate,Other Tanakh
337376,1432154,497837,Iob,5,8,אל,subs,,C:divine-title-candidate,Other Tanakh
337378,1432154,497838,Iob,5,8,אל,prep,,C:divine-title-candidate,Other Tanakh
337379,1432154,497838,Iob,5,8,אלהים,subs,,D:Elohim,Other Tanakh
337464,1432163,497857,Iob,5,17,אלוה,subs,,C:divine-title-candidate,Other Tanakh
337467,1432163,497858,Iob,5,17,שדי,nmpr,pers,C:divine-title-candidate,Other Tanakh
337468,1432163,497858,Iob,5,17,אל,nega,,C:divine-title-candidate,Other Tanakh
337523,1432168,497871,Iob,5,22,אל,nega,,C:divine-title-candidate,Other Tanakh
337562,1432172,497881,Iob,5,26,אל,prep,,C:divine-title-candidate,Other Tanakh
337581,1432174,497888,Iob,6,1,איוב,nmpr,pers,A:person-candidate,Other Tanakh
337606,1432177,497894,Iob,6,4,שדי,nmpr,pers,C:divine-title-candidate,Other Tanakh
337613,1432177,497896,Iob,6,4,אלוה,subs,,C:divine-title-candidate,Other Tanakh
337652,1432181,497906,Iob,6,8,אלוה,subs,,C:divine-title-candidate,Other Tanakh
337655,1432182,497907,Iob,6,9,אלוה,subs,,C:divine-title-candidate,Other Tanakh
337711,1432187,497924,Iob,6,14,שדי,nmpr,pers,C:divine-title-candidate,Other Tanakh
337748,1432192,497936,Iob,6,19,תימא,nmpr,topo,F:unclassified-name,Other Tanakh
337750,1432192,497937,Iob,6,19,שבא,nmpr,topo,F:unclassified-name,Other Tanakh
337836,1432202,497967,Iob,6,29,אל,nega,,C:divine-title-candidate,Other Tanakh
337942,1432212,498000,Iob,7,9,שאול,subs,,A:person-candidate,Other Tanakh
338017,1432220,498022,Iob,7,17,אל,prep,,C:divine-title-candidate,Other Tanakh
338074,1432225,498038,Iob,8,1,בלדד,nmpr,pers,A:person-candidate,Other Tanakh
338089,1432227,498042,Iob,8,3,אל,subs,,C:divine-title-candidate,Other Tanakh
338094,1432227,498043,Iob,8,3,שדי,nmpr,pers,C:divine-title-candidate,Other Tanakh
338109,1432229,498046,Iob,8,5,אל,prep,,C:divine-title-candidate,Other Tanakh
338110,1432229,498046,Iob,8,5,אל,subs,,C:divine-title-candidate,Other Tanakh
338112,1432229,498047,Iob,8,5,אל,prep,,C:divine-title-candidate,Other Tanakh
338113,1432229,498047,Iob,8,5,שדי,nmpr,pers,C:divine-title-candidate,Other Tanakh
338194,1432237,498066,Iob,8,13,אל,subs,,C:divine-title-candidate,Other Tanakh
338253,1432244,498084,Iob,8,20,אל,subs,,C:divine-title-candidate,Other Tanakh
338279,1432247,498091,Iob,9,1,איוב,nmpr,pers,A:person-candidate,Other Tanakh
338291,1432248,498095,Iob,9,2,אל,subs,,C:divine-title-candidate,Other Tanakh
338309,1432250,498100,Iob,9,4,אל,prep,,C:divine-title-candidate,Other Tanakh
338387,1432258,498121,Iob,9,12,אל,prep,,C:divine-title-candidate,Other Tanakh
338390,1432259,498123,Iob,9,13,אלוה,subs,,C:divine-title-candidate,Other Tanakh
338397,1432259,498124,Iob,9,13,רהב,nmpr,topo,F:unclassified-name,Other Tanakh
338575,1432280,498184,Iob,9,34,אל,nega,,C:divine-title-candidate,Other Tanakh
338598,1432283,498191,Iob,10,2,אל,prep,,C:divine-title-candidate,Other Tanakh
338599,1432283,498191,Iob,10,2,אלוה,subs,,C:divine-title-candidate,Other Tanakh
338600,1432283,498192,Iob,10,2,אל,nega,,C:divine-title-candidate,Other Tanakh
338673,1432290,498215,Iob,10,9,אל,prep,,C:divine-title-candidate,Other Tanakh
338798,1432302,498251,Iob,10,21,אל,prep,,C:divine-title-candidate,Other Tanakh
338817,1432304,498256,Iob,11,1,צפר,nmpr,pers,A:person-candidate,Other Tanakh
338853,1432308,498268,Iob,11,5,אלוה,subs,,C:divine-title-candidate,Other Tanakh
338873,1432309,498273,Iob,11,6,אלוה,subs,,C:divine-title-candidate,Other Tanakh
338878,1432310,498274,Iob,11,7,אלוה,subs,,C:divine-title-candidate,Other Tanakh
338883,1432310,498275,Iob,11,7,שדי,nmpr,pers,C:divine-title-candidate,Other Tanakh
338891,1432311,498278,Iob,11,8,שאול,subs,,A:person-candidate,Other Tanakh
338937,1432316,498292,Iob,11,13,אל,prep,,C:divine-title-candidate,Other Tanakh
338945,1432317,498295,Iob,11,14,אל,nega,,C:divine-title-candidate,Other Tanakh
339013,1432324,498314,Iob,12,1,איוב,nmpr,pers,A:person-candidate,Other Tanakh
339044,1432327,498323,Iob,12,4,אלוה,subs,,C:divine-title-candidate,Other Tanakh
339069,1432329,498329,Iob,12,6,אל,subs,,C:divine-title-candidate,Other Tanakh
339073,1432329,498330,Iob,12,6,אלוה,subs,,C:divine-title-candidate,Other Tanakh
339111,1432332,498340,Iob,12,9,יהוה,nmpr,pers,E:YHWH,Other Tanakh
339188,1432341,498362,Iob,12,18,מלך,subs,,B:deity-candidate,Other Tanakh
339281,1432351,498389,Iob,13,3,אל,prep,,C:divine-title-candidate,Other Tanakh
339282,1432351,498389,Iob,13,3,שדי,nmpr,pers,C:divine-title-candidate,Other Tanakh
339286,1432351,498391,Iob,13,3,אל,prep,,C:divine-title-candidate,Other Tanakh
339287,1432351,498391,Iob,13,3,אל,subs,,C:divine-title-candidate,Other Tanakh
339315,1432355,498400,Iob,13,7,אל,subs,,C:divine-title-candidate,Other Tanakh
339328,1432356,498403,Iob,13,8,אל,subs,,C:divine-title-candidate,Other Tanakh
339393,1432363,498423,Iob,13,15,אל,prep,,C:divine-title-candidate,Other Tanakh
339433,1432368,498436,Iob,13,20,אל,nega,,C:divine-title-candidate,Other Tanakh
339447,1432369,498439,Iob,13,21,אל,nega,,C:divine-title-candidate,Other Tanakh
339650,1432389,498494,Iob,14,13,שאול,subs,,A:person-candidate,Other Tanakh
339748,1432399,498526,Iob,15,1,אליפז,nmpr,pers,A:person-candidate,Other Tanakh
339781,1432402,498535,Iob,15,4,אל,subs,,C:divine-title-candidate,Other Tanakh
339811,1432406,498543,Iob,15,8,אלוה,subs,,C:divine-title-candidate,Other Tanakh
339815,1432406,498544,Iob,15,8,אל,prep,,C:divine-title-candidate,Other Tanakh
339840,1432409,498551,Iob,15,11,אל,subs,,C:divine-title-candidate,Other Tanakh
339856,1432411,498555,Iob,15,13,אל,prep,,C:divine-title-candidate,Other Tanakh
339857,1432411,498555,Iob,15,13,אל,subs,,C:divine-title-candidate,Other Tanakh
339952,1432420,498580,Iob,15,22,אל,prep,,C:divine-title-candidate,Other Tanakh
339973,1432422,498586,Iob,15,24,מלך,subs,,B:deity-candidate,Other Tanakh
339980,1432423,498588,Iob,15,25,אל,prep,,C:divine-title-candidate,Other Tanakh
339981,1432423,498588,Iob,15,25,אל,subs,,C:divine-title-candidate,Other Tanakh
339984,1432423,498589,Iob,15,25,אל,prep,,C:divine-title-candidate,Other Tanakh
339985,1432423,498589,Iob,15,25,שדי,nmpr,pers,C:divine-title-candidate,Other Tanakh
339988,1432424,498590,Iob,15,26,אל,prep,,C:divine-title-candidate,Other Tanakh
340042,1432429,498603,Iob,15,31,אל,nega,,C:divine-title-candidate,Other Tanakh
340091,1432434,498615,Iob,16,1,איוב,nmpr,pers,A:person-candidate,Other Tanakh
340188,1432444,498645,Iob,16,11,אל,subs,,C:divine-title-candidate,Other Tanakh
340189,1432444,498645,Iob,16,11,אל,prep,,C:divine-title-candidate,Other Tanakh
340260,1432451,498665,Iob,16,18,אל,nega,,C:divine-title-candidate,Other Tanakh
340264,1432451,498666,Iob,16,18,אל,nega,,C:divine-title-candidate,Other Tanakh
340283,1432453,498672,Iob,16,20,אל,prep,,C:divine-title-candidate,Other Tanakh
340284,1432453,498672,Iob,16,20,אלוה,subs,,C:divine-title-candidate,Other Tanakh
340292,1432454,498673,Iob,16,21,אלוה,subs,,C:divine-title-candidate,Other Tanakh
340416,1432468,498711,Iob,17,13,שאול,subs,,A:person-candidate,Other Tanakh
340444,1432471,498721,Iob,17,16,שאול,subs,,A:person-candidate,Other Tanakh
340453,1432472,498723,Iob,18,1,בלדד,nmpr,pers,A:person-candidate,Other Tanakh
340567,1432485,498752,Iob,18,14,מלך,subs,,B:deity-candidate,Other Tanakh
340602,1432489,498760,Iob,18,18,אל,prep,,C:divine-title-candidate,Other Tanakh
340638,1432492,498769,Iob,18,21,אל,subs,,C:divine-title-candidate,Other Tanakh
340641,1432493,498770,Iob,19,1,איוב,nmpr,pers,A:person-candidate,Other Tanakh
340678,1432498,498782,Iob,19,6,אלוה,subs,,C:divine-title-candidate,Other Tanakh
340822,1432513,498824,Iob,19,21,אלוה,subs,,C:divine-title-candidate,Other Tanakh
340828,1432514,498825,Iob,19,22,אל,subs,,C:divine-title-candidate,Other Tanakh
340877,1432518,498836,Iob,19,26,אלוה,subs,,C:divine-title-candidate,Other Tanakh
340916,1432522,498847,Iob,20,1,צפר,nmpr,pers,A:person-candidate,Other Tanakh
341046,1432536,498881,Iob,20,15,אל,subs,,C:divine-title-candidate,Other Tanakh
341053,1432538,498884,Iob,20,17,אל,nega,,C:divine-title-candidate,Other Tanakh
341174,1432550,498918,Iob,20,29,אלהים,subs,,D:Elohim,Other Tanakh
341179,1432550,498919,Iob,20,29,אל,subs,,C:divine-title-candidate,Other Tanakh
341182,1432551,498920,Iob,21,1,איוב,nmpr,pers,A:person-candidate,Other Tanakh
341212,1432555,498931,Iob,21,5,אל,prep,,C:divine-title-candidate,Other Tanakh
341252,1432559,498945,Iob,21,9,אלוה,subs,,C:divine-title-candidate,Other Tanakh
341290,1432563,498955,Iob,21,13,שאול,subs,,A:person-candidate,Other Tanakh
341296,1432564,498956,Iob,21,14,אל,subs,,C:divine-title-candidate,Other Tanakh
341305,1432565,498959,Iob,21,15,שדי,nmpr,pers,C:divine-title-candidate,Other Tanakh
341347,1432569,498972,Iob,21,19,אלוה,subs,,C:divine-title-candidate,Other Tanakh
341353,1432569,498973,Iob,21,19,אל,prep,,C:divine-title-candidate,Other Tanakh
341362,1432570,498976,Iob,21,20,שדי,nmpr,pers,C:divine-title-candidate,Other Tanakh
341376,1432572,498979,Iob,21,22,אל,subs,,C:divine-title-candidate,Other Tanakh
341499,1432585,499012,Iob,22,1,אליפז,nmpr,pers,A:person-candidate,Other Tanakh
341506,1432586,499014,Iob,22,2,אל,subs,,C:divine-title-candidate,Other Tanakh
341516,1432587,499016,Iob,22,3,שדי,nmpr,pers,C:divine-title-candidate,Other Tanakh
341596,1432596,499037,Iob,22,12,אלוה,subs,,C:divine-title-candidate,Other Tanakh
341609,1432597,499041,Iob,22,13,אל,subs,,C:divine-title-candidate,Other Tanakh
341644,1432601,499051,Iob,22,17,אל,subs,,C:divine-title-candidate,Other Tanakh
341650,1432601,499053,Iob,22,17,שדי,nmpr,pers,C:divine-title-candidate,Other Tanakh
341699,1432607,499066,Iob,22,23,שדי,nmpr,pers,C:divine-title-candidate,Other Tanakh
341714,1432608,499070,Iob,22,24,אופיר,nmpr,topo,F:unclassified-name,Other Tanakh
341717,1432609,499071,Iob,22,25,שדי,nmpr,pers,C:divine-title-candidate,Other Tanakh
341726,1432610,499073,Iob,22,26,שדי,nmpr,pers,C:divine-title-candidate,Other Tanakh
341730,1432610,499074,Iob,22,26,אל,prep,,C:divine-title-candidate,Other Tanakh
341731,1432610,499074,Iob,22,26,אלוה,subs,,C:divine-title-candidate,Other Tanakh
341734,1432611,499075,Iob,22,27,אל,prep,,C:divine-title-candidate,Other Tanakh
341770,1432615,499087,Iob,23,1,איוב,nmpr,pers,A:person-candidate,Other Tanakh
341907,1432630,499133,Iob,23,16,אל,subs,,C:divine-title-candidate,Other Tanakh
341911,1432630,499134,Iob,23,16,שדי,nmpr,pers,C:divine-title-candidate,Other Tanakh
341926,1432632,499137,Iob,24,1,שדי,nmpr,pers,C:divine-title-candidate,Other Tanakh
342035,1432643,499165,Iob,24,12,אלוה,subs,,C:divine-title-candidate,Other Tanakh
342123,1432650,499185,Iob,24,19,שאול,subs,,A:person-candidate,Other Tanakh
342192,1432656,499207,Iob,24,25,אל,subs,,C:divine-title-candidate,Other Tanakh
342196,1432657,499208,Iob,25,1,בלדד,nmpr,pers,A:person-candidate,Other Tanakh
342225,1432660,499214,Iob,25,4,אל,subs,,C:divine-title-candidate,Other Tanakh
342253,1432663,499224,Iob,26,1,איוב,nmpr,pers,A:person-candidate,Other Tanakh
342293,1432668,499233,Iob,26,6,שאול,subs,,A:person-candidate,Other Tanakh
342351,1432674,499245,Iob,26,12,רהב,nmpr,topo,F:unclassified-name,Other Tanakh
342377,1432677,499251,Iob,27,1,איוב,nmpr,pers,A:person-candidate,Other Tanakh
342383,1432678,499254,Iob,27,2,אל,subs,,C:divine-title-candidate,Other Tanakh
342387,1432678,499256,Iob,27,2,שדי,nmpr,pers,C:divine-title-candidate,Other Tanakh
342397,1432679,499259,Iob,27,3,אלוה,subs,,C:divine-title-candidate,Other Tanakh
342447,1432684,499274,Iob,27,8,אלוה,subs,,C:divine-title-candidate,Other Tanakh
342452,1432685,499275,Iob,27,9,אל,subs,,C:divine-title-candidate,Other Tanakh
342459,1432686,499277,Iob,27,10,שדי,nmpr,pers,C:divine-title-candidate,Other Tanakh
342462,1432686,499278,Iob,27,10,אלוה,subs,,C:divine-title-candidate,Other Tanakh
342470,1432687,499279,Iob,27,11,אל,subs,,C:divine-title-candidate,Other Tanakh
342473,1432687,499280,Iob,27,11,שדי,nmpr,pers,C:divine-title-candidate,Other Tanakh
342490,1432689,499285,Iob,27,13,אל,subs,,C:divine-title-candidate,Other Tanakh
342495,1432689,499287,Iob,27,13,שדי,nmpr,pers,C:divine-title-candidate,Other Tanakh
342742,1432715,499352,Iob,28,16,אופיר,nmpr,topo,F:unclassified-name,Other Tanakh
342770,1432718,499358,Iob,28,19,כוש,nmpr,topo,F:unclassified-name,Other Tanakh
342807,1432722,499366,Iob,28,23,אלהים,subs,,D:Elohim,Other Tanakh
342864,1432727,499379,Iob,28,28,אדני,nmpr,pers,C:divine-title-candidate,Other Tanakh
342874,1432728,499383,Iob,29,1,איוב,nmpr,pers,A:person-candidate,Other Tanakh
342886,1432729,499387,Iob,29,2,אלוה,subs,,C:divine-title-candidate,Other Tanakh
342905,1432731,499391,Iob,29,4,אלוה,subs,,C:divine-title-candidate,Other Tanakh
342910,1432732,499392,Iob,29,5,שדי,nmpr,pers,C:divine-title-candidate,Other Tanakh
343040,1432746,499430,Iob,29,19,אל,prep,,C:divine-title-candidate,Other Tanakh
343083,1432751,499441,Iob,29,24,אל,prep,,C:divine-title-candidate,Other Tanakh
343099,1432752,499446,Iob,29,25,מלך,subs,,B:deity-candidate,Other Tanakh
343291,1432772,499497,Iob,30,20,אל,prep,,C:divine-title-candidate,Other Tanakh
343308,1432774,499503,Iob,30,22,אל,prep,,C:divine-title-candidate,Other Tanakh
343417,1432785,499531,Iob,31,2,אלוה,subs,,C:divine-title-candidate,Other Tanakh
343422,1432785,499532,Iob,31,2,שדי,nmpr,pers,C:divine-title-candidate,Other Tanakh
343459,1432789,499540,Iob,31,6,אלוה,subs,,C:divine-title-candidate,Other Tanakh
343534,1432797,499558,Iob,31,14,אל,subs,,C:divine-title-candidate,Other Tanakh
343626,1432806,499577,Iob,31,23,אל,prep,,C:divine-title-candidate,Other Tanakh
343628,1432806,499577,Iob,31,23,אל,subs,,C:divine-title-candidate,Other Tanakh
343682,1432811,499591,Iob,31,28,אל,subs,,C:divine-title-candidate,Other Tanakh
343731,1432816,499603,Iob,31,33,אדם,nmpr,pers,A:person-candidate,Other Tanakh
343758,1432818,499611,Iob,31,35,שדי,nmpr,pers,C:divine-title-candidate,Other Tanakh
343794,1432822,499620,Iob,31,39,בעל,subs,,B:deity-candidate,Other Tanakh
343806,1432823,499623,Iob,31,40,איוב,nmpr,pers,A:person-candidate,Other Tanakh
343817,1432824,499625,Iob,32,1,איוב,nmpr,pers,A:person-candidate,Other Tanakh
343826,1432825,499627,Iob,32,2,אליהוא,nmpr,pers,A:person-candidate,Other Tanakh
343828,1432825,499627,Iob,32,2,ברכאל,nmpr,pers,A:person-candidate,Other Tanakh
343833,1432825,499627,Iob,32,2,רם,nmpr,pers,A:person-candidate,Other Tanakh
343835,1432825,499628,Iob,32,2,איוב,nmpr,pers,A:person-candidate,Other Tanakh
343842,1432825,499629,Iob,32,2,אלהים,subs,,D:Elohim,Other Tanakh
343857,1432826,499632,Iob,32,3,איוב,nmpr,pers,A:person-candidate,Other Tanakh
343859,1432827,499633,Iob,32,4,אליהוא,nmpr,pers,A:person-candidate,Other Tanakh
343862,1432827,499633,Iob,32,4,איוב,nmpr,pers,A:person-candidate,Other Tanakh
343873,1432828,499635,Iob,32,5,אליהוא,nmpr,pers,A:person-candidate,Other Tanakh
343887,1432829,499638,Iob,32,6,אליהוא,nmpr,pers,A:person-candidate,Other Tanakh
343889,1432829,499638,Iob,32,6,ברכאל,nmpr,pers,A:person-candidate,Other Tanakh
343925,1432831,499650,Iob,32,8,שדי,nmpr,pers,C:divine-title-candidate,Other Tanakh
343959,1432835,499662,Iob,32,12,איוב,nmpr,pers,A:person-candidate,Other Tanakh
343968,1432836,499666,Iob,32,13,אל,subs,,C:divine-title-candidate,Other Tanakh
343975,1432837,499668,Iob,32,14,אל,prep,,C:divine-title-candidate,Other Tanakh
344031,1432844,499688,Iob,32,21,אל,nega,,C:divine-title-candidate,Other Tanakh
344037,1432844,499689,Iob,32,21,אל,prep,,C:divine-title-candidate,Other Tanakh
344053,1432846,499695,Iob,33,1,איוב,nmpr,pers,A:person-candidate,Other Tanakh
344076,1432849,499701,Iob,33,4,אל,subs,,C:divine-title-candidate,Other Tanakh
344080,1432849,499702,Iob,33,4,שדי,nmpr,pers,C:divine-title-candidate,Other Tanakh
344095,1432851,499707,Iob,33,6,אל,subs,,C:divine-title-candidate,Other Tanakh
344151,1432857,499723,Iob,33,12,אלוה,subs,,C:divine-title-candidate,Other Tanakh
344155,1432858,499724,Iob,33,13,אל,prep,,C:divine-title-candidate,Other Tanakh
344166,1432859,499726,Iob,33,14,אל,subs,,C:divine-title-candidate,Other Tanakh
344283,1432871,499757,Iob,33,26,אל,prep,,C:divine-title-candidate,Other Tanakh
344284,1432871,499757,Iob,33,26,אלוה,subs,,C:divine-title-candidate,Other Tanakh
344327,1432874,499769,Iob,33,29,אל,subs,,C:divine-title-candidate,Other Tanakh
344344,1432876,499773,Iob,33,31,איוב,nmpr,pers,A:person-candidate,Other Tanakh
344370,1432879,499786,Iob,34,1,אליהוא,nmpr,pers,A:person-candidate,Other Tanakh
344398,1432883,499798,Iob,34,5,איוב,nmpr,pers,A:person-candidate,Other Tanakh
344401,1432883,499800,Iob,34,5,אל,subs,,C:divine-title-candidate,Other Tanakh
344414,1432885,499803,Iob,34,7,איוב,nmpr,pers,A:person-candidate,Other Tanakh
344441,1432887,499809,Iob,34,9,אלהים,subs,,D:Elohim,Other Tanakh
344450,1432888,499812,Iob,34,10,אל,subs,,C:divine-title-candidate,Other Tanakh
344454,1432888,499813,Iob,34,10,שדי,nmpr,pers,C:divine-title-candidate,Other Tanakh
344469,1432890,499816,Iob,34,12,אל,subs,,C:divine-title-candidate,Other Tanakh
344473,1432890,499817,Iob,34,12,שדי,nmpr,pers,C:divine-title-candidate,Other Tanakh
344488,1432892,499820,Iob,34,14,אל,prep,,C:divine-title-candidate,Other Tanakh
344493,1432892,499821,Iob,34,14,אל,prep,,C:divine-title-candidate,Other Tanakh
344526,1432896,499829,Iob,34,18,מלך,subs,,B:deity-candidate,Other Tanakh
344529,1432896,499832,Iob,34,18,אל,prep,,C:divine-title-candidate,Other Tanakh
344589,1432901,499847,Iob,34,23,אל,prep,,C:divine-title-candidate,Other Tanakh
344590,1432901,499847,Iob,34,23,אל,subs,,C:divine-title-candidate,Other Tanakh
344656,1432908,499863,Iob,34,30,מלך,verb,,B:deity-candidate,Other Tanakh
344663,1432909,499864,Iob,34,31,אל,prep,,C:divine-title-candidate,Other Tanakh
344664,1432909,499864,Iob,34,31,אל,subs,,C:divine-title-candidate,Other Tanakh
344704,1432913,499880,Iob,34,35,איוב,nmpr,pers,A:person-candidate,Other Tanakh
344716,1432914,499884,Iob,34,36,איוב,nmpr,pers,A:person-candidate,Other Tanakh
344736,1432915,499887,Iob,34,37,אל,subs,,C:divine-title-candidate,Other Tanakh
344739,1432916,499888,Iob,35,1,אליהוא,nmpr,pers,A:person-candidate,Other Tanakh
344750,1432917,499892,Iob,35,2,אל,subs,,C:divine-title-candidate,Other Tanakh
344818,1432925,499914,Iob,35,10,אלוה,subs,,C:divine-title-candidate,Other Tanakh
344848,1432928,499920,Iob,35,13,אל,subs,,C:divine-title-candidate,Other Tanakh
344850,1432928,499921,Iob,35,13,שדי,nmpr,pers,C:divine-title-candidate,Other Tanakh
344878,1432931,499929,Iob,35,16,איוב,nmpr,pers,A:person-candidate,Other Tanakh
344889,1432932,499931,Iob,36,1,אליהוא,nmpr,pers,A:person-candidate,Other Tanakh
344900,1432933,499935,Iob,36,2,אלוה,subs,,C:divine-title-candidate,Other Tanakh
344921,1432936,499940,Iob,36,5,אל,subs,,C:divine-title-candidate,Other Tanakh
344943,1432938,499946,Iob,36,7,מלך,subs,,B:deity-candidate,Other Tanakh
345070,1432949,499977,Iob,36,18,אל,nega,,C:divine-title-candidate,Other Tanakh
345082,1432951,499981,Iob,36,20,אל,nega,,C:divine-title-candidate,Other Tanakh
345091,1432952,499984,Iob,36,21,אל,nega,,C:divine-title-candidate,Other Tanakh
345093,1432952,499984,Iob,36,21,אל,prep,,C:divine-title-candidate,Other Tanakh
345102,1432953,499986,Iob,36,22,אל,subs,,C:divine-title-candidate,Other Tanakh
345134,1432957,499996,Iob,36,26,אל,subs,,C:divine-title-candidate,Other Tanakh
345243,1432969,500023,Iob,37,5,אל,subs,,C:divine-title-candidate,Other Tanakh
345296,1432974,500035,Iob,37,10,אל,subs,,C:divine-title-candidate,Other Tanakh
345339,1432978,500047,Iob,37,14,איוב,nmpr,pers,A:person-candidate,Other Tanakh
345344,1432978,500049,Iob,37,14,אל,subs,,C:divine-title-candidate,Other Tanakh
345349,1432979,500051,Iob,37,15,אלוה,subs,,C:divine-title-candidate,Other Tanakh
345418,1432986,500072,Iob,37,22,אלוה,subs,,C:divine-title-candidate,Other Tanakh
345421,1432987,500073,Iob,37,23,שדי,nmpr,pers,C:divine-title-candidate,Other Tanakh
345443,1432989,500078,Iob,38,1,יהוה,nmpr,pers,E:YHWH,Other Tanakh
345445,1432989,500078,Iob,38,1,איוב,nmpr,pers,A:person-candidate,Other Tanakh
345505,1432995,500094,Iob,38,7,אלהים,subs,,D:Elohim,Other Tanakh
345622,1433008,500125,Iob,38,20,אל,prep,,C:divine-title-candidate,Other Tanakh
345639,1433010,500130,Iob,38,22,אל,prep,,C:divine-title-candidate,Other Tanakh
345835,1433029,500176,Iob,38,41,אל,prep,,C:divine-title-candidate,Other Tanakh
345836,1433029,500176,Iob,38,41,אל,subs,,C:divine-title-candidate,Other Tanakh
345932,1433040,500208,Iob,39,11,אל,prep,,C:divine-title-candidate,Other Tanakh
345983,1433046,500222,Iob,39,17,אלוה,subs,,C:divine-title-candidate,Other Tanakh
346129,1433060,500256,Iob,40,1,יהוה,nmpr,pers,E:YHWH,Other Tanakh
346131,1433060,500256,Iob,40,1,איוב,nmpr,pers,A:person-candidate,Other Tanakh
346137,1433061,500258,Iob,40,2,שדי,nmpr,pers,C:divine-title-candidate,Other Tanakh
346140,1433061,500259,Iob,40,2,אלוה,subs,,C:divine-title-candidate,Other Tanakh
346144,1433062,500261,Iob,40,3,איוב,nmpr,pers,A:person-candidate,Other Tanakh
346146,1433062,500261,Iob,40,3,יהוה,nmpr,pers,E:YHWH,Other Tanakh
346169,1433065,500270,Iob,40,6,יהוה,nmpr,pers,E:YHWH,Other Tanakh
346171,1433065,500270,Iob,40,6,איוב,nmpr,pers,A:person-candidate,Other Tanakh
346196,1433068,500278,Iob,40,9,אל,subs,,C:divine-title-candidate,Other Tanakh
346286,1433078,500300,Iob,40,19,אל,subs,,C:divine-title-candidate,Other Tanakh
346325,1433082,500312,Iob,40,23,ירדן,nmpr,topo,F:unclassified-name,Other Tanakh
346326,1433082,500312,Iob,40,23,אל,prep,,C:divine-title-candidate,Other Tanakh
346356,1433086,500319,Iob,40,27,אל,prep,,C:divine-title-candidate,Other Tanakh
346360,1433086,500320,Iob,40,27,אל,prep,,C:divine-title-candidate,Other Tanakh
346401,1433091,500331,Iob,40,32,אל,nega,,C:divine-title-candidate,Other Tanakh
346408,1433092,500333,Iob,41,1,אל,prep,,C:divine-title-candidate,Other Tanakh
346499,1433103,500363,Iob,41,12,דוד,subs,,A:person-candidate,Other Tanakh
346616,1433117,500393,Iob,41,26,מלך,subs,,B:deity-candidate,Other Tanakh
346623,1433118,500394,Iob,42,1,איוב,nmpr,pers,A:person-candidate,Other Tanakh
346625,1433118,500394,Iob,42,1,יהוה,nmpr,pers,E:YHWH,Other Tanakh
346682,1433124,500412,Iob,42,7,יהוה,nmpr,pers,E:YHWH,Other Tanakh
346688,1433124,500412,Iob,42,7,אל,prep,,C:divine-title-candidate,Other Tanakh
346689,1433124,500412,Iob,42,7,איוב,nmpr,pers,A:person-candidate,Other Tanakh
346692,1433124,500413,Iob,42,7,יהוה,nmpr,pers,E:YHWH,Other Tanakh
346693,1433124,500413,Iob,42,7,אל,prep,,C:divine-title-candidate,Other Tanakh
346694,1433124,500413,Iob,42,7,אליפז,nmpr,pers,A:person-candidate,Other Tanakh
346707,1433124,500415,Iob,42,7,אל,prep,,C:divine-title-candidate,Other Tanakh
346711,1433124,500415,Iob,42,7,איוב,nmpr,pers,A:person-candidate,Other Tanakh
346723,1433125,500418,Iob,42,8,אל,prep,,C:divine-title-candidate,Other Tanakh
346725,1433125,500418,Iob,42,8,איוב,nmpr,pers,A:person-candidate,Other Tanakh
346731,1433125,500420,Iob,42,8,איוב,nmpr,pers,A:person-candidate,Other Tanakh
346747,1433125,500423,Iob,42,8,אל,prep,,C:divine-title-candidate,Other Tanakh
346751,1433125,500423,Iob,42,8,איוב,nmpr,pers,A:person-candidate,Other Tanakh
346754,1433126,500424,Iob,42,9,אליפז,nmpr,pers,A:person-candidate,Other Tanakh
346758,1433126,500424,Iob,42,9,בלדד,nmpr,pers,A:person-candidate,Other Tanakh
346761,1433126,500424,Iob,42,9,צפר,nmpr,pers,A:person-candidate,Other Tanakh
346769,1433126,500426,Iob,42,9,אל,prep,,C:divine-title-candidate,Other Tanakh
346770,1433126,500426,Iob,42,9,יהוה,nmpr,pers,E:YHWH,Other Tanakh
346773,1433126,500427,Iob,42,9,יהוה,nmpr,pers,E:YHWH,Other Tanakh
346776,1433126,500427,Iob,42,9,איוב,nmpr,pers,A:person-candidate,Other Tanakh
346778,1433127,500428,Iob,42,10,יהוה,nmpr,pers,E:YHWH,Other Tanakh
346782,1433127,500428,Iob,42,10,איוב,nmpr,pers,A:person-candidate,Other Tanakh
346789,1433127,500430,Iob,42,10,יהוה,nmpr,pers,E:YHWH,Other Tanakh
346794,1433127,500431,Iob,42,10,איוב,nmpr,pers,A:person-candidate,Other Tanakh
346799,1433128,500432,Iob,42,11,אל,prep,,C:divine-title-candidate,Other Tanakh
346828,1433128,500436,Iob,42,11,יהוה,nmpr,pers,E:YHWH,Other Tanakh
346842,1433129,500440,Iob,42,12,יהוה,nmpr,pers,E:YHWH,Other Tanakh
346846,1433129,500440,Iob,42,12,איוב,nmpr,pers,A:person-candidate,Other Tanakh
346880,1433131,500443,Iob,42,14,ימימה,nmpr,pers,A:person-candidate,Other Tanakh
346885,1433131,500444,Iob,42,14,קציעה,nmpr,pers,A:person-candidate,Other Tanakh
346890,1433131,500445,Iob,42,14,קרן הפוך,nmpr,pers,A:person-candidate,Other Tanakh
346898,1433132,500446,Iob,42,15,איוב,nmpr,pers,A:person-candidate,Other Tanakh
346913,1433133,500448,Iob,42,16,איוב,nmpr,pers,A:person-candidate,Other Tanakh
346932,1433134,500451,Iob,42,17,איוב,nmpr,pers,A:person-candidate,Other Tanakh
346938,1433135,500452,Proverbia,1,1,שלמה,nmpr,pers,A:person-candidate,Other Tanakh
346940,1433135,500452,Proverbia,1,1,דוד,nmpr,pers,A:person-candidate,Other Tanakh
346941,1433135,500452,Proverbia,1,1,מלך,subs,,B:deity-candidate,Other Tanakh
346942,1433135,500452,Proverbia,1,1,ישראל,nmpr,"pers,gens,topo",F:unclassified-name,Other Tanakh
346990,1433141,500464,Proverbia,1,7,יהוה,nmpr,pers,E:YHWH,Other Tanakh
347003,1433142,500468,Proverbia,1,8,אל,nega,,C:divine-title-candidate,Other Tanakh
347021,1433144,500473,Proverbia,1,10,אל,nega,,C:divine-title-candidate,Other Tanakh
347036,1433146,500478,Proverbia,1,12,שאול,subs,,A:person-candidate,Other Tanakh
347060,1433149,500485,Proverbia,1,15,אל,nega,,C:divine-title-candidate,Other Tanakh
347088,1433151,500490,Proverbia,1,17,בעל,subs,,B:deity-candidate,Other Tanakh
347105,1433153,500495,Proverbia,1,19,בעל,subs,,B:deity-candidate,Other Tanakh
347210,1433163,500524,Proverbia,1,29,יהוה,nmpr,pers,E:YHWH,Other Tanakh
347290,1433172,500544,Proverbia,2,5,יהוה,nmpr,pers,E:YHWH,Other Tanakh
347293,1433172,500545,Proverbia,2,5,אלהים,subs,,D:Elohim,Other Tanakh
347296,1433173,500546,Proverbia,2,6,יהוה,nmpr,pers,E:YHWH,Other Tanakh
347396,1433184,500572,Proverbia,2,17,אלהים,subs,,D:Elohim,Other Tanakh
347400,1433185,500573,Proverbia,2,18,אל,prep,,C:divine-title-candidate,Other Tanakh
347404,1433185,500574,Proverbia,2,18,אל,prep,,C:divine-title-candidate,Other Tanakh
347444,1433190,500584,Proverbia,3,1,אל,nega,,C:divine-title-candidate,Other Tanakh
347463,1433192,500587,Proverbia,3,3,אל,nega,,C:divine-title-candidate,Other Tanakh
347480,1433193,500590,Proverbia,3,4,אלהים,subs,,D:Elohim,Other Tanakh
347484,1433194,500591,Proverbia,3,5,אל,prep,,C:divine-title-candidate,Other Tanakh
347485,1433194,500591,Proverbia,3,5,יהוה,nmpr,pers,E:YHWH,Other Tanakh
347490,1433194,500592,Proverbia,3,5,אל,prep,,C:divine-title-candidate,Other Tanakh
347492,1433194,500592,Proverbia,3,5,אל,nega,,C:divine-title-candidate,Other Tanakh
347502,1433196,500595,Proverbia,3,7,אל,nega,,C:divine-title-candidate,Other Tanakh
347509,1433196,500596,Proverbia,3,7,יהוה,nmpr,pers,E:YHWH,Other Tanakh
347524,1433198,500600,Proverbia,3,9,יהוה,nmpr,pers,E:YHWH,Other Tanakh
347541,1433200,500603,Proverbia,3,11,יהוה,nmpr,pers,E:YHWH,Other Tanakh
347543,1433200,500603,Proverbia,3,11,אל,nega,,C:divine-title-candidate,Other Tanakh
347546,1433200,500605,Proverbia,3,11,אל,nega,,C:divine-title-candidate,Other Tanakh
347554,1433201,500606,Proverbia,3,12,יהוה,nmpr,pers,E:YHWH,Other Tanakh
347616,1433208,500626,Proverbia,3,19,יהוה,nmpr,pers,E:YHWH,Other Tanakh
347634,1433210,500631,Proverbia,3,21,אל,nega,,C:divine-title-candidate,Other Tanakh
347669,1433214,500641,Proverbia,3,25,אל,nega,,C:divine-title-candidate,Other Tanakh
347681,1433215,500644,Proverbia,3,26,יהוה,nmpr,pers,E:YHWH,Other Tanakh
347690,1433216,500646,Proverbia,3,27,אל,nega,,C:divine-title-candidate,Other Tanakh
347694,1433216,500646,Proverbia,3,27,בעל,subs,,B:deity-candidate,Other Tanakh
347698,1433216,500647,Proverbia,3,27,אל,subs,,C:divine-title-candidate,Other Tanakh
347702,1433217,500649,Proverbia,3,28,אל,nega,,C:divine-title-candidate,Other Tanakh
347715,1433218,500654,Proverbia,3,29,אל,nega,,C:divine-title-candidate,Other Tanakh
347726,1433219,500656,Proverbia,3,30,אל,nega,,C:divine-title-candidate,Other Tanakh
347735,1433220,500658,Proverbia,3,31,אל,nega,,C:divine-title-candidate,Other Tanakh
347741,1433220,500659,Proverbia,3,31,אל,nega,,C:divine-title-candidate,Other Tanakh
347748,1433221,500660,Proverbia,3,32,יהוה,nmpr,pers,E:YHWH,Other Tanakh
347755,1433222,500662,Proverbia,3,33,יהוה,nmpr,pers,E:YHWH,Other Tanakh
347796,1433226,500673,Proverbia,4,2,אל,nega,,C:divine-title-candidate,Other Tanakh
347825,1433229,500683,Proverbia,4,5,אל,nega,,C:divine-title-candidate,Other Tanakh
347828,1433229,500684,Proverbia,4,5,אל,nega,,C:divine-title-candidate,Other Tanakh
347833,1433230,500685,Proverbia,4,6,אל,nega,,C:divine-title-candidate,Other Tanakh
347896,1433237,500709,Proverbia,4,13,אל,nega,,C:divine-title-candidate,Other Tanakh
347905,1433238,500712,Proverbia,4,14,אל,nega,,C:divine-title-candidate,Other Tanakh
347908,1433238,500713,Proverbia,4,14,אל,nega,,C:divine-title-candidate,Other Tanakh
347914,1433239,500715,Proverbia,4,15,אל,nega,,C:divine-title-candidate,Other Tanakh
347973,1433245,500733,Proverbia,4,21,אל,nega,,C:divine-title-candidate,Other Tanakh
348024,1433251,500745,Proverbia,4,27,אל,nega,,C:divine-title-candidate,Other Tanakh
348071,1433256,500757,Proverbia,5,5,שאול,subs,,A:person-candidate,Other Tanakh
348088,1433258,500765,Proverbia,5,7,אל,nega,,C:divine-title-candidate,Other Tanakh
348098,1433259,500767,Proverbia,5,8,אל,nega,,C:divine-title-candidate,Other Tanakh
348100,1433259,500767,Proverbia,5,8,אל,prep,,C:divine-title-candidate,Other Tanakh
348223,1433272,500794,Proverbia,5,21,יהוה,nmpr,pers,E:YHWH,Other Tanakh
348284,1433278,500812,Proverbia,6,4,אל,nega,,C:divine-title-candidate,Other Tanakh
348305,1433280,500816,Proverbia,6,6,אל,prep,,C:divine-title-candidate,Other Tanakh
348395,1433290,500842,Proverbia,6,16,יהוה,nmpr,pers,E:YHWH,Other Tanakh
348434,1433294,500855,Proverbia,6,20,אל,nega,,C:divine-title-candidate,Other Tanakh
348477,1433299,500869,Proverbia,6,25,אל,nega,,C:divine-title-candidate,Other Tanakh
348483,1433299,500870,Proverbia,6,25,אל,nega,,C:divine-title-candidate,Other Tanakh
348523,1433303,500878,Proverbia,6,29,אל,prep,,C:divine-title-candidate,Other Tanakh
348738,1433325,500940,Proverbia,7,16,מצרים,nmpr,topo,F:unclassified-name,Other Tanakh
348747,1433327,500943,Proverbia,7,18,דוד,subs,,A:person-candidate,Other Tanakh
348790,1433331,500952,Proverbia,7,22,אל,prep,,C:divine-title-candidate,Other Tanakh
348796,1433331,500953,Proverbia,7,22,אל,prep,,C:divine-title-candidate,Other Tanakh
348806,1433332,500955,Proverbia,7,23,אל,prep,,C:divine-title-candidate,Other Tanakh
348825,1433334,500962,Proverbia,7,25,אל,nega,,C:divine-title-candidate,Other Tanakh
348827,1433334,500962,Proverbia,7,25,אל,prep,,C:divine-title-candidate,Other Tanakh
348830,1433334,500963,Proverbia,7,25,אל,nega,,C:divine-title-candidate,Other Tanakh
348843,1433336,500966,Proverbia,7,27,שאול,subs,,A:person-candidate,Other Tanakh
348846,1433336,500967,Proverbia,7,27,אל,prep,,C:divine-title-candidate,Other Tanakh
348874,1433340,500972,Proverbia,8,4,אל,prep,,C:divine-title-candidate,Other Tanakh
348879,1433340,500974,Proverbia,8,4,אל,prep,,C:divine-title-candidate,Other Tanakh
348928,1433346,500989,Proverbia,8,10,אל,nega,,C:divine-title-candidate,Other Tanakh
348955,1433349,500995,Proverbia,8,13,יהוה,nmpr,pers,E:YHWH,Other Tanakh
348977,1433351,501000,Proverbia,8,15,מלך,subs,,B:deity-candidate,Other Tanakh
348978,1433351,501000,Proverbia,8,15,מלך,verb,,B:deity-candidate,Other Tanakh
349032,1433358,501014,Proverbia,8,22,יהוה,nmpr,pers,E:YHWH,Other Tanakh
349148,1433369,501044,Proverbia,8,33,אל,nega,,C:divine-title-candidate,Other Tanakh
349172,1433371,501051,Proverbia,8,35,יהוה,nmpr,pers,E:YHWH,Other Tanakh
349237,1433380,501077,Proverbia,9,8,אל,nega,,C:divine-title-candidate,Other Tanakh
349262,1433382,501085,Proverbia,9,10,יהוה,nmpr,pers,E:YHWH,Other Tanakh
349335,1433390,501107,Proverbia,9,18,שאול,subs,,A:person-candidate,Other Tanakh
349338,1433391,501108,Proverbia,10,1,שלמה,nmpr,pers,A:person-candidate,Other Tanakh
349359,1433393,501113,Proverbia,10,3,יהוה,nmpr,pers,E:YHWH,Other Tanakh
349528,1433412,501158,Proverbia,10,22,יהוה,nmpr,pers,E:YHWH,Other Tanakh
349584,1433417,501175,Proverbia,10,27,יהוה,nmpr,pers,E:YHWH,Other Tanakh
349603,1433419,501179,Proverbia,10,29,יהוה,nmpr,pers,E:YHWH,Other Tanakh
349638,1433423,501189,Proverbia,11,1,יהוה,nmpr,pers,E:YHWH,Other Tanakh
349807,1433442,501233,Proverbia,11,20,יהוה,nmpr,pers,E:YHWH,Other Tanakh
349930,1433455,501268,Proverbia,12,2,יהוה,nmpr,pers,E:YHWH,Other Tanakh
349948,1433457,501272,Proverbia,12,4,בעל,subs,,B:deity-candidate,Other Tanakh
350114,1433475,501320,Proverbia,12,22,יהוה,nmpr,pers,E:YHWH,Other Tanakh
350170,1433481,501334,Proverbia,12,28,אל,nega,,C:divine-title-candidate,Other Tanakh
350409,1433508,501405,Proverbia,14,2,יהוה,nmpr,pers,E:YHWH,Other Tanakh
350626,1433532,501459,Proverbia,14,26,יהוה,nmpr,pers,E:YHWH,Other Tanakh
350635,1433533,501461,Proverbia,14,27,יהוה,nmpr,pers,E:YHWH,Other Tanakh
350647,1433534,501463,Proverbia,14,28,מלך,subs,,B:deity-candidate,Other Tanakh
350706,1433541,501478,Proverbia,14,35,מלך,subs,,B:deity-candidate,Other Tanakh
350736,1433544,501484,Proverbia,15,3,יהוה,nmpr,pers,E:YHWH,Other Tanakh
350780,1433549,501495,Proverbia,15,8,יהוה,nmpr,pers,E:YHWH,Other Tanakh
350786,1433550,501497,Proverbia,15,9,יהוה,nmpr,pers,E:YHWH,Other Tanakh
350801,1433552,501503,Proverbia,15,11,שאול,subs,,A:person-candidate,Other Tanakh
350805,1433552,501503,Proverbia,15,11,יהוה,nmpr,pers,E:YHWH,Other Tanakh
350816,1433553,501507,Proverbia,15,12,אל,prep,,C:divine-title-candidate,Other Tanakh
350852,1433557,501514,Proverbia,15,16,יהוה,nmpr,pers,E:YHWH,Other Tanakh
350940,1433565,501534,Proverbia,15,24,שאול,subs,,A:person-candidate,Other Tanakh
350945,1433566,501535,Proverbia,15,25,יהוה,nmpr,pers,E:YHWH,Other Tanakh
350951,1433567,501537,Proverbia,15,26,יהוה,nmpr,pers,E:YHWH,Other Tanakh
350977,1433570,501546,Proverbia,15,29,יהוה,nmpr,pers,E:YHWH,Other Tanakh
351010,1433574,501556,Proverbia,15,33,יהוה,nmpr,pers,E:YHWH,Other Tanakh
351024,1433575,501559,Proverbia,16,1,יהוה,nmpr,pers,E:YHWH,Other Tanakh
351036,1433576,501561,Proverbia,16,2,יהוה,nmpr,pers,E:YHWH,Other Tanakh
351038,1433577,501562,Proverbia,16,3,אל,prep,,C:divine-title-candidate,Other Tanakh
351039,1433577,501562,Proverbia,16,3,יהוה,nmpr,pers,E:YHWH,Other Tanakh
351046,1433578,501564,Proverbia,16,4,יהוה,nmpr,pers,E:YHWH,Other Tanakh
351057,1433579,501566,Proverbia,16,5,יהוה,nmpr,pers,E:YHWH,Other Tanakh
351075,1433580,501570,Proverbia,16,6,יהוה,nmpr,pers,E:YHWH,Other Tanakh
351081,1433581,501571,Proverbia,16,7,יהוה,nmpr,pers,E:YHWH,Other Tanakh
351103,1433583,501576,Proverbia,16,9,יהוה,nmpr,pers,E:YHWH,Other Tanakh
351109,1433584,501577,Proverbia,16,10,מלך,subs,,B:deity-candidate,Other Tanakh
351120,1433585,501579,Proverbia,16,11,יהוה,nmpr,pers,E:YHWH,Other Tanakh
351126,1433586,501581,Proverbia,16,12,מלך,subs,,B:deity-candidate,Other Tanakh
351135,1433587,501584,Proverbia,16,13,מלך,subs,,B:deity-candidate,Other Tanakh
351143,1433588,501587,Proverbia,16,14,מלך,subs,,B:deity-candidate,Other Tanakh
351153,1433589,501589,Proverbia,16,15,מלך,subs,,B:deity-candidate,Other Tanakh
351209,1433594,501607,Proverbia,16,20,יהוה,nmpr,pers,E:YHWH,Other Tanakh
351224,1433596,501610,Proverbia,16,22,בעל,subs,,B:deity-candidate,Other Tanakh
351334,1433607,501638,Proverbia,16,33,יהוה,nmpr,pers,E:YHWH,Other Tanakh
351372,1433610,501647,Proverbia,17,3,יהוה,nmpr,pers,E:YHWH,Other Tanakh
351420,1433615,501657,Proverbia,17,8,בעל,subs,,B:deity-candidate,Other Tanakh
351421,1433615,501658,Proverbia,17,8,אל,prep,,C:divine-title-candidate,Other Tanakh
351459,1433619,501669,Proverbia,17,12,אל,nega,,C:divine-title-candidate,Other Tanakh
351489,1433622,501677,Proverbia,17,15,יהוה,nmpr,pers,E:YHWH,Other Tanakh
351702,1433644,501733,Proverbia,18,9,בעל,subs,,B:deity-candidate,Other Tanakh
351707,1433645,501734,Proverbia,18,10,יהוה,nmpr,pers,E:YHWH,Other Tanakh
351826,1433657,501765,Proverbia,18,22,יהוה,nmpr,pers,E:YHWH,Other Tanakh
351873,1433662,501779,Proverbia,19,3,יהוה,nmpr,pers,E:YHWH,Other Tanakh
351961,1433671,501804,Proverbia,19,12,מלך,subs,,B:deity-candidate,Other Tanakh
351985,1433673,501809,Proverbia,19,14,יהוה,nmpr,pers,E:YHWH,Other Tanakh
352003,1433676,501815,Proverbia,19,17,יהוה,nmpr,pers,E:YHWH,Other Tanakh
352016,1433677,501820,Proverbia,19,18,אל,prep,,C:divine-title-candidate,Other Tanakh
352018,1433677,501819,Proverbia,19,18,אל,nega,,C:divine-title-candidate,Other Tanakh
352047,1433680,501828,Proverbia,19,21,יהוה,nmpr,pers,E:YHWH,Other Tanakh
352060,1433682,501832,Proverbia,19,23,יהוה,nmpr,pers,E:YHWH,Other Tanakh
352076,1433683,501836,Proverbia,19,24,אל,prep,,C:divine-title-candidate,Other Tanakh
352144,1433690,501857,Proverbia,20,2,מלך,subs,,B:deity-candidate,Other Tanakh
352198,1433696,501872,Proverbia,20,8,מלך,subs,,B:deity-candidate,Other Tanakh
352222,1433698,501878,Proverbia,20,10,יהוה,nmpr,pers,E:YHWH,Other Tanakh
352241,1433700,501885,Proverbia,20,12,יהוה,nmpr,pers,E:YHWH,Other Tanakh
352245,1433701,501886,Proverbia,20,13,אל,nega,,C:divine-title-candidate,Other Tanakh
352331,1433710,501910,Proverbia,20,22,אל,nega,,C:divine-title-candidate,Other Tanakh
352337,1433710,501912,Proverbia,20,22,יהוה,nmpr,pers,E:YHWH,Other Tanakh
352342,1433711,501914,Proverbia,20,23,יהוה,nmpr,pers,E:YHWH,Other Tanakh
352352,1433712,501916,Proverbia,20,24,יהוה,nmpr,pers,E:YHWH,Other Tanakh
352371,1433714,501923,Proverbia,20,26,מלך,subs,,B:deity-candidate,Other Tanakh
352378,1433715,501925,Proverbia,20,27,יהוה,nmpr,pers,E:YHWH,Other Tanakh
352389,1433716,501927,Proverbia,20,28,מלך,subs,,B:deity-candidate,Other Tanakh
352415,1433719,501933,Proverbia,21,1,מלך,subs,,B:deity-candidate,Other Tanakh
352418,1433719,501933,Proverbia,21,1,יהוה,nmpr,pers,E:YHWH,Other Tanakh
352433,1433720,501937,Proverbia,21,2,יהוה,nmpr,pers,E:YHWH,Other Tanakh
352440,1433721,501939,Proverbia,21,3,יהוה,nmpr,pers,E:YHWH,Other Tanakh
352703,1433748,502001,Proverbia,21,30,יהוה,nmpr,pers,E:YHWH,Other Tanakh
352711,1433749,502003,Proverbia,21,31,יהוה,nmpr,pers,E:YHWH,Other Tanakh
352732,1433751,502007,Proverbia,22,2,יהוה,nmpr,pers,E:YHWH,Other Tanakh
352746,1433753,502012,Proverbia,22,4,יהוה,nmpr,pers,E:YHWH,Other Tanakh
352819,1433760,502030,Proverbia,22,11,מלך,subs,,B:deity-candidate,Other Tanakh
352821,1433761,502031,Proverbia,22,12,יהוה,nmpr,pers,E:YHWH,Other Tanakh
352843,1433763,502037,Proverbia,22,14,יהוה,nmpr,pers,E:YHWH,Other Tanakh
352890,1433768,502050,Proverbia,22,19,יהוה,nmpr,pers,E:YHWH,Other Tanakh
352917,1433771,502055,Proverbia,22,22,אל,nega,,C:divine-title-candidate,Other Tanakh
352924,1433771,502057,Proverbia,22,22,אל,nega,,C:divine-title-candidate,Other Tanakh
352931,1433772,502058,Proverbia,22,23,יהוה,nmpr,pers,E:YHWH,Other Tanakh
352939,1433773,502060,Proverbia,22,24,אל,nega,,C:divine-title-candidate,Other Tanakh
352942,1433773,502060,Proverbia,22,24,בעל,subs,,B:deity-candidate,Other Tanakh
352958,1433775,502064,Proverbia,22,26,אל,nega,,C:divine-title-candidate,Other Tanakh
352977,1433777,502069,Proverbia,22,28,אל,nega,,C:divine-title-candidate,Other Tanakh
352991,1433778,502072,Proverbia,22,29,מלך,subs,,B:deity-candidate,Other Tanakh
353016,1433780,502079,Proverbia,23,2,בעל,subs,,B:deity-candidate,Other Tanakh
353019,1433781,502080,Proverbia,23,3,אל,nega,,C:divine-title-candidate,Other Tanakh
353027,1433782,502082,Proverbia,23,4,אל,nega,,C:divine-title-candidate,Other Tanakh
353050,1433784,502089,Proverbia,23,6,אל,nega,,C:divine-title-candidate,Other Tanakh
353057,1433784,502090,Proverbia,23,6,אל,nega,,C:divine-title-candidate,Other Tanakh
353088,1433787,502101,Proverbia,23,9,אל,nega,,C:divine-title-candidate,Other Tanakh
353095,1433788,502103,Proverbia,23,10,אל,nega,,C:divine-title-candidate,Other Tanakh
353103,1433788,502104,Proverbia,23,10,אל,nega,,C:divine-title-candidate,Other Tanakh
353123,1433791,502109,Proverbia,23,13,אל,nega,,C:divine-title-candidate,Other Tanakh
353143,1433792,502113,Proverbia,23,14,שאול,subs,,A:person-candidate,Other Tanakh
353160,1433795,502120,Proverbia,23,17,אל,nega,,C:divine-title-candidate,Other Tanakh
353170,1433795,502121,Proverbia,23,17,יהוה,nmpr,pers,E:YHWH,Other Tanakh
353193,1433798,502128,Proverbia,23,20,אל,nega,,C:divine-title-candidate,Other Tanakh
353217,1433800,502134,Proverbia,23,22,אל,nega,,C:divine-title-candidate,Other Tanakh
353225,1433801,502137,Proverbia,23,23,אל,nega,,C:divine-title-candidate,Other Tanakh
353306,1433809,502158,Proverbia,23,31,אל,nega,,C:divine-title-candidate,Other Tanakh
353359,1433814,502175,Proverbia,24,1,אל,nega,,C:divine-title-candidate,Other Tanakh
353365,1433814,502176,Proverbia,24,1,אל,nega,,C:divine-title-candidate,Other Tanakh
353431,1433821,502191,Proverbia,24,8,בעל,subs,,B:deity-candidate,Other Tanakh
353507,1433828,502215,Proverbia,24,15,אל,nega,,C:divine-title-candidate,Other Tanakh
353513,1433828,502217,Proverbia,24,15,אל,nega,,C:divine-title-candidate,Other Tanakh
353530,1433830,502222,Proverbia,24,17,אל,nega,,C:divine-title-candidate,Other Tanakh
353535,1433830,502223,Proverbia,24,17,אל,nega,,C:divine-title-candidate,Other Tanakh
353540,1433831,502225,Proverbia,24,18,יהוה,nmpr,pers,E:YHWH,Other Tanakh
353550,1433832,502228,Proverbia,24,19,אל,nega,,C:divine-title-candidate,Other Tanakh
353555,1433832,502229,Proverbia,24,19,אל,nega,,C:divine-title-candidate,Other Tanakh
353572,1433834,502232,Proverbia,24,21,יהוה,nmpr,pers,E:YHWH,Other Tanakh
353575,1433834,502234,Proverbia,24,21,מלך,subs,,B:deity-candidate,Other Tanakh
353578,1433834,502235,Proverbia,24,21,אל,nega,,C:divine-title-candidate,Other Tanakh
353638,1433841,502253,Proverbia,24,28,אל,nega,,C:divine-title-candidate,Other Tanakh
353649,1433842,502255,Proverbia,24,29,אל,nega,,C:divine-title-candidate,Other Tanakh
353716,1433848,502273,Proverbia,25,1,שלמה,nmpr,pers,A:person-candidate,Other Tanakh
353720,1433848,502274,Proverbia,25,1,חזקיה,nmpr,pers,A:person-candidate,Other Tanakh
353721,1433848,502274,Proverbia,25,1,מלך,subs,,B:deity-candidate,Other Tanakh
353722,1433848,502274,Proverbia,25,1,יהודה,nmpr,"pers,gens,topo",F:unclassified-name,Other Tanakh
353724,1433849,502275,Proverbia,25,2,אלהים,subs,,D:Elohim,Other Tanakh
353729,1433849,502277,Proverbia,25,2,מלך,subs,,B:deity-candidate,Other Tanakh
353743,1433850,502279,Proverbia,25,3,מלך,subs,,B:deity-candidate,Other Tanakh
353760,1433852,502282,Proverbia,25,5,מלך,subs,,B:deity-candidate,Other Tanakh
353767,1433853,502284,Proverbia,25,6,אל,nega,,C:divine-title-candidate,Other Tanakh
353771,1433853,502284,Proverbia,25,6,מלך,subs,,B:deity-candidate,Other Tanakh
353776,1433853,502285,Proverbia,25,6,אל,nega,,C:divine-title-candidate,Other Tanakh
353792,1433855,502291,Proverbia,25,8,אל,nega,,C:divine-title-candidate,Other Tanakh
353813,1433856,502297,Proverbia,25,9,אל,nega,,C:divine-title-candidate,Other Tanakh
353948,1433869,502328,Proverbia,25,22,יהוה,nmpr,pers,E:YHWH,Other Tanakh
354058,1433879,502351,Proverbia,26,4,אל,nega,,C:divine-title-candidate,Other Tanakh
354170,1433890,502380,Proverbia,26,15,אל,prep,,C:divine-title-candidate,Other Tanakh
354264,1433900,502405,Proverbia,26,25,אל,nega,,C:divine-title-candidate,Other Tanakh
354287,1433902,502412,Proverbia,26,27,אל,prep,,C:divine-title-candidate,Other Tanakh
354298,1433904,502415,Proverbia,27,1,אל,nega,,C:divine-title-candidate,Other Tanakh
354316,1433905,502421,Proverbia,27,2,אל,nega,,C:divine-title-candidate,Other Tanakh
354389,1433913,502439,Proverbia,27,10,אל,nega,,C:divine-title-candidate,Other Tanakh
354394,1433913,502440,Proverbia,27,10,אל,nega,,C:divine-title-candidate,Other Tanakh
354490,1433923,502466,Proverbia,27,20,שאול,subs,,A:person-candidate,Other Tanakh
354632,1433935,502496,Proverbia,28,5,יהוה,nmpr,pers,E:YHWH,Other Tanakh
354753,1433947,502532,Proverbia,28,17,אל,nega,,C:divine-title-candidate,Other Tanakh
354835,1433955,502555,Proverbia,28,25,יהוה,nmpr,pers,E:YHWH,Other Tanakh
354900,1433962,502578,Proverbia,29,4,מלך,subs,,B:deity-candidate,Other Tanakh
354989,1433971,502601,Proverbia,29,13,יהוה,nmpr,pers,E:YHWH,Other Tanakh
354990,1433972,502602,Proverbia,29,14,מלך,subs,,B:deity-candidate,Other Tanakh
355069,1433980,502625,Proverbia,29,22,בעל,subs,,B:deity-candidate,Other Tanakh
355098,1433983,502634,Proverbia,29,25,יהוה,nmpr,pers,E:YHWH,Other Tanakh
355106,1433984,502636,Proverbia,29,26,יהוה,nmpr,pers,E:YHWH,Other Tanakh
355119,1433986,502639,Proverbia,30,1,אגור,nmpr,pers,A:person-candidate,Other Tanakh
355121,1433986,502639,Proverbia,30,1,יקה,nmpr,pers,A:person-candidate,Other Tanakh
355128,1433986,502641,Proverbia,30,1,איתיאל,nmpr,pers,A:person-candidate,Other Tanakh
355130,1433986,502641,Proverbia,30,1,איתיאל,nmpr,pers,A:person-candidate,Other Tanakh
355182,1433990,502654,Proverbia,30,5,אלוה,subs,,C:divine-title-candidate,Other Tanakh
355190,1433991,502657,Proverbia,30,6,אל,nega,,C:divine-title-candidate,Other Tanakh
355203,1433992,502661,Proverbia,30,7,אל,nega,,C:divine-title-candidate,Other Tanakh
355218,1433993,502664,Proverbia,30,8,אל,nega,,C:divine-title-candidate,Other Tanakh
355231,1433994,502669,Proverbia,30,9,יהוה,nmpr,pers,E:YHWH,Other Tanakh
355240,1433994,502672,Proverbia,30,9,אלהים,subs,,D:Elohim,Other Tanakh
355241,1433995,502673,Proverbia,30,10,אל,nega,,C:divine-title-candidate,Other Tanakh
355244,1433995,502673,Proverbia,30,10,אל,prep,,C:divine-title-candidate,Other Tanakh
355303,1434001,502693,Proverbia,30,16,שאול,subs,,A:person-candidate,Other Tanakh
355386,1434007,502718,Proverbia,30,22,מלך,verb,,B:deity-candidate,Other Tanakh
355395,1434008,502722,Proverbia,30,23,בעל,verb,,B:deity-candidate,Other Tanakh
355430,1434012,502733,Proverbia,30,27,מלך,subs,,B:deity-candidate,Other Tanakh
355447,1434013,502737,Proverbia,30,28,מלך,subs,,B:deity-candidate,Other Tanakh
355472,1434016,502746,Proverbia,30,31,מלך,subs,,B:deity-candidate,Other Tanakh
355501,1434019,502755,Proverbia,31,1,למואל,nmpr,pers,A:person-candidate,Other Tanakh
355502,1434019,502755,Proverbia,31,1,מלך,subs,,B:deity-candidate,Other Tanakh
355517,1434021,502764,Proverbia,31,3,אל,nega,,C:divine-title-candidate,Other Tanakh
355527,1434021,502766,Proverbia,31,3,מלך,subs,,B:deity-candidate,Other Tanakh
355528,1434022,502767,Proverbia,31,4,אל,nega,,C:divine-title-candidate,Other Tanakh
355531,1434022,502767,Proverbia,31,4,מלך,subs,,B:deity-candidate,Other Tanakh
355532,1434022,502768,Proverbia,31,4,למואל,nmpr,pers,A:person-candidate,Other Tanakh
355533,1434022,502769,Proverbia,31,4,אל,nega,,C:divine-title-candidate,Other Tanakh
355536,1434022,502769,Proverbia,31,4,מלך,subs,,B:deity-candidate,Other Tanakh
355577,1434026,502781,Proverbia,31,8,אל,prep,,C:divine-title-candidate,Other Tanakh
355603,1434029,502788,Proverbia,31,11,בעל,subs,,B:deity-candidate,Other Tanakh
355715,1434041,502815,Proverbia,31,23,בעל,subs,,B:deity-candidate,Other Tanakh
355761,1434046,502828,Proverbia,31,28,בעל,subs,,B:deity-candidate,Other Tanakh
355782,1434048,502834,Proverbia,31,30,יהוה,nmpr,pers,E:YHWH,Other Tanakh
355813,1434050,502841,Ruth,1,1,בית לחם,nmpr,topo,F:unclassified-name,Other Tanakh
355814,1434050,502841,Ruth,1,1,יהודה,nmpr,"pers,gens,topo",F:unclassified-name,Other Tanakh
355819,1434050,502842,Ruth,1,1,מואב,nmpr,"pers,gens,topo",F:unclassified-name,Other Tanakh
355830,1434051,502843,Ruth,1,2,אלימלך,nmpr,pers,A:person-candidate,Other Tanakh
355834,1434051,502844,Ruth,1,2,נעמי,nmpr,pers,A:person-candidate,Other Tanakh
355839,1434051,502845,Ruth,1,2,מחלון,nmpr,pers,A:person-candidate,Other Tanakh
355841,1434051,502845,Ruth,1,2,כליון,nmpr,pers,A:person-candidate,Other Tanakh
355844,1434051,502846,Ruth,1,2,בית לחם,nmpr,topo,F:unclassified-name,Other Tanakh
355845,1434051,502846,Ruth,1,2,יהודה,nmpr,"pers,gens,topo",F:unclassified-name,Other Tanakh
355849,1434051,502847,Ruth,1,2,מואב,nmpr,"pers,gens,topo",F:unclassified-name,Other Tanakh
355855,1434052,502849,Ruth,1,3,אלימלך,nmpr,pers,A:person-candidate,Other Tanakh
355857,1434052,502849,Ruth,1,3,נעמי,nmpr,pers,A:person-candidate,Other Tanakh
355872,1434053,502852,Ruth,1,4,ערפה,nmpr,pers,A:person-candidate,Other Tanakh
355877,1434053,502853,Ruth,1,4,רות,nmpr,pers,A:person-candidate,Other Tanakh
355888,1434054,502855,Ruth,1,5,מחלון,nmpr,pers,A:person-candidate,Other Tanakh
355890,1434054,502855,Ruth,1,5,כליון,nmpr,pers,A:person-candidate,Other Tanakh
355910,1434055,502858,Ruth,1,6,מואב,nmpr,"pers,gens,topo",F:unclassified-name,Other Tanakh
355915,1434055,502859,Ruth,1,6,מואב,nmpr,"pers,gens,topo",F:unclassified-name,Other Tanakh
355918,1434055,502860,Ruth,1,6,יהוה,nmpr,pers,E:YHWH,Other Tanakh
355944,1434056,502866,Ruth,1,7,אל,prep,,C:divine-title-candidate,Other Tanakh
355946,1434056,502866,Ruth,1,7,יהודה,nmpr,"pers,gens,topo",F:unclassified-name,Other Tanakh
355949,1434057,502867,Ruth,1,8,נעמי,nmpr,pers,A:person-candidate,Other Tanakh
355960,1434057,502871,Ruth,1,8,יהוה,nmpr,pers,E:YHWH,Other Tanakh
355972,1434058,502873,Ruth,1,9,יהוה,nmpr,pers,E:YHWH,Other Tanakh
355998,1434060,502881,Ruth,1,11,נעמי,nmpr,pers,A:person-candidate,Other Tanakh
356053,1434062,502900,Ruth,1,13,אל,nega,,C:divine-title-candidate,Other Tanakh
356064,1434062,502903,Ruth,1,13,יהוה,nmpr,pers,E:YHWH,Other Tanakh
356073,1434063,502906,Ruth,1,14,ערפה,nmpr,pers,A:person-candidate,Other Tanakh
356077,1434063,502907,Ruth,1,14,רות,nmpr,pers,A:person-candidate,Other Tanakh
356085,1434064,502909,Ruth,1,15,אל,prep,,C:divine-title-candidate,Other Tanakh
356088,1434064,502909,Ruth,1,15,אל,prep,,C:divine-title-candidate,Other Tanakh
356089,1434064,502909,Ruth,1,15,אלהים,subs,,D:Elohim,Other Tanakh
356095,1434065,502911,Ruth,1,16,רות,nmpr,pers,A:person-candidate,Other Tanakh
356096,1434065,502912,Ruth,1,16,אל,nega,,C:divine-title-candidate,Other Tanakh
356106,1434065,502916,Ruth,1,16,אל,prep,,C:divine-title-candidate,Other Tanakh
356118,1434065,502920,Ruth,1,16,אלהים,subs,,D:Elohim,Other Tanakh
356119,1434065,502920,Ruth,1,16,אלהים,subs,,D:Elohim,Other Tanakh
356129,1434066,502924,Ruth,1,17,יהוה,nmpr,pers,E:YHWH,Other Tanakh
356153,1434067,502932,Ruth,1,18,אל,prep,,C:divine-title-candidate,Other Tanakh
356159,1434068,502934,Ruth,1,19,בית לחם,nmpr,topo,F:unclassified-name,Other Tanakh
356164,1434068,502936,Ruth,1,19,בית לחם,nmpr,topo,F:unclassified-name,Other Tanakh
356175,1434068,502939,Ruth,1,19,נעמי,nmpr,pers,A:person-candidate,Other Tanakh
356178,1434069,502940,Ruth,1,20,אל,prep,,C:divine-title-candidate,Other Tanakh
356179,1434069,502941,Ruth,1,20,אל,nega,,C:divine-title-candidate,Other Tanakh
356182,1434069,502941,Ruth,1,20,נעמי,nmpr,pers,A:person-candidate,Other Tanakh
356188,1434069,502943,Ruth,1,20,שדי,nmpr,pers,C:divine-title-candidate,Other Tanakh
356197,1434070,502945,Ruth,1,21,יהוה,nmpr,pers,E:YHWH,Other Tanakh
356201,1434070,502946,Ruth,1,21,נעמי,nmpr,pers,A:person-candidate,Other Tanakh
356203,1434070,502947,Ruth,1,21,יהוה,nmpr,pers,E:YHWH,Other Tanakh
356207,1434070,502948,Ruth,1,21,שדי,nmpr,pers,C:divine-title-candidate,Other Tanakh
356212,1434071,502949,Ruth,1,22,נעמי,nmpr,pers,A:person-candidate,Other Tanakh
356214,1434071,502950,Ruth,1,22,רות,nmpr,pers,A:person-candidate,Other Tanakh
356223,1434071,502951,Ruth,1,22,מואב,nmpr,"pers,gens,topo",F:unclassified-name,Other Tanakh
356227,1434071,502952,Ruth,1,22,בית לחם,nmpr,topo,F:unclassified-name,Other Tanakh
356234,1434072,502953,Ruth,2,1,נעמי,nmpr,pers,A:person-candidate,Other Tanakh
356243,1434072,502953,Ruth,2,1,אלימלך,nmpr,pers,A:person-candidate,Other Tanakh
356246,1434072,502954,Ruth,2,1,בעז,nmpr,pers,A:person-candidate,Other Tanakh
356249,1434073,502955,Ruth,2,2,רות,nmpr,pers,A:person-candidate,Other Tanakh
356252,1434073,502955,Ruth,2,2,אל,prep,,C:divine-title-candidate,Other Tanakh
356253,1434073,502955,Ruth,2,2,נעמי,nmpr,pers,A:person-candidate,Other Tanakh
356293,1434074,502966,Ruth,2,3,בעז,nmpr,pers,A:person-candidate,Other Tanakh
356297,1434074,502967,Ruth,2,3,אלימלך,nmpr,pers,A:person-candidate,Other Tanakh
356300,1434075,502969,Ruth,2,4,בעז,nmpr,pers,A:person-candidate,Other Tanakh
356303,1434075,502969,Ruth,2,4,בית לחם,nmpr,topo,F:unclassified-name,Other Tanakh
356309,1434075,502971,Ruth,2,4,יהוה,nmpr,pers,E:YHWH,Other Tanakh
356315,1434075,502973,Ruth,2,4,יהוה,nmpr,pers,E:YHWH,Other Tanakh
356318,1434076,502974,Ruth,2,5,בעז,nmpr,pers,A:person-candidate,Other Tanakh
356349,1434077,502981,Ruth,2,6,נעמי,nmpr,pers,A:person-candidate,Other Tanakh
356352,1434077,502981,Ruth,2,6,מואב,nmpr,"pers,gens,topo",F:unclassified-name,Other Tanakh
356383,1434079,502988,Ruth,2,8,בעז,nmpr,pers,A:person-candidate,Other Tanakh
356384,1434079,502988,Ruth,2,8,אל,prep,,C:divine-title-candidate,Other Tanakh
356385,1434079,502988,Ruth,2,8,רות,nmpr,pers,A:person-candidate,Other Tanakh
356390,1434079,502991,Ruth,2,8,אל,nega,,C:divine-title-candidate,Other Tanakh
356430,1434080,503001,Ruth,2,9,אל,prep,,C:divine-title-candidate,Other Tanakh
356449,1434081,503006,Ruth,2,10,אל,prep,,C:divine-title-candidate,Other Tanakh
356462,1434082,503010,Ruth,2,11,בעז,nmpr,pers,A:person-candidate,Other Tanakh
356487,1434082,503015,Ruth,2,11,אל,prep,,C:divine-title-candidate,Other Tanakh
356495,1434083,503017,Ruth,2,12,יהוה,nmpr,pers,E:YHWH,Other Tanakh
356503,1434083,503018,Ruth,2,12,יהוה,nmpr,pers,E:YHWH,Other Tanakh
356504,1434083,503018,Ruth,2,12,אלהים,subs,,D:Elohim,Other Tanakh
356505,1434083,503018,Ruth,2,12,ישראל,nmpr,"pers,gens,topo",F:unclassified-name,Other Tanakh
356537,1434085,503027,Ruth,2,14,בעז,nmpr,pers,A:person-candidate,Other Tanakh
356577,1434086,503038,Ruth,2,15,בעז,nmpr,pers,A:person-candidate,Other Tanakh
356678,1434090,503064,Ruth,2,19,בעז,nmpr,pers,A:person-candidate,Other Tanakh
356681,1434091,503066,Ruth,2,20,נעמי,nmpr,pers,A:person-candidate,Other Tanakh
356687,1434091,503067,Ruth,2,20,יהוה,nmpr,pers,E:YHWH,Other Tanakh
356702,1434091,503069,Ruth,2,20,נעמי,nmpr,pers,A:person-candidate,Other Tanakh
356712,1434092,503072,Ruth,2,21,רות,nmpr,pers,A:person-candidate,Other Tanakh
356718,1434092,503073,Ruth,2,21,אל,prep,,C:divine-title-candidate,Other Tanakh
356736,1434093,503078,Ruth,2,22,נעמי,nmpr,pers,A:person-candidate,Other Tanakh
356737,1434093,503078,Ruth,2,22,אל,prep,,C:divine-title-candidate,Other Tanakh
356738,1434093,503078,Ruth,2,22,רות,nmpr,pers,A:person-candidate,Other Tanakh
356757,1434094,503083,Ruth,2,23,בעז,nmpr,pers,A:person-candidate,Other Tanakh
356776,1434095,503087,Ruth,3,1,נעמי,nmpr,pers,A:person-candidate,Other Tanakh
356791,1434096,503092,Ruth,3,2,בעז,nmpr,pers,A:person-candidate,Other Tanakh
356818,1434097,503099,Ruth,3,3,אל,nega,,C:divine-title-candidate,Other Tanakh
356858,1434099,503112,Ruth,3,5,אל,prep,,C:divine-title-candidate,Other Tanakh
356862,1434099,503114,Ruth,3,5,אל,prep,,C:divine-title-candidate,Other Tanakh
356877,1434101,503118,Ruth,3,7,בעז,nmpr,pers,A:person-candidate,Other Tanakh
356925,1434103,503134,Ruth,3,9,רות,nmpr,pers,A:person-candidate,Other Tanakh
356940,1434104,503138,Ruth,3,10,יהוה,nmpr,pers,E:YHWH,Other Tanakh
356963,1434105,503146,Ruth,3,11,אל,nega,,C:divine-title-candidate,Other Tanakh
357014,1434107,503164,Ruth,3,13,יהוה,nmpr,pers,E:YHWH,Other Tanakh
357035,1434108,503170,Ruth,3,14,אל,nega,,C:divine-title-candidate,Other Tanakh
357069,1434110,503180,Ruth,3,16,אל,prep,,C:divine-title-candidate,Other Tanakh
357097,1434111,503188,Ruth,3,17,אל,prep,,C:divine-title-candidate,Other Tanakh
357098,1434111,503189,Ruth,3,17,אל,nega,,C:divine-title-candidate,Other Tanakh
357101,1434111,503189,Ruth,3,17,אל,prep,,C:divine-title-candidate,Other Tanakh
357126,1434113,503197,Ruth,4,1,בעז,nmpr,pers,A:person-candidate,Other Tanakh
357140,1434113,503200,Ruth,4,1,בעז,nmpr,pers,A:person-candidate,Other Tanakh
357178,1434115,503213,Ruth,4,3,אלימלך,nmpr,pers,A:person-candidate,Other Tanakh
357180,1434115,503212,Ruth,4,3,נעמי,nmpr,pers,A:person-candidate,Other Tanakh
357185,1434115,503214,Ruth,4,3,מואב,nmpr,"pers,gens,topo",F:unclassified-name,Other Tanakh
357226,1434117,503229,Ruth,4,5,בעז,nmpr,pers,A:person-candidate,Other Tanakh
357234,1434117,503231,Ruth,4,5,נעמי,nmpr,pers,A:person-candidate,Other Tanakh
357238,1434117,503232,Ruth,4,5,רות,nmpr,pers,A:person-candidate,Other Tanakh
357280,1434119,503241,Ruth,4,7,ישראל,nmpr,"pers,gens,topo",F:unclassified-name,Other Tanakh
357304,1434119,503245,Ruth,4,7,ישראל,nmpr,"pers,gens,topo",F:unclassified-name,Other Tanakh
357310,1434120,503246,Ruth,4,8,בעז,nmpr,pers,A:person-candidate,Other Tanakh
357318,1434121,503249,Ruth,4,9,בעז,nmpr,pers,A:person-candidate,Other Tanakh
357336,1434121,503252,Ruth,4,9,אלימלך,nmpr,pers,A:person-candidate,Other Tanakh
357342,1434121,503253,Ruth,4,9,כליון,nmpr,pers,A:person-candidate,Other Tanakh
357344,1434121,503253,Ruth,4,9,מחלון,nmpr,pers,A:person-candidate,Other Tanakh
357347,1434121,503251,Ruth,4,9,נעמי,nmpr,pers,A:person-candidate,Other Tanakh
357351,1434122,503254,Ruth,4,10,רות,nmpr,pers,A:person-candidate,Other Tanakh
357355,1434122,503254,Ruth,4,10,מחלון,nmpr,pers,A:person-candidate,Other Tanakh
357398,1434123,503261,Ruth,4,11,יהוה,nmpr,pers,E:YHWH,Other Tanakh
357404,1434123,503262,Ruth,4,11,אל,prep,,C:divine-title-candidate,Other Tanakh
357407,1434123,503261,Ruth,4,11,רחל,nmpr,pers,A:person-candidate,Other Tanakh
357410,1434123,503261,Ruth,4,11,לאה,nmpr,pers,A:person-candidate,Other Tanakh
357416,1434123,503263,Ruth,4,11,ישראל,nmpr,"pers,gens,topo",F:unclassified-name,Other Tanakh
357421,1434123,503264,Ruth,4,11,אפרתה,nmpr,"topo,pers",F:unclassified-name,Other Tanakh
357426,1434123,503265,Ruth,4,11,בית לחם,nmpr,topo,F:unclassified-name,Other Tanakh
357432,1434124,503266,Ruth,4,12,פרץ,nmpr,pers,A:person-candidate,Other Tanakh
357435,1434124,503267,Ruth,4,12,תמר,nmpr,pers,A:person-candidate,Other Tanakh
357437,1434124,503267,Ruth,4,12,יהודה,nmpr,"pers,gens,topo",F:unclassified-name,Other Tanakh
357443,1434124,503268,Ruth,4,12,יהוה,nmpr,pers,E:YHWH,Other Tanakh
357452,1434125,503269,Ruth,4,13,בעז,nmpr,pers,A:person-candidate,Other Tanakh
357454,1434125,503269,Ruth,4,13,רות,nmpr,pers,A:person-candidate,Other Tanakh
357462,1434125,503271,Ruth,4,13,אל,prep,,C:divine-title-candidate,Other Tanakh
357465,1434125,503272,Ruth,4,13,יהוה,nmpr,pers,E:YHWH,Other Tanakh
357475,1434126,503274,Ruth,4,14,אל,prep,,C:divine-title-candidate,Other Tanakh
357476,1434126,503274,Ruth,4,14,נעמי,nmpr,pers,A:person-candidate,Other Tanakh
357478,1434126,503275,Ruth,4,14,יהוה,nmpr,pers,E:YHWH,Other Tanakh
357490,1434126,503277,Ruth,4,14,ישראל,nmpr,"pers,gens,topo",F:unclassified-name,Other Tanakh
357516,1434128,503283,Ruth,4,16,נעמי,nmpr,pers,A:person-candidate,Other Tanakh
357540,1434129,503288,Ruth,4,17,נעמי,nmpr,pers,A:person-candidate,Other Tanakh
357544,1434129,503289,Ruth,4,17,עובד,nmpr,pers,A:person-candidate,Other Tanakh
357547,1434129,503290,Ruth,4,17,ישי,nmpr,pers,A:person-candidate,Other Tanakh
357549,1434129,503290,Ruth,4,17,דוד,nmpr,pers,A:person-candidate,Other Tanakh
357553,1434130,503291,Ruth,4,18,פרץ,nmpr,pers,A:person-candidate,Other Tanakh
357554,1434130,503292,Ruth,4,18,פרץ,nmpr,pers,A:person-candidate,Other Tanakh
357557,1434130,503292,Ruth,4,18,חצרון,nmpr,pers,A:person-candidate,Other Tanakh
357559,1434131,503293,Ruth,4,19,חצרון,nmpr,pers,A:person-candidate,Other Tanakh
357562,1434131,503293,Ruth,4,19,רם,nmpr,pers,A:person-candidate,Other Tanakh
357564,1434131,503294,Ruth,4,19,רם,nmpr,pers,A:person-candidate,Other Tanakh
357567,1434131,503294,Ruth,4,19,עמינדב,nmpr,pers,A:person-candidate,Other Tanakh
357569,1434132,503295,Ruth,4,20,עמינדב,nmpr,pers,A:person-candidate,Other Tanakh
357572,1434132,503295,Ruth,4,20,נחשון,nmpr,pers,A:person-candidate,Other Tanakh
357574,1434132,503296,Ruth,4,20,נחשון,nmpr,pers,A:person-candidate,Other Tanakh
357577,1434132,503296,Ruth,4,20,שלמה,nmpr,pers,A:person-candidate,Other Tanakh
357579,1434133,503297,Ruth,4,21,שלמון,nmpr,pers,A:person-candidate,Other Tanakh
357582,1434133,503297,Ruth,4,21,בעז,nmpr,pers,A:person-candidate,Other Tanakh
357584,1434133,503298,Ruth,4,21,בעז,nmpr,pers,A:person-candidate,Other Tanakh
357587,1434133,503298,Ruth,4,21,עובד,nmpr,pers,A:person-candidate,Other Tanakh
357589,1434134,503299,Ruth,4,22,עובד,nmpr,pers,A:person-candidate,Other Tanakh
357592,1434134,503299,Ruth,4,22,ישי,nmpr,pers,A:person-candidate,Other Tanakh
357594,1434134,503300,Ruth,4,22,ישי,nmpr,pers,A:person-candidate,Other Tanakh
357597,1434134,503300,Ruth,4,22,דוד,nmpr,pers,A:person-candidate,Other Tanakh
357603,1434135,503302,Canticum,1,1,שלמה,nmpr,pers,A:person-candidate,Other Tanakh
357610,1434136,503304,Canticum,1,2,דוד,subs,,A:person-candidate,Other Tanakh
357629,1434138,503311,Canticum,1,4,מלך,subs,,B:deity-candidate,Other Tanakh
357636,1434138,503314,Canticum,1,4,דוד,subs,,A:person-candidate,Other Tanakh
357646,1434139,503318,Canticum,1,5,ירושלם,nmpr,topo,F:unclassified-name,Other Tanakh
357649,1434139,503319,Canticum,1,5,קדר,nmpr,"pers,gens",F:unclassified-name,Other Tanakh
357652,1434139,503319,Canticum,1,5,שלמה,nmpr,pers,A:person-candidate,Other Tanakh
357653,1434140,503320,Canticum,1,6,אל,nega,,C:divine-title-candidate,Other Tanakh
357746,1434146,503342,Canticum,1,12,מלך,subs,,B:deity-candidate,Other Tanakh
357755,1434147,503344,Canticum,1,13,דוד,subs,,A:person-candidate,Other Tanakh
357763,1434148,503346,Canticum,1,14,דוד,subs,,A:person-candidate,Other Tanakh
357767,1434148,503346,Canticum,1,14,עין גדי,nmpr,topo,F:unclassified-name,Other Tanakh
357777,1434150,503352,Canticum,1,16,דוד,subs,,A:person-candidate,Other Tanakh
357791,1434152,503357,Canticum,2,1,שרון,nmpr,topo,F:unclassified-name,Other Tanakh
357812,1434154,503362,Canticum,2,3,דוד,subs,,A:person-candidate,Other Tanakh
357827,1434155,503366,Canticum,2,4,אל,prep,,C:divine-title-candidate,Other Tanakh
357857,1434158,503374,Canticum,2,7,ירושלם,nmpr,topo,F:unclassified-name,Other Tanakh
357877,1434159,503378,Canticum,2,8,דוד,subs,,A:person-candidate,Other Tanakh
357890,1434160,503382,Canticum,2,9,דוד,subs,,A:person-candidate,Other Tanakh
357912,1434161,503386,Canticum,2,10,דוד,subs,,A:person-candidate,Other Tanakh
357998,1434167,503410,Canticum,2,16,דוד,subs,,A:person-candidate,Other Tanakh
358020,1434168,503417,Canticum,2,17,דוד,subs,,A:person-candidate,Other Tanakh
358100,1434172,503439,Canticum,3,4,אל,prep,,C:divine-title-candidate,Other Tanakh
358104,1434172,503439,Canticum,3,4,אל,prep,,C:divine-title-candidate,Other Tanakh
358110,1434173,503441,Canticum,3,5,ירושלם,nmpr,topo,F:unclassified-name,Other Tanakh
358150,1434175,503448,Canticum,3,7,שלמה,nmpr,pers,A:person-candidate,Other Tanakh
358157,1434175,503449,Canticum,3,7,ישראל,nmpr,"pers,gens,topo",F:unclassified-name,Other Tanakh
358176,1434177,503454,Canticum,3,9,מלך,subs,,B:deity-candidate,Other Tanakh
358177,1434177,503454,Canticum,3,9,שלמה,nmpr,pers,A:person-candidate,Other Tanakh
358181,1434177,503454,Canticum,3,9,לבנון,nmpr,topo,F:unclassified-name,Other Tanakh
358194,1434178,503458,Canticum,3,10,ירושלם,nmpr,topo,F:unclassified-name,Other Tanakh
358199,1434179,503461,Canticum,3,11,ציון,nmpr,topo,F:unclassified-name,Other Tanakh
358202,1434179,503460,Canticum,3,11,מלך,subs,,B:deity-candidate,Other Tanakh
358203,1434179,503460,Canticum,3,11,שלמה,nmpr,pers,A:person-candidate,Other Tanakh
358239,1434180,503469,Canticum,4,1,גלעד,nmpr,topo,F:unclassified-name,Other Tanakh
358268,1434182,503476,Canticum,4,3,רמון,subs,,B:deity-candidate,Other Tanakh
358276,1434183,503477,Canticum,4,4,דוד,nmpr,pers,A:person-candidate,Other Tanakh
358313,1434185,503486,Canticum,4,6,אל,prep,,C:divine-title-candidate,Other Tanakh
358318,1434185,503486,Canticum,4,6,אל,prep,,C:divine-title-candidate,Other Tanakh
358331,1434187,503490,Canticum,4,8,לבנון,nmpr,topo,F:unclassified-name,Other Tanakh
358335,1434187,503492,Canticum,4,8,לבנון,nmpr,topo,F:unclassified-name,Other Tanakh
358340,1434187,503493,Canticum,4,8,אמנה,nmpr,topo,F:unclassified-name,Other Tanakh
358343,1434187,503493,Canticum,4,8,שניר,nmpr,topo,F:unclassified-name,Other Tanakh
358345,1434187,503493,Canticum,4,8,חרמון,nmpr,topo,F:unclassified-name,Other Tanakh
358367,1434189,503499,Canticum,4,10,דוד,subs,,A:person-candidate,Other Tanakh
358372,1434189,503501,Canticum,4,10,דוד,subs,,A:person-candidate,Other Tanakh
358395,1434190,503506,Canticum,4,11,לבנון,nmpr,topo,F:unclassified-name,Other Tanakh
358406,1434192,503511,Canticum,4,13,רמון,subs,,B:deity-candidate,Other Tanakh
358438,1434194,503517,Canticum,4,15,לבנון,nmpr,topo,F:unclassified-name,Other Tanakh
358449,1434195,503524,Canticum,4,16,דוד,subs,,A:person-candidate,Other Tanakh
358478,1434196,503535,Canticum,5,1,דוד,subs,,A:person-candidate,Other Tanakh
358485,1434197,503538,Canticum,5,2,דוד,subs,,A:person-candidate,Other Tanakh
358510,1434199,503548,Canticum,5,4,דוד,subs,,A:person-candidate,Other Tanakh
358525,1434200,503551,Canticum,5,5,דוד,subs,,A:person-candidate,Other Tanakh
358541,1434201,503554,Canticum,5,6,דוד,subs,,A:person-candidate,Other Tanakh
358543,1434201,503555,Canticum,5,6,דוד,subs,,A:person-candidate,Other Tanakh
358579,1434203,503569,Canticum,5,8,ירושלם,nmpr,topo,F:unclassified-name,Other Tanakh
358583,1434203,503570,Canticum,5,8,דוד,subs,,A:person-candidate,Other Tanakh
358592,1434204,503573,Canticum,5,9,דוד,subs,,A:person-candidate,Other Tanakh
358594,1434204,503573,Canticum,5,9,דוד,subs,,A:person-candidate,Other Tanakh
358601,1434204,503575,Canticum,5,9,דוד,subs,,A:person-candidate,Other Tanakh
358603,1434204,503575,Canticum,5,9,דוד,subs,,A:person-candidate,Other Tanakh
358607,1434205,503577,Canticum,5,10,דוד,subs,,A:person-candidate,Other Tanakh
358670,1434210,503595,Canticum,5,15,לבנון,nmpr,topo,F:unclassified-name,Other Tanakh
358681,1434211,503599,Canticum,5,16,דוד,subs,,A:person-candidate,Other Tanakh
358686,1434211,503601,Canticum,5,16,ירושלם,nmpr,topo,F:unclassified-name,Other Tanakh
358689,1434212,503602,Canticum,6,1,דוד,subs,,A:person-candidate,Other Tanakh
358697,1434212,503604,Canticum,6,1,דוד,subs,,A:person-candidate,Other Tanakh
358701,1434213,503606,Canticum,6,2,דוד,subs,,A:person-candidate,Other Tanakh
358720,1434214,503609,Canticum,6,3,דוד,subs,,A:person-candidate,Other Tanakh
358722,1434214,503610,Canticum,6,3,דוד,subs,,A:person-candidate,Other Tanakh
358733,1434215,503612,Canticum,6,4,תרצה,nmpr,topo,F:unclassified-name,Other Tanakh
358736,1434215,503614,Canticum,6,4,ירושלם,nmpr,topo,F:unclassified-name,Other Tanakh
358757,1434216,503619,Canticum,6,5,גלעד,nmpr,topo,F:unclassified-name,Other Tanakh
358778,1434218,503624,Canticum,6,7,רמון,subs,,B:deity-candidate,Other Tanakh
358833,1434222,503640,Canticum,6,11,אל,prep,,C:divine-title-candidate,Other Tanakh
358851,1434222,503644,Canticum,6,11,רמון,subs,,B:deity-candidate,Other Tanakh
358876,1434224,503653,Canticum,7,1,מחנים,nmpr,topo,F:unclassified-name,Other Tanakh
358896,1434226,503658,Canticum,7,3,אל,nega,,C:divine-title-candidate,Other Tanakh
358922,1434228,503663,Canticum,7,5,חשבון,nmpr,topo,F:unclassified-name,Other Tanakh
358925,1434228,503663,Canticum,7,5,בת רבים,nmpr,topo,F:unclassified-name,Other Tanakh
358930,1434228,503664,Canticum,7,5,לבנון,nmpr,topo,F:unclassified-name,Other Tanakh
358933,1434228,503665,Canticum,7,5,דמשק,nmpr,topo,F:unclassified-name,Other Tanakh
358938,1434229,503666,Canticum,7,6,כרמל,nmpr,topo,F:unclassified-name,Other Tanakh
358945,1434229,503668,Canticum,7,6,מלך,subs,,B:deity-candidate,Other Tanakh
358997,1434233,503680,Canticum,7,10,דוד,subs,,A:person-candidate,Other Tanakh
359005,1434234,503682,Canticum,7,11,דוד,subs,,A:person-candidate,Other Tanakh
359010,1434235,503685,Canticum,7,12,דוד,subs,,A:person-candidate,Other Tanakh
359032,1434236,503692,Canticum,7,13,רמון,subs,,B:deity-candidate,Other Tanakh
359036,1434236,503693,Canticum,7,13,דוד,subs,,A:person-candidate,Other Tanakh
359050,1434237,503696,Canticum,7,14,דוד,subs,,A:person-candidate,Other Tanakh
359072,1434239,503704,Canticum,8,2,אל,prep,,C:divine-title-candidate,Other Tanakh
359083,1434239,503706,Canticum,8,2,רמון,subs,,B:deity-candidate,Other Tanakh
359093,1434241,503710,Canticum,8,4,ירושלם,nmpr,topo,F:unclassified-name,Other Tanakh
359113,1434242,503715,Canticum,8,5,דוד,subs,,A:person-candidate,Other Tanakh
359143,1434243,503723,Canticum,8,6,שאול,subs,,A:person-candidate,Other Tanakh
359224,1434248,503741,Canticum,8,11,שלמה,nmpr,pers,A:person-candidate,Other Tanakh
359226,1434248,503741,Canticum,8,11,בעל המון,nmpr,topo,F:unclassified-name,Other Tanakh
359248,1434249,503747,Canticum,8,12,שלמה,nmpr,pers,A:person-candidate,Other Tanakh
359266,1434251,503754,Canticum,8,14,דוד,subs,,A:person-candidate,Other Tanakh
359283,1434252,503757,Ecclesiastes,1,1,דוד,nmpr,pers,A:person-candidate,Other Tanakh
359284,1434252,503757,Ecclesiastes,1,1,מלך,subs,,B:deity-candidate,Other Tanakh
359286,1434252,503757,Ecclesiastes,1,1,ירושלם,nmpr,topo,F:unclassified-name,Other Tanakh
359329,1434256,503769,Ecclesiastes,1,5,אל,prep,,C:divine-title-candidate,Other Tanakh
359336,1434257,503771,Ecclesiastes,1,6,אל,prep,,C:divine-title-candidate,Other Tanakh
359340,1434257,503772,Ecclesiastes,1,6,אל,prep,,C:divine-title-candidate,Other Tanakh
359357,1434258,503777,Ecclesiastes,1,7,אל,prep,,C:divine-title-candidate,Other Tanakh
359365,1434258,503780,Ecclesiastes,1,7,אל,prep,,C:divine-title-candidate,Other Tanakh
359458,1434263,503812,Ecclesiastes,1,12,מלך,subs,,B:deity-candidate,Other Tanakh
359460,1434263,503812,Ecclesiastes,1,12,ישראל,nmpr,"pers,gens,topo",F:unclassified-name,Other Tanakh
359462,1434263,503812,Ecclesiastes,1,12,ירושלם,nmpr,topo,F:unclassified-name,Other Tanakh
359486,1434264,503818,Ecclesiastes,1,13,אלהים,subs,,D:Elohim,Other Tanakh
359542,1434267,503834,Ecclesiastes,1,16,ירושלם,nmpr,topo,F:unclassified-name,Other Tanakh
359699,1434276,503871,Ecclesiastes,2,7,ירושלם,nmpr,topo,F:unclassified-name,Other Tanakh
359708,1434277,503872,Ecclesiastes,2,8,מלך,subs,,B:deity-candidate,Other Tanakh
359736,1434278,503876,Ecclesiastes,2,9,ירושלם,nmpr,topo,F:unclassified-name,Other Tanakh
359818,1434281,503895,Ecclesiastes,2,12,מלך,subs,,B:deity-candidate,Other Tanakh
360090,1434293,503952,Ecclesiastes,2,24,אלהים,subs,,D:Elohim,Other Tanakh
360131,1434295,503960,Ecclesiastes,2,26,אלהים,subs,,D:Elohim,Other Tanakh
360262,1434305,504023,Ecclesiastes,3,10,אלהים,subs,,D:Elohim,Other Tanakh
360297,1434306,504028,Ecclesiastes,3,11,אלהים,subs,,D:Elohim,Other Tanakh
360334,1434308,504037,Ecclesiastes,3,13,אלהים,subs,,D:Elohim,Other Tanakh
360342,1434309,504040,Ecclesiastes,3,14,אלהים,subs,,D:Elohim,Other Tanakh
360358,1434309,504046,Ecclesiastes,3,14,אלהים,subs,,D:Elohim,Other Tanakh
360378,1434310,504053,Ecclesiastes,3,15,אלהים,subs,,D:Elohim,Other Tanakh
360414,1434312,504060,Ecclesiastes,3,17,אלהים,subs,,D:Elohim,Other Tanakh
360438,1434313,504064,Ecclesiastes,3,18,אלהים,subs,,D:Elohim,Other Tanakh
360487,1434315,504075,Ecclesiastes,3,20,אל,prep,,C:divine-title-candidate,Other Tanakh
360500,1434315,504077,Ecclesiastes,3,20,אל,prep,,C:divine-title-candidate,Other Tanakh
360783,1434330,504140,Ecclesiastes,4,13,מלך,subs,,B:deity-candidate,Other Tanakh
360800,1434331,504144,Ecclesiastes,4,14,מלך,verb,,B:deity-candidate,Other Tanakh
360855,1434334,504156,Ecclesiastes,4,17,אל,prep,,C:divine-title-candidate,Other Tanakh
360858,1434334,504156,Ecclesiastes,4,17,אלהים,subs,,D:Elohim,Other Tanakh
360874,1434335,504162,Ecclesiastes,5,1,אל,nega,,C:divine-title-candidate,Other Tanakh
360880,1434335,504163,Ecclesiastes,5,1,אל,nega,,C:divine-title-candidate,Other Tanakh
360888,1434335,504164,Ecclesiastes,5,1,אלהים,subs,,D:Elohim,Other Tanakh
360891,1434335,504165,Ecclesiastes,5,1,אלהים,subs,,D:Elohim,Other Tanakh
360923,1434337,504170,Ecclesiastes,5,3,אלהים,subs,,D:Elohim,Other Tanakh
360924,1434337,504171,Ecclesiastes,5,3,אל,nega,,C:divine-title-candidate,Other Tanakh
360948,1434339,504180,Ecclesiastes,5,5,אל,nega,,C:divine-title-candidate,Other Tanakh
360957,1434339,504182,Ecclesiastes,5,5,אל,nega,,C:divine-title-candidate,Other Tanakh
360969,1434339,504184,Ecclesiastes,5,5,אלהים,subs,,D:Elohim,Other Tanakh
360989,1434340,504188,Ecclesiastes,5,6,אלהים,subs,,D:Elohim,Other Tanakh
361003,1434341,504190,Ecclesiastes,5,7,אל,nega,,C:divine-title-candidate,Other Tanakh
361024,1434342,504195,Ecclesiastes,5,8,מלך,subs,,B:deity-candidate,Other Tanakh
361054,1434344,504203,Ecclesiastes,5,10,בעל,subs,,B:deity-candidate,Other Tanakh
361090,1434346,504214,Ecclesiastes,5,12,בעל,subs,,B:deity-candidate,Other Tanakh
361198,1434351,504240,Ecclesiastes,5,17,אלהים,subs,,D:Elohim,Other Tanakh
361210,1434352,504243,Ecclesiastes,5,18,אלהים,subs,,D:Elohim,Other Tanakh
361231,1434352,504249,Ecclesiastes,5,18,אלהים,subs,,D:Elohim,Other Tanakh
361242,1434353,504251,Ecclesiastes,5,19,אלהים,subs,,D:Elohim,Other Tanakh
361265,1434355,504256,Ecclesiastes,6,2,אלהים,subs,,D:Elohim,Other Tanakh
361284,1434355,504259,Ecclesiastes,6,2,אלהים,subs,,D:Elohim,Other Tanakh
361370,1434359,504280,Ecclesiastes,6,6,אל,prep,,C:divine-title-candidate,Other Tanakh
361497,1434367,504311,Ecclesiastes,7,2,אל,prep,,C:divine-title-candidate,Other Tanakh
361502,1434367,504312,Ecclesiastes,7,2,אל,prep,,C:divine-title-candidate,Other Tanakh
361516,1434367,504314,Ecclesiastes,7,2,אל,prep,,C:divine-title-candidate,Other Tanakh
361586,1434374,504330,Ecclesiastes,7,9,אל,nega,,C:divine-title-candidate,Other Tanakh
361598,1434375,504333,Ecclesiastes,7,10,אל,nega,,C:divine-title-candidate,Other Tanakh
361643,1434377,504342,Ecclesiastes,7,12,בעל,subs,,B:deity-candidate,Other Tanakh
361648,1434378,504343,Ecclesiastes,7,13,אלהים,subs,,D:Elohim,Other Tanakh
361676,1434379,504349,Ecclesiastes,7,14,אלהים,subs,,D:Elohim,Other Tanakh
361704,1434381,504356,Ecclesiastes,7,16,אל,nega,,C:divine-title-candidate,Other Tanakh
361709,1434381,504357,Ecclesiastes,7,16,אל,nega,,C:divine-title-candidate,Other Tanakh
361714,1434382,504359,Ecclesiastes,7,17,אל,nega,,C:divine-title-candidate,Other Tanakh
361718,1434382,504360,Ecclesiastes,7,17,אל,nega,,C:divine-title-candidate,Other Tanakh
361735,1434383,504364,Ecclesiastes,7,18,אל,nega,,C:divine-title-candidate,Other Tanakh
361741,1434383,504365,Ecclesiastes,7,18,אלהים,subs,,D:Elohim,Other Tanakh
361779,1434386,504371,Ecclesiastes,7,21,אל,nega,,C:divine-title-candidate,Other Tanakh
361864,1434391,504399,Ecclesiastes,7,26,אלהים,subs,,D:Elohim,Other Tanakh
361909,1434394,504411,Ecclesiastes,7,29,אלהים,subs,,D:Elohim,Other Tanakh
361938,1434396,504418,Ecclesiastes,8,2,מלך,subs,,B:deity-candidate,Other Tanakh
361944,1434396,504419,Ecclesiastes,8,2,אלהים,subs,,D:Elohim,Other Tanakh
361945,1434397,504420,Ecclesiastes,8,3,אל,nega,,C:divine-title-candidate,Other Tanakh
361950,1434397,504422,Ecclesiastes,8,3,אל,nega,,C:divine-title-candidate,Other Tanakh
361963,1434398,504425,Ecclesiastes,8,4,מלך,subs,,B:deity-candidate,Other Tanakh
362040,1434402,504442,Ecclesiastes,8,8,בעל,subs,,B:deity-candidate,Other Tanakh
362128,1434406,504462,Ecclesiastes,8,12,אלהים,subs,,D:Elohim,Other Tanakh
362154,1434407,504466,Ecclesiastes,8,13,אלהים,subs,,D:Elohim,Other Tanakh
362167,1434408,504470,Ecclesiastes,8,14,אל,prep,,C:divine-title-candidate,Other Tanakh
362177,1434408,504472,Ecclesiastes,8,14,אל,prep,,C:divine-title-candidate,Other Tanakh
362223,1434409,504481,Ecclesiastes,8,15,אלהים,subs,,D:Elohim,Other Tanakh
362266,1434411,504487,Ecclesiastes,8,17,אלהים,subs,,D:Elohim,Other Tanakh
362311,1434412,504498,Ecclesiastes,9,1,אל,prep,,C:divine-title-candidate,Other Tanakh
362330,1434412,504500,Ecclesiastes,9,1,אלהים,subs,,D:Elohim,Other Tanakh
362422,1434414,504518,Ecclesiastes,9,3,אל,prep,,C:divine-title-candidate,Other Tanakh
362429,1434415,504520,Ecclesiastes,9,4,אל,prep,,C:divine-title-candidate,Other Tanakh
362503,1434418,504535,Ecclesiastes,9,7,אלהים,subs,,D:Elohim,Other Tanakh
362516,1434419,504537,Ecclesiastes,9,8,אל,nega,,C:divine-title-candidate,Other Tanakh
362571,1434421,504546,Ecclesiastes,9,10,שאול,subs,,A:person-candidate,Other Tanakh
362672,1434424,504563,Ecclesiastes,9,13,אל,prep,,C:divine-title-candidate,Other Tanakh
362681,1434425,504566,Ecclesiastes,9,14,אל,prep,,C:divine-title-candidate,Other Tanakh
362682,1434425,504566,Ecclesiastes,9,14,מלך,subs,,B:deity-candidate,Other Tanakh
362802,1434433,504591,Ecclesiastes,10,4,אל,nega,,C:divine-title-candidate,Other Tanakh
362893,1434440,504615,Ecclesiastes,10,11,בעל,subs,,B:deity-candidate,Other Tanakh
362942,1434444,504628,Ecclesiastes,10,15,אל,prep,,C:divine-title-candidate,Other Tanakh
362948,1434445,504631,Ecclesiastes,10,16,מלך,subs,,B:deity-candidate,Other Tanakh
362959,1434446,504635,Ecclesiastes,10,17,מלך,subs,,B:deity-candidate,Other Tanakh
363005,1434449,504643,Ecclesiastes,10,20,מלך,subs,,B:deity-candidate,Other Tanakh
363006,1434449,504643,Ecclesiastes,10,20,אל,nega,,C:divine-title-candidate,Other Tanakh
363012,1434449,504644,Ecclesiastes,10,20,אל,nega,,C:divine-title-candidate,Other Tanakh
363024,1434449,504646,Ecclesiastes,10,20,בעל,subs,,B:deity-candidate,Other Tanakh
363116,1434454,504666,Ecclesiastes,11,5,אלהים,subs,,D:Elohim,Other Tanakh
363132,1434455,504669,Ecclesiastes,11,6,אל,nega,,C:divine-title-candidate,Other Tanakh
363215,1434458,504689,Ecclesiastes,11,9,אלהים,subs,,D:Elohim,Other Tanakh
363355,1434464,504716,Ecclesiastes,12,5,אל,prep,,C:divine-title-candidate,Other Tanakh
363387,1434465,504721,Ecclesiastes,12,6,אל,prep,,C:divine-title-candidate,Other Tanakh
363404,1434466,504724,Ecclesiastes,12,7,אל,prep,,C:divine-title-candidate,Other Tanakh
363406,1434466,504724,Ecclesiastes,12,7,אלהים,subs,,D:Elohim,Other Tanakh
363456,1434470,504738,Ecclesiastes,12,11,בעל,subs,,B:deity-candidate,Other Tanakh
363485,1434472,504748,Ecclesiastes,12,13,אלהים,subs,,D:Elohim,Other Tanakh
363501,1434473,504751,Ecclesiastes,12,14,אלהים,subs,,D:Elohim,Other Tanakh
363558,1434476,504764,Threni,1,3,יהודה,nmpr,"pers,gens,topo",F:unclassified-name,Other Tanakh
363580,1434477,504768,Threni,1,4,ציון,nmpr,topo,F:unclassified-name,Other Tanakh
363604,1434478,504776,Threni,1,5,יהוה,nmpr,pers,E:YHWH,Other Tanakh
363619,1434479,504778,Threni,1,6,ציון,nmpr,topo,F:unclassified-name,Other Tanakh
363638,1434480,504782,Threni,1,7,ירושלם,nmpr,topo,F:unclassified-name,Other Tanakh
363667,1434481,504788,Threni,1,8,ירושלם,nmpr,topo,F:unclassified-name,Other Tanakh
363698,1434482,504799,Threni,1,9,יהוה,nmpr,pers,E:YHWH,Other Tanakh
363736,1434484,504811,Threni,1,11,יהוה,nmpr,pers,E:YHWH,Other Tanakh
363743,1434485,504814,Threni,1,12,אל,prep,,C:divine-title-candidate,Other Tanakh
363760,1434485,504820,Threni,1,12,יהוה,nmpr,pers,E:YHWH,Other Tanakh
363797,1434487,504831,Threni,1,14,אדני,nmpr,pers,C:divine-title-candidate,Other Tanakh
363806,1434488,504834,Threni,1,15,אדני,nmpr,pers,C:divine-title-candidate,Other Tanakh
363817,1434488,504837,Threni,1,15,אדני,nmpr,pers,C:divine-title-candidate,Other Tanakh
363821,1434488,504837,Threni,1,15,יהודה,nmpr,"pers,gens,topo",F:unclassified-name,Other Tanakh
363843,1434490,504844,Threni,1,17,ציון,nmpr,topo,F:unclassified-name,Other Tanakh
363850,1434490,504846,Threni,1,17,יהוה,nmpr,pers,E:YHWH,Other Tanakh
363852,1434490,504846,Threni,1,17,יעקב,nmpr,pers,A:person-candidate,Other Tanakh
363856,1434490,504847,Threni,1,17,ירושלם,nmpr,topo,F:unclassified-name,Other Tanakh
363862,1434491,504848,Threni,1,18,יהוה,nmpr,pers,E:YHWH,Other Tanakh
363903,1434493,504860,Threni,1,20,יהוה,nmpr,pers,E:YHWH,Other Tanakh
363972,1434496,504881,Threni,2,1,אדני,nmpr,pers,C:divine-title-candidate,Other Tanakh
363975,1434496,504881,Threni,2,1,ציון,nmpr,topo,F:unclassified-name,Other Tanakh
363981,1434496,504882,Threni,2,1,ישראל,nmpr,"pers,gens,topo",F:unclassified-name,Other Tanakh
363991,1434497,504884,Threni,2,2,אדני,nmpr,pers,C:divine-title-candidate,Other Tanakh
363998,1434497,504884,Threni,2,2,יעקב,nmpr,pers,A:person-candidate,Other Tanakh
364004,1434497,504886,Threni,2,2,יהודה,nmpr,"pers,gens,topo",F:unclassified-name,Other Tanakh
364019,1434498,504889,Threni,2,3,ישראל,nmpr,"pers,gens,topo",F:unclassified-name,Other Tanakh
364029,1434498,504891,Threni,2,3,יעקב,nmpr,pers,A:person-candidate,Other Tanakh
364051,1434499,504896,Threni,2,4,ציון,nmpr,topo,F:unclassified-name,Other Tanakh
364058,1434500,504897,Threni,2,5,אדני,nmpr,pers,C:divine-title-candidate,Other Tanakh
364062,1434500,504898,Threni,2,5,ישראל,nmpr,"pers,gens,topo",F:unclassified-name,Other Tanakh
364072,1434500,504901,Threni,2,5,יהודה,nmpr,"pers,gens,topo",F:unclassified-name,Other Tanakh
364085,1434501,504904,Threni,2,6,יהוה,nmpr,pers,E:YHWH,Other Tanakh
364087,1434501,504904,Threni,2,6,ציון,nmpr,topo,F:unclassified-name,Other Tanakh
364096,1434501,504905,Threni,2,6,מלך,subs,,B:deity-candidate,Other Tanakh
364100,1434502,504906,Threni,2,7,אדני,nmpr,pers,C:divine-title-candidate,Other Tanakh
364114,1434502,504909,Threni,2,7,יהוה,nmpr,pers,E:YHWH,Other Tanakh
364119,1434503,504910,Threni,2,8,יהוה,nmpr,pers,E:YHWH,Other Tanakh
364124,1434503,504911,Threni,2,8,ציון,nmpr,topo,F:unclassified-name,Other Tanakh
364148,1434504,504920,Threni,2,9,מלך,subs,,B:deity-candidate,Other Tanakh
364162,1434504,504922,Threni,2,9,יהוה,nmpr,pers,E:YHWH,Other Tanakh
364170,1434505,504924,Threni,2,10,ציון,nmpr,topo,F:unclassified-name,Other Tanakh
364183,1434505,504927,Threni,2,10,ירושלם,nmpr,topo,F:unclassified-name,Other Tanakh
364226,1434507,504935,Threni,2,12,אל,prep,,C:divine-title-candidate,Other Tanakh
364236,1434508,504938,Threni,2,13,ירושלם,nmpr,topo,F:unclassified-name,Other Tanakh
364244,1434508,504941,Threni,2,13,ציון,nmpr,topo,F:unclassified-name,Other Tanakh
364287,1434510,504950,Threni,2,15,ירושלם,nmpr,topo,F:unclassified-name,Other Tanakh
364321,1434512,504964,Threni,2,17,יהוה,nmpr,pers,E:YHWH,Other Tanakh
364344,1434513,504972,Threni,2,18,אל,prep,,C:divine-title-candidate,Other Tanakh
364345,1434513,504972,Threni,2,18,אדני,nmpr,pers,C:divine-title-candidate,Other Tanakh
364348,1434513,504973,Threni,2,18,ציון,nmpr,topo,F:unclassified-name,Other Tanakh
364357,1434513,504975,Threni,2,18,אל,nega,,C:divine-title-candidate,Other Tanakh
364361,1434513,504976,Threni,2,18,אל,nega,,C:divine-title-candidate,Other Tanakh
364380,1434514,504979,Threni,2,19,אדני,nmpr,pers,C:divine-title-candidate,Other Tanakh
364382,1434514,504980,Threni,2,19,אל,prep,,C:divine-title-candidate,Other Tanakh
364396,1434515,504983,Threni,2,20,יהוה,nmpr,pers,E:YHWH,Other Tanakh
364413,1434515,504987,Threni,2,20,אדני,nmpr,pers,C:divine-title-candidate,Other Tanakh
364452,1434517,504994,Threni,2,22,יהוה,nmpr,pers,E:YHWH,Other Tanakh
364592,1434535,505035,Threni,3,18,יהוה,nmpr,pers,E:YHWH,Other Tanakh
364608,1434538,505039,Threni,3,21,אל,prep,,C:divine-title-candidate,Other Tanakh
364614,1434539,505041,Threni,3,22,יהוה,nmpr,pers,E:YHWH,Other Tanakh
364629,1434541,505046,Threni,3,24,יהוה,nmpr,pers,E:YHWH,Other Tanakh
364637,1434542,505049,Threni,3,25,יהוה,nmpr,pers,E:YHWH,Other Tanakh
364650,1434543,505052,Threni,3,26,יהוה,nmpr,pers,E:YHWH,Other Tanakh
364687,1434548,505062,Threni,3,31,אדני,nmpr,pers,C:divine-title-candidate,Other Tanakh
364718,1434552,505068,Threni,3,35,עליון,adjv,,C:divine-title-candidate,Other Tanakh
364724,1434553,505070,Threni,3,36,אדני,nmpr,pers,C:divine-title-candidate,Other Tanakh
364732,1434554,505073,Threni,3,37,אדני,nmpr,pers,C:divine-title-candidate,Other Tanakh
364737,1434555,505074,Threni,3,38,עליון,adjv,,C:divine-title-candidate,Other Tanakh
364759,1434557,505079,Threni,3,40,יהוה,nmpr,pers,E:YHWH,Other Tanakh
364762,1434558,505080,Threni,3,41,אל,prep,,C:divine-title-candidate,Other Tanakh
364764,1434558,505080,Threni,3,41,אל,prep,,C:divine-title-candidate,Other Tanakh
364765,1434558,505080,Threni,3,41,אל,subs,,C:divine-title-candidate,Other Tanakh
364836,1434567,505099,Threni,3,50,יהוה,nmpr,pers,E:YHWH,Other Tanakh
364871,1434572,505108,Threni,3,55,יהוה,nmpr,pers,E:YHWH,Other Tanakh
364877,1434573,505110,Threni,3,56,אל,nega,,C:divine-title-candidate,Other Tanakh
364889,1434574,505114,Threni,3,57,אל,nega,,C:divine-title-candidate,Other Tanakh
364892,1434575,505116,Threni,3,58,אדני,nmpr,pers,C:divine-title-candidate,Other Tanakh
364898,1434576,505119,Threni,3,59,יהוה,nmpr,pers,E:YHWH,Other Tanakh
364910,1434578,505124,Threni,3,61,יהוה,nmpr,pers,E:YHWH,Other Tanakh
364931,1434581,505130,Threni,3,64,יהוה,nmpr,pers,E:YHWH,Other Tanakh
364949,1434583,505135,Threni,3,66,יהוה,nmpr,pers,E:YHWH,Other Tanakh
364966,1434585,505139,Threni,4,2,ציון,nmpr,topo,F:unclassified-name,Other Tanakh
365001,1434587,505145,Threni,4,4,אל,prep,,C:divine-title-candidate,Other Tanakh
365033,1434589,505152,Threni,4,6,סדם,nmpr,topo,F:unclassified-name,Other Tanakh
365087,1434592,505165,Threni,4,9,שדי,subs,,C:divine-title-candidate,Other Tanakh
365102,1434594,505168,Threni,4,11,יהוה,nmpr,pers,E:YHWH,Other Tanakh
365112,1434594,505170,Threni,4,11,ציון,nmpr,topo,F:unclassified-name,Other Tanakh
365118,1434595,505172,Threni,4,12,מלך,subs,,B:deity-candidate,Other Tanakh
365130,1434595,505173,Threni,4,12,ירושלם,nmpr,topo,F:unclassified-name,Other Tanakh
365163,1434598,505185,Threni,4,15,אל,nega,,C:divine-title-candidate,Other Tanakh
365178,1434599,505191,Threni,4,16,יהוה,nmpr,pers,E:YHWH,Other Tanakh
365195,1434600,505197,Threni,4,17,אל,prep,,C:divine-title-candidate,Other Tanakh
365201,1434600,505198,Threni,4,17,אל,prep,,C:divine-title-candidate,Other Tanakh
365236,1434603,505208,Threni,4,20,יהוה,nmpr,pers,E:YHWH,Other Tanakh
365252,1434604,505213,Threni,4,21,אדום,nmpr,topo,F:unclassified-name,Other Tanakh
365256,1434604,505214,Threni,4,21,עוץ,nmpr,topo,F:unclassified-name,Other Tanakh
365267,1434605,505219,Threni,4,22,ציון,nmpr,topo,F:unclassified-name,Other Tanakh
365275,1434605,505223,Threni,4,22,אדום,nmpr,topo,F:unclassified-name,Other Tanakh
365280,1434606,505226,Threni,5,1,יהוה,nmpr,pers,E:YHWH,Other Tanakh
365320,1434611,505240,Threni,5,6,מצרים,nmpr,topo,F:unclassified-name,Other Tanakh
365323,1434611,505241,Threni,5,6,אשור,nmpr,topo,F:unclassified-name,Other Tanakh
365361,1434616,505250,Threni,5,11,ציון,nmpr,topo,F:unclassified-name,Other Tanakh
365366,1434616,505251,Threni,5,11,יהודה,nmpr,"pers,gens,topo",F:unclassified-name,Other Tanakh
365417,1434623,505265,Threni,5,18,ציון,nmpr,topo,F:unclassified-name,Other Tanakh
365424,1434624,505268,Threni,5,19,יהוה,nmpr,pers,E:YHWH,Other Tanakh
365442,1434626,505273,Threni,5,21,יהוה,nmpr,pers,E:YHWH,Other Tanakh
365443,1434626,505272,Threni,5,21,אל,prep,,C:divine-title-candidate,Other Tanakh
365462,1434628,505278,Esther,1,1,אחשורוש,nmpr,pers,A:person-candidate,Other Tanakh
365464,1434628,505279,Esther,1,1,אחשורוש,nmpr,pers,A:person-candidate,Other Tanakh
365466,1434628,505280,Esther,1,1,מלך,verb,,B:deity-candidate,Other Tanakh
365468,1434628,505280,Esther,1,1,הדו,nmpr,topo,F:unclassified-name,Other Tanakh
365471,1434628,505280,Esther,1,1,כוש,nmpr,topo,F:unclassified-name,Other Tanakh
365486,1434629,505282,Esther,1,2,מלך,subs,,B:deity-candidate,Other Tanakh
365487,1434629,505282,Esther,1,2,אחשורוש,nmpr,pers,A:person-candidate,Other Tanakh
365493,1434629,505283,Esther,1,2,שושן,nmpr,topo,F:unclassified-name,Other Tanakh
365500,1434630,505284,Esther,1,3,מלך,verb,,B:deity-candidate,Other Tanakh
365509,1434630,505281,Esther,1,3,פרס,nmpr,"gens,topo",F:unclassified-name,Other Tanakh
365511,1434630,505281,Esther,1,3,מדי,nmpr,"pers,gens,topo",F:unclassified-name,Other Tanakh
365546,1434632,505286,Esther,1,5,מלך,subs,,B:deity-candidate,Other Tanakh
365554,1434632,505288,Esther,1,5,שושן,nmpr,topo,F:unclassified-name,Other Tanakh
365571,1434632,505286,Esther,1,5,מלך,subs,,B:deity-candidate,Other Tanakh
365618,1434634,505293,Esther,1,7,מלך,subs,,B:deity-candidate,Other Tanakh
365631,1434635,505296,Esther,1,8,מלך,subs,,B:deity-candidate,Other Tanakh
365644,1434636,505298,Esther,1,9,ושתי,nmpr,pers,A:person-candidate,Other Tanakh
365656,1434636,505299,Esther,1,9,מלך,subs,,B:deity-candidate,Other Tanakh
365657,1434636,505299,Esther,1,9,אחשורוש,nmpr,pers,A:person-candidate,Other Tanakh
365667,1434637,505301,Esther,1,10,מלך,subs,,B:deity-candidate,Other Tanakh
365673,1434637,505300,Esther,1,10,מהומן,nmpr,pers,A:person-candidate,Other Tanakh
365674,1434637,505300,Esther,1,10,בזתא,nmpr,pers,A:person-candidate,Other Tanakh
365675,1434637,505300,Esther,1,10,חרבונא,nmpr,pers,A:person-candidate,Other Tanakh
365676,1434637,505300,Esther,1,10,בגתא,nmpr,pers,A:person-candidate,Other Tanakh
365678,1434637,505300,Esther,1,10,אבגתא,nmpr,pers,A:person-candidate,Other Tanakh
365679,1434637,505300,Esther,1,10,זתר,nmpr,pers,A:person-candidate,Other Tanakh
365681,1434637,505300,Esther,1,10,כרכס,nmpr,pers,A:person-candidate,Other Tanakh
365690,1434637,505302,Esther,1,10,מלך,subs,,B:deity-candidate,Other Tanakh
365691,1434637,505302,Esther,1,10,אחשורוש,nmpr,pers,A:person-candidate,Other Tanakh
365695,1434638,505303,Esther,1,11,ושתי,nmpr,pers,A:person-candidate,Other Tanakh
365701,1434638,505303,Esther,1,11,מלך,subs,,B:deity-candidate,Other Tanakh
365722,1434639,505306,Esther,1,12,ושתי,nmpr,pers,A:person-candidate,Other Tanakh
365728,1434639,505307,Esther,1,12,מלך,subs,,B:deity-candidate,Other Tanakh
365737,1434639,505309,Esther,1,12,מלך,subs,,B:deity-candidate,Other Tanakh
365746,1434640,505311,Esther,1,13,מלך,subs,,B:deity-candidate,Other Tanakh
365757,1434640,505312,Esther,1,13,מלך,subs,,B:deity-candidate,Other Tanakh
365768,1434641,505314,Esther,1,14,אל,prep,,C:divine-title-candidate,Other Tanakh
365769,1434641,505313,Esther,1,14,כרשנא,nmpr,pers,A:person-candidate,Other Tanakh
365770,1434641,505313,Esther,1,14,שתר,nmpr,pers,A:person-candidate,Other Tanakh
365771,1434641,505313,Esther,1,14,אדמתא,nmpr,pers,A:person-candidate,Other Tanakh
365772,1434641,505313,Esther,1,14,תרשיש,nmpr,pers,A:person-candidate,Other Tanakh
365773,1434641,505313,Esther,1,14,מרס,nmpr,pers,A:person-candidate,Other Tanakh
365774,1434641,505313,Esther,1,14,מרסנא,nmpr,pers,A:person-candidate,Other Tanakh
365775,1434641,505313,Esther,1,14,ממוכן,nmpr,pers,A:person-candidate,Other Tanakh
365778,1434641,505313,Esther,1,14,פרס,nmpr,"gens,topo",F:unclassified-name,Other Tanakh
365780,1434641,505313,Esther,1,14,מדי,nmpr,"pers,gens,topo",F:unclassified-name,Other Tanakh
365784,1434641,505313,Esther,1,14,מלך,subs,,B:deity-candidate,Other Tanakh
365799,1434642,505317,Esther,1,15,ושתי,nmpr,pers,A:person-candidate,Other Tanakh
365807,1434642,505318,Esther,1,15,מלך,subs,,B:deity-candidate,Other Tanakh
365808,1434642,505318,Esther,1,15,אחשורוש,nmpr,pers,A:person-candidate,Other Tanakh
365815,1434643,505319,Esther,1,16,ממוכן,nmpr,pers,A:person-candidate,Other Tanakh
365819,1434643,505319,Esther,1,16,מלך,subs,,B:deity-candidate,Other Tanakh
365826,1434643,505320,Esther,1,16,מלך,subs,,B:deity-candidate,Other Tanakh
365830,1434643,505320,Esther,1,16,ושתי,nmpr,pers,A:person-candidate,Other Tanakh
365848,1434643,505322,Esther,1,16,מלך,subs,,B:deity-candidate,Other Tanakh
365849,1434643,505322,Esther,1,16,אחשורוש,nmpr,pers,A:person-candidate,Other Tanakh
365861,1434644,505324,Esther,1,17,בעל,subs,,B:deity-candidate,Other Tanakh
365867,1434644,505326,Esther,1,17,מלך,subs,,B:deity-candidate,Other Tanakh
365868,1434644,505326,Esther,1,17,אחשורוש,nmpr,pers,A:person-candidate,Other Tanakh
365873,1434644,505327,Esther,1,17,ושתי,nmpr,pers,A:person-candidate,Other Tanakh
365888,1434645,505329,Esther,1,18,פרס,nmpr,"gens,topo",F:unclassified-name,Other Tanakh
365890,1434645,505329,Esther,1,18,מדי,nmpr,"pers,gens,topo",F:unclassified-name,Other Tanakh
365901,1434645,505329,Esther,1,18,מלך,subs,,B:deity-candidate,Other Tanakh
365911,1434646,505332,Esther,1,19,מלך,subs,,B:deity-candidate,Other Tanakh
365923,1434646,505334,Esther,1,19,פרס,nmpr,"gens,topo",F:unclassified-name,Other Tanakh
365925,1434646,505334,Esther,1,19,מדי,nmpr,"pers,gens,topo",F:unclassified-name,Other Tanakh
365932,1434646,505336,Esther,1,19,ושתי,nmpr,pers,A:person-candidate,Other Tanakh
365936,1434646,505336,Esther,1,19,מלך,subs,,B:deity-candidate,Other Tanakh
365937,1434646,505336,Esther,1,19,אחשורוש,nmpr,pers,A:person-candidate,Other Tanakh
365942,1434646,505337,Esther,1,19,מלך,subs,,B:deity-candidate,Other Tanakh
365952,1434647,505339,Esther,1,20,מלך,subs,,B:deity-candidate,Other Tanakh
365968,1434647,505342,Esther,1,20,בעל,subs,,B:deity-candidate,Other Tanakh
365982,1434648,505343,Esther,1,21,מלך,subs,,B:deity-candidate,Other Tanakh
365989,1434648,505344,Esther,1,21,מלך,subs,,B:deity-candidate,Other Tanakh
365992,1434648,505344,Esther,1,21,ממוכן,nmpr,pers,A:person-candidate,Other Tanakh
365996,1434649,505345,Esther,1,22,אל,prep,,C:divine-title-candidate,Other Tanakh
366000,1434649,505345,Esther,1,22,מלך,subs,,B:deity-candidate,Other Tanakh
366001,1434649,505346,Esther,1,22,אל,prep,,C:divine-title-candidate,Other Tanakh
366008,1434649,505347,Esther,1,22,אל,prep,,C:divine-title-candidate,Other Tanakh
366035,1434650,505351,Esther,2,1,מלך,subs,,B:deity-candidate,Other Tanakh
366036,1434650,505351,Esther,2,1,אחשורוש,nmpr,pers,A:person-candidate,Other Tanakh
366039,1434650,505350,Esther,2,1,ושתי,nmpr,pers,A:person-candidate,Other Tanakh
366053,1434651,505354,Esther,2,2,מלך,subs,,B:deity-candidate,Other Tanakh
366058,1434651,505355,Esther,2,2,מלך,subs,,B:deity-candidate,Other Tanakh
366066,1434652,505356,Esther,2,3,מלך,subs,,B:deity-candidate,Other Tanakh
366080,1434652,505357,Esther,2,3,אל,prep,,C:divine-title-candidate,Other Tanakh
366081,1434652,505357,Esther,2,3,שושן,nmpr,topo,F:unclassified-name,Other Tanakh
366084,1434652,505357,Esther,2,3,אל,prep,,C:divine-title-candidate,Other Tanakh
366088,1434652,505357,Esther,2,3,אל,prep,,C:divine-title-candidate,Other Tanakh
366090,1434652,505357,Esther,2,3,הגי,nmpr,pers,A:person-candidate,Other Tanakh
366093,1434652,505357,Esther,2,3,מלך,subs,,B:deity-candidate,Other Tanakh
366108,1434653,505360,Esther,2,4,מלך,subs,,B:deity-candidate,Other Tanakh
366109,1434653,505359,Esther,2,4,מלך,verb,,B:deity-candidate,Other Tanakh
366111,1434653,505359,Esther,2,4,ושתי,nmpr,pers,A:person-candidate,Other Tanakh
366119,1434653,505361,Esther,2,4,מלך,subs,,B:deity-candidate,Other Tanakh
366127,1434654,505363,Esther,2,5,שושן,nmpr,topo,F:unclassified-name,Other Tanakh
366132,1434654,505364,Esther,2,5,מרדכי,nmpr,pers,A:person-candidate,Other Tanakh
366134,1434654,505364,Esther,2,5,יאיר,nmpr,pers,A:person-candidate,Other Tanakh
366136,1434654,505364,Esther,2,5,שמעי,nmpr,pers,A:person-candidate,Other Tanakh
366138,1434654,505364,Esther,2,5,קיש,nmpr,pers,A:person-candidate,Other Tanakh
366144,1434655,505366,Esther,2,6,ירושלם,nmpr,topo,F:unclassified-name,Other Tanakh
366151,1434655,505367,Esther,2,6,יכניה,nmpr,pers,A:person-candidate,Other Tanakh
366152,1434655,505367,Esther,2,6,מלך,subs,,B:deity-candidate,Other Tanakh
366153,1434655,505367,Esther,2,6,יהודה,nmpr,"pers,gens,topo",F:unclassified-name,Other Tanakh
366156,1434655,505368,Esther,2,6,נבוכדנאצר,nmpr,pers,A:person-candidate,Other Tanakh
366157,1434655,505368,Esther,2,6,מלך,subs,,B:deity-candidate,Other Tanakh
366158,1434655,505368,Esther,2,6,בבל,nmpr,topo,F:unclassified-name,Other Tanakh
366163,1434656,505369,Esther,2,7,הדסה,nmpr,pers,A:person-candidate,Other Tanakh
366165,1434656,505370,Esther,2,7,אסתר,nmpr,pers,A:person-candidate,Other Tanakh
366167,1434656,505369,Esther,2,7,דוד,subs,,A:person-candidate,Other Tanakh
366189,1434656,505373,Esther,2,7,מרדכי,nmpr,pers,A:person-candidate,Other Tanakh
366199,1434657,505375,Esther,2,8,מלך,subs,,B:deity-candidate,Other Tanakh
366207,1434657,505376,Esther,2,8,אל,prep,,C:divine-title-candidate,Other Tanakh
366208,1434657,505376,Esther,2,8,שושן,nmpr,topo,F:unclassified-name,Other Tanakh
366211,1434657,505376,Esther,2,8,אל,prep,,C:divine-title-candidate,Other Tanakh
366213,1434657,505376,Esther,2,8,הגי,nmpr,pers,A:person-candidate,Other Tanakh
366216,1434657,505377,Esther,2,8,אסתר,nmpr,pers,A:person-candidate,Other Tanakh
366217,1434657,505377,Esther,2,8,אל,prep,,C:divine-title-candidate,Other Tanakh
366220,1434657,505377,Esther,2,8,מלך,subs,,B:deity-candidate,Other Tanakh
366221,1434657,505377,Esther,2,8,אל,prep,,C:divine-title-candidate,Other Tanakh
366223,1434657,505377,Esther,2,8,הגי,nmpr,pers,A:person-candidate,Other Tanakh
366261,1434658,505383,Esther,2,9,מלך,subs,,B:deity-candidate,Other Tanakh
366274,1434659,505385,Esther,2,10,אסתר,nmpr,pers,A:person-candidate,Other Tanakh
366281,1434659,505386,Esther,2,10,מרדכי,nmpr,pers,A:person-candidate,Other Tanakh
366293,1434660,505388,Esther,2,11,מרדכי,nmpr,pers,A:person-candidate,Other Tanakh
366305,1434660,505389,Esther,2,11,אסתר,nmpr,pers,A:person-candidate,Other Tanakh
366319,1434661,505392,Esther,2,12,אל,prep,,C:divine-title-candidate,Other Tanakh
366321,1434661,505392,Esther,2,12,מלך,subs,,B:deity-candidate,Other Tanakh
366322,1434661,505392,Esther,2,12,אחשורוש,nmpr,pers,A:person-candidate,Other Tanakh
366362,1434662,505398,Esther,2,13,אל,prep,,C:divine-title-candidate,Other Tanakh
366364,1434662,505398,Esther,2,13,מלך,subs,,B:deity-candidate,Other Tanakh
366381,1434662,505401,Esther,2,13,מלך,subs,,B:deity-candidate,Other Tanakh
366393,1434663,505403,Esther,2,14,אל,prep,,C:divine-title-candidate,Other Tanakh
366398,1434663,505403,Esther,2,14,אל,prep,,C:divine-title-candidate,Other Tanakh
366400,1434663,505403,Esther,2,14,שעשגז,nmpr,pers,A:person-candidate,Other Tanakh
366403,1434663,505403,Esther,2,14,מלך,subs,,B:deity-candidate,Other Tanakh
366410,1434663,505404,Esther,2,14,אל,prep,,C:divine-title-candidate,Other Tanakh
366412,1434663,505404,Esther,2,14,מלך,subs,,B:deity-candidate,Other Tanakh
366418,1434663,505405,Esther,2,14,מלך,subs,,B:deity-candidate,Other Tanakh
366427,1434664,505408,Esther,2,15,אסתר,nmpr,pers,A:person-candidate,Other Tanakh
366429,1434664,505408,Esther,2,15,אביחיל,nmpr,pers,A:person-candidate,Other Tanakh
366430,1434664,505408,Esther,2,15,דוד,subs,,A:person-candidate,Other Tanakh
366431,1434664,505408,Esther,2,15,מרדכי,nmpr,pers,A:person-candidate,Other Tanakh
366439,1434664,505410,Esther,2,15,אל,prep,,C:divine-title-candidate,Other Tanakh
366441,1434664,505410,Esther,2,15,מלך,subs,,B:deity-candidate,Other Tanakh
366450,1434664,505412,Esther,2,15,הגי,nmpr,pers,A:person-candidate,Other Tanakh
366453,1434664,505412,Esther,2,15,מלך,subs,,B:deity-candidate,Other Tanakh
366459,1434664,505413,Esther,2,15,אסתר,nmpr,pers,A:person-candidate,Other Tanakh
366468,1434665,505414,Esther,2,16,אסתר,nmpr,pers,A:person-candidate,Other Tanakh
366469,1434665,505414,Esther,2,16,אל,prep,,C:divine-title-candidate,Other Tanakh
366471,1434665,505414,Esther,2,16,מלך,subs,,B:deity-candidate,Other Tanakh
366472,1434665,505414,Esther,2,16,אחשורוש,nmpr,pers,A:person-candidate,Other Tanakh
366473,1434665,505414,Esther,2,16,אל,prep,,C:divine-title-candidate,Other Tanakh
366483,1434665,505415,Esther,2,16,טבת,nmpr,mens,F:unclassified-name,Other Tanakh
366492,1434666,505416,Esther,2,17,מלך,subs,,B:deity-candidate,Other Tanakh
366494,1434666,505416,Esther,2,17,אסתר,nmpr,pers,A:person-candidate,Other Tanakh
366517,1434666,505419,Esther,2,17,מלך,verb,,B:deity-candidate,Other Tanakh
366519,1434666,505419,Esther,2,17,ושתי,nmpr,pers,A:person-candidate,Other Tanakh
366523,1434667,505420,Esther,2,18,מלך,subs,,B:deity-candidate,Other Tanakh
366533,1434667,505420,Esther,2,18,אסתר,nmpr,pers,A:person-candidate,Other Tanakh
366546,1434667,505422,Esther,2,18,מלך,subs,,B:deity-candidate,Other Tanakh
366553,1434668,505424,Esther,2,19,מרדכי,nmpr,pers,A:person-candidate,Other Tanakh
366558,1434668,505424,Esther,2,19,מלך,subs,,B:deity-candidate,Other Tanakh
366560,1434669,505425,Esther,2,20,אסתר,nmpr,pers,A:person-candidate,Other Tanakh
366570,1434669,505426,Esther,2,20,מרדכי,nmpr,pers,A:person-candidate,Other Tanakh
366574,1434669,505427,Esther,2,20,מרדכי,nmpr,pers,A:person-candidate,Other Tanakh
366575,1434669,505427,Esther,2,20,אסתר,nmpr,pers,A:person-candidate,Other Tanakh
366589,1434670,505430,Esther,2,21,מרדכי,nmpr,pers,A:person-candidate,Other Tanakh
366594,1434670,505430,Esther,2,21,מלך,subs,,B:deity-candidate,Other Tanakh
366596,1434670,505429,Esther,2,21,בגתן,nmpr,pers,A:person-candidate,Other Tanakh
366598,1434670,505429,Esther,2,21,תרש,nmpr,pers,A:person-candidate,Other Tanakh
366602,1434670,505429,Esther,2,21,מלך,subs,,B:deity-candidate,Other Tanakh
366614,1434670,505432,Esther,2,21,מלך,subs,,B:deity-candidate,Other Tanakh
366615,1434670,505432,Esther,2,21,אחשורוש,nmpr,pers,A:person-candidate,Other Tanakh
366621,1434671,505433,Esther,2,22,מרדכי,nmpr,pers,A:person-candidate,Other Tanakh
366625,1434671,505434,Esther,2,22,אסתר,nmpr,pers,A:person-candidate,Other Tanakh
366630,1434671,505435,Esther,2,22,אסתר,nmpr,pers,A:person-candidate,Other Tanakh
366633,1434671,505435,Esther,2,22,מלך,subs,,B:deity-candidate,Other Tanakh
366636,1434671,505435,Esther,2,22,מרדכי,nmpr,pers,A:person-candidate,Other Tanakh
366658,1434672,505439,Esther,2,23,מלך,subs,,B:deity-candidate,Other Tanakh
366666,1434673,505440,Esther,3,1,מלך,subs,,B:deity-candidate,Other Tanakh
366667,1434673,505440,Esther,3,1,אחשורוש,nmpr,pers,A:person-candidate,Other Tanakh
366669,1434673,505440,Esther,3,1,המן,nmpr,pers,A:person-candidate,Other Tanakh
366671,1434673,505440,Esther,3,1,המדתא,nmpr,pers,A:person-candidate,Other Tanakh
366691,1434674,505444,Esther,3,2,מלך,subs,,B:deity-candidate,Other Tanakh
366696,1434674,505445,Esther,3,2,מלך,subs,,B:deity-candidate,Other Tanakh
366701,1434674,505446,Esther,3,2,המן,nmpr,pers,A:person-candidate,Other Tanakh
366707,1434674,505447,Esther,3,2,מלך,subs,,B:deity-candidate,Other Tanakh
366709,1434674,505448,Esther,3,2,מרדכי,nmpr,pers,A:person-candidate,Other Tanakh
366719,1434675,505450,Esther,3,3,מלך,subs,,B:deity-candidate,Other Tanakh
366724,1434675,505451,Esther,3,3,מלך,subs,,B:deity-candidate,Other Tanakh
366726,1434675,505450,Esther,3,3,מרדכי,nmpr,pers,A:person-candidate,Other Tanakh
366733,1434675,505452,Esther,3,3,מלך,subs,,B:deity-candidate,Other Tanakh
366738,1434676,505454,Esther,3,4,אל,prep,,C:divine-title-candidate,Other Tanakh
366745,1434676,505455,Esther,3,4,אל,prep,,C:divine-title-candidate,Other Tanakh
366749,1434676,505456,Esther,3,4,המן,nmpr,pers,A:person-candidate,Other Tanakh
366755,1434676,505458,Esther,3,4,מרדכי,nmpr,pers,A:person-candidate,Other Tanakh
366764,1434677,505461,Esther,3,5,המן,nmpr,pers,A:person-candidate,Other Tanakh
366767,1434677,505462,Esther,3,5,מרדכי,nmpr,pers,A:person-candidate,Other Tanakh
366774,1434677,505464,Esther,3,5,המן,nmpr,pers,A:person-candidate,Other Tanakh
366784,1434678,505466,Esther,3,6,מרדכי,nmpr,pers,A:person-candidate,Other Tanakh
366792,1434678,505467,Esther,3,6,מרדכי,nmpr,pers,A:person-candidate,Other Tanakh
366795,1434678,505468,Esther,3,6,המן,nmpr,pers,A:person-candidate,Other Tanakh
366806,1434678,505470,Esther,3,6,אחשורוש,nmpr,pers,A:person-candidate,Other Tanakh
366808,1434678,505469,Esther,3,6,מרדכי,nmpr,pers,A:person-candidate,Other Tanakh
366816,1434679,505472,Esther,3,7,ניסן,nmpr,mens,F:unclassified-name,Other Tanakh
366823,1434679,505471,Esther,3,7,מלך,subs,,B:deity-candidate,Other Tanakh
366824,1434679,505471,Esther,3,7,אחשורוש,nmpr,pers,A:person-candidate,Other Tanakh
366832,1434679,505471,Esther,3,7,המן,nmpr,pers,A:person-candidate,Other Tanakh
366846,1434679,505474,Esther,3,7,אדר,nmpr,mens,F:unclassified-name,Other Tanakh
366849,1434680,505475,Esther,3,8,המן,nmpr,pers,A:person-candidate,Other Tanakh
366852,1434680,505475,Esther,3,8,מלך,subs,,B:deity-candidate,Other Tanakh
366853,1434680,505475,Esther,3,8,אחשורוש,nmpr,pers,A:person-candidate,Other Tanakh
366877,1434680,505480,Esther,3,8,מלך,subs,,B:deity-candidate,Other Tanakh
366883,1434680,505481,Esther,3,8,מלך,subs,,B:deity-candidate,Other Tanakh
366891,1434681,505483,Esther,3,9,מלך,subs,,B:deity-candidate,Other Tanakh
366909,1434681,505487,Esther,3,9,אל,prep,,C:divine-title-candidate,Other Tanakh
366912,1434681,505487,Esther,3,9,מלך,subs,,B:deity-candidate,Other Tanakh
366916,1434682,505488,Esther,3,10,מלך,subs,,B:deity-candidate,Other Tanakh
366925,1434682,505489,Esther,3,10,המן,nmpr,pers,A:person-candidate,Other Tanakh
366927,1434682,505489,Esther,3,10,המדתא,nmpr,pers,A:person-candidate,Other Tanakh
366936,1434683,505491,Esther,3,11,מלך,subs,,B:deity-candidate,Other Tanakh
366938,1434683,505491,Esther,3,11,המן,nmpr,pers,A:person-candidate,Other Tanakh
366958,1434684,505495,Esther,3,12,מלך,subs,,B:deity-candidate,Other Tanakh
366975,1434684,505497,Esther,3,12,המן,nmpr,pers,A:person-candidate,Other Tanakh
366976,1434684,505496,Esther,3,12,אל,prep,,C:divine-title-candidate,Other Tanakh
366979,1434684,505496,Esther,3,12,מלך,subs,,B:deity-candidate,Other Tanakh
366981,1434684,505496,Esther,3,12,אל,prep,,C:divine-title-candidate,Other Tanakh
366990,1434684,505496,Esther,3,12,אל,prep,,C:divine-title-candidate,Other Tanakh
367009,1434684,505501,Esther,3,12,מלך,subs,,B:deity-candidate,Other Tanakh
367010,1434684,505501,Esther,3,12,אחשורוש,nmpr,pers,A:person-candidate,Other Tanakh
367017,1434684,505502,Esther,3,12,מלך,subs,,B:deity-candidate,Other Tanakh
367025,1434685,505503,Esther,3,13,אל,prep,,C:divine-title-candidate,Other Tanakh
367029,1434685,505503,Esther,3,13,מלך,subs,,B:deity-candidate,Other Tanakh
367061,1434685,505507,Esther,3,13,אדר,nmpr,mens,F:unclassified-name,Other Tanakh
367097,1434687,505515,Esther,3,15,מלך,subs,,B:deity-candidate,Other Tanakh
367103,1434687,505516,Esther,3,15,שושן,nmpr,topo,F:unclassified-name,Other Tanakh
367108,1434687,505517,Esther,3,15,מלך,subs,,B:deity-candidate,Other Tanakh
367110,1434687,505517,Esther,3,15,המן,nmpr,pers,A:person-candidate,Other Tanakh
367117,1434687,505519,Esther,3,15,שושן,nmpr,topo,F:unclassified-name,Other Tanakh
367120,1434688,505520,Esther,4,1,מרדכי,nmpr,pers,A:person-candidate,Other Tanakh
367128,1434688,505522,Esther,4,1,מרדכי,nmpr,pers,A:person-candidate,Other Tanakh
367155,1434689,505526,Esther,4,2,מלך,subs,,B:deity-candidate,Other Tanakh
367160,1434689,505528,Esther,4,2,אל,prep,,C:divine-title-candidate,Other Tanakh
367163,1434689,505528,Esther,4,2,מלך,subs,,B:deity-candidate,Other Tanakh
367177,1434690,505530,Esther,4,3,מלך,subs,,B:deity-candidate,Other Tanakh
367202,1434691,505533,Esther,4,4,אסתר,nmpr,pers,A:person-candidate,Other Tanakh
367219,1434691,505537,Esther,4,4,מרדכי,nmpr,pers,A:person-candidate,Other Tanakh
367231,1434692,505540,Esther,4,5,אסתר,nmpr,pers,A:person-candidate,Other Tanakh
367233,1434692,505540,Esther,4,5,התך,nmpr,pers,A:person-candidate,Other Tanakh
367237,1434692,505540,Esther,4,5,מלך,subs,,B:deity-candidate,Other Tanakh
367245,1434692,505542,Esther,4,5,מרדכי,nmpr,pers,A:person-candidate,Other Tanakh
367256,1434693,505546,Esther,4,6,התך,nmpr,pers,A:person-candidate,Other Tanakh
367257,1434693,505546,Esther,4,6,אל,prep,,C:divine-title-candidate,Other Tanakh
367258,1434693,505546,Esther,4,6,מרדכי,nmpr,pers,A:person-candidate,Other Tanakh
367259,1434693,505546,Esther,4,6,אל,prep,,C:divine-title-candidate,Other Tanakh
367268,1434693,505547,Esther,4,6,מלך,subs,,B:deity-candidate,Other Tanakh
367272,1434694,505548,Esther,4,7,מרדכי,nmpr,pers,A:person-candidate,Other Tanakh
367284,1434694,505550,Esther,4,7,המן,nmpr,pers,A:person-candidate,Other Tanakh
367290,1434694,505551,Esther,4,7,מלך,subs,,B:deity-candidate,Other Tanakh
367305,1434695,505554,Esther,4,8,שושן,nmpr,topo,F:unclassified-name,Other Tanakh
367313,1434695,505556,Esther,4,8,אסתר,nmpr,pers,A:person-candidate,Other Tanakh
367324,1434695,505559,Esther,4,8,אל,prep,,C:divine-title-candidate,Other Tanakh
367326,1434695,505559,Esther,4,8,מלך,subs,,B:deity-candidate,Other Tanakh
367340,1434696,505562,Esther,4,9,התך,nmpr,pers,A:person-candidate,Other Tanakh
367344,1434696,505563,Esther,4,9,אסתר,nmpr,pers,A:person-candidate,Other Tanakh
367347,1434696,505563,Esther,4,9,מרדכי,nmpr,pers,A:person-candidate,Other Tanakh
367350,1434697,505564,Esther,4,10,אסתר,nmpr,pers,A:person-candidate,Other Tanakh
367352,1434697,505564,Esther,4,10,התך,nmpr,pers,A:person-candidate,Other Tanakh
367355,1434697,505565,Esther,4,10,אל,prep,,C:divine-title-candidate,Other Tanakh
367356,1434697,505565,Esther,4,10,מרדכי,nmpr,pers,A:person-candidate,Other Tanakh
367360,1434698,505566,Esther,4,11,מלך,subs,,B:deity-candidate,Other Tanakh
367365,1434698,505566,Esther,4,11,מלך,subs,,B:deity-candidate,Other Tanakh
367374,1434698,505568,Esther,4,11,אל,prep,,C:divine-title-candidate,Other Tanakh
367376,1434698,505568,Esther,4,11,מלך,subs,,B:deity-candidate,Other Tanakh
367377,1434698,505568,Esther,4,11,אל,prep,,C:divine-title-candidate,Other Tanakh
367396,1434698,505572,Esther,4,11,מלך,subs,,B:deity-candidate,Other Tanakh
367409,1434698,505575,Esther,4,11,אל,prep,,C:divine-title-candidate,Other Tanakh
367411,1434698,505575,Esther,4,11,מלך,subs,,B:deity-candidate,Other Tanakh
367418,1434699,505576,Esther,4,12,מרדכי,nmpr,pers,A:person-candidate,Other Tanakh
367421,1434699,505576,Esther,4,12,אסתר,nmpr,pers,A:person-candidate,Other Tanakh
367424,1434700,505577,Esther,4,13,מרדכי,nmpr,pers,A:person-candidate,Other Tanakh
367427,1434700,505578,Esther,4,13,אל,prep,,C:divine-title-candidate,Other Tanakh
367428,1434700,505578,Esther,4,13,אסתר,nmpr,pers,A:person-candidate,Other Tanakh
367429,1434700,505579,Esther,4,13,אל,nega,,C:divine-title-candidate,Other Tanakh
367437,1434700,505580,Esther,4,13,מלך,subs,,B:deity-candidate,Other Tanakh
367481,1434702,505586,Esther,4,15,אסתר,nmpr,pers,A:person-candidate,Other Tanakh
367484,1434702,505587,Esther,4,15,אל,prep,,C:divine-title-candidate,Other Tanakh
367485,1434702,505587,Esther,4,15,מרדכי,nmpr,pers,A:person-candidate,Other Tanakh
367495,1434703,505590,Esther,4,16,שושן,nmpr,topo,F:unclassified-name,Other Tanakh
367500,1434703,505592,Esther,4,16,אל,nega,,C:divine-title-candidate,Other Tanakh
367503,1434703,505593,Esther,4,16,אל,nega,,C:divine-title-candidate,Other Tanakh
367520,1434703,505595,Esther,4,16,אל,prep,,C:divine-title-candidate,Other Tanakh
367522,1434703,505595,Esther,4,16,מלך,subs,,B:deity-candidate,Other Tanakh
367535,1434704,505599,Esther,4,17,מרדכי,nmpr,pers,A:person-candidate,Other Tanakh
367543,1434704,505601,Esther,4,17,אסתר,nmpr,pers,A:person-candidate,Other Tanakh
367553,1434705,505603,Esther,5,1,אסתר,nmpr,pers,A:person-candidate,Other Tanakh
367561,1434705,505604,Esther,5,1,מלך,subs,,B:deity-candidate,Other Tanakh
367567,1434705,505604,Esther,5,1,מלך,subs,,B:deity-candidate,Other Tanakh
367570,1434705,505605,Esther,5,1,מלך,subs,,B:deity-candidate,Other Tanakh
367588,1434706,505607,Esther,5,2,מלך,subs,,B:deity-candidate,Other Tanakh
367590,1434706,505607,Esther,5,2,אסתר,nmpr,pers,A:person-candidate,Other Tanakh
367604,1434706,505610,Esther,5,2,מלך,subs,,B:deity-candidate,Other Tanakh
367606,1434706,505610,Esther,5,2,אסתר,nmpr,pers,A:person-candidate,Other Tanakh
367616,1434706,505612,Esther,5,2,אסתר,nmpr,pers,A:person-candidate,Other Tanakh
367627,1434707,505614,Esther,5,3,מלך,subs,,B:deity-candidate,Other Tanakh
367630,1434707,505616,Esther,5,3,אסתר,nmpr,pers,A:person-candidate,Other Tanakh
367645,1434708,505620,Esther,5,4,אסתר,nmpr,pers,A:person-candidate,Other Tanakh
367649,1434708,505621,Esther,5,4,מלך,subs,,B:deity-candidate,Other Tanakh
367653,1434708,505622,Esther,5,4,מלך,subs,,B:deity-candidate,Other Tanakh
367655,1434708,505622,Esther,5,4,המן,nmpr,pers,A:person-candidate,Other Tanakh
367658,1434708,505622,Esther,5,4,אל,prep,,C:divine-title-candidate,Other Tanakh
367667,1434709,505624,Esther,5,5,מלך,subs,,B:deity-candidate,Other Tanakh
367670,1434709,505625,Esther,5,5,המן,nmpr,pers,A:person-candidate,Other Tanakh
367675,1434709,505626,Esther,5,5,אסתר,nmpr,pers,A:person-candidate,Other Tanakh
367679,1434709,505627,Esther,5,5,מלך,subs,,B:deity-candidate,Other Tanakh
367681,1434709,505627,Esther,5,5,המן,nmpr,pers,A:person-candidate,Other Tanakh
367682,1434709,505627,Esther,5,5,אל,prep,,C:divine-title-candidate,Other Tanakh
367687,1434709,505628,Esther,5,5,אסתר,nmpr,pers,A:person-candidate,Other Tanakh
367691,1434710,505629,Esther,5,6,מלך,subs,,B:deity-candidate,Other Tanakh
367693,1434710,505629,Esther,5,6,אסתר,nmpr,pers,A:person-candidate,Other Tanakh
367714,1434711,505635,Esther,5,7,אסתר,nmpr,pers,A:person-candidate,Other Tanakh
367726,1434712,505638,Esther,5,8,מלך,subs,,B:deity-candidate,Other Tanakh
367731,1434712,505639,Esther,5,8,מלך,subs,,B:deity-candidate,Other Tanakh
367744,1434712,505642,Esther,5,8,מלך,subs,,B:deity-candidate,Other Tanakh
367746,1434712,505642,Esther,5,8,המן,nmpr,pers,A:person-candidate,Other Tanakh
367747,1434712,505642,Esther,5,8,אל,prep,,C:divine-title-candidate,Other Tanakh
367759,1434712,505644,Esther,5,8,מלך,subs,,B:deity-candidate,Other Tanakh
367762,1434713,505645,Esther,5,9,המן,nmpr,pers,A:person-candidate,Other Tanakh
367775,1434713,505646,Esther,5,9,המן,nmpr,pers,A:person-candidate,Other Tanakh
367777,1434713,505646,Esther,5,9,מרדכי,nmpr,pers,A:person-candidate,Other Tanakh
367781,1434713,505646,Esther,5,9,מלך,subs,,B:deity-candidate,Other Tanakh
367791,1434713,505649,Esther,5,9,המן,nmpr,pers,A:person-candidate,Other Tanakh
367793,1434713,505649,Esther,5,9,מרדכי,nmpr,pers,A:person-candidate,Other Tanakh
367797,1434714,505650,Esther,5,10,המן,nmpr,pers,A:person-candidate,Other Tanakh
367800,1434714,505651,Esther,5,10,אל,prep,,C:divine-title-candidate,Other Tanakh
367810,1434714,505653,Esther,5,10,זרש,nmpr,pers,A:person-candidate,Other Tanakh
367815,1434715,505654,Esther,5,11,המן,nmpr,pers,A:person-candidate,Other Tanakh
367828,1434715,505655,Esther,5,11,מלך,subs,,B:deity-candidate,Other Tanakh
367839,1434715,505656,Esther,5,11,מלך,subs,,B:deity-candidate,Other Tanakh
367842,1434716,505657,Esther,5,12,המן,nmpr,pers,A:person-candidate,Other Tanakh
367846,1434716,505658,Esther,5,12,אסתר,nmpr,pers,A:person-candidate,Other Tanakh
367851,1434716,505658,Esther,5,12,מלך,subs,,B:deity-candidate,Other Tanakh
367852,1434716,505658,Esther,5,12,אל,prep,,C:divine-title-candidate,Other Tanakh
367869,1434716,505661,Esther,5,12,מלך,subs,,B:deity-candidate,Other Tanakh
367883,1434717,505664,Esther,5,13,מרדכי,nmpr,pers,A:person-candidate,Other Tanakh
367890,1434717,505665,Esther,5,13,מלך,subs,,B:deity-candidate,Other Tanakh
367894,1434718,505666,Esther,5,14,זרש,nmpr,pers,A:person-candidate,Other Tanakh
367911,1434718,505668,Esther,5,14,מלך,subs,,B:deity-candidate,Other Tanakh
367915,1434718,505669,Esther,5,14,מרדכי,nmpr,pers,A:person-candidate,Other Tanakh
367921,1434718,505670,Esther,5,14,מלך,subs,,B:deity-candidate,Other Tanakh
367922,1434718,505670,Esther,5,14,אל,prep,,C:divine-title-candidate,Other Tanakh
367932,1434718,505671,Esther,5,14,המן,nmpr,pers,A:person-candidate,Other Tanakh
367945,1434719,505673,Esther,6,1,מלך,subs,,B:deity-candidate,Other Tanakh
367963,1434719,505676,Esther,6,1,מלך,subs,,B:deity-candidate,Other Tanakh
367969,1434720,505678,Esther,6,2,מרדכי,nmpr,pers,A:person-candidate,Other Tanakh
367971,1434720,505678,Esther,6,2,בגתן,nmpr,pers,A:person-candidate,Other Tanakh
367973,1434720,505678,Esther,6,2,תרש,nmpr,pers,A:person-candidate,Other Tanakh
367977,1434720,505678,Esther,6,2,מלך,subs,,B:deity-candidate,Other Tanakh
367989,1434720,505680,Esther,6,2,מלך,subs,,B:deity-candidate,Other Tanakh
367990,1434720,505680,Esther,6,2,אחשורוש,nmpr,pers,A:person-candidate,Other Tanakh
367994,1434721,505681,Esther,6,3,מלך,subs,,B:deity-candidate,Other Tanakh
368001,1434721,505682,Esther,6,3,מרדכי,nmpr,pers,A:person-candidate,Other Tanakh
368008,1434721,505683,Esther,6,3,מלך,subs,,B:deity-candidate,Other Tanakh
368017,1434722,505685,Esther,6,4,מלך,subs,,B:deity-candidate,Other Tanakh
368023,1434722,505687,Esther,6,4,המן,nmpr,pers,A:person-candidate,Other Tanakh
368029,1434722,505687,Esther,6,4,מלך,subs,,B:deity-candidate,Other Tanakh
368036,1434722,505688,Esther,6,4,מלך,subs,,B:deity-candidate,Other Tanakh
368040,1434722,505689,Esther,6,4,מרדכי,nmpr,pers,A:person-candidate,Other Tanakh
368051,1434723,505691,Esther,6,5,מלך,subs,,B:deity-candidate,Other Tanakh
368052,1434723,505691,Esther,6,5,אל,prep,,C:divine-title-candidate,Other Tanakh
368054,1434723,505692,Esther,6,5,המן,nmpr,pers,A:person-candidate,Other Tanakh
368062,1434723,505693,Esther,6,5,מלך,subs,,B:deity-candidate,Other Tanakh
368066,1434724,505695,Esther,6,6,המן,nmpr,pers,A:person-candidate,Other Tanakh
368071,1434724,505696,Esther,6,6,מלך,subs,,B:deity-candidate,Other Tanakh
368080,1434724,505699,Esther,6,6,מלך,subs,,B:deity-candidate,Other Tanakh
368086,1434724,505700,Esther,6,6,המן,nmpr,pers,A:person-candidate,Other Tanakh
368093,1434724,505701,Esther,6,6,מלך,subs,,B:deity-candidate,Other Tanakh
368101,1434725,505703,Esther,6,7,המן,nmpr,pers,A:person-candidate,Other Tanakh
368102,1434725,505703,Esther,6,7,אל,prep,,C:divine-title-candidate,Other Tanakh
368104,1434725,505703,Esther,6,7,מלך,subs,,B:deity-candidate,Other Tanakh
368108,1434725,505705,Esther,6,7,מלך,subs,,B:deity-candidate,Other Tanakh
368119,1434726,505707,Esther,6,8,מלך,subs,,B:deity-candidate,Other Tanakh
368126,1434726,505708,Esther,6,8,מלך,subs,,B:deity-candidate,Other Tanakh
368147,1434727,505710,Esther,6,9,מלך,subs,,B:deity-candidate,Other Tanakh
368157,1434727,505712,Esther,6,9,מלך,subs,,B:deity-candidate,Other Tanakh
368181,1434727,505716,Esther,6,9,מלך,subs,,B:deity-candidate,Other Tanakh
368188,1434728,505717,Esther,6,10,מלך,subs,,B:deity-candidate,Other Tanakh
368190,1434728,505717,Esther,6,10,המן,nmpr,pers,A:person-candidate,Other Tanakh
368207,1434728,505721,Esther,6,10,מרדכי,nmpr,pers,A:person-candidate,Other Tanakh
368215,1434728,505722,Esther,6,10,מלך,subs,,B:deity-candidate,Other Tanakh
368216,1434728,505723,Esther,6,10,אל,nega,,C:divine-title-candidate,Other Tanakh
368225,1434729,505725,Esther,6,11,המן,nmpr,pers,A:person-candidate,Other Tanakh
368236,1434729,505726,Esther,6,11,מרדכי,nmpr,pers,A:person-candidate,Other Tanakh
368254,1434729,505730,Esther,6,11,מלך,subs,,B:deity-candidate,Other Tanakh
368260,1434730,505731,Esther,6,12,מרדכי,nmpr,pers,A:person-candidate,Other Tanakh
368261,1434730,505731,Esther,6,12,אל,prep,,C:divine-title-candidate,Other Tanakh
368264,1434730,505731,Esther,6,12,מלך,subs,,B:deity-candidate,Other Tanakh
368266,1434730,505732,Esther,6,12,המן,nmpr,pers,A:person-candidate,Other Tanakh
368268,1434730,505732,Esther,6,12,אל,prep,,C:divine-title-candidate,Other Tanakh
368276,1434731,505733,Esther,6,13,המן,nmpr,pers,A:person-candidate,Other Tanakh
368278,1434731,505733,Esther,6,13,זרש,nmpr,pers,A:person-candidate,Other Tanakh
368293,1434731,505735,Esther,6,13,זרש,nmpr,pers,A:person-candidate,Other Tanakh
368300,1434731,505736,Esther,6,13,מרדכי,nmpr,pers,A:person-candidate,Other Tanakh
368321,1434732,505742,Esther,6,14,מלך,subs,,B:deity-candidate,Other Tanakh
368328,1434732,505744,Esther,6,14,המן,nmpr,pers,A:person-candidate,Other Tanakh
368329,1434732,505744,Esther,6,14,אל,prep,,C:divine-title-candidate,Other Tanakh
368334,1434732,505745,Esther,6,14,אסתר,nmpr,pers,A:person-candidate,Other Tanakh
368338,1434733,505746,Esther,7,1,מלך,subs,,B:deity-candidate,Other Tanakh
368340,1434733,505746,Esther,7,1,המן,nmpr,pers,A:person-candidate,Other Tanakh
368344,1434733,505747,Esther,7,1,אסתר,nmpr,pers,A:person-candidate,Other Tanakh
368350,1434734,505748,Esther,7,2,מלך,subs,,B:deity-candidate,Other Tanakh
368352,1434734,505748,Esther,7,2,אסתר,nmpr,pers,A:person-candidate,Other Tanakh
368365,1434734,505750,Esther,7,2,אסתר,nmpr,pers,A:person-candidate,Other Tanakh
368382,1434735,505755,Esther,7,3,אסתר,nmpr,pers,A:person-candidate,Other Tanakh
368393,1434735,505758,Esther,7,3,מלך,subs,,B:deity-candidate,Other Tanakh
368398,1434735,505759,Esther,7,3,מלך,subs,,B:deity-candidate,Other Tanakh
368438,1434736,505768,Esther,7,4,מלך,subs,,B:deity-candidate,Other Tanakh
368442,1434737,505769,Esther,7,5,מלך,subs,,B:deity-candidate,Other Tanakh
368443,1434737,505769,Esther,7,5,אחשורוש,nmpr,pers,A:person-candidate,Other Tanakh
368447,1434737,505770,Esther,7,5,אסתר,nmpr,pers,A:person-candidate,Other Tanakh
368465,1434738,505775,Esther,7,6,אסתר,nmpr,pers,A:person-candidate,Other Tanakh
368470,1434738,505777,Esther,7,6,המן,nmpr,pers,A:person-candidate,Other Tanakh
368476,1434738,505778,Esther,7,6,המן,nmpr,pers,A:person-candidate,Other Tanakh
368482,1434738,505778,Esther,7,6,מלך,subs,,B:deity-candidate,Other Tanakh
368488,1434739,505779,Esther,7,7,מלך,subs,,B:deity-candidate,Other Tanakh
368496,1434739,505779,Esther,7,7,אל,prep,,C:divine-title-candidate,Other Tanakh
368501,1434739,505780,Esther,7,7,המן,nmpr,pers,A:person-candidate,Other Tanakh
368508,1434739,505781,Esther,7,7,אסתר,nmpr,pers,A:person-candidate,Other Tanakh
368515,1434739,505783,Esther,7,7,אל,prep,,C:divine-title-candidate,Other Tanakh
368521,1434739,505783,Esther,7,7,מלך,subs,,B:deity-candidate,Other Tanakh
368524,1434740,505784,Esther,7,8,מלך,subs,,B:deity-candidate,Other Tanakh
368530,1434740,505784,Esther,7,8,אל,prep,,C:divine-title-candidate,Other Tanakh
368536,1434740,505785,Esther,7,8,המן,nmpr,pers,A:person-candidate,Other Tanakh
368542,1434740,505786,Esther,7,8,אסתר,nmpr,pers,A:person-candidate,Other Tanakh
368547,1434740,505787,Esther,7,8,מלך,subs,,B:deity-candidate,Other Tanakh
368565,1434740,505789,Esther,7,8,מלך,subs,,B:deity-candidate,Other Tanakh
368568,1434740,505790,Esther,7,8,המן,nmpr,pers,A:person-candidate,Other Tanakh
368572,1434741,505791,Esther,7,9,חרבונה,nmpr,pers,A:person-candidate,Other Tanakh
368580,1434741,505791,Esther,7,9,מלך,subs,,B:deity-candidate,Other Tanakh
368587,1434741,505793,Esther,7,9,המן,nmpr,pers,A:person-candidate,Other Tanakh
368589,1434741,505793,Esther,7,9,מרדכי,nmpr,pers,A:person-candidate,Other Tanakh
368595,1434741,505794,Esther,7,9,מלך,subs,,B:deity-candidate,Other Tanakh
368599,1434741,505792,Esther,7,9,המן,nmpr,pers,A:person-candidate,Other Tanakh
368606,1434741,505796,Esther,7,9,מלך,subs,,B:deity-candidate,Other Tanakh
368612,1434742,505798,Esther,7,10,המן,nmpr,pers,A:person-candidate,Other Tanakh
368619,1434742,505799,Esther,7,10,מרדכי,nmpr,pers,A:person-candidate,Other Tanakh
368623,1434742,505800,Esther,7,10,מלך,subs,,B:deity-candidate,Other Tanakh
368632,1434743,505801,Esther,8,1,מלך,subs,,B:deity-candidate,Other Tanakh
368633,1434743,505801,Esther,8,1,אחשורוש,nmpr,pers,A:person-candidate,Other Tanakh
368635,1434743,505801,Esther,8,1,אסתר,nmpr,pers,A:person-candidate,Other Tanakh
368640,1434743,505801,Esther,8,1,המן,nmpr,pers,A:person-candidate,Other Tanakh
368645,1434743,505802,Esther,8,1,מרדכי,nmpr,pers,A:person-candidate,Other Tanakh
368650,1434743,505802,Esther,8,1,מלך,subs,,B:deity-candidate,Other Tanakh
368653,1434743,505803,Esther,8,1,אסתר,nmpr,pers,A:person-candidate,Other Tanakh
368660,1434744,505805,Esther,8,2,מלך,subs,,B:deity-candidate,Other Tanakh
368666,1434744,505806,Esther,8,2,המן,nmpr,pers,A:person-candidate,Other Tanakh
368670,1434744,505807,Esther,8,2,מרדכי,nmpr,pers,A:person-candidate,Other Tanakh
368673,1434744,505808,Esther,8,2,אסתר,nmpr,pers,A:person-candidate,Other Tanakh
368675,1434744,505808,Esther,8,2,מרדכי,nmpr,pers,A:person-candidate,Other Tanakh
368678,1434744,505808,Esther,8,2,המן,nmpr,pers,A:person-candidate,Other Tanakh
368681,1434745,505809,Esther,8,3,אסתר,nmpr,pers,A:person-candidate,Other Tanakh
368687,1434745,505810,Esther,8,3,מלך,subs,,B:deity-candidate,Other Tanakh
368702,1434745,505814,Esther,8,3,המן,nmpr,pers,A:person-candidate,Other Tanakh
368716,1434746,505816,Esther,8,4,מלך,subs,,B:deity-candidate,Other Tanakh
368718,1434746,505816,Esther,8,4,אסתר,nmpr,pers,A:person-candidate,Other Tanakh
368725,1434746,505817,Esther,8,4,אסתר,nmpr,pers,A:person-candidate,Other Tanakh
368731,1434746,505818,Esther,8,4,מלך,subs,,B:deity-candidate,Other Tanakh
368737,1434747,505820,Esther,8,5,מלך,subs,,B:deity-candidate,Other Tanakh
368752,1434747,505822,Esther,8,5,מלך,subs,,B:deity-candidate,Other Tanakh
368765,1434747,505825,Esther,8,5,המן,nmpr,pers,A:person-candidate,Other Tanakh
368767,1434747,505825,Esther,8,5,המדתא,nmpr,pers,A:person-candidate,Other Tanakh
368782,1434747,505828,Esther,8,5,מלך,subs,,B:deity-candidate,Other Tanakh
368806,1434749,505834,Esther,8,7,מלך,subs,,B:deity-candidate,Other Tanakh
368807,1434749,505834,Esther,8,7,אחשורוש,nmpr,pers,A:person-candidate,Other Tanakh
368809,1434749,505834,Esther,8,7,אסתר,nmpr,pers,A:person-candidate,Other Tanakh
368814,1434749,505834,Esther,8,7,מרדכי,nmpr,pers,A:person-candidate,Other Tanakh
368819,1434749,505835,Esther,8,7,המן,nmpr,pers,A:person-candidate,Other Tanakh
368822,1434749,505835,Esther,8,7,אסתר,nmpr,pers,A:person-candidate,Other Tanakh
368850,1434750,505838,Esther,8,8,מלך,subs,,B:deity-candidate,Other Tanakh
368856,1434750,505839,Esther,8,8,מלך,subs,,B:deity-candidate,Other Tanakh
368864,1434750,505841,Esther,8,8,מלך,subs,,B:deity-candidate,Other Tanakh
368870,1434750,505842,Esther,8,8,מלך,subs,,B:deity-candidate,Other Tanakh
368878,1434751,505844,Esther,8,9,מלך,subs,,B:deity-candidate,Other Tanakh
368891,1434751,505845,Esther,8,9,סיון,nmpr,mens,F:unclassified-name,Other Tanakh
368903,1434751,505847,Esther,8,9,מרדכי,nmpr,pers,A:person-candidate,Other Tanakh
368904,1434751,505846,Esther,8,9,אל,prep,,C:divine-title-candidate,Other Tanakh
368908,1434751,505846,Esther,8,9,אל,prep,,C:divine-title-candidate,Other Tanakh
368920,1434751,505848,Esther,8,9,הדו,nmpr,topo,F:unclassified-name,Other Tanakh
368923,1434751,505848,Esther,8,9,כוש,nmpr,topo,F:unclassified-name,Other Tanakh
368942,1434751,505851,Esther,8,9,אל,prep,,C:divine-title-candidate,Other Tanakh
368955,1434752,505852,Esther,8,10,מלך,subs,,B:deity-candidate,Other Tanakh
368956,1434752,505852,Esther,8,10,אחשורוש,nmpr,pers,A:person-candidate,Other Tanakh
368962,1434752,505853,Esther,8,10,מלך,subs,,B:deity-candidate,Other Tanakh
368984,1434753,505856,Esther,8,11,מלך,subs,,B:deity-candidate,Other Tanakh
369032,1434754,505866,Esther,8,12,מלך,subs,,B:deity-candidate,Other Tanakh
369033,1434754,505866,Esther,8,12,אחשורוש,nmpr,pers,A:person-candidate,Other Tanakh
369043,1434754,505867,Esther,8,12,אדר,nmpr,mens,F:unclassified-name,Other Tanakh
369089,1434756,505873,Esther,8,14,מלך,subs,,B:deity-candidate,Other Tanakh
369095,1434756,505874,Esther,8,14,שושן,nmpr,topo,F:unclassified-name,Other Tanakh
369099,1434757,505875,Esther,8,15,מרדכי,nmpr,pers,A:person-candidate,Other Tanakh
369105,1434757,505875,Esther,8,15,מלך,subs,,B:deity-candidate,Other Tanakh
369124,1434757,505876,Esther,8,15,שושן,nmpr,topo,F:unclassified-name,Other Tanakh
369155,1434759,505880,Esther,8,17,מלך,subs,,B:deity-candidate,Other Tanakh
369189,1434760,505885,Esther,9,1,אדר,nmpr,mens,F:unclassified-name,Other Tanakh
369199,1434760,505886,Esther,9,1,מלך,subs,,B:deity-candidate,Other Tanakh
369234,1434761,505884,Esther,9,2,מלך,subs,,B:deity-candidate,Other Tanakh
369235,1434761,505884,Esther,9,2,אחשורוש,nmpr,pers,A:person-candidate,Other Tanakh
369273,1434762,505896,Esther,9,3,מלך,subs,,B:deity-candidate,Other Tanakh
369281,1434762,505897,Esther,9,3,מרדכי,nmpr,pers,A:person-candidate,Other Tanakh
369285,1434763,505898,Esther,9,4,מרדכי,nmpr,pers,A:person-candidate,Other Tanakh
369289,1434763,505898,Esther,9,4,מלך,subs,,B:deity-candidate,Other Tanakh
369300,1434763,505900,Esther,9,4,מרדכי,nmpr,pers,A:person-candidate,Other Tanakh
369325,1434765,505904,Esther,9,6,שושן,nmpr,topo,F:unclassified-name,Other Tanakh
369338,1434766,505906,Esther,9,7,פרשנדתא,nmpr,pers,A:person-candidate,Other Tanakh
369341,1434766,505906,Esther,9,7,דלפון,nmpr,pers,A:person-candidate,Other Tanakh
369344,1434766,505906,Esther,9,7,אספתא,nmpr,pers,A:person-candidate,Other Tanakh
369347,1434767,505907,Esther,9,8,פורתא,nmpr,pers,A:person-candidate,Other Tanakh
369350,1434767,505907,Esther,9,8,אדליא,nmpr,pers,A:person-candidate,Other Tanakh
369353,1434767,505907,Esther,9,8,ארידתא,nmpr,pers,A:person-candidate,Other Tanakh
369356,1434768,505908,Esther,9,9,פרמשתא,nmpr,pers,A:person-candidate,Other Tanakh
369359,1434768,505908,Esther,9,9,אריסי,nmpr,pers,A:person-candidate,Other Tanakh
369362,1434768,505908,Esther,9,9,ארדי,nmpr,pers,A:person-candidate,Other Tanakh
369365,1434768,505908,Esther,9,9,ויזתא,nmpr,pers,A:person-candidate,Other Tanakh
369368,1434769,505909,Esther,9,10,המן,nmpr,pers,A:person-candidate,Other Tanakh
369370,1434769,505909,Esther,9,10,המדתא,nmpr,pers,A:person-candidate,Other Tanakh
369393,1434770,505911,Esther,9,11,שושן,nmpr,topo,F:unclassified-name,Other Tanakh
369399,1434770,505911,Esther,9,11,מלך,subs,,B:deity-candidate,Other Tanakh
369403,1434771,505912,Esther,9,12,מלך,subs,,B:deity-candidate,Other Tanakh
369405,1434771,505912,Esther,9,12,אסתר,nmpr,pers,A:person-candidate,Other Tanakh
369409,1434771,505913,Esther,9,12,שושן,nmpr,topo,F:unclassified-name,Other Tanakh
369424,1434771,505915,Esther,9,12,המן,nmpr,pers,A:person-candidate,Other Tanakh
369429,1434771,505916,Esther,9,12,מלך,subs,,B:deity-candidate,Other Tanakh
369446,1434772,505922,Esther,9,13,אסתר,nmpr,pers,A:person-candidate,Other Tanakh
369450,1434772,505923,Esther,9,13,מלך,subs,,B:deity-candidate,Other Tanakh
369460,1434772,505925,Esther,9,13,שושן,nmpr,topo,F:unclassified-name,Other Tanakh
369471,1434772,505927,Esther,9,13,המן,nmpr,pers,A:person-candidate,Other Tanakh
369479,1434773,505928,Esther,9,14,מלך,subs,,B:deity-candidate,Other Tanakh
369487,1434773,505930,Esther,9,14,שושן,nmpr,topo,F:unclassified-name,Other Tanakh
369492,1434773,505931,Esther,9,14,המן,nmpr,pers,A:person-candidate,Other Tanakh
369500,1434774,505933,Esther,9,15,שושן,nmpr,topo,F:unclassified-name,Other Tanakh
369508,1434774,505932,Esther,9,15,אדר,nmpr,mens,F:unclassified-name,Other Tanakh
369512,1434774,505934,Esther,9,15,שושן,nmpr,topo,F:unclassified-name,Other Tanakh
369532,1434775,505937,Esther,9,16,מלך,subs,,B:deity-candidate,Other Tanakh
369564,1434776,505942,Esther,9,17,אדר,nmpr,mens,F:unclassified-name,Other Tanakh
369583,1434777,505946,Esther,9,18,שושן,nmpr,topo,F:unclassified-name,Other Tanakh
369626,1434778,505949,Esther,9,19,אדר,nmpr,mens,F:unclassified-name,Other Tanakh
369641,1434779,505952,Esther,9,20,מרדכי,nmpr,pers,A:person-candidate,Other Tanakh
369650,1434779,505953,Esther,9,20,אל,prep,,C:divine-title-candidate,Other Tanakh
369659,1434779,505954,Esther,9,20,מלך,subs,,B:deity-candidate,Other Tanakh
369660,1434779,505954,Esther,9,20,אחשורוש,nmpr,pers,A:person-candidate,Other Tanakh
369678,1434780,505958,Esther,9,21,אדר,nmpr,mens,F:unclassified-name,Other Tanakh
369747,1434782,505969,Esther,9,23,מרדכי,nmpr,pers,A:person-candidate,Other Tanakh
369748,1434782,505969,Esther,9,23,אל,prep,,C:divine-title-candidate,Other Tanakh
369750,1434783,505970,Esther,9,24,המן,nmpr,pers,A:person-candidate,Other Tanakh
369752,1434783,505970,Esther,9,24,המדתא,nmpr,pers,A:person-candidate,Other Tanakh
369782,1434784,505977,Esther,9,25,מלך,subs,,B:deity-candidate,Other Tanakh
369837,1434785,505984,Esther,9,26,אל,prep,,C:divine-title-candidate,Other Tanakh
369918,1434788,505994,Esther,9,29,אסתר,nmpr,pers,A:person-candidate,Other Tanakh
369922,1434788,505994,Esther,9,29,אביחיל,nmpr,pers,A:person-candidate,Other Tanakh
369924,1434788,505994,Esther,9,29,מרדכי,nmpr,pers,A:person-candidate,Other Tanakh
369943,1434789,505996,Esther,9,30,אל,prep,,C:divine-title-candidate,Other Tanakh
369947,1434789,505996,Esther,9,30,אל,prep,,C:divine-title-candidate,Other Tanakh
369955,1434789,505996,Esther,9,30,אחשורוש,nmpr,pers,A:person-candidate,Other Tanakh
369974,1434790,505998,Esther,9,31,מרדכי,nmpr,pers,A:person-candidate,Other Tanakh
369978,1434790,505998,Esther,9,31,אסתר,nmpr,pers,A:person-candidate,Other Tanakh
369997,1434791,506000,Esther,9,32,אסתר,nmpr,pers,A:person-candidate,Other Tanakh
370012,1434792,506002,Esther,10,1,מלך,subs,,B:deity-candidate,Other Tanakh
370013,1434792,506002,Esther,10,1,אחשורוש,nmpr,pers,A:person-candidate,Other Tanakh
370031,1434793,506003,Esther,10,2,מרדכי,nmpr,pers,A:person-candidate,Other Tanakh
370035,1434793,506004,Esther,10,2,מלך,subs,,B:deity-candidate,Other Tanakh
370046,1434793,506005,Esther,10,2,מלך,subs,,B:deity-candidate,Other Tanakh
370047,1434793,506005,Esther,10,2,מדי,nmpr,"pers,gens,topo",F:unclassified-name,Other Tanakh
370049,1434793,506005,Esther,10,2,פרס,nmpr,"gens,topo",F:unclassified-name,Other Tanakh
370051,1434794,506006,Esther,10,3,מרדכי,nmpr,pers,A:person-candidate,Other Tanakh
370057,1434794,506006,Esther,10,3,מלך,subs,,B:deity-candidate,Other Tanakh
370058,1434794,506006,Esther,10,3,אחשורוש,nmpr,pers,A:person-candidate,Other Tanakh
370084,1434795,506011,Daniel,1,1,יהויקים,nmpr,pers,A:person-candidate,Other Tanakh
370085,1434795,506011,Daniel,1,1,מלך,subs,,B:deity-candidate,Other Tanakh
370086,1434795,506011,Daniel,1,1,יהודה,nmpr,"pers,gens,topo",F:unclassified-name,Other Tanakh
370088,1434795,506011,Daniel,1,1,נבוכדנאצר,nmpr,pers,A:person-candidate,Other Tanakh
370089,1434795,506011,Daniel,1,1,מלך,subs,,B:deity-candidate,Other Tanakh
370090,1434795,506011,Daniel,1,1,בבל,nmpr,topo,F:unclassified-name,Other Tanakh
370091,1434795,506011,Daniel,1,1,ירושלם,nmpr,topo,F:unclassified-name,Other Tanakh
370097,1434796,506013,Daniel,1,2,אדני,nmpr,pers,C:divine-title-candidate,Other Tanakh
370101,1434796,506013,Daniel,1,2,יהויקים,nmpr,pers,A:person-candidate,Other Tanakh
370102,1434796,506013,Daniel,1,2,מלך,subs,,B:deity-candidate,Other Tanakh
370103,1434796,506013,Daniel,1,2,יהודה,nmpr,"pers,gens,topo",F:unclassified-name,Other Tanakh
370110,1434796,506013,Daniel,1,2,אלהים,subs,,D:Elohim,Other Tanakh
370114,1434796,506014,Daniel,1,2,שנער,nmpr,topo,F:unclassified-name,Other Tanakh
370116,1434796,506014,Daniel,1,2,אלהים,subs,,D:Elohim,Other Tanakh
370124,1434796,506015,Daniel,1,2,אלהים,subs,,D:Elohim,Other Tanakh
370128,1434797,506016,Daniel,1,3,מלך,subs,,B:deity-candidate,Other Tanakh
370130,1434797,506016,Daniel,1,3,אשפנז,nmpr,pers,A:person-candidate,Other Tanakh
370137,1434797,506017,Daniel,1,3,ישראל,nmpr,"pers,gens,topo",F:unclassified-name,Other Tanakh
370176,1434798,506025,Daniel,1,4,מלך,subs,,B:deity-candidate,Other Tanakh
370188,1434799,506027,Daniel,1,5,מלך,subs,,B:deity-candidate,Other Tanakh
370196,1434799,506027,Daniel,1,5,מלך,subs,,B:deity-candidate,Other Tanakh
370213,1434799,506029,Daniel,1,5,מלך,subs,,B:deity-candidate,Other Tanakh
370219,1434800,506031,Daniel,1,6,יהודה,nmpr,"pers,gens,topo",F:unclassified-name,Other Tanakh
370220,1434800,506031,Daniel,1,6,דניאל,nmpr,pers,A:person-candidate,Other Tanakh
370221,1434800,506031,Daniel,1,6,חנניה,nmpr,pers,A:person-candidate,Other Tanakh
370222,1434800,506031,Daniel,1,6,מישאל,nmpr,pers,A:person-candidate,Other Tanakh
370224,1434800,506031,Daniel,1,6,עזריה,nmpr,pers,A:person-candidate,Other Tanakh
370235,1434801,506033,Daniel,1,7,דניאל,nmpr,pers,A:person-candidate,Other Tanakh
370236,1434801,506033,Daniel,1,7,בלטשאצר,nmpr,pers,A:person-candidate,Other Tanakh
370239,1434801,506034,Daniel,1,7,חנניה,nmpr,pers,A:person-candidate,Other Tanakh
370240,1434801,506034,Daniel,1,7,שדרך,nmpr,pers,A:person-candidate,Other Tanakh
370243,1434801,506035,Daniel,1,7,מישאל,nmpr,pers,A:person-candidate,Other Tanakh
370244,1434801,506035,Daniel,1,7,מישך,nmpr,pers,A:person-candidate,Other Tanakh
370247,1434801,506036,Daniel,1,7,עזריה,nmpr,pers,A:person-candidate,Other Tanakh
370248,1434801,506036,Daniel,1,7,עבד נגו,nmpr,pers,A:person-candidate,Other Tanakh
370251,1434802,506037,Daniel,1,8,דניאל,nmpr,pers,A:person-candidate,Other Tanakh
370260,1434802,506038,Daniel,1,8,מלך,subs,,B:deity-candidate,Other Tanakh
370277,1434803,506041,Daniel,1,9,אלהים,subs,,D:Elohim,Other Tanakh
370279,1434803,506041,Daniel,1,9,דניאל,nmpr,pers,A:person-candidate,Other Tanakh
370296,1434804,506042,Daniel,1,10,דניאל,nmpr,pers,A:person-candidate,Other Tanakh
370302,1434804,506043,Daniel,1,10,מלך,subs,,B:deity-candidate,Other Tanakh
370328,1434804,506048,Daniel,1,10,מלך,subs,,B:deity-candidate,Other Tanakh
370331,1434805,506049,Daniel,1,11,דניאל,nmpr,pers,A:person-candidate,Other Tanakh
370332,1434805,506049,Daniel,1,11,אל,prep,,C:divine-title-candidate,Other Tanakh
370341,1434805,506050,Daniel,1,11,דניאל,nmpr,pers,A:person-candidate,Other Tanakh
370342,1434805,506050,Daniel,1,11,חנניה,nmpr,pers,A:person-candidate,Other Tanakh
370343,1434805,506050,Daniel,1,11,מישאל,nmpr,pers,A:person-candidate,Other Tanakh
370345,1434805,506050,Daniel,1,11,עזריה,nmpr,pers,A:person-candidate,Other Tanakh
370378,1434807,506057,Daniel,1,13,מלך,subs,,B:deity-candidate,Other Tanakh
370418,1434809,506065,Daniel,1,15,מלך,subs,,B:deity-candidate,Other Tanakh
370442,1434811,506070,Daniel,1,17,אלהים,subs,,D:Elohim,Other Tanakh
370452,1434811,506072,Daniel,1,17,דניאל,nmpr,pers,A:person-candidate,Other Tanakh
370468,1434812,506074,Daniel,1,18,מלך,subs,,B:deity-candidate,Other Tanakh
370478,1434812,506076,Daniel,1,18,נבוכדנאצר,nmpr,pers,A:person-candidate,Other Tanakh
370483,1434813,506077,Daniel,1,19,מלך,subs,,B:deity-candidate,Other Tanakh
370490,1434813,506078,Daniel,1,19,דניאל,nmpr,pers,A:person-candidate,Other Tanakh
370491,1434813,506078,Daniel,1,19,חנניה,nmpr,pers,A:person-candidate,Other Tanakh
370492,1434813,506078,Daniel,1,19,מישאל,nmpr,pers,A:person-candidate,Other Tanakh
370494,1434813,506078,Daniel,1,19,עזריה,nmpr,pers,A:person-candidate,Other Tanakh
370500,1434813,506079,Daniel,1,19,מלך,subs,,B:deity-candidate,Other Tanakh
370510,1434814,506081,Daniel,1,20,מלך,subs,,B:deity-candidate,Other Tanakh
370527,1434815,506084,Daniel,1,21,דניאל,nmpr,pers,A:person-candidate,Other Tanakh
370532,1434815,506084,Daniel,1,21,כורש,nmpr,pers,A:person-candidate,Other Tanakh
370534,1434815,506084,Daniel,1,21,מלך,subs,,B:deity-candidate,Other Tanakh
370541,1434816,506085,Daniel,2,1,נבוכדנאצר,nmpr,pers,A:person-candidate,Other Tanakh
370543,1434816,506085,Daniel,2,1,נבוכדנאצר,nmpr,pers,A:person-candidate,Other Tanakh
370555,1434817,506088,Daniel,2,2,מלך,subs,,B:deity-candidate,Other Tanakh
370577,1434817,506090,Daniel,2,2,מלך,subs,,B:deity-candidate,Other Tanakh
370586,1434817,506092,Daniel,2,2,מלך,subs,,B:deity-candidate,Other Tanakh
370591,1434818,506093,Daniel,2,3,מלך,subs,,B:deity-candidate,Other Tanakh
370608,1434819,506097,Daniel,2,4,מלך,subs,,B:deity-candidate,Other Tanakh
370610,1434819,506098,Daniel,2,4,מלך,subs,,B:deity-candidate,Other Tanakh
370622,1434820,506102,Daniel,2,5,מלך,subs,,B:deity-candidate,Other Tanakh
370666,1434822,506113,Daniel,2,7,מלך,subs,,B:deity-candidate,Other Tanakh
370675,1434823,506115,Daniel,2,8,מלך,subs,,B:deity-candidate,Other Tanakh
370728,1434825,506129,Daniel,2,10,מלך,subs,,B:deity-candidate,Other Tanakh
370738,1434825,506132,Daniel,2,10,מלך,subs,,B:deity-candidate,Other Tanakh
370747,1434825,506134,Daniel,2,10,מלך,subs,,B:deity-candidate,Other Tanakh
370766,1434826,506136,Daniel,2,11,מלך,subs,,B:deity-candidate,Other Tanakh
370776,1434826,506138,Daniel,2,11,מלך,subs,,B:deity-candidate,Other Tanakh
370789,1434827,506142,Daniel,2,12,מלך,subs,,B:deity-candidate,Other Tanakh
370801,1434827,506145,Daniel,2,12,בבל,nmpr,topo,F:unclassified-name,Other Tanakh
370810,1434828,506148,Daniel,2,13,דניאל,nmpr,pers,A:person-candidate,Other Tanakh
370817,1434829,506150,Daniel,2,14,דניאל,nmpr,pers,A:person-candidate,Other Tanakh
370823,1434829,506150,Daniel,2,14,אריוך,nmpr,pers,A:person-candidate,Other Tanakh
370827,1434829,506150,Daniel,2,14,מלך,subs,,B:deity-candidate,Other Tanakh
370834,1434829,506152,Daniel,2,14,בבל,nmpr,topo,F:unclassified-name,Other Tanakh
370839,1434830,506154,Daniel,2,15,אריוך,nmpr,pers,A:person-candidate,Other Tanakh
370842,1434830,506154,Daniel,2,15,מלך,subs,,B:deity-candidate,Other Tanakh
370849,1434830,506155,Daniel,2,15,מלך,subs,,B:deity-candidate,Other Tanakh
370853,1434830,506156,Daniel,2,15,אריוך,nmpr,pers,A:person-candidate,Other Tanakh
370855,1434830,506156,Daniel,2,15,דניאל,nmpr,pers,A:person-candidate,Other Tanakh
370857,1434831,506157,Daniel,2,16,דניאל,nmpr,pers,A:person-candidate,Other Tanakh
370862,1434831,506158,Daniel,2,16,מלך,subs,,B:deity-candidate,Other Tanakh
370872,1434831,506160,Daniel,2,16,מלך,subs,,B:deity-candidate,Other Tanakh
370874,1434832,506161,Daniel,2,17,דניאל,nmpr,pers,A:person-candidate,Other Tanakh
370880,1434832,506162,Daniel,2,17,חנניה,nmpr,pers,A:person-candidate,Other Tanakh
370881,1434832,506162,Daniel,2,17,מישאל,nmpr,pers,A:person-candidate,Other Tanakh
370883,1434832,506162,Daniel,2,17,עזריה,nmpr,pers,A:person-candidate,Other Tanakh
370901,1434833,506164,Daniel,2,18,דניאל,nmpr,pers,A:person-candidate,Other Tanakh
370907,1434833,506164,Daniel,2,18,בבל,nmpr,topo,F:unclassified-name,Other Tanakh
370910,1434834,506165,Daniel,2,19,דניאל,nmpr,pers,A:person-candidate,Other Tanakh
370918,1434834,506166,Daniel,2,19,דניאל,nmpr,pers,A:person-candidate,Other Tanakh
370924,1434835,506167,Daniel,2,20,דניאל,nmpr,pers,A:person-candidate,Other Tanakh
370951,1434836,506173,Daniel,2,21,מלך,subs,,B:deity-candidate,Other Tanakh
370954,1434836,506174,Daniel,2,21,מלך,subs,,B:deity-candidate,Other Tanakh
370998,1434838,506186,Daniel,2,23,מלך,subs,,B:deity-candidate,Other Tanakh
371004,1434839,506187,Daniel,2,24,דניאל,nmpr,pers,A:person-candidate,Other Tanakh
371007,1434839,506187,Daniel,2,24,אריוך,nmpr,pers,A:person-candidate,Other Tanakh
371010,1434839,506188,Daniel,2,24,מלך,subs,,B:deity-candidate,Other Tanakh
371015,1434839,506189,Daniel,2,24,בבל,nmpr,topo,F:unclassified-name,Other Tanakh
371023,1434839,506192,Daniel,2,24,בבל,nmpr,topo,F:unclassified-name,Other Tanakh
371024,1434839,506192,Daniel,2,24,אל,nega,,C:divine-title-candidate,Other Tanakh
371028,1434839,506193,Daniel,2,24,מלך,subs,,B:deity-candidate,Other Tanakh
371032,1434839,506194,Daniel,2,24,מלך,subs,,B:deity-candidate,Other Tanakh
371035,1434840,506195,Daniel,2,25,אריוך,nmpr,pers,A:person-candidate,Other Tanakh
371040,1434840,506195,Daniel,2,25,דניאל,nmpr,pers,A:person-candidate,Other Tanakh
371042,1434840,506195,Daniel,2,25,מלך,subs,,B:deity-candidate,Other Tanakh
371054,1434840,506197,Daniel,2,25,יהוד,nmpr,topo,F:unclassified-name,Other Tanakh
371058,1434840,506198,Daniel,2,25,מלך,subs,,B:deity-candidate,Other Tanakh
371061,1434841,506199,Daniel,2,26,מלך,subs,,B:deity-candidate,Other Tanakh
371065,1434841,506200,Daniel,2,26,דניאל,nmpr,pers,A:person-candidate,Other Tanakh
371068,1434841,506201,Daniel,2,26,בלטשאצר,nmpr,pers,A:person-candidate,Other Tanakh
371080,1434842,506206,Daniel,2,27,דניאל,nmpr,pers,A:person-candidate,Other Tanakh
371082,1434842,506206,Daniel,2,27,מלך,subs,,B:deity-candidate,Other Tanakh
371087,1434842,506209,Daniel,2,27,מלך,subs,,B:deity-candidate,Other Tanakh
371098,1434842,506210,Daniel,2,27,מלך,subs,,B:deity-candidate,Other Tanakh
371109,1434843,506213,Daniel,2,28,מלך,subs,,B:deity-candidate,Other Tanakh
371110,1434843,506213,Daniel,2,28,נבוכדנצר,nmpr,pers,A:person-candidate,Other Tanakh
371126,1434844,506218,Daniel,2,29,מלך,subs,,B:deity-candidate,Other Tanakh
371164,1434845,506229,Daniel,2,30,מלך,subs,,B:deity-candidate,Other Tanakh
371171,1434846,506232,Daniel,2,31,מלך,subs,,B:deity-candidate,Other Tanakh
371289,1434851,506260,Daniel,2,36,מלך,subs,,B:deity-candidate,Other Tanakh
371291,1434852,506262,Daniel,2,37,מלך,subs,,B:deity-candidate,Other Tanakh
371292,1434852,506261,Daniel,2,37,מלך,subs,,B:deity-candidate,Other Tanakh
371293,1434852,506261,Daniel,2,37,מלך,subs,,B:deity-candidate,Other Tanakh
371455,1434859,506296,Daniel,2,44,מלך,subs,,B:deity-candidate,Other Tanakh
371510,1434860,506306,Daniel,2,45,מלך,subs,,B:deity-candidate,Other Tanakh
371524,1434861,506310,Daniel,2,46,מלך,subs,,B:deity-candidate,Other Tanakh
371525,1434861,506310,Daniel,2,46,נבוכדנצר,nmpr,pers,A:person-candidate,Other Tanakh
371531,1434861,506311,Daniel,2,46,דניאל,nmpr,pers,A:person-candidate,Other Tanakh
371542,1434862,506314,Daniel,2,47,מלך,subs,,B:deity-candidate,Other Tanakh
371544,1434862,506314,Daniel,2,47,דניאל,nmpr,pers,A:person-candidate,Other Tanakh
371556,1434862,506317,Daniel,2,47,מלך,subs,,B:deity-candidate,Other Tanakh
371567,1434863,506321,Daniel,2,48,מלך,subs,,B:deity-candidate,Other Tanakh
371569,1434863,506321,Daniel,2,48,דניאל,nmpr,pers,A:person-candidate,Other Tanakh
371582,1434863,506323,Daniel,2,48,בבל,nmpr,topo,F:unclassified-name,Other Tanakh
371589,1434863,506324,Daniel,2,48,בבל,nmpr,topo,F:unclassified-name,Other Tanakh
371591,1434864,506325,Daniel,2,49,דניאל,nmpr,pers,A:person-candidate,Other Tanakh
371594,1434864,506325,Daniel,2,49,מלך,subs,,B:deity-candidate,Other Tanakh
371601,1434864,506326,Daniel,2,49,בבל,nmpr,topo,F:unclassified-name,Other Tanakh
371603,1434864,506326,Daniel,2,49,שדרך,nmpr,pers,A:person-candidate,Other Tanakh
371604,1434864,506326,Daniel,2,49,מישך,nmpr,pers,A:person-candidate,Other Tanakh
371606,1434864,506326,Daniel,2,49,עבד נגו,nmpr,pers,A:person-candidate,Other Tanakh
371608,1434864,506327,Daniel,2,49,דניאל,nmpr,pers,A:person-candidate,Other Tanakh
371611,1434864,506327,Daniel,2,49,מלך,subs,,B:deity-candidate,Other Tanakh
371612,1434865,506328,Daniel,3,1,נבוכדנצר,nmpr,pers,A:person-candidate,Other Tanakh
371613,1434865,506328,Daniel,3,1,מלך,subs,,B:deity-candidate,Other Tanakh
371627,1434865,506331,Daniel,3,1,דורא,nmpr,topo,F:unclassified-name,Other Tanakh
371630,1434865,506331,Daniel,3,1,בבל,nmpr,topo,F:unclassified-name,Other Tanakh
371632,1434866,506332,Daniel,3,2,נבוכדנצר,nmpr,pers,A:person-candidate,Other Tanakh
371633,1434866,506332,Daniel,3,2,מלך,subs,,B:deity-candidate,Other Tanakh
371657,1434866,506335,Daniel,3,2,נבוכדנצר,nmpr,pers,A:person-candidate,Other Tanakh
371658,1434866,506335,Daniel,3,2,מלך,subs,,B:deity-candidate,Other Tanakh
371679,1434867,506337,Daniel,3,3,נבוכדנצר,nmpr,pers,A:person-candidate,Other Tanakh
371680,1434867,506337,Daniel,3,3,מלך,subs,,B:deity-candidate,Other Tanakh
371688,1434867,506339,Daniel,3,3,נבוכדנצר,nmpr,pers,A:person-candidate,Other Tanakh
371723,1434869,506346,Daniel,3,5,נבוכדנצר,nmpr,pers,A:person-candidate,Other Tanakh
371724,1434869,506346,Daniel,3,5,מלך,subs,,B:deity-candidate,Other Tanakh
371773,1434871,506354,Daniel,3,7,נבוכדנצר,nmpr,pers,A:person-candidate,Other Tanakh
371774,1434871,506354,Daniel,3,7,מלך,subs,,B:deity-candidate,Other Tanakh
371793,1434873,506358,Daniel,3,9,נבוכדנצר,nmpr,pers,A:person-candidate,Other Tanakh
371794,1434873,506358,Daniel,3,9,מלך,subs,,B:deity-candidate,Other Tanakh
371795,1434873,506359,Daniel,3,9,מלך,subs,,B:deity-candidate,Other Tanakh
371800,1434874,506362,Daniel,3,10,מלך,subs,,B:deity-candidate,Other Tanakh
371848,1434876,506371,Daniel,3,12,בבל,nmpr,topo,F:unclassified-name,Other Tanakh
371849,1434876,506372,Daniel,3,12,שדרך,nmpr,pers,A:person-candidate,Other Tanakh
371850,1434876,506372,Daniel,3,12,מישך,nmpr,pers,A:person-candidate,Other Tanakh
371852,1434876,506372,Daniel,3,12,עבד נגו,nmpr,pers,A:person-candidate,Other Tanakh
371858,1434876,506374,Daniel,3,12,מלך,subs,,B:deity-candidate,Other Tanakh
371874,1434877,506378,Daniel,3,13,נבוכדנצר,nmpr,pers,A:person-candidate,Other Tanakh
371883,1434877,506379,Daniel,3,13,שדרך,nmpr,pers,A:person-candidate,Other Tanakh
371884,1434877,506379,Daniel,3,13,מישך,nmpr,pers,A:person-candidate,Other Tanakh
371886,1434877,506379,Daniel,3,13,עבד נגו,nmpr,pers,A:person-candidate,Other Tanakh
371893,1434877,506380,Daniel,3,13,מלך,subs,,B:deity-candidate,Other Tanakh
371895,1434878,506381,Daniel,3,14,נבוכדנצר,nmpr,pers,A:person-candidate,Other Tanakh
371901,1434878,506384,Daniel,3,14,שדרך,nmpr,pers,A:person-candidate,Other Tanakh
371902,1434878,506384,Daniel,3,14,מישך,nmpr,pers,A:person-candidate,Other Tanakh
371904,1434878,506384,Daniel,3,14,עבד נגו,nmpr,pers,A:person-candidate,Other Tanakh
371967,1434880,506397,Daniel,3,16,שדרך,nmpr,pers,A:person-candidate,Other Tanakh
371968,1434880,506397,Daniel,3,16,מישך,nmpr,pers,A:person-candidate,Other Tanakh
371970,1434880,506397,Daniel,3,16,עבד נגו,nmpr,pers,A:person-candidate,Other Tanakh
371974,1434880,506398,Daniel,3,16,מלך,subs,,B:deity-candidate,Other Tanakh
371975,1434880,506398,Daniel,3,16,נבוכדנצר,nmpr,pers,A:person-candidate,Other Tanakh
372000,1434881,506405,Daniel,3,17,מלך,subs,,B:deity-candidate,Other Tanakh
372008,1434882,506408,Daniel,3,18,מלך,subs,,B:deity-candidate,Other Tanakh
372025,1434883,506412,Daniel,3,19,נבוכדנצר,nmpr,pers,A:person-candidate,Other Tanakh
372033,1434883,506413,Daniel,3,19,שדרך,nmpr,pers,A:person-candidate,Other Tanakh
372034,1434883,506413,Daniel,3,19,מישך,nmpr,pers,A:person-candidate,Other Tanakh
372036,1434883,506413,Daniel,3,19,עבד נגו,nmpr,pers,A:person-candidate,Other Tanakh
372063,1434884,506421,Daniel,3,20,שדרך,nmpr,pers,A:person-candidate,Other Tanakh
372064,1434884,506421,Daniel,3,20,מישך,nmpr,pers,A:person-candidate,Other Tanakh
372066,1434884,506421,Daniel,3,20,עבד נגו,nmpr,pers,A:person-candidate,Other Tanakh
372099,1434886,506426,Daniel,3,22,מלך,subs,,B:deity-candidate,Other Tanakh
372110,1434886,506429,Daniel,3,22,שדרך,nmpr,pers,A:person-candidate,Other Tanakh
372111,1434886,506429,Daniel,3,22,מישך,nmpr,pers,A:person-candidate,Other Tanakh
372113,1434886,506429,Daniel,3,22,עבד נגו,nmpr,pers,A:person-candidate,Other Tanakh
372123,1434887,506431,Daniel,3,23,שדרך,nmpr,pers,A:person-candidate,Other Tanakh
372124,1434887,506431,Daniel,3,23,מישך,nmpr,pers,A:person-candidate,Other Tanakh
372126,1434887,506431,Daniel,3,23,עבד נגו,nmpr,pers,A:person-candidate,Other Tanakh
372135,1434888,506433,Daniel,3,24,נבוכדנצר,nmpr,pers,A:person-candidate,Other Tanakh
372136,1434888,506433,Daniel,3,24,מלך,subs,,B:deity-candidate,Other Tanakh
372160,1434888,506441,Daniel,3,24,מלך,subs,,B:deity-candidate,Other Tanakh
372162,1434888,506443,Daniel,3,24,מלך,subs,,B:deity-candidate,Other Tanakh
372192,1434890,506451,Daniel,3,26,נבוכדנצר,nmpr,pers,A:person-candidate,Other Tanakh
372201,1434890,506454,Daniel,3,26,שדרך,nmpr,pers,A:person-candidate,Other Tanakh
372202,1434890,506454,Daniel,3,26,מישך,nmpr,pers,A:person-candidate,Other Tanakh
372204,1434890,506454,Daniel,3,26,עבד נגו,nmpr,pers,A:person-candidate,Other Tanakh
372215,1434890,506457,Daniel,3,26,שדרך,nmpr,pers,A:person-candidate,Other Tanakh
372216,1434890,506457,Daniel,3,26,מישך,nmpr,pers,A:person-candidate,Other Tanakh
372218,1434890,506457,Daniel,3,26,עבד נגו,nmpr,pers,A:person-candidate,Other Tanakh
372230,1434891,506458,Daniel,3,27,מלך,subs,,B:deity-candidate,Other Tanakh
372257,1434892,506464,Daniel,3,28,נבוכדנצר,nmpr,pers,A:person-candidate,Other Tanakh
372263,1434892,506466,Daniel,3,28,שדרך,nmpr,pers,A:person-candidate,Other Tanakh
372264,1434892,506466,Daniel,3,28,מישך,nmpr,pers,A:person-candidate,Other Tanakh
372266,1434892,506466,Daniel,3,28,עבד נגו,nmpr,pers,A:person-candidate,Other Tanakh
372279,1434892,506470,Daniel,3,28,מלך,subs,,B:deity-candidate,Other Tanakh
372312,1434893,506477,Daniel,3,29,שדרך,nmpr,pers,A:person-candidate,Other Tanakh
372313,1434893,506477,Daniel,3,29,מישך,nmpr,pers,A:person-candidate,Other Tanakh
372315,1434893,506477,Daniel,3,29,עבד נגו,nmpr,pers,A:person-candidate,Other Tanakh
372338,1434894,506482,Daniel,3,30,מלך,subs,,B:deity-candidate,Other Tanakh
372341,1434894,506482,Daniel,3,30,שדרך,nmpr,pers,A:person-candidate,Other Tanakh
372342,1434894,506482,Daniel,3,30,מישך,nmpr,pers,A:person-candidate,Other Tanakh
372344,1434894,506482,Daniel,3,30,עבד נגו,nmpr,pers,A:person-candidate,Other Tanakh
372347,1434894,506482,Daniel,3,30,בבל,nmpr,topo,F:unclassified-name,Other Tanakh
372348,1434895,506483,Daniel,3,31,נבוכדנצר,nmpr,pers,A:person-candidate,Other Tanakh
372349,1434895,506483,Daniel,3,31,מלך,subs,,B:deity-candidate,Other Tanakh
372394,1434898,506493,Daniel,4,1,נבוכדנצר,nmpr,pers,A:person-candidate,Other Tanakh
372425,1434900,506499,Daniel,4,3,בבל,nmpr,topo,F:unclassified-name,Other Tanakh
372453,1434902,506504,Daniel,4,5,דניאל,nmpr,pers,A:person-candidate,Other Tanakh
372456,1434902,506505,Daniel,4,5,בלטשאצר,nmpr,pers,A:person-candidate,Other Tanakh
372470,1434903,506508,Daniel,4,6,בלטשאצר,nmpr,pers,A:person-candidate,Other Tanakh
372666,1434912,506551,Daniel,4,15,מלך,subs,,B:deity-candidate,Other Tanakh
372667,1434912,506551,Daniel,4,15,נבוכדנצר,nmpr,pers,A:person-candidate,Other Tanakh
372670,1434912,506553,Daniel,4,15,בלטשאצר,nmpr,pers,A:person-candidate,Other Tanakh
372694,1434913,506558,Daniel,4,16,דניאל,nmpr,pers,A:person-candidate,Other Tanakh
372697,1434913,506559,Daniel,4,16,בלטשאצר,nmpr,pers,A:person-candidate,Other Tanakh
372706,1434913,506561,Daniel,4,16,מלך,subs,,B:deity-candidate,Other Tanakh
372709,1434913,506563,Daniel,4,16,בלטשאצר,nmpr,pers,A:person-candidate,Other Tanakh
372713,1434913,506564,Daniel,4,16,אל,nega,,C:divine-title-candidate,Other Tanakh
372716,1434913,506565,Daniel,4,16,בלטשאצר,nmpr,pers,A:person-candidate,Other Tanakh
372767,1434916,506582,Daniel,4,19,מלך,subs,,B:deity-candidate,Other Tanakh
372787,1434917,506588,Daniel,4,20,מלך,subs,,B:deity-candidate,Other Tanakh
372835,1434918,506599,Daniel,4,21,מלך,subs,,B:deity-candidate,Other Tanakh
372844,1434918,506601,Daniel,4,21,מלך,subs,,B:deity-candidate,Other Tanakh
372907,1434921,506617,Daniel,4,24,מלך,subs,,B:deity-candidate,Other Tanakh
372908,1434921,506616,Daniel,4,24,מלך,subs,,B:deity-candidate,Other Tanakh
372929,1434922,506622,Daniel,4,25,נבוכדנצר,nmpr,pers,A:person-candidate,Other Tanakh
372930,1434922,506622,Daniel,4,25,מלך,subs,,B:deity-candidate,Other Tanakh
372940,1434923,506623,Daniel,4,26,בבל,nmpr,topo,F:unclassified-name,Other Tanakh
372944,1434924,506624,Daniel,4,27,מלך,subs,,B:deity-candidate,Other Tanakh
372951,1434924,506626,Daniel,4,27,בבל,nmpr,topo,F:unclassified-name,Other Tanakh
372970,1434925,506629,Daniel,4,28,מלך,subs,,B:deity-candidate,Other Tanakh
372977,1434925,506632,Daniel,4,28,נבוכדנצר,nmpr,pers,A:person-candidate,Other Tanakh
372978,1434925,506632,Daniel,4,28,מלך,subs,,B:deity-candidate,Other Tanakh
373022,1434927,506642,Daniel,4,30,נבוכדנצר,nmpr,pers,A:person-candidate,Other Tanakh
373053,1434928,506648,Daniel,4,31,נבוכדנצר,nmpr,pers,A:person-candidate,Other Tanakh
373143,1434931,506666,Daniel,4,34,נבוכדנצר,nmpr,pers,A:person-candidate,Other Tanakh
373150,1434931,506668,Daniel,4,34,מלך,subs,,B:deity-candidate,Other Tanakh
373167,1434932,506674,Daniel,5,1,בלשאצר,nmpr,pers,A:person-candidate,Other Tanakh
373168,1434932,506674,Daniel,5,1,מלך,subs,,B:deity-candidate,Other Tanakh
373181,1434933,506676,Daniel,5,2,בלשאצר,nmpr,pers,A:person-candidate,Other Tanakh
373195,1434933,506678,Daniel,5,2,נבוכדנצר,nmpr,pers,A:person-candidate,Other Tanakh
373201,1434933,506679,Daniel,5,2,ירושלם,nmpr,topo,F:unclassified-name,Other Tanakh
373205,1434933,506680,Daniel,5,2,מלך,subs,,B:deity-candidate,Other Tanakh
373225,1434934,506683,Daniel,5,3,ירושלם,nmpr,topo,F:unclassified-name,Other Tanakh
373229,1434934,506684,Daniel,5,3,מלך,subs,,B:deity-candidate,Other Tanakh
373267,1434936,506688,Daniel,5,5,מלך,subs,,B:deity-candidate,Other Tanakh
373269,1434936,506689,Daniel,5,5,מלך,subs,,B:deity-candidate,Other Tanakh
373276,1434937,506691,Daniel,5,6,מלך,subs,,B:deity-candidate,Other Tanakh
373293,1434938,506697,Daniel,5,7,מלך,subs,,B:deity-candidate,Other Tanakh
373304,1434938,506699,Daniel,5,7,מלך,subs,,B:deity-candidate,Other Tanakh
373309,1434938,506700,Daniel,5,7,בבל,nmpr,topo,F:unclassified-name,Other Tanakh
373337,1434939,506706,Daniel,5,8,מלך,subs,,B:deity-candidate,Other Tanakh
373349,1434939,506709,Daniel,5,8,מלך,subs,,B:deity-candidate,Other Tanakh
373351,1434940,506710,Daniel,5,9,מלך,subs,,B:deity-candidate,Other Tanakh
373352,1434940,506710,Daniel,5,9,בלשאצר,nmpr,pers,A:person-candidate,Other Tanakh
373366,1434941,506713,Daniel,5,10,מלך,subs,,B:deity-candidate,Other Tanakh
373377,1434941,506716,Daniel,5,10,מלך,subs,,B:deity-candidate,Other Tanakh
373381,1434941,506718,Daniel,5,10,אל,nega,,C:divine-title-candidate,Other Tanakh
373386,1434941,506719,Daniel,5,10,אל,nega,,C:divine-title-candidate,Other Tanakh
373412,1434942,506723,Daniel,5,11,מלך,subs,,B:deity-candidate,Other Tanakh
373413,1434942,506723,Daniel,5,11,נבוכדנצר,nmpr,pers,A:person-candidate,Other Tanakh
373422,1434942,506724,Daniel,5,11,מלך,subs,,B:deity-candidate,Other Tanakh
373444,1434943,506725,Daniel,5,12,דניאל,nmpr,pers,A:person-candidate,Other Tanakh
373446,1434943,506729,Daniel,5,12,מלך,subs,,B:deity-candidate,Other Tanakh
373449,1434943,506729,Daniel,5,12,בלטשאצר,nmpr,pers,A:person-candidate,Other Tanakh
373451,1434943,506730,Daniel,5,12,דניאל,nmpr,pers,A:person-candidate,Other Tanakh
373458,1434944,506732,Daniel,5,13,דניאל,nmpr,pers,A:person-candidate,Other Tanakh
373461,1434944,506732,Daniel,5,13,מלך,subs,,B:deity-candidate,Other Tanakh
373463,1434944,506733,Daniel,5,13,מלך,subs,,B:deity-candidate,Other Tanakh
373467,1434944,506734,Daniel,5,13,דניאל,nmpr,pers,A:person-candidate,Other Tanakh
373470,1434944,506735,Daniel,5,13,דניאל,nmpr,pers,A:person-candidate,Other Tanakh
373476,1434944,506736,Daniel,5,13,יהוד,nmpr,topo,F:unclassified-name,Other Tanakh
373479,1434944,506737,Daniel,5,13,מלך,subs,,B:deity-candidate,Other Tanakh
373482,1434944,506737,Daniel,5,13,יהוד,nmpr,topo,F:unclassified-name,Other Tanakh
373559,1434948,506756,Daniel,5,17,דניאל,nmpr,pers,A:person-candidate,Other Tanakh
373563,1434948,506757,Daniel,5,17,מלך,subs,,B:deity-candidate,Other Tanakh
373576,1434948,506760,Daniel,5,17,מלך,subs,,B:deity-candidate,Other Tanakh
373581,1434949,506763,Daniel,5,18,מלך,subs,,B:deity-candidate,Other Tanakh
373593,1434949,506764,Daniel,5,18,נבוכדנצר,nmpr,pers,A:person-candidate,Other Tanakh
373697,1434953,506790,Daniel,5,22,בלשאצר,nmpr,pers,A:person-candidate,Other Tanakh
373808,1434959,506816,Daniel,5,28,מדי,nmpr,topo,F:unclassified-name,Other Tanakh
373810,1434959,506816,Daniel,5,28,פרס,nmpr,topo,F:unclassified-name,Other Tanakh
373814,1434960,506817,Daniel,5,29,בלשאצר,nmpr,pers,A:person-candidate,Other Tanakh
373818,1434960,506818,Daniel,5,29,דניאל,nmpr,pers,A:person-candidate,Other Tanakh
373839,1434961,506822,Daniel,5,30,בלשאצר,nmpr,pers,A:person-candidate,Other Tanakh
373840,1434961,506822,Daniel,5,30,מלך,subs,,B:deity-candidate,Other Tanakh
373843,1434962,506823,Daniel,6,1,דריוש,nmpr,pers,A:person-candidate,Other Tanakh
373855,1434963,506824,Daniel,6,2,דריוש,nmpr,pers,A:person-candidate,Other Tanakh
373876,1434964,506828,Daniel,6,3,דניאל,nmpr,pers,A:person-candidate,Other Tanakh
373887,1434964,506830,Daniel,6,3,מלך,subs,,B:deity-candidate,Other Tanakh
373892,1434965,506831,Daniel,6,4,דניאל,nmpr,pers,A:person-candidate,Other Tanakh
373908,1434965,506833,Daniel,6,4,מלך,subs,,B:deity-candidate,Other Tanakh
373925,1434966,506836,Daniel,6,5,דניאל,nmpr,pers,A:person-candidate,Other Tanakh
373960,1434967,506842,Daniel,6,6,דניאל,nmpr,pers,A:person-candidate,Other Tanakh
373977,1434968,506844,Daniel,6,7,מלך,subs,,B:deity-candidate,Other Tanakh
373982,1434968,506846,Daniel,6,7,דריוש,nmpr,pers,A:person-candidate,Other Tanakh
373983,1434968,506846,Daniel,6,7,מלך,subs,,B:deity-candidate,Other Tanakh
374000,1434969,506849,Daniel,6,8,מלך,subs,,B:deity-candidate,Other Tanakh
374020,1434969,506854,Daniel,6,8,מלך,subs,,B:deity-candidate,Other Tanakh
374026,1434970,506856,Daniel,6,9,מלך,subs,,B:deity-candidate,Other Tanakh
374038,1434970,506858,Daniel,6,9,מדי,nmpr,topo,F:unclassified-name,Other Tanakh
374040,1434970,506858,Daniel,6,9,פרס,nmpr,topo,F:unclassified-name,Other Tanakh
374048,1434971,506860,Daniel,6,10,מלך,subs,,B:deity-candidate,Other Tanakh
374049,1434971,506860,Daniel,6,10,דריוש,nmpr,pers,A:person-candidate,Other Tanakh
374055,1434972,506861,Daniel,6,11,דניאל,nmpr,pers,A:person-candidate,Other Tanakh
374072,1434972,506864,Daniel,6,11,ירושלם,nmpr,topo,F:unclassified-name,Other Tanakh
374104,1434973,506870,Daniel,6,12,דניאל,nmpr,pers,A:person-candidate,Other Tanakh
374116,1434974,506874,Daniel,6,13,מלך,subs,,B:deity-candidate,Other Tanakh
374119,1434974,506874,Daniel,6,13,מלך,subs,,B:deity-candidate,Other Tanakh
374139,1434974,506879,Daniel,6,13,מלך,subs,,B:deity-candidate,Other Tanakh
374145,1434974,506880,Daniel,6,13,מלך,subs,,B:deity-candidate,Other Tanakh
374152,1434974,506882,Daniel,6,13,מדי,nmpr,topo,F:unclassified-name,Other Tanakh
374154,1434974,506882,Daniel,6,13,פרס,nmpr,topo,F:unclassified-name,Other Tanakh
374164,1434975,506885,Daniel,6,14,מלך,subs,,B:deity-candidate,Other Tanakh
374166,1434975,506886,Daniel,6,14,דניאל,nmpr,pers,A:person-candidate,Other Tanakh
374172,1434975,506887,Daniel,6,14,יהוד,nmpr,topo,F:unclassified-name,Other Tanakh
374176,1434975,506888,Daniel,6,14,מלך,subs,,B:deity-candidate,Other Tanakh
374191,1434976,506892,Daniel,6,15,מלך,subs,,B:deity-candidate,Other Tanakh
374201,1434976,506894,Daniel,6,15,דניאל,nmpr,pers,A:person-candidate,Other Tanakh
374220,1434977,506898,Daniel,6,16,מלך,subs,,B:deity-candidate,Other Tanakh
374224,1434977,506899,Daniel,6,16,מלך,subs,,B:deity-candidate,Other Tanakh
374226,1434977,506901,Daniel,6,16,מלך,subs,,B:deity-candidate,Other Tanakh
374230,1434977,506902,Daniel,6,16,מדי,nmpr,topo,F:unclassified-name,Other Tanakh
374232,1434977,506902,Daniel,6,16,פרס,nmpr,topo,F:unclassified-name,Other Tanakh
374239,1434977,506904,Daniel,6,16,מלך,subs,,B:deity-candidate,Other Tanakh
374246,1434978,506906,Daniel,6,17,מלך,subs,,B:deity-candidate,Other Tanakh
374251,1434978,506907,Daniel,6,17,דניאל,nmpr,pers,A:person-candidate,Other Tanakh
374259,1434978,506909,Daniel,6,17,מלך,subs,,B:deity-candidate,Other Tanakh
374263,1434978,506910,Daniel,6,17,דניאל,nmpr,pers,A:person-candidate,Other Tanakh
374284,1434979,506915,Daniel,6,18,מלך,subs,,B:deity-candidate,Other Tanakh
374296,1434979,506916,Daniel,6,18,דניאל,nmpr,pers,A:person-candidate,Other Tanakh
374299,1434980,506917,Daniel,6,19,מלך,subs,,B:deity-candidate,Other Tanakh
374316,1434981,506921,Daniel,6,20,מלך,subs,,B:deity-candidate,Other Tanakh
374336,1434982,506923,Daniel,6,21,דניאל,nmpr,pers,A:person-candidate,Other Tanakh
374342,1434982,506925,Daniel,6,21,מלך,subs,,B:deity-candidate,Other Tanakh
374346,1434982,506926,Daniel,6,21,דניאל,nmpr,pers,A:person-candidate,Other Tanakh
374347,1434982,506927,Daniel,6,21,דניאל,nmpr,pers,A:person-candidate,Other Tanakh
374365,1434983,506932,Daniel,6,22,דניאל,nmpr,pers,A:person-candidate,Other Tanakh
374367,1434983,506932,Daniel,6,22,מלך,subs,,B:deity-candidate,Other Tanakh
374369,1434983,506933,Daniel,6,22,מלך,subs,,B:deity-candidate,Other Tanakh
374394,1434984,506940,Daniel,6,23,מלך,subs,,B:deity-candidate,Other Tanakh
374400,1434985,506941,Daniel,6,24,מלך,subs,,B:deity-candidate,Other Tanakh
374406,1434985,506942,Daniel,6,24,דניאל,nmpr,pers,A:person-candidate,Other Tanakh
374414,1434985,506944,Daniel,6,24,דניאל,nmpr,pers,A:person-candidate,Other Tanakh
374429,1434986,506947,Daniel,6,25,מלך,subs,,B:deity-candidate,Other Tanakh
374438,1434986,506949,Daniel,6,25,דניאל,nmpr,pers,A:person-candidate,Other Tanakh
374465,1434987,506954,Daniel,6,26,דריוש,nmpr,pers,A:person-candidate,Other Tanakh
374466,1434987,506954,Daniel,6,26,מלך,subs,,B:deity-candidate,Other Tanakh
374498,1434988,506959,Daniel,6,27,דניאל,nmpr,pers,A:person-candidate,Other Tanakh
374532,1434989,506968,Daniel,6,28,דניאל,nmpr,pers,A:person-candidate,Other Tanakh
374537,1434990,506969,Daniel,6,29,דניאל,nmpr,pers,A:person-candidate,Other Tanakh
374542,1434990,506969,Daniel,6,29,דריוש,nmpr,pers,A:person-candidate,Other Tanakh
374546,1434990,506969,Daniel,6,29,כורש,nmpr,pers,A:person-candidate,Other Tanakh
374552,1434991,506970,Daniel,7,1,בלשאצר,nmpr,pers,A:person-candidate,Other Tanakh
374553,1434991,506970,Daniel,7,1,מלך,subs,,B:deity-candidate,Other Tanakh
374554,1434991,506970,Daniel,7,1,בבל,nmpr,topo,F:unclassified-name,Other Tanakh
374555,1434991,506970,Daniel,7,1,דניאל,nmpr,pers,A:person-candidate,Other Tanakh
374571,1434992,506974,Daniel,7,2,דניאל,nmpr,pers,A:person-candidate,Other Tanakh
374899,1435005,507045,Daniel,7,15,דניאל,nmpr,pers,A:person-candidate,Other Tanakh
374933,1435007,507051,Daniel,7,17,מלך,subs,,B:deity-candidate,Other Tanakh
374941,1435008,507054,Daniel,7,18,עליון,adjv,,C:divine-title-candidate,Other Tanakh
375032,1435012,507078,Daniel,7,22,עליון,adjv,,C:divine-title-candidate,Other Tanakh
375068,1435014,507088,Daniel,7,24,מלך,subs,,B:deity-candidate,Other Tanakh
375081,1435014,507091,Daniel,7,24,מלך,subs,,B:deity-candidate,Other Tanakh
375092,1435015,507093,Daniel,7,25,עליון,adjv,,C:divine-title-candidate,Other Tanakh
375140,1435017,507101,Daniel,7,27,עליון,adjv,,C:divine-title-candidate,Other Tanakh
375157,1435018,507106,Daniel,7,28,דניאל,nmpr,pers,A:person-candidate,Other Tanakh
375175,1435019,507110,Daniel,8,1,בלאשצר,nmpr,pers,A:person-candidate,Other Tanakh
375177,1435019,507110,Daniel,8,1,מלך,subs,,B:deity-candidate,Other Tanakh
375180,1435019,507110,Daniel,8,1,אל,prep,,C:divine-title-candidate,Other Tanakh
375182,1435019,507110,Daniel,8,1,דניאל,nmpr,pers,A:person-candidate,Other Tanakh
375186,1435019,507111,Daniel,8,1,אל,prep,,C:divine-title-candidate,Other Tanakh
375202,1435020,507115,Daniel,8,2,שושן,nmpr,topo,F:unclassified-name,Other Tanakh
375207,1435020,507116,Daniel,8,2,עילם,nmpr,"pers,gens,topo",F:unclassified-name,Other Tanakh
375220,1435020,507118,Daniel,8,2,אולי,nmpr,topo,F:unclassified-name,Other Tanakh
375320,1435024,507138,Daniel,8,6,בעל,subs,,B:deity-candidate,Other Tanakh
375332,1435024,507141,Daniel,8,6,אל,prep,,C:divine-title-candidate,Other Tanakh
375344,1435025,507144,Daniel,8,7,אל,prep,,C:divine-title-candidate,Other Tanakh
375418,1435027,507157,Daniel,8,9,אל,prep,,C:divine-title-candidate,Other Tanakh
375422,1435027,507157,Daniel,8,9,אל,prep,,C:divine-title-candidate,Other Tanakh
375426,1435027,507157,Daniel,8,9,אל,prep,,C:divine-title-candidate,Other Tanakh
375510,1435032,507175,Daniel,8,14,אל,prep,,C:divine-title-candidate,Other Tanakh
375526,1435033,507179,Daniel,8,15,דניאל,nmpr,pers,A:person-candidate,Other Tanakh
375546,1435034,507182,Daniel,8,16,אולי,nmpr,topo,F:unclassified-name,Other Tanakh
375551,1435034,507185,Daniel,8,16,גבריאל,nmpr,pers,A:person-candidate,Other Tanakh
375573,1435035,507191,Daniel,8,17,אל,prep,,C:divine-title-candidate,Other Tanakh
375617,1435038,507204,Daniel,8,20,בעל,subs,,B:deity-candidate,Other Tanakh
375620,1435038,507204,Daniel,8,20,מלך,subs,,B:deity-candidate,Other Tanakh
375621,1435038,507204,Daniel,8,20,מדי,nmpr,"pers,gens,topo",F:unclassified-name,Other Tanakh
375623,1435038,507204,Daniel,8,20,פרס,nmpr,"gens,topo",F:unclassified-name,Other Tanakh
375629,1435039,507206,Daniel,8,21,מלך,subs,,B:deity-candidate,Other Tanakh
375630,1435039,507206,Daniel,8,21,יון,nmpr,"pers,gens,topo",F:unclassified-name,Other Tanakh
375641,1435039,507209,Daniel,8,21,מלך,subs,,B:deity-candidate,Other Tanakh
375669,1435041,507214,Daniel,8,23,מלך,subs,,B:deity-candidate,Other Tanakh
375744,1435045,507234,Daniel,8,27,דניאל,nmpr,pers,A:person-candidate,Other Tanakh
375756,1435045,507237,Daniel,8,27,מלך,subs,,B:deity-candidate,Other Tanakh
375769,1435046,507240,Daniel,9,1,דריוש,nmpr,pers,A:person-candidate,Other Tanakh
375771,1435046,507240,Daniel,9,1,אחשורוש,nmpr,pers,A:person-candidate,Other Tanakh
375774,1435046,507240,Daniel,9,1,מדי,nmpr,"pers,gens,topo",F:unclassified-name,Other Tanakh
375776,1435046,507241,Daniel,9,1,מלך,verb,,B:deity-candidate,Other Tanakh
375779,1435046,507241,Daniel,9,1,כשדים,nmpr,topo,F:unclassified-name,Other Tanakh
375784,1435047,507243,Daniel,9,2,מלך,verb,,B:deity-candidate,Other Tanakh
375786,1435047,507242,Daniel,9,2,דניאל,nmpr,pers,A:person-candidate,Other Tanakh
375797,1435047,507245,Daniel,9,2,יהוה,nmpr,pers,E:YHWH,Other Tanakh
375798,1435047,507245,Daniel,9,2,אל,prep,,C:divine-title-candidate,Other Tanakh
375799,1435047,507245,Daniel,9,2,ירמיה,nmpr,pers,A:person-candidate,Other Tanakh
375806,1435047,507246,Daniel,9,2,ירושלם,nmpr,topo,F:unclassified-name,Other Tanakh
375813,1435048,507247,Daniel,9,3,אל,prep,,C:divine-title-candidate,Other Tanakh
375814,1435048,507247,Daniel,9,3,אדני,nmpr,pers,C:divine-title-candidate,Other Tanakh
375816,1435048,507247,Daniel,9,3,אלהים,subs,,D:Elohim,Other Tanakh
375831,1435049,507249,Daniel,9,4,יהוה,nmpr,pers,E:YHWH,Other Tanakh
375832,1435049,507249,Daniel,9,4,אלהים,subs,,D:Elohim,Other Tanakh
375838,1435049,507252,Daniel,9,4,אדני,nmpr,pers,C:divine-title-candidate,Other Tanakh
375840,1435049,507252,Daniel,9,4,אל,subs,,C:divine-title-candidate,Other Tanakh
375874,1435051,507259,Daniel,9,6,אל,prep,,C:divine-title-candidate,Other Tanakh
375882,1435051,507260,Daniel,9,6,אל,prep,,C:divine-title-candidate,Other Tanakh
375883,1435051,507260,Daniel,9,6,מלך,subs,,B:deity-candidate,Other Tanakh
375888,1435051,507260,Daniel,9,6,אל,prep,,C:divine-title-candidate,Other Tanakh
375894,1435052,507262,Daniel,9,7,אדני,nmpr,pers,C:divine-title-candidate,Other Tanakh
375909,1435052,507264,Daniel,9,7,יהודה,nmpr,"pers,gens,topo",F:unclassified-name,Other Tanakh
375913,1435052,507264,Daniel,9,7,ירושלם,nmpr,topo,F:unclassified-name,Other Tanakh
375917,1435052,507264,Daniel,9,7,ישראל,nmpr,"pers,gens,topo",F:unclassified-name,Other Tanakh
375935,1435053,507269,Daniel,9,8,יהוה,nmpr,pers,E:YHWH,Other Tanakh
375941,1435053,507270,Daniel,9,8,מלך,subs,,B:deity-candidate,Other Tanakh
375951,1435054,507272,Daniel,9,9,אדני,nmpr,pers,C:divine-title-candidate,Other Tanakh
375952,1435054,507272,Daniel,9,9,אלהים,subs,,D:Elohim,Other Tanakh
375966,1435055,507274,Daniel,9,10,יהוה,nmpr,pers,E:YHWH,Other Tanakh
375967,1435055,507274,Daniel,9,10,אלהים,subs,,D:Elohim,Other Tanakh
375983,1435056,507277,Daniel,9,11,ישראל,nmpr,"pers,gens,topo",F:unclassified-name,Other Tanakh
376006,1435056,507281,Daniel,9,11,משה,nmpr,pers,A:person-candidate,Other Tanakh
376009,1435056,507281,Daniel,9,11,אלהים,subs,,D:Elohim,Other Tanakh
376041,1435057,507288,Daniel,9,12,ירושלם,nmpr,topo,F:unclassified-name,Other Tanakh
376047,1435058,507289,Daniel,9,13,משה,nmpr,pers,A:person-candidate,Other Tanakh
376061,1435058,507292,Daniel,9,13,יהוה,nmpr,pers,E:YHWH,Other Tanakh
376062,1435058,507292,Daniel,9,13,אלהים,subs,,D:Elohim,Other Tanakh
376074,1435059,507295,Daniel,9,14,יהוה,nmpr,pers,E:YHWH,Other Tanakh
376083,1435059,507297,Daniel,9,14,יהוה,nmpr,pers,E:YHWH,Other Tanakh
376084,1435059,507297,Daniel,9,14,אלהים,subs,,D:Elohim,Other Tanakh
376097,1435060,507301,Daniel,9,15,אדני,nmpr,pers,C:divine-title-candidate,Other Tanakh
376098,1435060,507301,Daniel,9,15,אלהים,subs,,D:Elohim,Other Tanakh
376105,1435060,507302,Daniel,9,15,מצרים,nmpr,topo,F:unclassified-name,Other Tanakh
376120,1435061,507306,Daniel,9,16,אדני,nmpr,pers,C:divine-title-candidate,Other Tanakh
376131,1435061,507307,Daniel,9,16,ירושלם,nmpr,topo,F:unclassified-name,Other Tanakh
376141,1435061,507308,Daniel,9,16,ירושלם,nmpr,topo,F:unclassified-name,Other Tanakh
376152,1435062,507311,Daniel,9,17,אלהים,subs,,D:Elohim,Other Tanakh
376153,1435062,507310,Daniel,9,17,אל,prep,,C:divine-title-candidate,Other Tanakh
376157,1435062,507310,Daniel,9,17,אל,prep,,C:divine-title-candidate,Other Tanakh
376167,1435062,507312,Daniel,9,17,אדני,nmpr,pers,C:divine-title-candidate,Other Tanakh
376169,1435063,507314,Daniel,9,18,אלהים,subs,,D:Elohim,Other Tanakh
376199,1435064,507321,Daniel,9,19,אדני,nmpr,pers,C:divine-title-candidate,Other Tanakh
376201,1435064,507323,Daniel,9,19,אדני,nmpr,pers,C:divine-title-candidate,Other Tanakh
376203,1435064,507325,Daniel,9,19,אדני,nmpr,pers,C:divine-title-candidate,Other Tanakh
376207,1435064,507328,Daniel,9,19,אל,nega,,C:divine-title-candidate,Other Tanakh
376210,1435064,507329,Daniel,9,19,אלהים,subs,,D:Elohim,Other Tanakh
376231,1435065,507333,Daniel,9,20,ישראל,nmpr,"pers,gens,topo",F:unclassified-name,Other Tanakh
376237,1435065,507334,Daniel,9,20,יהוה,nmpr,pers,E:YHWH,Other Tanakh
376238,1435065,507334,Daniel,9,20,אלהים,subs,,D:Elohim,Other Tanakh
376242,1435065,507334,Daniel,9,20,אלהים,subs,,D:Elohim,Other Tanakh
376253,1435066,507336,Daniel,9,21,גבריאל,nmpr,pers,A:person-candidate,Other Tanakh
376266,1435066,507336,Daniel,9,21,אל,prep,,C:divine-title-candidate,Other Tanakh
376278,1435067,507342,Daniel,9,22,דניאל,nmpr,pers,A:person-candidate,Other Tanakh
376356,1435070,507362,Daniel,9,25,ירושלם,nmpr,topo,F:unclassified-name,Other Tanakh
376445,1435073,507377,Daniel,10,1,כורש,nmpr,pers,A:person-candidate,Other Tanakh
376446,1435073,507377,Daniel,10,1,מלך,subs,,B:deity-candidate,Other Tanakh
376447,1435073,507377,Daniel,10,1,פרס,nmpr,"gens,topo",F:unclassified-name,Other Tanakh
376451,1435073,507377,Daniel,10,1,דניאל,nmpr,pers,A:person-candidate,Other Tanakh
376455,1435073,507378,Daniel,10,1,בלטשאצר,nmpr,pers,A:person-candidate,Other Tanakh
376480,1435074,507383,Daniel,10,2,דניאל,nmpr,pers,A:person-candidate,Other Tanakh
376496,1435075,507385,Daniel,10,3,אל,prep,,C:divine-title-candidate,Other Tanakh
376528,1435076,507390,Daniel,10,4,חדקל,nmpr,topo,F:unclassified-name,Other Tanakh
376546,1435077,507396,Daniel,10,5,אופז,nmpr,topo,F:unclassified-name,Other Tanakh
376578,1435079,507402,Daniel,10,7,דניאל,nmpr,pers,A:person-candidate,Other Tanakh
376667,1435083,507420,Daniel,10,11,אל,prep,,C:divine-title-candidate,Other Tanakh
376668,1435083,507421,Daniel,10,11,דניאל,nmpr,pers,A:person-candidate,Other Tanakh
376678,1435083,507423,Daniel,10,11,אל,prep,,C:divine-title-candidate,Other Tanakh
376686,1435083,507425,Daniel,10,11,אל,prep,,C:divine-title-candidate,Other Tanakh
376700,1435084,507428,Daniel,10,12,אל,prep,,C:divine-title-candidate,Other Tanakh
376701,1435084,507429,Daniel,10,12,אל,nega,,C:divine-title-candidate,Other Tanakh
376703,1435084,507430,Daniel,10,12,דניאל,nmpr,pers,A:person-candidate,Other Tanakh
376721,1435084,507434,Daniel,10,12,אלהים,subs,,D:Elohim,Other Tanakh
376732,1435085,507436,Daniel,10,13,פרס,nmpr,"gens,topo",F:unclassified-name,Other Tanakh
376742,1435085,507438,Daniel,10,13,מיכאל,nmpr,pers,A:person-candidate,Other Tanakh
376756,1435085,507440,Daniel,10,13,מלך,subs,,B:deity-candidate,Other Tanakh
376757,1435085,507440,Daniel,10,13,פרס,nmpr,"gens,topo",F:unclassified-name,Other Tanakh
376807,1435088,507452,Daniel,10,16,אל,prep,,C:divine-title-candidate,Other Tanakh
376859,1435091,507465,Daniel,10,19,אל,nega,,C:divine-title-candidate,Other Tanakh
376885,1435092,507478,Daniel,10,20,אל,prep,,C:divine-title-candidate,Other Tanakh
376893,1435092,507481,Daniel,10,20,פרס,nmpr,"gens,topo",F:unclassified-name,Other Tanakh
376900,1435092,507483,Daniel,10,20,יון,nmpr,"pers,gens,topo",F:unclassified-name,Other Tanakh
376920,1435093,507488,Daniel,10,21,מיכאל,nmpr,pers,A:person-candidate,Other Tanakh
376928,1435094,507489,Daniel,11,1,דריוש,nmpr,pers,A:person-candidate,Other Tanakh
376946,1435095,507492,Daniel,11,2,מלך,subs,,B:deity-candidate,Other Tanakh
376949,1435095,507492,Daniel,11,2,פרס,nmpr,"gens,topo",F:unclassified-name,Other Tanakh
376968,1435095,507494,Daniel,11,2,יון,nmpr,"pers,gens,topo",F:unclassified-name,Other Tanakh
376971,1435096,507495,Daniel,11,3,מלך,subs,,B:deity-candidate,Other Tanakh
377015,1435098,507506,Daniel,11,5,מלך,subs,,B:deity-candidate,Other Tanakh
377036,1435099,507511,Daniel,11,6,מלך,subs,,B:deity-candidate,Other Tanakh
377040,1435099,507511,Daniel,11,6,אל,prep,,C:divine-title-candidate,Other Tanakh
377041,1435099,507511,Daniel,11,6,מלך,subs,,B:deity-candidate,Other Tanakh
377079,1435100,507518,Daniel,11,7,אל,prep,,C:divine-title-candidate,Other Tanakh
377086,1435100,507519,Daniel,11,7,מלך,subs,,B:deity-candidate,Other Tanakh
377096,1435101,507522,Daniel,11,8,אלהים,subs,,D:Elohim,Other Tanakh
377109,1435101,507522,Daniel,11,8,מצרים,nmpr,topo,F:unclassified-name,Other Tanakh
377115,1435101,507523,Daniel,11,8,מלך,subs,,B:deity-candidate,Other Tanakh
377122,1435102,507524,Daniel,11,9,מלך,subs,,B:deity-candidate,Other Tanakh
377127,1435102,507525,Daniel,11,9,אל,prep,,C:divine-title-candidate,Other Tanakh
377152,1435104,507533,Daniel,11,11,מלך,subs,,B:deity-candidate,Other Tanakh
377161,1435104,507535,Daniel,11,11,מלך,subs,,B:deity-candidate,Other Tanakh
377189,1435106,507542,Daniel,11,13,מלך,subs,,B:deity-candidate,Other Tanakh
377223,1435107,507546,Daniel,11,14,מלך,subs,,B:deity-candidate,Other Tanakh
377238,1435108,507550,Daniel,11,15,מלך,subs,,B:deity-candidate,Other Tanakh
377266,1435109,507558,Daniel,11,16,אל,prep,,C:divine-title-candidate,Other Tanakh
377401,1435116,507591,Daniel,11,23,אל,prep,,C:divine-title-candidate,Other Tanakh
377448,1435118,507601,Daniel,11,25,מלך,subs,,B:deity-candidate,Other Tanakh
377455,1435118,507602,Daniel,11,25,מלך,subs,,B:deity-candidate,Other Tanakh
377490,1435120,507608,Daniel,11,27,מלך,subs,,B:deity-candidate,Other Tanakh
377597,1435125,507633,Daniel,11,32,אלהים,subs,,D:Elohim,Other Tanakh
377660,1435129,507645,Daniel,11,36,מלך,subs,,B:deity-candidate,Other Tanakh
377667,1435129,507647,Daniel,11,36,אל,subs,,C:divine-title-candidate,Other Tanakh
377670,1435129,507648,Daniel,11,36,אל,subs,,C:divine-title-candidate,Other Tanakh
377671,1435129,507648,Daniel,11,36,אל,subs,,C:divine-title-candidate,Other Tanakh
377684,1435130,507652,Daniel,11,37,אלהים,subs,,D:Elohim,Other Tanakh
377695,1435130,507654,Daniel,11,37,אלוה,subs,,C:divine-title-candidate,Other Tanakh
377704,1435131,507656,Daniel,11,38,אלוה,subs,,C:divine-title-candidate,Other Tanakh
377711,1435131,507657,Daniel,11,38,אלוה,subs,,C:divine-title-candidate,Other Tanakh
377735,1435132,507659,Daniel,11,39,אלוה,subs,,C:divine-title-candidate,Other Tanakh
377757,1435133,507664,Daniel,11,40,מלך,subs,,B:deity-candidate,Other Tanakh
377763,1435133,507665,Daniel,11,40,מלך,subs,,B:deity-candidate,Other Tanakh
377797,1435134,507672,Daniel,11,41,אדום,nmpr,topo,F:unclassified-name,Other Tanakh
377799,1435134,507672,Daniel,11,41,מואב,nmpr,"pers,gens,topo",F:unclassified-name,Other Tanakh
377803,1435134,507672,Daniel,11,41,עמון,nmpr,gens,F:unclassified-name,Other Tanakh
377811,1435135,507674,Daniel,11,42,מצרים,nmpr,topo,F:unclassified-name,Other Tanakh
377829,1435136,507675,Daniel,11,43,מצרים,nmpr,topo,F:unclassified-name,Other Tanakh
377880,1435139,507684,Daniel,12,1,מיכאל,nmpr,pers,A:person-candidate,Other Tanakh
377959,1435142,507698,Daniel,12,4,דניאל,nmpr,pers,A:person-candidate,Other Tanakh
377979,1435143,507702,Daniel,12,5,דניאל,nmpr,pers,A:person-candidate,Other Tanakh
378038,1435145,507712,Daniel,12,7,אל,prep,,C:divine-title-candidate,Other Tanakh
378078,1435147,507725,Daniel,12,9,דניאל,nmpr,pers,A:person-candidate,Other Tanakh
378156,1435152,507743,Esra,1,1,כורש,nmpr,pers,A:person-candidate,Other Tanakh
378157,1435152,507743,Esra,1,1,מלך,subs,,B:deity-candidate,Other Tanakh
378158,1435152,507743,Esra,1,1,פרס,nmpr,"gens,topo",F:unclassified-name,Other Tanakh
378162,1435152,507744,Esra,1,1,יהוה,nmpr,pers,E:YHWH,Other Tanakh
378165,1435152,507744,Esra,1,1,ירמיה,nmpr,pers,A:person-candidate,Other Tanakh
378167,1435152,507743,Esra,1,1,יהוה,nmpr,pers,E:YHWH,Other Tanakh
378170,1435152,507743,Esra,1,1,כורש,nmpr,pers,A:person-candidate,Other Tanakh
378171,1435152,507743,Esra,1,1,מלך,subs,,B:deity-candidate,Other Tanakh
378172,1435152,507743,Esra,1,1,פרס,nmpr,"gens,topo",F:unclassified-name,Other Tanakh
378187,1435153,507748,Esra,1,2,כורש,nmpr,pers,A:person-candidate,Other Tanakh
378188,1435153,507748,Esra,1,2,מלך,subs,,B:deity-candidate,Other Tanakh
378189,1435153,507748,Esra,1,2,פרס,nmpr,"gens,topo",F:unclassified-name,Other Tanakh
378196,1435153,507749,Esra,1,2,יהוה,nmpr,pers,E:YHWH,Other Tanakh
378197,1435153,507749,Esra,1,2,אלהים,subs,,D:Elohim,Other Tanakh
378209,1435153,507751,Esra,1,2,ירושלם,nmpr,topo,F:unclassified-name,Other Tanakh
378212,1435153,507752,Esra,1,2,יהודה,nmpr,"pers,gens,topo",F:unclassified-name,Other Tanakh
378219,1435154,507754,Esra,1,3,אלהים,subs,,D:Elohim,Other Tanakh
378224,1435154,507755,Esra,1,3,ירושלם,nmpr,topo,F:unclassified-name,Other Tanakh
378227,1435154,507756,Esra,1,3,יהודה,nmpr,"pers,gens,topo",F:unclassified-name,Other Tanakh
378232,1435154,507757,Esra,1,3,יהוה,nmpr,pers,E:YHWH,Other Tanakh
378233,1435154,507757,Esra,1,3,אלהים,subs,,D:Elohim,Other Tanakh
378234,1435154,507757,Esra,1,3,ישראל,nmpr,"pers,gens,topo",F:unclassified-name,Other Tanakh
378237,1435154,507758,Esra,1,3,אלהים,subs,,D:Elohim,Other Tanakh
378240,1435154,507759,Esra,1,3,ירושלם,nmpr,topo,F:unclassified-name,Other Tanakh
378273,1435155,507763,Esra,1,4,אלהים,subs,,D:Elohim,Other Tanakh
378276,1435155,507764,Esra,1,4,ירושלם,nmpr,topo,F:unclassified-name,Other Tanakh
378283,1435156,507765,Esra,1,5,יהודה,nmpr,"pers,gens,topo",F:unclassified-name,Other Tanakh
378285,1435156,507765,Esra,1,5,בנימן,nmpr,"pers,gens,topo",F:unclassified-name,Other Tanakh
378296,1435156,507766,Esra,1,5,אלהים,subs,,D:Elohim,Other Tanakh
378305,1435156,507768,Esra,1,5,יהוה,nmpr,pers,E:YHWH,Other Tanakh
378308,1435156,507769,Esra,1,5,ירושלם,nmpr,topo,F:unclassified-name,Other Tanakh
378339,1435158,507772,Esra,1,7,מלך,subs,,B:deity-candidate,Other Tanakh
378340,1435158,507772,Esra,1,7,כורש,nmpr,pers,A:person-candidate,Other Tanakh
378345,1435158,507772,Esra,1,7,יהוה,nmpr,pers,E:YHWH,Other Tanakh
378348,1435158,507773,Esra,1,7,נבוכדנאצר,nmpr,pers,A:person-candidate,Other Tanakh
378350,1435158,507773,Esra,1,7,ירושלם,nmpr,topo,F:unclassified-name,Other Tanakh
378355,1435158,507774,Esra,1,7,אלהים,subs,,D:Elohim,Other Tanakh
378358,1435159,507775,Esra,1,8,כורש,nmpr,pers,A:person-candidate,Other Tanakh
378359,1435159,507775,Esra,1,8,מלך,subs,,B:deity-candidate,Other Tanakh
378360,1435159,507775,Esra,1,8,פרס,nmpr,"gens,topo",F:unclassified-name,Other Tanakh
378363,1435159,507775,Esra,1,8,מתרדת,nmpr,pers,A:person-candidate,Other Tanakh
378369,1435159,507776,Esra,1,8,ששבצר,nmpr,pers,A:person-candidate,Other Tanakh
378373,1435159,507776,Esra,1,8,יהודה,nmpr,"pers,gens,topo",F:unclassified-name,Other Tanakh
378417,1435162,507785,Esra,1,11,ששבצר,nmpr,pers,A:person-candidate,Other Tanakh
378423,1435162,507786,Esra,1,11,בבל,nmpr,topo,F:unclassified-name,Other Tanakh
378425,1435162,507786,Esra,1,11,ירושלם,nmpr,topo,F:unclassified-name,Other Tanakh
378439,1435163,507789,Esra,2,1,נבוכדנאצר,nmpr,pers,A:person-candidate,Other Tanakh
378440,1435163,507789,Esra,2,1,מלך,subs,,B:deity-candidate,Other Tanakh
378441,1435163,507789,Esra,2,1,בבל,nmpr,topo,F:unclassified-name,Other Tanakh
378443,1435163,507789,Esra,2,1,בבל,nmpr,topo,F:unclassified-name,Other Tanakh
378447,1435163,507790,Esra,2,1,ירושלם,nmpr,topo,F:unclassified-name,Other Tanakh
378449,1435163,507790,Esra,2,1,יהודה,nmpr,"pers,gens,topo",F:unclassified-name,Other Tanakh
378456,1435164,507792,Esra,2,2,זרבבל,nmpr,pers,A:person-candidate,Other Tanakh
378457,1435164,507792,Esra,2,2,ישוע,nmpr,pers,A:person-candidate,Other Tanakh
378458,1435164,507792,Esra,2,2,נחמיה,nmpr,pers,A:person-candidate,Other Tanakh
378459,1435164,507792,Esra,2,2,שריה,nmpr,pers,A:person-candidate,Other Tanakh
378460,1435164,507792,Esra,2,2,רעליה,nmpr,pers,A:person-candidate,Other Tanakh
378461,1435164,507792,Esra,2,2,מרדכי,nmpr,pers,A:person-candidate,Other Tanakh
378462,1435164,507792,Esra,2,2,בלשן,nmpr,pers,A:person-candidate,Other Tanakh
378463,1435164,507792,Esra,2,2,מספר,nmpr,pers,A:person-candidate,Other Tanakh
378464,1435164,507792,Esra,2,2,בגוי,nmpr,pers,A:person-candidate,Other Tanakh
378465,1435164,507792,Esra,2,2,רחום,nmpr,pers,A:person-candidate,Other Tanakh
378466,1435164,507792,Esra,2,2,בענה,nmpr,pers,A:person-candidate,Other Tanakh
378470,1435164,507793,Esra,2,2,ישראל,nmpr,"pers,gens,topo",F:unclassified-name,Other Tanakh
378472,1435165,507794,Esra,2,3,פרעש,nmpr,pers,A:person-candidate,Other Tanakh
378479,1435166,507795,Esra,2,4,שפטיה,nmpr,pers,A:person-candidate,Other Tanakh
378486,1435167,507796,Esra,2,5,ארח,nmpr,pers,A:person-candidate,Other Tanakh
378493,1435168,507797,Esra,2,6,פחת מואב,nmpr,pers,A:person-candidate,Other Tanakh
378496,1435168,507797,Esra,2,6,ישוע,nmpr,pers,A:person-candidate,Other Tanakh
378497,1435168,507797,Esra,2,6,יואב,nmpr,pers,A:person-candidate,Other Tanakh
378505,1435169,507798,Esra,2,7,עילם,nmpr,"pers,gens,topo",F:unclassified-name,Other Tanakh
378512,1435170,507799,Esra,2,8,זתוא,nmpr,pers,A:person-candidate,Other Tanakh
378520,1435171,507800,Esra,2,9,זכי,nmpr,gens,F:unclassified-name,Other Tanakh
378526,1435172,507801,Esra,2,10,בני,nmpr,pers,A:person-candidate,Other Tanakh
378533,1435173,507802,Esra,2,11,בבי,nmpr,pers,A:person-candidate,Other Tanakh
378540,1435174,507803,Esra,2,12,עזגד,nmpr,pers,A:person-candidate,Other Tanakh
378547,1435175,507804,Esra,2,13,אדניקם,nmpr,pers,A:person-candidate,Other Tanakh
378554,1435176,507805,Esra,2,14,בגוי,nmpr,pers,A:person-candidate,Other Tanakh
378560,1435177,507806,Esra,2,15,עדין,nmpr,pers,A:person-candidate,Other Tanakh
378567,1435178,507807,Esra,2,16,אטר,nmpr,pers,A:person-candidate,Other Tanakh
378569,1435178,507807,Esra,2,16,יחזקיה,nmpr,pers,A:person-candidate,Other Tanakh
378574,1435179,507808,Esra,2,17,בצי,nmpr,pers,A:person-candidate,Other Tanakh
378581,1435180,507809,Esra,2,18,יורה,nmpr,pers,A:person-candidate,Other Tanakh
378587,1435181,507810,Esra,2,19,חשם,nmpr,pers,A:person-candidate,Other Tanakh
378593,1435182,507811,Esra,2,20,גבר,nmpr,topo,F:unclassified-name,Other Tanakh
378598,1435183,507812,Esra,2,21,בית לחם,nmpr,topo,F:unclassified-name,Other Tanakh
378604,1435184,507813,Esra,2,22,נטפה,nmpr,topo,F:unclassified-name,Other Tanakh
378609,1435185,507814,Esra,2,23,ענתות,nmpr,topo,F:unclassified-name,Other Tanakh
378615,1435186,507815,Esra,2,24,עזמות,nmpr,pers,A:person-candidate,Other Tanakh
378620,1435187,507816,Esra,2,25,קרית יערים,nmpr,topo,F:unclassified-name,Other Tanakh
378621,1435187,507816,Esra,2,25,כפירה,nmpr,topo,F:unclassified-name,Other Tanakh
378623,1435187,507816,Esra,2,25,בארות,nmpr,topo,F:unclassified-name,Other Tanakh
378632,1435188,507817,Esra,2,26,רמה,nmpr,topo,F:unclassified-name,Other Tanakh
378634,1435188,507817,Esra,2,26,גבע,nmpr,topo,F:unclassified-name,Other Tanakh
378641,1435189,507818,Esra,2,27,מכמס,nmpr,topo,F:unclassified-name,Other Tanakh
378647,1435190,507819,Esra,2,28,בית אל,nmpr,topo,F:unclassified-name,Other Tanakh
378650,1435190,507819,Esra,2,28,עי,nmpr,topo,F:unclassified-name,Other Tanakh
378656,1435191,507820,Esra,2,29,נבו,nmpr,topo,F:unclassified-name,Other Tanakh
378661,1435192,507821,Esra,2,30,מגביש,nmpr,pers,A:person-candidate,Other Tanakh
378667,1435193,507822,Esra,2,31,עילם,nmpr,"pers,gens,topo",F:unclassified-name,Other Tanakh
378675,1435194,507823,Esra,2,32,חרם,nmpr,pers,A:person-candidate,Other Tanakh
378681,1435195,507824,Esra,2,33,לד,nmpr,topo,F:unclassified-name,Other Tanakh
378682,1435195,507824,Esra,2,33,חדיד,nmpr,topo,F:unclassified-name,Other Tanakh
378684,1435195,507824,Esra,2,33,אונו,nmpr,topo,F:unclassified-name,Other Tanakh
378691,1435196,507825,Esra,2,34,יריחו,nmpr,topo,F:unclassified-name,Other Tanakh
378698,1435197,507826,Esra,2,35,סנאה,nmpr,pers,A:person-candidate,Other Tanakh
378709,1435198,507828,Esra,2,36,ידעיה,nmpr,pers,A:person-candidate,Other Tanakh
378712,1435198,507828,Esra,2,36,ישוע,nmpr,pers,A:person-candidate,Other Tanakh
378719,1435199,507829,Esra,2,37,אמר,nmpr,pers,A:person-candidate,Other Tanakh
378725,1435200,507830,Esra,2,38,פשחור,nmpr,pers,A:person-candidate,Other Tanakh
378732,1435201,507831,Esra,2,39,חרם,nmpr,pers,A:person-candidate,Other Tanakh
378740,1435202,507833,Esra,2,40,ישוע,nmpr,pers,A:person-candidate,Other Tanakh
378742,1435202,507833,Esra,2,40,קדמיאל,nmpr,pers,A:person-candidate,Other Tanakh
378745,1435202,507833,Esra,2,40,הודויה,nmpr,pers,A:person-candidate,Other Tanakh
378752,1435203,507835,Esra,2,41,אסף,nmpr,pers,A:person-candidate,Other Tanakh
378761,1435204,507836,Esra,2,42,שלום,nmpr,pers,A:person-candidate,Other Tanakh
378763,1435204,507836,Esra,2,42,אטר,nmpr,pers,A:person-candidate,Other Tanakh
378765,1435204,507836,Esra,2,42,טלמון,nmpr,pers,A:person-candidate,Other Tanakh
378767,1435204,507836,Esra,2,42,עקוב,nmpr,pers,A:person-candidate,Other Tanakh
378769,1435204,507836,Esra,2,42,חטיטא,nmpr,pers,A:person-candidate,Other Tanakh
378771,1435204,507836,Esra,2,42,שבי,nmpr,pers,A:person-candidate,Other Tanakh
378781,1435205,507838,Esra,2,43,ציחא,nmpr,pers,A:person-candidate,Other Tanakh
378783,1435205,507838,Esra,2,43,חשופא,nmpr,pers,A:person-candidate,Other Tanakh
378785,1435205,507838,Esra,2,43,טבעות,nmpr,pers,A:person-candidate,Other Tanakh
378787,1435206,507839,Esra,2,44,קירס,nmpr,pers,A:person-candidate,Other Tanakh
378789,1435206,507839,Esra,2,44,סיעא,nmpr,pers,A:person-candidate,Other Tanakh
378791,1435206,507839,Esra,2,44,פדון,nmpr,pers,A:person-candidate,Other Tanakh
378793,1435207,507840,Esra,2,45,לבנה,nmpr,pers,A:person-candidate,Other Tanakh
378795,1435207,507840,Esra,2,45,חגבה,nmpr,pers,A:person-candidate,Other Tanakh
378797,1435207,507840,Esra,2,45,עקוב,nmpr,pers,A:person-candidate,Other Tanakh
378799,1435208,507841,Esra,2,46,חגב,nmpr,pers,A:person-candidate,Other Tanakh
378801,1435208,507841,Esra,2,46,שלמי,nmpr,pers,A:person-candidate,Other Tanakh
378803,1435208,507841,Esra,2,46,חנן,nmpr,pers,A:person-candidate,Other Tanakh
378805,1435209,507842,Esra,2,47,גדל,nmpr,pers,A:person-candidate,Other Tanakh
378807,1435209,507842,Esra,2,47,גחר,nmpr,pers,A:person-candidate,Other Tanakh
378809,1435209,507842,Esra,2,47,ראיה,nmpr,pers,A:person-candidate,Other Tanakh
378811,1435210,507843,Esra,2,48,רצין,nmpr,pers,A:person-candidate,Other Tanakh
378813,1435210,507843,Esra,2,48,נקודא,nmpr,pers,A:person-candidate,Other Tanakh
378815,1435210,507843,Esra,2,48,גזם,nmpr,pers,A:person-candidate,Other Tanakh
378817,1435211,507844,Esra,2,49,עזא,nmpr,pers,A:person-candidate,Other Tanakh
378819,1435211,507844,Esra,2,49,פסח,nmpr,pers,A:person-candidate,Other Tanakh
378821,1435211,507844,Esra,2,49,בסי,nmpr,pers,A:person-candidate,Other Tanakh
378823,1435212,507845,Esra,2,50,אסנה,nmpr,pers,A:person-candidate,Other Tanakh
378827,1435212,507845,Esra,2,50,נפוסים,nmpr,gens,F:unclassified-name,Other Tanakh
378829,1435213,507846,Esra,2,51,בקבוק,nmpr,pers,A:person-candidate,Other Tanakh
378831,1435213,507846,Esra,2,51,חקופא,nmpr,pers,A:person-candidate,Other Tanakh
378833,1435213,507846,Esra,2,51,חרחור,nmpr,pers,A:person-candidate,Other Tanakh
378835,1435214,507847,Esra,2,52,בצלות,nmpr,pers,A:person-candidate,Other Tanakh
378837,1435214,507847,Esra,2,52,מחידא,nmpr,pers,A:person-candidate,Other Tanakh
378839,1435214,507847,Esra,2,52,חרשא,nmpr,pers,A:person-candidate,Other Tanakh
378841,1435215,507848,Esra,2,53,ברקוס,nmpr,pers,A:person-candidate,Other Tanakh
378843,1435215,507848,Esra,2,53,סיסרא,nmpr,pers,A:person-candidate,Other Tanakh
378845,1435215,507848,Esra,2,53,תמח,nmpr,pers,A:person-candidate,Other Tanakh
378847,1435216,507849,Esra,2,54,נציח,nmpr,pers,A:person-candidate,Other Tanakh
378849,1435216,507849,Esra,2,54,חטיפא,nmpr,pers,A:person-candidate,Other Tanakh
378852,1435217,507850,Esra,2,55,שלמה,nmpr,pers,A:person-candidate,Other Tanakh
378854,1435217,507850,Esra,2,55,סוטי,nmpr,pers,A:person-candidate,Other Tanakh
378859,1435217,507850,Esra,2,55,פרודא,nmpr,pers,A:person-candidate,Other Tanakh
378861,1435218,507851,Esra,2,56,יעלה,nmpr,pers,A:person-candidate,Other Tanakh
378863,1435218,507851,Esra,2,56,דרקון,nmpr,pers,A:person-candidate,Other Tanakh
378865,1435218,507851,Esra,2,56,גדל,nmpr,pers,A:person-candidate,Other Tanakh
378867,1435219,507852,Esra,2,57,שפטיה,nmpr,pers,A:person-candidate,Other Tanakh
378869,1435219,507852,Esra,2,57,חטיל,nmpr,pers,A:person-candidate,Other Tanakh
378871,1435219,507852,Esra,2,57,פכרת הצביים,nmpr,pers,A:person-candidate,Other Tanakh
378873,1435219,507852,Esra,2,57,אמי,nmpr,pers,A:person-candidate,Other Tanakh
378880,1435220,507853,Esra,2,58,שלמה,nmpr,pers,A:person-candidate,Other Tanakh
378891,1435221,507855,Esra,2,59,תל מלח,nmpr,topo,F:unclassified-name,Other Tanakh
378892,1435221,507855,Esra,2,59,תל חרשא,nmpr,topo,F:unclassified-name,Other Tanakh
378893,1435221,507855,Esra,2,59,כרוב,nmpr,topo,F:unclassified-name,Other Tanakh
378894,1435221,507855,Esra,2,59,אדן,nmpr,topo,F:unclassified-name,Other Tanakh
378895,1435221,507855,Esra,2,59,אמר,nmpr,pers,A:person-candidate,Other Tanakh
378907,1435221,507859,Esra,2,59,ישראל,nmpr,"pers,gens,topo",F:unclassified-name,Other Tanakh
378910,1435222,507860,Esra,2,60,דליה,nmpr,pers,A:person-candidate,Other Tanakh
378912,1435222,507860,Esra,2,60,טוביה,nmpr,pers,A:person-candidate,Other Tanakh
378914,1435222,507860,Esra,2,60,נקודא,nmpr,pers,A:person-candidate,Other Tanakh
378926,1435223,507861,Esra,2,61,חביה,nmpr,pers,A:person-candidate,Other Tanakh
378929,1435223,507861,Esra,2,61,קוץ,nmpr,pers,A:person-candidate,Other Tanakh
378931,1435223,507861,Esra,2,61,ברזלי,nmpr,pers,A:person-candidate,Other Tanakh
378936,1435223,507862,Esra,2,61,ברזלי,nmpr,pers,A:person-candidate,Other Tanakh
379041,1435230,507879,Esra,2,68,יהוה,nmpr,pers,E:YHWH,Other Tanakh
379044,1435230,507880,Esra,2,68,ירושלם,nmpr,topo,F:unclassified-name,Other Tanakh
379049,1435230,507878,Esra,2,68,אלהים,subs,,D:Elohim,Other Tanakh
379100,1435232,507884,Esra,2,70,ישראל,nmpr,"pers,gens,topo",F:unclassified-name,Other Tanakh
379111,1435233,507886,Esra,3,1,ישראל,nmpr,"pers,gens,topo",F:unclassified-name,Other Tanakh
379122,1435233,507887,Esra,3,1,אל,prep,,C:divine-title-candidate,Other Tanakh
379123,1435233,507887,Esra,3,1,ירושלם,nmpr,topo,F:unclassified-name,Other Tanakh
379126,1435234,507888,Esra,3,2,ישוע,nmpr,pers,A:person-candidate,Other Tanakh
379128,1435234,507888,Esra,3,2,יוצדק,nmpr,pers,A:person-candidate,Other Tanakh
379134,1435234,507888,Esra,3,2,זרבבל,nmpr,pers,A:person-candidate,Other Tanakh
379136,1435234,507888,Esra,3,2,שאלתיאל,nmpr,pers,A:person-candidate,Other Tanakh
379143,1435234,507889,Esra,3,2,אלהים,subs,,D:Elohim,Other Tanakh
379144,1435234,507889,Esra,3,2,ישראל,nmpr,"pers,gens,topo",F:unclassified-name,Other Tanakh
379154,1435234,507891,Esra,3,2,משה,nmpr,pers,A:person-candidate,Other Tanakh
379157,1435234,507891,Esra,3,2,אלהים,subs,,D:Elohim,Other Tanakh
379177,1435235,507894,Esra,3,3,יהוה,nmpr,pers,E:YHWH,Other Tanakh
379221,1435237,507899,Esra,3,5,יהוה,nmpr,pers,E:YHWH,Other Tanakh
379230,1435237,507901,Esra,3,5,יהוה,nmpr,pers,E:YHWH,Other Tanakh
379244,1435238,507903,Esra,3,6,יהוה,nmpr,pers,E:YHWH,Other Tanakh
379247,1435238,507904,Esra,3,6,יהוה,nmpr,pers,E:YHWH,Other Tanakh
379279,1435239,507907,Esra,3,7,לבנון,nmpr,topo,F:unclassified-name,Other Tanakh
379280,1435239,507907,Esra,3,7,אל,prep,,C:divine-title-candidate,Other Tanakh
379282,1435239,507907,Esra,3,7,יפו,nmpr,topo,F:unclassified-name,Other Tanakh
379285,1435239,507907,Esra,3,7,כורש,nmpr,pers,A:person-candidate,Other Tanakh
379286,1435239,507907,Esra,3,7,מלך,subs,,B:deity-candidate,Other Tanakh
379287,1435239,507907,Esra,3,7,פרס,nmpr,"gens,topo",F:unclassified-name,Other Tanakh
379297,1435240,507909,Esra,3,8,אל,prep,,C:divine-title-candidate,Other Tanakh
379300,1435240,507909,Esra,3,8,אלהים,subs,,D:Elohim,Other Tanakh
379302,1435240,507909,Esra,3,8,ירושלם,nmpr,topo,F:unclassified-name,Other Tanakh
379309,1435240,507908,Esra,3,8,זרבבל,nmpr,pers,A:person-candidate,Other Tanakh
379311,1435240,507908,Esra,3,8,שאלתיאל,nmpr,pers,A:person-candidate,Other Tanakh
379313,1435240,507908,Esra,3,8,ישוע,nmpr,pers,A:person-candidate,Other Tanakh
379315,1435240,507908,Esra,3,8,יוצדק,nmpr,pers,A:person-candidate,Other Tanakh
379331,1435240,507910,Esra,3,8,ירושלם,nmpr,topo,F:unclassified-name,Other Tanakh
379348,1435240,507912,Esra,3,8,יהוה,nmpr,pers,E:YHWH,Other Tanakh
379351,1435241,507913,Esra,3,9,ישוע,nmpr,pers,A:person-candidate,Other Tanakh
379355,1435241,507913,Esra,3,9,קדמיאל,nmpr,pers,A:person-candidate,Other Tanakh
379359,1435241,507913,Esra,3,9,יהודה,nmpr,"pers,gens,topo",F:unclassified-name,Other Tanakh
379371,1435241,507915,Esra,3,9,אלהים,subs,,D:Elohim,Other Tanakh
379373,1435241,507916,Esra,3,9,חנדד,nmpr,pers,A:person-candidate,Other Tanakh
379385,1435242,507917,Esra,3,10,יהוה,nmpr,pers,E:YHWH,Other Tanakh
379398,1435242,507920,Esra,3,10,אסף,nmpr,pers,A:person-candidate,Other Tanakh
379405,1435242,507921,Esra,3,10,יהוה,nmpr,pers,E:YHWH,Other Tanakh
379408,1435242,507921,Esra,3,10,דוד,nmpr,pers,A:person-candidate,Other Tanakh
379409,1435242,507921,Esra,3,10,מלך,subs,,B:deity-candidate,Other Tanakh
379410,1435242,507921,Esra,3,10,ישראל,nmpr,"pers,gens,topo",F:unclassified-name,Other Tanakh
379419,1435243,507924,Esra,3,11,יהוה,nmpr,pers,E:YHWH,Other Tanakh
379427,1435243,507926,Esra,3,11,ישראל,nmpr,"pers,gens,topo",F:unclassified-name,Other Tanakh
379438,1435243,507928,Esra,3,11,יהוה,nmpr,pers,E:YHWH,Other Tanakh
379442,1435243,507929,Esra,3,11,יהוה,nmpr,pers,E:YHWH,Other Tanakh
379515,1435246,507938,Esra,4,1,יהודה,nmpr,"pers,gens,topo",F:unclassified-name,Other Tanakh
379517,1435246,507938,Esra,4,1,בנימן,nmpr,"pers,gens,topo",F:unclassified-name,Other Tanakh
379525,1435246,507939,Esra,4,1,יהוה,nmpr,pers,E:YHWH,Other Tanakh
379526,1435246,507939,Esra,4,1,אלהים,subs,,D:Elohim,Other Tanakh
379527,1435246,507939,Esra,4,1,ישראל,nmpr,"pers,gens,topo",F:unclassified-name,Other Tanakh
379530,1435247,507940,Esra,4,2,אל,prep,,C:divine-title-candidate,Other Tanakh
379531,1435247,507940,Esra,4,2,זרבבל,nmpr,pers,A:person-candidate,Other Tanakh
379533,1435247,507940,Esra,4,2,אל,prep,,C:divine-title-candidate,Other Tanakh
379546,1435247,507943,Esra,4,2,אלהים,subs,,D:Elohim,Other Tanakh
379553,1435247,507944,Esra,4,2,אסר חדן,nmpr,pers,A:person-candidate,Other Tanakh
379554,1435247,507944,Esra,4,2,מלך,subs,,B:deity-candidate,Other Tanakh
379555,1435247,507944,Esra,4,2,אשור,nmpr,topo,F:unclassified-name,Other Tanakh
379563,1435248,507946,Esra,4,3,זרבבל,nmpr,pers,A:person-candidate,Other Tanakh
379565,1435248,507946,Esra,4,3,ישוע,nmpr,pers,A:person-candidate,Other Tanakh
379572,1435248,507946,Esra,4,3,ישראל,nmpr,"pers,gens,topo",F:unclassified-name,Other Tanakh
379581,1435248,507948,Esra,4,3,אלהים,subs,,D:Elohim,Other Tanakh
379587,1435248,507949,Esra,4,3,יהוה,nmpr,pers,E:YHWH,Other Tanakh
379588,1435248,507949,Esra,4,3,אלהים,subs,,D:Elohim,Other Tanakh
379589,1435248,507949,Esra,4,3,ישראל,nmpr,"pers,gens,topo",F:unclassified-name,Other Tanakh
379594,1435248,507950,Esra,4,3,מלך,subs,,B:deity-candidate,Other Tanakh
379595,1435248,507950,Esra,4,3,כורש,nmpr,pers,A:person-candidate,Other Tanakh
379596,1435248,507950,Esra,4,3,מלך,subs,,B:deity-candidate,Other Tanakh
379597,1435248,507950,Esra,4,3,פרס,nmpr,"gens,topo",F:unclassified-name,Other Tanakh
379606,1435249,507952,Esra,4,4,יהודה,nmpr,"pers,gens,topo",F:unclassified-name,Other Tanakh
379621,1435250,507951,Esra,4,5,כורש,nmpr,pers,A:person-candidate,Other Tanakh
379622,1435250,507951,Esra,4,5,מלך,subs,,B:deity-candidate,Other Tanakh
379623,1435250,507951,Esra,4,5,פרס,nmpr,"gens,topo",F:unclassified-name,Other Tanakh
379627,1435250,507951,Esra,4,5,דריוש,nmpr,pers,A:person-candidate,Other Tanakh
379628,1435250,507951,Esra,4,5,מלך,subs,,B:deity-candidate,Other Tanakh
379629,1435250,507951,Esra,4,5,פרס,nmpr,"gens,topo",F:unclassified-name,Other Tanakh
379633,1435251,507957,Esra,4,6,אחשורוש,nmpr,pers,A:person-candidate,Other Tanakh
379641,1435251,507957,Esra,4,6,יהודה,nmpr,"pers,gens,topo",F:unclassified-name,Other Tanakh
379643,1435251,507957,Esra,4,6,ירושלם,nmpr,topo,F:unclassified-name,Other Tanakh
379647,1435252,507958,Esra,4,7,ארתחששתא,nmpr,pers,A:person-candidate,Other Tanakh
379649,1435252,507958,Esra,4,7,בשלם,nmpr,pers,A:person-candidate,Other Tanakh
379650,1435252,507958,Esra,4,7,מתרדת,nmpr,pers,A:person-candidate,Other Tanakh
379651,1435252,507958,Esra,4,7,טבאל,nmpr,pers,A:person-candidate,Other Tanakh
379656,1435252,507958,Esra,4,7,ארתחששתא,nmpr,pers,A:person-candidate,Other Tanakh
379657,1435252,507958,Esra,4,7,מלך,subs,,B:deity-candidate,Other Tanakh
379658,1435252,507958,Esra,4,7,פרס,nmpr,"gens,topo",F:unclassified-name,Other Tanakh
379668,1435253,507961,Esra,4,8,רחום,nmpr,pers,A:person-candidate,Other Tanakh
379669,1435253,507961,Esra,4,8,בעל,subs,,B:deity-candidate,Other Tanakh
379672,1435253,507961,Esra,4,8,שמשי,nmpr,pers,A:person-candidate,Other Tanakh
379678,1435253,507961,Esra,4,8,ירושלם,nmpr,topo,F:unclassified-name,Other Tanakh
379680,1435253,507961,Esra,4,8,ארתחששתא,nmpr,pers,A:person-candidate,Other Tanakh
379681,1435253,507961,Esra,4,8,מלך,subs,,B:deity-candidate,Other Tanakh
379684,1435254,507962,Esra,4,9,רחום,nmpr,pers,A:person-candidate,Other Tanakh
379685,1435254,507962,Esra,4,9,בעל,subs,,B:deity-candidate,Other Tanakh
379688,1435254,507962,Esra,4,9,שמשי,nmpr,pers,A:person-candidate,Other Tanakh
379708,1435255,507964,Esra,4,10,אסנפר,nmpr,pers,A:person-candidate,Other Tanakh
379718,1435255,507965,Esra,4,10,שמרין,nmpr,topo,F:unclassified-name,Other Tanakh
379732,1435256,507969,Esra,4,11,ארתחששתא,nmpr,pers,A:person-candidate,Other Tanakh
379733,1435256,507969,Esra,4,11,מלך,subs,,B:deity-candidate,Other Tanakh
379743,1435257,507971,Esra,4,12,מלך,subs,,B:deity-candidate,Other Tanakh
379753,1435257,507972,Esra,4,12,ירושלם,nmpr,topo,F:unclassified-name,Other Tanakh
379769,1435258,507977,Esra,4,13,מלך,subs,,B:deity-candidate,Other Tanakh
379786,1435258,507981,Esra,4,13,מלך,subs,,B:deity-candidate,Other Tanakh
379798,1435259,507984,Esra,4,14,מלך,subs,,B:deity-candidate,Other Tanakh
379810,1435259,507987,Esra,4,14,מלך,subs,,B:deity-candidate,Other Tanakh
379832,1435260,507992,Esra,4,15,מלך,subs,,B:deity-candidate,Other Tanakh
379851,1435261,507995,Esra,4,16,מלך,subs,,B:deity-candidate,Other Tanakh
379872,1435262,507999,Esra,4,17,מלך,subs,,B:deity-candidate,Other Tanakh
379874,1435262,508000,Esra,4,17,רחום,nmpr,pers,A:person-candidate,Other Tanakh
379875,1435262,508000,Esra,4,17,בעל,subs,,B:deity-candidate,Other Tanakh
379878,1435262,508000,Esra,4,17,שמשי,nmpr,pers,A:person-candidate,Other Tanakh
379886,1435262,508001,Esra,4,17,שמרין,nmpr,topo,F:unclassified-name,Other Tanakh
379916,1435264,508009,Esra,4,19,מלך,subs,,B:deity-candidate,Other Tanakh
379925,1435265,508011,Esra,4,20,מלך,subs,,B:deity-candidate,Other Tanakh
379929,1435265,508011,Esra,4,20,ירושלם,nmpr,topo,F:unclassified-name,Other Tanakh
379973,1435267,508021,Esra,4,22,מלך,subs,,B:deity-candidate,Other Tanakh
379980,1435268,508023,Esra,4,23,ארתחששתא,nmpr,pers,A:person-candidate,Other Tanakh
379981,1435268,508023,Esra,4,23,מלך,subs,,B:deity-candidate,Other Tanakh
379984,1435268,508023,Esra,4,23,רחום,nmpr,pers,A:person-candidate,Other Tanakh
379986,1435268,508023,Esra,4,23,שמשי,nmpr,pers,A:person-candidate,Other Tanakh
379994,1435268,508022,Esra,4,23,ירושלם,nmpr,topo,F:unclassified-name,Other Tanakh
380012,1435269,508026,Esra,4,24,ירושלם,nmpr,topo,F:unclassified-name,Other Tanakh
380021,1435269,508027,Esra,4,24,דריוש,nmpr,pers,A:person-candidate,Other Tanakh
380022,1435269,508027,Esra,4,24,מלך,subs,,B:deity-candidate,Other Tanakh
380023,1435269,508027,Esra,4,24,פרס,nmpr,topo,F:unclassified-name,Other Tanakh
380026,1435270,508028,Esra,5,1,חגי,nmpr,pers,A:person-candidate,Other Tanakh
380029,1435270,508028,Esra,5,1,זכריה,nmpr,pers,A:person-candidate,Other Tanakh
380031,1435270,508028,Esra,5,1,עדוא,nmpr,pers,A:person-candidate,Other Tanakh
380037,1435270,508029,Esra,5,1,יהוד,nmpr,topo,F:unclassified-name,Other Tanakh
380040,1435270,508029,Esra,5,1,ירושלם,nmpr,topo,F:unclassified-name,Other Tanakh
380044,1435270,508030,Esra,5,1,ישראל,nmpr,gens,F:unclassified-name,Other Tanakh
380049,1435271,508031,Esra,5,2,זרבבל,nmpr,pers,A:person-candidate,Other Tanakh
380051,1435271,508031,Esra,5,2,שאלתיאל,nmpr,pers,A:person-candidate,Other Tanakh
380053,1435271,508031,Esra,5,2,ישוע,nmpr,pers,A:person-candidate,Other Tanakh
380055,1435271,508031,Esra,5,2,יוצדק,nmpr,pers,A:person-candidate,Other Tanakh
380064,1435271,508034,Esra,5,2,ירושלם,nmpr,topo,F:unclassified-name,Other Tanakh
380076,1435272,508037,Esra,5,3,תתני,nmpr,pers,A:person-candidate,Other Tanakh
380081,1435272,508037,Esra,5,3,שתר בוזני,nmpr,pers,A:person-candidate,Other Tanakh
380127,1435274,508047,Esra,5,5,דריוש,nmpr,pers,A:person-candidate,Other Tanakh
380139,1435275,508050,Esra,5,6,תתני,nmpr,pers,A:person-candidate,Other Tanakh
380144,1435275,508050,Esra,5,6,שתר בוזני,nmpr,pers,A:person-candidate,Other Tanakh
380153,1435275,508050,Esra,5,6,דריוש,nmpr,pers,A:person-candidate,Other Tanakh
380154,1435275,508050,Esra,5,6,מלך,subs,,B:deity-candidate,Other Tanakh
380165,1435276,508054,Esra,5,7,דריוש,nmpr,pers,A:person-candidate,Other Tanakh
380166,1435276,508054,Esra,5,7,מלך,subs,,B:deity-candidate,Other Tanakh
380172,1435277,508055,Esra,5,8,מלך,subs,,B:deity-candidate,Other Tanakh
380176,1435277,508056,Esra,5,8,יהוד,nmpr,topo,F:unclassified-name,Other Tanakh
380262,1435280,508075,Esra,5,11,מלך,subs,,B:deity-candidate,Other Tanakh
380264,1435280,508075,Esra,5,11,ישראל,nmpr,gens,F:unclassified-name,Other Tanakh
380281,1435281,508077,Esra,5,12,נבוכדנצר,nmpr,pers,A:person-candidate,Other Tanakh
380282,1435281,508077,Esra,5,12,מלך,subs,,B:deity-candidate,Other Tanakh
380283,1435281,508077,Esra,5,12,בבל,nmpr,topo,F:unclassified-name,Other Tanakh
380293,1435281,508081,Esra,5,12,בבל,nmpr,topo,F:unclassified-name,Other Tanakh
380299,1435282,508082,Esra,5,13,כורש,nmpr,pers,A:person-candidate,Other Tanakh
380300,1435282,508082,Esra,5,13,מלך,subs,,B:deity-candidate,Other Tanakh
380302,1435282,508082,Esra,5,13,בבל,nmpr,topo,F:unclassified-name,Other Tanakh
380303,1435282,508082,Esra,5,13,כורש,nmpr,pers,A:person-candidate,Other Tanakh
380304,1435282,508082,Esra,5,13,מלך,subs,,B:deity-candidate,Other Tanakh
380323,1435283,508086,Esra,5,14,נבוכדנצר,nmpr,pers,A:person-candidate,Other Tanakh
380329,1435283,508087,Esra,5,14,ירושלם,nmpr,topo,F:unclassified-name,Other Tanakh
380336,1435283,508089,Esra,5,14,בבל,nmpr,topo,F:unclassified-name,Other Tanakh
380339,1435283,508090,Esra,5,14,כורש,nmpr,pers,A:person-candidate,Other Tanakh
380340,1435283,508090,Esra,5,14,מלך,subs,,B:deity-candidate,Other Tanakh
380344,1435283,508091,Esra,5,14,בבל,nmpr,topo,F:unclassified-name,Other Tanakh
380348,1435283,508092,Esra,5,14,ששבצר,nmpr,pers,A:person-candidate,Other Tanakh
380356,1435284,508095,Esra,5,15,אל,prde,,C:divine-title-candidate,Other Tanakh
380366,1435284,508098,Esra,5,15,ירושלם,nmpr,topo,F:unclassified-name,Other Tanakh
380374,1435285,508100,Esra,5,16,ששבצר,nmpr,pers,A:person-candidate,Other Tanakh
380384,1435285,508102,Esra,5,16,ירושלם,nmpr,topo,F:unclassified-name,Other Tanakh
380399,1435286,508106,Esra,5,17,מלך,subs,,B:deity-candidate,Other Tanakh
380406,1435286,508107,Esra,5,17,מלך,subs,,B:deity-candidate,Other Tanakh
380410,1435286,508108,Esra,5,17,בבל,nmpr,topo,F:unclassified-name,Other Tanakh
380415,1435286,508110,Esra,5,17,כורש,nmpr,pers,A:person-candidate,Other Tanakh
380416,1435286,508110,Esra,5,17,מלך,subs,,B:deity-candidate,Other Tanakh
380425,1435286,508111,Esra,5,17,ירושלם,nmpr,topo,F:unclassified-name,Other Tanakh
380428,1435286,508112,Esra,5,17,מלך,subs,,B:deity-candidate,Other Tanakh
380435,1435287,508113,Esra,6,1,דריוש,nmpr,pers,A:person-candidate,Other Tanakh
380436,1435287,508113,Esra,6,1,מלך,subs,,B:deity-candidate,Other Tanakh
380449,1435287,508115,Esra,6,1,בבל,nmpr,topo,F:unclassified-name,Other Tanakh
380453,1435288,508116,Esra,6,2,אחמתא,nmpr,topo,F:unclassified-name,Other Tanakh
380458,1435288,508117,Esra,6,2,מדי,nmpr,topo,F:unclassified-name,Other Tanakh
380472,1435289,508120,Esra,6,3,כורש,nmpr,pers,A:person-candidate,Other Tanakh
380473,1435289,508120,Esra,6,3,מלך,subs,,B:deity-candidate,Other Tanakh
380474,1435289,508120,Esra,6,3,כורש,nmpr,pers,A:person-candidate,Other Tanakh
380475,1435289,508120,Esra,6,3,מלך,subs,,B:deity-candidate,Other Tanakh
380481,1435289,508121,Esra,6,3,ירושלם,nmpr,topo,F:unclassified-name,Other Tanakh
380511,1435290,508130,Esra,6,4,מלך,subs,,B:deity-candidate,Other Tanakh
380523,1435291,508132,Esra,6,5,נבוכדנצר,nmpr,pers,A:person-candidate,Other Tanakh
380529,1435291,508133,Esra,6,5,ירושלם,nmpr,topo,F:unclassified-name,Other Tanakh
380533,1435291,508134,Esra,6,5,בבל,nmpr,topo,F:unclassified-name,Other Tanakh
380541,1435291,508136,Esra,6,5,ירושלם,nmpr,topo,F:unclassified-name,Other Tanakh
380550,1435292,508139,Esra,6,6,תתני,nmpr,pers,A:person-candidate,Other Tanakh
380554,1435292,508139,Esra,6,6,שתר בוזני,nmpr,pers,A:person-candidate,Other Tanakh
380604,1435294,508146,Esra,6,8,מלך,subs,,B:deity-candidate,Other Tanakh
380645,1435295,508151,Esra,6,9,ירושלם,nmpr,topo,F:unclassified-name,Other Tanakh
380666,1435296,508154,Esra,6,10,מלך,subs,,B:deity-candidate,Other Tanakh
380702,1435298,508162,Esra,6,12,מלך,subs,,B:deity-candidate,Other Tanakh
380717,1435298,508167,Esra,6,12,ירושלם,nmpr,topo,F:unclassified-name,Other Tanakh
380719,1435298,508168,Esra,6,12,דריוש,nmpr,pers,A:person-candidate,Other Tanakh
380725,1435299,508170,Esra,6,13,תתני,nmpr,pers,A:person-candidate,Other Tanakh
380729,1435299,508170,Esra,6,13,שתר בוזני,nmpr,pers,A:person-candidate,Other Tanakh
380736,1435299,508171,Esra,6,13,דריוש,nmpr,pers,A:person-candidate,Other Tanakh
380737,1435299,508171,Esra,6,13,מלך,subs,,B:deity-candidate,Other Tanakh
380749,1435300,508173,Esra,6,14,חגי,nmpr,pers,A:person-candidate,Other Tanakh
380752,1435300,508173,Esra,6,14,זכריה,nmpr,pers,A:person-candidate,Other Tanakh
380754,1435300,508173,Esra,6,14,עדוא,nmpr,pers,A:person-candidate,Other Tanakh
380762,1435300,508175,Esra,6,14,ישראל,nmpr,gens,F:unclassified-name,Other Tanakh
380766,1435300,508175,Esra,6,14,כורש,nmpr,pers,A:person-candidate,Other Tanakh
380768,1435300,508175,Esra,6,14,דריוש,nmpr,pers,A:person-candidate,Other Tanakh
380770,1435300,508175,Esra,6,14,ארתחששתא,nmpr,pers,A:person-candidate,Other Tanakh
380771,1435300,508175,Esra,6,14,מלך,subs,,B:deity-candidate,Other Tanakh
380772,1435300,508175,Esra,6,14,פרס,nmpr,topo,F:unclassified-name,Other Tanakh
380782,1435301,508176,Esra,6,15,אדר,nmpr,mens,F:unclassified-name,Other Tanakh
380789,1435301,508177,Esra,6,15,דריוש,nmpr,pers,A:person-candidate,Other Tanakh
380790,1435301,508177,Esra,6,15,מלך,subs,,B:deity-candidate,Other Tanakh
380794,1435302,508178,Esra,6,16,ישראל,nmpr,gens,F:unclassified-name,Other Tanakh
380829,1435303,508180,Esra,6,17,ישראל,nmpr,gens,F:unclassified-name,Other Tanakh
380835,1435303,508180,Esra,6,17,ישראל,nmpr,gens,F:unclassified-name,Other Tanakh
380850,1435304,508183,Esra,6,18,ירושלם,nmpr,topo,F:unclassified-name,Other Tanakh
380854,1435304,508182,Esra,6,18,משה,nmpr,pers,A:person-candidate,Other Tanakh
380901,1435307,508188,Esra,6,21,ישראל,nmpr,"pers,gens,topo",F:unclassified-name,Other Tanakh
380916,1435307,508190,Esra,6,21,אל,prep,,C:divine-title-candidate,Other Tanakh
380920,1435307,508191,Esra,6,21,יהוה,nmpr,pers,E:YHWH,Other Tanakh
380921,1435307,508191,Esra,6,21,אלהים,subs,,D:Elohim,Other Tanakh
380922,1435307,508191,Esra,6,21,ישראל,nmpr,"pers,gens,topo",F:unclassified-name,Other Tanakh
380933,1435308,508193,Esra,6,22,יהוה,nmpr,pers,E:YHWH,Other Tanakh
380937,1435308,508194,Esra,6,22,מלך,subs,,B:deity-candidate,Other Tanakh
380938,1435308,508194,Esra,6,22,אשור,nmpr,topo,F:unclassified-name,Other Tanakh
380947,1435308,508195,Esra,6,22,אלהים,subs,,D:Elohim,Other Tanakh
380948,1435308,508195,Esra,6,22,אלהים,subs,,D:Elohim,Other Tanakh
380949,1435308,508195,Esra,6,22,ישראל,nmpr,"pers,gens,topo",F:unclassified-name,Other Tanakh
380958,1435309,508196,Esra,7,1,ארתחשסתא,nmpr,pers,A:person-candidate,Other Tanakh
380959,1435309,508196,Esra,7,1,מלך,subs,,B:deity-candidate,Other Tanakh
380960,1435309,508196,Esra,7,1,פרס,nmpr,"gens,topo",F:unclassified-name,Other Tanakh
380961,1435309,508196,Esra,7,1,עזרא,nmpr,pers,A:person-candidate,Other Tanakh
380963,1435309,508196,Esra,7,1,שריה,nmpr,pers,A:person-candidate,Other Tanakh
380965,1435309,508196,Esra,7,1,עזריה,nmpr,pers,A:person-candidate,Other Tanakh
380967,1435309,508196,Esra,7,1,חלקיה,nmpr,pers,A:person-candidate,Other Tanakh
380969,1435310,508197,Esra,7,2,שלום,nmpr,pers,A:person-candidate,Other Tanakh
380971,1435310,508197,Esra,7,2,צדוק,nmpr,pers,A:person-candidate,Other Tanakh
380973,1435310,508197,Esra,7,2,אחיטוב,nmpr,pers,A:person-candidate,Other Tanakh
380975,1435311,508198,Esra,7,3,אמריה,nmpr,pers,A:person-candidate,Other Tanakh
380977,1435311,508198,Esra,7,3,עזריה,nmpr,pers,A:person-candidate,Other Tanakh
380979,1435311,508198,Esra,7,3,מריות,nmpr,pers,A:person-candidate,Other Tanakh
380981,1435312,508199,Esra,7,4,זרחיה,nmpr,pers,A:person-candidate,Other Tanakh
380983,1435312,508199,Esra,7,4,עזי,nmpr,pers,A:person-candidate,Other Tanakh
380985,1435312,508199,Esra,7,4,בקי,nmpr,pers,A:person-candidate,Other Tanakh
380987,1435313,508200,Esra,7,5,אבישוע,nmpr,pers,A:person-candidate,Other Tanakh
380989,1435313,508200,Esra,7,5,פינחס,nmpr,pers,A:person-candidate,Other Tanakh
380991,1435313,508200,Esra,7,5,אלעזר,nmpr,pers,A:person-candidate,Other Tanakh
380993,1435313,508200,Esra,7,5,אהרן,nmpr,pers,A:person-candidate,Other Tanakh
380999,1435314,508201,Esra,7,6,עזרא,nmpr,pers,A:person-candidate,Other Tanakh
381002,1435314,508201,Esra,7,6,בבל,nmpr,topo,F:unclassified-name,Other Tanakh
381009,1435314,508202,Esra,7,6,משה,nmpr,pers,A:person-candidate,Other Tanakh
381012,1435314,508203,Esra,7,6,יהוה,nmpr,pers,E:YHWH,Other Tanakh
381013,1435314,508203,Esra,7,6,אלהים,subs,,D:Elohim,Other Tanakh
381014,1435314,508203,Esra,7,6,ישראל,nmpr,"pers,gens,topo",F:unclassified-name,Other Tanakh
381019,1435314,508204,Esra,7,6,מלך,subs,,B:deity-candidate,Other Tanakh
381022,1435314,508204,Esra,7,6,יהוה,nmpr,pers,E:YHWH,Other Tanakh
381023,1435314,508204,Esra,7,6,אלהים,subs,,D:Elohim,Other Tanakh
381031,1435315,508205,Esra,7,7,ישראל,nmpr,"pers,gens,topo",F:unclassified-name,Other Tanakh
381048,1435315,508205,Esra,7,7,אל,prep,,C:divine-title-candidate,Other Tanakh
381049,1435315,508205,Esra,7,7,ירושלם,nmpr,topo,F:unclassified-name,Other Tanakh
381054,1435315,508205,Esra,7,7,ארתחשסתא,nmpr,pers,A:person-candidate,Other Tanakh
381056,1435315,508205,Esra,7,7,מלך,subs,,B:deity-candidate,Other Tanakh
381059,1435316,508206,Esra,7,8,ירושלם,nmpr,topo,F:unclassified-name,Other Tanakh
381071,1435316,508207,Esra,7,8,מלך,subs,,B:deity-candidate,Other Tanakh
381085,1435317,508208,Esra,7,9,בבל,nmpr,topo,F:unclassified-name,Other Tanakh
381095,1435317,508209,Esra,7,9,אל,prep,,C:divine-title-candidate,Other Tanakh
381096,1435317,508209,Esra,7,9,ירושלם,nmpr,topo,F:unclassified-name,Other Tanakh
381099,1435317,508209,Esra,7,9,אלהים,subs,,D:Elohim,Other Tanakh
381104,1435318,508210,Esra,7,10,עזרא,nmpr,pers,A:person-candidate,Other Tanakh
381111,1435318,508211,Esra,7,10,יהוה,nmpr,pers,E:YHWH,Other Tanakh
381119,1435318,508213,Esra,7,10,ישראל,nmpr,"pers,gens,topo",F:unclassified-name,Other Tanakh
381131,1435319,508215,Esra,7,11,מלך,subs,,B:deity-candidate,Other Tanakh
381132,1435319,508215,Esra,7,11,ארתחשסתא,nmpr,pers,A:person-candidate,Other Tanakh
381134,1435319,508215,Esra,7,11,עזרא,nmpr,pers,A:person-candidate,Other Tanakh
381142,1435319,508215,Esra,7,11,יהוה,nmpr,pers,E:YHWH,Other Tanakh
381146,1435319,508215,Esra,7,11,ישראל,nmpr,"pers,gens,topo",F:unclassified-name,Other Tanakh
381147,1435320,508216,Esra,7,12,ארתחששתא,nmpr,pers,A:person-candidate,Other Tanakh
381148,1435320,508216,Esra,7,12,מלך,subs,,B:deity-candidate,Other Tanakh
381149,1435320,508216,Esra,7,12,מלך,subs,,B:deity-candidate,Other Tanakh
381151,1435320,508216,Esra,7,12,עזרא,nmpr,pers,A:person-candidate,Other Tanakh
381171,1435321,508220,Esra,7,13,ישראל,nmpr,gens,F:unclassified-name,Other Tanakh
381179,1435321,508221,Esra,7,13,ירושלם,nmpr,topo,F:unclassified-name,Other Tanakh
381188,1435322,508222,Esra,7,14,מלך,subs,,B:deity-candidate,Other Tanakh
381196,1435322,508223,Esra,7,14,יהוד,nmpr,topo,F:unclassified-name,Other Tanakh
381199,1435322,508223,Esra,7,14,ירושלם,nmpr,topo,F:unclassified-name,Other Tanakh
381213,1435323,508226,Esra,7,15,מלך,subs,,B:deity-candidate,Other Tanakh
381219,1435323,508226,Esra,7,15,ישראל,nmpr,gens,F:unclassified-name,Other Tanakh
381222,1435323,508227,Esra,7,15,ירושלם,nmpr,topo,F:unclassified-name,Other Tanakh
381234,1435324,508229,Esra,7,16,בבל,nmpr,topo,F:unclassified-name,Other Tanakh
381246,1435324,508232,Esra,7,16,ירושלם,nmpr,topo,F:unclassified-name,Other Tanakh
381273,1435325,508235,Esra,7,17,ירושלם,nmpr,topo,F:unclassified-name,Other Tanakh
381305,1435327,508239,Esra,7,19,ירושלם,nmpr,topo,F:unclassified-name,Other Tanakh
381320,1435328,508241,Esra,7,20,מלך,subs,,B:deity-candidate,Other Tanakh
381324,1435329,508244,Esra,7,21,ארתחששתא,nmpr,pers,A:person-candidate,Other Tanakh
381325,1435329,508244,Esra,7,21,מלך,subs,,B:deity-candidate,Other Tanakh
381339,1435329,508247,Esra,7,21,עזרא,nmpr,pers,A:person-candidate,Other Tanakh
381391,1435331,508251,Esra,7,23,מלך,subs,,B:deity-candidate,Other Tanakh
381421,1435333,508258,Esra,7,25,עזרא,nmpr,pers,A:person-candidate,Other Tanakh
381464,1435334,508266,Esra,7,26,מלך,subs,,B:deity-candidate,Other Tanakh
381484,1435335,508271,Esra,7,27,יהוה,nmpr,pers,E:YHWH,Other Tanakh
381485,1435335,508271,Esra,7,27,אלהים,subs,,D:Elohim,Other Tanakh
381494,1435335,508272,Esra,7,27,מלך,subs,,B:deity-candidate,Other Tanakh
381499,1435335,508273,Esra,7,27,יהוה,nmpr,pers,E:YHWH,Other Tanakh
381502,1435335,508274,Esra,7,27,ירושלם,nmpr,topo,F:unclassified-name,Other Tanakh
381510,1435336,508275,Esra,7,28,מלך,subs,,B:deity-candidate,Other Tanakh
381518,1435336,508275,Esra,7,28,מלך,subs,,B:deity-candidate,Other Tanakh
381526,1435336,508276,Esra,7,28,יהוה,nmpr,pers,E:YHWH,Other Tanakh
381527,1435336,508276,Esra,7,28,אלהים,subs,,D:Elohim,Other Tanakh
381532,1435336,508277,Esra,7,28,ישראל,nmpr,"pers,gens,topo",F:unclassified-name,Other Tanakh
381548,1435337,508281,Esra,8,1,ארתחשסתא,nmpr,pers,A:person-candidate,Other Tanakh
381550,1435337,508281,Esra,8,1,מלך,subs,,B:deity-candidate,Other Tanakh
381552,1435337,508281,Esra,8,1,בבל,nmpr,topo,F:unclassified-name,Other Tanakh
381555,1435338,508282,Esra,8,2,פינחס,nmpr,pers,A:person-candidate,Other Tanakh
381556,1435338,508282,Esra,8,2,גרשם,nmpr,pers,A:person-candidate,Other Tanakh
381559,1435338,508283,Esra,8,2,איתמר,nmpr,pers,A:person-candidate,Other Tanakh
381560,1435338,508283,Esra,8,2,דניאל,nmpr,pers,A:person-candidate,Other Tanakh
381563,1435338,508284,Esra,8,2,דוד,nmpr,pers,A:person-candidate,Other Tanakh
381564,1435338,508284,Esra,8,2,חטוש,nmpr,pers,A:person-candidate,Other Tanakh
381567,1435339,508285,Esra,8,3,שכניה,nmpr,pers,A:person-candidate,Other Tanakh
381570,1435339,508285,Esra,8,3,פרעש,nmpr,pers,A:person-candidate,Other Tanakh
381571,1435339,508285,Esra,8,3,זכריה,nmpr,pers,A:person-candidate,Other Tanakh
381582,1435340,508287,Esra,8,4,פחת מואב,nmpr,pers,A:person-candidate,Other Tanakh
381583,1435340,508287,Esra,8,4,אליהועיני,nmpr,pers,A:person-candidate,Other Tanakh
381585,1435340,508287,Esra,8,4,זרחיה,nmpr,pers,A:person-candidate,Other Tanakh
381593,1435341,508289,Esra,8,5,שכניה,nmpr,pers,A:person-candidate,Other Tanakh
381595,1435341,508289,Esra,8,5,יחזיאל,nmpr,pers,A:person-candidate,Other Tanakh
381605,1435342,508291,Esra,8,6,עדין,nmpr,pers,A:person-candidate,Other Tanakh
381606,1435342,508291,Esra,8,6,עבד,nmpr,pers,A:person-candidate,Other Tanakh
381608,1435342,508291,Esra,8,6,יונתן,nmpr,pers,A:person-candidate,Other Tanakh
381617,1435343,508293,Esra,8,7,עילם,nmpr,"pers,gens,topo",F:unclassified-name,Other Tanakh
381618,1435343,508293,Esra,8,7,ישעיה,nmpr,pers,A:person-candidate,Other Tanakh
381620,1435343,508293,Esra,8,7,עתליה,nmpr,pers,A:person-candidate,Other Tanakh
381629,1435344,508295,Esra,8,8,שפטיה,nmpr,pers,A:person-candidate,Other Tanakh
381630,1435344,508295,Esra,8,8,זבדיה,nmpr,pers,A:person-candidate,Other Tanakh
381632,1435344,508295,Esra,8,8,מיכאל,nmpr,pers,A:person-candidate,Other Tanakh
381640,1435345,508297,Esra,8,9,יואב,nmpr,pers,A:person-candidate,Other Tanakh
381641,1435345,508297,Esra,8,9,עבדיה,nmpr,pers,A:person-candidate,Other Tanakh
381643,1435345,508297,Esra,8,9,יחיאל,nmpr,pers,A:person-candidate,Other Tanakh
381655,1435346,508299,Esra,8,10,שלמית,nmpr,pers,A:person-candidate,Other Tanakh
381657,1435346,508299,Esra,8,10,יוספיה,nmpr,pers,A:person-candidate,Other Tanakh
381668,1435347,508301,Esra,8,11,בבי,nmpr,pers,A:person-candidate,Other Tanakh
381669,1435347,508301,Esra,8,11,זכריה,nmpr,pers,A:person-candidate,Other Tanakh
381671,1435347,508301,Esra,8,11,בבי,nmpr,pers,A:person-candidate,Other Tanakh
381682,1435348,508303,Esra,8,12,עזגד,nmpr,pers,A:person-candidate,Other Tanakh
381683,1435348,508303,Esra,8,12,יוחנן,nmpr,pers,A:person-candidate,Other Tanakh
381686,1435348,508303,Esra,8,12,קטן,nmpr,pers,A:person-candidate,Other Tanakh
381697,1435349,508305,Esra,8,13,אדניקם,nmpr,pers,A:person-candidate,Other Tanakh
381702,1435349,508307,Esra,8,13,אליפלט,nmpr,pers,A:person-candidate,Other Tanakh
381703,1435349,508307,Esra,8,13,יעיאל,nmpr,pers,A:person-candidate,Other Tanakh
381705,1435349,508307,Esra,8,13,שמעיה,nmpr,pers,A:person-candidate,Other Tanakh
381714,1435350,508309,Esra,8,14,בגוי,nmpr,pers,A:person-candidate,Other Tanakh
381715,1435350,508309,Esra,8,14,עותי,nmpr,pers,A:person-candidate,Other Tanakh
381717,1435350,508309,Esra,8,14,זכור,nmpr,gens,F:unclassified-name,Other Tanakh
381725,1435351,508311,Esra,8,15,אל,prep,,C:divine-title-candidate,Other Tanakh
381730,1435351,508312,Esra,8,15,אל,prep,,C:divine-title-candidate,Other Tanakh
381731,1435351,508312,Esra,8,15,אהוא,nmpr,topo,F:unclassified-name,Other Tanakh
381749,1435351,508315,Esra,8,15,לוי,nmpr,"pers,gens",F:unclassified-name,Other Tanakh
381756,1435352,508316,Esra,8,16,אליעזר,nmpr,pers,A:person-candidate,Other Tanakh
381758,1435352,508316,Esra,8,16,אריאל,nmpr,pers,A:person-candidate,Other Tanakh
381760,1435352,508316,Esra,8,16,שמעיה,nmpr,pers,A:person-candidate,Other Tanakh
381763,1435352,508316,Esra,8,16,אלנתן,nmpr,pers,A:person-candidate,Other Tanakh
381766,1435352,508316,Esra,8,16,יריב,nmpr,pers,A:person-candidate,Other Tanakh
381769,1435352,508316,Esra,8,16,אלנתן,nmpr,pers,A:person-candidate,Other Tanakh
381772,1435352,508316,Esra,8,16,נתן,nmpr,pers,A:person-candidate,Other Tanakh
381775,1435352,508316,Esra,8,16,זכריה,nmpr,pers,A:person-candidate,Other Tanakh
381778,1435352,508316,Esra,8,16,משלם,nmpr,pers,A:person-candidate,Other Tanakh
381782,1435352,508316,Esra,8,16,יויריב,nmpr,pers,A:person-candidate,Other Tanakh
381785,1435352,508316,Esra,8,16,אלנתן,nmpr,pers,A:person-candidate,Other Tanakh
381791,1435353,508317,Esra,8,17,אדו,nmpr,pers,A:person-candidate,Other Tanakh
381795,1435353,508317,Esra,8,17,כספיא,nmpr,topo,F:unclassified-name,Other Tanakh
381805,1435353,508319,Esra,8,17,אל,prep,,C:divine-title-candidate,Other Tanakh
381806,1435353,508319,Esra,8,17,אדו,nmpr,pers,A:person-candidate,Other Tanakh
381811,1435353,508319,Esra,8,17,כספיא,nmpr,topo,F:unclassified-name,Other Tanakh
381820,1435353,508320,Esra,8,17,אלהים,subs,,D:Elohim,Other Tanakh
381826,1435354,508321,Esra,8,18,אלהים,subs,,D:Elohim,Other Tanakh
381834,1435354,508321,Esra,8,18,מחלי,nmpr,pers,A:person-candidate,Other Tanakh
381836,1435354,508321,Esra,8,18,לוי,nmpr,"pers,gens",F:unclassified-name,Other Tanakh
381838,1435354,508321,Esra,8,18,ישראל,nmpr,"pers,gens,topo",F:unclassified-name,Other Tanakh
381840,1435354,508322,Esra,8,18,שרביה,nmpr,pers,A:person-candidate,Other Tanakh
381849,1435355,508324,Esra,8,19,חשביה,nmpr,pers,A:person-candidate,Other Tanakh
381852,1435355,508325,Esra,8,19,ישעיה,nmpr,pers,A:person-candidate,Other Tanakh
381855,1435355,508325,Esra,8,19,מררי,nmpr,pers,A:person-candidate,Other Tanakh
381866,1435356,508328,Esra,8,20,דוד,nmpr,pers,A:person-candidate,Other Tanakh
381889,1435357,508330,Esra,8,21,אהוא,nmpr,topo,F:unclassified-name,Other Tanakh
381894,1435357,508331,Esra,8,21,אלהים,subs,,D:Elohim,Other Tanakh
381914,1435358,508334,Esra,8,22,מלך,subs,,B:deity-candidate,Other Tanakh
381929,1435358,508336,Esra,8,22,מלך,subs,,B:deity-candidate,Other Tanakh
381933,1435358,508338,Esra,8,22,אלהים,subs,,D:Elohim,Other Tanakh
381951,1435359,508341,Esra,8,23,אלהים,subs,,D:Elohim,Other Tanakh
381966,1435360,508343,Esra,8,24,שרביה,nmpr,pers,A:person-candidate,Other Tanakh
381967,1435360,508343,Esra,8,24,חשביה,nmpr,pers,A:person-candidate,Other Tanakh
381989,1435361,508345,Esra,8,25,אלהים,subs,,D:Elohim,Other Tanakh
381993,1435361,508346,Esra,8,25,מלך,subs,,B:deity-candidate,Other Tanakh
382000,1435361,508346,Esra,8,25,ישראל,nmpr,"pers,gens,topo",F:unclassified-name,Other Tanakh
382041,1435364,508350,Esra,8,28,אל,prep,,C:divine-title-candidate,Other Tanakh
382045,1435364,508351,Esra,8,28,יהוה,nmpr,pers,E:YHWH,Other Tanakh
382058,1435364,508353,Esra,8,28,יהוה,nmpr,pers,E:YHWH,Other Tanakh
382059,1435364,508353,Esra,8,28,אלהים,subs,,D:Elohim,Other Tanakh
382079,1435365,508356,Esra,8,29,ישראל,nmpr,"pers,gens,topo",F:unclassified-name,Other Tanakh
382081,1435365,508356,Esra,8,29,ירושלם,nmpr,topo,F:unclassified-name,Other Tanakh
382085,1435365,508356,Esra,8,29,יהוה,nmpr,pers,E:YHWH,Other Tanakh
382105,1435366,508358,Esra,8,30,ירושלם,nmpr,topo,F:unclassified-name,Other Tanakh
382108,1435366,508358,Esra,8,30,אלהים,subs,,D:Elohim,Other Tanakh
382113,1435367,508359,Esra,8,31,אהוא,nmpr,topo,F:unclassified-name,Other Tanakh
382124,1435367,508360,Esra,8,31,ירושלם,nmpr,topo,F:unclassified-name,Other Tanakh
382127,1435367,508361,Esra,8,31,אלהים,subs,,D:Elohim,Other Tanakh
382142,1435368,508363,Esra,8,32,ירושלם,nmpr,topo,F:unclassified-name,Other Tanakh
382165,1435369,508365,Esra,8,33,אלהים,subs,,D:Elohim,Other Tanakh
382168,1435369,508365,Esra,8,33,מרמות,nmpr,pers,A:person-candidate,Other Tanakh
382170,1435369,508365,Esra,8,33,אוריה,nmpr,pers,A:person-candidate,Other Tanakh
382175,1435369,508366,Esra,8,33,אלעזר,nmpr,pers,A:person-candidate,Other Tanakh
382177,1435369,508366,Esra,8,33,פינחס,nmpr,pers,A:person-candidate,Other Tanakh
382180,1435369,508367,Esra,8,33,יוזבד,nmpr,pers,A:person-candidate,Other Tanakh
382182,1435369,508367,Esra,8,33,ישוע,nmpr,pers,A:person-candidate,Other Tanakh
382184,1435369,508367,Esra,8,33,נועדיה,nmpr,pers,A:person-candidate,Other Tanakh
382186,1435369,508367,Esra,8,33,בנוי,nmpr,pers,A:person-candidate,Other Tanakh
382217,1435371,508372,Esra,8,35,אלהים,subs,,D:Elohim,Other Tanakh
382218,1435371,508372,Esra,8,35,ישראל,nmpr,"pers,gens,topo",F:unclassified-name,Other Tanakh
382224,1435371,508372,Esra,8,35,ישראל,nmpr,"pers,gens,topo",F:unclassified-name,Other Tanakh
382241,1435371,508373,Esra,8,35,יהוה,nmpr,pers,E:YHWH,Other Tanakh
382247,1435372,508374,Esra,8,36,מלך,subs,,B:deity-candidate,Other Tanakh
382251,1435372,508374,Esra,8,36,מלך,subs,,B:deity-candidate,Other Tanakh
382266,1435372,508375,Esra,8,36,אלהים,subs,,D:Elohim,Other Tanakh
382272,1435373,508376,Esra,9,1,אל,prep,,C:divine-title-candidate,Other Tanakh
382281,1435373,508379,Esra,9,1,ישראל,nmpr,"pers,gens,topo",F:unclassified-name,Other Tanakh
382367,1435376,508387,Esra,9,4,אל,prep,,C:divine-title-candidate,Other Tanakh
382373,1435376,508388,Esra,9,4,אלהים,subs,,D:Elohim,Other Tanakh
382374,1435376,508388,Esra,9,4,ישראל,nmpr,"pers,gens,topo",F:unclassified-name,Other Tanakh
382409,1435377,508393,Esra,9,5,אל,prep,,C:divine-title-candidate,Other Tanakh
382410,1435377,508393,Esra,9,5,יהוה,nmpr,pers,E:YHWH,Other Tanakh
382411,1435377,508393,Esra,9,5,אלהים,subs,,D:Elohim,Other Tanakh
382414,1435378,508395,Esra,9,6,אלהים,subs,,D:Elohim,Other Tanakh
382420,1435378,508399,Esra,9,6,אלהים,subs,,D:Elohim,Other Tanakh
382422,1435378,508398,Esra,9,6,אל,prep,,C:divine-title-candidate,Other Tanakh
382453,1435379,508403,Esra,9,7,מלך,subs,,B:deity-candidate,Other Tanakh
382457,1435379,508403,Esra,9,7,מלך,subs,,B:deity-candidate,Other Tanakh
382488,1435380,508406,Esra,9,8,יהוה,nmpr,pers,E:YHWH,Other Tanakh
382489,1435380,508406,Esra,9,8,אלהים,subs,,D:Elohim,Other Tanakh
382505,1435380,508409,Esra,9,8,אלהים,subs,,D:Elohim,Other Tanakh
382521,1435381,508412,Esra,9,9,אלהים,subs,,D:Elohim,Other Tanakh
382528,1435381,508413,Esra,9,9,מלך,subs,,B:deity-candidate,Other Tanakh
382529,1435381,508413,Esra,9,9,פרס,nmpr,"gens,topo",F:unclassified-name,Other Tanakh
382538,1435381,508415,Esra,9,9,אלהים,subs,,D:Elohim,Other Tanakh
382550,1435381,508417,Esra,9,9,יהודה,nmpr,"pers,gens,topo",F:unclassified-name,Other Tanakh
382553,1435381,508417,Esra,9,9,ירושלם,nmpr,topo,F:unclassified-name,Other Tanakh
382558,1435382,508420,Esra,9,10,אלהים,subs,,D:Elohim,Other Tanakh
382594,1435383,508428,Esra,9,11,אל,prep,,C:divine-title-candidate,Other Tanakh
382601,1435384,508430,Esra,9,12,אל,nega,,C:divine-title-candidate,Other Tanakh
382607,1435384,508431,Esra,9,12,אל,nega,,C:divine-title-candidate,Other Tanakh
382650,1435385,508439,Esra,9,13,אלהים,subs,,D:Elohim,Other Tanakh
382687,1435387,508446,Esra,9,15,יהוה,nmpr,pers,E:YHWH,Other Tanakh
382688,1435387,508446,Esra,9,15,אלהים,subs,,D:Elohim,Other Tanakh
382689,1435387,508446,Esra,9,15,ישראל,nmpr,"pers,gens,topo",F:unclassified-name,Other Tanakh
382716,1435388,508454,Esra,10,1,עזרא,nmpr,pers,A:person-candidate,Other Tanakh
382727,1435388,508457,Esra,10,1,אלהים,subs,,D:Elohim,Other Tanakh
382729,1435388,508453,Esra,10,1,אל,prep,,C:divine-title-candidate,Other Tanakh
382731,1435388,508453,Esra,10,1,ישראל,nmpr,"pers,gens,topo",F:unclassified-name,Other Tanakh
382748,1435389,508459,Esra,10,2,שכניה,nmpr,pers,A:person-candidate,Other Tanakh
382750,1435389,508459,Esra,10,2,יחיאל,nmpr,pers,A:person-candidate,Other Tanakh
382753,1435389,508459,Esra,10,2,עילם,nmpr,"pers,gens,topo",F:unclassified-name,Other Tanakh
382757,1435389,508460,Esra,10,2,עזרא,nmpr,pers,A:person-candidate,Other Tanakh
382761,1435389,508461,Esra,10,2,אלהים,subs,,D:Elohim,Other Tanakh
382775,1435389,508464,Esra,10,2,ישראל,nmpr,"pers,gens,topo",F:unclassified-name,Other Tanakh
382783,1435390,508466,Esra,10,3,אלהים,subs,,D:Elohim,Other Tanakh
382794,1435390,508467,Esra,10,3,אדני,nmpr,pers,C:divine-title-candidate,Other Tanakh
382800,1435390,508469,Esra,10,3,אלהים,subs,,D:Elohim,Other Tanakh
382819,1435392,508476,Esra,10,5,עזרא,nmpr,pers,A:person-candidate,Other Tanakh
382830,1435392,508477,Esra,10,5,ישראל,nmpr,"pers,gens,topo",F:unclassified-name,Other Tanakh
382842,1435393,508480,Esra,10,6,עזרא,nmpr,pers,A:person-candidate,Other Tanakh
382848,1435393,508480,Esra,10,6,אלהים,subs,,D:Elohim,Other Tanakh
382851,1435393,508481,Esra,10,6,אל,prep,,C:divine-title-candidate,Other Tanakh
382853,1435393,508481,Esra,10,6,יהוחנן,nmpr,pers,A:person-candidate,Other Tanakh
382855,1435393,508481,Esra,10,6,אלישיב,nmpr,pers,A:person-candidate,Other Tanakh
382876,1435394,508486,Esra,10,7,יהודה,nmpr,"pers,gens,topo",F:unclassified-name,Other Tanakh
382878,1435394,508486,Esra,10,7,ירושלם,nmpr,topo,F:unclassified-name,Other Tanakh
382886,1435394,508487,Esra,10,7,ירושלם,nmpr,topo,F:unclassified-name,Other Tanakh
382917,1435396,508492,Esra,10,9,יהודה,nmpr,"pers,gens,topo",F:unclassified-name,Other Tanakh
382919,1435396,508492,Esra,10,9,בנימן,nmpr,"pers,gens,topo",F:unclassified-name,Other Tanakh
382920,1435396,508492,Esra,10,9,ירושלם,nmpr,topo,F:unclassified-name,Other Tanakh
382943,1435396,508495,Esra,10,9,אלהים,subs,,D:Elohim,Other Tanakh
382954,1435397,508497,Esra,10,10,עזרא,nmpr,pers,A:person-candidate,Other Tanakh
382959,1435397,508498,Esra,10,10,אל,prep,,C:divine-title-candidate,Other Tanakh
382970,1435397,508501,Esra,10,10,ישראל,nmpr,"pers,gens,topo",F:unclassified-name,Other Tanakh
382976,1435398,508503,Esra,10,11,יהוה,nmpr,pers,E:YHWH,Other Tanakh
382977,1435398,508503,Esra,10,11,אלהים,subs,,D:Elohim,Other Tanakh
383079,1435401,508523,Esra,10,14,אלהים,subs,,D:Elohim,Other Tanakh
383088,1435402,508524,Esra,10,15,יונתן,nmpr,pers,A:person-candidate,Other Tanakh
383090,1435402,508524,Esra,10,15,עשהאל,nmpr,pers,A:person-candidate,Other Tanakh
383092,1435402,508524,Esra,10,15,יחזיה,nmpr,pers,A:person-candidate,Other Tanakh
383094,1435402,508524,Esra,10,15,תקוה,nmpr,pers,A:person-candidate,Other Tanakh
383099,1435402,508525,Esra,10,15,משלם,nmpr,pers,A:person-candidate,Other Tanakh
383101,1435402,508525,Esra,10,15,שבתי,nmpr,pers,A:person-candidate,Other Tanakh
383113,1435403,508527,Esra,10,16,עזרא,nmpr,pers,A:person-candidate,Other Tanakh
383171,1435405,508533,Esra,10,18,ישוע,nmpr,pers,A:person-candidate,Other Tanakh
383173,1435405,508533,Esra,10,18,יוצדק,nmpr,pers,A:person-candidate,Other Tanakh
383176,1435405,508533,Esra,10,18,מעשיה,nmpr,pers,A:person-candidate,Other Tanakh
383178,1435405,508533,Esra,10,18,אליעזר,nmpr,pers,A:person-candidate,Other Tanakh
383180,1435405,508533,Esra,10,18,יריב,nmpr,pers,A:person-candidate,Other Tanakh
383182,1435405,508533,Esra,10,18,גדליה,nmpr,pers,A:person-candidate,Other Tanakh
383198,1435407,508538,Esra,10,20,אמר,nmpr,pers,A:person-candidate,Other Tanakh
383199,1435407,508538,Esra,10,20,חנני,nmpr,pers,A:person-candidate,Other Tanakh
383201,1435407,508538,Esra,10,20,זבדיה,nmpr,pers,A:person-candidate,Other Tanakh
383205,1435408,508539,Esra,10,21,חרם,nmpr,pers,A:person-candidate,Other Tanakh
383206,1435408,508539,Esra,10,21,מעשיה,nmpr,pers,A:person-candidate,Other Tanakh
383208,1435408,508539,Esra,10,21,אליה,nmpr,pers,A:person-candidate,Other Tanakh
383210,1435408,508539,Esra,10,21,שמעיה,nmpr,pers,A:person-candidate,Other Tanakh
383212,1435408,508539,Esra,10,21,יחיאל,nmpr,pers,A:person-candidate,Other Tanakh
383214,1435408,508539,Esra,10,21,עזיה,nmpr,pers,A:person-candidate,Other Tanakh
383218,1435409,508540,Esra,10,22,פשחור,nmpr,pers,A:person-candidate,Other Tanakh
383219,1435409,508540,Esra,10,22,אליועיני,nmpr,pers,A:person-candidate,Other Tanakh
383220,1435409,508540,Esra,10,22,מעשיה,nmpr,pers,A:person-candidate,Other Tanakh
383221,1435409,508540,Esra,10,22,ישמעאל,nmpr,pers,A:person-candidate,Other Tanakh
383222,1435409,508540,Esra,10,22,נתנאל,nmpr,pers,A:person-candidate,Other Tanakh
383223,1435409,508540,Esra,10,22,יוזבד,nmpr,pers,A:person-candidate,Other Tanakh
383225,1435409,508540,Esra,10,22,אלעשה,nmpr,pers,A:person-candidate,Other Tanakh
383230,1435410,508541,Esra,10,23,יוזבד,nmpr,pers,A:person-candidate,Other Tanakh
383232,1435410,508541,Esra,10,23,שמעי,nmpr,pers,A:person-candidate,Other Tanakh
383234,1435410,508541,Esra,10,23,קליה,nmpr,pers,A:person-candidate,Other Tanakh
383236,1435410,508542,Esra,10,23,קליטא,nmpr,pers,A:person-candidate,Other Tanakh
383237,1435410,508541,Esra,10,23,פתחיה,nmpr,pers,A:person-candidate,Other Tanakh
383238,1435410,508541,Esra,10,23,יהודה,nmpr,"pers,gens,topo",F:unclassified-name,Other Tanakh
383240,1435410,508541,Esra,10,23,אליעזר,nmpr,pers,A:person-candidate,Other Tanakh
383245,1435411,508543,Esra,10,24,אלישיב,nmpr,pers,A:person-candidate,Other Tanakh
383250,1435411,508544,Esra,10,24,שלום,nmpr,pers,A:person-candidate,Other Tanakh
383252,1435411,508544,Esra,10,24,טלם,nmpr,pers,A:person-candidate,Other Tanakh
383254,1435411,508544,Esra,10,24,אורי,nmpr,pers,A:person-candidate,Other Tanakh
383257,1435412,508545,Esra,10,25,ישראל,nmpr,"pers,gens,topo",F:unclassified-name,Other Tanakh
383260,1435412,508545,Esra,10,25,פרעש,nmpr,pers,A:person-candidate,Other Tanakh
383261,1435412,508545,Esra,10,25,רמיה,nmpr,pers,A:person-candidate,Other Tanakh
383263,1435412,508545,Esra,10,25,יזיה,nmpr,pers,A:person-candidate,Other Tanakh
383265,1435412,508545,Esra,10,25,מלכיה,nmpr,pers,A:person-candidate,Other Tanakh
383267,1435412,508545,Esra,10,25,מימן,nmpr,pers,A:person-candidate,Other Tanakh
383269,1435412,508545,Esra,10,25,אלעזר,nmpr,pers,A:person-candidate,Other Tanakh
383271,1435412,508545,Esra,10,25,מלכיה,nmpr,pers,A:person-candidate,Other Tanakh
383273,1435412,508545,Esra,10,25,בניה,nmpr,pers,A:person-candidate,Other Tanakh
383277,1435413,508546,Esra,10,26,עילם,nmpr,"pers,gens,topo",F:unclassified-name,Other Tanakh
383278,1435413,508546,Esra,10,26,מתניה,nmpr,pers,A:person-candidate,Other Tanakh
383279,1435413,508546,Esra,10,26,זכריה,nmpr,pers,A:person-candidate,Other Tanakh
383281,1435413,508546,Esra,10,26,יחיאל,nmpr,pers,A:person-candidate,Other Tanakh
383283,1435413,508546,Esra,10,26,עבדי,nmpr,pers,A:person-candidate,Other Tanakh
383285,1435413,508546,Esra,10,26,ירמות,nmpr,pers,A:person-candidate,Other Tanakh
383287,1435413,508546,Esra,10,26,אליה,nmpr,pers,A:person-candidate,Other Tanakh
383291,1435414,508547,Esra,10,27,זתוא,nmpr,pers,A:person-candidate,Other Tanakh
383292,1435414,508547,Esra,10,27,אליועיני,nmpr,pers,A:person-candidate,Other Tanakh
383293,1435414,508547,Esra,10,27,אלישיב,nmpr,pers,A:person-candidate,Other Tanakh
383294,1435414,508547,Esra,10,27,מתניה,nmpr,pers,A:person-candidate,Other Tanakh
383296,1435414,508547,Esra,10,27,ירמות,nmpr,pers,A:person-candidate,Other Tanakh
383298,1435414,508547,Esra,10,27,זבד,nmpr,pers,A:person-candidate,Other Tanakh
383300,1435414,508547,Esra,10,27,עזיזא,nmpr,pers,A:person-candidate,Other Tanakh
383304,1435415,508548,Esra,10,28,בבי,nmpr,pers,A:person-candidate,Other Tanakh
383305,1435415,508548,Esra,10,28,יהוחנן,nmpr,pers,A:person-candidate,Other Tanakh
383306,1435415,508548,Esra,10,28,חנניה,nmpr,pers,A:person-candidate,Other Tanakh
383307,1435415,508548,Esra,10,28,זבי,nmpr,pers,A:person-candidate,Other Tanakh
383308,1435415,508548,Esra,10,28,עתלי,nmpr,pers,A:person-candidate,Other Tanakh
383312,1435416,508549,Esra,10,29,בני,nmpr,pers,A:person-candidate,Other Tanakh
383313,1435416,508549,Esra,10,29,משלם,nmpr,pers,A:person-candidate,Other Tanakh
383314,1435416,508549,Esra,10,29,מלוך,nmpr,pers,A:person-candidate,Other Tanakh
383316,1435416,508549,Esra,10,29,עדיה,nmpr,pers,A:person-candidate,Other Tanakh
383317,1435416,508549,Esra,10,29,ישוב,nmpr,pers,A:person-candidate,Other Tanakh
383319,1435416,508549,Esra,10,29,שאל,nmpr,pers,A:person-candidate,Other Tanakh
383321,1435416,508549,Esra,10,29,רמות,nmpr,pers,A:person-candidate,Other Tanakh
383325,1435417,508550,Esra,10,30,פחת מואב,nmpr,pers,A:person-candidate,Other Tanakh
383326,1435417,508550,Esra,10,30,עדנא,nmpr,pers,A:person-candidate,Other Tanakh
383328,1435417,508550,Esra,10,30,כלל,nmpr,pers,A:person-candidate,Other Tanakh
383329,1435417,508550,Esra,10,30,בניה,nmpr,pers,A:person-candidate,Other Tanakh
383330,1435417,508550,Esra,10,30,מעשיה,nmpr,pers,A:person-candidate,Other Tanakh
383331,1435417,508550,Esra,10,30,מתניה,nmpr,pers,A:person-candidate,Other Tanakh
383332,1435417,508550,Esra,10,30,בצלאל,nmpr,pers,A:person-candidate,Other Tanakh
383334,1435417,508550,Esra,10,30,בנוי,nmpr,pers,A:person-candidate,Other Tanakh
383336,1435417,508550,Esra,10,30,מנשה,nmpr,"pers,gens",F:unclassified-name,Other Tanakh
383339,1435418,508551,Esra,10,31,חרם,nmpr,pers,A:person-candidate,Other Tanakh
383340,1435418,508551,Esra,10,31,אליעזר,nmpr,pers,A:person-candidate,Other Tanakh
383341,1435418,508551,Esra,10,31,ישיה,nmpr,pers,A:person-candidate,Other Tanakh
383342,1435418,508551,Esra,10,31,מלכיה,nmpr,pers,A:person-candidate,Other Tanakh
383343,1435418,508551,Esra,10,31,שמעיה,nmpr,pers,A:person-candidate,Other Tanakh
383344,1435418,508551,Esra,10,31,שמעון,nmpr,"pers,gens,topo",F:unclassified-name,Other Tanakh
383345,1435419,508552,Esra,10,32,בנימן,nmpr,"pers,gens,topo",F:unclassified-name,Other Tanakh
383346,1435419,508552,Esra,10,32,מלוך,nmpr,pers,A:person-candidate,Other Tanakh
383347,1435419,508552,Esra,10,32,שמריה,nmpr,pers,A:person-candidate,Other Tanakh
383350,1435420,508553,Esra,10,33,חשם,nmpr,pers,A:person-candidate,Other Tanakh
383351,1435420,508553,Esra,10,33,מתני,nmpr,pers,A:person-candidate,Other Tanakh
383352,1435420,508553,Esra,10,33,מתתה,nmpr,pers,A:person-candidate,Other Tanakh
383353,1435420,508553,Esra,10,33,זבד,nmpr,pers,A:person-candidate,Other Tanakh
383354,1435420,508553,Esra,10,33,אליפלט,nmpr,pers,A:person-candidate,Other Tanakh
383355,1435420,508553,Esra,10,33,ירמי,nmpr,pers,A:person-candidate,Other Tanakh
383356,1435420,508553,Esra,10,33,מנשה,nmpr,"pers,gens",F:unclassified-name,Other Tanakh
383357,1435420,508553,Esra,10,33,שמעי,nmpr,pers,A:person-candidate,Other Tanakh
383360,1435421,508554,Esra,10,34,בני,nmpr,pers,A:person-candidate,Other Tanakh
383361,1435421,508554,Esra,10,34,מעדי,nmpr,pers,A:person-candidate,Other Tanakh
383362,1435421,508554,Esra,10,34,עמרם,nmpr,pers,A:person-candidate,Other Tanakh
383364,1435421,508554,Esra,10,34,אואל,nmpr,pers,A:person-candidate,Other Tanakh
383365,1435422,508555,Esra,10,35,בניה,nmpr,pers,A:person-candidate,Other Tanakh
383366,1435422,508555,Esra,10,35,בדיה,nmpr,pers,A:person-candidate,Other Tanakh
383367,1435422,508555,Esra,10,35,כלהו,nmpr,pers,A:person-candidate,Other Tanakh
383368,1435423,508556,Esra,10,36,וניה,nmpr,pers,A:person-candidate,Other Tanakh
383369,1435423,508556,Esra,10,36,מרמות,nmpr,pers,A:person-candidate,Other Tanakh
383370,1435423,508556,Esra,10,36,אלישיב,nmpr,pers,A:person-candidate,Other Tanakh
383371,1435424,508557,Esra,10,37,מתניה,nmpr,pers,A:person-candidate,Other Tanakh
383372,1435424,508557,Esra,10,37,מתני,nmpr,pers,A:person-candidate,Other Tanakh
383374,1435424,508557,Esra,10,37,יעשי,nmpr,pers,A:person-candidate,Other Tanakh
383376,1435425,508558,Esra,10,38,בני,nmpr,pers,A:person-candidate,Other Tanakh
383378,1435425,508558,Esra,10,38,בנוי,nmpr,pers,A:person-candidate,Other Tanakh
383379,1435425,508558,Esra,10,38,שמעי,nmpr,pers,A:person-candidate,Other Tanakh
383381,1435426,508559,Esra,10,39,שלמיה,nmpr,pers,A:person-candidate,Other Tanakh
383383,1435426,508559,Esra,10,39,נתן,nmpr,pers,A:person-candidate,Other Tanakh
383385,1435426,508559,Esra,10,39,עדיה,nmpr,pers,A:person-candidate,Other Tanakh
383386,1435427,508560,Esra,10,40,מכנדבי,nmpr,pers,A:person-candidate,Other Tanakh
383387,1435427,508560,Esra,10,40,ששי,nmpr,pers,A:person-candidate,Other Tanakh
383388,1435427,508560,Esra,10,40,שרי,nmpr,pers,A:person-candidate,Other Tanakh
383389,1435428,508561,Esra,10,41,עזראל,nmpr,pers,A:person-candidate,Other Tanakh
383391,1435428,508561,Esra,10,41,שלמיהו,nmpr,pers,A:person-candidate,Other Tanakh
383392,1435428,508561,Esra,10,41,שמריה,nmpr,pers,A:person-candidate,Other Tanakh
383393,1435429,508562,Esra,10,42,שלום,nmpr,pers,A:person-candidate,Other Tanakh
383394,1435429,508562,Esra,10,42,אמריה,nmpr,pers,A:person-candidate,Other Tanakh
383395,1435429,508562,Esra,10,42,יוסף,nmpr,pers,A:person-candidate,Other Tanakh
383398,1435430,508563,Esra,10,43,נבו,nmpr,topo,F:unclassified-name,Other Tanakh
383399,1435430,508563,Esra,10,43,יעיאל,nmpr,pers,A:person-candidate,Other Tanakh
383400,1435430,508563,Esra,10,43,מתתיה,nmpr,pers,A:person-candidate,Other Tanakh
383401,1435430,508563,Esra,10,43,זבד,nmpr,pers,A:person-candidate,Other Tanakh
383402,1435430,508563,Esra,10,43,זבינא,nmpr,pers,A:person-candidate,Other Tanakh
383403,1435430,508563,Esra,10,43,ידי,nmpr,pers,A:person-candidate,Other Tanakh
383405,1435430,508563,Esra,10,43,יואל,nmpr,pers,A:person-candidate,Other Tanakh
383406,1435430,508563,Esra,10,43,בניה,nmpr,pers,A:person-candidate,Other Tanakh
383420,1435432,508567,Nehemia,1,1,נחמיה,nmpr,pers,A:person-candidate,Other Tanakh
383422,1435432,508567,Nehemia,1,1,חכליה,nmpr,pers,A:person-candidate,Other Tanakh
383427,1435432,508568,Nehemia,1,1,כסלו,nmpr,mens,F:unclassified-name,Other Tanakh
383434,1435432,508569,Nehemia,1,1,שושן,nmpr,topo,F:unclassified-name,Other Tanakh
383439,1435433,508570,Nehemia,1,2,חנני,nmpr,pers,A:person-candidate,Other Tanakh
383447,1435433,508571,Nehemia,1,2,יהודה,nmpr,"pers,gens,topo",F:unclassified-name,Other Tanakh
383462,1435433,508572,Nehemia,1,2,ירושלם,nmpr,topo,F:unclassified-name,Other Tanakh
383485,1435434,508577,Nehemia,1,3,ירושלם,nmpr,topo,F:unclassified-name,Other Tanakh
383515,1435435,508585,Nehemia,1,4,אלהים,subs,,D:Elohim,Other Tanakh
383521,1435436,508587,Nehemia,1,5,יהוה,nmpr,pers,E:YHWH,Other Tanakh
383522,1435436,508587,Nehemia,1,5,אלהים,subs,,D:Elohim,Other Tanakh
383526,1435436,508587,Nehemia,1,5,אל,subs,,C:divine-title-candidate,Other Tanakh
383552,1435437,508591,Nehemia,1,6,אל,prep,,C:divine-title-candidate,Other Tanakh
383567,1435437,508592,Nehemia,1,6,ישראל,nmpr,"pers,gens,topo",F:unclassified-name,Other Tanakh
383574,1435437,508593,Nehemia,1,6,ישראל,nmpr,"pers,gens,topo",F:unclassified-name,Other Tanakh
383604,1435438,508598,Nehemia,1,7,משה,nmpr,pers,A:person-candidate,Other Tanakh
383614,1435439,508600,Nehemia,1,8,משה,nmpr,pers,A:person-candidate,Other Tanakh
383628,1435440,508604,Nehemia,1,9,אל,prep,,C:divine-title-candidate,Other Tanakh
383647,1435440,508609,Nehemia,1,9,אל,prep,,C:divine-title-candidate,Other Tanakh
383674,1435442,508614,Nehemia,1,11,אדני,nmpr,pers,C:divine-title-candidate,Other Tanakh
383679,1435442,508615,Nehemia,1,11,אל,prep,,C:divine-title-candidate,Other Tanakh
383683,1435442,508615,Nehemia,1,11,אל,prep,,C:divine-title-candidate,Other Tanakh
383715,1435442,508620,Nehemia,1,11,מלך,subs,,B:deity-candidate,Other Tanakh
383720,1435443,508621,Nehemia,2,1,ניסן,nmpr,mens,F:unclassified-name,Other Tanakh
383724,1435443,508621,Nehemia,2,1,ארתחשסתא,nmpr,pers,A:person-candidate,Other Tanakh
383726,1435443,508621,Nehemia,2,1,מלך,subs,,B:deity-candidate,Other Tanakh
383739,1435443,508624,Nehemia,2,1,מלך,subs,,B:deity-candidate,Other Tanakh
383750,1435444,508626,Nehemia,2,2,מלך,subs,,B:deity-candidate,Other Tanakh
383772,1435445,508633,Nehemia,2,3,מלך,subs,,B:deity-candidate,Other Tanakh
383774,1435445,508634,Nehemia,2,3,מלך,subs,,B:deity-candidate,Other Tanakh
383799,1435446,508638,Nehemia,2,4,מלך,subs,,B:deity-candidate,Other Tanakh
383807,1435446,508640,Nehemia,2,4,אל,prep,,C:divine-title-candidate,Other Tanakh
383808,1435446,508640,Nehemia,2,4,אלהים,subs,,D:Elohim,Other Tanakh
383815,1435447,508641,Nehemia,2,5,מלך,subs,,B:deity-candidate,Other Tanakh
383819,1435447,508642,Nehemia,2,5,מלך,subs,,B:deity-candidate,Other Tanakh
383829,1435447,508644,Nehemia,2,5,אל,prep,,C:divine-title-candidate,Other Tanakh
383830,1435447,508644,Nehemia,2,5,יהודה,nmpr,"pers,gens,topo",F:unclassified-name,Other Tanakh
383831,1435447,508644,Nehemia,2,5,אל,prep,,C:divine-title-candidate,Other Tanakh
383841,1435448,508646,Nehemia,2,6,מלך,subs,,B:deity-candidate,Other Tanakh
383859,1435448,508650,Nehemia,2,6,מלך,subs,,B:deity-candidate,Other Tanakh
383870,1435449,508653,Nehemia,2,7,מלך,subs,,B:deity-candidate,Other Tanakh
383874,1435449,508654,Nehemia,2,7,מלך,subs,,B:deity-candidate,Other Tanakh
383889,1435449,508657,Nehemia,2,7,אל,prep,,C:divine-title-candidate,Other Tanakh
383890,1435449,508657,Nehemia,2,7,יהודה,nmpr,"pers,gens,topo",F:unclassified-name,Other Tanakh
383893,1435450,508658,Nehemia,2,8,אל,prep,,C:divine-title-candidate,Other Tanakh
383894,1435450,508658,Nehemia,2,8,אסף,nmpr,pers,A:person-candidate,Other Tanakh
383901,1435450,508659,Nehemia,2,8,מלך,subs,,B:deity-candidate,Other Tanakh
383927,1435450,508665,Nehemia,2,8,אל,prep,,C:divine-title-candidate,Other Tanakh
383932,1435450,508666,Nehemia,2,8,מלך,subs,,B:deity-candidate,Other Tanakh
383935,1435450,508666,Nehemia,2,8,אלהים,subs,,D:Elohim,Other Tanakh
383941,1435451,508668,Nehemia,2,9,אל,prep,,C:divine-title-candidate,Other Tanakh
383952,1435451,508669,Nehemia,2,9,מלך,subs,,B:deity-candidate,Other Tanakh
383957,1435451,508670,Nehemia,2,9,מלך,subs,,B:deity-candidate,Other Tanakh
383964,1435452,508671,Nehemia,2,10,סנבלט,nmpr,pers,A:person-candidate,Other Tanakh
383968,1435452,508671,Nehemia,2,10,טוביה,nmpr,pers,A:person-candidate,Other Tanakh
383986,1435452,508674,Nehemia,2,10,ישראל,nmpr,"pers,gens,topo",F:unclassified-name,Other Tanakh
383989,1435453,508675,Nehemia,2,11,אל,prep,,C:divine-title-candidate,Other Tanakh
383990,1435453,508675,Nehemia,2,11,ירושלם,nmpr,topo,F:unclassified-name,Other Tanakh
384010,1435454,508679,Nehemia,2,12,אלהים,subs,,D:Elohim,Other Tanakh
384012,1435454,508679,Nehemia,2,12,אל,prep,,C:divine-title-candidate,Other Tanakh
384017,1435454,508680,Nehemia,2,12,ירושלם,nmpr,topo,F:unclassified-name,Other Tanakh
384038,1435455,508685,Nehemia,2,13,אל,prep,,C:divine-title-candidate,Other Tanakh
384040,1435455,508685,Nehemia,2,13,עין התנין,nmpr,topo,F:unclassified-name,Other Tanakh
384042,1435455,508686,Nehemia,2,13,אל,prep,,C:divine-title-candidate,Other Tanakh
384051,1435455,508687,Nehemia,2,13,ירושלם,nmpr,topo,F:unclassified-name,Other Tanakh
384063,1435456,508690,Nehemia,2,14,אל,prep,,C:divine-title-candidate,Other Tanakh
384068,1435456,508690,Nehemia,2,14,אל,prep,,C:divine-title-candidate,Other Tanakh
384071,1435456,508690,Nehemia,2,14,מלך,subs,,B:deity-candidate,Other Tanakh
384143,1435459,508702,Nehemia,2,17,אל,prep,,C:divine-title-candidate,Other Tanakh
384152,1435459,508705,Nehemia,2,17,ירושלם,nmpr,topo,F:unclassified-name,Other Tanakh
384165,1435459,508708,Nehemia,2,17,ירושלם,nmpr,topo,F:unclassified-name,Other Tanakh
384176,1435460,508710,Nehemia,2,18,אלהים,subs,,D:Elohim,Other Tanakh
384185,1435460,508712,Nehemia,2,18,מלך,subs,,B:deity-candidate,Other Tanakh
384202,1435461,508718,Nehemia,2,19,סנבלט,nmpr,pers,A:person-candidate,Other Tanakh
384206,1435461,508718,Nehemia,2,19,טוביה,nmpr,pers,A:person-candidate,Other Tanakh
384212,1435461,508718,Nehemia,2,19,גשם,nmpr,pers,A:person-candidate,Other Tanakh
384234,1435461,508724,Nehemia,2,19,מלך,subs,,B:deity-candidate,Other Tanakh
384244,1435462,508727,Nehemia,2,20,אלהים,subs,,D:Elohim,Other Tanakh
384265,1435462,508731,Nehemia,2,20,ירושלם,nmpr,topo,F:unclassified-name,Other Tanakh
384268,1435463,508732,Nehemia,3,1,אלישיב,nmpr,pers,A:person-candidate,Other Tanakh
384292,1435463,508736,Nehemia,3,1,מאה,nmpr,topo,F:unclassified-name,Other Tanakh
384296,1435463,508736,Nehemia,3,1,חננאל,nmpr,topo,F:unclassified-name,Other Tanakh
384302,1435464,508737,Nehemia,3,2,יריחו,nmpr,topo,F:unclassified-name,Other Tanakh
384307,1435464,508738,Nehemia,3,2,זכור,nmpr,gens,F:unclassified-name,Other Tanakh
384309,1435464,508738,Nehemia,3,2,אמרי,nmpr,pers,A:person-candidate,Other Tanakh
384318,1435465,508739,Nehemia,3,3,סנאה,nmpr,pers,A:person-candidate,Other Tanakh
384331,1435466,508742,Nehemia,3,4,מרמות,nmpr,pers,A:person-candidate,Other Tanakh
384333,1435466,508742,Nehemia,3,4,אוריה,nmpr,pers,A:person-candidate,Other Tanakh
384336,1435466,508742,Nehemia,3,4,קוץ,nmpr,pers,A:person-candidate,Other Tanakh
384341,1435466,508743,Nehemia,3,4,משלם,nmpr,pers,A:person-candidate,Other Tanakh
384343,1435466,508743,Nehemia,3,4,ברכיה,nmpr,pers,A:person-candidate,Other Tanakh
384345,1435466,508743,Nehemia,3,4,משיזבאל,nmpr,pers,A:person-candidate,Other Tanakh
384350,1435466,508744,Nehemia,3,4,צדוק,nmpr,pers,A:person-candidate,Other Tanakh
384352,1435466,508744,Nehemia,3,4,בענא,nmpr,pers,A:person-candidate,Other Tanakh
384373,1435468,508747,Nehemia,3,6,יוידע,nmpr,pers,A:person-candidate,Other Tanakh
384375,1435468,508747,Nehemia,3,6,פסח,nmpr,pers,A:person-candidate,Other Tanakh
384377,1435468,508747,Nehemia,3,6,משלם,nmpr,pers,A:person-candidate,Other Tanakh
384379,1435468,508747,Nehemia,3,6,בסודיה,nmpr,pers,A:person-candidate,Other Tanakh
384393,1435469,508750,Nehemia,3,7,מלטיה,nmpr,pers,A:person-candidate,Other Tanakh
384397,1435469,508750,Nehemia,3,7,ידון,nmpr,pers,A:person-candidate,Other Tanakh
384401,1435469,508750,Nehemia,3,7,גבעון,nmpr,topo,F:unclassified-name,Other Tanakh
384404,1435469,508750,Nehemia,3,7,מצפה,nmpr,topo,F:unclassified-name,Other Tanakh
384414,1435470,508751,Nehemia,3,8,עזיאל,nmpr,pers,A:person-candidate,Other Tanakh
384416,1435470,508751,Nehemia,3,8,חרהיה,nmpr,pers,A:person-candidate,Other Tanakh
384422,1435470,508752,Nehemia,3,8,חנניה,nmpr,pers,A:person-candidate,Other Tanakh
384428,1435470,508753,Nehemia,3,8,ירושלם,nmpr,topo,F:unclassified-name,Other Tanakh
384438,1435471,508754,Nehemia,3,9,רפיה,nmpr,pers,A:person-candidate,Other Tanakh
384440,1435471,508754,Nehemia,3,9,חור,nmpr,pers,A:person-candidate,Other Tanakh
384444,1435471,508754,Nehemia,3,9,ירושלם,nmpr,topo,F:unclassified-name,Other Tanakh
384449,1435472,508755,Nehemia,3,10,ידיה,nmpr,pers,A:person-candidate,Other Tanakh
384451,1435472,508755,Nehemia,3,10,חרומף,nmpr,gens,F:unclassified-name,Other Tanakh
384459,1435472,508757,Nehemia,3,10,חטוש,nmpr,pers,A:person-candidate,Other Tanakh
384461,1435472,508757,Nehemia,3,10,חשבניה,nmpr,pers,A:person-candidate,Other Tanakh
384465,1435473,508758,Nehemia,3,11,מלכיה,nmpr,pers,A:person-candidate,Other Tanakh
384467,1435473,508758,Nehemia,3,11,חרם,nmpr,pers,A:person-candidate,Other Tanakh
384469,1435473,508758,Nehemia,3,11,חשוב,nmpr,pers,A:person-candidate,Other Tanakh
384471,1435473,508758,Nehemia,3,11,פחת מואב,nmpr,pers,A:person-candidate,Other Tanakh
384481,1435474,508760,Nehemia,3,12,שלום,nmpr,pers,A:person-candidate,Other Tanakh
384484,1435474,508760,Nehemia,3,12,לוחש,nmpr,pers,A:person-candidate,Other Tanakh
384488,1435474,508760,Nehemia,3,12,ירושלם,nmpr,topo,F:unclassified-name,Other Tanakh
384497,1435475,508761,Nehemia,3,13,חנון,nmpr,pers,A:person-candidate,Other Tanakh
384500,1435475,508761,Nehemia,3,13,זנוח,nmpr,topo,F:unclassified-name,Other Tanakh
384525,1435476,508765,Nehemia,3,14,מלכיה,nmpr,pers,A:person-candidate,Other Tanakh
384527,1435476,508765,Nehemia,3,14,רכב,nmpr,pers,A:person-candidate,Other Tanakh
384530,1435476,508765,Nehemia,3,14,בית הכרם,nmpr,topo,F:unclassified-name,Other Tanakh
384545,1435477,508768,Nehemia,3,15,שלון,nmpr,pers,A:person-candidate,Other Tanakh
384547,1435477,508768,Nehemia,3,15,כל חזה,nmpr,pers,A:person-candidate,Other Tanakh
384551,1435477,508768,Nehemia,3,15,מצפה,nmpr,topo,F:unclassified-name,Other Tanakh
384571,1435477,508772,Nehemia,3,15,מלך,subs,,B:deity-candidate,Other Tanakh
384580,1435477,508773,Nehemia,3,15,דוד,nmpr,pers,A:person-candidate,Other Tanakh
384583,1435478,508774,Nehemia,3,16,נחמיה,nmpr,pers,A:person-candidate,Other Tanakh
384585,1435478,508774,Nehemia,3,16,עזבוק,nmpr,pers,A:person-candidate,Other Tanakh
384589,1435478,508774,Nehemia,3,16,בית צור,nmpr,topo,F:unclassified-name,Other Tanakh
384593,1435478,508774,Nehemia,3,16,דוד,nmpr,pers,A:person-candidate,Other Tanakh
384609,1435479,508776,Nehemia,3,17,רחום,nmpr,pers,A:person-candidate,Other Tanakh
384611,1435479,508776,Nehemia,3,17,בני,nmpr,pers,A:person-candidate,Other Tanakh
384615,1435479,508777,Nehemia,3,17,חשביה,nmpr,pers,A:person-candidate,Other Tanakh
384619,1435479,508777,Nehemia,3,17,קעילה,nmpr,topo,F:unclassified-name,Other Tanakh
384625,1435480,508778,Nehemia,3,18,בוי,nmpr,pers,A:person-candidate,Other Tanakh
384627,1435480,508778,Nehemia,3,18,חנדד,nmpr,pers,A:person-candidate,Other Tanakh
384631,1435480,508778,Nehemia,3,18,קעילה,nmpr,topo,F:unclassified-name,Other Tanakh
384636,1435481,508779,Nehemia,3,19,עזר,nmpr,pers,A:person-candidate,Other Tanakh
384638,1435481,508779,Nehemia,3,19,ישוע,nmpr,pers,A:person-candidate,Other Tanakh
384641,1435481,508779,Nehemia,3,19,מצפה,nmpr,topo,F:unclassified-name,Other Tanakh
384654,1435482,508782,Nehemia,3,20,ברוך,nmpr,pers,A:person-candidate,Other Tanakh
384656,1435482,508782,Nehemia,3,20,זכי,nmpr,gens,F:unclassified-name,Other Tanakh
384665,1435482,508782,Nehemia,3,20,אלישיב,nmpr,pers,A:person-candidate,Other Tanakh
384672,1435483,508783,Nehemia,3,21,מרמות,nmpr,pers,A:person-candidate,Other Tanakh
384674,1435483,508783,Nehemia,3,21,אוריה,nmpr,pers,A:person-candidate,Other Tanakh
384677,1435483,508783,Nehemia,3,21,קוץ,nmpr,pers,A:person-candidate,Other Tanakh
384683,1435483,508783,Nehemia,3,21,אלישיב,nmpr,pers,A:person-candidate,Other Tanakh
384688,1435483,508783,Nehemia,3,21,אלישיב,nmpr,pers,A:person-candidate,Other Tanakh
384699,1435485,508785,Nehemia,3,23,בנימן,nmpr,"pers,gens,topo",F:unclassified-name,Other Tanakh
384701,1435485,508785,Nehemia,3,23,חשוב,nmpr,pers,A:person-candidate,Other Tanakh
384706,1435485,508786,Nehemia,3,23,עזריה,nmpr,pers,A:person-candidate,Other Tanakh
384708,1435485,508786,Nehemia,3,23,מעשיה,nmpr,pers,A:person-candidate,Other Tanakh
384710,1435485,508786,Nehemia,3,23,ענניה,nmpr,pers,A:person-candidate,Other Tanakh
384715,1435486,508787,Nehemia,3,24,בנוי,nmpr,pers,A:person-candidate,Other Tanakh
384717,1435486,508787,Nehemia,3,24,חנדד,nmpr,pers,A:person-candidate,Other Tanakh
384722,1435486,508787,Nehemia,3,24,עזריה,nmpr,pers,A:person-candidate,Other Tanakh
384730,1435487,508788,Nehemia,3,25,פלל,nmpr,pers,A:person-candidate,Other Tanakh
384732,1435487,508788,Nehemia,3,25,אוזי,nmpr,pers,A:person-candidate,Other Tanakh
384745,1435487,508789,Nehemia,3,25,מלך,subs,,B:deity-candidate,Other Tanakh
384747,1435487,508788,Nehemia,3,25,עליון,adjv,,C:divine-title-candidate,Other Tanakh
384754,1435487,508791,Nehemia,3,25,פדיה,nmpr,pers,A:person-candidate,Other Tanakh
384756,1435487,508791,Nehemia,3,25,פרעש,nmpr,pers,A:person-candidate,Other Tanakh
384764,1435488,508792,Nehemia,3,26,עפל,nmpr,topo,F:unclassified-name,Other Tanakh
384796,1435489,508794,Nehemia,3,27,עפל,nmpr,topo,F:unclassified-name,Other Tanakh
384811,1435491,508798,Nehemia,3,29,צדוק,nmpr,pers,A:person-candidate,Other Tanakh
384813,1435491,508798,Nehemia,3,29,אמר,nmpr,pers,A:person-candidate,Other Tanakh
384819,1435491,508799,Nehemia,3,29,שמעיה,nmpr,pers,A:person-candidate,Other Tanakh
384821,1435491,508799,Nehemia,3,29,שכניה,nmpr,pers,A:person-candidate,Other Tanakh
384828,1435492,508800,Nehemia,3,30,חנניה,nmpr,pers,A:person-candidate,Other Tanakh
384830,1435492,508800,Nehemia,3,30,שלמיה,nmpr,pers,A:person-candidate,Other Tanakh
384832,1435492,508800,Nehemia,3,30,חנון,nmpr,pers,A:person-candidate,Other Tanakh
384834,1435492,508800,Nehemia,3,30,צלף,nmpr,pers,A:person-candidate,Other Tanakh
384841,1435492,508801,Nehemia,3,30,משלם,nmpr,pers,A:person-candidate,Other Tanakh
384843,1435492,508801,Nehemia,3,30,ברכיה,nmpr,pers,A:person-candidate,Other Tanakh
384848,1435493,508802,Nehemia,3,31,מלכיה,nmpr,pers,A:person-candidate,Other Tanakh
384888,1435495,508805,Nehemia,3,33,סנבלט,nmpr,pers,A:person-candidate,Other Tanakh
384913,1435496,508810,Nehemia,3,34,שמרון,nmpr,topo,F:unclassified-name,Other Tanakh
384945,1435497,508818,Nehemia,3,35,טוביה,nmpr,pers,A:person-candidate,Other Tanakh
384963,1435498,508824,Nehemia,3,36,אלהים,subs,,D:Elohim,Other Tanakh
384970,1435498,508826,Nehemia,3,36,אל,prep,,C:divine-title-candidate,Other Tanakh
384980,1435499,508828,Nehemia,3,37,אל,nega,,C:divine-title-candidate,Other Tanakh
384989,1435499,508829,Nehemia,3,37,אל,nega,,C:divine-title-candidate,Other Tanakh
385022,1435501,508836,Nehemia,4,1,סנבלט,nmpr,pers,A:person-candidate,Other Tanakh
385024,1435501,508836,Nehemia,4,1,טוביה,nmpr,pers,A:person-candidate,Other Tanakh
385039,1435501,508837,Nehemia,4,1,ירושלם,nmpr,topo,F:unclassified-name,Other Tanakh
385059,1435502,508843,Nehemia,4,2,ירושלם,nmpr,topo,F:unclassified-name,Other Tanakh
385067,1435503,508845,Nehemia,4,3,אל,prep,,C:divine-title-candidate,Other Tanakh
385068,1435503,508845,Nehemia,4,3,אלהים,subs,,D:Elohim,Other Tanakh
385080,1435504,508847,Nehemia,4,4,יהודה,nmpr,"pers,gens,topo",F:unclassified-name,Other Tanakh
385109,1435505,508855,Nehemia,4,5,אל,prep,,C:divine-title-candidate,Other Tanakh
385173,1435508,508868,Nehemia,4,8,אל,prep,,C:divine-title-candidate,Other Tanakh
385177,1435508,508868,Nehemia,4,8,אל,prep,,C:divine-title-candidate,Other Tanakh
385181,1435508,508868,Nehemia,4,8,אל,prep,,C:divine-title-candidate,Other Tanakh
385185,1435508,508869,Nehemia,4,8,אל,nega,,C:divine-title-candidate,Other Tanakh
385190,1435508,508870,Nehemia,4,8,אדני,nmpr,pers,C:divine-title-candidate,Other Tanakh
385219,1435509,508875,Nehemia,4,9,אלהים,subs,,D:Elohim,Other Tanakh
385225,1435509,508876,Nehemia,4,9,אל,prep,,C:divine-title-candidate,Other Tanakh
385229,1435509,508877,Nehemia,4,9,אל,prep,,C:divine-title-candidate,Other Tanakh
385264,1435510,508882,Nehemia,4,10,יהודה,nmpr,"pers,gens,topo",F:unclassified-name,Other Tanakh
385308,1435513,508890,Nehemia,4,13,אל,prep,,C:divine-title-candidate,Other Tanakh
385312,1435513,508890,Nehemia,4,13,אל,prep,,C:divine-title-candidate,Other Tanakh
385316,1435513,508890,Nehemia,4,13,אל,prep,,C:divine-title-candidate,Other Tanakh
385345,1435514,508898,Nehemia,4,14,אל,prep,,C:divine-title-candidate,Other Tanakh
385346,1435514,508899,Nehemia,4,14,אלהים,subs,,D:Elohim,Other Tanakh
385385,1435516,508905,Nehemia,4,16,ירושלם,nmpr,topo,F:unclassified-name,Other Tanakh
385425,1435518,508912,Nehemia,5,1,אל,prep,,C:divine-title-candidate,Other Tanakh
385471,1435521,508925,Nehemia,5,4,מלך,subs,,B:deity-candidate,Other Tanakh
385503,1435522,508932,Nehemia,5,5,אל,subs,,C:divine-title-candidate,Other Tanakh
385527,1435524,508936,Nehemia,5,7,מלך,verb,,B:deity-candidate,Other Tanakh
385598,1435526,508952,Nehemia,5,9,אלהים,subs,,D:Elohim,Other Tanakh
385685,1435530,508967,Nehemia,5,13,אלהים,subs,,D:Elohim,Other Tanakh
385718,1435530,508972,Nehemia,5,13,יהוה,nmpr,pers,E:YHWH,Other Tanakh
385739,1435531,508976,Nehemia,5,14,יהודה,nmpr,"pers,gens,topo",F:unclassified-name,Other Tanakh
385750,1435531,508974,Nehemia,5,14,ארתחשסתא,nmpr,pers,A:person-candidate,Other Tanakh
385752,1435531,508974,Nehemia,5,14,מלך,subs,,B:deity-candidate,Other Tanakh
385801,1435532,508982,Nehemia,5,15,אלהים,subs,,D:Elohim,Other Tanakh
385836,1435534,508987,Nehemia,5,17,אל,prep,,C:divine-title-candidate,Other Tanakh
385888,1435536,508996,Nehemia,5,19,אלהים,subs,,D:Elohim,Other Tanakh
385905,1435537,508999,Nehemia,6,1,סנבלט,nmpr,pers,A:person-candidate,Other Tanakh
385907,1435537,508999,Nehemia,6,1,טוביה,nmpr,pers,A:person-candidate,Other Tanakh
385910,1435537,508999,Nehemia,6,1,גשם,nmpr,pers,A:person-candidate,Other Tanakh
385941,1435538,509003,Nehemia,6,2,סנבלט,nmpr,pers,A:person-candidate,Other Tanakh
385943,1435538,509003,Nehemia,6,2,גשם,nmpr,pers,A:person-candidate,Other Tanakh
385944,1435538,509003,Nehemia,6,2,אל,prep,,C:divine-title-candidate,Other Tanakh
385953,1435538,509006,Nehemia,6,2,כפירים,nmpr,topo,F:unclassified-name,Other Tanakh
385956,1435538,509006,Nehemia,6,2,אונו,nmpr,topo,F:unclassified-name,Other Tanakh
385988,1435539,509016,Nehemia,6,3,אל,prep,,C:divine-title-candidate,Other Tanakh
385991,1435540,509017,Nehemia,6,4,אל,prep,,C:divine-title-candidate,Other Tanakh
386009,1435541,509019,Nehemia,6,5,אל,prep,,C:divine-title-candidate,Other Tanakh
386010,1435541,509019,Nehemia,6,5,סנבלט,nmpr,pers,A:person-candidate,Other Tanakh
386032,1435542,509023,Nehemia,6,6,גשמו,nmpr,pers,A:person-candidate,Other Tanakh
386052,1435542,509027,Nehemia,6,6,מלך,subs,,B:deity-candidate,Other Tanakh
386066,1435543,509029,Nehemia,6,7,ירושלם,nmpr,topo,F:unclassified-name,Other Tanakh
386069,1435543,509031,Nehemia,6,7,מלך,subs,,B:deity-candidate,Other Tanakh
386071,1435543,509031,Nehemia,6,7,יהודה,nmpr,"pers,gens,topo",F:unclassified-name,Other Tanakh
386077,1435543,509033,Nehemia,6,7,מלך,subs,,B:deity-candidate,Other Tanakh
386091,1435544,509037,Nehemia,6,8,אל,prep,,C:divine-title-candidate,Other Tanakh
386132,1435546,509048,Nehemia,6,10,שמעיה,nmpr,pers,A:person-candidate,Other Tanakh
386134,1435546,509048,Nehemia,6,10,דליה,nmpr,pers,A:person-candidate,Other Tanakh
386136,1435546,509048,Nehemia,6,10,מהיטבאל,nmpr,pers,A:person-candidate,Other Tanakh
386143,1435546,509051,Nehemia,6,10,אל,prep,,C:divine-title-candidate,Other Tanakh
386146,1435546,509051,Nehemia,6,10,אלהים,subs,,D:Elohim,Other Tanakh
386147,1435546,509051,Nehemia,6,10,אל,prep,,C:divine-title-candidate,Other Tanakh
386176,1435547,509060,Nehemia,6,11,אל,prep,,C:divine-title-candidate,Other Tanakh
386188,1435548,509065,Nehemia,6,12,אלהים,subs,,D:Elohim,Other Tanakh
386196,1435548,509067,Nehemia,6,12,טוביה,nmpr,pers,A:person-candidate,Other Tanakh
386198,1435548,509067,Nehemia,6,12,סנבלט,nmpr,pers,A:person-candidate,Other Tanakh
386219,1435550,509075,Nehemia,6,14,אלהים,subs,,D:Elohim,Other Tanakh
386221,1435550,509074,Nehemia,6,14,טוביה,nmpr,pers,A:person-candidate,Other Tanakh
386224,1435550,509074,Nehemia,6,14,סנבלט,nmpr,pers,A:person-candidate,Other Tanakh
386231,1435550,509076,Nehemia,6,14,נועדיה,nmpr,pers,A:person-candidate,Other Tanakh
386252,1435551,509078,Nehemia,6,15,אלול,nmpr,mens,F:unclassified-name,Other Tanakh
386282,1435552,509085,Nehemia,6,16,אלהים,subs,,D:Elohim,Other Tanakh
386296,1435553,509086,Nehemia,6,17,יהודה,nmpr,"pers,gens,topo",F:unclassified-name,Other Tanakh
386300,1435553,509087,Nehemia,6,17,טוביה,nmpr,pers,A:person-candidate,Other Tanakh
386304,1435553,509089,Nehemia,6,17,טוביה,nmpr,pers,A:person-candidate,Other Tanakh
386306,1435553,509088,Nehemia,6,17,אל,prep,,C:divine-title-candidate,Other Tanakh
386310,1435554,509090,Nehemia,6,18,יהודה,nmpr,"pers,gens,topo",F:unclassified-name,Other Tanakh
386311,1435554,509090,Nehemia,6,18,בעל,subs,,B:deity-candidate,Other Tanakh
386318,1435554,509091,Nehemia,6,18,שכניה,nmpr,pers,A:person-candidate,Other Tanakh
386320,1435554,509091,Nehemia,6,18,ארח,nmpr,pers,A:person-candidate,Other Tanakh
386322,1435554,509092,Nehemia,6,18,יהוחנן,nmpr,pers,A:person-candidate,Other Tanakh
386327,1435554,509092,Nehemia,6,18,משלם,nmpr,pers,A:person-candidate,Other Tanakh
386329,1435554,509092,Nehemia,6,18,ברכיה,nmpr,pers,A:person-candidate,Other Tanakh
386343,1435555,509095,Nehemia,6,19,טוביה,nmpr,pers,A:person-candidate,Other Tanakh
386370,1435557,509101,Nehemia,7,2,חנני,nmpr,pers,A:person-candidate,Other Tanakh
386374,1435557,509101,Nehemia,7,2,חנניה,nmpr,pers,A:person-candidate,Other Tanakh
386379,1435557,509101,Nehemia,7,2,ירושלם,nmpr,topo,F:unclassified-name,Other Tanakh
386389,1435557,509103,Nehemia,7,2,אלהים,subs,,D:Elohim,Other Tanakh
386398,1435558,509105,Nehemia,7,3,ירושלם,nmpr,topo,F:unclassified-name,Other Tanakh
386416,1435558,509110,Nehemia,7,3,ירושלם,nmpr,topo,F:unclassified-name,Other Tanakh
386443,1435560,509116,Nehemia,7,5,אלהים,subs,,D:Elohim,Other Tanakh
386444,1435560,509116,Nehemia,7,5,אל,prep,,C:divine-title-candidate,Other Tanakh
386487,1435561,509125,Nehemia,7,6,נבוכדנאצר,nmpr,pers,A:person-candidate,Other Tanakh
386488,1435561,509125,Nehemia,7,6,מלך,subs,,B:deity-candidate,Other Tanakh
386489,1435561,509125,Nehemia,7,6,בבל,nmpr,topo,F:unclassified-name,Other Tanakh
386493,1435561,509126,Nehemia,7,6,ירושלם,nmpr,topo,F:unclassified-name,Other Tanakh
386496,1435561,509126,Nehemia,7,6,יהודה,nmpr,"pers,gens,topo",F:unclassified-name,Other Tanakh
386503,1435562,509128,Nehemia,7,7,זרבבל,nmpr,pers,A:person-candidate,Other Tanakh
386504,1435562,509128,Nehemia,7,7,ישוע,nmpr,pers,A:person-candidate,Other Tanakh
386505,1435562,509128,Nehemia,7,7,נחמיה,nmpr,pers,A:person-candidate,Other Tanakh
386506,1435562,509128,Nehemia,7,7,עזריה,nmpr,pers,A:person-candidate,Other Tanakh
386507,1435562,509128,Nehemia,7,7,רעמיה,nmpr,pers,A:person-candidate,Other Tanakh
386508,1435562,509128,Nehemia,7,7,נחמני,nmpr,pers,A:person-candidate,Other Tanakh
386509,1435562,509128,Nehemia,7,7,מרדכי,nmpr,pers,A:person-candidate,Other Tanakh
386510,1435562,509128,Nehemia,7,7,בלשן,nmpr,pers,A:person-candidate,Other Tanakh
386511,1435562,509128,Nehemia,7,7,מספרת,nmpr,pers,A:person-candidate,Other Tanakh
386512,1435562,509128,Nehemia,7,7,בגוי,nmpr,pers,A:person-candidate,Other Tanakh
386513,1435562,509128,Nehemia,7,7,נחום,nmpr,pers,A:person-candidate,Other Tanakh
386514,1435562,509128,Nehemia,7,7,בענה,nmpr,pers,A:person-candidate,Other Tanakh
386518,1435562,509129,Nehemia,7,7,ישראל,nmpr,"pers,gens,topo",F:unclassified-name,Other Tanakh
386520,1435563,509130,Nehemia,7,8,פרעש,nmpr,pers,A:person-candidate,Other Tanakh
386528,1435564,509131,Nehemia,7,9,שפטיה,nmpr,pers,A:person-candidate,Other Tanakh
386535,1435565,509132,Nehemia,7,10,ארח,nmpr,pers,A:person-candidate,Other Tanakh
386542,1435566,509133,Nehemia,7,11,פחת מואב,nmpr,pers,A:person-candidate,Other Tanakh
386545,1435566,509133,Nehemia,7,11,ישוע,nmpr,pers,A:person-candidate,Other Tanakh
386547,1435566,509133,Nehemia,7,11,יואב,nmpr,pers,A:person-candidate,Other Tanakh
386555,1435567,509134,Nehemia,7,12,עילם,nmpr,"pers,gens,topo",F:unclassified-name,Other Tanakh
386562,1435568,509135,Nehemia,7,13,זתוא,nmpr,pers,A:person-candidate,Other Tanakh
386569,1435569,509136,Nehemia,7,14,זכי,nmpr,gens,F:unclassified-name,Other Tanakh
386575,1435570,509137,Nehemia,7,15,בנוי,nmpr,pers,A:person-candidate,Other Tanakh
386582,1435571,509138,Nehemia,7,16,בבי,nmpr,pers,A:person-candidate,Other Tanakh
386589,1435572,509139,Nehemia,7,17,עזגד,nmpr,pers,A:person-candidate,Other Tanakh
386597,1435573,509140,Nehemia,7,18,אדניקם,nmpr,pers,A:person-candidate,Other Tanakh
386604,1435574,509141,Nehemia,7,19,בגוי,nmpr,pers,A:person-candidate,Other Tanakh
386610,1435575,509142,Nehemia,7,20,עדין,nmpr,pers,A:person-candidate,Other Tanakh
386617,1435576,509143,Nehemia,7,21,אטר,nmpr,pers,A:person-candidate,Other Tanakh
386619,1435576,509143,Nehemia,7,21,חזקיה,nmpr,pers,A:person-candidate,Other Tanakh
386624,1435577,509144,Nehemia,7,22,חשם,nmpr,pers,A:person-candidate,Other Tanakh
386631,1435578,509145,Nehemia,7,23,בצי,nmpr,pers,A:person-candidate,Other Tanakh
386638,1435579,509146,Nehemia,7,24,חריף,nmpr,pers,A:person-candidate,Other Tanakh
386643,1435580,509147,Nehemia,7,25,גבעון,nmpr,topo,F:unclassified-name,Other Tanakh
386648,1435581,509148,Nehemia,7,26,בית לחם,nmpr,topo,F:unclassified-name,Other Tanakh
386650,1435581,509148,Nehemia,7,26,נטפה,nmpr,topo,F:unclassified-name,Other Tanakh
386656,1435582,509149,Nehemia,7,27,ענתות,nmpr,topo,F:unclassified-name,Other Tanakh
386662,1435583,509150,Nehemia,7,28,בית עזמות,nmpr,topo,F:unclassified-name,Other Tanakh
386667,1435584,509151,Nehemia,7,29,קרית יערים,nmpr,topo,F:unclassified-name,Other Tanakh
386668,1435584,509151,Nehemia,7,29,כפירה,nmpr,topo,F:unclassified-name,Other Tanakh
386670,1435584,509151,Nehemia,7,29,בארות,nmpr,topo,F:unclassified-name,Other Tanakh
386678,1435585,509152,Nehemia,7,30,רמה,nmpr,topo,F:unclassified-name,Other Tanakh
386680,1435585,509152,Nehemia,7,30,גבע,nmpr,topo,F:unclassified-name,Other Tanakh
386687,1435586,509153,Nehemia,7,31,מכמס,nmpr,topo,F:unclassified-name,Other Tanakh
386694,1435587,509154,Nehemia,7,32,בית אל,nmpr,topo,F:unclassified-name,Other Tanakh
386697,1435587,509154,Nehemia,7,32,עי,nmpr,topo,F:unclassified-name,Other Tanakh
386703,1435588,509155,Nehemia,7,33,נבו,nmpr,topo,F:unclassified-name,Other Tanakh
386709,1435589,509156,Nehemia,7,34,עילם,nmpr,"pers,gens,topo",F:unclassified-name,Other Tanakh
386717,1435590,509157,Nehemia,7,35,חרם,nmpr,pers,A:person-candidate,Other Tanakh
386723,1435591,509158,Nehemia,7,36,יריחו,nmpr,topo,F:unclassified-name,Other Tanakh
386730,1435592,509159,Nehemia,7,37,לד,nmpr,topo,F:unclassified-name,Other Tanakh
386731,1435592,509159,Nehemia,7,37,חדיד,nmpr,topo,F:unclassified-name,Other Tanakh
386733,1435592,509159,Nehemia,7,37,אונו,nmpr,topo,F:unclassified-name,Other Tanakh
386741,1435593,509160,Nehemia,7,38,סנאה,nmpr,pers,A:person-candidate,Other Tanakh
386751,1435594,509162,Nehemia,7,39,ידעיה,nmpr,pers,A:person-candidate,Other Tanakh
386754,1435594,509162,Nehemia,7,39,ישוע,nmpr,pers,A:person-candidate,Other Tanakh
386761,1435595,509163,Nehemia,7,40,אמר,nmpr,pers,A:person-candidate,Other Tanakh
386767,1435596,509164,Nehemia,7,41,פשחור,nmpr,pers,A:person-candidate,Other Tanakh
386774,1435597,509165,Nehemia,7,42,חרם,nmpr,pers,A:person-candidate,Other Tanakh
386781,1435598,509167,Nehemia,7,43,ישוע,nmpr,pers,A:person-candidate,Other Tanakh
386783,1435598,509167,Nehemia,7,43,קדמיאל,nmpr,pers,A:person-candidate,Other Tanakh
386787,1435598,509167,Nehemia,7,43,הודוה,nmpr,pers,A:person-candidate,Other Tanakh
386794,1435599,509169,Nehemia,7,44,אסף,nmpr,pers,A:person-candidate,Other Tanakh
386802,1435600,509171,Nehemia,7,45,שלום,nmpr,pers,A:person-candidate,Other Tanakh
386804,1435600,509171,Nehemia,7,45,אטר,nmpr,pers,A:person-candidate,Other Tanakh
386806,1435600,509171,Nehemia,7,45,טלמון,nmpr,pers,A:person-candidate,Other Tanakh
386808,1435600,509171,Nehemia,7,45,עקוב,nmpr,pers,A:person-candidate,Other Tanakh
386810,1435600,509171,Nehemia,7,45,חטיטא,nmpr,pers,A:person-candidate,Other Tanakh
386812,1435600,509171,Nehemia,7,45,שבי,nmpr,pers,A:person-candidate,Other Tanakh
386820,1435601,509172,Nehemia,7,46,ציחא,nmpr,pers,A:person-candidate,Other Tanakh
386822,1435601,509172,Nehemia,7,46,חשופא,nmpr,pers,A:person-candidate,Other Tanakh
386824,1435601,509172,Nehemia,7,46,טבעות,nmpr,pers,A:person-candidate,Other Tanakh
386826,1435602,509173,Nehemia,7,47,קירס,nmpr,pers,A:person-candidate,Other Tanakh
386828,1435602,509173,Nehemia,7,47,סיעא,nmpr,pers,A:person-candidate,Other Tanakh
386830,1435602,509173,Nehemia,7,47,פדון,nmpr,pers,A:person-candidate,Other Tanakh
386832,1435603,509174,Nehemia,7,48,לבנה,nmpr,pers,A:person-candidate,Other Tanakh
386834,1435603,509174,Nehemia,7,48,חגבה,nmpr,pers,A:person-candidate,Other Tanakh
386836,1435603,509174,Nehemia,7,48,שלמי,nmpr,pers,A:person-candidate,Other Tanakh
386838,1435604,509175,Nehemia,7,49,חנן,nmpr,pers,A:person-candidate,Other Tanakh
386840,1435604,509175,Nehemia,7,49,גדל,nmpr,pers,A:person-candidate,Other Tanakh
386842,1435604,509175,Nehemia,7,49,גחר,nmpr,pers,A:person-candidate,Other Tanakh
386844,1435605,509176,Nehemia,7,50,ראיה,nmpr,pers,A:person-candidate,Other Tanakh
386846,1435605,509176,Nehemia,7,50,רצין,nmpr,pers,A:person-candidate,Other Tanakh
386848,1435605,509176,Nehemia,7,50,נקודא,nmpr,pers,A:person-candidate,Other Tanakh
386850,1435606,509177,Nehemia,7,51,גזם,nmpr,pers,A:person-candidate,Other Tanakh
386852,1435606,509177,Nehemia,7,51,עזא,nmpr,pers,A:person-candidate,Other Tanakh
386854,1435606,509177,Nehemia,7,51,פסח,nmpr,pers,A:person-candidate,Other Tanakh
386856,1435607,509178,Nehemia,7,52,בסי,nmpr,pers,A:person-candidate,Other Tanakh
386860,1435607,509178,Nehemia,7,52,נפושסים,nmpr,gens,F:unclassified-name,Other Tanakh
386862,1435608,509179,Nehemia,7,53,בקבוק,nmpr,pers,A:person-candidate,Other Tanakh
386864,1435608,509179,Nehemia,7,53,חקופא,nmpr,pers,A:person-candidate,Other Tanakh
386866,1435608,509179,Nehemia,7,53,חרחור,nmpr,pers,A:person-candidate,Other Tanakh
386868,1435609,509180,Nehemia,7,54,בצלות,nmpr,pers,A:person-candidate,Other Tanakh
386870,1435609,509180,Nehemia,7,54,מחידא,nmpr,pers,A:person-candidate,Other Tanakh
386872,1435609,509180,Nehemia,7,54,חרשא,nmpr,pers,A:person-candidate,Other Tanakh
386874,1435610,509181,Nehemia,7,55,ברקוס,nmpr,pers,A:person-candidate,Other Tanakh
386876,1435610,509181,Nehemia,7,55,סיסרא,nmpr,pers,A:person-candidate,Other Tanakh
386878,1435610,509181,Nehemia,7,55,תמח,nmpr,pers,A:person-candidate,Other Tanakh
386880,1435611,509182,Nehemia,7,56,נציח,nmpr,pers,A:person-candidate,Other Tanakh
386882,1435611,509182,Nehemia,7,56,חטיפא,nmpr,pers,A:person-candidate,Other Tanakh
386885,1435612,509183,Nehemia,7,57,שלמה,nmpr,pers,A:person-candidate,Other Tanakh
386887,1435612,509183,Nehemia,7,57,סוטי,nmpr,pers,A:person-candidate,Other Tanakh
386891,1435612,509183,Nehemia,7,57,פרידא,nmpr,pers,A:person-candidate,Other Tanakh
386893,1435613,509184,Nehemia,7,58,יעלה,nmpr,pers,A:person-candidate,Other Tanakh
386895,1435613,509184,Nehemia,7,58,דרקון,nmpr,pers,A:person-candidate,Other Tanakh
386897,1435613,509184,Nehemia,7,58,גדל,nmpr,pers,A:person-candidate,Other Tanakh
386899,1435614,509185,Nehemia,7,59,שפטיה,nmpr,pers,A:person-candidate,Other Tanakh
386901,1435614,509185,Nehemia,7,59,חטיל,nmpr,pers,A:person-candidate,Other Tanakh
386903,1435614,509185,Nehemia,7,59,פכרת הצביים,nmpr,pers,A:person-candidate,Other Tanakh
386905,1435614,509185,Nehemia,7,59,אמון,nmpr,pers,A:person-candidate,Other Tanakh
386912,1435615,509186,Nehemia,7,60,שלמה,nmpr,pers,A:person-candidate,Other Tanakh
386923,1435616,509188,Nehemia,7,61,תל מלח,nmpr,topo,F:unclassified-name,Other Tanakh
386924,1435616,509188,Nehemia,7,61,תל חרשא,nmpr,topo,F:unclassified-name,Other Tanakh
386925,1435616,509188,Nehemia,7,61,כרוב,nmpr,topo,F:unclassified-name,Other Tanakh
386926,1435616,509188,Nehemia,7,61,אדון,nmpr,topo,F:unclassified-name,Other Tanakh
386928,1435616,509188,Nehemia,7,61,אמר,nmpr,pers,A:person-candidate,Other Tanakh
386940,1435616,509191,Nehemia,7,61,ישראל,nmpr,"pers,gens,topo",F:unclassified-name,Other Tanakh
386943,1435617,509192,Nehemia,7,62,דליה,nmpr,pers,A:person-candidate,Other Tanakh
386945,1435617,509192,Nehemia,7,62,טוביה,nmpr,pers,A:person-candidate,Other Tanakh
386947,1435617,509192,Nehemia,7,62,נקודא,nmpr,pers,A:person-candidate,Other Tanakh
386959,1435618,509193,Nehemia,7,63,חביה,nmpr,pers,A:person-candidate,Other Tanakh
386962,1435618,509193,Nehemia,7,63,קוץ,nmpr,pers,A:person-candidate,Other Tanakh
386964,1435618,509193,Nehemia,7,63,ברזלי,nmpr,pers,A:person-candidate,Other Tanakh
386969,1435618,509194,Nehemia,7,63,ברזלי,nmpr,pers,A:person-candidate,Other Tanakh
387148,1435627,509214,Nehemia,7,72,ישראל,nmpr,"pers,gens,topo",F:unclassified-name,Other Tanakh
387159,1435627,509216,Nehemia,7,72,ישראל,nmpr,"pers,gens,topo",F:unclassified-name,Other Tanakh
387170,1435628,509217,Nehemia,8,1,אל,prep,,C:divine-title-candidate,Other Tanakh
387182,1435628,509219,Nehemia,8,1,עזרא,nmpr,pers,A:person-candidate,Other Tanakh
387190,1435628,509220,Nehemia,8,1,משה,nmpr,pers,A:person-candidate,Other Tanakh
387193,1435628,509221,Nehemia,8,1,יהוה,nmpr,pers,E:YHWH,Other Tanakh
387195,1435628,509221,Nehemia,8,1,ישראל,nmpr,"pers,gens,topo",F:unclassified-name,Other Tanakh
387198,1435629,509222,Nehemia,8,2,עזרא,nmpr,pers,A:person-candidate,Other Tanakh
387260,1435630,509227,Nehemia,8,3,אל,prep,,C:divine-title-candidate,Other Tanakh
387266,1435631,509228,Nehemia,8,4,עזרא,nmpr,pers,A:person-candidate,Other Tanakh
387280,1435631,509230,Nehemia,8,4,מתתיה,nmpr,pers,A:person-candidate,Other Tanakh
387282,1435631,509230,Nehemia,8,4,שמע,nmpr,pers,A:person-candidate,Other Tanakh
387284,1435631,509230,Nehemia,8,4,עניה,nmpr,pers,A:person-candidate,Other Tanakh
387286,1435631,509230,Nehemia,8,4,אוריה,nmpr,pers,A:person-candidate,Other Tanakh
387288,1435631,509230,Nehemia,8,4,חלקיה,nmpr,pers,A:person-candidate,Other Tanakh
387290,1435631,509230,Nehemia,8,4,מעשיה,nmpr,pers,A:person-candidate,Other Tanakh
387296,1435631,509231,Nehemia,8,4,פדיה,nmpr,pers,A:person-candidate,Other Tanakh
387298,1435631,509231,Nehemia,8,4,מישאל,nmpr,pers,A:person-candidate,Other Tanakh
387300,1435631,509231,Nehemia,8,4,מלכיה,nmpr,pers,A:person-candidate,Other Tanakh
387302,1435631,509231,Nehemia,8,4,חשם,nmpr,pers,A:person-candidate,Other Tanakh
387304,1435631,509231,Nehemia,8,4,חשבדנה,nmpr,pers,A:person-candidate,Other Tanakh
387305,1435631,509231,Nehemia,8,4,זכריה,nmpr,pers,A:person-candidate,Other Tanakh
387306,1435631,509231,Nehemia,8,4,משלם,nmpr,pers,A:person-candidate,Other Tanakh
387309,1435632,509232,Nehemia,8,5,עזרא,nmpr,pers,A:person-candidate,Other Tanakh
387333,1435633,509236,Nehemia,8,6,עזרא,nmpr,pers,A:person-candidate,Other Tanakh
387335,1435633,509236,Nehemia,8,6,יהוה,nmpr,pers,E:YHWH,Other Tanakh
387337,1435633,509236,Nehemia,8,6,אלהים,subs,,D:Elohim,Other Tanakh
387355,1435633,509240,Nehemia,8,6,יהוה,nmpr,pers,E:YHWH,Other Tanakh
387359,1435634,509242,Nehemia,8,7,ישוע,nmpr,pers,A:person-candidate,Other Tanakh
387361,1435634,509242,Nehemia,8,7,בני,nmpr,pers,A:person-candidate,Other Tanakh
387363,1435634,509242,Nehemia,8,7,שרביה,nmpr,pers,A:person-candidate,Other Tanakh
387364,1435634,509242,Nehemia,8,7,ימין,nmpr,pers,A:person-candidate,Other Tanakh
387365,1435634,509242,Nehemia,8,7,עקוב,nmpr,pers,A:person-candidate,Other Tanakh
387366,1435634,509242,Nehemia,8,7,שבתי,nmpr,pers,A:person-candidate,Other Tanakh
387367,1435634,509242,Nehemia,8,7,הודיה,nmpr,pers,A:person-candidate,Other Tanakh
387368,1435634,509242,Nehemia,8,7,מעשיה,nmpr,pers,A:person-candidate,Other Tanakh
387369,1435634,509242,Nehemia,8,7,קליטא,nmpr,pers,A:person-candidate,Other Tanakh
387370,1435634,509242,Nehemia,8,7,עזריה,nmpr,pers,A:person-candidate,Other Tanakh
387371,1435634,509242,Nehemia,8,7,יוזבד,nmpr,pers,A:person-candidate,Other Tanakh
387372,1435634,509242,Nehemia,8,7,חנן,nmpr,pers,A:person-candidate,Other Tanakh
