word_node,verse_node,clause_node,book,chapter,verse,lexeme,part_of_speech,nametype,candidate_group,scope
229859,1425579,472517,Isaiah,51,1,אל,prep,,C:divine-title-candidate,Other Tanakh
229864,1425580,472519,Isaiah,51,2,אל,prep,,C:divine-title-candidate,Other Tanakh
229865,1425580,472519,Isaiah,51,2,אברהם,nmpr,pers,A:person-candidate,Other Tanakh
229868,1425580,472520,Isaiah,51,2,אל,prep,,C:divine-title-candidate,Other Tanakh
229869,1425580,472520,Isaiah,51,2,שרה,nmpr,pers,A:person-candidate,Other Tanakh
229880,1425581,472525,Isaiah,51,3,יהוה,nmpr,pers,E:YHWH,Other Tanakh
229881,1425581,472525,Isaiah,51,3,ציון,nmpr,topo,F:unclassified-name,Other Tanakh
229889,1425581,472527,Isaiah,51,3,עדן,nmpr,topo,F:unclassified-name,Other Tanakh
229894,1425581,472528,Isaiah,51,3,יהוה,nmpr,pers,E:YHWH,Other Tanakh
229905,1425582,472530,Isaiah,51,4,אל,prep,,C:divine-title-candidate,Other Tanakh
229909,1425582,472532,Isaiah,51,4,אל,prep,,C:divine-title-candidate,Other Tanakh
229930,1425583,472539,Isaiah,51,5,אל,prep,,C:divine-title-candidate,Other Tanakh
229934,1425583,472540,Isaiah,51,5,אל,prep,,C:divine-title-candidate,Other Tanakh
229944,1425584,472542,Isaiah,51,6,אל,prep,,C:divine-title-candidate,Other Tanakh
229977,1425585,472548,Isaiah,51,7,אל,prep,,C:divine-title-candidate,Other Tanakh
229984,1425585,472552,Isaiah,51,7,אל,nega,,C:divine-title-candidate,Other Tanakh
229991,1425585,472553,Isaiah,51,7,אל,nega,,C:divine-title-candidate,Other Tanakh
230020,1425587,472561,Isaiah,51,9,יהוה,nmpr,pers,E:YHWH,Other Tanakh
230033,1425587,472564,Isaiah,51,9,רהב,nmpr,topo,F:unclassified-name,Other Tanakh
230056,1425589,472570,Isaiah,51,11,יהוה,nmpr,pers,E:YHWH,Other Tanakh
230060,1425589,472571,Isaiah,51,11,ציון,nmpr,topo,F:unclassified-name,Other Tanakh
230095,1425591,472583,Isaiah,51,13,יהוה,nmpr,pers,E:YHWH,Other Tanakh
230139,1425593,472594,Isaiah,51,15,יהוה,nmpr,pers,E:YHWH,Other Tanakh
230140,1425593,472594,Isaiah,51,15,אלהים,subs,,D:Elohim,Other Tanakh
230147,1425593,472597,Isaiah,51,15,יהוה,nmpr,pers,E:YHWH,Other Tanakh
230171,1425594,472602,Isaiah,51,16,ציון,nmpr,topo,F:unclassified-name,Other Tanakh
230177,1425595,472607,Isaiah,51,17,ירושלם,nmpr,topo,F:unclassified-name,Other Tanakh
230182,1425595,472608,Isaiah,51,17,יהוה,nmpr,pers,E:YHWH,Other Tanakh
230241,1425598,472623,Isaiah,51,20,יהוה,nmpr,pers,E:YHWH,Other Tanakh
230243,1425598,472623,Isaiah,51,20,אלהים,subs,,D:Elohim,Other Tanakh
230258,1425600,472628,Isaiah,51,22,יהוה,nmpr,pers,E:YHWH,Other Tanakh
230260,1425600,472628,Isaiah,51,22,אלהים,subs,,D:Elohim,Other Tanakh
230309,1425602,472643,Isaiah,52,1,ציון,nmpr,topo,F:unclassified-name,Other Tanakh
230313,1425602,472645,Isaiah,52,1,ירושלם,nmpr,topo,F:unclassified-name,Other Tanakh
230331,1425603,472651,Isaiah,52,2,ירושלם,nmpr,topo,F:unclassified-name,Other Tanakh
230337,1425603,472653,Isaiah,52,2,ציון,nmpr,topo,F:unclassified-name,Other Tanakh
230341,1425604,472654,Isaiah,52,3,יהוה,nmpr,pers,E:YHWH,Other Tanakh
230352,1425605,472657,Isaiah,52,4,אדני,nmpr,pers,C:divine-title-candidate,Other Tanakh
230353,1425605,472657,Isaiah,52,4,יהוה,nmpr,pers,E:YHWH,Other Tanakh
230354,1425605,472658,Isaiah,52,4,מצרים,nmpr,topo,F:unclassified-name,Other Tanakh
230364,1425605,472660,Isaiah,52,4,אשור,nmpr,topo,F:unclassified-name,Other Tanakh
230374,1425606,472663,Isaiah,52,5,יהוה,nmpr,pers,E:YHWH,Other Tanakh
230382,1425606,472666,Isaiah,52,5,יהוה,nmpr,pers,E:YHWH,Other Tanakh
230421,1425608,472677,Isaiah,52,7,ציון,nmpr,topo,F:unclassified-name,Other Tanakh
230422,1425608,472678,Isaiah,52,7,מלך,verb,,B:deity-candidate,Other Tanakh
230423,1425608,472678,Isaiah,52,7,אלהים,subs,,D:Elohim,Other Tanakh
230437,1425609,472682,Isaiah,52,8,יהוה,nmpr,pers,E:YHWH,Other Tanakh
230438,1425609,472682,Isaiah,52,8,ציון,nmpr,topo,F:unclassified-name,Other Tanakh
230443,1425610,472685,Isaiah,52,9,ירושלם,nmpr,topo,F:unclassified-name,Other Tanakh
230446,1425610,472686,Isaiah,52,9,יהוה,nmpr,pers,E:YHWH,Other Tanakh
230449,1425610,472687,Isaiah,52,9,ירושלם,nmpr,topo,F:unclassified-name,Other Tanakh
230451,1425611,472688,Isaiah,52,10,יהוה,nmpr,pers,E:YHWH,Other Tanakh
230467,1425611,472689,Isaiah,52,10,אלהים,subs,,D:Elohim,Other Tanakh
230474,1425612,472693,Isaiah,52,11,אל,nega,,C:divine-title-candidate,Other Tanakh
230482,1425612,472696,Isaiah,52,11,יהוה,nmpr,pers,E:YHWH,Other Tanakh
230497,1425613,472699,Isaiah,52,12,יהוה,nmpr,pers,E:YHWH,Other Tanakh
230500,1425613,472700,Isaiah,52,12,אלהים,subs,,D:Elohim,Other Tanakh
230501,1425613,472700,Isaiah,52,12,ישראל,nmpr,"pers,gens,topo",F:unclassified-name,Other Tanakh
230532,1425616,472709,Isaiah,52,15,מלך,subs,,B:deity-candidate,Other Tanakh
230551,1425617,472715,Isaiah,53,1,יהוה,nmpr,pers,E:YHWH,Other Tanakh
230612,1425620,472732,Isaiah,53,4,אלהים,subs,,D:Elohim,Other Tanakh
230641,1425622,472740,Isaiah,53,6,יהוה,nmpr,pers,E:YHWH,Other Tanakh
230714,1425626,472757,Isaiah,53,10,יהוה,nmpr,pers,E:YHWH,Other Tanakh
230728,1425626,472763,Isaiah,53,10,יהוה,nmpr,pers,E:YHWH,Other Tanakh
230797,1425629,472780,Isaiah,54,1,בעל,verb,,B:deity-candidate,Other Tanakh
230799,1425629,472781,Isaiah,54,1,יהוה,nmpr,pers,E:YHWH,Other Tanakh
230807,1425630,472784,Isaiah,54,2,אל,nega,,C:divine-title-candidate,Other Tanakh
230827,1425632,472790,Isaiah,54,4,אל,nega,,C:divine-title-candidate,Other Tanakh
230833,1425632,472792,Isaiah,54,4,אל,nega,,C:divine-title-candidate,Other Tanakh
230849,1425633,472796,Isaiah,54,5,בעל,verb,,B:deity-candidate,Other Tanakh
230851,1425633,472797,Isaiah,54,5,יהוה,nmpr,pers,E:YHWH,Other Tanakh
230857,1425633,472798,Isaiah,54,5,ישראל,nmpr,"pers,gens,topo",F:unclassified-name,Other Tanakh
230858,1425633,472799,Isaiah,54,5,אלהים,subs,,D:Elohim,Other Tanakh
230871,1425634,472800,Isaiah,54,6,יהוה,nmpr,pers,E:YHWH,Other Tanakh
230878,1425634,472803,Isaiah,54,6,אלהים,subs,,D:Elohim,Other Tanakh
230902,1425636,472808,Isaiah,54,8,יהוה,nmpr,pers,E:YHWH,Other Tanakh
230905,1425637,472809,Isaiah,54,9,נח,nmpr,pers,A:person-candidate,Other Tanakh
230913,1425637,472811,Isaiah,54,9,נח,nmpr,pers,A:person-candidate,Other Tanakh
230948,1425638,472819,Isaiah,54,10,יהוה,nmpr,pers,E:YHWH,Other Tanakh
230984,1425641,472828,Isaiah,54,13,יהוה,nmpr,pers,E:YHWH,Other Tanakh
231004,1425642,472834,Isaiah,54,14,אל,prep,,C:divine-title-candidate,Other Tanakh
231053,1425645,472848,Isaiah,54,17,יהוה,nmpr,pers,E:YHWH,Other Tanakh
231059,1425645,472849,Isaiah,54,17,יהוה,nmpr,pers,E:YHWH,Other Tanakh
231103,1425647,472862,Isaiah,55,2,אל,prep,,C:divine-title-candidate,Other Tanakh
231117,1425648,472866,Isaiah,55,3,אל,prep,,C:divine-title-candidate,Other Tanakh
231128,1425648,472869,Isaiah,55,3,דוד,nmpr,pers,A:person-candidate,Other Tanakh
231148,1425650,472873,Isaiah,55,5,אל,prep,,C:divine-title-candidate,Other Tanakh
231151,1425650,472873,Isaiah,55,5,יהוה,nmpr,pers,E:YHWH,Other Tanakh
231152,1425650,472873,Isaiah,55,5,אלהים,subs,,D:Elohim,Other Tanakh
231156,1425650,472873,Isaiah,55,5,ישראל,nmpr,"pers,gens,topo",F:unclassified-name,Other Tanakh
231160,1425651,472876,Isaiah,55,6,יהוה,nmpr,pers,E:YHWH,Other Tanakh
231176,1425652,472882,Isaiah,55,7,אל,prep,,C:divine-title-candidate,Other Tanakh
231177,1425652,472882,Isaiah,55,7,יהוה,nmpr,pers,E:YHWH,Other Tanakh
231181,1425652,472884,Isaiah,55,7,אל,prep,,C:divine-title-candidate,Other Tanakh
231182,1425652,472884,Isaiah,55,7,אלהים,subs,,D:Elohim,Other Tanakh
231196,1425653,472889,Isaiah,55,8,יהוה,nmpr,pers,E:YHWH,Other Tanakh
231257,1425656,472902,Isaiah,55,11,אל,prep,,C:divine-title-candidate,Other Tanakh
231307,1425658,472913,Isaiah,55,13,יהוה,nmpr,pers,E:YHWH,Other Tanakh
231317,1425659,472915,Isaiah,56,1,יהוה,nmpr,pers,E:YHWH,Other Tanakh
231353,1425661,472930,Isaiah,56,3,אל,nega,,C:divine-title-candidate,Other Tanakh
231360,1425661,472931,Isaiah,56,3,אל,prep,,C:divine-title-candidate,Other Tanakh
231361,1425661,472931,Isaiah,56,3,יהוה,nmpr,pers,E:YHWH,Other Tanakh
231366,1425661,472933,Isaiah,56,3,יהוה,nmpr,pers,E:YHWH,Other Tanakh
231371,1425661,472934,Isaiah,56,3,אל,nega,,C:divine-title-candidate,Other Tanakh
231382,1425662,472936,Isaiah,56,4,יהוה,nmpr,pers,E:YHWH,Other Tanakh
231430,1425664,472946,Isaiah,56,6,יהוה,nmpr,pers,E:YHWH,Other Tanakh
231438,1425664,472948,Isaiah,56,6,יהוה,nmpr,pers,E:YHWH,Other Tanakh
231455,1425665,472953,Isaiah,56,7,אל,prep,,C:divine-title-candidate,Other Tanakh
231480,1425666,472957,Isaiah,56,8,אדני,nmpr,pers,C:divine-title-candidate,Other Tanakh
231481,1425666,472957,Isaiah,56,8,יהוה,nmpr,pers,E:YHWH,Other Tanakh
231484,1425666,472958,Isaiah,56,8,ישראל,nmpr,"pers,gens,topo",F:unclassified-name,Other Tanakh
231492,1425667,472960,Isaiah,56,9,שדי,subs,,C:divine-title-candidate,Other Tanakh
231691,1425679,473019,Isaiah,57,9,מלך,subs,,B:deity-candidate,Other Tanakh
231707,1425679,473022,Isaiah,57,9,שאול,subs,,A:person-candidate,Other Tanakh
231881,1425689,473074,Isaiah,57,19,יהוה,nmpr,pers,E:YHWH,Other Tanakh
231904,1425691,473082,Isaiah,57,21,אלהים,subs,,D:Elohim,Other Tanakh
231911,1425692,473084,Isaiah,58,1,אל,nega,,C:divine-title-candidate,Other Tanakh
231926,1425692,473087,Isaiah,58,1,יעקב,nmpr,pers,A:person-candidate,Other Tanakh
231944,1425693,473091,Isaiah,58,2,אלהים,subs,,D:Elohim,Other Tanakh
231951,1425693,473093,Isaiah,58,2,אלהים,subs,,D:Elohim,Other Tanakh
232026,1425696,473110,Isaiah,58,5,יהוה,nmpr,pers,E:YHWH,Other Tanakh
232084,1425699,473125,Isaiah,58,8,יהוה,nmpr,pers,E:YHWH,Other Tanakh
232089,1425700,473127,Isaiah,58,9,יהוה,nmpr,pers,E:YHWH,Other Tanakh
232128,1425702,473138,Isaiah,58,11,יהוה,nmpr,pers,E:YHWH,Other Tanakh
232188,1425704,473153,Isaiah,58,13,יהוה,nmpr,pers,E:YHWH,Other Tanakh
232204,1425705,473158,Isaiah,58,14,יהוה,nmpr,pers,E:YHWH,Other Tanakh
232213,1425705,473160,Isaiah,58,14,יעקב,nmpr,pers,A:person-candidate,Other Tanakh
232217,1425705,473161,Isaiah,58,14,יהוה,nmpr,pers,E:YHWH,Other Tanakh
232223,1425706,473162,Isaiah,59,1,יהוה,nmpr,pers,E:YHWH,Other Tanakh
232240,1425707,473166,Isaiah,59,2,אלהים,subs,,D:Elohim,Other Tanakh
232441,1425718,473221,Isaiah,59,13,יהוה,nmpr,pers,E:YHWH,Other Tanakh
232446,1425718,473222,Isaiah,59,13,אלהים,subs,,D:Elohim,Other Tanakh
232491,1425720,473234,Isaiah,59,15,יהוה,nmpr,pers,E:YHWH,Other Tanakh
232562,1425724,473252,Isaiah,59,19,יהוה,nmpr,pers,E:YHWH,Other Tanakh
232576,1425724,473255,Isaiah,59,19,יהוה,nmpr,pers,E:YHWH,Other Tanakh
232582,1425725,473256,Isaiah,59,20,ציון,nmpr,topo,F:unclassified-name,Other Tanakh
232589,1425725,473257,Isaiah,59,20,יעקב,nmpr,pers,A:person-candidate,Other Tanakh
232591,1425725,473258,Isaiah,59,20,יהוה,nmpr,pers,E:YHWH,Other Tanakh
232598,1425726,473261,Isaiah,59,21,יהוה,nmpr,pers,E:YHWH,Other Tanakh
232622,1425726,473265,Isaiah,59,21,יהוה,nmpr,pers,E:YHWH,Other Tanakh
232635,1425727,473269,Isaiah,60,1,יהוה,nmpr,pers,E:YHWH,Other Tanakh
232650,1425728,473272,Isaiah,60,2,יהוה,nmpr,pers,E:YHWH,Other Tanakh
232661,1425729,473275,Isaiah,60,3,מלך,subs,,B:deity-candidate,Other Tanakh
232705,1425732,473288,Isaiah,60,6,מדין,nmpr,"pers,gens,topo",F:unclassified-name,Other Tanakh
232707,1425732,473288,Isaiah,60,6,עיפה,nmpr,topo,F:unclassified-name,Other Tanakh
232710,1425732,473289,Isaiah,60,6,שבא,nmpr,topo,F:unclassified-name,Other Tanakh
232718,1425732,473291,Isaiah,60,6,יהוה,nmpr,pers,E:YHWH,Other Tanakh
232722,1425733,473292,Isaiah,60,7,קדר,nmpr,"pers,gens",F:unclassified-name,Other Tanakh
232726,1425733,473293,Isaiah,60,7,נביות,nmpr,gens,F:unclassified-name,Other Tanakh
232746,1425734,473298,Isaiah,60,8,אל,prep,,C:divine-title-candidate,Other Tanakh
232754,1425735,473300,Isaiah,60,9,תרשיש,nmpr,topo,F:unclassified-name,Other Tanakh
232769,1425735,473302,Isaiah,60,9,יהוה,nmpr,pers,E:YHWH,Other Tanakh
232770,1425735,473302,Isaiah,60,9,אלהים,subs,,D:Elohim,Other Tanakh
232774,1425735,473302,Isaiah,60,9,ישראל,nmpr,"pers,gens,topo",F:unclassified-name,Other Tanakh
232783,1425736,473305,Isaiah,60,10,מלך,subs,,B:deity-candidate,Other Tanakh
232804,1425737,473310,Isaiah,60,11,אל,prep,,C:divine-title-candidate,Other Tanakh
232808,1425737,473311,Isaiah,60,11,מלך,subs,,B:deity-candidate,Other Tanakh
232827,1425739,473315,Isaiah,60,13,לבנון,nmpr,topo,F:unclassified-name,Other Tanakh
232828,1425739,473315,Isaiah,60,13,אל,prep,,C:divine-title-candidate,Other Tanakh
232845,1425740,473318,Isaiah,60,14,אל,prep,,C:divine-title-candidate,Other Tanakh
232860,1425740,473321,Isaiah,60,14,יהוה,nmpr,pers,E:YHWH,Other Tanakh
232861,1425740,473321,Isaiah,60,14,ציון,nmpr,topo,F:unclassified-name,Other Tanakh
232863,1425740,473321,Isaiah,60,14,ישראל,nmpr,"pers,gens,topo",F:unclassified-name,Other Tanakh
232887,1425742,473327,Isaiah,60,16,מלך,subs,,B:deity-candidate,Other Tanakh
232893,1425742,473329,Isaiah,60,16,יהוה,nmpr,pers,E:YHWH,Other Tanakh
232898,1425742,473329,Isaiah,60,16,יעקב,nmpr,pers,A:person-candidate,Other Tanakh
232965,1425745,473342,Isaiah,60,19,יהוה,nmpr,pers,E:YHWH,Other Tanakh
232970,1425745,473343,Isaiah,60,19,אלהים,subs,,D:Elohim,Other Tanakh
232982,1425746,473346,Isaiah,60,20,יהוה,nmpr,pers,E:YHWH,Other Tanakh
233018,1425748,473355,Isaiah,60,22,יהוה,nmpr,pers,E:YHWH,Other Tanakh
233023,1425749,473356,Isaiah,61,1,אדני,nmpr,pers,C:divine-title-candidate,Other Tanakh
233024,1425749,473356,Isaiah,61,1,יהוה,nmpr,pers,E:YHWH,Other Tanakh
233028,1425749,473357,Isaiah,61,1,יהוה,nmpr,pers,E:YHWH,Other Tanakh
233053,1425750,473363,Isaiah,61,2,יהוה,nmpr,pers,E:YHWH,Other Tanakh
233058,1425750,473364,Isaiah,61,2,אלהים,subs,,D:Elohim,Other Tanakh
233067,1425751,473366,Isaiah,61,3,ציון,nmpr,topo,F:unclassified-name,Other Tanakh
233090,1425751,473371,Isaiah,61,3,יהוה,nmpr,pers,E:YHWH,Other Tanakh
233123,1425754,473380,Isaiah,61,6,יהוה,nmpr,pers,E:YHWH,Other Tanakh
233126,1425754,473381,Isaiah,61,6,אלהים,subs,,D:Elohim,Other Tanakh
233154,1425756,473389,Isaiah,61,8,יהוה,nmpr,pers,E:YHWH,Other Tanakh
233190,1425757,473397,Isaiah,61,9,יהוה,nmpr,pers,E:YHWH,Other Tanakh
233194,1425758,473398,Isaiah,61,10,יהוה,nmpr,pers,E:YHWH,Other Tanakh
233198,1425758,473399,Isaiah,61,10,אלהים,subs,,D:Elohim,Other Tanakh
233229,1425759,473408,Isaiah,61,11,אדני,nmpr,pers,C:divine-title-candidate,Other Tanakh
233230,1425759,473408,Isaiah,61,11,יהוה,nmpr,pers,E:YHWH,Other Tanakh
233240,1425760,473409,Isaiah,62,1,ציון,nmpr,topo,F:unclassified-name,Other Tanakh
233245,1425760,473410,Isaiah,62,1,ירושלם,nmpr,topo,F:unclassified-name,Other Tanakh
233265,1425761,473415,Isaiah,62,2,מלך,subs,,B:deity-candidate,Other Tanakh
233274,1425761,473417,Isaiah,62,2,יהוה,nmpr,pers,E:YHWH,Other Tanakh
233282,1425762,473418,Isaiah,62,3,יהוה,nmpr,pers,E:YHWH,Other Tanakh
233288,1425762,473419,Isaiah,62,3,אלהים,subs,,D:Elohim,Other Tanakh
233309,1425763,473424,Isaiah,62,4,בעל,verb,,B:deity-candidate,Other Tanakh
233312,1425763,473425,Isaiah,62,4,יהוה,nmpr,pers,E:YHWH,Other Tanakh
233316,1425763,473426,Isaiah,62,4,בעל,verb,,B:deity-candidate,Other Tanakh
233318,1425764,473427,Isaiah,62,5,בעל,verb,,B:deity-candidate,Other Tanakh
233321,1425764,473428,Isaiah,62,5,בעל,verb,,B:deity-candidate,Other Tanakh
233330,1425764,473430,Isaiah,62,5,אלהים,subs,,D:Elohim,Other Tanakh
233333,1425765,473432,Isaiah,62,6,ירושלם,nmpr,topo,F:unclassified-name,Other Tanakh
233349,1425765,473434,Isaiah,62,6,יהוה,nmpr,pers,E:YHWH,Other Tanakh
233350,1425765,473435,Isaiah,62,6,אל,nega,,C:divine-title-candidate,Other Tanakh
233354,1425766,473436,Isaiah,62,7,אל,nega,,C:divine-title-candidate,Other Tanakh
233364,1425766,473438,Isaiah,62,7,ירושלם,nmpr,topo,F:unclassified-name,Other Tanakh
233370,1425767,473439,Isaiah,62,8,יהוה,nmpr,pers,E:YHWH,Other Tanakh
233400,1425768,473445,Isaiah,62,9,יהוה,nmpr,pers,E:YHWH,Other Tanakh
233429,1425770,473455,Isaiah,62,11,יהוה,nmpr,pers,E:YHWH,Other Tanakh
233431,1425770,473455,Isaiah,62,11,אל,prep,,C:divine-title-candidate,Other Tanakh
233438,1425770,473456,Isaiah,62,11,ציון,nmpr,topo,F:unclassified-name,Other Tanakh
233456,1425771,473461,Isaiah,62,12,יהוה,nmpr,pers,E:YHWH,Other Tanakh
233468,1425772,473465,Isaiah,63,1,אדום,nmpr,topo,F:unclassified-name,Other Tanakh
233472,1425772,473465,Isaiah,63,1,בצרה,nmpr,topo,F:unclassified-name,Other Tanakh
233568,1425778,473494,Isaiah,63,7,יהוה,nmpr,pers,E:YHWH,Other Tanakh
233571,1425778,473495,Isaiah,63,7,יהוה,nmpr,pers,E:YHWH,Other Tanakh
233577,1425778,473496,Isaiah,63,7,יהוה,nmpr,pers,E:YHWH,Other Tanakh
233583,1425778,473497,Isaiah,63,7,ישראל,nmpr,"pers,gens,topo",F:unclassified-name,Other Tanakh
233648,1425782,473513,Isaiah,63,11,משה,nmpr,pers,A:person-candidate,Other Tanakh
233669,1425783,473518,Isaiah,63,12,משה,nmpr,pers,A:person-candidate,Other Tanakh
233701,1425785,473523,Isaiah,63,14,יהוה,nmpr,pers,E:YHWH,Other Tanakh
233729,1425786,473530,Isaiah,63,15,אל,prep,,C:divine-title-candidate,Other Tanakh
233735,1425787,473532,Isaiah,63,16,אברהם,nmpr,pers,A:person-candidate,Other Tanakh
233739,1425787,473533,Isaiah,63,16,ישראל,nmpr,"pers,gens,topo",F:unclassified-name,Other Tanakh
233743,1425787,473534,Isaiah,63,16,יהוה,nmpr,pers,E:YHWH,Other Tanakh
233751,1425788,473537,Isaiah,63,17,יהוה,nmpr,pers,E:YHWH,Other Tanakh
233826,1425793,473558,Isaiah,64,3,אלהים,subs,,D:Elohim,Other Tanakh
233894,1425797,473576,Isaiah,64,7,יהוה,nmpr,pers,E:YHWH,Other Tanakh
233907,1425798,473581,Isaiah,64,8,אל,nega,,C:divine-title-candidate,Other Tanakh
233909,1425798,473582,Isaiah,64,8,יהוה,nmpr,pers,E:YHWH,Other Tanakh
233913,1425798,473583,Isaiah,64,8,אל,nega,,C:divine-title-candidate,Other Tanakh
233927,1425799,473587,Isaiah,64,9,ציון,nmpr,topo,F:unclassified-name,Other Tanakh
233930,1425799,473588,Isaiah,64,9,ירושלם,nmpr,topo,F:unclassified-name,Other Tanakh
233953,1425801,473593,Isaiah,64,11,יהוה,nmpr,pers,E:YHWH,Other Tanakh
233970,1425802,473600,Isaiah,65,1,אל,prep,,C:divine-title-candidate,Other Tanakh
233981,1425803,473604,Isaiah,65,2,אל,prep,,C:divine-title-candidate,Other Tanakh
234031,1425806,473616,Isaiah,65,5,אל,prep,,C:divine-title-candidate,Other Tanakh
234032,1425806,473617,Isaiah,65,5,אל,nega,,C:divine-title-candidate,Other Tanakh
234065,1425808,473627,Isaiah,65,7,יהוה,nmpr,pers,E:YHWH,Other Tanakh
234080,1425808,473630,Isaiah,65,7,אל,prep,,C:divine-title-candidate,Other Tanakh
234084,1425809,473631,Isaiah,65,8,יהוה,nmpr,pers,E:YHWH,Other Tanakh
234095,1425809,473634,Isaiah,65,8,אל,nega,,C:divine-title-candidate,Other Tanakh
234112,1425810,473638,Isaiah,65,9,יעקב,nmpr,pers,A:person-candidate,Other Tanakh
234116,1425810,473639,Isaiah,65,9,יהודה,nmpr,"pers,gens,topo",F:unclassified-name,Other Tanakh
234129,1425811,473642,Isaiah,65,10,שרון,nmpr,topo,F:unclassified-name,Other Tanakh
234135,1425811,473643,Isaiah,65,10,עכור,nmpr,topo,F:unclassified-name,Other Tanakh
234146,1425812,473646,Isaiah,65,11,יהוה,nmpr,pers,E:YHWH,Other Tanakh
234156,1425812,473648,Isaiah,65,11,גד,nmpr,pers,B:deity-candidate,Other Tanakh
234163,1425812,473649,Isaiah,65,11,מני,nmpr,pers,B:deity-candidate,Other Tanakh
234201,1425814,473660,Isaiah,65,13,אדני,nmpr,pers,C:divine-title-candidate,Other Tanakh
234202,1425814,473660,Isaiah,65,13,יהוה,nmpr,pers,E:YHWH,Other Tanakh
234247,1425816,473671,Isaiah,65,15,אדני,nmpr,pers,C:divine-title-candidate,Other Tanakh
234248,1425816,473671,Isaiah,65,15,יהוה,nmpr,pers,E:YHWH,Other Tanakh
234263,1425817,473673,Isaiah,65,16,אלהים,subs,,D:Elohim,Other Tanakh
234273,1425817,473675,Isaiah,65,16,אלהים,subs,,D:Elohim,Other Tanakh
234318,1425819,473685,Isaiah,65,18,ירושלם,nmpr,topo,F:unclassified-name,Other Tanakh
234326,1425820,473687,Isaiah,65,19,ירושלם,nmpr,topo,F:unclassified-name,Other Tanakh
234416,1425824,473706,Isaiah,65,23,יהוה,nmpr,pers,E:YHWH,Other Tanakh
234461,1425826,473719,Isaiah,65,25,יהוה,nmpr,pers,E:YHWH,Other Tanakh
234464,1425827,473720,Isaiah,66,1,יהוה,nmpr,pers,E:YHWH,Other Tanakh
234495,1425828,473728,Isaiah,66,2,יהוה,nmpr,pers,E:YHWH,Other Tanakh
234497,1425828,473729,Isaiah,66,2,אל,prep,,C:divine-title-candidate,Other Tanakh
234500,1425828,473730,Isaiah,66,2,אל,prep,,C:divine-title-candidate,Other Tanakh
234569,1425831,473750,Isaiah,66,5,יהוה,nmpr,pers,E:YHWH,Other Tanakh
234572,1425831,473751,Isaiah,66,5,אל,prep,,C:divine-title-candidate,Other Tanakh
234581,1425831,473755,Isaiah,66,5,יהוה,nmpr,pers,E:YHWH,Other Tanakh
234597,1425832,473760,Isaiah,66,6,יהוה,nmpr,pers,E:YHWH,Other Tanakh
234637,1425834,473771,Isaiah,66,8,ציון,nmpr,topo,F:unclassified-name,Other Tanakh
234647,1425835,473774,Isaiah,66,9,יהוה,nmpr,pers,E:YHWH,Other Tanakh
234655,1425835,473777,Isaiah,66,9,אלהים,subs,,D:Elohim,Other Tanakh
234658,1425836,473778,Isaiah,66,10,ירושלם,nmpr,topo,F:unclassified-name,Other Tanakh
234688,1425838,473788,Isaiah,66,12,יהוה,nmpr,pers,E:YHWH,Other Tanakh
234691,1425838,473789,Isaiah,66,12,אל,prep,,C:divine-title-candidate,Other Tanakh
234720,1425839,473797,Isaiah,66,13,ירושלם,nmpr,topo,F:unclassified-name,Other Tanakh
234736,1425840,473801,Isaiah,66,14,יהוה,nmpr,pers,E:YHWH,Other Tanakh
234745,1425841,473803,Isaiah,66,15,יהוה,nmpr,pers,E:YHWH,Other Tanakh
234769,1425842,473807,Isaiah,66,16,יהוה,nmpr,pers,E:YHWH,Other Tanakh
234780,1425842,473809,Isaiah,66,16,יהוה,nmpr,pers,E:YHWH,Other Tanakh
234786,1425843,473811,Isaiah,66,17,אל,prep,,C:divine-title-candidate,Other Tanakh
234807,1425843,473814,Isaiah,66,17,יהוה,nmpr,pers,E:YHWH,Other Tanakh
234837,1425845,473822,Isaiah,66,19,אל,prep,,C:divine-title-candidate,Other Tanakh
234840,1425845,473822,Isaiah,66,19,תרשיש,nmpr,topo,F:unclassified-name,Other Tanakh
234841,1425845,473822,Isaiah,66,19,פול,nmpr,gens,F:unclassified-name,Other Tanakh
234843,1425845,473822,Isaiah,66,19,לוד,nmpr,pers,A:person-candidate,Other Tanakh
234846,1425845,473822,Isaiah,66,19,תבל,nmpr,gens,F:unclassified-name,Other Tanakh
234848,1425845,473822,Isaiah,66,19,יון,nmpr,"pers,gens,topo",F:unclassified-name,Other Tanakh
234881,1425846,473826,Isaiah,66,20,יהוה,nmpr,pers,E:YHWH,Other Tanakh
234904,1425846,473826,Isaiah,66,20,ירושלם,nmpr,topo,F:unclassified-name,Other Tanakh
234906,1425846,473827,Isaiah,66,20,יהוה,nmpr,pers,E:YHWH,Other Tanakh
234911,1425846,473828,Isaiah,66,20,ישראל,nmpr,"pers,gens,topo",F:unclassified-name,Other Tanakh
234919,1425846,473828,Isaiah,66,20,יהוה,nmpr,pers,E:YHWH,Other Tanakh
234931,1425847,473830,Isaiah,66,21,יהוה,nmpr,pers,E:YHWH,Other Tanakh
234951,1425848,473834,Isaiah,66,22,יהוה,nmpr,pers,E:YHWH,Other Tanakh
234978,1425849,473839,Isaiah,66,23,יהוה,nmpr,pers,E:YHWH,Other Tanakh
235005,1425851,473846,Jeremiah,1,1,ירמיהו,nmpr,pers,A:person-candidate,Other Tanakh
235007,1425851,473846,Jeremiah,1,1,חלקיהו,nmpr,pers,A:person-candidate,Other Tanakh
235013,1425851,473847,Jeremiah,1,1,ענתות,nmpr,topo,F:unclassified-name,Other Tanakh
235016,1425851,473847,Jeremiah,1,1,בנימן,nmpr,"pers,gens,topo",F:unclassified-name,Other Tanakh
235020,1425852,473848,Jeremiah,1,2,יהוה,nmpr,pers,E:YHWH,Other Tanakh
235021,1425852,473848,Jeremiah,1,2,אל,prep,,C:divine-title-candidate,Other Tanakh
235024,1425852,473848,Jeremiah,1,2,יאשיהו,nmpr,pers,A:person-candidate,Other Tanakh
235026,1425852,473848,Jeremiah,1,2,אמון,nmpr,pers,A:person-candidate,Other Tanakh
235027,1425852,473848,Jeremiah,1,2,מלך,subs,,B:deity-candidate,Other Tanakh
235028,1425852,473848,Jeremiah,1,2,יהודה,nmpr,"pers,gens,topo",F:unclassified-name,Other Tanakh
235034,1425852,473849,Jeremiah,1,2,מלך,verb,,B:deity-candidate,Other Tanakh
235039,1425853,473850,Jeremiah,1,3,יהויקים,nmpr,pers,A:person-candidate,Other Tanakh
235041,1425853,473850,Jeremiah,1,3,יאשיהו,nmpr,pers,A:person-candidate,Other Tanakh
235042,1425853,473850,Jeremiah,1,3,מלך,subs,,B:deity-candidate,Other Tanakh
235043,1425853,473850,Jeremiah,1,3,יהודה,nmpr,"pers,gens,topo",F:unclassified-name,Other Tanakh
235050,1425853,473851,Jeremiah,1,3,צדקיהו,nmpr,pers,A:person-candidate,Other Tanakh
235052,1425853,473851,Jeremiah,1,3,יאשיהו,nmpr,pers,A:person-candidate,Other Tanakh
235053,1425853,473851,Jeremiah,1,3,מלך,subs,,B:deity-candidate,Other Tanakh
235054,1425853,473851,Jeremiah,1,3,יהודה,nmpr,"pers,gens,topo",F:unclassified-name,Other Tanakh
235057,1425853,473852,Jeremiah,1,3,ירושלם,nmpr,topo,F:unclassified-name,Other Tanakh
235066,1425854,473853,Jeremiah,1,4,יהוה,nmpr,pers,E:YHWH,Other Tanakh
235067,1425854,473853,Jeremiah,1,4,אל,prep,,C:divine-title-candidate,Other Tanakh
235092,1425856,473861,Jeremiah,1,6,אדני,nmpr,pers,C:divine-title-candidate,Other Tanakh
235093,1425856,473861,Jeremiah,1,6,יהוה,nmpr,pers,E:YHWH,Other Tanakh
235103,1425857,473865,Jeremiah,1,7,יהוה,nmpr,pers,E:YHWH,Other Tanakh
235104,1425857,473865,Jeremiah,1,7,אל,prep,,C:divine-title-candidate,Other Tanakh
235105,1425857,473866,Jeremiah,1,7,אל,nega,,C:divine-title-candidate,Other Tanakh
235121,1425858,473872,Jeremiah,1,8,אל,nega,,C:divine-title-candidate,Other Tanakh
235131,1425858,473875,Jeremiah,1,8,יהוה,nmpr,pers,E:YHWH,Other Tanakh
235134,1425859,473876,Jeremiah,1,9,יהוה,nmpr,pers,E:YHWH,Other Tanakh
235143,1425859,473878,Jeremiah,1,9,יהוה,nmpr,pers,E:YHWH,Other Tanakh
235144,1425859,473878,Jeremiah,1,9,אל,prep,,C:divine-title-candidate,Other Tanakh
235182,1425861,473888,Jeremiah,1,11,יהוה,nmpr,pers,E:YHWH,Other Tanakh
235183,1425861,473888,Jeremiah,1,11,אל,prep,,C:divine-title-candidate,Other Tanakh
235189,1425861,473891,Jeremiah,1,11,ירמיהו,nmpr,pers,A:person-candidate,Other Tanakh
235198,1425862,473894,Jeremiah,1,12,יהוה,nmpr,pers,E:YHWH,Other Tanakh
235199,1425862,473894,Jeremiah,1,12,אל,prep,,C:divine-title-candidate,Other Tanakh
235213,1425863,473899,Jeremiah,1,13,יהוה,nmpr,pers,E:YHWH,Other Tanakh
235214,1425863,473899,Jeremiah,1,13,אל,prep,,C:divine-title-candidate,Other Tanakh
235234,1425864,473905,Jeremiah,1,14,יהוה,nmpr,pers,E:YHWH,Other Tanakh
235235,1425864,473905,Jeremiah,1,14,אל,prep,,C:divine-title-candidate,Other Tanakh
235255,1425865,473908,Jeremiah,1,15,יהוה,nmpr,pers,E:YHWH,Other Tanakh
235264,1425865,473910,Jeremiah,1,15,ירושלם,nmpr,topo,F:unclassified-name,Other Tanakh
235274,1425865,473910,Jeremiah,1,15,יהודה,nmpr,"pers,gens,topo",F:unclassified-name,Other Tanakh
235287,1425866,473914,Jeremiah,1,16,אלהים,subs,,D:Elohim,Other Tanakh
235302,1425867,473918,Jeremiah,1,17,אל,prep,,C:divine-title-candidate,Other Tanakh
235308,1425867,473920,Jeremiah,1,17,אל,nega,,C:divine-title-candidate,Other Tanakh
235338,1425868,473923,Jeremiah,1,18,מלך,subs,,B:deity-candidate,Other Tanakh
235339,1425868,473923,Jeremiah,1,18,יהודה,nmpr,"pers,gens,topo",F:unclassified-name,Other Tanakh
235351,1425869,473924,Jeremiah,1,19,אל,prep,,C:divine-title-candidate,Other Tanakh
235360,1425869,473927,Jeremiah,1,19,יהוה,nmpr,pers,E:YHWH,Other Tanakh
235366,1425870,473929,Jeremiah,2,1,יהוה,nmpr,pers,E:YHWH,Other Tanakh
235367,1425870,473929,Jeremiah,2,1,אל,prep,,C:divine-title-candidate,Other Tanakh
235375,1425871,473932,Jeremiah,2,2,ירושלם,nmpr,topo,F:unclassified-name,Other Tanakh
235380,1425871,473934,Jeremiah,2,2,יהוה,nmpr,pers,E:YHWH,Other Tanakh
235397,1425872,473938,Jeremiah,2,3,ישראל,nmpr,"pers,gens,topo",F:unclassified-name,Other Tanakh
235399,1425872,473938,Jeremiah,2,3,יהוה,nmpr,pers,E:YHWH,Other Tanakh
235407,1425872,473941,Jeremiah,2,3,אל,prep,,C:divine-title-candidate,Other Tanakh
235409,1425872,473942,Jeremiah,2,3,יהוה,nmpr,pers,E:YHWH,Other Tanakh
235412,1425873,473943,Jeremiah,2,4,יהוה,nmpr,pers,E:YHWH,Other Tanakh
235414,1425873,473944,Jeremiah,2,4,יעקב,nmpr,pers,A:person-candidate,Other Tanakh
235419,1425873,473944,Jeremiah,2,4,ישראל,nmpr,"pers,gens,topo",F:unclassified-name,Other Tanakh
235422,1425874,473945,Jeremiah,2,5,יהוה,nmpr,pers,E:YHWH,Other Tanakh
235443,1425875,473951,Jeremiah,2,6,יהוה,nmpr,pers,E:YHWH,Other Tanakh
235449,1425875,473952,Jeremiah,2,6,מצרים,nmpr,topo,F:unclassified-name,Other Tanakh
235480,1425876,473956,Jeremiah,2,7,אל,prep,,C:divine-title-candidate,Other Tanakh
235505,1425877,473962,Jeremiah,2,8,יהוה,nmpr,pers,E:YHWH,Other Tanakh
235523,1425877,473965,Jeremiah,2,8,בעל,subs,,B:deity-candidate,Other Tanakh
235534,1425878,473969,Jeremiah,2,9,יהוה,nmpr,pers,E:YHWH,Other Tanakh
235547,1425879,473973,Jeremiah,2,10,קדר,nmpr,"pers,gens",F:unclassified-name,Other Tanakh
235561,1425880,473977,Jeremiah,2,11,אלהים,subs,,D:Elohim,Other Tanakh
235565,1425880,473978,Jeremiah,2,11,אלהים,subs,,D:Elohim,Other Tanakh
235582,1425881,473985,Jeremiah,2,12,יהוה,nmpr,pers,E:YHWH,Other Tanakh
235606,1425883,473990,Jeremiah,2,14,ישראל,nmpr,"pers,gens,topo",F:unclassified-name,Other Tanakh
235632,1425885,473997,Jeremiah,2,16,נף,nmpr,topo,F:unclassified-name,Other Tanakh
235634,1425885,473997,Jeremiah,2,16,תחפנחס,nmpr,topo,F:unclassified-name,Other Tanakh
235644,1425886,473999,Jeremiah,2,17,יהוה,nmpr,pers,E:YHWH,Other Tanakh
235645,1425886,473999,Jeremiah,2,17,אלהים,subs,,D:Elohim,Other Tanakh
235658,1425887,474002,Jeremiah,2,18,מצרים,nmpr,topo,F:unclassified-name,Other Tanakh
235662,1425887,474003,Jeremiah,2,18,שיחור,nmpr,topo,F:unclassified-name,Other Tanakh
235668,1425887,474004,Jeremiah,2,18,אשור,nmpr,topo,F:unclassified-name,Other Tanakh
235688,1425888,474012,Jeremiah,2,19,יהוה,nmpr,pers,E:YHWH,Other Tanakh
235689,1425888,474012,Jeremiah,2,19,אלהים,subs,,D:Elohim,Other Tanakh
235693,1425888,474013,Jeremiah,2,19,אל,prep,,C:divine-title-candidate,Other Tanakh
235695,1425888,474014,Jeremiah,2,19,אדני,nmpr,pers,C:divine-title-candidate,Other Tanakh
235696,1425888,474014,Jeremiah,2,19,יהוה,nmpr,pers,E:YHWH,Other Tanakh
235752,1425891,474027,Jeremiah,2,22,אדני,nmpr,pers,C:divine-title-candidate,Other Tanakh
235753,1425891,474027,Jeremiah,2,22,יהוה,nmpr,pers,E:YHWH,Other Tanakh
235760,1425892,474030,Jeremiah,2,23,בעל,subs,,B:deity-candidate,Other Tanakh
235819,1425895,474052,Jeremiah,2,26,ישראל,nmpr,"pers,gens,topo",F:unclassified-name,Other Tanakh
235821,1425895,474052,Jeremiah,2,26,מלך,subs,,B:deity-candidate,Other Tanakh
235841,1425896,474057,Jeremiah,2,27,אל,prep,,C:divine-title-candidate,Other Tanakh
235856,1425897,474062,Jeremiah,2,28,אלהים,subs,,D:Elohim,Other Tanakh
235870,1425897,474066,Jeremiah,2,28,אלהים,subs,,D:Elohim,Other Tanakh
235871,1425897,474067,Jeremiah,2,28,יהודה,nmpr,"pers,gens,topo",F:unclassified-name,Other Tanakh
235874,1425898,474068,Jeremiah,2,29,אל,prep,,C:divine-title-candidate,Other Tanakh
235879,1425898,474070,Jeremiah,2,29,יהוה,nmpr,pers,E:YHWH,Other Tanakh
235900,1425900,474075,Jeremiah,2,31,יהוה,nmpr,pers,E:YHWH,Other Tanakh
235905,1425900,474076,Jeremiah,2,31,ישראל,nmpr,"pers,gens,topo",F:unclassified-name,Other Tanakh
235916,1425900,474080,Jeremiah,2,31,אל,prep,,C:divine-title-candidate,Other Tanakh
235984,1425905,474099,Jeremiah,2,36,מצרים,nmpr,topo,F:unclassified-name,Other Tanakh
235990,1425905,474100,Jeremiah,2,36,אשור,nmpr,topo,F:unclassified-name,Other Tanakh
236002,1425906,474103,Jeremiah,2,37,יהוה,nmpr,pers,E:YHWH,Other Tanakh
236027,1425907,474109,Jeremiah,3,1,אל,prep,,C:divine-title-candidate,Other Tanakh
236044,1425907,474112,Jeremiah,3,1,אל,prep,,C:divine-title-candidate,Other Tanakh
236046,1425907,474113,Jeremiah,3,1,יהוה,nmpr,pers,E:YHWH,Other Tanakh
236116,1425912,474132,Jeremiah,3,6,יהוה,nmpr,pers,E:YHWH,Other Tanakh
236117,1425912,474132,Jeremiah,3,6,אל,prep,,C:divine-title-candidate,Other Tanakh
236120,1425912,474132,Jeremiah,3,6,יאשיהו,nmpr,pers,A:person-candidate,Other Tanakh
236122,1425912,474132,Jeremiah,3,6,מלך,subs,,B:deity-candidate,Other Tanakh
236128,1425912,474134,Jeremiah,3,6,ישראל,nmpr,"pers,gens,topo",F:unclassified-name,Other Tanakh
236136,1425912,474135,Jeremiah,3,6,אל,prep,,C:divine-title-candidate,Other Tanakh
236151,1425913,474139,Jeremiah,3,7,אל,prep,,C:divine-title-candidate,Other Tanakh
236160,1425913,474141,Jeremiah,3,7,יהודה,nmpr,"pers,gens,topo",F:unclassified-name,Other Tanakh
236170,1425914,474144,Jeremiah,3,8,ישראל,nmpr,"pers,gens,topo",F:unclassified-name,Other Tanakh
236177,1425914,474145,Jeremiah,3,8,אל,prep,,C:divine-title-candidate,Other Tanakh
236182,1425914,474146,Jeremiah,3,8,יהודה,nmpr,"pers,gens,topo",F:unclassified-name,Other Tanakh
236216,1425916,474152,Jeremiah,3,10,אל,prep,,C:divine-title-candidate,Other Tanakh
236219,1425916,474152,Jeremiah,3,10,יהודה,nmpr,"pers,gens,topo",F:unclassified-name,Other Tanakh
236228,1425916,474154,Jeremiah,3,10,יהוה,nmpr,pers,E:YHWH,Other Tanakh
236231,1425917,474155,Jeremiah,3,11,יהוה,nmpr,pers,E:YHWH,Other Tanakh
236232,1425917,474155,Jeremiah,3,11,אל,prep,,C:divine-title-candidate,Other Tanakh
236236,1425917,474156,Jeremiah,3,11,ישראל,nmpr,"pers,gens,topo",F:unclassified-name,Other Tanakh
236239,1425917,474156,Jeremiah,3,11,יהודה,nmpr,"pers,gens,topo",F:unclassified-name,Other Tanakh
236253,1425918,474161,Jeremiah,3,12,ישראל,nmpr,"pers,gens,topo",F:unclassified-name,Other Tanakh
236255,1425918,474162,Jeremiah,3,12,יהוה,nmpr,pers,E:YHWH,Other Tanakh
236264,1425918,474165,Jeremiah,3,12,יהוה,nmpr,pers,E:YHWH,Other Tanakh
236274,1425919,474168,Jeremiah,3,13,יהוה,nmpr,pers,E:YHWH,Other Tanakh
236275,1425919,474168,Jeremiah,3,13,אלהים,subs,,D:Elohim,Other Tanakh
236294,1425919,474171,Jeremiah,3,13,יהוה,nmpr,pers,E:YHWH,Other Tanakh
236299,1425920,474174,Jeremiah,3,14,יהוה,nmpr,pers,E:YHWH,Other Tanakh
236302,1425920,474175,Jeremiah,3,14,בעל,verb,,B:deity-candidate,Other Tanakh
236317,1425920,474177,Jeremiah,3,14,ציון,nmpr,topo,F:unclassified-name,Other Tanakh
236345,1425922,474183,Jeremiah,3,16,יהוה,nmpr,pers,E:YHWH,Other Tanakh
236351,1425922,474185,Jeremiah,3,16,יהוה,nmpr,pers,E:YHWH,Other Tanakh
236375,1425923,474190,Jeremiah,3,17,ירושלם,nmpr,topo,F:unclassified-name,Other Tanakh
236377,1425923,474190,Jeremiah,3,17,יהוה,nmpr,pers,E:YHWH,Other Tanakh
236380,1425923,474191,Jeremiah,3,17,אל,prep,,C:divine-title-candidate,Other Tanakh
236386,1425923,474191,Jeremiah,3,17,יהוה,nmpr,pers,E:YHWH,Other Tanakh
236388,1425923,474191,Jeremiah,3,17,ירושלם,nmpr,topo,F:unclassified-name,Other Tanakh
236405,1425924,474193,Jeremiah,3,18,יהודה,nmpr,"pers,gens,topo",F:unclassified-name,Other Tanakh
236408,1425924,474193,Jeremiah,3,18,ישראל,nmpr,"pers,gens,topo",F:unclassified-name,Other Tanakh
236458,1425926,474204,Jeremiah,3,20,ישראל,nmpr,"pers,gens,topo",F:unclassified-name,Other Tanakh
236460,1425926,474205,Jeremiah,3,20,יהוה,nmpr,pers,E:YHWH,Other Tanakh
236468,1425927,474207,Jeremiah,3,21,ישראל,nmpr,"pers,gens,topo",F:unclassified-name,Other Tanakh
236475,1425927,474209,Jeremiah,3,21,יהוה,nmpr,pers,E:YHWH,Other Tanakh
236476,1425927,474209,Jeremiah,3,21,אלהים,subs,,D:Elohim,Other Tanakh
236487,1425928,474215,Jeremiah,3,22,יהוה,nmpr,pers,E:YHWH,Other Tanakh
236488,1425928,474215,Jeremiah,3,22,אלהים,subs,,D:Elohim,Other Tanakh
236499,1425929,474217,Jeremiah,3,23,יהוה,nmpr,pers,E:YHWH,Other Tanakh
236500,1425929,474217,Jeremiah,3,23,אלהים,subs,,D:Elohim,Other Tanakh
236502,1425929,474217,Jeremiah,3,23,ישראל,nmpr,"pers,gens,topo",F:unclassified-name,Other Tanakh
236530,1425931,474221,Jeremiah,3,25,יהוה,nmpr,pers,E:YHWH,Other Tanakh
236531,1425931,474221,Jeremiah,3,25,אלהים,subs,,D:Elohim,Other Tanakh
236549,1425931,474222,Jeremiah,3,25,יהוה,nmpr,pers,E:YHWH,Other Tanakh
236550,1425931,474222,Jeremiah,3,25,אלהים,subs,,D:Elohim,Other Tanakh
236553,1425932,474224,Jeremiah,4,1,ישראל,nmpr,"pers,gens,topo",F:unclassified-name,Other Tanakh
236555,1425932,474225,Jeremiah,4,1,יהוה,nmpr,pers,E:YHWH,Other Tanakh
236556,1425932,474226,Jeremiah,4,1,אל,prep,,C:divine-title-candidate,Other Tanakh
236570,1425933,474230,Jeremiah,4,2,יהוה,nmpr,pers,E:YHWH,Other Tanakh
236588,1425934,474233,Jeremiah,4,3,יהוה,nmpr,pers,E:YHWH,Other Tanakh
236591,1425934,474233,Jeremiah,4,3,יהודה,nmpr,"pers,gens,topo",F:unclassified-name,Other Tanakh
236594,1425934,474233,Jeremiah,4,3,ירושלם,nmpr,topo,F:unclassified-name,Other Tanakh
236599,1425934,474235,Jeremiah,4,3,אל,nega,,C:divine-title-candidate,Other Tanakh
236601,1425934,474235,Jeremiah,4,3,אל,prep,,C:divine-title-candidate,Other Tanakh
236605,1425935,474236,Jeremiah,4,4,יהוה,nmpr,pers,E:YHWH,Other Tanakh
236611,1425935,474238,Jeremiah,4,4,יהודה,nmpr,"pers,gens,topo",F:unclassified-name,Other Tanakh
236614,1425935,474238,Jeremiah,4,4,ירושלם,nmpr,topo,F:unclassified-name,Other Tanakh
236632,1425936,474243,Jeremiah,4,5,יהודה,nmpr,"pers,gens,topo",F:unclassified-name,Other Tanakh
236635,1425936,474244,Jeremiah,4,5,ירושלם,nmpr,topo,F:unclassified-name,Other Tanakh
236651,1425936,474251,Jeremiah,4,5,אל,prep,,C:divine-title-candidate,Other Tanakh
236657,1425937,474252,Jeremiah,4,6,ציון,nmpr,topo,F:unclassified-name,Other Tanakh
236659,1425937,474254,Jeremiah,4,6,אל,nega,,C:divine-title-candidate,Other Tanakh
236703,1425939,474264,Jeremiah,4,8,יהוה,nmpr,pers,E:YHWH,Other Tanakh
236713,1425940,474266,Jeremiah,4,9,יהוה,nmpr,pers,E:YHWH,Other Tanakh
236717,1425940,474267,Jeremiah,4,9,מלך,subs,,B:deity-candidate,Other Tanakh
236733,1425941,474272,Jeremiah,4,10,אדני,nmpr,pers,C:divine-title-candidate,Other Tanakh
236734,1425941,474272,Jeremiah,4,10,יהוה,nmpr,pers,E:YHWH,Other Tanakh
236745,1425941,474273,Jeremiah,4,10,ירושלם,nmpr,topo,F:unclassified-name,Other Tanakh
236770,1425942,474277,Jeremiah,4,11,ירושלם,nmpr,topo,F:unclassified-name,Other Tanakh
236820,1425945,474291,Jeremiah,4,14,ירושלם,nmpr,topo,F:unclassified-name,Other Tanakh
236834,1425946,474294,Jeremiah,4,15,דן,nmpr,"pers,gens,topo",F:unclassified-name,Other Tanakh
236840,1425946,474295,Jeremiah,4,15,אפרים,nmpr,"pers,gens,topo",F:unclassified-name,Other Tanakh
236848,1425947,474297,Jeremiah,4,16,ירושלם,nmpr,topo,F:unclassified-name,Other Tanakh
236859,1425947,474299,Jeremiah,4,16,יהודה,nmpr,"pers,gens,topo",F:unclassified-name,Other Tanakh
236863,1425948,474300,Jeremiah,4,17,שדי,subs,,C:divine-title-candidate,Other Tanakh
236872,1425948,474302,Jeremiah,4,17,יהוה,nmpr,pers,E:YHWH,Other Tanakh
236957,1425954,474331,Jeremiah,4,23,אל,prep,,C:divine-title-candidate,Other Tanakh
236999,1425957,474341,Jeremiah,4,26,יהוה,nmpr,pers,E:YHWH,Other Tanakh
237007,1425958,474342,Jeremiah,4,27,יהוה,nmpr,pers,E:YHWH,Other Tanakh
237104,1425962,474367,Jeremiah,4,31,ציון,nmpr,topo,F:unclassified-name,Other Tanakh
237119,1425963,474371,Jeremiah,5,1,ירושלם,nmpr,topo,F:unclassified-name,Other Tanakh
237144,1425964,474381,Jeremiah,5,2,יהוה,nmpr,pers,E:YHWH,Other Tanakh
237151,1425965,474383,Jeremiah,5,3,יהוה,nmpr,pers,E:YHWH,Other Tanakh
237184,1425966,474397,Jeremiah,5,4,יהוה,nmpr,pers,E:YHWH,Other Tanakh
237186,1425966,474398,Jeremiah,5,4,אלהים,subs,,D:Elohim,Other Tanakh
237189,1425967,474399,Jeremiah,5,5,אל,prep,,C:divine-title-candidate,Other Tanakh
237199,1425967,474401,Jeremiah,5,5,יהוה,nmpr,pers,E:YHWH,Other Tanakh
237201,1425967,474402,Jeremiah,5,5,אלהים,subs,,D:Elohim,Other Tanakh
237244,1425969,474414,Jeremiah,5,7,אלהים,subs,,D:Elohim,Other Tanakh
237259,1425970,474419,Jeremiah,5,8,אל,prep,,C:divine-title-candidate,Other Tanakh
237269,1425971,474422,Jeremiah,5,9,יהוה,nmpr,pers,E:YHWH,Other Tanakh
237287,1425972,474427,Jeremiah,5,10,אל,nega,,C:divine-title-candidate,Other Tanakh
237294,1425972,474429,Jeremiah,5,10,יהוה,nmpr,pers,E:YHWH,Other Tanakh
237301,1425973,474430,Jeremiah,5,11,ישראל,nmpr,"pers,gens,topo",F:unclassified-name,Other Tanakh
237304,1425973,474430,Jeremiah,5,11,יהודה,nmpr,"pers,gens,topo",F:unclassified-name,Other Tanakh
237306,1425973,474431,Jeremiah,5,11,יהוה,nmpr,pers,E:YHWH,Other Tanakh
237309,1425974,474432,Jeremiah,5,12,יהוה,nmpr,pers,E:YHWH,Other Tanakh
237342,1425976,474442,Jeremiah,5,14,יהוה,nmpr,pers,E:YHWH,Other Tanakh
237343,1425976,474442,Jeremiah,5,14,אלהים,subs,,D:Elohim,Other Tanakh
237374,1425977,474448,Jeremiah,5,15,ישראל,nmpr,"pers,gens,topo",F:unclassified-name,Other Tanakh
237376,1425977,474449,Jeremiah,5,15,יהוה,nmpr,pers,E:YHWH,Other Tanakh
237435,1425980,474465,Jeremiah,5,18,יהוה,nmpr,pers,E:YHWH,Other Tanakh
237447,1425981,474468,Jeremiah,5,19,יהוה,nmpr,pers,E:YHWH,Other Tanakh
237448,1425981,474468,Jeremiah,5,19,אלהים,subs,,D:Elohim,Other Tanakh
237455,1425981,474469,Jeremiah,5,19,אל,prep,,C:divine-title-candidate,Other Tanakh
237462,1425981,474471,Jeremiah,5,19,אלהים,subs,,D:Elohim,Other Tanakh
237477,1425982,474474,Jeremiah,5,20,יעקב,nmpr,pers,A:person-candidate,Other Tanakh
237481,1425982,474475,Jeremiah,5,20,יהודה,nmpr,"pers,gens,topo",F:unclassified-name,Other Tanakh
237507,1425984,474484,Jeremiah,5,22,יהוה,nmpr,pers,E:YHWH,Other Tanakh
237558,1425986,474497,Jeremiah,5,24,יהוה,nmpr,pers,E:YHWH,Other Tanakh
237559,1425986,474497,Jeremiah,5,24,אלהים,subs,,D:Elohim,Other Tanakh
237632,1425991,474520,Jeremiah,5,29,יהוה,nmpr,pers,E:YHWH,Other Tanakh
237672,1425994,474529,Jeremiah,6,1,בנימן,nmpr,"pers,gens,topo",F:unclassified-name,Other Tanakh
237675,1425994,474528,Jeremiah,6,1,ירושלם,nmpr,topo,F:unclassified-name,Other Tanakh
237678,1425994,474530,Jeremiah,6,1,תקוע,nmpr,topo,F:unclassified-name,Other Tanakh
237683,1425994,474531,Jeremiah,6,1,בית הכרם,nmpr,topo,F:unclassified-name,Other Tanakh
237701,1425995,474535,Jeremiah,6,2,ציון,nmpr,topo,F:unclassified-name,Other Tanakh
237702,1425996,474536,Jeremiah,6,3,אל,prep,,C:divine-title-candidate,Other Tanakh
237746,1425999,474549,Jeremiah,6,6,יהוה,nmpr,pers,E:YHWH,Other Tanakh
237753,1425999,474551,Jeremiah,6,6,ירושלם,nmpr,topo,F:unclassified-name,Other Tanakh
237782,1426001,474561,Jeremiah,6,8,ירושלם,nmpr,topo,F:unclassified-name,Other Tanakh
237795,1426002,474566,Jeremiah,6,9,יהוה,nmpr,pers,E:YHWH,Other Tanakh
237803,1426002,474567,Jeremiah,6,9,ישראל,nmpr,"pers,gens,topo",F:unclassified-name,Other Tanakh
237827,1426003,474575,Jeremiah,6,10,יהוה,nmpr,pers,E:YHWH,Other Tanakh
237838,1426004,474577,Jeremiah,6,11,יהוה,nmpr,pers,E:YHWH,Other Tanakh
237881,1426005,474586,Jeremiah,6,12,יהוה,nmpr,pers,E:YHWH,Other Tanakh
237936,1426008,474601,Jeremiah,6,15,יהוה,nmpr,pers,E:YHWH,Other Tanakh
237939,1426009,474602,Jeremiah,6,16,יהוה,nmpr,pers,E:YHWH,Other Tanakh
237996,1426012,474622,Jeremiah,6,19,אל,prep,,C:divine-title-candidate,Other Tanakh
238018,1426013,474626,Jeremiah,6,20,שבא,nmpr,topo,F:unclassified-name,Other Tanakh
238039,1426014,474631,Jeremiah,6,21,יהוה,nmpr,pers,E:YHWH,Other Tanakh
238042,1426014,474632,Jeremiah,6,21,אל,prep,,C:divine-title-candidate,Other Tanakh
238062,1426015,474635,Jeremiah,6,22,יהוה,nmpr,pers,E:YHWH,Other Tanakh
238102,1426016,474644,Jeremiah,6,23,ציון,nmpr,topo,F:unclassified-name,Other Tanakh
238114,1426018,474649,Jeremiah,6,25,אל,nega,,C:divine-title-candidate,Other Tanakh
238122,1426018,474650,Jeremiah,6,25,אל,nega,,C:divine-title-candidate,Other Tanakh
238195,1426023,474670,Jeremiah,6,30,יהוה,nmpr,pers,E:YHWH,Other Tanakh
238201,1426024,474672,Jeremiah,7,1,אל,prep,,C:divine-title-candidate,Other Tanakh
238202,1426024,474672,Jeremiah,7,1,ירמיהו,nmpr,pers,A:person-candidate,Other Tanakh
238205,1426024,474672,Jeremiah,7,1,יהוה,nmpr,pers,E:YHWH,Other Tanakh
238212,1426025,474674,Jeremiah,7,2,יהוה,nmpr,pers,E:YHWH,Other Tanakh
238225,1426025,474677,Jeremiah,7,2,יהוה,nmpr,pers,E:YHWH,Other Tanakh
238227,1426025,474678,Jeremiah,7,2,יהודה,nmpr,"pers,gens,topo",F:unclassified-name,Other Tanakh
238238,1426025,474680,Jeremiah,7,2,יהוה,nmpr,pers,E:YHWH,Other Tanakh
238241,1426026,474681,Jeremiah,7,3,יהוה,nmpr,pers,E:YHWH,Other Tanakh
238243,1426026,474681,Jeremiah,7,3,אלהים,subs,,D:Elohim,Other Tanakh
238244,1426026,474681,Jeremiah,7,3,ישראל,nmpr,"pers,gens,topo",F:unclassified-name,Other Tanakh
238257,1426027,474684,Jeremiah,7,4,אל,nega,,C:divine-title-candidate,Other Tanakh
238260,1426027,474684,Jeremiah,7,4,אל,prep,,C:divine-title-candidate,Other Tanakh
238267,1426027,474686,Jeremiah,7,4,יהוה,nmpr,pers,E:YHWH,Other Tanakh
238269,1426027,474686,Jeremiah,7,4,יהוה,nmpr,pers,E:YHWH,Other Tanakh
238271,1426027,474686,Jeremiah,7,4,יהוה,nmpr,pers,E:YHWH,Other Tanakh
238300,1426029,474690,Jeremiah,7,6,אל,nega,,C:divine-title-candidate,Other Tanakh
238309,1426029,474691,Jeremiah,7,6,אלהים,subs,,D:Elohim,Other Tanakh
238362,1426032,474700,Jeremiah,7,9,בעל,subs,,B:deity-candidate,Other Tanakh
238366,1426032,474701,Jeremiah,7,9,אלהים,subs,,D:Elohim,Other Tanakh
238416,1426034,474713,Jeremiah,7,11,יהוה,nmpr,pers,E:YHWH,Other Tanakh
238420,1426035,474714,Jeremiah,7,12,אל,prep,,C:divine-title-candidate,Other Tanakh
238424,1426035,474715,Jeremiah,7,12,שלו,nmpr,topo,F:unclassified-name,Other Tanakh
238442,1426035,474718,Jeremiah,7,12,ישראל,nmpr,"pers,gens,topo",F:unclassified-name,Other Tanakh
238454,1426036,474721,Jeremiah,7,13,יהוה,nmpr,pers,E:YHWH,Other Tanakh
238457,1426036,474722,Jeremiah,7,13,אל,prep,,C:divine-title-candidate,Other Tanakh
238497,1426037,474732,Jeremiah,7,14,שלו,nmpr,topo,F:unclassified-name,Other Tanakh
238513,1426038,474734,Jeremiah,7,15,אפרים,nmpr,"pers,gens,topo",F:unclassified-name,Other Tanakh
238516,1426039,474736,Jeremiah,7,16,אל,nega,,C:divine-title-candidate,Other Tanakh
238524,1426039,474737,Jeremiah,7,16,אל,nega,,C:divine-title-candidate,Other Tanakh
238531,1426039,474738,Jeremiah,7,16,אל,nega,,C:divine-title-candidate,Other Tanakh
238546,1426040,474741,Jeremiah,7,17,יהודה,nmpr,"pers,gens,topo",F:unclassified-name,Other Tanakh
238550,1426040,474741,Jeremiah,7,17,ירושלם,nmpr,topo,F:unclassified-name,Other Tanakh
238578,1426041,474746,Jeremiah,7,18,אלהים,subs,,D:Elohim,Other Tanakh
238587,1426042,474749,Jeremiah,7,19,יהוה,nmpr,pers,E:YHWH,Other Tanakh
238597,1426043,474752,Jeremiah,7,20,אדני,nmpr,pers,C:divine-title-candidate,Other Tanakh
238598,1426043,474752,Jeremiah,7,20,יהוה,nmpr,pers,E:YHWH,Other Tanakh
238604,1426043,474753,Jeremiah,7,20,אל,prep,,C:divine-title-candidate,Other Tanakh
238633,1426044,474756,Jeremiah,7,21,יהוה,nmpr,pers,E:YHWH,Other Tanakh
238635,1426044,474756,Jeremiah,7,21,אלהים,subs,,D:Elohim,Other Tanakh
238636,1426044,474756,Jeremiah,7,21,ישראל,nmpr,"pers,gens,topo",F:unclassified-name,Other Tanakh
238658,1426045,474761,Jeremiah,7,22,מצרים,nmpr,topo,F:unclassified-name,Other Tanakh
238682,1426046,474765,Jeremiah,7,23,אלהים,subs,,D:Elohim,Other Tanakh
238735,1426048,474776,Jeremiah,7,25,מצרים,nmpr,topo,F:unclassified-name,Other Tanakh
238743,1426048,474777,Jeremiah,7,25,אל,prep,,C:divine-title-candidate,Other Tanakh
238756,1426049,474780,Jeremiah,7,26,אל,prep,,C:divine-title-candidate,Other Tanakh
238771,1426050,474784,Jeremiah,7,27,אל,prep,,C:divine-title-candidate,Other Tanakh
238781,1426050,474785,Jeremiah,7,27,אל,prep,,C:divine-title-candidate,Other Tanakh
238784,1426050,474786,Jeremiah,7,27,אל,prep,,C:divine-title-candidate,Other Tanakh
238790,1426051,474788,Jeremiah,7,28,אל,prep,,C:divine-title-candidate,Other Tanakh
238799,1426051,474790,Jeremiah,7,28,יהוה,nmpr,pers,E:YHWH,Other Tanakh
238800,1426051,474790,Jeremiah,7,28,אלהים,subs,,D:Elohim,Other Tanakh
238823,1426052,474797,Jeremiah,7,29,יהוה,nmpr,pers,E:YHWH,Other Tanakh
238832,1426053,474799,Jeremiah,7,30,יהודה,nmpr,"pers,gens,topo",F:unclassified-name,Other Tanakh
238838,1426053,474801,Jeremiah,7,30,יהוה,nmpr,pers,E:YHWH,Other Tanakh
238854,1426054,474805,Jeremiah,7,31,תפת,nmpr,topo,F:unclassified-name,Other Tanakh
238858,1426054,474806,Jeremiah,7,31,בן הנם,nmpr,topo,F:unclassified-name,Other Tanakh
238882,1426055,474812,Jeremiah,7,32,יהוה,nmpr,pers,E:YHWH,Other Tanakh
238888,1426055,474813,Jeremiah,7,32,תפת,nmpr,topo,F:unclassified-name,Other Tanakh
238891,1426055,474813,Jeremiah,7,32,בן הנם,nmpr,topo,F:unclassified-name,Other Tanakh
238900,1426055,474815,Jeremiah,7,32,תפת,nmpr,topo,F:unclassified-name,Other Tanakh
238929,1426057,474818,Jeremiah,7,34,יהודה,nmpr,"pers,gens,topo",F:unclassified-name,Other Tanakh
238933,1426057,474818,Jeremiah,7,34,ירושלם,nmpr,topo,F:unclassified-name,Other Tanakh
238956,1426058,474821,Jeremiah,8,1,יהוה,nmpr,pers,E:YHWH,Other Tanakh
238960,1426058,474820,Jeremiah,8,1,מלך,subs,,B:deity-candidate,Other Tanakh
238961,1426058,474820,Jeremiah,8,1,יהודה,nmpr,"pers,gens,topo",F:unclassified-name,Other Tanakh
238980,1426058,474820,Jeremiah,8,1,ירושלם,nmpr,topo,F:unclassified-name,Other Tanakh
239054,1426060,474834,Jeremiah,8,3,יהוה,nmpr,pers,E:YHWH,Other Tanakh
239058,1426061,474835,Jeremiah,8,4,אל,prep,,C:divine-title-candidate,Other Tanakh
239061,1426061,474836,Jeremiah,8,4,יהוה,nmpr,pers,E:YHWH,Other Tanakh
239078,1426062,474842,Jeremiah,8,5,ירושלם,nmpr,topo,F:unclassified-name,Other Tanakh
239136,1426064,474857,Jeremiah,8,7,יהוה,nmpr,pers,E:YHWH,Other Tanakh
239143,1426065,474860,Jeremiah,8,8,יהוה,nmpr,pers,E:YHWH,Other Tanakh
239162,1426066,474865,Jeremiah,8,9,יהוה,nmpr,pers,E:YHWH,Other Tanakh
239231,1426069,474882,Jeremiah,8,12,יהוה,nmpr,pers,E:YHWH,Other Tanakh
239235,1426070,474884,Jeremiah,8,13,יהוה,nmpr,pers,E:YHWH,Other Tanakh
239262,1426071,474892,Jeremiah,8,14,אל,prep,,C:divine-title-candidate,Other Tanakh
239270,1426071,474894,Jeremiah,8,14,יהוה,nmpr,pers,E:YHWH,Other Tanakh
239271,1426071,474894,Jeremiah,8,14,אלהים,subs,,D:Elohim,Other Tanakh
239280,1426071,474896,Jeremiah,8,14,יהוה,nmpr,pers,E:YHWH,Other Tanakh
239294,1426073,474901,Jeremiah,8,16,דן,nmpr,"pers,gens,topo",F:unclassified-name,Other Tanakh
239331,1426074,474909,Jeremiah,8,17,יהוה,nmpr,pers,E:YHWH,Other Tanakh
239347,1426076,474913,Jeremiah,8,19,יהוה,nmpr,pers,E:YHWH,Other Tanakh
239350,1426076,474913,Jeremiah,8,19,ציון,nmpr,topo,F:unclassified-name,Other Tanakh
239352,1426076,474914,Jeremiah,8,19,מלך,subs,,B:deity-candidate,Other Tanakh
239382,1426079,474922,Jeremiah,8,22,גלעד,nmpr,topo,F:unclassified-name,Other Tanakh
239448,1426082,474936,Jeremiah,9,2,אל,prep,,C:divine-title-candidate,Other Tanakh
239456,1426082,474938,Jeremiah,9,2,יהוה,nmpr,pers,E:YHWH,Other Tanakh
239465,1426083,474941,Jeremiah,9,3,אל,nega,,C:divine-title-candidate,Other Tanakh
239502,1426085,474953,Jeremiah,9,5,יהוה,nmpr,pers,E:YHWH,Other Tanakh
239506,1426086,474955,Jeremiah,9,6,יהוה,nmpr,pers,E:YHWH,Other Tanakh
239542,1426088,474964,Jeremiah,9,8,יהוה,nmpr,pers,E:YHWH,Other Tanakh
239587,1426090,474974,Jeremiah,9,10,ירושלם,nmpr,topo,F:unclassified-name,Other Tanakh
239595,1426090,474975,Jeremiah,9,10,יהודה,nmpr,"pers,gens,topo",F:unclassified-name,Other Tanakh
239614,1426091,474979,Jeremiah,9,11,יהוה,nmpr,pers,E:YHWH,Other Tanakh
239615,1426091,474979,Jeremiah,9,11,אל,prep,,C:divine-title-candidate,Other Tanakh
239632,1426092,474983,Jeremiah,9,12,יהוה,nmpr,pers,E:YHWH,Other Tanakh
239658,1426093,474988,Jeremiah,9,13,בעל,subs,,B:deity-candidate,Other Tanakh
239665,1426094,474991,Jeremiah,9,14,יהוה,nmpr,pers,E:YHWH,Other Tanakh
239667,1426094,474991,Jeremiah,9,14,אלהים,subs,,D:Elohim,Other Tanakh
239668,1426094,474991,Jeremiah,9,14,ישראל,nmpr,"pers,gens,topo",F:unclassified-name,Other Tanakh
239703,1426096,474998,Jeremiah,9,16,יהוה,nmpr,pers,E:YHWH,Other Tanakh
239714,1426096,475002,Jeremiah,9,16,אל,prep,,C:divine-title-candidate,Other Tanakh
239739,1426098,475008,Jeremiah,9,18,ציון,nmpr,topo,F:unclassified-name,Other Tanakh
239754,1426099,475013,Jeremiah,9,19,יהוה,nmpr,pers,E:YHWH,Other Tanakh
239787,1426101,475023,Jeremiah,9,21,יהוה,nmpr,pers,E:YHWH,Other Tanakh
239811,1426102,475027,Jeremiah,9,22,יהוה,nmpr,pers,E:YHWH,Other Tanakh
239812,1426102,475028,Jeremiah,9,22,אל,nega,,C:divine-title-candidate,Other Tanakh
239818,1426102,475029,Jeremiah,9,22,אל,nega,,C:divine-title-candidate,Other Tanakh
239824,1426102,475030,Jeremiah,9,22,אל,nega,,C:divine-title-candidate,Other Tanakh
239842,1426103,475034,Jeremiah,9,23,יהוה,nmpr,pers,E:YHWH,Other Tanakh
239856,1426103,475037,Jeremiah,9,23,יהוה,nmpr,pers,E:YHWH,Other Tanakh
239861,1426104,475039,Jeremiah,9,24,יהוה,nmpr,pers,E:YHWH,Other Tanakh
239870,1426105,475041,Jeremiah,9,25,מצרים,nmpr,topo,F:unclassified-name,Other Tanakh
239873,1426105,475041,Jeremiah,9,25,יהודה,nmpr,"pers,gens,topo",F:unclassified-name,Other Tanakh
239876,1426105,475041,Jeremiah,9,25,אדום,nmpr,topo,F:unclassified-name,Other Tanakh
239880,1426105,475041,Jeremiah,9,25,עמון,nmpr,gens,F:unclassified-name,Other Tanakh
239883,1426105,475041,Jeremiah,9,25,מואב,nmpr,"pers,gens,topo",F:unclassified-name,Other Tanakh
239902,1426105,475044,Jeremiah,9,25,ישראל,nmpr,"pers,gens,topo",F:unclassified-name,Other Tanakh
239911,1426106,475046,Jeremiah,10,1,יהוה,nmpr,pers,E:YHWH,Other Tanakh
239914,1426106,475047,Jeremiah,10,1,ישראל,nmpr,"pers,gens,topo",F:unclassified-name,Other Tanakh
239917,1426107,475048,Jeremiah,10,2,יהוה,nmpr,pers,E:YHWH,Other Tanakh
239918,1426107,475049,Jeremiah,10,2,אל,prep,,C:divine-title-candidate,Other Tanakh
239922,1426107,475049,Jeremiah,10,2,אל,nega,,C:divine-title-candidate,Other Tanakh
239929,1426107,475050,Jeremiah,10,2,אל,nega,,C:divine-title-candidate,Other Tanakh
239981,1426110,475063,Jeremiah,10,5,אל,nega,,C:divine-title-candidate,Other Tanakh
239995,1426111,475067,Jeremiah,10,6,יהוה,nmpr,pers,E:YHWH,Other Tanakh
240006,1426112,475071,Jeremiah,10,7,מלך,subs,,B:deity-candidate,Other Tanakh
240038,1426114,475079,Jeremiah,10,9,תרשיש,nmpr,topo,F:unclassified-name,Other Tanakh
240043,1426114,475080,Jeremiah,10,9,אופז,nmpr,topo,F:unclassified-name,Other Tanakh
240057,1426115,475084,Jeremiah,10,10,יהוה,nmpr,pers,E:YHWH,Other Tanakh
240058,1426115,475084,Jeremiah,10,10,אלהים,subs,,D:Elohim,Other Tanakh
240061,1426115,475085,Jeremiah,10,10,אלהים,subs,,D:Elohim,Other Tanakh
240064,1426115,475085,Jeremiah,10,10,מלך,subs,,B:deity-candidate,Other Tanakh
240162,1426121,475106,Jeremiah,10,16,יעקב,nmpr,pers,A:person-candidate,Other Tanakh
240169,1426121,475108,Jeremiah,10,16,ישראל,nmpr,"pers,gens,topo",F:unclassified-name,Other Tanakh
240172,1426121,475109,Jeremiah,10,16,יהוה,nmpr,pers,E:YHWH,Other Tanakh
240186,1426123,475112,Jeremiah,10,18,יהוה,nmpr,pers,E:YHWH,Other Tanakh
240240,1426126,475128,Jeremiah,10,21,יהוה,nmpr,pers,E:YHWH,Other Tanakh
240265,1426127,475134,Jeremiah,10,22,יהודה,nmpr,"pers,gens,topo",F:unclassified-name,Other Tanakh
240270,1426128,475136,Jeremiah,10,23,יהוה,nmpr,pers,E:YHWH,Other Tanakh
240286,1426129,475142,Jeremiah,10,24,יהוה,nmpr,pers,E:YHWH,Other Tanakh
240290,1426129,475144,Jeremiah,10,24,אל,nega,,C:divine-title-candidate,Other Tanakh
240314,1426130,475150,Jeremiah,10,25,יעקב,nmpr,pers,A:person-candidate,Other Tanakh
240327,1426131,475155,Jeremiah,11,1,אל,prep,,C:divine-title-candidate,Other Tanakh
240328,1426131,475155,Jeremiah,11,1,ירמיהו,nmpr,pers,A:person-candidate,Other Tanakh
240331,1426131,475155,Jeremiah,11,1,יהוה,nmpr,pers,E:YHWH,Other Tanakh
240343,1426132,475158,Jeremiah,11,2,אל,prep,,C:divine-title-candidate,Other Tanakh
240345,1426132,475158,Jeremiah,11,2,יהודה,nmpr,"pers,gens,topo",F:unclassified-name,Other Tanakh
240349,1426132,475158,Jeremiah,11,2,ירושלם,nmpr,topo,F:unclassified-name,Other Tanakh
240352,1426133,475159,Jeremiah,11,3,אל,prep,,C:divine-title-candidate,Other Tanakh
240355,1426133,475160,Jeremiah,11,3,יהוה,nmpr,pers,E:YHWH,Other Tanakh
240356,1426133,475160,Jeremiah,11,3,אלהים,subs,,D:Elohim,Other Tanakh
240357,1426133,475160,Jeremiah,11,3,ישראל,nmpr,"pers,gens,topo",F:unclassified-name,Other Tanakh
240380,1426134,475164,Jeremiah,11,4,מצרים,nmpr,topo,F:unclassified-name,Other Tanakh
240408,1426134,475170,Jeremiah,11,4,אלהים,subs,,D:Elohim,Other Tanakh
240436,1426135,475178,Jeremiah,11,5,יהוה,nmpr,pers,E:YHWH,Other Tanakh
240439,1426136,475179,Jeremiah,11,6,יהוה,nmpr,pers,E:YHWH,Other Tanakh
240440,1426136,475179,Jeremiah,11,6,אל,prep,,C:divine-title-candidate,Other Tanakh
240450,1426136,475180,Jeremiah,11,6,יהודה,nmpr,"pers,gens,topo",F:unclassified-name,Other Tanakh
240454,1426136,475180,Jeremiah,11,6,ירושלם,nmpr,topo,F:unclassified-name,Other Tanakh
240478,1426137,475185,Jeremiah,11,7,מצרים,nmpr,topo,F:unclassified-name,Other Tanakh
240528,1426139,475197,Jeremiah,11,9,יהוה,nmpr,pers,E:YHWH,Other Tanakh
240529,1426139,475197,Jeremiah,11,9,אל,prep,,C:divine-title-candidate,Other Tanakh
240534,1426139,475198,Jeremiah,11,9,יהודה,nmpr,"pers,gens,topo",F:unclassified-name,Other Tanakh
240538,1426139,475198,Jeremiah,11,9,ירושלם,nmpr,topo,F:unclassified-name,Other Tanakh
240555,1426140,475202,Jeremiah,11,10,אלהים,subs,,D:Elohim,Other Tanakh
240561,1426140,475204,Jeremiah,11,10,ישראל,nmpr,"pers,gens,topo",F:unclassified-name,Other Tanakh
240564,1426140,475204,Jeremiah,11,10,יהודה,nmpr,"pers,gens,topo",F:unclassified-name,Other Tanakh
240574,1426141,475207,Jeremiah,11,11,יהוה,nmpr,pers,E:YHWH,Other Tanakh
240577,1426141,475208,Jeremiah,11,11,אל,prep,,C:divine-title-candidate,Other Tanakh
240587,1426141,475211,Jeremiah,11,11,אל,prep,,C:divine-title-candidate,Other Tanakh
240591,1426141,475212,Jeremiah,11,11,אל,prep,,C:divine-title-candidate,Other Tanakh
240595,1426142,475213,Jeremiah,11,12,יהודה,nmpr,"pers,gens,topo",F:unclassified-name,Other Tanakh
240598,1426142,475213,Jeremiah,11,12,ירושלם,nmpr,topo,F:unclassified-name,Other Tanakh
240601,1426142,475214,Jeremiah,11,12,אל,prep,,C:divine-title-candidate,Other Tanakh
240603,1426142,475214,Jeremiah,11,12,אלהים,subs,,D:Elohim,Other Tanakh
240620,1426143,475217,Jeremiah,11,13,אלהים,subs,,D:Elohim,Other Tanakh
240621,1426143,475218,Jeremiah,11,13,יהודה,nmpr,"pers,gens,topo",F:unclassified-name,Other Tanakh
240625,1426143,475219,Jeremiah,11,13,ירושלם,nmpr,topo,F:unclassified-name,Other Tanakh
240636,1426143,475221,Jeremiah,11,13,בעל,subs,,B:deity-candidate,Other Tanakh
240639,1426144,475222,Jeremiah,11,14,אל,nega,,C:divine-title-candidate,Other Tanakh
240647,1426144,475223,Jeremiah,11,14,אל,nega,,C:divine-title-candidate,Other Tanakh
240659,1426144,475225,Jeremiah,11,14,אל,prep,,C:divine-title-candidate,Other Tanakh
240688,1426146,475231,Jeremiah,11,16,יהוה,nmpr,pers,E:YHWH,Other Tanakh
240701,1426147,475234,Jeremiah,11,17,יהוה,nmpr,pers,E:YHWH,Other Tanakh
240713,1426147,475234,Jeremiah,11,17,ישראל,nmpr,"pers,gens,topo",F:unclassified-name,Other Tanakh
240716,1426147,475234,Jeremiah,11,17,יהודה,nmpr,"pers,gens,topo",F:unclassified-name,Other Tanakh
240726,1426147,475238,Jeremiah,11,17,בעל,subs,,B:deity-candidate,Other Tanakh
240728,1426148,475239,Jeremiah,11,18,יהוה,nmpr,pers,E:YHWH,Other Tanakh
240765,1426150,475250,Jeremiah,11,20,יהוה,nmpr,pers,E:YHWH,Other Tanakh
240777,1426150,475253,Jeremiah,11,20,אל,prep,,C:divine-title-candidate,Other Tanakh
240784,1426151,475255,Jeremiah,11,21,יהוה,nmpr,pers,E:YHWH,Other Tanakh
240787,1426151,475255,Jeremiah,11,21,ענתות,nmpr,topo,F:unclassified-name,Other Tanakh
240798,1426151,475258,Jeremiah,11,21,יהוה,nmpr,pers,E:YHWH,Other Tanakh
240807,1426152,475261,Jeremiah,11,22,יהוה,nmpr,pers,E:YHWH,Other Tanakh
240833,1426153,475266,Jeremiah,11,23,אל,prep,,C:divine-title-candidate,Other Tanakh
240835,1426153,475266,Jeremiah,11,23,ענתות,nmpr,topo,F:unclassified-name,Other Tanakh
240840,1426154,475268,Jeremiah,12,1,יהוה,nmpr,pers,E:YHWH,Other Tanakh
240843,1426154,475269,Jeremiah,12,1,אל,prep,,C:divine-title-candidate,Other Tanakh
240873,1426156,475280,Jeremiah,12,3,יהוה,nmpr,pers,E:YHWH,Other Tanakh
240939,1426158,475294,Jeremiah,12,5,ירדן,nmpr,topo,F:unclassified-name,Other Tanakh
240955,1426159,475298,Jeremiah,12,6,אל,nega,,C:divine-title-candidate,Other Tanakh
240960,1426159,475299,Jeremiah,12,6,אל,prep,,C:divine-title-candidate,Other Tanakh
241049,1426165,475319,Jeremiah,12,12,יהוה,nmpr,pers,E:YHWH,Other Tanakh
241079,1426166,475325,Jeremiah,12,13,יהוה,nmpr,pers,E:YHWH,Other Tanakh
241082,1426167,475326,Jeremiah,12,14,יהוה,nmpr,pers,E:YHWH,Other Tanakh
241098,1426167,475328,Jeremiah,12,14,ישראל,nmpr,"pers,gens,topo",F:unclassified-name,Other Tanakh
241107,1426167,475330,Jeremiah,12,14,יהודה,nmpr,"pers,gens,topo",F:unclassified-name,Other Tanakh
241141,1426169,475341,Jeremiah,12,16,יהוה,nmpr,pers,E:YHWH,Other Tanakh
241151,1426169,475343,Jeremiah,12,16,בעל,subs,,B:deity-candidate,Other Tanakh
241172,1426170,475349,Jeremiah,12,17,יהוה,nmpr,pers,E:YHWH,Other Tanakh
241175,1426171,475350,Jeremiah,13,1,יהוה,nmpr,pers,E:YHWH,Other Tanakh
241176,1426171,475350,Jeremiah,13,1,אל,prep,,C:divine-title-candidate,Other Tanakh
241200,1426172,475355,Jeremiah,13,2,יהוה,nmpr,pers,E:YHWH,Other Tanakh
241208,1426173,475357,Jeremiah,13,3,יהוה,nmpr,pers,E:YHWH,Other Tanakh
241209,1426173,475357,Jeremiah,13,3,אל,prep,,C:divine-title-candidate,Other Tanakh
241225,1426174,475363,Jeremiah,13,4,פרת,nmpr,topo,F:unclassified-name,Other Tanakh
241238,1426175,475366,Jeremiah,13,5,פרת,nmpr,topo,F:unclassified-name,Other Tanakh
241242,1426175,475367,Jeremiah,13,5,יהוה,nmpr,pers,E:YHWH,Other Tanakh
241252,1426176,475369,Jeremiah,13,6,יהוה,nmpr,pers,E:YHWH,Other Tanakh
241253,1426176,475369,Jeremiah,13,6,אל,prep,,C:divine-title-candidate,Other Tanakh
241256,1426176,475371,Jeremiah,13,6,פרת,nmpr,topo,F:unclassified-name,Other Tanakh
241271,1426177,475375,Jeremiah,13,7,פרת,nmpr,topo,F:unclassified-name,Other Tanakh
241298,1426178,475382,Jeremiah,13,8,יהוה,nmpr,pers,E:YHWH,Other Tanakh
241299,1426178,475382,Jeremiah,13,8,אל,prep,,C:divine-title-candidate,Other Tanakh
241304,1426179,475384,Jeremiah,13,9,יהוה,nmpr,pers,E:YHWH,Other Tanakh
241309,1426179,475385,Jeremiah,13,9,יהודה,nmpr,"pers,gens,topo",F:unclassified-name,Other Tanakh
241313,1426179,475385,Jeremiah,13,9,ירושלם,nmpr,topo,F:unclassified-name,Other Tanakh
241336,1426180,475390,Jeremiah,13,10,אלהים,subs,,D:Elohim,Other Tanakh
241363,1426181,475396,Jeremiah,13,11,אל,prep,,C:divine-title-candidate,Other Tanakh
241368,1426181,475397,Jeremiah,13,11,אל,prep,,C:divine-title-candidate,Other Tanakh
241372,1426181,475397,Jeremiah,13,11,ישראל,nmpr,"pers,gens,topo",F:unclassified-name,Other Tanakh
241377,1426181,475397,Jeremiah,13,11,יהודה,nmpr,"pers,gens,topo",F:unclassified-name,Other Tanakh
241379,1426181,475398,Jeremiah,13,11,יהוה,nmpr,pers,E:YHWH,Other Tanakh
241399,1426182,475401,Jeremiah,13,12,אל,prep,,C:divine-title-candidate,Other Tanakh
241407,1426182,475402,Jeremiah,13,12,יהוה,nmpr,pers,E:YHWH,Other Tanakh
241408,1426182,475402,Jeremiah,13,12,אלהים,subs,,D:Elohim,Other Tanakh
241409,1426182,475402,Jeremiah,13,12,ישראל,nmpr,"pers,gens,topo",F:unclassified-name,Other Tanakh
241416,1426182,475404,Jeremiah,13,12,אל,prep,,C:divine-title-candidate,Other Tanakh
241428,1426183,475407,Jeremiah,13,13,אל,prep,,C:divine-title-candidate,Other Tanakh
241431,1426183,475408,Jeremiah,13,13,יהוה,nmpr,pers,E:YHWH,Other Tanakh
241444,1426183,475410,Jeremiah,13,13,מלך,subs,,B:deity-candidate,Other Tanakh
241448,1426183,475411,Jeremiah,13,13,דוד,nmpr,pers,A:person-candidate,Other Tanakh
241463,1426183,475410,Jeremiah,13,13,ירושלם,nmpr,topo,F:unclassified-name,Other Tanakh
241468,1426184,475413,Jeremiah,13,14,אל,prep,,C:divine-title-candidate,Other Tanakh
241478,1426184,475415,Jeremiah,13,14,יהוה,nmpr,pers,E:YHWH,Other Tanakh
241492,1426185,475422,Jeremiah,13,15,אל,nega,,C:divine-title-candidate,Other Tanakh
241495,1426185,475423,Jeremiah,13,15,יהוה,nmpr,pers,E:YHWH,Other Tanakh
241499,1426186,475424,Jeremiah,13,16,יהוה,nmpr,pers,E:YHWH,Other Tanakh
241500,1426186,475424,Jeremiah,13,16,אלהים,subs,,D:Elohim,Other Tanakh
241546,1426187,475434,Jeremiah,13,17,יהוה,nmpr,pers,E:YHWH,Other Tanakh
241550,1426188,475435,Jeremiah,13,18,מלך,subs,,B:deity-candidate,Other Tanakh
241570,1426189,475441,Jeremiah,13,19,יהודה,nmpr,"pers,gens,topo",F:unclassified-name,Other Tanakh
241653,1426195,475466,Jeremiah,13,25,יהוה,nmpr,pers,E:YHWH,Other Tanakh
241686,1426197,475474,Jeremiah,13,27,ירושלם,nmpr,topo,F:unclassified-name,Other Tanakh
241695,1426198,475476,Jeremiah,14,1,יהוה,nmpr,pers,E:YHWH,Other Tanakh
241696,1426198,475476,Jeremiah,14,1,אל,prep,,C:divine-title-candidate,Other Tanakh
241697,1426198,475476,Jeremiah,14,1,ירמיהו,nmpr,pers,A:person-candidate,Other Tanakh
241703,1426199,475477,Jeremiah,14,2,יהודה,nmpr,"pers,gens,topo",F:unclassified-name,Other Tanakh
241713,1426199,475480,Jeremiah,14,2,ירושלם,nmpr,topo,F:unclassified-name,Other Tanakh
241785,1426204,475501,Jeremiah,14,7,יהוה,nmpr,pers,E:YHWH,Other Tanakh
241795,1426205,475505,Jeremiah,14,8,ישראל,nmpr,"pers,gens,topo",F:unclassified-name,Other Tanakh
241828,1426206,475516,Jeremiah,14,9,יהוה,nmpr,pers,E:YHWH,Other Tanakh
241833,1426206,475518,Jeremiah,14,9,אל,nega,,C:divine-title-candidate,Other Tanakh
241837,1426207,475519,Jeremiah,14,10,יהוה,nmpr,pers,E:YHWH,Other Tanakh
241851,1426207,475523,Jeremiah,14,10,יהוה,nmpr,pers,E:YHWH,Other Tanakh
241862,1426208,475526,Jeremiah,14,11,יהוה,nmpr,pers,E:YHWH,Other Tanakh
241863,1426208,475526,Jeremiah,14,11,אל,prep,,C:divine-title-candidate,Other Tanakh
241864,1426208,475527,Jeremiah,14,11,אל,nega,,C:divine-title-candidate,Other Tanakh
241877,1426209,475529,Jeremiah,14,12,אל,prep,,C:divine-title-candidate,Other Tanakh
241905,1426210,475534,Jeremiah,14,13,אדני,nmpr,pers,C:divine-title-candidate,Other Tanakh
241906,1426210,475534,Jeremiah,14,13,יהוה,nmpr,pers,E:YHWH,Other Tanakh
241932,1426211,475539,Jeremiah,14,14,יהוה,nmpr,pers,E:YHWH,Other Tanakh
241933,1426211,475539,Jeremiah,14,14,אל,prep,,C:divine-title-candidate,Other Tanakh
241948,1426211,475543,Jeremiah,14,14,אל,prep,,C:divine-title-candidate,Other Tanakh
241964,1426212,475546,Jeremiah,14,15,יהוה,nmpr,pers,E:YHWH,Other Tanakh
242012,1426213,475552,Jeremiah,14,16,ירושלם,nmpr,topo,F:unclassified-name,Other Tanakh
242038,1426214,475556,Jeremiah,14,17,אל,prep,,C:divine-title-candidate,Other Tanakh
242051,1426214,475558,Jeremiah,14,17,אל,nega,,C:divine-title-candidate,Other Tanakh
242086,1426215,475565,Jeremiah,14,18,אל,prep,,C:divine-title-candidate,Other Tanakh
242095,1426216,475567,Jeremiah,14,19,יהודה,nmpr,"pers,gens,topo",F:unclassified-name,Other Tanakh
242098,1426216,475568,Jeremiah,14,19,ציון,nmpr,topo,F:unclassified-name,Other Tanakh
242121,1426217,475576,Jeremiah,14,20,יהוה,nmpr,pers,E:YHWH,Other Tanakh
242128,1426218,475578,Jeremiah,14,21,אל,nega,,C:divine-title-candidate,Other Tanakh
242132,1426218,475579,Jeremiah,14,21,אל,nega,,C:divine-title-candidate,Other Tanakh
242137,1426218,475581,Jeremiah,14,21,אל,nega,,C:divine-title-candidate,Other Tanakh
242158,1426219,475585,Jeremiah,14,22,יהוה,nmpr,pers,E:YHWH,Other Tanakh
242159,1426219,475585,Jeremiah,14,22,אלהים,subs,,D:Elohim,Other Tanakh
242171,1426220,475588,Jeremiah,15,1,יהוה,nmpr,pers,E:YHWH,Other Tanakh
242172,1426220,475588,Jeremiah,15,1,אל,prep,,C:divine-title-candidate,Other Tanakh
242175,1426220,475589,Jeremiah,15,1,משה,nmpr,pers,A:person-candidate,Other Tanakh
242177,1426220,475589,Jeremiah,15,1,שמואל,nmpr,pers,A:person-candidate,Other Tanakh
242182,1426220,475590,Jeremiah,15,1,אל,prep,,C:divine-title-candidate,Other Tanakh
242197,1426221,475594,Jeremiah,15,2,אל,prep,,C:divine-title-candidate,Other Tanakh
242202,1426221,475596,Jeremiah,15,2,אל,prep,,C:divine-title-candidate,Other Tanakh
242205,1426221,475597,Jeremiah,15,2,יהוה,nmpr,pers,E:YHWH,Other Tanakh
242243,1426222,475607,Jeremiah,15,3,יהוה,nmpr,pers,E:YHWH,Other Tanakh
242281,1426223,475613,Jeremiah,15,4,מנשה,nmpr,"pers,gens",F:unclassified-name,Other Tanakh
242283,1426223,475613,Jeremiah,15,4,יחזקיהו,nmpr,pers,A:person-candidate,Other Tanakh
242284,1426223,475613,Jeremiah,15,4,מלך,subs,,B:deity-candidate,Other Tanakh
242285,1426223,475613,Jeremiah,15,4,יהודה,nmpr,"pers,gens,topo",F:unclassified-name,Other Tanakh
242290,1426223,475614,Jeremiah,15,4,ירושלם,nmpr,topo,F:unclassified-name,Other Tanakh
242295,1426224,475616,Jeremiah,15,5,ירושלם,nmpr,topo,F:unclassified-name,Other Tanakh
242312,1426225,475621,Jeremiah,15,6,יהוה,nmpr,pers,E:YHWH,Other Tanakh
242385,1426228,475640,Jeremiah,15,9,יהוה,nmpr,pers,E:YHWH,Other Tanakh
242409,1426230,475647,Jeremiah,15,11,יהוה,nmpr,pers,E:YHWH,Other Tanakh
242471,1426234,475660,Jeremiah,15,15,יהוה,nmpr,pers,E:YHWH,Other Tanakh
242480,1426234,475664,Jeremiah,15,15,אל,nega,,C:divine-title-candidate,Other Tanakh
242507,1426235,475671,Jeremiah,15,16,יהוה,nmpr,pers,E:YHWH,Other Tanakh
242508,1426235,475671,Jeremiah,15,16,אלהים,subs,,D:Elohim,Other Tanakh
242545,1426238,475684,Jeremiah,15,19,יהוה,nmpr,pers,E:YHWH,Other Tanakh
242564,1426238,475690,Jeremiah,15,19,אל,prep,,C:divine-title-candidate,Other Tanakh
242569,1426238,475691,Jeremiah,15,19,אל,prep,,C:divine-title-candidate,Other Tanakh
242583,1426239,475693,Jeremiah,15,20,אל,prep,,C:divine-title-candidate,Other Tanakh
242597,1426239,475698,Jeremiah,15,20,יהוה,nmpr,pers,E:YHWH,Other Tanakh
242611,1426241,475701,Jeremiah,16,1,יהוה,nmpr,pers,E:YHWH,Other Tanakh
242612,1426241,475701,Jeremiah,16,1,אל,prep,,C:divine-title-candidate,Other Tanakh
242634,1426243,475705,Jeremiah,16,3,יהוה,nmpr,pers,E:YHWH,Other Tanakh
242707,1426245,475715,Jeremiah,16,5,יהוה,nmpr,pers,E:YHWH,Other Tanakh
242708,1426245,475716,Jeremiah,16,5,אל,nega,,C:divine-title-candidate,Other Tanakh
242713,1426245,475717,Jeremiah,16,5,אל,nega,,C:divine-title-candidate,Other Tanakh
242718,1426245,475719,Jeremiah,16,5,אל,nega,,C:divine-title-candidate,Other Tanakh
242732,1426245,475721,Jeremiah,16,5,יהוה,nmpr,pers,E:YHWH,Other Tanakh
242800,1426249,475735,Jeremiah,16,9,יהוה,nmpr,pers,E:YHWH,Other Tanakh
242802,1426249,475735,Jeremiah,16,9,אלהים,subs,,D:Elohim,Other Tanakh
242803,1426249,475735,Jeremiah,16,9,ישראל,nmpr,"pers,gens,topo",F:unclassified-name,Other Tanakh
242843,1426250,475739,Jeremiah,16,10,אל,prep,,C:divine-title-candidate,Other Tanakh
242847,1426250,475740,Jeremiah,16,10,יהוה,nmpr,pers,E:YHWH,Other Tanakh
242866,1426250,475743,Jeremiah,16,10,יהוה,nmpr,pers,E:YHWH,Other Tanakh
242867,1426250,475743,Jeremiah,16,10,אלהים,subs,,D:Elohim,Other Tanakh
242870,1426251,475744,Jeremiah,16,11,אל,prep,,C:divine-title-candidate,Other Tanakh
242877,1426251,475746,Jeremiah,16,11,יהוה,nmpr,pers,E:YHWH,Other Tanakh
242881,1426251,475747,Jeremiah,16,11,אלהים,subs,,D:Elohim,Other Tanakh
242915,1426252,475755,Jeremiah,16,12,אל,prep,,C:divine-title-candidate,Other Tanakh
242938,1426253,475758,Jeremiah,16,13,אלהים,subs,,D:Elohim,Other Tanakh
242953,1426254,475762,Jeremiah,16,14,יהוה,nmpr,pers,E:YHWH,Other Tanakh
242959,1426254,475764,Jeremiah,16,14,יהוה,nmpr,pers,E:YHWH,Other Tanakh
242964,1426254,475765,Jeremiah,16,14,ישראל,nmpr,"pers,gens,topo",F:unclassified-name,Other Tanakh
242967,1426254,475765,Jeremiah,16,14,מצרים,nmpr,topo,F:unclassified-name,Other Tanakh
242971,1426255,475767,Jeremiah,16,15,יהוה,nmpr,pers,E:YHWH,Other Tanakh
242976,1426255,475768,Jeremiah,16,15,ישראל,nmpr,"pers,gens,topo",F:unclassified-name,Other Tanakh
243002,1426256,475773,Jeremiah,16,16,יהוה,nmpr,pers,E:YHWH,Other Tanakh
243064,1426259,475783,Jeremiah,16,19,יהוה,nmpr,pers,E:YHWH,Other Tanakh
243073,1426259,475784,Jeremiah,16,19,אל,prep,,C:divine-title-candidate,Other Tanakh
243094,1426260,475789,Jeremiah,16,20,אלהים,subs,,D:Elohim,Other Tanakh
243098,1426260,475790,Jeremiah,16,20,אלהים,subs,,D:Elohim,Other Tanakh
243117,1426261,475795,Jeremiah,16,21,יהוה,nmpr,pers,E:YHWH,Other Tanakh
243119,1426262,475796,Jeremiah,17,1,יהודה,nmpr,"pers,gens,topo",F:unclassified-name,Other Tanakh
243193,1426266,475809,Jeremiah,17,5,יהוה,nmpr,pers,E:YHWH,Other Tanakh
243208,1426266,475813,Jeremiah,17,5,יהוה,nmpr,pers,E:YHWH,Other Tanakh
243241,1426268,475820,Jeremiah,17,7,יהוה,nmpr,pers,E:YHWH,Other Tanakh
243244,1426268,475821,Jeremiah,17,7,יהוה,nmpr,pers,E:YHWH,Other Tanakh
243291,1426271,475834,Jeremiah,17,10,יהוה,nmpr,pers,E:YHWH,Other Tanakh
243334,1426274,475846,Jeremiah,17,13,ישראל,nmpr,"pers,gens,topo",F:unclassified-name,Other Tanakh
243335,1426274,475846,Jeremiah,17,13,יהוה,nmpr,pers,E:YHWH,Other Tanakh
243351,1426274,475849,Jeremiah,17,13,יהוה,nmpr,pers,E:YHWH,Other Tanakh
243353,1426275,475851,Jeremiah,17,14,יהוה,nmpr,pers,E:YHWH,Other Tanakh
243365,1426276,475856,Jeremiah,17,15,אל,prep,,C:divine-title-candidate,Other Tanakh
243368,1426276,475857,Jeremiah,17,15,יהוה,nmpr,pers,E:YHWH,Other Tanakh
243390,1426278,475863,Jeremiah,17,17,אל,nega,,C:divine-title-candidate,Other Tanakh
243403,1426279,475866,Jeremiah,17,18,אל,nega,,C:divine-title-candidate,Other Tanakh
243409,1426279,475868,Jeremiah,17,18,אל,nega,,C:divine-title-candidate,Other Tanakh
243422,1426280,475871,Jeremiah,17,19,יהוה,nmpr,pers,E:YHWH,Other Tanakh
243423,1426280,475871,Jeremiah,17,19,אל,prep,,C:divine-title-candidate,Other Tanakh
243435,1426280,475874,Jeremiah,17,19,מלך,subs,,B:deity-candidate,Other Tanakh
243436,1426280,475874,Jeremiah,17,19,יהודה,nmpr,"pers,gens,topo",F:unclassified-name,Other Tanakh
243445,1426280,475873,Jeremiah,17,19,ירושלם,nmpr,topo,F:unclassified-name,Other Tanakh
243448,1426281,475876,Jeremiah,17,20,אל,prep,,C:divine-title-candidate,Other Tanakh
243451,1426281,475877,Jeremiah,17,20,יהוה,nmpr,pers,E:YHWH,Other Tanakh
243452,1426281,475878,Jeremiah,17,20,מלך,subs,,B:deity-candidate,Other Tanakh
243453,1426281,475878,Jeremiah,17,20,יהודה,nmpr,"pers,gens,topo",F:unclassified-name,Other Tanakh
243456,1426281,475878,Jeremiah,17,20,יהודה,nmpr,"pers,gens,topo",F:unclassified-name,Other Tanakh
243460,1426281,475878,Jeremiah,17,20,ירושלם,nmpr,topo,F:unclassified-name,Other Tanakh
243470,1426282,475880,Jeremiah,17,21,יהוה,nmpr,pers,E:YHWH,Other Tanakh
243475,1426282,475882,Jeremiah,17,21,אל,nega,,C:divine-title-candidate,Other Tanakh
243486,1426282,475883,Jeremiah,17,21,ירושלם,nmpr,topo,F:unclassified-name,Other Tanakh
243538,1426285,475894,Jeremiah,17,24,אל,prep,,C:divine-title-candidate,Other Tanakh
243540,1426285,475895,Jeremiah,17,24,יהוה,nmpr,pers,E:YHWH,Other Tanakh
243576,1426286,475899,Jeremiah,17,25,מלך,subs,,B:deity-candidate,Other Tanakh
243582,1426286,475900,Jeremiah,17,25,דוד,nmpr,pers,A:person-candidate,Other Tanakh
243595,1426286,475899,Jeremiah,17,25,יהודה,nmpr,"pers,gens,topo",F:unclassified-name,Other Tanakh
243598,1426286,475899,Jeremiah,17,25,ירושלם,nmpr,topo,F:unclassified-name,Other Tanakh
243611,1426287,475903,Jeremiah,17,26,יהודה,nmpr,"pers,gens,topo",F:unclassified-name,Other Tanakh
243615,1426287,475903,Jeremiah,17,26,ירושלם,nmpr,topo,F:unclassified-name,Other Tanakh
243619,1426287,475903,Jeremiah,17,26,בנימן,nmpr,"pers,gens,topo",F:unclassified-name,Other Tanakh
243644,1426287,475905,Jeremiah,17,26,יהוה,nmpr,pers,E:YHWH,Other Tanakh
243649,1426288,475906,Jeremiah,17,27,אל,prep,,C:divine-title-candidate,Other Tanakh
243665,1426288,475909,Jeremiah,17,27,ירושלם,nmpr,topo,F:unclassified-name,Other Tanakh
243678,1426288,475911,Jeremiah,17,27,ירושלם,nmpr,topo,F:unclassified-name,Other Tanakh
243686,1426289,475914,Jeremiah,18,1,אל,prep,,C:divine-title-candidate,Other Tanakh
243687,1426289,475914,Jeremiah,18,1,ירמיהו,nmpr,pers,A:person-candidate,Other Tanakh
243690,1426289,475914,Jeremiah,18,1,יהוה,nmpr,pers,E:YHWH,Other Tanakh
243749,1426293,475927,Jeremiah,18,5,יהוה,nmpr,pers,E:YHWH,Other Tanakh
243750,1426293,475927,Jeremiah,18,5,אל,prep,,C:divine-title-candidate,Other Tanakh
243765,1426294,475931,Jeremiah,18,6,ישראל,nmpr,"pers,gens,topo",F:unclassified-name,Other Tanakh
243767,1426294,475932,Jeremiah,18,6,יהוה,nmpr,pers,E:YHWH,Other Tanakh
243781,1426294,475935,Jeremiah,18,6,ישראל,nmpr,"pers,gens,topo",F:unclassified-name,Other Tanakh
243856,1426299,475955,Jeremiah,18,11,אל,prep,,C:divine-title-candidate,Other Tanakh
243858,1426299,475955,Jeremiah,18,11,יהודה,nmpr,"pers,gens,topo",F:unclassified-name,Other Tanakh
243862,1426299,475955,Jeremiah,18,11,ירושלם,nmpr,topo,F:unclassified-name,Other Tanakh
243867,1426299,475957,Jeremiah,18,11,יהוה,nmpr,pers,E:YHWH,Other Tanakh
243906,1426301,475968,Jeremiah,18,13,יהוה,nmpr,pers,E:YHWH,Other Tanakh
243920,1426301,475971,Jeremiah,18,13,ישראל,nmpr,"pers,gens,topo",F:unclassified-name,Other Tanakh
243925,1426302,475972,Jeremiah,18,14,שדי,subs,,C:divine-title-candidate,Other Tanakh
243927,1426302,475972,Jeremiah,18,14,לבנון,nmpr,topo,F:unclassified-name,Other Tanakh
243989,1426306,475989,Jeremiah,18,18,ירמיהו,nmpr,pers,A:person-candidate,Other Tanakh
244012,1426306,475995,Jeremiah,18,18,אל,nega,,C:divine-title-candidate,Other Tanakh
244014,1426306,475995,Jeremiah,18,18,אל,prep,,C:divine-title-candidate,Other Tanakh
244018,1426307,475997,Jeremiah,18,19,יהוה,nmpr,pers,E:YHWH,Other Tanakh
244019,1426307,475996,Jeremiah,18,19,אל,prep,,C:divine-title-candidate,Other Tanakh
244098,1426311,476016,Jeremiah,18,23,יהוה,nmpr,pers,E:YHWH,Other Tanakh
244107,1426311,476017,Jeremiah,18,23,אל,nega,,C:divine-title-candidate,Other Tanakh
244116,1426311,476018,Jeremiah,18,23,אל,nega,,C:divine-title-candidate,Other Tanakh
244130,1426312,476021,Jeremiah,19,1,יהוה,nmpr,pers,E:YHWH,Other Tanakh
244149,1426313,476025,Jeremiah,19,2,אל,prep,,C:divine-title-candidate,Other Tanakh
244151,1426313,476025,Jeremiah,19,2,בן הנם,nmpr,topo,F:unclassified-name,Other Tanakh
244165,1426313,476028,Jeremiah,19,2,אל,prep,,C:divine-title-candidate,Other Tanakh
244170,1426314,476030,Jeremiah,19,3,יהוה,nmpr,pers,E:YHWH,Other Tanakh
244171,1426314,476031,Jeremiah,19,3,מלך,subs,,B:deity-candidate,Other Tanakh
244172,1426314,476031,Jeremiah,19,3,יהודה,nmpr,"pers,gens,topo",F:unclassified-name,Other Tanakh
244175,1426314,476031,Jeremiah,19,3,ירושלם,nmpr,topo,F:unclassified-name,Other Tanakh
244178,1426314,476032,Jeremiah,19,3,יהוה,nmpr,pers,E:YHWH,Other Tanakh
244180,1426314,476032,Jeremiah,19,3,אלהים,subs,,D:Elohim,Other Tanakh
244181,1426314,476032,Jeremiah,19,3,ישראל,nmpr,"pers,gens,topo",F:unclassified-name,Other Tanakh
244209,1426315,476039,Jeremiah,19,4,אלהים,subs,,D:Elohim,Other Tanakh
244218,1426315,476040,Jeremiah,19,4,מלך,subs,,B:deity-candidate,Other Tanakh
244219,1426315,476040,Jeremiah,19,4,יהודה,nmpr,"pers,gens,topo",F:unclassified-name,Other Tanakh
244234,1426316,476042,Jeremiah,19,5,בעל,subs,,B:deity-candidate,Other Tanakh
244245,1426316,476043,Jeremiah,19,5,בעל,subs,,B:deity-candidate,Other Tanakh
244262,1426317,476049,Jeremiah,19,6,יהוה,nmpr,pers,E:YHWH,Other Tanakh
244273,1426317,476050,Jeremiah,19,6,תפת,nmpr,topo,F:unclassified-name,Other Tanakh
244276,1426317,476050,Jeremiah,19,6,בן הנם,nmpr,topo,F:unclassified-name,Other Tanakh
244286,1426318,476052,Jeremiah,19,7,יהודה,nmpr,"pers,gens,topo",F:unclassified-name,Other Tanakh
244288,1426318,476052,Jeremiah,19,7,ירושלם,nmpr,topo,F:unclassified-name,Other Tanakh
244382,1426322,476065,Jeremiah,19,11,אל,prep,,C:divine-title-candidate,Other Tanakh
244385,1426322,476066,Jeremiah,19,11,יהוה,nmpr,pers,E:YHWH,Other Tanakh
244415,1426322,476071,Jeremiah,19,11,תפת,nmpr,topo,F:unclassified-name,Other Tanakh
244430,1426323,476074,Jeremiah,19,12,יהוה,nmpr,pers,E:YHWH,Other Tanakh
244443,1426323,476075,Jeremiah,19,12,תפת,nmpr,topo,F:unclassified-name,Other Tanakh
244447,1426324,476076,Jeremiah,19,13,ירושלם,nmpr,topo,F:unclassified-name,Other Tanakh
244450,1426324,476076,Jeremiah,19,13,מלך,subs,,B:deity-candidate,Other Tanakh
244451,1426324,476076,Jeremiah,19,13,יהודה,nmpr,"pers,gens,topo",F:unclassified-name,Other Tanakh
244455,1426324,476076,Jeremiah,19,13,תפת,nmpr,topo,F:unclassified-name,Other Tanakh
244475,1426324,476079,Jeremiah,19,13,אלהים,subs,,D:Elohim,Other Tanakh
244479,1426325,476080,Jeremiah,19,14,ירמיהו,nmpr,pers,A:person-candidate,Other Tanakh
244482,1426325,476080,Jeremiah,19,14,תפת,nmpr,topo,F:unclassified-name,Other Tanakh
244485,1426325,476081,Jeremiah,19,14,יהוה,nmpr,pers,E:YHWH,Other Tanakh
244494,1426325,476083,Jeremiah,19,14,יהוה,nmpr,pers,E:YHWH,Other Tanakh
244497,1426325,476084,Jeremiah,19,14,אל,prep,,C:divine-title-candidate,Other Tanakh
244503,1426326,476085,Jeremiah,19,15,יהוה,nmpr,pers,E:YHWH,Other Tanakh
244505,1426326,476085,Jeremiah,19,15,אלהים,subs,,D:Elohim,Other Tanakh
244506,1426326,476085,Jeremiah,19,15,ישראל,nmpr,"pers,gens,topo",F:unclassified-name,Other Tanakh
244509,1426326,476086,Jeremiah,19,15,אל,prep,,C:divine-title-candidate,Other Tanakh
244536,1426327,476090,Jeremiah,20,1,פשחור,nmpr,pers,A:person-candidate,Other Tanakh
244538,1426327,476090,Jeremiah,20,1,אמר,nmpr,pers,A:person-candidate,Other Tanakh
244547,1426327,476091,Jeremiah,20,1,יהוה,nmpr,pers,E:YHWH,Other Tanakh
244549,1426327,476090,Jeremiah,20,1,ירמיהו,nmpr,pers,A:person-candidate,Other Tanakh
244558,1426328,476093,Jeremiah,20,2,פשחור,nmpr,pers,A:person-candidate,Other Tanakh
244560,1426328,476093,Jeremiah,20,2,ירמיהו,nmpr,pers,A:person-candidate,Other Tanakh
244572,1426328,476095,Jeremiah,20,2,בנימן,nmpr,"pers,gens,topo",F:unclassified-name,Other Tanakh
244574,1426328,476095,Jeremiah,20,2,עליון,adjv,,C:divine-title-candidate,Other Tanakh
244578,1426328,476096,Jeremiah,20,2,יהוה,nmpr,pers,E:YHWH,Other Tanakh
244585,1426329,476098,Jeremiah,20,3,פשחור,nmpr,pers,A:person-candidate,Other Tanakh
244587,1426329,476098,Jeremiah,20,3,ירמיהו,nmpr,pers,A:person-candidate,Other Tanakh
244593,1426329,476099,Jeremiah,20,3,אל,prep,,C:divine-title-candidate,Other Tanakh
244594,1426329,476099,Jeremiah,20,3,ירמיהו,nmpr,pers,A:person-candidate,Other Tanakh
244596,1426329,476100,Jeremiah,20,3,פשחור,nmpr,pers,A:person-candidate,Other Tanakh
244598,1426329,476100,Jeremiah,20,3,יהוה,nmpr,pers,E:YHWH,Other Tanakh
244608,1426330,476102,Jeremiah,20,4,יהוה,nmpr,pers,E:YHWH,Other Tanakh
244629,1426330,476106,Jeremiah,20,4,יהודה,nmpr,"pers,gens,topo",F:unclassified-name,Other Tanakh
244633,1426330,476106,Jeremiah,20,4,מלך,subs,,B:deity-candidate,Other Tanakh
244634,1426330,476106,Jeremiah,20,4,בבל,nmpr,topo,F:unclassified-name,Other Tanakh
244637,1426330,476107,Jeremiah,20,4,בבל,nmpr,topo,F:unclassified-name,Other Tanakh
244664,1426331,476110,Jeremiah,20,5,מלך,subs,,B:deity-candidate,Other Tanakh
244665,1426331,476110,Jeremiah,20,5,יהודה,nmpr,"pers,gens,topo",F:unclassified-name,Other Tanakh
244676,1426331,476113,Jeremiah,20,5,בבל,nmpr,topo,F:unclassified-name,Other Tanakh
244679,1426332,476115,Jeremiah,20,6,פשחור,nmpr,pers,A:person-candidate,Other Tanakh
244689,1426332,476116,Jeremiah,20,6,בבל,nmpr,topo,F:unclassified-name,Other Tanakh
244708,1426333,476121,Jeremiah,20,7,יהוה,nmpr,pers,E:YHWH,Other Tanakh
244735,1426334,476130,Jeremiah,20,8,יהוה,nmpr,pers,E:YHWH,Other Tanakh
244796,1426337,476147,Jeremiah,20,11,יהוה,nmpr,pers,E:YHWH,Other Tanakh
244818,1426338,476153,Jeremiah,20,12,יהוה,nmpr,pers,E:YHWH,Other Tanakh
244830,1426338,476156,Jeremiah,20,12,אל,prep,,C:divine-title-candidate,Other Tanakh
244836,1426339,476157,Jeremiah,20,13,יהוה,nmpr,pers,E:YHWH,Other Tanakh
244839,1426339,476158,Jeremiah,20,13,יהוה,nmpr,pers,E:YHWH,Other Tanakh
244858,1426340,476164,Jeremiah,20,14,אל,nega,,C:divine-title-candidate,Other Tanakh
244887,1426342,476171,Jeremiah,20,16,יהוה,nmpr,pers,E:YHWH,Other Tanakh
244935,1426345,476182,Jeremiah,21,1,אל,prep,,C:divine-title-candidate,Other Tanakh
244936,1426345,476182,Jeremiah,21,1,ירמיהו,nmpr,pers,A:person-candidate,Other Tanakh
244939,1426345,476182,Jeremiah,21,1,יהוה,nmpr,pers,E:YHWH,Other Tanakh
244942,1426345,476183,Jeremiah,21,1,אל,prep,,C:divine-title-candidate,Other Tanakh
244944,1426345,476183,Jeremiah,21,1,מלך,subs,,B:deity-candidate,Other Tanakh
244945,1426345,476183,Jeremiah,21,1,צדקיהו,nmpr,pers,A:person-candidate,Other Tanakh
244947,1426345,476183,Jeremiah,21,1,פשחור,nmpr,pers,A:person-candidate,Other Tanakh
244949,1426345,476183,Jeremiah,21,1,מלכיה,nmpr,pers,A:person-candidate,Other Tanakh
244952,1426345,476183,Jeremiah,21,1,צפניה,nmpr,pers,A:person-candidate,Other Tanakh
244954,1426345,476183,Jeremiah,21,1,מעשיה,nmpr,pers,A:person-candidate,Other Tanakh
244963,1426346,476185,Jeremiah,21,2,יהוה,nmpr,pers,E:YHWH,Other Tanakh
244965,1426346,476186,Jeremiah,21,2,נבוכדראצר,nmpr,pers,A:person-candidate,Other Tanakh
244966,1426346,476186,Jeremiah,21,2,מלך,subs,,B:deity-candidate,Other Tanakh
244967,1426346,476186,Jeremiah,21,2,בבל,nmpr,topo,F:unclassified-name,Other Tanakh
244972,1426346,476187,Jeremiah,21,2,יהוה,nmpr,pers,E:YHWH,Other Tanakh
244983,1426347,476189,Jeremiah,21,3,ירמיהו,nmpr,pers,A:person-candidate,Other Tanakh
244984,1426347,476189,Jeremiah,21,3,אל,prep,,C:divine-title-candidate,Other Tanakh
244987,1426347,476190,Jeremiah,21,3,אל,prep,,C:divine-title-candidate,Other Tanakh
244988,1426347,476190,Jeremiah,21,3,צדקיהו,nmpr,pers,A:person-candidate,Other Tanakh
244991,1426348,476191,Jeremiah,21,4,יהוה,nmpr,pers,E:YHWH,Other Tanakh
244992,1426348,476191,Jeremiah,21,4,אלהים,subs,,D:Elohim,Other Tanakh
244993,1426348,476191,Jeremiah,21,4,ישראל,nmpr,"pers,gens,topo",F:unclassified-name,Other Tanakh
245008,1426348,476194,Jeremiah,21,4,מלך,subs,,B:deity-candidate,Other Tanakh
245009,1426348,476194,Jeremiah,21,4,בבל,nmpr,topo,F:unclassified-name,Other Tanakh
245025,1426348,476196,Jeremiah,21,4,אל,prep,,C:divine-title-candidate,Other Tanakh
245076,1426351,476201,Jeremiah,21,7,יהוה,nmpr,pers,E:YHWH,Other Tanakh
245079,1426351,476202,Jeremiah,21,7,צדקיהו,nmpr,pers,A:person-candidate,Other Tanakh
245080,1426351,476202,Jeremiah,21,7,מלך,subs,,B:deity-candidate,Other Tanakh
245081,1426351,476202,Jeremiah,21,7,יהודה,nmpr,"pers,gens,topo",F:unclassified-name,Other Tanakh
245110,1426351,476202,Jeremiah,21,7,נבוכדראצר,nmpr,pers,A:person-candidate,Other Tanakh
245111,1426351,476202,Jeremiah,21,7,מלך,subs,,B:deity-candidate,Other Tanakh
245112,1426351,476202,Jeremiah,21,7,בבל,nmpr,topo,F:unclassified-name,Other Tanakh
245137,1426352,476208,Jeremiah,21,8,אל,prep,,C:divine-title-candidate,Other Tanakh
245145,1426352,476209,Jeremiah,21,8,יהוה,nmpr,pers,E:YHWH,Other Tanakh
245212,1426354,476220,Jeremiah,21,10,יהוה,nmpr,pers,E:YHWH,Other Tanakh
245215,1426354,476221,Jeremiah,21,10,מלך,subs,,B:deity-candidate,Other Tanakh
245216,1426354,476221,Jeremiah,21,10,בבל,nmpr,topo,F:unclassified-name,Other Tanakh
245226,1426355,476223,Jeremiah,21,11,מלך,subs,,B:deity-candidate,Other Tanakh
245227,1426355,476223,Jeremiah,21,11,יהודה,nmpr,"pers,gens,topo",F:unclassified-name,Other Tanakh
245230,1426355,476224,Jeremiah,21,11,יהוה,nmpr,pers,E:YHWH,Other Tanakh
245232,1426356,476225,Jeremiah,21,12,דוד,nmpr,pers,A:person-candidate,Other Tanakh
245235,1426356,476226,Jeremiah,21,12,יהוה,nmpr,pers,E:YHWH,Other Tanakh
245263,1426357,476232,Jeremiah,21,13,אל,prep,,C:divine-title-candidate,Other Tanakh
245271,1426357,476235,Jeremiah,21,13,יהוה,nmpr,pers,E:YHWH,Other Tanakh
245289,1426358,476240,Jeremiah,21,14,יהוה,nmpr,pers,E:YHWH,Other Tanakh
245301,1426359,476243,Jeremiah,22,1,יהוה,nmpr,pers,E:YHWH,Other Tanakh
245304,1426359,476244,Jeremiah,22,1,מלך,subs,,B:deity-candidate,Other Tanakh
245305,1426359,476244,Jeremiah,22,1,יהודה,nmpr,"pers,gens,topo",F:unclassified-name,Other Tanakh
245318,1426360,476247,Jeremiah,22,2,יהוה,nmpr,pers,E:YHWH,Other Tanakh
245319,1426360,476248,Jeremiah,22,2,מלך,subs,,B:deity-candidate,Other Tanakh
245320,1426360,476248,Jeremiah,22,2,יהודה,nmpr,"pers,gens,topo",F:unclassified-name,Other Tanakh
245325,1426360,476249,Jeremiah,22,2,דוד,nmpr,pers,A:person-candidate,Other Tanakh
245340,1426361,476251,Jeremiah,22,3,יהוה,nmpr,pers,E:YHWH,Other Tanakh
245356,1426361,476254,Jeremiah,22,3,אל,nega,,C:divine-title-candidate,Other Tanakh
245358,1426361,476255,Jeremiah,22,3,אל,nega,,C:divine-title-candidate,Other Tanakh
245363,1426361,476256,Jeremiah,22,3,אל,nega,,C:divine-title-candidate,Other Tanakh
245387,1426362,476258,Jeremiah,22,4,מלך,subs,,B:deity-candidate,Other Tanakh
245390,1426362,476259,Jeremiah,22,4,דוד,nmpr,pers,A:person-candidate,Other Tanakh
245418,1426363,476263,Jeremiah,22,5,יהוה,nmpr,pers,E:YHWH,Other Tanakh
245430,1426364,476265,Jeremiah,22,6,יהוה,nmpr,pers,E:YHWH,Other Tanakh
245433,1426364,476265,Jeremiah,22,6,מלך,subs,,B:deity-candidate,Other Tanakh
245434,1426364,476265,Jeremiah,22,6,יהודה,nmpr,"pers,gens,topo",F:unclassified-name,Other Tanakh
245435,1426364,476266,Jeremiah,22,6,גלעד,nmpr,topo,F:unclassified-name,Other Tanakh
245440,1426364,476267,Jeremiah,22,6,לבנון,nmpr,topo,F:unclassified-name,Other Tanakh
245476,1426366,476276,Jeremiah,22,8,אל,prep,,C:divine-title-candidate,Other Tanakh
245481,1426366,476277,Jeremiah,22,8,יהוה,nmpr,pers,E:YHWH,Other Tanakh
245497,1426367,476279,Jeremiah,22,9,יהוה,nmpr,pers,E:YHWH,Other Tanakh
245498,1426367,476279,Jeremiah,22,9,אלהים,subs,,D:Elohim,Other Tanakh
245502,1426367,476280,Jeremiah,22,9,אלהים,subs,,D:Elohim,Other Tanakh
245506,1426368,476282,Jeremiah,22,10,אל,nega,,C:divine-title-candidate,Other Tanakh
245511,1426368,476283,Jeremiah,22,10,אל,nega,,C:divine-title-candidate,Other Tanakh
245531,1426369,476287,Jeremiah,22,11,יהוה,nmpr,pers,E:YHWH,Other Tanakh
245532,1426369,476287,Jeremiah,22,11,אל,prep,,C:divine-title-candidate,Other Tanakh
245533,1426369,476287,Jeremiah,22,11,שלום,nmpr,pers,A:person-candidate,Other Tanakh
245535,1426369,476287,Jeremiah,22,11,יאשיהו,nmpr,pers,A:person-candidate,Other Tanakh
245536,1426369,476287,Jeremiah,22,11,מלך,subs,,B:deity-candidate,Other Tanakh
245537,1426369,476287,Jeremiah,22,11,יהודה,nmpr,"pers,gens,topo",F:unclassified-name,Other Tanakh
245539,1426369,476288,Jeremiah,22,11,מלך,verb,,B:deity-candidate,Other Tanakh
245541,1426369,476288,Jeremiah,22,11,יאשיהו,nmpr,pers,A:person-candidate,Other Tanakh
245615,1426373,476305,Jeremiah,22,15,מלך,verb,,B:deity-candidate,Other Tanakh
245650,1426374,476315,Jeremiah,22,16,יהוה,nmpr,pers,E:YHWH,Other Tanakh
245680,1426376,476321,Jeremiah,22,18,יהוה,nmpr,pers,E:YHWH,Other Tanakh
245681,1426376,476321,Jeremiah,22,18,אל,prep,,C:divine-title-candidate,Other Tanakh
245682,1426376,476321,Jeremiah,22,18,יהויקים,nmpr,pers,A:person-candidate,Other Tanakh
245684,1426376,476321,Jeremiah,22,18,יאשיהו,nmpr,pers,A:person-candidate,Other Tanakh
245685,1426376,476321,Jeremiah,22,18,מלך,subs,,B:deity-candidate,Other Tanakh
245686,1426376,476321,Jeremiah,22,18,יהודה,nmpr,"pers,gens,topo",F:unclassified-name,Other Tanakh
245713,1426377,476330,Jeremiah,22,19,ירושלם,nmpr,topo,F:unclassified-name,Other Tanakh
245716,1426378,476331,Jeremiah,22,20,לבנון,nmpr,topo,F:unclassified-name,Other Tanakh
245722,1426378,476333,Jeremiah,22,20,בשן,nmpr,topo,F:unclassified-name,Other Tanakh
245728,1426378,476334,Jeremiah,22,20,עברים,nmpr,topo,F:unclassified-name,Other Tanakh
245734,1426379,476336,Jeremiah,22,21,אל,prep,,C:divine-title-candidate,Other Tanakh
245770,1426381,476345,Jeremiah,22,23,לבנון,nmpr,topo,F:unclassified-name,Other Tanakh
245788,1426382,476351,Jeremiah,22,24,יהוה,nmpr,pers,E:YHWH,Other Tanakh
245792,1426382,476352,Jeremiah,22,24,כניהו,nmpr,pers,A:person-candidate,Other Tanakh
245794,1426382,476352,Jeremiah,22,24,יהויקים,nmpr,pers,A:person-candidate,Other Tanakh
245795,1426382,476352,Jeremiah,22,24,מלך,subs,,B:deity-candidate,Other Tanakh
245796,1426382,476352,Jeremiah,22,24,יהודה,nmpr,"pers,gens,topo",F:unclassified-name,Other Tanakh
245822,1426383,476354,Jeremiah,22,25,נבוכדראצר,nmpr,pers,A:person-candidate,Other Tanakh
245823,1426383,476354,Jeremiah,22,25,מלך,subs,,B:deity-candidate,Other Tanakh
245824,1426383,476354,Jeremiah,22,25,בבל,nmpr,topo,F:unclassified-name,Other Tanakh
245872,1426386,476364,Jeremiah,22,28,כניהו,nmpr,pers,A:person-candidate,Other Tanakh
245896,1426387,476371,Jeremiah,22,29,יהוה,nmpr,pers,E:YHWH,Other Tanakh
245899,1426388,476372,Jeremiah,22,30,יהוה,nmpr,pers,E:YHWH,Other Tanakh
245921,1426388,476377,Jeremiah,22,30,דוד,nmpr,pers,A:person-candidate,Other Tanakh
245926,1426388,476378,Jeremiah,22,30,יהודה,nmpr,"pers,gens,topo",F:unclassified-name,Other Tanakh
245936,1426389,476382,Jeremiah,23,1,יהוה,nmpr,pers,E:YHWH,Other Tanakh
245940,1426390,476384,Jeremiah,23,2,יהוה,nmpr,pers,E:YHWH,Other Tanakh
245941,1426390,476384,Jeremiah,23,2,אלהים,subs,,D:Elohim,Other Tanakh
245942,1426390,476384,Jeremiah,23,2,ישראל,nmpr,"pers,gens,topo",F:unclassified-name,Other Tanakh
245967,1426390,476390,Jeremiah,23,2,יהוה,nmpr,pers,E:YHWH,Other Tanakh
246008,1426392,476401,Jeremiah,23,4,יהוה,nmpr,pers,E:YHWH,Other Tanakh
246013,1426393,476403,Jeremiah,23,5,יהוה,nmpr,pers,E:YHWH,Other Tanakh
246017,1426393,476404,Jeremiah,23,5,דוד,nmpr,pers,A:person-candidate,Other Tanakh
246021,1426393,476405,Jeremiah,23,5,מלך,verb,,B:deity-candidate,Other Tanakh
246022,1426393,476405,Jeremiah,23,5,מלך,subs,,B:deity-candidate,Other Tanakh
246036,1426394,476408,Jeremiah,23,6,יהודה,nmpr,"pers,gens,topo",F:unclassified-name,Other Tanakh
246038,1426394,476409,Jeremiah,23,6,ישראל,nmpr,"pers,gens,topo",F:unclassified-name,Other Tanakh
246047,1426394,476412,Jeremiah,23,6,יהוה,nmpr,pers,E:YHWH,Other Tanakh
246054,1426395,476415,Jeremiah,23,7,יהוה,nmpr,pers,E:YHWH,Other Tanakh
246060,1426395,476417,Jeremiah,23,7,יהוה,nmpr,pers,E:YHWH,Other Tanakh
246065,1426395,476418,Jeremiah,23,7,ישראל,nmpr,"pers,gens,topo",F:unclassified-name,Other Tanakh
246068,1426395,476418,Jeremiah,23,7,מצרים,nmpr,topo,F:unclassified-name,Other Tanakh
246072,1426396,476420,Jeremiah,23,8,יהוה,nmpr,pers,E:YHWH,Other Tanakh
246081,1426396,476422,Jeremiah,23,8,ישראל,nmpr,"pers,gens,topo",F:unclassified-name,Other Tanakh
246118,1426397,476430,Jeremiah,23,9,יהוה,nmpr,pers,E:YHWH,Other Tanakh
246159,1426399,476438,Jeremiah,23,11,יהוה,nmpr,pers,E:YHWH,Other Tanakh
246180,1426400,476443,Jeremiah,23,12,יהוה,nmpr,pers,E:YHWH,Other Tanakh
246184,1426401,476444,Jeremiah,23,13,שמרון,nmpr,topo,F:unclassified-name,Other Tanakh
246190,1426401,476445,Jeremiah,23,13,בעל,subs,,B:deity-candidate,Other Tanakh
246196,1426401,476446,Jeremiah,23,13,ישראל,nmpr,"pers,gens,topo",F:unclassified-name,Other Tanakh
246200,1426402,476447,Jeremiah,23,14,ירושלם,nmpr,topo,F:unclassified-name,Other Tanakh
246223,1426402,476453,Jeremiah,23,14,סדם,nmpr,topo,F:unclassified-name,Other Tanakh
246227,1426402,476454,Jeremiah,23,14,עמרה,nmpr,topo,F:unclassified-name,Other Tanakh
246231,1426403,476456,Jeremiah,23,15,יהוה,nmpr,pers,E:YHWH,Other Tanakh
246248,1426403,476459,Jeremiah,23,15,ירושלם,nmpr,topo,F:unclassified-name,Other Tanakh
246257,1426404,476460,Jeremiah,23,16,יהוה,nmpr,pers,E:YHWH,Other Tanakh
246259,1426404,476461,Jeremiah,23,16,אל,nega,,C:divine-title-candidate,Other Tanakh
246277,1426404,476465,Jeremiah,23,16,יהוה,nmpr,pers,E:YHWH,Other Tanakh
246283,1426405,476467,Jeremiah,23,17,יהוה,nmpr,pers,E:YHWH,Other Tanakh
246303,1426406,476472,Jeremiah,23,18,יהוה,nmpr,pers,E:YHWH,Other Tanakh
246317,1426407,476477,Jeremiah,23,19,יהוה,nmpr,pers,E:YHWH,Other Tanakh
246330,1426408,476481,Jeremiah,23,20,יהוה,nmpr,pers,E:YHWH,Other Tanakh
246355,1426409,476487,Jeremiah,23,21,אל,prep,,C:divine-title-candidate,Other Tanakh
246380,1426411,476492,Jeremiah,23,23,אלהים,subs,,D:Elohim,Other Tanakh
246385,1426411,476493,Jeremiah,23,23,יהוה,nmpr,pers,E:YHWH,Other Tanakh
246388,1426411,476494,Jeremiah,23,23,אלהים,subs,,D:Elohim,Other Tanakh
246402,1426412,476497,Jeremiah,23,24,יהוה,nmpr,pers,E:YHWH,Other Tanakh
246415,1426412,476499,Jeremiah,23,24,יהוה,nmpr,pers,E:YHWH,Other Tanakh
246468,1426415,476512,Jeremiah,23,27,בעל,subs,,B:deity-candidate,Other Tanakh
246491,1426416,476518,Jeremiah,23,28,יהוה,nmpr,pers,E:YHWH,Other Tanakh
246500,1426417,476521,Jeremiah,23,29,יהוה,nmpr,pers,E:YHWH,Other Tanakh
246512,1426418,476526,Jeremiah,23,30,יהוה,nmpr,pers,E:YHWH,Other Tanakh
246524,1426419,476529,Jeremiah,23,31,יהוה,nmpr,pers,E:YHWH,Other Tanakh
246537,1426420,476533,Jeremiah,23,32,יהוה,nmpr,pers,E:YHWH,Other Tanakh
246566,1426420,476539,Jeremiah,23,32,יהוה,nmpr,pers,E:YHWH,Other Tanakh
246583,1426421,476542,Jeremiah,23,33,יהוה,nmpr,pers,E:YHWH,Other Tanakh
246586,1426421,476543,Jeremiah,23,33,אל,prep,,C:divine-title-candidate,Other Tanakh
246594,1426421,476546,Jeremiah,23,33,יהוה,nmpr,pers,E:YHWH,Other Tanakh
246607,1426422,476549,Jeremiah,23,34,יהוה,nmpr,pers,E:YHWH,Other Tanakh
246625,1426423,476553,Jeremiah,23,35,אל,prep,,C:divine-title-candidate,Other Tanakh
246629,1426423,476554,Jeremiah,23,35,יהוה,nmpr,pers,E:YHWH,Other Tanakh
246633,1426423,476555,Jeremiah,23,35,יהוה,nmpr,pers,E:YHWH,Other Tanakh
246636,1426424,476556,Jeremiah,23,36,יהוה,nmpr,pers,E:YHWH,Other Tanakh
246651,1426424,476558,Jeremiah,23,36,אלהים,subs,,D:Elohim,Other Tanakh
246653,1426424,476558,Jeremiah,23,36,יהוה,nmpr,pers,E:YHWH,Other Tanakh
246655,1426424,476558,Jeremiah,23,36,אלהים,subs,,D:Elohim,Other Tanakh
246658,1426425,476559,Jeremiah,23,37,אל,prep,,C:divine-title-candidate,Other Tanakh
246663,1426425,476560,Jeremiah,23,37,יהוה,nmpr,pers,E:YHWH,Other Tanakh
246667,1426425,476561,Jeremiah,23,37,יהוה,nmpr,pers,E:YHWH,Other Tanakh
246671,1426426,476563,Jeremiah,23,38,יהוה,nmpr,pers,E:YHWH,Other Tanakh
246676,1426426,476565,Jeremiah,23,38,יהוה,nmpr,pers,E:YHWH,Other Tanakh
246685,1426426,476567,Jeremiah,23,38,יהוה,nmpr,pers,E:YHWH,Other Tanakh
246688,1426426,476568,Jeremiah,23,38,אל,prep,,C:divine-title-candidate,Other Tanakh
246694,1426426,476571,Jeremiah,23,38,יהוה,nmpr,pers,E:YHWH,Other Tanakh
246729,1426429,476579,Jeremiah,24,1,יהוה,nmpr,pers,E:YHWH,Other Tanakh
246733,1426429,476580,Jeremiah,24,1,דוד,subs,,A:person-candidate,Other Tanakh
246739,1426429,476580,Jeremiah,24,1,יהוה,nmpr,pers,E:YHWH,Other Tanakh
246742,1426429,476581,Jeremiah,24,1,נבוכדראצר,nmpr,pers,A:person-candidate,Other Tanakh
246743,1426429,476581,Jeremiah,24,1,מלך,subs,,B:deity-candidate,Other Tanakh
246744,1426429,476581,Jeremiah,24,1,בבל,nmpr,topo,F:unclassified-name,Other Tanakh
246746,1426429,476581,Jeremiah,24,1,יכניהו,nmpr,pers,A:person-candidate,Other Tanakh
246748,1426429,476581,Jeremiah,24,1,יהויקים,nmpr,pers,A:person-candidate,Other Tanakh
246749,1426429,476581,Jeremiah,24,1,מלך,subs,,B:deity-candidate,Other Tanakh
246750,1426429,476581,Jeremiah,24,1,יהודה,nmpr,"pers,gens,topo",F:unclassified-name,Other Tanakh
246754,1426429,476581,Jeremiah,24,1,יהודה,nmpr,"pers,gens,topo",F:unclassified-name,Other Tanakh
246764,1426429,476581,Jeremiah,24,1,ירושלם,nmpr,topo,F:unclassified-name,Other Tanakh
246767,1426429,476582,Jeremiah,24,1,בבל,nmpr,topo,F:unclassified-name,Other Tanakh
246769,1426430,476583,Jeremiah,24,2,דוד,subs,,A:person-candidate,Other Tanakh
246780,1426430,476584,Jeremiah,24,2,דוד,subs,,A:person-candidate,Other Tanakh
246792,1426431,476586,Jeremiah,24,3,יהוה,nmpr,pers,E:YHWH,Other Tanakh
246793,1426431,476586,Jeremiah,24,3,אל,prep,,C:divine-title-candidate,Other Tanakh
246797,1426431,476588,Jeremiah,24,3,ירמיהו,nmpr,pers,A:person-candidate,Other Tanakh
246820,1426432,476594,Jeremiah,24,4,יהוה,nmpr,pers,E:YHWH,Other Tanakh
246821,1426432,476594,Jeremiah,24,4,אל,prep,,C:divine-title-candidate,Other Tanakh
246826,1426433,476596,Jeremiah,24,5,יהוה,nmpr,pers,E:YHWH,Other Tanakh
246827,1426433,476596,Jeremiah,24,5,אלהים,subs,,D:Elohim,Other Tanakh
246828,1426433,476596,Jeremiah,24,5,ישראל,nmpr,"pers,gens,topo",F:unclassified-name,Other Tanakh
246840,1426433,476598,Jeremiah,24,5,יהודה,nmpr,"pers,gens,topo",F:unclassified-name,Other Tanakh
246884,1426435,476608,Jeremiah,24,7,יהוה,nmpr,pers,E:YHWH,Other Tanakh
246895,1426435,476610,Jeremiah,24,7,אלהים,subs,,D:Elohim,Other Tanakh
246898,1426435,476611,Jeremiah,24,7,אל,prep,,C:divine-title-candidate,Other Tanakh
246916,1426436,476614,Jeremiah,24,8,יהוה,nmpr,pers,E:YHWH,Other Tanakh
246920,1426436,476615,Jeremiah,24,8,צדקיהו,nmpr,pers,A:person-candidate,Other Tanakh
246921,1426436,476615,Jeremiah,24,8,מלך,subs,,B:deity-candidate,Other Tanakh
246922,1426436,476615,Jeremiah,24,8,יהודה,nmpr,"pers,gens,topo",F:unclassified-name,Other Tanakh
246929,1426436,476615,Jeremiah,24,8,ירושלם,nmpr,topo,F:unclassified-name,Other Tanakh
246942,1426436,476615,Jeremiah,24,8,מצרים,nmpr,topo,F:unclassified-name,Other Tanakh
247001,1426439,476624,Jeremiah,25,1,ירמיהו,nmpr,pers,A:person-candidate,Other Tanakh
247005,1426439,476624,Jeremiah,25,1,יהודה,nmpr,"pers,gens,topo",F:unclassified-name,Other Tanakh
247012,1426439,476624,Jeremiah,25,1,יהויקים,nmpr,pers,A:person-candidate,Other Tanakh
247014,1426439,476624,Jeremiah,25,1,יאשיהו,nmpr,pers,A:person-candidate,Other Tanakh
247015,1426439,476624,Jeremiah,25,1,מלך,subs,,B:deity-candidate,Other Tanakh
247016,1426439,476624,Jeremiah,25,1,יהודה,nmpr,"pers,gens,topo",F:unclassified-name,Other Tanakh
247023,1426439,476625,Jeremiah,25,1,נבוכדראצר,nmpr,pers,A:person-candidate,Other Tanakh
247024,1426439,476625,Jeremiah,25,1,מלך,subs,,B:deity-candidate,Other Tanakh
247025,1426439,476625,Jeremiah,25,1,בבל,nmpr,topo,F:unclassified-name,Other Tanakh
247028,1426440,476626,Jeremiah,25,2,ירמיהו,nmpr,pers,A:person-candidate,Other Tanakh
247034,1426440,476626,Jeremiah,25,2,יהודה,nmpr,"pers,gens,topo",F:unclassified-name,Other Tanakh
247036,1426440,476626,Jeremiah,25,2,אל,prep,,C:divine-title-candidate,Other Tanakh
247039,1426440,476626,Jeremiah,25,2,ירושלם,nmpr,topo,F:unclassified-name,Other Tanakh
247047,1426441,476628,Jeremiah,25,3,יאשיהו,nmpr,pers,A:person-candidate,Other Tanakh
247049,1426441,476628,Jeremiah,25,3,אמון,nmpr,pers,A:person-candidate,Other Tanakh
247050,1426441,476628,Jeremiah,25,3,מלך,subs,,B:deity-candidate,Other Tanakh
247051,1426441,476628,Jeremiah,25,3,יהודה,nmpr,"pers,gens,topo",F:unclassified-name,Other Tanakh
247065,1426441,476628,Jeremiah,25,3,יהוה,nmpr,pers,E:YHWH,Other Tanakh
247066,1426441,476628,Jeremiah,25,3,אל,prep,,C:divine-title-candidate,Other Tanakh
247069,1426441,476630,Jeremiah,25,3,אל,prep,,C:divine-title-candidate,Other Tanakh
247078,1426442,476634,Jeremiah,25,4,יהוה,nmpr,pers,E:YHWH,Other Tanakh
247079,1426442,476634,Jeremiah,25,4,אל,prep,,C:divine-title-candidate,Other Tanakh
247118,1426443,476643,Jeremiah,25,5,יהוה,nmpr,pers,E:YHWH,Other Tanakh
247130,1426444,476644,Jeremiah,25,6,אל,nega,,C:divine-title-candidate,Other Tanakh
247133,1426444,476644,Jeremiah,25,6,אלהים,subs,,D:Elohim,Other Tanakh
247155,1426445,476649,Jeremiah,25,7,אל,prep,,C:divine-title-candidate,Other Tanakh
247157,1426445,476650,Jeremiah,25,7,יהוה,nmpr,pers,E:YHWH,Other Tanakh
247169,1426446,476653,Jeremiah,25,8,יהוה,nmpr,pers,E:YHWH,Other Tanakh
247186,1426447,476657,Jeremiah,25,9,יהוה,nmpr,pers,E:YHWH,Other Tanakh
247188,1426447,476658,Jeremiah,25,9,אל,prep,,C:divine-title-candidate,Other Tanakh
247189,1426447,476658,Jeremiah,25,9,נבוכדראצר,nmpr,pers,A:person-candidate,Other Tanakh
247190,1426447,476658,Jeremiah,25,9,מלך,subs,,B:deity-candidate,Other Tanakh
247191,1426447,476658,Jeremiah,25,9,בבל,nmpr,topo,F:unclassified-name,Other Tanakh
247260,1426449,476664,Jeremiah,25,11,מלך,subs,,B:deity-candidate,Other Tanakh
247261,1426449,476664,Jeremiah,25,11,בבל,nmpr,topo,F:unclassified-name,Other Tanakh
247272,1426450,476667,Jeremiah,25,12,מלך,subs,,B:deity-candidate,Other Tanakh
247273,1426450,476667,Jeremiah,25,12,בבל,nmpr,topo,F:unclassified-name,Other Tanakh
247281,1426450,476668,Jeremiah,25,12,יהוה,nmpr,pers,E:YHWH,Other Tanakh
247318,1426451,476674,Jeremiah,25,13,ירמיהו,nmpr,pers,A:person-candidate,Other Tanakh
247331,1426452,476675,Jeremiah,25,14,מלך,subs,,B:deity-candidate,Other Tanakh
247345,1426453,476677,Jeremiah,25,15,יהוה,nmpr,pers,E:YHWH,Other Tanakh
247346,1426453,476677,Jeremiah,25,15,אלהים,subs,,D:Elohim,Other Tanakh
247347,1426453,476677,Jeremiah,25,15,ישראל,nmpr,"pers,gens,topo",F:unclassified-name,Other Tanakh
247348,1426453,476677,Jeremiah,25,15,אל,prep,,C:divine-title-candidate,Other Tanakh
247371,1426453,476680,Jeremiah,25,15,אל,prep,,C:divine-title-candidate,Other Tanakh
247393,1426455,476685,Jeremiah,25,17,יהוה,nmpr,pers,E:YHWH,Other Tanakh
247402,1426455,476687,Jeremiah,25,17,יהוה,nmpr,pers,E:YHWH,Other Tanakh
247403,1426455,476687,Jeremiah,25,17,אל,prep,,C:divine-title-candidate,Other Tanakh
247405,1426456,476688,Jeremiah,25,18,ירושלם,nmpr,topo,F:unclassified-name,Other Tanakh
247409,1426456,476688,Jeremiah,25,18,יהודה,nmpr,"pers,gens,topo",F:unclassified-name,Other Tanakh
247412,1426456,476688,Jeremiah,25,18,מלך,subs,,B:deity-candidate,Other Tanakh
247434,1426457,476690,Jeremiah,25,19,מלך,subs,,B:deity-candidate,Other Tanakh
247435,1426457,476690,Jeremiah,25,19,מצרים,nmpr,topo,F:unclassified-name,Other Tanakh
247454,1426458,476691,Jeremiah,25,20,מלך,subs,,B:deity-candidate,Other Tanakh
247457,1426458,476691,Jeremiah,25,20,עוץ,nmpr,topo,F:unclassified-name,Other Tanakh
247461,1426458,476691,Jeremiah,25,20,מלך,subs,,B:deity-candidate,Other Tanakh
247466,1426458,476691,Jeremiah,25,20,אשקלון,nmpr,topo,F:unclassified-name,Other Tanakh
247469,1426458,476691,Jeremiah,25,20,עזה,nmpr,topo,F:unclassified-name,Other Tanakh
247472,1426458,476691,Jeremiah,25,20,עקרון,nmpr,topo,F:unclassified-name,Other Tanakh
247476,1426458,476691,Jeremiah,25,20,אשדוד,nmpr,topo,F:unclassified-name,Other Tanakh
247478,1426459,476692,Jeremiah,25,21,אדום,nmpr,topo,F:unclassified-name,Other Tanakh
247481,1426459,476692,Jeremiah,25,21,מואב,nmpr,"pers,gens,topo",F:unclassified-name,Other Tanakh
247485,1426459,476692,Jeremiah,25,21,עמון,nmpr,gens,F:unclassified-name,Other Tanakh
247489,1426460,476693,Jeremiah,25,22,מלך,subs,,B:deity-candidate,Other Tanakh
247490,1426460,476693,Jeremiah,25,22,צר,nmpr,topo,F:unclassified-name,Other Tanakh
247494,1426460,476693,Jeremiah,25,22,מלך,subs,,B:deity-candidate,Other Tanakh
247495,1426460,476693,Jeremiah,25,22,צידון,nmpr,topo,F:unclassified-name,Other Tanakh
247498,1426460,476693,Jeremiah,25,22,מלך,subs,,B:deity-candidate,Other Tanakh
247508,1426461,476695,Jeremiah,25,23,דדן,nmpr,topo,F:unclassified-name,Other Tanakh
247511,1426461,476695,Jeremiah,25,23,תימא,nmpr,topo,F:unclassified-name,Other Tanakh
247514,1426461,476695,Jeremiah,25,23,בוז,nmpr,topo,F:unclassified-name,Other Tanakh
247523,1426462,476696,Jeremiah,25,24,מלך,subs,,B:deity-candidate,Other Tanakh
247524,1426462,476696,Jeremiah,25,24,ערב,nmpr,gens,F:unclassified-name,Other Tanakh
247528,1426462,476696,Jeremiah,25,24,מלך,subs,,B:deity-candidate,Other Tanakh
247530,1426462,476696,Jeremiah,25,24,ערב,nmpr,topo,F:unclassified-name,Other Tanakh
247539,1426463,476698,Jeremiah,25,25,מלך,subs,,B:deity-candidate,Other Tanakh
247540,1426463,476698,Jeremiah,25,25,זמרי,nmpr,gens,F:unclassified-name,Other Tanakh
247544,1426463,476698,Jeremiah,25,25,מלך,subs,,B:deity-candidate,Other Tanakh
247545,1426463,476698,Jeremiah,25,25,עילם,nmpr,"pers,gens,topo",F:unclassified-name,Other Tanakh
247549,1426463,476698,Jeremiah,25,25,מלך,subs,,B:deity-candidate,Other Tanakh
247550,1426463,476698,Jeremiah,25,25,מדי,nmpr,"pers,gens,topo",F:unclassified-name,Other Tanakh
247554,1426464,476699,Jeremiah,25,26,מלך,subs,,B:deity-candidate,Other Tanakh
247563,1426464,476700,Jeremiah,25,26,אל,prep,,C:divine-title-candidate,Other Tanakh
247578,1426464,476703,Jeremiah,25,26,מלך,subs,,B:deity-candidate,Other Tanakh
247579,1426464,476703,Jeremiah,25,26,ששך,nmpr,topo,F:unclassified-name,Other Tanakh
247584,1426465,476704,Jeremiah,25,27,אל,prep,,C:divine-title-candidate,Other Tanakh
247587,1426465,476705,Jeremiah,25,27,יהוה,nmpr,pers,E:YHWH,Other Tanakh
247589,1426465,476705,Jeremiah,25,27,אלהים,subs,,D:Elohim,Other Tanakh
247590,1426465,476705,Jeremiah,25,27,ישראל,nmpr,"pers,gens,topo",F:unclassified-name,Other Tanakh
247623,1426466,476716,Jeremiah,25,28,אל,prep,,C:divine-title-candidate,Other Tanakh
247626,1426466,476717,Jeremiah,25,28,יהוה,nmpr,pers,E:YHWH,Other Tanakh
247659,1426467,476725,Jeremiah,25,29,יהוה,nmpr,pers,E:YHWH,Other Tanakh
247664,1426468,476726,Jeremiah,25,30,אל,prep,,C:divine-title-candidate,Other Tanakh
247673,1426468,476727,Jeremiah,25,30,אל,prep,,C:divine-title-candidate,Other Tanakh
247674,1426468,476728,Jeremiah,25,30,יהוה,nmpr,pers,E:YHWH,Other Tanakh
247692,1426468,476731,Jeremiah,25,30,אל,prep,,C:divine-title-candidate,Other Tanakh
247706,1426469,476733,Jeremiah,25,31,יהוה,nmpr,pers,E:YHWH,Other Tanakh
247722,1426469,476737,Jeremiah,25,31,יהוה,nmpr,pers,E:YHWH,Other Tanakh
247725,1426470,476738,Jeremiah,25,32,יהוה,nmpr,pers,E:YHWH,Other Tanakh
247732,1426470,476739,Jeremiah,25,32,אל,prep,,C:divine-title-candidate,Other Tanakh
247744,1426471,476741,Jeremiah,25,33,יהוה,nmpr,pers,E:YHWH,Other Tanakh
247819,1426474,476758,Jeremiah,25,36,יהוה,nmpr,pers,E:YHWH,Other Tanakh
247831,1426475,476759,Jeremiah,25,37,יהוה,nmpr,pers,E:YHWH,Other Tanakh
247855,1426477,476762,Jeremiah,26,1,יהויקים,nmpr,pers,A:person-candidate,Other Tanakh
247857,1426477,476762,Jeremiah,26,1,יאשיהו,nmpr,pers,A:person-candidate,Other Tanakh
247858,1426477,476762,Jeremiah,26,1,מלך,subs,,B:deity-candidate,Other Tanakh
247859,1426477,476762,Jeremiah,26,1,יהודה,nmpr,"pers,gens,topo",F:unclassified-name,Other Tanakh
247867,1426477,476762,Jeremiah,26,1,יהוה,nmpr,pers,E:YHWH,Other Tanakh
247872,1426478,476764,Jeremiah,26,2,יהוה,nmpr,pers,E:YHWH,Other Tanakh
247877,1426478,476765,Jeremiah,26,2,יהוה,nmpr,pers,E:YHWH,Other Tanakh
247883,1426478,476766,Jeremiah,26,2,יהודה,nmpr,"pers,gens,topo",F:unclassified-name,Other Tanakh
247889,1426478,476768,Jeremiah,26,2,יהוה,nmpr,pers,E:YHWH,Other Tanakh
247898,1426478,476770,Jeremiah,26,2,אל,prep,,C:divine-title-candidate,Other Tanakh
247899,1426478,476771,Jeremiah,26,2,אל,nega,,C:divine-title-candidate,Other Tanakh
247913,1426479,476774,Jeremiah,26,3,אל,prep,,C:divine-title-candidate,Other Tanakh
247928,1426480,476777,Jeremiah,26,4,אל,prep,,C:divine-title-candidate,Other Tanakh
247931,1426480,476778,Jeremiah,26,4,יהוה,nmpr,pers,E:YHWH,Other Tanakh
247935,1426480,476779,Jeremiah,26,4,אל,prep,,C:divine-title-candidate,Other Tanakh
247954,1426481,476783,Jeremiah,26,5,אל,prep,,C:divine-title-candidate,Other Tanakh
247970,1426482,476787,Jeremiah,26,6,שלה,nmpr,topo,F:unclassified-name,Other Tanakh
247997,1426483,476789,Jeremiah,26,7,ירמיהו,nmpr,pers,A:person-candidate,Other Tanakh
248006,1426483,476790,Jeremiah,26,7,יהוה,nmpr,pers,E:YHWH,Other Tanakh
248011,1426484,476792,Jeremiah,26,8,ירמיהו,nmpr,pers,A:person-candidate,Other Tanakh
248018,1426484,476794,Jeremiah,26,8,יהוה,nmpr,pers,E:YHWH,Other Tanakh
248021,1426484,476795,Jeremiah,26,8,אל,prep,,C:divine-title-candidate,Other Tanakh
248045,1426485,476799,Jeremiah,26,9,יהוה,nmpr,pers,E:YHWH,Other Tanakh
248049,1426485,476801,Jeremiah,26,9,שלו,nmpr,topo,F:unclassified-name,Other Tanakh
248069,1426485,476803,Jeremiah,26,9,אל,prep,,C:divine-title-candidate,Other Tanakh
248070,1426485,476803,Jeremiah,26,9,ירמיהו,nmpr,pers,A:person-candidate,Other Tanakh
248073,1426485,476803,Jeremiah,26,9,יהוה,nmpr,pers,E:YHWH,Other Tanakh
248077,1426486,476804,Jeremiah,26,10,יהודה,nmpr,"pers,gens,topo",F:unclassified-name,Other Tanakh
248088,1426486,476805,Jeremiah,26,10,מלך,subs,,B:deity-candidate,Other Tanakh
248090,1426486,476805,Jeremiah,26,10,יהוה,nmpr,pers,E:YHWH,Other Tanakh
248096,1426486,476806,Jeremiah,26,10,יהוה,nmpr,pers,E:YHWH,Other Tanakh
248106,1426487,476807,Jeremiah,26,11,אל,prep,,C:divine-title-candidate,Other Tanakh
248110,1426487,476807,Jeremiah,26,11,אל,prep,,C:divine-title-candidate,Other Tanakh
248125,1426487,476810,Jeremiah,26,11,אל,prep,,C:divine-title-candidate,Other Tanakh
248137,1426488,476812,Jeremiah,26,12,ירמיהו,nmpr,pers,A:person-candidate,Other Tanakh
248138,1426488,476812,Jeremiah,26,12,אל,prep,,C:divine-title-candidate,Other Tanakh
248143,1426488,476812,Jeremiah,26,12,אל,prep,,C:divine-title-candidate,Other Tanakh
248149,1426488,476814,Jeremiah,26,12,יהוה,nmpr,pers,E:YHWH,Other Tanakh
248153,1426488,476815,Jeremiah,26,12,אל,prep,,C:divine-title-candidate,Other Tanakh
248159,1426488,476815,Jeremiah,26,12,אל,prep,,C:divine-title-candidate,Other Tanakh
248180,1426489,476819,Jeremiah,26,13,יהוה,nmpr,pers,E:YHWH,Other Tanakh
248181,1426489,476819,Jeremiah,26,13,אלהים,subs,,D:Elohim,Other Tanakh
248184,1426489,476820,Jeremiah,26,13,יהוה,nmpr,pers,E:YHWH,Other Tanakh
248185,1426489,476820,Jeremiah,26,13,אל,prep,,C:divine-title-candidate,Other Tanakh
248222,1426491,476828,Jeremiah,26,15,אל,prep,,C:divine-title-candidate,Other Tanakh
248228,1426491,476828,Jeremiah,26,15,אל,prep,,C:divine-title-candidate,Other Tanakh
248234,1426491,476829,Jeremiah,26,15,יהוה,nmpr,pers,E:YHWH,Other Tanakh
248254,1426492,476831,Jeremiah,26,16,אל,prep,,C:divine-title-candidate,Other Tanakh
248258,1426492,476831,Jeremiah,26,16,אל,prep,,C:divine-title-candidate,Other Tanakh
248272,1426492,476833,Jeremiah,26,16,יהוה,nmpr,pers,E:YHWH,Other Tanakh
248273,1426492,476833,Jeremiah,26,16,אלהים,subs,,D:Elohim,Other Tanakh
248275,1426492,476833,Jeremiah,26,16,אל,prep,,C:divine-title-candidate,Other Tanakh
248285,1426493,476835,Jeremiah,26,17,אל,prep,,C:divine-title-candidate,Other Tanakh
248292,1426494,476837,Jeremiah,26,18,מיכה,nmpr,pers,A:person-candidate,Other Tanakh
248299,1426494,476837,Jeremiah,26,18,חזקיהו,nmpr,pers,A:person-candidate,Other Tanakh
248300,1426494,476837,Jeremiah,26,18,מלך,subs,,B:deity-candidate,Other Tanakh
248301,1426494,476837,Jeremiah,26,18,יהודה,nmpr,"pers,gens,topo",F:unclassified-name,Other Tanakh
248304,1426494,476838,Jeremiah,26,18,אל,prep,,C:divine-title-candidate,Other Tanakh
248307,1426494,476838,Jeremiah,26,18,יהודה,nmpr,"pers,gens,topo",F:unclassified-name,Other Tanakh
248312,1426494,476840,Jeremiah,26,18,יהוה,nmpr,pers,E:YHWH,Other Tanakh
248314,1426494,476841,Jeremiah,26,18,ציון,nmpr,topo,F:unclassified-name,Other Tanakh
248318,1426494,476842,Jeremiah,26,18,ירושלם,nmpr,topo,F:unclassified-name,Other Tanakh
248331,1426495,476844,Jeremiah,26,19,חזקיהו,nmpr,pers,A:person-candidate,Other Tanakh
248332,1426495,476844,Jeremiah,26,19,מלך,subs,,B:deity-candidate,Other Tanakh
248333,1426495,476844,Jeremiah,26,19,יהודה,nmpr,"pers,gens,topo",F:unclassified-name,Other Tanakh
248336,1426495,476844,Jeremiah,26,19,יהודה,nmpr,"pers,gens,topo",F:unclassified-name,Other Tanakh
248341,1426495,476845,Jeremiah,26,19,יהוה,nmpr,pers,E:YHWH,Other Tanakh
248346,1426495,476846,Jeremiah,26,19,יהוה,nmpr,pers,E:YHWH,Other Tanakh
248349,1426495,476847,Jeremiah,26,19,יהוה,nmpr,pers,E:YHWH,Other Tanakh
248350,1426495,476847,Jeremiah,26,19,אל,prep,,C:divine-title-candidate,Other Tanakh
248370,1426496,476850,Jeremiah,26,20,יהוה,nmpr,pers,E:YHWH,Other Tanakh
248371,1426496,476851,Jeremiah,26,20,אוריהו,nmpr,pers,A:person-candidate,Other Tanakh
248373,1426496,476851,Jeremiah,26,20,שמעיהו,nmpr,pers,A:person-candidate,Other Tanakh
248375,1426496,476851,Jeremiah,26,20,קרית יערים,nmpr,topo,F:unclassified-name,Other Tanakh
248392,1426496,476852,Jeremiah,26,20,ירמיהו,nmpr,pers,A:person-candidate,Other Tanakh
248396,1426497,476853,Jeremiah,26,21,מלך,subs,,B:deity-candidate,Other Tanakh
248397,1426497,476853,Jeremiah,26,21,יהויקים,nmpr,pers,A:person-candidate,Other Tanakh
248410,1426497,476854,Jeremiah,26,21,מלך,subs,,B:deity-candidate,Other Tanakh
248414,1426497,476856,Jeremiah,26,21,אוריהו,nmpr,pers,A:person-candidate,Other Tanakh
248421,1426497,476859,Jeremiah,26,21,מצרים,nmpr,topo,F:unclassified-name,Other Tanakh
248425,1426498,476860,Jeremiah,26,22,מלך,subs,,B:deity-candidate,Other Tanakh
248426,1426498,476860,Jeremiah,26,22,יהויקים,nmpr,pers,A:person-candidate,Other Tanakh
248428,1426498,476860,Jeremiah,26,22,מצרים,nmpr,topo,F:unclassified-name,Other Tanakh
248430,1426498,476861,Jeremiah,26,22,אלנתן,nmpr,pers,A:person-candidate,Other Tanakh
248432,1426498,476861,Jeremiah,26,22,עכבור,nmpr,pers,A:person-candidate,Other Tanakh
248436,1426498,476861,Jeremiah,26,22,אל,prep,,C:divine-title-candidate,Other Tanakh
248437,1426498,476861,Jeremiah,26,22,מצרים,nmpr,topo,F:unclassified-name,Other Tanakh
248441,1426499,476862,Jeremiah,26,23,אוריהו,nmpr,pers,A:person-candidate,Other Tanakh
248443,1426499,476862,Jeremiah,26,23,מצרים,nmpr,topo,F:unclassified-name,Other Tanakh
248446,1426499,476863,Jeremiah,26,23,אל,prep,,C:divine-title-candidate,Other Tanakh
248448,1426499,476863,Jeremiah,26,23,מלך,subs,,B:deity-candidate,Other Tanakh
248449,1426499,476863,Jeremiah,26,23,יהויקים,nmpr,pers,A:person-candidate,Other Tanakh
248459,1426499,476865,Jeremiah,26,23,אל,prep,,C:divine-title-candidate,Other Tanakh
248466,1426500,476866,Jeremiah,26,24,אחיקם,nmpr,pers,A:person-candidate,Other Tanakh
248468,1426500,476866,Jeremiah,26,24,שפן,nmpr,pers,A:person-candidate,Other Tanakh
248471,1426500,476866,Jeremiah,26,24,ירמיהו,nmpr,pers,A:person-candidate,Other Tanakh
248485,1426501,476869,Jeremiah,27,1,יהויקים,nmpr,pers,A:person-candidate,Other Tanakh
248487,1426501,476869,Jeremiah,27,1,יאשיהו,nmpr,pers,A:person-candidate,Other Tanakh
248488,1426501,476869,Jeremiah,27,1,מלך,subs,,B:deity-candidate,Other Tanakh
248489,1426501,476869,Jeremiah,27,1,יהודה,nmpr,"pers,gens,topo",F:unclassified-name,Other Tanakh
248495,1426501,476869,Jeremiah,27,1,אל,prep,,C:divine-title-candidate,Other Tanakh
248496,1426501,476869,Jeremiah,27,1,ירמיה,nmpr,pers,A:person-candidate,Other Tanakh
248499,1426501,476869,Jeremiah,27,1,יהוה,nmpr,pers,E:YHWH,Other Tanakh
248504,1426502,476871,Jeremiah,27,2,יהוה,nmpr,pers,E:YHWH,Other Tanakh
248505,1426502,476871,Jeremiah,27,2,אל,prep,,C:divine-title-candidate,Other Tanakh
248517,1426503,476874,Jeremiah,27,3,אל,prep,,C:divine-title-candidate,Other Tanakh
248518,1426503,476874,Jeremiah,27,3,מלך,subs,,B:deity-candidate,Other Tanakh
248519,1426503,476874,Jeremiah,27,3,אדום,nmpr,topo,F:unclassified-name,Other Tanakh
248521,1426503,476874,Jeremiah,27,3,אל,prep,,C:divine-title-candidate,Other Tanakh
248522,1426503,476874,Jeremiah,27,3,מלך,subs,,B:deity-candidate,Other Tanakh
248523,1426503,476874,Jeremiah,27,3,מואב,nmpr,"pers,gens,topo",F:unclassified-name,Other Tanakh
248525,1426503,476874,Jeremiah,27,3,אל,prep,,C:divine-title-candidate,Other Tanakh
248526,1426503,476874,Jeremiah,27,3,מלך,subs,,B:deity-candidate,Other Tanakh
248528,1426503,476874,Jeremiah,27,3,עמון,nmpr,gens,F:unclassified-name,Other Tanakh
248530,1426503,476874,Jeremiah,27,3,אל,prep,,C:divine-title-candidate,Other Tanakh
248531,1426503,476874,Jeremiah,27,3,מלך,subs,,B:deity-candidate,Other Tanakh
248532,1426503,476874,Jeremiah,27,3,צר,nmpr,topo,F:unclassified-name,Other Tanakh
248534,1426503,476874,Jeremiah,27,3,אל,prep,,C:divine-title-candidate,Other Tanakh
248535,1426503,476874,Jeremiah,27,3,מלך,subs,,B:deity-candidate,Other Tanakh
248536,1426503,476874,Jeremiah,27,3,צידון,nmpr,topo,F:unclassified-name,Other Tanakh
248542,1426503,476875,Jeremiah,27,3,ירושלם,nmpr,topo,F:unclassified-name,Other Tanakh
248543,1426503,476875,Jeremiah,27,3,אל,prep,,C:divine-title-candidate,Other Tanakh
248544,1426503,476875,Jeremiah,27,3,צדקיהו,nmpr,pers,A:person-candidate,Other Tanakh
248545,1426503,476875,Jeremiah,27,3,מלך,subs,,B:deity-candidate,Other Tanakh
248546,1426503,476875,Jeremiah,27,3,יהודה,nmpr,"pers,gens,topo",F:unclassified-name,Other Tanakh
248550,1426504,476876,Jeremiah,27,4,אל,prep,,C:divine-title-candidate,Other Tanakh
248556,1426504,476878,Jeremiah,27,4,יהוה,nmpr,pers,E:YHWH,Other Tanakh
248558,1426504,476878,Jeremiah,27,4,אלהים,subs,,D:Elohim,Other Tanakh
248559,1426504,476878,Jeremiah,27,4,ישראל,nmpr,"pers,gens,topo",F:unclassified-name,Other Tanakh
248562,1426504,476879,Jeremiah,27,4,אל,prep,,C:divine-title-candidate,Other Tanakh
248609,1426506,476885,Jeremiah,27,6,נבוכדנאצר,nmpr,pers,A:person-candidate,Other Tanakh
248610,1426506,476885,Jeremiah,27,6,מלך,subs,,B:deity-candidate,Other Tanakh
248611,1426506,476885,Jeremiah,27,6,בבל,nmpr,topo,F:unclassified-name,Other Tanakh
248648,1426507,476890,Jeremiah,27,7,מלך,subs,,B:deity-candidate,Other Tanakh
248662,1426508,476893,Jeremiah,27,8,נבוכדנאצר,nmpr,pers,A:person-candidate,Other Tanakh
248663,1426508,476893,Jeremiah,27,8,מלך,subs,,B:deity-candidate,Other Tanakh
248664,1426508,476893,Jeremiah,27,8,בבל,nmpr,topo,F:unclassified-name,Other Tanakh
248674,1426508,476894,Jeremiah,27,8,מלך,subs,,B:deity-candidate,Other Tanakh
248675,1426508,476894,Jeremiah,27,8,בבל,nmpr,topo,F:unclassified-name,Other Tanakh
248694,1426508,476896,Jeremiah,27,8,יהוה,nmpr,pers,E:YHWH,Other Tanakh
248702,1426509,476899,Jeremiah,27,9,אל,nega,,C:divine-title-candidate,Other Tanakh
248704,1426509,476899,Jeremiah,27,9,אל,prep,,C:divine-title-candidate,Other Tanakh
248707,1426509,476899,Jeremiah,27,9,אל,prep,,C:divine-title-candidate,Other Tanakh
248710,1426509,476899,Jeremiah,27,9,אל,prep,,C:divine-title-candidate,Other Tanakh
248713,1426509,476899,Jeremiah,27,9,אל,prep,,C:divine-title-candidate,Other Tanakh
248716,1426509,476899,Jeremiah,27,9,אל,prep,,C:divine-title-candidate,Other Tanakh
248721,1426509,476900,Jeremiah,27,9,אל,prep,,C:divine-title-candidate,Other Tanakh
248727,1426509,476902,Jeremiah,27,9,מלך,subs,,B:deity-candidate,Other Tanakh
248728,1426509,476902,Jeremiah,27,9,בבל,nmpr,topo,F:unclassified-name,Other Tanakh
248754,1426511,476908,Jeremiah,27,11,מלך,subs,,B:deity-candidate,Other Tanakh
248755,1426511,476908,Jeremiah,27,11,בבל,nmpr,topo,F:unclassified-name,Other Tanakh
248763,1426511,476911,Jeremiah,27,11,יהוה,nmpr,pers,E:YHWH,Other Tanakh
248770,1426512,476914,Jeremiah,27,12,אל,prep,,C:divine-title-candidate,Other Tanakh
248771,1426512,476914,Jeremiah,27,12,צדקיה,nmpr,pers,A:person-candidate,Other Tanakh
248772,1426512,476914,Jeremiah,27,12,מלך,subs,,B:deity-candidate,Other Tanakh
248773,1426512,476914,Jeremiah,27,12,יהודה,nmpr,"pers,gens,topo",F:unclassified-name,Other Tanakh
248788,1426512,476916,Jeremiah,27,12,מלך,subs,,B:deity-candidate,Other Tanakh
248789,1426512,476916,Jeremiah,27,12,בבל,nmpr,topo,F:unclassified-name,Other Tanakh
248815,1426513,476920,Jeremiah,27,13,יהוה,nmpr,pers,E:YHWH,Other Tanakh
248816,1426513,476920,Jeremiah,27,13,אל,prep,,C:divine-title-candidate,Other Tanakh
248823,1426513,476921,Jeremiah,27,13,מלך,subs,,B:deity-candidate,Other Tanakh
248824,1426513,476921,Jeremiah,27,13,בבל,nmpr,topo,F:unclassified-name,Other Tanakh
248826,1426514,476922,Jeremiah,27,14,אל,nega,,C:divine-title-candidate,Other Tanakh
248828,1426514,476922,Jeremiah,27,14,אל,prep,,C:divine-title-candidate,Other Tanakh
248834,1426514,476923,Jeremiah,27,14,אל,prep,,C:divine-title-candidate,Other Tanakh
248840,1426514,476925,Jeremiah,27,14,מלך,subs,,B:deity-candidate,Other Tanakh
248841,1426514,476925,Jeremiah,27,14,בבל,nmpr,topo,F:unclassified-name,Other Tanakh
248851,1426515,476928,Jeremiah,27,15,יהוה,nmpr,pers,E:YHWH,Other Tanakh
248873,1426516,476933,Jeremiah,27,16,אל,prep,,C:divine-title-candidate,Other Tanakh
248877,1426516,476933,Jeremiah,27,16,אל,prep,,C:divine-title-candidate,Other Tanakh
248888,1426516,476935,Jeremiah,27,16,יהוה,nmpr,pers,E:YHWH,Other Tanakh
248889,1426516,476936,Jeremiah,27,16,אל,nega,,C:divine-title-candidate,Other Tanakh
248891,1426516,476936,Jeremiah,27,16,אל,prep,,C:divine-title-candidate,Other Tanakh
248902,1426516,476939,Jeremiah,27,16,יהוה,nmpr,pers,E:YHWH,Other Tanakh
248905,1426516,476939,Jeremiah,27,16,בבל,nmpr,topo,F:unclassified-name,Other Tanakh
248913,1426517,476941,Jeremiah,27,17,אל,nega,,C:divine-title-candidate,Other Tanakh
248915,1426517,476941,Jeremiah,27,17,אל,prep,,C:divine-title-candidate,Other Tanakh
248918,1426517,476942,Jeremiah,27,17,מלך,subs,,B:deity-candidate,Other Tanakh
248919,1426517,476942,Jeremiah,27,17,בבל,nmpr,topo,F:unclassified-name,Other Tanakh
248937,1426518,476946,Jeremiah,27,18,יהוה,nmpr,pers,E:YHWH,Other Tanakh
248942,1426518,476947,Jeremiah,27,18,יהוה,nmpr,pers,E:YHWH,Other Tanakh
248953,1426518,476949,Jeremiah,27,18,יהוה,nmpr,pers,E:YHWH,Other Tanakh
248956,1426518,476949,Jeremiah,27,18,מלך,subs,,B:deity-candidate,Other Tanakh
248957,1426518,476949,Jeremiah,27,18,יהודה,nmpr,"pers,gens,topo",F:unclassified-name,Other Tanakh
248960,1426518,476949,Jeremiah,27,18,ירושלם,nmpr,topo,F:unclassified-name,Other Tanakh
248961,1426518,476948,Jeremiah,27,18,בבל,nmpr,topo,F:unclassified-name,Other Tanakh
248965,1426519,476950,Jeremiah,27,19,יהוה,nmpr,pers,E:YHWH,Other Tanakh
248967,1426519,476950,Jeremiah,27,19,אל,prep,,C:divine-title-candidate,Other Tanakh
248993,1426520,476952,Jeremiah,27,20,נבוכדנאצר,nmpr,pers,A:person-candidate,Other Tanakh
248994,1426520,476952,Jeremiah,27,20,מלך,subs,,B:deity-candidate,Other Tanakh
248995,1426520,476952,Jeremiah,27,20,בבל,nmpr,topo,F:unclassified-name,Other Tanakh
248999,1426520,476953,Jeremiah,27,20,יכוניה,nmpr,pers,A:person-candidate,Other Tanakh
249001,1426520,476953,Jeremiah,27,20,יהויקים,nmpr,pers,A:person-candidate,Other Tanakh
249002,1426520,476953,Jeremiah,27,20,מלך,subs,,B:deity-candidate,Other Tanakh
249003,1426520,476953,Jeremiah,27,20,יהודה,nmpr,"pers,gens,topo",F:unclassified-name,Other Tanakh
249005,1426520,476953,Jeremiah,27,20,ירושלם,nmpr,topo,F:unclassified-name,Other Tanakh
249006,1426520,476953,Jeremiah,27,20,בבל,nmpr,topo,F:unclassified-name,Other Tanakh
249011,1426520,476954,Jeremiah,27,20,יהודה,nmpr,"pers,gens,topo",F:unclassified-name,Other Tanakh
249013,1426520,476954,Jeremiah,27,20,ירושלם,nmpr,topo,F:unclassified-name,Other Tanakh
249017,1426521,476955,Jeremiah,27,21,יהוה,nmpr,pers,E:YHWH,Other Tanakh
249019,1426521,476955,Jeremiah,27,21,אלהים,subs,,D:Elohim,Other Tanakh
249020,1426521,476955,Jeremiah,27,21,ישראל,nmpr,"pers,gens,topo",F:unclassified-name,Other Tanakh
249027,1426521,476956,Jeremiah,27,21,יהוה,nmpr,pers,E:YHWH,Other Tanakh
249030,1426521,476956,Jeremiah,27,21,מלך,subs,,B:deity-candidate,Other Tanakh
249031,1426521,476956,Jeremiah,27,21,יהודה,nmpr,"pers,gens,topo",F:unclassified-name,Other Tanakh
249033,1426521,476956,Jeremiah,27,21,ירושלם,nmpr,topo,F:unclassified-name,Other Tanakh
249034,1426522,476957,Jeremiah,27,22,בבל,nmpr,topo,F:unclassified-name,Other Tanakh
249044,1426522,476960,Jeremiah,27,22,יהוה,nmpr,pers,E:YHWH,Other Tanakh
249049,1426522,476962,Jeremiah,27,22,אל,prep,,C:divine-title-candidate,Other Tanakh
249064,1426523,476963,Jeremiah,28,1,צדקיה,nmpr,pers,A:person-candidate,Other Tanakh
249065,1426523,476963,Jeremiah,28,1,מלך,subs,,B:deity-candidate,Other Tanakh
249066,1426523,476963,Jeremiah,28,1,יהודה,nmpr,"pers,gens,topo",F:unclassified-name,Other Tanakh
249078,1426523,476964,Jeremiah,28,1,אל,prep,,C:divine-title-candidate,Other Tanakh
249079,1426523,476964,Jeremiah,28,1,חנניה,nmpr,pers,A:person-candidate,Other Tanakh
249081,1426523,476964,Jeremiah,28,1,עזור,nmpr,pers,A:person-candidate,Other Tanakh
249086,1426523,476965,Jeremiah,28,1,גבעון,nmpr,topo,F:unclassified-name,Other Tanakh
249089,1426523,476964,Jeremiah,28,1,יהוה,nmpr,pers,E:YHWH,Other Tanakh
249102,1426524,476967,Jeremiah,28,2,יהוה,nmpr,pers,E:YHWH,Other Tanakh
249104,1426524,476967,Jeremiah,28,2,אלהים,subs,,D:Elohim,Other Tanakh
249105,1426524,476967,Jeremiah,28,2,ישראל,nmpr,"pers,gens,topo",F:unclassified-name,Other Tanakh
249111,1426524,476969,Jeremiah,28,2,מלך,subs,,B:deity-candidate,Other Tanakh
249112,1426524,476969,Jeremiah,28,2,בבל,nmpr,topo,F:unclassified-name,Other Tanakh
249119,1426525,476970,Jeremiah,28,3,אל,prep,,C:divine-title-candidate,Other Tanakh
249128,1426525,476970,Jeremiah,28,3,יהוה,nmpr,pers,E:YHWH,Other Tanakh
249131,1426525,476971,Jeremiah,28,3,נבוכדנאצר,nmpr,pers,A:person-candidate,Other Tanakh
249132,1426525,476971,Jeremiah,28,3,מלך,subs,,B:deity-candidate,Other Tanakh
249133,1426525,476971,Jeremiah,28,3,בבל,nmpr,topo,F:unclassified-name,Other Tanakh
249141,1426525,476972,Jeremiah,28,3,בבל,nmpr,topo,F:unclassified-name,Other Tanakh
249144,1426526,476973,Jeremiah,28,4,יכניה,nmpr,pers,A:person-candidate,Other Tanakh
249146,1426526,476973,Jeremiah,28,4,יהויקים,nmpr,pers,A:person-candidate,Other Tanakh
249147,1426526,476973,Jeremiah,28,4,מלך,subs,,B:deity-candidate,Other Tanakh
249148,1426526,476973,Jeremiah,28,4,יהודה,nmpr,"pers,gens,topo",F:unclassified-name,Other Tanakh
249153,1426526,476973,Jeremiah,28,4,יהודה,nmpr,"pers,gens,topo",F:unclassified-name,Other Tanakh
249156,1426526,476974,Jeremiah,28,4,בבל,nmpr,topo,F:unclassified-name,Other Tanakh
249159,1426526,476973,Jeremiah,28,4,אל,prep,,C:divine-title-candidate,Other Tanakh
249165,1426526,476975,Jeremiah,28,4,יהוה,nmpr,pers,E:YHWH,Other Tanakh
249170,1426526,476976,Jeremiah,28,4,מלך,subs,,B:deity-candidate,Other Tanakh
249171,1426526,476976,Jeremiah,28,4,בבל,nmpr,topo,F:unclassified-name,Other Tanakh
249174,1426527,476977,Jeremiah,28,5,ירמיה,nmpr,pers,A:person-candidate,Other Tanakh
249177,1426527,476977,Jeremiah,28,5,אל,prep,,C:divine-title-candidate,Other Tanakh
249178,1426527,476977,Jeremiah,28,5,חנניה,nmpr,pers,A:person-candidate,Other Tanakh
249195,1426527,476978,Jeremiah,28,5,יהוה,nmpr,pers,E:YHWH,Other Tanakh
249198,1426528,476979,Jeremiah,28,6,ירמיה,nmpr,pers,A:person-candidate,Other Tanakh
249204,1426528,476981,Jeremiah,28,6,יהוה,nmpr,pers,E:YHWH,Other Tanakh
249206,1426528,476982,Jeremiah,28,6,יהוה,nmpr,pers,E:YHWH,Other Tanakh
249215,1426528,476984,Jeremiah,28,6,יהוה,nmpr,pers,E:YHWH,Other Tanakh
249221,1426528,476984,Jeremiah,28,6,בבל,nmpr,topo,F:unclassified-name,Other Tanakh
249222,1426528,476984,Jeremiah,28,6,אל,prep,,C:divine-title-candidate,Other Tanakh
249259,1426530,476989,Jeremiah,28,8,אל,prep,,C:divine-title-candidate,Other Tanakh
249290,1426531,476994,Jeremiah,28,9,יהוה,nmpr,pers,E:YHWH,Other Tanakh
249295,1426532,476995,Jeremiah,28,10,חנניה,nmpr,pers,A:person-candidate,Other Tanakh
249304,1426532,476995,Jeremiah,28,10,ירמיה,nmpr,pers,A:person-candidate,Other Tanakh
249311,1426533,476997,Jeremiah,28,11,חנניה,nmpr,pers,A:person-candidate,Other Tanakh
249321,1426533,476999,Jeremiah,28,11,יהוה,nmpr,pers,E:YHWH,Other Tanakh
249326,1426533,477000,Jeremiah,28,11,נבוכדנאצר,nmpr,pers,A:person-candidate,Other Tanakh
249327,1426533,477000,Jeremiah,28,11,מלך,subs,,B:deity-candidate,Other Tanakh
249328,1426533,477000,Jeremiah,28,11,בבל,nmpr,topo,F:unclassified-name,Other Tanakh
249341,1426533,477001,Jeremiah,28,11,ירמיה,nmpr,pers,A:person-candidate,Other Tanakh
249349,1426534,477002,Jeremiah,28,12,יהוה,nmpr,pers,E:YHWH,Other Tanakh
249350,1426534,477002,Jeremiah,28,12,אל,prep,,C:divine-title-candidate,Other Tanakh
249351,1426534,477002,Jeremiah,28,12,ירמיה,nmpr,pers,A:person-candidate,Other Tanakh
249354,1426534,477003,Jeremiah,28,12,חנניה,nmpr,pers,A:person-candidate,Other Tanakh
249363,1426534,477003,Jeremiah,28,12,ירמיה,nmpr,pers,A:person-candidate,Other Tanakh
249371,1426535,477006,Jeremiah,28,13,אל,prep,,C:divine-title-candidate,Other Tanakh
249372,1426535,477006,Jeremiah,28,13,חנניה,nmpr,pers,A:person-candidate,Other Tanakh
249377,1426535,477008,Jeremiah,28,13,יהוה,nmpr,pers,E:YHWH,Other Tanakh
249389,1426536,477011,Jeremiah,28,14,יהוה,nmpr,pers,E:YHWH,Other Tanakh
249391,1426536,477011,Jeremiah,28,14,אלהים,subs,,D:Elohim,Other Tanakh
249392,1426536,477011,Jeremiah,28,14,ישראל,nmpr,"pers,gens,topo",F:unclassified-name,Other Tanakh
249406,1426536,477013,Jeremiah,28,14,נבוכדנאצר,nmpr,pers,A:person-candidate,Other Tanakh
249407,1426536,477013,Jeremiah,28,14,מלך,subs,,B:deity-candidate,Other Tanakh
249408,1426536,477013,Jeremiah,28,14,בבל,nmpr,topo,F:unclassified-name,Other Tanakh
249421,1426537,477016,Jeremiah,28,15,ירמיה,nmpr,pers,A:person-candidate,Other Tanakh
249424,1426537,477016,Jeremiah,28,15,אל,prep,,C:divine-title-candidate,Other Tanakh
249425,1426537,477016,Jeremiah,28,15,חנניה,nmpr,pers,A:person-candidate,Other Tanakh
249430,1426537,477018,Jeremiah,28,15,חנניה,nmpr,pers,A:person-candidate,Other Tanakh
249433,1426537,477019,Jeremiah,28,15,יהוה,nmpr,pers,E:YHWH,Other Tanakh
249447,1426538,477022,Jeremiah,28,16,יהוה,nmpr,pers,E:YHWH,Other Tanakh
249462,1426538,477025,Jeremiah,28,16,אל,prep,,C:divine-title-candidate,Other Tanakh
249463,1426538,477025,Jeremiah,28,16,יהוה,nmpr,pers,E:YHWH,Other Tanakh
249466,1426539,477026,Jeremiah,28,17,חנניה,nmpr,pers,A:person-candidate,Other Tanakh
249486,1426540,477028,Jeremiah,29,1,ירמיה,nmpr,pers,A:person-candidate,Other Tanakh
249490,1426540,477028,Jeremiah,29,1,ירושלם,nmpr,topo,F:unclassified-name,Other Tanakh
249491,1426540,477028,Jeremiah,29,1,אל,prep,,C:divine-title-candidate,Other Tanakh
249497,1426540,477028,Jeremiah,29,1,אל,prep,,C:divine-title-candidate,Other Tanakh
249501,1426540,477028,Jeremiah,29,1,אל,prep,,C:divine-title-candidate,Other Tanakh
249505,1426540,477028,Jeremiah,29,1,אל,prep,,C:divine-title-candidate,Other Tanakh
249511,1426540,477029,Jeremiah,29,1,נבוכדנאצר,nmpr,pers,A:person-candidate,Other Tanakh
249513,1426540,477029,Jeremiah,29,1,ירושלם,nmpr,topo,F:unclassified-name,Other Tanakh
249514,1426540,477029,Jeremiah,29,1,בבל,nmpr,topo,F:unclassified-name,Other Tanakh
249517,1426541,477030,Jeremiah,29,2,יכניה,nmpr,pers,A:person-candidate,Other Tanakh
249519,1426541,477030,Jeremiah,29,2,מלך,subs,,B:deity-candidate,Other Tanakh
249527,1426541,477030,Jeremiah,29,2,יהודה,nmpr,"pers,gens,topo",F:unclassified-name,Other Tanakh
249529,1426541,477030,Jeremiah,29,2,ירושלם,nmpr,topo,F:unclassified-name,Other Tanakh
249537,1426541,477030,Jeremiah,29,2,ירושלם,nmpr,topo,F:unclassified-name,Other Tanakh
249540,1426542,477031,Jeremiah,29,3,אלעשה,nmpr,pers,A:person-candidate,Other Tanakh
249542,1426542,477031,Jeremiah,29,3,שפן,nmpr,pers,A:person-candidate,Other Tanakh
249544,1426542,477031,Jeremiah,29,3,גמריה,nmpr,pers,A:person-candidate,Other Tanakh
249546,1426542,477031,Jeremiah,29,3,חלקיה,nmpr,pers,A:person-candidate,Other Tanakh
249549,1426542,477032,Jeremiah,29,3,צדקיה,nmpr,pers,A:person-candidate,Other Tanakh
249550,1426542,477032,Jeremiah,29,3,מלך,subs,,B:deity-candidate,Other Tanakh
249551,1426542,477032,Jeremiah,29,3,יהודה,nmpr,"pers,gens,topo",F:unclassified-name,Other Tanakh
249552,1426542,477032,Jeremiah,29,3,אל,prep,,C:divine-title-candidate,Other Tanakh
249553,1426542,477032,Jeremiah,29,3,נבוכדנאצר,nmpr,pers,A:person-candidate,Other Tanakh
249554,1426542,477032,Jeremiah,29,3,מלך,subs,,B:deity-candidate,Other Tanakh
249555,1426542,477032,Jeremiah,29,3,בבל,nmpr,topo,F:unclassified-name,Other Tanakh
249556,1426542,477032,Jeremiah,29,3,בבל,nmpr,topo,F:unclassified-name,Other Tanakh
249561,1426543,477034,Jeremiah,29,4,יהוה,nmpr,pers,E:YHWH,Other Tanakh
249563,1426543,477034,Jeremiah,29,4,אלהים,subs,,D:Elohim,Other Tanakh
249564,1426543,477034,Jeremiah,29,4,ישראל,nmpr,"pers,gens,topo",F:unclassified-name,Other Tanakh
249572,1426543,477035,Jeremiah,29,4,ירושלם,nmpr,topo,F:unclassified-name,Other Tanakh
249573,1426543,477035,Jeremiah,29,4,בבל,nmpr,topo,F:unclassified-name,Other Tanakh
249612,1426545,477046,Jeremiah,29,6,אל,nega,,C:divine-title-candidate,Other Tanakh
249627,1426546,477049,Jeremiah,29,7,אל,prep,,C:divine-title-candidate,Other Tanakh
249628,1426546,477049,Jeremiah,29,7,יהוה,nmpr,pers,E:YHWH,Other Tanakh
249638,1426547,477051,Jeremiah,29,8,יהוה,nmpr,pers,E:YHWH,Other Tanakh
249640,1426547,477051,Jeremiah,29,8,אלהים,subs,,D:Elohim,Other Tanakh
249641,1426547,477051,Jeremiah,29,8,ישראל,nmpr,"pers,gens,topo",F:unclassified-name,Other Tanakh
249642,1426547,477052,Jeremiah,29,8,אל,nega,,C:divine-title-candidate,Other Tanakh
249652,1426547,477054,Jeremiah,29,8,אל,nega,,C:divine-title-candidate,Other Tanakh
249654,1426547,477054,Jeremiah,29,8,אל,prep,,C:divine-title-candidate,Other Tanakh
249670,1426548,477058,Jeremiah,29,9,יהוה,nmpr,pers,E:YHWH,Other Tanakh
249674,1426549,477059,Jeremiah,29,10,יהוה,nmpr,pers,E:YHWH,Other Tanakh
249680,1426549,477061,Jeremiah,29,10,בבל,nmpr,topo,F:unclassified-name,Other Tanakh
249695,1426549,477063,Jeremiah,29,10,אל,prep,,C:divine-title-candidate,Other Tanakh
249711,1426550,477066,Jeremiah,29,11,יהוה,nmpr,pers,E:YHWH,Other Tanakh
249731,1426551,477072,Jeremiah,29,12,אל,prep,,C:divine-title-candidate,Other Tanakh
249734,1426551,477073,Jeremiah,29,12,אל,prep,,C:divine-title-candidate,Other Tanakh
249749,1426553,477078,Jeremiah,29,14,יהוה,nmpr,pers,E:YHWH,Other Tanakh
249771,1426553,477082,Jeremiah,29,14,יהוה,nmpr,pers,E:YHWH,Other Tanakh
249775,1426553,477083,Jeremiah,29,14,אל,prep,,C:divine-title-candidate,Other Tanakh
249787,1426554,477086,Jeremiah,29,15,יהוה,nmpr,pers,E:YHWH,Other Tanakh
249789,1426554,477086,Jeremiah,29,15,בבל,nmpr,topo,F:unclassified-name,Other Tanakh
249793,1426555,477087,Jeremiah,29,16,יהוה,nmpr,pers,E:YHWH,Other Tanakh
249794,1426555,477087,Jeremiah,29,16,אל,prep,,C:divine-title-candidate,Other Tanakh
249796,1426555,477087,Jeremiah,29,16,מלך,subs,,B:deity-candidate,Other Tanakh
249799,1426555,477088,Jeremiah,29,16,אל,prep,,C:divine-title-candidate,Other Tanakh
249801,1426555,477088,Jeremiah,29,16,דוד,nmpr,pers,A:person-candidate,Other Tanakh
249803,1426555,477087,Jeremiah,29,16,אל,prep,,C:divine-title-candidate,Other Tanakh
249824,1426556,477091,Jeremiah,29,17,יהוה,nmpr,pers,E:YHWH,Other Tanakh
249896,1426558,477099,Jeremiah,29,19,אל,prep,,C:divine-title-candidate,Other Tanakh
249899,1426558,477100,Jeremiah,29,19,יהוה,nmpr,pers,E:YHWH,Other Tanakh
249902,1426558,477101,Jeremiah,29,19,אל,prep,,C:divine-title-candidate,Other Tanakh
249914,1426558,477105,Jeremiah,29,19,יהוה,nmpr,pers,E:YHWH,Other Tanakh
249919,1426559,477106,Jeremiah,29,20,יהוה,nmpr,pers,E:YHWH,Other Tanakh
249926,1426559,477108,Jeremiah,29,20,ירושלם,nmpr,topo,F:unclassified-name,Other Tanakh
249927,1426559,477108,Jeremiah,29,20,בבל,nmpr,topo,F:unclassified-name,Other Tanakh
249930,1426560,477109,Jeremiah,29,21,יהוה,nmpr,pers,E:YHWH,Other Tanakh
249932,1426560,477109,Jeremiah,29,21,אלהים,subs,,D:Elohim,Other Tanakh
249933,1426560,477109,Jeremiah,29,21,ישראל,nmpr,"pers,gens,topo",F:unclassified-name,Other Tanakh
249934,1426560,477109,Jeremiah,29,21,אל,prep,,C:divine-title-candidate,Other Tanakh
249935,1426560,477109,Jeremiah,29,21,אחאב,nmpr,pers,A:person-candidate,Other Tanakh
249937,1426560,477109,Jeremiah,29,21,קוליה,nmpr,pers,A:person-candidate,Other Tanakh
249939,1426560,477109,Jeremiah,29,21,אל,prep,,C:divine-title-candidate,Other Tanakh
249940,1426560,477109,Jeremiah,29,21,צדקיהו,nmpr,pers,A:person-candidate,Other Tanakh
249942,1426560,477109,Jeremiah,29,21,מעשיה,nmpr,pers,A:person-candidate,Other Tanakh
249954,1426560,477111,Jeremiah,29,21,נבוכדראצר,nmpr,pers,A:person-candidate,Other Tanakh
249955,1426560,477111,Jeremiah,29,21,מלך,subs,,B:deity-candidate,Other Tanakh
249956,1426560,477111,Jeremiah,29,21,בבל,nmpr,topo,F:unclassified-name,Other Tanakh
249968,1426561,477113,Jeremiah,29,22,יהודה,nmpr,"pers,gens,topo",F:unclassified-name,Other Tanakh
249971,1426561,477114,Jeremiah,29,22,בבל,nmpr,topo,F:unclassified-name,Other Tanakh
249975,1426561,477116,Jeremiah,29,22,יהוה,nmpr,pers,E:YHWH,Other Tanakh
249977,1426561,477116,Jeremiah,29,22,צדקיהו,nmpr,pers,A:person-candidate,Other Tanakh
249980,1426561,477116,Jeremiah,29,22,אחאב,nmpr,pers,A:person-candidate,Other Tanakh
249983,1426561,477117,Jeremiah,29,22,מלך,subs,,B:deity-candidate,Other Tanakh
249984,1426561,477117,Jeremiah,29,22,בבל,nmpr,topo,F:unclassified-name,Other Tanakh
249993,1426562,477118,Jeremiah,29,23,ישראל,nmpr,"pers,gens,topo",F:unclassified-name,Other Tanakh
250015,1426562,477125,Jeremiah,29,23,יהוה,nmpr,pers,E:YHWH,Other Tanakh
250017,1426563,477126,Jeremiah,29,24,אל,prep,,C:divine-title-candidate,Other Tanakh
250018,1426563,477126,Jeremiah,29,24,שמעיהו,nmpr,pers,A:person-candidate,Other Tanakh
250026,1426564,477128,Jeremiah,29,25,יהוה,nmpr,pers,E:YHWH,Other Tanakh
250028,1426564,477128,Jeremiah,29,25,אלהים,subs,,D:Elohim,Other Tanakh
250029,1426564,477128,Jeremiah,29,25,ישראל,nmpr,"pers,gens,topo",F:unclassified-name,Other Tanakh
250039,1426564,477130,Jeremiah,29,25,אל,prep,,C:divine-title-candidate,Other Tanakh
250045,1426564,477131,Jeremiah,29,25,ירושלם,nmpr,topo,F:unclassified-name,Other Tanakh
250047,1426564,477130,Jeremiah,29,25,אל,prep,,C:divine-title-candidate,Other Tanakh
250048,1426564,477130,Jeremiah,29,25,צפניה,nmpr,pers,A:person-candidate,Other Tanakh
250050,1426564,477130,Jeremiah,29,25,מעשיה,nmpr,pers,A:person-candidate,Other Tanakh
250054,1426564,477130,Jeremiah,29,25,אל,prep,,C:divine-title-candidate,Other Tanakh
250060,1426565,477133,Jeremiah,29,26,יהוה,nmpr,pers,E:YHWH,Other Tanakh
250064,1426565,477133,Jeremiah,29,26,יהוידע,nmpr,pers,A:person-candidate,Other Tanakh
250071,1426565,477134,Jeremiah,29,26,יהוה,nmpr,pers,E:YHWH,Other Tanakh
250081,1426565,477135,Jeremiah,29,26,אל,prep,,C:divine-title-candidate,Other Tanakh
250085,1426565,477135,Jeremiah,29,26,אל,prep,,C:divine-title-candidate,Other Tanakh
250094,1426566,477137,Jeremiah,29,27,ירמיהו,nmpr,pers,A:person-candidate,Other Tanakh
250104,1426567,477139,Jeremiah,29,28,אל,prep,,C:divine-title-candidate,Other Tanakh
250105,1426567,477139,Jeremiah,29,28,בבל,nmpr,topo,F:unclassified-name,Other Tanakh
250123,1426568,477146,Jeremiah,29,29,צפניה,nmpr,pers,A:person-candidate,Other Tanakh
250133,1426568,477146,Jeremiah,29,29,ירמיהו,nmpr,pers,A:person-candidate,Other Tanakh
250139,1426569,477147,Jeremiah,29,30,יהוה,nmpr,pers,E:YHWH,Other Tanakh
250140,1426569,477147,Jeremiah,29,30,אל,prep,,C:divine-title-candidate,Other Tanakh
250141,1426569,477147,Jeremiah,29,30,ירמיהו,nmpr,pers,A:person-candidate,Other Tanakh
250153,1426570,477151,Jeremiah,29,31,יהוה,nmpr,pers,E:YHWH,Other Tanakh
250154,1426570,477151,Jeremiah,29,31,אל,prep,,C:divine-title-candidate,Other Tanakh
250155,1426570,477151,Jeremiah,29,31,שמעיה,nmpr,pers,A:person-candidate,Other Tanakh
250162,1426570,477152,Jeremiah,29,31,שמעיה,nmpr,pers,A:person-candidate,Other Tanakh
250175,1426571,477156,Jeremiah,29,32,יהוה,nmpr,pers,E:YHWH,Other Tanakh
250179,1426571,477157,Jeremiah,29,32,שמעיה,nmpr,pers,A:person-candidate,Other Tanakh
250208,1426571,477162,Jeremiah,29,32,יהוה,nmpr,pers,E:YHWH,Other Tanakh
250213,1426571,477163,Jeremiah,29,32,יהוה,nmpr,pers,E:YHWH,Other Tanakh
250218,1426572,477165,Jeremiah,30,1,אל,prep,,C:divine-title-candidate,Other Tanakh
250219,1426572,477165,Jeremiah,30,1,ירמיהו,nmpr,pers,A:person-candidate,Other Tanakh
250222,1426572,477165,Jeremiah,30,1,יהוה,nmpr,pers,E:YHWH,Other Tanakh
250227,1426573,477167,Jeremiah,30,2,יהוה,nmpr,pers,E:YHWH,Other Tanakh
250228,1426573,477167,Jeremiah,30,2,אלהים,subs,,D:Elohim,Other Tanakh
250229,1426573,477167,Jeremiah,30,2,ישראל,nmpr,"pers,gens,topo",F:unclassified-name,Other Tanakh
250240,1426573,477170,Jeremiah,30,2,אל,prep,,C:divine-title-candidate,Other Tanakh
250241,1426573,477169,Jeremiah,30,2,אל,prep,,C:divine-title-candidate,Other Tanakh
250248,1426574,477172,Jeremiah,30,3,יהוה,nmpr,pers,E:YHWH,Other Tanakh
250254,1426574,477173,Jeremiah,30,3,ישראל,nmpr,"pers,gens,topo",F:unclassified-name,Other Tanakh
250256,1426574,477173,Jeremiah,30,3,יהודה,nmpr,"pers,gens,topo",F:unclassified-name,Other Tanakh
250258,1426574,477174,Jeremiah,30,3,יהוה,nmpr,pers,E:YHWH,Other Tanakh
250261,1426574,477175,Jeremiah,30,3,אל,prep,,C:divine-title-candidate,Other Tanakh
250276,1426575,477179,Jeremiah,30,4,יהוה,nmpr,pers,E:YHWH,Other Tanakh
250277,1426575,477179,Jeremiah,30,4,אל,prep,,C:divine-title-candidate,Other Tanakh
250278,1426575,477179,Jeremiah,30,4,ישראל,nmpr,"pers,gens,topo",F:unclassified-name,Other Tanakh
250280,1426575,477179,Jeremiah,30,4,אל,prep,,C:divine-title-candidate,Other Tanakh
250281,1426575,477179,Jeremiah,30,4,יהודה,nmpr,"pers,gens,topo",F:unclassified-name,Other Tanakh
250285,1426576,477180,Jeremiah,30,5,יהוה,nmpr,pers,E:YHWH,Other Tanakh
250331,1426578,477193,Jeremiah,30,7,יעקב,nmpr,pers,A:person-candidate,Other Tanakh
250343,1426579,477196,Jeremiah,30,8,יהוה,nmpr,pers,E:YHWH,Other Tanakh
250362,1426580,477200,Jeremiah,30,9,יהוה,nmpr,pers,E:YHWH,Other Tanakh
250363,1426580,477200,Jeremiah,30,9,אלהים,subs,,D:Elohim,Other Tanakh
250366,1426580,477200,Jeremiah,30,9,דוד,nmpr,pers,A:person-candidate,Other Tanakh
250367,1426580,477200,Jeremiah,30,9,מלך,subs,,B:deity-candidate,Other Tanakh
250373,1426581,477203,Jeremiah,30,10,אל,nega,,C:divine-title-candidate,Other Tanakh
250376,1426581,477204,Jeremiah,30,10,יעקב,nmpr,pers,A:person-candidate,Other Tanakh
250378,1426581,477205,Jeremiah,30,10,יהוה,nmpr,pers,E:YHWH,Other Tanakh
250380,1426581,477206,Jeremiah,30,10,אל,nega,,C:divine-title-candidate,Other Tanakh
250382,1426581,477207,Jeremiah,30,10,ישראל,nmpr,"pers,gens,topo",F:unclassified-name,Other Tanakh
250396,1426581,477209,Jeremiah,30,10,יעקב,nmpr,pers,A:person-candidate,Other Tanakh
250408,1426582,477214,Jeremiah,30,11,יהוה,nmpr,pers,E:YHWH,Other Tanakh
250438,1426583,477221,Jeremiah,30,12,יהוה,nmpr,pers,E:YHWH,Other Tanakh
250516,1426588,477243,Jeremiah,30,17,יהוה,nmpr,pers,E:YHWH,Other Tanakh
250521,1426588,477245,Jeremiah,30,17,ציון,nmpr,topo,F:unclassified-name,Other Tanakh
250528,1426589,477247,Jeremiah,30,18,יהוה,nmpr,pers,E:YHWH,Other Tanakh
250533,1426589,477248,Jeremiah,30,18,יעקב,nmpr,pers,A:person-candidate,Other Tanakh
250592,1426592,477263,Jeremiah,30,21,אל,prep,,C:divine-title-candidate,Other Tanakh
250602,1426592,477266,Jeremiah,30,21,אל,prep,,C:divine-title-candidate,Other Tanakh
250604,1426592,477267,Jeremiah,30,21,יהוה,nmpr,pers,E:YHWH,Other Tanakh
250615,1426593,477269,Jeremiah,30,22,אלהים,subs,,D:Elohim,Other Tanakh
250618,1426594,477270,Jeremiah,30,23,יהוה,nmpr,pers,E:YHWH,Other Tanakh
250631,1426595,477274,Jeremiah,30,24,יהוה,nmpr,pers,E:YHWH,Other Tanakh
250651,1426596,477279,Jeremiah,31,1,יהוה,nmpr,pers,E:YHWH,Other Tanakh
250654,1426596,477278,Jeremiah,31,1,אלהים,subs,,D:Elohim,Other Tanakh
250658,1426596,477278,Jeremiah,31,1,ישראל,nmpr,"pers,gens,topo",F:unclassified-name,Other Tanakh
250667,1426597,477281,Jeremiah,31,2,יהוה,nmpr,pers,E:YHWH,Other Tanakh
250679,1426597,477283,Jeremiah,31,2,ישראל,nmpr,"pers,gens,topo",F:unclassified-name,Other Tanakh
250682,1426598,477285,Jeremiah,31,3,יהוה,nmpr,pers,E:YHWH,Other Tanakh
250698,1426599,477290,Jeremiah,31,4,ישראל,nmpr,"pers,gens,topo",F:unclassified-name,Other Tanakh
250712,1426600,477293,Jeremiah,31,5,שמרון,nmpr,topo,F:unclassified-name,Other Tanakh
250724,1426601,477297,Jeremiah,31,6,אפרים,nmpr,"pers,gens,topo",F:unclassified-name,Other Tanakh
250728,1426601,477299,Jeremiah,31,6,ציון,nmpr,topo,F:unclassified-name,Other Tanakh
250729,1426601,477299,Jeremiah,31,6,אל,prep,,C:divine-title-candidate,Other Tanakh
250730,1426601,477299,Jeremiah,31,6,יהוה,nmpr,pers,E:YHWH,Other Tanakh
250731,1426601,477299,Jeremiah,31,6,אלהים,subs,,D:Elohim,Other Tanakh
250735,1426602,477300,Jeremiah,31,7,יהוה,nmpr,pers,E:YHWH,Other Tanakh
250738,1426602,477301,Jeremiah,31,7,יעקב,nmpr,pers,A:person-candidate,Other Tanakh
250751,1426602,477307,Jeremiah,31,7,יהוה,nmpr,pers,E:YHWH,Other Tanakh
250756,1426602,477306,Jeremiah,31,7,ישראל,nmpr,"pers,gens,topo",F:unclassified-name,Other Tanakh
250788,1426604,477314,Jeremiah,31,9,אל,prep,,C:divine-title-candidate,Other Tanakh
250800,1426604,477316,Jeremiah,31,9,ישראל,nmpr,"pers,gens,topo",F:unclassified-name,Other Tanakh
250804,1426604,477317,Jeremiah,31,9,אפרים,nmpr,"pers,gens,topo",F:unclassified-name,Other Tanakh
250809,1426605,477319,Jeremiah,31,10,יהוה,nmpr,pers,E:YHWH,Other Tanakh
250821,1426605,477323,Jeremiah,31,10,ישראל,nmpr,"pers,gens,topo",F:unclassified-name,Other Tanakh
250830,1426606,477325,Jeremiah,31,11,יהוה,nmpr,pers,E:YHWH,Other Tanakh
250832,1426606,477325,Jeremiah,31,11,יעקב,nmpr,pers,A:person-candidate,Other Tanakh
250845,1426607,477328,Jeremiah,31,12,ציון,nmpr,topo,F:unclassified-name,Other Tanakh
250848,1426607,477329,Jeremiah,31,12,אל,prep,,C:divine-title-candidate,Other Tanakh
250850,1426607,477329,Jeremiah,31,12,יהוה,nmpr,pers,E:YHWH,Other Tanakh
250910,1426609,477340,Jeremiah,31,14,יהוה,nmpr,pers,E:YHWH,Other Tanakh
250913,1426610,477341,Jeremiah,31,15,יהוה,nmpr,pers,E:YHWH,Other Tanakh
250916,1426610,477342,Jeremiah,31,15,רמה,nmpr,topo,F:unclassified-name,Other Tanakh
250921,1426610,477344,Jeremiah,31,15,רחל,nmpr,pers,A:person-candidate,Other Tanakh
250934,1426611,477348,Jeremiah,31,16,יהוה,nmpr,pers,E:YHWH,Other Tanakh
250949,1426611,477352,Jeremiah,31,16,יהוה,nmpr,pers,E:YHWH,Other Tanakh
250961,1426612,477355,Jeremiah,31,17,יהוה,nmpr,pers,E:YHWH,Other Tanakh
250969,1426613,477357,Jeremiah,31,18,אפרים,nmpr,"pers,gens,topo",F:unclassified-name,Other Tanakh
250983,1426613,477364,Jeremiah,31,18,יהוה,nmpr,pers,E:YHWH,Other Tanakh
250984,1426613,477364,Jeremiah,31,18,אלהים,subs,,D:Elohim,Other Tanakh
251007,1426615,477372,Jeremiah,31,20,אפרים,nmpr,"pers,gens,topo",F:unclassified-name,Other Tanakh
251027,1426615,477378,Jeremiah,31,20,יהוה,nmpr,pers,E:YHWH,Other Tanakh
251043,1426616,477384,Jeremiah,31,21,ישראל,nmpr,"pers,gens,topo",F:unclassified-name,Other Tanakh
251045,1426616,477385,Jeremiah,31,21,אל,prep,,C:divine-title-candidate,Other Tanakh
251057,1426617,477388,Jeremiah,31,22,יהוה,nmpr,pers,E:YHWH,Other Tanakh
251067,1426618,477390,Jeremiah,31,23,יהוה,nmpr,pers,E:YHWH,Other Tanakh
251069,1426618,477390,Jeremiah,31,23,אלהים,subs,,D:Elohim,Other Tanakh
251070,1426618,477390,Jeremiah,31,23,ישראל,nmpr,"pers,gens,topo",F:unclassified-name,Other Tanakh
251080,1426618,477391,Jeremiah,31,23,יהודה,nmpr,"pers,gens,topo",F:unclassified-name,Other Tanakh
251089,1426618,477393,Jeremiah,31,23,יהוה,nmpr,pers,E:YHWH,Other Tanakh
251098,1426619,477395,Jeremiah,31,24,יהודה,nmpr,"pers,gens,topo",F:unclassified-name,Other Tanakh
251131,1426622,477405,Jeremiah,31,27,יהוה,nmpr,pers,E:YHWH,Other Tanakh
251136,1426622,477406,Jeremiah,31,27,ישראל,nmpr,"pers,gens,topo",F:unclassified-name,Other Tanakh
251140,1426622,477406,Jeremiah,31,27,יהודה,nmpr,"pers,gens,topo",F:unclassified-name,Other Tanakh
251175,1426623,477417,Jeremiah,31,28,יהוה,nmpr,pers,E:YHWH,Other Tanakh
251210,1426626,477426,Jeremiah,31,31,יהוה,nmpr,pers,E:YHWH,Other Tanakh
251215,1426626,477427,Jeremiah,31,31,ישראל,nmpr,"pers,gens,topo",F:unclassified-name,Other Tanakh
251219,1426626,477427,Jeremiah,31,31,יהודה,nmpr,"pers,gens,topo",F:unclassified-name,Other Tanakh
251239,1426627,477431,Jeremiah,31,32,מצרים,nmpr,topo,F:unclassified-name,Other Tanakh
251247,1426627,477433,Jeremiah,31,32,בעל,verb,,B:deity-candidate,Other Tanakh
251250,1426627,477434,Jeremiah,31,32,יהוה,nmpr,pers,E:YHWH,Other Tanakh
251259,1426628,477436,Jeremiah,31,33,ישראל,nmpr,"pers,gens,topo",F:unclassified-name,Other Tanakh
251266,1426628,477437,Jeremiah,31,33,יהוה,nmpr,pers,E:YHWH,Other Tanakh
251280,1426628,477440,Jeremiah,31,33,אלהים,subs,,D:Elohim,Other Tanakh
251302,1426629,477446,Jeremiah,31,34,יהוה,nmpr,pers,E:YHWH,Other Tanakh
251314,1426629,477448,Jeremiah,31,34,יהוה,nmpr,pers,E:YHWH,Other Tanakh
251327,1426630,477451,Jeremiah,31,35,יהוה,nmpr,pers,E:YHWH,Other Tanakh
251346,1426630,477456,Jeremiah,31,35,יהוה,nmpr,pers,E:YHWH,Other Tanakh
251359,1426631,477458,Jeremiah,31,36,יהוה,nmpr,pers,E:YHWH,Other Tanakh
251362,1426631,477459,Jeremiah,31,36,ישראל,nmpr,"pers,gens,topo",F:unclassified-name,Other Tanakh
251374,1426632,477461,Jeremiah,31,37,יהוה,nmpr,pers,E:YHWH,Other Tanakh
251393,1426632,477464,Jeremiah,31,37,ישראל,nmpr,"pers,gens,topo",F:unclassified-name,Other Tanakh
251399,1426632,477466,Jeremiah,31,37,יהוה,nmpr,pers,E:YHWH,Other Tanakh
251404,1426633,477468,Jeremiah,31,38,יהוה,nmpr,pers,E:YHWH,Other Tanakh
251410,1426633,477469,Jeremiah,31,38,יהוה,nmpr,pers,E:YHWH,Other Tanakh
251413,1426633,477469,Jeremiah,31,38,חננאל,nmpr,topo,F:unclassified-name,Other Tanakh
251426,1426634,477470,Jeremiah,31,39,גרב,nmpr,pers,A:person-candidate,Other Tanakh
251429,1426634,477471,Jeremiah,31,39,געה,nmpr,topo,F:unclassified-name,Other Tanakh
251445,1426635,477472,Jeremiah,31,40,קדרון,nmpr,topo,F:unclassified-name,Other Tanakh
251454,1426635,477472,Jeremiah,31,40,יהוה,nmpr,pers,E:YHWH,Other Tanakh
251467,1426636,477476,Jeremiah,32,1,אל,prep,,C:divine-title-candidate,Other Tanakh
251468,1426636,477476,Jeremiah,32,1,ירמיהו,nmpr,pers,A:person-candidate,Other Tanakh
251471,1426636,477476,Jeremiah,32,1,יהוה,nmpr,pers,E:YHWH,Other Tanakh
251478,1426636,477476,Jeremiah,32,1,צדקיהו,nmpr,pers,A:person-candidate,Other Tanakh
251479,1426636,477476,Jeremiah,32,1,מלך,subs,,B:deity-candidate,Other Tanakh
251480,1426636,477476,Jeremiah,32,1,יהודה,nmpr,"pers,gens,topo",F:unclassified-name,Other Tanakh
251488,1426636,477477,Jeremiah,32,1,נבוכדראצר,nmpr,pers,A:person-candidate,Other Tanakh
251492,1426637,477478,Jeremiah,32,2,מלך,subs,,B:deity-candidate,Other Tanakh
251493,1426637,477478,Jeremiah,32,2,בבל,nmpr,topo,F:unclassified-name,Other Tanakh
251496,1426637,477478,Jeremiah,32,2,ירושלם,nmpr,topo,F:unclassified-name,Other Tanakh
251498,1426637,477479,Jeremiah,32,2,ירמיהו,nmpr,pers,A:person-candidate,Other Tanakh
251509,1426637,477480,Jeremiah,32,2,מלך,subs,,B:deity-candidate,Other Tanakh
251510,1426637,477480,Jeremiah,32,2,יהודה,nmpr,"pers,gens,topo",F:unclassified-name,Other Tanakh
251513,1426638,477481,Jeremiah,32,3,צדקיהו,nmpr,pers,A:person-candidate,Other Tanakh
251514,1426638,477481,Jeremiah,32,3,מלך,subs,,B:deity-candidate,Other Tanakh
251515,1426638,477481,Jeremiah,32,3,יהודה,nmpr,"pers,gens,topo",F:unclassified-name,Other Tanakh
251525,1426638,477485,Jeremiah,32,3,יהוה,nmpr,pers,E:YHWH,Other Tanakh
251535,1426638,477486,Jeremiah,32,3,מלך,subs,,B:deity-candidate,Other Tanakh
251536,1426638,477486,Jeremiah,32,3,בבל,nmpr,topo,F:unclassified-name,Other Tanakh
251540,1426639,477488,Jeremiah,32,4,צדקיהו,nmpr,pers,A:person-candidate,Other Tanakh
251541,1426639,477488,Jeremiah,32,4,מלך,subs,,B:deity-candidate,Other Tanakh
251542,1426639,477488,Jeremiah,32,4,יהודה,nmpr,"pers,gens,topo",F:unclassified-name,Other Tanakh
251554,1426639,477489,Jeremiah,32,4,מלך,subs,,B:deity-candidate,Other Tanakh
251555,1426639,477489,Jeremiah,32,4,בבל,nmpr,topo,F:unclassified-name,Other Tanakh
251567,1426640,477492,Jeremiah,32,5,בבל,nmpr,topo,F:unclassified-name,Other Tanakh
251570,1426640,477492,Jeremiah,32,5,צדקיהו,nmpr,pers,A:person-candidate,Other Tanakh
251578,1426640,477495,Jeremiah,32,5,יהוה,nmpr,pers,E:YHWH,Other Tanakh
251588,1426641,477498,Jeremiah,32,6,ירמיהו,nmpr,pers,A:person-candidate,Other Tanakh
251591,1426641,477499,Jeremiah,32,6,יהוה,nmpr,pers,E:YHWH,Other Tanakh
251592,1426641,477499,Jeremiah,32,6,אל,prep,,C:divine-title-candidate,Other Tanakh
251596,1426642,477501,Jeremiah,32,7,חנמאל,nmpr,pers,A:person-candidate,Other Tanakh
251598,1426642,477501,Jeremiah,32,7,שלום,nmpr,pers,A:person-candidate,Other Tanakh
251599,1426642,477501,Jeremiah,32,7,דוד,subs,,A:person-candidate,Other Tanakh
251601,1426642,477501,Jeremiah,32,7,אל,prep,,C:divine-title-candidate,Other Tanakh
251610,1426642,477504,Jeremiah,32,7,ענתות,nmpr,topo,F:unclassified-name,Other Tanakh
251620,1426643,477507,Jeremiah,32,8,אל,prep,,C:divine-title-candidate,Other Tanakh
251621,1426643,477507,Jeremiah,32,8,חנמאל,nmpr,pers,A:person-candidate,Other Tanakh
251623,1426643,477507,Jeremiah,32,8,דוד,subs,,A:person-candidate,Other Tanakh
251626,1426643,477507,Jeremiah,32,8,יהוה,nmpr,pers,E:YHWH,Other Tanakh
251627,1426643,477507,Jeremiah,32,8,אל,prep,,C:divine-title-candidate,Other Tanakh
251633,1426643,477508,Jeremiah,32,8,אל,prep,,C:divine-title-candidate,Other Tanakh
251640,1426643,477510,Jeremiah,32,8,ענתות,nmpr,topo,F:unclassified-name,Other Tanakh
251644,1426643,477511,Jeremiah,32,8,בנימן,nmpr,"pers,gens,topo",F:unclassified-name,Other Tanakh
251660,1426643,477516,Jeremiah,32,8,יהוה,nmpr,pers,E:YHWH,Other Tanakh
251669,1426644,477517,Jeremiah,32,9,חנמאל,nmpr,pers,A:person-candidate,Other Tanakh
251671,1426644,477517,Jeremiah,32,9,דוד,subs,,A:person-candidate,Other Tanakh
251674,1426644,477518,Jeremiah,32,9,ענתות,nmpr,topo,F:unclassified-name,Other Tanakh
251728,1426647,477526,Jeremiah,32,12,אל,prep,,C:divine-title-candidate,Other Tanakh
251729,1426647,477526,Jeremiah,32,12,ברוך,nmpr,pers,A:person-candidate,Other Tanakh
251731,1426647,477526,Jeremiah,32,12,נריה,nmpr,pers,A:person-candidate,Other Tanakh
251733,1426647,477526,Jeremiah,32,12,מחסיה,nmpr,pers,A:person-candidate,Other Tanakh
251736,1426647,477526,Jeremiah,32,12,חנמאל,nmpr,pers,A:person-candidate,Other Tanakh
251737,1426647,477526,Jeremiah,32,12,דוד,subs,,A:person-candidate,Other Tanakh
251763,1426648,477529,Jeremiah,32,13,ברוך,nmpr,pers,A:person-candidate,Other Tanakh
251770,1426649,477531,Jeremiah,32,14,יהוה,nmpr,pers,E:YHWH,Other Tanakh
251772,1426649,477531,Jeremiah,32,14,אלהים,subs,,D:Elohim,Other Tanakh
251773,1426649,477531,Jeremiah,32,14,ישראל,nmpr,"pers,gens,topo",F:unclassified-name,Other Tanakh
251809,1426650,477535,Jeremiah,32,15,יהוה,nmpr,pers,E:YHWH,Other Tanakh
251811,1426650,477535,Jeremiah,32,15,אלהים,subs,,D:Elohim,Other Tanakh
251812,1426650,477535,Jeremiah,32,15,ישראל,nmpr,"pers,gens,topo",F:unclassified-name,Other Tanakh
251827,1426651,477537,Jeremiah,32,16,אל,prep,,C:divine-title-candidate,Other Tanakh
251828,1426651,477537,Jeremiah,32,16,יהוה,nmpr,pers,E:YHWH,Other Tanakh
251835,1426651,477538,Jeremiah,32,16,אל,prep,,C:divine-title-candidate,Other Tanakh
251836,1426651,477538,Jeremiah,32,16,ברוך,nmpr,pers,A:person-candidate,Other Tanakh
251838,1426651,477538,Jeremiah,32,16,נריה,nmpr,pers,A:person-candidate,Other Tanakh
251842,1426652,477540,Jeremiah,32,17,אדני,nmpr,pers,C:divine-title-candidate,Other Tanakh
251843,1426652,477540,Jeremiah,32,17,יהוה,nmpr,pers,E:YHWH,Other Tanakh
251876,1426653,477544,Jeremiah,32,18,אל,prep,,C:divine-title-candidate,Other Tanakh
251881,1426653,477545,Jeremiah,32,18,אל,subs,,C:divine-title-candidate,Other Tanakh
251886,1426653,477547,Jeremiah,32,18,יהוה,nmpr,pers,E:YHWH,Other Tanakh
251921,1426655,477552,Jeremiah,32,20,מצרים,nmpr,topo,F:unclassified-name,Other Tanakh
251929,1426655,477552,Jeremiah,32,20,ישראל,nmpr,"pers,gens,topo",F:unclassified-name,Other Tanakh
251948,1426656,477554,Jeremiah,32,21,ישראל,nmpr,"pers,gens,topo",F:unclassified-name,Other Tanakh
251951,1426656,477554,Jeremiah,32,21,מצרים,nmpr,topo,F:unclassified-name,Other Tanakh
252061,1426660,477573,Jeremiah,32,25,אל,prep,,C:divine-title-candidate,Other Tanakh
252062,1426660,477574,Jeremiah,32,25,אדני,nmpr,pers,C:divine-title-candidate,Other Tanakh
252063,1426660,477574,Jeremiah,32,25,יהוה,nmpr,pers,E:YHWH,Other Tanakh
252085,1426661,477578,Jeremiah,32,26,יהוה,nmpr,pers,E:YHWH,Other Tanakh
252086,1426661,477578,Jeremiah,32,26,אל,prep,,C:divine-title-candidate,Other Tanakh
252087,1426661,477578,Jeremiah,32,26,ירמיהו,nmpr,pers,A:person-candidate,Other Tanakh
252092,1426662,477580,Jeremiah,32,27,יהוה,nmpr,pers,E:YHWH,Other Tanakh
252093,1426662,477580,Jeremiah,32,27,אלהים,subs,,D:Elohim,Other Tanakh
252104,1426663,477583,Jeremiah,32,28,יהוה,nmpr,pers,E:YHWH,Other Tanakh
252119,1426663,477584,Jeremiah,32,28,נבוכדראצר,nmpr,pers,A:person-candidate,Other Tanakh
252120,1426663,477584,Jeremiah,32,28,מלך,subs,,B:deity-candidate,Other Tanakh
252121,1426663,477584,Jeremiah,32,28,בבל,nmpr,topo,F:unclassified-name,Other Tanakh
252157,1426664,477591,Jeremiah,32,29,בעל,subs,,B:deity-candidate,Other Tanakh
252162,1426664,477592,Jeremiah,32,29,אלהים,subs,,D:Elohim,Other Tanakh
252169,1426665,477594,Jeremiah,32,30,ישראל,nmpr,"pers,gens,topo",F:unclassified-name,Other Tanakh
252172,1426665,477594,Jeremiah,32,30,יהודה,nmpr,"pers,gens,topo",F:unclassified-name,Other Tanakh
252183,1426665,477596,Jeremiah,32,30,ישראל,nmpr,"pers,gens,topo",F:unclassified-name,Other Tanakh
252191,1426665,477597,Jeremiah,32,30,יהוה,nmpr,pers,E:YHWH,Other Tanakh
252226,1426667,477601,Jeremiah,32,32,ישראל,nmpr,"pers,gens,topo",F:unclassified-name,Other Tanakh
252229,1426667,477601,Jeremiah,32,32,יהודה,nmpr,"pers,gens,topo",F:unclassified-name,Other Tanakh
252235,1426667,477602,Jeremiah,32,32,מלך,subs,,B:deity-candidate,Other Tanakh
252242,1426667,477602,Jeremiah,32,32,יהודה,nmpr,"pers,gens,topo",F:unclassified-name,Other Tanakh
252245,1426667,477602,Jeremiah,32,32,ירושלם,nmpr,topo,F:unclassified-name,Other Tanakh
252248,1426668,477604,Jeremiah,32,33,אל,prep,,C:divine-title-candidate,Other Tanakh
252282,1426670,477614,Jeremiah,32,35,בעל,subs,,B:deity-candidate,Other Tanakh
252286,1426670,477615,Jeremiah,32,35,בן הנם,nmpr,topo,F:unclassified-name,Other Tanakh
252296,1426670,477616,Jeremiah,32,35,מלך,nmpr,pers,B:deity-candidate,Other Tanakh
252314,1426670,477620,Jeremiah,32,35,יהודה,nmpr,"pers,gens,topo",F:unclassified-name,Other Tanakh
252320,1426671,477623,Jeremiah,32,36,יהוה,nmpr,pers,E:YHWH,Other Tanakh
252321,1426671,477623,Jeremiah,32,36,אלהים,subs,,D:Elohim,Other Tanakh
252322,1426671,477623,Jeremiah,32,36,ישראל,nmpr,"pers,gens,topo",F:unclassified-name,Other Tanakh
252323,1426671,477623,Jeremiah,32,36,אל,prep,,C:divine-title-candidate,Other Tanakh
252334,1426671,477625,Jeremiah,32,36,מלך,subs,,B:deity-candidate,Other Tanakh
252335,1426671,477625,Jeremiah,32,36,בבל,nmpr,topo,F:unclassified-name,Other Tanakh
252367,1426672,477628,Jeremiah,32,37,אל,prep,,C:divine-title-candidate,Other Tanakh
252386,1426673,477631,Jeremiah,32,38,אלהים,subs,,D:Elohim,Other Tanakh
252457,1426677,477643,Jeremiah,32,42,יהוה,nmpr,pers,E:YHWH,Other Tanakh
252461,1426677,477644,Jeremiah,32,42,אל,prep,,C:divine-title-candidate,Other Tanakh
252527,1426679,477651,Jeremiah,32,44,בנימן,nmpr,"pers,gens,topo",F:unclassified-name,Other Tanakh
252531,1426679,477651,Jeremiah,32,44,ירושלם,nmpr,topo,F:unclassified-name,Other Tanakh
252535,1426679,477651,Jeremiah,32,44,יהודה,nmpr,"pers,gens,topo",F:unclassified-name,Other Tanakh
252556,1426679,477656,Jeremiah,32,44,יהוה,nmpr,pers,E:YHWH,Other Tanakh
252560,1426680,477657,Jeremiah,33,1,יהוה,nmpr,pers,E:YHWH,Other Tanakh
252561,1426680,477657,Jeremiah,33,1,אל,prep,,C:divine-title-candidate,Other Tanakh
252562,1426680,477657,Jeremiah,33,1,ירמיהו,nmpr,pers,A:person-candidate,Other Tanakh
252576,1426681,477661,Jeremiah,33,2,יהוה,nmpr,pers,E:YHWH,Other Tanakh
252578,1426681,477663,Jeremiah,33,2,יהוה,nmpr,pers,E:YHWH,Other Tanakh
252583,1426681,477666,Jeremiah,33,2,יהוה,nmpr,pers,E:YHWH,Other Tanakh
252586,1426682,477667,Jeremiah,33,3,אל,prep,,C:divine-title-candidate,Other Tanakh
252600,1426683,477671,Jeremiah,33,4,יהוה,nmpr,pers,E:YHWH,Other Tanakh
252601,1426683,477671,Jeremiah,33,4,אלהים,subs,,D:Elohim,Other Tanakh
252602,1426683,477671,Jeremiah,33,4,ישראל,nmpr,"pers,gens,topo",F:unclassified-name,Other Tanakh
252612,1426683,477671,Jeremiah,33,4,מלך,subs,,B:deity-candidate,Other Tanakh
252613,1426683,477671,Jeremiah,33,4,יהודה,nmpr,"pers,gens,topo",F:unclassified-name,Other Tanakh
252616,1426683,477672,Jeremiah,33,4,אל,prep,,C:divine-title-candidate,Other Tanakh
252620,1426683,477672,Jeremiah,33,4,אל,prep,,C:divine-title-candidate,Other Tanakh
252674,1426686,477681,Jeremiah,33,7,יהודה,nmpr,"pers,gens,topo",F:unclassified-name,Other Tanakh
252678,1426686,477681,Jeremiah,33,7,ישראל,nmpr,"pers,gens,topo",F:unclassified-name,Other Tanakh
252750,1426689,477694,Jeremiah,33,10,יהוה,nmpr,pers,E:YHWH,Other Tanakh
252772,1426689,477695,Jeremiah,33,10,יהודה,nmpr,"pers,gens,topo",F:unclassified-name,Other Tanakh
252776,1426689,477695,Jeremiah,33,10,ירושלם,nmpr,topo,F:unclassified-name,Other Tanakh
252804,1426690,477700,Jeremiah,33,11,יהוה,nmpr,pers,E:YHWH,Other Tanakh
252808,1426690,477701,Jeremiah,33,11,יהוה,nmpr,pers,E:YHWH,Other Tanakh
252816,1426690,477703,Jeremiah,33,11,יהוה,nmpr,pers,E:YHWH,Other Tanakh
252828,1426690,477705,Jeremiah,33,11,יהוה,nmpr,pers,E:YHWH,Other Tanakh
252831,1426691,477706,Jeremiah,33,12,יהוה,nmpr,pers,E:YHWH,Other Tanakh
252872,1426692,477710,Jeremiah,33,13,בנימן,nmpr,"pers,gens,topo",F:unclassified-name,Other Tanakh
252876,1426692,477710,Jeremiah,33,13,ירושלם,nmpr,topo,F:unclassified-name,Other Tanakh
252880,1426692,477710,Jeremiah,33,13,יהודה,nmpr,"pers,gens,topo",F:unclassified-name,Other Tanakh
252889,1426692,477711,Jeremiah,33,13,יהוה,nmpr,pers,E:YHWH,Other Tanakh
252894,1426693,477713,Jeremiah,33,14,יהוה,nmpr,pers,E:YHWH,Other Tanakh
252904,1426693,477715,Jeremiah,33,14,אל,prep,,C:divine-title-candidate,Other Tanakh
252906,1426693,477715,Jeremiah,33,14,ישראל,nmpr,"pers,gens,topo",F:unclassified-name,Other Tanakh
252910,1426693,477715,Jeremiah,33,14,יהודה,nmpr,"pers,gens,topo",F:unclassified-name,Other Tanakh
252924,1426694,477716,Jeremiah,33,15,דוד,nmpr,pers,A:person-candidate,Other Tanakh
252941,1426695,477718,Jeremiah,33,16,יהודה,nmpr,"pers,gens,topo",F:unclassified-name,Other Tanakh
252943,1426695,477719,Jeremiah,33,16,ירושלם,nmpr,topo,F:unclassified-name,Other Tanakh
252952,1426695,477722,Jeremiah,33,16,יהוה,nmpr,pers,E:YHWH,Other Tanakh
252957,1426696,477723,Jeremiah,33,17,יהוה,nmpr,pers,E:YHWH,Other Tanakh
252961,1426696,477724,Jeremiah,33,17,דוד,nmpr,pers,A:person-candidate,Other Tanakh
252967,1426696,477725,Jeremiah,33,17,ישראל,nmpr,"pers,gens,topo",F:unclassified-name,Other Tanakh
252994,1426698,477731,Jeremiah,33,19,יהוה,nmpr,pers,E:YHWH,Other Tanakh
252995,1426698,477731,Jeremiah,33,19,אל,prep,,C:divine-title-candidate,Other Tanakh
252996,1426698,477731,Jeremiah,33,19,ירמיהו,nmpr,pers,A:person-candidate,Other Tanakh
253001,1426699,477733,Jeremiah,33,20,יהוה,nmpr,pers,E:YHWH,Other Tanakh
253026,1426700,477736,Jeremiah,33,21,דוד,nmpr,pers,A:person-candidate,Other Tanakh
253032,1426700,477738,Jeremiah,33,21,מלך,verb,,B:deity-candidate,Other Tanakh
253058,1426701,477742,Jeremiah,33,22,דוד,nmpr,pers,A:person-candidate,Other Tanakh
253069,1426702,477744,Jeremiah,33,23,יהוה,nmpr,pers,E:YHWH,Other Tanakh
253070,1426702,477744,Jeremiah,33,23,אל,prep,,C:divine-title-candidate,Other Tanakh
253071,1426702,477744,Jeremiah,33,23,ירמיהו,nmpr,pers,A:person-candidate,Other Tanakh
253090,1426703,477750,Jeremiah,33,24,יהוה,nmpr,pers,E:YHWH,Other Tanakh
253106,1426704,477754,Jeremiah,33,25,יהוה,nmpr,pers,E:YHWH,Other Tanakh
253121,1426705,477757,Jeremiah,33,26,יעקב,nmpr,pers,A:person-candidate,Other Tanakh
253123,1426705,477757,Jeremiah,33,26,דוד,nmpr,pers,A:person-candidate,Other Tanakh
253131,1426705,477758,Jeremiah,33,26,אל,prep,,C:divine-title-candidate,Other Tanakh
253133,1426705,477758,Jeremiah,33,26,אברהם,nmpr,pers,A:person-candidate,Other Tanakh
253134,1426705,477758,Jeremiah,33,26,ישחק,nmpr,pers,A:person-candidate,Other Tanakh
253136,1426705,477758,Jeremiah,33,26,יעקב,nmpr,pers,A:person-candidate,Other Tanakh
253147,1426706,477762,Jeremiah,34,1,אל,prep,,C:divine-title-candidate,Other Tanakh
253148,1426706,477762,Jeremiah,34,1,ירמיהו,nmpr,pers,A:person-candidate,Other Tanakh
253151,1426706,477762,Jeremiah,34,1,יהוה,nmpr,pers,E:YHWH,Other Tanakh
253153,1426706,477763,Jeremiah,34,1,נבוכדראצר,nmpr,pers,A:person-candidate,Other Tanakh
253154,1426706,477763,Jeremiah,34,1,מלך,subs,,B:deity-candidate,Other Tanakh
253155,1426706,477763,Jeremiah,34,1,בבל,nmpr,topo,F:unclassified-name,Other Tanakh
253171,1426706,477763,Jeremiah,34,1,ירושלם,nmpr,topo,F:unclassified-name,Other Tanakh
253180,1426707,477765,Jeremiah,34,2,יהוה,nmpr,pers,E:YHWH,Other Tanakh
253181,1426707,477765,Jeremiah,34,2,אלהים,subs,,D:Elohim,Other Tanakh
253182,1426707,477765,Jeremiah,34,2,ישראל,nmpr,"pers,gens,topo",F:unclassified-name,Other Tanakh
253186,1426707,477767,Jeremiah,34,2,אל,prep,,C:divine-title-candidate,Other Tanakh
253187,1426707,477767,Jeremiah,34,2,צדקיהו,nmpr,pers,A:person-candidate,Other Tanakh
253188,1426707,477767,Jeremiah,34,2,מלך,subs,,B:deity-candidate,Other Tanakh
253189,1426707,477767,Jeremiah,34,2,יהודה,nmpr,"pers,gens,topo",F:unclassified-name,Other Tanakh
253192,1426707,477768,Jeremiah,34,2,אל,prep,,C:divine-title-candidate,Other Tanakh
253195,1426707,477769,Jeremiah,34,2,יהוה,nmpr,pers,E:YHWH,Other Tanakh
253205,1426707,477770,Jeremiah,34,2,מלך,subs,,B:deity-candidate,Other Tanakh
253206,1426707,477770,Jeremiah,34,2,בבל,nmpr,topo,F:unclassified-name,Other Tanakh
253229,1426708,477775,Jeremiah,34,3,מלך,subs,,B:deity-candidate,Other Tanakh
253230,1426708,477775,Jeremiah,34,3,בבל,nmpr,topo,F:unclassified-name,Other Tanakh
253238,1426708,477777,Jeremiah,34,3,בבל,nmpr,topo,F:unclassified-name,Other Tanakh
253243,1426709,477778,Jeremiah,34,4,יהוה,nmpr,pers,E:YHWH,Other Tanakh
253244,1426709,477779,Jeremiah,34,4,צדקיהו,nmpr,pers,A:person-candidate,Other Tanakh
253245,1426709,477779,Jeremiah,34,4,מלך,subs,,B:deity-candidate,Other Tanakh
253246,1426709,477779,Jeremiah,34,4,יהודה,nmpr,"pers,gens,topo",F:unclassified-name,Other Tanakh
253249,1426709,477780,Jeremiah,34,4,יהוה,nmpr,pers,E:YHWH,Other Tanakh
253264,1426710,477783,Jeremiah,34,5,מלך,subs,,B:deity-candidate,Other Tanakh
253284,1426710,477789,Jeremiah,34,5,יהוה,nmpr,pers,E:YHWH,Other Tanakh
253287,1426711,477790,Jeremiah,34,6,ירמיהו,nmpr,pers,A:person-candidate,Other Tanakh
253290,1426711,477790,Jeremiah,34,6,אל,prep,,C:divine-title-candidate,Other Tanakh
253291,1426711,477790,Jeremiah,34,6,צדקיהו,nmpr,pers,A:person-candidate,Other Tanakh
253292,1426711,477790,Jeremiah,34,6,מלך,subs,,B:deity-candidate,Other Tanakh
253293,1426711,477790,Jeremiah,34,6,יהודה,nmpr,"pers,gens,topo",F:unclassified-name,Other Tanakh
253301,1426711,477790,Jeremiah,34,6,ירושלם,nmpr,topo,F:unclassified-name,Other Tanakh
253304,1426712,477791,Jeremiah,34,7,מלך,subs,,B:deity-candidate,Other Tanakh
253305,1426712,477791,Jeremiah,34,7,בבל,nmpr,topo,F:unclassified-name,Other Tanakh
253308,1426712,477791,Jeremiah,34,7,ירושלם,nmpr,topo,F:unclassified-name,Other Tanakh
253313,1426712,477791,Jeremiah,34,7,יהודה,nmpr,"pers,gens,topo",F:unclassified-name,Other Tanakh
253316,1426712,477791,Jeremiah,34,7,אל,prep,,C:divine-title-candidate,Other Tanakh
253317,1426712,477791,Jeremiah,34,7,לכיש,nmpr,topo,F:unclassified-name,Other Tanakh
253319,1426712,477791,Jeremiah,34,7,אל,prep,,C:divine-title-candidate,Other Tanakh
253320,1426712,477791,Jeremiah,34,7,עזקה,nmpr,topo,F:unclassified-name,Other Tanakh
253326,1426712,477792,Jeremiah,34,7,יהודה,nmpr,"pers,gens,topo",F:unclassified-name,Other Tanakh
253333,1426713,477794,Jeremiah,34,8,אל,prep,,C:divine-title-candidate,Other Tanakh
253334,1426713,477794,Jeremiah,34,8,ירמיהו,nmpr,pers,A:person-candidate,Other Tanakh
253337,1426713,477794,Jeremiah,34,8,יהוה,nmpr,pers,E:YHWH,Other Tanakh
253341,1426713,477795,Jeremiah,34,8,מלך,subs,,B:deity-candidate,Other Tanakh
253342,1426713,477795,Jeremiah,34,8,צדקיהו,nmpr,pers,A:person-candidate,Other Tanakh
253350,1426713,477796,Jeremiah,34,8,ירושלם,nmpr,topo,F:unclassified-name,Other Tanakh
253437,1426717,477814,Jeremiah,34,12,יהוה,nmpr,pers,E:YHWH,Other Tanakh
253438,1426717,477814,Jeremiah,34,12,אל,prep,,C:divine-title-candidate,Other Tanakh
253439,1426717,477814,Jeremiah,34,12,ירמיהו,nmpr,pers,A:person-candidate,Other Tanakh
253442,1426717,477814,Jeremiah,34,12,יהוה,nmpr,pers,E:YHWH,Other Tanakh
253447,1426718,477816,Jeremiah,34,13,יהוה,nmpr,pers,E:YHWH,Other Tanakh
253448,1426718,477816,Jeremiah,34,13,אלהים,subs,,D:Elohim,Other Tanakh
253449,1426718,477816,Jeremiah,34,13,ישראל,nmpr,"pers,gens,topo",F:unclassified-name,Other Tanakh
253461,1426718,477818,Jeremiah,34,13,מצרים,nmpr,topo,F:unclassified-name,Other Tanakh
253493,1426719,477825,Jeremiah,34,14,אל,prep,,C:divine-title-candidate,Other Tanakh
253563,1426722,477842,Jeremiah,34,17,יהוה,nmpr,pers,E:YHWH,Other Tanakh
253567,1426722,477843,Jeremiah,34,17,אל,prep,,C:divine-title-candidate,Other Tanakh
253583,1426722,477848,Jeremiah,34,17,יהוה,nmpr,pers,E:YHWH,Other Tanakh
253584,1426722,477847,Jeremiah,34,17,אל,prep,,C:divine-title-candidate,Other Tanakh
253587,1426722,477847,Jeremiah,34,17,אל,prep,,C:divine-title-candidate,Other Tanakh
253591,1426722,477847,Jeremiah,34,17,אל,prep,,C:divine-title-candidate,Other Tanakh
253635,1426724,477856,Jeremiah,34,19,יהודה,nmpr,"pers,gens,topo",F:unclassified-name,Other Tanakh
253638,1426724,477856,Jeremiah,34,19,ירושלם,nmpr,topo,F:unclassified-name,Other Tanakh
253682,1426726,477860,Jeremiah,34,21,צדקיהו,nmpr,pers,A:person-candidate,Other Tanakh
253683,1426726,477860,Jeremiah,34,21,מלך,subs,,B:deity-candidate,Other Tanakh
253684,1426726,477860,Jeremiah,34,21,יהודה,nmpr,"pers,gens,topo",F:unclassified-name,Other Tanakh
253701,1426726,477860,Jeremiah,34,21,מלך,subs,,B:deity-candidate,Other Tanakh
253702,1426726,477860,Jeremiah,34,21,בבל,nmpr,topo,F:unclassified-name,Other Tanakh
253710,1426727,477863,Jeremiah,34,22,יהוה,nmpr,pers,E:YHWH,Other Tanakh
253713,1426727,477864,Jeremiah,34,22,אל,prep,,C:divine-title-candidate,Other Tanakh
253731,1426727,477868,Jeremiah,34,22,יהודה,nmpr,"pers,gens,topo",F:unclassified-name,Other Tanakh
253741,1426728,477870,Jeremiah,35,1,אל,prep,,C:divine-title-candidate,Other Tanakh
253742,1426728,477870,Jeremiah,35,1,ירמיהו,nmpr,pers,A:person-candidate,Other Tanakh
253745,1426728,477870,Jeremiah,35,1,יהוה,nmpr,pers,E:YHWH,Other Tanakh
253748,1426728,477870,Jeremiah,35,1,יהויקים,nmpr,pers,A:person-candidate,Other Tanakh
253750,1426728,477870,Jeremiah,35,1,יאשיהו,nmpr,pers,A:person-candidate,Other Tanakh
253751,1426728,477870,Jeremiah,35,1,מלך,subs,,B:deity-candidate,Other Tanakh
253752,1426728,477870,Jeremiah,35,1,יהודה,nmpr,"pers,gens,topo",F:unclassified-name,Other Tanakh
253756,1426729,477872,Jeremiah,35,2,אל,prep,,C:divine-title-candidate,Other Tanakh
253766,1426729,477874,Jeremiah,35,2,יהוה,nmpr,pers,E:YHWH,Other Tanakh
253767,1426729,477874,Jeremiah,35,2,אל,prep,,C:divine-title-candidate,Other Tanakh
253778,1426730,477876,Jeremiah,35,3,יאזניה,nmpr,pers,A:person-candidate,Other Tanakh
253780,1426730,477876,Jeremiah,35,3,ירמיהו,nmpr,pers,A:person-candidate,Other Tanakh
253782,1426730,477876,Jeremiah,35,3,חבצניה,nmpr,pers,A:person-candidate,Other Tanakh
253800,1426731,477877,Jeremiah,35,4,יהוה,nmpr,pers,E:YHWH,Other Tanakh
253801,1426731,477877,Jeremiah,35,4,אל,prep,,C:divine-title-candidate,Other Tanakh
253804,1426731,477877,Jeremiah,35,4,חנן,nmpr,pers,A:person-candidate,Other Tanakh
253806,1426731,477877,Jeremiah,35,4,יגדליהו,nmpr,pers,A:person-candidate,Other Tanakh
253809,1426731,477877,Jeremiah,35,4,אלהים,subs,,D:Elohim,Other Tanakh
253820,1426731,477879,Jeremiah,35,4,מעשיהו,nmpr,pers,A:person-candidate,Other Tanakh
253822,1426731,477879,Jeremiah,35,4,שלום,nmpr,pers,A:person-candidate,Other Tanakh
253841,1426732,477882,Jeremiah,35,5,אל,prep,,C:divine-title-candidate,Other Tanakh
253850,1426733,477886,Jeremiah,35,6,יונדב,nmpr,pers,A:person-candidate,Other Tanakh
253852,1426733,477886,Jeremiah,35,6,רכב,nmpr,pers,A:person-candidate,Other Tanakh
253904,1426735,477896,Jeremiah,35,8,יהונדב,nmpr,pers,A:person-candidate,Other Tanakh
253906,1426735,477896,Jeremiah,35,8,רכב,nmpr,pers,A:person-candidate,Other Tanakh
253952,1426737,477905,Jeremiah,35,10,יונדב,nmpr,pers,A:person-candidate,Other Tanakh
253958,1426738,477907,Jeremiah,35,11,נבוכדראצר,nmpr,pers,A:person-candidate,Other Tanakh
253959,1426738,477907,Jeremiah,35,11,מלך,subs,,B:deity-candidate,Other Tanakh
253960,1426738,477907,Jeremiah,35,11,בבל,nmpr,topo,F:unclassified-name,Other Tanakh
253961,1426738,477907,Jeremiah,35,11,אל,prep,,C:divine-title-candidate,Other Tanakh
253969,1426738,477910,Jeremiah,35,11,ירושלם,nmpr,topo,F:unclassified-name,Other Tanakh
253979,1426738,477910,Jeremiah,35,11,ארם,nmpr,topo,F:unclassified-name,Other Tanakh
253983,1426738,477911,Jeremiah,35,11,ירושלם,nmpr,topo,F:unclassified-name,Other Tanakh
253987,1426739,477912,Jeremiah,35,12,יהוה,nmpr,pers,E:YHWH,Other Tanakh
253988,1426739,477912,Jeremiah,35,12,אל,prep,,C:divine-title-candidate,Other Tanakh
253989,1426739,477912,Jeremiah,35,12,ירמיהו,nmpr,pers,A:person-candidate,Other Tanakh
253994,1426740,477914,Jeremiah,35,13,יהוה,nmpr,pers,E:YHWH,Other Tanakh
253996,1426740,477914,Jeremiah,35,13,אלהים,subs,,D:Elohim,Other Tanakh
253997,1426740,477914,Jeremiah,35,13,ישראל,nmpr,"pers,gens,topo",F:unclassified-name,Other Tanakh
254003,1426740,477916,Jeremiah,35,13,יהודה,nmpr,"pers,gens,topo",F:unclassified-name,Other Tanakh
254007,1426740,477916,Jeremiah,35,13,ירושלם,nmpr,topo,F:unclassified-name,Other Tanakh
254014,1426740,477918,Jeremiah,35,13,אל,prep,,C:divine-title-candidate,Other Tanakh
254017,1426740,477919,Jeremiah,35,13,יהוה,nmpr,pers,E:YHWH,Other Tanakh
254021,1426741,477920,Jeremiah,35,14,יהונדב,nmpr,pers,A:person-candidate,Other Tanakh
254023,1426741,477920,Jeremiah,35,14,רכב,nmpr,pers,A:person-candidate,Other Tanakh
254048,1426741,477925,Jeremiah,35,14,אל,prep,,C:divine-title-candidate,Other Tanakh
254055,1426741,477926,Jeremiah,35,14,אל,prep,,C:divine-title-candidate,Other Tanakh
254058,1426742,477927,Jeremiah,35,15,אל,prep,,C:divine-title-candidate,Other Tanakh
254080,1426742,477931,Jeremiah,35,15,אל,nega,,C:divine-title-candidate,Other Tanakh
254083,1426742,477931,Jeremiah,35,15,אלהים,subs,,D:Elohim,Other Tanakh
254089,1426742,477933,Jeremiah,35,15,אל,prep,,C:divine-title-candidate,Other Tanakh
254106,1426742,477936,Jeremiah,35,15,אל,prep,,C:divine-title-candidate,Other Tanakh
254110,1426743,477937,Jeremiah,35,16,יהונדב,nmpr,pers,A:person-candidate,Other Tanakh
254112,1426743,477937,Jeremiah,35,16,רכב,nmpr,pers,A:person-candidate,Other Tanakh
254125,1426743,477939,Jeremiah,35,16,אל,prep,,C:divine-title-candidate,Other Tanakh
254129,1426744,477941,Jeremiah,35,17,יהוה,nmpr,pers,E:YHWH,Other Tanakh
254130,1426744,477941,Jeremiah,35,17,אלהים,subs,,D:Elohim,Other Tanakh
254132,1426744,477941,Jeremiah,35,17,אלהים,subs,,D:Elohim,Other Tanakh
254133,1426744,477941,Jeremiah,35,17,ישראל,nmpr,"pers,gens,topo",F:unclassified-name,Other Tanakh
254136,1426744,477942,Jeremiah,35,17,אל,prep,,C:divine-title-candidate,Other Tanakh
254137,1426744,477942,Jeremiah,35,17,יהודה,nmpr,"pers,gens,topo",F:unclassified-name,Other Tanakh
254139,1426744,477942,Jeremiah,35,17,אל,prep,,C:divine-title-candidate,Other Tanakh
254142,1426744,477942,Jeremiah,35,17,ירושלם,nmpr,topo,F:unclassified-name,Other Tanakh
254152,1426744,477944,Jeremiah,35,17,אל,prep,,C:divine-title-candidate,Other Tanakh
254168,1426745,477948,Jeremiah,35,18,ירמיהו,nmpr,pers,A:person-candidate,Other Tanakh
254171,1426745,477949,Jeremiah,35,18,יהוה,nmpr,pers,E:YHWH,Other Tanakh
254173,1426745,477949,Jeremiah,35,18,אלהים,subs,,D:Elohim,Other Tanakh
254174,1426745,477949,Jeremiah,35,18,ישראל,nmpr,"pers,gens,topo",F:unclassified-name,Other Tanakh
254180,1426745,477950,Jeremiah,35,18,יהונדב,nmpr,pers,A:person-candidate,Other Tanakh
254197,1426746,477955,Jeremiah,35,19,יהוה,nmpr,pers,E:YHWH,Other Tanakh
254199,1426746,477955,Jeremiah,35,19,אלהים,subs,,D:Elohim,Other Tanakh
254200,1426746,477955,Jeremiah,35,19,ישראל,nmpr,"pers,gens,topo",F:unclassified-name,Other Tanakh
254205,1426746,477956,Jeremiah,35,19,יונדב,nmpr,pers,A:person-candidate,Other Tanakh
254207,1426746,477956,Jeremiah,35,19,רכב,nmpr,pers,A:person-candidate,Other Tanakh
254222,1426747,477958,Jeremiah,36,1,יהויקים,nmpr,pers,A:person-candidate,Other Tanakh
254224,1426747,477958,Jeremiah,36,1,יאשיהו,nmpr,pers,A:person-candidate,Other Tanakh
254225,1426747,477958,Jeremiah,36,1,מלך,subs,,B:deity-candidate,Other Tanakh
254226,1426747,477958,Jeremiah,36,1,יהודה,nmpr,"pers,gens,topo",F:unclassified-name,Other Tanakh
254232,1426747,477959,Jeremiah,36,1,אל,prep,,C:divine-title-candidate,Other Tanakh
254233,1426747,477959,Jeremiah,36,1,ירמיהו,nmpr,pers,A:person-candidate,Other Tanakh
254236,1426747,477959,Jeremiah,36,1,יהוה,nmpr,pers,E:YHWH,Other Tanakh
254245,1426748,477962,Jeremiah,36,2,אל,prep,,C:divine-title-candidate,Other Tanakh
254252,1426748,477963,Jeremiah,36,2,אל,prep,,C:divine-title-candidate,Other Tanakh
254254,1426748,477963,Jeremiah,36,2,ישראל,nmpr,"pers,gens,topo",F:unclassified-name,Other Tanakh
254257,1426748,477963,Jeremiah,36,2,יהודה,nmpr,"pers,gens,topo",F:unclassified-name,Other Tanakh
254266,1426748,477964,Jeremiah,36,2,אל,prep,,C:divine-title-candidate,Other Tanakh
254269,1426748,477963,Jeremiah,36,2,יאשיהו,nmpr,pers,A:person-candidate,Other Tanakh
254279,1426749,477965,Jeremiah,36,3,יהודה,nmpr,"pers,gens,topo",F:unclassified-name,Other Tanakh
254306,1426750,477970,Jeremiah,36,4,ירמיהו,nmpr,pers,A:person-candidate,Other Tanakh
254308,1426750,477970,Jeremiah,36,4,ברוך,nmpr,pers,A:person-candidate,Other Tanakh
254310,1426750,477970,Jeremiah,36,4,נריה,nmpr,pers,A:person-candidate,Other Tanakh
254313,1426750,477971,Jeremiah,36,4,ברוך,nmpr,pers,A:person-candidate,Other Tanakh
254316,1426750,477971,Jeremiah,36,4,ירמיהו,nmpr,pers,A:person-candidate,Other Tanakh
254320,1426750,477971,Jeremiah,36,4,יהוה,nmpr,pers,E:YHWH,Other Tanakh
254323,1426750,477972,Jeremiah,36,4,אל,prep,,C:divine-title-candidate,Other Tanakh
254329,1426751,477973,Jeremiah,36,5,ירמיהו,nmpr,pers,A:person-candidate,Other Tanakh
254331,1426751,477973,Jeremiah,36,5,ברוך,nmpr,pers,A:person-candidate,Other Tanakh
254341,1426751,477977,Jeremiah,36,5,יהוה,nmpr,pers,E:YHWH,Other Tanakh
254356,1426752,477979,Jeremiah,36,6,יהוה,nmpr,pers,E:YHWH,Other Tanakh
254362,1426752,477979,Jeremiah,36,6,יהוה,nmpr,pers,E:YHWH,Other Tanakh
254371,1426752,477981,Jeremiah,36,6,יהודה,nmpr,"pers,gens,topo",F:unclassified-name,Other Tanakh
254382,1426753,477983,Jeremiah,36,7,יהוה,nmpr,pers,E:YHWH,Other Tanakh
254399,1426753,477986,Jeremiah,36,7,יהוה,nmpr,pers,E:YHWH,Other Tanakh
254400,1426753,477986,Jeremiah,36,7,אל,prep,,C:divine-title-candidate,Other Tanakh
254407,1426754,477987,Jeremiah,36,8,ברוך,nmpr,pers,A:person-candidate,Other Tanakh
254409,1426754,477987,Jeremiah,36,8,נריה,nmpr,pers,A:person-candidate,Other Tanakh
254414,1426754,477988,Jeremiah,36,8,ירמיהו,nmpr,pers,A:person-candidate,Other Tanakh
254423,1426754,477989,Jeremiah,36,8,יהוה,nmpr,pers,E:YHWH,Other Tanakh
254425,1426754,477989,Jeremiah,36,8,יהוה,nmpr,pers,E:YHWH,Other Tanakh
254434,1426755,477990,Jeremiah,36,9,יהויקים,nmpr,pers,A:person-candidate,Other Tanakh
254436,1426755,477990,Jeremiah,36,9,יאשיהו,nmpr,pers,A:person-candidate,Other Tanakh
254437,1426755,477990,Jeremiah,36,9,מלך,subs,,B:deity-candidate,Other Tanakh
254438,1426755,477990,Jeremiah,36,9,יהודה,nmpr,"pers,gens,topo",F:unclassified-name,Other Tanakh
254448,1426755,477991,Jeremiah,36,9,יהוה,nmpr,pers,E:YHWH,Other Tanakh
254453,1426755,477991,Jeremiah,36,9,ירושלם,nmpr,topo,F:unclassified-name,Other Tanakh
254462,1426755,477992,Jeremiah,36,9,יהודה,nmpr,"pers,gens,topo",F:unclassified-name,Other Tanakh
254464,1426755,477992,Jeremiah,36,9,ירושלם,nmpr,topo,F:unclassified-name,Other Tanakh
254467,1426756,477993,Jeremiah,36,10,ברוך,nmpr,pers,A:person-candidate,Other Tanakh
254473,1426756,477993,Jeremiah,36,10,ירמיהו,nmpr,pers,A:person-candidate,Other Tanakh
254475,1426756,477993,Jeremiah,36,10,יהוה,nmpr,pers,E:YHWH,Other Tanakh
254478,1426756,477993,Jeremiah,36,10,גמריהו,nmpr,pers,A:person-candidate,Other Tanakh
254480,1426756,477993,Jeremiah,36,10,שפן,nmpr,pers,A:person-candidate,Other Tanakh
254487,1426756,477993,Jeremiah,36,10,עליון,adjv,,C:divine-title-candidate,Other Tanakh
254491,1426756,477993,Jeremiah,36,10,יהוה,nmpr,pers,E:YHWH,Other Tanakh
254501,1426757,477994,Jeremiah,36,11,מיכיהו,nmpr,pers,A:person-candidate,Other Tanakh
254503,1426757,477994,Jeremiah,36,11,גמריהו,nmpr,pers,A:person-candidate,Other Tanakh
254505,1426757,477994,Jeremiah,36,11,שפן,nmpr,pers,A:person-candidate,Other Tanakh
254509,1426757,477994,Jeremiah,36,11,יהוה,nmpr,pers,E:YHWH,Other Tanakh
254518,1426758,477995,Jeremiah,36,12,מלך,subs,,B:deity-candidate,Other Tanakh
254530,1426758,477997,Jeremiah,36,12,אלישמע,nmpr,pers,A:person-candidate,Other Tanakh
254534,1426758,477997,Jeremiah,36,12,דליהו,nmpr,pers,A:person-candidate,Other Tanakh
254536,1426758,477997,Jeremiah,36,12,שמעיהו,nmpr,pers,A:person-candidate,Other Tanakh
254538,1426758,477997,Jeremiah,36,12,אלנתן,nmpr,pers,A:person-candidate,Other Tanakh
254540,1426758,477997,Jeremiah,36,12,עכבור,nmpr,pers,A:person-candidate,Other Tanakh
254542,1426758,477997,Jeremiah,36,12,גמריהו,nmpr,pers,A:person-candidate,Other Tanakh
254544,1426758,477997,Jeremiah,36,12,שפן,nmpr,pers,A:person-candidate,Other Tanakh
254546,1426758,477997,Jeremiah,36,12,צדקיהו,nmpr,pers,A:person-candidate,Other Tanakh
254548,1426758,477997,Jeremiah,36,12,חנניהו,nmpr,pers,A:person-candidate,Other Tanakh
254556,1426759,477998,Jeremiah,36,13,מיכיהו,nmpr,pers,A:person-candidate,Other Tanakh
254565,1426759,478000,Jeremiah,36,13,ברוך,nmpr,pers,A:person-candidate,Other Tanakh
254578,1426760,478001,Jeremiah,36,14,אל,prep,,C:divine-title-candidate,Other Tanakh
254579,1426760,478001,Jeremiah,36,14,ברוך,nmpr,pers,A:person-candidate,Other Tanakh
254581,1426760,478001,Jeremiah,36,14,יהודי,nmpr,pers,A:person-candidate,Other Tanakh
254583,1426760,478001,Jeremiah,36,14,נתניהו,nmpr,pers,A:person-candidate,Other Tanakh
254585,1426760,478001,Jeremiah,36,14,שלמיהו,nmpr,pers,A:person-candidate,Other Tanakh
254587,1426760,478001,Jeremiah,36,14,כושי,nmpr,pers,A:person-candidate,Other Tanakh
254606,1426760,478007,Jeremiah,36,14,ברוך,nmpr,pers,A:person-candidate,Other Tanakh
254608,1426760,478007,Jeremiah,36,14,נריהו,nmpr,pers,A:person-candidate,Other Tanakh
254616,1426760,478008,Jeremiah,36,14,אל,prep,,C:divine-title-candidate,Other Tanakh
254619,1426761,478009,Jeremiah,36,15,אל,prep,,C:divine-title-candidate,Other Tanakh
254628,1426761,478012,Jeremiah,36,15,ברוך,nmpr,pers,A:person-candidate,Other Tanakh
254641,1426762,478016,Jeremiah,36,16,אל,prep,,C:divine-title-candidate,Other Tanakh
254645,1426762,478017,Jeremiah,36,16,אל,prep,,C:divine-title-candidate,Other Tanakh
254646,1426762,478017,Jeremiah,36,16,ברוך,nmpr,pers,A:person-candidate,Other Tanakh
254651,1426762,478018,Jeremiah,36,16,מלך,subs,,B:deity-candidate,Other Tanakh
254660,1426763,478019,Jeremiah,36,17,ברוך,nmpr,pers,A:person-candidate,Other Tanakh
254680,1426764,478023,Jeremiah,36,18,ברוך,nmpr,pers,A:person-candidate,Other Tanakh
254684,1426764,478024,Jeremiah,36,18,אל,prep,,C:divine-title-candidate,Other Tanakh
254704,1426765,478026,Jeremiah,36,19,אל,prep,,C:divine-title-candidate,Other Tanakh
254705,1426765,478026,Jeremiah,36,19,ברוך,nmpr,pers,A:person-candidate,Other Tanakh
254710,1426765,478028,Jeremiah,36,19,ירמיהו,nmpr,pers,A:person-candidate,Other Tanakh
254713,1426765,478029,Jeremiah,36,19,אל,nega,,C:divine-title-candidate,Other Tanakh
254719,1426766,478031,Jeremiah,36,20,אל,prep,,C:divine-title-candidate,Other Tanakh
254721,1426766,478031,Jeremiah,36,20,מלך,subs,,B:deity-candidate,Other Tanakh
254730,1426766,478032,Jeremiah,36,20,אלישמע,nmpr,pers,A:person-candidate,Other Tanakh
254738,1426766,478033,Jeremiah,36,20,מלך,subs,,B:deity-candidate,Other Tanakh
254746,1426767,478034,Jeremiah,36,21,מלך,subs,,B:deity-candidate,Other Tanakh
254748,1426767,478034,Jeremiah,36,21,יהודי,nmpr,pers,A:person-candidate,Other Tanakh
254758,1426767,478036,Jeremiah,36,21,אלישמע,nmpr,pers,A:person-candidate,Other Tanakh
254763,1426767,478037,Jeremiah,36,21,יהודי,nmpr,pers,A:person-candidate,Other Tanakh
254767,1426767,478037,Jeremiah,36,21,מלך,subs,,B:deity-candidate,Other Tanakh
254779,1426767,478038,Jeremiah,36,21,מלך,subs,,B:deity-candidate,Other Tanakh
254782,1426768,478039,Jeremiah,36,22,מלך,subs,,B:deity-candidate,Other Tanakh
254803,1426769,478042,Jeremiah,36,23,יהודי,nmpr,pers,A:person-candidate,Other Tanakh
254815,1426769,478044,Jeremiah,36,23,אל,prep,,C:divine-title-candidate,Other Tanakh
254819,1426769,478045,Jeremiah,36,23,אל,prep,,C:divine-title-candidate,Other Tanakh
254843,1426770,478049,Jeremiah,36,24,מלך,subs,,B:deity-candidate,Other Tanakh
254857,1426771,478051,Jeremiah,36,25,אלנתן,nmpr,pers,A:person-candidate,Other Tanakh
254859,1426771,478051,Jeremiah,36,25,דליהו,nmpr,pers,A:person-candidate,Other Tanakh
254861,1426771,478051,Jeremiah,36,25,גמריהו,nmpr,pers,A:person-candidate,Other Tanakh
254865,1426771,478051,Jeremiah,36,25,מלך,subs,,B:deity-candidate,Other Tanakh
254875,1426771,478053,Jeremiah,36,25,אל,prep,,C:divine-title-candidate,Other Tanakh
254879,1426772,478054,Jeremiah,36,26,מלך,subs,,B:deity-candidate,Other Tanakh
254881,1426772,478054,Jeremiah,36,26,ירחמאל,nmpr,pers,A:person-candidate,Other Tanakh
254884,1426772,478054,Jeremiah,36,26,מלך,subs,,B:deity-candidate,Other Tanakh
254887,1426772,478054,Jeremiah,36,26,שריהו,nmpr,pers,A:person-candidate,Other Tanakh
254889,1426772,478054,Jeremiah,36,26,עזריאל,nmpr,pers,A:person-candidate,Other Tanakh
254892,1426772,478054,Jeremiah,36,26,שלמיהו,nmpr,pers,A:person-candidate,Other Tanakh
254894,1426772,478054,Jeremiah,36,26,עבדאל,nmpr,pers,A:person-candidate,Other Tanakh
254898,1426772,478055,Jeremiah,36,26,ברוך,nmpr,pers,A:person-candidate,Other Tanakh
254903,1426772,478055,Jeremiah,36,26,ירמיהו,nmpr,pers,A:person-candidate,Other Tanakh
254908,1426772,478056,Jeremiah,36,26,יהוה,nmpr,pers,E:YHWH,Other Tanakh
254912,1426773,478057,Jeremiah,36,27,יהוה,nmpr,pers,E:YHWH,Other Tanakh
254913,1426773,478057,Jeremiah,36,27,אל,prep,,C:divine-title-candidate,Other Tanakh
254914,1426773,478057,Jeremiah,36,27,ירמיהו,nmpr,pers,A:person-candidate,Other Tanakh
254918,1426773,478058,Jeremiah,36,27,מלך,subs,,B:deity-candidate,Other Tanakh
254928,1426773,478059,Jeremiah,36,27,ברוך,nmpr,pers,A:person-candidate,Other Tanakh
254931,1426773,478059,Jeremiah,36,27,ירמיהו,nmpr,pers,A:person-candidate,Other Tanakh
254957,1426774,478065,Jeremiah,36,28,יהויקים,nmpr,pers,A:person-candidate,Other Tanakh
254958,1426774,478065,Jeremiah,36,28,מלך,subs,,B:deity-candidate,Other Tanakh
254959,1426774,478065,Jeremiah,36,28,יהודה,nmpr,"pers,gens,topo",F:unclassified-name,Other Tanakh
254962,1426775,478066,Jeremiah,36,29,יהויקים,nmpr,pers,A:person-candidate,Other Tanakh
254963,1426775,478066,Jeremiah,36,29,מלך,subs,,B:deity-candidate,Other Tanakh
254964,1426775,478066,Jeremiah,36,29,יהודה,nmpr,"pers,gens,topo",F:unclassified-name,Other Tanakh
254968,1426775,478067,Jeremiah,36,29,יהוה,nmpr,pers,E:YHWH,Other Tanakh
254985,1426775,478072,Jeremiah,36,29,מלך,subs,,B:deity-candidate,Other Tanakh
254986,1426775,478072,Jeremiah,36,29,בבל,nmpr,topo,F:unclassified-name,Other Tanakh
255003,1426776,478076,Jeremiah,36,30,יהוה,nmpr,pers,E:YHWH,Other Tanakh
255005,1426776,478076,Jeremiah,36,30,יהויקים,nmpr,pers,A:person-candidate,Other Tanakh
255006,1426776,478076,Jeremiah,36,30,מלך,subs,,B:deity-candidate,Other Tanakh
255007,1426776,478076,Jeremiah,36,30,יהודה,nmpr,"pers,gens,topo",F:unclassified-name,Other Tanakh
255014,1426776,478078,Jeremiah,36,30,דוד,nmpr,pers,A:person-candidate,Other Tanakh
255049,1426777,478081,Jeremiah,36,31,ירושלם,nmpr,topo,F:unclassified-name,Other Tanakh
255051,1426777,478081,Jeremiah,36,31,אל,prep,,C:divine-title-candidate,Other Tanakh
255053,1426777,478081,Jeremiah,36,31,יהודה,nmpr,"pers,gens,topo",F:unclassified-name,Other Tanakh
255060,1426777,478082,Jeremiah,36,31,אל,prep,,C:divine-title-candidate,Other Tanakh
255065,1426778,478084,Jeremiah,36,32,ירמיהו,nmpr,pers,A:person-candidate,Other Tanakh
255071,1426778,478085,Jeremiah,36,32,אל,prep,,C:divine-title-candidate,Other Tanakh
255072,1426778,478085,Jeremiah,36,32,ברוך,nmpr,pers,A:person-candidate,Other Tanakh
255074,1426778,478085,Jeremiah,36,32,נריהו,nmpr,pers,A:person-candidate,Other Tanakh
255082,1426778,478086,Jeremiah,36,32,ירמיהו,nmpr,pers,A:person-candidate,Other Tanakh
255090,1426778,478087,Jeremiah,36,32,יהויקים,nmpr,pers,A:person-candidate,Other Tanakh
255091,1426778,478087,Jeremiah,36,32,מלך,subs,,B:deity-candidate,Other Tanakh
255092,1426778,478087,Jeremiah,36,32,יהודה,nmpr,"pers,gens,topo",F:unclassified-name,Other Tanakh
255105,1426779,478089,Jeremiah,37,1,מלך,verb,,B:deity-candidate,Other Tanakh
255106,1426779,478089,Jeremiah,37,1,מלך,subs,,B:deity-candidate,Other Tanakh
255107,1426779,478089,Jeremiah,37,1,צדקיהו,nmpr,pers,A:person-candidate,Other Tanakh
255109,1426779,478089,Jeremiah,37,1,יאשיהו,nmpr,pers,A:person-candidate,Other Tanakh
255111,1426779,478089,Jeremiah,37,1,כניהו,nmpr,pers,A:person-candidate,Other Tanakh
255113,1426779,478089,Jeremiah,37,1,יהויקים,nmpr,pers,A:person-candidate,Other Tanakh
255115,1426779,478090,Jeremiah,37,1,מלך,verb,,B:deity-candidate,Other Tanakh
255116,1426779,478090,Jeremiah,37,1,נבוכדראצר,nmpr,pers,A:person-candidate,Other Tanakh
255117,1426779,478090,Jeremiah,37,1,מלך,subs,,B:deity-candidate,Other Tanakh
255118,1426779,478090,Jeremiah,37,1,בבל,nmpr,topo,F:unclassified-name,Other Tanakh
255121,1426779,478090,Jeremiah,37,1,יהודה,nmpr,"pers,gens,topo",F:unclassified-name,Other Tanakh
255132,1426780,478091,Jeremiah,37,2,אל,prep,,C:divine-title-candidate,Other Tanakh
255134,1426780,478091,Jeremiah,37,2,יהוה,nmpr,pers,E:YHWH,Other Tanakh
255139,1426780,478092,Jeremiah,37,2,ירמיהו,nmpr,pers,A:person-candidate,Other Tanakh
255145,1426781,478093,Jeremiah,37,3,מלך,subs,,B:deity-candidate,Other Tanakh
255146,1426781,478093,Jeremiah,37,3,צדקיהו,nmpr,pers,A:person-candidate,Other Tanakh
255148,1426781,478093,Jeremiah,37,3,יהוכל,nmpr,pers,A:person-candidate,Other Tanakh
255150,1426781,478093,Jeremiah,37,3,שלמיה,nmpr,pers,A:person-candidate,Other Tanakh
255153,1426781,478093,Jeremiah,37,3,צפניהו,nmpr,pers,A:person-candidate,Other Tanakh
255155,1426781,478093,Jeremiah,37,3,מעשיה,nmpr,pers,A:person-candidate,Other Tanakh
255158,1426781,478093,Jeremiah,37,3,אל,prep,,C:divine-title-candidate,Other Tanakh
255159,1426781,478093,Jeremiah,37,3,ירמיהו,nmpr,pers,A:person-candidate,Other Tanakh
255167,1426781,478095,Jeremiah,37,3,אל,prep,,C:divine-title-candidate,Other Tanakh
255168,1426781,478095,Jeremiah,37,3,יהוה,nmpr,pers,E:YHWH,Other Tanakh
255169,1426781,478095,Jeremiah,37,3,אלהים,subs,,D:Elohim,Other Tanakh
255171,1426782,478096,Jeremiah,37,4,ירמיהו,nmpr,pers,A:person-candidate,Other Tanakh
255191,1426783,478099,Jeremiah,37,5,מצרים,nmpr,topo,F:unclassified-name,Other Tanakh
255199,1426783,478101,Jeremiah,37,5,ירושלם,nmpr,topo,F:unclassified-name,Other Tanakh
255206,1426783,478102,Jeremiah,37,5,ירושלם,nmpr,topo,F:unclassified-name,Other Tanakh
255210,1426784,478103,Jeremiah,37,6,יהוה,nmpr,pers,E:YHWH,Other Tanakh
255211,1426784,478103,Jeremiah,37,6,אל,prep,,C:divine-title-candidate,Other Tanakh
255212,1426784,478103,Jeremiah,37,6,ירמיהו,nmpr,pers,A:person-candidate,Other Tanakh
255219,1426785,478105,Jeremiah,37,7,יהוה,nmpr,pers,E:YHWH,Other Tanakh
255220,1426785,478105,Jeremiah,37,7,אלהים,subs,,D:Elohim,Other Tanakh
255221,1426785,478105,Jeremiah,37,7,ישראל,nmpr,"pers,gens,topo",F:unclassified-name,Other Tanakh
255224,1426785,478106,Jeremiah,37,7,אל,prep,,C:divine-title-candidate,Other Tanakh
255225,1426785,478106,Jeremiah,37,7,מלך,subs,,B:deity-candidate,Other Tanakh
255226,1426785,478106,Jeremiah,37,7,יהודה,nmpr,"pers,gens,topo",F:unclassified-name,Other Tanakh
255230,1426785,478107,Jeremiah,37,7,אל,prep,,C:divine-title-candidate,Other Tanakh
255244,1426785,478109,Jeremiah,37,7,מצרים,nmpr,topo,F:unclassified-name,Other Tanakh
255265,1426787,478115,Jeremiah,37,9,יהוה,nmpr,pers,E:YHWH,Other Tanakh
255266,1426787,478116,Jeremiah,37,9,אל,nega,,C:divine-title-candidate,Other Tanakh
255317,1426789,478127,Jeremiah,37,11,ירושלם,nmpr,topo,F:unclassified-name,Other Tanakh
255324,1426790,478128,Jeremiah,37,12,ירמיהו,nmpr,pers,A:person-candidate,Other Tanakh
255326,1426790,478128,Jeremiah,37,12,ירושלם,nmpr,topo,F:unclassified-name,Other Tanakh
255330,1426790,478129,Jeremiah,37,12,בנימן,nmpr,"pers,gens,topo",F:unclassified-name,Other Tanakh
255344,1426791,478131,Jeremiah,37,13,בנימן,nmpr,"pers,gens,topo",F:unclassified-name,Other Tanakh
255347,1426791,478132,Jeremiah,37,13,בעל,subs,,B:deity-candidate,Other Tanakh
255351,1426791,478133,Jeremiah,37,13,יראייה,nmpr,pers,A:person-candidate,Other Tanakh
255353,1426791,478133,Jeremiah,37,13,שלמיה,nmpr,pers,A:person-candidate,Other Tanakh
255355,1426791,478133,Jeremiah,37,13,חנניה,nmpr,pers,A:person-candidate,Other Tanakh
255359,1426791,478134,Jeremiah,37,13,ירמיהו,nmpr,pers,A:person-candidate,Other Tanakh
255364,1426791,478136,Jeremiah,37,13,אל,prep,,C:divine-title-candidate,Other Tanakh
255371,1426792,478137,Jeremiah,37,14,ירמיהו,nmpr,pers,A:person-candidate,Other Tanakh
255381,1426792,478140,Jeremiah,37,14,אל,prep,,C:divine-title-candidate,Other Tanakh
255384,1426792,478141,Jeremiah,37,14,יראייה,nmpr,pers,A:person-candidate,Other Tanakh
255386,1426792,478141,Jeremiah,37,14,ירמיהו,nmpr,pers,A:person-candidate,Other Tanakh
255389,1426792,478142,Jeremiah,37,14,אל,prep,,C:divine-title-candidate,Other Tanakh
255397,1426793,478143,Jeremiah,37,15,ירמיהו,nmpr,pers,A:person-candidate,Other Tanakh
255408,1426793,478145,Jeremiah,37,15,יהונתן,nmpr,pers,A:person-candidate,Other Tanakh
255420,1426794,478147,Jeremiah,37,16,ירמיהו,nmpr,pers,A:person-candidate,Other Tanakh
255421,1426794,478147,Jeremiah,37,16,אל,prep,,C:divine-title-candidate,Other Tanakh
255426,1426794,478147,Jeremiah,37,16,אל,prep,,C:divine-title-candidate,Other Tanakh
255432,1426794,478148,Jeremiah,37,16,ירמיהו,nmpr,pers,A:person-candidate,Other Tanakh
255438,1426795,478149,Jeremiah,37,17,מלך,subs,,B:deity-candidate,Other Tanakh
255439,1426795,478149,Jeremiah,37,17,צדקיהו,nmpr,pers,A:person-candidate,Other Tanakh
255445,1426795,478151,Jeremiah,37,17,מלך,subs,,B:deity-candidate,Other Tanakh
255458,1426795,478153,Jeremiah,37,17,יהוה,nmpr,pers,E:YHWH,Other Tanakh
255461,1426795,478154,Jeremiah,37,17,ירמיהו,nmpr,pers,A:person-candidate,Other Tanakh
255467,1426795,478157,Jeremiah,37,17,מלך,subs,,B:deity-candidate,Other Tanakh
255468,1426795,478157,Jeremiah,37,17,בבל,nmpr,topo,F:unclassified-name,Other Tanakh
255472,1426796,478158,Jeremiah,37,18,ירמיהו,nmpr,pers,A:person-candidate,Other Tanakh
255473,1426796,478158,Jeremiah,37,18,אל,prep,,C:divine-title-candidate,Other Tanakh
255475,1426796,478158,Jeremiah,37,18,מלך,subs,,B:deity-candidate,Other Tanakh
255476,1426796,478158,Jeremiah,37,18,צדקיהו,nmpr,pers,A:person-candidate,Other Tanakh
255492,1426796,478160,Jeremiah,37,18,אל,prep,,C:divine-title-candidate,Other Tanakh
255506,1426797,478164,Jeremiah,37,19,מלך,subs,,B:deity-candidate,Other Tanakh
255507,1426797,478164,Jeremiah,37,19,בבל,nmpr,topo,F:unclassified-name,Other Tanakh
255521,1426798,478167,Jeremiah,37,20,מלך,subs,,B:deity-candidate,Other Tanakh
255528,1426798,478169,Jeremiah,37,20,אל,nega,,C:divine-title-candidate,Other Tanakh
255531,1426798,478169,Jeremiah,37,20,יהונתן,nmpr,pers,A:person-candidate,Other Tanakh
255541,1426799,478171,Jeremiah,37,21,מלך,subs,,B:deity-candidate,Other Tanakh
255542,1426799,478171,Jeremiah,37,21,צדקיהו,nmpr,pers,A:person-candidate,Other Tanakh
255546,1426799,478172,Jeremiah,37,21,ירמיהו,nmpr,pers,A:person-candidate,Other Tanakh
255573,1426799,478175,Jeremiah,37,21,ירמיהו,nmpr,pers,A:person-candidate,Other Tanakh
255580,1426800,478176,Jeremiah,38,1,שפטיה,nmpr,pers,A:person-candidate,Other Tanakh
255582,1426800,478176,Jeremiah,38,1,מתן,nmpr,pers,A:person-candidate,Other Tanakh
255584,1426800,478176,Jeremiah,38,1,גדליהו,nmpr,pers,A:person-candidate,Other Tanakh
255586,1426800,478176,Jeremiah,38,1,פשחור,nmpr,pers,A:person-candidate,Other Tanakh
255588,1426800,478176,Jeremiah,38,1,יוכל,nmpr,pers,A:person-candidate,Other Tanakh
255590,1426800,478176,Jeremiah,38,1,שלמיהו,nmpr,pers,A:person-candidate,Other Tanakh
255592,1426800,478176,Jeremiah,38,1,פשחור,nmpr,pers,A:person-candidate,Other Tanakh
255594,1426800,478176,Jeremiah,38,1,מלכיה,nmpr,pers,A:person-candidate,Other Tanakh
255599,1426800,478177,Jeremiah,38,1,ירמיהו,nmpr,pers,A:person-candidate,Other Tanakh
255601,1426800,478177,Jeremiah,38,1,אל,prep,,C:divine-title-candidate,Other Tanakh
255609,1426801,478179,Jeremiah,38,2,יהוה,nmpr,pers,E:YHWH,Other Tanakh
255631,1426801,478182,Jeremiah,38,2,אל,prep,,C:divine-title-candidate,Other Tanakh
255646,1426802,478186,Jeremiah,38,3,יהוה,nmpr,pers,E:YHWH,Other Tanakh
255656,1426802,478187,Jeremiah,38,3,מלך,subs,,B:deity-candidate,Other Tanakh
255657,1426802,478187,Jeremiah,38,3,בבל,nmpr,topo,F:unclassified-name,Other Tanakh
255664,1426803,478189,Jeremiah,38,4,אל,prep,,C:divine-title-candidate,Other Tanakh
255666,1426803,478189,Jeremiah,38,4,מלך,subs,,B:deity-candidate,Other Tanakh
255699,1426803,478193,Jeremiah,38,4,אל,prep,,C:divine-title-candidate,Other Tanakh
255726,1426804,478197,Jeremiah,38,5,מלך,subs,,B:deity-candidate,Other Tanakh
255727,1426804,478197,Jeremiah,38,5,צדקיהו,nmpr,pers,A:person-candidate,Other Tanakh
255735,1426804,478199,Jeremiah,38,5,מלך,subs,,B:deity-candidate,Other Tanakh
255742,1426805,478201,Jeremiah,38,6,ירמיהו,nmpr,pers,A:person-candidate,Other Tanakh
255746,1426805,478202,Jeremiah,38,6,אל,prep,,C:divine-title-candidate,Other Tanakh
255749,1426805,478202,Jeremiah,38,6,מלכיהו,nmpr,pers,A:person-candidate,Other Tanakh
255752,1426805,478202,Jeremiah,38,6,מלך,subs,,B:deity-candidate,Other Tanakh
255761,1426805,478204,Jeremiah,38,6,ירמיהו,nmpr,pers,A:person-candidate,Other Tanakh
255775,1426805,478207,Jeremiah,38,6,ירמיהו,nmpr,pers,A:person-candidate,Other Tanakh
255781,1426806,478208,Jeremiah,38,7,עבד מלך,nmpr,pers,A:person-candidate,Other Tanakh
255791,1426806,478209,Jeremiah,38,7,מלך,subs,,B:deity-candidate,Other Tanakh
255795,1426806,478210,Jeremiah,38,7,ירמיהו,nmpr,pers,A:person-candidate,Other Tanakh
255796,1426806,478210,Jeremiah,38,7,אל,prep,,C:divine-title-candidate,Other Tanakh
255801,1426806,478211,Jeremiah,38,7,מלך,subs,,B:deity-candidate,Other Tanakh
255805,1426806,478211,Jeremiah,38,7,בנימן,nmpr,"pers,gens,topo",F:unclassified-name,Other Tanakh
255808,1426807,478212,Jeremiah,38,8,עבד מלך,nmpr,pers,A:person-candidate,Other Tanakh
255812,1426807,478212,Jeremiah,38,8,מלך,subs,,B:deity-candidate,Other Tanakh
255815,1426807,478213,Jeremiah,38,8,אל,prep,,C:divine-title-candidate,Other Tanakh
255817,1426807,478213,Jeremiah,38,8,מלך,subs,,B:deity-candidate,Other Tanakh
255822,1426808,478215,Jeremiah,38,9,מלך,subs,,B:deity-candidate,Other Tanakh
255833,1426808,478217,Jeremiah,38,9,ירמיהו,nmpr,pers,A:person-candidate,Other Tanakh
255839,1426808,478218,Jeremiah,38,9,אל,prep,,C:divine-title-candidate,Other Tanakh
255860,1426809,478221,Jeremiah,38,10,מלך,subs,,B:deity-candidate,Other Tanakh
255862,1426809,478221,Jeremiah,38,10,עבד מלך,nmpr,pers,A:person-candidate,Other Tanakh
255877,1426809,478224,Jeremiah,38,10,ירמיהו,nmpr,pers,A:person-candidate,Other Tanakh
255888,1426810,478226,Jeremiah,38,11,עבד מלך,nmpr,pers,A:person-candidate,Other Tanakh
255898,1426810,478227,Jeremiah,38,11,מלך,subs,,B:deity-candidate,Other Tanakh
255899,1426810,478227,Jeremiah,38,11,אל,prep,,C:divine-title-candidate,Other Tanakh
255914,1426810,478229,Jeremiah,38,11,אל,prep,,C:divine-title-candidate,Other Tanakh
255915,1426810,478229,Jeremiah,38,11,ירמיהו,nmpr,pers,A:person-candidate,Other Tanakh
255916,1426810,478229,Jeremiah,38,11,אל,prep,,C:divine-title-candidate,Other Tanakh
255923,1426811,478230,Jeremiah,38,12,עבד מלך,nmpr,pers,A:person-candidate,Other Tanakh
255926,1426811,478230,Jeremiah,38,12,אל,prep,,C:divine-title-candidate,Other Tanakh
255927,1426811,478230,Jeremiah,38,12,ירמיהו,nmpr,pers,A:person-candidate,Other Tanakh
255945,1426811,478232,Jeremiah,38,12,ירמיהו,nmpr,pers,A:person-candidate,Other Tanakh
255950,1426812,478233,Jeremiah,38,13,ירמיהו,nmpr,pers,A:person-candidate,Other Tanakh
255961,1426812,478235,Jeremiah,38,13,ירמיהו,nmpr,pers,A:person-candidate,Other Tanakh
255969,1426813,478236,Jeremiah,38,14,מלך,subs,,B:deity-candidate,Other Tanakh
255970,1426813,478236,Jeremiah,38,14,צדקיהו,nmpr,pers,A:person-candidate,Other Tanakh
255974,1426813,478237,Jeremiah,38,14,ירמיהו,nmpr,pers,A:person-candidate,Other Tanakh
255977,1426813,478237,Jeremiah,38,14,אל,prep,,C:divine-title-candidate,Other Tanakh
255978,1426813,478237,Jeremiah,38,14,אל,prep,,C:divine-title-candidate,Other Tanakh
255985,1426813,478238,Jeremiah,38,14,יהוה,nmpr,pers,E:YHWH,Other Tanakh
255989,1426813,478239,Jeremiah,38,14,מלך,subs,,B:deity-candidate,Other Tanakh
255990,1426813,478239,Jeremiah,38,14,אל,prep,,C:divine-title-candidate,Other Tanakh
255991,1426813,478239,Jeremiah,38,14,ירמיהו,nmpr,pers,A:person-candidate,Other Tanakh
255996,1426813,478241,Jeremiah,38,14,אל,nega,,C:divine-title-candidate,Other Tanakh
256002,1426814,478242,Jeremiah,38,15,ירמיהו,nmpr,pers,A:person-candidate,Other Tanakh
256003,1426814,478242,Jeremiah,38,15,אל,prep,,C:divine-title-candidate,Other Tanakh
256004,1426814,478242,Jeremiah,38,15,צדקיהו,nmpr,pers,A:person-candidate,Other Tanakh
256017,1426814,478246,Jeremiah,38,15,אל,prep,,C:divine-title-candidate,Other Tanakh
256021,1426815,478247,Jeremiah,38,16,מלך,subs,,B:deity-candidate,Other Tanakh
256022,1426815,478247,Jeremiah,38,16,צדקיהו,nmpr,pers,A:person-candidate,Other Tanakh
256023,1426815,478247,Jeremiah,38,16,אל,prep,,C:divine-title-candidate,Other Tanakh
256024,1426815,478247,Jeremiah,38,16,ירמיהו,nmpr,pers,A:person-candidate,Other Tanakh
256031,1426815,478249,Jeremiah,38,16,יהוה,nmpr,pers,E:YHWH,Other Tanakh
256057,1426816,478254,Jeremiah,38,17,ירמיהו,nmpr,pers,A:person-candidate,Other Tanakh
256058,1426816,478254,Jeremiah,38,17,אל,prep,,C:divine-title-candidate,Other Tanakh
256059,1426816,478254,Jeremiah,38,17,צדקיהו,nmpr,pers,A:person-candidate,Other Tanakh
256062,1426816,478255,Jeremiah,38,17,יהוה,nmpr,pers,E:YHWH,Other Tanakh
256063,1426816,478255,Jeremiah,38,17,אלהים,subs,,D:Elohim,Other Tanakh
256065,1426816,478255,Jeremiah,38,17,אלהים,subs,,D:Elohim,Other Tanakh
256066,1426816,478255,Jeremiah,38,17,ישראל,nmpr,"pers,gens,topo",F:unclassified-name,Other Tanakh
256070,1426816,478256,Jeremiah,38,17,אל,prep,,C:divine-title-candidate,Other Tanakh
256072,1426816,478256,Jeremiah,38,17,מלך,subs,,B:deity-candidate,Other Tanakh
256073,1426816,478256,Jeremiah,38,17,בבל,nmpr,topo,F:unclassified-name,Other Tanakh
256096,1426817,478260,Jeremiah,38,18,אל,prep,,C:divine-title-candidate,Other Tanakh
256098,1426817,478260,Jeremiah,38,18,מלך,subs,,B:deity-candidate,Other Tanakh
256099,1426817,478260,Jeremiah,38,18,בבל,nmpr,topo,F:unclassified-name,Other Tanakh
256124,1426818,478264,Jeremiah,38,19,מלך,subs,,B:deity-candidate,Other Tanakh
256125,1426818,478264,Jeremiah,38,19,צדקיהו,nmpr,pers,A:person-candidate,Other Tanakh
256126,1426818,478264,Jeremiah,38,19,אל,prep,,C:divine-title-candidate,Other Tanakh
256127,1426818,478264,Jeremiah,38,19,ירמיהו,nmpr,pers,A:person-candidate,Other Tanakh
256135,1426818,478266,Jeremiah,38,19,אל,prep,,C:divine-title-candidate,Other Tanakh
256148,1426819,478269,Jeremiah,38,20,ירמיהו,nmpr,pers,A:person-candidate,Other Tanakh
256155,1426819,478271,Jeremiah,38,20,יהוה,nmpr,pers,E:YHWH,Other Tanakh
256160,1426819,478272,Jeremiah,38,20,אל,prep,,C:divine-title-candidate,Other Tanakh
256178,1426820,478278,Jeremiah,38,21,יהוה,nmpr,pers,E:YHWH,Other Tanakh
256188,1426821,478280,Jeremiah,38,22,מלך,subs,,B:deity-candidate,Other Tanakh
256189,1426821,478280,Jeremiah,38,22,יהודה,nmpr,"pers,gens,topo",F:unclassified-name,Other Tanakh
256191,1426821,478279,Jeremiah,38,22,אל,prep,,C:divine-title-candidate,Other Tanakh
256193,1426821,478279,Jeremiah,38,22,מלך,subs,,B:deity-candidate,Other Tanakh
256194,1426821,478279,Jeremiah,38,22,בבל,nmpr,topo,F:unclassified-name,Other Tanakh
256219,1426822,478286,Jeremiah,38,23,אל,prep,,C:divine-title-candidate,Other Tanakh
256231,1426822,478288,Jeremiah,38,23,מלך,subs,,B:deity-candidate,Other Tanakh
256232,1426822,478288,Jeremiah,38,23,בבל,nmpr,topo,F:unclassified-name,Other Tanakh
256246,1426823,478290,Jeremiah,38,24,צדקיהו,nmpr,pers,A:person-candidate,Other Tanakh
256247,1426823,478290,Jeremiah,38,24,אל,prep,,C:divine-title-candidate,Other Tanakh
256248,1426823,478290,Jeremiah,38,24,ירמיהו,nmpr,pers,A:person-candidate,Other Tanakh
256250,1426823,478291,Jeremiah,38,24,אל,nega,,C:divine-title-candidate,Other Tanakh
256270,1426824,478295,Jeremiah,38,25,אל,prep,,C:divine-title-candidate,Other Tanakh
256273,1426824,478296,Jeremiah,38,25,אל,prep,,C:divine-title-candidate,Other Tanakh
256279,1426824,478298,Jeremiah,38,25,אל,prep,,C:divine-title-candidate,Other Tanakh
256281,1426824,478298,Jeremiah,38,25,מלך,subs,,B:deity-candidate,Other Tanakh
256282,1426824,478299,Jeremiah,38,25,אל,nega,,C:divine-title-candidate,Other Tanakh
256291,1426824,478301,Jeremiah,38,25,אל,prep,,C:divine-title-candidate,Other Tanakh
256293,1426824,478301,Jeremiah,38,25,מלך,subs,,B:deity-candidate,Other Tanakh
256296,1426825,478302,Jeremiah,38,26,אל,prep,,C:divine-title-candidate,Other Tanakh
256303,1426825,478303,Jeremiah,38,26,מלך,subs,,B:deity-candidate,Other Tanakh
256308,1426825,478304,Jeremiah,38,26,יהונתן,nmpr,pers,A:person-candidate,Other Tanakh
256317,1426826,478306,Jeremiah,38,27,אל,prep,,C:divine-title-candidate,Other Tanakh
256318,1426826,478306,Jeremiah,38,27,ירמיהו,nmpr,pers,A:person-candidate,Other Tanakh
256334,1426826,478309,Jeremiah,38,27,מלך,subs,,B:deity-candidate,Other Tanakh
256345,1426827,478312,Jeremiah,38,28,ירמיהו,nmpr,pers,A:person-candidate,Other Tanakh
256354,1426827,478313,Jeremiah,38,28,ירושלם,nmpr,topo,F:unclassified-name,Other Tanakh
256360,1426827,478315,Jeremiah,38,28,ירושלם,nmpr,topo,F:unclassified-name,Other Tanakh
256367,1426828,478316,Jeremiah,39,1,צדקיהו,nmpr,pers,A:person-candidate,Other Tanakh
256368,1426828,478316,Jeremiah,39,1,מלך,subs,,B:deity-candidate,Other Tanakh
256369,1426828,478316,Jeremiah,39,1,יהודה,nmpr,"pers,gens,topo",F:unclassified-name,Other Tanakh
256376,1426828,478316,Jeremiah,39,1,נבוכדראצר,nmpr,pers,A:person-candidate,Other Tanakh
256377,1426828,478316,Jeremiah,39,1,מלך,subs,,B:deity-candidate,Other Tanakh
256378,1426828,478316,Jeremiah,39,1,בבל,nmpr,topo,F:unclassified-name,Other Tanakh
256382,1426828,478316,Jeremiah,39,1,אל,prep,,C:divine-title-candidate,Other Tanakh
256383,1426828,478316,Jeremiah,39,1,ירושלם,nmpr,topo,F:unclassified-name,Other Tanakh
256392,1426829,478318,Jeremiah,39,2,צדקיהו,nmpr,pers,A:person-candidate,Other Tanakh
256410,1426830,478319,Jeremiah,39,3,מלך,subs,,B:deity-candidate,Other Tanakh
256411,1426830,478319,Jeremiah,39,3,בבל,nmpr,topo,F:unclassified-name,Other Tanakh
256418,1426830,478319,Jeremiah,39,3,נרגל שר אצר,nmpr,pers,A:person-candidate,Other Tanakh
256419,1426830,478319,Jeremiah,39,3,סמגר נבו,nmpr,pers,A:person-candidate,Other Tanakh
256420,1426830,478319,Jeremiah,39,3,שר סכים,nmpr,pers,A:person-candidate,Other Tanakh
256423,1426830,478319,Jeremiah,39,3,נרגל שר אצר,nmpr,pers,A:person-candidate,Other Tanakh
256430,1426830,478319,Jeremiah,39,3,מלך,subs,,B:deity-candidate,Other Tanakh
256431,1426830,478319,Jeremiah,39,3,בבל,nmpr,topo,F:unclassified-name,Other Tanakh
256437,1426831,478322,Jeremiah,39,4,צדקיהו,nmpr,pers,A:person-candidate,Other Tanakh
256438,1426831,478322,Jeremiah,39,4,מלך,subs,,B:deity-candidate,Other Tanakh
256439,1426831,478322,Jeremiah,39,4,יהודה,nmpr,"pers,gens,topo",F:unclassified-name,Other Tanakh
256456,1426831,478324,Jeremiah,39,4,מלך,subs,,B:deity-candidate,Other Tanakh
256475,1426832,478327,Jeremiah,39,5,צדקיהו,nmpr,pers,A:person-candidate,Other Tanakh
256478,1426832,478327,Jeremiah,39,5,יריחו,nmpr,topo,F:unclassified-name,Other Tanakh
256484,1426832,478329,Jeremiah,39,5,אל,prep,,C:divine-title-candidate,Other Tanakh
256485,1426832,478329,Jeremiah,39,5,נבוכדראצר,nmpr,pers,A:person-candidate,Other Tanakh
256486,1426832,478329,Jeremiah,39,5,מלך,subs,,B:deity-candidate,Other Tanakh
256487,1426832,478329,Jeremiah,39,5,בבל,nmpr,topo,F:unclassified-name,Other Tanakh
256488,1426832,478329,Jeremiah,39,5,רבלה,nmpr,topo,F:unclassified-name,Other Tanakh
256491,1426832,478329,Jeremiah,39,5,חמת,nmpr,topo,F:unclassified-name,Other Tanakh
256498,1426833,478331,Jeremiah,39,6,מלך,subs,,B:deity-candidate,Other Tanakh
256499,1426833,478331,Jeremiah,39,6,בבל,nmpr,topo,F:unclassified-name,Other Tanakh
256502,1426833,478331,Jeremiah,39,6,צדקיהו,nmpr,pers,A:person-candidate,Other Tanakh
256504,1426833,478331,Jeremiah,39,6,רבלה,nmpr,topo,F:unclassified-name,Other Tanakh
256511,1426833,478332,Jeremiah,39,6,יהודה,nmpr,"pers,gens,topo",F:unclassified-name,Other Tanakh
256513,1426833,478332,Jeremiah,39,6,מלך,subs,,B:deity-candidate,Other Tanakh
256514,1426833,478332,Jeremiah,39,6,בבל,nmpr,topo,F:unclassified-name,Other Tanakh
256518,1426834,478333,Jeremiah,39,7,צדקיהו,nmpr,pers,A:person-candidate,Other Tanakh
256528,1426834,478335,Jeremiah,39,7,בבל,nmpr,topo,F:unclassified-name,Other Tanakh
256533,1426835,478336,Jeremiah,39,8,מלך,subs,,B:deity-candidate,Other Tanakh
256548,1426835,478337,Jeremiah,39,8,ירושלם,nmpr,topo,F:unclassified-name,Other Tanakh
256575,1426836,478338,Jeremiah,39,9,נבוזראדן,nmpr,pers,A:person-candidate,Other Tanakh
256578,1426836,478338,Jeremiah,39,9,בבל,nmpr,topo,F:unclassified-name,Other Tanakh
256590,1426837,478342,Jeremiah,39,10,נבוזראדן,nmpr,pers,A:person-candidate,Other Tanakh
256595,1426837,478342,Jeremiah,39,10,יהודה,nmpr,"pers,gens,topo",F:unclassified-name,Other Tanakh
256609,1426838,478345,Jeremiah,39,11,נבוכדראצר,nmpr,pers,A:person-candidate,Other Tanakh
256610,1426838,478345,Jeremiah,39,11,מלך,subs,,B:deity-candidate,Other Tanakh
256611,1426838,478345,Jeremiah,39,11,בבל,nmpr,topo,F:unclassified-name,Other Tanakh
256613,1426838,478345,Jeremiah,39,11,ירמיהו,nmpr,pers,A:person-candidate,Other Tanakh
256616,1426838,478345,Jeremiah,39,11,נבוזראדן,nmpr,pers,A:person-candidate,Other Tanakh
256627,1426839,478349,Jeremiah,39,12,אל,nega,,C:divine-title-candidate,Other Tanakh
256636,1426839,478351,Jeremiah,39,12,אל,prep,,C:divine-title-candidate,Other Tanakh
256642,1426840,478352,Jeremiah,39,13,נבוזראדן,nmpr,pers,A:person-candidate,Other Tanakh
256646,1426840,478352,Jeremiah,39,13,נבושזבן,nmpr,pers,A:person-candidate,Other Tanakh
256650,1426840,478352,Jeremiah,39,13,נרגל שר אצר,nmpr,pers,A:person-candidate,Other Tanakh
256656,1426840,478352,Jeremiah,39,13,מלך,subs,,B:deity-candidate,Other Tanakh
256657,1426840,478352,Jeremiah,39,13,בבל,nmpr,topo,F:unclassified-name,Other Tanakh
256663,1426841,478354,Jeremiah,39,14,ירמיהו,nmpr,pers,A:person-candidate,Other Tanakh
256671,1426841,478355,Jeremiah,39,14,אל,prep,,C:divine-title-candidate,Other Tanakh
256672,1426841,478355,Jeremiah,39,14,גדליהו,nmpr,pers,A:person-candidate,Other Tanakh
256674,1426841,478355,Jeremiah,39,14,אחיקם,nmpr,pers,A:person-candidate,Other Tanakh
256676,1426841,478355,Jeremiah,39,14,שפן,nmpr,pers,A:person-candidate,Other Tanakh
256679,1426841,478356,Jeremiah,39,14,אל,prep,,C:divine-title-candidate,Other Tanakh
256689,1426842,478358,Jeremiah,39,15,אל,prep,,C:divine-title-candidate,Other Tanakh
256690,1426842,478358,Jeremiah,39,15,ירמיהו,nmpr,pers,A:person-candidate,Other Tanakh
256693,1426842,478358,Jeremiah,39,15,יהוה,nmpr,pers,E:YHWH,Other Tanakh
256707,1426843,478362,Jeremiah,39,16,עבד מלך,nmpr,pers,A:person-candidate,Other Tanakh
256714,1426843,478364,Jeremiah,39,16,יהוה,nmpr,pers,E:YHWH,Other Tanakh
256716,1426843,478364,Jeremiah,39,16,אלהים,subs,,D:Elohim,Other Tanakh
256717,1426843,478364,Jeremiah,39,16,ישראל,nmpr,"pers,gens,topo",F:unclassified-name,Other Tanakh
256722,1426843,478365,Jeremiah,39,16,אל,prep,,C:divine-title-candidate,Other Tanakh
256750,1426844,478369,Jeremiah,39,17,יהוה,nmpr,pers,E:YHWH,Other Tanakh
256782,1426845,478376,Jeremiah,39,18,יהוה,nmpr,pers,E:YHWH,Other Tanakh
256787,1426846,478378,Jeremiah,40,1,אל,prep,,C:divine-title-candidate,Other Tanakh
256788,1426846,478378,Jeremiah,40,1,ירמיהו,nmpr,pers,A:person-candidate,Other Tanakh
256791,1426846,478378,Jeremiah,40,1,יהוה,nmpr,pers,E:YHWH,Other Tanakh
256795,1426846,478379,Jeremiah,40,1,נבוזראדן,nmpr,pers,A:person-candidate,Other Tanakh
256800,1426846,478379,Jeremiah,40,1,רמה,nmpr,topo,F:unclassified-name,Other Tanakh
256814,1426846,478381,Jeremiah,40,1,ירושלם,nmpr,topo,F:unclassified-name,Other Tanakh
256816,1426846,478381,Jeremiah,40,1,יהודה,nmpr,"pers,gens,topo",F:unclassified-name,Other Tanakh
256819,1426846,478382,Jeremiah,40,1,בבל,nmpr,topo,F:unclassified-name,Other Tanakh
256825,1426847,478383,Jeremiah,40,2,ירמיהו,nmpr,pers,A:person-candidate,Other Tanakh
256828,1426847,478384,Jeremiah,40,2,אל,prep,,C:divine-title-candidate,Other Tanakh
256829,1426847,478385,Jeremiah,40,2,יהוה,nmpr,pers,E:YHWH,Other Tanakh
256830,1426847,478385,Jeremiah,40,2,אלהים,subs,,D:Elohim,Other Tanakh
256837,1426847,478385,Jeremiah,40,2,אל,prep,,C:divine-title-candidate,Other Tanakh
256846,1426848,478387,Jeremiah,40,3,יהוה,nmpr,pers,E:YHWH,Other Tanakh
256853,1426848,478389,Jeremiah,40,3,יהוה,nmpr,pers,E:YHWH,Other Tanakh
256885,1426849,478396,Jeremiah,40,4,בבל,nmpr,topo,F:unclassified-name,Other Tanakh
256900,1426849,478400,Jeremiah,40,4,בבל,nmpr,topo,F:unclassified-name,Other Tanakh
256908,1426849,478404,Jeremiah,40,4,אל,prep,,C:divine-title-candidate,Other Tanakh
256911,1426849,478404,Jeremiah,40,4,אל,prep,,C:divine-title-candidate,Other Tanakh
256926,1426850,478408,Jeremiah,40,5,אל,prep,,C:divine-title-candidate,Other Tanakh
256927,1426850,478408,Jeremiah,40,5,גדליה,nmpr,pers,A:person-candidate,Other Tanakh
256929,1426850,478408,Jeremiah,40,5,אחיקם,nmpr,pers,A:person-candidate,Other Tanakh
256931,1426850,478408,Jeremiah,40,5,שפן,nmpr,pers,A:person-candidate,Other Tanakh
256934,1426850,478409,Jeremiah,40,5,מלך,subs,,B:deity-candidate,Other Tanakh
256935,1426850,478409,Jeremiah,40,5,בבל,nmpr,topo,F:unclassified-name,Other Tanakh
256938,1426850,478409,Jeremiah,40,5,יהודה,nmpr,"pers,gens,topo",F:unclassified-name,Other Tanakh
256947,1426850,478411,Jeremiah,40,5,אל,prep,,C:divine-title-candidate,Other Tanakh
256968,1426851,478416,Jeremiah,40,6,ירמיהו,nmpr,pers,A:person-candidate,Other Tanakh
256969,1426851,478416,Jeremiah,40,6,אל,prep,,C:divine-title-candidate,Other Tanakh
256970,1426851,478416,Jeremiah,40,6,גדליה,nmpr,pers,A:person-candidate,Other Tanakh
256972,1426851,478416,Jeremiah,40,6,אחיקם,nmpr,pers,A:person-candidate,Other Tanakh
256974,1426851,478416,Jeremiah,40,6,מצפה,nmpr,topo,F:unclassified-name,Other Tanakh
257002,1426852,478421,Jeremiah,40,7,מלך,subs,,B:deity-candidate,Other Tanakh
257003,1426852,478421,Jeremiah,40,7,בבל,nmpr,topo,F:unclassified-name,Other Tanakh
257005,1426852,478421,Jeremiah,40,7,גדליהו,nmpr,pers,A:person-candidate,Other Tanakh
257007,1426852,478421,Jeremiah,40,7,אחיקם,nmpr,pers,A:person-candidate,Other Tanakh
257029,1426852,478423,Jeremiah,40,7,בבל,nmpr,topo,F:unclassified-name,Other Tanakh
257032,1426853,478424,Jeremiah,40,8,אל,prep,,C:divine-title-candidate,Other Tanakh
257033,1426853,478424,Jeremiah,40,8,גדליה,nmpr,pers,A:person-candidate,Other Tanakh
257035,1426853,478424,Jeremiah,40,8,מצפה,nmpr,topo,F:unclassified-name,Other Tanakh
257037,1426853,478425,Jeremiah,40,8,ישמעאל,nmpr,pers,A:person-candidate,Other Tanakh
257039,1426853,478425,Jeremiah,40,8,נתניהו,nmpr,pers,A:person-candidate,Other Tanakh
257041,1426853,478425,Jeremiah,40,8,יוחנן,nmpr,pers,A:person-candidate,Other Tanakh
257043,1426853,478425,Jeremiah,40,8,יונתן,nmpr,pers,A:person-candidate,Other Tanakh
257045,1426853,478425,Jeremiah,40,8,קרח,nmpr,pers,A:person-candidate,Other Tanakh
257047,1426853,478425,Jeremiah,40,8,שריה,nmpr,pers,A:person-candidate,Other Tanakh
257049,1426853,478425,Jeremiah,40,8,תנחמת,nmpr,pers,A:person-candidate,Other Tanakh
257052,1426853,478425,Jeremiah,40,8,עיפי,nmpr,pers,A:person-candidate,Other Tanakh
257056,1426853,478425,Jeremiah,40,8,יזניהו,nmpr,pers,A:person-candidate,Other Tanakh
257066,1426854,478426,Jeremiah,40,9,גדליהו,nmpr,pers,A:person-candidate,Other Tanakh
257068,1426854,478426,Jeremiah,40,9,אחיקם,nmpr,pers,A:person-candidate,Other Tanakh
257070,1426854,478426,Jeremiah,40,9,שפן,nmpr,pers,A:person-candidate,Other Tanakh
257076,1426854,478428,Jeremiah,40,9,אל,nega,,C:divine-title-candidate,Other Tanakh
257089,1426854,478431,Jeremiah,40,9,מלך,subs,,B:deity-candidate,Other Tanakh
257090,1426854,478431,Jeremiah,40,9,בבל,nmpr,topo,F:unclassified-name,Other Tanakh
257100,1426855,478434,Jeremiah,40,10,מצפה,nmpr,topo,F:unclassified-name,Other Tanakh
257109,1426855,478436,Jeremiah,40,10,אל,prep,,C:divine-title-candidate,Other Tanakh
257135,1426856,478442,Jeremiah,40,11,מואב,nmpr,"pers,gens,topo",F:unclassified-name,Other Tanakh
257139,1426856,478442,Jeremiah,40,11,עמון,nmpr,gens,F:unclassified-name,Other Tanakh
257142,1426856,478442,Jeremiah,40,11,אדום,nmpr,topo,F:unclassified-name,Other Tanakh
257152,1426856,478444,Jeremiah,40,11,מלך,subs,,B:deity-candidate,Other Tanakh
257153,1426856,478444,Jeremiah,40,11,בבל,nmpr,topo,F:unclassified-name,Other Tanakh
257156,1426856,478444,Jeremiah,40,11,יהודה,nmpr,"pers,gens,topo",F:unclassified-name,Other Tanakh
257162,1426856,478445,Jeremiah,40,11,גדליהו,nmpr,pers,A:person-candidate,Other Tanakh
257164,1426856,478445,Jeremiah,40,11,אחיקם,nmpr,pers,A:person-candidate,Other Tanakh
257166,1426856,478445,Jeremiah,40,11,שפן,nmpr,pers,A:person-candidate,Other Tanakh
257182,1426857,478448,Jeremiah,40,12,יהודה,nmpr,"pers,gens,topo",F:unclassified-name,Other Tanakh
257183,1426857,478448,Jeremiah,40,12,אל,prep,,C:divine-title-candidate,Other Tanakh
257184,1426857,478448,Jeremiah,40,12,גדליהו,nmpr,pers,A:person-candidate,Other Tanakh
257186,1426857,478448,Jeremiah,40,12,מצפה,nmpr,topo,F:unclassified-name,Other Tanakh
257195,1426858,478450,Jeremiah,40,13,יוחנן,nmpr,pers,A:person-candidate,Other Tanakh
257197,1426858,478450,Jeremiah,40,13,קרח,nmpr,pers,A:person-candidate,Other Tanakh
257208,1426858,478450,Jeremiah,40,13,אל,prep,,C:divine-title-candidate,Other Tanakh
257209,1426858,478450,Jeremiah,40,13,גדליהו,nmpr,pers,A:person-candidate,Other Tanakh
257211,1426858,478450,Jeremiah,40,13,מצפה,nmpr,topo,F:unclassified-name,Other Tanakh
257214,1426859,478452,Jeremiah,40,14,אל,prep,,C:divine-title-candidate,Other Tanakh
257219,1426859,478454,Jeremiah,40,14,בעליס,nmpr,pers,A:person-candidate,Other Tanakh
257220,1426859,478454,Jeremiah,40,14,מלך,subs,,B:deity-candidate,Other Tanakh
257222,1426859,478454,Jeremiah,40,14,עמון,nmpr,gens,F:unclassified-name,Other Tanakh
257225,1426859,478454,Jeremiah,40,14,ישמעאל,nmpr,pers,A:person-candidate,Other Tanakh
257227,1426859,478454,Jeremiah,40,14,נתניה,nmpr,pers,A:person-candidate,Other Tanakh
257235,1426859,478456,Jeremiah,40,14,גדליהו,nmpr,pers,A:person-candidate,Other Tanakh
257237,1426859,478456,Jeremiah,40,14,אחיקם,nmpr,pers,A:person-candidate,Other Tanakh
257239,1426860,478457,Jeremiah,40,15,יוחנן,nmpr,pers,A:person-candidate,Other Tanakh
257241,1426860,478457,Jeremiah,40,15,קרח,nmpr,pers,A:person-candidate,Other Tanakh
257243,1426860,478457,Jeremiah,40,15,אל,prep,,C:divine-title-candidate,Other Tanakh
257244,1426860,478457,Jeremiah,40,15,גדליהו,nmpr,pers,A:person-candidate,Other Tanakh
257250,1426860,478457,Jeremiah,40,15,מצפה,nmpr,topo,F:unclassified-name,Other Tanakh
257258,1426860,478460,Jeremiah,40,15,ישמעאל,nmpr,pers,A:person-candidate,Other Tanakh
257260,1426860,478460,Jeremiah,40,15,נתניה,nmpr,pers,A:person-candidate,Other Tanakh
257271,1426860,478463,Jeremiah,40,15,יהודה,nmpr,"pers,gens,topo",F:unclassified-name,Other Tanakh
257274,1426860,478464,Jeremiah,40,15,אל,prep,,C:divine-title-candidate,Other Tanakh
257278,1426860,478465,Jeremiah,40,15,יהודה,nmpr,"pers,gens,topo",F:unclassified-name,Other Tanakh
257281,1426861,478466,Jeremiah,40,16,גדליהו,nmpr,pers,A:person-candidate,Other Tanakh
257283,1426861,478466,Jeremiah,40,16,אחיקם,nmpr,pers,A:person-candidate,Other Tanakh
257284,1426861,478466,Jeremiah,40,16,אל,prep,,C:divine-title-candidate,Other Tanakh
257285,1426861,478466,Jeremiah,40,16,יוחנן,nmpr,pers,A:person-candidate,Other Tanakh
257287,1426861,478466,Jeremiah,40,16,קרח,nmpr,pers,A:person-candidate,Other Tanakh
257288,1426861,478467,Jeremiah,40,16,אל,nega,,C:divine-title-candidate,Other Tanakh
257299,1426861,478468,Jeremiah,40,16,אל,prep,,C:divine-title-candidate,Other Tanakh
257300,1426861,478468,Jeremiah,40,16,ישמעאל,nmpr,pers,A:person-candidate,Other Tanakh
257309,1426862,478470,Jeremiah,41,1,ישמעאל,nmpr,pers,A:person-candidate,Other Tanakh
257311,1426862,478470,Jeremiah,41,1,נתניה,nmpr,pers,A:person-candidate,Other Tanakh
257313,1426862,478470,Jeremiah,41,1,אלישמע,nmpr,pers,A:person-candidate,Other Tanakh
257321,1426862,478471,Jeremiah,41,1,מלך,subs,,B:deity-candidate,Other Tanakh
257326,1426862,478470,Jeremiah,41,1,אל,prep,,C:divine-title-candidate,Other Tanakh
257327,1426862,478470,Jeremiah,41,1,גדליהו,nmpr,pers,A:person-candidate,Other Tanakh
257329,1426862,478470,Jeremiah,41,1,אחיקם,nmpr,pers,A:person-candidate,Other Tanakh
257331,1426862,478470,Jeremiah,41,1,מצפה,nmpr,topo,F:unclassified-name,Other Tanakh
257339,1426862,478472,Jeremiah,41,1,מצפה,nmpr,topo,F:unclassified-name,Other Tanakh
257342,1426863,478473,Jeremiah,41,2,ישמעאל,nmpr,pers,A:person-candidate,Other Tanakh
257344,1426863,478473,Jeremiah,41,2,נתניה,nmpr,pers,A:person-candidate,Other Tanakh
257355,1426863,478475,Jeremiah,41,2,גדליהו,nmpr,pers,A:person-candidate,Other Tanakh
257357,1426863,478475,Jeremiah,41,2,אחיקם,nmpr,pers,A:person-candidate,Other Tanakh
257359,1426863,478475,Jeremiah,41,2,שפן,nmpr,pers,A:person-candidate,Other Tanakh
257368,1426863,478477,Jeremiah,41,2,מלך,subs,,B:deity-candidate,Other Tanakh
257369,1426863,478477,Jeremiah,41,2,בבל,nmpr,topo,F:unclassified-name,Other Tanakh
257382,1426864,478479,Jeremiah,41,3,גדליהו,nmpr,pers,A:person-candidate,Other Tanakh
257385,1426864,478479,Jeremiah,41,3,מצפה,nmpr,topo,F:unclassified-name,Other Tanakh
257398,1426864,478478,Jeremiah,41,3,ישמעאל,nmpr,pers,A:person-candidate,Other Tanakh
257409,1426865,478482,Jeremiah,41,4,גדליהו,nmpr,pers,A:person-candidate,Other Tanakh
257418,1426866,478484,Jeremiah,41,5,שכם,nmpr,topo,F:unclassified-name,Other Tanakh
257420,1426866,478484,Jeremiah,41,5,שלו,nmpr,topo,F:unclassified-name,Other Tanakh
257423,1426866,478484,Jeremiah,41,5,שמרון,nmpr,topo,F:unclassified-name,Other Tanakh
257442,1426866,478487,Jeremiah,41,5,יהוה,nmpr,pers,E:YHWH,Other Tanakh
257445,1426867,478488,Jeremiah,41,6,ישמעאל,nmpr,pers,A:person-candidate,Other Tanakh
257447,1426867,478488,Jeremiah,41,6,נתניה,nmpr,pers,A:person-candidate,Other Tanakh
257452,1426867,478488,Jeremiah,41,6,מצפה,nmpr,topo,F:unclassified-name,Other Tanakh
257464,1426867,478494,Jeremiah,41,6,אל,prep,,C:divine-title-candidate,Other Tanakh
257466,1426867,478495,Jeremiah,41,6,אל,prep,,C:divine-title-candidate,Other Tanakh
257467,1426867,478495,Jeremiah,41,6,גדליהו,nmpr,pers,A:person-candidate,Other Tanakh
257469,1426867,478495,Jeremiah,41,6,אחיקם,nmpr,pers,A:person-candidate,Other Tanakh
257474,1426868,478497,Jeremiah,41,7,אל,prep,,C:divine-title-candidate,Other Tanakh
257480,1426868,478498,Jeremiah,41,7,ישמעאל,nmpr,pers,A:person-candidate,Other Tanakh
257482,1426868,478498,Jeremiah,41,7,נתניה,nmpr,pers,A:person-candidate,Other Tanakh
257483,1426868,478498,Jeremiah,41,7,אל,prep,,C:divine-title-candidate,Other Tanakh
257500,1426869,478501,Jeremiah,41,8,אל,prep,,C:divine-title-candidate,Other Tanakh
257501,1426869,478501,Jeremiah,41,8,ישמעאל,nmpr,pers,A:person-candidate,Other Tanakh
257502,1426869,478502,Jeremiah,41,8,אל,nega,,C:divine-title-candidate,Other Tanakh
257532,1426870,478507,Jeremiah,41,9,ישמעאל,nmpr,pers,A:person-candidate,Other Tanakh
257542,1426870,478508,Jeremiah,41,9,גדליהו,nmpr,pers,A:person-candidate,Other Tanakh
257547,1426870,478510,Jeremiah,41,9,מלך,subs,,B:deity-candidate,Other Tanakh
257548,1426870,478510,Jeremiah,41,9,אסא,nmpr,pers,A:person-candidate,Other Tanakh
257551,1426870,478510,Jeremiah,41,9,בעשא,nmpr,pers,A:person-candidate,Other Tanakh
257552,1426870,478510,Jeremiah,41,9,מלך,subs,,B:deity-candidate,Other Tanakh
257553,1426870,478510,Jeremiah,41,9,ישראל,nmpr,"pers,gens,topo",F:unclassified-name,Other Tanakh
257556,1426870,478511,Jeremiah,41,9,ישמעאל,nmpr,pers,A:person-candidate,Other Tanakh
257558,1426870,478511,Jeremiah,41,9,נתניהו,nmpr,pers,A:person-candidate,Other Tanakh
257562,1426871,478512,Jeremiah,41,10,ישמעאל,nmpr,pers,A:person-candidate,Other Tanakh
257571,1426871,478513,Jeremiah,41,10,מצפה,nmpr,topo,F:unclassified-name,Other Tanakh
257575,1426871,478512,Jeremiah,41,10,מלך,subs,,B:deity-candidate,Other Tanakh
257585,1426871,478514,Jeremiah,41,10,מצפה,nmpr,topo,F:unclassified-name,Other Tanakh
257588,1426871,478515,Jeremiah,41,10,נבוזראדן,nmpr,pers,A:person-candidate,Other Tanakh
257592,1426871,478515,Jeremiah,41,10,גדליהו,nmpr,pers,A:person-candidate,Other Tanakh
257594,1426871,478515,Jeremiah,41,10,אחיקם,nmpr,pers,A:person-candidate,Other Tanakh
257597,1426871,478516,Jeremiah,41,10,ישמעאל,nmpr,pers,A:person-candidate,Other Tanakh
257599,1426871,478516,Jeremiah,41,10,נתניה,nmpr,pers,A:person-candidate,Other Tanakh
257604,1426871,478518,Jeremiah,41,10,אל,prep,,C:divine-title-candidate,Other Tanakh
257606,1426871,478518,Jeremiah,41,10,עמון,nmpr,gens,F:unclassified-name,Other Tanakh
257609,1426872,478519,Jeremiah,41,11,יוחנן,nmpr,pers,A:person-candidate,Other Tanakh
257611,1426872,478519,Jeremiah,41,11,קרח,nmpr,pers,A:person-candidate,Other Tanakh
257625,1426872,478521,Jeremiah,41,11,ישמעאל,nmpr,pers,A:person-candidate,Other Tanakh
257627,1426872,478521,Jeremiah,41,11,נתניה,nmpr,pers,A:person-candidate,Other Tanakh
257639,1426873,478524,Jeremiah,41,12,ישמעאל,nmpr,pers,A:person-candidate,Other Tanakh
257641,1426873,478524,Jeremiah,41,12,נתניה,nmpr,pers,A:person-candidate,Other Tanakh
257645,1426873,478525,Jeremiah,41,12,אל,prep,,C:divine-title-candidate,Other Tanakh
257650,1426873,478526,Jeremiah,41,12,גבעון,nmpr,topo,F:unclassified-name,Other Tanakh
257660,1426874,478529,Jeremiah,41,13,ישמעאל,nmpr,pers,A:person-candidate,Other Tanakh
257662,1426874,478528,Jeremiah,41,13,יוחנן,nmpr,pers,A:person-candidate,Other Tanakh
257664,1426874,478528,Jeremiah,41,13,קרח,nmpr,pers,A:person-candidate,Other Tanakh
257682,1426875,478533,Jeremiah,41,14,ישמעאל,nmpr,pers,A:person-candidate,Other Tanakh
257685,1426875,478533,Jeremiah,41,14,מצפה,nmpr,topo,F:unclassified-name,Other Tanakh
257690,1426875,478535,Jeremiah,41,14,אל,prep,,C:divine-title-candidate,Other Tanakh
257691,1426875,478535,Jeremiah,41,14,יוחנן,nmpr,pers,A:person-candidate,Other Tanakh
257693,1426875,478535,Jeremiah,41,14,קרח,nmpr,pers,A:person-candidate,Other Tanakh
257695,1426876,478536,Jeremiah,41,15,ישמעאל,nmpr,pers,A:person-candidate,Other Tanakh
257697,1426876,478536,Jeremiah,41,15,נתניה,nmpr,pers,A:person-candidate,Other Tanakh
257704,1426876,478536,Jeremiah,41,15,יוחנן,nmpr,pers,A:person-candidate,Other Tanakh
257707,1426876,478537,Jeremiah,41,15,אל,prep,,C:divine-title-candidate,Other Tanakh
257709,1426876,478537,Jeremiah,41,15,עמון,nmpr,gens,F:unclassified-name,Other Tanakh
257712,1426877,478538,Jeremiah,41,16,יוחנן,nmpr,pers,A:person-candidate,Other Tanakh
257714,1426877,478538,Jeremiah,41,16,קרח,nmpr,pers,A:person-candidate,Other Tanakh
257731,1426877,478540,Jeremiah,41,16,ישמעאל,nmpr,pers,A:person-candidate,Other Tanakh
257733,1426877,478540,Jeremiah,41,16,נתניה,nmpr,pers,A:person-candidate,Other Tanakh
257736,1426877,478540,Jeremiah,41,16,מצפה,nmpr,topo,F:unclassified-name,Other Tanakh
257740,1426877,478541,Jeremiah,41,16,גדליה,nmpr,pers,A:person-candidate,Other Tanakh
257742,1426877,478541,Jeremiah,41,16,אחיקם,nmpr,pers,A:person-candidate,Other Tanakh
257756,1426877,478543,Jeremiah,41,16,גבעון,nmpr,topo,F:unclassified-name,Other Tanakh
257763,1426878,478545,Jeremiah,41,17,כמהם,nmpr,pers,A:person-candidate,Other Tanakh
257766,1426878,478546,Jeremiah,41,17,בית לחם,nmpr,topo,F:unclassified-name,Other Tanakh
257771,1426878,478548,Jeremiah,41,17,מצרים,nmpr,topo,F:unclassified-name,Other Tanakh
257782,1426879,478551,Jeremiah,41,18,ישמעאל,nmpr,pers,A:person-candidate,Other Tanakh
257784,1426879,478551,Jeremiah,41,18,נתניה,nmpr,pers,A:person-candidate,Other Tanakh
257786,1426879,478551,Jeremiah,41,18,גדליהו,nmpr,pers,A:person-candidate,Other Tanakh
257788,1426879,478551,Jeremiah,41,18,אחיקם,nmpr,pers,A:person-candidate,Other Tanakh
257791,1426879,478552,Jeremiah,41,18,מלך,subs,,B:deity-candidate,Other Tanakh
257792,1426879,478552,Jeremiah,41,18,בבל,nmpr,topo,F:unclassified-name,Other Tanakh
257803,1426880,478553,Jeremiah,42,1,יוחנן,nmpr,pers,A:person-candidate,Other Tanakh
257805,1426880,478553,Jeremiah,42,1,קרח,nmpr,pers,A:person-candidate,Other Tanakh
257807,1426880,478553,Jeremiah,42,1,יזניה,nmpr,pers,A:person-candidate,Other Tanakh
257809,1426880,478553,Jeremiah,42,1,הושעיה,nmpr,pers,A:person-candidate,Other Tanakh
257821,1426881,478554,Jeremiah,42,2,אל,prep,,C:divine-title-candidate,Other Tanakh
257822,1426881,478554,Jeremiah,42,2,ירמיהו,nmpr,pers,A:person-candidate,Other Tanakh
257833,1426881,478556,Jeremiah,42,2,אל,prep,,C:divine-title-candidate,Other Tanakh
257834,1426881,478556,Jeremiah,42,2,יהוה,nmpr,pers,E:YHWH,Other Tanakh
257835,1426881,478556,Jeremiah,42,2,אלהים,subs,,D:Elohim,Other Tanakh
257855,1426882,478559,Jeremiah,42,3,יהוה,nmpr,pers,E:YHWH,Other Tanakh
257856,1426882,478559,Jeremiah,42,3,אלהים,subs,,D:Elohim,Other Tanakh
257871,1426883,478562,Jeremiah,42,4,אל,prep,,C:divine-title-candidate,Other Tanakh
257872,1426883,478562,Jeremiah,42,4,ירמיהו,nmpr,pers,A:person-candidate,Other Tanakh
257878,1426883,478564,Jeremiah,42,4,אל,prep,,C:divine-title-candidate,Other Tanakh
257879,1426883,478564,Jeremiah,42,4,יהוה,nmpr,pers,E:YHWH,Other Tanakh
257880,1426883,478564,Jeremiah,42,4,אלהים,subs,,D:Elohim,Other Tanakh
257890,1426883,478567,Jeremiah,42,4,יהוה,nmpr,pers,E:YHWH,Other Tanakh
257901,1426884,478569,Jeremiah,42,5,אל,prep,,C:divine-title-candidate,Other Tanakh
257902,1426884,478569,Jeremiah,42,5,ירמיהו,nmpr,pers,A:person-candidate,Other Tanakh
257904,1426884,478570,Jeremiah,42,5,יהוה,nmpr,pers,E:YHWH,Other Tanakh
257919,1426884,478573,Jeremiah,42,5,יהוה,nmpr,pers,E:YHWH,Other Tanakh
257920,1426884,478573,Jeremiah,42,5,אלהים,subs,,D:Elohim,Other Tanakh
257921,1426884,478573,Jeremiah,42,5,אל,prep,,C:divine-title-candidate,Other Tanakh
257931,1426885,478576,Jeremiah,42,6,יהוה,nmpr,pers,E:YHWH,Other Tanakh
257932,1426885,478576,Jeremiah,42,6,אלהים,subs,,D:Elohim,Other Tanakh
257937,1426885,478577,Jeremiah,42,6,אל,prep,,C:divine-title-candidate,Other Tanakh
257947,1426885,478579,Jeremiah,42,6,יהוה,nmpr,pers,E:YHWH,Other Tanakh
257948,1426885,478579,Jeremiah,42,6,אלהים,subs,,D:Elohim,Other Tanakh
257958,1426886,478581,Jeremiah,42,7,יהוה,nmpr,pers,E:YHWH,Other Tanakh
257959,1426886,478581,Jeremiah,42,7,אל,prep,,C:divine-title-candidate,Other Tanakh
257960,1426886,478581,Jeremiah,42,7,ירמיהו,nmpr,pers,A:person-candidate,Other Tanakh
257963,1426887,478582,Jeremiah,42,8,אל,prep,,C:divine-title-candidate,Other Tanakh
257964,1426887,478582,Jeremiah,42,8,יוחנן,nmpr,pers,A:person-candidate,Other Tanakh
257966,1426887,478582,Jeremiah,42,8,קרח,nmpr,pers,A:person-candidate,Other Tanakh
257968,1426887,478582,Jeremiah,42,8,אל,prep,,C:divine-title-candidate,Other Tanakh
257988,1426888,478584,Jeremiah,42,9,אל,prep,,C:divine-title-candidate,Other Tanakh
257991,1426888,478585,Jeremiah,42,9,יהוה,nmpr,pers,E:YHWH,Other Tanakh
257992,1426888,478585,Jeremiah,42,9,אלהים,subs,,D:Elohim,Other Tanakh
257993,1426888,478585,Jeremiah,42,9,ישראל,nmpr,"pers,gens,topo",F:unclassified-name,Other Tanakh
257997,1426888,478586,Jeremiah,42,9,אל,prep,,C:divine-title-candidate,Other Tanakh
258025,1426889,478593,Jeremiah,42,10,אל,prep,,C:divine-title-candidate,Other Tanakh
258031,1426890,478595,Jeremiah,42,11,אל,nega,,C:divine-title-candidate,Other Tanakh
258035,1426890,478595,Jeremiah,42,11,מלך,subs,,B:deity-candidate,Other Tanakh
258036,1426890,478595,Jeremiah,42,11,בבל,nmpr,topo,F:unclassified-name,Other Tanakh
258042,1426890,478597,Jeremiah,42,11,אל,nega,,C:divine-title-candidate,Other Tanakh
258046,1426890,478598,Jeremiah,42,11,יהוה,nmpr,pers,E:YHWH,Other Tanakh
258069,1426891,478604,Jeremiah,42,12,אל,prep,,C:divine-title-candidate,Other Tanakh
258087,1426892,478607,Jeremiah,42,13,יהוה,nmpr,pers,E:YHWH,Other Tanakh
258088,1426892,478607,Jeremiah,42,13,אלהים,subs,,D:Elohim,Other Tanakh
258094,1426893,478610,Jeremiah,42,14,מצרים,nmpr,topo,F:unclassified-name,Other Tanakh
258119,1426894,478616,Jeremiah,42,15,יהוה,nmpr,pers,E:YHWH,Other Tanakh
258121,1426894,478617,Jeremiah,42,15,יהודה,nmpr,"pers,gens,topo",F:unclassified-name,Other Tanakh
258124,1426894,478618,Jeremiah,42,15,יהוה,nmpr,pers,E:YHWH,Other Tanakh
258126,1426894,478618,Jeremiah,42,15,אלהים,subs,,D:Elohim,Other Tanakh
258127,1426894,478618,Jeremiah,42,15,ישראל,nmpr,"pers,gens,topo",F:unclassified-name,Other Tanakh
258135,1426894,478620,Jeremiah,42,15,מצרים,nmpr,topo,F:unclassified-name,Other Tanakh
258154,1426895,478624,Jeremiah,42,16,מצרים,nmpr,topo,F:unclassified-name,Other Tanakh
258165,1426895,478626,Jeremiah,42,16,מצרים,nmpr,topo,F:unclassified-name,Other Tanakh
258180,1426896,478631,Jeremiah,42,17,מצרים,nmpr,topo,F:unclassified-name,Other Tanakh
258213,1426897,478636,Jeremiah,42,18,יהוה,nmpr,pers,E:YHWH,Other Tanakh
258215,1426897,478636,Jeremiah,42,18,אלהים,subs,,D:Elohim,Other Tanakh
258216,1426897,478636,Jeremiah,42,18,ישראל,nmpr,"pers,gens,topo",F:unclassified-name,Other Tanakh
258225,1426897,478637,Jeremiah,42,18,ירושלם,nmpr,topo,F:unclassified-name,Other Tanakh
258232,1426897,478639,Jeremiah,42,18,מצרים,nmpr,topo,F:unclassified-name,Other Tanakh
258256,1426898,478642,Jeremiah,42,19,יהוה,nmpr,pers,E:YHWH,Other Tanakh
258259,1426898,478643,Jeremiah,42,19,יהודה,nmpr,"pers,gens,topo",F:unclassified-name,Other Tanakh
258260,1426898,478644,Jeremiah,42,19,אל,nega,,C:divine-title-candidate,Other Tanakh
258262,1426898,478644,Jeremiah,42,19,מצרים,nmpr,topo,F:unclassified-name,Other Tanakh
258278,1426899,478648,Jeremiah,42,20,אל,prep,,C:divine-title-candidate,Other Tanakh
258279,1426899,478648,Jeremiah,42,20,יהוה,nmpr,pers,E:YHWH,Other Tanakh
258280,1426899,478648,Jeremiah,42,20,אלהים,subs,,D:Elohim,Other Tanakh
258285,1426899,478650,Jeremiah,42,20,אל,prep,,C:divine-title-candidate,Other Tanakh
258286,1426899,478650,Jeremiah,42,20,יהוה,nmpr,pers,E:YHWH,Other Tanakh
258287,1426899,478650,Jeremiah,42,20,אלהים,subs,,D:Elohim,Other Tanakh
258293,1426899,478652,Jeremiah,42,20,יהוה,nmpr,pers,E:YHWH,Other Tanakh
258294,1426899,478652,Jeremiah,42,20,אלהים,subs,,D:Elohim,Other Tanakh
258310,1426900,478655,Jeremiah,42,21,יהוה,nmpr,pers,E:YHWH,Other Tanakh
258311,1426900,478655,Jeremiah,42,21,אלהים,subs,,D:Elohim,Other Tanakh
258317,1426900,478657,Jeremiah,42,21,אל,prep,,C:divine-title-candidate,Other Tanakh
258348,1426902,478665,Jeremiah,43,1,ירמיהו,nmpr,pers,A:person-candidate,Other Tanakh
258351,1426902,478666,Jeremiah,43,1,אל,prep,,C:divine-title-candidate,Other Tanakh
258358,1426902,478666,Jeremiah,43,1,יהוה,nmpr,pers,E:YHWH,Other Tanakh
258359,1426902,478666,Jeremiah,43,1,אלהים,subs,,D:Elohim,Other Tanakh
258362,1426902,478667,Jeremiah,43,1,יהוה,nmpr,pers,E:YHWH,Other Tanakh
258363,1426902,478667,Jeremiah,43,1,אלהים,subs,,D:Elohim,Other Tanakh
258364,1426902,478667,Jeremiah,43,1,אל,prep,,C:divine-title-candidate,Other Tanakh
258373,1426903,478668,Jeremiah,43,2,עזריה,nmpr,pers,A:person-candidate,Other Tanakh
258375,1426903,478668,Jeremiah,43,2,הושעיה,nmpr,pers,A:person-candidate,Other Tanakh
258377,1426903,478668,Jeremiah,43,2,יוחנן,nmpr,pers,A:person-candidate,Other Tanakh
258379,1426903,478668,Jeremiah,43,2,קרח,nmpr,pers,A:person-candidate,Other Tanakh
258387,1426903,478669,Jeremiah,43,2,אל,prep,,C:divine-title-candidate,Other Tanakh
258388,1426903,478669,Jeremiah,43,2,ירמיהו,nmpr,pers,A:person-candidate,Other Tanakh
258394,1426903,478671,Jeremiah,43,2,יהוה,nmpr,pers,E:YHWH,Other Tanakh
258395,1426903,478671,Jeremiah,43,2,אלהים,subs,,D:Elohim,Other Tanakh
258400,1426903,478673,Jeremiah,43,2,מצרים,nmpr,topo,F:unclassified-name,Other Tanakh
258405,1426904,478675,Jeremiah,43,3,ברוך,nmpr,pers,A:person-candidate,Other Tanakh
258407,1426904,478675,Jeremiah,43,3,נריה,nmpr,pers,A:person-candidate,Other Tanakh
258425,1426904,478678,Jeremiah,43,3,בבל,nmpr,topo,F:unclassified-name,Other Tanakh
258429,1426905,478679,Jeremiah,43,4,יוחנן,nmpr,pers,A:person-candidate,Other Tanakh
258431,1426905,478679,Jeremiah,43,4,קרח,nmpr,pers,A:person-candidate,Other Tanakh
258443,1426905,478679,Jeremiah,43,4,יהוה,nmpr,pers,E:YHWH,Other Tanakh
258448,1426905,478680,Jeremiah,43,4,יהודה,nmpr,"pers,gens,topo",F:unclassified-name,Other Tanakh
258451,1426906,478681,Jeremiah,43,5,יוחנן,nmpr,pers,A:person-candidate,Other Tanakh
258453,1426906,478681,Jeremiah,43,5,קרח,nmpr,pers,A:person-candidate,Other Tanakh
258462,1426906,478681,Jeremiah,43,5,יהודה,nmpr,"pers,gens,topo",F:unclassified-name,Other Tanakh
258476,1426906,478684,Jeremiah,43,5,יהודה,nmpr,"pers,gens,topo",F:unclassified-name,Other Tanakh
258492,1426907,478681,Jeremiah,43,6,מלך,subs,,B:deity-candidate,Other Tanakh
258500,1426907,478685,Jeremiah,43,6,נבוזראדן,nmpr,pers,A:person-candidate,Other Tanakh
258504,1426907,478685,Jeremiah,43,6,גדליהו,nmpr,pers,A:person-candidate,Other Tanakh
258506,1426907,478685,Jeremiah,43,6,אחיקם,nmpr,pers,A:person-candidate,Other Tanakh
258508,1426907,478685,Jeremiah,43,6,שפן,nmpr,pers,A:person-candidate,Other Tanakh
258511,1426907,478681,Jeremiah,43,6,ירמיהו,nmpr,pers,A:person-candidate,Other Tanakh
258516,1426907,478681,Jeremiah,43,6,ברוך,nmpr,pers,A:person-candidate,Other Tanakh
258518,1426907,478681,Jeremiah,43,6,נריהו,nmpr,pers,A:person-candidate,Other Tanakh
258522,1426908,478686,Jeremiah,43,7,מצרים,nmpr,topo,F:unclassified-name,Other Tanakh
258528,1426908,478687,Jeremiah,43,7,יהוה,nmpr,pers,E:YHWH,Other Tanakh
258532,1426908,478688,Jeremiah,43,7,תחפנחס,nmpr,topo,F:unclassified-name,Other Tanakh
258536,1426909,478689,Jeremiah,43,8,יהוה,nmpr,pers,E:YHWH,Other Tanakh
258537,1426909,478689,Jeremiah,43,8,אל,prep,,C:divine-title-candidate,Other Tanakh
258538,1426909,478689,Jeremiah,43,8,ירמיהו,nmpr,pers,A:person-candidate,Other Tanakh
258540,1426909,478689,Jeremiah,43,8,תחפנחס,nmpr,topo,F:unclassified-name,Other Tanakh
258562,1426910,478693,Jeremiah,43,9,תחפנחס,nmpr,topo,F:unclassified-name,Other Tanakh
258569,1426911,478694,Jeremiah,43,10,אל,prep,,C:divine-title-candidate,Other Tanakh
258572,1426911,478695,Jeremiah,43,10,יהוה,nmpr,pers,E:YHWH,Other Tanakh
258574,1426911,478695,Jeremiah,43,10,אלהים,subs,,D:Elohim,Other Tanakh
258575,1426911,478695,Jeremiah,43,10,ישראל,nmpr,"pers,gens,topo",F:unclassified-name,Other Tanakh
258581,1426911,478697,Jeremiah,43,10,נבוכדראצר,nmpr,pers,A:person-candidate,Other Tanakh
258582,1426911,478697,Jeremiah,43,10,מלך,subs,,B:deity-candidate,Other Tanakh
258583,1426911,478697,Jeremiah,43,10,בבל,nmpr,topo,F:unclassified-name,Other Tanakh
258608,1426912,478702,Jeremiah,43,11,מצרים,nmpr,topo,F:unclassified-name,Other Tanakh
258637,1426913,478709,Jeremiah,43,12,אלהים,subs,,D:Elohim,Other Tanakh
258638,1426913,478709,Jeremiah,43,12,מצרים,nmpr,topo,F:unclassified-name,Other Tanakh
258647,1426913,478712,Jeremiah,43,12,מצרים,nmpr,topo,F:unclassified-name,Other Tanakh
258670,1426914,478716,Jeremiah,43,13,מצרים,nmpr,topo,F:unclassified-name,Other Tanakh
258674,1426914,478717,Jeremiah,43,13,אלהים,subs,,D:Elohim,Other Tanakh
258675,1426914,478717,Jeremiah,43,13,מצרים,nmpr,topo,F:unclassified-name,Other Tanakh
258684,1426915,478719,Jeremiah,44,1,אל,prep,,C:divine-title-candidate,Other Tanakh
258685,1426915,478719,Jeremiah,44,1,ירמיהו,nmpr,pers,A:person-candidate,Other Tanakh
258686,1426915,478718,Jeremiah,44,1,אל,prep,,C:divine-title-candidate,Other Tanakh
258694,1426915,478720,Jeremiah,44,1,מצרים,nmpr,topo,F:unclassified-name,Other Tanakh
258698,1426915,478721,Jeremiah,44,1,מגדל,nmpr,topo,F:unclassified-name,Other Tanakh
258701,1426915,478721,Jeremiah,44,1,תחפנחס,nmpr,topo,F:unclassified-name,Other Tanakh
258704,1426915,478721,Jeremiah,44,1,נף,nmpr,topo,F:unclassified-name,Other Tanakh
258708,1426915,478721,Jeremiah,44,1,פתרוס,nmpr,topo,F:unclassified-name,Other Tanakh
258713,1426916,478723,Jeremiah,44,2,יהוה,nmpr,pers,E:YHWH,Other Tanakh
258715,1426916,478723,Jeremiah,44,2,אלהים,subs,,D:Elohim,Other Tanakh
258716,1426916,478723,Jeremiah,44,2,ישראל,nmpr,"pers,gens,topo",F:unclassified-name,Other Tanakh
258726,1426916,478725,Jeremiah,44,2,ירושלם,nmpr,topo,F:unclassified-name,Other Tanakh
258731,1426916,478725,Jeremiah,44,2,יהודה,nmpr,"pers,gens,topo",F:unclassified-name,Other Tanakh
258757,1426917,478732,Jeremiah,44,3,אלהים,subs,,D:Elohim,Other Tanakh
258768,1426918,478735,Jeremiah,44,4,אל,prep,,C:divine-title-candidate,Other Tanakh
258779,1426918,478737,Jeremiah,44,4,אל,nega,,C:divine-title-candidate,Other Tanakh
258806,1426919,478742,Jeremiah,44,5,אלהים,subs,,D:Elohim,Other Tanakh
258817,1426920,478744,Jeremiah,44,6,יהודה,nmpr,"pers,gens,topo",F:unclassified-name,Other Tanakh
258821,1426920,478744,Jeremiah,44,6,ירושלם,nmpr,topo,F:unclassified-name,Other Tanakh
258837,1426921,478748,Jeremiah,44,7,יהוה,nmpr,pers,E:YHWH,Other Tanakh
258838,1426921,478748,Jeremiah,44,7,אלהים,subs,,D:Elohim,Other Tanakh
258840,1426921,478748,Jeremiah,44,7,אלהים,subs,,D:Elohim,Other Tanakh
258841,1426921,478748,Jeremiah,44,7,ישראל,nmpr,"pers,gens,topo",F:unclassified-name,Other Tanakh
258847,1426921,478749,Jeremiah,44,7,אל,prep,,C:divine-title-candidate,Other Tanakh
258860,1426921,478750,Jeremiah,44,7,יהודה,nmpr,"pers,gens,topo",F:unclassified-name,Other Tanakh
258874,1426922,478753,Jeremiah,44,8,אלהים,subs,,D:Elohim,Other Tanakh
258878,1426922,478753,Jeremiah,44,8,מצרים,nmpr,topo,F:unclassified-name,Other Tanakh
258909,1426923,478758,Jeremiah,44,9,מלך,subs,,B:deity-candidate,Other Tanakh
258910,1426923,478758,Jeremiah,44,9,יהודה,nmpr,"pers,gens,topo",F:unclassified-name,Other Tanakh
258926,1426923,478759,Jeremiah,44,9,יהודה,nmpr,"pers,gens,topo",F:unclassified-name,Other Tanakh
258930,1426923,478759,Jeremiah,44,9,ירושלם,nmpr,topo,F:unclassified-name,Other Tanakh
258960,1426925,478765,Jeremiah,44,11,יהוה,nmpr,pers,E:YHWH,Other Tanakh
258962,1426925,478765,Jeremiah,44,11,אלהים,subs,,D:Elohim,Other Tanakh
258963,1426925,478765,Jeremiah,44,11,ישראל,nmpr,"pers,gens,topo",F:unclassified-name,Other Tanakh
258975,1426925,478767,Jeremiah,44,11,יהודה,nmpr,"pers,gens,topo",F:unclassified-name,Other Tanakh
258980,1426926,478768,Jeremiah,44,12,יהודה,nmpr,"pers,gens,topo",F:unclassified-name,Other Tanakh
258987,1426926,478770,Jeremiah,44,12,מצרים,nmpr,topo,F:unclassified-name,Other Tanakh
258996,1426926,478773,Jeremiah,44,12,מצרים,nmpr,topo,F:unclassified-name,Other Tanakh
259037,1426927,478778,Jeremiah,44,13,מצרים,nmpr,topo,F:unclassified-name,Other Tanakh
259042,1426927,478779,Jeremiah,44,13,ירושלם,nmpr,topo,F:unclassified-name,Other Tanakh
259061,1426928,478780,Jeremiah,44,14,יהודה,nmpr,"pers,gens,topo",F:unclassified-name,Other Tanakh
259069,1426928,478782,Jeremiah,44,14,מצרים,nmpr,topo,F:unclassified-name,Other Tanakh
259074,1426928,478783,Jeremiah,44,14,יהודה,nmpr,"pers,gens,topo",F:unclassified-name,Other Tanakh
259094,1426929,478789,Jeremiah,44,15,ירמיהו,nmpr,pers,A:person-candidate,Other Tanakh
259104,1426929,478791,Jeremiah,44,15,אלהים,subs,,D:Elohim,Other Tanakh
259122,1426929,478793,Jeremiah,44,15,מצרים,nmpr,topo,F:unclassified-name,Other Tanakh
259124,1426929,478793,Jeremiah,44,15,פתרוס,nmpr,topo,F:unclassified-name,Other Tanakh
259131,1426930,478796,Jeremiah,44,16,אל,prep,,C:divine-title-candidate,Other Tanakh
259134,1426930,478796,Jeremiah,44,16,יהוה,nmpr,pers,E:YHWH,Other Tanakh
259137,1426930,478797,Jeremiah,44,16,אל,prep,,C:divine-title-candidate,Other Tanakh
259165,1426931,478802,Jeremiah,44,17,מלך,subs,,B:deity-candidate,Other Tanakh
259170,1426931,478802,Jeremiah,44,17,יהודה,nmpr,"pers,gens,topo",F:unclassified-name,Other Tanakh
259174,1426931,478802,Jeremiah,44,17,ירושלם,nmpr,topo,F:unclassified-name,Other Tanakh
259238,1426934,478816,Jeremiah,44,20,ירמיהו,nmpr,pers,A:person-candidate,Other Tanakh
259239,1426934,478816,Jeremiah,44,20,אל,prep,,C:divine-title-candidate,Other Tanakh
259270,1426935,478820,Jeremiah,44,21,יהודה,nmpr,"pers,gens,topo",F:unclassified-name,Other Tanakh
259274,1426935,478820,Jeremiah,44,21,ירושלם,nmpr,topo,F:unclassified-name,Other Tanakh
259278,1426935,478820,Jeremiah,44,21,מלך,subs,,B:deity-candidate,Other Tanakh
259287,1426935,478821,Jeremiah,44,21,יהוה,nmpr,pers,E:YHWH,Other Tanakh
259295,1426936,478823,Jeremiah,44,22,יהוה,nmpr,pers,E:YHWH,Other Tanakh
259336,1426937,478828,Jeremiah,44,23,יהוה,nmpr,pers,E:YHWH,Other Tanakh
259342,1426937,478829,Jeremiah,44,23,יהוה,nmpr,pers,E:YHWH,Other Tanakh
259369,1426938,478832,Jeremiah,44,24,ירמיהו,nmpr,pers,A:person-candidate,Other Tanakh
259370,1426938,478832,Jeremiah,44,24,אל,prep,,C:divine-title-candidate,Other Tanakh
259375,1426938,478832,Jeremiah,44,24,אל,prep,,C:divine-title-candidate,Other Tanakh
259381,1426938,478833,Jeremiah,44,24,יהוה,nmpr,pers,E:YHWH,Other Tanakh
259383,1426938,478834,Jeremiah,44,24,יהודה,nmpr,"pers,gens,topo",F:unclassified-name,Other Tanakh
259387,1426938,478835,Jeremiah,44,24,מצרים,nmpr,topo,F:unclassified-name,Other Tanakh
259390,1426939,478836,Jeremiah,44,25,יהוה,nmpr,pers,E:YHWH,Other Tanakh
259392,1426939,478836,Jeremiah,44,25,אלהים,subs,,D:Elohim,Other Tanakh
259393,1426939,478836,Jeremiah,44,25,ישראל,nmpr,"pers,gens,topo",F:unclassified-name,Other Tanakh
259438,1426940,478848,Jeremiah,44,26,יהוה,nmpr,pers,E:YHWH,Other Tanakh
259440,1426940,478849,Jeremiah,44,26,יהודה,nmpr,"pers,gens,topo",F:unclassified-name,Other Tanakh
259445,1426940,478850,Jeremiah,44,26,מצרים,nmpr,topo,F:unclassified-name,Other Tanakh
259453,1426940,478852,Jeremiah,44,26,יהוה,nmpr,pers,E:YHWH,Other Tanakh
259463,1426940,478854,Jeremiah,44,26,יהודה,nmpr,"pers,gens,topo",F:unclassified-name,Other Tanakh
259466,1426940,478856,Jeremiah,44,26,אדני,nmpr,pers,C:divine-title-candidate,Other Tanakh
259467,1426940,478856,Jeremiah,44,26,יהוה,nmpr,pers,E:YHWH,Other Tanakh
259471,1426940,478854,Jeremiah,44,26,מצרים,nmpr,topo,F:unclassified-name,Other Tanakh
259485,1426941,478859,Jeremiah,44,27,יהודה,nmpr,"pers,gens,topo",F:unclassified-name,Other Tanakh
259489,1426941,478860,Jeremiah,44,27,מצרים,nmpr,topo,F:unclassified-name,Other Tanakh
259505,1426942,478862,Jeremiah,44,28,מצרים,nmpr,topo,F:unclassified-name,Other Tanakh
259507,1426942,478862,Jeremiah,44,28,יהודה,nmpr,"pers,gens,topo",F:unclassified-name,Other Tanakh
259514,1426942,478863,Jeremiah,44,28,יהודה,nmpr,"pers,gens,topo",F:unclassified-name,Other Tanakh
259519,1426942,478864,Jeremiah,44,28,מצרים,nmpr,topo,F:unclassified-name,Other Tanakh
259535,1426943,478868,Jeremiah,44,29,יהוה,nmpr,pers,E:YHWH,Other Tanakh
259556,1426944,478872,Jeremiah,44,30,יהוה,nmpr,pers,E:YHWH,Other Tanakh
259561,1426944,478873,Jeremiah,44,30,חפרע,nmpr,pers,A:person-candidate,Other Tanakh
259562,1426944,478873,Jeremiah,44,30,מלך,subs,,B:deity-candidate,Other Tanakh
259563,1426944,478873,Jeremiah,44,30,מצרים,nmpr,topo,F:unclassified-name,Other Tanakh
259576,1426944,478874,Jeremiah,44,30,צדקיהו,nmpr,pers,A:person-candidate,Other Tanakh
259577,1426944,478874,Jeremiah,44,30,מלך,subs,,B:deity-candidate,Other Tanakh
259578,1426944,478874,Jeremiah,44,30,יהודה,nmpr,"pers,gens,topo",F:unclassified-name,Other Tanakh
259581,1426944,478874,Jeremiah,44,30,נבוכדראצר,nmpr,pers,A:person-candidate,Other Tanakh
259582,1426944,478874,Jeremiah,44,30,מלך,subs,,B:deity-candidate,Other Tanakh
259583,1426944,478874,Jeremiah,44,30,בבל,nmpr,topo,F:unclassified-name,Other Tanakh
259592,1426945,478876,Jeremiah,45,1,ירמיהו,nmpr,pers,A:person-candidate,Other Tanakh
259595,1426945,478876,Jeremiah,45,1,אל,prep,,C:divine-title-candidate,Other Tanakh
259596,1426945,478876,Jeremiah,45,1,ברוך,nmpr,pers,A:person-candidate,Other Tanakh
259598,1426945,478876,Jeremiah,45,1,נריה,nmpr,pers,A:person-candidate,Other Tanakh
259610,1426945,478877,Jeremiah,45,1,ירמיהו,nmpr,pers,A:person-candidate,Other Tanakh
259617,1426945,478877,Jeremiah,45,1,יהויקים,nmpr,pers,A:person-candidate,Other Tanakh
259619,1426945,478877,Jeremiah,45,1,יאשיהו,nmpr,pers,A:person-candidate,Other Tanakh
259620,1426945,478877,Jeremiah,45,1,מלך,subs,,B:deity-candidate,Other Tanakh
259621,1426945,478877,Jeremiah,45,1,יהודה,nmpr,"pers,gens,topo",F:unclassified-name,Other Tanakh
259626,1426946,478879,Jeremiah,45,2,יהוה,nmpr,pers,E:YHWH,Other Tanakh
259627,1426946,478879,Jeremiah,45,2,אלהים,subs,,D:Elohim,Other Tanakh
259628,1426946,478879,Jeremiah,45,2,ישראל,nmpr,"pers,gens,topo",F:unclassified-name,Other Tanakh
259630,1426946,478880,Jeremiah,45,2,ברוך,nmpr,pers,A:person-candidate,Other Tanakh
259637,1426947,478883,Jeremiah,45,3,יהוה,nmpr,pers,E:YHWH,Other Tanakh
259650,1426948,478886,Jeremiah,45,4,אל,prep,,C:divine-title-candidate,Other Tanakh
259653,1426948,478887,Jeremiah,45,4,יהוה,nmpr,pers,E:YHWH,Other Tanakh
259676,1426949,478895,Jeremiah,45,5,אל,nega,,C:divine-title-candidate,Other Tanakh
259686,1426949,478897,Jeremiah,45,5,יהוה,nmpr,pers,E:YHWH,Other Tanakh
259704,1426950,478900,Jeremiah,46,1,יהוה,nmpr,pers,E:YHWH,Other Tanakh
259705,1426950,478900,Jeremiah,46,1,אל,prep,,C:divine-title-candidate,Other Tanakh
259706,1426950,478900,Jeremiah,46,1,ירמיהו,nmpr,pers,A:person-candidate,Other Tanakh
259713,1426951,478901,Jeremiah,46,2,מצרים,nmpr,topo,F:unclassified-name,Other Tanakh
259717,1426951,478901,Jeremiah,46,2,נכו,nmpr,pers,A:person-candidate,Other Tanakh
259718,1426951,478901,Jeremiah,46,2,מלך,subs,,B:deity-candidate,Other Tanakh
259719,1426951,478901,Jeremiah,46,2,מצרים,nmpr,topo,F:unclassified-name,Other Tanakh
259724,1426951,478902,Jeremiah,46,2,פרת,nmpr,topo,F:unclassified-name,Other Tanakh
259726,1426951,478902,Jeremiah,46,2,כרכמיש,nmpr,topo,F:unclassified-name,Other Tanakh
259729,1426951,478903,Jeremiah,46,2,נבוכדראצר,nmpr,pers,A:person-candidate,Other Tanakh
259730,1426951,478903,Jeremiah,46,2,מלך,subs,,B:deity-candidate,Other Tanakh
259731,1426951,478903,Jeremiah,46,2,בבל,nmpr,topo,F:unclassified-name,Other Tanakh
259737,1426951,478903,Jeremiah,46,2,יהויקים,nmpr,pers,A:person-candidate,Other Tanakh
259739,1426951,478903,Jeremiah,46,2,יאשיהו,nmpr,pers,A:person-candidate,Other Tanakh
259740,1426951,478903,Jeremiah,46,2,מלך,subs,,B:deity-candidate,Other Tanakh
259741,1426951,478903,Jeremiah,46,2,יהודה,nmpr,"pers,gens,topo",F:unclassified-name,Other Tanakh
259787,1426954,478919,Jeremiah,46,5,יהוה,nmpr,pers,E:YHWH,Other Tanakh
259788,1426955,478920,Jeremiah,46,6,אל,nega,,C:divine-title-candidate,Other Tanakh
259793,1426955,478921,Jeremiah,46,6,אל,nega,,C:divine-title-candidate,Other Tanakh
259801,1426955,478922,Jeremiah,46,6,פרת,nmpr,topo,F:unclassified-name,Other Tanakh
259809,1426956,478924,Jeremiah,46,7,יאר,nmpr,topo,F:unclassified-name,Other Tanakh
259816,1426957,478926,Jeremiah,46,8,מצרים,nmpr,topo,F:unclassified-name,Other Tanakh
259819,1426957,478926,Jeremiah,46,8,יאר,nmpr,topo,F:unclassified-name,Other Tanakh
259848,1426958,478938,Jeremiah,46,9,כוש,nmpr,topo,F:unclassified-name,Other Tanakh
259850,1426958,478938,Jeremiah,46,9,פוט,nmpr,gens,F:unclassified-name,Other Tanakh
259854,1426958,478938,Jeremiah,46,9,לודים,nmpr,gens,F:unclassified-name,Other Tanakh
259864,1426959,478939,Jeremiah,46,10,אדני,nmpr,pers,C:divine-title-candidate,Other Tanakh
259865,1426959,478939,Jeremiah,46,10,יהוה,nmpr,pers,E:YHWH,Other Tanakh
259885,1426959,478945,Jeremiah,46,10,אדני,nmpr,pers,C:divine-title-candidate,Other Tanakh
259886,1426959,478945,Jeremiah,46,10,יהוה,nmpr,pers,E:YHWH,Other Tanakh
259891,1426959,478945,Jeremiah,46,10,אל,prep,,C:divine-title-candidate,Other Tanakh
259893,1426959,478945,Jeremiah,46,10,פרת,nmpr,topo,F:unclassified-name,Other Tanakh
259895,1426960,478946,Jeremiah,46,11,גלעד,nmpr,topo,F:unclassified-name,Other Tanakh
259901,1426960,478948,Jeremiah,46,11,מצרים,nmpr,topo,F:unclassified-name,Other Tanakh
259930,1426962,478956,Jeremiah,46,13,יהוה,nmpr,pers,E:YHWH,Other Tanakh
259931,1426962,478956,Jeremiah,46,13,אל,prep,,C:divine-title-candidate,Other Tanakh
259932,1426962,478956,Jeremiah,46,13,ירמיהו,nmpr,pers,A:person-candidate,Other Tanakh
259937,1426962,478957,Jeremiah,46,13,נבוכדראצר,nmpr,pers,A:person-candidate,Other Tanakh
259938,1426962,478957,Jeremiah,46,13,מלך,subs,,B:deity-candidate,Other Tanakh
259939,1426962,478957,Jeremiah,46,13,בבל,nmpr,topo,F:unclassified-name,Other Tanakh
259944,1426962,478958,Jeremiah,46,13,מצרים,nmpr,topo,F:unclassified-name,Other Tanakh
259947,1426963,478959,Jeremiah,46,14,מצרים,nmpr,topo,F:unclassified-name,Other Tanakh
259951,1426963,478960,Jeremiah,46,14,מגדל,nmpr,topo,F:unclassified-name,Other Tanakh
259955,1426963,478961,Jeremiah,46,14,נף,nmpr,topo,F:unclassified-name,Other Tanakh
259958,1426963,478961,Jeremiah,46,14,תחפנחס,nmpr,topo,F:unclassified-name,Other Tanakh
259974,1426964,478968,Jeremiah,46,15,יהוה,nmpr,pers,E:YHWH,Other Tanakh
259981,1426965,478970,Jeremiah,46,16,אל,prep,,C:divine-title-candidate,Other Tanakh
259988,1426965,478973,Jeremiah,46,16,אל,prep,,C:divine-title-candidate,Other Tanakh
259991,1426965,478973,Jeremiah,46,16,אל,prep,,C:divine-title-candidate,Other Tanakh
260002,1426966,478975,Jeremiah,46,17,מלך,subs,,B:deity-candidate,Other Tanakh
260003,1426966,478975,Jeremiah,46,17,מצרים,nmpr,topo,F:unclassified-name,Other Tanakh
260012,1426967,478978,Jeremiah,46,18,מלך,subs,,B:deity-candidate,Other Tanakh
260013,1426967,478979,Jeremiah,46,18,יהוה,nmpr,pers,E:YHWH,Other Tanakh
260018,1426967,478980,Jeremiah,46,18,תבור,nmpr,topo,F:unclassified-name,Other Tanakh
260024,1426967,478980,Jeremiah,46,18,כרמל,nmpr,topo,F:unclassified-name,Other Tanakh
260035,1426968,478982,Jeremiah,46,19,מצרים,nmpr,topo,F:unclassified-name,Other Tanakh
260037,1426968,478983,Jeremiah,46,19,נף,nmpr,topo,F:unclassified-name,Other Tanakh
260049,1426969,478985,Jeremiah,46,20,מצרים,nmpr,topo,F:unclassified-name,Other Tanakh
260097,1426972,478997,Jeremiah,46,23,יהוה,nmpr,pers,E:YHWH,Other Tanakh
260111,1426973,479001,Jeremiah,46,24,מצרים,nmpr,topo,F:unclassified-name,Other Tanakh
260118,1426974,479003,Jeremiah,46,25,יהוה,nmpr,pers,E:YHWH,Other Tanakh
260120,1426974,479003,Jeremiah,46,25,אלהים,subs,,D:Elohim,Other Tanakh
260121,1426974,479003,Jeremiah,46,25,ישראל,nmpr,"pers,gens,topo",F:unclassified-name,Other Tanakh
260124,1426974,479004,Jeremiah,46,25,אל,prep,,C:divine-title-candidate,Other Tanakh
260125,1426974,479004,Jeremiah,46,25,אמון,nmpr,pers,A:person-candidate,Other Tanakh
260127,1426974,479004,Jeremiah,46,25,נא,nmpr,topo,F:unclassified-name,Other Tanakh
260133,1426974,479004,Jeremiah,46,25,מצרים,nmpr,topo,F:unclassified-name,Other Tanakh
260136,1426974,479004,Jeremiah,46,25,אלהים,subs,,D:Elohim,Other Tanakh
260139,1426974,479004,Jeremiah,46,25,מלך,subs,,B:deity-candidate,Other Tanakh
260157,1426975,479006,Jeremiah,46,26,נבוכדראצר,nmpr,pers,A:person-candidate,Other Tanakh
260158,1426975,479006,Jeremiah,46,26,מלך,subs,,B:deity-candidate,Other Tanakh
260159,1426975,479006,Jeremiah,46,26,בבל,nmpr,topo,F:unclassified-name,Other Tanakh
260172,1426975,479008,Jeremiah,46,26,יהוה,nmpr,pers,E:YHWH,Other Tanakh
260175,1426976,479009,Jeremiah,46,27,אל,nega,,C:divine-title-candidate,Other Tanakh
260178,1426976,479010,Jeremiah,46,27,יעקב,nmpr,pers,A:person-candidate,Other Tanakh
260180,1426976,479011,Jeremiah,46,27,אל,nega,,C:divine-title-candidate,Other Tanakh
260182,1426976,479012,Jeremiah,46,27,ישראל,nmpr,"pers,gens,topo",F:unclassified-name,Other Tanakh
260196,1426976,479015,Jeremiah,46,27,יעקב,nmpr,pers,A:person-candidate,Other Tanakh
260205,1426977,479019,Jeremiah,46,28,אל,nega,,C:divine-title-candidate,Other Tanakh
260208,1426977,479020,Jeremiah,46,28,יעקב,nmpr,pers,A:person-candidate,Other Tanakh
260210,1426977,479021,Jeremiah,46,28,יהוה,nmpr,pers,E:YHWH,Other Tanakh
260241,1426978,479028,Jeremiah,47,1,יהוה,nmpr,pers,E:YHWH,Other Tanakh
260242,1426978,479028,Jeremiah,47,1,אל,prep,,C:divine-title-candidate,Other Tanakh
260243,1426978,479028,Jeremiah,47,1,ירמיהו,nmpr,pers,A:person-candidate,Other Tanakh
260246,1426978,479028,Jeremiah,47,1,אל,prep,,C:divine-title-candidate,Other Tanakh
260253,1426978,479029,Jeremiah,47,1,עזה,nmpr,topo,F:unclassified-name,Other Tanakh
260256,1426979,479030,Jeremiah,47,2,יהוה,nmpr,pers,E:YHWH,Other Tanakh
260300,1426980,479037,Jeremiah,47,3,אל,prep,,C:divine-title-candidate,Other Tanakh
260318,1426981,479041,Jeremiah,47,4,צר,nmpr,topo,F:unclassified-name,Other Tanakh
260321,1426981,479041,Jeremiah,47,4,צידון,nmpr,topo,F:unclassified-name,Other Tanakh
260327,1426981,479042,Jeremiah,47,4,יהוה,nmpr,pers,E:YHWH,Other Tanakh
260332,1426981,479042,Jeremiah,47,4,כפתור,nmpr,topo,F:unclassified-name,Other Tanakh
260335,1426982,479043,Jeremiah,47,5,אל,prep,,C:divine-title-candidate,Other Tanakh
260336,1426982,479043,Jeremiah,47,5,עזה,nmpr,topo,F:unclassified-name,Other Tanakh
260338,1426982,479044,Jeremiah,47,5,אשקלון,nmpr,topo,F:unclassified-name,Other Tanakh
260347,1426983,479048,Jeremiah,47,6,יהוה,nmpr,pers,E:YHWH,Other Tanakh
260353,1426983,479050,Jeremiah,47,6,אל,prep,,C:divine-title-candidate,Other Tanakh
260361,1426984,479054,Jeremiah,47,7,יהוה,nmpr,pers,E:YHWH,Other Tanakh
260364,1426984,479054,Jeremiah,47,7,אל,prep,,C:divine-title-candidate,Other Tanakh
260365,1426984,479054,Jeremiah,47,7,אשקלון,nmpr,topo,F:unclassified-name,Other Tanakh
260367,1426984,479054,Jeremiah,47,7,אל,prep,,C:divine-title-candidate,Other Tanakh
260374,1426985,479056,Jeremiah,48,1,מואב,nmpr,"pers,gens,topo",F:unclassified-name,Other Tanakh
260377,1426985,479057,Jeremiah,48,1,יהוה,nmpr,pers,E:YHWH,Other Tanakh
260379,1426985,479057,Jeremiah,48,1,אלהים,subs,,D:Elohim,Other Tanakh
260380,1426985,479057,Jeremiah,48,1,ישראל,nmpr,"pers,gens,topo",F:unclassified-name,Other Tanakh
260382,1426985,479058,Jeremiah,48,1,אל,prep,,C:divine-title-candidate,Other Tanakh
260383,1426985,479058,Jeremiah,48,1,נבו,nmpr,topo,F:unclassified-name,Other Tanakh
260388,1426985,479061,Jeremiah,48,1,קריתים,nmpr,topo,F:unclassified-name,Other Tanakh
260397,1426986,479064,Jeremiah,48,2,מואב,nmpr,"pers,gens,topo",F:unclassified-name,Other Tanakh
260399,1426986,479064,Jeremiah,48,2,חשבון,nmpr,topo,F:unclassified-name,Other Tanakh
260409,1426986,479068,Jeremiah,48,2,מדמן,nmpr,topo,F:unclassified-name,Other Tanakh
260417,1426987,479071,Jeremiah,48,3,חרונים,nmpr,topo,F:unclassified-name,Other Tanakh
260423,1426988,479073,Jeremiah,48,4,מואב,nmpr,"pers,gens,topo",F:unclassified-name,Other Tanakh
260430,1426989,479075,Jeremiah,48,5,לוחית,nmpr,topo,F:unclassified-name,Other Tanakh
260438,1426989,479076,Jeremiah,48,5,חרונים,nmpr,topo,F:unclassified-name,Other Tanakh
260466,1426991,479082,Jeremiah,48,7,כמוש,nmpr,pers,B:deity-candidate,Other Tanakh
260477,1426992,479084,Jeremiah,48,8,אל,prep,,C:divine-title-candidate,Other Tanakh
260494,1426992,479088,Jeremiah,48,8,יהוה,nmpr,pers,E:YHWH,Other Tanakh
260498,1426993,479089,Jeremiah,48,9,מואב,nmpr,"pers,gens,topo",F:unclassified-name,Other Tanakh
260514,1426994,479094,Jeremiah,48,10,יהוה,nmpr,pers,E:YHWH,Other Tanakh
260523,1426995,479097,Jeremiah,48,11,מואב,nmpr,"pers,gens,topo",F:unclassified-name,Other Tanakh
260529,1426995,479098,Jeremiah,48,11,אל,prep,,C:divine-title-candidate,Other Tanakh
260536,1426995,479099,Jeremiah,48,11,אל,prep,,C:divine-title-candidate,Other Tanakh
260558,1426996,479105,Jeremiah,48,12,יהוה,nmpr,pers,E:YHWH,Other Tanakh
260573,1426997,479110,Jeremiah,48,13,מואב,nmpr,"pers,gens,topo",F:unclassified-name,Other Tanakh
260575,1426997,479110,Jeremiah,48,13,כמוש,nmpr,pers,B:deity-candidate,Other Tanakh
260580,1426997,479111,Jeremiah,48,13,ישראל,nmpr,"pers,gens,topo",F:unclassified-name,Other Tanakh
260582,1426997,479111,Jeremiah,48,13,בית אל,nmpr,topo,F:unclassified-name,Other Tanakh
260595,1426999,479115,Jeremiah,48,15,מואב,nmpr,"pers,gens,topo",F:unclassified-name,Other Tanakh
260608,1426999,479118,Jeremiah,48,15,מלך,subs,,B:deity-candidate,Other Tanakh
260609,1426999,479119,Jeremiah,48,15,יהוה,nmpr,pers,E:YHWH,Other Tanakh
260614,1427000,479120,Jeremiah,48,16,מואב,nmpr,"pers,gens,topo",F:unclassified-name,Other Tanakh
260646,1427002,479130,Jeremiah,48,18,דיבן,nmpr,topo,F:unclassified-name,Other Tanakh
260649,1427002,479131,Jeremiah,48,18,מואב,nmpr,"pers,gens,topo",F:unclassified-name,Other Tanakh
260654,1427003,479133,Jeremiah,48,19,אל,prep,,C:divine-title-candidate,Other Tanakh
260660,1427003,479135,Jeremiah,48,19,ערוער,nmpr,topo,F:unclassified-name,Other Tanakh
260669,1427004,479139,Jeremiah,48,20,מואב,nmpr,"pers,gens,topo",F:unclassified-name,Other Tanakh
260677,1427004,479143,Jeremiah,48,20,ארנון,nmpr,topo,F:unclassified-name,Other Tanakh
260680,1427004,479144,Jeremiah,48,20,מואב,nmpr,"pers,gens,topo",F:unclassified-name,Other Tanakh
260684,1427005,479145,Jeremiah,48,21,אל,prep,,C:divine-title-candidate,Other Tanakh
260688,1427005,479145,Jeremiah,48,21,אל,prep,,C:divine-title-candidate,Other Tanakh
260689,1427005,479145,Jeremiah,48,21,חלן,nmpr,topo,F:unclassified-name,Other Tanakh
260691,1427005,479145,Jeremiah,48,21,אל,prep,,C:divine-title-candidate,Other Tanakh
260692,1427005,479145,Jeremiah,48,21,יהצה,nmpr,topo,F:unclassified-name,Other Tanakh
260695,1427005,479145,Jeremiah,48,21,מיפעת,nmpr,topo,F:unclassified-name,Other Tanakh
260698,1427006,479146,Jeremiah,48,22,דיבן,nmpr,topo,F:unclassified-name,Other Tanakh
260701,1427006,479146,Jeremiah,48,22,נבו,nmpr,topo,F:unclassified-name,Other Tanakh
260704,1427006,479146,Jeremiah,48,22,בית דבלתים,nmpr,topo,F:unclassified-name,Other Tanakh
260707,1427007,479147,Jeremiah,48,23,קריתים,nmpr,topo,F:unclassified-name,Other Tanakh
260710,1427007,479147,Jeremiah,48,23,בית גמול,nmpr,topo,F:unclassified-name,Other Tanakh
260713,1427007,479147,Jeremiah,48,23,בית מעון,nmpr,topo,F:unclassified-name,Other Tanakh
260716,1427008,479148,Jeremiah,48,24,קריות,nmpr,topo,F:unclassified-name,Other Tanakh
260719,1427008,479148,Jeremiah,48,24,בצרה,nmpr,topo,F:unclassified-name,Other Tanakh
260725,1427008,479148,Jeremiah,48,24,מואב,nmpr,"pers,gens,topo",F:unclassified-name,Other Tanakh
260733,1427009,479149,Jeremiah,48,25,מואב,nmpr,"pers,gens,topo",F:unclassified-name,Other Tanakh
260738,1427009,479151,Jeremiah,48,25,יהוה,nmpr,pers,E:YHWH,Other Tanakh
260742,1427010,479153,Jeremiah,48,26,יהוה,nmpr,pers,E:YHWH,Other Tanakh
260746,1427010,479154,Jeremiah,48,26,מואב,nmpr,"pers,gens,topo",F:unclassified-name,Other Tanakh
260762,1427011,479156,Jeremiah,48,27,ישראל,nmpr,"pers,gens,topo",F:unclassified-name,Other Tanakh
260781,1427012,479161,Jeremiah,48,28,מואב,nmpr,"pers,gens,topo",F:unclassified-name,Other Tanakh
260793,1427013,479165,Jeremiah,48,29,מואב,nmpr,"pers,gens,topo",F:unclassified-name,Other Tanakh
260807,1427014,479168,Jeremiah,48,30,יהוה,nmpr,pers,E:YHWH,Other Tanakh
260819,1427015,479171,Jeremiah,48,31,מואב,nmpr,"pers,gens,topo",F:unclassified-name,Other Tanakh
260823,1427015,479172,Jeremiah,48,31,מואב,nmpr,"pers,gens,topo",F:unclassified-name,Other Tanakh
260826,1427015,479173,Jeremiah,48,31,אל,prep,,C:divine-title-candidate,Other Tanakh
260828,1427015,479173,Jeremiah,48,31,קיר חרש,nmpr,topo,F:unclassified-name,Other Tanakh
260832,1427016,479174,Jeremiah,48,32,יעזר,nmpr,topo,F:unclassified-name,Other Tanakh
260837,1427016,479175,Jeremiah,48,32,שבמה,nmpr,topo,F:unclassified-name,Other Tanakh
260843,1427016,479177,Jeremiah,48,32,יעזר,nmpr,topo,F:unclassified-name,Other Tanakh
260862,1427017,479179,Jeremiah,48,33,מואב,nmpr,"pers,gens,topo",F:unclassified-name,Other Tanakh
260876,1427018,479183,Jeremiah,48,34,חשבון,nmpr,topo,F:unclassified-name,Other Tanakh
260878,1427018,479183,Jeremiah,48,34,אלעלה,nmpr,topo,F:unclassified-name,Other Tanakh
260880,1427018,479183,Jeremiah,48,34,יהץ,nmpr,topo,F:unclassified-name,Other Tanakh
260884,1427018,479184,Jeremiah,48,34,צער,nmpr,topo,F:unclassified-name,Other Tanakh
260886,1427018,479184,Jeremiah,48,34,חרונים,nmpr,topo,F:unclassified-name,Other Tanakh
260887,1427018,479184,Jeremiah,48,34,עגלת שלשיה,nmpr,topo,F:unclassified-name,Other Tanakh
260891,1427018,479185,Jeremiah,48,34,נמרים,nmpr,topo,F:unclassified-name,Other Tanakh
260898,1427019,479186,Jeremiah,48,35,מואב,nmpr,"pers,gens,topo",F:unclassified-name,Other Tanakh
260900,1427019,479187,Jeremiah,48,35,יהוה,nmpr,pers,E:YHWH,Other Tanakh
260906,1427019,479189,Jeremiah,48,35,אלהים,subs,,D:Elohim,Other Tanakh
260911,1427020,479190,Jeremiah,48,36,מואב,nmpr,"pers,gens,topo",F:unclassified-name,Other Tanakh
260917,1427020,479191,Jeremiah,48,36,אל,prep,,C:divine-title-candidate,Other Tanakh
260919,1427020,479191,Jeremiah,48,36,קיר חרש,nmpr,topo,F:unclassified-name,Other Tanakh
260947,1427022,479198,Jeremiah,48,38,מואב,nmpr,"pers,gens,topo",F:unclassified-name,Other Tanakh
260956,1427022,479199,Jeremiah,48,38,מואב,nmpr,"pers,gens,topo",F:unclassified-name,Other Tanakh
260963,1427022,479201,Jeremiah,48,38,יהוה,nmpr,pers,E:YHWH,Other Tanakh
260970,1427023,479204,Jeremiah,48,39,מואב,nmpr,"pers,gens,topo",F:unclassified-name,Other Tanakh
260974,1427023,479206,Jeremiah,48,39,מואב,nmpr,"pers,gens,topo",F:unclassified-name,Other Tanakh
260986,1427024,479207,Jeremiah,48,40,יהוה,nmpr,pers,E:YHWH,Other Tanakh
260995,1427024,479209,Jeremiah,48,40,אל,prep,,C:divine-title-candidate,Other Tanakh
260996,1427024,479209,Jeremiah,48,40,מואב,nmpr,"pers,gens,topo",F:unclassified-name,Other Tanakh
261008,1427025,479212,Jeremiah,48,41,מואב,nmpr,"pers,gens,topo",F:unclassified-name,Other Tanakh
261020,1427026,479213,Jeremiah,48,42,מואב,nmpr,"pers,gens,topo",F:unclassified-name,Other Tanakh
261025,1427026,479214,Jeremiah,48,42,יהוה,nmpr,pers,E:YHWH,Other Tanakh
261034,1427027,479216,Jeremiah,48,43,מואב,nmpr,"pers,gens,topo",F:unclassified-name,Other Tanakh
261036,1427027,479217,Jeremiah,48,43,יהוה,nmpr,pers,E:YHWH,Other Tanakh
261044,1427028,479219,Jeremiah,48,44,אל,prep,,C:divine-title-candidate,Other Tanakh
261059,1427028,479222,Jeremiah,48,44,אל,prep,,C:divine-title-candidate,Other Tanakh
261060,1427028,479222,Jeremiah,48,44,אל,prep,,C:divine-title-candidate,Other Tanakh
261061,1427028,479222,Jeremiah,48,44,מואב,nmpr,"pers,gens,topo",F:unclassified-name,Other Tanakh
261065,1427028,479223,Jeremiah,48,44,יהוה,nmpr,pers,E:YHWH,Other Tanakh
261068,1427029,479224,Jeremiah,48,45,חשבון,nmpr,topo,F:unclassified-name,Other Tanakh
261077,1427029,479226,Jeremiah,48,45,חשבון,nmpr,topo,F:unclassified-name,Other Tanakh
261082,1427029,479227,Jeremiah,48,45,סיחון,nmpr,pers,A:person-candidate,Other Tanakh
261086,1427029,479228,Jeremiah,48,45,מואב,nmpr,"pers,gens,topo",F:unclassified-name,Other Tanakh
261093,1427030,479230,Jeremiah,48,46,מואב,nmpr,"pers,gens,topo",F:unclassified-name,Other Tanakh
261096,1427030,479231,Jeremiah,48,46,כמוש,nmpr,pers,B:deity-candidate,Other Tanakh
261111,1427031,479234,Jeremiah,48,47,מואב,nmpr,"pers,gens,topo",F:unclassified-name,Other Tanakh
261117,1427031,479235,Jeremiah,48,47,יהוה,nmpr,pers,E:YHWH,Other Tanakh
261121,1427031,479236,Jeremiah,48,47,מואב,nmpr,"pers,gens,topo",F:unclassified-name,Other Tanakh
261124,1427032,479237,Jeremiah,49,1,עמון,nmpr,gens,F:unclassified-name,Other Tanakh
261127,1427032,479238,Jeremiah,49,1,יהוה,nmpr,pers,E:YHWH,Other Tanakh
261132,1427032,479239,Jeremiah,49,1,ישראל,nmpr,"pers,gens,topo",F:unclassified-name,Other Tanakh
261139,1427032,479241,Jeremiah,49,1,מלכם,nmpr,pers,B:deity-candidate,Other Tanakh
261141,1427032,479241,Jeremiah,49,1,גד,nmpr,"pers,gens,topo",B:deity-candidate,Other Tanakh
261152,1427033,479245,Jeremiah,49,2,יהוה,nmpr,pers,E:YHWH,Other Tanakh
261155,1427033,479246,Jeremiah,49,2,אל,prep,,C:divine-title-candidate,Other Tanakh
261156,1427033,479246,Jeremiah,49,2,רבה,nmpr,topo,F:unclassified-name,Other Tanakh
261158,1427033,479246,Jeremiah,49,2,עמון,nmpr,gens,F:unclassified-name,Other Tanakh
261174,1427033,479249,Jeremiah,49,2,ישראל,nmpr,"pers,gens,topo",F:unclassified-name,Other Tanakh
261178,1427033,479250,Jeremiah,49,2,יהוה,nmpr,pers,E:YHWH,Other Tanakh
261180,1427034,479252,Jeremiah,49,3,חשבון,nmpr,topo,F:unclassified-name,Other Tanakh
261183,1427034,479253,Jeremiah,49,3,עי,nmpr,topo,F:unclassified-name,Other Tanakh
261186,1427034,479255,Jeremiah,49,3,רבה,nmpr,topo,F:unclassified-name,Other Tanakh
261196,1427034,479259,Jeremiah,49,3,מלכם,nmpr,pers,B:deity-candidate,Other Tanakh
261222,1427035,479265,Jeremiah,49,4,אל,prep,,C:divine-title-candidate,Other Tanakh
261228,1427036,479267,Jeremiah,49,5,אדני,nmpr,pers,C:divine-title-candidate,Other Tanakh
261229,1427036,479267,Jeremiah,49,5,יהוה,nmpr,pers,E:YHWH,Other Tanakh
261252,1427037,479271,Jeremiah,49,6,עמון,nmpr,gens,F:unclassified-name,Other Tanakh
261254,1427037,479272,Jeremiah,49,6,יהוה,nmpr,pers,E:YHWH,Other Tanakh
261256,1427038,479273,Jeremiah,49,7,אדום,nmpr,topo,F:unclassified-name,Other Tanakh
261259,1427038,479274,Jeremiah,49,7,יהוה,nmpr,pers,E:YHWH,Other Tanakh
261266,1427038,479275,Jeremiah,49,7,תימן,nmpr,topo,F:unclassified-name,Other Tanakh
261279,1427039,479282,Jeremiah,49,8,דדן,nmpr,topo,F:unclassified-name,Other Tanakh
261282,1427039,479283,Jeremiah,49,8,עשו,nmpr,pers,A:person-candidate,Other Tanakh
261305,1427041,479290,Jeremiah,49,10,עשו,nmpr,pers,A:person-candidate,Other Tanakh
261332,1427043,479299,Jeremiah,49,12,יהוה,nmpr,pers,E:YHWH,Other Tanakh
261357,1427044,479309,Jeremiah,49,13,יהוה,nmpr,pers,E:YHWH,Other Tanakh
261369,1427044,479310,Jeremiah,49,13,בצרה,nmpr,topo,F:unclassified-name,Other Tanakh
261381,1427045,479312,Jeremiah,49,14,יהוה,nmpr,pers,E:YHWH,Other Tanakh
261431,1427047,479325,Jeremiah,49,16,יהוה,nmpr,pers,E:YHWH,Other Tanakh
261434,1427048,479326,Jeremiah,49,17,אדום,nmpr,topo,F:unclassified-name,Other Tanakh
261448,1427049,479330,Jeremiah,49,18,סדם,nmpr,topo,F:unclassified-name,Other Tanakh
261450,1427049,479330,Jeremiah,49,18,עמרה,nmpr,topo,F:unclassified-name,Other Tanakh
261454,1427049,479331,Jeremiah,49,18,יהוה,nmpr,pers,E:YHWH,Other Tanakh
261472,1427050,479333,Jeremiah,49,19,ירדן,nmpr,topo,F:unclassified-name,Other Tanakh
261473,1427050,479333,Jeremiah,49,19,אל,prep,,C:divine-title-candidate,Other Tanakh
261484,1427050,479337,Jeremiah,49,19,אל,prep,,C:divine-title-candidate,Other Tanakh
261503,1427051,479342,Jeremiah,49,20,יהוה,nmpr,pers,E:YHWH,Other Tanakh
261506,1427051,479343,Jeremiah,49,20,אל,prep,,C:divine-title-candidate,Other Tanakh
261507,1427051,479343,Jeremiah,49,20,אדום,nmpr,topo,F:unclassified-name,Other Tanakh
261512,1427051,479344,Jeremiah,49,20,אל,prep,,C:divine-title-candidate,Other Tanakh
261514,1427051,479344,Jeremiah,49,20,תימן,nmpr,topo,F:unclassified-name,Other Tanakh
261549,1427053,479353,Jeremiah,49,22,בצרה,nmpr,topo,F:unclassified-name,Other Tanakh
261554,1427053,479354,Jeremiah,49,22,אדום,nmpr,topo,F:unclassified-name,Other Tanakh
261565,1427054,479355,Jeremiah,49,23,דמשק,nmpr,topo,F:unclassified-name,Other Tanakh
261567,1427054,479356,Jeremiah,49,23,חמת,nmpr,topo,F:unclassified-name,Other Tanakh
261569,1427054,479356,Jeremiah,49,23,ארפד,nmpr,topo,F:unclassified-name,Other Tanakh
261583,1427055,479362,Jeremiah,49,24,דמשק,nmpr,topo,F:unclassified-name,Other Tanakh
261621,1427057,479371,Jeremiah,49,26,יהוה,nmpr,pers,E:YHWH,Other Tanakh
261628,1427058,479372,Jeremiah,49,27,דמשק,nmpr,topo,F:unclassified-name,Other Tanakh
261632,1427058,479373,Jeremiah,49,27,בן הדד,nmpr,pers,A:person-candidate,Other Tanakh
261634,1427059,479374,Jeremiah,49,28,קדר,nmpr,"pers,gens",F:unclassified-name,Other Tanakh
261638,1427059,479374,Jeremiah,49,28,חצור,nmpr,topo,F:unclassified-name,Other Tanakh
261641,1427059,479375,Jeremiah,49,28,נבוכדראצר,nmpr,pers,A:person-candidate,Other Tanakh
261642,1427059,479375,Jeremiah,49,28,מלך,subs,,B:deity-candidate,Other Tanakh
261643,1427059,479375,Jeremiah,49,28,בבל,nmpr,topo,F:unclassified-name,Other Tanakh
261646,1427059,479376,Jeremiah,49,28,יהוה,nmpr,pers,E:YHWH,Other Tanakh
261649,1427059,479378,Jeremiah,49,28,אל,prep,,C:divine-title-candidate,Other Tanakh
261650,1427059,479378,Jeremiah,49,28,קדר,nmpr,"pers,gens",F:unclassified-name,Other Tanakh
261681,1427061,479388,Jeremiah,49,30,חצור,nmpr,topo,F:unclassified-name,Other Tanakh
261683,1427061,479389,Jeremiah,49,30,יהוה,nmpr,pers,E:YHWH,Other Tanakh
261687,1427061,479390,Jeremiah,49,30,נבוכדראצר,nmpr,pers,A:person-candidate,Other Tanakh
261688,1427061,479390,Jeremiah,49,30,מלך,subs,,B:deity-candidate,Other Tanakh
261689,1427061,479390,Jeremiah,49,30,בבל,nmpr,topo,F:unclassified-name,Other Tanakh
261697,1427062,479393,Jeremiah,49,31,אל,prep,,C:divine-title-candidate,Other Tanakh
261704,1427062,479395,Jeremiah,49,31,יהוה,nmpr,pers,E:YHWH,Other Tanakh
261738,1427063,479403,Jeremiah,49,32,יהוה,nmpr,pers,E:YHWH,Other Tanakh
261741,1427064,479404,Jeremiah,49,33,חצור,nmpr,topo,F:unclassified-name,Other Tanakh
261761,1427065,479408,Jeremiah,49,34,יהוה,nmpr,pers,E:YHWH,Other Tanakh
261762,1427065,479408,Jeremiah,49,34,אל,prep,,C:divine-title-candidate,Other Tanakh
261763,1427065,479408,Jeremiah,49,34,ירמיהו,nmpr,pers,A:person-candidate,Other Tanakh
261766,1427065,479408,Jeremiah,49,34,אל,prep,,C:divine-title-candidate,Other Tanakh
261767,1427065,479408,Jeremiah,49,34,עילם,nmpr,"pers,gens,topo",F:unclassified-name,Other Tanakh
261771,1427065,479408,Jeremiah,49,34,צדקיה,nmpr,pers,A:person-candidate,Other Tanakh
261772,1427065,479408,Jeremiah,49,34,מלך,subs,,B:deity-candidate,Other Tanakh
261773,1427065,479408,Jeremiah,49,34,יהודה,nmpr,"pers,gens,topo",F:unclassified-name,Other Tanakh
261778,1427066,479410,Jeremiah,49,35,יהוה,nmpr,pers,E:YHWH,Other Tanakh
261784,1427066,479411,Jeremiah,49,35,עילם,nmpr,"pers,gens,topo",F:unclassified-name,Other Tanakh
261789,1427067,479412,Jeremiah,49,36,אל,prep,,C:divine-title-candidate,Other Tanakh
261790,1427067,479412,Jeremiah,49,36,עילם,nmpr,"pers,gens,topo",F:unclassified-name,Other Tanakh
261816,1427067,479415,Jeremiah,49,36,עילם,nmpr,"pers,gens,topo",F:unclassified-name,Other Tanakh
261820,1427068,479416,Jeremiah,49,37,עילם,nmpr,"pers,gens,topo",F:unclassified-name,Other Tanakh
261837,1427068,479418,Jeremiah,49,37,יהוה,nmpr,pers,E:YHWH,Other Tanakh
261851,1427069,479421,Jeremiah,49,38,עילם,nmpr,"pers,gens,topo",F:unclassified-name,Other Tanakh
261856,1427069,479422,Jeremiah,49,38,מלך,subs,,B:deity-candidate,Other Tanakh
261860,1427069,479423,Jeremiah,49,38,יהוה,nmpr,pers,E:YHWH,Other Tanakh
261870,1427070,479425,Jeremiah,49,39,עילם,nmpr,"pers,gens,topo",F:unclassified-name,Other Tanakh
261872,1427070,479426,Jeremiah,49,39,יהוה,nmpr,pers,E:YHWH,Other Tanakh
261877,1427071,479428,Jeremiah,50,1,יהוה,nmpr,pers,E:YHWH,Other Tanakh
261878,1427071,479428,Jeremiah,50,1,אל,prep,,C:divine-title-candidate,Other Tanakh
261879,1427071,479428,Jeremiah,50,1,בבל,nmpr,topo,F:unclassified-name,Other Tanakh
261880,1427071,479428,Jeremiah,50,1,אל,prep,,C:divine-title-candidate,Other Tanakh
261885,1427071,479428,Jeremiah,50,1,ירמיהו,nmpr,pers,A:person-candidate,Other Tanakh
261898,1427072,479433,Jeremiah,50,2,אל,nega,,C:divine-title-candidate,Other Tanakh
261902,1427072,479435,Jeremiah,50,2,בבל,nmpr,topo,F:unclassified-name,Other Tanakh
261904,1427072,479436,Jeremiah,50,2,בל,nmpr,pers,A:person-candidate,Other Tanakh
261906,1427072,479437,Jeremiah,50,2,מרדך,nmpr,pers,A:person-candidate,Other Tanakh
261947,1427074,479446,Jeremiah,50,4,יהוה,nmpr,pers,E:YHWH,Other Tanakh
261950,1427074,479445,Jeremiah,50,4,ישראל,nmpr,"pers,gens,topo",F:unclassified-name,Other Tanakh
261954,1427074,479445,Jeremiah,50,4,יהודה,nmpr,"pers,gens,topo",F:unclassified-name,Other Tanakh
261962,1427074,479448,Jeremiah,50,4,יהוה,nmpr,pers,E:YHWH,Other Tanakh
261963,1427074,479448,Jeremiah,50,4,אלהים,subs,,D:Elohim,Other Tanakh
261965,1427075,479449,Jeremiah,50,5,ציון,nmpr,topo,F:unclassified-name,Other Tanakh
261973,1427075,479453,Jeremiah,50,5,אל,prep,,C:divine-title-candidate,Other Tanakh
261974,1427075,479453,Jeremiah,50,5,יהוה,nmpr,pers,E:YHWH,Other Tanakh
261989,1427076,479458,Jeremiah,50,6,אל,prep,,C:divine-title-candidate,Other Tanakh
262006,1427077,479463,Jeremiah,50,7,יהוה,nmpr,pers,E:YHWH,Other Tanakh
262012,1427077,479463,Jeremiah,50,7,יהוה,nmpr,pers,E:YHWH,Other Tanakh
262016,1427078,479464,Jeremiah,50,8,בבל,nmpr,topo,F:unclassified-name,Other Tanakh
262036,1427079,479468,Jeremiah,50,9,בבל,nmpr,topo,F:unclassified-name,Other Tanakh
262058,1427080,479473,Jeremiah,50,10,כשדים,nmpr,topo,F:unclassified-name,Other Tanakh
262065,1427080,479475,Jeremiah,50,10,יהוה,nmpr,pers,E:YHWH,Other Tanakh
262096,1427083,479484,Jeremiah,50,13,יהוה,nmpr,pers,E:YHWH,Other Tanakh
262106,1427083,479488,Jeremiah,50,13,בבל,nmpr,topo,F:unclassified-name,Other Tanakh
262115,1427084,479490,Jeremiah,50,14,בבל,nmpr,topo,F:unclassified-name,Other Tanakh
262121,1427084,479492,Jeremiah,50,14,אל,prep,,C:divine-title-candidate,Other Tanakh
262122,1427084,479493,Jeremiah,50,14,אל,nega,,C:divine-title-candidate,Other Tanakh
262124,1427084,479493,Jeremiah,50,14,אל,prep,,C:divine-title-candidate,Other Tanakh
262128,1427084,479494,Jeremiah,50,14,יהוה,nmpr,pers,E:YHWH,Other Tanakh
262141,1427085,479499,Jeremiah,50,15,יהוה,nmpr,pers,E:YHWH,Other Tanakh
262153,1427086,479503,Jeremiah,50,16,בבל,nmpr,topo,F:unclassified-name,Other Tanakh
262166,1427086,479506,Jeremiah,50,16,אל,prep,,C:divine-title-candidate,Other Tanakh
262176,1427087,479510,Jeremiah,50,17,ישראל,nmpr,"pers,gens,topo",F:unclassified-name,Other Tanakh
262182,1427087,479513,Jeremiah,50,17,מלך,subs,,B:deity-candidate,Other Tanakh
262183,1427087,479513,Jeremiah,50,17,אשור,nmpr,topo,F:unclassified-name,Other Tanakh
262189,1427087,479515,Jeremiah,50,17,נבוכדראצר,nmpr,pers,A:person-candidate,Other Tanakh
262190,1427087,479515,Jeremiah,50,17,מלך,subs,,B:deity-candidate,Other Tanakh
262191,1427087,479515,Jeremiah,50,17,בבל,nmpr,topo,F:unclassified-name,Other Tanakh
262195,1427088,479517,Jeremiah,50,18,יהוה,nmpr,pers,E:YHWH,Other Tanakh
262197,1427088,479517,Jeremiah,50,18,אלהים,subs,,D:Elohim,Other Tanakh
262198,1427088,479517,Jeremiah,50,18,ישראל,nmpr,"pers,gens,topo",F:unclassified-name,Other Tanakh
262201,1427088,479518,Jeremiah,50,18,אל,prep,,C:divine-title-candidate,Other Tanakh
262202,1427088,479518,Jeremiah,50,18,מלך,subs,,B:deity-candidate,Other Tanakh
262203,1427088,479518,Jeremiah,50,18,בבל,nmpr,topo,F:unclassified-name,Other Tanakh
262205,1427088,479518,Jeremiah,50,18,אל,prep,,C:divine-title-candidate,Other Tanakh
262210,1427088,479519,Jeremiah,50,18,אל,prep,,C:divine-title-candidate,Other Tanakh
262211,1427088,479519,Jeremiah,50,18,מלך,subs,,B:deity-candidate,Other Tanakh
262212,1427088,479519,Jeremiah,50,18,אשור,nmpr,topo,F:unclassified-name,Other Tanakh
262216,1427089,479520,Jeremiah,50,19,ישראל,nmpr,"pers,gens,topo",F:unclassified-name,Other Tanakh
262217,1427089,479520,Jeremiah,50,19,אל,prep,,C:divine-title-candidate,Other Tanakh
262222,1427089,479521,Jeremiah,50,19,כרמל,nmpr,topo,F:unclassified-name,Other Tanakh
262225,1427089,479521,Jeremiah,50,19,בשן,nmpr,topo,F:unclassified-name,Other Tanakh
262229,1427089,479521,Jeremiah,50,19,אפרים,nmpr,"pers,gens,topo",F:unclassified-name,Other Tanakh
262232,1427089,479522,Jeremiah,50,19,גלעד,nmpr,topo,F:unclassified-name,Other Tanakh
262247,1427090,479524,Jeremiah,50,20,יהוה,nmpr,pers,E:YHWH,Other Tanakh
262251,1427090,479523,Jeremiah,50,20,ישראל,nmpr,"pers,gens,topo",F:unclassified-name,Other Tanakh
262257,1427090,479526,Jeremiah,50,20,יהודה,nmpr,"pers,gens,topo",F:unclassified-name,Other Tanakh
262269,1427091,479530,Jeremiah,50,21,מרתים,nmpr,topo,F:unclassified-name,Other Tanakh
262273,1427091,479531,Jeremiah,50,21,אל,prep,,C:divine-title-candidate,Other Tanakh
262275,1427091,479531,Jeremiah,50,21,פקוד,nmpr,topo,F:unclassified-name,Other Tanakh
262281,1427091,479534,Jeremiah,50,21,יהוה,nmpr,pers,E:YHWH,Other Tanakh
262308,1427093,479541,Jeremiah,50,23,בבל,nmpr,topo,F:unclassified-name,Other Tanakh
262317,1427094,479544,Jeremiah,50,24,בבל,nmpr,topo,F:unclassified-name,Other Tanakh
262328,1427094,479548,Jeremiah,50,24,יהוה,nmpr,pers,E:YHWH,Other Tanakh
262331,1427095,479549,Jeremiah,50,25,יהוה,nmpr,pers,E:YHWH,Other Tanakh
262343,1427095,479552,Jeremiah,50,25,אדני,nmpr,pers,C:divine-title-candidate,Other Tanakh
262344,1427095,479552,Jeremiah,50,25,יהוה,nmpr,pers,E:YHWH,Other Tanakh
262360,1427096,479557,Jeremiah,50,26,אל,nega,,C:divine-title-candidate,Other Tanakh
262384,1427098,479562,Jeremiah,50,28,בבל,nmpr,topo,F:unclassified-name,Other Tanakh
262388,1427098,479563,Jeremiah,50,28,ציון,nmpr,topo,F:unclassified-name,Other Tanakh
262391,1427098,479563,Jeremiah,50,28,יהוה,nmpr,pers,E:YHWH,Other Tanakh
262392,1427098,479563,Jeremiah,50,28,אלהים,subs,,D:Elohim,Other Tanakh
262396,1427099,479564,Jeremiah,50,29,אל,prep,,C:divine-title-candidate,Other Tanakh
262397,1427099,479564,Jeremiah,50,29,בבל,nmpr,topo,F:unclassified-name,Other Tanakh
262405,1427099,479567,Jeremiah,50,29,אל,nega,,C:divine-title-candidate,Other Tanakh
262420,1427099,479572,Jeremiah,50,29,אל,prep,,C:divine-title-candidate,Other Tanakh
262421,1427099,479572,Jeremiah,50,29,יהוה,nmpr,pers,E:YHWH,Other Tanakh
262423,1427099,479572,Jeremiah,50,29,אל,prep,,C:divine-title-candidate,Other Tanakh
262425,1427099,479572,Jeremiah,50,29,ישראל,nmpr,"pers,gens,topo",F:unclassified-name,Other Tanakh
262442,1427100,479575,Jeremiah,50,30,יהוה,nmpr,pers,E:YHWH,Other Tanakh
262444,1427101,479576,Jeremiah,50,31,אל,prep,,C:divine-title-candidate,Other Tanakh
262447,1427101,479578,Jeremiah,50,31,אדני,nmpr,pers,C:divine-title-candidate,Other Tanakh
262448,1427101,479578,Jeremiah,50,31,יהוה,nmpr,pers,E:YHWH,Other Tanakh
262475,1427103,479586,Jeremiah,50,33,יהוה,nmpr,pers,E:YHWH,Other Tanakh
262479,1427103,479587,Jeremiah,50,33,ישראל,nmpr,"pers,gens,topo",F:unclassified-name,Other Tanakh
262482,1427103,479587,Jeremiah,50,33,יהודה,nmpr,"pers,gens,topo",F:unclassified-name,Other Tanakh
262493,1427104,479592,Jeremiah,50,34,יהוה,nmpr,pers,E:YHWH,Other Tanakh
262509,1427104,479595,Jeremiah,50,34,בבל,nmpr,topo,F:unclassified-name,Other Tanakh
262512,1427105,479596,Jeremiah,50,35,כשדים,nmpr,topo,F:unclassified-name,Other Tanakh
262514,1427105,479597,Jeremiah,50,35,יהוה,nmpr,pers,E:YHWH,Other Tanakh
262516,1427105,479598,Jeremiah,50,35,אל,prep,,C:divine-title-candidate,Other Tanakh
262518,1427105,479598,Jeremiah,50,35,בבל,nmpr,topo,F:unclassified-name,Other Tanakh
262520,1427105,479598,Jeremiah,50,35,אל,prep,,C:divine-title-candidate,Other Tanakh
262523,1427105,479598,Jeremiah,50,35,אל,prep,,C:divine-title-candidate,Other Tanakh
262526,1427106,479599,Jeremiah,50,36,אל,prep,,C:divine-title-candidate,Other Tanakh
262532,1427106,479601,Jeremiah,50,36,אל,prep,,C:divine-title-candidate,Other Tanakh
262537,1427107,479603,Jeremiah,50,37,אל,prep,,C:divine-title-candidate,Other Tanakh
262540,1427107,479603,Jeremiah,50,37,אל,prep,,C:divine-title-candidate,Other Tanakh
262543,1427107,479603,Jeremiah,50,37,אל,prep,,C:divine-title-candidate,Other Tanakh
262555,1427107,479606,Jeremiah,50,37,אל,prep,,C:divine-title-candidate,Other Tanakh
262560,1427108,479608,Jeremiah,50,38,אל,prep,,C:divine-title-candidate,Other Tanakh
262598,1427110,479616,Jeremiah,50,40,אלהים,subs,,D:Elohim,Other Tanakh
262600,1427110,479616,Jeremiah,50,40,סדם,nmpr,topo,F:unclassified-name,Other Tanakh
262603,1427110,479616,Jeremiah,50,40,עמרה,nmpr,topo,F:unclassified-name,Other Tanakh
262608,1427110,479617,Jeremiah,50,40,יהוה,nmpr,pers,E:YHWH,Other Tanakh
262628,1427111,479620,Jeremiah,50,41,מלך,subs,,B:deity-candidate,Other Tanakh
262660,1427112,479627,Jeremiah,50,42,בבל,nmpr,topo,F:unclassified-name,Other Tanakh
262662,1427113,479628,Jeremiah,50,43,מלך,subs,,B:deity-candidate,Other Tanakh
262663,1427113,479628,Jeremiah,50,43,בבל,nmpr,topo,F:unclassified-name,Other Tanakh
262682,1427114,479632,Jeremiah,50,44,ירדן,nmpr,topo,F:unclassified-name,Other Tanakh
262683,1427114,479632,Jeremiah,50,44,אל,prep,,C:divine-title-candidate,Other Tanakh
262694,1427114,479635,Jeremiah,50,44,אל,prep,,C:divine-title-candidate,Other Tanakh
262713,1427115,479641,Jeremiah,50,45,יהוה,nmpr,pers,E:YHWH,Other Tanakh
262716,1427115,479642,Jeremiah,50,45,אל,prep,,C:divine-title-candidate,Other Tanakh
262717,1427115,479642,Jeremiah,50,45,בבל,nmpr,topo,F:unclassified-name,Other Tanakh
262722,1427115,479644,Jeremiah,50,45,אל,prep,,C:divine-title-candidate,Other Tanakh
262739,1427116,479648,Jeremiah,50,46,בבל,nmpr,topo,F:unclassified-name,Other Tanakh
262751,1427117,479651,Jeremiah,51,1,יהוה,nmpr,pers,E:YHWH,Other Tanakh
262755,1427117,479652,Jeremiah,51,1,בבל,nmpr,topo,F:unclassified-name,Other Tanakh
262757,1427117,479652,Jeremiah,51,1,אל,prep,,C:divine-title-candidate,Other Tanakh
262766,1427118,479653,Jeremiah,51,2,בבל,nmpr,topo,F:unclassified-name,Other Tanakh
262782,1427119,479657,Jeremiah,51,3,אל,prep,,C:divine-title-candidate,Other Tanakh
262788,1427119,479659,Jeremiah,51,3,אל,prep,,C:divine-title-candidate,Other Tanakh
262793,1427119,479660,Jeremiah,51,3,אל,nega,,C:divine-title-candidate,Other Tanakh
262795,1427119,479660,Jeremiah,51,3,אל,prep,,C:divine-title-candidate,Other Tanakh
262813,1427121,479664,Jeremiah,51,5,ישראל,nmpr,"pers,gens,topo",F:unclassified-name,Other Tanakh
262815,1427121,479664,Jeremiah,51,5,יהודה,nmpr,"pers,gens,topo",F:unclassified-name,Other Tanakh
262817,1427121,479664,Jeremiah,51,5,אלהים,subs,,D:Elohim,Other Tanakh
262819,1427121,479664,Jeremiah,51,5,יהוה,nmpr,pers,E:YHWH,Other Tanakh
262827,1427121,479665,Jeremiah,51,5,ישראל,nmpr,"pers,gens,topo",F:unclassified-name,Other Tanakh
262831,1427122,479666,Jeremiah,51,6,בבל,nmpr,topo,F:unclassified-name,Other Tanakh
262836,1427122,479668,Jeremiah,51,6,אל,nega,,C:divine-title-candidate,Other Tanakh
262845,1427122,479669,Jeremiah,51,6,יהוה,nmpr,pers,E:YHWH,Other Tanakh
262852,1427123,479671,Jeremiah,51,7,בבל,nmpr,topo,F:unclassified-name,Other Tanakh
262855,1427123,479671,Jeremiah,51,7,יהוה,nmpr,pers,E:YHWH,Other Tanakh
262870,1427124,479675,Jeremiah,51,8,בבל,nmpr,topo,F:unclassified-name,Other Tanakh
262883,1427125,479680,Jeremiah,51,9,בבל,nmpr,topo,F:unclassified-name,Other Tanakh
262895,1427125,479685,Jeremiah,51,9,אל,prep,,C:divine-title-candidate,Other Tanakh
262904,1427126,479687,Jeremiah,51,10,יהוה,nmpr,pers,E:YHWH,Other Tanakh
262911,1427126,479689,Jeremiah,51,10,ציון,nmpr,topo,F:unclassified-name,Other Tanakh
262914,1427126,479689,Jeremiah,51,10,יהוה,nmpr,pers,E:YHWH,Other Tanakh
262915,1427126,479689,Jeremiah,51,10,אלהים,subs,,D:Elohim,Other Tanakh
262923,1427127,479692,Jeremiah,51,11,יהוה,nmpr,pers,E:YHWH,Other Tanakh
262926,1427127,479692,Jeremiah,51,11,מלך,subs,,B:deity-candidate,Other Tanakh
262927,1427127,479692,Jeremiah,51,11,מדי,nmpr,"pers,gens,topo",F:unclassified-name,Other Tanakh
262930,1427127,479693,Jeremiah,51,11,בבל,nmpr,topo,F:unclassified-name,Other Tanakh
262936,1427127,479695,Jeremiah,51,11,יהוה,nmpr,pers,E:YHWH,Other Tanakh
262940,1427128,479697,Jeremiah,51,12,אל,prep,,C:divine-title-candidate,Other Tanakh
262942,1427128,479697,Jeremiah,51,12,בבל,nmpr,topo,F:unclassified-name,Other Tanakh
262956,1427128,479701,Jeremiah,51,12,יהוה,nmpr,pers,E:YHWH,Other Tanakh
262962,1427128,479703,Jeremiah,51,12,אל,prep,,C:divine-title-candidate,Other Tanakh
262964,1427128,479703,Jeremiah,51,12,בבל,nmpr,topo,F:unclassified-name,Other Tanakh
262976,1427130,479708,Jeremiah,51,14,יהוה,nmpr,pers,E:YHWH,Other Tanakh
263057,1427135,479726,Jeremiah,51,19,יעקב,nmpr,pers,A:person-candidate,Other Tanakh
263066,1427135,479729,Jeremiah,51,19,יהוה,nmpr,pers,E:YHWH,Other Tanakh
263133,1427140,479742,Jeremiah,51,24,בבל,nmpr,topo,F:unclassified-name,Other Tanakh
263138,1427140,479742,Jeremiah,51,24,כשדים,nmpr,topo,F:unclassified-name,Other Tanakh
263145,1427140,479743,Jeremiah,51,24,ציון,nmpr,topo,F:unclassified-name,Other Tanakh
263149,1427140,479744,Jeremiah,51,24,יהוה,nmpr,pers,E:YHWH,Other Tanakh
263151,1427141,479745,Jeremiah,51,25,אל,prep,,C:divine-title-candidate,Other Tanakh
263156,1427141,479747,Jeremiah,51,25,יהוה,nmpr,pers,E:YHWH,Other Tanakh
263194,1427142,479754,Jeremiah,51,26,יהוה,nmpr,pers,E:YHWH,Other Tanakh
263211,1427143,479758,Jeremiah,51,27,אררט,nmpr,topo,F:unclassified-name,Other Tanakh
263212,1427143,479758,Jeremiah,51,27,מני,nmpr,topo,B:deity-candidate,Other Tanakh
263214,1427143,479758,Jeremiah,51,27,אשכנז,nmpr,gens,F:unclassified-name,Other Tanakh
263227,1427144,479761,Jeremiah,51,28,מלך,subs,,B:deity-candidate,Other Tanakh
263228,1427144,479761,Jeremiah,51,28,מדי,nmpr,"pers,gens,topo",F:unclassified-name,Other Tanakh
263249,1427145,479764,Jeremiah,51,29,בבל,nmpr,topo,F:unclassified-name,Other Tanakh
263251,1427145,479764,Jeremiah,51,29,יהוה,nmpr,pers,E:YHWH,Other Tanakh
263256,1427145,479765,Jeremiah,51,29,בבל,nmpr,topo,F:unclassified-name,Other Tanakh
263264,1427146,479766,Jeremiah,51,30,בבל,nmpr,topo,F:unclassified-name,Other Tanakh
263293,1427147,479777,Jeremiah,51,31,מלך,subs,,B:deity-candidate,Other Tanakh
263294,1427147,479777,Jeremiah,51,31,בבל,nmpr,topo,F:unclassified-name,Other Tanakh
263320,1427149,479782,Jeremiah,51,33,יהוה,nmpr,pers,E:YHWH,Other Tanakh
263322,1427149,479782,Jeremiah,51,33,אלהים,subs,,D:Elohim,Other Tanakh
263323,1427149,479782,Jeremiah,51,33,ישראל,nmpr,"pers,gens,topo",F:unclassified-name,Other Tanakh
263325,1427149,479783,Jeremiah,51,33,בבל,nmpr,topo,F:unclassified-name,Other Tanakh
263340,1427150,479789,Jeremiah,51,34,נבוכדראצר,nmpr,pers,A:person-candidate,Other Tanakh
263341,1427150,479789,Jeremiah,51,34,מלך,subs,,B:deity-candidate,Other Tanakh
263342,1427150,479789,Jeremiah,51,34,בבל,nmpr,topo,F:unclassified-name,Other Tanakh
263359,1427151,479794,Jeremiah,51,35,בבל,nmpr,topo,F:unclassified-name,Other Tanakh
263362,1427151,479795,Jeremiah,51,35,ציון,nmpr,topo,F:unclassified-name,Other Tanakh
263365,1427151,479796,Jeremiah,51,35,אל,prep,,C:divine-title-candidate,Other Tanakh
263367,1427151,479796,Jeremiah,51,35,כשדים,nmpr,topo,F:unclassified-name,Other Tanakh
263369,1427151,479797,Jeremiah,51,35,ירושלם,nmpr,topo,F:unclassified-name,Other Tanakh
263373,1427152,479799,Jeremiah,51,36,יהוה,nmpr,pers,E:YHWH,Other Tanakh
263392,1427153,479804,Jeremiah,51,37,בבל,nmpr,topo,F:unclassified-name,Other Tanakh
263429,1427155,479813,Jeremiah,51,39,יהוה,nmpr,pers,E:YHWH,Other Tanakh
263441,1427157,479817,Jeremiah,51,41,ששך,nmpr,topo,F:unclassified-name,Other Tanakh
263452,1427157,479819,Jeremiah,51,41,בבל,nmpr,topo,F:unclassified-name,Other Tanakh
263458,1427158,479820,Jeremiah,51,42,בבל,nmpr,topo,F:unclassified-name,Other Tanakh
263488,1427160,479825,Jeremiah,51,44,בל,nmpr,pers,A:person-candidate,Other Tanakh
263490,1427160,479825,Jeremiah,51,44,בבל,nmpr,topo,F:unclassified-name,Other Tanakh
263500,1427160,479827,Jeremiah,51,44,אל,prep,,C:divine-title-candidate,Other Tanakh
263505,1427160,479828,Jeremiah,51,44,בבל,nmpr,topo,F:unclassified-name,Other Tanakh
263519,1427161,479831,Jeremiah,51,45,יהוה,nmpr,pers,E:YHWH,Other Tanakh
263565,1427163,479842,Jeremiah,51,47,בבל,nmpr,topo,F:unclassified-name,Other Tanakh
263579,1427164,479845,Jeremiah,51,48,בבל,nmpr,topo,F:unclassified-name,Other Tanakh
263595,1427164,479848,Jeremiah,51,48,יהוה,nmpr,pers,E:YHWH,Other Tanakh
263597,1427165,479849,Jeremiah,51,49,בבל,nmpr,topo,F:unclassified-name,Other Tanakh
263601,1427165,479850,Jeremiah,51,49,ישראל,nmpr,"pers,gens,topo",F:unclassified-name,Other Tanakh
263604,1427165,479851,Jeremiah,51,49,בבל,nmpr,topo,F:unclassified-name,Other Tanakh
263614,1427166,479854,Jeremiah,51,50,אל,nega,,C:divine-title-candidate,Other Tanakh
263620,1427166,479855,Jeremiah,51,50,יהוה,nmpr,pers,E:YHWH,Other Tanakh
263622,1427166,479856,Jeremiah,51,50,ירושלם,nmpr,topo,F:unclassified-name,Other Tanakh
263639,1427167,479860,Jeremiah,51,51,יהוה,nmpr,pers,E:YHWH,Other Tanakh
263645,1427168,479863,Jeremiah,51,52,יהוה,nmpr,pers,E:YHWH,Other Tanakh
263658,1427169,479866,Jeremiah,51,53,בבל,nmpr,topo,F:unclassified-name,Other Tanakh
263672,1427169,479869,Jeremiah,51,53,יהוה,nmpr,pers,E:YHWH,Other Tanakh
263676,1427170,479870,Jeremiah,51,54,בבל,nmpr,topo,F:unclassified-name,Other Tanakh
263685,1427171,479872,Jeremiah,51,55,יהוה,nmpr,pers,E:YHWH,Other Tanakh
263687,1427171,479872,Jeremiah,51,55,בבל,nmpr,topo,F:unclassified-name,Other Tanakh
263706,1427172,479876,Jeremiah,51,56,בבל,nmpr,topo,F:unclassified-name,Other Tanakh
263714,1427172,479879,Jeremiah,51,56,אל,subs,,C:divine-title-candidate,Other Tanakh
263716,1427172,479879,Jeremiah,51,56,יהוה,nmpr,pers,E:YHWH,Other Tanakh
263738,1427173,479883,Jeremiah,51,57,מלך,subs,,B:deity-candidate,Other Tanakh
263739,1427173,479884,Jeremiah,51,57,יהוה,nmpr,pers,E:YHWH,Other Tanakh
263744,1427174,479885,Jeremiah,51,58,יהוה,nmpr,pers,E:YHWH,Other Tanakh
263747,1427174,479886,Jeremiah,51,58,בבל,nmpr,topo,F:unclassified-name,Other Tanakh
263777,1427175,479892,Jeremiah,51,59,ירמיהו,nmpr,pers,A:person-candidate,Other Tanakh
263781,1427175,479892,Jeremiah,51,59,שריה,nmpr,pers,A:person-candidate,Other Tanakh
263783,1427175,479892,Jeremiah,51,59,נריה,nmpr,pers,A:person-candidate,Other Tanakh
263785,1427175,479892,Jeremiah,51,59,מחסיה,nmpr,pers,A:person-candidate,Other Tanakh
263789,1427175,479893,Jeremiah,51,59,צדקיהו,nmpr,pers,A:person-candidate,Other Tanakh
263790,1427175,479893,Jeremiah,51,59,מלך,subs,,B:deity-candidate,Other Tanakh
263791,1427175,479893,Jeremiah,51,59,יהודה,nmpr,"pers,gens,topo",F:unclassified-name,Other Tanakh
263792,1427175,479893,Jeremiah,51,59,בבל,nmpr,topo,F:unclassified-name,Other Tanakh
263798,1427175,479894,Jeremiah,51,59,מלך,verb,,B:deity-candidate,Other Tanakh
263800,1427175,479895,Jeremiah,51,59,שריה,nmpr,pers,A:person-candidate,Other Tanakh
263805,1427176,479896,Jeremiah,51,60,ירמיהו,nmpr,pers,A:person-candidate,Other Tanakh
263812,1427176,479897,Jeremiah,51,60,אל,prep,,C:divine-title-candidate,Other Tanakh
263813,1427176,479897,Jeremiah,51,60,בבל,nmpr,topo,F:unclassified-name,Other Tanakh
263814,1427176,479896,Jeremiah,51,60,אל,prep,,C:divine-title-candidate,Other Tanakh
263825,1427176,479898,Jeremiah,51,60,אל,prep,,C:divine-title-candidate,Other Tanakh
263826,1427176,479898,Jeremiah,51,60,בבל,nmpr,topo,F:unclassified-name,Other Tanakh
263829,1427177,479899,Jeremiah,51,61,ירמיהו,nmpr,pers,A:person-candidate,Other Tanakh
263830,1427177,479899,Jeremiah,51,61,אל,prep,,C:divine-title-candidate,Other Tanakh
263831,1427177,479899,Jeremiah,51,61,שריה,nmpr,pers,A:person-candidate,Other Tanakh
263834,1427177,479900,Jeremiah,51,61,בבל,nmpr,topo,F:unclassified-name,Other Tanakh
263847,1427178,479904,Jeremiah,51,62,יהוה,nmpr,pers,E:YHWH,Other Tanakh
263850,1427178,479905,Jeremiah,51,62,אל,prep,,C:divine-title-candidate,Other Tanakh
263888,1427179,479913,Jeremiah,51,63,אל,prep,,C:divine-title-candidate,Other Tanakh
263890,1427179,479913,Jeremiah,51,63,פרת,nmpr,topo,F:unclassified-name,Other Tanakh
263895,1427180,479915,Jeremiah,51,64,בבל,nmpr,topo,F:unclassified-name,Other Tanakh
263912,1427180,479919,Jeremiah,51,64,ירמיהו,nmpr,pers,A:person-candidate,Other Tanakh
263918,1427181,479920,Jeremiah,52,1,צדקיהו,nmpr,pers,A:person-candidate,Other Tanakh
263920,1427181,479921,Jeremiah,52,1,מלך,verb,,B:deity-candidate,Other Tanakh
263925,1427181,479922,Jeremiah,52,1,מלך,verb,,B:deity-candidate,Other Tanakh
263927,1427181,479922,Jeremiah,52,1,ירושלם,nmpr,topo,F:unclassified-name,Other Tanakh
263931,1427181,479923,Jeremiah,52,1,חמוטל,nmpr,pers,A:person-candidate,Other Tanakh
263933,1427181,479923,Jeremiah,52,1,ירמיהו,nmpr,pers,A:person-candidate,Other Tanakh
263935,1427181,479923,Jeremiah,52,1,לבנה,nmpr,topo,F:unclassified-name,Other Tanakh
263942,1427182,479925,Jeremiah,52,2,יהוה,nmpr,pers,E:YHWH,Other Tanakh
263947,1427182,479926,Jeremiah,52,2,יהויקים,nmpr,pers,A:person-candidate,Other Tanakh
263951,1427183,479927,Jeremiah,52,3,יהוה,nmpr,pers,E:YHWH,Other Tanakh
263954,1427183,479927,Jeremiah,52,3,ירושלם,nmpr,topo,F:unclassified-name,Other Tanakh
263956,1427183,479927,Jeremiah,52,3,יהודה,nmpr,"pers,gens,topo",F:unclassified-name,Other Tanakh
263965,1427183,479929,Jeremiah,52,3,צדקיהו,nmpr,pers,A:person-candidate,Other Tanakh
263967,1427183,479929,Jeremiah,52,3,מלך,subs,,B:deity-candidate,Other Tanakh
263968,1427183,479929,Jeremiah,52,3,בבל,nmpr,topo,F:unclassified-name,Other Tanakh
263977,1427184,479931,Jeremiah,52,4,מלך,verb,,B:deity-candidate,Other Tanakh
263990,1427184,479932,Jeremiah,52,4,נבוכדראצר,nmpr,pers,A:person-candidate,Other Tanakh
263991,1427184,479932,Jeremiah,52,4,מלך,subs,,B:deity-candidate,Other Tanakh
263992,1427184,479932,Jeremiah,52,4,בבל,nmpr,topo,F:unclassified-name,Other Tanakh
263998,1427184,479932,Jeremiah,52,4,ירושלם,nmpr,topo,F:unclassified-name,Other Tanakh
264020,1427185,479935,Jeremiah,52,5,מלך,subs,,B:deity-candidate,Other Tanakh
264021,1427185,479935,Jeremiah,52,5,צדקיהו,nmpr,pers,A:person-candidate,Other Tanakh
264072,1427187,479942,Jeremiah,52,7,מלך,subs,,B:deity-candidate,Other Tanakh
264090,1427188,479945,Jeremiah,52,8,מלך,subs,,B:deity-candidate,Other Tanakh
264094,1427188,479946,Jeremiah,52,8,צדקיהו,nmpr,pers,A:person-candidate,Other Tanakh
264097,1427188,479946,Jeremiah,52,8,יריחו,nmpr,topo,F:unclassified-name,Other Tanakh
264108,1427189,479948,Jeremiah,52,9,מלך,subs,,B:deity-candidate,Other Tanakh
264112,1427189,479949,Jeremiah,52,9,אל,prep,,C:divine-title-candidate,Other Tanakh
264113,1427189,479949,Jeremiah,52,9,מלך,subs,,B:deity-candidate,Other Tanakh
264114,1427189,479949,Jeremiah,52,9,בבל,nmpr,topo,F:unclassified-name,Other Tanakh
264115,1427189,479949,Jeremiah,52,9,רבלה,nmpr,topo,F:unclassified-name,Other Tanakh
264118,1427189,479949,Jeremiah,52,9,חמת,nmpr,topo,F:unclassified-name,Other Tanakh
264125,1427190,479951,Jeremiah,52,10,מלך,subs,,B:deity-candidate,Other Tanakh
264126,1427190,479951,Jeremiah,52,10,בבל,nmpr,topo,F:unclassified-name,Other Tanakh
264129,1427190,479951,Jeremiah,52,10,צדקיהו,nmpr,pers,A:person-candidate,Other Tanakh
264137,1427190,479952,Jeremiah,52,10,יהודה,nmpr,"pers,gens,topo",F:unclassified-name,Other Tanakh
264140,1427190,479952,Jeremiah,52,10,רבלה,nmpr,topo,F:unclassified-name,Other Tanakh
264144,1427191,479953,Jeremiah,52,11,צדקיהו,nmpr,pers,A:person-candidate,Other Tanakh
264153,1427191,479955,Jeremiah,52,11,מלך,subs,,B:deity-candidate,Other Tanakh
264154,1427191,479955,Jeremiah,52,11,בבל,nmpr,topo,F:unclassified-name,Other Tanakh
264155,1427191,479955,Jeremiah,52,11,בבל,nmpr,topo,F:unclassified-name,Other Tanakh
264183,1427192,479958,Jeremiah,52,12,מלך,subs,,B:deity-candidate,Other Tanakh
264184,1427192,479958,Jeremiah,52,12,נבוכדראצר,nmpr,pers,A:person-candidate,Other Tanakh
264185,1427192,479958,Jeremiah,52,12,מלך,subs,,B:deity-candidate,Other Tanakh
264186,1427192,479958,Jeremiah,52,12,בבל,nmpr,topo,F:unclassified-name,Other Tanakh
264188,1427192,479957,Jeremiah,52,12,נבוזראדן,nmpr,pers,A:person-candidate,Other Tanakh
264194,1427192,479959,Jeremiah,52,12,מלך,subs,,B:deity-candidate,Other Tanakh
264195,1427192,479959,Jeremiah,52,12,בבל,nmpr,topo,F:unclassified-name,Other Tanakh
264197,1427192,479957,Jeremiah,52,12,ירושלם,nmpr,topo,F:unclassified-name,Other Tanakh
264202,1427193,479960,Jeremiah,52,13,יהוה,nmpr,pers,E:YHWH,Other Tanakh
264207,1427193,479960,Jeremiah,52,13,מלך,subs,,B:deity-candidate,Other Tanakh
264212,1427193,479961,Jeremiah,52,13,ירושלם,nmpr,topo,F:unclassified-name,Other Tanakh
264227,1427194,479962,Jeremiah,52,14,ירושלם,nmpr,topo,F:unclassified-name,Other Tanakh
264258,1427195,479966,Jeremiah,52,15,אל,prep,,C:divine-title-candidate,Other Tanakh
264259,1427195,479966,Jeremiah,52,15,מלך,subs,,B:deity-candidate,Other Tanakh
264260,1427195,479966,Jeremiah,52,15,בבל,nmpr,topo,F:unclassified-name,Other Tanakh
264267,1427195,479964,Jeremiah,52,15,נבוזראדן,nmpr,pers,A:person-candidate,Other Tanakh
264276,1427196,479967,Jeremiah,52,16,נבוזראדן,nmpr,pers,A:person-candidate,Other Tanakh
264292,1427197,479969,Jeremiah,52,17,יהוה,nmpr,pers,E:YHWH,Other Tanakh
264305,1427197,479970,Jeremiah,52,17,יהוה,nmpr,pers,E:YHWH,Other Tanakh
264313,1427197,479971,Jeremiah,52,17,בבל,nmpr,topo,F:unclassified-name,Other Tanakh
264401,1427200,479979,Jeremiah,52,20,מלך,subs,,B:deity-candidate,Other Tanakh
264402,1427200,479979,Jeremiah,52,20,שלמה,nmpr,pers,A:person-candidate,Other Tanakh
264405,1427200,479979,Jeremiah,52,20,יהוה,nmpr,pers,E:YHWH,Other Tanakh
264453,1427202,479988,Jeremiah,52,22,רמון,subs,,B:deity-candidate,Other Tanakh
264470,1427202,479990,Jeremiah,52,22,רמון,subs,,B:deity-candidate,Other Tanakh
264474,1427203,479991,Jeremiah,52,23,רמון,subs,,B:deity-candidate,Other Tanakh
264481,1427203,479992,Jeremiah,52,23,רמון,subs,,B:deity-candidate,Other Tanakh
264492,1427204,479993,Jeremiah,52,24,שריה,nmpr,pers,A:person-candidate,Other Tanakh
264498,1427204,479993,Jeremiah,52,24,צפניה,nmpr,pers,A:person-candidate,Other Tanakh
264529,1427205,479994,Jeremiah,52,25,מלך,subs,,B:deity-candidate,Other Tanakh
264563,1427206,479999,Jeremiah,52,26,נבוזראדן,nmpr,pers,A:person-candidate,Other Tanakh
264569,1427206,480000,Jeremiah,52,26,אל,prep,,C:divine-title-candidate,Other Tanakh
264570,1427206,480000,Jeremiah,52,26,מלך,subs,,B:deity-candidate,Other Tanakh
264571,1427206,480000,Jeremiah,52,26,בבל,nmpr,topo,F:unclassified-name,Other Tanakh
264572,1427206,480000,Jeremiah,52,26,רבלה,nmpr,topo,F:unclassified-name,Other Tanakh
264576,1427207,480001,Jeremiah,52,27,מלך,subs,,B:deity-candidate,Other Tanakh
264577,1427207,480001,Jeremiah,52,27,בבל,nmpr,topo,F:unclassified-name,Other Tanakh
264581,1427207,480002,Jeremiah,52,27,רבלה,nmpr,topo,F:unclassified-name,Other Tanakh
264584,1427207,480002,Jeremiah,52,27,חמת,nmpr,topo,F:unclassified-name,Other Tanakh
264587,1427207,480003,Jeremiah,52,27,יהודה,nmpr,"pers,gens,topo",F:unclassified-name,Other Tanakh
264596,1427208,480005,Jeremiah,52,28,נבוכדראצר,nmpr,pers,A:person-candidate,Other Tanakh
264612,1427209,480007,Jeremiah,52,29,נבוכדראצר,nmpr,pers,A:person-candidate,Other Tanakh
264614,1427209,480007,Jeremiah,52,29,ירושלם,nmpr,topo,F:unclassified-name,Other Tanakh
264627,1427210,480008,Jeremiah,52,30,נבוכדראצר,nmpr,pers,A:person-candidate,Other Tanakh
264629,1427210,480008,Jeremiah,52,30,נבוזראדן,nmpr,pers,A:person-candidate,Other Tanakh
264655,1427211,480010,Jeremiah,52,31,יהויכין,nmpr,pers,A:person-candidate,Other Tanakh
264656,1427211,480010,Jeremiah,52,31,מלך,subs,,B:deity-candidate,Other Tanakh
264657,1427211,480010,Jeremiah,52,31,יהודה,nmpr,"pers,gens,topo",F:unclassified-name,Other Tanakh
264670,1427211,480011,Jeremiah,52,31,אויל מרדך,nmpr,pers,A:person-candidate,Other Tanakh
264671,1427211,480011,Jeremiah,52,31,מלך,subs,,B:deity-candidate,Other Tanakh
264672,1427211,480011,Jeremiah,52,31,בבל,nmpr,topo,F:unclassified-name,Other Tanakh
264678,1427211,480011,Jeremiah,52,31,יהויכין,nmpr,pers,A:person-candidate,Other Tanakh
264679,1427211,480011,Jeremiah,52,31,מלך,subs,,B:deity-candidate,Other Tanakh
264680,1427211,480011,Jeremiah,52,31,יהודה,nmpr,"pers,gens,topo",F:unclassified-name,Other Tanakh
264701,1427212,480014,Jeremiah,52,32,מלך,subs,,B:deity-candidate,Other Tanakh
264705,1427212,480015,Jeremiah,52,32,בבל,nmpr,topo,F:unclassified-name,Other Tanakh
264728,1427214,480019,Jeremiah,52,34,מלך,subs,,B:deity-candidate,Other Tanakh
264729,1427214,480019,Jeremiah,52,34,בבל,nmpr,topo,F:unclassified-name,Other Tanakh
264761,1427215,480021,Ezekiel,1,1,כבר,nmpr,topo,F:unclassified-name,Other Tanakh
264768,1427215,480023,Ezekiel,1,1,אלהים,subs,,D:Elohim,Other Tanakh
264782,1427216,480025,Ezekiel,1,2,מלך,subs,,B:deity-candidate,Other Tanakh
264783,1427216,480025,Ezekiel,1,2,יויכין,nmpr,pers,A:person-candidate,Other Tanakh
264787,1427217,480026,Ezekiel,1,3,יהוה,nmpr,pers,E:YHWH,Other Tanakh
264788,1427217,480026,Ezekiel,1,3,אל,prep,,C:divine-title-candidate,Other Tanakh
264789,1427217,480026,Ezekiel,1,3,יחזקאל,nmpr,pers,A:person-candidate,Other Tanakh
264791,1427217,480026,Ezekiel,1,3,בוזי,nmpr,pers,A:person-candidate,Other Tanakh
264799,1427217,480026,Ezekiel,1,3,כבר,nmpr,topo,F:unclassified-name,Other Tanakh
264805,1427217,480027,Ezekiel,1,3,יהוה,nmpr,pers,E:YHWH,Other Tanakh
264894,1427223,480046,Ezekiel,1,9,אל,prep,,C:divine-title-candidate,Other Tanakh
264902,1427223,480049,Ezekiel,1,9,אל,prep,,C:divine-title-candidate,Other Tanakh
264914,1427224,480052,Ezekiel,1,10,אל,prep,,C:divine-title-candidate,Other Tanakh
264952,1427226,480061,Ezekiel,1,12,אל,prep,,C:divine-title-candidate,Other Tanakh
264956,1427226,480062,Ezekiel,1,12,אל,prep,,C:divine-title-candidate,Other Tanakh
265176,1427237,480112,Ezekiel,1,23,אל,prep,,C:divine-title-candidate,Other Tanakh
265204,1427238,480115,Ezekiel,1,24,שדי,nmpr,pers,C:divine-title-candidate,Other Tanakh
265313,1427242,480137,Ezekiel,1,28,יהוה,nmpr,pers,E:YHWH,Other Tanakh
265326,1427243,480142,Ezekiel,2,1,אל,prep,,C:divine-title-candidate,Other Tanakh
265342,1427244,480147,Ezekiel,2,2,אל,prep,,C:divine-title-candidate,Other Tanakh
265351,1427244,480149,Ezekiel,2,2,אל,prep,,C:divine-title-candidate,Other Tanakh
265354,1427245,480150,Ezekiel,2,3,אל,prep,,C:divine-title-candidate,Other Tanakh
265360,1427245,480152,Ezekiel,2,3,אל,prep,,C:divine-title-candidate,Other Tanakh
265362,1427245,480152,Ezekiel,2,3,ישראל,nmpr,"pers,gens,topo",F:unclassified-name,Other Tanakh
265363,1427245,480152,Ezekiel,2,3,אל,prep,,C:divine-title-candidate,Other Tanakh
265392,1427246,480157,Ezekiel,2,4,אל,prep,,C:divine-title-candidate,Other Tanakh
265395,1427246,480158,Ezekiel,2,4,אל,prep,,C:divine-title-candidate,Other Tanakh
265398,1427246,480159,Ezekiel,2,4,אדני,nmpr,pers,C:divine-title-candidate,Other Tanakh
265399,1427246,480159,Ezekiel,2,4,יהוה,nmpr,pers,E:YHWH,Other Tanakh
265422,1427248,480168,Ezekiel,2,6,אל,nega,,C:divine-title-candidate,Other Tanakh
265428,1427248,480169,Ezekiel,2,6,אל,nega,,C:divine-title-candidate,Other Tanakh
265436,1427248,480171,Ezekiel,2,6,אל,prep,,C:divine-title-candidate,Other Tanakh
265442,1427248,480172,Ezekiel,2,6,אל,nega,,C:divine-title-candidate,Other Tanakh
265447,1427248,480173,Ezekiel,2,6,אל,nega,,C:divine-title-candidate,Other Tanakh
265457,1427249,480175,Ezekiel,2,7,אל,prep,,C:divine-title-candidate,Other Tanakh
265475,1427250,480182,Ezekiel,2,8,אל,prep,,C:divine-title-candidate,Other Tanakh
265476,1427250,480183,Ezekiel,2,8,אל,nega,,C:divine-title-candidate,Other Tanakh
265491,1427250,480186,Ezekiel,2,8,אל,prep,,C:divine-title-candidate,Other Tanakh
265498,1427251,480189,Ezekiel,2,9,אל,prep,,C:divine-title-candidate,Other Tanakh
265517,1427252,480194,Ezekiel,2,10,אל,prep,,C:divine-title-candidate,Other Tanakh
265525,1427253,480195,Ezekiel,3,1,אל,prep,,C:divine-title-candidate,Other Tanakh
265541,1427253,480201,Ezekiel,3,1,אל,prep,,C:divine-title-candidate,Other Tanakh
265543,1427253,480201,Ezekiel,3,1,ישראל,nmpr,"pers,gens,topo",F:unclassified-name,Other Tanakh
265557,1427255,480204,Ezekiel,3,3,אל,prep,,C:divine-title-candidate,Other Tanakh
265573,1427255,480208,Ezekiel,3,3,אל,prep,,C:divine-title-candidate,Other Tanakh
265586,1427256,480211,Ezekiel,3,4,אל,prep,,C:divine-title-candidate,Other Tanakh
265591,1427256,480214,Ezekiel,3,4,אל,prep,,C:divine-title-candidate,Other Tanakh
265593,1427256,480214,Ezekiel,3,4,ישראל,nmpr,"pers,gens,topo",F:unclassified-name,Other Tanakh
265598,1427256,480215,Ezekiel,3,4,אל,prep,,C:divine-title-candidate,Other Tanakh
265601,1427257,480216,Ezekiel,3,5,אל,prep,,C:divine-title-candidate,Other Tanakh
265610,1427257,480217,Ezekiel,3,5,אל,prep,,C:divine-title-candidate,Other Tanakh
265612,1427257,480217,Ezekiel,3,5,ישראל,nmpr,"pers,gens,topo",F:unclassified-name,Other Tanakh
265614,1427258,480218,Ezekiel,3,6,אל,prep,,C:divine-title-candidate,Other Tanakh
265628,1427258,480220,Ezekiel,3,6,אל,prep,,C:divine-title-candidate,Other Tanakh
265632,1427258,480221,Ezekiel,3,6,אל,prep,,C:divine-title-candidate,Other Tanakh
265635,1427259,480222,Ezekiel,3,7,ישראל,nmpr,"pers,gens,topo",F:unclassified-name,Other Tanakh
265640,1427259,480223,Ezekiel,3,7,אל,prep,,C:divine-title-candidate,Other Tanakh
265646,1427259,480225,Ezekiel,3,7,אל,prep,,C:divine-title-candidate,Other Tanakh
265650,1427259,480226,Ezekiel,3,7,ישראל,nmpr,"pers,gens,topo",F:unclassified-name,Other Tanakh
265693,1427262,480234,Ezekiel,3,10,אל,prep,,C:divine-title-candidate,Other Tanakh
265701,1427262,480237,Ezekiel,3,10,אל,prep,,C:divine-title-candidate,Other Tanakh
265712,1427263,480240,Ezekiel,3,11,אל,prep,,C:divine-title-candidate,Other Tanakh
265715,1427263,480240,Ezekiel,3,11,אל,prep,,C:divine-title-candidate,Other Tanakh
265720,1427263,480241,Ezekiel,3,11,אל,prep,,C:divine-title-candidate,Other Tanakh
265723,1427263,480242,Ezekiel,3,11,אל,prep,,C:divine-title-candidate,Other Tanakh
265726,1427263,480243,Ezekiel,3,11,אדני,nmpr,pers,C:divine-title-candidate,Other Tanakh
265727,1427263,480243,Ezekiel,3,11,יהוה,nmpr,pers,E:YHWH,Other Tanakh
265744,1427264,480248,Ezekiel,3,12,יהוה,nmpr,pers,E:YHWH,Other Tanakh
265754,1427265,480251,Ezekiel,3,13,אל,prep,,C:divine-title-candidate,Other Tanakh
265779,1427266,480257,Ezekiel,3,14,יהוה,nmpr,pers,E:YHWH,Other Tanakh
265784,1427267,480258,Ezekiel,3,15,אל,prep,,C:divine-title-candidate,Other Tanakh
265787,1427267,480258,Ezekiel,3,15,תל אביב,nmpr,topo,F:unclassified-name,Other Tanakh
265790,1427267,480259,Ezekiel,3,15,אל,prep,,C:divine-title-candidate,Other Tanakh
265792,1427267,480259,Ezekiel,3,15,כבר,nmpr,topo,F:unclassified-name,Other Tanakh
265815,1427268,480264,Ezekiel,3,16,יהוה,nmpr,pers,E:YHWH,Other Tanakh
265816,1427268,480264,Ezekiel,3,16,אל,prep,,C:divine-title-candidate,Other Tanakh
265825,1427269,480267,Ezekiel,3,17,ישראל,nmpr,"pers,gens,topo",F:unclassified-name,Other Tanakh
265951,1427274,480299,Ezekiel,3,22,יהוה,nmpr,pers,E:YHWH,Other Tanakh
265954,1427274,480300,Ezekiel,3,22,אל,prep,,C:divine-title-candidate,Other Tanakh
265957,1427274,480302,Ezekiel,3,22,אל,prep,,C:divine-title-candidate,Other Tanakh
265968,1427275,480305,Ezekiel,3,23,אל,prep,,C:divine-title-candidate,Other Tanakh
265975,1427275,480306,Ezekiel,3,23,יהוה,nmpr,pers,E:YHWH,Other Tanakh
265984,1427275,480307,Ezekiel,3,23,כבר,nmpr,topo,F:unclassified-name,Other Tanakh
266002,1427276,480312,Ezekiel,3,24,אל,prep,,C:divine-title-candidate,Other Tanakh
266027,1427278,480320,Ezekiel,3,26,אל,prep,,C:divine-title-candidate,Other Tanakh
266051,1427279,480327,Ezekiel,3,27,אל,prep,,C:divine-title-candidate,Other Tanakh
266054,1427279,480328,Ezekiel,3,27,אדני,nmpr,pers,C:divine-title-candidate,Other Tanakh
266055,1427279,480328,Ezekiel,3,27,יהוה,nmpr,pers,E:YHWH,Other Tanakh
266084,1427280,480337,Ezekiel,4,1,ירושלם,nmpr,topo,F:unclassified-name,Other Tanakh
266126,1427282,480346,Ezekiel,4,3,אל,prep,,C:divine-title-candidate,Other Tanakh
266139,1427282,480349,Ezekiel,4,3,ישראל,nmpr,"pers,gens,topo",F:unclassified-name,Other Tanakh
266152,1427283,480352,Ezekiel,4,4,ישראל,nmpr,"pers,gens,topo",F:unclassified-name,Other Tanakh
266182,1427284,480356,Ezekiel,4,5,ישראל,nmpr,"pers,gens,topo",F:unclassified-name,Other Tanakh
266199,1427285,480359,Ezekiel,4,6,יהודה,nmpr,"pers,gens,topo",F:unclassified-name,Other Tanakh
266213,1427286,480362,Ezekiel,4,7,אל,prep,,C:divine-title-candidate,Other Tanakh
266215,1427286,480362,Ezekiel,4,7,ירושלם,nmpr,topo,F:unclassified-name,Other Tanakh
266234,1427287,480366,Ezekiel,4,8,אל,prep,,C:divine-title-candidate,Other Tanakh
266326,1427292,480385,Ezekiel,4,13,יהוה,nmpr,pers,E:YHWH,Other Tanakh
266330,1427292,480386,Ezekiel,4,13,ישראל,nmpr,"pers,gens,topo",F:unclassified-name,Other Tanakh
266343,1427293,480389,Ezekiel,4,14,אדני,nmpr,pers,C:divine-title-candidate,Other Tanakh
266344,1427293,480389,Ezekiel,4,14,יהוה,nmpr,pers,E:YHWH,Other Tanakh
266369,1427294,480393,Ezekiel,4,15,אל,prep,,C:divine-title-candidate,Other Tanakh
266388,1427295,480397,Ezekiel,4,16,אל,prep,,C:divine-title-candidate,Other Tanakh
266396,1427295,480399,Ezekiel,4,16,ירושלם,nmpr,topo,F:unclassified-name,Other Tanakh
266508,1427300,480421,Ezekiel,5,4,אל,prep,,C:divine-title-candidate,Other Tanakh
266521,1427300,480423,Ezekiel,5,4,אל,prep,,C:divine-title-candidate,Other Tanakh
266524,1427300,480423,Ezekiel,5,4,ישראל,nmpr,"pers,gens,topo",F:unclassified-name,Other Tanakh
266527,1427301,480424,Ezekiel,5,5,אדני,nmpr,pers,C:divine-title-candidate,Other Tanakh
266528,1427301,480424,Ezekiel,5,5,יהוה,nmpr,pers,E:YHWH,Other Tanakh
266530,1427301,480425,Ezekiel,5,5,ירושלם,nmpr,topo,F:unclassified-name,Other Tanakh
266568,1427303,480435,Ezekiel,5,7,אדני,nmpr,pers,C:divine-title-candidate,Other Tanakh
266569,1427303,480435,Ezekiel,5,7,יהוה,nmpr,pers,E:YHWH,Other Tanakh
266598,1427304,480443,Ezekiel,5,8,אדני,nmpr,pers,C:divine-title-candidate,Other Tanakh
266599,1427304,480443,Ezekiel,5,8,יהוה,nmpr,pers,E:YHWH,Other Tanakh
266656,1427307,480456,Ezekiel,5,11,אדני,nmpr,pers,C:divine-title-candidate,Other Tanakh
266657,1427307,480456,Ezekiel,5,11,יהוה,nmpr,pers,E:YHWH,Other Tanakh
266728,1427309,480471,Ezekiel,5,13,יהוה,nmpr,pers,E:YHWH,Other Tanakh
266779,1427311,480478,Ezekiel,5,15,יהוה,nmpr,pers,E:YHWH,Other Tanakh
266828,1427313,480489,Ezekiel,5,17,יהוה,nmpr,pers,E:YHWH,Other Tanakh
266833,1427314,480490,Ezekiel,6,1,יהוה,nmpr,pers,E:YHWH,Other Tanakh
266834,1427314,480490,Ezekiel,6,1,אל,prep,,C:divine-title-candidate,Other Tanakh
266841,1427315,480493,Ezekiel,6,2,אל,prep,,C:divine-title-candidate,Other Tanakh
266843,1427315,480493,Ezekiel,6,2,ישראל,nmpr,"pers,gens,topo",F:unclassified-name,Other Tanakh
266846,1427315,480494,Ezekiel,6,2,אל,prep,,C:divine-title-candidate,Other Tanakh
266850,1427316,480496,Ezekiel,6,3,ישראל,nmpr,"pers,gens,topo",F:unclassified-name,Other Tanakh
266853,1427316,480497,Ezekiel,6,3,אדני,nmpr,pers,C:divine-title-candidate,Other Tanakh
266854,1427316,480497,Ezekiel,6,3,יהוה,nmpr,pers,E:YHWH,Other Tanakh
266857,1427316,480498,Ezekiel,6,3,אדני,nmpr,pers,C:divine-title-candidate,Other Tanakh
266858,1427316,480498,Ezekiel,6,3,יהוה,nmpr,pers,E:YHWH,Other Tanakh
266898,1427318,480505,Ezekiel,6,5,ישראל,nmpr,"pers,gens,topo",F:unclassified-name,Other Tanakh
266943,1427320,480517,Ezekiel,6,7,יהוה,nmpr,pers,E:YHWH,Other Tanakh
266990,1427322,480527,Ezekiel,6,9,אל,prep,,C:divine-title-candidate,Other Tanakh
267002,1427323,480530,Ezekiel,6,10,יהוה,nmpr,pers,E:YHWH,Other Tanakh
267004,1427323,480531,Ezekiel,6,10,אל,prep,,C:divine-title-candidate,Other Tanakh
267016,1427324,480533,Ezekiel,6,11,אדני,nmpr,pers,C:divine-title-candidate,Other Tanakh
267017,1427324,480533,Ezekiel,6,11,יהוה,nmpr,pers,E:YHWH,Other Tanakh
267028,1427324,480536,Ezekiel,6,11,אל,prep,,C:divine-title-candidate,Other Tanakh
267033,1427324,480536,Ezekiel,6,11,ישראל,nmpr,"pers,gens,topo",F:unclassified-name,Other Tanakh
267077,1427326,480544,Ezekiel,6,13,יהוה,nmpr,pers,E:YHWH,Other Tanakh
267086,1427326,480545,Ezekiel,6,13,אל,prep,,C:divine-title-candidate,Other Tanakh
267129,1427327,480549,Ezekiel,6,14,דבלה,nmpr,topo,F:unclassified-name,Other Tanakh
267137,1427327,480551,Ezekiel,6,14,יהוה,nmpr,pers,E:YHWH,Other Tanakh
267141,1427328,480552,Ezekiel,7,1,יהוה,nmpr,pers,E:YHWH,Other Tanakh
267142,1427328,480552,Ezekiel,7,1,אל,prep,,C:divine-title-candidate,Other Tanakh
267151,1427329,480556,Ezekiel,7,2,אדני,nmpr,pers,C:divine-title-candidate,Other Tanakh
267152,1427329,480556,Ezekiel,7,2,יהוה,nmpr,pers,E:YHWH,Other Tanakh
267155,1427329,480556,Ezekiel,7,2,ישראל,nmpr,"pers,gens,topo",F:unclassified-name,Other Tanakh
267204,1427331,480568,Ezekiel,7,4,יהוה,nmpr,pers,E:YHWH,Other Tanakh
267207,1427332,480569,Ezekiel,7,5,אדני,nmpr,pers,C:divine-title-candidate,Other Tanakh
267208,1427332,480569,Ezekiel,7,5,יהוה,nmpr,pers,E:YHWH,Other Tanakh
267220,1427333,480574,Ezekiel,7,6,אל,prep,,C:divine-title-candidate,Other Tanakh
267226,1427334,480576,Ezekiel,7,7,אל,prep,,C:divine-title-candidate,Other Tanakh
267281,1427336,480591,Ezekiel,7,9,יהוה,nmpr,pers,E:YHWH,Other Tanakh
267325,1427339,480604,Ezekiel,7,12,אל,nega,,C:divine-title-candidate,Other Tanakh
267330,1427339,480605,Ezekiel,7,12,אל,nega,,C:divine-title-candidate,Other Tanakh
267334,1427339,480606,Ezekiel,7,12,אל,prep,,C:divine-title-candidate,Other Tanakh
267340,1427340,480607,Ezekiel,7,13,אל,prep,,C:divine-title-candidate,Other Tanakh
267353,1427340,480609,Ezekiel,7,13,אל,prep,,C:divine-title-candidate,Other Tanakh
267381,1427341,480615,Ezekiel,7,14,אל,prep,,C:divine-title-candidate,Other Tanakh
267419,1427343,480623,Ezekiel,7,16,אל,prep,,C:divine-title-candidate,Other Tanakh
267448,1427345,480630,Ezekiel,7,18,אל,prep,,C:divine-title-candidate,Other Tanakh
267477,1427346,480635,Ezekiel,7,19,יהוה,nmpr,pers,E:YHWH,Other Tanakh
267580,1427353,480661,Ezekiel,7,26,אל,prep,,C:divine-title-candidate,Other Tanakh
267598,1427354,480665,Ezekiel,7,27,מלך,subs,,B:deity-candidate,Other Tanakh
267622,1427354,480671,Ezekiel,7,27,יהוה,nmpr,pers,E:YHWH,Other Tanakh
267644,1427355,480674,Ezekiel,8,1,יהודה,nmpr,"pers,gens,topo",F:unclassified-name,Other Tanakh
267653,1427355,480675,Ezekiel,8,1,אדני,nmpr,pers,C:divine-title-candidate,Other Tanakh
267654,1427355,480675,Ezekiel,8,1,יהוה,nmpr,pers,E:YHWH,Other Tanakh
267706,1427357,480683,Ezekiel,8,3,ירושלם,nmpr,topo,F:unclassified-name,Other Tanakh
267709,1427357,480683,Ezekiel,8,3,אלהים,subs,,D:Elohim,Other Tanakh
267710,1427357,480683,Ezekiel,8,3,אל,prep,,C:divine-title-candidate,Other Tanakh
267730,1427358,480687,Ezekiel,8,4,אלהים,subs,,D:Elohim,Other Tanakh
267731,1427358,480687,Ezekiel,8,4,ישראל,nmpr,"pers,gens,topo",F:unclassified-name,Other Tanakh
267742,1427359,480690,Ezekiel,8,5,אל,prep,,C:divine-title-candidate,Other Tanakh
267773,1427360,480695,Ezekiel,8,6,אל,prep,,C:divine-title-candidate,Other Tanakh
267786,1427360,480700,Ezekiel,8,6,ישראל,nmpr,"pers,gens,topo",F:unclassified-name,Other Tanakh
267803,1427361,480704,Ezekiel,8,7,אל,prep,,C:divine-title-candidate,Other Tanakh
267818,1427362,480707,Ezekiel,8,8,אל,prep,,C:divine-title-candidate,Other Tanakh
267837,1427363,480712,Ezekiel,8,9,אל,prep,,C:divine-title-candidate,Other Tanakh
267866,1427364,480718,Ezekiel,8,10,ישראל,nmpr,"pers,gens,topo",F:unclassified-name,Other Tanakh
267879,1427365,480719,Ezekiel,8,11,ישראל,nmpr,"pers,gens,topo",F:unclassified-name,Other Tanakh
267881,1427365,480720,Ezekiel,8,11,יאזניהו,nmpr,pers,A:person-candidate,Other Tanakh
267883,1427365,480720,Ezekiel,8,11,שפן,nmpr,pers,A:person-candidate,Other Tanakh
267903,1427366,480724,Ezekiel,8,12,אל,prep,,C:divine-title-candidate,Other Tanakh
267911,1427366,480727,Ezekiel,8,12,ישראל,nmpr,"pers,gens,topo",F:unclassified-name,Other Tanakh
267923,1427366,480730,Ezekiel,8,12,יהוה,nmpr,pers,E:YHWH,Other Tanakh
267927,1427366,480731,Ezekiel,8,12,יהוה,nmpr,pers,E:YHWH,Other Tanakh
267933,1427367,480732,Ezekiel,8,13,אל,prep,,C:divine-title-candidate,Other Tanakh
267945,1427368,480736,Ezekiel,8,14,אל,prep,,C:divine-title-candidate,Other Tanakh
267949,1427368,480736,Ezekiel,8,14,יהוה,nmpr,pers,E:YHWH,Other Tanakh
267951,1427368,480737,Ezekiel,8,14,אל,prep,,C:divine-title-candidate,Other Tanakh
267963,1427368,480739,Ezekiel,8,14,תמוז,nmpr,pers,B:deity-candidate,Other Tanakh
267966,1427369,480740,Ezekiel,8,15,אל,prep,,C:divine-title-candidate,Other Tanakh
267981,1427370,480745,Ezekiel,8,16,אל,prep,,C:divine-title-candidate,Other Tanakh
267984,1427370,480745,Ezekiel,8,16,יהוה,nmpr,pers,E:YHWH,Other Tanakh
267991,1427370,480746,Ezekiel,8,16,יהוה,nmpr,pers,E:YHWH,Other Tanakh
268005,1427370,480747,Ezekiel,8,16,אל,prep,,C:divine-title-candidate,Other Tanakh
268007,1427370,480747,Ezekiel,8,16,יהוה,nmpr,pers,E:YHWH,Other Tanakh
268020,1427371,480750,Ezekiel,8,17,אל,prep,,C:divine-title-candidate,Other Tanakh
268029,1427371,480753,Ezekiel,8,17,יהודה,nmpr,"pers,gens,topo",F:unclassified-name,Other Tanakh
268054,1427371,480759,Ezekiel,8,17,אל,prep,,C:divine-title-candidate,Other Tanakh
268105,1427374,480772,Ezekiel,9,2,עליון,adjv,,C:divine-title-candidate,Other Tanakh
268138,1427375,480780,Ezekiel,9,3,אלהים,subs,,D:Elohim,Other Tanakh
268139,1427375,480780,Ezekiel,9,3,ישראל,nmpr,"pers,gens,topo",F:unclassified-name,Other Tanakh
268148,1427375,480780,Ezekiel,9,3,אל,prep,,C:divine-title-candidate,Other Tanakh
268154,1427375,480782,Ezekiel,9,3,אל,prep,,C:divine-title-candidate,Other Tanakh
268169,1427376,480785,Ezekiel,9,4,יהוה,nmpr,pers,E:YHWH,Other Tanakh
268170,1427376,480785,Ezekiel,9,4,אל,prep,,C:divine-title-candidate,Other Tanakh
268178,1427376,480786,Ezekiel,9,4,ירושלם,nmpr,topo,F:unclassified-name,Other Tanakh
268212,1427377,480794,Ezekiel,9,5,אל,nega,,C:divine-title-candidate,Other Tanakh
268216,1427377,480795,Ezekiel,9,5,אל,nega,,C:divine-title-candidate,Other Tanakh
268237,1427378,480797,Ezekiel,9,6,אל,nega,,C:divine-title-candidate,Other Tanakh
268257,1427379,480802,Ezekiel,9,7,אל,prep,,C:divine-title-candidate,Other Tanakh
268292,1427380,480814,Ezekiel,9,8,אדני,nmpr,pers,C:divine-title-candidate,Other Tanakh
268293,1427380,480814,Ezekiel,9,8,יהוה,nmpr,pers,E:YHWH,Other Tanakh
268300,1427380,480815,Ezekiel,9,8,ישראל,nmpr,"pers,gens,topo",F:unclassified-name,Other Tanakh
268306,1427380,480816,Ezekiel,9,8,ירושלם,nmpr,topo,F:unclassified-name,Other Tanakh
268309,1427381,480817,Ezekiel,9,9,אל,prep,,C:divine-title-candidate,Other Tanakh
268312,1427381,480818,Ezekiel,9,9,ישראל,nmpr,"pers,gens,topo",F:unclassified-name,Other Tanakh
268314,1427381,480818,Ezekiel,9,9,יהודה,nmpr,"pers,gens,topo",F:unclassified-name,Other Tanakh
268332,1427381,480822,Ezekiel,9,9,יהוה,nmpr,pers,E:YHWH,Other Tanakh
268338,1427381,480823,Ezekiel,9,9,יהוה,nmpr,pers,E:YHWH,Other Tanakh
268378,1427384,480836,Ezekiel,10,1,אל,prep,,C:divine-title-candidate,Other Tanakh
268397,1427385,480838,Ezekiel,10,2,אל,prep,,C:divine-title-candidate,Other Tanakh
268406,1427385,480840,Ezekiel,10,2,אל,prep,,C:divine-title-candidate,Other Tanakh
268411,1427385,480840,Ezekiel,10,2,אל,prep,,C:divine-title-candidate,Other Tanakh
268460,1427387,480847,Ezekiel,10,4,יהוה,nmpr,pers,E:YHWH,Other Tanakh
268483,1427387,480849,Ezekiel,10,4,יהוה,nmpr,pers,E:YHWH,Other Tanakh
268497,1427388,480850,Ezekiel,10,5,אל,subs,,C:divine-title-candidate,Other Tanakh
268498,1427388,480850,Ezekiel,10,5,שדי,nmpr,pers,C:divine-title-candidate,Other Tanakh
268543,1427390,480858,Ezekiel,10,7,אל,prep,,C:divine-title-candidate,Other Tanakh
268554,1427390,480861,Ezekiel,10,7,אל,prep,,C:divine-title-candidate,Other Tanakh
268620,1427394,480875,Ezekiel,10,11,אל,prep,,C:divine-title-candidate,Other Tanakh
268706,1427398,480893,Ezekiel,10,15,כבר,nmpr,topo,F:unclassified-name,Other Tanakh
268753,1427401,480904,Ezekiel,10,18,יהוה,nmpr,pers,E:YHWH,Other Tanakh
268789,1427402,480910,Ezekiel,10,19,יהוה,nmpr,pers,E:YHWH,Other Tanakh
268794,1427402,480911,Ezekiel,10,19,אלהים,subs,,D:Elohim,Other Tanakh
268795,1427402,480911,Ezekiel,10,19,ישראל,nmpr,"pers,gens,topo",F:unclassified-name,Other Tanakh
268806,1427403,480913,Ezekiel,10,20,אלהים,subs,,D:Elohim,Other Tanakh
268807,1427403,480913,Ezekiel,10,20,ישראל,nmpr,"pers,gens,topo",F:unclassified-name,Other Tanakh
268810,1427403,480913,Ezekiel,10,20,כבר,nmpr,topo,F:unclassified-name,Other Tanakh
268842,1427405,480921,Ezekiel,10,22,כבר,nmpr,topo,F:unclassified-name,Other Tanakh
268847,1427405,480922,Ezekiel,10,22,אל,prep,,C:divine-title-candidate,Other Tanakh
268858,1427406,480925,Ezekiel,11,1,אל,prep,,C:divine-title-candidate,Other Tanakh
268861,1427406,480925,Ezekiel,11,1,יהוה,nmpr,pers,E:YHWH,Other Tanakh
268882,1427406,480929,Ezekiel,11,1,יאזניה,nmpr,pers,A:person-candidate,Other Tanakh
268884,1427406,480929,Ezekiel,11,1,עזור,nmpr,pers,A:person-candidate,Other Tanakh
268887,1427406,480929,Ezekiel,11,1,פלטיהו,nmpr,pers,A:person-candidate,Other Tanakh
268889,1427406,480929,Ezekiel,11,1,בניהו,nmpr,pers,A:person-candidate,Other Tanakh
268895,1427407,480930,Ezekiel,11,2,אל,prep,,C:divine-title-candidate,Other Tanakh
268938,1427410,480944,Ezekiel,11,5,יהוה,nmpr,pers,E:YHWH,Other Tanakh
268941,1427410,480945,Ezekiel,11,5,אל,prep,,C:divine-title-candidate,Other Tanakh
268945,1427410,480947,Ezekiel,11,5,יהוה,nmpr,pers,E:YHWH,Other Tanakh
268949,1427410,480949,Ezekiel,11,5,ישראל,nmpr,"pers,gens,topo",F:unclassified-name,Other Tanakh
268969,1427412,480955,Ezekiel,11,7,אדני,nmpr,pers,C:divine-title-candidate,Other Tanakh
268970,1427412,480955,Ezekiel,11,7,יהוה,nmpr,pers,E:YHWH,Other Tanakh
268995,1427413,480963,Ezekiel,11,8,אדני,nmpr,pers,C:divine-title-candidate,Other Tanakh
268996,1427413,480963,Ezekiel,11,8,יהוה,nmpr,pers,E:YHWH,Other Tanakh
269018,1427415,480968,Ezekiel,11,10,ישראל,nmpr,"pers,gens,topo",F:unclassified-name,Other Tanakh
269025,1427415,480970,Ezekiel,11,10,יהוה,nmpr,pers,E:YHWH,Other Tanakh
269039,1427416,480973,Ezekiel,11,11,אל,prep,,C:divine-title-candidate,Other Tanakh
269041,1427416,480973,Ezekiel,11,11,ישראל,nmpr,"pers,gens,topo",F:unclassified-name,Other Tanakh
269048,1427417,480975,Ezekiel,11,12,יהוה,nmpr,pers,E:YHWH,Other Tanakh
269071,1427418,480982,Ezekiel,11,13,פלטיהו,nmpr,pers,A:person-candidate,Other Tanakh
269073,1427418,480982,Ezekiel,11,13,בניה,nmpr,pers,A:person-candidate,Other Tanakh
269086,1427418,480986,Ezekiel,11,13,אדני,nmpr,pers,C:divine-title-candidate,Other Tanakh
269087,1427418,480986,Ezekiel,11,13,יהוה,nmpr,pers,E:YHWH,Other Tanakh
269093,1427418,480987,Ezekiel,11,13,ישראל,nmpr,"pers,gens,topo",F:unclassified-name,Other Tanakh
269097,1427419,480988,Ezekiel,11,14,יהוה,nmpr,pers,E:YHWH,Other Tanakh
269098,1427419,480988,Ezekiel,11,14,אל,prep,,C:divine-title-candidate,Other Tanakh
269110,1427420,480991,Ezekiel,11,15,ישראל,nmpr,"pers,gens,topo",F:unclassified-name,Other Tanakh
269116,1427420,480992,Ezekiel,11,15,ירושלם,nmpr,topo,F:unclassified-name,Other Tanakh
269120,1427420,480993,Ezekiel,11,15,יהוה,nmpr,pers,E:YHWH,Other Tanakh
269132,1427421,480998,Ezekiel,11,16,אדני,nmpr,pers,C:divine-title-candidate,Other Tanakh
269133,1427421,480998,Ezekiel,11,16,יהוה,nmpr,pers,E:YHWH,Other Tanakh
269161,1427422,481005,Ezekiel,11,17,אדני,nmpr,pers,C:divine-title-candidate,Other Tanakh
269162,1427422,481005,Ezekiel,11,17,יהוה,nmpr,pers,E:YHWH,Other Tanakh
269183,1427422,481009,Ezekiel,11,17,ישראל,nmpr,"pers,gens,topo",F:unclassified-name,Other Tanakh
269241,1427425,481020,Ezekiel,11,20,אלהים,subs,,D:Elohim,Other Tanakh
269243,1427426,481021,Ezekiel,11,21,אל,prep,,C:divine-title-candidate,Other Tanakh
269255,1427426,481023,Ezekiel,11,21,אדני,nmpr,pers,C:divine-title-candidate,Other Tanakh
269256,1427426,481023,Ezekiel,11,21,יהוה,nmpr,pers,E:YHWH,Other Tanakh
269270,1427427,481026,Ezekiel,11,22,אלהים,subs,,D:Elohim,Other Tanakh
269271,1427427,481026,Ezekiel,11,22,ישראל,nmpr,"pers,gens,topo",F:unclassified-name,Other Tanakh
269279,1427428,481027,Ezekiel,11,23,יהוה,nmpr,pers,E:YHWH,Other Tanakh
269301,1427429,481031,Ezekiel,11,24,כשדים,nmpr,topo,F:unclassified-name,Other Tanakh
269302,1427429,481031,Ezekiel,11,24,אל,prep,,C:divine-title-candidate,Other Tanakh
269310,1427429,481031,Ezekiel,11,24,אלהים,subs,,D:Elohim,Other Tanakh
269321,1427430,481034,Ezekiel,11,25,אל,prep,,C:divine-title-candidate,Other Tanakh
269327,1427430,481034,Ezekiel,11,25,יהוה,nmpr,pers,E:YHWH,Other Tanakh
269333,1427431,481036,Ezekiel,12,1,יהוה,nmpr,pers,E:YHWH,Other Tanakh
269334,1427431,481036,Ezekiel,12,1,אל,prep,,C:divine-title-candidate,Other Tanakh
269382,1427433,481050,Ezekiel,12,3,אל,prep,,C:divine-title-candidate,Other Tanakh
269445,1427436,481061,Ezekiel,12,6,ישראל,nmpr,"pers,gens,topo",F:unclassified-name,Other Tanakh
269481,1427438,481068,Ezekiel,12,8,יהוה,nmpr,pers,E:YHWH,Other Tanakh
269482,1427438,481068,Ezekiel,12,8,אל,prep,,C:divine-title-candidate,Other Tanakh
269493,1427439,481071,Ezekiel,12,9,אל,prep,,C:divine-title-candidate,Other Tanakh
269495,1427439,481071,Ezekiel,12,9,ישראל,nmpr,"pers,gens,topo",F:unclassified-name,Other Tanakh
269503,1427440,481073,Ezekiel,12,10,אל,prep,,C:divine-title-candidate,Other Tanakh
269506,1427440,481074,Ezekiel,12,10,אדני,nmpr,pers,C:divine-title-candidate,Other Tanakh
269507,1427440,481074,Ezekiel,12,10,יהוה,nmpr,pers,E:YHWH,Other Tanakh
269515,1427440,481075,Ezekiel,12,10,ירושלם,nmpr,topo,F:unclassified-name,Other Tanakh
269519,1427440,481076,Ezekiel,12,10,ישראל,nmpr,"pers,gens,topo",F:unclassified-name,Other Tanakh
269546,1427442,481083,Ezekiel,12,12,אל,prep,,C:divine-title-candidate,Other Tanakh
269586,1427443,481092,Ezekiel,12,13,בבל,nmpr,topo,F:unclassified-name,Other Tanakh
269616,1427445,481099,Ezekiel,12,15,יהוה,nmpr,pers,E:YHWH,Other Tanakh
269656,1427446,481106,Ezekiel,12,16,יהוה,nmpr,pers,E:YHWH,Other Tanakh
269660,1427447,481107,Ezekiel,12,17,יהוה,nmpr,pers,E:YHWH,Other Tanakh
269661,1427447,481107,Ezekiel,12,17,אל,prep,,C:divine-title-candidate,Other Tanakh
269680,1427449,481112,Ezekiel,12,19,אל,prep,,C:divine-title-candidate,Other Tanakh
269686,1427449,481113,Ezekiel,12,19,אדני,nmpr,pers,C:divine-title-candidate,Other Tanakh
269687,1427449,481113,Ezekiel,12,19,יהוה,nmpr,pers,E:YHWH,Other Tanakh
269690,1427449,481113,Ezekiel,12,19,ירושלם,nmpr,topo,F:unclassified-name,Other Tanakh
269691,1427449,481113,Ezekiel,12,19,אל,prep,,C:divine-title-candidate,Other Tanakh
269693,1427449,481113,Ezekiel,12,19,ישראל,nmpr,"pers,gens,topo",F:unclassified-name,Other Tanakh
269729,1427450,481122,Ezekiel,12,20,יהוה,nmpr,pers,E:YHWH,Other Tanakh
269733,1427451,481123,Ezekiel,12,21,יהוה,nmpr,pers,E:YHWH,Other Tanakh
269734,1427451,481123,Ezekiel,12,21,אל,prep,,C:divine-title-candidate,Other Tanakh
269747,1427452,481126,Ezekiel,12,22,ישראל,nmpr,"pers,gens,topo",F:unclassified-name,Other Tanakh
269759,1427453,481131,Ezekiel,12,23,אל,prep,,C:divine-title-candidate,Other Tanakh
269762,1427453,481132,Ezekiel,12,23,אדני,nmpr,pers,C:divine-title-candidate,Other Tanakh
269763,1427453,481132,Ezekiel,12,23,יהוה,nmpr,pers,E:YHWH,Other Tanakh
269776,1427453,481134,Ezekiel,12,23,ישראל,nmpr,"pers,gens,topo",F:unclassified-name,Other Tanakh
269780,1427453,481135,Ezekiel,12,23,אל,prep,,C:divine-title-candidate,Other Tanakh
269801,1427454,481138,Ezekiel,12,24,ישראל,nmpr,"pers,gens,topo",F:unclassified-name,Other Tanakh
269804,1427455,481139,Ezekiel,12,25,יהוה,nmpr,pers,E:YHWH,Other Tanakh
269826,1427455,481148,Ezekiel,12,25,אדני,nmpr,pers,C:divine-title-candidate,Other Tanakh
269827,1427455,481148,Ezekiel,12,25,יהוה,nmpr,pers,E:YHWH,Other Tanakh
269831,1427456,481149,Ezekiel,12,26,יהוה,nmpr,pers,E:YHWH,Other Tanakh
269832,1427456,481149,Ezekiel,12,26,אל,prep,,C:divine-title-candidate,Other Tanakh
269839,1427457,481153,Ezekiel,12,27,ישראל,nmpr,"pers,gens,topo",F:unclassified-name,Other Tanakh
269857,1427458,481158,Ezekiel,12,28,אל,prep,,C:divine-title-candidate,Other Tanakh
269860,1427458,481159,Ezekiel,12,28,אדני,nmpr,pers,C:divine-title-candidate,Other Tanakh
269861,1427458,481159,Ezekiel,12,28,יהוה,nmpr,pers,E:YHWH,Other Tanakh
269873,1427458,481163,Ezekiel,12,28,אדני,nmpr,pers,C:divine-title-candidate,Other Tanakh
269874,1427458,481163,Ezekiel,12,28,יהוה,nmpr,pers,E:YHWH,Other Tanakh
269878,1427459,481164,Ezekiel,13,1,יהוה,nmpr,pers,E:YHWH,Other Tanakh
269879,1427459,481164,Ezekiel,13,1,אל,prep,,C:divine-title-candidate,Other Tanakh
269885,1427460,481167,Ezekiel,13,2,אל,prep,,C:divine-title-candidate,Other Tanakh
269887,1427460,481167,Ezekiel,13,2,ישראל,nmpr,"pers,gens,topo",F:unclassified-name,Other Tanakh
269898,1427460,481170,Ezekiel,13,2,יהוה,nmpr,pers,E:YHWH,Other Tanakh
269901,1427461,481171,Ezekiel,13,3,אדני,nmpr,pers,C:divine-title-candidate,Other Tanakh
269902,1427461,481171,Ezekiel,13,3,יהוה,nmpr,pers,E:YHWH,Other Tanakh
269922,1427462,481176,Ezekiel,13,4,ישראל,nmpr,"pers,gens,topo",F:unclassified-name,Other Tanakh
269934,1427463,481178,Ezekiel,13,5,ישראל,nmpr,"pers,gens,topo",F:unclassified-name,Other Tanakh
269942,1427463,481179,Ezekiel,13,5,יהוה,nmpr,pers,E:YHWH,Other Tanakh
269951,1427464,481182,Ezekiel,13,6,יהוה,nmpr,pers,E:YHWH,Other Tanakh
269953,1427464,481183,Ezekiel,13,6,יהוה,nmpr,pers,E:YHWH,Other Tanakh
269973,1427465,481189,Ezekiel,13,7,יהוה,nmpr,pers,E:YHWH,Other Tanakh
269981,1427466,481192,Ezekiel,13,8,אדני,nmpr,pers,C:divine-title-candidate,Other Tanakh
269982,1427466,481192,Ezekiel,13,8,יהוה,nmpr,pers,E:YHWH,Other Tanakh
269991,1427466,481196,Ezekiel,13,8,אל,prep,,C:divine-title-candidate,Other Tanakh
269993,1427466,481197,Ezekiel,13,8,אדני,nmpr,pers,C:divine-title-candidate,Other Tanakh
269994,1427466,481197,Ezekiel,13,8,יהוה,nmpr,pers,E:YHWH,Other Tanakh
269998,1427467,481198,Ezekiel,13,9,אל,prep,,C:divine-title-candidate,Other Tanakh
270017,1427467,481202,Ezekiel,13,9,ישראל,nmpr,"pers,gens,topo",F:unclassified-name,Other Tanakh
270021,1427467,481203,Ezekiel,13,9,אל,prep,,C:divine-title-candidate,Other Tanakh
270023,1427467,481203,Ezekiel,13,9,ישראל,nmpr,"pers,gens,topo",F:unclassified-name,Other Tanakh
270030,1427467,481205,Ezekiel,13,9,אדני,nmpr,pers,C:divine-title-candidate,Other Tanakh
270031,1427467,481205,Ezekiel,13,9,יהוה,nmpr,pers,E:YHWH,Other Tanakh
270055,1427469,481214,Ezekiel,13,11,אל,prep,,C:divine-title-candidate,Other Tanakh
270080,1427470,481221,Ezekiel,13,12,אל,prep,,C:divine-title-candidate,Other Tanakh
270089,1427471,481225,Ezekiel,13,13,אדני,nmpr,pers,C:divine-title-candidate,Other Tanakh
270090,1427471,481225,Ezekiel,13,13,יהוה,nmpr,pers,E:YHWH,Other Tanakh
270120,1427472,481231,Ezekiel,13,14,אל,prep,,C:divine-title-candidate,Other Tanakh
270136,1427472,481236,Ezekiel,13,14,יהוה,nmpr,pers,E:YHWH,Other Tanakh
270162,1427474,481243,Ezekiel,13,16,ישראל,nmpr,"pers,gens,topo",F:unclassified-name,Other Tanakh
270165,1427474,481244,Ezekiel,13,16,אל,prep,,C:divine-title-candidate,Other Tanakh
270166,1427474,481244,Ezekiel,13,16,ירושלם,nmpr,topo,F:unclassified-name,Other Tanakh
270177,1427474,481247,Ezekiel,13,16,אדני,nmpr,pers,C:divine-title-candidate,Other Tanakh
270178,1427474,481247,Ezekiel,13,16,יהוה,nmpr,pers,E:YHWH,Other Tanakh
270185,1427475,481248,Ezekiel,13,17,אל,prep,,C:divine-title-candidate,Other Tanakh
270199,1427476,481253,Ezekiel,13,18,אדני,nmpr,pers,C:divine-title-candidate,Other Tanakh
270200,1427476,481253,Ezekiel,13,18,יהוה,nmpr,pers,E:YHWH,Other Tanakh
270232,1427477,481260,Ezekiel,13,19,אל,prep,,C:divine-title-candidate,Other Tanakh
270263,1427478,481268,Ezekiel,13,20,אדני,nmpr,pers,C:divine-title-candidate,Other Tanakh
270264,1427478,481268,Ezekiel,13,20,יהוה,nmpr,pers,E:YHWH,Other Tanakh
270266,1427478,481269,Ezekiel,13,20,אל,prep,,C:divine-title-candidate,Other Tanakh
270317,1427479,481278,Ezekiel,13,21,יהוה,nmpr,pers,E:YHWH,Other Tanakh
270360,1427481,481288,Ezekiel,13,23,יהוה,nmpr,pers,E:YHWH,Other Tanakh
270363,1427482,481289,Ezekiel,14,1,אל,prep,,C:divine-title-candidate,Other Tanakh
270367,1427482,481289,Ezekiel,14,1,ישראל,nmpr,"pers,gens,topo",F:unclassified-name,Other Tanakh
270375,1427483,481291,Ezekiel,14,2,יהוה,nmpr,pers,E:YHWH,Other Tanakh
270376,1427483,481291,Ezekiel,14,2,אל,prep,,C:divine-title-candidate,Other Tanakh
270404,1427485,481298,Ezekiel,14,4,אל,prep,,C:divine-title-candidate,Other Tanakh
270407,1427485,481299,Ezekiel,14,4,אדני,nmpr,pers,C:divine-title-candidate,Other Tanakh
270408,1427485,481299,Ezekiel,14,4,יהוה,nmpr,pers,E:YHWH,Other Tanakh
270413,1427485,481300,Ezekiel,14,4,ישראל,nmpr,"pers,gens,topo",F:unclassified-name,Other Tanakh
270418,1427485,481301,Ezekiel,14,4,אל,prep,,C:divine-title-candidate,Other Tanakh
270428,1427485,481303,Ezekiel,14,4,אל,prep,,C:divine-title-candidate,Other Tanakh
270432,1427485,481304,Ezekiel,14,4,יהוה,nmpr,pers,E:YHWH,Other Tanakh
270443,1427486,481306,Ezekiel,14,5,ישראל,nmpr,"pers,gens,topo",F:unclassified-name,Other Tanakh
270455,1427487,481308,Ezekiel,14,6,אל,prep,,C:divine-title-candidate,Other Tanakh
270457,1427487,481308,Ezekiel,14,6,ישראל,nmpr,"pers,gens,topo",F:unclassified-name,Other Tanakh
270460,1427487,481309,Ezekiel,14,6,אדני,nmpr,pers,C:divine-title-candidate,Other Tanakh
270461,1427487,481309,Ezekiel,14,6,יהוה,nmpr,pers,E:YHWH,Other Tanakh
270480,1427488,481313,Ezekiel,14,7,ישראל,nmpr,"pers,gens,topo",F:unclassified-name,Other Tanakh
270488,1427488,481314,Ezekiel,14,7,ישראל,nmpr,"pers,gens,topo",F:unclassified-name,Other Tanakh
270496,1427488,481316,Ezekiel,14,7,אל,prep,,C:divine-title-candidate,Other Tanakh
270506,1427488,481318,Ezekiel,14,7,אל,prep,,C:divine-title-candidate,Other Tanakh
270514,1427488,481320,Ezekiel,14,7,יהוה,nmpr,pers,E:YHWH,Other Tanakh
270542,1427489,481325,Ezekiel,14,8,יהוה,nmpr,pers,E:YHWH,Other Tanakh
270552,1427490,481329,Ezekiel,14,9,יהוה,nmpr,pers,E:YHWH,Other Tanakh
270569,1427490,481331,Ezekiel,14,9,ישראל,nmpr,"pers,gens,topo",F:unclassified-name,Other Tanakh
270587,1427492,481334,Ezekiel,14,11,ישראל,nmpr,"pers,gens,topo",F:unclassified-name,Other Tanakh
270607,1427492,481337,Ezekiel,14,11,אלהים,subs,,D:Elohim,Other Tanakh
270609,1427492,481338,Ezekiel,14,11,אדני,nmpr,pers,C:divine-title-candidate,Other Tanakh
270610,1427492,481338,Ezekiel,14,11,יהוה,nmpr,pers,E:YHWH,Other Tanakh
270614,1427493,481339,Ezekiel,14,12,יהוה,nmpr,pers,E:YHWH,Other Tanakh
270615,1427493,481339,Ezekiel,14,12,אל,prep,,C:divine-title-candidate,Other Tanakh
270655,1427495,481349,Ezekiel,14,14,נח,nmpr,pers,A:person-candidate,Other Tanakh
270656,1427495,481349,Ezekiel,14,14,דניאל,nmpr,pers,A:person-candidate,Other Tanakh
270658,1427495,481349,Ezekiel,14,14,איוב,nmpr,pers,A:person-candidate,Other Tanakh
270665,1427495,481351,Ezekiel,14,14,אדני,nmpr,pers,C:divine-title-candidate,Other Tanakh
270666,1427495,481351,Ezekiel,14,14,יהוה,nmpr,pers,E:YHWH,Other Tanakh
270696,1427497,481358,Ezekiel,14,16,אדני,nmpr,pers,C:divine-title-candidate,Other Tanakh
270697,1427497,481358,Ezekiel,14,16,יהוה,nmpr,pers,E:YHWH,Other Tanakh
270745,1427499,481369,Ezekiel,14,18,אדני,nmpr,pers,C:divine-title-candidate,Other Tanakh
270746,1427499,481369,Ezekiel,14,18,יהוה,nmpr,pers,E:YHWH,Other Tanakh
270760,1427500,481372,Ezekiel,14,19,אל,prep,,C:divine-title-candidate,Other Tanakh
270778,1427501,481375,Ezekiel,14,20,נח,nmpr,pers,A:person-candidate,Other Tanakh
270779,1427501,481375,Ezekiel,14,20,דניאל,nmpr,pers,A:person-candidate,Other Tanakh
270781,1427501,481375,Ezekiel,14,20,איוב,nmpr,pers,A:person-candidate,Other Tanakh
270787,1427501,481377,Ezekiel,14,20,אדני,nmpr,pers,C:divine-title-candidate,Other Tanakh
270788,1427501,481377,Ezekiel,14,20,יהוה,nmpr,pers,E:YHWH,Other Tanakh
270802,1427502,481381,Ezekiel,14,21,אדני,nmpr,pers,C:divine-title-candidate,Other Tanakh
270803,1427502,481381,Ezekiel,14,21,יהוה,nmpr,pers,E:YHWH,Other Tanakh
270819,1427502,481383,Ezekiel,14,21,אל,prep,,C:divine-title-candidate,Other Tanakh
270820,1427502,481383,Ezekiel,14,21,ירושלם,nmpr,topo,F:unclassified-name,Other Tanakh
270839,1427503,481388,Ezekiel,14,22,אל,prep,,C:divine-title-candidate,Other Tanakh
270855,1427503,481391,Ezekiel,14,22,ירושלם,nmpr,topo,F:unclassified-name,Other Tanakh
270883,1427504,481398,Ezekiel,14,23,אדני,nmpr,pers,C:divine-title-candidate,Other Tanakh
270884,1427504,481398,Ezekiel,14,23,יהוה,nmpr,pers,E:YHWH,Other Tanakh
270888,1427505,481399,Ezekiel,15,1,יהוה,nmpr,pers,E:YHWH,Other Tanakh
270889,1427505,481399,Ezekiel,15,1,אל,prep,,C:divine-title-candidate,Other Tanakh
270969,1427510,481419,Ezekiel,15,6,אדני,nmpr,pers,C:divine-title-candidate,Other Tanakh
270970,1427510,481419,Ezekiel,15,6,יהוה,nmpr,pers,E:YHWH,Other Tanakh
270991,1427510,481422,Ezekiel,15,6,ירושלם,nmpr,topo,F:unclassified-name,Other Tanakh
271009,1427511,481427,Ezekiel,15,7,יהוה,nmpr,pers,E:YHWH,Other Tanakh
271025,1427512,481431,Ezekiel,15,8,אדני,nmpr,pers,C:divine-title-candidate,Other Tanakh
271026,1427512,481431,Ezekiel,15,8,יהוה,nmpr,pers,E:YHWH,Other Tanakh
271030,1427513,481432,Ezekiel,16,1,יהוה,nmpr,pers,E:YHWH,Other Tanakh
271031,1427513,481432,Ezekiel,16,1,אל,prep,,C:divine-title-candidate,Other Tanakh
271038,1427514,481435,Ezekiel,16,2,ירושלם,nmpr,topo,F:unclassified-name,Other Tanakh
271045,1427515,481437,Ezekiel,16,3,אדני,nmpr,pers,C:divine-title-candidate,Other Tanakh
271046,1427515,481437,Ezekiel,16,3,יהוה,nmpr,pers,E:YHWH,Other Tanakh
271048,1427515,481437,Ezekiel,16,3,ירושלם,nmpr,topo,F:unclassified-name,Other Tanakh
271101,1427517,481450,Ezekiel,16,5,אל,prep,,C:divine-title-candidate,Other Tanakh
271166,1427520,481468,Ezekiel,16,8,דוד,subs,,A:person-candidate,Other Tanakh
271183,1427520,481473,Ezekiel,16,8,אדני,nmpr,pers,C:divine-title-candidate,Other Tanakh
271184,1427520,481473,Ezekiel,16,8,יהוה,nmpr,pers,E:YHWH,Other Tanakh
271288,1427526,481496,Ezekiel,16,14,אדני,nmpr,pers,C:divine-title-candidate,Other Tanakh
271289,1427526,481496,Ezekiel,16,14,יהוה,nmpr,pers,E:YHWH,Other Tanakh
271379,1427531,481518,Ezekiel,16,19,אדני,nmpr,pers,C:divine-title-candidate,Other Tanakh
271380,1427531,481518,Ezekiel,16,19,יהוה,nmpr,pers,E:YHWH,Other Tanakh
271439,1427535,481532,Ezekiel,16,23,אדני,nmpr,pers,C:divine-title-candidate,Other Tanakh
271440,1427535,481532,Ezekiel,16,23,יהוה,nmpr,pers,E:YHWH,Other Tanakh
271452,1427537,481535,Ezekiel,16,25,אל,prep,,C:divine-title-candidate,Other Tanakh
271475,1427538,481539,Ezekiel,16,26,אל,prep,,C:divine-title-candidate,Other Tanakh
271477,1427538,481539,Ezekiel,16,26,מצרים,nmpr,topo,F:unclassified-name,Other Tanakh
271509,1427540,481546,Ezekiel,16,28,אל,prep,,C:divine-title-candidate,Other Tanakh
271511,1427540,481546,Ezekiel,16,28,אשור,nmpr,topo,F:unclassified-name,Other Tanakh
271525,1427541,481549,Ezekiel,16,29,אל,prep,,C:divine-title-candidate,Other Tanakh
271527,1427541,481549,Ezekiel,16,29,כנען,nmpr,"pers,gens,topo",F:unclassified-name,Other Tanakh
271528,1427541,481549,Ezekiel,16,29,כשדים,nmpr,topo,F:unclassified-name,Other Tanakh
271539,1427542,481552,Ezekiel,16,30,אדני,nmpr,pers,C:divine-title-candidate,Other Tanakh
271540,1427542,481552,Ezekiel,16,30,יהוה,nmpr,pers,E:YHWH,Other Tanakh
271599,1427545,481564,Ezekiel,16,33,אל,prep,,C:divine-title-candidate,Other Tanakh
271634,1427547,481572,Ezekiel,16,35,יהוה,nmpr,pers,E:YHWH,Other Tanakh
271637,1427548,481573,Ezekiel,16,36,אדני,nmpr,pers,C:divine-title-candidate,Other Tanakh
271638,1427548,481573,Ezekiel,16,36,יהוה,nmpr,pers,E:YHWH,Other Tanakh
271688,1427549,481585,Ezekiel,16,37,אל,prep,,C:divine-title-candidate,Other Tanakh
271805,1427555,481610,Ezekiel,16,43,אדני,nmpr,pers,C:divine-title-candidate,Other Tanakh
271806,1427555,481610,Ezekiel,16,43,יהוה,nmpr,pers,E:YHWH,Other Tanakh
271852,1427558,481621,Ezekiel,16,46,שמרון,nmpr,topo,F:unclassified-name,Other Tanakh
271869,1427558,481623,Ezekiel,16,46,סדם,nmpr,topo,F:unclassified-name,Other Tanakh
271893,1427560,481631,Ezekiel,16,48,אדני,nmpr,pers,C:divine-title-candidate,Other Tanakh
271894,1427560,481631,Ezekiel,16,48,יהוה,nmpr,pers,E:YHWH,Other Tanakh
271897,1427560,481632,Ezekiel,16,48,סדם,nmpr,topo,F:unclassified-name,Other Tanakh
271912,1427561,481634,Ezekiel,16,49,סדם,nmpr,topo,F:unclassified-name,Other Tanakh
271946,1427563,481641,Ezekiel,16,51,שמרון,nmpr,topo,F:unclassified-name,Other Tanakh
271998,1427565,481652,Ezekiel,16,53,סדם,nmpr,topo,F:unclassified-name,Other Tanakh
272004,1427565,481652,Ezekiel,16,53,שמרון,nmpr,topo,F:unclassified-name,Other Tanakh
272026,1427567,481658,Ezekiel,16,55,סדם,nmpr,topo,F:unclassified-name,Other Tanakh
272033,1427567,481659,Ezekiel,16,55,שמרון,nmpr,topo,F:unclassified-name,Other Tanakh
272049,1427568,481661,Ezekiel,16,56,סדם,nmpr,topo,F:unclassified-name,Other Tanakh
272066,1427569,481662,Ezekiel,16,57,ארם,nmpr,topo,F:unclassified-name,Other Tanakh
272085,1427570,481666,Ezekiel,16,58,יהוה,nmpr,pers,E:YHWH,Other Tanakh
272089,1427571,481667,Ezekiel,16,59,אדני,nmpr,pers,C:divine-title-candidate,Other Tanakh
272090,1427571,481667,Ezekiel,16,59,יהוה,nmpr,pers,E:YHWH,Other Tanakh
272130,1427573,481676,Ezekiel,16,61,אל,prep,,C:divine-title-candidate,Other Tanakh
272154,1427574,481681,Ezekiel,16,62,יהוה,nmpr,pers,E:YHWH,Other Tanakh
272177,1427575,481687,Ezekiel,16,63,אדני,nmpr,pers,C:divine-title-candidate,Other Tanakh
272178,1427575,481687,Ezekiel,16,63,יהוה,nmpr,pers,E:YHWH,Other Tanakh
272182,1427576,481688,Ezekiel,17,1,יהוה,nmpr,pers,E:YHWH,Other Tanakh
272183,1427576,481688,Ezekiel,17,1,אל,prep,,C:divine-title-candidate,Other Tanakh
272193,1427577,481692,Ezekiel,17,2,אל,prep,,C:divine-title-candidate,Other Tanakh
272195,1427577,481692,Ezekiel,17,2,ישראל,nmpr,"pers,gens,topo",F:unclassified-name,Other Tanakh
272200,1427578,481694,Ezekiel,17,3,אדני,nmpr,pers,C:divine-title-candidate,Other Tanakh
272201,1427578,481694,Ezekiel,17,3,יהוה,nmpr,pers,E:YHWH,Other Tanakh
272220,1427578,481695,Ezekiel,17,3,אל,prep,,C:divine-title-candidate,Other Tanakh
272222,1427578,481695,Ezekiel,17,3,לבנון,nmpr,topo,F:unclassified-name,Other Tanakh
272235,1427579,481700,Ezekiel,17,4,אל,prep,,C:divine-title-candidate,Other Tanakh
272237,1427579,481700,Ezekiel,17,4,כנען,nmpr,"pers,gens,topo",F:unclassified-name,Other Tanakh
272271,1427581,481708,Ezekiel,17,6,אל,prep,,C:divine-title-candidate,Other Tanakh
272315,1427583,481717,Ezekiel,17,8,אל,prep,,C:divine-title-candidate,Other Tanakh
272318,1427583,481717,Ezekiel,17,8,אל,prep,,C:divine-title-candidate,Other Tanakh
272338,1427584,481722,Ezekiel,17,9,אדני,nmpr,pers,C:divine-title-candidate,Other Tanakh
272339,1427584,481722,Ezekiel,17,9,יהוה,nmpr,pers,E:YHWH,Other Tanakh
272392,1427586,481734,Ezekiel,17,11,יהוה,nmpr,pers,E:YHWH,Other Tanakh
272393,1427586,481734,Ezekiel,17,11,אל,prep,,C:divine-title-candidate,Other Tanakh
272410,1427587,481740,Ezekiel,17,12,מלך,subs,,B:deity-candidate,Other Tanakh
272411,1427587,481740,Ezekiel,17,12,בבל,nmpr,topo,F:unclassified-name,Other Tanakh
272412,1427587,481740,Ezekiel,17,12,ירושלם,nmpr,topo,F:unclassified-name,Other Tanakh
272416,1427587,481741,Ezekiel,17,12,מלך,subs,,B:deity-candidate,Other Tanakh
272423,1427587,481742,Ezekiel,17,12,אל,prep,,C:divine-title-candidate,Other Tanakh
272424,1427587,481742,Ezekiel,17,12,בבל,nmpr,topo,F:unclassified-name,Other Tanakh
272465,1427590,481752,Ezekiel,17,15,מצרים,nmpr,topo,F:unclassified-name,Other Tanakh
272488,1427591,481760,Ezekiel,17,16,אדני,nmpr,pers,C:divine-title-candidate,Other Tanakh
272489,1427591,481760,Ezekiel,17,16,יהוה,nmpr,pers,E:YHWH,Other Tanakh
272495,1427591,481761,Ezekiel,17,16,מלך,subs,,B:deity-candidate,Other Tanakh
272497,1427591,481762,Ezekiel,17,16,מלך,verb,,B:deity-candidate,Other Tanakh
272511,1427591,481761,Ezekiel,17,16,בבל,nmpr,topo,F:unclassified-name,Other Tanakh
272558,1427594,481775,Ezekiel,17,19,אדני,nmpr,pers,C:divine-title-candidate,Other Tanakh
272559,1427594,481775,Ezekiel,17,19,יהוה,nmpr,pers,E:YHWH,Other Tanakh
272585,1427595,481783,Ezekiel,17,20,בבל,nmpr,topo,F:unclassified-name,Other Tanakh
272616,1427596,481789,Ezekiel,17,21,יהוה,nmpr,pers,E:YHWH,Other Tanakh
272620,1427597,481790,Ezekiel,17,22,אדני,nmpr,pers,C:divine-title-candidate,Other Tanakh
272621,1427597,481790,Ezekiel,17,22,יהוה,nmpr,pers,E:YHWH,Other Tanakh
272649,1427598,481795,Ezekiel,17,23,ישראל,nmpr,"pers,gens,topo",F:unclassified-name,Other Tanakh
272681,1427599,481802,Ezekiel,17,24,יהוה,nmpr,pers,E:YHWH,Other Tanakh
272696,1427599,481806,Ezekiel,17,24,יהוה,nmpr,pers,E:YHWH,Other Tanakh
272703,1427600,481808,Ezekiel,18,1,יהוה,nmpr,pers,E:YHWH,Other Tanakh
272704,1427600,481808,Ezekiel,18,1,אל,prep,,C:divine-title-candidate,Other Tanakh
272718,1427601,481811,Ezekiel,18,2,ישראל,nmpr,"pers,gens,topo",F:unclassified-name,Other Tanakh
272732,1427602,481816,Ezekiel,18,3,אדני,nmpr,pers,C:divine-title-candidate,Other Tanakh
272733,1427602,481816,Ezekiel,18,3,יהוה,nmpr,pers,E:YHWH,Other Tanakh
272744,1427602,481818,Ezekiel,18,3,ישראל,nmpr,"pers,gens,topo",F:unclassified-name,Other Tanakh
272778,1427605,481828,Ezekiel,18,6,אל,prep,,C:divine-title-candidate,Other Tanakh
272787,1427605,481829,Ezekiel,18,6,אל,prep,,C:divine-title-candidate,Other Tanakh
272790,1427605,481829,Ezekiel,18,6,ישראל,nmpr,"pers,gens,topo",F:unclassified-name,Other Tanakh
272798,1427605,481831,Ezekiel,18,6,אל,prep,,C:divine-title-candidate,Other Tanakh
272855,1427608,481846,Ezekiel,18,9,אדני,nmpr,pers,C:divine-title-candidate,Other Tanakh
272856,1427608,481846,Ezekiel,18,9,יהוה,nmpr,pers,E:YHWH,Other Tanakh
272879,1427610,481851,Ezekiel,18,11,אל,prep,,C:divine-title-candidate,Other Tanakh
272898,1427611,481856,Ezekiel,18,12,אל,prep,,C:divine-title-candidate,Other Tanakh
272955,1427614,481871,Ezekiel,18,15,אל,prep,,C:divine-title-candidate,Other Tanakh
272958,1427614,481871,Ezekiel,18,15,ישראל,nmpr,"pers,gens,topo",F:unclassified-name,Other Tanakh
273126,1427622,481914,Ezekiel,18,23,אדני,nmpr,pers,C:divine-title-candidate,Other Tanakh
273127,1427622,481914,Ezekiel,18,23,יהוה,nmpr,pers,E:YHWH,Other Tanakh
273178,1427624,481930,Ezekiel,18,25,אדני,nmpr,pers,C:divine-title-candidate,Other Tanakh
273182,1427624,481932,Ezekiel,18,25,ישראל,nmpr,"pers,gens,topo",F:unclassified-name,Other Tanakh
273241,1427628,481949,Ezekiel,18,29,ישראל,nmpr,"pers,gens,topo",F:unclassified-name,Other Tanakh
273245,1427628,481950,Ezekiel,18,29,אדני,nmpr,pers,C:divine-title-candidate,Other Tanakh
273251,1427628,481952,Ezekiel,18,29,ישראל,nmpr,"pers,gens,topo",F:unclassified-name,Other Tanakh
273264,1427629,481957,Ezekiel,18,30,ישראל,nmpr,"pers,gens,topo",F:unclassified-name,Other Tanakh
273266,1427629,481958,Ezekiel,18,30,אדני,nmpr,pers,C:divine-title-candidate,Other Tanakh
273267,1427629,481958,Ezekiel,18,30,יהוה,nmpr,pers,E:YHWH,Other Tanakh
273302,1427630,481966,Ezekiel,18,31,ישראל,nmpr,"pers,gens,topo",F:unclassified-name,Other Tanakh
273311,1427631,481968,Ezekiel,18,32,אדני,nmpr,pers,C:divine-title-candidate,Other Tanakh
273312,1427631,481968,Ezekiel,18,32,יהוה,nmpr,pers,E:YHWH,Other Tanakh
273321,1427632,481971,Ezekiel,19,1,אל,prep,,C:divine-title-candidate,Other Tanakh
273323,1427632,481971,Ezekiel,19,1,ישראל,nmpr,"pers,gens,topo",F:unclassified-name,Other Tanakh
273353,1427635,481981,Ezekiel,19,4,אל,prep,,C:divine-title-candidate,Other Tanakh
273363,1427635,481983,Ezekiel,19,4,אל,prep,,C:divine-title-candidate,Other Tanakh
273365,1427635,481983,Ezekiel,19,4,מצרים,nmpr,topo,F:unclassified-name,Other Tanakh
273431,1427640,482001,Ezekiel,19,9,אל,prep,,C:divine-title-candidate,Other Tanakh
273432,1427640,482001,Ezekiel,19,9,מלך,subs,,B:deity-candidate,Other Tanakh
273433,1427640,482001,Ezekiel,19,9,בבל,nmpr,topo,F:unclassified-name,Other Tanakh
273443,1427640,482003,Ezekiel,19,9,אל,prep,,C:divine-title-candidate,Other Tanakh
273445,1427640,482003,Ezekiel,19,9,ישראל,nmpr,"pers,gens,topo",F:unclassified-name,Other Tanakh
273467,1427642,482007,Ezekiel,19,11,אל,prep,,C:divine-title-candidate,Other Tanakh
273558,1427646,482025,Ezekiel,20,1,ישראל,nmpr,"pers,gens,topo",F:unclassified-name,Other Tanakh
273562,1427646,482026,Ezekiel,20,1,יהוה,nmpr,pers,E:YHWH,Other Tanakh
273570,1427647,482028,Ezekiel,20,2,יהוה,nmpr,pers,E:YHWH,Other Tanakh
273571,1427647,482028,Ezekiel,20,2,אל,prep,,C:divine-title-candidate,Other Tanakh
273579,1427648,482031,Ezekiel,20,3,ישראל,nmpr,"pers,gens,topo",F:unclassified-name,Other Tanakh
273582,1427648,482032,Ezekiel,20,3,אל,prep,,C:divine-title-candidate,Other Tanakh
273585,1427648,482033,Ezekiel,20,3,אדני,nmpr,pers,C:divine-title-candidate,Other Tanakh
273586,1427648,482033,Ezekiel,20,3,יהוה,nmpr,pers,E:YHWH,Other Tanakh
273599,1427648,482038,Ezekiel,20,3,אדני,nmpr,pers,C:divine-title-candidate,Other Tanakh
273600,1427648,482038,Ezekiel,20,3,יהוה,nmpr,pers,E:YHWH,Other Tanakh
273614,1427650,482043,Ezekiel,20,5,אל,prep,,C:divine-title-candidate,Other Tanakh
273617,1427650,482044,Ezekiel,20,5,אדני,nmpr,pers,C:divine-title-candidate,Other Tanakh
273618,1427650,482044,Ezekiel,20,5,יהוה,nmpr,pers,E:YHWH,Other Tanakh
273623,1427650,482046,Ezekiel,20,5,ישראל,nmpr,"pers,gens,topo",F:unclassified-name,Other Tanakh
273630,1427650,482047,Ezekiel,20,5,יעקב,nmpr,pers,A:person-candidate,Other Tanakh
273636,1427650,482048,Ezekiel,20,5,מצרים,nmpr,topo,F:unclassified-name,Other Tanakh
273644,1427650,482051,Ezekiel,20,5,יהוה,nmpr,pers,E:YHWH,Other Tanakh
273645,1427650,482051,Ezekiel,20,5,אלהים,subs,,D:Elohim,Other Tanakh
273658,1427651,482053,Ezekiel,20,6,מצרים,nmpr,topo,F:unclassified-name,Other Tanakh
273659,1427651,482053,Ezekiel,20,6,אל,prep,,C:divine-title-candidate,Other Tanakh
273676,1427652,482057,Ezekiel,20,7,אל,prep,,C:divine-title-candidate,Other Tanakh
273684,1427652,482060,Ezekiel,20,7,מצרים,nmpr,topo,F:unclassified-name,Other Tanakh
273685,1427652,482060,Ezekiel,20,7,אל,nega,,C:divine-title-candidate,Other Tanakh
273688,1427652,482061,Ezekiel,20,7,יהוה,nmpr,pers,E:YHWH,Other Tanakh
273689,1427652,482061,Ezekiel,20,7,אלהים,subs,,D:Elohim,Other Tanakh
273698,1427653,482064,Ezekiel,20,8,אל,prep,,C:divine-title-candidate,Other Tanakh
273708,1427653,482066,Ezekiel,20,8,מצרים,nmpr,topo,F:unclassified-name,Other Tanakh
273724,1427653,482069,Ezekiel,20,8,מצרים,nmpr,topo,F:unclassified-name,Other Tanakh
273742,1427654,482073,Ezekiel,20,9,אל,prep,,C:divine-title-candidate,Other Tanakh
273749,1427654,482074,Ezekiel,20,9,מצרים,nmpr,topo,F:unclassified-name,Other Tanakh
273754,1427655,482075,Ezekiel,20,10,מצרים,nmpr,topo,F:unclassified-name,Other Tanakh
273757,1427655,482076,Ezekiel,20,10,אל,prep,,C:divine-title-candidate,Other Tanakh
273795,1427657,482084,Ezekiel,20,12,יהוה,nmpr,pers,E:YHWH,Other Tanakh
273801,1427658,482086,Ezekiel,20,13,ישראל,nmpr,"pers,gens,topo",F:unclassified-name,Other Tanakh
273865,1427660,482099,Ezekiel,20,15,אל,prep,,C:divine-title-candidate,Other Tanakh
273915,1427663,482111,Ezekiel,20,18,אל,prep,,C:divine-title-candidate,Other Tanakh
273923,1427663,482112,Ezekiel,20,18,אל,nega,,C:divine-title-candidate,Other Tanakh
273928,1427663,482113,Ezekiel,20,18,אל,nega,,C:divine-title-candidate,Other Tanakh
273933,1427663,482114,Ezekiel,20,18,אל,nega,,C:divine-title-candidate,Other Tanakh
273936,1427664,482115,Ezekiel,20,19,יהוה,nmpr,pers,E:YHWH,Other Tanakh
273937,1427664,482115,Ezekiel,20,19,אלהים,subs,,D:Elohim,Other Tanakh
273963,1427665,482122,Ezekiel,20,20,יהוה,nmpr,pers,E:YHWH,Other Tanakh
273964,1427665,482122,Ezekiel,20,20,אלהים,subs,,D:Elohim,Other Tanakh
274095,1427671,482152,Ezekiel,20,26,יהוה,nmpr,pers,E:YHWH,Other Tanakh
274098,1427672,482154,Ezekiel,20,27,אל,prep,,C:divine-title-candidate,Other Tanakh
274100,1427672,482154,Ezekiel,20,27,ישראל,nmpr,"pers,gens,topo",F:unclassified-name,Other Tanakh
274105,1427672,482156,Ezekiel,20,27,אל,prep,,C:divine-title-candidate,Other Tanakh
274108,1427672,482157,Ezekiel,20,27,אדני,nmpr,pers,C:divine-title-candidate,Other Tanakh
274109,1427672,482157,Ezekiel,20,27,יהוה,nmpr,pers,E:YHWH,Other Tanakh
274121,1427673,482160,Ezekiel,20,28,אל,prep,,C:divine-title-candidate,Other Tanakh
274163,1427674,482168,Ezekiel,20,29,אל,prep,,C:divine-title-candidate,Other Tanakh
274183,1427675,482173,Ezekiel,20,30,אל,prep,,C:divine-title-candidate,Other Tanakh
274185,1427675,482173,Ezekiel,20,30,ישראל,nmpr,"pers,gens,topo",F:unclassified-name,Other Tanakh
274188,1427675,482174,Ezekiel,20,30,אדני,nmpr,pers,C:divine-title-candidate,Other Tanakh
274189,1427675,482174,Ezekiel,20,30,יהוה,nmpr,pers,E:YHWH,Other Tanakh
274224,1427676,482181,Ezekiel,20,31,ישראל,nmpr,"pers,gens,topo",F:unclassified-name,Other Tanakh
274228,1427676,482183,Ezekiel,20,31,אדני,nmpr,pers,C:divine-title-candidate,Other Tanakh
274229,1427676,482183,Ezekiel,20,31,יהוה,nmpr,pers,E:YHWH,Other Tanakh
274260,1427678,482191,Ezekiel,20,33,אדני,nmpr,pers,C:divine-title-candidate,Other Tanakh
274261,1427678,482191,Ezekiel,20,33,יהוה,nmpr,pers,E:YHWH,Other Tanakh
274275,1427678,482192,Ezekiel,20,33,מלך,verb,,B:deity-candidate,Other Tanakh
274306,1427680,482197,Ezekiel,20,35,אל,prep,,C:divine-title-candidate,Other Tanakh
274315,1427680,482198,Ezekiel,20,35,אל,prep,,C:divine-title-candidate,Other Tanakh
274325,1427681,482199,Ezekiel,20,36,מצרים,nmpr,topo,F:unclassified-name,Other Tanakh
274330,1427681,482201,Ezekiel,20,36,אדני,nmpr,pers,C:divine-title-candidate,Other Tanakh
274331,1427681,482201,Ezekiel,20,36,יהוה,nmpr,pers,E:YHWH,Other Tanakh
274360,1427683,482208,Ezekiel,20,38,אל,prep,,C:divine-title-candidate,Other Tanakh
274362,1427683,482208,Ezekiel,20,38,ישראל,nmpr,"pers,gens,topo",F:unclassified-name,Other Tanakh
274369,1427683,482210,Ezekiel,20,38,יהוה,nmpr,pers,E:YHWH,Other Tanakh
274373,1427684,482212,Ezekiel,20,39,ישראל,nmpr,"pers,gens,topo",F:unclassified-name,Other Tanakh
274376,1427684,482213,Ezekiel,20,39,אדני,nmpr,pers,C:divine-title-candidate,Other Tanakh
274377,1427684,482213,Ezekiel,20,39,יהוה,nmpr,pers,E:YHWH,Other Tanakh
274387,1427684,482218,Ezekiel,20,39,אל,prep,,C:divine-title-candidate,Other Tanakh
274407,1427685,482220,Ezekiel,20,40,ישראל,nmpr,"pers,gens,topo",F:unclassified-name,Other Tanakh
274409,1427685,482221,Ezekiel,20,40,אדני,nmpr,pers,C:divine-title-candidate,Other Tanakh
274410,1427685,482221,Ezekiel,20,40,יהוה,nmpr,pers,E:YHWH,Other Tanakh
274415,1427685,482222,Ezekiel,20,40,ישראל,nmpr,"pers,gens,topo",F:unclassified-name,Other Tanakh
274465,1427687,482231,Ezekiel,20,42,יהוה,nmpr,pers,E:YHWH,Other Tanakh
274469,1427687,482232,Ezekiel,20,42,אל,prep,,C:divine-title-candidate,Other Tanakh
274471,1427687,482232,Ezekiel,20,42,ישראל,nmpr,"pers,gens,topo",F:unclassified-name,Other Tanakh
274472,1427687,482232,Ezekiel,20,42,אל,prep,,C:divine-title-candidate,Other Tanakh
274509,1427689,482240,Ezekiel,20,44,יהוה,nmpr,pers,E:YHWH,Other Tanakh
274526,1427689,482242,Ezekiel,20,44,ישראל,nmpr,"pers,gens,topo",F:unclassified-name,Other Tanakh
274528,1427689,482243,Ezekiel,20,44,אדני,nmpr,pers,C:divine-title-candidate,Other Tanakh
274529,1427689,482243,Ezekiel,20,44,יהוה,nmpr,pers,E:YHWH,Other Tanakh
274533,1427690,482244,Ezekiel,21,1,יהוה,nmpr,pers,E:YHWH,Other Tanakh
274534,1427690,482244,Ezekiel,21,1,אל,prep,,C:divine-title-candidate,Other Tanakh
274545,1427691,482248,Ezekiel,21,2,אל,prep,,C:divine-title-candidate,Other Tanakh
274549,1427691,482249,Ezekiel,21,2,אל,prep,,C:divine-title-candidate,Other Tanakh
274562,1427692,482251,Ezekiel,21,3,יהוה,nmpr,pers,E:YHWH,Other Tanakh
274565,1427692,482252,Ezekiel,21,3,אדני,nmpr,pers,C:divine-title-candidate,Other Tanakh
274566,1427692,482252,Ezekiel,21,3,יהוה,nmpr,pers,E:YHWH,Other Tanakh
274599,1427693,482258,Ezekiel,21,4,יהוה,nmpr,pers,E:YHWH,Other Tanakh
274606,1427694,482262,Ezekiel,21,5,אדני,nmpr,pers,C:divine-title-candidate,Other Tanakh
274607,1427694,482262,Ezekiel,21,5,יהוה,nmpr,pers,E:YHWH,Other Tanakh
274619,1427695,482265,Ezekiel,21,6,יהוה,nmpr,pers,E:YHWH,Other Tanakh
274620,1427695,482265,Ezekiel,21,6,אל,prep,,C:divine-title-candidate,Other Tanakh
274627,1427696,482268,Ezekiel,21,7,אל,prep,,C:divine-title-candidate,Other Tanakh
274628,1427696,482268,Ezekiel,21,7,ירושלם,nmpr,topo,F:unclassified-name,Other Tanakh
274631,1427696,482269,Ezekiel,21,7,אל,prep,,C:divine-title-candidate,Other Tanakh
274635,1427696,482270,Ezekiel,21,7,אל,prep,,C:divine-title-candidate,Other Tanakh
274637,1427696,482270,Ezekiel,21,7,ישראל,nmpr,"pers,gens,topo",F:unclassified-name,Other Tanakh
274642,1427697,482271,Ezekiel,21,8,ישראל,nmpr,"pers,gens,topo",F:unclassified-name,Other Tanakh
274645,1427697,482272,Ezekiel,21,8,יהוה,nmpr,pers,E:YHWH,Other Tanakh
274647,1427697,482273,Ezekiel,21,8,אל,prep,,C:divine-title-candidate,Other Tanakh
274671,1427698,482277,Ezekiel,21,9,אל,prep,,C:divine-title-candidate,Other Tanakh
274683,1427699,482279,Ezekiel,21,10,יהוה,nmpr,pers,E:YHWH,Other Tanakh
274709,1427701,482285,Ezekiel,21,12,אל,prep,,C:divine-title-candidate,Other Tanakh
274716,1427701,482288,Ezekiel,21,12,אל,prep,,C:divine-title-candidate,Other Tanakh
274742,1427701,482296,Ezekiel,21,12,אדני,nmpr,pers,C:divine-title-candidate,Other Tanakh
274743,1427701,482296,Ezekiel,21,12,יהוה,nmpr,pers,E:YHWH,Other Tanakh
274747,1427702,482297,Ezekiel,21,13,יהוה,nmpr,pers,E:YHWH,Other Tanakh
274748,1427702,482297,Ezekiel,21,13,אל,prep,,C:divine-title-candidate,Other Tanakh
274758,1427703,482302,Ezekiel,21,14,אדני,nmpr,pers,C:divine-title-candidate,Other Tanakh
274818,1427706,482323,Ezekiel,21,17,ישראל,nmpr,"pers,gens,topo",F:unclassified-name,Other Tanakh
274820,1427706,482324,Ezekiel,21,17,אל,prep,,C:divine-title-candidate,Other Tanakh
274827,1427706,482325,Ezekiel,21,17,אל,prep,,C:divine-title-candidate,Other Tanakh
274840,1427707,482329,Ezekiel,21,18,אדני,nmpr,pers,C:divine-title-candidate,Other Tanakh
274841,1427707,482329,Ezekiel,21,18,יהוה,nmpr,pers,E:YHWH,Other Tanakh
274850,1427708,482332,Ezekiel,21,19,אל,prep,,C:divine-title-candidate,Other Tanakh
274899,1427711,482348,Ezekiel,21,22,אל,prep,,C:divine-title-candidate,Other Tanakh
274905,1427711,482350,Ezekiel,21,22,יהוה,nmpr,pers,E:YHWH,Other Tanakh
274910,1427712,482351,Ezekiel,21,23,יהוה,nmpr,pers,E:YHWH,Other Tanakh
274911,1427712,482351,Ezekiel,21,23,אל,prep,,C:divine-title-candidate,Other Tanakh
274925,1427713,482355,Ezekiel,21,24,מלך,subs,,B:deity-candidate,Other Tanakh
274926,1427713,482355,Ezekiel,21,24,בבל,nmpr,topo,F:unclassified-name,Other Tanakh
274946,1427714,482360,Ezekiel,21,25,רבה,nmpr,topo,F:unclassified-name,Other Tanakh
274948,1427714,482360,Ezekiel,21,25,עמון,nmpr,gens,F:unclassified-name,Other Tanakh
274951,1427714,482360,Ezekiel,21,25,יהודה,nmpr,"pers,gens,topo",F:unclassified-name,Other Tanakh
274953,1427714,482360,Ezekiel,21,25,ירושלם,nmpr,topo,F:unclassified-name,Other Tanakh
274957,1427715,482361,Ezekiel,21,26,מלך,subs,,B:deity-candidate,Other Tanakh
274958,1427715,482361,Ezekiel,21,26,בבל,nmpr,topo,F:unclassified-name,Other Tanakh
274959,1427715,482361,Ezekiel,21,26,אל,prep,,C:divine-title-candidate,Other Tanakh
274988,1427716,482366,Ezekiel,21,27,ירושלם,nmpr,topo,F:unclassified-name,Other Tanakh
275033,1427718,482379,Ezekiel,21,29,אדני,nmpr,pers,C:divine-title-candidate,Other Tanakh
275034,1427718,482379,Ezekiel,21,29,יהוה,nmpr,pers,E:YHWH,Other Tanakh
275058,1427719,482386,Ezekiel,21,30,ישראל,nmpr,"pers,gens,topo",F:unclassified-name,Other Tanakh
275068,1427720,482388,Ezekiel,21,31,אדני,nmpr,pers,C:divine-title-candidate,Other Tanakh
275069,1427720,482388,Ezekiel,21,31,יהוה,nmpr,pers,E:YHWH,Other Tanakh
275112,1427722,482402,Ezekiel,21,33,אדני,nmpr,pers,C:divine-title-candidate,Other Tanakh
275113,1427722,482402,Ezekiel,21,33,יהוה,nmpr,pers,E:YHWH,Other Tanakh
275114,1427722,482402,Ezekiel,21,33,אל,prep,,C:divine-title-candidate,Other Tanakh
275116,1427722,482402,Ezekiel,21,33,עמון,nmpr,gens,F:unclassified-name,Other Tanakh
275118,1427722,482402,Ezekiel,21,33,אל,prep,,C:divine-title-candidate,Other Tanakh
275143,1427723,482411,Ezekiel,21,34,אל,prep,,C:divine-title-candidate,Other Tanakh
275155,1427724,482413,Ezekiel,21,35,אל,prep,,C:divine-title-candidate,Other Tanakh
275199,1427726,482423,Ezekiel,21,37,יהוה,nmpr,pers,E:YHWH,Other Tanakh
275204,1427727,482424,Ezekiel,22,1,יהוה,nmpr,pers,E:YHWH,Other Tanakh
275205,1427727,482424,Ezekiel,22,1,אל,prep,,C:divine-title-candidate,Other Tanakh
275229,1427729,482432,Ezekiel,22,3,אדני,nmpr,pers,C:divine-title-candidate,Other Tanakh
275230,1427729,482432,Ezekiel,22,3,יהוה,nmpr,pers,E:YHWH,Other Tanakh
275292,1427732,482450,Ezekiel,22,6,ישראל,nmpr,"pers,gens,topo",F:unclassified-name,Other Tanakh
275334,1427735,482460,Ezekiel,22,9,אל,prep,,C:divine-title-candidate,Other Tanakh
275394,1427738,482472,Ezekiel,22,12,אדני,nmpr,pers,C:divine-title-candidate,Other Tanakh
275395,1427738,482472,Ezekiel,22,12,יהוה,nmpr,pers,E:YHWH,Other Tanakh
275400,1427739,482473,Ezekiel,22,13,אל,prep,,C:divine-title-candidate,Other Tanakh
275425,1427740,482480,Ezekiel,22,14,יהוה,nmpr,pers,E:YHWH,Other Tanakh
275454,1427742,482487,Ezekiel,22,16,יהוה,nmpr,pers,E:YHWH,Other Tanakh
275458,1427743,482488,Ezekiel,22,17,יהוה,nmpr,pers,E:YHWH,Other Tanakh
275459,1427743,482488,Ezekiel,22,17,אל,prep,,C:divine-title-candidate,Other Tanakh
275467,1427744,482491,Ezekiel,22,18,ישראל,nmpr,"pers,gens,topo",F:unclassified-name,Other Tanakh
275487,1427745,482495,Ezekiel,22,19,אדני,nmpr,pers,C:divine-title-candidate,Other Tanakh
275488,1427745,482495,Ezekiel,22,19,יהוה,nmpr,pers,E:YHWH,Other Tanakh
275498,1427745,482498,Ezekiel,22,19,אל,prep,,C:divine-title-candidate,Other Tanakh
275500,1427745,482498,Ezekiel,22,19,ירושלם,nmpr,topo,F:unclassified-name,Other Tanakh
275511,1427746,482499,Ezekiel,22,20,אל,prep,,C:divine-title-candidate,Other Tanakh
275559,1427748,482511,Ezekiel,22,22,יהוה,nmpr,pers,E:YHWH,Other Tanakh
275566,1427749,482512,Ezekiel,22,23,יהוה,nmpr,pers,E:YHWH,Other Tanakh
275567,1427749,482512,Ezekiel,22,23,אל,prep,,C:divine-title-candidate,Other Tanakh
275662,1427754,482539,Ezekiel,22,28,אדני,nmpr,pers,C:divine-title-candidate,Other Tanakh
275663,1427754,482539,Ezekiel,22,28,יהוה,nmpr,pers,E:YHWH,Other Tanakh
275665,1427754,482540,Ezekiel,22,28,יהוה,nmpr,pers,E:YHWH,Other Tanakh
275724,1427757,482553,Ezekiel,22,31,אדני,nmpr,pers,C:divine-title-candidate,Other Tanakh
275725,1427757,482553,Ezekiel,22,31,יהוה,nmpr,pers,E:YHWH,Other Tanakh
275729,1427758,482554,Ezekiel,23,1,יהוה,nmpr,pers,E:YHWH,Other Tanakh
275730,1427758,482554,Ezekiel,23,1,אל,prep,,C:divine-title-candidate,Other Tanakh
275744,1427760,482558,Ezekiel,23,3,מצרים,nmpr,topo,F:unclassified-name,Other Tanakh
275758,1427761,482563,Ezekiel,23,4,אהלה,nmpr,pers,A:person-candidate,Other Tanakh
275762,1427761,482564,Ezekiel,23,4,אהליבה,nmpr,pers,A:person-candidate,Other Tanakh
275774,1427761,482568,Ezekiel,23,4,שמרון,nmpr,topo,F:unclassified-name,Other Tanakh
275775,1427761,482568,Ezekiel,23,4,אהלה,nmpr,pers,A:person-candidate,Other Tanakh
275777,1427761,482569,Ezekiel,23,4,ירושלם,nmpr,topo,F:unclassified-name,Other Tanakh
275778,1427761,482569,Ezekiel,23,4,אהליבה,nmpr,pers,A:person-candidate,Other Tanakh
275781,1427762,482570,Ezekiel,23,5,אהלה,nmpr,pers,A:person-candidate,Other Tanakh
275787,1427762,482571,Ezekiel,23,5,אל,prep,,C:divine-title-candidate,Other Tanakh
275788,1427762,482571,Ezekiel,23,5,אשור,nmpr,topo,F:unclassified-name,Other Tanakh
275807,1427764,482578,Ezekiel,23,7,אשור,nmpr,topo,F:unclassified-name,Other Tanakh
275822,1427765,482581,Ezekiel,23,8,מצרים,nmpr,topo,F:unclassified-name,Other Tanakh
275847,1427766,482585,Ezekiel,23,9,אשור,nmpr,topo,F:unclassified-name,Other Tanakh
275877,1427768,482592,Ezekiel,23,11,אהליבה,nmpr,pers,A:person-candidate,Other Tanakh
275888,1427769,482595,Ezekiel,23,12,אל,prep,,C:divine-title-candidate,Other Tanakh
275890,1427769,482595,Ezekiel,23,12,אשור,nmpr,topo,F:unclassified-name,Other Tanakh
275914,1427771,482604,Ezekiel,23,14,אל,prep,,C:divine-title-candidate,Other Tanakh
275942,1427772,482605,Ezekiel,23,15,בבל,nmpr,topo,F:unclassified-name,Other Tanakh
275943,1427772,482605,Ezekiel,23,15,כשדים,nmpr,topo,F:unclassified-name,Other Tanakh
275955,1427773,482611,Ezekiel,23,16,אל,prep,,C:divine-title-candidate,Other Tanakh
275956,1427773,482611,Ezekiel,23,16,כשדים,nmpr,topo,F:unclassified-name,Other Tanakh
275959,1427774,482612,Ezekiel,23,17,אל,prep,,C:divine-title-candidate,Other Tanakh
275961,1427774,482612,Ezekiel,23,17,בבל,nmpr,topo,F:unclassified-name,Other Tanakh
275964,1427774,482612,Ezekiel,23,17,דוד,subs,,A:person-candidate,Other Tanakh
276009,1427776,482622,Ezekiel,23,19,מצרים,nmpr,topo,F:unclassified-name,Other Tanakh
276030,1427778,482627,Ezekiel,23,21,מצרים,nmpr,topo,F:unclassified-name,Other Tanakh
276036,1427779,482629,Ezekiel,23,22,אהליבה,nmpr,pers,A:person-candidate,Other Tanakh
276039,1427779,482630,Ezekiel,23,22,אדני,nmpr,pers,C:divine-title-candidate,Other Tanakh
276040,1427779,482630,Ezekiel,23,22,יהוה,nmpr,pers,E:YHWH,Other Tanakh
276057,1427780,482634,Ezekiel,23,23,בבל,nmpr,topo,F:unclassified-name,Other Tanakh
276061,1427780,482634,Ezekiel,23,23,פקוד,nmpr,topo,F:unclassified-name,Other Tanakh
276063,1427780,482634,Ezekiel,23,23,שוע,nmpr,gens,F:unclassified-name,Other Tanakh
276065,1427780,482634,Ezekiel,23,23,קוע,nmpr,gens,F:unclassified-name,Other Tanakh
276068,1427780,482635,Ezekiel,23,23,אשור,nmpr,topo,F:unclassified-name,Other Tanakh
276157,1427784,482654,Ezekiel,23,27,מצרים,nmpr,topo,F:unclassified-name,Other Tanakh
276162,1427784,482655,Ezekiel,23,27,אל,prep,,C:divine-title-candidate,Other Tanakh
276164,1427784,482656,Ezekiel,23,27,מצרים,nmpr,topo,F:unclassified-name,Other Tanakh
276171,1427785,482657,Ezekiel,23,28,אדני,nmpr,pers,C:divine-title-candidate,Other Tanakh
276172,1427785,482657,Ezekiel,23,28,יהוה,nmpr,pers,E:YHWH,Other Tanakh
276230,1427789,482671,Ezekiel,23,32,אדני,nmpr,pers,C:divine-title-candidate,Other Tanakh
276231,1427789,482671,Ezekiel,23,32,יהוה,nmpr,pers,E:YHWH,Other Tanakh
276259,1427790,482677,Ezekiel,23,33,שמרון,nmpr,topo,F:unclassified-name,Other Tanakh
276276,1427791,482683,Ezekiel,23,34,אדני,nmpr,pers,C:divine-title-candidate,Other Tanakh
276277,1427791,482683,Ezekiel,23,34,יהוה,nmpr,pers,E:YHWH,Other Tanakh
276281,1427792,482685,Ezekiel,23,35,אדני,nmpr,pers,C:divine-title-candidate,Other Tanakh
276282,1427792,482685,Ezekiel,23,35,יהוה,nmpr,pers,E:YHWH,Other Tanakh
276301,1427793,482689,Ezekiel,23,36,יהוה,nmpr,pers,E:YHWH,Other Tanakh
276302,1427793,482689,Ezekiel,23,36,אל,prep,,C:divine-title-candidate,Other Tanakh
276308,1427793,482691,Ezekiel,23,36,אהלה,nmpr,pers,A:person-candidate,Other Tanakh
276311,1427793,482691,Ezekiel,23,36,אהליבה,nmpr,pers,A:person-candidate,Other Tanakh
276363,1427796,482702,Ezekiel,23,39,אל,prep,,C:divine-title-candidate,Other Tanakh
276391,1427797,482707,Ezekiel,23,40,אל,prep,,C:divine-title-candidate,Other Tanakh
276425,1427799,482716,Ezekiel,23,42,אל,prep,,C:divine-title-candidate,Other Tanakh
276437,1427799,482717,Ezekiel,23,42,אל,prep,,C:divine-title-candidate,Other Tanakh
276457,1427801,482722,Ezekiel,23,44,אל,prep,,C:divine-title-candidate,Other Tanakh
276460,1427801,482723,Ezekiel,23,44,אל,prep,,C:divine-title-candidate,Other Tanakh
276465,1427801,482724,Ezekiel,23,44,אל,prep,,C:divine-title-candidate,Other Tanakh
276466,1427801,482724,Ezekiel,23,44,אהלה,nmpr,pers,A:person-candidate,Other Tanakh
276468,1427801,482724,Ezekiel,23,44,אל,prep,,C:divine-title-candidate,Other Tanakh
276469,1427801,482724,Ezekiel,23,44,אהליבה,nmpr,pers,A:person-candidate,Other Tanakh
276495,1427803,482729,Ezekiel,23,46,אדני,nmpr,pers,C:divine-title-candidate,Other Tanakh
276496,1427803,482729,Ezekiel,23,46,יהוה,nmpr,pers,E:YHWH,Other Tanakh
276556,1427806,482742,Ezekiel,23,49,אדני,nmpr,pers,C:divine-title-candidate,Other Tanakh
276557,1427806,482742,Ezekiel,23,49,יהוה,nmpr,pers,E:YHWH,Other Tanakh
276561,1427807,482743,Ezekiel,24,1,יהוה,nmpr,pers,E:YHWH,Other Tanakh
276562,1427807,482743,Ezekiel,24,1,אל,prep,,C:divine-title-candidate,Other Tanakh
276596,1427808,482748,Ezekiel,24,2,מלך,subs,,B:deity-candidate,Other Tanakh
276597,1427808,482748,Ezekiel,24,2,בבל,nmpr,topo,F:unclassified-name,Other Tanakh
276598,1427808,482748,Ezekiel,24,2,אל,prep,,C:divine-title-candidate,Other Tanakh
276599,1427808,482748,Ezekiel,24,2,ירושלם,nmpr,topo,F:unclassified-name,Other Tanakh
276608,1427809,482749,Ezekiel,24,3,אל,prep,,C:divine-title-candidate,Other Tanakh
276615,1427809,482750,Ezekiel,24,3,אל,prep,,C:divine-title-candidate,Other Tanakh
276618,1427809,482751,Ezekiel,24,3,אדני,nmpr,pers,C:divine-title-candidate,Other Tanakh
276619,1427809,482751,Ezekiel,24,3,יהוה,nmpr,pers,E:YHWH,Other Tanakh
276631,1427810,482755,Ezekiel,24,4,אל,prep,,C:divine-title-candidate,Other Tanakh
276661,1427812,482762,Ezekiel,24,6,אדני,nmpr,pers,C:divine-title-candidate,Other Tanakh
276662,1427812,482762,Ezekiel,24,6,יהוה,nmpr,pers,E:YHWH,Other Tanakh
276721,1427815,482778,Ezekiel,24,9,אדני,nmpr,pers,C:divine-title-candidate,Other Tanakh
276722,1427815,482778,Ezekiel,24,9,יהוה,nmpr,pers,E:YHWH,Other Tanakh
276796,1427820,482799,Ezekiel,24,14,יהוה,nmpr,pers,E:YHWH,Other Tanakh
276816,1427820,482806,Ezekiel,24,14,אדני,nmpr,pers,C:divine-title-candidate,Other Tanakh
276817,1427820,482806,Ezekiel,24,14,יהוה,nmpr,pers,E:YHWH,Other Tanakh
276821,1427821,482807,Ezekiel,24,15,יהוה,nmpr,pers,E:YHWH,Other Tanakh
276822,1427821,482807,Ezekiel,24,15,אל,prep,,C:divine-title-candidate,Other Tanakh
276871,1427824,482821,Ezekiel,24,18,אל,prep,,C:divine-title-candidate,Other Tanakh
276893,1427825,482825,Ezekiel,24,19,אל,prep,,C:divine-title-candidate,Other Tanakh
276908,1427826,482829,Ezekiel,24,20,אל,prep,,C:divine-title-candidate,Other Tanakh
276910,1427826,482830,Ezekiel,24,20,יהוה,nmpr,pers,E:YHWH,Other Tanakh
276912,1427826,482830,Ezekiel,24,20,אל,prep,,C:divine-title-candidate,Other Tanakh
276918,1427827,482832,Ezekiel,24,21,ישראל,nmpr,"pers,gens,topo",F:unclassified-name,Other Tanakh
276921,1427827,482833,Ezekiel,24,21,אדני,nmpr,pers,C:divine-title-candidate,Other Tanakh
276922,1427827,482833,Ezekiel,24,21,יהוה,nmpr,pers,E:YHWH,Other Tanakh
276978,1427829,482847,Ezekiel,24,23,אל,prep,,C:divine-title-candidate,Other Tanakh
276982,1427830,482848,Ezekiel,24,24,יחזקאל,nmpr,pers,A:person-candidate,Other Tanakh
276997,1427830,482853,Ezekiel,24,24,אדני,nmpr,pers,C:divine-title-candidate,Other Tanakh
276998,1427830,482853,Ezekiel,24,24,יהוה,nmpr,pers,E:YHWH,Other Tanakh
277031,1427832,482858,Ezekiel,24,26,אל,prep,,C:divine-title-candidate,Other Tanakh
277060,1427833,482864,Ezekiel,24,27,יהוה,nmpr,pers,E:YHWH,Other Tanakh
277064,1427834,482865,Ezekiel,25,1,יהוה,nmpr,pers,E:YHWH,Other Tanakh
277065,1427834,482865,Ezekiel,25,1,אל,prep,,C:divine-title-candidate,Other Tanakh
277072,1427835,482868,Ezekiel,25,2,אל,prep,,C:divine-title-candidate,Other Tanakh
277074,1427835,482868,Ezekiel,25,2,עמון,nmpr,gens,F:unclassified-name,Other Tanakh
277082,1427836,482870,Ezekiel,25,3,עמון,nmpr,gens,F:unclassified-name,Other Tanakh
277085,1427836,482871,Ezekiel,25,3,אדני,nmpr,pers,C:divine-title-candidate,Other Tanakh
277086,1427836,482871,Ezekiel,25,3,יהוה,nmpr,pers,E:YHWH,Other Tanakh
277089,1427836,482872,Ezekiel,25,3,אדני,nmpr,pers,C:divine-title-candidate,Other Tanakh
277090,1427836,482872,Ezekiel,25,3,יהוה,nmpr,pers,E:YHWH,Other Tanakh
277094,1427836,482873,Ezekiel,25,3,אל,prep,,C:divine-title-candidate,Other Tanakh
277099,1427836,482876,Ezekiel,25,3,אל,prep,,C:divine-title-candidate,Other Tanakh
277101,1427836,482876,Ezekiel,25,3,ישראל,nmpr,"pers,gens,topo",F:unclassified-name,Other Tanakh
277105,1427836,482878,Ezekiel,25,3,אל,prep,,C:divine-title-candidate,Other Tanakh
277107,1427836,482878,Ezekiel,25,3,יהודה,nmpr,"pers,gens,topo",F:unclassified-name,Other Tanakh
277139,1427838,482886,Ezekiel,25,5,רבה,nmpr,topo,F:unclassified-name,Other Tanakh
277146,1427838,482887,Ezekiel,25,5,עמון,nmpr,gens,F:unclassified-name,Other Tanakh
277154,1427838,482889,Ezekiel,25,5,יהוה,nmpr,pers,E:YHWH,Other Tanakh
277158,1427839,482890,Ezekiel,25,6,אדני,nmpr,pers,C:divine-title-candidate,Other Tanakh
277159,1427839,482890,Ezekiel,25,6,יהוה,nmpr,pers,E:YHWH,Other Tanakh
277174,1427839,482893,Ezekiel,25,6,אל,prep,,C:divine-title-candidate,Other Tanakh
277176,1427839,482893,Ezekiel,25,6,ישראל,nmpr,"pers,gens,topo",F:unclassified-name,Other Tanakh
277205,1427840,482901,Ezekiel,25,7,יהוה,nmpr,pers,E:YHWH,Other Tanakh
277208,1427841,482902,Ezekiel,25,8,אדני,nmpr,pers,C:divine-title-candidate,Other Tanakh
277209,1427841,482902,Ezekiel,25,8,יהוה,nmpr,pers,E:YHWH,Other Tanakh
277212,1427841,482903,Ezekiel,25,8,מואב,nmpr,"pers,gens,topo",F:unclassified-name,Other Tanakh
277214,1427841,482903,Ezekiel,25,8,שעיר,nmpr,topo,F:unclassified-name,Other Tanakh
277221,1427841,482904,Ezekiel,25,8,יהודה,nmpr,"pers,gens,topo",F:unclassified-name,Other Tanakh
277227,1427842,482906,Ezekiel,25,9,מואב,nmpr,"pers,gens,topo",F:unclassified-name,Other Tanakh
277237,1427842,482907,Ezekiel,25,9,בית הישמות,nmpr,topo,F:unclassified-name,Other Tanakh
277238,1427842,482907,Ezekiel,25,9,בעל מעון,nmpr,topo,F:unclassified-name,Other Tanakh
277240,1427842,482907,Ezekiel,25,9,קריתים,nmpr,topo,F:unclassified-name,Other Tanakh
277246,1427843,482908,Ezekiel,25,10,עמון,nmpr,gens,F:unclassified-name,Other Tanakh
277255,1427843,482910,Ezekiel,25,10,עמון,nmpr,gens,F:unclassified-name,Other Tanakh
277261,1427844,482911,Ezekiel,25,11,מואב,nmpr,"pers,gens,topo",F:unclassified-name,Other Tanakh
277268,1427844,482913,Ezekiel,25,11,יהוה,nmpr,pers,E:YHWH,Other Tanakh
277271,1427845,482914,Ezekiel,25,12,אדני,nmpr,pers,C:divine-title-candidate,Other Tanakh
277272,1427845,482914,Ezekiel,25,12,יהוה,nmpr,pers,E:YHWH,Other Tanakh
277275,1427845,482915,Ezekiel,25,12,אדום,nmpr,topo,F:unclassified-name,Other Tanakh
277281,1427845,482916,Ezekiel,25,12,יהודה,nmpr,"pers,gens,topo",F:unclassified-name,Other Tanakh
277291,1427846,482920,Ezekiel,25,13,אדני,nmpr,pers,C:divine-title-candidate,Other Tanakh
277292,1427846,482920,Ezekiel,25,13,יהוה,nmpr,pers,E:YHWH,Other Tanakh
277297,1427846,482921,Ezekiel,25,13,אדום,nmpr,topo,F:unclassified-name,Other Tanakh
277308,1427846,482923,Ezekiel,25,13,תימן,nmpr,topo,F:unclassified-name,Other Tanakh
277310,1427846,482923,Ezekiel,25,13,דדן,nmpr,topo,F:unclassified-name,Other Tanakh
277320,1427847,482925,Ezekiel,25,14,אדום,nmpr,topo,F:unclassified-name,Other Tanakh
277324,1427847,482925,Ezekiel,25,14,ישראל,nmpr,"pers,gens,topo",F:unclassified-name,Other Tanakh
277328,1427847,482926,Ezekiel,25,14,אדום,nmpr,topo,F:unclassified-name,Other Tanakh
277339,1427847,482928,Ezekiel,25,14,אדני,nmpr,pers,C:divine-title-candidate,Other Tanakh
277340,1427847,482928,Ezekiel,25,14,יהוה,nmpr,pers,E:YHWH,Other Tanakh
277343,1427848,482929,Ezekiel,25,15,אדני,nmpr,pers,C:divine-title-candidate,Other Tanakh
277344,1427848,482929,Ezekiel,25,15,יהוה,nmpr,pers,E:YHWH,Other Tanakh
277364,1427849,482933,Ezekiel,25,16,אדני,nmpr,pers,C:divine-title-candidate,Other Tanakh
277365,1427849,482933,Ezekiel,25,16,יהוה,nmpr,pers,E:YHWH,Other Tanakh
277394,1427850,482939,Ezekiel,25,17,יהוה,nmpr,pers,E:YHWH,Other Tanakh
277413,1427851,482942,Ezekiel,26,1,יהוה,nmpr,pers,E:YHWH,Other Tanakh
277414,1427851,482942,Ezekiel,26,1,אל,prep,,C:divine-title-candidate,Other Tanakh
277422,1427852,482945,Ezekiel,26,2,צר,nmpr,topo,F:unclassified-name,Other Tanakh
277424,1427852,482945,Ezekiel,26,2,ירושלם,nmpr,topo,F:unclassified-name,Other Tanakh
277431,1427852,482948,Ezekiel,26,2,אל,prep,,C:divine-title-candidate,Other Tanakh
277437,1427853,482952,Ezekiel,26,3,אדני,nmpr,pers,C:divine-title-candidate,Other Tanakh
277438,1427853,482952,Ezekiel,26,3,יהוה,nmpr,pers,E:YHWH,Other Tanakh
277441,1427853,482954,Ezekiel,26,3,צר,nmpr,topo,F:unclassified-name,Other Tanakh
277456,1427854,482957,Ezekiel,26,4,צר,nmpr,topo,F:unclassified-name,Other Tanakh
277481,1427855,482963,Ezekiel,26,5,אדני,nmpr,pers,C:divine-title-candidate,Other Tanakh
277482,1427855,482963,Ezekiel,26,5,יהוה,nmpr,pers,E:YHWH,Other Tanakh
277504,1427856,482968,Ezekiel,26,6,יהוה,nmpr,pers,E:YHWH,Other Tanakh
277508,1427857,482969,Ezekiel,26,7,אדני,nmpr,pers,C:divine-title-candidate,Other Tanakh
277509,1427857,482969,Ezekiel,26,7,יהוה,nmpr,pers,E:YHWH,Other Tanakh
277512,1427857,482970,Ezekiel,26,7,אל,prep,,C:divine-title-candidate,Other Tanakh
277513,1427857,482970,Ezekiel,26,7,צר,nmpr,topo,F:unclassified-name,Other Tanakh
277514,1427857,482970,Ezekiel,26,7,נבוכדראצר,nmpr,pers,A:person-candidate,Other Tanakh
277515,1427857,482970,Ezekiel,26,7,מלך,subs,,B:deity-candidate,Other Tanakh
277516,1427857,482970,Ezekiel,26,7,בבל,nmpr,topo,F:unclassified-name,Other Tanakh
277519,1427857,482970,Ezekiel,26,7,מלך,subs,,B:deity-candidate,Other Tanakh
277520,1427857,482970,Ezekiel,26,7,מלך,subs,,B:deity-candidate,Other Tanakh
277652,1427864,482993,Ezekiel,26,14,יהוה,nmpr,pers,E:YHWH,Other Tanakh
277655,1427864,482994,Ezekiel,26,14,אדני,nmpr,pers,C:divine-title-candidate,Other Tanakh
277656,1427864,482994,Ezekiel,26,14,יהוה,nmpr,pers,E:YHWH,Other Tanakh
277659,1427865,482995,Ezekiel,26,15,אדני,nmpr,pers,C:divine-title-candidate,Other Tanakh
277660,1427865,482995,Ezekiel,26,15,יהוה,nmpr,pers,E:YHWH,Other Tanakh
277662,1427865,482995,Ezekiel,26,15,צר,nmpr,topo,F:unclassified-name,Other Tanakh
277760,1427869,483018,Ezekiel,26,19,אדני,nmpr,pers,C:divine-title-candidate,Other Tanakh
277761,1427869,483018,Ezekiel,26,19,יהוה,nmpr,pers,E:YHWH,Other Tanakh
277789,1427870,483023,Ezekiel,26,20,אל,prep,,C:divine-title-candidate,Other Tanakh
277826,1427871,483031,Ezekiel,26,21,אדני,nmpr,pers,C:divine-title-candidate,Other Tanakh
277827,1427871,483031,Ezekiel,26,21,יהוה,nmpr,pers,E:YHWH,Other Tanakh
277831,1427872,483032,Ezekiel,27,1,יהוה,nmpr,pers,E:YHWH,Other Tanakh
277832,1427872,483032,Ezekiel,27,1,אל,prep,,C:divine-title-candidate,Other Tanakh
277841,1427873,483034,Ezekiel,27,2,צר,nmpr,topo,F:unclassified-name,Other Tanakh
277846,1427874,483036,Ezekiel,27,3,צר,nmpr,topo,F:unclassified-name,Other Tanakh
277855,1427874,483036,Ezekiel,27,3,אל,prep,,C:divine-title-candidate,Other Tanakh
277860,1427874,483038,Ezekiel,27,3,אדני,nmpr,pers,C:divine-title-candidate,Other Tanakh
277861,1427874,483038,Ezekiel,27,3,יהוה,nmpr,pers,E:YHWH,Other Tanakh
277862,1427874,483039,Ezekiel,27,3,צר,nmpr,topo,F:unclassified-name,Other Tanakh
277877,1427876,483044,Ezekiel,27,5,שניר,nmpr,topo,F:unclassified-name,Other Tanakh
277885,1427876,483045,Ezekiel,27,5,לבנון,nmpr,topo,F:unclassified-name,Other Tanakh
277893,1427877,483047,Ezekiel,27,6,בשן,nmpr,topo,F:unclassified-name,Other Tanakh
277908,1427878,483049,Ezekiel,27,7,מצרים,nmpr,topo,F:unclassified-name,Other Tanakh
277921,1427878,483051,Ezekiel,27,7,אלישה,nmpr,topo,F:unclassified-name,Other Tanakh
277925,1427879,483052,Ezekiel,27,8,צידון,nmpr,topo,F:unclassified-name,Other Tanakh
277927,1427879,483052,Ezekiel,27,8,ארוד,nmpr,topo,F:unclassified-name,Other Tanakh
277932,1427879,483054,Ezekiel,27,8,צר,nmpr,topo,F:unclassified-name,Other Tanakh
277938,1427880,483056,Ezekiel,27,9,גבל,nmpr,topo,F:unclassified-name,Other Tanakh
277956,1427881,483060,Ezekiel,27,10,פרס,nmpr,"gens,topo",F:unclassified-name,Other Tanakh
277958,1427881,483060,Ezekiel,27,10,לוד,nmpr,pers,A:person-candidate,Other Tanakh
277960,1427881,483060,Ezekiel,27,10,פוט,nmpr,gens,F:unclassified-name,Other Tanakh
277975,1427882,483063,Ezekiel,27,11,ארוד,nmpr,topo,F:unclassified-name,Other Tanakh
277977,1427882,483063,Ezekiel,27,11,חילך,nmpr,topo,F:unclassified-name,Other Tanakh
277982,1427882,483064,Ezekiel,27,11,גמדים,nmpr,gens,F:unclassified-name,Other Tanakh
277994,1427883,483067,Ezekiel,27,12,תרשיש,nmpr,topo,F:unclassified-name,Other Tanakh
278008,1427884,483069,Ezekiel,27,13,יון,nmpr,"pers,gens,topo",F:unclassified-name,Other Tanakh
278009,1427884,483069,Ezekiel,27,13,תבל,nmpr,gens,F:unclassified-name,Other Tanakh
278011,1427884,483069,Ezekiel,27,13,משך,nmpr,gens,F:unclassified-name,Other Tanakh
278024,1427885,483072,Ezekiel,27,14,תוגרמה,nmpr,topo,F:unclassified-name,Other Tanakh
278033,1427886,483073,Ezekiel,27,15,דדן,nmpr,topo,F:unclassified-name,Other Tanakh
278045,1427887,483076,Ezekiel,27,16,ארם,nmpr,topo,F:unclassified-name,Other Tanakh
278064,1427888,483078,Ezekiel,27,17,יהודה,nmpr,"pers,gens,topo",F:unclassified-name,Other Tanakh
278067,1427888,483078,Ezekiel,27,17,ישראל,nmpr,"pers,gens,topo",F:unclassified-name,Other Tanakh
278072,1427888,483080,Ezekiel,27,17,מנית,nmpr,topo,F:unclassified-name,Other Tanakh
278083,1427889,483081,Ezekiel,27,18,דמשק,nmpr,topo,F:unclassified-name,Other Tanakh
278094,1427889,483082,Ezekiel,27,18,חלבון,nmpr,topo,F:unclassified-name,Other Tanakh
278097,1427889,483082,Ezekiel,27,18,צחר,nmpr,topo,F:unclassified-name,Other Tanakh
278098,1427890,483083,Ezekiel,27,19,ודן,nmpr,topo,F:unclassified-name,Other Tanakh
278100,1427890,483083,Ezekiel,27,19,יון,nmpr,"pers,gens,topo",F:unclassified-name,Other Tanakh
278102,1427890,483083,Ezekiel,27,19,אוזל,nmpr,pers,A:person-candidate,Other Tanakh
278114,1427891,483085,Ezekiel,27,20,דדן,nmpr,topo,F:unclassified-name,Other Tanakh
278121,1427892,483086,Ezekiel,27,21,ערב,nmpr,gens,F:unclassified-name,Other Tanakh
278125,1427892,483086,Ezekiel,27,21,קדר,nmpr,"pers,gens",F:unclassified-name,Other Tanakh
278138,1427893,483090,Ezekiel,27,22,שבא,nmpr,topo,F:unclassified-name,Other Tanakh
278140,1427893,483090,Ezekiel,27,22,רעמה,nmpr,"pers,gens",F:unclassified-name,Other Tanakh
278156,1427894,483093,Ezekiel,27,23,חרן,nmpr,topo,F:unclassified-name,Other Tanakh
278158,1427894,483093,Ezekiel,27,23,כנה,nmpr,topo,F:unclassified-name,Other Tanakh
278160,1427894,483093,Ezekiel,27,23,עדן,nmpr,topo,F:unclassified-name,Other Tanakh
278162,1427894,483093,Ezekiel,27,23,שבא,nmpr,topo,F:unclassified-name,Other Tanakh
278163,1427894,483094,Ezekiel,27,23,אשור,nmpr,topo,F:unclassified-name,Other Tanakh
278164,1427894,483094,Ezekiel,27,23,כלמד,nmpr,topo,F:unclassified-name,Other Tanakh
278187,1427896,483096,Ezekiel,27,25,תרשיש,nmpr,topo,F:unclassified-name,Other Tanakh
278262,1427900,483108,Ezekiel,27,29,אל,prep,,C:divine-title-candidate,Other Tanakh
278285,1427902,483113,Ezekiel,27,31,אל,prep,,C:divine-title-candidate,Other Tanakh
278292,1427902,483115,Ezekiel,27,31,אל,prep,,C:divine-title-candidate,Other Tanakh
278300,1427903,483116,Ezekiel,27,32,אל,prep,,C:divine-title-candidate,Other Tanakh
278309,1427903,483118,Ezekiel,27,32,צר,nmpr,topo,F:unclassified-name,Other Tanakh
278330,1427904,483122,Ezekiel,27,33,מלך,subs,,B:deity-candidate,Other Tanakh
278353,1427906,483127,Ezekiel,27,35,מלך,subs,,B:deity-candidate,Other Tanakh
278373,1427908,483132,Ezekiel,28,1,יהוה,nmpr,pers,E:YHWH,Other Tanakh
278374,1427908,483132,Ezekiel,28,1,אל,prep,,C:divine-title-candidate,Other Tanakh
278382,1427909,483135,Ezekiel,28,2,צר,nmpr,topo,F:unclassified-name,Other Tanakh
278385,1427909,483136,Ezekiel,28,2,אדני,nmpr,pers,C:divine-title-candidate,Other Tanakh
278386,1427909,483136,Ezekiel,28,2,יהוה,nmpr,pers,E:YHWH,Other Tanakh
278392,1427909,483139,Ezekiel,28,2,אל,subs,,C:divine-title-candidate,Other Tanakh
278395,1427909,483140,Ezekiel,28,2,אלהים,subs,,D:Elohim,Other Tanakh
278405,1427909,483142,Ezekiel,28,2,אל,subs,,C:divine-title-candidate,Other Tanakh
278411,1427909,483143,Ezekiel,28,2,אלהים,subs,,D:Elohim,Other Tanakh
278416,1427910,483144,Ezekiel,28,3,דניאל,nmpr,pers,A:person-candidate,Other Tanakh
278451,1427913,483151,Ezekiel,28,6,אדני,nmpr,pers,C:divine-title-candidate,Other Tanakh
278452,1427913,483151,Ezekiel,28,6,יהוה,nmpr,pers,E:YHWH,Other Tanakh
278459,1427913,483152,Ezekiel,28,6,אלהים,subs,,D:Elohim,Other Tanakh
278490,1427916,483160,Ezekiel,28,9,אלהים,subs,,D:Elohim,Other Tanakh
278500,1427916,483162,Ezekiel,28,9,אל,subs,,C:divine-title-candidate,Other Tanakh
278514,1427917,483165,Ezekiel,28,10,אדני,nmpr,pers,C:divine-title-candidate,Other Tanakh
278515,1427917,483165,Ezekiel,28,10,יהוה,nmpr,pers,E:YHWH,Other Tanakh
278519,1427918,483166,Ezekiel,28,11,יהוה,nmpr,pers,E:YHWH,Other Tanakh
278520,1427918,483166,Ezekiel,28,11,אל,prep,,C:divine-title-candidate,Other Tanakh
278528,1427919,483169,Ezekiel,28,12,מלך,subs,,B:deity-candidate,Other Tanakh
278529,1427919,483169,Ezekiel,28,12,צר,nmpr,topo,F:unclassified-name,Other Tanakh
278535,1427919,483171,Ezekiel,28,12,אדני,nmpr,pers,C:divine-title-candidate,Other Tanakh
278536,1427919,483171,Ezekiel,28,12,יהוה,nmpr,pers,E:YHWH,Other Tanakh
278546,1427920,483174,Ezekiel,28,13,עדן,nmpr,topo,F:unclassified-name,Other Tanakh
278548,1427920,483174,Ezekiel,28,13,אלהים,subs,,D:Elohim,Other Tanakh
278587,1427921,483182,Ezekiel,28,14,אלהים,subs,,D:Elohim,Other Tanakh
278617,1427923,483189,Ezekiel,28,16,אלהים,subs,,D:Elohim,Other Tanakh
278640,1427924,483196,Ezekiel,28,17,מלך,subs,,B:deity-candidate,Other Tanakh
278687,1427927,483205,Ezekiel,28,20,יהוה,nmpr,pers,E:YHWH,Other Tanakh
278688,1427927,483205,Ezekiel,28,20,אל,prep,,C:divine-title-candidate,Other Tanakh
278695,1427928,483208,Ezekiel,28,21,אל,prep,,C:divine-title-candidate,Other Tanakh
278696,1427928,483208,Ezekiel,28,21,צידון,nmpr,topo,F:unclassified-name,Other Tanakh
278704,1427929,483211,Ezekiel,28,22,אדני,nmpr,pers,C:divine-title-candidate,Other Tanakh
278705,1427929,483211,Ezekiel,28,22,יהוה,nmpr,pers,E:YHWH,Other Tanakh
278708,1427929,483213,Ezekiel,28,22,צידון,nmpr,topo,F:unclassified-name,Other Tanakh
278717,1427929,483216,Ezekiel,28,22,יהוה,nmpr,pers,E:YHWH,Other Tanakh
278747,1427930,483222,Ezekiel,28,23,יהוה,nmpr,pers,E:YHWH,Other Tanakh
278754,1427931,483223,Ezekiel,28,24,ישראל,nmpr,"pers,gens,topo",F:unclassified-name,Other Tanakh
278770,1427931,483226,Ezekiel,28,24,אדני,nmpr,pers,C:divine-title-candidate,Other Tanakh
278771,1427931,483226,Ezekiel,28,24,יהוה,nmpr,pers,E:YHWH,Other Tanakh
278774,1427932,483227,Ezekiel,28,25,אדני,nmpr,pers,C:divine-title-candidate,Other Tanakh
278775,1427932,483227,Ezekiel,28,25,יהוה,nmpr,pers,E:YHWH,Other Tanakh
278780,1427932,483228,Ezekiel,28,25,ישראל,nmpr,"pers,gens,topo",F:unclassified-name,Other Tanakh
278803,1427932,483232,Ezekiel,28,25,יעקב,nmpr,pers,A:person-candidate,Other Tanakh
278833,1427933,483240,Ezekiel,28,26,יהוה,nmpr,pers,E:YHWH,Other Tanakh
278834,1427933,483240,Ezekiel,28,26,אלהים,subs,,D:Elohim,Other Tanakh
278851,1427934,483242,Ezekiel,29,1,יהוה,nmpr,pers,E:YHWH,Other Tanakh
278852,1427934,483242,Ezekiel,29,1,אל,prep,,C:divine-title-candidate,Other Tanakh
278861,1427935,483245,Ezekiel,29,2,מלך,subs,,B:deity-candidate,Other Tanakh
278862,1427935,483245,Ezekiel,29,2,מצרים,nmpr,topo,F:unclassified-name,Other Tanakh
278868,1427935,483246,Ezekiel,29,2,מצרים,nmpr,topo,F:unclassified-name,Other Tanakh
278875,1427936,483249,Ezekiel,29,3,אדני,nmpr,pers,C:divine-title-candidate,Other Tanakh
278876,1427936,483249,Ezekiel,29,3,יהוה,nmpr,pers,E:YHWH,Other Tanakh
278880,1427936,483251,Ezekiel,29,3,מלך,subs,,B:deity-candidate,Other Tanakh
278881,1427936,483251,Ezekiel,29,3,מצרים,nmpr,topo,F:unclassified-name,Other Tanakh
278894,1427936,483254,Ezekiel,29,3,יאר,nmpr,topo,F:unclassified-name,Other Tanakh
278958,1427939,483265,Ezekiel,29,6,מצרים,nmpr,topo,F:unclassified-name,Other Tanakh
278961,1427939,483266,Ezekiel,29,6,יהוה,nmpr,pers,E:YHWH,Other Tanakh
278968,1427939,483267,Ezekiel,29,6,ישראל,nmpr,"pers,gens,topo",F:unclassified-name,Other Tanakh
278994,1427941,483275,Ezekiel,29,8,אדני,nmpr,pers,C:divine-title-candidate,Other Tanakh
278995,1427941,483275,Ezekiel,29,8,יהוה,nmpr,pers,E:YHWH,Other Tanakh
279009,1427942,483278,Ezekiel,29,9,מצרים,nmpr,topo,F:unclassified-name,Other Tanakh
279018,1427942,483280,Ezekiel,29,9,יהוה,nmpr,pers,E:YHWH,Other Tanakh
279021,1427942,483282,Ezekiel,29,9,יאר,nmpr,topo,F:unclassified-name,Other Tanakh
279028,1427943,483285,Ezekiel,29,10,אל,prep,,C:divine-title-candidate,Other Tanakh
279030,1427943,483285,Ezekiel,29,10,אל,prep,,C:divine-title-candidate,Other Tanakh
279036,1427943,483286,Ezekiel,29,10,מצרים,nmpr,topo,F:unclassified-name,Other Tanakh
279042,1427943,483286,Ezekiel,29,10,מגדל סונה,nmpr,topo,F:unclassified-name,Other Tanakh
279046,1427943,483286,Ezekiel,29,10,כוש,nmpr,topo,F:unclassified-name,Other Tanakh
279067,1427945,483290,Ezekiel,29,12,מצרים,nmpr,topo,F:unclassified-name,Other Tanakh
279086,1427945,483292,Ezekiel,29,12,מצרים,nmpr,topo,F:unclassified-name,Other Tanakh
279098,1427946,483294,Ezekiel,29,13,אדני,nmpr,pers,C:divine-title-candidate,Other Tanakh
279099,1427946,483294,Ezekiel,29,13,יהוה,nmpr,pers,E:YHWH,Other Tanakh
279106,1427946,483295,Ezekiel,29,13,מצרים,nmpr,topo,F:unclassified-name,Other Tanakh
279117,1427947,483297,Ezekiel,29,14,מצרים,nmpr,topo,F:unclassified-name,Other Tanakh
279122,1427947,483298,Ezekiel,29,14,פתרוס,nmpr,topo,F:unclassified-name,Other Tanakh
279157,1427949,483304,Ezekiel,29,16,ישראל,nmpr,"pers,gens,topo",F:unclassified-name,Other Tanakh
279169,1427949,483308,Ezekiel,29,16,אדני,nmpr,pers,C:divine-title-candidate,Other Tanakh
279170,1427949,483308,Ezekiel,29,16,יהוה,nmpr,pers,E:YHWH,Other Tanakh
279188,1427950,483310,Ezekiel,29,17,יהוה,nmpr,pers,E:YHWH,Other Tanakh
279189,1427950,483310,Ezekiel,29,17,אל,prep,,C:divine-title-candidate,Other Tanakh
279194,1427951,483313,Ezekiel,29,18,נבוכדראצר,nmpr,pers,A:person-candidate,Other Tanakh
279195,1427951,483313,Ezekiel,29,18,מלך,subs,,B:deity-candidate,Other Tanakh
279196,1427951,483313,Ezekiel,29,18,בבל,nmpr,topo,F:unclassified-name,Other Tanakh
279202,1427951,483313,Ezekiel,29,18,אל,prep,,C:divine-title-candidate,Other Tanakh
279203,1427951,483313,Ezekiel,29,18,צר,nmpr,topo,F:unclassified-name,Other Tanakh
279220,1427951,483316,Ezekiel,29,18,צר,nmpr,topo,F:unclassified-name,Other Tanakh
279230,1427952,483319,Ezekiel,29,19,אדני,nmpr,pers,C:divine-title-candidate,Other Tanakh
279231,1427952,483319,Ezekiel,29,19,יהוה,nmpr,pers,E:YHWH,Other Tanakh
279235,1427952,483320,Ezekiel,29,19,נבוכדראצר,nmpr,pers,A:person-candidate,Other Tanakh
279236,1427952,483320,Ezekiel,29,19,מלך,subs,,B:deity-candidate,Other Tanakh
279237,1427952,483320,Ezekiel,29,19,בבל,nmpr,topo,F:unclassified-name,Other Tanakh
279240,1427952,483320,Ezekiel,29,19,מצרים,nmpr,topo,F:unclassified-name,Other Tanakh
279263,1427953,483325,Ezekiel,29,20,מצרים,nmpr,topo,F:unclassified-name,Other Tanakh
279268,1427953,483328,Ezekiel,29,20,אדני,nmpr,pers,C:divine-title-candidate,Other Tanakh
279269,1427953,483328,Ezekiel,29,20,יהוה,nmpr,pers,E:YHWH,Other Tanakh
279279,1427954,483329,Ezekiel,29,21,ישראל,nmpr,"pers,gens,topo",F:unclassified-name,Other Tanakh
279291,1427954,483332,Ezekiel,29,21,יהוה,nmpr,pers,E:YHWH,Other Tanakh
279295,1427955,483333,Ezekiel,30,1,יהוה,nmpr,pers,E:YHWH,Other Tanakh
279296,1427955,483333,Ezekiel,30,1,אל,prep,,C:divine-title-candidate,Other Tanakh
279306,1427956,483338,Ezekiel,30,2,אדני,nmpr,pers,C:divine-title-candidate,Other Tanakh
279307,1427956,483338,Ezekiel,30,2,יהוה,nmpr,pers,E:YHWH,Other Tanakh
279320,1427957,483342,Ezekiel,30,3,יהוה,nmpr,pers,E:YHWH,Other Tanakh
279330,1427958,483344,Ezekiel,30,4,מצרים,nmpr,topo,F:unclassified-name,Other Tanakh
279335,1427958,483345,Ezekiel,30,4,כוש,nmpr,topo,F:unclassified-name,Other Tanakh
279340,1427958,483346,Ezekiel,30,4,מצרים,nmpr,topo,F:unclassified-name,Other Tanakh
279347,1427959,483349,Ezekiel,30,5,כוש,nmpr,topo,F:unclassified-name,Other Tanakh
279349,1427959,483349,Ezekiel,30,5,פוט,nmpr,gens,F:unclassified-name,Other Tanakh
279351,1427959,483349,Ezekiel,30,5,לוד,nmpr,pers,A:person-candidate,Other Tanakh
279357,1427959,483349,Ezekiel,30,5,כוב,nmpr,topo,F:unclassified-name,Other Tanakh
279370,1427960,483350,Ezekiel,30,6,יהוה,nmpr,pers,E:YHWH,Other Tanakh
279374,1427960,483351,Ezekiel,30,6,מצרים,nmpr,topo,F:unclassified-name,Other Tanakh
279380,1427960,483352,Ezekiel,30,6,מגדל סונה,nmpr,topo,F:unclassified-name,Other Tanakh
279387,1427960,483354,Ezekiel,30,6,אדני,nmpr,pers,C:divine-title-candidate,Other Tanakh
279388,1427960,483354,Ezekiel,30,6,יהוה,nmpr,pers,E:YHWH,Other Tanakh
279406,1427962,483358,Ezekiel,30,8,יהוה,nmpr,pers,E:YHWH,Other Tanakh
279411,1427962,483359,Ezekiel,30,8,מצרים,nmpr,topo,F:unclassified-name,Other Tanakh
279432,1427963,483362,Ezekiel,30,9,כוש,nmpr,topo,F:unclassified-name,Other Tanakh
279440,1427963,483363,Ezekiel,30,9,מצרים,nmpr,topo,F:unclassified-name,Other Tanakh
279446,1427964,483365,Ezekiel,30,10,אדני,nmpr,pers,C:divine-title-candidate,Other Tanakh
279447,1427964,483365,Ezekiel,30,10,יהוה,nmpr,pers,E:YHWH,Other Tanakh
279452,1427964,483366,Ezekiel,30,10,מצרים,nmpr,topo,F:unclassified-name,Other Tanakh
279455,1427964,483366,Ezekiel,30,10,נבוכדראצר,nmpr,pers,A:person-candidate,Other Tanakh
279456,1427964,483366,Ezekiel,30,10,מלך,subs,,B:deity-candidate,Other Tanakh
279457,1427964,483366,Ezekiel,30,10,בבל,nmpr,topo,F:unclassified-name,Other Tanakh
279473,1427965,483369,Ezekiel,30,11,מצרים,nmpr,topo,F:unclassified-name,Other Tanakh
279501,1427966,483374,Ezekiel,30,12,יהוה,nmpr,pers,E:YHWH,Other Tanakh
279505,1427967,483375,Ezekiel,30,13,אדני,nmpr,pers,C:divine-title-candidate,Other Tanakh
279506,1427967,483375,Ezekiel,30,13,יהוה,nmpr,pers,E:YHWH,Other Tanakh
279514,1427967,483377,Ezekiel,30,13,נף,nmpr,topo,F:unclassified-name,Other Tanakh
279519,1427967,483378,Ezekiel,30,13,מצרים,nmpr,topo,F:unclassified-name,Other Tanakh
279528,1427967,483379,Ezekiel,30,13,מצרים,nmpr,topo,F:unclassified-name,Other Tanakh
279532,1427968,483380,Ezekiel,30,14,פתרוס,nmpr,topo,F:unclassified-name,Other Tanakh
279537,1427968,483381,Ezekiel,30,14,צען,nmpr,topo,F:unclassified-name,Other Tanakh
279542,1427968,483382,Ezekiel,30,14,נא,nmpr,topo,F:unclassified-name,Other Tanakh
279547,1427969,483383,Ezekiel,30,15,סין,nmpr,topo,F:unclassified-name,Other Tanakh
279549,1427969,483383,Ezekiel,30,15,מצרים,nmpr,topo,F:unclassified-name,Other Tanakh
279554,1427969,483384,Ezekiel,30,15,נא,nmpr,topo,F:unclassified-name,Other Tanakh
279559,1427970,483385,Ezekiel,30,16,מצרים,nmpr,topo,F:unclassified-name,Other Tanakh
279562,1427970,483386,Ezekiel,30,16,סין,nmpr,topo,F:unclassified-name,Other Tanakh
279564,1427970,483387,Ezekiel,30,16,נא,nmpr,topo,F:unclassified-name,Other Tanakh
279569,1427970,483389,Ezekiel,30,16,נף,nmpr,topo,F:unclassified-name,Other Tanakh
279573,1427971,483390,Ezekiel,30,17,און,nmpr,topo,F:unclassified-name,Other Tanakh
279575,1427971,483390,Ezekiel,30,17,פי בסת,nmpr,topo,F:unclassified-name,Other Tanakh
279588,1427972,483392,Ezekiel,30,18,תחפנחס,nmpr,topo,F:unclassified-name,Other Tanakh
279597,1427972,483393,Ezekiel,30,18,מצרים,nmpr,topo,F:unclassified-name,Other Tanakh
279616,1427973,483398,Ezekiel,30,19,מצרים,nmpr,topo,F:unclassified-name,Other Tanakh
279621,1427973,483400,Ezekiel,30,19,יהוה,nmpr,pers,E:YHWH,Other Tanakh
279638,1427974,483402,Ezekiel,30,20,יהוה,nmpr,pers,E:YHWH,Other Tanakh
279639,1427974,483402,Ezekiel,30,20,אל,prep,,C:divine-title-candidate,Other Tanakh
279647,1427975,483405,Ezekiel,30,21,מלך,subs,,B:deity-candidate,Other Tanakh
279648,1427975,483405,Ezekiel,30,21,מצרים,nmpr,topo,F:unclassified-name,Other Tanakh
279672,1427976,483414,Ezekiel,30,22,אדני,nmpr,pers,C:divine-title-candidate,Other Tanakh
279673,1427976,483414,Ezekiel,30,22,יהוה,nmpr,pers,E:YHWH,Other Tanakh
279675,1427976,483415,Ezekiel,30,22,אל,prep,,C:divine-title-candidate,Other Tanakh
279677,1427976,483415,Ezekiel,30,22,מלך,subs,,B:deity-candidate,Other Tanakh
279678,1427976,483415,Ezekiel,30,22,מצרים,nmpr,topo,F:unclassified-name,Other Tanakh
279700,1427977,483418,Ezekiel,30,23,מצרים,nmpr,topo,F:unclassified-name,Other Tanakh
279713,1427978,483420,Ezekiel,30,24,מלך,subs,,B:deity-candidate,Other Tanakh
279714,1427978,483420,Ezekiel,30,24,בבל,nmpr,topo,F:unclassified-name,Other Tanakh
279736,1427979,483424,Ezekiel,30,25,מלך,subs,,B:deity-candidate,Other Tanakh
279737,1427979,483424,Ezekiel,30,25,בבל,nmpr,topo,F:unclassified-name,Other Tanakh
279746,1427979,483427,Ezekiel,30,25,יהוה,nmpr,pers,E:YHWH,Other Tanakh
279752,1427979,483428,Ezekiel,30,25,מלך,subs,,B:deity-candidate,Other Tanakh
279753,1427979,483428,Ezekiel,30,25,בבל,nmpr,topo,F:unclassified-name,Other Tanakh
279757,1427979,483429,Ezekiel,30,25,אל,prep,,C:divine-title-candidate,Other Tanakh
279759,1427979,483429,Ezekiel,30,25,מצרים,nmpr,topo,F:unclassified-name,Other Tanakh
279763,1427980,483430,Ezekiel,30,26,מצרים,nmpr,topo,F:unclassified-name,Other Tanakh
279777,1427980,483433,Ezekiel,30,26,יהוה,nmpr,pers,E:YHWH,Other Tanakh
279794,1427981,483435,Ezekiel,31,1,יהוה,nmpr,pers,E:YHWH,Other Tanakh
279795,1427981,483435,Ezekiel,31,1,אל,prep,,C:divine-title-candidate,Other Tanakh
279801,1427982,483438,Ezekiel,31,2,אל,prep,,C:divine-title-candidate,Other Tanakh
279803,1427982,483438,Ezekiel,31,2,מלך,subs,,B:deity-candidate,Other Tanakh
279804,1427982,483438,Ezekiel,31,2,מצרים,nmpr,topo,F:unclassified-name,Other Tanakh
279806,1427982,483438,Ezekiel,31,2,אל,prep,,C:divine-title-candidate,Other Tanakh
279808,1427982,483439,Ezekiel,31,2,אל,prep,,C:divine-title-candidate,Other Tanakh
279814,1427983,483440,Ezekiel,31,3,אשור,nmpr,topo,F:unclassified-name,Other Tanakh
279818,1427983,483440,Ezekiel,31,3,לבנון,nmpr,topo,F:unclassified-name,Other Tanakh
279845,1427984,483447,Ezekiel,31,4,אל,prep,,C:divine-title-candidate,Other Tanakh
279902,1427987,483456,Ezekiel,31,7,אל,prep,,C:divine-title-candidate,Other Tanakh
279910,1427988,483457,Ezekiel,31,8,אלהים,subs,,D:Elohim,Other Tanakh
279914,1427988,483458,Ezekiel,31,8,אל,prep,,C:divine-title-candidate,Other Tanakh
279926,1427988,483460,Ezekiel,31,8,אלהים,subs,,D:Elohim,Other Tanakh
279929,1427988,483460,Ezekiel,31,8,אל,prep,,C:divine-title-candidate,Other Tanakh
279941,1427989,483462,Ezekiel,31,9,עדן,nmpr,topo,F:unclassified-name,Other Tanakh
279946,1427989,483463,Ezekiel,31,9,אלהים,subs,,D:Elohim,Other Tanakh
279950,1427990,483465,Ezekiel,31,10,אדני,nmpr,pers,C:divine-title-candidate,Other Tanakh
279951,1427990,483465,Ezekiel,31,10,יהוה,nmpr,pers,E:YHWH,Other Tanakh
279960,1427990,483467,Ezekiel,31,10,אל,prep,,C:divine-title-candidate,Other Tanakh
279987,1427992,483474,Ezekiel,31,12,אל,prep,,C:divine-title-candidate,Other Tanakh
280022,1427993,483479,Ezekiel,31,13,אל,prep,,C:divine-title-candidate,Other Tanakh
280043,1427994,483481,Ezekiel,31,14,אל,prep,,C:divine-title-candidate,Other Tanakh
280049,1427994,483482,Ezekiel,31,14,אל,prep,,C:divine-title-candidate,Other Tanakh
280061,1427994,483483,Ezekiel,31,14,אל,prep,,C:divine-title-candidate,Other Tanakh
280068,1427994,483483,Ezekiel,31,14,אל,prep,,C:divine-title-candidate,Other Tanakh
280073,1427995,483484,Ezekiel,31,15,אדני,nmpr,pers,C:divine-title-candidate,Other Tanakh
280074,1427995,483484,Ezekiel,31,15,יהוה,nmpr,pers,E:YHWH,Other Tanakh
280078,1427995,483486,Ezekiel,31,15,שאול,subs,,A:person-candidate,Other Tanakh
280094,1427995,483490,Ezekiel,31,15,לבנון,nmpr,topo,F:unclassified-name,Other Tanakh
280110,1427996,483493,Ezekiel,31,16,שאול,subs,,A:person-candidate,Other Tanakh
280121,1427996,483494,Ezekiel,31,16,עדן,nmpr,topo,F:unclassified-name,Other Tanakh
280125,1427996,483494,Ezekiel,31,16,לבנון,nmpr,topo,F:unclassified-name,Other Tanakh
280133,1427997,483495,Ezekiel,31,17,שאול,subs,,A:person-candidate,Other Tanakh
280134,1427997,483495,Ezekiel,31,17,אל,prep,,C:divine-title-candidate,Other Tanakh
280145,1427998,483497,Ezekiel,31,18,אל,prep,,C:divine-title-candidate,Other Tanakh
280156,1427998,483497,Ezekiel,31,18,עדן,nmpr,topo,F:unclassified-name,Other Tanakh
280161,1427998,483498,Ezekiel,31,18,עדן,nmpr,topo,F:unclassified-name,Other Tanakh
280162,1427998,483498,Ezekiel,31,18,אל,prep,,C:divine-title-candidate,Other Tanakh
280178,1427998,483502,Ezekiel,31,18,אדני,nmpr,pers,C:divine-title-candidate,Other Tanakh
280179,1427998,483502,Ezekiel,31,18,יהוה,nmpr,pers,E:YHWH,Other Tanakh
280197,1427999,483504,Ezekiel,32,1,יהוה,nmpr,pers,E:YHWH,Other Tanakh
280198,1427999,483504,Ezekiel,32,1,אל,prep,,C:divine-title-candidate,Other Tanakh
280207,1428000,483507,Ezekiel,32,2,מלך,subs,,B:deity-candidate,Other Tanakh
280208,1428000,483507,Ezekiel,32,2,מצרים,nmpr,topo,F:unclassified-name,Other Tanakh
280211,1428000,483508,Ezekiel,32,2,אל,prep,,C:divine-title-candidate,Other Tanakh
280237,1428001,483515,Ezekiel,32,3,אדני,nmpr,pers,C:divine-title-candidate,Other Tanakh
280238,1428001,483515,Ezekiel,32,3,יהוה,nmpr,pers,E:YHWH,Other Tanakh
280294,1428004,483525,Ezekiel,32,6,אל,prep,,C:divine-title-candidate,Other Tanakh
280334,1428006,483534,Ezekiel,32,8,אדני,nmpr,pers,C:divine-title-candidate,Other Tanakh
280335,1428006,483534,Ezekiel,32,8,יהוה,nmpr,pers,E:YHWH,Other Tanakh
280358,1428008,483540,Ezekiel,32,10,מלך,subs,,B:deity-candidate,Other Tanakh
280380,1428009,483544,Ezekiel,32,11,אדני,nmpr,pers,C:divine-title-candidate,Other Tanakh
280381,1428009,483544,Ezekiel,32,11,יהוה,nmpr,pers,E:YHWH,Other Tanakh
280383,1428009,483545,Ezekiel,32,11,מלך,subs,,B:deity-candidate,Other Tanakh
280384,1428009,483545,Ezekiel,32,11,בבל,nmpr,topo,F:unclassified-name,Other Tanakh
280398,1428010,483548,Ezekiel,32,12,מצרים,nmpr,topo,F:unclassified-name,Other Tanakh
280433,1428012,483555,Ezekiel,32,14,אדני,nmpr,pers,C:divine-title-candidate,Other Tanakh
280434,1428012,483555,Ezekiel,32,14,יהוה,nmpr,pers,E:YHWH,Other Tanakh
280439,1428013,483556,Ezekiel,32,15,מצרים,nmpr,topo,F:unclassified-name,Other Tanakh
280456,1428013,483561,Ezekiel,32,15,יהוה,nmpr,pers,E:YHWH,Other Tanakh
280467,1428014,483565,Ezekiel,32,16,מצרים,nmpr,topo,F:unclassified-name,Other Tanakh
280475,1428014,483566,Ezekiel,32,16,אדני,nmpr,pers,C:divine-title-candidate,Other Tanakh
280476,1428014,483566,Ezekiel,32,16,יהוה,nmpr,pers,E:YHWH,Other Tanakh
280491,1428015,483568,Ezekiel,32,17,יהוה,nmpr,pers,E:YHWH,Other Tanakh
280492,1428015,483568,Ezekiel,32,17,אל,prep,,C:divine-title-candidate,Other Tanakh
280500,1428016,483571,Ezekiel,32,18,מצרים,nmpr,topo,F:unclassified-name,Other Tanakh
280508,1428016,483572,Ezekiel,32,18,אל,prep,,C:divine-title-candidate,Other Tanakh
280540,1428019,483579,Ezekiel,32,21,שאול,subs,,A:person-candidate,Other Tanakh
280550,1428020,483582,Ezekiel,32,22,אשור,nmpr,topo,F:unclassified-name,Other Tanakh
280587,1428022,483591,Ezekiel,32,24,עילם,nmpr,"pers,gens,topo",F:unclassified-name,Other Tanakh
280603,1428022,483594,Ezekiel,32,24,אל,prep,,C:divine-title-candidate,Other Tanakh
280650,1428024,483604,Ezekiel,32,26,משך,nmpr,gens,F:unclassified-name,Other Tanakh
280651,1428024,483604,Ezekiel,32,26,תבל,nmpr,gens,F:unclassified-name,Other Tanakh
280677,1428025,483610,Ezekiel,32,27,שאול,subs,,A:person-candidate,Other Tanakh
280710,1428027,483616,Ezekiel,32,29,אדום,nmpr,topo,F:unclassified-name,Other Tanakh
280711,1428027,483616,Ezekiel,32,29,מלך,subs,,B:deity-candidate,Other Tanakh
280773,1428029,483628,Ezekiel,32,31,אדני,nmpr,pers,C:divine-title-candidate,Other Tanakh
280774,1428029,483628,Ezekiel,32,31,יהוה,nmpr,pers,E:YHWH,Other Tanakh
280795,1428030,483631,Ezekiel,32,32,אדני,nmpr,pers,C:divine-title-candidate,Other Tanakh
280796,1428030,483631,Ezekiel,32,32,יהוה,nmpr,pers,E:YHWH,Other Tanakh
280800,1428031,483632,Ezekiel,33,1,יהוה,nmpr,pers,E:YHWH,Other Tanakh
280801,1428031,483632,Ezekiel,33,1,אל,prep,,C:divine-title-candidate,Other Tanakh
280807,1428032,483635,Ezekiel,33,2,אל,prep,,C:divine-title-candidate,Other Tanakh
280812,1428032,483636,Ezekiel,33,2,אל,prep,,C:divine-title-candidate,Other Tanakh
280934,1428037,483666,Ezekiel,33,7,ישראל,nmpr,"pers,gens,topo",F:unclassified-name,Other Tanakh
280998,1428040,483682,Ezekiel,33,10,אל,prep,,C:divine-title-candidate,Other Tanakh
281000,1428040,483682,Ezekiel,33,10,ישראל,nmpr,"pers,gens,topo",F:unclassified-name,Other Tanakh
281018,1428041,483689,Ezekiel,33,11,אל,prep,,C:divine-title-candidate,Other Tanakh
281022,1428041,483691,Ezekiel,33,11,אדני,nmpr,pers,C:divine-title-candidate,Other Tanakh
281023,1428041,483691,Ezekiel,33,11,יהוה,nmpr,pers,E:YHWH,Other Tanakh
281049,1428041,483699,Ezekiel,33,11,ישראל,nmpr,"pers,gens,topo",F:unclassified-name,Other Tanakh
281055,1428042,483702,Ezekiel,33,12,אל,prep,,C:divine-title-candidate,Other Tanakh
281169,1428047,483734,Ezekiel,33,17,אדני,nmpr,pers,C:divine-title-candidate,Other Tanakh
281205,1428050,483744,Ezekiel,33,20,אדני,nmpr,pers,C:divine-title-candidate,Other Tanakh
281212,1428050,483747,Ezekiel,33,20,ישראל,nmpr,"pers,gens,topo",F:unclassified-name,Other Tanakh
281230,1428051,483749,Ezekiel,33,21,אל,prep,,C:divine-title-candidate,Other Tanakh
281234,1428051,483749,Ezekiel,33,21,ירושלם,nmpr,topo,F:unclassified-name,Other Tanakh
281242,1428052,483752,Ezekiel,33,22,יהוה,nmpr,pers,E:YHWH,Other Tanakh
281244,1428052,483752,Ezekiel,33,22,אל,prep,,C:divine-title-candidate,Other Tanakh
281259,1428052,483755,Ezekiel,33,22,אל,prep,,C:divine-title-candidate,Other Tanakh
281273,1428053,483758,Ezekiel,33,23,יהוה,nmpr,pers,E:YHWH,Other Tanakh
281274,1428053,483758,Ezekiel,33,23,אל,prep,,C:divine-title-candidate,Other Tanakh
281286,1428054,483761,Ezekiel,33,24,ישראל,nmpr,"pers,gens,topo",F:unclassified-name,Other Tanakh
281292,1428054,483763,Ezekiel,33,24,אברהם,nmpr,pers,A:person-candidate,Other Tanakh
281309,1428055,483768,Ezekiel,33,25,אל,prep,,C:divine-title-candidate,Other Tanakh
281312,1428055,483769,Ezekiel,33,25,אדני,nmpr,pers,C:divine-title-candidate,Other Tanakh
281313,1428055,483769,Ezekiel,33,25,יהוה,nmpr,pers,E:YHWH,Other Tanakh
281321,1428055,483771,Ezekiel,33,25,אל,prep,,C:divine-title-candidate,Other Tanakh
281347,1428057,483779,Ezekiel,33,27,אל,prep,,C:divine-title-candidate,Other Tanakh
281350,1428057,483780,Ezekiel,33,27,אדני,nmpr,pers,C:divine-title-candidate,Other Tanakh
281351,1428057,483780,Ezekiel,33,27,יהוה,nmpr,pers,E:YHWH,Other Tanakh
281404,1428058,483792,Ezekiel,33,28,ישראל,nmpr,"pers,gens,topo",F:unclassified-name,Other Tanakh
281412,1428059,483794,Ezekiel,33,29,יהוה,nmpr,pers,E:YHWH,Other Tanakh
281464,1428060,483807,Ezekiel,33,30,יהוה,nmpr,pers,E:YHWH,Other Tanakh
281467,1428061,483808,Ezekiel,33,31,אל,prep,,C:divine-title-candidate,Other Tanakh
281528,1428064,483823,Ezekiel,34,1,יהוה,nmpr,pers,E:YHWH,Other Tanakh
281529,1428064,483823,Ezekiel,34,1,אל,prep,,C:divine-title-candidate,Other Tanakh
281537,1428065,483826,Ezekiel,34,2,ישראל,nmpr,"pers,gens,topo",F:unclassified-name,Other Tanakh
281541,1428065,483828,Ezekiel,34,2,אל,prep,,C:divine-title-candidate,Other Tanakh
281547,1428065,483829,Ezekiel,34,2,אדני,nmpr,pers,C:divine-title-candidate,Other Tanakh
281548,1428065,483829,Ezekiel,34,2,יהוה,nmpr,pers,E:YHWH,Other Tanakh
281551,1428065,483830,Ezekiel,34,2,ישראל,nmpr,"pers,gens,topo",F:unclassified-name,Other Tanakh
281662,1428070,483850,Ezekiel,34,7,יהוה,nmpr,pers,E:YHWH,Other Tanakh
281666,1428071,483853,Ezekiel,34,8,אדני,nmpr,pers,C:divine-title-candidate,Other Tanakh
281667,1428071,483853,Ezekiel,34,8,יהוה,nmpr,pers,E:YHWH,Other Tanakh
281709,1428072,483860,Ezekiel,34,9,יהוה,nmpr,pers,E:YHWH,Other Tanakh
281712,1428073,483862,Ezekiel,34,10,אדני,nmpr,pers,C:divine-title-candidate,Other Tanakh
281713,1428073,483862,Ezekiel,34,10,יהוה,nmpr,pers,E:YHWH,Other Tanakh
281715,1428073,483863,Ezekiel,34,10,אל,prep,,C:divine-title-candidate,Other Tanakh
281750,1428074,483870,Ezekiel,34,11,אדני,nmpr,pers,C:divine-title-candidate,Other Tanakh
281751,1428074,483870,Ezekiel,34,11,יהוה,nmpr,pers,E:YHWH,Other Tanakh
281802,1428076,483883,Ezekiel,34,13,אל,prep,,C:divine-title-candidate,Other Tanakh
281806,1428076,483884,Ezekiel,34,13,אל,prep,,C:divine-title-candidate,Other Tanakh
281808,1428076,483884,Ezekiel,34,13,ישראל,nmpr,"pers,gens,topo",F:unclassified-name,Other Tanakh
281827,1428077,483886,Ezekiel,34,14,ישראל,nmpr,"pers,gens,topo",F:unclassified-name,Other Tanakh
281839,1428077,483888,Ezekiel,34,14,אל,prep,,C:divine-title-candidate,Other Tanakh
281841,1428077,483888,Ezekiel,34,14,ישראל,nmpr,"pers,gens,topo",F:unclassified-name,Other Tanakh
281849,1428078,483891,Ezekiel,34,15,אדני,nmpr,pers,C:divine-title-candidate,Other Tanakh
281850,1428078,483891,Ezekiel,34,15,יהוה,nmpr,pers,E:YHWH,Other Tanakh
281887,1428080,483900,Ezekiel,34,17,אדני,nmpr,pers,C:divine-title-candidate,Other Tanakh
281888,1428080,483900,Ezekiel,34,17,יהוה,nmpr,pers,E:YHWH,Other Tanakh
281939,1428083,483910,Ezekiel,34,20,אדני,nmpr,pers,C:divine-title-candidate,Other Tanakh
281940,1428083,483910,Ezekiel,34,20,יהוה,nmpr,pers,E:YHWH,Other Tanakh
281941,1428083,483910,Ezekiel,34,20,אל,prep,,C:divine-title-candidate,Other Tanakh
281971,1428084,483916,Ezekiel,34,21,אל,prep,,C:divine-title-candidate,Other Tanakh
282000,1428086,483921,Ezekiel,34,23,דוד,nmpr,pers,A:person-candidate,Other Tanakh
282012,1428087,483924,Ezekiel,34,24,יהוה,nmpr,pers,E:YHWH,Other Tanakh
282016,1428087,483924,Ezekiel,34,24,אלהים,subs,,D:Elohim,Other Tanakh
282019,1428087,483925,Ezekiel,34,24,דוד,nmpr,pers,A:person-candidate,Other Tanakh
282024,1428087,483926,Ezekiel,34,24,יהוה,nmpr,pers,E:YHWH,Other Tanakh
282088,1428090,483938,Ezekiel,34,27,יהוה,nmpr,pers,E:YHWH,Other Tanakh
282148,1428093,483950,Ezekiel,34,30,יהוה,nmpr,pers,E:YHWH,Other Tanakh
282149,1428093,483950,Ezekiel,34,30,אלהים,subs,,D:Elohim,Other Tanakh
282155,1428093,483951,Ezekiel,34,30,ישראל,nmpr,"pers,gens,topo",F:unclassified-name,Other Tanakh
282157,1428093,483952,Ezekiel,34,30,אדני,nmpr,pers,C:divine-title-candidate,Other Tanakh
282158,1428093,483952,Ezekiel,34,30,יהוה,nmpr,pers,E:YHWH,Other Tanakh
282167,1428094,483955,Ezekiel,34,31,אלהים,subs,,D:Elohim,Other Tanakh
282169,1428094,483956,Ezekiel,34,31,אדני,nmpr,pers,C:divine-title-candidate,Other Tanakh
282170,1428094,483956,Ezekiel,34,31,יהוה,nmpr,pers,E:YHWH,Other Tanakh
282174,1428095,483957,Ezekiel,35,1,יהוה,nmpr,pers,E:YHWH,Other Tanakh
282175,1428095,483957,Ezekiel,35,1,אל,prep,,C:divine-title-candidate,Other Tanakh
282184,1428096,483960,Ezekiel,35,2,שעיר,nmpr,topo,F:unclassified-name,Other Tanakh
282193,1428097,483963,Ezekiel,35,3,אדני,nmpr,pers,C:divine-title-candidate,Other Tanakh
282194,1428097,483963,Ezekiel,35,3,יהוה,nmpr,pers,E:YHWH,Other Tanakh
282196,1428097,483964,Ezekiel,35,3,אל,prep,,C:divine-title-candidate,Other Tanakh
282198,1428097,483965,Ezekiel,35,3,שעיר,nmpr,topo,F:unclassified-name,Other Tanakh
282219,1428098,483971,Ezekiel,35,4,יהוה,nmpr,pers,E:YHWH,Other Tanakh
282229,1428099,483973,Ezekiel,35,5,ישראל,nmpr,"pers,gens,topo",F:unclassified-name,Other Tanakh
282244,1428100,483976,Ezekiel,35,6,אדני,nmpr,pers,C:divine-title-candidate,Other Tanakh
282245,1428100,483976,Ezekiel,35,6,יהוה,nmpr,pers,E:YHWH,Other Tanakh
282264,1428101,483981,Ezekiel,35,7,שעיר,nmpr,topo,F:unclassified-name,Other Tanakh
282301,1428103,483989,Ezekiel,35,9,יהוה,nmpr,pers,E:YHWH,Other Tanakh
282318,1428104,483994,Ezekiel,35,10,יהוה,nmpr,pers,E:YHWH,Other Tanakh
282325,1428105,483997,Ezekiel,35,11,אדני,nmpr,pers,C:divine-title-candidate,Other Tanakh
282326,1428105,483997,Ezekiel,35,11,יהוה,nmpr,pers,E:YHWH,Other Tanakh
282349,1428106,484003,Ezekiel,35,12,יהוה,nmpr,pers,E:YHWH,Other Tanakh
282358,1428106,484005,Ezekiel,35,12,ישראל,nmpr,"pers,gens,topo",F:unclassified-name,Other Tanakh
282379,1428108,484012,Ezekiel,35,14,אדני,nmpr,pers,C:divine-title-candidate,Other Tanakh
282380,1428108,484012,Ezekiel,35,14,יהוה,nmpr,pers,E:YHWH,Other Tanakh
282394,1428109,484015,Ezekiel,35,15,ישראל,nmpr,"pers,gens,topo",F:unclassified-name,Other Tanakh
282404,1428109,484019,Ezekiel,35,15,שעיר,nmpr,topo,F:unclassified-name,Other Tanakh
282407,1428109,484019,Ezekiel,35,15,אדום,nmpr,topo,F:unclassified-name,Other Tanakh
282413,1428109,484021,Ezekiel,35,15,יהוה,nmpr,pers,E:YHWH,Other Tanakh
282419,1428110,484022,Ezekiel,36,1,אל,prep,,C:divine-title-candidate,Other Tanakh
282421,1428110,484022,Ezekiel,36,1,ישראל,nmpr,"pers,gens,topo",F:unclassified-name,Other Tanakh
282425,1428110,484025,Ezekiel,36,1,ישראל,nmpr,"pers,gens,topo",F:unclassified-name,Other Tanakh
282428,1428110,484026,Ezekiel,36,1,יהוה,nmpr,pers,E:YHWH,Other Tanakh
282431,1428111,484027,Ezekiel,36,2,אדני,nmpr,pers,C:divine-title-candidate,Other Tanakh
282432,1428111,484027,Ezekiel,36,2,יהוה,nmpr,pers,E:YHWH,Other Tanakh
282452,1428112,484034,Ezekiel,36,3,אדני,nmpr,pers,C:divine-title-candidate,Other Tanakh
282453,1428112,484034,Ezekiel,36,3,יהוה,nmpr,pers,E:YHWH,Other Tanakh
282480,1428113,484041,Ezekiel,36,4,ישראל,nmpr,"pers,gens,topo",F:unclassified-name,Other Tanakh
282483,1428113,484042,Ezekiel,36,4,אדני,nmpr,pers,C:divine-title-candidate,Other Tanakh
282484,1428113,484042,Ezekiel,36,4,יהוה,nmpr,pers,E:YHWH,Other Tanakh
282487,1428113,484043,Ezekiel,36,4,אדני,nmpr,pers,C:divine-title-candidate,Other Tanakh
282488,1428113,484043,Ezekiel,36,4,יהוה,nmpr,pers,E:YHWH,Other Tanakh
282532,1428114,484049,Ezekiel,36,5,אדני,nmpr,pers,C:divine-title-candidate,Other Tanakh
282533,1428114,484049,Ezekiel,36,5,יהוה,nmpr,pers,E:YHWH,Other Tanakh
282546,1428114,484050,Ezekiel,36,5,אדום,nmpr,topo,F:unclassified-name,Other Tanakh
282570,1428115,484054,Ezekiel,36,6,ישראל,nmpr,"pers,gens,topo",F:unclassified-name,Other Tanakh
282589,1428115,484056,Ezekiel,36,6,אדני,nmpr,pers,C:divine-title-candidate,Other Tanakh
282590,1428115,484056,Ezekiel,36,6,יהוה,nmpr,pers,E:YHWH,Other Tanakh
282605,1428116,484060,Ezekiel,36,7,אדני,nmpr,pers,C:divine-title-candidate,Other Tanakh
282606,1428116,484060,Ezekiel,36,7,יהוה,nmpr,pers,E:YHWH,Other Tanakh
282625,1428117,484066,Ezekiel,36,8,ישראל,nmpr,"pers,gens,topo",F:unclassified-name,Other Tanakh
282633,1428117,484068,Ezekiel,36,8,ישראל,nmpr,"pers,gens,topo",F:unclassified-name,Other Tanakh
282640,1428118,484071,Ezekiel,36,9,אל,prep,,C:divine-title-candidate,Other Tanakh
282643,1428118,484072,Ezekiel,36,9,אל,prep,,C:divine-title-candidate,Other Tanakh
282654,1428119,484075,Ezekiel,36,10,ישראל,nmpr,"pers,gens,topo",F:unclassified-name,Other Tanakh
282687,1428120,484084,Ezekiel,36,11,יהוה,nmpr,pers,E:YHWH,Other Tanakh
282694,1428121,484085,Ezekiel,36,12,ישראל,nmpr,"pers,gens,topo",F:unclassified-name,Other Tanakh
282710,1428122,484090,Ezekiel,36,13,אדני,nmpr,pers,C:divine-title-candidate,Other Tanakh
282711,1428122,484090,Ezekiel,36,13,יהוה,nmpr,pers,E:YHWH,Other Tanakh
282733,1428123,484097,Ezekiel,36,14,אדני,nmpr,pers,C:divine-title-candidate,Other Tanakh
282734,1428123,484097,Ezekiel,36,14,יהוה,nmpr,pers,E:YHWH,Other Tanakh
282738,1428124,484098,Ezekiel,36,15,אל,prep,,C:divine-title-candidate,Other Tanakh
282755,1428124,484101,Ezekiel,36,15,אדני,nmpr,pers,C:divine-title-candidate,Other Tanakh
282756,1428124,484101,Ezekiel,36,15,יהוה,nmpr,pers,E:YHWH,Other Tanakh
282760,1428125,484102,Ezekiel,36,16,יהוה,nmpr,pers,E:YHWH,Other Tanakh
282761,1428125,484102,Ezekiel,36,16,אל,prep,,C:divine-title-candidate,Other Tanakh
282767,1428126,484105,Ezekiel,36,17,ישראל,nmpr,"pers,gens,topo",F:unclassified-name,Other Tanakh
282822,1428129,484115,Ezekiel,36,20,אל,prep,,C:divine-title-candidate,Other Tanakh
282837,1428129,484119,Ezekiel,36,20,יהוה,nmpr,pers,E:YHWH,Other Tanakh
282851,1428130,484122,Ezekiel,36,21,ישראל,nmpr,"pers,gens,topo",F:unclassified-name,Other Tanakh
282862,1428131,484125,Ezekiel,36,22,ישראל,nmpr,"pers,gens,topo",F:unclassified-name,Other Tanakh
282865,1428131,484126,Ezekiel,36,22,אדני,nmpr,pers,C:divine-title-candidate,Other Tanakh
282866,1428131,484126,Ezekiel,36,22,יהוה,nmpr,pers,E:YHWH,Other Tanakh
282872,1428131,484128,Ezekiel,36,22,ישראל,nmpr,"pers,gens,topo",F:unclassified-name,Other Tanakh
282907,1428132,484136,Ezekiel,36,23,יהוה,nmpr,pers,E:YHWH,Other Tanakh
282909,1428132,484137,Ezekiel,36,23,אדני,nmpr,pers,C:divine-title-candidate,Other Tanakh
282910,1428132,484137,Ezekiel,36,23,יהוה,nmpr,pers,E:YHWH,Other Tanakh
282932,1428133,484141,Ezekiel,36,24,אל,prep,,C:divine-title-candidate,Other Tanakh
283011,1428137,484157,Ezekiel,36,28,אלהים,subs,,D:Elohim,Other Tanakh
283020,1428138,484159,Ezekiel,36,29,אל,prep,,C:divine-title-candidate,Other Tanakh
283076,1428141,484169,Ezekiel,36,32,אדני,nmpr,pers,C:divine-title-candidate,Other Tanakh
283077,1428141,484169,Ezekiel,36,32,יהוה,nmpr,pers,E:YHWH,Other Tanakh
283086,1428141,484173,Ezekiel,36,32,ישראל,nmpr,"pers,gens,topo",F:unclassified-name,Other Tanakh
283089,1428142,484174,Ezekiel,36,33,אדני,nmpr,pers,C:divine-title-candidate,Other Tanakh
283090,1428142,484174,Ezekiel,36,33,יהוה,nmpr,pers,E:YHWH,Other Tanakh
283132,1428144,484182,Ezekiel,36,35,עדן,nmpr,topo,F:unclassified-name,Other Tanakh
283155,1428145,484187,Ezekiel,36,36,יהוה,nmpr,pers,E:YHWH,Other Tanakh
283163,1428145,484191,Ezekiel,36,36,יהוה,nmpr,pers,E:YHWH,Other Tanakh
283169,1428146,484193,Ezekiel,36,37,אדני,nmpr,pers,C:divine-title-candidate,Other Tanakh
283170,1428146,484193,Ezekiel,36,37,יהוה,nmpr,pers,E:YHWH,Other Tanakh
283176,1428146,484194,Ezekiel,36,37,ישראל,nmpr,"pers,gens,topo",F:unclassified-name,Other Tanakh
283191,1428147,484197,Ezekiel,36,38,ירושלם,nmpr,topo,F:unclassified-name,Other Tanakh
283207,1428147,484200,Ezekiel,36,38,יהוה,nmpr,pers,E:YHWH,Other Tanakh
283211,1428148,484201,Ezekiel,37,1,יהוה,nmpr,pers,E:YHWH,Other Tanakh
283216,1428148,484202,Ezekiel,37,1,יהוה,nmpr,pers,E:YHWH,Other Tanakh
283246,1428150,484210,Ezekiel,37,3,אל,prep,,C:divine-title-candidate,Other Tanakh
283257,1428150,484214,Ezekiel,37,3,אדני,nmpr,pers,C:divine-title-candidate,Other Tanakh
283258,1428150,484214,Ezekiel,37,3,יהוה,nmpr,pers,E:YHWH,Other Tanakh
283263,1428151,484216,Ezekiel,37,4,אל,prep,,C:divine-title-candidate,Other Tanakh
283272,1428151,484218,Ezekiel,37,4,אל,prep,,C:divine-title-candidate,Other Tanakh
283279,1428151,484220,Ezekiel,37,4,יהוה,nmpr,pers,E:YHWH,Other Tanakh
283282,1428152,484221,Ezekiel,37,5,אדני,nmpr,pers,C:divine-title-candidate,Other Tanakh
283283,1428152,484221,Ezekiel,37,5,יהוה,nmpr,pers,E:YHWH,Other Tanakh
283318,1428153,484230,Ezekiel,37,6,יהוה,nmpr,pers,E:YHWH,Other Tanakh
283336,1428154,484238,Ezekiel,37,7,אל,prep,,C:divine-title-candidate,Other Tanakh
283360,1428156,484245,Ezekiel,37,9,אל,prep,,C:divine-title-candidate,Other Tanakh
283362,1428156,484246,Ezekiel,37,9,אל,prep,,C:divine-title-candidate,Other Tanakh
283370,1428156,484249,Ezekiel,37,9,אל,prep,,C:divine-title-candidate,Other Tanakh
283375,1428156,484250,Ezekiel,37,9,אדני,nmpr,pers,C:divine-title-candidate,Other Tanakh
283376,1428156,484250,Ezekiel,37,9,יהוה,nmpr,pers,E:YHWH,Other Tanakh
283414,1428158,484261,Ezekiel,37,11,אל,prep,,C:divine-title-candidate,Other Tanakh
283423,1428158,484264,Ezekiel,37,11,ישראל,nmpr,"pers,gens,topo",F:unclassified-name,Other Tanakh
283438,1428159,484271,Ezekiel,37,12,אל,prep,,C:divine-title-candidate,Other Tanakh
283441,1428159,484272,Ezekiel,37,12,אדני,nmpr,pers,C:divine-title-candidate,Other Tanakh
283442,1428159,484272,Ezekiel,37,12,יהוה,nmpr,pers,E:YHWH,Other Tanakh
283457,1428159,484276,Ezekiel,37,12,אל,prep,,C:divine-title-candidate,Other Tanakh
283459,1428159,484276,Ezekiel,37,12,ישראל,nmpr,"pers,gens,topo",F:unclassified-name,Other Tanakh
283464,1428160,484278,Ezekiel,37,13,יהוה,nmpr,pers,E:YHWH,Other Tanakh
283491,1428161,484286,Ezekiel,37,14,יהוה,nmpr,pers,E:YHWH,Other Tanakh
283496,1428161,484288,Ezekiel,37,14,יהוה,nmpr,pers,E:YHWH,Other Tanakh
283500,1428162,484289,Ezekiel,37,15,יהוה,nmpr,pers,E:YHWH,Other Tanakh
283501,1428162,484289,Ezekiel,37,15,אל,prep,,C:divine-title-candidate,Other Tanakh
283516,1428163,484294,Ezekiel,37,16,יהודה,nmpr,"pers,gens,topo",F:unclassified-name,Other Tanakh
283520,1428163,484294,Ezekiel,37,16,ישראל,nmpr,"pers,gens,topo",F:unclassified-name,Other Tanakh
283530,1428163,484297,Ezekiel,37,16,יוסף,nmpr,pers,A:person-candidate,Other Tanakh
283532,1428163,484297,Ezekiel,37,16,אפרים,nmpr,"pers,gens,topo",F:unclassified-name,Other Tanakh
283536,1428163,484297,Ezekiel,37,16,ישראל,nmpr,"pers,gens,topo",F:unclassified-name,Other Tanakh
283542,1428164,484298,Ezekiel,37,17,אל,prep,,C:divine-title-candidate,Other Tanakh
283558,1428165,484301,Ezekiel,37,18,אל,prep,,C:divine-title-candidate,Other Tanakh
283571,1428166,484300,Ezekiel,37,19,אל,prep,,C:divine-title-candidate,Other Tanakh
283574,1428166,484305,Ezekiel,37,19,אדני,nmpr,pers,C:divine-title-candidate,Other Tanakh
283575,1428166,484305,Ezekiel,37,19,יהוה,nmpr,pers,E:YHWH,Other Tanakh
283581,1428166,484306,Ezekiel,37,19,יוסף,nmpr,pers,A:person-candidate,Other Tanakh
283585,1428166,484307,Ezekiel,37,19,אפרים,nmpr,"pers,gens,topo",F:unclassified-name,Other Tanakh
283588,1428166,484306,Ezekiel,37,19,ישראל,nmpr,"pers,gens,topo",F:unclassified-name,Other Tanakh
283596,1428166,484308,Ezekiel,37,19,יהודה,nmpr,"pers,gens,topo",F:unclassified-name,Other Tanakh
283620,1428168,484313,Ezekiel,37,21,אל,prep,,C:divine-title-candidate,Other Tanakh
283623,1428168,484314,Ezekiel,37,21,אדני,nmpr,pers,C:divine-title-candidate,Other Tanakh
283624,1428168,484314,Ezekiel,37,21,יהוה,nmpr,pers,E:YHWH,Other Tanakh
283630,1428168,484315,Ezekiel,37,21,ישראל,nmpr,"pers,gens,topo",F:unclassified-name,Other Tanakh
283646,1428168,484318,Ezekiel,37,21,אל,prep,,C:divine-title-candidate,Other Tanakh
283659,1428169,484319,Ezekiel,37,22,ישראל,nmpr,"pers,gens,topo",F:unclassified-name,Other Tanakh
283661,1428169,484320,Ezekiel,37,22,מלך,subs,,B:deity-candidate,Other Tanakh
283667,1428169,484320,Ezekiel,37,22,מלך,subs,,B:deity-candidate,Other Tanakh
283718,1428170,484328,Ezekiel,37,23,אלהים,subs,,D:Elohim,Other Tanakh
283721,1428171,484329,Ezekiel,37,24,דוד,nmpr,pers,A:person-candidate,Other Tanakh
283722,1428171,484329,Ezekiel,37,24,מלך,subs,,B:deity-candidate,Other Tanakh
283750,1428172,484335,Ezekiel,37,25,יעקב,nmpr,pers,A:person-candidate,Other Tanakh
283767,1428172,484338,Ezekiel,37,25,דוד,nmpr,pers,A:person-candidate,Other Tanakh
283803,1428174,484345,Ezekiel,37,27,אלהים,subs,,D:Elohim,Other Tanakh
283816,1428175,484348,Ezekiel,37,28,יהוה,nmpr,pers,E:YHWH,Other Tanakh
283819,1428175,484348,Ezekiel,37,28,ישראל,nmpr,"pers,gens,topo",F:unclassified-name,Other Tanakh
283830,1428176,484350,Ezekiel,38,1,יהוה,nmpr,pers,E:YHWH,Other Tanakh
283831,1428176,484350,Ezekiel,38,1,אל,prep,,C:divine-title-candidate,Other Tanakh
283838,1428177,484353,Ezekiel,38,2,אל,prep,,C:divine-title-candidate,Other Tanakh
283839,1428177,484353,Ezekiel,38,2,גוג,nmpr,pers,A:person-candidate,Other Tanakh
283842,1428177,484353,Ezekiel,38,2,מגוג,nmpr,topo,F:unclassified-name,Other Tanakh
283845,1428177,484353,Ezekiel,38,2,משך,nmpr,gens,F:unclassified-name,Other Tanakh
283847,1428177,484353,Ezekiel,38,2,תבל,nmpr,gens,F:unclassified-name,Other Tanakh
283855,1428178,484356,Ezekiel,38,3,אדני,nmpr,pers,C:divine-title-candidate,Other Tanakh
283856,1428178,484356,Ezekiel,38,3,יהוה,nmpr,pers,E:YHWH,Other Tanakh
283858,1428178,484357,Ezekiel,38,3,אל,prep,,C:divine-title-candidate,Other Tanakh
283859,1428178,484358,Ezekiel,38,3,גוג,nmpr,pers,A:person-candidate,Other Tanakh
283862,1428178,484358,Ezekiel,38,3,משך,nmpr,gens,F:unclassified-name,Other Tanakh
283864,1428178,484358,Ezekiel,38,3,תבל,nmpr,gens,F:unclassified-name,Other Tanakh
283893,1428180,484364,Ezekiel,38,5,פרס,nmpr,"gens,topo",F:unclassified-name,Other Tanakh
283894,1428180,484364,Ezekiel,38,5,כוש,nmpr,topo,F:unclassified-name,Other Tanakh
283896,1428180,484364,Ezekiel,38,5,פוט,nmpr,gens,F:unclassified-name,Other Tanakh
283902,1428181,484366,Ezekiel,38,6,גמר,nmpr,pers,A:person-candidate,Other Tanakh
283907,1428181,484366,Ezekiel,38,6,תוגרמה,nmpr,topo,F:unclassified-name,Other Tanakh
283942,1428183,484373,Ezekiel,38,8,אל,prep,,C:divine-title-candidate,Other Tanakh
283953,1428183,484375,Ezekiel,38,8,ישראל,nmpr,"pers,gens,topo",F:unclassified-name,Other Tanakh
283993,1428185,484383,Ezekiel,38,10,אדני,nmpr,pers,C:divine-title-candidate,Other Tanakh
283994,1428185,484383,Ezekiel,38,10,יהוה,nmpr,pers,E:YHWH,Other Tanakh
284047,1428187,484394,Ezekiel,38,12,אל,prep,,C:divine-title-candidate,Other Tanakh
284061,1428188,484398,Ezekiel,38,13,שבא,nmpr,topo,F:unclassified-name,Other Tanakh
284063,1428188,484398,Ezekiel,38,13,דדן,nmpr,topo,F:unclassified-name,Other Tanakh
284066,1428188,484398,Ezekiel,38,13,תרשיש,nmpr,topo,F:unclassified-name,Other Tanakh
284105,1428189,484409,Ezekiel,38,14,גוג,nmpr,pers,A:person-candidate,Other Tanakh
284108,1428189,484410,Ezekiel,38,14,אדני,nmpr,pers,C:divine-title-candidate,Other Tanakh
284109,1428189,484410,Ezekiel,38,14,יהוה,nmpr,pers,E:YHWH,Other Tanakh
284120,1428189,484412,Ezekiel,38,14,ישראל,nmpr,"pers,gens,topo",F:unclassified-name,Other Tanakh
284148,1428191,484415,Ezekiel,38,16,ישראל,nmpr,"pers,gens,topo",F:unclassified-name,Other Tanakh
284175,1428191,484421,Ezekiel,38,16,גוג,nmpr,pers,A:person-candidate,Other Tanakh
284178,1428192,484422,Ezekiel,38,17,אדני,nmpr,pers,C:divine-title-candidate,Other Tanakh
284179,1428192,484422,Ezekiel,38,17,יהוה,nmpr,pers,E:YHWH,Other Tanakh
284192,1428192,484424,Ezekiel,38,17,ישראל,nmpr,"pers,gens,topo",F:unclassified-name,Other Tanakh
284215,1428193,484428,Ezekiel,38,18,גוג,nmpr,pers,A:person-candidate,Other Tanakh
284218,1428193,484428,Ezekiel,38,18,ישראל,nmpr,"pers,gens,topo",F:unclassified-name,Other Tanakh
284220,1428193,484429,Ezekiel,38,18,אדני,nmpr,pers,C:divine-title-candidate,Other Tanakh
284221,1428193,484429,Ezekiel,38,18,יהוה,nmpr,pers,E:YHWH,Other Tanakh
284245,1428194,484432,Ezekiel,38,19,ישראל,nmpr,"pers,gens,topo",F:unclassified-name,Other Tanakh
284302,1428196,484440,Ezekiel,38,21,אדני,nmpr,pers,C:divine-title-candidate,Other Tanakh
284303,1428196,484440,Ezekiel,38,21,יהוה,nmpr,pers,E:YHWH,Other Tanakh
284351,1428198,484449,Ezekiel,38,23,יהוה,nmpr,pers,E:YHWH,Other Tanakh
284358,1428199,484450,Ezekiel,39,1,גוג,nmpr,pers,A:person-candidate,Other Tanakh
284363,1428199,484453,Ezekiel,39,1,אדני,nmpr,pers,C:divine-title-candidate,Other Tanakh
284364,1428199,484453,Ezekiel,39,1,יהוה,nmpr,pers,E:YHWH,Other Tanakh
284366,1428199,484454,Ezekiel,39,1,אל,prep,,C:divine-title-candidate,Other Tanakh
284367,1428199,484455,Ezekiel,39,1,גוג,nmpr,pers,A:person-candidate,Other Tanakh
284370,1428199,484455,Ezekiel,39,1,משך,nmpr,gens,F:unclassified-name,Other Tanakh
284372,1428199,484455,Ezekiel,39,1,תבל,nmpr,gens,F:unclassified-name,Other Tanakh
284386,1428200,484459,Ezekiel,39,2,ישראל,nmpr,"pers,gens,topo",F:unclassified-name,Other Tanakh
284401,1428202,484462,Ezekiel,39,4,ישראל,nmpr,"pers,gens,topo",F:unclassified-name,Other Tanakh
284432,1428203,484467,Ezekiel,39,5,אדני,nmpr,pers,C:divine-title-candidate,Other Tanakh
284433,1428203,484467,Ezekiel,39,5,יהוה,nmpr,pers,E:YHWH,Other Tanakh
284438,1428204,484468,Ezekiel,39,6,מגוג,nmpr,topo,F:unclassified-name,Other Tanakh
284450,1428204,484470,Ezekiel,39,6,יהוה,nmpr,pers,E:YHWH,Other Tanakh
284459,1428205,484471,Ezekiel,39,7,ישראל,nmpr,"pers,gens,topo",F:unclassified-name,Other Tanakh
284473,1428205,484474,Ezekiel,39,7,יהוה,nmpr,pers,E:YHWH,Other Tanakh
284476,1428205,484475,Ezekiel,39,7,ישראל,nmpr,"pers,gens,topo",F:unclassified-name,Other Tanakh
284482,1428206,484478,Ezekiel,39,8,אדני,nmpr,pers,C:divine-title-candidate,Other Tanakh
284483,1428206,484478,Ezekiel,39,8,יהוה,nmpr,pers,E:YHWH,Other Tanakh
284493,1428207,484481,Ezekiel,39,9,ישראל,nmpr,"pers,gens,topo",F:unclassified-name,Other Tanakh
284550,1428208,484490,Ezekiel,39,10,אדני,nmpr,pers,C:divine-title-candidate,Other Tanakh
284551,1428208,484490,Ezekiel,39,10,יהוה,nmpr,pers,E:YHWH,Other Tanakh
284561,1428209,484492,Ezekiel,39,11,גוג,nmpr,pers,A:person-candidate,Other Tanakh
284566,1428209,484493,Ezekiel,39,11,ישראל,nmpr,"pers,gens,topo",F:unclassified-name,Other Tanakh
284583,1428209,484495,Ezekiel,39,11,גוג,nmpr,pers,A:person-candidate,Other Tanakh
284592,1428209,484496,Ezekiel,39,11,גוג,nmpr,pers,A:person-candidate,Other Tanakh
284596,1428210,484497,Ezekiel,39,12,ישראל,nmpr,"pers,gens,topo",F:unclassified-name,Other Tanakh
284618,1428211,484502,Ezekiel,39,13,אדני,nmpr,pers,C:divine-title-candidate,Other Tanakh
284619,1428211,484502,Ezekiel,39,13,יהוה,nmpr,pers,E:YHWH,Other Tanakh
284666,1428213,484511,Ezekiel,39,15,אל,prep,,C:divine-title-candidate,Other Tanakh
284669,1428213,484511,Ezekiel,39,15,גוג,nmpr,pers,A:person-candidate,Other Tanakh
284674,1428214,484512,Ezekiel,39,16,המונה,nmpr,topo,F:unclassified-name,Other Tanakh
284685,1428215,484516,Ezekiel,39,17,אדני,nmpr,pers,C:divine-title-candidate,Other Tanakh
284686,1428215,484516,Ezekiel,39,17,יהוה,nmpr,pers,E:YHWH,Other Tanakh
284714,1428215,484522,Ezekiel,39,17,ישראל,nmpr,"pers,gens,topo",F:unclassified-name,Other Tanakh
284736,1428216,484527,Ezekiel,39,18,בשן,nmpr,topo,F:unclassified-name,Other Tanakh
284766,1428218,484532,Ezekiel,39,20,אדני,nmpr,pers,C:divine-title-candidate,Other Tanakh
284767,1428218,484532,Ezekiel,39,20,יהוה,nmpr,pers,E:YHWH,Other Tanakh
284793,1428220,484537,Ezekiel,39,22,ישראל,nmpr,"pers,gens,topo",F:unclassified-name,Other Tanakh
284796,1428220,484538,Ezekiel,39,22,יהוה,nmpr,pers,E:YHWH,Other Tanakh
284797,1428220,484538,Ezekiel,39,22,אלהים,subs,,D:Elohim,Other Tanakh
284814,1428221,484540,Ezekiel,39,23,ישראל,nmpr,"pers,gens,topo",F:unclassified-name,Other Tanakh
284848,1428223,484548,Ezekiel,39,25,אדני,nmpr,pers,C:divine-title-candidate,Other Tanakh
284849,1428223,484548,Ezekiel,39,25,יהוה,nmpr,pers,E:YHWH,Other Tanakh
284854,1428223,484549,Ezekiel,39,25,יעקב,nmpr,pers,A:person-candidate,Other Tanakh
284859,1428223,484550,Ezekiel,39,25,ישראל,nmpr,"pers,gens,topo",F:unclassified-name,Other Tanakh
284909,1428226,484560,Ezekiel,39,28,יהוה,nmpr,pers,E:YHWH,Other Tanakh
284910,1428226,484560,Ezekiel,39,28,אלהים,subs,,D:Elohim,Other Tanakh
284914,1428226,484561,Ezekiel,39,28,אל,prep,,C:divine-title-candidate,Other Tanakh
284939,1428227,484565,Ezekiel,39,29,ישראל,nmpr,"pers,gens,topo",F:unclassified-name,Other Tanakh
284941,1428227,484566,Ezekiel,39,29,אדני,nmpr,pers,C:divine-title-candidate,Other Tanakh
284942,1428227,484566,Ezekiel,39,29,יהוה,nmpr,pers,E:YHWH,Other Tanakh
284978,1428228,484569,Ezekiel,40,1,יהוה,nmpr,pers,E:YHWH,Other Tanakh
284985,1428229,484571,Ezekiel,40,2,אלהים,subs,,D:Elohim,Other Tanakh
284987,1428229,484571,Ezekiel,40,2,אל,prep,,C:divine-title-candidate,Other Tanakh
284989,1428229,484571,Ezekiel,40,2,ישראל,nmpr,"pers,gens,topo",F:unclassified-name,Other Tanakh
284992,1428229,484572,Ezekiel,40,2,אל,prep,,C:divine-title-candidate,Other Tanakh
285031,1428231,484580,Ezekiel,40,4,אל,prep,,C:divine-title-candidate,Other Tanakh
285065,1428231,484588,Ezekiel,40,4,ישראל,nmpr,"pers,gens,topo",F:unclassified-name,Other Tanakh
285105,1428233,484598,Ezekiel,40,6,אל,prep,,C:divine-title-candidate,Other Tanakh
285288,1428241,484635,Ezekiel,40,14,אל,prep,,C:divine-title-candidate,Other Tanakh
285316,1428243,484637,Ezekiel,40,16,אל,prep,,C:divine-title-candidate,Other Tanakh
285320,1428243,484637,Ezekiel,40,16,אל,prep,,C:divine-title-candidate,Other Tanakh
285341,1428243,484641,Ezekiel,40,16,אל,prep,,C:divine-title-candidate,Other Tanakh
285346,1428244,484642,Ezekiel,40,17,אל,prep,,C:divine-title-candidate,Other Tanakh
285364,1428244,484645,Ezekiel,40,17,אל,prep,,C:divine-title-candidate,Other Tanakh
285370,1428245,484646,Ezekiel,40,18,אל,prep,,C:divine-title-candidate,Other Tanakh
285502,1428250,484664,Ezekiel,40,23,אל,prep,,C:divine-title-candidate,Other Tanakh
285567,1428253,484677,Ezekiel,40,26,אל,prep,,C:divine-title-candidate,Other Tanakh
285583,1428254,484679,Ezekiel,40,27,אל,prep,,C:divine-title-candidate,Other Tanakh
285593,1428255,484681,Ezekiel,40,28,אל,prep,,C:divine-title-candidate,Other Tanakh
285656,1428258,484690,Ezekiel,40,31,אל,prep,,C:divine-title-candidate,Other Tanakh
285662,1428258,484691,Ezekiel,40,31,אל,prep,,C:divine-title-candidate,Other Tanakh
285670,1428259,484693,Ezekiel,40,32,אל,prep,,C:divine-title-candidate,Other Tanakh
285725,1428261,484700,Ezekiel,40,34,אל,prep,,C:divine-title-candidate,Other Tanakh
285738,1428262,484702,Ezekiel,40,35,אל,prep,,C:divine-title-candidate,Other Tanakh
285776,1428264,484709,Ezekiel,40,37,אל,prep,,C:divine-title-candidate,Other Tanakh
285816,1428266,484716,Ezekiel,40,39,אל,prep,,C:divine-title-candidate,Other Tanakh
285826,1428267,484717,Ezekiel,40,40,אל,prep,,C:divine-title-candidate,Other Tanakh
285843,1428267,484718,Ezekiel,40,40,אל,prep,,C:divine-title-candidate,Other Tanakh
285870,1428268,484723,Ezekiel,40,41,אל,prep,,C:divine-title-candidate,Other Tanakh
285895,1428269,484728,Ezekiel,40,42,אל,prep,,C:divine-title-candidate,Other Tanakh
285922,1428270,484733,Ezekiel,40,43,אל,prep,,C:divine-title-candidate,Other Tanakh
285944,1428271,484735,Ezekiel,40,44,אל,prep,,C:divine-title-candidate,Other Tanakh
285955,1428271,484737,Ezekiel,40,44,אל,prep,,C:divine-title-candidate,Other Tanakh
285966,1428272,484738,Ezekiel,40,45,אל,prep,,C:divine-title-candidate,Other Tanakh
285999,1428273,484744,Ezekiel,40,46,צדוק,nmpr,pers,A:person-candidate,Other Tanakh
286004,1428273,484745,Ezekiel,40,46,לוי,nmpr,"pers,gens",F:unclassified-name,Other Tanakh
286005,1428273,484745,Ezekiel,40,46,אל,prep,,C:divine-title-candidate,Other Tanakh
286006,1428273,484745,Ezekiel,40,46,יהוה,nmpr,pers,E:YHWH,Other Tanakh
286031,1428275,484752,Ezekiel,40,48,אל,prep,,C:divine-title-candidate,Other Tanakh
286077,1428276,484761,Ezekiel,40,49,אל,prep,,C:divine-title-candidate,Other Tanakh
286080,1428276,484762,Ezekiel,40,49,אל,prep,,C:divine-title-candidate,Other Tanakh
286092,1428277,484765,Ezekiel,41,1,אל,prep,,C:divine-title-candidate,Other Tanakh
286174,1428280,484787,Ezekiel,41,4,אל,prep,,C:divine-title-candidate,Other Tanakh
286180,1428280,484788,Ezekiel,41,4,אל,prep,,C:divine-title-candidate,Other Tanakh
286208,1428282,484794,Ezekiel,41,6,אל,prep,,C:divine-title-candidate,Other Tanakh
286278,1428283,484804,Ezekiel,41,7,עליון,adjv,,C:divine-title-candidate,Other Tanakh
286306,1428285,484808,Ezekiel,41,9,אל,prep,,C:divine-title-candidate,Other Tanakh
286364,1428288,484817,Ezekiel,41,12,אל,prep,,C:divine-title-candidate,Other Tanakh
286425,1428291,484825,Ezekiel,41,15,אל,prep,,C:divine-title-candidate,Other Tanakh
286496,1428293,484834,Ezekiel,41,17,אל,prep,,C:divine-title-candidate,Other Tanakh
286530,1428295,484839,Ezekiel,41,19,אל,prep,,C:divine-title-candidate,Other Tanakh
286538,1428295,484840,Ezekiel,41,19,אל,prep,,C:divine-title-candidate,Other Tanakh
286544,1428295,484841,Ezekiel,41,19,אל,prep,,C:divine-title-candidate,Other Tanakh
286601,1428298,484851,Ezekiel,41,22,אל,prep,,C:divine-title-candidate,Other Tanakh
286608,1428298,484853,Ezekiel,41,22,יהוה,nmpr,pers,E:YHWH,Other Tanakh
286640,1428301,484859,Ezekiel,41,25,אל,prep,,C:divine-title-candidate,Other Tanakh
286641,1428301,484859,Ezekiel,41,25,אל,prep,,C:divine-title-candidate,Other Tanakh
286657,1428301,484861,Ezekiel,41,25,אל,prep,,C:divine-title-candidate,Other Tanakh
286674,1428302,484862,Ezekiel,41,26,אל,prep,,C:divine-title-candidate,Other Tanakh
286687,1428303,484863,Ezekiel,42,1,אל,prep,,C:divine-title-candidate,Other Tanakh
286699,1428303,484865,Ezekiel,42,1,אל,prep,,C:divine-title-candidate,Other Tanakh
286711,1428303,484867,Ezekiel,42,1,אל,prep,,C:divine-title-candidate,Other Tanakh
286714,1428304,484868,Ezekiel,42,2,אל,prep,,C:divine-title-candidate,Other Tanakh
286747,1428305,484870,Ezekiel,42,3,אל,prep,,C:divine-title-candidate,Other Tanakh
286762,1428306,484874,Ezekiel,42,4,אל,prep,,C:divine-title-candidate,Other Tanakh
286777,1428307,484876,Ezekiel,42,5,עליון,adjv,,C:divine-title-candidate,Other Tanakh
286831,1428309,484882,Ezekiel,42,7,אל,prep,,C:divine-title-candidate,Other Tanakh
286887,1428312,484889,Ezekiel,42,10,אל,prep,,C:divine-title-candidate,Other Tanakh
286892,1428312,484889,Ezekiel,42,10,אל,prep,,C:divine-title-candidate,Other Tanakh
286948,1428315,484900,Ezekiel,42,13,אל,prep,,C:divine-title-candidate,Other Tanakh
286956,1428315,484902,Ezekiel,42,13,אל,prep,,C:divine-title-candidate,Other Tanakh
286972,1428315,484905,Ezekiel,42,13,יהוה,nmpr,pers,E:YHWH,Other Tanakh
287004,1428316,484909,Ezekiel,42,14,אל,prep,,C:divine-title-candidate,Other Tanakh
287025,1428316,484915,Ezekiel,42,14,אל,prep,,C:divine-title-candidate,Other Tanakh
287093,1428321,484926,Ezekiel,42,19,אל,prep,,C:divine-title-candidate,Other Tanakh
287129,1428323,484933,Ezekiel,43,1,אל,prep,,C:divine-title-candidate,Other Tanakh
287141,1428324,484937,Ezekiel,43,2,אלהים,subs,,D:Elohim,Other Tanakh
287142,1428324,484937,Ezekiel,43,2,ישראל,nmpr,"pers,gens,topo",F:unclassified-name,Other Tanakh
287186,1428325,484947,Ezekiel,43,3,אל,prep,,C:divine-title-candidate,Other Tanakh
287188,1428325,484947,Ezekiel,43,3,כבר,nmpr,topo,F:unclassified-name,Other Tanakh
287191,1428325,484948,Ezekiel,43,3,אל,prep,,C:divine-title-candidate,Other Tanakh
287195,1428326,484949,Ezekiel,43,4,יהוה,nmpr,pers,E:YHWH,Other Tanakh
287197,1428326,484949,Ezekiel,43,4,אל,prep,,C:divine-title-candidate,Other Tanakh
287212,1428327,484952,Ezekiel,43,5,אל,prep,,C:divine-title-candidate,Other Tanakh
287221,1428327,484954,Ezekiel,43,5,יהוה,nmpr,pers,E:YHWH,Other Tanakh
287228,1428328,484956,Ezekiel,43,6,אל,prep,,C:divine-title-candidate,Other Tanakh
287239,1428329,484958,Ezekiel,43,7,אל,prep,,C:divine-title-candidate,Other Tanakh
287256,1428329,484961,Ezekiel,43,7,ישראל,nmpr,"pers,gens,topo",F:unclassified-name,Other Tanakh
287264,1428329,484962,Ezekiel,43,7,ישראל,nmpr,"pers,gens,topo",F:unclassified-name,Other Tanakh
287269,1428329,484962,Ezekiel,43,7,מלך,subs,,B:deity-candidate,Other Tanakh
287275,1428329,484962,Ezekiel,43,7,מלך,subs,,B:deity-candidate,Other Tanakh
287312,1428331,484969,Ezekiel,43,9,מלך,subs,,B:deity-candidate,Other Tanakh
287326,1428332,484971,Ezekiel,43,10,ישראל,nmpr,"pers,gens,topo",F:unclassified-name,Other Tanakh
287425,1428335,484988,Ezekiel,43,13,אל,prep,,C:divine-title-candidate,Other Tanakh
287495,1428338,484998,Ezekiel,43,16,אל,prep,,C:divine-title-candidate,Other Tanakh
287508,1428339,485000,Ezekiel,43,17,אל,prep,,C:divine-title-candidate,Other Tanakh
287531,1428340,485004,Ezekiel,43,18,אל,prep,,C:divine-title-candidate,Other Tanakh
287536,1428340,485006,Ezekiel,43,18,אדני,nmpr,pers,C:divine-title-candidate,Other Tanakh
287537,1428340,485006,Ezekiel,43,18,יהוה,nmpr,pers,E:YHWH,Other Tanakh
287556,1428341,485012,Ezekiel,43,19,אל,prep,,C:divine-title-candidate,Other Tanakh
287565,1428341,485013,Ezekiel,43,19,צדוק,nmpr,pers,A:person-candidate,Other Tanakh
287568,1428341,485014,Ezekiel,43,19,אל,prep,,C:divine-title-candidate,Other Tanakh
287570,1428341,485015,Ezekiel,43,19,אדני,nmpr,pers,C:divine-title-candidate,Other Tanakh
287571,1428341,485015,Ezekiel,43,19,יהוה,nmpr,pers,E:YHWH,Other Tanakh
287589,1428342,485018,Ezekiel,43,20,אל,prep,,C:divine-title-candidate,Other Tanakh
287595,1428342,485018,Ezekiel,43,20,אל,prep,,C:divine-title-candidate,Other Tanakh
287664,1428346,485029,Ezekiel,43,24,יהוה,nmpr,pers,E:YHWH,Other Tanakh
287676,1428346,485031,Ezekiel,43,24,יהוה,nmpr,pers,E:YHWH,Other Tanakh
287737,1428349,485041,Ezekiel,43,27,אדני,nmpr,pers,C:divine-title-candidate,Other Tanakh
287738,1428349,485041,Ezekiel,43,27,יהוה,nmpr,pers,E:YHWH,Other Tanakh
287756,1428351,485045,Ezekiel,44,2,אל,prep,,C:divine-title-candidate,Other Tanakh
287757,1428351,485045,Ezekiel,44,2,יהוה,nmpr,pers,E:YHWH,Other Tanakh
287772,1428351,485049,Ezekiel,44,2,יהוה,nmpr,pers,E:YHWH,Other Tanakh
287773,1428351,485049,Ezekiel,44,2,אלהים,subs,,D:Elohim,Other Tanakh
287774,1428351,485049,Ezekiel,44,2,ישראל,nmpr,"pers,gens,topo",F:unclassified-name,Other Tanakh
287792,1428352,485053,Ezekiel,44,3,יהוה,nmpr,pers,E:YHWH,Other Tanakh
287809,1428353,485056,Ezekiel,44,4,אל,prep,,C:divine-title-candidate,Other Tanakh
287819,1428353,485059,Ezekiel,44,4,יהוה,nmpr,pers,E:YHWH,Other Tanakh
287822,1428353,485059,Ezekiel,44,4,יהוה,nmpr,pers,E:YHWH,Other Tanakh
287825,1428353,485060,Ezekiel,44,4,אל,prep,,C:divine-title-candidate,Other Tanakh
287829,1428354,485061,Ezekiel,44,5,אל,prep,,C:divine-title-candidate,Other Tanakh
287830,1428354,485061,Ezekiel,44,5,יהוה,nmpr,pers,E:YHWH,Other Tanakh
287853,1428354,485066,Ezekiel,44,5,יהוה,nmpr,pers,E:YHWH,Other Tanakh
287872,1428355,485068,Ezekiel,44,6,אל,prep,,C:divine-title-candidate,Other Tanakh
287874,1428355,485068,Ezekiel,44,6,אל,prep,,C:divine-title-candidate,Other Tanakh
287876,1428355,485068,Ezekiel,44,6,ישראל,nmpr,"pers,gens,topo",F:unclassified-name,Other Tanakh
287879,1428355,485069,Ezekiel,44,6,אדני,nmpr,pers,C:divine-title-candidate,Other Tanakh
287880,1428355,485069,Ezekiel,44,6,יהוה,nmpr,pers,E:YHWH,Other Tanakh
287887,1428355,485071,Ezekiel,44,6,ישראל,nmpr,"pers,gens,topo",F:unclassified-name,Other Tanakh
287916,1428356,485076,Ezekiel,44,7,אל,prep,,C:divine-title-candidate,Other Tanakh
287934,1428358,485079,Ezekiel,44,9,אדני,nmpr,pers,C:divine-title-candidate,Other Tanakh
287935,1428358,485079,Ezekiel,44,9,יהוה,nmpr,pers,E:YHWH,Other Tanakh
287946,1428358,485080,Ezekiel,44,9,אל,prep,,C:divine-title-candidate,Other Tanakh
287956,1428358,485082,Ezekiel,44,9,ישראל,nmpr,"pers,gens,topo",F:unclassified-name,Other Tanakh
287967,1428359,485085,Ezekiel,44,10,ישראל,nmpr,"pers,gens,topo",F:unclassified-name,Other Tanakh
287983,1428360,485088,Ezekiel,44,11,אל,prep,,C:divine-title-candidate,Other Tanakh
288022,1428361,485094,Ezekiel,44,12,ישראל,nmpr,"pers,gens,topo",F:unclassified-name,Other Tanakh
288032,1428361,485096,Ezekiel,44,12,אדני,nmpr,pers,C:divine-title-candidate,Other Tanakh
288033,1428361,485096,Ezekiel,44,12,יהוה,nmpr,pers,E:YHWH,Other Tanakh
288040,1428362,485098,Ezekiel,44,13,אל,prep,,C:divine-title-candidate,Other Tanakh
288050,1428362,485100,Ezekiel,44,13,אל,prep,,C:divine-title-candidate,Other Tanakh
288083,1428364,485105,Ezekiel,44,15,צדוק,nmpr,pers,A:person-candidate,Other Tanakh
288092,1428364,485107,Ezekiel,44,15,ישראל,nmpr,"pers,gens,topo",F:unclassified-name,Other Tanakh
288097,1428364,485108,Ezekiel,44,15,אל,prep,,C:divine-title-candidate,Other Tanakh
288111,1428364,485112,Ezekiel,44,15,אדני,nmpr,pers,C:divine-title-candidate,Other Tanakh
288112,1428364,485112,Ezekiel,44,15,יהוה,nmpr,pers,E:YHWH,Other Tanakh
288115,1428365,485113,Ezekiel,44,16,אל,prep,,C:divine-title-candidate,Other Tanakh
288120,1428365,485114,Ezekiel,44,16,אל,prep,,C:divine-title-candidate,Other Tanakh
288132,1428366,485118,Ezekiel,44,17,אל,prep,,C:divine-title-candidate,Other Tanakh
288175,1428368,485125,Ezekiel,44,19,אל,prep,,C:divine-title-candidate,Other Tanakh
288180,1428368,485125,Ezekiel,44,19,אל,prep,,C:divine-title-candidate,Other Tanakh
288185,1428368,485125,Ezekiel,44,19,אל,prep,,C:divine-title-candidate,Other Tanakh
288234,1428370,485135,Ezekiel,44,21,אל,prep,,C:divine-title-candidate,Other Tanakh
288254,1428371,485137,Ezekiel,44,22,ישראל,nmpr,"pers,gens,topo",F:unclassified-name,Other Tanakh
288303,1428374,485145,Ezekiel,44,25,אל,prep,,C:divine-title-candidate,Other Tanakh
288345,1428376,485151,Ezekiel,44,27,אל,prep,,C:divine-title-candidate,Other Tanakh
288348,1428376,485151,Ezekiel,44,27,אל,prep,,C:divine-title-candidate,Other Tanakh
288361,1428376,485154,Ezekiel,44,27,אדני,nmpr,pers,C:divine-title-candidate,Other Tanakh
288362,1428376,485154,Ezekiel,44,27,יהוה,nmpr,pers,E:YHWH,Other Tanakh
288376,1428377,485157,Ezekiel,44,28,ישראל,nmpr,"pers,gens,topo",F:unclassified-name,Other Tanakh
288393,1428378,485161,Ezekiel,44,29,ישראל,nmpr,"pers,gens,topo",F:unclassified-name,Other Tanakh
288422,1428379,485164,Ezekiel,44,30,אל,prep,,C:divine-title-candidate,Other Tanakh
288450,1428381,485166,Ezekiel,45,1,יהוה,nmpr,pers,E:YHWH,Other Tanakh
288474,1428382,485171,Ezekiel,45,2,אל,prep,,C:divine-title-candidate,Other Tanakh
288530,1428384,485179,Ezekiel,45,4,יהוה,nmpr,pers,E:YHWH,Other Tanakh
288587,1428386,485185,Ezekiel,45,6,ישראל,nmpr,"pers,gens,topo",F:unclassified-name,Other Tanakh
288607,1428387,485187,Ezekiel,45,7,אל,prep,,C:divine-title-candidate,Other Tanakh
288613,1428387,485187,Ezekiel,45,7,אל,prep,,C:divine-title-candidate,Other Tanakh
288637,1428387,485188,Ezekiel,45,7,אל,prep,,C:divine-title-candidate,Other Tanakh
288648,1428388,485189,Ezekiel,45,8,ישראל,nmpr,"pers,gens,topo",F:unclassified-name,Other Tanakh
288662,1428388,485191,Ezekiel,45,8,ישראל,nmpr,"pers,gens,topo",F:unclassified-name,Other Tanakh
288667,1428389,485192,Ezekiel,45,9,אדני,nmpr,pers,C:divine-title-candidate,Other Tanakh
288668,1428389,485192,Ezekiel,45,9,יהוה,nmpr,pers,E:YHWH,Other Tanakh
288672,1428389,485194,Ezekiel,45,9,ישראל,nmpr,"pers,gens,topo",F:unclassified-name,Other Tanakh
288688,1428389,485198,Ezekiel,45,9,אדני,nmpr,pers,C:divine-title-candidate,Other Tanakh
288689,1428389,485198,Ezekiel,45,9,יהוה,nmpr,pers,E:YHWH,Other Tanakh
288721,1428391,485203,Ezekiel,45,11,אל,prep,,C:divine-title-candidate,Other Tanakh
288799,1428395,485214,Ezekiel,45,15,ישראל,nmpr,"pers,gens,topo",F:unclassified-name,Other Tanakh
288812,1428395,485216,Ezekiel,45,15,אדני,nmpr,pers,C:divine-title-candidate,Other Tanakh
288813,1428395,485216,Ezekiel,45,15,יהוה,nmpr,pers,E:YHWH,Other Tanakh
288820,1428396,485217,Ezekiel,45,16,אל,prep,,C:divine-title-candidate,Other Tanakh
288829,1428396,485217,Ezekiel,45,16,ישראל,nmpr,"pers,gens,topo",F:unclassified-name,Other Tanakh
288858,1428397,485218,Ezekiel,45,17,ישראל,nmpr,"pers,gens,topo",F:unclassified-name,Other Tanakh
288880,1428397,485220,Ezekiel,45,17,ישראל,nmpr,"pers,gens,topo",F:unclassified-name,Other Tanakh
288883,1428398,485221,Ezekiel,45,18,אדני,nmpr,pers,C:divine-title-candidate,Other Tanakh
288884,1428398,485221,Ezekiel,45,18,יהוה,nmpr,pers,E:YHWH,Other Tanakh
288913,1428399,485225,Ezekiel,45,19,אל,prep,,C:divine-title-candidate,Other Tanakh
288918,1428399,485225,Ezekiel,45,19,אל,prep,,C:divine-title-candidate,Other Tanakh
288998,1428403,485232,Ezekiel,45,23,יהוה,nmpr,pers,E:YHWH,Other Tanakh
289071,1428406,485237,Ezekiel,46,1,אדני,nmpr,pers,C:divine-title-candidate,Other Tanakh
289072,1428406,485237,Ezekiel,46,1,יהוה,nmpr,pers,E:YHWH,Other Tanakh
289159,1428408,485248,Ezekiel,46,3,יהוה,nmpr,pers,E:YHWH,Other Tanakh
289168,1428409,485250,Ezekiel,46,4,יהוה,nmpr,pers,E:YHWH,Other Tanakh
289262,1428414,485263,Ezekiel,46,9,יהוה,nmpr,pers,E:YHWH,Other Tanakh
289353,1428417,485278,Ezekiel,46,12,יהוה,nmpr,pers,E:YHWH,Other Tanakh
289397,1428418,485286,Ezekiel,46,13,יהוה,nmpr,pers,E:YHWH,Other Tanakh
289431,1428419,485291,Ezekiel,46,14,יהוה,nmpr,pers,E:YHWH,Other Tanakh
289457,1428421,485295,Ezekiel,46,16,אדני,nmpr,pers,C:divine-title-candidate,Other Tanakh
289458,1428421,485295,Ezekiel,46,16,יהוה,nmpr,pers,E:YHWH,Other Tanakh
289540,1428424,485311,Ezekiel,46,19,אל,prep,,C:divine-title-candidate,Other Tanakh
289545,1428424,485311,Ezekiel,46,19,אל,prep,,C:divine-title-candidate,Other Tanakh
289561,1428425,485316,Ezekiel,46,20,אל,prep,,C:divine-title-candidate,Other Tanakh
289585,1428425,485320,Ezekiel,46,20,אל,prep,,C:divine-title-candidate,Other Tanakh
289597,1428426,485322,Ezekiel,46,21,אל,prep,,C:divine-title-candidate,Other Tanakh
289604,1428426,485323,Ezekiel,46,21,אל,prep,,C:divine-title-candidate,Other Tanakh
289655,1428429,485333,Ezekiel,46,24,אל,prep,,C:divine-title-candidate,Other Tanakh
289672,1428430,485336,Ezekiel,47,1,אל,prep,,C:divine-title-candidate,Other Tanakh
289717,1428431,485342,Ezekiel,47,2,אל,prep,,C:divine-title-candidate,Other Tanakh
289794,1428435,485362,Ezekiel,47,6,אל,prep,,C:divine-title-candidate,Other Tanakh
289810,1428436,485369,Ezekiel,47,7,אל,prep,,C:divine-title-candidate,Other Tanakh
289824,1428437,485370,Ezekiel,47,8,אל,prep,,C:divine-title-candidate,Other Tanakh
289830,1428437,485371,Ezekiel,47,8,אל,prep,,C:divine-title-candidate,Other Tanakh
289844,1428437,485374,Ezekiel,47,8,אל,prep,,C:divine-title-candidate,Other Tanakh
289860,1428438,485377,Ezekiel,47,9,אל,prep,,C:divine-title-candidate,Other Tanakh
289896,1428439,485387,Ezekiel,47,10,עין גדי,nmpr,topo,F:unclassified-name,Other Tanakh
289899,1428439,485387,Ezekiel,47,10,עין עגלים,nmpr,topo,F:unclassified-name,Other Tanakh
289968,1428442,485402,Ezekiel,47,13,אדני,nmpr,pers,C:divine-title-candidate,Other Tanakh
289969,1428442,485402,Ezekiel,47,13,יהוה,nmpr,pers,E:YHWH,Other Tanakh
289981,1428442,485404,Ezekiel,47,13,ישראל,nmpr,"pers,gens,topo",F:unclassified-name,Other Tanakh
289982,1428442,485405,Ezekiel,47,13,יוסף,nmpr,pers,A:person-candidate,Other Tanakh
290022,1428444,485412,Ezekiel,47,15,חתלן,nmpr,topo,F:unclassified-name,Other Tanakh
290025,1428444,485413,Ezekiel,47,15,צדד,nmpr,topo,F:unclassified-name,Other Tanakh
290026,1428445,485414,Ezekiel,47,16,חמת,nmpr,topo,F:unclassified-name,Other Tanakh
290027,1428445,485414,Ezekiel,47,16,ברותה,nmpr,topo,F:unclassified-name,Other Tanakh
290028,1428445,485414,Ezekiel,47,16,סברים,nmpr,topo,F:unclassified-name,Other Tanakh
290032,1428445,485415,Ezekiel,47,16,דמשק,nmpr,topo,F:unclassified-name,Other Tanakh
290036,1428445,485415,Ezekiel,47,16,חמת,nmpr,topo,F:unclassified-name,Other Tanakh
290041,1428445,485417,Ezekiel,47,16,אל,prep,,C:divine-title-candidate,Other Tanakh
290043,1428445,485417,Ezekiel,47,16,חורן,nmpr,topo,F:unclassified-name,Other Tanakh
290050,1428446,485419,Ezekiel,47,17,חצר עינון,nmpr,topo,F:unclassified-name,Other Tanakh
290052,1428446,485420,Ezekiel,47,17,דמשק,nmpr,topo,F:unclassified-name,Other Tanakh
290058,1428446,485422,Ezekiel,47,17,חמת,nmpr,topo,F:unclassified-name,Other Tanakh
290068,1428447,485424,Ezekiel,47,18,חורן,nmpr,topo,F:unclassified-name,Other Tanakh
290072,1428447,485424,Ezekiel,47,18,דמשק,nmpr,topo,F:unclassified-name,Other Tanakh
290077,1428447,485424,Ezekiel,47,18,גלעד,nmpr,topo,F:unclassified-name,Other Tanakh
290082,1428447,485424,Ezekiel,47,18,ישראל,nmpr,"pers,gens,topo",F:unclassified-name,Other Tanakh
290084,1428447,485424,Ezekiel,47,18,ירדן,nmpr,topo,F:unclassified-name,Other Tanakh
290102,1428448,485426,Ezekiel,47,19,תמר,nmpr,topo,F:unclassified-name,Other Tanakh
290106,1428448,485426,Ezekiel,47,19,קדש,nmpr,topo,F:unclassified-name,Other Tanakh
290108,1428448,485427,Ezekiel,47,19,אל,prep,,C:divine-title-candidate,Other Tanakh
290131,1428449,485430,Ezekiel,47,20,חמת,nmpr,topo,F:unclassified-name,Other Tanakh
290145,1428450,485432,Ezekiel,47,21,ישראל,nmpr,"pers,gens,topo",F:unclassified-name,Other Tanakh
290173,1428451,485437,Ezekiel,47,22,ישראל,nmpr,"pers,gens,topo",F:unclassified-name,Other Tanakh
290181,1428451,485438,Ezekiel,47,22,ישראל,nmpr,"pers,gens,topo",F:unclassified-name,Other Tanakh
290196,1428452,485443,Ezekiel,47,23,אדני,nmpr,pers,C:divine-title-candidate,Other Tanakh
290197,1428452,485443,Ezekiel,47,23,יהוה,nmpr,pers,E:YHWH,Other Tanakh
290206,1428453,485445,Ezekiel,48,1,אל,prep,,C:divine-title-candidate,Other Tanakh
290209,1428453,485445,Ezekiel,48,1,חתלן,nmpr,topo,F:unclassified-name,Other Tanakh
290212,1428453,485446,Ezekiel,48,1,חמת,nmpr,topo,F:unclassified-name,Other Tanakh
290213,1428453,485445,Ezekiel,48,1,חצר עינן,nmpr,topo,F:unclassified-name,Other Tanakh
290215,1428453,485447,Ezekiel,48,1,דמשק,nmpr,topo,F:unclassified-name,Other Tanakh
290217,1428453,485447,Ezekiel,48,1,אל,prep,,C:divine-title-candidate,Other Tanakh
290219,1428453,485447,Ezekiel,48,1,חמת,nmpr,topo,F:unclassified-name,Other Tanakh
290227,1428453,485449,Ezekiel,48,1,דן,nmpr,"pers,gens,topo",F:unclassified-name,Other Tanakh
290232,1428454,485450,Ezekiel,48,2,דן,nmpr,"pers,gens,topo",F:unclassified-name,Other Tanakh
290239,1428454,485450,Ezekiel,48,2,אשר,nmpr,"pers,gens,topo",F:unclassified-name,Other Tanakh
290244,1428455,485451,Ezekiel,48,3,אשר,nmpr,"pers,gens,topo",F:unclassified-name,Other Tanakh
290252,1428455,485451,Ezekiel,48,3,נפתלי,nmpr,"pers,gens,topo",F:unclassified-name,Other Tanakh
290257,1428456,485452,Ezekiel,48,4,נפתלי,nmpr,"pers,gens,topo",F:unclassified-name,Other Tanakh
290264,1428456,485452,Ezekiel,48,4,מנשה,nmpr,"pers,gens",F:unclassified-name,Other Tanakh
290269,1428457,485453,Ezekiel,48,5,מנשה,nmpr,"pers,gens",F:unclassified-name,Other Tanakh
290276,1428457,485453,Ezekiel,48,5,אפרים,nmpr,"pers,gens,topo",F:unclassified-name,Other Tanakh
290281,1428458,485454,Ezekiel,48,6,אפרים,nmpr,"pers,gens,topo",F:unclassified-name,Other Tanakh
290289,1428458,485454,Ezekiel,48,6,ראובן,nmpr,"pers,gens,topo",F:unclassified-name,Other Tanakh
290294,1428459,485455,Ezekiel,48,7,ראובן,nmpr,"pers,gens,topo",F:unclassified-name,Other Tanakh
290301,1428459,485455,Ezekiel,48,7,יהודה,nmpr,"pers,gens,topo",F:unclassified-name,Other Tanakh
290306,1428460,485456,Ezekiel,48,8,יהודה,nmpr,"pers,gens,topo",F:unclassified-name,Other Tanakh
290346,1428461,485462,Ezekiel,48,9,יהוה,nmpr,pers,E:YHWH,Other Tanakh
290391,1428462,485470,Ezekiel,48,10,יהוה,nmpr,pers,E:YHWH,Other Tanakh
290401,1428463,485471,Ezekiel,48,11,צדוק,nmpr,pers,A:person-candidate,Other Tanakh
290411,1428463,485474,Ezekiel,48,11,ישראל,nmpr,"pers,gens,topo",F:unclassified-name,Other Tanakh
290427,1428464,485477,Ezekiel,48,12,אל,prep,,C:divine-title-candidate,Other Tanakh
290474,1428466,485486,Ezekiel,48,14,יהוה,nmpr,pers,E:YHWH,Other Tanakh
290608,1428471,485506,Ezekiel,48,19,ישראל,nmpr,"pers,gens,topo",F:unclassified-name,Other Tanakh
290627,1428472,485509,Ezekiel,48,20,אל,prep,,C:divine-title-candidate,Other Tanakh
290651,1428473,485512,Ezekiel,48,21,אל,prep,,C:divine-title-candidate,Other Tanakh
290708,1428474,485514,Ezekiel,48,22,יהודה,nmpr,"pers,gens,topo",F:unclassified-name,Other Tanakh
290712,1428474,485514,Ezekiel,48,22,בנימן,nmpr,"pers,gens,topo",F:unclassified-name,Other Tanakh
290727,1428475,485517,Ezekiel,48,23,בנימן,nmpr,"pers,gens,topo",F:unclassified-name,Other Tanakh
290732,1428476,485518,Ezekiel,48,24,בנימן,nmpr,"pers,gens,topo",F:unclassified-name,Other Tanakh
290739,1428476,485518,Ezekiel,48,24,שמעון,nmpr,"pers,gens,topo",F:unclassified-name,Other Tanakh
290744,1428477,485519,Ezekiel,48,25,שמעון,nmpr,"pers,gens,topo",F:unclassified-name,Other Tanakh
290751,1428477,485519,Ezekiel,48,25,יששכר,nmpr,"pers,gens,topo",F:unclassified-name,Other Tanakh
290756,1428478,485520,Ezekiel,48,26,יששכר,nmpr,"pers,gens,topo",F:unclassified-name,Other Tanakh
290763,1428478,485520,Ezekiel,48,26,זבולן,nmpr,"pers,gens,topo",F:unclassified-name,Other Tanakh
290768,1428479,485521,Ezekiel,48,27,זבולן,nmpr,"pers,gens,topo",F:unclassified-name,Other Tanakh
290775,1428479,485521,Ezekiel,48,27,גד,nmpr,"pers,gens,topo",B:deity-candidate,Other Tanakh
290780,1428480,485522,Ezekiel,48,28,גד,nmpr,"pers,gens,topo",B:deity-candidate,Other Tanakh
290781,1428480,485522,Ezekiel,48,28,אל,prep,,C:divine-title-candidate,Other Tanakh
290789,1428480,485523,Ezekiel,48,28,תמר,nmpr,topo,F:unclassified-name,Other Tanakh
290792,1428480,485523,Ezekiel,48,28,קדש,nmpr,topo,F:unclassified-name,Other Tanakh
290808,1428481,485526,Ezekiel,48,29,ישראל,nmpr,"pers,gens,topo",F:unclassified-name,Other Tanakh
290813,1428481,485528,Ezekiel,48,29,אדני,nmpr,pers,C:divine-title-candidate,Other Tanakh
290814,1428481,485528,Ezekiel,48,29,יהוה,nmpr,pers,E:YHWH,Other Tanakh
290836,1428483,485531,Ezekiel,48,31,ישראל,nmpr,"pers,gens,topo",F:unclassified-name,Other Tanakh
290841,1428483,485533,Ezekiel,48,31,ראובן,nmpr,"pers,gens,topo",F:unclassified-name,Other Tanakh
290844,1428483,485534,Ezekiel,48,31,יהודה,nmpr,"pers,gens,topo",F:unclassified-name,Other Tanakh
290847,1428483,485535,Ezekiel,48,31,לוי,nmpr,"pers,gens",F:unclassified-name,Other Tanakh
290850,1428484,485536,Ezekiel,48,32,אל,prep,,C:divine-title-candidate,Other Tanakh
290863,1428484,485538,Ezekiel,48,32,יוסף,nmpr,pers,A:person-candidate,Other Tanakh
290866,1428484,485539,Ezekiel,48,32,בנימן,nmpr,"pers,gens,topo",F:unclassified-name,Other Tanakh
290869,1428484,485540,Ezekiel,48,32,דן,nmpr,"pers,gens,topo",F:unclassified-name,Other Tanakh
290884,1428485,485543,Ezekiel,48,33,שמעון,nmpr,"pers,gens,topo",F:unclassified-name,Other Tanakh
290887,1428485,485544,Ezekiel,48,33,יששכר,nmpr,"pers,gens,topo",F:unclassified-name,Other Tanakh
290890,1428485,485545,Ezekiel,48,33,זבולן,nmpr,"pers,gens,topo",F:unclassified-name,Other Tanakh
290902,1428486,485548,Ezekiel,48,34,גד,nmpr,"pers,gens,topo",B:deity-candidate,Other Tanakh
290905,1428486,485549,Ezekiel,48,34,אשר,nmpr,"pers,gens,topo",F:unclassified-name,Other Tanakh
290908,1428486,485550,Ezekiel,48,34,נפתלי,nmpr,"pers,gens,topo",F:unclassified-name,Other Tanakh
290920,1428487,485553,Ezekiel,48,35,יהוה,nmpr,pers,E:YHWH,Other Tanakh
290923,1428488,485554,Hosea,1,1,יהוה,nmpr,pers,E:YHWH,Other Tanakh
290926,1428488,485555,Hosea,1,1,אל,prep,,C:divine-title-candidate,Other Tanakh
290927,1428488,485555,Hosea,1,1,הושע,nmpr,pers,A:person-candidate,Other Tanakh
290929,1428488,485555,Hosea,1,1,בארי,nmpr,pers,A:person-candidate,Other Tanakh
290932,1428488,485555,Hosea,1,1,עזיה,nmpr,pers,A:person-candidate,Other Tanakh
290933,1428488,485555,Hosea,1,1,יותם,nmpr,pers,A:person-candidate,Other Tanakh
290934,1428488,485555,Hosea,1,1,אחז,nmpr,pers,A:person-candidate,Other Tanakh
290935,1428488,485555,Hosea,1,1,יחזקיה,nmpr,pers,A:person-candidate,Other Tanakh
290936,1428488,485555,Hosea,1,1,מלך,subs,,B:deity-candidate,Other Tanakh
290937,1428488,485555,Hosea,1,1,יהודה,nmpr,"pers,gens,topo",F:unclassified-name,Other Tanakh
290941,1428488,485555,Hosea,1,1,ירבעם,nmpr,pers,A:person-candidate,Other Tanakh
290943,1428488,485555,Hosea,1,1,יואש,nmpr,pers,A:person-candidate,Other Tanakh
290944,1428488,485555,Hosea,1,1,מלך,subs,,B:deity-candidate,Other Tanakh
290945,1428488,485555,Hosea,1,1,ישראל,nmpr,"pers,gens,topo",F:unclassified-name,Other Tanakh
290948,1428489,485557,Hosea,1,2,יהוה,nmpr,pers,E:YHWH,Other Tanakh
290950,1428489,485557,Hosea,1,2,הושע,nmpr,pers,A:person-candidate,Other Tanakh
290953,1428489,485558,Hosea,1,2,יהוה,nmpr,pers,E:YHWH,Other Tanakh
290954,1428489,485558,Hosea,1,2,אל,prep,,C:divine-title-candidate,Other Tanakh
290955,1428489,485558,Hosea,1,2,הושע,nmpr,pers,A:person-candidate,Other Tanakh
290971,1428489,485561,Hosea,1,2,יהוה,nmpr,pers,E:YHWH,Other Tanakh
290977,1428490,485563,Hosea,1,3,גמר,nmpr,pers,A:person-candidate,Other Tanakh
290979,1428490,485563,Hosea,1,3,דבלים,nmpr,pers,A:person-candidate,Other Tanakh
290988,1428491,485566,Hosea,1,4,יהוה,nmpr,pers,E:YHWH,Other Tanakh
290989,1428491,485566,Hosea,1,4,אל,prep,,C:divine-title-candidate,Other Tanakh
290992,1428491,485567,Hosea,1,4,יזרעאל,nmpr,pers,A:person-candidate,Other Tanakh
291000,1428491,485569,Hosea,1,4,יזרעאל,nmpr,topo,F:unclassified-name,Other Tanakh
291003,1428491,485569,Hosea,1,4,יהוא,nmpr,pers,A:person-candidate,Other Tanakh
291008,1428491,485570,Hosea,1,4,ישראל,nmpr,"pers,gens,topo",F:unclassified-name,Other Tanakh
291020,1428492,485572,Hosea,1,5,ישראל,nmpr,"pers,gens,topo",F:unclassified-name,Other Tanakh
291023,1428492,485572,Hosea,1,5,יזרעאל,nmpr,topo,F:unclassified-name,Other Tanakh
291035,1428493,485576,Hosea,1,6,לא רחמה,nmpr,pers,A:person-candidate,Other Tanakh
291043,1428493,485578,Hosea,1,6,ישראל,nmpr,"pers,gens,topo",F:unclassified-name,Other Tanakh
291051,1428494,485580,Hosea,1,7,יהודה,nmpr,"pers,gens,topo",F:unclassified-name,Other Tanakh
291056,1428494,485581,Hosea,1,7,יהוה,nmpr,pers,E:YHWH,Other Tanakh
291057,1428494,485581,Hosea,1,7,אלהים,subs,,D:Elohim,Other Tanakh
291077,1428495,485583,Hosea,1,8,לא רחמה,nmpr,pers,A:person-candidate,Other Tanakh
291087,1428496,485587,Hosea,1,9,לא עמי,nmpr,pers,A:person-candidate,Other Tanakh
291101,1428497,485590,Hosea,2,1,ישראל,nmpr,"pers,gens,topo",F:unclassified-name,Other Tanakh
291125,1428497,485597,Hosea,2,1,אל,subs,,C:divine-title-candidate,Other Tanakh
291130,1428498,485598,Hosea,2,2,יהודה,nmpr,"pers,gens,topo",F:unclassified-name,Other Tanakh
291133,1428498,485598,Hosea,2,2,ישראל,nmpr,"pers,gens,topo",F:unclassified-name,Other Tanakh
291148,1428498,485601,Hosea,2,2,יזרעאל,nmpr,topo,F:unclassified-name,Other Tanakh
291152,1428499,485603,Hosea,2,3,עמי,nmpr,pers,A:person-candidate,Other Tanakh
291156,1428499,485605,Hosea,2,3,רחמה,nmpr,pers,A:person-candidate,Other Tanakh
291265,1428505,485634,Hosea,2,9,אל,prep,,C:divine-title-candidate,Other Tanakh
291300,1428506,485639,Hosea,2,10,בעל,subs,,B:deity-candidate,Other Tanakh
291375,1428511,485655,Hosea,2,15,בעל,subs,,B:deity-candidate,Other Tanakh
291392,1428511,485660,Hosea,2,15,יהוה,nmpr,pers,E:YHWH,Other Tanakh
291415,1428513,485666,Hosea,2,17,עכור,nmpr,topo,F:unclassified-name,Other Tanakh
291431,1428513,485668,Hosea,2,17,מצרים,nmpr,topo,F:unclassified-name,Other Tanakh
291440,1428514,485670,Hosea,2,18,יהוה,nmpr,pers,E:YHWH,Other Tanakh
291448,1428514,485674,Hosea,2,18,בעל,subs,,B:deity-candidate,Other Tanakh
291454,1428515,485675,Hosea,2,19,בעל,subs,,B:deity-candidate,Other Tanakh
291526,1428518,485683,Hosea,2,22,יהוה,nmpr,pers,E:YHWH,Other Tanakh
291536,1428519,485686,Hosea,2,23,יהוה,nmpr,pers,E:YHWH,Other Tanakh
291566,1428520,485690,Hosea,2,24,יזרעאל,nmpr,pers,A:person-candidate,Other Tanakh
291576,1428521,485692,Hosea,2,25,לא רחמה,nmpr,pers,A:person-candidate,Other Tanakh
291580,1428521,485693,Hosea,2,25,לא עמי,nmpr,pers,A:person-candidate,Other Tanakh
291586,1428521,485696,Hosea,2,25,אלהים,subs,,D:Elohim,Other Tanakh
291589,1428522,485697,Hosea,3,1,יהוה,nmpr,pers,E:YHWH,Other Tanakh
291590,1428522,485697,Hosea,3,1,אל,prep,,C:divine-title-candidate,Other Tanakh
291601,1428522,485702,Hosea,3,1,יהוה,nmpr,pers,E:YHWH,Other Tanakh
291604,1428522,485702,Hosea,3,1,ישראל,nmpr,"pers,gens,topo",F:unclassified-name,Other Tanakh
291608,1428522,485703,Hosea,3,1,אל,prep,,C:divine-title-candidate,Other Tanakh
291609,1428522,485703,Hosea,3,1,אלהים,subs,,D:Elohim,Other Tanakh
291630,1428524,485706,Hosea,3,3,אל,prep,,C:divine-title-candidate,Other Tanakh
291645,1428524,485710,Hosea,3,3,אל,prep,,C:divine-title-candidate,Other Tanakh
291651,1428525,485711,Hosea,3,4,ישראל,nmpr,"pers,gens,topo",F:unclassified-name,Other Tanakh
291653,1428525,485712,Hosea,3,4,מלך,subs,,B:deity-candidate,Other Tanakh
291671,1428526,485717,Hosea,3,5,ישראל,nmpr,"pers,gens,topo",F:unclassified-name,Other Tanakh
291675,1428526,485718,Hosea,3,5,יהוה,nmpr,pers,E:YHWH,Other Tanakh
291676,1428526,485718,Hosea,3,5,אלהים,subs,,D:Elohim,Other Tanakh
291679,1428526,485718,Hosea,3,5,דוד,nmpr,pers,A:person-candidate,Other Tanakh
291680,1428526,485718,Hosea,3,5,מלך,subs,,B:deity-candidate,Other Tanakh
291683,1428526,485719,Hosea,3,5,אל,prep,,C:divine-title-candidate,Other Tanakh
291684,1428526,485719,Hosea,3,5,יהוה,nmpr,pers,E:YHWH,Other Tanakh
291686,1428526,485719,Hosea,3,5,אל,prep,,C:divine-title-candidate,Other Tanakh
291694,1428527,485720,Hosea,4,1,יהוה,nmpr,pers,E:YHWH,Other Tanakh
291696,1428527,485721,Hosea,4,1,ישראל,nmpr,"pers,gens,topo",F:unclassified-name,Other Tanakh
291700,1428527,485722,Hosea,4,1,יהוה,nmpr,pers,E:YHWH,Other Tanakh
291714,1428527,485725,Hosea,4,1,אלהים,subs,,D:Elohim,Other Tanakh
291760,1428530,485737,Hosea,4,4,אל,nega,,C:divine-title-candidate,Other Tanakh
291763,1428530,485738,Hosea,4,4,אל,nega,,C:divine-title-candidate,Other Tanakh
291803,1428532,485747,Hosea,4,6,אלהים,subs,,D:Elohim,Other Tanakh
291821,1428534,485753,Hosea,4,8,אל,prep,,C:divine-title-candidate,Other Tanakh
291852,1428536,485761,Hosea,4,10,יהוה,nmpr,pers,E:YHWH,Other Tanakh
291879,1428538,485767,Hosea,4,12,אלהים,subs,,D:Elohim,Other Tanakh
291936,1428541,485782,Hosea,4,15,ישראל,nmpr,"pers,gens,topo",F:unclassified-name,Other Tanakh
291937,1428541,485783,Hosea,4,15,אל,nega,,C:divine-title-candidate,Other Tanakh
291939,1428541,485783,Hosea,4,15,יהודה,nmpr,"pers,gens,topo",F:unclassified-name,Other Tanakh
291941,1428541,485784,Hosea,4,15,אל,nega,,C:divine-title-candidate,Other Tanakh
291944,1428541,485784,Hosea,4,15,גלגל,nmpr,topo,F:unclassified-name,Other Tanakh
291946,1428541,485785,Hosea,4,15,אל,nega,,C:divine-title-candidate,Other Tanakh
291948,1428541,485785,Hosea,4,15,בית און,nmpr,topo,F:unclassified-name,Other Tanakh
291950,1428541,485786,Hosea,4,15,אל,nega,,C:divine-title-candidate,Other Tanakh
291953,1428541,485787,Hosea,4,15,יהוה,nmpr,pers,E:YHWH,Other Tanakh
291959,1428542,485788,Hosea,4,16,ישראל,nmpr,"pers,gens,topo",F:unclassified-name,Other Tanakh
291962,1428542,485789,Hosea,4,16,יהוה,nmpr,pers,E:YHWH,Other Tanakh
291970,1428543,485790,Hosea,4,17,אפרים,nmpr,"pers,gens,topo",F:unclassified-name,Other Tanakh
291997,1428546,485801,Hosea,5,1,ישראל,nmpr,"pers,gens,topo",F:unclassified-name,Other Tanakh
292001,1428546,485802,Hosea,5,1,מלך,subs,,B:deity-candidate,Other Tanakh
292011,1428546,485805,Hosea,5,1,מצפה,nmpr,topo,F:unclassified-name,Other Tanakh
292016,1428546,485807,Hosea,5,1,תבור,nmpr,topo,F:unclassified-name,Other Tanakh
292028,1428548,485810,Hosea,5,3,אפרים,nmpr,"pers,gens,topo",F:unclassified-name,Other Tanakh
292030,1428548,485811,Hosea,5,3,ישראל,nmpr,"pers,gens,topo",F:unclassified-name,Other Tanakh
292037,1428548,485813,Hosea,5,3,אפרים,nmpr,"pers,gens,topo",F:unclassified-name,Other Tanakh
292039,1428548,485814,Hosea,5,3,ישראל,nmpr,"pers,gens,topo",F:unclassified-name,Other Tanakh
292045,1428549,485816,Hosea,5,4,אל,prep,,C:divine-title-candidate,Other Tanakh
292046,1428549,485816,Hosea,5,4,אלהים,subs,,D:Elohim,Other Tanakh
292054,1428549,485818,Hosea,5,4,יהוה,nmpr,pers,E:YHWH,Other Tanakh
292060,1428550,485819,Hosea,5,5,ישראל,nmpr,"pers,gens,topo",F:unclassified-name,Other Tanakh
292064,1428550,485820,Hosea,5,5,ישראל,nmpr,"pers,gens,topo",F:unclassified-name,Other Tanakh
292066,1428550,485820,Hosea,5,5,אפרים,nmpr,"pers,gens,topo",F:unclassified-name,Other Tanakh
292072,1428550,485821,Hosea,5,5,יהודה,nmpr,"pers,gens,topo",F:unclassified-name,Other Tanakh
292083,1428551,485823,Hosea,5,6,יהוה,nmpr,pers,E:YHWH,Other Tanakh
292090,1428552,485826,Hosea,5,7,יהוה,nmpr,pers,E:YHWH,Other Tanakh
292105,1428553,485829,Hosea,5,8,גבעה,nmpr,topo,F:unclassified-name,Other Tanakh
292109,1428553,485830,Hosea,5,8,רמה,nmpr,topo,F:unclassified-name,Other Tanakh
292111,1428553,485831,Hosea,5,8,בית און,nmpr,topo,F:unclassified-name,Other Tanakh
292113,1428553,485833,Hosea,5,8,בנימן,nmpr,"pers,gens,topo",F:unclassified-name,Other Tanakh
292114,1428554,485834,Hosea,5,9,אפרים,nmpr,"pers,gens,topo",F:unclassified-name,Other Tanakh
292123,1428554,485835,Hosea,5,9,ישראל,nmpr,"pers,gens,topo",F:unclassified-name,Other Tanakh
292128,1428555,485837,Hosea,5,10,יהודה,nmpr,"pers,gens,topo",F:unclassified-name,Other Tanakh
292139,1428556,485839,Hosea,5,11,אפרים,nmpr,"pers,gens,topo",F:unclassified-name,Other Tanakh
292153,1428557,485843,Hosea,5,12,אפרים,nmpr,"pers,gens,topo",F:unclassified-name,Other Tanakh
292160,1428557,485844,Hosea,5,12,יהודה,nmpr,"pers,gens,topo",F:unclassified-name,Other Tanakh
292163,1428558,485845,Hosea,5,13,אפרים,nmpr,"pers,gens,topo",F:unclassified-name,Other Tanakh
292167,1428558,485846,Hosea,5,13,יהודה,nmpr,"pers,gens,topo",F:unclassified-name,Other Tanakh
292172,1428558,485847,Hosea,5,13,אפרים,nmpr,"pers,gens,topo",F:unclassified-name,Other Tanakh
292173,1428558,485847,Hosea,5,13,אל,prep,,C:divine-title-candidate,Other Tanakh
292174,1428558,485847,Hosea,5,13,אשור,nmpr,topo,F:unclassified-name,Other Tanakh
292177,1428558,485848,Hosea,5,13,אל,prep,,C:divine-title-candidate,Other Tanakh
292178,1428558,485848,Hosea,5,13,מלך,subs,,B:deity-candidate,Other Tanakh
292179,1428558,485848,Hosea,5,13,ירב,nmpr,pers,A:person-candidate,Other Tanakh
292198,1428559,485852,Hosea,5,14,אפרים,nmpr,"pers,gens,topo",F:unclassified-name,Other Tanakh
292205,1428559,485853,Hosea,5,14,יהודה,nmpr,"pers,gens,topo",F:unclassified-name,Other Tanakh
292217,1428560,485859,Hosea,5,15,אל,prep,,C:divine-title-candidate,Other Tanakh
292233,1428561,485864,Hosea,6,1,אל,prep,,C:divine-title-candidate,Other Tanakh
292234,1428561,485864,Hosea,6,1,יהוה,nmpr,pers,E:YHWH,Other Tanakh
292262,1428563,485874,Hosea,6,3,יהוה,nmpr,pers,E:YHWH,Other Tanakh
292280,1428564,485879,Hosea,6,4,אפרים,nmpr,"pers,gens,topo",F:unclassified-name,Other Tanakh
292284,1428564,485881,Hosea,6,4,יהודה,nmpr,"pers,gens,topo",F:unclassified-name,Other Tanakh
292318,1428566,485890,Hosea,6,6,אלהים,subs,,D:Elohim,Other Tanakh
292324,1428567,485891,Hosea,6,7,אדם,nmpr,pers,A:person-candidate,Other Tanakh
292330,1428568,485893,Hosea,6,8,גלעד,nmpr,topo,F:unclassified-name,Other Tanakh
292346,1428569,485896,Hosea,6,9,שכם,nmpr,topo,F:unclassified-name,Other Tanakh
292352,1428570,485898,Hosea,6,10,ישראל,nmpr,"pers,gens,topo",F:unclassified-name,Other Tanakh
292358,1428570,485899,Hosea,6,10,אפרים,nmpr,"pers,gens,topo",F:unclassified-name,Other Tanakh
292360,1428570,485900,Hosea,6,10,ישראל,nmpr,"pers,gens,topo",F:unclassified-name,Other Tanakh
292362,1428571,485901,Hosea,6,11,יהודה,nmpr,"pers,gens,topo",F:unclassified-name,Other Tanakh
292373,1428572,485904,Hosea,7,1,ישראל,nmpr,"pers,gens,topo",F:unclassified-name,Other Tanakh
292377,1428572,485905,Hosea,7,1,אפרים,nmpr,"pers,gens,topo",F:unclassified-name,Other Tanakh
292380,1428572,485905,Hosea,7,1,שמרון,nmpr,topo,F:unclassified-name,Other Tanakh
292409,1428574,485913,Hosea,7,3,מלך,subs,,B:deity-candidate,Other Tanakh
292429,1428576,485922,Hosea,7,5,מלך,subs,,B:deity-candidate,Other Tanakh
292468,1428578,485929,Hosea,7,7,מלך,subs,,B:deity-candidate,Other Tanakh
292473,1428578,485930,Hosea,7,7,אל,prep,,C:divine-title-candidate,Other Tanakh
292474,1428579,485931,Hosea,7,8,אפרים,nmpr,"pers,gens,topo",F:unclassified-name,Other Tanakh
292480,1428579,485933,Hosea,7,8,אפרים,nmpr,"pers,gens,topo",F:unclassified-name,Other Tanakh
292503,1428581,485939,Hosea,7,10,ישראל,nmpr,"pers,gens,topo",F:unclassified-name,Other Tanakh
292509,1428581,485940,Hosea,7,10,אל,prep,,C:divine-title-candidate,Other Tanakh
292510,1428581,485940,Hosea,7,10,יהוה,nmpr,pers,E:YHWH,Other Tanakh
292511,1428581,485940,Hosea,7,10,אלהים,subs,,D:Elohim,Other Tanakh
292520,1428582,485942,Hosea,7,11,אפרים,nmpr,"pers,gens,topo",F:unclassified-name,Other Tanakh
292526,1428582,485944,Hosea,7,11,מצרים,nmpr,topo,F:unclassified-name,Other Tanakh
292528,1428582,485945,Hosea,7,11,אשור,nmpr,topo,F:unclassified-name,Other Tanakh
292567,1428585,485956,Hosea,7,14,אל,prep,,C:divine-title-candidate,Other Tanakh
292587,1428586,485962,Hosea,7,15,אל,prep,,C:divine-title-candidate,Other Tanakh
292609,1428587,485967,Hosea,7,16,מצרים,nmpr,topo,F:unclassified-name,Other Tanakh
292610,1428588,485968,Hosea,8,1,אל,prep,,C:divine-title-candidate,Other Tanakh
292618,1428588,485969,Hosea,8,1,יהוה,nmpr,pers,E:YHWH,Other Tanakh
292628,1428589,485973,Hosea,8,2,אלהים,subs,,D:Elohim,Other Tanakh
292630,1428589,485975,Hosea,8,2,ישראל,nmpr,"pers,gens,topo",F:unclassified-name,Other Tanakh
292632,1428590,485976,Hosea,8,3,ישראל,nmpr,"pers,gens,topo",F:unclassified-name,Other Tanakh
292637,1428591,485978,Hosea,8,4,מלך,verb,,B:deity-candidate,Other Tanakh
292655,1428592,485985,Hosea,8,5,שמרון,nmpr,topo,F:unclassified-name,Other Tanakh
292666,1428593,485988,Hosea,8,6,ישראל,nmpr,"pers,gens,topo",F:unclassified-name,Other Tanakh
292673,1428593,485991,Hosea,8,6,אלהים,subs,,D:Elohim,Other Tanakh
292679,1428593,485992,Hosea,8,6,שמרון,nmpr,topo,F:unclassified-name,Other Tanakh
292698,1428595,485999,Hosea,8,8,ישראל,nmpr,"pers,gens,topo",F:unclassified-name,Other Tanakh
292712,1428596,486002,Hosea,8,9,אשור,nmpr,topo,F:unclassified-name,Other Tanakh
292716,1428596,486005,Hosea,8,9,אפרים,nmpr,"pers,gens,topo",F:unclassified-name,Other Tanakh
292732,1428597,486008,Hosea,8,10,מלך,subs,,B:deity-candidate,Other Tanakh
292736,1428598,486009,Hosea,8,11,אפרים,nmpr,"pers,gens,topo",F:unclassified-name,Other Tanakh
292758,1428600,486018,Hosea,8,13,יהוה,nmpr,pers,E:YHWH,Other Tanakh
292768,1428600,486021,Hosea,8,13,מצרים,nmpr,topo,F:unclassified-name,Other Tanakh
292772,1428601,486022,Hosea,8,14,ישראל,nmpr,"pers,gens,topo",F:unclassified-name,Other Tanakh
292779,1428601,486024,Hosea,8,14,יהודה,nmpr,"pers,gens,topo",F:unclassified-name,Other Tanakh
292791,1428602,486027,Hosea,9,1,אל,nega,,C:divine-title-candidate,Other Tanakh
292793,1428602,486028,Hosea,9,1,ישראל,nmpr,"pers,gens,topo",F:unclassified-name,Other Tanakh
292794,1428602,486029,Hosea,9,1,אל,prep,,C:divine-title-candidate,Other Tanakh
292803,1428602,486030,Hosea,9,1,אלהים,subs,,D:Elohim,Other Tanakh
292823,1428604,486034,Hosea,9,3,יהוה,nmpr,pers,E:YHWH,Other Tanakh
292826,1428604,486035,Hosea,9,3,אפרים,nmpr,"pers,gens,topo",F:unclassified-name,Other Tanakh
292827,1428604,486035,Hosea,9,3,מצרים,nmpr,topo,F:unclassified-name,Other Tanakh
292830,1428604,486036,Hosea,9,3,אשור,nmpr,topo,F:unclassified-name,Other Tanakh
292836,1428605,486037,Hosea,9,4,יהוה,nmpr,pers,E:YHWH,Other Tanakh
292857,1428605,486042,Hosea,9,4,יהוה,nmpr,pers,E:YHWH,Other Tanakh
292867,1428606,486044,Hosea,9,5,יהוה,nmpr,pers,E:YHWH,Other Tanakh
292873,1428607,486047,Hosea,9,6,מצרים,nmpr,topo,F:unclassified-name,Other Tanakh
292875,1428607,486048,Hosea,9,6,מף,nmpr,topo,F:unclassified-name,Other Tanakh
292894,1428608,486054,Hosea,9,7,ישראל,nmpr,"pers,gens,topo",F:unclassified-name,Other Tanakh
292909,1428609,486059,Hosea,9,8,אפרים,nmpr,"pers,gens,topo",F:unclassified-name,Other Tanakh
292911,1428609,486059,Hosea,9,8,אלהים,subs,,D:Elohim,Other Tanakh
292921,1428609,486062,Hosea,9,8,אלהים,subs,,D:Elohim,Other Tanakh
292927,1428610,486064,Hosea,9,9,גבעה,nmpr,topo,F:unclassified-name,Other Tanakh
292938,1428611,486067,Hosea,9,10,ישראל,nmpr,"pers,gens,topo",F:unclassified-name,Other Tanakh
292949,1428611,486069,Hosea,9,10,בעל פעור,nmpr,pers,A:person-candidate,Other Tanakh
292960,1428612,486072,Hosea,9,11,אפרים,nmpr,"pers,gens,topo",F:unclassified-name,Other Tanakh
292990,1428614,486079,Hosea,9,13,אפרים,nmpr,"pers,gens,topo",F:unclassified-name,Other Tanakh
292995,1428614,486079,Hosea,9,13,צר,nmpr,topo,F:unclassified-name,Other Tanakh
293000,1428614,486082,Hosea,9,13,אפרים,nmpr,"pers,gens,topo",F:unclassified-name,Other Tanakh
293003,1428614,486083,Hosea,9,13,אל,prep,,C:divine-title-candidate,Other Tanakh
293008,1428615,486085,Hosea,9,14,יהוה,nmpr,pers,E:YHWH,Other Tanakh
293022,1428616,486088,Hosea,9,15,גלגל,nmpr,topo,F:unclassified-name,Other Tanakh
293039,1428617,486094,Hosea,9,16,אפרים,nmpr,"pers,gens,topo",F:unclassified-name,Other Tanakh
293053,1428618,486099,Hosea,9,17,אלהים,subs,,D:Elohim,Other Tanakh
293066,1428619,486102,Hosea,10,1,ישראל,nmpr,"pers,gens,topo",F:unclassified-name,Other Tanakh
293097,1428621,486112,Hosea,10,3,מלך,subs,,B:deity-candidate,Other Tanakh
293103,1428621,486113,Hosea,10,3,יהוה,nmpr,pers,E:YHWH,Other Tanakh
293106,1428621,486114,Hosea,10,3,מלך,subs,,B:deity-candidate,Other Tanakh
293124,1428622,486119,Hosea,10,4,שדי,subs,,C:divine-title-candidate,Other Tanakh
293127,1428623,486120,Hosea,10,5,בית און,nmpr,topo,F:unclassified-name,Other Tanakh
293130,1428623,486120,Hosea,10,5,שמרון,nmpr,topo,F:unclassified-name,Other Tanakh
293147,1428624,486125,Hosea,10,6,אשור,nmpr,topo,F:unclassified-name,Other Tanakh
293151,1428624,486126,Hosea,10,6,מלך,subs,,B:deity-candidate,Other Tanakh
293152,1428624,486126,Hosea,10,6,ירב,nmpr,pers,A:person-candidate,Other Tanakh
293154,1428624,486127,Hosea,10,6,אפרים,nmpr,"pers,gens,topo",F:unclassified-name,Other Tanakh
293158,1428624,486128,Hosea,10,6,ישראל,nmpr,"pers,gens,topo",F:unclassified-name,Other Tanakh
293162,1428625,486129,Hosea,10,7,שמרון,nmpr,topo,F:unclassified-name,Other Tanakh
293163,1428625,486130,Hosea,10,7,מלך,subs,,B:deity-candidate,Other Tanakh
293174,1428626,486131,Hosea,10,8,ישראל,nmpr,"pers,gens,topo",F:unclassified-name,Other Tanakh
293196,1428627,486137,Hosea,10,9,גבעה,nmpr,topo,F:unclassified-name,Other Tanakh
293198,1428627,486138,Hosea,10,9,ישראל,nmpr,"pers,gens,topo",F:unclassified-name,Other Tanakh
293205,1428627,486140,Hosea,10,9,גבעה,nmpr,topo,F:unclassified-name,Other Tanakh
293224,1428629,486145,Hosea,10,11,אפרים,nmpr,"pers,gens,topo",F:unclassified-name,Other Tanakh
293237,1428629,486149,Hosea,10,11,אפרים,nmpr,"pers,gens,topo",F:unclassified-name,Other Tanakh
293239,1428629,486150,Hosea,10,11,יהודה,nmpr,"pers,gens,topo",F:unclassified-name,Other Tanakh
293242,1428629,486151,Hosea,10,11,יעקב,nmpr,pers,A:person-candidate,Other Tanakh
293259,1428630,486156,Hosea,10,12,יהוה,nmpr,pers,E:YHWH,Other Tanakh
293291,1428632,486165,Hosea,10,14,שלמן,nmpr,pers,A:person-candidate,Other Tanakh
293292,1428632,486165,Hosea,10,14,בית ארבאל,nmpr,topo,F:unclassified-name,Other Tanakh
293303,1428633,486168,Hosea,10,15,בית אל,nmpr,topo,F:unclassified-name,Other Tanakh
293313,1428633,486169,Hosea,10,15,מלך,subs,,B:deity-candidate,Other Tanakh
293314,1428633,486169,Hosea,10,15,ישראל,nmpr,"pers,gens,topo",F:unclassified-name,Other Tanakh
293317,1428634,486170,Hosea,11,1,ישראל,nmpr,"pers,gens,topo",F:unclassified-name,Other Tanakh
293322,1428634,486172,Hosea,11,1,מצרים,nmpr,topo,F:unclassified-name,Other Tanakh
293334,1428635,486175,Hosea,11,2,בעל,subs,,B:deity-candidate,Other Tanakh
293345,1428636,486177,Hosea,11,3,אפרים,nmpr,"pers,gens,topo",F:unclassified-name,Other Tanakh
293371,1428637,486184,Hosea,11,4,אל,prep,,C:divine-title-candidate,Other Tanakh
293375,1428638,486186,Hosea,11,5,אל,prep,,C:divine-title-candidate,Other Tanakh
293377,1428638,486186,Hosea,11,5,מצרים,nmpr,topo,F:unclassified-name,Other Tanakh
293379,1428638,486187,Hosea,11,5,אשור,nmpr,topo,F:unclassified-name,Other Tanakh
293381,1428638,486188,Hosea,11,5,מלך,subs,,B:deity-candidate,Other Tanakh
293404,1428640,486195,Hosea,11,7,אל,prep,,C:divine-title-candidate,Other Tanakh
293412,1428641,486198,Hosea,11,8,אפרים,nmpr,"pers,gens,topo",F:unclassified-name,Other Tanakh
293414,1428641,486200,Hosea,11,8,ישראל,nmpr,"pers,gens,topo",F:unclassified-name,Other Tanakh
293418,1428641,486201,Hosea,11,8,אדמה,nmpr,topo,F:unclassified-name,Other Tanakh
293421,1428641,486202,Hosea,11,8,צבאים,nmpr,topo,F:unclassified-name,Other Tanakh
293436,1428642,486207,Hosea,11,9,אפרים,nmpr,"pers,gens,topo",F:unclassified-name,Other Tanakh
293438,1428642,486208,Hosea,11,9,אל,subs,,C:divine-title-candidate,Other Tanakh
293452,1428643,486212,Hosea,11,10,יהוה,nmpr,pers,E:YHWH,Other Tanakh
293469,1428644,486216,Hosea,11,11,מצרים,nmpr,topo,F:unclassified-name,Other Tanakh
293475,1428644,486217,Hosea,11,11,אשור,nmpr,topo,F:unclassified-name,Other Tanakh
293481,1428644,486219,Hosea,11,11,יהוה,nmpr,pers,E:YHWH,Other Tanakh
293485,1428645,486220,Hosea,12,1,אפרים,nmpr,"pers,gens,topo",F:unclassified-name,Other Tanakh
293490,1428645,486221,Hosea,12,1,ישראל,nmpr,"pers,gens,topo",F:unclassified-name,Other Tanakh
293492,1428645,486222,Hosea,12,1,יהודה,nmpr,"pers,gens,topo",F:unclassified-name,Other Tanakh
293496,1428645,486222,Hosea,12,1,אל,subs,,C:divine-title-candidate,Other Tanakh
293501,1428646,486224,Hosea,12,2,אפרים,nmpr,"pers,gens,topo",F:unclassified-name,Other Tanakh
293517,1428646,486227,Hosea,12,2,אשור,nmpr,topo,F:unclassified-name,Other Tanakh
293522,1428646,486228,Hosea,12,2,מצרים,nmpr,topo,F:unclassified-name,Other Tanakh
293527,1428647,486229,Hosea,12,3,יהוה,nmpr,pers,E:YHWH,Other Tanakh
293529,1428647,486229,Hosea,12,3,יהודה,nmpr,"pers,gens,topo",F:unclassified-name,Other Tanakh
293534,1428647,486230,Hosea,12,3,יעקב,nmpr,pers,A:person-candidate,Other Tanakh
293552,1428648,486233,Hosea,12,4,אלהים,subs,,D:Elohim,Other Tanakh
293555,1428649,486234,Hosea,12,5,אל,prep,,C:divine-title-candidate,Other Tanakh
293563,1428649,486238,Hosea,12,5,בית אל,nmpr,topo,F:unclassified-name,Other Tanakh
293570,1428650,486240,Hosea,12,6,יהוה,nmpr,pers,E:YHWH,Other Tanakh
293571,1428650,486240,Hosea,12,6,אלהים,subs,,D:Elohim,Other Tanakh
293574,1428650,486241,Hosea,12,6,יהוה,nmpr,pers,E:YHWH,Other Tanakh
293579,1428651,486243,Hosea,12,7,אלהים,subs,,D:Elohim,Other Tanakh
293587,1428651,486245,Hosea,12,7,אל,prep,,C:divine-title-candidate,Other Tanakh
293588,1428651,486245,Hosea,12,7,אלהים,subs,,D:Elohim,Other Tanakh
293590,1428652,486246,Hosea,12,8,כנען,nmpr,"pers,gens,topo",F:unclassified-name,Other Tanakh
293600,1428653,486250,Hosea,12,9,אפרים,nmpr,"pers,gens,topo",F:unclassified-name,Other Tanakh
293616,1428654,486256,Hosea,12,10,יהוה,nmpr,pers,E:YHWH,Other Tanakh
293617,1428654,486256,Hosea,12,10,אלהים,subs,,D:Elohim,Other Tanakh
293620,1428654,486256,Hosea,12,10,מצרים,nmpr,topo,F:unclassified-name,Other Tanakh
293644,1428656,486261,Hosea,12,12,גלעד,nmpr,topo,F:unclassified-name,Other Tanakh
293651,1428656,486263,Hosea,12,12,גלגל,nmpr,topo,F:unclassified-name,Other Tanakh
293660,1428656,486264,Hosea,12,12,שדי,subs,,C:divine-title-candidate,Other Tanakh
293663,1428657,486265,Hosea,12,13,יעקב,nmpr,pers,A:person-candidate,Other Tanakh
293665,1428657,486265,Hosea,12,13,ארם,nmpr,topo,F:unclassified-name,Other Tanakh
293668,1428657,486266,Hosea,12,13,ישראל,nmpr,"pers,gens,topo",F:unclassified-name,Other Tanakh
293679,1428658,486268,Hosea,12,14,יהוה,nmpr,pers,E:YHWH,Other Tanakh
293681,1428658,486268,Hosea,12,14,ישראל,nmpr,"pers,gens,topo",F:unclassified-name,Other Tanakh
293683,1428658,486268,Hosea,12,14,מצרים,nmpr,topo,F:unclassified-name,Other Tanakh
293689,1428659,486270,Hosea,12,15,אפרים,nmpr,"pers,gens,topo",F:unclassified-name,Other Tanakh
293702,1428660,486273,Hosea,13,1,אפרים,nmpr,"pers,gens,topo",F:unclassified-name,Other Tanakh
293707,1428660,486275,Hosea,13,1,ישראל,nmpr,"pers,gens,topo",F:unclassified-name,Other Tanakh
293712,1428660,486276,Hosea,13,1,בעל,subs,,B:deity-candidate,Other Tanakh
293762,1428663,486291,Hosea,13,4,יהוה,nmpr,pers,E:YHWH,Other Tanakh
293763,1428663,486291,Hosea,13,4,אלהים,subs,,D:Elohim,Other Tanakh
293766,1428663,486291,Hosea,13,4,מצרים,nmpr,topo,F:unclassified-name,Other Tanakh
293768,1428663,486292,Hosea,13,4,אלהים,subs,,D:Elohim,Other Tanakh
293823,1428668,486307,Hosea,13,9,ישראל,nmpr,"pers,gens,topo",F:unclassified-name,Other Tanakh
293829,1428669,486309,Hosea,13,10,מלך,subs,,B:deity-candidate,Other Tanakh
293842,1428669,486313,Hosea,13,10,מלך,subs,,B:deity-candidate,Other Tanakh
293847,1428670,486314,Hosea,13,11,מלך,subs,,B:deity-candidate,Other Tanakh
293856,1428671,486316,Hosea,13,12,אפרים,nmpr,"pers,gens,topo",F:unclassified-name,Other Tanakh
293876,1428673,486323,Hosea,13,14,שאול,subs,,A:person-candidate,Other Tanakh
293886,1428673,486328,Hosea,13,14,שאול,subs,,A:person-candidate,Other Tanakh
293899,1428674,486332,Hosea,13,15,יהוה,nmpr,pers,E:YHWH,Other Tanakh
293916,1428675,486336,Hosea,14,1,שמרון,nmpr,topo,F:unclassified-name,Other Tanakh
293920,1428675,486337,Hosea,14,1,אלהים,subs,,D:Elohim,Other Tanakh
293931,1428676,486342,Hosea,14,2,ישראל,nmpr,"pers,gens,topo",F:unclassified-name,Other Tanakh
293933,1428676,486341,Hosea,14,2,יהוה,nmpr,pers,E:YHWH,Other Tanakh
293934,1428676,486341,Hosea,14,2,אלהים,subs,,D:Elohim,Other Tanakh
293944,1428677,486345,Hosea,14,3,אל,prep,,C:divine-title-candidate,Other Tanakh
293945,1428677,486345,Hosea,14,3,יהוה,nmpr,pers,E:YHWH,Other Tanakh
293947,1428677,486346,Hosea,14,3,אל,prep,,C:divine-title-candidate,Other Tanakh
293958,1428678,486350,Hosea,14,4,אשור,nmpr,topo,F:unclassified-name,Other Tanakh
293969,1428678,486353,Hosea,14,4,אלהים,subs,,D:Elohim,Other Tanakh
293990,1428680,486358,Hosea,14,6,ישראל,nmpr,"pers,gens,topo",F:unclassified-name,Other Tanakh
294000,1428680,486360,Hosea,14,6,לבנון,nmpr,topo,F:unclassified-name,Other Tanakh
294014,1428681,486363,Hosea,14,7,לבנון,nmpr,topo,F:unclassified-name,Other Tanakh
294029,1428682,486368,Hosea,14,8,לבנון,nmpr,topo,F:unclassified-name,Other Tanakh
294030,1428683,486369,Hosea,14,9,אפרים,nmpr,"pers,gens,topo",F:unclassified-name,Other Tanakh
294059,1428684,486379,Hosea,14,10,יהוה,nmpr,pers,E:YHWH,Other Tanakh
294069,1428685,486382,Joel,1,1,יהוה,nmpr,pers,E:YHWH,Other Tanakh
294072,1428685,486383,Joel,1,1,אל,prep,,C:divine-title-candidate,Other Tanakh
294073,1428685,486383,Joel,1,1,יואל,nmpr,pers,A:person-candidate,Other Tanakh
294075,1428685,486383,Joel,1,1,פתואל,nmpr,pers,A:person-candidate,Other Tanakh
294180,1428692,486412,Joel,1,8,בעל,subs,,B:deity-candidate,Other Tanakh
294188,1428693,486413,Joel,1,9,יהוה,nmpr,pers,E:YHWH,Other Tanakh
294193,1428693,486414,Joel,1,9,יהוה,nmpr,pers,E:YHWH,Other Tanakh
294225,1428696,486425,Joel,1,12,רמון,subs,,B:deity-candidate,Other Tanakh
294255,1428697,486434,Joel,1,13,אלהים,subs,,D:Elohim,Other Tanakh
294260,1428697,486435,Joel,1,13,אלהים,subs,,D:Elohim,Other Tanakh
294275,1428698,486438,Joel,1,14,יהוה,nmpr,pers,E:YHWH,Other Tanakh
294276,1428698,486438,Joel,1,14,אלהים,subs,,D:Elohim,Other Tanakh
294279,1428698,486439,Joel,1,14,אל,prep,,C:divine-title-candidate,Other Tanakh
294280,1428698,486439,Joel,1,14,יהוה,nmpr,pers,E:YHWH,Other Tanakh
294288,1428699,486441,Joel,1,15,יהוה,nmpr,pers,E:YHWH,Other Tanakh
294293,1428699,486442,Joel,1,15,שדי,nmpr,pers,C:divine-title-candidate,Other Tanakh
294303,1428700,486444,Joel,1,16,אלהים,subs,,D:Elohim,Other Tanakh
294333,1428703,486453,Joel,1,19,אל,prep,,C:divine-title-candidate,Other Tanakh
294334,1428703,486454,Joel,1,19,יהוה,nmpr,pers,E:YHWH,Other Tanakh
294352,1428704,486457,Joel,1,20,אל,prep,,C:divine-title-candidate,Other Tanakh
294366,1428705,486460,Joel,2,1,ציון,nmpr,topo,F:unclassified-name,Other Tanakh
294380,1428705,486463,Joel,2,1,יהוה,nmpr,pers,E:YHWH,Other Tanakh
294426,1428707,486473,Joel,2,3,עדן,nmpr,topo,F:unclassified-name,Other Tanakh
294544,1428715,486503,Joel,2,11,יהוה,nmpr,pers,E:YHWH,Other Tanakh
294561,1428715,486506,Joel,2,11,יהוה,nmpr,pers,E:YHWH,Other Tanakh
294572,1428716,486510,Joel,2,12,יהוה,nmpr,pers,E:YHWH,Other Tanakh
294591,1428717,486514,Joel,2,13,אל,nega,,C:divine-title-candidate,Other Tanakh
294595,1428717,486515,Joel,2,13,אל,prep,,C:divine-title-candidate,Other Tanakh
294596,1428717,486515,Joel,2,13,יהוה,nmpr,pers,E:YHWH,Other Tanakh
294597,1428717,486515,Joel,2,13,אלהים,subs,,D:Elohim,Other Tanakh
294626,1428718,486522,Joel,2,14,יהוה,nmpr,pers,E:YHWH,Other Tanakh
294627,1428718,486522,Joel,2,14,אלהים,subs,,D:Elohim,Other Tanakh
294631,1428719,486523,Joel,2,15,ציון,nmpr,topo,F:unclassified-name,Other Tanakh
294666,1428721,486532,Joel,2,17,יהוה,nmpr,pers,E:YHWH,Other Tanakh
294670,1428721,486535,Joel,2,17,יהוה,nmpr,pers,E:YHWH,Other Tanakh
294674,1428721,486536,Joel,2,17,אל,nega,,C:divine-title-candidate,Other Tanakh
294689,1428721,486539,Joel,2,17,אלהים,subs,,D:Elohim,Other Tanakh
294692,1428722,486540,Joel,2,18,יהוה,nmpr,pers,E:YHWH,Other Tanakh
294701,1428723,486542,Joel,2,19,יהוה,nmpr,pers,E:YHWH,Other Tanakh
294739,1428724,486548,Joel,2,20,אל,prep,,C:divine-title-candidate,Other Tanakh
294746,1428724,486549,Joel,2,20,אל,prep,,C:divine-title-candidate,Other Tanakh
294753,1428724,486550,Joel,2,20,אל,prep,,C:divine-title-candidate,Other Tanakh
294768,1428725,486555,Joel,2,21,אל,nega,,C:divine-title-candidate,Other Tanakh
294776,1428725,486559,Joel,2,21,יהוה,nmpr,pers,E:YHWH,Other Tanakh
294779,1428726,486561,Joel,2,22,אל,nega,,C:divine-title-candidate,Other Tanakh
294782,1428726,486562,Joel,2,22,שדי,subs,,C:divine-title-candidate,Other Tanakh
294798,1428727,486567,Joel,2,23,ציון,nmpr,topo,F:unclassified-name,Other Tanakh
294803,1428727,486568,Joel,2,23,יהוה,nmpr,pers,E:YHWH,Other Tanakh
294804,1428727,486568,Joel,2,23,אלהים,subs,,D:Elohim,Other Tanakh
294868,1428730,486579,Joel,2,26,יהוה,nmpr,pers,E:YHWH,Other Tanakh
294869,1428730,486579,Joel,2,26,אלהים,subs,,D:Elohim,Other Tanakh
294886,1428731,486584,Joel,2,27,ישראל,nmpr,"pers,gens,topo",F:unclassified-name,Other Tanakh
294890,1428731,486585,Joel,2,27,יהוה,nmpr,pers,E:YHWH,Other Tanakh
294891,1428731,486585,Joel,2,27,אלהים,subs,,D:Elohim,Other Tanakh
294969,1428735,486598,Joel,3,4,יהוה,nmpr,pers,E:YHWH,Other Tanakh
294982,1428736,486601,Joel,3,5,יהוה,nmpr,pers,E:YHWH,Other Tanakh
294987,1428736,486602,Joel,3,5,ציון,nmpr,topo,F:unclassified-name,Other Tanakh
294990,1428736,486602,Joel,3,5,ירושלם,nmpr,topo,F:unclassified-name,Other Tanakh
294996,1428736,486603,Joel,3,5,יהוה,nmpr,pers,E:YHWH,Other Tanakh
295002,1428736,486605,Joel,3,5,יהוה,nmpr,pers,E:YHWH,Other Tanakh
295021,1428737,486607,Joel,4,1,יהודה,nmpr,"pers,gens,topo",F:unclassified-name,Other Tanakh
295023,1428737,486607,Joel,4,1,ירושלם,nmpr,topo,F:unclassified-name,Other Tanakh
295032,1428738,486609,Joel,4,2,אל,prep,,C:divine-title-candidate,Other Tanakh
295034,1428738,486609,Joel,4,2,יהושפט,nmpr,pers,A:person-candidate,Other Tanakh
295043,1428738,486610,Joel,4,2,ישראל,nmpr,"pers,gens,topo",F:unclassified-name,Other Tanakh
295054,1428739,486613,Joel,4,3,אל,prep,,C:divine-title-candidate,Other Tanakh
295079,1428740,486618,Joel,4,4,צר,nmpr,topo,F:unclassified-name,Other Tanakh
295081,1428740,486618,Joel,4,4,צידון,nmpr,topo,F:unclassified-name,Other Tanakh
295085,1428740,486618,Joel,4,4,פלשת,nmpr,topo,F:unclassified-name,Other Tanakh
295116,1428742,486624,Joel,4,6,יהודה,nmpr,"pers,gens,topo",F:unclassified-name,Other Tanakh
295119,1428742,486624,Joel,4,6,ירושלם,nmpr,topo,F:unclassified-name,Other Tanakh
295154,1428744,486629,Joel,4,8,יהודה,nmpr,"pers,gens,topo",F:unclassified-name,Other Tanakh
295158,1428744,486630,Joel,4,8,שבאים,nmpr,gens,F:unclassified-name,Other Tanakh
295159,1428744,486630,Joel,4,8,אל,prep,,C:divine-title-candidate,Other Tanakh
295163,1428744,486631,Joel,4,8,יהוה,nmpr,pers,E:YHWH,Other Tanakh
295206,1428747,486646,Joel,4,11,יהוה,nmpr,pers,E:YHWH,Other Tanakh
295213,1428748,486648,Joel,4,12,אל,prep,,C:divine-title-candidate,Other Tanakh
295215,1428748,486648,Joel,4,12,יהושפט,nmpr,pers,A:person-candidate,Other Tanakh
295252,1428750,486659,Joel,4,14,יהוה,nmpr,pers,E:YHWH,Other Tanakh
295266,1428752,486662,Joel,4,16,יהוה,nmpr,pers,E:YHWH,Other Tanakh
295268,1428752,486662,Joel,4,16,ציון,nmpr,topo,F:unclassified-name,Other Tanakh
295272,1428752,486663,Joel,4,16,ירושלם,nmpr,topo,F:unclassified-name,Other Tanakh
295281,1428752,486665,Joel,4,16,יהוה,nmpr,pers,E:YHWH,Other Tanakh
295289,1428752,486666,Joel,4,16,ישראל,nmpr,"pers,gens,topo",F:unclassified-name,Other Tanakh
295294,1428753,486668,Joel,4,17,יהוה,nmpr,pers,E:YHWH,Other Tanakh
295295,1428753,486668,Joel,4,17,אלהים,subs,,D:Elohim,Other Tanakh
295298,1428753,486669,Joel,4,17,ציון,nmpr,topo,F:unclassified-name,Other Tanakh
295303,1428753,486670,Joel,4,17,ירושלם,nmpr,topo,F:unclassified-name,Other Tanakh
295330,1428754,486675,Joel,4,18,יהודה,nmpr,"pers,gens,topo",F:unclassified-name,Other Tanakh
295337,1428754,486676,Joel,4,18,יהוה,nmpr,pers,E:YHWH,Other Tanakh
295344,1428754,486677,Joel,4,18,שטים,nmpr,topo,F:unclassified-name,Other Tanakh
295345,1428755,486678,Joel,4,19,מצרים,nmpr,topo,F:unclassified-name,Other Tanakh
295350,1428755,486679,Joel,4,19,אדום,nmpr,topo,F:unclassified-name,Other Tanakh
295358,1428755,486680,Joel,4,19,יהודה,nmpr,"pers,gens,topo",F:unclassified-name,Other Tanakh
295366,1428756,486682,Joel,4,20,יהודה,nmpr,"pers,gens,topo",F:unclassified-name,Other Tanakh
295371,1428756,486683,Joel,4,20,ירושלם,nmpr,topo,F:unclassified-name,Other Tanakh
295382,1428757,486686,Joel,4,21,יהוה,nmpr,pers,E:YHWH,Other Tanakh
295385,1428757,486686,Joel,4,21,ציון,nmpr,topo,F:unclassified-name,Other Tanakh
295387,1428758,486687,Amos,1,1,עמוס,nmpr,pers,A:person-candidate,Other Tanakh
295394,1428758,486688,Amos,1,1,תקוע,nmpr,topo,F:unclassified-name,Other Tanakh
295398,1428758,486689,Amos,1,1,ישראל,nmpr,"pers,gens,topo",F:unclassified-name,Other Tanakh
295401,1428758,486689,Amos,1,1,עזיה,nmpr,pers,A:person-candidate,Other Tanakh
295402,1428758,486689,Amos,1,1,מלך,subs,,B:deity-candidate,Other Tanakh
295403,1428758,486689,Amos,1,1,יהודה,nmpr,"pers,gens,topo",F:unclassified-name,Other Tanakh
295407,1428758,486689,Amos,1,1,ירבעם,nmpr,pers,A:person-candidate,Other Tanakh
295409,1428758,486689,Amos,1,1,יואש,nmpr,pers,A:person-candidate,Other Tanakh
295410,1428758,486689,Amos,1,1,מלך,subs,,B:deity-candidate,Other Tanakh
295411,1428758,486689,Amos,1,1,ישראל,nmpr,"pers,gens,topo",F:unclassified-name,Other Tanakh
295419,1428759,486691,Amos,1,2,יהוה,nmpr,pers,E:YHWH,Other Tanakh
295421,1428759,486691,Amos,1,2,ציון,nmpr,topo,F:unclassified-name,Other Tanakh
295425,1428759,486692,Amos,1,2,ירושלם,nmpr,topo,F:unclassified-name,Other Tanakh
295437,1428759,486694,Amos,1,2,כרמל,nmpr,topo,F:unclassified-name,Other Tanakh
295440,1428760,486695,Amos,1,3,יהוה,nmpr,pers,E:YHWH,Other Tanakh
295444,1428760,486696,Amos,1,3,דמשק,nmpr,topo,F:unclassified-name,Other Tanakh
295458,1428760,486697,Amos,1,3,גלעד,nmpr,topo,F:unclassified-name,Other Tanakh
295464,1428761,486698,Amos,1,4,חזאל,nmpr,pers,A:person-candidate,Other Tanakh
295468,1428761,486699,Amos,1,4,בן הדד,nmpr,pers,A:person-candidate,Other Tanakh
295472,1428762,486700,Amos,1,5,דמשק,nmpr,topo,F:unclassified-name,Other Tanakh
295477,1428762,486701,Amos,1,5,בקעת און,nmpr,topo,F:unclassified-name,Other Tanakh
295482,1428762,486702,Amos,1,5,בית עדן,nmpr,topo,F:unclassified-name,Other Tanakh
295486,1428762,486703,Amos,1,5,ארם,nmpr,topo,F:unclassified-name,Other Tanakh
295487,1428762,486703,Amos,1,5,קיר,nmpr,topo,F:unclassified-name,Other Tanakh
295489,1428762,486704,Amos,1,5,יהוה,nmpr,pers,E:YHWH,Other Tanakh
295492,1428763,486705,Amos,1,6,יהוה,nmpr,pers,E:YHWH,Other Tanakh
295496,1428763,486706,Amos,1,6,עזה,nmpr,topo,F:unclassified-name,Other Tanakh
295509,1428763,486708,Amos,1,6,אדום,nmpr,topo,F:unclassified-name,Other Tanakh
295515,1428764,486709,Amos,1,7,עזה,nmpr,topo,F:unclassified-name,Other Tanakh
295523,1428765,486711,Amos,1,8,אשדוד,nmpr,topo,F:unclassified-name,Other Tanakh
295528,1428765,486712,Amos,1,8,אשקלון,nmpr,topo,F:unclassified-name,Other Tanakh
295533,1428765,486713,Amos,1,8,עקרון,nmpr,topo,F:unclassified-name,Other Tanakh
295539,1428765,486715,Amos,1,8,אדני,nmpr,pers,C:divine-title-candidate,Other Tanakh
295540,1428765,486715,Amos,1,8,יהוה,nmpr,pers,E:YHWH,Other Tanakh
295543,1428766,486716,Amos,1,9,יהוה,nmpr,pers,E:YHWH,Other Tanakh
295547,1428766,486717,Amos,1,9,צר,nmpr,topo,F:unclassified-name,Other Tanakh
295558,1428766,486718,Amos,1,9,אדום,nmpr,topo,F:unclassified-name,Other Tanakh
295569,1428767,486720,Amos,1,10,צר,nmpr,topo,F:unclassified-name,Other Tanakh
295575,1428768,486722,Amos,1,11,יהוה,nmpr,pers,E:YHWH,Other Tanakh
295579,1428768,486723,Amos,1,11,אדום,nmpr,topo,F:unclassified-name,Other Tanakh
295607,1428769,486729,Amos,1,12,תימן,nmpr,topo,F:unclassified-name,Other Tanakh
295611,1428769,486730,Amos,1,12,בצרה,nmpr,topo,F:unclassified-name,Other Tanakh
295614,1428770,486731,Amos,1,13,יהוה,nmpr,pers,E:YHWH,Other Tanakh
295619,1428770,486732,Amos,1,13,עמון,nmpr,gens,F:unclassified-name,Other Tanakh
295629,1428770,486733,Amos,1,13,גלעד,nmpr,topo,F:unclassified-name,Other Tanakh
295639,1428771,486735,Amos,1,14,רבה,nmpr,topo,F:unclassified-name,Other Tanakh
295655,1428772,486739,Amos,1,15,מלך,subs,,B:deity-candidate,Other Tanakh
295664,1428772,486741,Amos,1,15,יהוה,nmpr,pers,E:YHWH,Other Tanakh
295667,1428773,486742,Amos,2,1,יהוה,nmpr,pers,E:YHWH,Other Tanakh
295671,1428773,486743,Amos,2,1,מואב,nmpr,"pers,gens,topo",F:unclassified-name,Other Tanakh
295680,1428773,486744,Amos,2,1,מלך,subs,,B:deity-candidate,Other Tanakh
295681,1428773,486744,Amos,2,1,אדום,nmpr,topo,F:unclassified-name,Other Tanakh
295689,1428774,486745,Amos,2,2,מואב,nmpr,"pers,gens,topo",F:unclassified-name,Other Tanakh
295694,1428774,486746,Amos,2,2,קריות,nmpr,topo,F:unclassified-name,Other Tanakh
295699,1428774,486747,Amos,2,2,מואב,nmpr,"pers,gens,topo",F:unclassified-name,Other Tanakh
295716,1428775,486750,Amos,2,3,יהוה,nmpr,pers,E:YHWH,Other Tanakh
295719,1428776,486751,Amos,2,4,יהוה,nmpr,pers,E:YHWH,Other Tanakh
295723,1428776,486752,Amos,2,4,יהודה,nmpr,"pers,gens,topo",F:unclassified-name,Other Tanakh
295733,1428776,486753,Amos,2,4,יהוה,nmpr,pers,E:YHWH,Other Tanakh
295749,1428777,486757,Amos,2,5,יהודה,nmpr,"pers,gens,topo",F:unclassified-name,Other Tanakh
295753,1428777,486758,Amos,2,5,ירושלם,nmpr,topo,F:unclassified-name,Other Tanakh
295756,1428778,486759,Amos,2,6,יהוה,nmpr,pers,E:YHWH,Other Tanakh
295760,1428778,486760,Amos,2,6,ישראל,nmpr,"pers,gens,topo",F:unclassified-name,Other Tanakh
295794,1428779,486765,Amos,2,7,אל,prep,,C:divine-title-candidate,Other Tanakh
295815,1428780,486768,Amos,2,8,אלהים,subs,,D:Elohim,Other Tanakh
295850,1428782,486773,Amos,2,10,מצרים,nmpr,topo,F:unclassified-name,Other Tanakh
295881,1428783,486779,Amos,2,11,ישראל,nmpr,"pers,gens,topo",F:unclassified-name,Other Tanakh
295883,1428783,486780,Amos,2,11,יהוה,nmpr,pers,E:YHWH,Other Tanakh
295960,1428788,486795,Amos,2,16,יהוה,nmpr,pers,E:YHWH,Other Tanakh
295969,1428789,486797,Amos,3,1,יהוה,nmpr,pers,E:YHWH,Other Tanakh
295972,1428789,486798,Amos,3,1,ישראל,nmpr,"pers,gens,topo",F:unclassified-name,Other Tanakh
295981,1428789,486800,Amos,3,1,מצרים,nmpr,topo,F:unclassified-name,Other Tanakh
296061,1428794,486817,Amos,3,6,יהוה,nmpr,pers,E:YHWH,Other Tanakh
296067,1428795,486818,Amos,3,7,אדני,nmpr,pers,C:divine-title-candidate,Other Tanakh
296068,1428795,486818,Amos,3,7,יהוה,nmpr,pers,E:YHWH,Other Tanakh
296074,1428795,486819,Amos,3,7,אל,prep,,C:divine-title-candidate,Other Tanakh
296083,1428796,486822,Amos,3,8,אדני,nmpr,pers,C:divine-title-candidate,Other Tanakh
296084,1428796,486822,Amos,3,8,יהוה,nmpr,pers,E:YHWH,Other Tanakh
296093,1428797,486824,Amos,3,9,אשדוד,nmpr,topo,F:unclassified-name,Other Tanakh
296099,1428797,486825,Amos,3,9,מצרים,nmpr,topo,F:unclassified-name,Other Tanakh
296105,1428797,486827,Amos,3,9,שמרון,nmpr,topo,F:unclassified-name,Other Tanakh
296122,1428798,486832,Amos,3,10,יהוה,nmpr,pers,E:YHWH,Other Tanakh
296133,1428799,486835,Amos,3,11,אדני,nmpr,pers,C:divine-title-candidate,Other Tanakh
296134,1428799,486835,Amos,3,11,יהוה,nmpr,pers,E:YHWH,Other Tanakh
296149,1428800,486840,Amos,3,12,יהוה,nmpr,pers,E:YHWH,Other Tanakh
296167,1428800,486842,Amos,3,12,ישראל,nmpr,"pers,gens,topo",F:unclassified-name,Other Tanakh
296171,1428800,486843,Amos,3,12,שמרון,nmpr,topo,F:unclassified-name,Other Tanakh
296184,1428801,486845,Amos,3,13,יעקב,nmpr,pers,A:person-candidate,Other Tanakh
296186,1428801,486846,Amos,3,13,אדני,nmpr,pers,C:divine-title-candidate,Other Tanakh
296187,1428801,486846,Amos,3,13,יהוה,nmpr,pers,E:YHWH,Other Tanakh
296188,1428801,486846,Amos,3,13,אלהים,subs,,D:Elohim,Other Tanakh
296196,1428802,486848,Amos,3,14,ישראל,nmpr,"pers,gens,topo",F:unclassified-name,Other Tanakh
296202,1428802,486849,Amos,3,14,בית אל,nmpr,topo,F:unclassified-name,Other Tanakh
296232,1428803,486855,Amos,3,15,יהוה,nmpr,pers,E:YHWH,Other Tanakh
296240,1428804,486857,Amos,4,1,בשן,nmpr,topo,F:unclassified-name,Other Tanakh
296244,1428804,486858,Amos,4,1,שמרון,nmpr,topo,F:unclassified-name,Other Tanakh
296259,1428805,486864,Amos,4,2,אדני,nmpr,pers,C:divine-title-candidate,Other Tanakh
296260,1428805,486864,Amos,4,2,יהוה,nmpr,pers,E:YHWH,Other Tanakh
296286,1428806,486870,Amos,4,3,הרמון,nmpr,topo,F:unclassified-name,Other Tanakh
296288,1428806,486871,Amos,4,3,יהוה,nmpr,pers,E:YHWH,Other Tanakh
296290,1428807,486872,Amos,4,4,בית אל,nmpr,topo,F:unclassified-name,Other Tanakh
296294,1428807,486873,Amos,4,4,גלגל,nmpr,topo,F:unclassified-name,Other Tanakh
296321,1428808,486882,Amos,4,5,ישראל,nmpr,"pers,gens,topo",F:unclassified-name,Other Tanakh
296323,1428808,486883,Amos,4,5,אדני,nmpr,pers,C:divine-title-candidate,Other Tanakh
296324,1428808,486883,Amos,4,5,יהוה,nmpr,pers,E:YHWH,Other Tanakh
296346,1428809,486887,Amos,4,6,יהוה,nmpr,pers,E:YHWH,Other Tanakh
296388,1428811,486894,Amos,4,8,אל,prep,,C:divine-title-candidate,Other Tanakh
296402,1428811,486898,Amos,4,8,יהוה,nmpr,pers,E:YHWH,Other Tanakh
296428,1428812,486903,Amos,4,9,יהוה,nmpr,pers,E:YHWH,Other Tanakh
296434,1428813,486904,Amos,4,10,מצרים,nmpr,topo,F:unclassified-name,Other Tanakh
296455,1428813,486910,Amos,4,10,יהוה,nmpr,pers,E:YHWH,Other Tanakh
296460,1428814,486911,Amos,4,11,אלהים,subs,,D:Elohim,Other Tanakh
296462,1428814,486911,Amos,4,11,סדם,nmpr,topo,F:unclassified-name,Other Tanakh
296465,1428814,486911,Amos,4,11,עמרה,nmpr,topo,F:unclassified-name,Other Tanakh
296478,1428814,486915,Amos,4,11,יהוה,nmpr,pers,E:YHWH,Other Tanakh
296483,1428815,486918,Amos,4,12,ישראל,nmpr,"pers,gens,topo",F:unclassified-name,Other Tanakh
296492,1428815,486921,Amos,4,12,אלהים,subs,,D:Elohim,Other Tanakh
296493,1428815,486922,Amos,4,12,ישראל,nmpr,"pers,gens,topo",F:unclassified-name,Other Tanakh
296515,1428816,486930,Amos,4,13,יהוה,nmpr,pers,E:YHWH,Other Tanakh
296516,1428816,486930,Amos,4,13,אלהים,subs,,D:Elohim,Other Tanakh
296531,1428817,486934,Amos,5,1,ישראל,nmpr,"pers,gens,topo",F:unclassified-name,Other Tanakh
296537,1428818,486936,Amos,5,2,ישראל,nmpr,"pers,gens,topo",F:unclassified-name,Other Tanakh
296546,1428819,486940,Amos,5,3,אדני,nmpr,pers,C:divine-title-candidate,Other Tanakh
296547,1428819,486940,Amos,5,3,יהוה,nmpr,pers,E:YHWH,Other Tanakh
296563,1428819,486943,Amos,5,3,ישראל,nmpr,"pers,gens,topo",F:unclassified-name,Other Tanakh
296567,1428820,486945,Amos,5,4,יהוה,nmpr,pers,E:YHWH,Other Tanakh
296570,1428820,486945,Amos,5,4,ישראל,nmpr,"pers,gens,topo",F:unclassified-name,Other Tanakh
296575,1428821,486948,Amos,5,5,אל,nega,,C:divine-title-candidate,Other Tanakh
296577,1428821,486948,Amos,5,5,בית אל,nmpr,topo,F:unclassified-name,Other Tanakh
296580,1428821,486949,Amos,5,5,גלגל,nmpr,topo,F:unclassified-name,Other Tanakh
296585,1428821,486950,Amos,5,5,שבע,nmpr,topo,F:unclassified-name,Other Tanakh
296590,1428821,486951,Amos,5,5,גלגל,nmpr,topo,F:unclassified-name,Other Tanakh
296594,1428821,486952,Amos,5,5,בית אל,nmpr,topo,F:unclassified-name,Other Tanakh
296600,1428822,486953,Amos,5,6,יהוה,nmpr,pers,E:YHWH,Other Tanakh
296609,1428822,486955,Amos,5,6,יוסף,nmpr,pers,A:person-candidate,Other Tanakh
296616,1428822,486957,Amos,5,6,בית אל,nmpr,topo,F:unclassified-name,Other Tanakh
296654,1428824,486965,Amos,5,8,יהוה,nmpr,pers,E:YHWH,Other Tanakh
296733,1428830,486988,Amos,5,14,אל,nega,,C:divine-title-candidate,Other Tanakh
296740,1428830,486990,Amos,5,14,יהוה,nmpr,pers,E:YHWH,Other Tanakh
296741,1428830,486990,Amos,5,14,אלהים,subs,,D:Elohim,Other Tanakh
296760,1428831,486995,Amos,5,15,יהוה,nmpr,pers,E:YHWH,Other Tanakh
296761,1428831,486995,Amos,5,15,אלהים,subs,,D:Elohim,Other Tanakh
296764,1428831,486995,Amos,5,15,יוסף,nmpr,pers,A:person-candidate,Other Tanakh
296768,1428832,486997,Amos,5,16,יהוה,nmpr,pers,E:YHWH,Other Tanakh
296769,1428832,486997,Amos,5,16,אלהים,subs,,D:Elohim,Other Tanakh
296771,1428832,486997,Amos,5,16,אדני,nmpr,pers,C:divine-title-candidate,Other Tanakh
296786,1428832,487001,Amos,5,16,אל,prep,,C:divine-title-candidate,Other Tanakh
296790,1428832,487002,Amos,5,16,אל,prep,,C:divine-title-candidate,Other Tanakh
296803,1428833,487005,Amos,5,17,יהוה,nmpr,pers,E:YHWH,Other Tanakh
296809,1428834,487007,Amos,5,18,יהוה,nmpr,pers,E:YHWH,Other Tanakh
296814,1428834,487008,Amos,5,18,יהוה,nmpr,pers,E:YHWH,Other Tanakh
296850,1428836,487016,Amos,5,20,יהוה,nmpr,pers,E:YHWH,Other Tanakh
296915,1428841,487031,Amos,5,25,ישראל,nmpr,"pers,gens,topo",F:unclassified-name,Other Tanakh
296919,1428842,487032,Amos,5,26,סכות,nmpr,pers,A:person-candidate,Other Tanakh
296920,1428842,487032,Amos,5,26,מלך,subs,,B:deity-candidate,Other Tanakh
296923,1428842,487032,Amos,5,26,כיון,nmpr,pers,A:person-candidate,Other Tanakh
296926,1428842,487032,Amos,5,26,אלהים,subs,,D:Elohim,Other Tanakh
296936,1428843,487034,Amos,5,27,דמשק,nmpr,topo,F:unclassified-name,Other Tanakh
296938,1428843,487035,Amos,5,27,יהוה,nmpr,pers,E:YHWH,Other Tanakh
296939,1428843,487036,Amos,5,27,אלהים,subs,,D:Elohim,Other Tanakh
296946,1428844,487038,Amos,6,1,ציון,nmpr,topo,F:unclassified-name,Other Tanakh
296952,1428844,487039,Amos,6,1,שמרון,nmpr,topo,F:unclassified-name,Other Tanakh
296961,1428844,487041,Amos,6,1,ישראל,nmpr,"pers,gens,topo",F:unclassified-name,Other Tanakh
296963,1428845,487042,Amos,6,2,כלנה,nmpr,topo,F:unclassified-name,Other Tanakh
296970,1428845,487044,Amos,6,2,חמת,nmpr,topo,F:unclassified-name,Other Tanakh
296974,1428845,487045,Amos,6,2,גת,nmpr,topo,F:unclassified-name,Other Tanakh
297023,1428848,487054,Amos,6,5,דוד,nmpr,pers,A:person-candidate,Other Tanakh
297042,1428849,487057,Amos,6,6,יוסף,nmpr,pers,A:person-candidate,Other Tanakh
297054,1428851,487061,Amos,6,8,אדני,nmpr,pers,C:divine-title-candidate,Other Tanakh
297055,1428851,487061,Amos,6,8,יהוה,nmpr,pers,E:YHWH,Other Tanakh
297059,1428851,487062,Amos,6,8,יהוה,nmpr,pers,E:YHWH,Other Tanakh
297060,1428851,487062,Amos,6,8,אלהים,subs,,D:Elohim,Other Tanakh
297066,1428851,487063,Amos,6,8,יעקב,nmpr,pers,A:person-candidate,Other Tanakh
297088,1428853,487069,Amos,6,10,דוד,subs,,A:person-candidate,Other Tanakh
297120,1428853,487080,Amos,6,10,יהוה,nmpr,pers,E:YHWH,Other Tanakh
297123,1428854,487082,Amos,6,11,יהוה,nmpr,pers,E:YHWH,Other Tanakh
297162,1428856,487089,Amos,6,13,לא דבר,nmpr,topo,F:unclassified-name,Other Tanakh
297171,1428856,487091,Amos,6,13,קרנים,nmpr,topo,F:unclassified-name,Other Tanakh
297177,1428857,487093,Amos,6,14,ישראל,nmpr,"pers,gens,topo",F:unclassified-name,Other Tanakh
297179,1428857,487094,Amos,6,14,יהוה,nmpr,pers,E:YHWH,Other Tanakh
297180,1428857,487094,Amos,6,14,אלהים,subs,,D:Elohim,Other Tanakh
297190,1428857,487096,Amos,6,14,חמת,nmpr,topo,F:unclassified-name,Other Tanakh
297197,1428858,487098,Amos,7,1,אדני,nmpr,pers,C:divine-title-candidate,Other Tanakh
297198,1428858,487098,Amos,7,1,יהוה,nmpr,pers,E:YHWH,Other Tanakh
297214,1428858,487101,Amos,7,1,מלך,subs,,B:deity-candidate,Other Tanakh
297227,1428859,487106,Amos,7,2,אדני,nmpr,pers,C:divine-title-candidate,Other Tanakh
297228,1428859,487106,Amos,7,2,יהוה,nmpr,pers,E:YHWH,Other Tanakh
297233,1428859,487108,Amos,7,2,יעקב,nmpr,pers,A:person-candidate,Other Tanakh
297238,1428860,487110,Amos,7,3,יהוה,nmpr,pers,E:YHWH,Other Tanakh
297244,1428860,487112,Amos,7,3,יהוה,nmpr,pers,E:YHWH,Other Tanakh
297247,1428861,487113,Amos,7,4,אדני,nmpr,pers,C:divine-title-candidate,Other Tanakh
297248,1428861,487113,Amos,7,4,יהוה,nmpr,pers,E:YHWH,Other Tanakh
297257,1428861,487114,Amos,7,4,אדני,nmpr,pers,C:divine-title-candidate,Other Tanakh
297258,1428861,487114,Amos,7,4,יהוה,nmpr,pers,E:YHWH,Other Tanakh
297271,1428862,487119,Amos,7,5,אדני,nmpr,pers,C:divine-title-candidate,Other Tanakh
297272,1428862,487119,Amos,7,5,יהוה,nmpr,pers,E:YHWH,Other Tanakh
297277,1428862,487121,Amos,7,5,יעקב,nmpr,pers,A:person-candidate,Other Tanakh
297282,1428863,487123,Amos,7,6,יהוה,nmpr,pers,E:YHWH,Other Tanakh
297290,1428863,487125,Amos,7,6,אדני,nmpr,pers,C:divine-title-candidate,Other Tanakh
297291,1428863,487125,Amos,7,6,יהוה,nmpr,pers,E:YHWH,Other Tanakh
297296,1428864,487127,Amos,7,7,אדני,nmpr,pers,C:divine-title-candidate,Other Tanakh
297307,1428865,487129,Amos,7,8,יהוה,nmpr,pers,E:YHWH,Other Tanakh
297308,1428865,487129,Amos,7,8,אל,prep,,C:divine-title-candidate,Other Tanakh
297312,1428865,487131,Amos,7,8,עמוס,nmpr,pers,A:person-candidate,Other Tanakh
297318,1428865,487134,Amos,7,8,אדני,nmpr,pers,C:divine-title-candidate,Other Tanakh
297325,1428865,487135,Amos,7,8,ישראל,nmpr,"pers,gens,topo",F:unclassified-name,Other Tanakh
297334,1428866,487138,Amos,7,9,ישחק,nmpr,pers,A:person-candidate,Other Tanakh
297337,1428866,487139,Amos,7,9,ישראל,nmpr,"pers,gens,topo",F:unclassified-name,Other Tanakh
297343,1428866,487140,Amos,7,9,ירבעם,nmpr,pers,A:person-candidate,Other Tanakh
297349,1428867,487141,Amos,7,10,אמציה,nmpr,pers,A:person-candidate,Other Tanakh
297351,1428867,487141,Amos,7,10,בית אל,nmpr,topo,F:unclassified-name,Other Tanakh
297352,1428867,487141,Amos,7,10,אל,prep,,C:divine-title-candidate,Other Tanakh
297353,1428867,487141,Amos,7,10,ירבעם,nmpr,pers,A:person-candidate,Other Tanakh
297354,1428867,487141,Amos,7,10,מלך,subs,,B:deity-candidate,Other Tanakh
297355,1428867,487141,Amos,7,10,ישראל,nmpr,"pers,gens,topo",F:unclassified-name,Other Tanakh
297360,1428867,487143,Amos,7,10,עמוס,nmpr,pers,A:person-candidate,Other Tanakh
297364,1428867,487143,Amos,7,10,ישראל,nmpr,"pers,gens,topo",F:unclassified-name,Other Tanakh
297377,1428868,487146,Amos,7,11,עמוס,nmpr,pers,A:person-candidate,Other Tanakh
297382,1428868,487147,Amos,7,11,ירבעם,nmpr,pers,A:person-candidate,Other Tanakh
297384,1428868,487148,Amos,7,11,ישראל,nmpr,"pers,gens,topo",F:unclassified-name,Other Tanakh
297392,1428869,487149,Amos,7,12,אמציה,nmpr,pers,A:person-candidate,Other Tanakh
297393,1428869,487149,Amos,7,12,אל,prep,,C:divine-title-candidate,Other Tanakh
297394,1428869,487149,Amos,7,12,עמוס,nmpr,pers,A:person-candidate,Other Tanakh
297399,1428869,487152,Amos,7,12,אל,prep,,C:divine-title-candidate,Other Tanakh
297401,1428869,487152,Amos,7,12,יהודה,nmpr,"pers,gens,topo",F:unclassified-name,Other Tanakh
297410,1428870,487155,Amos,7,13,בית אל,nmpr,topo,F:unclassified-name,Other Tanakh
297418,1428870,487157,Amos,7,13,מלך,subs,,B:deity-candidate,Other Tanakh
297426,1428871,487159,Amos,7,14,עמוס,nmpr,pers,A:person-candidate,Other Tanakh
297429,1428871,487160,Amos,7,14,אל,prep,,C:divine-title-candidate,Other Tanakh
297430,1428871,487160,Amos,7,14,אמציה,nmpr,pers,A:person-candidate,Other Tanakh
297447,1428872,487164,Amos,7,15,יהוה,nmpr,pers,E:YHWH,Other Tanakh
297454,1428872,487165,Amos,7,15,אל,prep,,C:divine-title-candidate,Other Tanakh
297455,1428872,487165,Amos,7,15,יהוה,nmpr,pers,E:YHWH,Other Tanakh
297458,1428872,487167,Amos,7,15,אל,prep,,C:divine-title-candidate,Other Tanakh
297460,1428872,487167,Amos,7,15,ישראל,nmpr,"pers,gens,topo",F:unclassified-name,Other Tanakh
297465,1428873,487169,Amos,7,16,יהוה,nmpr,pers,E:YHWH,Other Tanakh
297471,1428873,487171,Amos,7,16,ישראל,nmpr,"pers,gens,topo",F:unclassified-name,Other Tanakh
297477,1428873,487172,Amos,7,16,ישחק,nmpr,pers,A:person-candidate,Other Tanakh
297481,1428874,487174,Amos,7,17,יהוה,nmpr,pers,E:YHWH,Other Tanakh
297508,1428874,487179,Amos,7,17,ישראל,nmpr,"pers,gens,topo",F:unclassified-name,Other Tanakh
297516,1428875,487180,Amos,8,1,אדני,nmpr,pers,C:divine-title-candidate,Other Tanakh
297517,1428875,487180,Amos,8,1,יהוה,nmpr,pers,E:YHWH,Other Tanakh
297527,1428876,487184,Amos,8,2,עמוס,nmpr,pers,A:person-candidate,Other Tanakh
297534,1428876,487187,Amos,8,2,יהוה,nmpr,pers,E:YHWH,Other Tanakh
297535,1428876,487187,Amos,8,2,אל,prep,,C:divine-title-candidate,Other Tanakh
297539,1428876,487188,Amos,8,2,אל,prep,,C:divine-title-candidate,Other Tanakh
297541,1428876,487188,Amos,8,2,ישראל,nmpr,"pers,gens,topo",F:unclassified-name,Other Tanakh
297557,1428877,487192,Amos,8,3,אדני,nmpr,pers,C:divine-title-candidate,Other Tanakh
297558,1428877,487192,Amos,8,3,יהוה,nmpr,pers,E:YHWH,Other Tanakh
297620,1428881,487210,Amos,8,7,יהוה,nmpr,pers,E:YHWH,Other Tanakh
297623,1428881,487210,Amos,8,7,יעקב,nmpr,pers,A:person-candidate,Other Tanakh
297646,1428882,487215,Amos,8,8,יאר,nmpr,topo,F:unclassified-name,Other Tanakh
297653,1428882,487217,Amos,8,8,יאר,nmpr,topo,F:unclassified-name,Other Tanakh
297654,1428882,487217,Amos,8,8,מצרים,nmpr,topo,F:unclassified-name,Other Tanakh
297663,1428883,487219,Amos,8,9,אדני,nmpr,pers,C:divine-title-candidate,Other Tanakh
297664,1428883,487219,Amos,8,9,יהוה,nmpr,pers,E:YHWH,Other Tanakh
297715,1428885,487229,Amos,8,11,אדני,nmpr,pers,C:divine-title-candidate,Other Tanakh
297716,1428885,487229,Amos,8,11,יהוה,nmpr,pers,E:YHWH,Other Tanakh
297740,1428885,487233,Amos,8,11,יהוה,nmpr,pers,E:YHWH,Other Tanakh
297758,1428886,487236,Amos,8,12,יהוה,nmpr,pers,E:YHWH,Other Tanakh
297782,1428888,487239,Amos,8,14,שמרון,nmpr,topo,F:unclassified-name,Other Tanakh
297786,1428888,487241,Amos,8,14,אלהים,subs,,D:Elohim,Other Tanakh
297787,1428888,487242,Amos,8,14,דן,nmpr,"pers,gens,topo",F:unclassified-name,Other Tanakh
297792,1428888,487243,Amos,8,14,שבע,nmpr,topo,F:unclassified-name,Other Tanakh
297801,1428889,487246,Amos,9,1,אדני,nmpr,pers,C:divine-title-candidate,Other Tanakh
297838,1428890,487255,Amos,9,2,שאול,subs,,A:person-candidate,Other Tanakh
297857,1428891,487259,Amos,9,3,כרמל,nmpr,topo,F:unclassified-name,Other Tanakh
297909,1428893,487270,Amos,9,5,אדני,nmpr,pers,C:divine-title-candidate,Other Tanakh
297910,1428893,487270,Amos,9,5,יהוה,nmpr,pers,E:YHWH,Other Tanakh
297929,1428893,487275,Amos,9,5,יאר,nmpr,topo,F:unclassified-name,Other Tanakh
297934,1428893,487276,Amos,9,5,יאר,nmpr,topo,F:unclassified-name,Other Tanakh
297935,1428893,487276,Amos,9,5,מצרים,nmpr,topo,F:unclassified-name,Other Tanakh
297959,1428894,487281,Amos,9,6,יהוה,nmpr,pers,E:YHWH,Other Tanakh
297969,1428895,487283,Amos,9,7,ישראל,nmpr,"pers,gens,topo",F:unclassified-name,Other Tanakh
297971,1428895,487284,Amos,9,7,יהוה,nmpr,pers,E:YHWH,Other Tanakh
297975,1428895,487285,Amos,9,7,ישראל,nmpr,"pers,gens,topo",F:unclassified-name,Other Tanakh
297979,1428895,487285,Amos,9,7,מצרים,nmpr,topo,F:unclassified-name,Other Tanakh
297983,1428895,487286,Amos,9,7,כפתור,nmpr,topo,F:unclassified-name,Other Tanakh
297985,1428895,487287,Amos,9,7,ארם,nmpr,topo,F:unclassified-name,Other Tanakh
297987,1428895,487287,Amos,9,7,קיר,nmpr,topo,F:unclassified-name,Other Tanakh
297990,1428896,487288,Amos,9,8,אדני,nmpr,pers,C:divine-title-candidate,Other Tanakh
297991,1428896,487288,Amos,9,8,יהוה,nmpr,pers,E:YHWH,Other Tanakh
298012,1428896,487290,Amos,9,8,יעקב,nmpr,pers,A:person-candidate,Other Tanakh
298014,1428896,487291,Amos,9,8,יהוה,nmpr,pers,E:YHWH,Other Tanakh
298027,1428897,487293,Amos,9,9,ישראל,nmpr,"pers,gens,topo",F:unclassified-name,Other Tanakh
298063,1428899,487300,Amos,9,11,דוד,nmpr,pers,A:person-candidate,Other Tanakh
298082,1428900,487305,Amos,9,12,אדום,nmpr,topo,F:unclassified-name,Other Tanakh
298092,1428900,487307,Amos,9,12,יהוה,nmpr,pers,E:YHWH,Other Tanakh
298099,1428901,487310,Amos,9,13,יהוה,nmpr,pers,E:YHWH,Other Tanakh
298128,1428902,487315,Amos,9,14,ישראל,nmpr,"pers,gens,topo",F:unclassified-name,Other Tanakh
298164,1428903,487325,Amos,9,15,יהוה,nmpr,pers,E:YHWH,Other Tanakh
298165,1428903,487325,Amos,9,15,אלהים,subs,,D:Elohim,Other Tanakh
298167,1428904,487326,Obadia,1,1,עבדיה,nmpr,pers,A:person-candidate,Other Tanakh
298170,1428904,487327,Obadia,1,1,אדני,nmpr,pers,C:divine-title-candidate,Other Tanakh
298171,1428904,487327,Obadia,1,1,יהוה,nmpr,pers,E:YHWH,Other Tanakh
298173,1428904,487327,Obadia,1,1,אדום,nmpr,topo,F:unclassified-name,Other Tanakh
298178,1428904,487328,Obadia,1,1,יהוה,nmpr,pers,E:YHWH,Other Tanakh
298231,1428907,487342,Obadia,1,4,יהוה,nmpr,pers,E:YHWH,Other Tanakh
298255,1428909,487349,Obadia,1,6,עשו,nmpr,pers,A:person-candidate,Other Tanakh
298285,1428911,487357,Obadia,1,8,יהוה,nmpr,pers,E:YHWH,Other Tanakh
298290,1428911,487358,Obadia,1,8,אדום,nmpr,topo,F:unclassified-name,Other Tanakh
298295,1428911,487359,Obadia,1,8,עשו,nmpr,pers,A:person-candidate,Other Tanakh
298299,1428912,487361,Obadia,1,9,תימן,nmpr,topo,F:unclassified-name,Other Tanakh
298305,1428912,487362,Obadia,1,9,עשו,nmpr,pers,A:person-candidate,Other Tanakh
298311,1428913,487363,Obadia,1,10,יעקב,nmpr,pers,A:person-candidate,Other Tanakh
298334,1428914,487369,Obadia,1,11,ירושלם,nmpr,topo,F:unclassified-name,Other Tanakh
298343,1428915,487370,Obadia,1,12,אל,nega,,C:divine-title-candidate,Other Tanakh
298352,1428915,487371,Obadia,1,12,אל,nega,,C:divine-title-candidate,Other Tanakh
298356,1428915,487371,Obadia,1,12,יהודה,nmpr,"pers,gens,topo",F:unclassified-name,Other Tanakh
298361,1428915,487373,Obadia,1,12,אל,nega,,C:divine-title-candidate,Other Tanakh
298367,1428916,487374,Obadia,1,13,אל,nega,,C:divine-title-candidate,Other Tanakh
298375,1428916,487375,Obadia,1,13,אל,nega,,C:divine-title-candidate,Other Tanakh
298385,1428916,487376,Obadia,1,13,אל,nega,,C:divine-title-candidate,Other Tanakh
298393,1428917,487377,Obadia,1,14,אל,nega,,C:divine-title-candidate,Other Tanakh
298403,1428917,487379,Obadia,1,14,אל,nega,,C:divine-title-candidate,Other Tanakh
298412,1428918,487380,Obadia,1,15,יהוה,nmpr,pers,E:YHWH,Other Tanakh
298450,1428920,487390,Obadia,1,17,ציון,nmpr,topo,F:unclassified-name,Other Tanakh
298459,1428920,487392,Obadia,1,17,יעקב,nmpr,pers,A:person-candidate,Other Tanakh
298465,1428921,487393,Obadia,1,18,יעקב,nmpr,pers,A:person-candidate,Other Tanakh
298469,1428921,487394,Obadia,1,18,יוסף,nmpr,pers,A:person-candidate,Other Tanakh
298473,1428921,487395,Obadia,1,18,עשו,nmpr,pers,A:person-candidate,Other Tanakh
298487,1428921,487398,Obadia,1,18,עשו,nmpr,pers,A:person-candidate,Other Tanakh
298489,1428921,487399,Obadia,1,18,יהוה,nmpr,pers,E:YHWH,Other Tanakh
298497,1428922,487400,Obadia,1,19,עשו,nmpr,pers,A:person-candidate,Other Tanakh
298507,1428922,487402,Obadia,1,19,אפרים,nmpr,"pers,gens,topo",F:unclassified-name,Other Tanakh
298511,1428922,487402,Obadia,1,19,שמרון,nmpr,topo,F:unclassified-name,Other Tanakh
298513,1428922,487403,Obadia,1,19,בנימן,nmpr,"pers,gens,topo",F:unclassified-name,Other Tanakh
298516,1428922,487403,Obadia,1,19,גלעד,nmpr,topo,F:unclassified-name,Other Tanakh
298525,1428923,487404,Obadia,1,20,ישראל,nmpr,"pers,gens,topo",F:unclassified-name,Other Tanakh
298529,1428923,487404,Obadia,1,20,צרפת,nmpr,topo,F:unclassified-name,Other Tanakh
298532,1428923,487406,Obadia,1,20,ירושלם,nmpr,topo,F:unclassified-name,Other Tanakh
298535,1428923,487407,Obadia,1,20,ספרד,nmpr,topo,F:unclassified-name,Other Tanakh
298546,1428924,487408,Obadia,1,21,ציון,nmpr,topo,F:unclassified-name,Other Tanakh
298551,1428924,487409,Obadia,1,21,עשו,nmpr,pers,A:person-candidate,Other Tanakh
298555,1428924,487410,Obadia,1,21,יהוה,nmpr,pers,E:YHWH,Other Tanakh
298561,1428925,487411,Jona,1,1,יהוה,nmpr,pers,E:YHWH,Other Tanakh
298562,1428925,487411,Jona,1,1,אל,prep,,C:divine-title-candidate,Other Tanakh
298563,1428925,487411,Jona,1,1,יונה,nmpr,pers,A:person-candidate,Other Tanakh
298565,1428925,487411,Jona,1,1,אמתי,nmpr,pers,A:person-candidate,Other Tanakh
298570,1428926,487414,Jona,1,2,אל,prep,,C:divine-title-candidate,Other Tanakh
298571,1428926,487414,Jona,1,2,נינוה,nmpr,topo,F:unclassified-name,Other Tanakh
298586,1428927,487417,Jona,1,3,יונה,nmpr,pers,A:person-candidate,Other Tanakh
298589,1428927,487418,Jona,1,3,תרשיש,nmpr,topo,F:unclassified-name,Other Tanakh
298593,1428927,487418,Jona,1,3,יהוה,nmpr,pers,E:YHWH,Other Tanakh
298596,1428927,487419,Jona,1,3,יפו,nmpr,topo,F:unclassified-name,Other Tanakh
298601,1428927,487421,Jona,1,3,תרשיש,nmpr,topo,F:unclassified-name,Other Tanakh
298611,1428927,487424,Jona,1,3,תרשיש,nmpr,topo,F:unclassified-name,Other Tanakh
298615,1428927,487424,Jona,1,3,יהוה,nmpr,pers,E:YHWH,Other Tanakh
298617,1428928,487425,Jona,1,4,יהוה,nmpr,pers,E:YHWH,Other Tanakh
298621,1428928,487425,Jona,1,4,אל,prep,,C:divine-title-candidate,Other Tanakh
298644,1428929,487431,Jona,1,5,אל,prep,,C:divine-title-candidate,Other Tanakh
298645,1428929,487431,Jona,1,5,אלהים,subs,,D:Elohim,Other Tanakh
298655,1428929,487432,Jona,1,5,אל,prep,,C:divine-title-candidate,Other Tanakh
298663,1428929,487435,Jona,1,5,יונה,nmpr,pers,A:person-candidate,Other Tanakh
298665,1428929,487435,Jona,1,5,אל,prep,,C:divine-title-candidate,Other Tanakh
298675,1428930,487438,Jona,1,6,אל,prep,,C:divine-title-candidate,Other Tanakh
298687,1428930,487443,Jona,1,6,אל,prep,,C:divine-title-candidate,Other Tanakh
298688,1428930,487443,Jona,1,6,אלהים,subs,,D:Elohim,Other Tanakh
298692,1428930,487444,Jona,1,6,אלהים,subs,,D:Elohim,Other Tanakh
298700,1428931,487447,Jona,1,7,אל,prep,,C:divine-title-candidate,Other Tanakh
298725,1428931,487453,Jona,1,7,יונה,nmpr,pers,A:person-candidate,Other Tanakh
298728,1428932,487454,Jona,1,8,אל,prep,,C:divine-title-candidate,Other Tanakh
298757,1428933,487461,Jona,1,9,אל,prep,,C:divine-title-candidate,Other Tanakh
298762,1428933,487463,Jona,1,9,יהוה,nmpr,pers,E:YHWH,Other Tanakh
298763,1428933,487463,Jona,1,9,אלהים,subs,,D:Elohim,Other Tanakh
298785,1428934,487466,Jona,1,10,אל,prep,,C:divine-title-candidate,Other Tanakh
298797,1428934,487469,Jona,1,10,יהוה,nmpr,pers,E:YHWH,Other Tanakh
298805,1428935,487471,Jona,1,11,אל,prep,,C:divine-title-candidate,Other Tanakh
298823,1428936,487476,Jona,1,12,אל,prep,,C:divine-title-candidate,Other Tanakh
298827,1428936,487478,Jona,1,12,אל,prep,,C:divine-title-candidate,Other Tanakh
298856,1428937,487483,Jona,1,13,אל,prep,,C:divine-title-candidate,Other Tanakh
298871,1428938,487487,Jona,1,14,אל,prep,,C:divine-title-candidate,Other Tanakh
298872,1428938,487487,Jona,1,14,יהוה,nmpr,pers,E:YHWH,Other Tanakh
298876,1428938,487489,Jona,1,14,יהוה,nmpr,pers,E:YHWH,Other Tanakh
298877,1428938,487490,Jona,1,14,אל,nega,,C:divine-title-candidate,Other Tanakh
298887,1428938,487491,Jona,1,14,אל,nega,,C:divine-title-candidate,Other Tanakh
298894,1428938,487493,Jona,1,14,יהוה,nmpr,pers,E:YHWH,Other Tanakh
298902,1428939,487495,Jona,1,15,יונה,nmpr,pers,A:person-candidate,Other Tanakh
298905,1428939,487496,Jona,1,15,אל,prep,,C:divine-title-candidate,Other Tanakh
298921,1428940,487498,Jona,1,16,יהוה,nmpr,pers,E:YHWH,Other Tanakh
298926,1428940,487499,Jona,1,16,יהוה,nmpr,pers,E:YHWH,Other Tanakh
298932,1428941,487501,Jona,2,1,יהוה,nmpr,pers,E:YHWH,Other Tanakh
298938,1428941,487502,Jona,2,1,יונה,nmpr,pers,A:person-candidate,Other Tanakh
298941,1428941,487503,Jona,2,1,יונה,nmpr,pers,A:person-candidate,Other Tanakh
298953,1428942,487504,Jona,2,2,יונה,nmpr,pers,A:person-candidate,Other Tanakh
298954,1428942,487504,Jona,2,2,אל,prep,,C:divine-title-candidate,Other Tanakh
298955,1428942,487504,Jona,2,2,יהוה,nmpr,pers,E:YHWH,Other Tanakh
298956,1428942,487504,Jona,2,2,אלהים,subs,,D:Elohim,Other Tanakh
298967,1428943,487506,Jona,2,3,אל,prep,,C:divine-title-candidate,Other Tanakh
298968,1428943,487506,Jona,2,3,יהוה,nmpr,pers,E:YHWH,Other Tanakh
298973,1428943,487508,Jona,2,3,שאול,subs,,A:person-candidate,Other Tanakh
299003,1428945,487516,Jona,2,5,אל,prep,,C:divine-title-candidate,Other Tanakh
299031,1428947,487524,Jona,2,7,יהוה,nmpr,pers,E:YHWH,Other Tanakh
299032,1428947,487524,Jona,2,7,אלהים,subs,,D:Elohim,Other Tanakh
299038,1428948,487526,Jona,2,8,יהוה,nmpr,pers,E:YHWH,Other Tanakh
299042,1428948,487527,Jona,2,8,אל,prep,,C:divine-title-candidate,Other Tanakh
299044,1428948,487527,Jona,2,8,אל,prep,,C:divine-title-candidate,Other Tanakh
299064,1428950,487534,Jona,2,10,יהוה,nmpr,pers,E:YHWH,Other Tanakh
299067,1428951,487535,Jona,2,11,יהוה,nmpr,pers,E:YHWH,Other Tanakh
299074,1428951,487536,Jona,2,11,יונה,nmpr,pers,A:person-candidate,Other Tanakh
299075,1428951,487536,Jona,2,11,אל,prep,,C:divine-title-candidate,Other Tanakh
299081,1428952,487537,Jona,3,1,יהוה,nmpr,pers,E:YHWH,Other Tanakh
299082,1428952,487537,Jona,3,1,אל,prep,,C:divine-title-candidate,Other Tanakh
299083,1428952,487537,Jona,3,1,יונה,nmpr,pers,A:person-candidate,Other Tanakh
299089,1428953,487540,Jona,3,2,אל,prep,,C:divine-title-candidate,Other Tanakh
299090,1428953,487540,Jona,3,2,נינוה,nmpr,topo,F:unclassified-name,Other Tanakh
299097,1428953,487541,Jona,3,2,אל,prep,,C:divine-title-candidate,Other Tanakh
299104,1428953,487542,Jona,3,2,אל,prep,,C:divine-title-candidate,Other Tanakh
299107,1428954,487543,Jona,3,3,יונה,nmpr,pers,A:person-candidate,Other Tanakh
299110,1428954,487544,Jona,3,3,אל,prep,,C:divine-title-candidate,Other Tanakh
299111,1428954,487544,Jona,3,3,נינוה,nmpr,topo,F:unclassified-name,Other Tanakh
299114,1428954,487544,Jona,3,3,יהוה,nmpr,pers,E:YHWH,Other Tanakh
299116,1428954,487545,Jona,3,3,נינוה,nmpr,topo,F:unclassified-name,Other Tanakh
299121,1428954,487545,Jona,3,3,אלהים,subs,,D:Elohim,Other Tanakh
299127,1428955,487547,Jona,3,4,יונה,nmpr,pers,A:person-candidate,Other Tanakh
299144,1428955,487552,Jona,3,4,נינוה,nmpr,topo,F:unclassified-name,Other Tanakh
299149,1428956,487553,Jona,3,5,נינוה,nmpr,topo,F:unclassified-name,Other Tanakh
299151,1428956,487553,Jona,3,5,אלהים,subs,,D:Elohim,Other Tanakh
299167,1428957,487556,Jona,3,6,אל,prep,,C:divine-title-candidate,Other Tanakh
299168,1428957,487556,Jona,3,6,מלך,subs,,B:deity-candidate,Other Tanakh
299169,1428957,487556,Jona,3,6,נינוה,nmpr,topo,F:unclassified-name,Other Tanakh
299192,1428958,487563,Jona,3,7,נינוה,nmpr,topo,F:unclassified-name,Other Tanakh
299196,1428958,487563,Jona,3,7,מלך,subs,,B:deity-candidate,Other Tanakh
299211,1428958,487565,Jona,3,7,אל,nega,,C:divine-title-candidate,Other Tanakh
299214,1428958,487566,Jona,3,7,אל,nega,,C:divine-title-candidate,Other Tanakh
299218,1428958,487567,Jona,3,7,אל,nega,,C:divine-title-candidate,Other Tanakh
299230,1428959,487569,Jona,3,8,אל,prep,,C:divine-title-candidate,Other Tanakh
299231,1428959,487569,Jona,3,8,אלהים,subs,,D:Elohim,Other Tanakh
299254,1428960,487575,Jona,3,9,אלהים,subs,,D:Elohim,Other Tanakh
299266,1428961,487578,Jona,3,10,אלהים,subs,,D:Elohim,Other Tanakh
299278,1428961,487580,Jona,3,10,אלהים,subs,,D:Elohim,Other Tanakh
299292,1428962,487584,Jona,4,1,אל,prep,,C:divine-title-candidate,Other Tanakh
299293,1428962,487584,Jona,4,1,יונה,nmpr,pers,A:person-candidate,Other Tanakh
299301,1428963,487586,Jona,4,2,אל,prep,,C:divine-title-candidate,Other Tanakh
299302,1428963,487586,Jona,4,2,יהוה,nmpr,pers,E:YHWH,Other Tanakh
299306,1428963,487588,Jona,4,2,יהוה,nmpr,pers,E:YHWH,Other Tanakh
299320,1428963,487592,Jona,4,2,תרשיש,nmpr,topo,F:unclassified-name,Other Tanakh
299325,1428963,487594,Jona,4,2,אל,subs,,C:divine-title-candidate,Other Tanakh
299341,1428964,487599,Jona,4,3,יהוה,nmpr,pers,E:YHWH,Other Tanakh
299354,1428965,487602,Jona,4,4,יהוה,nmpr,pers,E:YHWH,Other Tanakh
299361,1428966,487605,Jona,4,5,יונה,nmpr,pers,A:person-candidate,Other Tanakh
299393,1428967,487611,Jona,4,6,יהוה,nmpr,pers,E:YHWH,Other Tanakh
299394,1428967,487611,Jona,4,6,אלהים,subs,,D:Elohim,Other Tanakh
299401,1428967,487612,Jona,4,6,יונה,nmpr,pers,A:person-candidate,Other Tanakh
299414,1428967,487615,Jona,4,6,יונה,nmpr,pers,A:person-candidate,Other Tanakh
299423,1428968,487616,Jona,4,7,אלהים,subs,,D:Elohim,Other Tanakh
299447,1428969,487622,Jona,4,8,אלהים,subs,,D:Elohim,Other Tanakh
299457,1428969,487623,Jona,4,8,יונה,nmpr,pers,A:person-candidate,Other Tanakh
299474,1428970,487629,Jona,4,9,אלהים,subs,,D:Elohim,Other Tanakh
299475,1428970,487629,Jona,4,9,אל,prep,,C:divine-title-candidate,Other Tanakh
299476,1428970,487629,Jona,4,9,יונה,nmpr,pers,A:person-candidate,Other Tanakh
299493,1428971,487635,Jona,4,10,יהוה,nmpr,pers,E:YHWH,Other Tanakh
299519,1428972,487642,Jona,4,11,נינוה,nmpr,topo,F:unclassified-name,Other Tanakh
299544,1428973,487646,Micha,1,1,יהוה,nmpr,pers,E:YHWH,Other Tanakh
299547,1428973,487647,Micha,1,1,אל,prep,,C:divine-title-candidate,Other Tanakh
299548,1428973,487647,Micha,1,1,מיכה,nmpr,pers,A:person-candidate,Other Tanakh
299553,1428973,487647,Micha,1,1,יותם,nmpr,pers,A:person-candidate,Other Tanakh
299554,1428973,487647,Micha,1,1,אחז,nmpr,pers,A:person-candidate,Other Tanakh
299555,1428973,487647,Micha,1,1,יחזקיה,nmpr,pers,A:person-candidate,Other Tanakh
299556,1428973,487647,Micha,1,1,מלך,subs,,B:deity-candidate,Other Tanakh
299557,1428973,487647,Micha,1,1,יהודה,nmpr,"pers,gens,topo",F:unclassified-name,Other Tanakh
299561,1428973,487648,Micha,1,1,שמרון,nmpr,topo,F:unclassified-name,Other Tanakh
299563,1428973,487648,Micha,1,1,ירושלם,nmpr,topo,F:unclassified-name,Other Tanakh
299573,1428974,487653,Micha,1,2,אדני,nmpr,pers,C:divine-title-candidate,Other Tanakh
299574,1428974,487653,Micha,1,2,יהוה,nmpr,pers,E:YHWH,Other Tanakh
299578,1428974,487654,Micha,1,2,אדני,nmpr,pers,C:divine-title-candidate,Other Tanakh
299584,1428975,487655,Micha,1,3,יהוה,nmpr,pers,E:YHWH,Other Tanakh
299618,1428977,487662,Micha,1,5,יעקב,nmpr,pers,A:person-candidate,Other Tanakh
299625,1428977,487663,Micha,1,5,ישראל,nmpr,"pers,gens,topo",F:unclassified-name,Other Tanakh
299628,1428977,487664,Micha,1,5,יעקב,nmpr,pers,A:person-candidate,Other Tanakh
299631,1428977,487665,Micha,1,5,שמרון,nmpr,topo,F:unclassified-name,Other Tanakh
299635,1428977,487666,Micha,1,5,יהודה,nmpr,"pers,gens,topo",F:unclassified-name,Other Tanakh
299638,1428977,487667,Micha,1,5,ירושלם,nmpr,topo,F:unclassified-name,Other Tanakh
299641,1428978,487668,Micha,1,6,שמרון,nmpr,topo,F:unclassified-name,Other Tanakh
299709,1428981,487682,Micha,1,9,יהודה,nmpr,"pers,gens,topo",F:unclassified-name,Other Tanakh
299715,1428981,487683,Micha,1,9,ירושלם,nmpr,topo,F:unclassified-name,Other Tanakh
299717,1428982,487684,Micha,1,10,גת,nmpr,topo,F:unclassified-name,Other Tanakh
299718,1428982,487684,Micha,1,10,אל,nega,,C:divine-title-candidate,Other Tanakh
299721,1428982,487685,Micha,1,10,אל,nega,,C:divine-title-candidate,Other Tanakh
299726,1428982,487686,Micha,1,10,עפרה,nmpr,topo,F:unclassified-name,Other Tanakh
299732,1428983,487688,Micha,1,11,שפיר,nmpr,topo,F:unclassified-name,Other Tanakh
299738,1428983,487689,Micha,1,11,צאנן,nmpr,topo,F:unclassified-name,Other Tanakh
299740,1428983,487690,Micha,1,11,בית האצל,nmpr,topo,F:unclassified-name,Other Tanakh
299749,1428984,487692,Micha,1,12,מרות,nmpr,topo,F:unclassified-name,Other Tanakh
299755,1428984,487693,Micha,1,12,יהוה,nmpr,pers,E:YHWH,Other Tanakh
299758,1428984,487693,Micha,1,12,ירושלם,nmpr,topo,F:unclassified-name,Other Tanakh
299766,1428985,487695,Micha,1,13,לכיש,nmpr,topo,F:unclassified-name,Other Tanakh
299772,1428985,487696,Micha,1,13,ציון,nmpr,topo,F:unclassified-name,Other Tanakh
299777,1428985,487697,Micha,1,13,ישראל,nmpr,"pers,gens,topo",F:unclassified-name,Other Tanakh
299782,1428986,487698,Micha,1,14,מורשת גת,nmpr,topo,F:unclassified-name,Other Tanakh
299784,1428986,487699,Micha,1,14,אכזיב,nmpr,topo,F:unclassified-name,Other Tanakh
299788,1428986,487699,Micha,1,14,מלך,subs,,B:deity-candidate,Other Tanakh
299789,1428986,487699,Micha,1,14,ישראל,nmpr,"pers,gens,topo",F:unclassified-name,Other Tanakh
299796,1428987,487701,Micha,1,15,מרשה,nmpr,topo,F:unclassified-name,Other Tanakh
299798,1428987,487702,Micha,1,15,עדלם,nmpr,topo,F:unclassified-name,Other Tanakh
299801,1428987,487702,Micha,1,15,ישראל,nmpr,"pers,gens,topo",F:unclassified-name,Other Tanakh
299832,1428989,487711,Micha,2,1,אל,subs,,C:divine-title-candidate,Other Tanakh
299855,1428991,487718,Micha,2,3,יהוה,nmpr,pers,E:YHWH,Other Tanakh
299913,1428993,487732,Micha,2,5,יהוה,nmpr,pers,E:YHWH,Other Tanakh
299914,1428994,487734,Micha,2,6,אל,nega,,C:divine-title-candidate,Other Tanakh
299927,1428995,487739,Micha,2,7,יעקב,nmpr,pers,A:person-candidate,Other Tanakh
299931,1428995,487740,Micha,2,7,יהוה,nmpr,pers,E:YHWH,Other Tanakh
300012,1429000,487760,Micha,2,12,יעקב,nmpr,pers,A:person-candidate,Other Tanakh
